{"type":"FeatureCollection","meta":{"model":"Cao2024","reconstruction_time_ma":545.0,"anchor_plate_id":0,"pygplates_version":"1.0.0","tessellate_degrees":0.5,"polarity_convention":"gpml:subductionPolarity. 'Left'/'Right' names the side of the line, in vertex order, on which the OVERRIDING plate lies. Triangles are drawn on that side.","antimeridian":"Lines are NOT split at +/-180 deg. The renderer works in 3D unit vectors where the dateline is not special; splitting would only add spurious breaks. Do not treat this as RFC 7946 GIS-ready 2D data."},"features":[{"type":"Feature","properties":{"boundary_type":"subduction","feature_type":"gpml:SubductionZone","polarity":"Right","overriding_plate_id":302,"subducting_plate_id":98043,"plate_ids":[302,98043],"name":"Ocean-Ocean convergence baltica"},"geometry":{"type":"LineString","coordinates":[[-52.16,-4.901],[-51.81,-5.252],[-51.46,-5.602],[-51.109,-5.952],[-50.758,-6.301],[-50.406,-6.651],[-50.054,-7.0],[-49.702,-7.349],[-49.399,-7.747],[-49.096,-8.144],[-48.792,-8.541],[-48.487,-8.938],[-48.182,-9.335],[-47.876,-9.732],[-47.569,-10.128],[-47.262,-10.524],[-46.954,-10.919],[-46.644,-11.315],[-46.335,-11.71],[-46.024,-12.104],[-45.712,-12.499],[-45.399,-12.893],[-45.086,-13.286],[-44.771,-13.679],[-44.455,-14.072],[-44.139,-14.464],[-43.821,-14.856],[-43.502,-15.248],[-43.181,-15.639],[-42.86,-16.03],[-42.537,-16.42],[-42.213,-16.809],[-41.888,-17.198],[-41.561,-17.587],[-41.233,-17.975],[-40.903,-18.362],[-40.572,-18.749],[-40.24,-19.136],[-39.905,-19.521],[-39.57,-19.907],[-39.232,-20.291],[-38.893,-20.675],[-38.552,-21.058],[-38.21,-21.441],[-37.866,-21.822],[-37.519,-22.203],[-37.171,-22.584],[-36.821,-22.963],[-36.469,-23.342],[-36.115,-23.72],[-35.759,-24.097],[-35.401,-24.474],[-35.041,-24.849],[-34.678,-25.224],[-34.39,-25.62],[-34.099,-26.015],[-33.807,-26.41],[-33.512,-26.804],[-33.215,-27.198],[-32.917,-27.591],[-32.616,-27.983],[-32.313,-28.375],[-32.007,-28.766],[-31.7,-29.156],[-31.39,-29.546],[-31.078,-29.935],[-30.763,-30.323],[-30.445,-30.71],[-30.126,-31.097],[-29.803,-31.482]]}},{"type":"Feature","properties":{"boundary_type":"subduction","feature_type":"gpml:SubductionZone","polarity":"Right","overriding_plate_id":302,"subducting_plate_id":9804411,"plate_ids":[302,9804411],"name":"Ocean-Ocean convergence baltica"},"geometry":{"type":"LineString","coordinates":[[-29.803,-31.482],[-29.461,-31.887],[-29.116,-32.291],[-28.768,-32.694],[-28.417,-33.096],[-28.062,-33.497],[-27.704,-33.897],[-27.343,-34.296],[-26.978,-34.694],[-26.61,-35.091],[-26.238,-35.487],[-25.863,-35.882],[-25.484,-36.275],[-25.101,-36.667],[-24.714,-37.058],[-24.323,-37.448],[-23.928,-37.836],[-23.529,-38.223],[-23.125,-38.609],[-22.717,-38.993],[-22.305,-39.376],[-21.888,-39.757],[-21.467,-40.137],[-21.041,-40.515],[-20.641,-40.899],[-20.237,-41.281],[-19.827,-41.662],[-19.413,-42.041],[-18.994,-42.419],[-18.57,-42.795],[-18.141,-43.169],[-17.706,-43.542],[-17.266,-43.914],[-16.821,-44.283],[-16.37,-44.651],[-15.913,-45.017],[-15.45,-45.381],[-14.981,-45.744],[-14.507,-46.104],[-14.025,-46.463],[-13.538,-46.819],[-13.144,-47.179],[-12.744,-47.538],[-12.338,-47.896],[-11.927,-48.252],[-11.51,-48.606]]}},{"type":"Feature","properties":{"boundary_type":"subduction","feature_type":"gpml:SubductionZone","polarity":"Right","overriding_plate_id":8013,"subducting_plate_id":10191,"plate_ids":[8013,10191],"name":"Ross Orogen"},"geometry":{"type":"LineString","coordinates":[[120.467,21.91],[120.913,21.675],[121.357,21.439],[121.8,21.202],[122.242,20.963],[122.681,20.724],[123.12,20.483],[123.557,20.241],[123.993,19.999],[124.428,19.755],[124.861,19.51],[125.293,19.264],[125.723,19.017],[126.029,18.64],[126.333,18.262],[126.636,17.884],[126.938,17.505],[127.239,17.126],[127.538,16.747],[127.836,16.367],[128.133,15.987],[128.429,15.606],[128.724,15.225],[129.017,14.843],[129.31,14.461],[129.601,14.079],[129.892,13.697],[130.182,13.314],[130.471,12.93],[130.758,12.547],[131.004,12.139],[131.248,11.73],[131.492,11.322],[131.735,10.913],[131.977,10.504],[132.219,10.094],[132.46,9.685],[132.701,9.275],[132.94,8.866],[133.18,8.456],[133.419,8.046],[133.657,7.636],[133.895,7.225],[134.133,6.815],[134.528,6.522],[134.922,6.229],[135.316,5.935],[135.709,5.641],[136.103,5.347],[136.377,5.002],[136.651,4.658],[136.925,4.313],[137.199,3.967],[137.473,3.622],[137.746,3.277],[138.019,2.932],[138.292,2.586],[138.548,2.245],[138.804,1.904],[139.059,1.562],[139.314,1.221],[139.57,0.879],[139.825,0.538],[140.177,0.276],[140.529,0.015],[140.882,-0.246],[141.234,-0.508],[141.586,-0.769],[141.938,-1.031],[142.291,-1.292],[142.73,-1.439],[143.168,-1.585],[143.607,-1.732],[144.046,-1.879],[144.485,-2.025],[144.921,-2.208],[145.357,-2.39],[145.793,-2.573],[146.229,-2.755],[146.665,-2.937],[146.863,-3.346],[147.061,-3.754],[147.259,-4.163],[147.458,-4.571],[147.578,-5.041],[147.699,-5.51],[147.82,-5.979],[147.941,-6.449],[148.063,-6.918],[148.184,-7.387],[148.306,-7.857],[148.428,-8.326],[148.551,-8.795],[148.674,-9.264],[148.797,-9.733],[148.92,-10.202],[149.044,-10.671],[149.168,-11.14],[149.341,-11.573],[149.515,-12.006],[149.69,-12.438],[149.865,-12.87],[150.04,-13.302],[150.217,-13.734],[150.394,-14.166],[150.571,-14.598],[150.75,-15.03],[151.052,-15.397],[151.355,-15.764]]}},{"type":"Feature","properties":{"boundary_type":"subduction","feature_type":"gpml:SubductionZone","polarity":"Right","overriding_plate_id":22041,"subducting_plate_id":22031,"plate_ids":[22031,22041],"name":"Pampean Belt (RDLP-Pampean SZ)"},"geometry":{"type":"LineString","coordinates":[[161.15,-32.473],[161.695,-32.45],[162.24,-32.425],[162.785,-32.398],[163.33,-32.368],[163.89,-32.256],[164.449,-32.141],[165.006,-32.023],[165.562,-31.904],[166.042,-31.838],[166.52,-31.771],[166.998,-31.702],[167.475,-31.631],[167.897,-31.82],[168.321,-32.007],[168.747,-32.192],[169.192,-32.376],[169.639,-32.558],[170.088,-32.739],[170.539,-32.918],[170.887,-33.32],[171.238,-33.721],[171.592,-34.121],[171.95,-34.52],[172.017,-34.928],[172.085,-35.336],[172.153,-35.744],[172.222,-36.152],[172.308,-36.505],[172.394,-36.858],[172.48,-37.212],[172.55,-37.632],[172.62,-38.052],[172.692,-38.473],[172.782,-38.849],[172.873,-39.225],[172.965,-39.601],[173.032,-39.799]]}},{"type":"Feature","properties":{"boundary_type":"subduction","feature_type":"gpml:SubductionZone","polarity":"Right","overriding_plate_id":701,"subducting_plate_id":701,"plate_ids":[701,701],"name":"Cadomian Terranes"},"geometry":{"type":"LineString","coordinates":[[16.227,-60.636],[17.001,-60.504],[17.768,-60.367],[18.528,-60.225],[19.282,-60.079],[19.634,-59.644],[19.976,-59.208],[20.31,-58.772],[20.636,-58.334],[20.954,-57.896],[21.497,-57.592],[22.032,-57.286],[22.557,-56.977],[23.074,-56.667],[23.583,-56.354],[24.443,-56.353],[25.302,-56.345],[26.161,-56.332],[27.02,-56.313],[27.877,-56.288],[28.607,-56.057],[29.328,-55.821],[30.041,-55.581],[30.556,-55.293],[31.063,-55.003],[31.563,-54.711],[32.121,-54.415],[32.671,-54.117],[33.213,-53.817],[33.747,-53.514],[34.274,-53.209],[34.793,-52.901],[35.305,-52.591],[35.697,-52.232],[36.084,-51.872],[36.464,-51.51],[36.838,-51.148],[37.327,-50.862],[37.81,-50.574]]}},{"type":"Feature","properties":{"boundary_type":"subduction","feature_type":"gpml:SubductionZone","polarity":"Left","overriding_plate_id":701,"subducting_plate_id":201,"plate_ids":[201,701],"name":"Araguaia Belt"},"geometry":{"type":"LineString","coordinates":[[177.044,-79.985],[176.342,-79.833],[175.565,-79.398],[174.848,-78.961],[174.185,-78.522],[173.571,-78.082],[173.0,-77.64],[172.467,-77.198],[171.97,-76.754],[171.143,-76.421],[170.356,-76.085],[169.605,-75.747],[169.657,-75.302],[169.707,-74.858],[169.753,-74.414],[169.797,-73.969],[170.424,-73.527],[171.019,-73.082],[171.584,-72.636],[172.122,-72.189],[172.635,-71.739],[172.747,-71.288],[172.855,-70.837],[172.957,-70.386],[173.055,-69.934],[173.15,-69.483],[173.24,-69.031],[172.88,-68.562],[172.534,-68.092],[172.203,-67.622],[171.884,-67.15],[171.578,-66.679],[171.517,-66.288],[171.458,-65.898],[171.515,-65.641],[171.571,-65.384],[171.563,-64.905],[171.728,-64.538],[171.889,-64.171],[172.069,-63.796],[172.471,-63.599],[172.867,-63.401]]}},{"type":"Feature","properties":{"boundary_type":"subduction","feature_type":"gpml:SubductionZone","polarity":"Left","overriding_plate_id":701,"subducting_plate_id":201,"plate_ids":[201,701],"name":"SZ Parana Paraguay Belt"},"geometry":{"type":"LineString","coordinates":[[172.867,-63.401],[172.834,-63.237],[172.137,-62.853],[171.459,-62.465],[171.305,-62.084],[171.154,-61.704],[171.244,-61.255],[171.33,-60.806],[171.528,-60.419],[171.72,-60.032],[171.571,-59.75],[171.425,-59.468],[171.114,-59.141],[170.809,-58.814],[170.889,-58.368],[170.968,-57.921],[171.17,-57.492],[171.367,-57.062],[171.528,-56.699],[171.687,-56.337],[171.686,-56.031],[171.685,-55.725]]}},{"type":"Feature","properties":{"boundary_type":"subduction","feature_type":"gpml:SubductionZone","polarity":"Left","overriding_plate_id":701,"subducting_plate_id":22041,"plate_ids":[701,22041],"name":"SZ Parana Paraguay Belt"},"geometry":{"type":"LineString","coordinates":[[171.685,-55.725],[171.684,-55.334],[171.172,-55.051],[170.667,-54.765],[170.438,-54.528],[170.211,-54.291]]}},{"type":"Feature","properties":{"boundary_type":"subduction","feature_type":"gpml:SubductionZone","polarity":"Left","overriding_plate_id":701,"subducting_plate_id":701,"plate_ids":[701,701],"name":"ANS"},"geometry":{"type":"LineString","coordinates":[[44.401,-34.09],[44.637,-34.319],[44.827,-34.776],[45.02,-35.233],[45.215,-35.689],[45.411,-36.145],[45.611,-36.601],[45.812,-37.057],[46.016,-37.512],[45.96,-37.925],[45.902,-38.339],[45.844,-38.752],[45.786,-39.165],[45.804,-39.618],[45.822,-40.071],[45.84,-40.524],[45.859,-40.977],[45.543,-41.351],[45.224,-41.724],[44.901,-42.096],[44.574,-42.467],[44.244,-42.837],[43.909,-43.206],[43.57,-43.574],[43.228,-43.941],[42.828,-44.269],[42.424,-44.595],[42.016,-44.92],[41.603,-45.243],[41.185,-45.565],[40.763,-45.885],[40.335,-46.204],[40.102,-46.643],[39.864,-47.082],[39.623,-47.521],[39.377,-47.959],[39.127,-48.396],[38.873,-48.833],[38.614,-49.269],[38.351,-49.705],[38.083,-50.14],[37.81,-50.574]]}},{"type":"Feature","properties":{"boundary_type":"subduction","feature_type":"gpml:SubductionZone","polarity":"Right","overriding_plate_id":401,"subducting_plate_id":98043,"plate_ids":[401,98043],"name":"Central Taimyr Belt"},"geometry":{"type":"LineString","coordinates":[[-76.978,1.476],[-77.16,1.033],[-77.342,0.591],[-77.524,0.149],[-77.706,-0.293]]}},{"type":"Feature","properties":{"boundary_type":"subduction","feature_type":"gpml:SubductionZone","polarity":"Right","overriding_plate_id":401,"subducting_plate_id":401,"plate_ids":[401,401],"name":"Central Taimyr Belt"},"geometry":{"type":"LineString","coordinates":[[-77.706,-0.293],[-77.879,-0.716],[-78.053,-1.139],[-78.227,-1.561],[-78.401,-1.984],[-78.575,-2.407],[-78.984,-2.646],[-79.392,-2.885],[-79.801,-3.124],[-80.21,-3.362],[-80.619,-3.601],[-81.028,-3.839],[-81.438,-4.077],[-81.848,-4.315],[-82.258,-4.552],[-82.728,-4.715],[-83.198,-4.877],[-83.669,-5.038],[-84.14,-5.199],[-84.611,-5.36],[-85.082,-5.521],[-85.554,-5.681],[-86.025,-5.841],[-86.497,-6.0],[-86.97,-6.159],[-87.442,-6.318],[-87.915,-6.476],[-88.389,-6.634],[-88.862,-6.791],[-89.336,-6.948],[-89.81,-7.104],[-90.285,-7.26],[-90.759,-7.415],[-91.234,-7.57],[-91.71,-7.725],[-92.186,-7.878],[-92.662,-8.032],[-93.138,-8.184],[-93.615,-8.337],[-94.093,-8.488],[-94.57,-8.639],[-95.048,-8.79],[-95.323,-8.96],[-95.599,-9.13]]}},{"type":"Feature","properties":{"boundary_type":"subduction","feature_type":"gpml:SubductionZone","polarity":"Left","overriding_plate_id":701,"subducting_plate_id":22031,"plate_ids":[701,22031],"name":"Saldania Belt"},"geometry":{"type":"LineString","coordinates":[[156.484,-42.622],[155.875,-42.409],[155.27,-42.192],[154.67,-41.972],[154.073,-41.749],[153.481,-41.523],[153.029,-41.236],[152.581,-40.947],[152.136,-40.657],[151.696,-40.365],[151.259,-40.071],[150.826,-39.776],[150.397,-39.479],[149.958,-39.188],[149.522,-38.895],[149.09,-38.601],[148.662,-38.305],[148.237,-38.007],[147.816,-37.708],[147.398,-37.408],[146.831,-37.22],[146.268,-37.029],[145.707,-36.836],[145.149,-36.64],[144.594,-36.441],[144.18,-36.515],[143.766,-36.587]]}},{"type":"Feature","properties":{"boundary_type":"subduction","feature_type":"gpml:SubductionZone","polarity":"Left","overriding_plate_id":401,"subducting_plate_id":98043,"plate_ids":[401,98043],"name":"Kuznetsk-Alatau & North Sayan & Chingiz (?) subduction zone"},"geometry":{"type":"LineString","coordinates":[[-76.978,1.476],[-77.344,1.776],[-77.709,2.076],[-78.075,2.376],[-78.441,2.676],[-78.808,2.976],[-79.168,3.222],[-79.528,3.467],[-79.889,3.712],[-80.25,3.958],[-80.611,4.203],[-81.063,4.395],[-81.515,4.587],[-81.967,4.78],[-82.42,4.971],[-82.872,5.163],[-82.994,5.253]]}},{"type":"Feature","properties":{"boundary_type":"subduction","feature_type":"gpml:SubductionZone","polarity":"Right","overriding_plate_id":580,"subducting_plate_id":701,"plate_ids":[580,701],"name":"Central Tianshan SZ"},"geometry":{"type":"LineString","coordinates":[[55.702,-20.772],[55.604,-20.282],[55.506,-19.791],[55.409,-19.301],[55.313,-18.811],[55.217,-18.32],[55.122,-17.83],[55.027,-17.339],[54.932,-16.849],[54.839,-16.358],[54.879,-15.938],[54.92,-15.518],[54.96,-15.098],[55.0,-14.678],[55.04,-14.258],[55.08,-13.838],[54.879,-13.429],[54.679,-13.019]]}},{"type":"Feature","properties":{"boundary_type":"subduction","feature_type":"gpml:SubductionZone","polarity":"Right","overriding_plate_id":580,"subducting_plate_id":460,"plate_ids":[460,580],"name":"Central Tianshan SZ"},"geometry":{"type":"LineString","coordinates":[[54.679,-13.019],[54.531,-12.716],[54.383,-12.413],[54.236,-12.109],[53.927,-11.72],[53.619,-11.33],[53.311,-10.94],[53.004,-10.55],[52.698,-10.159],[52.393,-9.768],[52.089,-9.377],[51.785,-8.986],[51.482,-8.594],[51.179,-8.202],[50.877,-7.81],[50.576,-7.417],[50.25,-7.097],[49.924,-6.776],[49.599,-6.454],[49.275,-6.133],[48.951,-5.811],[48.627,-5.489],[48.303,-5.167],[47.98,-4.845],[47.543,-4.647],[47.107,-4.448],[46.671,-4.248],[46.235,-4.049],[46.001,-3.951],[45.768,-3.853]]}},{"type":"Feature","properties":{"boundary_type":"subduction","feature_type":"gpml:SubductionZone","polarity":"Right","overriding_plate_id":701,"subducting_plate_id":801,"plate_ids":[701,801],"name":"India-Antarctica suture"},"geometry":{"type":"LineString","coordinates":[[115.04,-19.715],[115.2,-19.934],[115.36,-20.154],[115.64,-20.543],[115.922,-20.932],[116.205,-21.321],[116.49,-21.709],[116.666,-22.115],[116.844,-22.52],[117.023,-22.925],[117.203,-23.33],[117.384,-23.735],[117.566,-24.14],[117.821,-24.486],[118.077,-24.832],[118.334,-25.177],[118.594,-25.522],[118.854,-25.867],[119.071,-26.263],[119.29,-26.659],[119.51,-27.054],[119.731,-27.45],[119.954,-27.844],[120.086,-28.242],[120.218,-28.64],[120.351,-29.037],[120.485,-29.434],[120.62,-29.832],[120.926,-30.093],[121.233,-30.354],[121.541,-30.614],[122.041,-30.844],[122.543,-31.072],[123.048,-31.298],[123.488,-31.281],[123.928,-31.262],[124.367,-31.242],[124.807,-31.22],[125.324,-31.253],[125.842,-31.285],[126.36,-31.315],[126.879,-31.342],[127.397,-31.367],[127.932,-31.546],[128.468,-31.722],[129.007,-31.896],[129.547,-32.068],[129.938,-32.297],[130.331,-32.525],[130.726,-32.751],[131.166,-32.599],[131.604,-32.445],[132.04,-32.29],[132.475,-32.133],[132.909,-31.974],[133.384,-31.792],[133.857,-31.608],[134.328,-31.422],[134.777,-31.453],[135.227,-31.481],[135.677,-31.508],[136.127,-31.534],[136.629,-31.497],[137.13,-31.457],[137.631,-31.416],[138.132,-31.373],[138.632,-31.327]]}},{"type":"Feature","properties":{"boundary_type":"subduction","feature_type":"gpml:SubductionZone","polarity":"Left","overriding_plate_id":602,"subducting_plate_id":801,"plate_ids":[602,801],"name":"South China intraoceanic arc"},"geometry":{"type":"LineString","coordinates":[[92.647,-19.078],[92.639,-18.612],[92.631,-18.146],[92.623,-17.679],[92.616,-17.213],[92.608,-16.747],[92.6,-16.281],[92.592,-15.815],[92.584,-15.349],[92.577,-14.883],[92.569,-14.417],[92.474,-13.993],[92.379,-13.569],[92.285,-13.146],[92.191,-12.722],[92.097,-12.298],[92.004,-11.874],[91.829,-11.425],[91.655,-10.975],[91.481,-10.525],[91.308,-10.076],[91.136,-9.626],[90.963,-9.176],[90.792,-8.726],[90.62,-8.276],[90.449,-7.826],[90.337,-7.356],[90.225,-6.887],[90.113,-6.417],[90.001,-5.947],[89.89,-5.477],[89.778,-5.008],[89.667,-4.538],[89.577,-4.046],[89.486,-3.555],[89.396,-3.063],[89.306,-2.571],[89.215,-2.08],[88.989,-1.666],[88.762,-1.251],[88.536,-0.837],[88.309,-0.422],[88.083,-0.008],[87.857,0.406],[87.63,0.821],[87.404,1.235],[87.177,1.649],[86.951,2.064],[86.724,2.478],[86.497,2.892]]}},{"type":"Feature","properties":{"boundary_type":"subduction","feature_type":"gpml:SubductionZone","polarity":"Left","overriding_plate_id":460,"subducting_plate_id":9804411,"plate_ids":[460,9804411],"name":"Urumbai, Selety and Erementau zones"},"geometry":{"type":"LineString","coordinates":[[43.056,-7.682],[42.673,-7.981],[42.289,-8.281],[41.904,-8.58],[41.519,-8.878],[41.134,-9.176],[40.747,-9.474],[40.36,-9.771],[39.973,-10.068],[39.584,-10.364],[39.195,-10.66],[38.805,-10.956],[38.414,-11.251],[38.023,-11.545],[37.631,-11.839],[37.238,-12.132],[36.844,-12.425],[36.449,-12.717],[36.053,-13.009],[35.656,-13.3],[35.258,-13.59],[34.86,-13.88],[34.46,-14.169],[34.091,-14.508],[33.721,-14.846],[33.349,-15.183],[32.977,-15.519],[32.603,-15.855],[32.228,-16.191],[31.852,-16.526],[31.474,-16.86],[31.095,-17.193],[30.715,-17.526],[30.333,-17.857],[29.95,-18.189],[29.565,-18.519],[29.179,-18.849],[28.792,-19.177],[28.634,-19.612],[28.475,-20.047],[28.315,-20.481],[28.155,-20.916],[27.993,-21.35],[27.831,-21.784],[27.668,-22.218],[27.351,-22.58],[27.033,-22.942],[26.713,-23.303],[26.392,-23.663],[26.068,-24.022],[25.743,-24.381],[25.416,-24.739],[25.088,-25.097],[24.757,-25.453],[24.424,-25.809],[24.01,-26.124],[23.595,-26.438],[23.177,-26.751],[22.756,-27.063],[22.334,-27.373],[21.908,-27.682],[21.481,-27.99],[21.051,-28.296],[20.619,-28.601],[20.184,-28.905],[19.746,-29.207],[19.306,-29.508],[18.864,-29.807],[18.418,-30.105],[17.97,-30.401],[17.52,-30.696],[17.066,-30.989],[16.61,-31.281],[16.151,-31.571],[15.689,-31.859],[15.286,-32.14],[14.881,-32.419],[14.473,-32.697],[14.063,-32.973],[13.65,-33.248],[13.234,-33.522],[12.816,-33.794],[12.395,-34.065],[11.926,-34.365],[11.455,-34.662],[10.979,-34.958],[10.501,-35.253],[10.018,-35.545],[9.533,-35.835],[9.043,-36.124],[8.551,-36.41],[8.054,-36.694],[7.554,-36.977],[7.134,-37.335],[6.71,-37.693],[6.283,-38.049],[5.85,-38.403],[5.414,-38.756],[4.973,-39.107],[4.528,-39.456],[4.079,-39.804],[3.625,-40.15],[3.166,-40.494],[2.703,-40.836],[2.234,-41.177],[2.143,-41.281]]}},{"type":"Feature","properties":{"boundary_type":"subduction","feature_type":"gpml:SubductionZone","polarity":"Right","overriding_plate_id":460,"subducting_plate_id":9804411,"plate_ids":[460,9804411],"name":"Subduction zone outboard of Tarim"},"geometry":{"type":"LineString","coordinates":[[43.056,-7.682],[43.186,-7.246],[43.315,-6.81],[43.444,-6.374],[43.573,-5.938],[43.702,-5.502],[43.831,-5.065]]}},{"type":"Feature","properties":{"boundary_type":"subduction","feature_type":"gpml:SubductionZone","polarity":"Right","overriding_plate_id":451,"subducting_plate_id":9804411,"plate_ids":[451,9804411],"name":"Subduction zone outboard of Tarim"},"geometry":{"type":"LineString","coordinates":[[43.831,-5.065],[43.967,-4.603],[44.103,-4.141],[44.223,-3.681],[44.342,-3.221],[44.462,-2.761],[44.582,-2.301],[44.701,-1.841],[44.821,-1.381],[45.128,-1.001],[45.435,-0.621],[45.742,-0.241],[46.049,0.139],[46.356,0.518],[46.663,0.898],[46.97,1.278],[47.277,1.658],[47.585,2.038],[47.892,2.417],[48.2,2.797],[48.508,3.176],[48.816,3.556],[49.124,3.935],[49.459,4.261],[49.795,4.588],[50.132,4.913],[50.468,5.239],[50.805,5.565],[51.142,5.89],[51.48,6.215],[51.818,6.54],[52.179,6.814],[52.54,7.088],[52.902,7.362],[53.265,7.635],[53.628,7.907],[53.991,8.18],[54.355,8.452],[54.719,8.724],[55.12,8.986],[55.521,9.247],[55.922,9.508],[56.324,9.769],[56.727,10.029],[57.131,10.288],[57.535,10.547],[57.94,10.806]]}},{"type":"Feature","properties":{"boundary_type":"subduction","feature_type":"gpml:SubductionZone","polarity":"Right","overriding_plate_id":601,"subducting_plate_id":9804411,"plate_ids":[601,9804411],"name":"Subduction zone outboard of Tarim"},"geometry":{"type":"LineString","coordinates":[[57.94,10.806],[58.245,11.0],[58.551,11.194],[58.877,11.534],[59.204,11.873],[59.532,12.212],[59.861,12.551],[60.19,12.889],[60.521,13.227],[60.852,13.564],[61.185,13.901],[61.424,14.331],[61.664,14.76],[61.904,15.189],[62.146,15.618],[62.389,16.047],[62.633,16.475],[62.878,16.903],[63.124,17.331],[63.372,17.758],[63.62,18.185],[63.87,18.612],[63.702,18.98],[63.533,19.348],[63.363,19.716]]}},{"type":"Feature","properties":{"boundary_type":"subduction","feature_type":"gpml:SubductionZone","polarity":"Left","overriding_plate_id":201,"subducting_plate_id":22031,"plate_ids":[201,22031],"name":"Pampean Belt"},"geometry":{"type":"LineString","coordinates":[[-114.524,-54.429],[-115.101,-54.525],[-115.934,-54.549],[-116.767,-54.567],[-117.601,-54.579],[-118.436,-54.586],[-119.271,-54.586],[-120.105,-54.581],[-120.94,-54.571],[-121.773,-54.554],[-122.606,-54.532],[-123.438,-54.504],[-124.269,-54.471],[-125.022,-54.271],[-125.768,-54.066],[-126.506,-53.857],[-127.237,-53.644],[-127.96,-53.426],[-128.676,-53.203],[-129.385,-52.977],[-130.086,-52.746],[-130.779,-52.511],[-131.465,-52.273],[-132.144,-52.03],[-132.816,-51.783],[-133.414,-51.49],[-134.006,-51.195],[-134.589,-50.896],[-135.165,-50.594],[-135.734,-50.29],[-136.296,-49.983],[-136.85,-49.673],[-137.397,-49.361],[-138.01,-49.12],[-138.616,-48.875],[-139.302,-48.744],[-139.984,-48.609],[-140.679,-48.516],[-141.372,-48.419],[-142.062,-48.318],[-142.749,-48.213],[-143.433,-48.104],[-144.115,-47.991],[-144.793,-47.874],[-145.502,-47.906],[-146.211,-47.935],[-146.921,-47.959],[-147.632,-47.978],[-148.343,-47.994],[-149.055,-48.005],[-149.767,-48.011],[-150.479,-48.013],[-151.19,-48.011],[-151.902,-48.004],[-152.581,-48.158],[-153.263,-48.308],[-153.95,-48.454],[-154.64,-48.596],[-155.334,-48.734],[-156.032,-48.867],[-156.734,-48.997],[-157.439,-49.122],[-158.148,-49.242],[-158.86,-49.359],[-159.576,-49.471],[-160.294,-49.578],[-161.016,-49.681],[-161.741,-49.78],[-162.468,-49.874],[-163.199,-49.963],[-163.932,-50.048],[-164.668,-50.128],[-165.406,-50.204],[-166.146,-50.275],[-166.877,-50.411],[-167.612,-50.542],[-168.35,-50.669],[-169.093,-50.791],[-169.84,-50.909],[-170.59,-51.021],[-171.344,-51.129],[-172.102,-51.232],[-172.854,-51.386],[-173.611,-51.536],[-174.372,-51.681],[-175.139,-51.821],[-175.91,-51.956],[-176.532,-52.152],[-177.16,-52.344],[-177.793,-52.533],[-178.431,-52.719],[-179.075,-52.901],[-179.724,-53.08],[179.622,-53.255],[178.891,-53.5],[178.153,-53.74],[177.406,-53.976],[176.651,-54.207],[176.058,-54.425],[175.459,-54.639]]}},{"type":"Feature","properties":{"boundary_type":"subduction","feature_type":"gpml:SubductionZone","polarity":"Left","overriding_plate_id":201,"subducting_plate_id":22041,"plate_ids":[201,22041],"name":"Pampean Belt"},"geometry":{"type":"LineString","coordinates":[[175.459,-54.639],[174.983,-54.806],[174.503,-54.971],[173.808,-55.166],[173.107,-55.356],[172.4,-55.542],[171.685,-55.725]]}},{"type":"Feature","properties":{"boundary_type":"subduction","feature_type":"gpml:SubductionZone","polarity":"Right","overriding_plate_id":701,"subducting_plate_id":801,"plate_ids":[701,801],"name":"CLB/DML SZ"},"geometry":{"type":"LineString","coordinates":[[138.632,-31.327],[138.936,-31.664],[139.243,-31.999],[139.552,-32.334],[139.863,-32.668],[140.176,-33.001]]}},{"type":"Feature","properties":{"boundary_type":"subduction","feature_type":"gpml:SubductionZone","polarity":"Right","overriding_plate_id":701,"subducting_plate_id":22031,"plate_ids":[701,22031],"name":"CLB/DML SZ"},"geometry":{"type":"LineString","coordinates":[[140.176,-33.001],[140.521,-33.364],[140.87,-33.727],[141.221,-34.088],[141.575,-34.448],[141.932,-34.807],[142.292,-35.165],[142.656,-35.523],[143.022,-35.879],[143.392,-36.233],[143.766,-36.587]]}},{"type":"Feature","properties":{"boundary_type":"transform","feature_type":"gpml:Transform","polarity":null,"overriding_plate_id":null,"subducting_plate_id":null,"plate_ids":[460,9804411],"name":"Connecting transform"},"geometry":{"type":"LineString","coordinates":[[2.515,-46.066],[2.438,-45.615],[2.363,-45.164],[2.289,-44.713],[2.216,-44.262],[2.144,-43.811],[2.073,-43.359],[2.003,-42.908],[1.934,-42.457],[2.005,-42.065],[2.075,-41.673],[2.143,-41.281]]}},{"type":"Feature","properties":{"boundary_type":"subduction","feature_type":"gpml:SubductionZone","polarity":"Left","overriding_plate_id":98043,"subducting_plate_id":401,"plate_ids":[401,98043],"name":"Lake subduction zone"},"geometry":{"type":"LineString","coordinates":[[-83.196,13.13],[-83.146,12.842],[-83.096,12.553],[-82.999,12.28],[-82.902,12.006],[-82.565,11.79],[-82.228,11.572],[-81.846,11.539],[-81.465,11.505],[-81.084,11.47],[-80.703,11.235],[-80.323,11.0],[-79.944,10.764],[-79.565,10.528],[-79.187,10.291],[-78.78,10.115],[-78.422,10.081],[-78.076,10.156]]}},{"type":"Feature","properties":{"boundary_type":"subduction","feature_type":"gpml:SubductionZone","polarity":"Right","overriding_plate_id":401,"subducting_plate_id":98043,"plate_ids":[401,98043],"name":"South Siberia subduction zone"},"geometry":{"type":"LineString","coordinates":[[-113.849,29.818],[-113.376,29.539],[-112.906,29.257],[-112.438,28.974],[-111.973,28.69],[-111.51,28.404],[-111.05,28.116],[-110.592,27.827],[-110.136,27.536],[-109.683,27.243],[-109.233,26.95],[-108.785,26.655],[-108.339,26.358],[-107.895,26.06],[-107.454,25.761],[-107.015,25.46],[-106.585,25.206],[-106.157,24.95],[-105.731,24.693],[-105.307,24.435],[-104.885,24.176],[-104.464,23.915],[-104.045,23.653],[-103.627,23.391],[-103.212,23.127],[-102.798,22.862],[-102.385,22.596],[-101.974,22.329],[-101.565,22.06],[-101.108,21.86],[-100.652,21.659],[-100.197,21.456],[-99.744,21.253],[-99.292,21.047],[-98.841,20.841],[-98.391,20.634],[-97.943,20.425],[-97.496,20.216],[-97.05,20.005],[-96.605,19.793],[-96.161,19.58],[-95.719,19.365],[-95.261,19.213],[-94.804,19.06],[-94.348,18.906],[-93.892,18.75],[-93.438,18.594],[-92.984,18.436],[-92.531,18.278],[-92.079,18.118],[-91.628,17.957],[-91.178,17.795],[-90.762,17.597],[-90.348,17.398],[-89.934,17.199],[-89.521,16.998],[-89.109,16.797],[-88.698,16.595],[-88.288,16.392],[-87.879,16.188],[-87.523,15.917],[-87.169,15.646],[-86.815,15.375],[-86.462,15.103],[-86.111,14.83],[-85.76,14.557],[-85.371,14.46],[-84.983,14.362],[-84.595,14.264],[-84.207,14.246],[-83.82,14.227],[-83.432,14.207],[-83.044,14.186],[-82.739,14.312]]}},{"type":"Feature","properties":{"boundary_type":"subduction","feature_type":"gpml:SubductionZone","polarity":"Right","overriding_plate_id":701,"subducting_plate_id":22041,"plate_ids":[701,22041],"name":"Gariep Belt"},"geometry":{"type":"LineString","coordinates":[[156.036,-43.494],[156.077,-43.55],[156.449,-43.856],[156.825,-44.16],[157.205,-44.464],[157.496,-44.81],[157.791,-45.156],[158.089,-45.501],[158.011,-45.907],[157.932,-46.314],[157.852,-46.721],[157.771,-47.127],[157.563,-47.517],[157.353,-47.907],[157.14,-48.296],[156.923,-48.685],[156.942,-49.127],[156.961,-49.569],[156.98,-50.011],[156.941,-50.446],[156.901,-50.88],[156.86,-51.315],[156.757,-51.742],[156.652,-52.168],[156.546,-52.595],[156.559,-52.96],[156.572,-53.326],[156.957,-53.633],[157.347,-53.94],[157.742,-54.245],[158.212,-54.561],[158.688,-54.875],[159.172,-55.187],[159.664,-55.497],[160.41,-55.433],[161.154,-55.364],[161.895,-55.291],[162.634,-55.213],[163.369,-55.131],[164.101,-55.044],[164.953,-54.957],[165.801,-54.864],[166.644,-54.765],[167.484,-54.66],[168.17,-54.574],[168.853,-54.483],[169.534,-54.389],[170.211,-54.291]]}},{"type":"Feature","properties":{"boundary_type":"subduction","feature_type":"gpml:SubductionZone","polarity":"Right","overriding_plate_id":1019,"subducting_plate_id":10191,"plate_ids":[1019,10191],"name":"outboard Laurentia SZ"},"geometry":{"type":"LineString","coordinates":[[178.224,17.951],[178.695,18.171],[179.167,18.389],[179.641,18.607],[-179.884,18.823],[-179.408,19.038],[-178.931,19.252],[-178.452,19.464],[-177.973,19.676],[-177.492,19.886],[-177.009,20.094],[-176.526,20.302],[-176.041,20.508],[-175.555,20.713],[-175.067,20.916],[-174.578,21.118],[-174.088,21.318],[-173.597,21.518],[-173.104,21.715],[-172.603,21.882],[-172.101,22.047],[-171.598,22.21],[-171.094,22.372],[-170.589,22.532],[-170.083,22.69],[-169.575,22.847],[-169.066,23.003],[-168.556,23.157],[-168.045,23.309],[-167.533,23.459],[-167.019,23.608],[-166.505,23.755],[-165.989,23.9],[-165.472,24.044],[-164.954,24.186],[-164.435,24.326],[-163.914,24.465],[-163.393,24.601],[-162.87,24.736],[-162.346,24.869],[-161.821,25.0],[-161.295,25.13],[-160.751,25.154],[-160.207,25.176],[-159.663,25.196],[-159.118,25.214],[-158.573,25.23],[-158.028,25.245],[-157.483,25.257],[-156.938,25.267],[-156.393,25.275],[-155.848,25.281],[-155.303,25.286],[-154.757,25.288],[-154.212,25.288],[-153.667,25.286]]}},{"type":"Feature","properties":{"boundary_type":"subduction","feature_type":"gpml:SubductionZone","polarity":"Right","overriding_plate_id":1019,"subducting_plate_id":98043,"plate_ids":[1019,98043],"name":"outboard Laurentia SZ"},"geometry":{"type":"LineString","coordinates":[[-153.667,25.286],[-153.115,25.282],[-152.564,25.276],[-152.013,25.268],[-151.462,25.258],[-150.911,25.246],[-150.36,25.232],[-149.809,25.216],[-149.259,25.198],[-148.708,25.178],[-148.158,25.155],[-147.608,25.131],[-147.058,25.105],[-146.509,25.076],[-145.959,25.046],[-145.42,24.975],[-144.882,24.903],[-144.344,24.829],[-143.807,24.752],[-143.271,24.674],[-142.736,24.594],[-142.201,24.512],[-141.666,24.428],[-141.133,24.342],[-140.6,24.255],[-140.068,24.165],[-139.537,24.074],[-139.006,23.981],[-138.476,23.886],[-137.947,23.789],[-137.419,23.691],[-136.892,23.59],[-136.365,23.488],[-135.84,23.384],[-135.315,23.279],[-134.791,23.171],[-134.267,23.062],[-133.745,22.951],[-133.224,22.839],[-132.703,22.725],[-132.183,22.609],[-131.664,22.491],[-131.146,22.372],[-130.629,22.251]]}},{"type":"Feature","properties":{"boundary_type":"subduction","feature_type":"gpml:SubductionZone","polarity":"Right","overriding_plate_id":801,"subducting_plate_id":10191,"plate_ids":[801,10191],"name":"Early onset Terra Australis?"},"geometry":{"type":"LineString","coordinates":[[104.774,23.967],[105.102,23.596],[105.429,23.223],[105.754,22.851],[106.077,22.477],[106.399,22.103],[106.764,21.779],[107.127,21.455],[107.489,21.13],[107.849,20.804],[108.208,20.478],[108.565,20.151],[108.921,19.823],[109.275,19.494],[109.628,19.165],[109.979,18.835],[110.308,18.452],[110.635,18.069],[110.961,17.685],[111.285,17.301],[111.608,16.916],[111.93,16.531],[112.251,16.145],[112.57,15.759],[112.849,15.409],[113.127,15.058],[113.405,14.707],[113.681,14.355],[113.957,14.004],[114.231,13.652]]}},{"type":"Feature","properties":{"boundary_type":"subduction","feature_type":"gpml:SubductionZone","polarity":"Right","overriding_plate_id":201,"subducting_plate_id":302,"plate_ids":[201,302],"name":"Cadomia Terranes"},"geometry":{"type":"LineString","coordinates":[[-112.411,-58.622],[-111.681,-58.873],[-110.94,-59.119],[-110.189,-59.361],[-109.427,-59.598],[-108.654,-59.831],[-107.817,-59.938],[-106.975,-60.039],[-106.128,-60.134],[-105.276,-60.225]]}},{"type":"Feature","properties":{"boundary_type":"subduction","feature_type":"gpml:SubductionZone","polarity":"Right","overriding_plate_id":701,"subducting_plate_id":302,"plate_ids":[302,701],"name":"Cadomia Terranes"},"geometry":{"type":"LineString","coordinates":[[-105.276,-60.225],[-104.355,-60.316],[-103.43,-60.4],[-102.499,-60.478],[-101.565,-60.549],[-100.626,-60.614],[-99.684,-60.673],[-98.739,-60.724],[-97.791,-60.769],[-96.816,-60.82],[-95.839,-60.863],[-94.859,-60.899],[-93.878,-60.928],[-92.895,-60.95],[-91.91,-60.964],[-90.925,-60.972],[-89.94,-60.972],[-88.941,-61.067],[-87.936,-61.155],[-86.925,-61.235],[-85.91,-61.308],[-84.89,-61.373],[-83.867,-61.43],[-82.839,-61.479],[-81.809,-61.521],[-80.776,-61.555],[-79.798,-61.472],[-78.825,-61.382],[-77.857,-61.284],[-76.896,-61.18],[-75.942,-61.069],[-74.994,-60.952],[-74.053,-60.828],[-73.12,-60.697],[-72.195,-60.56],[-71.278,-60.416],[-70.369,-60.267],[-69.468,-60.111],[-68.576,-59.949],[-67.693,-59.781],[-66.819,-59.607],[-65.954,-59.428],[-65.048,-59.318],[-64.149,-59.201],[-63.256,-59.078],[-62.369,-58.95],[-61.489,-58.815],[-60.616,-58.674],[-59.75,-58.528],[-58.892,-58.375],[-58.041,-58.217],[-57.198,-58.053],[-56.363,-57.884],[-55.497,-57.786],[-54.637,-57.683],[-53.781,-57.573],[-52.931,-57.458],[-52.087,-57.337],[-51.248,-57.211],[-50.414,-57.079],[-49.587,-56.941],[-48.766,-56.798],[-47.952,-56.65],[-47.144,-56.496],[-46.342,-56.338],[-45.547,-56.174],[-44.76,-56.005],[-44.06,-55.896],[-43.364,-55.783],[-42.673,-55.666],[-41.985,-55.546],[-41.302,-55.422],[-40.474,-55.312],[-39.651,-55.196],[-38.833,-55.075],[-38.019,-54.949],[-37.211,-54.817],[-36.409,-54.68],[-35.653,-54.531],[-34.903,-54.377],[-34.159,-54.218],[-33.42,-54.055],[-32.688,-53.887],[-31.961,-53.715],[-31.24,-53.539],[-30.525,-53.358],[-29.763,-53.225],[-29.005,-53.087],[-28.253,-52.944],[-27.505,-52.796],[-26.763,-52.644],[-26.026,-52.487],[-25.294,-52.325],[-24.567,-52.159],[-23.846,-51.989],[-23.131,-51.814],[-22.421,-51.635],[-21.717,-51.451],[-21.018,-51.264],[-20.326,-51.072],[-19.669,-50.889],[-19.017,-50.703],[-18.371,-50.513],[-17.73,-50.319],[-17.094,-50.122],[-16.463,-49.922],[-15.838,-49.718],[-15.218,-49.51],[-14.603,-49.3],[-13.993,-49.086],[-13.368,-48.971],[-12.746,-48.853],[-12.126,-48.731],[-11.51,-48.606]]}},{"type":"Feature","properties":{"boundary_type":"subduction","feature_type":"gpml:SubductionZone","polarity":"Right","overriding_plate_id":701,"subducting_plate_id":9804411,"plate_ids":[701,9804411],"name":"Cadomia Terranes"},"geometry":{"type":"LineString","coordinates":[[-11.51,-48.606],[-11.019,-48.504],[-10.53,-48.399],[-9.945,-48.291],[-9.363,-48.179],[-8.783,-48.064],[-8.206,-47.947],[-7.515,-47.871],[-6.826,-47.791],[-6.14,-47.707],[-5.456,-47.619],[-4.774,-47.527],[-4.094,-47.431],[-3.417,-47.33],[-2.743,-47.226],[-2.072,-47.118],[-1.403,-47.006],[-0.737,-46.89],[-0.074,-46.771],[0.586,-46.647],[1.243,-46.52],[1.882,-46.295],[2.515,-46.066]]}},{"type":"Feature","properties":{"boundary_type":"subduction","feature_type":"gpml:SubductionZone","polarity":"Right","overriding_plate_id":701,"subducting_plate_id":460,"plate_ids":[460,701],"name":"Cadomia Terranes"},"geometry":{"type":"LineString","coordinates":[[2.515,-46.066],[2.989,-45.891]]}},{"type":"Feature","properties":{"boundary_type":"subduction","feature_type":"gpml:SubductionZone","polarity":"Left","overriding_plate_id":701,"subducting_plate_id":201,"plate_ids":[201,701],"name":"Rockelide Belt"},"geometry":{"type":"LineString","coordinates":[[-108.825,-62.624],[-108.653,-63.095],[-108.476,-63.567],[-108.947,-63.969],[-109.433,-64.369],[-109.932,-64.768],[-110.447,-65.165],[-110.921,-65.603],[-111.411,-66.04],[-111.918,-66.476],[-112.443,-66.909],[-112.948,-67.31],[-113.469,-67.708],[-114.009,-68.105],[-114.567,-68.5],[-115.332,-68.906],[-116.125,-69.308],[-116.948,-69.707],[-117.802,-70.101],[-118.69,-70.491],[-119.612,-70.877],[-120.57,-71.258],[-121.566,-71.634],[-122.602,-72.004],[-123.68,-72.369],[-124.802,-72.727],[-125.969,-73.08],[-127.284,-73.36],[-128.642,-73.631],[-130.044,-73.893],[-131.49,-74.146],[-132.981,-74.389],[-134.517,-74.622],[-136.098,-74.844],[-137.723,-75.055],[-139.393,-75.253],[-141.105,-75.44],[-142.86,-75.614],[-144.655,-75.774],[-146.125,-76.089],[-147.66,-76.395],[-149.264,-76.691],[-150.938,-76.977],[-152.684,-77.251],[-154.504,-77.514],[-156.399,-77.764],[-158.37,-78.0],[-160.416,-78.222],[-162.537,-78.429],[-164.731,-78.619],[-166.746,-78.845],[-168.841,-79.056],[-171.014,-79.253],[-173.264,-79.434],[-175.588,-79.598],[-177.981,-79.745],[179.56,-79.875],[177.044,-79.985]]}},{"type":"Feature","properties":{"boundary_type":"subduction","feature_type":"gpml:SubductionZone","polarity":"Right","overriding_plate_id":451,"subducting_plate_id":601,"plate_ids":[451,601],"name":"Qaidam-Qilian SZ"},"geometry":{"type":"LineString","coordinates":[[67.609,0.011],[68.056,-0.017],[68.503,-0.044],[68.768,-0.096],[69.034,-0.148]]}},{"type":"Feature","properties":{"boundary_type":"subduction","feature_type":"gpml:SubductionZone","polarity":"Right","overriding_plate_id":602,"subducting_plate_id":601,"plate_ids":[601,602],"name":"offshore SCB SZ"},"geometry":{"type":"LineString","coordinates":[[70.932,1.844],[71.248,1.64],[71.563,1.436],[72.047,1.405],[72.531,1.374],[73.015,1.343],[73.498,1.312],[73.99,1.359],[74.483,1.407],[74.975,1.454],[75.467,1.501],[75.959,1.549],[76.451,1.596],[76.87,1.656],[77.288,1.716],[77.707,1.776],[78.126,1.836],[78.544,1.896],[78.961,2.062],[79.378,2.228],[79.794,2.394],[80.211,2.561],[80.628,2.726],[81.06,2.928],[81.493,3.13],[81.925,3.332],[82.358,3.533],[82.791,3.734],[83.224,3.935],[83.658,4.136],[84.092,4.337],[84.525,4.537],[84.96,4.737],[85.394,4.937],[85.829,5.136],[86.263,5.335],[86.699,5.534],[87.134,5.733],[87.611,5.858],[88.088,5.984],[88.566,6.108],[89.044,6.233],[89.521,6.357],[90.0,6.48],[90.478,6.604],[90.956,6.726],[91.435,6.848]]}},{"type":"Feature","properties":{"boundary_type":"ridge","feature_type":"gpml:MidOceanRidge","polarity":null,"overriding_plate_id":null,"subducting_plate_id":null,"plate_ids":[302,401],"name":"Siberia-Baltica Ridge"},"geometry":{"type":"LineString","coordinates":[[-109.24,-17.07],[-108.746,-17.03],[-108.252,-16.989],[-107.758,-16.946],[-107.264,-16.902],[-106.771,-16.858],[-106.277,-16.812],[-105.784,-16.764],[-105.292,-16.716],[-104.799,-16.666],[-104.644,-16.247],[-104.49,-15.827],[-104.336,-15.407],[-104.183,-14.987],[-104.03,-14.567],[-103.878,-14.147],[-103.727,-13.727],[-103.236,-13.737],[-102.744,-13.746],[-102.253,-13.754],[-101.762,-13.762],[-101.27,-13.768],[-100.779,-13.773],[-100.287,-13.777],[-99.796,-13.781],[-99.305,-13.783],[-98.813,-13.784],[-98.322,-13.785],[-97.83,-13.784],[-97.339,-13.782],[-96.857,-13.846],[-96.375,-13.909],[-95.892,-13.971],[-95.409,-14.032],[-94.926,-14.092],[-94.443,-14.151],[-93.96,-14.21],[-93.476,-14.267],[-92.992,-14.323],[-92.508,-14.378],[-92.023,-14.432],[-91.539,-14.486],[-91.381,-14.05],[-91.223,-13.614],[-91.066,-13.178],[-90.91,-12.741],[-90.754,-12.305],[-90.599,-11.869],[-90.444,-11.432],[-90.29,-10.996],[-90.136,-10.559],[-89.983,-10.122]]}},{"type":"Feature","properties":{"boundary_type":"ridge","feature_type":"gpml:MidOceanRidge","polarity":null,"overriding_plate_id":null,"subducting_plate_id":null,"plate_ids":[302,401],"name":"Siberia-Baltica Ridge"},"geometry":{"type":"LineString","coordinates":[[-89.983,-10.122],[-89.848,-9.738],[-89.714,-9.354],[-89.58,-8.969],[-89.446,-8.585],[-88.973,-8.655],[-88.499,-8.725],[-88.025,-8.794],[-87.551,-8.863],[-87.077,-8.931],[-86.602,-8.998],[-86.128,-9.065],[-85.653,-9.131],[-85.193,-9.268],[-84.732,-9.404],[-84.271,-9.54],[-83.809,-9.675],[-83.347,-9.81],[-82.885,-9.944],[-82.423,-10.077],[-81.96,-10.21],[-81.822,-9.752],[-81.686,-9.295],[-81.549,-8.837],[-81.413,-8.379],[-81.277,-7.921],[-81.142,-7.463],[-80.704,-7.633],[-80.265,-7.802],[-79.827,-7.971],[-79.388,-8.139],[-78.948,-8.307],[-78.508,-8.474],[-78.068,-8.641],[-77.628,-8.807],[-77.466,-8.34],[-77.304,-7.873],[-77.142,-7.406],[-76.981,-6.939],[-76.821,-6.472],[-76.66,-6.005],[-76.215,-6.22],[-75.77,-6.436],[-75.324,-6.651],[-74.877,-6.866],[-74.431,-7.08],[-73.984,-7.294],[-73.722,-6.917],[-73.46,-6.54],[-73.199,-6.163],[-72.939,-5.785],[-72.678,-5.408],[-72.418,-5.031],[-72.158,-4.653],[-71.745,-4.908],[-71.331,-5.163],[-70.917,-5.417],[-70.503,-5.671],[-70.088,-5.925],[-69.673,-6.179],[-69.257,-6.432],[-68.841,-6.685],[-68.425,-6.937],[-68.008,-7.19],[-67.787,-6.867],[-67.567,-6.545],[-67.347,-6.222],[-67.127,-5.899]]}},{"type":"Feature","properties":{"boundary_type":"ridge","feature_type":"gpml:MidOceanRidge","polarity":null,"overriding_plate_id":null,"subducting_plate_id":null,"plate_ids":[302,98043],"name":"Siberia-Baltica Ridge"},"geometry":{"type":"LineString","coordinates":[[-67.127,-5.899],[-66.867,-5.516],[-66.606,-5.132],[-66.346,-4.748],[-66.087,-4.365],[-65.656,-4.589],[-65.224,-4.812],[-64.792,-5.036],[-64.36,-5.259],[-63.928,-5.482],[-63.495,-5.705],[-63.062,-5.927],[-62.629,-6.149],[-62.195,-6.371],[-61.761,-6.592],[-61.326,-6.813],[-60.892,-7.033],[-60.456,-7.253],[-60.109,-7.595],[-59.761,-7.937],[-59.413,-8.279],[-59.064,-8.62],[-58.714,-8.961],[-58.363,-9.301],[-58.012,-9.642],[-57.661,-9.982],[-57.308,-10.321],[-56.955,-10.66],[-56.601,-10.999],[-56.246,-11.337],[-55.89,-11.675],[-55.653,-11.253],[-55.416,-10.831],[-55.18,-10.408],[-54.945,-9.985],[-54.71,-9.562],[-54.476,-9.139],[-54.242,-8.716],[-54.009,-8.293],[-53.777,-7.869],[-53.544,-7.445],[-53.313,-7.022],[-53.082,-6.598],[-52.851,-6.174],[-52.62,-5.75],[-52.39,-5.325],[-52.16,-4.901]]}},{"type":"Feature","properties":{"boundary_type":"ridge","feature_type":"gpml:MidOceanRidge","polarity":null,"overriding_plate_id":null,"subducting_plate_id":null,"plate_ids":[101,98043],"name":"Siberia-Laurentia MOR"},"geometry":{"type":"LineString","coordinates":[[-130.35,16.296],[-130.072,15.916],[-129.795,15.536],[-129.52,15.156],[-129.245,14.775],[-128.971,14.394],[-128.698,14.013],[-129.039,13.899],[-129.38,13.784],[-129.72,13.669],[-129.435,13.278],[-129.151,12.887],[-128.868,12.496],[-128.586,12.105],[-128.305,11.713],[-128.024,11.321],[-127.744,10.928],[-127.465,10.536],[-127.187,10.143],[-126.909,9.75],[-127.209,9.445],[-127.509,9.14],[-127.808,8.835],[-128.107,8.53],[-128.405,8.224],[-128.049,7.888],[-127.693,7.551],[-127.338,7.214],[-126.983,6.877],[-126.629,6.539]]}},{"type":"Feature","properties":{"boundary_type":"ridge","feature_type":"gpml:MidOceanRidge","polarity":null,"overriding_plate_id":null,"subducting_plate_id":null,"plate_ids":[101,401],"name":"Siberia-Laurentia MOR"},"geometry":{"type":"LineString","coordinates":[[-126.629,6.539],[-126.282,6.207],[-125.934,5.875],[-125.587,5.542],[-125.241,5.209],[-124.895,4.876],[-124.549,4.543],[-124.203,4.209],[-123.858,3.876],[-123.513,3.542],[-123.168,3.208],[-122.824,2.875],[-122.48,2.54],[-122.136,2.206],[-121.792,1.872],[-121.448,1.538],[-121.104,1.204],[-120.76,0.869],[-120.417,0.535],[-120.678,0.18],[-120.939,-0.175],[-121.2,-0.53],[-121.461,-0.885],[-121.722,-1.24],[-121.983,-1.595],[-121.585,-1.894],[-121.186,-2.193],[-120.788,-2.492],[-120.389,-2.791],[-119.989,-3.089],[-119.59,-3.388],[-119.19,-3.686],[-118.79,-3.984],[-118.39,-4.282],[-117.99,-4.58],[-117.589,-4.877],[-117.188,-5.174],[-116.786,-5.471],[-116.384,-5.768],[-115.982,-6.065],[-115.579,-6.361],[-115.862,-6.707],[-116.146,-7.053],[-116.43,-7.399],[-116.715,-7.745],[-117.0,-8.091],[-117.286,-8.436],[-117.572,-8.782],[-117.159,-9.047],[-116.745,-9.312],[-116.331,-9.577],[-115.916,-9.841],[-115.5,-10.104],[-115.083,-10.367],[-114.666,-10.63],[-114.248,-10.891],[-113.83,-11.153],[-113.41,-11.413],[-113.61,-11.815],[-113.809,-12.217],[-114.01,-12.618],[-114.211,-13.019],[-114.413,-13.42],[-114.616,-13.821]]}},{"type":"Feature","properties":{"boundary_type":"ridge","feature_type":"gpml:MidOceanRidge","polarity":null,"overriding_plate_id":null,"subducting_plate_id":null,"plate_ids":[701,801],"name":"SC-India MOR"},"geometry":{"type":"LineString","coordinates":[[95.357,-17.37],[94.974,-17.616],[94.589,-17.861],[94.203,-18.106],[93.815,-18.35],[93.427,-18.594],[93.038,-18.836],[92.647,-19.078]]}},{"type":"Feature","properties":{"boundary_type":"ridge","feature_type":"gpml:MidOceanRidge","polarity":null,"overriding_plate_id":null,"subducting_plate_id":null,"plate_ids":[602,701],"name":"SC-India MOR"},"geometry":{"type":"LineString","coordinates":[[92.647,-19.078],[92.243,-19.326],[91.837,-19.574],[91.43,-19.821],[91.021,-20.068],[90.612,-20.313],[90.201,-20.557],[90.286,-20.964],[90.371,-21.372],[90.457,-21.78],[90.544,-22.187],[90.631,-22.594],[90.145,-22.779],[89.658,-22.962],[89.17,-23.144],[88.68,-23.324],[88.189,-23.503],[87.697,-23.68],[87.203,-23.856],[87.358,-24.261],[87.514,-24.667],[87.003,-24.797],[86.49,-24.925],[85.977,-25.052],[85.462,-25.177],[84.947,-25.3],[84.43,-25.421],[83.912,-25.54],[83.393,-25.658],[82.873,-25.774],[82.353,-25.888],[81.831,-26.0],[81.308,-26.11],[81.268,-25.72],[80.787,-25.876],[80.306,-26.032],[79.823,-26.186],[79.339,-26.338],[78.854,-26.488],[78.367,-26.637],[77.88,-26.784],[77.391,-26.93],[76.9,-27.073],[76.409,-27.216],[76.37,-27.652],[76.332,-28.088],[76.293,-28.525],[75.798,-28.573],[75.303,-28.62],[74.808,-28.664],[74.312,-28.707],[73.816,-28.749],[73.319,-28.788],[73.345,-29.281],[73.372,-29.773],[72.876,-29.792],[72.379,-29.809],[71.883,-29.824],[71.386,-29.838],[70.889,-29.849],[70.392,-29.859],[69.895,-29.866],[69.873,-30.318],[69.85,-30.77],[69.393,-30.801]]}},{"type":"Feature","properties":{"boundary_type":"ridge","feature_type":"gpml:MidOceanRidge","polarity":null,"overriding_plate_id":null,"subducting_plate_id":null,"plate_ids":[459,460],"name":"Chu-Yili - North Tianshan Ocean"},"geometry":{"type":"LineString","coordinates":[[14.544,-43.436],[15.178,-43.243],[15.807,-43.046],[16.432,-42.846],[17.053,-42.642],[17.67,-42.436],[18.282,-42.226],[18.891,-42.012],[19.496,-41.796],[20.096,-41.576],[20.693,-41.353],[21.028,-41.635],[21.366,-41.916],[21.942,-41.675],[22.514,-41.431],[23.082,-41.184],[23.646,-40.934],[24.205,-40.681],[24.76,-40.426],[25.31,-40.168],[25.857,-39.908],[26.399,-39.645],[26.938,-39.379],[27.472,-39.111],[27.262,-38.813],[27.054,-38.514],[27.575,-38.306],[28.093,-38.096],[28.608,-37.884],[29.121,-37.67],[29.63,-37.453],[30.136,-37.234],[30.639,-37.013],[31.139,-36.79],[31.637,-36.565],[31.914,-36.972],[32.194,-37.378],[32.669,-37.091],[33.141,-36.803],[33.608,-36.513],[34.073,-36.221],[34.534,-35.927],[34.991,-35.631],[35.445,-35.334],[35.896,-35.035],[36.344,-34.734],[36.788,-34.432],[37.229,-34.128],[37.667,-33.823],[37.271,-33.462],[36.88,-33.101],[36.491,-32.738],[36.901,-32.418],[37.307,-32.097],[37.711,-31.775],[38.112,-31.451],[38.51,-31.126],[38.906,-30.799],[39.299,-30.472],[39.689,-30.143],[40.077,-29.813],[40.462,-29.482],[40.844,-29.15]]}},{"type":"Feature","properties":{"boundary_type":"ridge","feature_type":"gpml:MidOceanRidge","polarity":null,"overriding_plate_id":null,"subducting_plate_id":null,"plate_ids":[460,701],"name":"Tianshan Ocean"},"geometry":{"type":"LineString","coordinates":[[6.319,-53.382],[7.13,-53.273],[7.937,-53.158],[8.74,-53.038],[9.538,-52.912],[10.332,-52.781],[11.12,-52.644],[11.904,-52.503],[12.682,-52.356],[13.455,-52.204],[14.223,-52.048],[14.985,-51.886],[15.742,-51.719],[16.493,-51.548],[16.145,-51.128],[15.803,-50.707],[15.467,-50.285],[15.137,-49.862],[14.813,-49.438],[15.556,-49.324],[16.296,-49.206],[17.032,-49.083]]}},{"type":"Feature","properties":{"boundary_type":"ridge","feature_type":"gpml:MidOceanRidge","polarity":null,"overriding_plate_id":null,"subducting_plate_id":null,"plate_ids":[459,701],"name":"Tianshan Ocean"},"geometry":{"type":"LineString","coordinates":[[17.032,-49.083],[17.757,-48.956],[18.478,-48.825],[19.195,-48.69],[19.909,-48.55],[20.618,-48.405],[21.323,-48.257],[22.024,-48.104],[22.721,-47.947],[23.414,-47.785],[24.102,-47.62],[24.786,-47.45],[25.466,-47.277],[26.14,-47.099],[26.811,-46.918],[27.477,-46.732],[28.138,-46.543],[28.795,-46.35],[29.446,-46.153],[30.094,-45.953],[30.736,-45.749],[31.348,-45.521],[31.954,-45.291],[32.556,-45.057],[33.152,-44.821],[33.744,-44.581],[34.331,-44.338],[34.913,-44.092],[35.49,-43.843],[36.062,-43.592],[36.63,-43.337],[37.192,-43.08],[37.75,-42.82],[38.304,-42.557],[38.852,-42.292],[39.396,-42.024],[39.19,-41.659],[38.987,-41.293],[38.785,-40.927],[38.586,-40.561],[39.056,-40.314],[39.522,-40.065],[39.985,-39.815],[40.445,-39.562],[40.901,-39.308],[41.354,-39.052],[41.804,-38.794],[41.506,-38.44],[41.212,-38.085],[40.92,-37.73],[40.63,-37.374],[40.344,-37.017],[40.796,-36.7],[41.244,-36.382],[41.688,-36.063],[42.129,-35.742],[42.566,-35.419],[43.0,-35.094],[42.65,-34.748],[42.303,-34.4],[41.959,-34.051],[41.618,-33.701],[41.279,-33.351],[40.944,-32.999]]}},{"type":"Feature","properties":{"boundary_type":"ridge","feature_type":"gpml:MidOceanRidge","polarity":null,"overriding_plate_id":null,"subducting_plate_id":null,"plate_ids":[459,701],"name":"Tianshan Ocean"},"geometry":{"type":"LineString","coordinates":[[40.944,-32.999],[40.63,-32.667],[40.318,-32.334],[40.733,-32.025],[41.146,-31.714],[41.556,-31.402],[41.963,-31.088],[42.367,-30.774]]}},{"type":"Feature","properties":{"boundary_type":"ridge","feature_type":"gpml:MidOceanRidge","polarity":null,"overriding_plate_id":null,"subducting_plate_id":null,"plate_ids":[460,701],"name":"Tianshan Ocean"},"geometry":{"type":"LineString","coordinates":[[42.367,-30.774],[42.787,-30.443],[43.205,-30.111],[43.62,-29.778],[44.032,-29.443],[44.441,-29.108],[44.847,-28.771],[45.251,-28.432],[45.653,-28.093],[46.052,-27.752],[46.448,-27.411],[46.091,-27.071],[45.736,-26.73],[45.382,-26.388],[45.767,-26.062],[46.149,-25.735],[46.53,-25.407],[46.908,-25.079],[47.284,-24.749],[47.658,-24.418],[48.03,-24.087],[48.401,-23.754],[48.769,-23.421],[49.135,-23.087],[49.5,-22.752],[49.863,-22.416],[50.224,-22.079],[50.584,-21.742],[50.942,-21.403],[51.298,-21.065],[51.652,-20.725],[51.357,-20.342],[51.064,-19.959],[50.772,-19.576],[50.481,-19.192],[50.192,-18.807],[50.552,-18.503],[50.911,-18.199],[51.268,-17.893],[51.624,-17.587],[51.979,-17.281],[52.333,-16.974],[52.686,-16.666],[53.037,-16.357],[52.771,-15.962],[52.506,-15.567],[52.242,-15.171],[51.98,-14.775],[52.368,-14.526],[52.755,-14.276],[53.141,-14.026],[53.527,-13.775],[53.912,-13.524],[54.296,-13.272],[54.679,-13.019]]}},{"type":"Feature","properties":{"boundary_type":"ridge","feature_type":"gpml:MidOceanRidge","polarity":null,"overriding_plate_id":null,"subducting_plate_id":null,"plate_ids":[602,801],"name":"Australia-North China MoR"},"geometry":{"type":"LineString","coordinates":[[90.928,5.613],[90.718,5.88],[90.507,6.147],[90.816,6.381],[91.126,6.615],[91.435,6.848]]}},{"type":"Feature","properties":{"boundary_type":"ridge","feature_type":"gpml:MidOceanRidge","polarity":null,"overriding_plate_id":null,"subducting_plate_id":null,"plate_ids":[601,801],"name":"Australia-North China MoR"},"geometry":{"type":"LineString","coordinates":[[91.435,6.848],[91.828,7.144],[91.671,7.341],[91.513,7.539],[91.873,7.811],[92.233,8.084],[92.594,8.356],[92.955,8.628],[93.316,8.899],[93.678,9.171],[94.041,9.442],[94.404,9.712],[94.155,10.087],[93.904,10.463],[94.286,10.746],[94.669,11.028],[95.052,11.31],[95.436,11.592],[95.821,11.873],[96.206,12.154],[95.979,12.484],[95.751,12.814],[95.522,13.144],[95.293,13.474],[95.664,13.733],[96.036,13.992],[96.408,14.249],[96.782,14.507],[97.156,14.763],[97.532,15.019],[97.908,15.275],[97.675,15.613],[97.441,15.951],[97.206,16.289],[96.97,16.627],[96.734,16.964],[97.06,17.201],[97.387,17.437],[97.715,17.673],[97.412,18.077],[97.108,18.48],[97.511,18.77],[97.917,19.059],[98.323,19.347],[98.731,19.634],[99.141,19.921],[99.552,20.206],[99.312,20.53],[99.072,20.854],[98.83,21.177]]}},{"type":"Feature","properties":{"boundary_type":"ridge","feature_type":"gpml:MidOceanRidge","polarity":null,"overriding_plate_id":null,"subducting_plate_id":null,"plate_ids":[601,10191],"name":"Australia-North China MoR"},"geometry":{"type":"LineString","coordinates":[[98.83,21.177],[98.536,21.567],[98.241,21.957],[97.944,22.346],[97.646,22.735],[97.346,23.124],[97.044,23.511],[96.74,23.898],[97.161,24.194],[97.584,24.489],[98.009,24.782],[98.436,25.074],[98.865,25.365],[99.296,25.655],[98.996,26.048],[98.694,26.44],[98.389,26.831],[98.083,27.222],[97.775,27.612],[97.464,28.002],[97.151,28.391],[96.836,28.779],[96.518,29.166],[96.198,29.552],[95.875,29.938],[95.55,30.323],[95.223,30.707],[94.859,30.423],[94.497,30.137],[94.136,29.85],[93.785,30.239],[93.431,30.626],[93.074,31.013],[92.714,31.398],[92.351,31.783],[91.985,32.166],[91.617,32.549],[91.244,32.93],[90.869,33.31],[90.49,33.689],[90.109,34.067]]}},{"type":"Feature","properties":{"boundary_type":"ridge","feature_type":"gpml:MidOceanRidge","polarity":null,"overriding_plate_id":null,"subducting_plate_id":null,"plate_ids":[456,580],"name":"Alashan-QQ MOR"},"geometry":{"type":"LineString","coordinates":[[66.709,-16.434],[66.894,-16.081],[67.078,-15.728],[66.603,-15.537],[66.128,-15.345],[65.654,-15.151],[65.181,-14.957],[65.346,-14.551],[65.511,-14.145],[65.676,-13.738],[65.839,-13.332],[65.398,-13.11],[65.429,-13.014]]}},{"type":"Feature","properties":{"boundary_type":"ridge","feature_type":"gpml:MidOceanRidge","polarity":null,"overriding_plate_id":null,"subducting_plate_id":null,"plate_ids":[451,580],"name":"Alashan-QQ MOR"},"geometry":{"type":"LineString","coordinates":[[65.429,-13.014],[65.562,-12.608],[65.694,-12.202],[65.272,-12.047],[64.851,-11.892],[64.431,-11.735],[64.011,-11.578],[64.088,-11.315],[64.166,-11.051]]}},{"type":"Feature","properties":{"boundary_type":"ridge","feature_type":"gpml:MidOceanRidge","polarity":null,"overriding_plate_id":null,"subducting_plate_id":null,"plate_ids":[580,701],"name":"Tarim-Kunlun MoR"},"geometry":{"type":"LineString","coordinates":[[59.838,-21.377],[59.97,-21.056],[60.101,-20.736],[60.231,-20.416],[60.586,-20.441],[60.941,-20.466],[61.296,-20.49],[61.387,-20.151],[61.478,-19.812],[61.569,-19.473],[62.05,-19.499],[62.532,-19.524],[62.608,-19.219],[62.684,-18.914],[63.181,-18.942],[63.677,-18.969],[64.174,-18.995],[64.239,-18.636],[64.303,-18.277]]}},{"type":"Feature","properties":{"boundary_type":"ridge","feature_type":"gpml:MidOceanRidge","polarity":null,"overriding_plate_id":null,"subducting_plate_id":null,"plate_ids":[456,580],"name":"Tarim-Kunlun MoR"},"geometry":{"type":"LineString","coordinates":[[64.303,-18.277],[64.322,-18.167],[64.811,-18.215],[65.3,-18.262],[65.426,-17.861],[65.552,-17.461],[65.678,-17.06],[65.803,-16.659],[65.927,-16.259],[66.318,-16.347],[66.709,-16.434]]}},{"type":"Feature","properties":{"boundary_type":"ridge","feature_type":"gpml:MidOceanRidge","polarity":null,"overriding_plate_id":null,"subducting_plate_id":null,"plate_ids":[456,602],"name":"Q/Q-South China MoR"},"geometry":{"type":"LineString","coordinates":[[69.766,-20.482],[70.1,-20.242],[70.432,-20.002],[70.764,-19.761],[71.095,-19.519],[71.452,-19.209],[71.809,-18.899],[72.164,-18.588],[72.517,-18.276],[72.87,-17.964],[72.542,-17.616],[72.215,-17.268],[72.515,-16.971],[72.814,-16.673],[73.113,-16.375],[72.811,-16.057],[72.509,-15.739],[72.209,-15.42],[72.514,-15.114],[72.818,-14.808],[73.121,-14.501],[73.423,-14.194],[73.1,-13.833],[72.779,-13.472],[72.458,-13.11],[72.764,-12.804],[73.07,-12.498],[73.374,-12.192],[73.678,-11.885],[73.982,-11.578],[74.284,-11.271],[73.985,-10.94],[73.687,-10.608],[73.39,-10.277],[73.093,-9.945],[72.797,-9.613],[73.124,-9.251],[73.451,-8.889],[73.777,-8.527],[74.102,-8.165],[73.759,-7.811],[73.417,-7.458],[73.076,-7.104],[72.735,-6.75],[72.394,-6.396],[72.669,-6.042],[72.943,-5.687],[73.217,-5.333],[73.49,-4.978],[73.217,-4.686],[72.944,-4.393],[73.195,-4.056],[73.446,-3.719],[73.186,-3.446],[72.926,-3.174],[72.667,-2.902],[72.876,-2.639],[73.085,-2.376],[73.295,-2.114],[73.006,-1.794],[72.718,-1.475],[72.429,-1.156],[72.141,-0.837],[71.853,-0.517],[71.564,-0.198]]}},{"type":"Feature","properties":{"boundary_type":"ridge","feature_type":"gpml:MidOceanRidge","polarity":null,"overriding_plate_id":null,"subducting_plate_id":null,"plate_ids":[601,602],"name":"Q/Q-South China MoR"},"geometry":{"type":"LineString","coordinates":[[71.564,-0.198],[71.243,0.157],[70.922,0.513],[70.601,0.868],[70.28,1.223],[70.606,1.534],[70.932,1.844]]}},{"type":"Feature","properties":{"boundary_type":"ridge","feature_type":"gpml:MidOceanRidge","polarity":null,"overriding_plate_id":null,"subducting_plate_id":null,"plate_ids":[801,8013],"name":"Tasmania-Antarctica MOR"},"geometry":{"type":"LineString","coordinates":[[114.735,14.677],[115.222,14.546],[115.708,14.414],[116.193,14.281],[116.678,14.147],[117.162,14.012],[117.646,13.876],[118.129,13.739],[118.612,13.601],[119.094,13.462],[119.065,12.968],[119.037,12.474],[119.008,11.98],[118.98,11.486],[118.952,10.992],[118.924,10.498],[118.896,10.004],[118.868,9.51],[118.84,9.015],[118.812,8.521],[118.784,8.027],[119.252,7.866],[119.719,7.705],[120.186,7.543],[120.652,7.381],[121.118,7.218],[121.584,7.055],[122.049,6.891],[122.514,6.727],[122.979,6.563],[123.443,6.398],[123.907,6.232],[124.371,6.067],[124.835,5.9],[125.298,5.734],[125.23,5.262],[125.162,4.79],[125.094,4.318],[125.026,3.846],[124.959,3.375],[124.891,2.903],[124.824,2.431],[124.756,1.959],[125.206,1.766],[125.656,1.574],[126.106,1.381],[126.556,1.188],[127.006,0.995],[127.456,0.802],[127.906,0.609],[128.355,0.415],[128.805,0.222],[129.255,0.029],[129.704,-0.164],[130.154,-0.358],[130.604,-0.551],[131.053,-0.744],[131.503,-0.937],[131.953,-1.13],[132.403,-1.323],[132.347,-1.762],[132.291,-2.201],[132.235,-2.64],[132.179,-3.079],[132.123,-3.518],[132.067,-3.957],[132.011,-4.396],[131.954,-4.835],[132.37,-5.001],[132.786,-5.166],[133.202,-5.331],[133.619,-5.496],[134.036,-5.661],[134.452,-5.825],[134.87,-5.989],[134.793,-6.386],[134.717,-6.784],[134.641,-7.181],[134.564,-7.578],[134.987,-7.827],[135.411,-8.075],[135.835,-8.323],[136.26,-8.57],[136.686,-8.817],[137.112,-9.064],[137.538,-9.31],[137.966,-9.555],[138.393,-9.8],[138.822,-10.044],[139.251,-10.288],[139.681,-10.531],[140.111,-10.774],[140.542,-11.016],[140.974,-11.258],[141.407,-11.499],[141.24,-11.946],[141.073,-12.394],[140.905,-12.841],[140.736,-13.288],[140.567,-13.736],[141.0,-14.003],[141.434,-14.269],[141.869,-14.534],[142.306,-14.799],[142.743,-15.063],[143.181,-15.326],[143.621,-15.588],[144.061,-15.849],[144.503,-16.109],[144.946,-16.369],[145.39,-16.627],[145.836,-16.885],[146.282,-17.141],[146.73,-17.397],[147.179,-17.652],[147.629,-17.905],[148.081,-18.158],[148.534,-18.409],[148.342,-18.785],[148.15,-19.16],[147.958,-19.536],[148.092,-19.638]]}},{"type":"Feature","properties":{"boundary_type":"ridge","feature_type":"gpml:MidOceanRidge","polarity":null,"overriding_plate_id":null,"subducting_plate_id":null,"plate_ids":[801,10191],"name":"Tasmania-Antarctica MOR"},"geometry":{"type":"LineString","coordinates":[[148.092,-19.638],[148.501,-19.947],[148.912,-20.256],[149.324,-20.564],[149.738,-20.871],[150.154,-21.177],[150.571,-21.482]]}},{"type":"Feature","properties":{"boundary_type":"ridge","feature_type":"gpml:MidOceanRidge","polarity":null,"overriding_plate_id":null,"subducting_plate_id":null,"plate_ids":[10191,22031],"name":"Tasmania-Antarctica MOR"},"geometry":{"type":"LineString","coordinates":[[150.571,-21.482],[150.968,-21.77],[151.367,-22.057],[151.768,-22.343],[152.17,-22.628],[152.574,-22.913],[152.41,-23.325],[152.245,-23.738],[152.08,-24.15],[152.508,-24.423],[152.937,-24.695],[153.369,-24.966],[153.803,-25.235],[154.238,-25.504],[154.676,-25.771],[155.115,-26.036],[155.557,-26.301]]}},{"type":"Feature","properties":{"boundary_type":"ridge","feature_type":"gpml:MidOceanRidge","polarity":null,"overriding_plate_id":null,"subducting_plate_id":null,"plate_ids":[101,302],"name":"Baltica-Laurentia MOR"},"geometry":{"type":"LineString","coordinates":[[-119.931,-43.811],[-119.549,-43.407],[-119.172,-43.003],[-118.8,-42.597],[-118.433,-42.19],[-118.071,-41.782],[-117.713,-41.372],[-117.359,-40.962],[-117.01,-40.55],[-116.666,-40.138],[-116.325,-39.724],[-115.989,-39.309],[-115.656,-38.894],[-115.328,-38.477],[-114.856,-38.709],[-114.382,-38.94],[-113.905,-39.168],[-113.425,-39.394],[-112.941,-39.618],[-112.454,-39.84],[-111.965,-40.061],[-111.673,-39.615],[-111.385,-39.168],[-111.101,-38.721],[-110.82,-38.273],[-110.543,-37.824],[-110.269,-37.375],[-109.998,-36.925],[-109.731,-36.475],[-109.466,-36.024],[-109.205,-35.572],[-108.946,-35.12],[-108.691,-34.667],[-109.124,-34.516],[-108.895,-34.074],[-108.669,-33.632],[-108.445,-33.189],[-108.224,-32.746],[-108.004,-32.303],[-107.787,-31.859],[-107.572,-31.415],[-108.073,-31.262],[-107.878,-30.871],[-107.685,-30.48],[-107.493,-30.088],[-107.302,-29.696],[-107.113,-29.304],[-106.926,-28.911],[-107.379,-28.725],[-107.83,-28.538],[-108.279,-28.349],[-108.728,-28.158],[-109.174,-27.966],[-109.619,-27.773],[-109.375,-27.331],[-109.133,-26.889],[-108.893,-26.446],[-108.655,-26.003],[-108.418,-25.56],[-108.183,-25.116],[-108.616,-24.829],[-109.047,-24.542],[-109.476,-24.253],[-109.903,-23.963],[-110.277,-23.678],[-110.65,-23.393],[-111.021,-23.106],[-111.39,-22.818],[-111.06,-22.436],[-110.732,-22.053],[-110.405,-21.67],[-110.081,-21.286],[-109.757,-20.901],[-109.436,-20.516],[-109.116,-20.13],[-108.798,-19.743],[-108.481,-19.356],[-108.166,-18.968],[-107.852,-18.58],[-108.151,-18.329],[-108.45,-18.078],[-108.747,-17.826],[-108.994,-17.448],[-109.24,-17.07]]}},{"type":"Feature","properties":{"boundary_type":"ridge","feature_type":"gpml:MidOceanRidge","polarity":null,"overriding_plate_id":null,"subducting_plate_id":null,"plate_ids":[101,401],"name":"Baltica-Laurentia MOR"},"geometry":{"type":"LineString","coordinates":[[-109.24,-17.07],[-109.437,-16.766],[-109.14,-16.443],[-108.844,-16.119],[-108.549,-15.795],[-108.254,-15.471],[-107.961,-15.146],[-107.668,-14.821]]}},{"type":"Feature","properties":{"boundary_type":"ridge","feature_type":"gpml:MidOceanRidge","polarity":null,"overriding_plate_id":null,"subducting_plate_id":null,"plate_ids":[101,22031],"name":"Laurentia-Pampia MoR"},"geometry":{"type":"LineString","coordinates":[[-163.862,-32.365],[-163.723,-32.007],[-164.158,-31.863],[-164.592,-31.718],[-165.025,-31.571],[-164.914,-31.107],[-164.804,-30.643],[-164.696,-30.179],[-164.588,-29.715],[-164.481,-29.251],[-164.969,-29.073],[-165.455,-28.893],[-165.94,-28.712],[-166.423,-28.528],[-166.904,-28.344],[-167.383,-28.157],[-167.861,-27.969],[-167.833,-27.657],[-167.804,-27.345],[-168.292,-27.169],[-168.777,-26.991],[-169.261,-26.812],[-169.744,-26.631],[-170.225,-26.449],[-170.705,-26.265],[-171.183,-26.079],[-171.265,-26.421],[-171.693,-26.255],[-172.119,-26.088],[-172.544,-25.92],[-172.968,-25.75],[-173.391,-25.58],[-173.348,-25.234],[-173.306,-24.888],[-173.263,-24.543],[-173.731,-24.35],[-174.197,-24.155],[-174.662,-23.959],[-175.125,-23.761],[-175.587,-23.562],[-176.047,-23.362],[-176.506,-23.16],[-176.95,-22.98],[-177.392,-22.799],[-177.833,-22.616],[-178.272,-22.432],[-178.46,-22.868],[-178.65,-23.304],[-178.84,-23.74],[-179.032,-24.176],[-179.225,-24.611],[-179.673,-24.393],[179.881,-24.173],[179.436,-23.952],[178.992,-23.729],[178.551,-23.506],[178.11,-23.281],[177.672,-23.055],[177.234,-22.828],[176.798,-22.599],[176.364,-22.37],[175.931,-22.139],[175.5,-21.907],[175.069,-21.674],[175.248,-21.247],[175.425,-20.819],[174.976,-20.587],[174.529,-20.353],[174.083,-20.118],[173.638,-19.882],[173.195,-19.645],[172.753,-19.407],[172.313,-19.168],[171.873,-18.927],[171.435,-18.686],[170.998,-18.444],[170.563,-18.201],[170.128,-17.956],[169.695,-17.711],[169.586,-18.061],[169.476,-18.411],[169.366,-18.762],[168.966,-18.614],[168.567,-18.466],[168.168,-18.317],[167.77,-18.167]]}},{"type":"Feature","properties":{"boundary_type":"ridge","feature_type":"gpml:MidOceanRidge","polarity":null,"overriding_plate_id":null,"subducting_plate_id":null,"plate_ids":[10191,22031],"name":"Laurentia-Pampia MoR"},"geometry":{"type":"LineString","coordinates":[[167.77,-18.167],[167.322,-17.997],[166.875,-17.826],[166.429,-17.654],[165.983,-17.481],[165.539,-17.308],[165.095,-17.133],[164.652,-16.957],[164.21,-16.78],[163.769,-16.602],[163.329,-16.423],[162.889,-16.244],[162.45,-16.063]]}},{"type":"Feature","properties":{"boundary_type":"ridge","feature_type":"gpml:MidOceanRidge","polarity":null,"overriding_plate_id":null,"subducting_plate_id":null,"plate_ids":[101,22031],"name":"Iapetus MoR"},"geometry":{"type":"LineString","coordinates":[[-128.337,-30.457],[-128.749,-30.786],[-129.163,-31.113],[-129.581,-31.439],[-130.002,-31.763],[-130.425,-32.087],[-130.852,-32.408],[-131.282,-32.728],[-131.714,-33.047],[-132.15,-33.364],[-132.589,-33.68],[-133.031,-33.994],[-133.477,-34.307],[-133.926,-34.618],[-134.378,-34.927],[-134.834,-35.235],[-135.212,-34.864],[-135.586,-34.492],[-135.957,-34.119],[-136.325,-33.745],[-136.768,-34.009],[-137.214,-34.271],[-137.663,-34.532],[-138.115,-34.792],[-138.569,-35.049],[-139.026,-35.305],[-139.487,-35.559],[-139.86,-35.206],[-140.23,-34.851],[-140.597,-34.495],[-140.961,-34.138],[-141.322,-33.78],[-141.68,-33.422],[-142.035,-33.062],[-142.387,-32.701],[-142.736,-32.339],[-143.155,-32.621],[-143.577,-32.901],[-144.001,-33.181],[-144.428,-33.458],[-144.858,-33.735],[-145.291,-34.01],[-145.726,-34.283],[-146.165,-34.555],[-146.49,-34.15],[-146.813,-33.745],[-147.132,-33.339],[-147.449,-32.933],[-147.762,-32.525],[-148.073,-32.117],[-148.381,-31.708],[-148.686,-31.298],[-148.989,-30.887],[-149.289,-30.476],[-149.772,-30.739],[-150.257,-31.0],[-150.746,-31.259],[-151.237,-31.517],[-151.731,-31.772],[-152.227,-32.026],[-152.726,-32.277],[-153.228,-32.527],[-153.733,-32.775],[-154.241,-33.02],[-154.751,-33.264],[-155.264,-33.505],[-155.781,-33.745],[-156.3,-33.982],[-156.821,-34.217],[-157.346,-34.45],[-157.874,-34.68],[-158.405,-34.908],[-158.653,-34.483],[-158.899,-34.058],[-159.143,-33.632],[-159.384,-33.206],[-159.623,-32.779],[-159.86,-32.352],[-160.094,-31.924],[-160.326,-31.496],[-160.556,-31.067],[-161.023,-31.258],[-161.491,-31.447],[-161.962,-31.634],[-162.434,-31.82],[-162.908,-32.003],[-163.384,-32.185],[-163.862,-32.365]]}},{"type":"Feature","properties":{"boundary_type":"ridge","feature_type":"gpml:MidOceanRidge","polarity":null,"overriding_plate_id":null,"subducting_plate_id":null,"plate_ids":[451,601],"name":"Alxa-Qinling MoR"},"geometry":{"type":"LineString","coordinates":[[57.94,10.806],[58.22,10.585],[58.5,10.363],[58.779,10.142],[58.532,9.822],[58.285,9.502],[58.654,9.206],[59.023,8.909],[59.391,8.612],[59.759,8.315],[60.126,8.017],[60.492,7.719],[60.858,7.421],[61.224,7.122],[61.589,6.823],[61.953,6.524],[62.317,6.225],[62.681,5.925],[63.044,5.625],[63.407,5.325],[63.77,5.025],[63.471,4.709],[63.172,4.393],[63.515,4.057],[63.857,3.72],[64.199,3.383],[64.541,3.046],[64.882,2.709],[65.223,2.372],[65.565,2.035],[65.906,1.698],[66.246,1.36],[66.587,1.023],[66.928,0.685],[67.269,0.348],[67.609,0.011]]}},{"type":"Feature","properties":{"boundary_type":"ridge","feature_type":"gpml:MidOceanRidge","polarity":null,"overriding_plate_id":null,"subducting_plate_id":null,"plate_ids":[451,456],"name":"Alxa-Q/Q MoR"},"geometry":{"type":"LineString","coordinates":[[65.429,-13.014],[65.563,-12.999],[65.526,-12.619],[65.488,-12.239],[65.45,-11.859],[65.877,-11.79],[65.85,-11.398],[65.823,-11.006],[66.148,-10.941],[66.124,-10.625],[66.1,-10.308],[66.333,-10.279],[66.31,-10.015],[66.288,-9.75],[66.589,-9.7],[66.57,-9.418],[66.551,-9.136],[66.864,-9.096],[66.854,-8.841],[66.845,-8.586],[67.26,-8.495],[67.244,-8.115],[67.229,-7.734],[67.499,-7.687],[67.481,-7.433],[67.463,-7.18],[67.765,-7.138],[67.756,-6.664],[67.747,-6.19],[68.069,-6.158],[68.042,-5.738],[68.016,-5.318],[67.989,-4.899],[67.962,-4.479],[67.935,-4.059],[67.908,-3.639],[68.241,-3.621],[68.196,-3.127],[68.152,-2.633],[68.108,-2.139],[68.063,-1.645],[68.51,-1.611],[68.956,-1.577],[68.982,-1.1],[69.008,-0.624],[69.034,-0.148]]}},{"type":"Feature","properties":{"boundary_type":"ridge","feature_type":"gpml:MidOceanRidge","polarity":null,"overriding_plate_id":null,"subducting_plate_id":null,"plate_ids":[456,601],"name":"Alxa-Q/Q MoR"},"geometry":{"type":"LineString","coordinates":[[69.034,-0.148],[69.051,0.174],[69.069,0.495]]}},{"type":"Feature","properties":{"boundary_type":"ridge","feature_type":"gpml:MidOceanRidge","polarity":null,"overriding_plate_id":null,"subducting_plate_id":null,"plate_ids":[101,10191],"name":"Missing-Link ridge"},"geometry":{"type":"LineString","coordinates":[[173.007,4.868],[173.475,5.035],[173.943,5.201],[174.411,5.367],[174.88,5.533],[175.349,5.698],[175.818,5.863],[176.288,6.028],[176.758,6.192],[176.652,6.61],[176.546,7.028],[176.44,7.447],[176.333,7.865],[176.227,8.283],[176.12,8.701],[176.013,9.119],[176.445,9.28],[176.878,9.441],[177.311,9.601],[177.745,9.76],[178.179,9.919],[178.613,10.077],[179.048,10.235],[179.483,10.392],[179.919,10.549]]}},{"type":"Feature","properties":{"boundary_type":"ridge","feature_type":"gpml:MidOceanRidge","polarity":null,"overriding_plate_id":null,"subducting_plate_id":null,"plate_ids":[101,1019],"name":"Missing-Link ridge"},"geometry":{"type":"LineString","coordinates":[[179.919,10.549],[-179.64,10.706],[-179.199,10.863],[-178.758,11.02],[-178.316,11.175],[-177.873,11.33],[-177.43,11.485],[-176.987,11.639],[-176.543,11.792],[-176.099,11.944],[-175.654,12.096],[-175.782,12.541],[-175.912,12.986],[-176.041,13.431],[-176.171,13.875],[-176.302,14.32],[-176.433,14.765],[-176.565,15.209],[-176.697,15.654],[-176.21,15.805],[-175.722,15.954],[-175.234,16.102],[-174.745,16.249],[-174.255,16.395],[-173.764,16.54],[-173.273,16.684],[-172.78,16.827],[-172.288,16.968],[-171.794,17.108],[-171.299,17.247],[-170.804,17.385],[-170.308,17.522],[-169.812,17.657],[-169.314,17.791],[-168.816,17.924],[-168.317,18.056],[-167.818,18.186],[-167.318,18.315],[-166.816,18.443],[-166.315,18.57],[-165.812,18.695],[-165.309,18.818],[-164.805,18.941],[-164.3,19.062],[-163.794,19.181],[-163.288,19.3],[-162.781,19.417],[-162.273,19.532],[-161.765,19.646],[-161.256,19.759],[-160.746,19.87],[-160.235,19.98],[-159.724,20.088],[-159.558,19.638],[-159.392,19.187],[-159.227,18.736],[-159.064,18.286],[-158.901,17.835],[-158.739,17.384],[-158.577,16.933],[-158.065,17.0],[-157.553,17.067],[-157.041,17.132],[-156.528,17.196],[-156.014,17.259],[-155.501,17.32],[-154.987,17.38],[-154.472,17.439],[-153.958,17.496],[-153.443,17.552],[-152.928,17.607],[-152.412,17.66],[-151.896,17.712],[-151.38,17.763],[-150.863,17.812],[-150.347,17.86],[-149.83,17.907],[-149.312,17.952],[-148.795,17.996],[-148.277,18.039],[-147.759,18.08],[-147.241,18.119],[-146.722,18.158],[-146.203,18.195],[-145.685,18.23],[-145.165,18.265],[-144.646,18.297],[-144.126,18.329],[-143.607,18.359],[-143.087,18.387],[-142.567,18.414],[-142.046,18.44],[-141.526,18.465],[-141.005,18.487],[-140.485,18.509],[-139.964,18.529],[-139.443,18.548],[-138.922,18.565],[-138.401,18.581],[-137.88,18.595],[-137.358,18.608],[-136.837,18.619],[-136.768,18.133],[-136.699,17.646],[-136.631,17.159],[-136.563,16.673],[-136.496,16.186],[-135.984,16.202],[-135.472,16.216],[-134.96,16.23],[-134.448,16.242],[-133.936,16.253],[-133.424,16.263],[-132.912,16.271],[-132.399,16.279],[-131.887,16.285],[-131.375,16.29],[-130.862,16.293],[-130.35,16.296]]}},{"type":"Feature","properties":{"boundary_type":"ridge","feature_type":"gpml:MidOceanRidge","polarity":null,"overriding_plate_id":null,"subducting_plate_id":null,"plate_ids":[1019,98043],"name":"Missing-Link ridge"},"geometry":{"type":"LineString","coordinates":[[-130.35,16.296],[-130.11,16.296]]}},{"type":"Feature","properties":{"boundary_type":"ridge","feature_type":"gpml:MidOceanRidge","polarity":null,"overriding_plate_id":null,"subducting_plate_id":null,"plate_ids":[98043,9804411],"name":"Mirovoi-Proto Pacific Ridge"},"geometry":{"type":"LineString","coordinates":[[78.417,67.477],[77.115,67.472],[75.813,67.456],[74.513,67.429],[73.217,67.393],[71.926,67.346],[70.64,67.288],[69.361,67.22],[68.089,67.143],[66.827,67.055],[65.574,66.957],[64.331,66.85],[63.1,66.733],[61.881,66.606],[60.674,66.47],[59.481,66.325],[58.303,66.17],[57.139,66.007],[55.99,65.836],[54.857,65.655],[53.74,65.467],[52.639,65.27],[51.555,65.066],[50.487,64.853],[49.437,64.633],[48.404,64.406],[47.388,64.172],[46.389,63.931],[45.408,63.683],[44.443,63.428],[43.496,63.167],[42.566,62.9],[41.654,62.627],[40.757,62.348],[39.878,62.063],[39.015,61.773],[38.168,61.478],[37.338,61.177],[36.523,60.872],[35.724,60.561],[34.94,60.246],[34.171,59.927],[33.417,59.603],[32.677,59.275],[31.952,58.942],[31.24,58.606],[30.542,58.266],[29.858,57.922],[29.186,57.574],[28.528,57.223],[27.882,56.869],[27.247,56.511],[26.625,56.15],[26.015,55.786],[25.416,55.42],[24.828,55.05],[24.25,54.677],[23.684,54.302],[23.127,53.924],[22.581,53.544],[22.044,53.161],[21.517,52.776],[20.999,52.388],[20.49,51.999],[19.99,51.607],[19.498,51.213],[19.015,50.817],[18.54,50.419],[18.073,50.019],[17.614,49.618],[17.162,49.214],[16.718,48.809],[16.28,48.402],[15.85,47.994],[15.427,47.583],[15.01,47.172],[14.599,46.759],[14.195,46.344],[13.796,45.928],[13.404,45.511],[13.018,45.092],[12.637,44.672],[12.261,44.251],[11.891,43.829],[11.527,43.405],[11.167,42.98],[10.812,42.555],[10.462,42.128],[10.117,41.7],[9.776,41.271],[9.44,40.841],[9.108,40.41],[8.78,39.978],[8.457,39.545],[8.137,39.112],[7.821,38.677],[7.51,38.242],[7.201,37.806],[6.671,38.056],[6.137,38.303],[5.6,38.548],[5.059,38.791],[4.514,39.031],[4.218,38.591],[3.925,38.15],[3.636,37.708],[3.351,37.265],[3.069,36.822],[2.789,36.378],[2.514,35.934],[2.241,35.489],[1.971,35.043],[1.704,34.597],[1.44,34.15],[1.179,33.702],[0.921,33.254],[0.665,32.806],[0.412,32.357],[0.161,31.907],[-0.088,31.457],[-0.334,31.007],[-0.577,30.556],[-0.819,30.104],[-1.058,29.652],[-1.295,29.2],[-1.53,28.747],[-1.763,28.294],[-1.994,27.841],[-2.223,27.387],[-2.45,26.933],[-2.675,26.478],[-2.899,26.023],[-3.121,25.568],[-3.341,25.112],[-3.559,24.656],[-3.776,24.2],[-3.992,23.744],[-4.205,23.287],[-4.418,22.83],[-4.629,22.372],[-4.839,21.915],[-5.047,21.457],[-5.254,20.998],[-5.459,20.54],[-5.664,20.081],[-5.867,19.622],[-6.069,19.163],[-6.27,18.704],[-6.47,18.244],[-6.669,17.784],[-6.867,17.324],[-7.064,16.864],[-7.26,16.404],[-7.455,15.943],[-7.649,15.482],[-7.842,15.021],[-8.034,14.56],[-8.226,14.099],[-8.417,13.638],[-8.607,13.176],[-8.796,12.715],[-8.985,12.253],[-9.173,11.791],[-9.36,11.329],[-9.547,10.867],[-9.733,10.404],[-9.918,9.942],[-10.104,9.48],[-10.288,9.017],[-10.472,8.554],[-10.656,8.092],[-10.839,7.629],[-11.022,7.166],[-11.205,6.703],[-11.387,6.24],[-11.568,5.777],[-11.75,5.313],[-11.931,4.85],[-12.112,4.387],[-12.293,3.924],[-12.474,3.46],[-12.654,2.997],[-12.834,2.533],[-13.014,2.07],[-13.194,1.606],[-13.374,1.143],[-13.554,0.68],[-13.734,0.216],[-13.914,-0.248],[-14.094,-0.711],[-14.274,-1.175],[-14.454,-1.638],[-14.634,-2.101],[-14.814,-2.565],[-14.994,-3.028],[-15.174,-3.492],[-15.355,-3.955],[-15.536,-4.418],[-15.717,-4.882],[-15.898,-5.345],[-16.08,-5.808],[-16.261,-6.271],[-16.677,-6.24],[-17.092,-6.208],[-17.507,-6.176],[-17.923,-6.144],[-18.111,-6.601],[-18.299,-7.059],[-18.488,-7.516],[-18.677,-7.973],[-18.867,-8.43],[-19.057,-8.887],[-19.247,-9.344],[-19.438,-9.801],[-19.63,-10.258],[-19.822,-10.714],[-20.015,-11.171],[-20.208,-11.627],[-20.402,-12.083],[-20.596,-12.539],[-20.792,-12.995],[-20.988,-13.451],[-21.184,-13.907],[-21.382,-14.362],[-21.58,-14.817],[-21.779,-15.273],[-21.979,-15.728],[-22.18,-16.182],[-22.382,-16.637],[-22.585,-17.091],[-22.789,-17.546],[-22.994,-18.0],[-23.199,-18.453],[-23.406,-18.907],[-23.614,-19.36],[-23.824,-19.813],[-24.034,-20.266],[-24.246,-20.719],[-24.459,-21.171],[-24.673,-21.623],[-24.889,-22.075],[-25.106,-22.526],[-25.324,-22.978],[-25.544,-23.429],[-25.765,-23.879],[-25.988,-24.329],[-26.213,-24.779],[-26.439,-25.229],[-26.667,-25.678],[-26.896,-26.127],[-27.127,-26.576],[-27.361,-27.024],[-27.596,-27.472],[-27.832,-27.919],[-28.071,-28.366],[-28.312,-28.813],[-28.555,-29.259],[-28.8,-29.704],[-29.048,-30.15],[-29.297,-30.594],[-29.549,-31.039],[-29.803,-31.482]]}},{"type":"Feature","properties":{"boundary_type":"ridge","feature_type":"gpml:MidOceanRidge","polarity":null,"overriding_plate_id":null,"subducting_plate_id":null,"plate_ids":[10191,98043],"name":"Mirovoi-Proto Pacific Ridge"},"geometry":{"type":"LineString","coordinates":[[74.239,74.339],[75.672,74.656],[77.164,74.963],[78.715,75.26],[80.328,75.547],[82.003,75.822],[83.742,76.085],[85.545,76.335],[87.411,76.572],[89.342,76.794],[91.335,77.002],[93.389,77.194],[95.502,77.369],[97.671,77.528],[99.892,77.669],[102.16,77.791],[104.469,77.894],[106.814,77.978],[109.187,78.043],[111.582,78.087],[113.991,78.111],[116.404,78.114],[118.815,78.097],[121.216,78.059],[123.597,78.001],[125.952,77.924],[128.273,77.827],[130.555,77.71],[132.792,77.575],[134.978,77.423],[137.109,77.253],[139.183,77.066],[141.196,76.863],[143.147,76.646],[145.035,76.413],[146.858,76.168],[148.618,75.909],[150.313,75.637],[151.946,75.355],[153.517,75.061],[155.028,74.757],[156.48,74.443],[157.876,74.12],[159.216,73.788],[160.504,73.449],[161.74,73.101],[162.928,72.747],[164.069,72.386],[165.165,72.019],[166.219,71.645],[167.231,71.266],[168.205,70.882],[169.141,70.493],[170.042,70.1],[170.909,69.702],[171.744,69.3],[172.548,68.894],[173.324,68.484],[174.071,68.071],[174.792,67.654],[175.489,67.235],[176.161,66.813],[176.81,66.387],[177.437,65.96],[178.044,65.53],[178.631,65.097],[179.199,64.662],[179.75,64.225],[-179.717,63.786],[-179.2,63.346],[-178.402,63.626],[-177.587,63.902],[-176.757,64.173],[-175.91,64.439],[-175.047,64.701],[-174.167,64.957],[-173.27,65.208],[-172.356,65.454],[-171.891,64.999],[-171.442,64.542],[-171.007,64.085],[-170.587,63.626],[-170.18,63.166],[-169.786,62.705],[-169.403,62.242],[-169.033,61.779],[-168.673,61.315],[-168.324,60.849],[-167.985,60.383],[-167.655,59.916],[-167.335,59.449],[-167.023,58.98],[-166.72,58.511],[-166.425,58.041],[-166.137,57.57],[-165.857,57.099],[-165.584,56.627],[-165.317,56.155],[-165.057,55.682],[-164.804,55.209],[-164.556,54.735],[-164.314,54.26],[-164.077,53.785],[-163.846,53.31],[-163.62,52.834],[-163.399,52.357],[-163.182,51.881],[-162.97,51.404],[-162.763,50.926],[-162.559,50.448],[-162.36,49.97],[-162.164,49.492],[-161.973,49.013],[-161.785,48.534],[-161.6,48.054],[-161.419,47.574],[-161.242,47.094],[-161.067,46.614],[-160.896,46.134],[-160.727,45.653],[-160.562,45.172],[-160.399,44.691],[-160.238,44.209],[-160.081,43.727],[-159.926,43.245],[-159.773,42.763],[-159.623,42.281],[-159.475,41.798],[-159.329,41.316],[-159.185,40.833],[-159.044,40.35],[-158.904,39.866],[-158.767,39.383],[-158.631,38.899],[-158.497,38.416],[-158.365,37.932],[-158.235,37.448],[-158.106,36.964],[-157.979,36.479],[-157.853,35.995],[-157.73,35.51],[-157.607,35.026],[-157.115,35.12],[-156.623,35.213],[-156.129,35.304],[-155.634,35.393],[-155.137,35.48],[-155.06,34.995],[-154.983,34.51],[-154.907,34.025],[-154.832,33.54],[-154.758,33.054],[-154.684,32.569],[-154.612,32.084],[-154.54,31.599],[-154.469,31.113],[-154.398,30.628],[-154.329,30.142],[-154.26,29.657],[-154.191,29.171],[-154.124,28.686],[-154.057,28.2],[-153.99,27.715],[-153.924,27.229],[-153.859,26.743],[-153.794,26.258],[-153.73,25.772],[-153.667,25.286]]}},{"type":"Feature","properties":{"boundary_type":"ridge","feature_type":"gpml:MidOceanRidge","polarity":null,"overriding_plate_id":null,"subducting_plate_id":null,"plate_ids":[10191,98043],"name":"MoR triple junction"},"geometry":{"type":"LineString","coordinates":[[74.239,74.339],[74.65,73.852],[75.039,73.365],[75.405,72.877],[75.752,72.389],[76.081,71.899],[76.393,71.41],[76.69,70.919],[76.972,70.429],[77.241,69.938],[77.498,69.446],[77.743,68.954],[77.978,68.462],[78.202,67.97],[78.417,67.477]]}},{"type":"Feature","properties":{"boundary_type":"ridge","feature_type":"gpml:MidOceanRidge","polarity":null,"overriding_plate_id":null,"subducting_plate_id":null,"plate_ids":[10191,9804411],"name":"MoR triple junction"},"geometry":{"type":"LineString","coordinates":[[78.417,67.477],[78.612,67.014],[78.798,66.551],[78.978,66.087],[79.152,65.623],[79.319,65.159],[79.481,64.695],[79.637,64.231],[79.788,63.767],[79.935,63.302],[80.076,62.837],[80.213,62.372],[80.346,61.907],[80.475,61.442],[81.272,61.553],[82.075,61.659],[82.883,61.76],[83.697,61.856],[83.746,61.368],[83.793,60.88],[83.839,60.392],[83.883,59.904],[83.927,59.415],[83.969,58.927],[84.01,58.439],[84.049,57.951],[84.088,57.463],[84.126,56.975],[84.162,56.486],[84.198,55.998],[84.233,55.51],[84.267,55.022],[84.3,54.533],[84.333,54.045],[84.364,53.557],[84.395,53.069],[84.426,52.58],[84.455,52.092],[84.484,51.604],[84.512,51.116],[84.54,50.627],[84.567,50.139],[84.594,49.651],[84.62,49.162],[84.646,48.674],[84.671,48.186],[84.695,47.697],[84.719,47.209],[84.743,46.721],[84.766,46.232],[84.789,45.744],[84.812,45.256],[84.834,44.767],[84.856,44.279],[84.877,43.79],[84.898,43.302],[85.359,43.406],[85.822,43.507],[86.286,43.607],[86.288,43.119],[86.289,42.63],[86.291,42.142],[86.293,41.653],[86.294,41.165],[86.295,40.676],[86.297,40.188],[86.298,39.699],[86.3,39.21],[86.301,38.722],[86.302,38.233],[86.304,37.745],[86.305,37.256],[86.306,36.768],[86.308,36.279],[86.309,35.791],[86.31,35.302],[86.311,34.814],[86.313,34.325],[86.314,33.837],[86.315,33.348],[86.316,32.86],[86.317,32.371]]}},{"type":"Feature","properties":{"boundary_type":"transform","feature_type":"gpml:Transform","polarity":null,"overriding_plate_id":null,"subducting_plate_id":null,"plate_ids":[401,401],"name":"transform"},"geometry":{"type":"LineString","coordinates":[[-89.983,-10.122],[-90.452,-10.043],[-90.921,-9.963],[-91.39,-9.883],[-91.858,-9.802],[-92.327,-9.72],[-92.795,-9.637],[-93.263,-9.554],[-93.73,-9.471],[-94.198,-9.386],[-94.665,-9.301],[-95.132,-9.216],[-95.599,-9.13]]}},{"type":"Feature","properties":{"boundary_type":"transform","feature_type":"gpml:Transform","polarity":null,"overriding_plate_id":null,"subducting_plate_id":null,"plate_ids":[456,701],"name":"transform"},"geometry":{"type":"LineString","coordinates":[[64.303,-18.277],[64.671,-18.484],[65.04,-18.689],[65.425,-18.936],[65.811,-19.181],[66.198,-19.426],[66.587,-19.67],[66.977,-19.913],[67.368,-20.156],[67.76,-20.397],[68.181,-20.509],[68.603,-20.62],[69.025,-20.729],[69.448,-20.838],[69.872,-20.946]]}},{"type":"Feature","properties":{"boundary_type":"transform","feature_type":"gpml:Transform","polarity":null,"overriding_plate_id":null,"subducting_plate_id":null,"plate_ids":[451,460],"name":"Tarim transform"},"geometry":{"type":"LineString","coordinates":[[43.831,-5.065],[44.196,-4.83],[44.56,-4.594],[44.925,-4.358],[45.347,-4.106],[45.768,-3.853]]}},{"type":"Feature","properties":{"boundary_type":"transform","feature_type":"gpml:Transform","polarity":null,"overriding_plate_id":null,"subducting_plate_id":null,"plate_ids":[451,580],"name":"Tarim transform"},"geometry":{"type":"LineString","coordinates":[[45.768,-3.853],[46.181,-3.606],[46.594,-3.357],[47.007,-3.109],[47.42,-2.861],[47.832,-2.612],[48.245,-2.363],[48.657,-2.115],[49.069,-1.866],[49.481,-1.617],[49.949,-1.585],[50.416,-1.553],[50.884,-1.521],[51.351,-1.489],[51.819,-1.457],[52.155,-1.498],[52.492,-1.54],[52.829,-1.581]]}},{"type":"Feature","properties":{"boundary_type":"transform","feature_type":"gpml:Transform","polarity":null,"overriding_plate_id":null,"subducting_plate_id":null,"plate_ids":[401,98043],"name":"Siberia-CMT transform"},"geometry":{"type":"LineString","coordinates":[[-78.076,10.156],[-78.196,9.846],[-78.413,9.441],[-78.63,9.037],[-78.847,8.632],[-79.206,8.353],[-79.564,8.072],[-79.921,7.792],[-80.279,7.511],[-80.635,7.23],[-80.991,6.949],[-81.326,6.667],[-81.661,6.384],[-81.995,6.102],[-82.328,5.819],[-82.661,5.536],[-82.994,5.253]]}},{"type":"Feature","properties":{"boundary_type":"transform","feature_type":"gpml:Transform","polarity":null,"overriding_plate_id":null,"subducting_plate_id":null,"plate_ids":[701,801],"name":"Aus-India transform"},"geometry":{"type":"LineString","coordinates":[[98.065,-14.394],[98.516,-14.598],[98.969,-14.8],[99.424,-15.033],[99.881,-15.264],[100.338,-15.495],[100.797,-15.724],[101.256,-15.953],[101.717,-16.181],[102.179,-16.407],[102.641,-16.633],[103.105,-16.858],[103.57,-17.081],[104.036,-17.304],[104.503,-17.525],[104.972,-17.746],[105.441,-17.965],[105.912,-18.183],[106.383,-18.4],[106.856,-18.616],[107.331,-18.831],[107.806,-19.044],[108.283,-19.256],[108.76,-19.467],[109.239,-19.677],[109.744,-19.829],[110.25,-19.979],[110.756,-20.128],[111.264,-20.276],[111.773,-20.422],[112.282,-20.567],[112.679,-20.539],[113.075,-20.51],[113.492,-20.329],[113.908,-20.146],[114.323,-19.963],[114.682,-19.839],[115.04,-19.715]]}},{"type":"Feature","properties":{"boundary_type":"transform","feature_type":"gpml:Transform","polarity":null,"overriding_plate_id":null,"subducting_plate_id":null,"plate_ids":[451,580],"name":"Tarim-Alxa transform"},"geometry":{"type":"LineString","coordinates":[[52.829,-1.581],[53.078,-1.904],[53.419,-2.225],[53.76,-2.547],[54.101,-2.868],[54.442,-3.19],[54.784,-3.511],[55.126,-3.832],[55.468,-4.153],[55.81,-4.474],[56.153,-4.794],[56.496,-5.115],[56.839,-5.435],[57.183,-5.755],[57.527,-6.075],[57.872,-6.394],[58.217,-6.714],[58.609,-7.006],[59.002,-7.297],[59.396,-7.588],[59.79,-7.879],[60.184,-8.17],[60.58,-8.46],[60.975,-8.749],[61.372,-9.039],[61.769,-9.328],[62.167,-9.616],[62.565,-9.904],[62.964,-10.191],[63.364,-10.478],[63.764,-10.765],[64.166,-11.051]]}},{"type":"Feature","properties":{"boundary_type":"transform","feature_type":"gpml:Transform","polarity":null,"overriding_plate_id":null,"subducting_plate_id":null,"plate_ids":[602,701],"name":"South China-Arabia transform"},"geometry":{"type":"LineString","coordinates":[[69.393,-30.801],[69.456,-30.475],[69.519,-30.149],[69.565,-29.676],[69.611,-29.203],[69.656,-28.731],[69.7,-28.258],[69.745,-27.785],[69.789,-27.313],[69.832,-26.84],[69.875,-26.367],[69.895,-25.877],[69.914,-25.386],[69.933,-24.895],[69.952,-24.404],[69.97,-23.914],[69.989,-23.423],[69.997,-22.969],[70.006,-22.514],[70.014,-22.059],[70.023,-21.605],[69.947,-21.275],[69.872,-20.946]]}},{"type":"Feature","properties":{"boundary_type":"transform","feature_type":"gpml:Transform","polarity":null,"overriding_plate_id":null,"subducting_plate_id":null,"plate_ids":[456,602],"name":"South China-Arabia transform"},"geometry":{"type":"LineString","coordinates":[[69.872,-20.946],[69.766,-20.482]]}},{"type":"Feature","properties":{"boundary_type":"transform","feature_type":"gpml:Transform","polarity":null,"overriding_plate_id":null,"subducting_plate_id":null,"plate_ids":[602,801],"name":"transform"},"geometry":{"type":"LineString","coordinates":[[86.497,2.892],[86.899,3.14],[87.3,3.389],[87.702,3.637],[88.105,3.884],[88.507,4.132],[88.91,4.379],[89.313,4.627],[89.716,4.874],[90.12,5.12],[90.523,5.367],[90.928,5.613]]}},{"type":"Feature","properties":{"boundary_type":"transform","feature_type":"gpml:Transform","polarity":null,"overriding_plate_id":null,"subducting_plate_id":null,"plate_ids":[580,701],"name":"South Tianshan-Tarim transform"},"geometry":{"type":"LineString","coordinates":[[55.702,-20.772],[56.217,-20.853],[56.733,-20.932],[57.249,-21.01],[57.766,-21.087],[58.283,-21.162],[58.801,-21.235],[59.319,-21.306],[59.838,-21.377]]}},{"type":"Feature","properties":{"boundary_type":"transform","feature_type":"gpml:Transform","polarity":null,"overriding_plate_id":null,"subducting_plate_id":null,"plate_ids":[401,98043],"name":"Siberia transform"},"geometry":{"type":"LineString","coordinates":[[-83.196,13.13],[-83.069,13.395],[-82.904,13.854],[-82.739,14.312]]}},{"type":"Feature","properties":{"boundary_type":"transform","feature_type":"gpml:Transform","polarity":null,"overriding_plate_id":null,"subducting_plate_id":null,"plate_ids":[22031,22041],"name":"transform"},"geometry":{"type":"LineString","coordinates":[[173.032,-39.799],[173.009,-40.199],[172.986,-40.599],[172.999,-40.978],[173.013,-41.358],[173.026,-41.737],[173.039,-42.178],[173.051,-42.618],[173.064,-43.059],[172.98,-43.487],[172.895,-43.915],[172.808,-44.343],[172.721,-44.771],[172.67,-45.179],[172.618,-45.586],[172.565,-45.994],[172.511,-46.402],[172.457,-46.81],[172.349,-47.139],[172.24,-47.468],[172.129,-47.797]]}},{"type":"Feature","properties":{"boundary_type":"transform","feature_type":"gpml:Transform","polarity":null,"overriding_plate_id":null,"subducting_plate_id":null,"plate_ids":[22031,22041],"name":"Iapetus Transform"},"geometry":{"type":"LineString","coordinates":[[172.129,-47.797],[172.289,-48.189],[172.451,-48.58],[172.616,-48.971],[172.783,-49.362],[172.991,-49.813],[173.202,-50.264],[173.417,-50.715],[173.636,-51.165],[173.86,-51.615],[174.088,-52.064],[174.321,-52.513],[174.54,-52.939],[174.763,-53.365],[174.99,-53.79],[175.222,-54.215],[175.459,-54.639]]}},{"type":"Feature","properties":{"boundary_type":"transform","feature_type":"gpml:Transform","polarity":null,"overriding_plate_id":null,"subducting_plate_id":null,"plate_ids":[22031,22041],"name":"RDLP-Gondwana transform"},"geometry":{"type":"LineString","coordinates":[[161.15,-32.473],[160.957,-32.931],[160.763,-33.389],[160.567,-33.846],[160.369,-34.304],[160.168,-34.76],[159.966,-35.217],[159.761,-35.673],[159.554,-36.129],[159.344,-36.584],[159.132,-37.039],[158.917,-37.494],[158.699,-37.948],[158.479,-38.402],[158.27,-38.873],[158.057,-39.343],[157.842,-39.813],[157.623,-40.282],[157.402,-40.751],[157.177,-41.22],[156.949,-41.688],[156.718,-42.155],[156.484,-42.622]]}},{"type":"Feature","properties":{"boundary_type":"transform","feature_type":"gpml:Transform","polarity":null,"overriding_plate_id":null,"subducting_plate_id":null,"plate_ids":[701,22041],"name":"RDLP-Gondwana transform"},"geometry":{"type":"LineString","coordinates":[[156.484,-42.622],[156.261,-43.059],[156.036,-43.494]]}},{"type":"Feature","properties":{"boundary_type":"transform","feature_type":"gpml:Transform","polarity":null,"overriding_plate_id":null,"subducting_plate_id":null,"plate_ids":[101,22031],"name":"transform"},"geometry":{"type":"LineString","coordinates":[[-128.337,-30.457],[-128.079,-30.891],[-127.82,-31.325],[-127.557,-31.757],[-127.293,-32.19],[-127.026,-32.621],[-126.756,-33.052],[-126.484,-33.483],[-126.209,-33.913],[-125.931,-34.342],[-125.65,-34.771],[-125.409,-35.207],[-125.165,-35.643],[-124.918,-36.078],[-124.669,-36.513],[-124.417,-36.947],[-124.161,-37.381],[-123.903,-37.814],[-123.642,-38.247],[-123.378,-38.679],[-123.111,-39.11],[-122.84,-39.541],[-122.566,-39.971],[-122.288,-40.401],[-122.007,-40.83],[-121.722,-41.258],[-121.434,-41.685],[-121.141,-42.112],[-120.845,-42.538],[-120.544,-42.963],[-120.24,-43.387],[-119.931,-43.811]]}},{"type":"Feature","properties":{"boundary_type":"transform","feature_type":"gpml:Transform","polarity":null,"overriding_plate_id":null,"subducting_plate_id":null,"plate_ids":[302,22031],"name":"transform"},"geometry":{"type":"LineString","coordinates":[[-119.931,-43.811],[-119.64,-44.204],[-119.345,-44.596],[-119.046,-44.987],[-118.743,-45.378],[-118.435,-45.768],[-118.124,-46.157],[-117.807,-46.545],[-117.642,-47.011],[-117.474,-47.477],[-117.303,-47.942],[-117.129,-48.408],[-116.951,-48.873],[-116.77,-49.338],[-116.586,-49.802],[-116.398,-50.266],[-116.207,-50.73],[-116.011,-51.194],[-115.812,-51.657],[-115.608,-52.12],[-115.401,-52.582],[-115.188,-53.045],[-114.972,-53.506],[-114.75,-53.968],[-114.524,-54.429]]}},{"type":"Feature","properties":{"boundary_type":"transform","feature_type":"gpml:Transform","polarity":null,"overriding_plate_id":null,"subducting_plate_id":null,"plate_ids":[201,302],"name":"transform"},"geometry":{"type":"LineString","coordinates":[[-114.524,-54.429],[-114.307,-54.86],[-114.085,-55.291],[-113.859,-55.721],[-113.628,-56.152],[-113.391,-56.581],[-113.149,-57.01],[-112.901,-57.439],[-112.741,-57.834],[-112.578,-58.228],[-112.411,-58.622]]}},{"type":"Feature","properties":{"boundary_type":"transform","feature_type":"gpml:Transform","polarity":null,"overriding_plate_id":null,"subducting_plate_id":null,"plate_ids":[101,10191],"name":"Proto-pacific transform"},"geometry":{"type":"LineString","coordinates":[[167.77,-18.167],[167.929,-17.906],[168.087,-17.645],[168.285,-17.189],[168.481,-16.733],[168.677,-16.276],[168.872,-15.82],[169.066,-15.363],[169.259,-14.907],[169.451,-14.45],[169.643,-13.993],[169.833,-13.535],[170.023,-13.078],[170.213,-12.62],[170.401,-12.163],[170.589,-11.705],[170.777,-11.247],[170.963,-10.789],[171.149,-10.331],[171.335,-9.873],[171.412,-9.421],[171.488,-8.968],[171.564,-8.516],[171.64,-8.064],[171.715,-7.611],[171.791,-7.159],[171.866,-6.706],[171.942,-6.254],[172.029,-5.772],[172.116,-5.29],[172.203,-4.808],[172.289,-4.326],[172.376,-3.844],[172.462,-3.362],[172.549,-2.88],[172.635,-2.398],[172.722,-1.916],[172.808,-1.434],[172.894,-0.952],[172.98,-0.47],[173.066,0.012],[173.153,0.494],[173.239,0.976],[173.21,1.463],[173.181,1.949],[173.152,2.436],[173.123,2.922],[173.094,3.408],[173.065,3.895],[173.036,4.381],[173.007,4.868]]}},{"type":"Feature","properties":{"boundary_type":"transform","feature_type":"gpml:Transform","polarity":null,"overriding_plate_id":null,"subducting_plate_id":null,"plate_ids":[801,22031],"name":"Mawson-Antarctica transform"},"geometry":{"type":"LineString","coordinates":[[140.176,-33.001],[140.639,-32.716],[141.1,-32.43],[141.557,-32.141],[141.93,-31.806],[142.3,-31.469],[142.667,-31.131],[143.032,-30.792],[143.395,-30.452],[143.754,-30.111],[144.153,-29.754],[144.548,-29.396],[144.941,-29.036],[145.331,-28.676],[145.718,-28.314],[146.103,-27.951],[146.368,-27.604],[146.631,-27.256],[146.893,-26.908],[147.153,-26.559],[147.412,-26.21],[147.669,-25.86],[147.936,-25.468],[148.202,-25.076],[148.465,-24.684],[148.727,-24.29],[148.988,-23.897],[149.247,-23.503],[149.504,-23.108],[149.76,-22.714],[150.014,-22.318],[150.294,-21.9],[150.571,-21.482]]}},{"type":"Feature","properties":{"boundary_type":"transform","feature_type":"gpml:Transform","polarity":null,"overriding_plate_id":null,"subducting_plate_id":null,"plate_ids":[459,460],"name":"Tianshan transform"},"geometry":{"type":"LineString","coordinates":[[14.544,-43.436],[14.708,-43.877],[14.873,-44.317],[15.041,-44.758],[15.212,-45.198],[15.385,-45.638],[15.561,-46.078],[15.74,-46.517],[15.922,-46.956],[16.107,-47.395],[16.295,-47.834],[16.486,-48.272],[16.757,-48.678],[17.032,-49.083]]}},{"type":"Feature","properties":{"boundary_type":"transform","feature_type":"gpml:Transform","polarity":null,"overriding_plate_id":null,"subducting_plate_id":null,"plate_ids":[701,701],"name":"Cadomian Transform"},"geometry":{"type":"LineString","coordinates":[[16.227,-60.636],[15.6,-60.276],[14.987,-59.913],[14.387,-59.547],[13.801,-59.178],[13.226,-58.807],[12.664,-58.433],[12.114,-58.057],[11.575,-57.678],[11.048,-57.298],[10.531,-56.915],[10.025,-56.53],[9.529,-56.143],[9.043,-55.754],[8.566,-55.363],[8.099,-54.97],[7.641,-54.576],[7.192,-54.18],[6.751,-53.782],[6.319,-53.382]]}},{"type":"Feature","properties":{"boundary_type":"transform","feature_type":"gpml:Transform","polarity":null,"overriding_plate_id":null,"subducting_plate_id":null,"plate_ids":[460,701],"name":"Cadomian Transform"},"geometry":{"type":"LineString","coordinates":[[6.319,-53.382],[6.152,-53.226],[5.924,-52.77],[5.701,-52.314],[5.482,-51.857],[5.268,-51.401],[5.058,-50.943],[4.852,-50.485],[4.65,-50.027],[4.452,-49.569],[4.257,-49.11],[4.066,-48.651],[3.879,-48.192],[3.695,-47.732],[3.514,-47.272],[3.336,-46.812],[3.161,-46.352],[2.989,-45.891]]}},{"type":"Feature","properties":{"boundary_type":"transform","feature_type":"gpml:Transform","polarity":null,"overriding_plate_id":null,"subducting_plate_id":null,"plate_ids":[459,460],"name":"Tianshan transform"},"geometry":{"type":"LineString","coordinates":[[40.844,-29.15],[41.176,-29.503],[41.51,-29.855],[41.846,-30.207],[42.184,-30.557],[42.367,-30.774]]}},{"type":"Feature","properties":{"boundary_type":"transform","feature_type":"gpml:Transform","polarity":null,"overriding_plate_id":null,"subducting_plate_id":null,"plate_ids":[701,701],"name":"Transform"},"geometry":{"type":"LineString","coordinates":[[40.944,-32.999],[41.432,-33.161],[41.922,-33.321],[42.415,-33.478],[42.909,-33.634],[43.404,-33.788],[43.902,-33.94],[44.401,-34.09]]}},{"type":"Feature","properties":{"boundary_type":"transform","feature_type":"gpml:Transform","polarity":null,"overriding_plate_id":null,"subducting_plate_id":null,"plate_ids":[601,9804411],"name":"transform"},"geometry":{"type":"LineString","coordinates":[[69.759,20.734],[70.137,21.08],[70.517,21.425],[70.898,21.769],[71.281,22.112],[71.666,22.455],[72.053,22.796],[72.442,23.137],[72.833,23.477],[73.226,23.815],[73.621,24.153],[74.018,24.49],[74.417,24.825],[74.829,25.111],[75.243,25.396],[75.659,25.68],[76.077,25.963],[76.497,26.244],[76.919,26.524],[77.343,26.803],[77.769,27.081],[78.197,27.357],[78.627,27.632],[79.06,27.906],[79.462,28.197],[79.867,28.488],[80.274,28.778],[80.683,29.066],[81.094,29.353],[81.508,29.639],[81.924,29.924],[82.342,30.207],[82.763,30.489],[83.186,30.769],[83.612,31.048],[84.057,31.273],[84.505,31.495],[84.955,31.717],[85.407,31.936],[85.861,32.155],[86.317,32.371]]}},{"type":"Feature","properties":{"boundary_type":"transform","feature_type":"gpml:Transform","polarity":null,"overriding_plate_id":null,"subducting_plate_id":null,"plate_ids":[601,10191],"name":"transform"},"geometry":{"type":"LineString","coordinates":[[86.317,32.371],[86.783,32.589],[87.251,32.806],[87.722,33.02],[88.195,33.233],[88.67,33.445],[89.147,33.654],[89.627,33.861],[90.109,34.067]]}},{"type":"Feature","properties":{"boundary_type":"transform","feature_type":"gpml:Transform","polarity":null,"overriding_plate_id":null,"subducting_plate_id":null,"plate_ids":[601,9804411],"name":"transform"},"geometry":{"type":"LineString","coordinates":[[63.363,19.716],[63.469,19.716],[63.983,19.818],[64.497,19.919],[65.012,20.018],[65.528,20.116],[66.044,20.212],[66.507,20.282],[66.97,20.35],[67.434,20.417],[67.899,20.483],[68.363,20.547],[68.828,20.611],[69.294,20.673],[69.759,20.734]]}},{"type":"Feature","properties":{"boundary_type":"transform","feature_type":"gpml:Transform","polarity":null,"overriding_plate_id":null,"subducting_plate_id":null,"plate_ids":[401,98043],"name":"Laurentia-Siberia transform"},"geometry":{"type":"LineString","coordinates":[[-126.629,6.539],[-126.337,6.772],[-126.045,7.005],[-125.753,7.237],[-125.39,7.49],[-125.027,7.743],[-124.663,7.995],[-124.299,8.247],[-123.934,8.499],[-123.569,8.75],[-123.203,9.001],[-122.837,9.251],[-122.538,9.59],[-122.237,9.928],[-121.936,10.266],[-121.635,10.604],[-121.332,10.941],[-121.029,11.278],[-120.726,11.615],[-120.421,11.951],[-120.202,12.336],[-119.983,12.72],[-119.762,13.104],[-119.541,13.488],[-119.32,13.871],[-119.097,14.255],[-118.874,14.638],[-118.734,15.117],[-118.593,15.596],[-118.452,16.076],[-118.31,16.555],[-118.168,17.034],[-118.025,17.512],[-117.907,17.985],[-117.79,18.457],[-117.671,18.93],[-117.552,19.402],[-117.433,19.874],[-117.312,20.346],[-117.191,20.818],[-117.069,21.29],[-116.916,21.749],[-116.761,22.207],[-116.606,22.666],[-116.449,23.124],[-116.292,23.582],[-116.133,24.04],[-115.973,24.498],[-115.812,24.956],[-115.65,25.413],[-115.487,25.871],[-115.322,26.328],[-115.156,26.785],[-114.989,27.241],[-114.82,27.698],[-114.65,28.154],[-114.478,28.61],[-114.27,29.013],[-114.061,29.416],[-113.849,29.818]]}},{"type":"Feature","properties":{"boundary_type":"transform","feature_type":"gpml:Transform","polarity":null,"overriding_plate_id":null,"subducting_plate_id":null,"plate_ids":[801,10191],"name":"NAC transform"},"geometry":{"type":"LineString","coordinates":[[98.83,21.177],[99.166,21.446],[99.503,21.715],[99.975,21.927],[100.448,22.137],[100.923,22.346],[101.399,22.554],[101.877,22.76],[102.356,22.965],[102.837,23.168],[103.319,23.37],[103.802,23.571],[104.287,23.77],[104.774,23.967]]}},{"type":"Feature","properties":{"boundary_type":"transform","feature_type":"gpml:Transform","polarity":null,"overriding_plate_id":null,"subducting_plate_id":null,"plate_ids":[101,401],"name":"Siberia-Laurentia transform"},"geometry":{"type":"LineString","coordinates":[[-114.616,-13.821],[-114.174,-13.705],[-113.733,-13.589],[-113.292,-13.471],[-112.852,-13.353],[-112.412,-13.234],[-111.98,-13.332],[-111.548,-13.43],[-111.116,-13.527],[-110.683,-13.622],[-110.25,-13.718],[-109.816,-13.812],[-109.383,-13.906],[-108.955,-14.136],[-108.527,-14.365],[-108.098,-14.593],[-107.668,-14.821]]}},{"type":"Feature","properties":{"boundary_type":"transform","feature_type":"gpml:Transform","polarity":null,"overriding_plate_id":null,"subducting_plate_id":null,"plate_ids":[801,10191],"name":"Aus transform"},"geometry":{"type":"LineString","coordinates":[[114.231,13.652],[114.432,14.087],[114.633,14.523],[114.735,14.677]]}},{"type":"Feature","properties":{"boundary_type":"transform","feature_type":"gpml:Transform","polarity":null,"overriding_plate_id":null,"subducting_plate_id":null,"plate_ids":[8013,10191],"name":"Aus transform"},"geometry":{"type":"LineString","coordinates":[[114.735,14.677],[114.98,15.046],[115.227,15.415],[115.474,15.784],[115.722,16.152],[115.971,16.521],[116.221,16.889],[116.472,17.256],[116.724,17.623],[117.028,17.984],[117.334,18.343],[117.641,18.702],[117.949,19.061],[118.259,19.419],[118.57,19.777],[118.883,20.134],[119.197,20.49],[119.512,20.846],[119.829,21.201],[120.147,21.556],[120.467,21.91]]}},{"type":"Feature","properties":{"boundary_type":"transform","feature_type":"gpml:Transform","polarity":null,"overriding_plate_id":null,"subducting_plate_id":null,"plate_ids":[701,801],"name":"small transform between Lhasa and India"},"geometry":{"type":"LineString","coordinates":[[95.357,-17.37],[95.488,-17.258],[95.81,-16.907],[96.131,-16.555],[96.451,-16.202],[96.769,-15.849],[97.087,-15.496],[97.404,-15.142],[97.719,-14.788],[98.033,-14.433],[98.065,-14.394]]}},{"type":"Feature","properties":{"boundary_type":"transform","feature_type":"gpml:Transform","polarity":null,"overriding_plate_id":null,"subducting_plate_id":null,"plate_ids":[8013,10191],"name":"Aus transform"},"geometry":{"type":"LineString","coordinates":[[148.092,-19.638],[148.389,-19.274],[148.685,-18.909],[148.98,-18.545],[149.273,-18.179],[149.565,-17.814],[149.856,-17.485],[150.146,-17.157],[150.435,-16.827],[150.723,-16.498],[151.01,-16.168],[151.296,-15.838],[151.355,-15.764]]}},{"type":"Feature","properties":{"boundary_type":"transform","feature_type":"gpml:Transform","polarity":null,"overriding_plate_id":null,"subducting_plate_id":null,"plate_ids":[1019,10191],"name":"Transform closing west coast laurentia rift"},"geometry":{"type":"LineString","coordinates":[[179.919,10.549],[179.811,11.036],[179.702,11.524],[179.593,12.011],[179.483,12.499],[179.373,12.986],[179.263,13.474],[179.152,13.961],[179.041,14.448],[178.929,14.936],[178.817,15.423],[178.704,15.91],[178.591,16.397],[178.477,16.884],[178.362,17.371],[178.247,17.858],[178.224,17.951]]}},{"type":"Feature","properties":{"boundary_type":"transform","feature_type":"gpml:Transform","polarity":null,"overriding_plate_id":null,"subducting_plate_id":null,"plate_ids":[1019,98043],"name":"Transform closing west coast laurentia rift"},"geometry":{"type":"LineString","coordinates":[[-130.11,16.296],[-130.151,16.78],[-130.192,17.264],[-130.233,17.748],[-130.274,18.232],[-130.316,18.716],[-130.358,19.2],[-130.4,19.684],[-130.443,20.168],[-130.485,20.652],[-130.528,21.136],[-130.571,21.619],[-130.615,22.103],[-130.629,22.251]]}},{"type":"Feature","properties":{"boundary_type":"transform","feature_type":"gpml:Transform","polarity":null,"overriding_plate_id":null,"subducting_plate_id":null,"plate_ids":[10191,22031],"name":"Iapetus-Pacific Transform"},"geometry":{"type":"LineString","coordinates":[[155.557,-26.301],[155.896,-26.003],[156.233,-25.704],[156.525,-25.302],[156.816,-24.899],[157.105,-24.495],[157.392,-24.091],[157.677,-23.687],[157.96,-23.282],[158.242,-22.877],[158.522,-22.471],[158.8,-22.064],[159.077,-21.657],[159.352,-21.25],[159.625,-20.842],[159.897,-20.434],[160.168,-20.025],[160.437,-19.616],[160.705,-19.206],[160.972,-18.796],[161.186,-18.407],[161.399,-18.017],[161.611,-17.626],[161.822,-17.236],[162.032,-16.845],[162.242,-16.454],[162.45,-16.063]]}},{"type":"Feature","properties":{"boundary_type":"transform","feature_type":"gpml:Transform","polarity":null,"overriding_plate_id":null,"subducting_plate_id":null,"plate_ids":[401,98043],"name":"Siberia transform"},"geometry":{"type":"LineString","coordinates":[[-77.706,-0.293],[-77.266,-0.528],[-76.827,-0.763],[-76.388,-0.998],[-75.949,-1.233],[-75.509,-1.468],[-75.07,-1.703],[-74.63,-1.938],[-74.191,-2.172],[-73.751,-2.407],[-73.311,-2.641],[-72.871,-2.875],[-72.43,-3.109],[-71.99,-3.343],[-71.549,-3.577],[-71.108,-3.81],[-70.667,-4.043],[-70.226,-4.276],[-69.784,-4.509],[-69.342,-4.741],[-68.9,-4.974],[-68.457,-5.205],[-68.014,-5.437],[-67.571,-5.668],[-67.127,-5.899]]}},{"type":"Feature","properties":{"boundary_type":"transform","feature_type":"gpml:Transform","polarity":null,"overriding_plate_id":null,"subducting_plate_id":null,"plate_ids":[456,601],"name":"Qinling transform"},"geometry":{"type":"LineString","coordinates":[[71.564,-0.198],[71.176,-0.041],[70.789,0.116],[70.359,0.211],[69.929,0.306],[69.499,0.401],[69.069,0.495]]}},{"type":"Feature","properties":{"boundary_type":"transform","feature_type":"gpml:Transform","polarity":null,"overriding_plate_id":null,"subducting_plate_id":null,"plate_ids":[201,701],"name":"transform closing WAC plate"},"geometry":{"type":"LineString","coordinates":[[-105.276,-60.225],[-105.831,-60.631],[-106.399,-61.034],[-106.982,-61.436],[-107.581,-61.834],[-108.195,-62.23],[-108.825,-62.624]]}}]}