{"type":"FeatureCollection","meta":{"model":"Cao2024","reconstruction_time_ma":135.0,"anchor_plate_id":0,"pygplates_version":"1.0.0","tessellate_degrees":0.5,"polarity_convention":"gpml:subductionPolarity. 'Left'/'Right' names the side of the line, in vertex order, on which the OVERRIDING plate lies. Triangles are drawn on that side.","antimeridian":"Lines are NOT split at +/-180 deg. The renderer works in 3D unit vectors where the dateline is not special; splitting would only add spurious breaks. Do not treat this as RFC 7946 GIS-ready 2D data."},"features":[{"type":"Feature","properties":{"boundary_type":"other","feature_type":"gpml:ContinentalRift","polarity":null,"overriding_plate_id":null,"subducting_plate_id":null,"plate_ids":[801,802],"name":"Australia - Antarctica rift"},"geometry":{"type":"LineString","coordinates":[[-74.253,-74.711],[-74.814,-75.13],[-75.408,-75.547],[-76.035,-75.963],[-76.701,-76.377],[-77.407,-76.789],[-78.157,-77.199],[-78.957,-77.607],[-79.403,-78.052],[-79.884,-78.496],[-80.403,-78.94],[-80.964,-79.383],[-81.574,-79.824],[-82.238,-80.264],[-82.483,-80.708],[-82.752,-81.151],[-83.049,-81.593],[-83.379,-82.036],[-82.23,-82.494],[-80.933,-82.949],[-79.459,-83.4],[-77.771,-83.846],[-76.193,-84.264],[-74.369,-84.677],[-72.241,-85.084],[-69.735,-85.483],[-66.751,-85.872],[-62.458,-86.233],[-57.29,-86.57],[-51.065,-86.872],[-43.618,-87.13],[-37.695,-87.373],[-30.664,-87.581],[-22.391,-87.81],[-12.454,-87.983],[-2.111,-88.129],[9.533,-88.206],[21.667,-88.204],[36.945,-88.428],[55.49,-88.512],[74.084,-88.432],[85.203,-88.086],[92.726,-87.691],[97.988,-87.267],[101.816,-86.827],[104.703,-86.376],[106.947,-85.918],[108.737,-85.455],[110.195,-84.989],[111.405,-84.519],[112.425,-84.048],[112.469,-83.603],[112.509,-83.157],[112.543,-82.711],[112.573,-82.266],[112.6,-81.82],[112.625,-81.375],[112.647,-80.929],[111.94,-80.497],[111.295,-80.063],[110.703,-79.628],[110.158,-79.192],[109.655,-78.755],[109.19,-78.318],[108.757,-77.879],[108.355,-77.44],[107.668,-77.005],[107.026,-76.568],[106.424,-76.129],[105.857,-75.689],[105.324,-75.248],[104.756,-74.813],[104.22,-74.376],[103.711,-73.938],[103.229,-73.499],[102.772,-73.059],[102.029,-72.721],[101.431,-72.392],[100.949,-72.152],[100.479,-71.911],[99.724,-71.586],[98.999,-71.279],[98.513,-71.101],[97.572,-70.774],[97.161,-70.572],[96.594,-70.399],[95.555,-70.081],[94.899,-69.883],[94.311,-69.672],[93.741,-69.423],[93.464,-69.213],[93.391,-69.064],[93.255,-68.807],[93.257,-68.525],[93.061,-68.18],[92.808,-67.951],[92.507,-67.755],[91.857,-67.51],[91.354,-67.349],[91.052,-67.236],[90.528,-67.053],[90.147,-66.898],[89.634,-66.714],[88.839,-66.392],[88.251,-66.202],[87.33,-65.94],[86.568,-65.711],[85.918,-65.563],[85.288,-65.44],[84.576,-65.31],[83.845,-65.198],[83.208,-65.08],[82.798,-64.952],[82.253,-64.697],[81.685,-64.535],[81.166,-64.294],[80.379,-63.943],[80.114,-63.782],[79.462,-63.551],[78.857,-63.372],[78.414,-63.226],[77.771,-63.074],[77.235,-62.939],[76.5,-62.729],[75.7,-62.499],[75.313,-62.365],[74.504,-62.038],[74.083,-61.798],[73.832,-61.539],[73.432,-61.284],[73.144,-61.126],[72.854,-60.885],[72.631,-60.636],[72.351,-60.364],[72.227,-60.208],[72.123,-60.11],[71.671,-59.782],[71.228,-59.493],[70.792,-59.203],[70.619,-58.824],[70.607,-58.781]]}},{"type":"Feature","properties":{"boundary_type":"other","feature_type":"gpml:ContinentalRift","polarity":null,"overriding_plate_id":null,"subducting_plate_id":null,"plate_ids":[701,802],"name":"India - Antarctica rift"},"geometry":{"type":"LineString","coordinates":[[19.577,-47.952],[19.867,-48.354],[20.162,-48.755],[20.462,-49.155],[20.956,-49.519]]}},{"type":"Feature","properties":{"boundary_type":"other","feature_type":"gpml:ContinentalRift","polarity":null,"overriding_plate_id":null,"subducting_plate_id":null,"plate_ids":[802],"name":"India - Antarctica rift"},"geometry":{"type":"LineString","coordinates":[[20.956,-49.519],[20.957,-49.519]]}},{"type":"Feature","properties":{"boundary_type":"other","feature_type":"gpml:ContinentalRift","polarity":null,"overriding_plate_id":null,"subducting_plate_id":null,"plate_ids":[801,802],"name":"India - Antarctica rift"},"geometry":{"type":"LineString","coordinates":[[20.957,-49.519],[21.435,-49.864],[21.919,-50.207],[22.411,-50.548],[22.91,-50.887],[23.325,-51.17],[23.746,-51.453],[24.173,-51.733],[24.604,-52.013],[24.967,-52.152],[25.333,-52.29],[25.763,-52.375],[26.194,-52.458],[26.949,-52.289],[27.698,-52.114],[28.442,-51.935],[29.0,-51.706],[29.552,-51.475],[30.098,-51.241],[30.664,-51.104],[31.226,-50.964],[31.785,-50.821],[32.286,-50.742],[32.785,-50.662],[33.535,-50.567],[34.283,-50.468],[34.924,-50.515],[35.567,-50.558],[36.204,-50.67],[36.845,-50.778],[37.488,-50.883],[38.028,-51.002],[38.57,-51.118],[39.081,-51.248],[39.595,-51.377],[40.349,-51.383],[41.103,-51.385],[41.857,-51.382],[42.56,-51.618],[43.27,-51.851],[43.768,-52.069],[44.27,-52.285],[44.777,-52.498],[45.399,-52.666],[46.026,-52.831],[46.658,-52.992],[47.25,-53.096],[47.844,-53.197],[48.473,-53.272],[49.105,-53.343],[49.546,-53.461],[49.989,-53.578],[50.609,-53.74],[51.234,-53.9],[51.576,-54.211],[51.923,-54.521],[52.275,-54.831],[52.692,-55.019],[53.113,-55.205],[53.696,-55.408],[54.285,-55.608],[54.88,-55.805],[55.562,-55.945],[56.249,-56.08],[56.94,-56.211],[57.615,-56.408],[58.296,-56.602],[59.098,-56.775],[59.908,-56.943],[60.725,-57.106],[61.549,-57.264],[62.379,-57.416],[63.217,-57.562],[64.061,-57.703],[64.912,-57.839],[65.769,-57.968],[66.632,-58.092],[67.501,-58.21],[68.376,-58.322],[69.113,-58.479],[69.857,-58.632],[70.607,-58.781]]}},{"type":"Feature","properties":{"boundary_type":"other","feature_type":"gpml:Fault","polarity":null,"overriding_plate_id":null,"subducting_plate_id":null,"plate_ids":[101,902],"name":"TRANSFORM"},"geometry":{"type":"LineString","coordinates":[[-57.487,70.234],[-56.834,70.333],[-55.491,70.532],[-54.123,70.722],[-53.599,70.99],[-53.062,71.256],[-52.812,71.595],[-52.553,71.934],[-52.285,72.272],[-51.62,72.606],[-50.77,72.756],[-49.907,72.903],[-48.764,73.004],[-47.609,73.098],[-46.441,73.185],[-45.293,73.23],[-44.14,73.269],[-42.982,73.301],[-41.982,73.307],[-40.982,73.308]]}},{"type":"Feature","properties":{"boundary_type":"other","feature_type":"gpml:Fault","polarity":null,"overriding_plate_id":null,"subducting_plate_id":null,"plate_ids":[101,18150],"name":"TRANSFORM"},"geometry":{"type":"LineString","coordinates":[[-40.982,73.308],[-40.255,73.305],[-38.606,73.266],[-36.965,73.214],[-35.335,73.149],[-34.019,73.015],[-32.724,72.872],[-31.45,72.722]]}},{"type":"Feature","properties":{"boundary_type":"transform","feature_type":"gpml:Transform","polarity":null,"overriding_plate_id":null,"subducting_plate_id":null,"plate_ids":[534,715],"name":"Proto Owen Fracture Zone - transform boundary"},"geometry":{"type":"LineString","coordinates":[[69.887,-5.855],[70.222,-5.509],[70.557,-5.162],[70.892,-4.816],[71.226,-4.469],[71.56,-4.122],[71.893,-3.775],[72.227,-3.428],[72.56,-3.081],[72.893,-2.734],[73.193,-2.374],[73.494,-2.015],[73.794,-1.655],[74.095,-1.296],[74.395,-0.936],[74.695,-0.577],[74.996,-0.217],[75.296,0.142],[75.596,0.502],[75.896,0.861],[76.219,1.22],[76.542,1.579],[76.865,1.938],[77.189,2.296],[77.512,2.655],[77.836,3.013],[78.159,3.372],[78.484,3.73],[78.808,4.088],[79.132,4.446],[79.457,4.804],[79.783,5.162],[80.108,5.519],[80.434,5.877],[80.761,6.234],[81.088,6.591],[81.415,6.948],[81.743,7.304],[82.071,7.661]]}},{"type":"Feature","properties":{"boundary_type":"transform","feature_type":"gpml:Transform","polarity":null,"overriding_plate_id":null,"subducting_plate_id":null,"plate_ids":[529,715],"name":"Proto Owen Fracture Zone - transform boundary"},"geometry":{"type":"LineString","coordinates":[[82.071,7.661],[82.36,7.973],[82.648,8.285],[82.923,8.681],[83.198,9.076],[83.473,9.472],[83.749,9.867],[84.026,10.262],[84.303,10.657],[84.581,11.052],[84.86,11.446],[85.14,11.84],[85.42,12.234]]}},{"type":"Feature","properties":{"boundary_type":"transform","feature_type":"gpml:Transform","polarity":null,"overriding_plate_id":null,"subducting_plate_id":null,"plate_ids":[529,530],"name":"Proto Owen Fracture Zone - transform boundary"},"geometry":{"type":"LineString","coordinates":[[85.42,12.234],[85.665,12.576],[85.91,12.918],[86.156,13.259],[86.402,13.6]]}},{"type":"Feature","properties":{"boundary_type":"transform","feature_type":"gpml:Transform","polarity":null,"overriding_plate_id":null,"subducting_plate_id":null,"plate_ids":[528,530],"name":"Proto Owen Fracture Zone - transform boundary"},"geometry":{"type":"LineString","coordinates":[[86.402,13.6],[86.664,13.961],[86.926,14.322],[87.189,14.682],[87.453,15.042],[87.718,15.401],[87.984,15.761]]}},{"type":"Feature","properties":{"boundary_type":"transform","feature_type":"gpml:Transform","polarity":null,"overriding_plate_id":null,"subducting_plate_id":null,"plate_ids":[301,528],"name":"Proto Owen Fracture Zone - transform boundary"},"geometry":{"type":"LineString","coordinates":[[87.984,15.761],[88.275,16.153],[88.568,16.544],[88.862,16.936],[89.157,17.326],[89.453,17.717],[89.75,18.107],[90.049,18.496],[90.349,18.885],[90.651,19.274],[90.838,19.532]]}},{"type":"Feature","properties":{"boundary_type":"transform","feature_type":"gpml:Transform","polarity":null,"overriding_plate_id":null,"subducting_plate_id":null,"plate_ids":[380,528],"name":"Proto Owen Fracture Zone - transform boundary"},"geometry":{"type":"LineString","coordinates":[[90.838,19.532],[91.124,19.924],[91.411,20.316],[91.7,20.708]]}},{"type":"Feature","properties":{"boundary_type":"other","feature_type":"gpml:InferredPaleoBoundary","polarity":null,"overriding_plate_id":null,"subducting_plate_id":null,"plate_ids":[714,715],"name":"Morocco"},"geometry":{"type":"LineString","coordinates":[[32.27,9.162],[32.548,8.91]]}},{"type":"Feature","properties":{"boundary_type":"other","feature_type":"gpml:InferredPaleoBoundary","polarity":null,"overriding_plate_id":null,"subducting_plate_id":null,"plate_ids":[101,301],"name":"NAM EUR 140 115 lom"},"geometry":{"type":"LineString","coordinates":[[20.881,64.501],[21.271,64.726],[21.83,65.152],[22.408,65.575],[23.005,65.996],[23.621,66.414],[24.259,66.83],[24.918,67.244],[25.601,67.654],[26.307,68.062],[27.039,68.466],[27.798,68.868],[28.584,69.265],[29.4,69.659],[30.178,70.047],[30.986,70.432],[31.825,70.813],[32.696,71.19],[33.601,71.563],[34.543,71.931],[35.494,72.303],[36.486,72.671]]}},{"type":"Feature","properties":{"boundary_type":"other","feature_type":"gpml:InferredPaleoBoundary","polarity":null,"overriding_plate_id":null,"subducting_plate_id":null,"plate_ids":[301,42150],"name":"NAM EUR 140 115 lom"},"geometry":{"type":"LineString","coordinates":[[36.486,72.671],[37.489,73.024],[38.534,73.372],[39.622,73.714],[40.755,74.051],[41.935,74.381],[43.164,74.705],[44.445,75.022],[45.599,75.358],[46.807,75.689],[48.069,76.014],[49.39,76.332],[50.772,76.642],[52.217,76.944],[53.729,77.239],[55.31,77.524],[56.988,77.778],[58.735,78.021],[60.552,78.253],[62.438,78.473],[64.396,78.681],[66.423,78.875],[68.519,79.056],[70.681,79.221],[71.973,79.564],[73.351,79.901],[74.822,80.232],[76.395,80.556],[78.077,80.873],[78.193,81.191],[78.318,81.509]]}},{"type":"Feature","properties":{"boundary_type":"other","feature_type":"gpml:InferredPaleoBoundary","polarity":null,"overriding_plate_id":null,"subducting_plate_id":null,"plate_ids":[409,42150],"name":"NAM EUR 140 115 lom"},"geometry":{"type":"LineString","coordinates":[[78.318,81.509],[78.508,81.952],[78.72,82.395],[78.958,82.837],[79.227,83.279]]}},{"type":"Feature","properties":{"boundary_type":"ridge","feature_type":"gpml:MidOceanRidge","polarity":null,"overriding_plate_id":null,"subducting_plate_id":null,"plate_ids":[534,715],"name":"Ridge from iso at 126.7Ma on Madagascar Plate"},"geometry":{"type":"LineString","coordinates":[[69.887,-5.855],[69.729,-6.32],[69.57,-6.784],[69.411,-7.249],[69.252,-7.713],[69.093,-8.178],[68.933,-8.642],[68.749,-9.092],[68.565,-9.541],[68.381,-9.991],[68.196,-10.44],[68.011,-10.889],[67.825,-11.338],[67.638,-11.787],[67.451,-12.236],[67.263,-12.685],[67.075,-13.133],[66.885,-13.581],[66.696,-14.03],[66.505,-14.478],[66.314,-14.926],[66.121,-15.374],[65.928,-15.821],[65.734,-16.269],[65.54,-16.716],[65.344,-17.163],[65.147,-17.61],[64.95,-18.057]]}},{"type":"Feature","properties":{"boundary_type":"ridge","feature_type":"gpml:MidOceanRidge","polarity":null,"overriding_plate_id":null,"subducting_plate_id":null,"plate_ids":[715,801],"name":"Ridge from iso at 126.7Ma on Madagascar Plate"},"geometry":{"type":"LineString","coordinates":[[64.95,-18.057],[64.81,-18.372],[64.669,-18.687],[64.528,-19.002],[64.072,-18.864],[63.617,-18.724],[63.162,-18.584],[62.708,-18.442],[62.255,-18.3],[62.133,-18.744],[62.009,-19.188],[61.885,-19.632],[61.761,-20.076],[61.636,-20.52],[61.509,-20.964],[61.383,-21.408],[61.255,-21.852]]}},{"type":"Feature","properties":{"boundary_type":"ridge","feature_type":"gpml:MidOceanRidge","polarity":null,"overriding_plate_id":null,"subducting_plate_id":null,"plate_ids":[701,801],"name":"Ridge from iso at 126.7Ma on Madagascar Plate"},"geometry":{"type":"LineString","coordinates":[[61.255,-21.852],[61.147,-22.224],[61.039,-22.596],[60.93,-22.968],[60.469,-22.897],[60.008,-22.825],[59.547,-22.752],[59.087,-22.677],[58.627,-22.601],[58.168,-22.524],[57.71,-22.445],[57.497,-22.866],[57.284,-23.286],[57.069,-23.706],[56.852,-24.126],[56.635,-24.545],[56.124,-24.696],[55.613,-24.846],[55.1,-24.993],[54.586,-25.139],[54.071,-25.283],[53.554,-25.425],[53.037,-25.566],[52.518,-25.705],[52.316,-26.142],[52.112,-26.58],[51.907,-27.017],[51.7,-27.454],[51.491,-27.891],[50.985,-27.759],[50.48,-27.626],[49.977,-27.491],[49.474,-27.353],[48.973,-27.215],[48.473,-27.074],[48.28,-27.529],[48.084,-27.984],[47.887,-28.438],[47.688,-28.892],[47.487,-29.346],[47.285,-29.8],[47.08,-30.253],[46.638,-30.127],[46.196,-29.999],[45.756,-29.87],[45.317,-29.74],[44.879,-29.608]]}},{"type":"Feature","properties":{"boundary_type":"ridge","feature_type":"gpml:MidOceanRidge","polarity":null,"overriding_plate_id":null,"subducting_plate_id":null,"plate_ids":[801],"name":"Ridge from iso at 126.7Ma on Madagascar Plate"},"geometry":{"type":"LineString","coordinates":[[44.879,-29.608],[44.869,-29.605]]}},{"type":"Feature","properties":{"boundary_type":"ridge","feature_type":"gpml:MidOceanRidge","polarity":null,"overriding_plate_id":null,"subducting_plate_id":null,"plate_ids":[801],"name":"Ridge from iso at 126.7Ma on Madagascar Plate"},"geometry":{"type":"LineString","coordinates":[[44.869,-29.605],[44.669,-30.05],[44.467,-30.495],[44.264,-30.939],[44.058,-31.383],[43.851,-31.826],[43.641,-32.27],[43.43,-32.713],[43.216,-33.155],[43.0,-33.597],[42.782,-34.039],[42.562,-34.481],[42.339,-34.922],[41.793,-34.788],[41.249,-34.651],[40.706,-34.512],[40.165,-34.37],[39.626,-34.226],[39.089,-34.08],[38.554,-33.932],[38.02,-33.781],[37.489,-33.628],[37.353,-33.871],[37.217,-34.115],[36.871,-33.987],[36.525,-33.859],[36.34,-34.26],[36.153,-34.661],[35.965,-35.061],[35.774,-35.461],[35.582,-35.861],[35.057,-35.634],[34.534,-35.404],[34.015,-35.172],[33.499,-34.938],[32.985,-34.701],[32.711,-35.132],[32.433,-35.562],[32.153,-35.992],[31.869,-36.42],[31.583,-36.849],[31.293,-37.276],[31.0,-37.703],[30.703,-38.129],[30.403,-38.554],[30.099,-38.979],[29.792,-39.402],[29.481,-39.825],[29.166,-40.247],[28.847,-40.669],[28.525,-41.089],[28.198,-41.508],[27.866,-41.927],[27.531,-42.344],[27.19,-42.761],[26.846,-43.176],[26.516,-43.581],[26.181,-43.985],[25.842,-44.387],[25.498,-44.789],[25.149,-45.19],[24.795,-45.59],[24.437,-45.988],[24.073,-46.385],[23.703,-46.782],[23.329,-47.177],[22.948,-47.57],[22.562,-47.963],[22.17,-48.354],[21.772,-48.744],[21.368,-49.132],[20.957,-49.519]]}},{"type":"Feature","properties":{"boundary_type":"ridge","feature_type":"gpml:MidOceanRidge","polarity":null,"overriding_plate_id":null,"subducting_plate_id":null,"plate_ids":[802,28900],"name":"Ridge from iso M4 from NAM at 126.7Ma"},"geometry":{"type":"LineString","coordinates":[[-25.278,-57.821],[-24.909,-57.759],[-24.097,-57.661],[-23.289,-57.559],[-22.486,-57.451],[-21.688,-57.338],[-20.941,-57.278],[-20.197,-57.213],[-19.455,-57.144],[-18.716,-57.071],[-17.997,-57.011],[-17.281,-56.947],[-16.592,-56.794]]}},{"type":"Feature","properties":{"boundary_type":"ridge","feature_type":"gpml:MidOceanRidge","polarity":null,"overriding_plate_id":null,"subducting_plate_id":null,"plate_ids":[701],"name":"Ridge"},"geometry":{"type":"LineString","coordinates":[[20.956,-49.519],[21.341,-49.156],[21.72,-48.792],[22.077,-48.444],[22.43,-48.096],[22.837,-47.684],[23.238,-47.271],[23.633,-46.857],[24.005,-46.46],[24.372,-46.062],[24.734,-45.663],[25.09,-45.262],[25.415,-44.89],[25.736,-44.516],[26.053,-44.141],[26.365,-43.766],[26.625,-43.455],[26.882,-43.143],[27.137,-42.831],[27.455,-42.442],[27.769,-42.052],[28.08,-41.661],[28.413,-41.236],[28.741,-40.811],[29.065,-40.384],[29.385,-39.957],[29.682,-39.554],[29.976,-39.15],[30.266,-38.745],[30.553,-38.34],[30.838,-37.933],[31.121,-37.525],[31.401,-37.117],[31.677,-36.708],[31.951,-36.298],[32.222,-35.888],[32.479,-35.493],[32.733,-35.098],[32.985,-34.702],[33.498,-34.938],[34.014,-35.172],[34.533,-35.404],[35.055,-35.634],[35.58,-35.861],[35.773,-35.46],[35.965,-35.059],[36.154,-34.658],[36.341,-34.256],[36.527,-33.854],[36.872,-33.985],[37.218,-34.114],[37.352,-33.869],[37.485,-33.624],[38.017,-33.777],[38.55,-33.928],[39.086,-34.077],[39.623,-34.224],[40.163,-34.368],[40.704,-34.51],[41.247,-34.65],[41.792,-34.787],[42.338,-34.921],[42.543,-34.517],[42.745,-34.111],[42.946,-33.706],[43.144,-33.3],[43.341,-32.894],[43.536,-32.487],[43.729,-32.08],[43.925,-31.669],[44.119,-31.257],[44.311,-30.845],[44.502,-30.433],[44.691,-30.021],[44.879,-29.608]]}},{"type":"Feature","properties":{"boundary_type":"ridge","feature_type":"gpml:MidOceanRidge","polarity":null,"overriding_plate_id":null,"subducting_plate_id":null,"plate_ids":[101],"name":"Arctic Amerasia Basin Ridge"},"geometry":{"type":"LineString","coordinates":[[-4.443,77.485],[-4.418,77.481],[-4.297,77.467]]}},{"type":"Feature","properties":{"boundary_type":"ridge","feature_type":"gpml:MidOceanRidge","polarity":null,"overriding_plate_id":null,"subducting_plate_id":null,"plate_ids":[101,18150],"name":"Arctic Amerasia Basin Ridge"},"geometry":{"type":"LineString","coordinates":[[-4.297,77.467],[-2.467,77.235],[-0.702,76.991]]}},{"type":"Feature","properties":{"boundary_type":"ridge","feature_type":"gpml:MidOceanRidge","polarity":null,"overriding_plate_id":null,"subducting_plate_id":null,"plate_ids":[101,42150],"name":"Arctic Amerasia Basin Ridge"},"geometry":{"type":"LineString","coordinates":[[-0.702,76.991],[-0.091,76.901],[1.503,76.681],[2.62,76.549],[3.715,76.412],[4.623,76.271],[5.512,76.127],[6.63,75.996],[7.728,75.861],[9.151,75.588],[10.522,75.306]]}},{"type":"Feature","properties":{"boundary_type":"ridge","feature_type":"gpml:MidOceanRidge","polarity":null,"overriding_plate_id":null,"subducting_plate_id":null,"plate_ids":[101,18150],"name":"Arctic Canada Basin Ridge"},"geometry":{"type":"LineString","coordinates":[[-31.45,72.722],[-30.717,72.979],[-29.962,73.235],[-29.185,73.487],[-28.245,73.799],[-27.27,74.106],[-26.257,74.41],[-26.602,74.781],[-25.539,74.981],[-24.448,75.176],[-23.719,75.371],[-22.97,75.564],[-22.072,75.991],[-21.119,76.415],[-19.912,76.59],[-18.673,76.76],[-17.109,76.898],[-15.514,77.026],[-13.864,77.189],[-12.174,77.342],[-10.354,77.374],[-8.526,77.394],[-6.695,77.401],[-5.55,77.435],[-4.4,77.464]]}},{"type":"Feature","properties":{"boundary_type":"ridge","feature_type":"gpml:MidOceanRidge","polarity":null,"overriding_plate_id":null,"subducting_plate_id":null,"plate_ids":[18150],"name":"Arctic Canada Basin Ridge"},"geometry":{"type":"LineString","coordinates":[[-4.4,77.464],[-4.297,77.467]]}},{"type":"Feature","properties":{"boundary_type":"ridge","feature_type":"gpml:MidOceanRidge","polarity":null,"overriding_plate_id":null,"subducting_plate_id":null,"plate_ids":[901,926],"name":"IZA-PAC MOR"},"geometry":{"type":"LineString","coordinates":[[-133.697,3.193],[-133.704,3.19],[-134.133,3.044],[-134.563,2.898],[-134.702,3.221],[-134.841,3.545],[-134.981,3.869],[-135.123,4.199],[-135.265,4.528],[-135.407,4.858],[-135.739,4.787],[-136.071,4.716],[-136.535,4.616],[-136.998,4.515],[-137.462,4.413],[-137.925,4.312],[-138.388,4.21],[-138.851,4.108],[-139.314,4.006],[-139.777,3.903],[-140.245,3.798],[-140.712,3.692],[-141.18,3.586],[-141.647,3.48],[-142.115,3.374],[-142.117,3.373]]}},{"type":"Feature","properties":{"boundary_type":"ridge","feature_type":"gpml:MidOceanRidge","polarity":null,"overriding_plate_id":null,"subducting_plate_id":null,"plate_ids":[901,926],"name":"IZA-PAC MOR"},"geometry":{"type":"LineString","coordinates":[[-142.117,3.373],[-142.12,3.372],[-142.048,2.934],[-141.976,2.497],[-141.903,2.059],[-141.835,1.686],[-141.768,1.313],[-141.7,0.94],[-141.632,0.567],[-141.574,0.235],[-141.516,-0.096],[-141.455,-0.437],[-141.393,-0.778],[-141.332,-1.119],[-141.761,-1.269],[-142.191,-1.42],[-142.62,-1.57],[-142.723,-1.153],[-143.117,-1.262],[-143.51,-1.372],[-143.904,-1.481],[-144.297,-1.591]]}},{"type":"Feature","properties":{"boundary_type":"ridge","feature_type":"gpml:MidOceanRidge","polarity":null,"overriding_plate_id":null,"subducting_plate_id":null,"plate_ids":[901,926],"name":"IZA-PAC MOR"},"geometry":{"type":"LineString","coordinates":[[-133.697,3.193],[-133.536,2.856],[-133.415,2.542],[-132.942,2.703],[-132.468,2.863],[-132.524,3.031],[-132.545,3.097],[-132.562,3.156],[-132.263,3.244],[-131.964,3.333],[-131.841,2.878],[-131.687,2.945],[-131.296,3.136],[-130.904,3.327],[-130.549,3.506],[-130.177,3.672],[-129.806,3.838],[-129.434,4.004],[-129.206,4.112],[-128.977,4.219]]}},{"type":"Feature","properties":{"boundary_type":"ridge","feature_type":"gpml:MidOceanRidge","polarity":null,"overriding_plate_id":null,"subducting_plate_id":null,"plate_ids":[902,926],"name":"IZA-PAC MOR"},"geometry":{"type":"LineString","coordinates":[[-128.977,4.219],[-128.55,4.419],[-128.134,4.672],[-127.718,4.925],[-127.372,5.11],[-127.025,5.296],[-126.678,5.481],[-126.331,5.666]]}},{"type":"Feature","properties":{"boundary_type":"subduction","feature_type":"gpml:SubductionZone","polarity":"Right","overriding_plate_id":802,"subducting_plate_id":919,"plate_ids":[802,919],"name":"ANT tr f Antarcticar COB MG-4-22-07"},"geometry":{"type":"LineString","coordinates":[[-46.71,-68.581],[-46.073,-68.281],[-45.484,-67.892],[-44.914,-67.501],[-44.364,-67.108],[-43.922,-66.684],[-43.496,-66.259],[-43.173,-65.804],[-42.861,-65.349],[-42.437,-65.044],[-42.024,-64.738],[-41.442,-64.325],[-40.878,-63.909],[-40.861,-63.591],[-40.844,-63.272],[-40.82,-62.795],[-40.797,-62.318],[-40.851,-61.941],[-40.905,-61.564],[-40.957,-61.186],[-40.744,-60.832],[-40.536,-60.476],[-40.333,-60.121],[-40.184,-59.694],[-40.039,-59.268],[-40.01,-58.925],[-39.981,-58.582],[-39.953,-58.239],[-39.929,-57.79],[-39.906,-57.341],[-39.883,-56.892],[-39.562,-56.54],[-39.248,-56.187],[-38.769,-55.845],[-38.298,-55.501],[-38.034,-55.082],[-37.775,-54.663],[-37.304,-54.255],[-36.843,-53.845],[-36.391,-53.433],[-36.124,-53.024],[-35.862,-52.614],[-35.606,-52.203],[-35.147,-52.176],[-34.69,-52.147]]}},{"type":"Feature","properties":{"boundary_type":"subduction","feature_type":"gpml:SubductionZone","polarity":"Right","overriding_plate_id":380,"subducting_plate_id":926,"plate_ids":[380,926],"name":"Japan sub zone fromEarthByte cob MG 4-20-07"},"geometry":{"type":"LineString","coordinates":[[159.937,71.927],[160.318,71.527],[160.684,71.127],[161.034,70.725],[161.372,70.323],[161.696,69.92],[162.008,69.517],[161.446,69.102],[160.905,68.685],[161.346,68.222],[161.769,67.757],[162.176,67.292],[162.567,66.826],[162.943,66.358],[163.306,65.89],[163.656,65.421],[163.993,64.951],[164.319,64.481],[164.634,64.009],[164.938,63.537],[165.232,63.065],[165.517,62.592],[165.793,62.118],[165.945,61.664],[166.093,61.211],[166.237,60.757],[166.376,60.302],[166.512,59.848],[166.553,59.408],[166.593,58.968],[166.633,58.527],[166.671,58.087],[166.708,57.646],[166.655,57.184],[166.603,56.722],[166.552,56.26],[166.622,55.824],[166.69,55.389],[166.757,54.953],[166.823,54.518],[166.887,54.082],[166.809,53.669],[166.734,53.255],[166.659,52.841],[166.586,52.427],[166.492,52.095],[166.4,51.763],[166.309,51.43],[166.081,51.032],[165.856,50.633],[165.635,50.234],[165.265,49.824],[164.901,49.413],[164.692,49.002],[164.488,48.59],[163.846,48.427],[163.209,48.259],[162.575,48.088],[161.946,47.914],[161.496,47.637],[161.05,47.359],[160.608,47.079],[160.172,46.797],[159.739,46.514],[159.234,46.205],[158.735,45.894],[158.241,45.58],[157.906,45.423],[157.574,45.264],[157.141,45.061],[156.712,44.856],[156.286,44.649],[155.857,44.359],[155.433,44.067],[155.06,43.756],[154.691,43.444],[154.325,43.131],[154.028,43.002],[153.731,42.871]]}},{"type":"Feature","properties":{"boundary_type":"subduction","feature_type":"gpml:SubductionZone","polarity":"Left","overriding_plate_id":380,"subducting_plate_id":926,"plate_ids":[380,926],"name":"Junction Subduction Zone"},"geometry":{"type":"LineString","coordinates":[[145.152,21.846],[145.179,22.313],[145.206,22.779],[145.233,23.245],[145.26,23.712],[145.288,24.178],[145.315,24.645],[145.343,25.111],[145.608,25.509],[145.874,25.907],[146.142,26.304],[146.411,26.7],[146.683,27.096],[146.956,27.491],[147.232,27.886],[147.452,28.308],[147.674,28.73],[147.898,29.152],[148.124,29.573],[148.351,29.993],[148.581,30.414],[148.812,30.833],[149.046,31.253],[149.257,31.685],[149.469,32.117],[149.684,32.548],[149.901,32.979],[150.12,33.41],[150.341,33.84],[150.564,34.27]]}},{"type":"Feature","properties":{"boundary_type":"transform","feature_type":"gpml:Transform","polarity":null,"overriding_plate_id":null,"subducting_plate_id":null,"plate_ids":[301,380],"name":"Monghol-Okosk Subduction transform"},"geometry":{"type":"LineString","coordinates":[[88.234,28.762],[88.694,28.963],[89.155,29.164],[89.619,29.362],[90.085,29.559],[90.552,29.754],[91.021,29.948],[91.306,30.33],[91.594,30.712],[91.884,31.093],[92.176,31.474],[92.471,31.854],[92.768,32.233],[93.068,32.612],[93.37,32.989],[93.675,33.366],[93.813,33.791],[93.952,34.215],[94.093,34.639],[94.236,35.063],[94.379,35.486],[94.349,35.873],[94.317,36.259],[94.286,36.645],[94.254,37.031],[94.305,37.467],[94.357,37.903],[94.41,38.339],[94.463,38.775],[94.916,39.092],[95.373,39.407],[95.835,39.72],[96.301,40.031],[96.771,40.341],[97.245,40.648],[97.723,40.954],[98.207,41.257],[98.694,41.559],[99.186,41.858],[99.661,42.072],[100.139,42.283],[100.619,42.492],[101.104,42.699],[101.591,42.905],[102.208,43.076],[102.828,43.244],[103.452,43.409],[104.079,43.57],[104.709,43.728],[105.343,43.882],[105.947,44.031],[106.553,44.178],[107.162,44.32],[107.775,44.46],[108.39,44.596],[109.008,44.729],[109.629,44.859],[110.127,45.046],[110.628,45.232],[111.133,45.415],[111.641,45.595],[111.861,45.954],[112.085,46.312],[112.311,46.67],[112.04,47.071],[111.764,47.472],[111.485,47.872],[111.201,48.272],[110.912,48.671],[110.619,49.069],[110.321,49.466],[110.183,49.896],[110.042,50.325],[109.899,50.755],[109.753,51.184],[109.604,51.613],[109.453,52.042],[109.298,52.47],[109.925,52.727],[110.559,52.98],[111.2,53.23],[111.848,53.477],[112.505,53.72],[113.168,53.959],[113.84,54.195]]}},{"type":"Feature","properties":{"boundary_type":"subduction","feature_type":"gpml:SubductionZone","polarity":"Left","overriding_plate_id":926,"subducting_plate_id":780,"plate_ids":[780,926],"name":"North Junction Subduction"},"geometry":{"type":"LineString","coordinates":[[141.679,-5.757],[141.904,-6.182],[142.13,-6.608],[142.355,-7.033],[142.582,-7.458],[142.809,-7.883],[143.036,-8.308],[143.263,-8.733],[143.492,-9.158],[143.72,-9.582],[143.95,-10.006],[144.295,-10.345],[144.642,-10.683],[144.989,-11.021],[145.337,-11.358],[145.686,-11.695],[146.035,-12.031],[146.386,-12.367],[146.737,-12.703],[147.089,-13.038],[147.443,-13.372],[147.797,-13.706],[148.152,-14.04],[148.471,-14.398],[148.792,-14.755],[149.113,-15.112],[149.436,-15.469],[149.759,-15.825],[150.084,-16.181],[150.41,-16.536],[150.737,-16.89],[151.065,-17.244],[151.394,-17.598],[151.725,-17.951],[152.057,-18.303],[152.391,-18.655],[152.726,-19.006],[153.062,-19.357],[153.259,-19.639],[153.457,-19.921],[153.655,-20.203]]}},{"type":"Feature","properties":{"boundary_type":"subduction","feature_type":"gpml:SubductionZone","polarity":"Left","overriding_plate_id":301,"subducting_plate_id":530,"plate_ids":[301,530],"name":"Tethyan subduction after Afgan block accretion"},"geometry":{"type":"LineString","coordinates":[[64.884,29.571],[65.288,29.398],[65.691,29.224],[66.173,28.963],[66.653,28.699],[66.918,28.431],[67.182,28.163],[67.445,27.894],[67.825,27.675],[68.204,27.454],[68.582,27.232],[68.964,27.001],[69.344,26.77],[69.723,26.537],[70.1,26.303],[70.515,26.137],[70.928,25.97],[71.34,25.802],[71.75,25.633],[72.209,25.495],[72.666,25.355],[73.122,25.215],[73.577,25.072],[74.031,24.929],[74.512,24.707],[74.992,24.483],[75.47,24.259],[75.946,24.032],[76.42,23.804],[76.893,23.575],[77.329,23.326],[77.764,23.077],[78.197,22.826],[78.629,22.574],[78.854,22.258],[79.078,21.942],[79.301,21.626],[79.523,21.309],[79.785,20.965],[80.046,20.62],[80.306,20.275],[80.565,19.93],[80.823,19.584],[81.232,19.286],[81.639,18.988],[82.044,18.688],[82.448,18.388],[82.851,18.087],[83.252,17.785],[83.691,17.53],[84.128,17.275],[84.564,17.018],[84.998,16.76],[85.432,16.502],[85.864,16.243],[86.295,15.982],[86.718,15.928],[87.14,15.873],[87.562,15.817],[87.984,15.761]]}},{"type":"Feature","properties":{"boundary_type":"subduction","feature_type":"gpml:SubductionZone","polarity":"Right","overriding_plate_id":101,"subducting_plate_id":902,"plate_ids":[101,902],"name":"Western NAM subduction"},"geometry":{"type":"LineString","coordinates":[[-46.918,18.746],[-47.19,18.999],[-47.463,19.252],[-47.736,19.504],[-47.84,19.986],[-47.944,20.467],[-48.049,20.949],[-48.154,21.431],[-48.26,21.912],[-48.367,22.394],[-48.588,22.798],[-48.81,23.202],[-49.034,23.606],[-49.259,24.009],[-49.485,24.412],[-49.713,24.814],[-49.887,25.13],[-50.062,25.446],[-50.237,25.761],[-50.377,26.145],[-50.518,26.528],[-50.66,26.911],[-50.803,27.294],[-50.897,27.629],[-50.991,27.965],[-51.085,28.3],[-51.232,28.678],[-51.379,29.057],[-51.528,29.435],[-51.582,29.788],[-51.637,30.141],[-51.693,30.494],[-51.769,30.886],[-51.847,31.278],[-51.925,31.669],[-52.004,32.061],[-52.04,32.533],[-52.077,33.004],[-52.339,33.421],[-52.605,33.838],[-52.873,34.254],[-53.143,34.669],[-53.413,34.928],[-53.684,35.186],[-53.957,35.444],[-54.305,35.74],[-54.654,36.035],[-55.007,36.329],[-55.2,36.638],[-55.395,36.946],[-55.704,37.312],[-56.016,37.677],[-56.349,37.897],[-56.685,38.116],[-57.022,38.335],[-57.104,38.708],[-57.187,39.081],[-57.272,39.454],[-57.515,39.915],[-57.761,40.375],[-58.011,40.834],[-58.203,41.225],[-58.397,41.616],[-58.594,42.006],[-58.792,42.396],[-58.994,42.786],[-59.058,43.217],[-59.123,43.647],[-59.189,44.078],[-59.256,44.509],[-59.328,44.891],[-59.401,45.274],[-59.475,45.657],[-59.55,46.04],[-59.345,46.484],[-59.138,46.928],[-58.927,47.372],[-58.713,47.815],[-58.352,48.253],[-57.986,48.689],[-57.613,49.124],[-57.234,49.558],[-56.814,49.966],[-56.387,50.373],[-55.952,50.778],[-55.51,51.181],[-55.252,51.593],[-54.989,52.004],[-54.721,52.415],[-54.447,52.825],[-54.169,53.234],[-53.885,53.643],[-54.162,54.044],[-54.443,54.444],[-54.731,54.843],[-55.024,55.242],[-55.399,55.567],[-55.78,55.891],[-56.167,56.214],[-56.562,56.536],[-56.675,56.937],[-56.791,57.339],[-57.041,57.787],[-57.296,58.234],[-57.492,58.557],[-57.691,58.879],[-57.894,59.202],[-58.052,59.62],[-58.247,60.1],[-58.448,60.58],[-58.465,60.942],[-58.482,61.305],[-58.5,61.667],[-58.369,62.094],[-58.234,62.521],[-58.18,62.855],[-58.124,63.189],[-58.067,63.524],[-58.136,63.912],[-57.727,64.353],[-57.796,64.739],[-57.676,65.091],[-57.763,65.573],[-58.09,66.047],[-58.229,66.255],[-58.309,66.64],[-58.535,67.001],[-58.622,67.386],[-58.628,67.851],[-58.609,68.104],[-58.59,68.356],[-58.439,68.613],[-58.283,68.87],[-58.116,69.237],[-57.944,69.604],[-57.765,69.97],[-57.487,70.234]]}},{"type":"Feature","properties":{"boundary_type":"other","feature_type":"gpml:TerraneBoundary","polarity":null,"overriding_plate_id":null,"subducting_plate_id":null,"plate_ids":[701,715],"name":"Benue Trough-Northeast Africa"},"geometry":{"type":"LineString","coordinates":[[15.656,-9.348],[15.268,-9.048],[14.976,-8.761],[14.684,-8.474],[14.356,-8.193],[14.028,-7.913],[13.821,-7.646],[13.614,-7.379],[13.408,-7.112],[13.202,-6.845],[13.079,-6.504],[12.957,-6.164]]}},{"type":"Feature","properties":{"boundary_type":"other","feature_type":"gpml:TerraneBoundary","polarity":null,"overriding_plate_id":null,"subducting_plate_id":null,"plate_ids":[101,301],"name":"North Greenland boundary"},"geometry":{"type":"LineString","coordinates":[[20.881,64.501],[21.601,64.72],[22.391,64.591],[22.977,64.568],[23.561,64.541],[24.22,64.54],[24.878,64.536],[25.734,64.287],[26.575,64.034],[27.527,63.789],[28.462,63.538],[29.182,63.291],[29.889,63.039],[30.391,62.722],[30.882,62.403],[31.363,62.082],[31.833,61.76],[32.3,61.344],[32.755,60.927],[33.197,60.508],[33.629,60.088],[34.049,59.667],[34.46,59.244]]}},{"type":"Feature","properties":{"boundary_type":"other","feature_type":"gpml:TerraneBoundary","polarity":null,"overriding_plate_id":null,"subducting_plate_id":null,"plate_ids":[201,714],"name":"Northwest Africa-Benue Trough"},"geometry":{"type":"LineString","coordinates":[[5.77,-5.56],[6.246,-5.548],[6.723,-5.535],[7.076,-5.526],[7.429,-5.517],[7.822,-5.527]]}},{"type":"Feature","properties":{"boundary_type":"other","feature_type":"gpml:TerraneBoundary","polarity":null,"overriding_plate_id":null,"subducting_plate_id":null,"plate_ids":[701,714],"name":"Northwest Africa-Benue Trough"},"geometry":{"type":"LineString","coordinates":[[7.822,-5.527],[8.102,-5.535],[8.382,-5.542],[8.728,-5.569],[9.074,-5.596],[9.509,-5.62],[9.818,-5.577],[10.145,-5.604],[10.473,-5.631],[10.865,-5.674],[11.258,-5.717],[11.593,-5.795],[11.928,-5.873],[12.263,-5.951],[12.61,-6.057],[12.957,-6.164]]}},{"type":"Feature","properties":{"boundary_type":"other","feature_type":"gpml:TerraneBoundary","polarity":null,"overriding_plate_id":null,"subducting_plate_id":null,"plate_ids":[714,715],"name":"Northwest Africa-Benue Trough"},"geometry":{"type":"LineString","coordinates":[[12.957,-6.164],[13.253,-6.273],[13.549,-6.382],[13.995,-6.492],[14.442,-6.602]]}},{"type":"Feature","properties":{"boundary_type":"other","feature_type":"gpml:TerraneBoundary","polarity":null,"overriding_plate_id":null,"subducting_plate_id":null,"plate_ids":[201,701],"name":"Parana Basin-Patagonia"},"geometry":{"type":"LineString","coordinates":[[-13.429,-47.691],[-12.797,-47.764],[-12.163,-47.834],[-11.528,-47.933],[-10.891,-48.029],[-10.252,-48.121],[-9.61,-48.21],[-8.937,-48.341],[-8.261,-48.468],[-7.582,-48.591],[-6.9,-48.71],[-6.214,-48.824],[-5.574,-48.907],[-4.932,-48.986],[-4.289,-49.062],[-3.643,-49.134],[-2.995,-49.202],[-2.346,-49.267],[-1.598,-49.234],[-0.851,-49.197],[-0.105,-49.154],[0.639,-49.107],[1.382,-49.056],[2.124,-48.999]]}},{"type":"Feature","properties":{"boundary_type":"other","feature_type":"gpml:TerraneBoundary","polarity":null,"overriding_plate_id":null,"subducting_plate_id":null,"plate_ids":[701,28900],"name":"Parana Basin-Patagonia"},"geometry":{"type":"LineString","coordinates":[[2.124,-48.999],[2.127,-48.999],[2.842,-48.942],[3.556,-48.881],[4.268,-48.816],[4.978,-48.746],[5.686,-48.672],[6.392,-48.593],[7.095,-48.511],[7.796,-48.424],[8.495,-48.332],[9.191,-48.237],[9.885,-48.137],[10.543,-48.148],[11.202,-48.155],[11.86,-48.158],[12.519,-48.157],[13.178,-48.153]]}},{"type":"Feature","properties":{"boundary_type":"other","feature_type":"gpml:TerraneBoundary","polarity":null,"overriding_plate_id":null,"subducting_plate_id":null,"plate_ids":[701,802],"name":"Parana Basin-Patagonia"},"geometry":{"type":"LineString","coordinates":[[13.178,-48.153],[13.732,-48.146],[14.285,-48.137],[14.839,-48.125],[15.444,-48.103],[16.049,-48.077],[16.653,-48.049],[17.257,-48.017]]}},{"type":"Feature","properties":{"boundary_type":"transform","feature_type":"gpml:Transform","polarity":null,"overriding_plate_id":null,"subducting_plate_id":null,"plate_ids":[101,42150],"name":"TRANSFORM"},"geometry":{"type":"LineString","coordinates":[[10.522,75.306],[10.614,75.444],[11.133,75.799]]}},{"type":"Feature","properties":{"boundary_type":"transform","feature_type":"gpml:Transform","polarity":null,"overriding_plate_id":null,"subducting_plate_id":null,"plate_ids":[101],"name":"TRANSFORM"},"geometry":{"type":"LineString","coordinates":[[-4.443,77.485],[-4.4,77.464]]}},{"type":"Feature","properties":{"boundary_type":"subduction","feature_type":"gpml:SubductionZone","polarity":"Right","overriding_plate_id":801,"subducting_plate_id":919,"plate_ids":[801,919],"name":"Jarrod"},"geometry":{"type":"LineString","coordinates":[[-79.205,-75.598],[-77.913,-75.386],[-76.657,-75.168],[-75.437,-74.942],[-74.253,-74.711]]}},{"type":"Feature","properties":{"boundary_type":"subduction","feature_type":"gpml:SubductionZone","polarity":"Right","overriding_plate_id":802,"subducting_plate_id":919,"plate_ids":[802,919],"name":"Jarrod"},"geometry":{"type":"LineString","coordinates":[[-74.253,-74.711],[-72.782,-74.405],[-71.368,-74.09],[-69.941,-73.891],[-68.548,-73.683],[-67.191,-73.466],[-65.868,-73.241],[-64.58,-73.007],[-63.326,-72.765],[-62.106,-72.516],[-60.8,-72.271],[-59.53,-72.018],[-58.293,-71.756],[-57.092,-71.487],[-55.834,-71.195],[-54.613,-70.896],[-53.43,-70.588],[-52.282,-70.273],[-51.17,-69.951],[-50.091,-69.622],[-49.216,-69.368],[-48.361,-69.11],[-47.526,-68.847],[-46.71,-68.581]]}},{"type":"Feature","properties":{"boundary_type":"ridge","feature_type":"gpml:MidOceanRidge","polarity":null,"overriding_plate_id":null,"subducting_plate_id":null,"plate_ids":[534,801],"name":"MOR AG 2012"},"geometry":{"type":"LineString","coordinates":[[64.95,-18.057],[65.307,-18.297],[65.665,-18.536],[66.024,-18.775],[66.384,-19.013],[66.745,-19.25],[66.46,-19.649],[66.173,-20.047],[65.886,-20.445],[65.596,-20.842],[65.305,-21.239],[65.688,-21.572],[66.072,-21.904],[66.458,-22.235],[66.846,-22.565],[67.235,-22.895],[67.627,-23.223],[68.02,-23.55],[68.416,-23.877],[68.813,-24.202],[69.213,-24.526],[69.614,-24.849],[70.018,-25.172],[70.424,-25.493],[70.831,-25.813],[71.242,-26.131],[71.654,-26.449],[72.069,-26.765],[72.486,-27.081],[72.905,-27.394],[73.327,-27.707],[73.751,-28.019],[74.177,-28.329],[74.606,-28.637],[75.038,-28.945],[75.472,-29.251],[75.22,-29.674],[74.967,-30.096],[74.711,-30.518],[74.453,-30.939],[74.192,-31.36],[73.93,-31.78],[73.664,-32.2],[74.131,-32.498],[74.601,-32.794],[75.074,-33.088],[75.551,-33.38],[76.03,-33.671],[76.513,-33.959],[76.999,-34.246],[77.488,-34.531],[77.981,-34.814],[78.477,-35.095],[78.286,-35.482],[78.093,-35.869],[77.898,-36.256],[77.701,-36.642],[77.502,-37.029],[77.301,-37.414],[77.773,-37.627],[78.248,-37.838],[78.726,-38.047],[79.206,-38.254],[79.689,-38.46],[80.175,-38.663],[80.046,-39.118],[79.916,-39.573],[80.523,-39.737],[81.133,-39.897],[81.745,-40.054],[82.361,-40.208],[82.979,-40.358],[83.6,-40.506],[84.224,-40.65],[84.85,-40.79],[85.479,-40.927],[86.111,-41.061],[86.745,-41.191],[86.921,-40.758],[87.094,-40.324],[87.265,-39.89],[87.434,-39.455],[87.601,-39.021],[87.765,-38.586],[88.372,-38.678],[88.98,-38.767],[89.59,-38.853],[90.201,-38.936],[90.814,-39.015],[91.428,-39.092],[92.043,-39.165],[92.66,-39.234],[93.277,-39.301],[93.216,-39.602],[93.153,-39.904],[93.76,-39.939],[94.368,-39.972],[94.976,-40.001],[95.585,-40.027],[96.194,-40.05],[96.803,-40.07],[97.413,-40.086],[98.023,-40.1],[98.633,-40.11],[99.243,-40.117]]}},{"type":"Feature","properties":{"boundary_type":"ridge","feature_type":"gpml:MidOceanRidge","polarity":null,"overriding_plate_id":null,"subducting_plate_id":null,"plate_ids":[534,801],"name":"MOR AG 2012"},"geometry":{"type":"LineString","coordinates":[[99.243,-40.117],[99.283,-39.861],[99.323,-39.606],[99.932,-39.549],[100.539,-39.489],[101.146,-39.426],[101.751,-39.36],[102.355,-39.291],[102.958,-39.218],[103.56,-39.143],[104.16,-39.064],[104.759,-38.982],[105.356,-38.898],[105.952,-38.81],[106.547,-38.719],[107.14,-38.625],[107.732,-38.528],[108.324,-38.414],[108.915,-38.297],[109.503,-38.178],[110.09,-38.055],[110.675,-37.929],[111.257,-37.8],[111.838,-37.669],[112.417,-37.535],[112.993,-37.398],[113.567,-37.258],[114.14,-37.115],[114.71,-36.97],[115.277,-36.822]]}},{"type":"Feature","properties":{"boundary_type":"subduction","feature_type":"gpml:SubductionZone","polarity":"Left","overriding_plate_id":380,"subducting_plate_id":301,"plate_ids":[301,380],"name":"Subduction Eurasian Margin Gibbons 2012"},"geometry":{"type":"LineString","coordinates":[[87.073,21.335],[87.539,21.101],[88.004,20.866],[88.468,20.629],[88.93,20.392],[89.39,20.153],[89.874,19.947],[90.357,19.74],[90.838,19.532]]}},{"type":"Feature","properties":{"boundary_type":"subduction","feature_type":"gpml:SubductionZone","polarity":"Left","overriding_plate_id":529,"subducting_plate_id":534,"plate_ids":[529,534],"name":"Lhasa subduction zone 180-100Ma according to Ana's model MS12"},"geometry":{"type":"LineString","coordinates":[[82.071,7.661],[82.449,7.338],[82.827,7.014],[83.204,6.69],[83.58,6.367],[83.956,6.042],[84.332,5.718],[84.707,5.393],[85.133,5.131],[85.558,4.869],[85.983,4.606],[86.408,4.343],[86.833,4.08],[87.257,3.816],[87.681,3.553],[88.106,3.376],[88.531,3.2],[88.956,3.023],[89.381,2.846],[89.806,2.669],[90.23,2.492],[90.655,2.314],[91.079,2.137],[91.486,1.981],[91.893,1.826],[92.3,1.67],[92.706,1.514],[93.113,1.358],[93.52,1.202],[93.926,1.046],[94.337,0.89],[94.748,0.735],[95.159,0.579],[95.57,0.424],[95.981,0.268],[96.392,0.112],[96.803,-0.043],[97.213,-0.199],[97.685,-0.286],[98.156,-0.374],[98.627,-0.461],[99.099,-0.549],[99.57,-0.636],[100.041,-0.723],[100.513,-0.81],[100.984,-0.898],[101.425,-0.907],[101.866,-0.917],[102.308,-0.927],[102.749,-0.936],[103.19,-0.945],[103.631,-0.955],[104.072,-0.964],[104.514,-0.973],[104.985,-0.923],[105.457,-0.873],[105.928,-0.822],[106.4,-0.772],[106.872,-0.722],[107.343,-0.671],[107.815,-0.62],[108.302,-0.594],[108.79,-0.567],[109.278,-0.54],[109.765,-0.513],[110.253,-0.487],[110.74,-0.46],[111.184,-0.292],[111.627,-0.123]]}},{"type":"Feature","properties":{"boundary_type":"ridge","feature_type":"gpml:MidOceanRidge","polarity":null,"overriding_plate_id":null,"subducting_plate_id":null,"plate_ids":[380,528],"name":"Back-arc ridge between South Tibet and Eurasia based on Ana's model MS12"},"geometry":{"type":"LineString","coordinates":[[117.183,12.661],[116.744,12.82],[116.305,12.977],[115.866,13.134],[115.405,13.299],[114.944,13.464],[114.482,13.627],[114.019,13.79],[113.556,13.951],[113.092,14.112],[112.627,14.272],[112.162,14.431],[111.696,14.589],[111.23,14.746],[110.762,14.903],[110.294,15.058],[109.826,15.212],[109.549,14.997],[109.273,14.78],[108.998,14.564],[108.57,14.76],[108.142,14.956],[107.713,15.151],[107.283,15.345],[106.853,15.538],[106.421,15.731],[106.148,15.454],[105.875,15.177],[105.603,14.899],[105.331,14.622],[104.881,14.832],[104.43,15.041],[103.978,15.249],[103.525,15.456],[103.072,15.663],[102.617,15.868],[102.161,16.073],[101.705,16.277],[101.248,16.479],[100.789,16.681],[100.33,16.881],[99.869,17.081],[99.408,17.28],[98.935,17.491],[98.46,17.702],[97.984,17.911],[97.507,18.12],[97.029,18.327],[96.55,18.533],[96.07,18.737],[95.588,18.941],[95.176,19.103],[94.764,19.263],[94.35,19.423],[93.936,19.582],[93.521,19.74],[93.105,19.897],[92.755,20.101],[92.404,20.304],[92.052,20.506],[91.7,20.708]]}},{"type":"Feature","properties":{"boundary_type":"subduction","feature_type":"gpml:SubductionZone","polarity":"Right","overriding_plate_id":18150,"subducting_plate_id":902,"plate_ids":[902,18150],"name":"Koyukuk and Nutesyn Subduction Zone GS"},"geometry":{"type":"LineString","coordinates":[[-40.982,73.308],[-42.016,73.66],[-43.094,74.007],[-44.217,74.348],[-45.39,74.683],[-46.612,75.012],[-47.888,75.334],[-49.22,75.649],[-50.519,75.888],[-51.861,76.12],[-53.247,76.344],[-54.678,76.56],[-56.637,76.635],[-58.615,76.695],[-60.609,76.739],[-62.614,76.768],[-64.267,77.047],[-65.991,77.315],[-67.787,77.572],[-69.655,77.817],[-71.597,78.048],[-73.185,78.409],[-74.873,78.76],[-76.666,79.101],[-78.572,79.431],[-80.598,79.749]]}},{"type":"Feature","properties":{"boundary_type":"other","feature_type":"gpml:UnclassifiedFeature","polarity":null,"overriding_plate_id":null,"subducting_plate_id":null,"plate_ids":[301,409],"name":"Boundary SIB-NAM test"},"geometry":{"type":"LineString","coordinates":[[78.318,81.509],[81.515,81.402],[84.624,81.268],[87.632,81.11],[90.528,80.929],[93.305,80.725],[95.959,80.502],[98.486,80.259],[100.735,80.005],[102.87,79.736],[104.895,79.455],[106.814,79.161],[108.631,78.856],[110.35,78.54],[111.977,78.215],[113.517,77.881],[115.484,77.65],[117.377,77.406],[119.197,77.149],[120.946,76.879],[122.624,76.599],[124.233,76.307],[125.975,76.151],[127.677,75.983],[129.339,75.803],[130.959,75.612],[132.535,75.411],[134.069,75.199],[135.56,74.977],[137.007,74.746],[138.853,74.808],[140.712,74.855],[142.58,74.887],[144.455,74.904],[146.155,74.898],[147.852,74.88],[149.545,74.85],[151.229,74.806],[152.902,74.751],[154.563,74.683],[156.207,74.602],[157.373,74.229],[158.486,73.85],[159.549,73.465],[160.565,73.075],[161.536,72.681],[162.465,72.282]]}},{"type":"Feature","properties":{"boundary_type":"subduction","feature_type":"gpml:SubductionZone","polarity":"Left","overriding_plate_id":301,"subducting_plate_id":380,"plate_ids":[301,380],"name":"Uda-Murgal Subduction Zone GS"},"geometry":{"type":"LineString","coordinates":[[149.473,65.063],[149.908,65.527],[150.358,65.989],[150.825,66.45],[151.309,66.909],[151.812,67.367],[152.335,67.823],[152.878,68.277],[153.444,68.73],[154.032,69.181],[154.782,69.584],[155.56,69.984],[156.368,70.381],[157.208,70.774],[158.082,71.163],[158.991,71.547],[159.937,71.927]]}},{"type":"Feature","properties":{"boundary_type":"subduction","feature_type":"gpml:SubductionZone","polarity":"Left","overriding_plate_id":301,"subducting_plate_id":926,"plate_ids":[301,926],"name":"Uda-Murgal Subduction Zone GS"},"geometry":{"type":"LineString","coordinates":[[159.937,71.927],[160.161,72.015],[161.304,72.152],[162.465,72.282]]}},{"type":"Feature","properties":{"boundary_type":"subduction","feature_type":"gpml:SubductionZone","polarity":"Left","overriding_plate_id":409,"subducting_plate_id":926,"plate_ids":[409,926],"name":"Uda-Murgal Subduction Zone GS"},"geometry":{"type":"LineString","coordinates":[[162.465,72.282],[163.728,72.414],[165.01,72.538],[166.309,72.653],[167.623,72.761],[168.954,72.859],[170.431,73.099],[171.948,73.328],[173.506,73.545],[175.103,73.751],[176.738,73.944],[178.411,74.125],[-179.88,74.293],[-178.136,74.447],[-176.36,74.587],[-174.93,74.889],[-173.445,75.182],[-171.902,75.465],[-170.3,75.738],[-168.638,75.999],[-166.916,76.249],[-165.133,76.486],[-163.289,76.71],[-161.384,76.921],[-159.688,77.205],[-157.917,77.478],[-156.07,77.739],[-154.146,77.987],[-152.144,78.222],[-150.065,78.442],[-147.909,78.646],[-145.678,78.834],[-143.376,79.006],[-141.005,79.159],[-138.994,79.396],[-136.895,79.62],[-134.708,79.829],[-132.433,80.024]]}},{"type":"Feature","properties":{"boundary_type":"other","feature_type":"gpml:InferredPaleoBoundary","polarity":null,"overriding_plate_id":null,"subducting_plate_id":null,"plate_ids":[409,926],"name":"KOST NE Siberia boundary GS"},"geometry":{"type":"LineString","coordinates":[[125.319,82.851],[126.202,83.093],[127.148,83.334],[129.626,83.609],[132.321,83.872],[135.249,84.12],[138.426,84.352],[142.988,84.518],[147.802,84.648],[152.818,84.738],[157.968,84.787],[163.173,84.794],[167.785,84.739],[172.273,84.652],[176.592,84.533],[-179.295,84.384],[-174.674,84.282],[-170.242,84.144],[-166.037,83.973],[-162.082,83.772],[-158.39,83.544],[-154.854,83.38],[-151.499,83.193],[-148.334,82.984],[-146.07,82.624],[-144.019,82.253],[-142.157,81.874],[-140.461,81.486],[-138.21,81.138],[-136.132,80.777],[-134.211,80.405],[-132.433,80.024]]}},{"type":"Feature","properties":{"boundary_type":"subduction","feature_type":"gpml:SubductionZone","polarity":"Right","overriding_plate_id":18150,"subducting_plate_id":902,"plate_ids":[902,18150],"name":"Koyukuk and Nutesyn Subduction Zone GS"},"geometry":{"type":"LineString","coordinates":[[-80.598,79.749],[-80.88,80.1],[-81.182,80.451],[-81.508,80.801],[-81.751,81.226],[-82.018,81.651],[-82.314,82.075],[-82.643,82.5],[-82.811,82.934]]}},{"type":"Feature","properties":{"boundary_type":"subduction","feature_type":"gpml:SubductionZone","polarity":"Right","overriding_plate_id":18150,"subducting_plate_id":926,"plate_ids":[926,18150],"name":"Koyukuk and Nutesyn Subduction Zone GS"},"geometry":{"type":"LineString","coordinates":[[-82.811,82.934],[-83.029,83.431],[-83.283,83.927],[-83.582,84.423],[-83.455,84.867],[-83.304,85.31],[-83.121,85.753],[-82.896,86.197],[-82.611,86.64],[-82.24,87.083],[-81.737,87.526]]}},{"type":"Feature","properties":{"boundary_type":"subduction","feature_type":"gpml:SubductionZone","polarity":"Left","overriding_plate_id":42150,"subducting_plate_id":926,"plate_ids":[926,42150],"name":"Koyukuk and Nutesyn Arc Subduction Zone Test GS"},"geometry":{"type":"LineString","coordinates":[[85.751,83.464],[85.693,83.652],[86.422,84.128],[87.28,84.603],[88.302,85.077],[89.54,85.548],[91.071,86.017],[93.008,86.483],[95.53,86.943],[95.912,87.405],[96.458,87.866],[97.305,88.327],[98.795,88.788],[102.104,89.246],[115.349,89.695],[-108.427,89.828],[-87.895,89.398],[-84.591,88.954],[-83.256,88.51],[-82.535,88.065]]}},{"type":"Feature","properties":{"boundary_type":"subduction","feature_type":"gpml:SubductionZone","polarity":"Left","overriding_plate_id":18150,"subducting_plate_id":926,"plate_ids":[926,18150],"name":"Koyukuk and Nutesyn Arc Subduction Zone Test GS"},"geometry":{"type":"LineString","coordinates":[[-82.535,88.065],[-82.206,87.76],[-81.737,87.526]]}},{"type":"Feature","properties":{"boundary_type":"transform","feature_type":"gpml:Transform","polarity":null,"overriding_plate_id":null,"subducting_plate_id":null,"plate_ids":[18150,42150],"name":"AACM 2-plate transform GS12"},"geometry":{"type":"LineString","coordinates":[[-0.702,76.991],[-0.854,77.391],[-1.015,77.791],[-1.187,78.192],[-1.467,78.659],[-1.771,79.126],[-2.102,79.593],[-2.463,80.06],[-2.86,80.526],[-3.297,80.991],[-3.782,81.456],[-4.423,81.902],[-5.137,82.346],[-5.939,82.789],[-6.846,83.23],[-7.878,83.67],[-9.062,84.107],[-10.435,84.541],[-12.075,84.947],[-13.999,85.348],[-16.282,85.742],[-19.024,86.129],[-22.365,86.505],[-26.493,86.866],[-31.659,87.207],[-38.569,87.503],[-47.172,87.754],[-57.627,87.942],[-69.693,88.05],[-82.535,88.065]]}},{"type":"Feature","properties":{"boundary_type":"ridge","feature_type":"gpml:MidOceanRidge","polarity":null,"overriding_plate_id":null,"subducting_plate_id":null,"plate_ids":[101,42150],"name":"Arctic Mendeleev Ridge"},"geometry":{"type":"LineString","coordinates":[[11.133,75.799],[12.816,75.621],[14.457,75.432],[16.056,75.232],[17.612,75.021],[19.125,74.8],[20.595,74.569],[21.832,74.385],[23.039,74.193],[24.218,73.995],[25.369,73.79],[26.853,73.681],[28.316,73.561],[29.758,73.431],[31.178,73.291],[32.573,73.142],[33.901,72.993],[35.205,72.836],[36.486,72.671]]}},{"type":"Feature","properties":{"boundary_type":"ridge","feature_type":"gpml:MidOceanRidge","polarity":null,"overriding_plate_id":null,"subducting_plate_id":null,"plate_ids":[101,714],"name":"Ridge from iso M0 from NAM at 120.4Ma"},"geometry":{"type":"LineString","coordinates":[[10.394,28.555],[10.048,28.414],[9.702,28.272],[9.343,28.605],[8.982,28.937],[8.631,28.772],[8.281,28.606],[7.838,28.406],[7.396,28.205],[6.955,28.002],[6.721,28.152],[6.424,28.032],[6.127,27.912],[5.871,28.062],[5.37,27.856],[4.871,27.647],[4.751,27.727],[4.492,27.467],[4.235,27.206],[3.884,27.041],[3.534,26.876],[3.441,26.935],[3.1,26.776],[2.761,26.616],[2.423,26.456],[2.329,26.538],[1.837,26.555],[1.344,26.571],[0.851,26.585],[0.358,26.597],[-0.135,26.608],[-0.628,26.617],[-1.043,26.351],[-1.457,26.084],[-1.552,26.154],[-1.866,25.952],[-2.18,25.748],[-2.492,25.544],[-2.762,25.715],[-3.079,25.435],[-3.395,25.154],[-3.709,24.873],[-4.055,25.088],[-4.401,25.303],[-4.753,25.069],[-5.104,24.834],[-5.453,24.599],[-5.657,24.742],[-6.021,24.563],[-6.384,24.384],[-6.508,24.468],[-6.821,24.151],[-7.133,23.832],[-7.443,23.513],[-7.752,23.194],[-7.677,23.124],[-8.036,22.794],[-8.392,22.463],[-8.748,22.132],[-8.59,22.005],[-8.899,21.615],[-9.207,21.225],[-9.513,20.835],[-9.817,20.444],[-10.12,20.052],[-10.421,19.66],[-10.742,19.349],[-11.062,19.037],[-10.874,18.882],[-11.136,18.522],[-11.397,18.161],[-11.658,17.8],[-11.607,17.749],[-11.934,17.382],[-12.26,17.015],[-12.585,16.647],[-12.908,16.278],[-13.23,15.909],[-12.884,15.67],[-13.216,15.322],[-13.546,14.973],[-13.876,14.623],[-13.491,14.345],[-13.107,14.066],[-12.724,13.786],[-13.027,13.481],[-13.329,13.175],[-13.63,12.869],[-13.924,12.493],[-14.218,12.116],[-14.511,11.739],[-14.803,11.362],[-15.094,10.985],[-15.384,10.607]]}},{"type":"Feature","properties":{"boundary_type":"ridge","feature_type":"gpml:MidOceanRidge","polarity":null,"overriding_plate_id":null,"subducting_plate_id":null,"plate_ids":[701,802],"name":"Ridge from iso M from Antartica at 140.4Ma"},"geometry":{"type":"LineString","coordinates":[[19.577,-47.952],[19.232,-48.318],[18.881,-48.684],[18.335,-48.464],[17.794,-48.242],[17.257,-48.017]]}},{"type":"Feature","properties":{"boundary_type":"ridge","feature_type":"gpml:MidOceanRidge","polarity":null,"overriding_plate_id":null,"subducting_plate_id":null,"plate_ids":[534,780],"name":"Junction MOR"},"geometry":{"type":"LineString","coordinates":[[135.355,-0.902],[135.226,-1.38],[135.097,-1.858],[134.969,-2.336],[134.837,-2.81],[134.705,-3.283],[134.573,-3.757],[134.441,-4.23],[134.309,-4.704],[134.177,-5.177],[134.044,-5.65],[133.912,-6.124],[133.779,-6.597],[133.645,-7.07],[133.512,-7.544],[133.378,-8.017],[133.244,-8.49],[133.109,-8.963],[132.975,-9.436],[132.839,-9.909],[132.704,-10.382],[132.568,-10.855],[132.431,-11.328],[132.294,-11.801],[132.157,-12.273],[132.019,-12.746],[131.881,-13.219],[131.463,-13.396],[131.044,-13.573],[130.951,-14.045],[130.858,-14.516],[130.764,-14.988],[130.669,-15.459],[130.575,-15.931],[130.479,-16.402],[130.384,-16.873],[130.288,-17.345],[130.191,-17.816],[130.094,-18.287],[129.996,-18.758],[129.898,-19.229],[129.799,-19.7],[129.699,-20.171],[129.199,-20.222],[128.697,-20.272],[128.562,-20.745],[128.425,-21.218],[128.288,-21.691],[128.15,-22.163],[128.011,-22.636],[127.871,-23.109],[127.73,-23.581],[127.588,-24.053],[127.445,-24.525],[127.301,-24.997],[127.155,-25.469],[127.009,-25.941],[126.861,-26.412],[126.712,-26.884],[126.562,-27.355],[126.411,-27.826],[126.258,-28.297],[126.104,-28.767],[125.949,-29.238],[125.792,-29.708],[125.634,-30.178],[125.474,-30.648]]}},{"type":"Feature","properties":{"boundary_type":"ridge","feature_type":"gpml:MidOceanRidge","polarity":null,"overriding_plate_id":null,"subducting_plate_id":null,"plate_ids":[780,801],"name":"Junction MOR"},"geometry":{"type":"LineString","coordinates":[[125.474,-30.648],[125.313,-31.116],[125.151,-31.583],[124.988,-32.049],[124.822,-32.516],[124.655,-32.982],[124.486,-33.448]]}},{"type":"Feature","properties":{"boundary_type":"subduction","feature_type":"gpml:SubductionZone","polarity":"Left","overriding_plate_id":609,"subducting_plate_id":919,"plate_ids":[609,919],"name":"Junction subduction"},"geometry":{"type":"LineString","coordinates":[[160.518,-50.672],[160.234,-50.226],[159.955,-49.779],[159.681,-49.331],[159.413,-48.883],[159.149,-48.435],[158.889,-47.985],[158.634,-47.536],[158.384,-47.085],[158.138,-46.634],[157.895,-46.183],[157.657,-45.731],[157.423,-45.278],[157.192,-44.825],[156.965,-44.372],[156.741,-43.918],[156.521,-43.464],[156.304,-43.009],[156.09,-42.554],[155.879,-42.099],[155.64,-41.661],[155.404,-41.223],[155.171,-40.785],[154.941,-40.346],[154.714,-39.907],[154.49,-39.467],[154.268,-39.027],[154.05,-38.586],[153.834,-38.145],[153.621,-37.704],[153.479,-37.258],[153.339,-36.811],[153.2,-36.365],[153.063,-35.918],[152.927,-35.471],[152.793,-35.024],[152.758,-34.544],[152.724,-34.064],[152.689,-33.585],[152.655,-33.105],[152.622,-32.625],[152.589,-32.146],[152.556,-31.666],[152.524,-31.186],[152.532,-30.785],[152.541,-30.384],[152.549,-29.982],[152.557,-29.581],[152.566,-29.18]]}},{"type":"Feature","properties":{"boundary_type":"subduction","feature_type":"gpml:SubductionZone","polarity":"Left","overriding_plate_id":609,"subducting_plate_id":926,"plate_ids":[609,926],"name":"Junction subduction"},"geometry":{"type":"LineString","coordinates":[[152.566,-29.18],[152.575,-28.74],[152.584,-28.301],[152.593,-27.861],[152.602,-27.422],[152.61,-26.982],[152.619,-26.542],[152.628,-26.103],[152.636,-25.663],[152.7,-25.323],[152.764,-24.982],[152.828,-24.642]]}},{"type":"Feature","properties":{"boundary_type":"subduction","feature_type":"gpml:SubductionZone","polarity":"Left","overriding_plate_id":780,"subducting_plate_id":926,"plate_ids":[780,926],"name":"Junction subduction"},"geometry":{"type":"LineString","coordinates":[[152.828,-24.642],[152.915,-24.17],[153.002,-23.698],[153.088,-23.226],[153.173,-22.754],[153.258,-22.282],[153.342,-21.81],[153.426,-21.338],[153.509,-20.866],[153.592,-20.394],[153.655,-20.203]]}},{"type":"Feature","properties":{"boundary_type":"subduction","feature_type":"gpml:SubductionZone","polarity":"Left","overriding_plate_id":787,"subducting_plate_id":926,"plate_ids":[787,926],"name":"Barito Sea Subduction"},"geometry":{"type":"LineString","coordinates":[[138.651,0.264],[139.016,0.192],[139.381,0.12],[139.797,0.029],[140.212,-0.062],[140.627,-0.154],[141.042,-0.245],[141.457,-0.336],[141.872,-0.427],[142.278,-0.274],[142.683,-0.121],[143.088,0.032],[143.494,0.185],[143.917,0.381]]}},{"type":"Feature","properties":{"boundary_type":"subduction","feature_type":"gpml:SubductionZone","polarity":"Left","overriding_plate_id":380,"subducting_plate_id":926,"plate_ids":[380,926],"name":"Barito Sea Subduction"},"geometry":{"type":"LineString","coordinates":[[143.917,0.381],[144.327,0.57],[144.736,0.76],[145.146,0.949],[145.556,1.139],[145.966,1.328],[146.376,1.518],[146.786,1.707]]}},{"type":"Feature","properties":{"boundary_type":"subduction","feature_type":"gpml:SubductionZone","polarity":"Left","overriding_plate_id":380,"subducting_plate_id":926,"plate_ids":[380,926],"name":"North Borneo subduction"},"geometry":{"type":"LineString","coordinates":[[146.042,4.11],[145.612,4.324],[145.182,4.538],[144.752,4.751],[144.508,5.186],[144.263,5.62],[144.018,6.055],[143.894,6.485],[143.77,6.914],[143.646,7.344],[143.625,7.702],[143.605,8.06],[143.514,8.536],[143.423,9.013],[143.332,9.489],[143.24,9.966],[143.052,10.391],[142.863,10.816],[142.674,11.241]]}},{"type":"Feature","properties":{"boundary_type":"subduction","feature_type":"gpml:SubductionZone","polarity":"Left","overriding_plate_id":380,"subducting_plate_id":926,"plate_ids":[380,926],"name":"Proto South China Sea opening"},"geometry":{"type":"LineString","coordinates":[[142.674,11.241],[142.849,11.659],[143.025,12.076],[143.202,12.492],[143.379,12.909],[143.556,13.326],[143.734,13.742],[143.913,14.159],[144.093,14.575],[144.143,14.994],[144.193,15.413],[144.243,15.831],[144.294,16.25],[144.345,16.669],[144.396,17.087],[144.477,17.562],[144.56,18.037],[144.642,18.512],[144.725,18.987],[144.809,19.461],[144.893,19.936],[144.951,20.405],[145.01,20.875],[145.069,21.344],[145.129,21.813],[145.152,21.846]]}},{"type":"Feature","properties":{"boundary_type":"subduction","feature_type":"gpml:SubductionZone","polarity":"Left","overriding_plate_id":787,"subducting_plate_id":534,"plate_ids":[534,787],"name":"Sunda Jurassic-Cretaceous subduction"},"geometry":{"type":"LineString","coordinates":[[116.72,11.445],[117.069,11.157],[117.419,10.868],[117.767,10.579],[118.115,10.29],[118.463,10.0],[118.809,9.669],[119.155,9.337],[119.501,9.005],[119.845,8.672],[120.19,8.339],[120.533,8.006],[120.88,7.698],[121.227,7.39],[121.573,7.081],[121.919,6.773],[122.264,6.464],[122.609,6.154],[122.953,5.845],[123.339,5.589],[123.724,5.334],[124.109,5.078],[124.493,4.822],[124.877,4.565],[125.261,4.309],[125.645,4.052],[126.028,3.795],[126.471,3.618],[126.914,3.44],[127.356,3.263],[127.799,3.085],[128.241,2.907],[128.683,2.729],[129.125,2.551],[129.573,2.346],[130.021,2.142],[130.469,1.938],[130.917,1.733],[131.365,1.529],[131.813,1.324],[132.26,1.119],[132.708,0.914],[133.155,0.709],[133.603,0.504],[134.05,0.299],[134.376,-0.001],[134.703,-0.302],[135.029,-0.602],[135.355,-0.902]]}},{"type":"Feature","properties":{"boundary_type":"subduction","feature_type":"gpml:SubductionZone","polarity":"Left","overriding_plate_id":787,"subducting_plate_id":780,"plate_ids":[780,787],"name":"Sunda Jurassic-Cretaceous subduction"},"geometry":{"type":"LineString","coordinates":[[135.355,-0.902],[135.715,-1.234],[136.075,-1.565],[136.435,-1.897],[136.775,-2.147],[137.114,-2.397]]}},{"type":"Feature","properties":{"boundary_type":"subduction","feature_type":"gpml:SubductionZone","polarity":"Left","overriding_plate_id":926,"subducting_plate_id":780,"plate_ids":[780,926],"name":"Sunda Jurassic-Cretaceous subduction"},"geometry":{"type":"LineString","coordinates":[[137.114,-2.397],[137.478,-2.664],[137.841,-2.932],[138.205,-3.199],[138.569,-3.466],[138.933,-3.733],[139.298,-4.0],[139.662,-4.266],[140.027,-4.533],[140.357,-4.778],[140.687,-5.023],[141.017,-5.268],[141.348,-5.512],[141.679,-5.757]]}},{"type":"Feature","properties":{"boundary_type":"ridge","feature_type":"gpml:MidOceanRidge","polarity":null,"overriding_plate_id":null,"subducting_plate_id":null,"plate_ids":[380,787],"name":"Woyla Back-arc MOR"},"geometry":{"type":"LineString","coordinates":[[124.825,7.68],[125.274,7.466],[125.722,7.252],[126.17,7.038],[126.617,6.823],[127.064,6.608],[127.511,6.392],[127.957,6.176],[128.402,5.962],[128.846,5.747],[129.29,5.532],[129.734,5.317],[130.178,5.101],[130.621,4.885],[131.064,4.669],[131.506,4.452],[131.716,4.858],[132.142,4.661],[132.569,4.464],[132.995,4.267],[133.421,4.069],[133.846,3.872],[134.272,3.674],[134.697,3.476],[135.122,3.278],[135.547,3.079],[135.972,2.881],[136.131,3.191],[136.587,3.028],[137.042,2.864],[137.498,2.701],[137.953,2.538],[138.408,2.374],[138.864,2.21],[139.319,2.046],[139.774,1.882],[140.228,1.718],[140.683,1.553],[141.138,1.389],[141.593,1.225],[142.047,1.06],[142.502,0.895],[142.956,0.731],[143.411,0.566],[143.865,0.401],[143.917,0.381]]}},{"type":"Feature","properties":{"boundary_type":"ridge","feature_type":"gpml:MidOceanRidge","polarity":null,"overriding_plate_id":null,"subducting_plate_id":null,"plate_ids":[609,801],"name":"Cretaceous back-arc"},"geometry":{"type":"LineString","coordinates":[[141.337,-43.658],[141.748,-43.979],[142.163,-44.298],[142.583,-44.615],[143.008,-44.931],[143.437,-45.246],[143.872,-45.559],[144.311,-45.87],[144.01,-46.249],[143.706,-46.628],[143.397,-47.007],[143.084,-47.384],[143.545,-47.692],[144.01,-47.998],[144.481,-48.302],[144.172,-48.621],[143.86,-48.94],[143.543,-49.258],[144.027,-49.515],[144.515,-49.769],[145.009,-50.022],[144.669,-50.416],[144.324,-50.81],[143.972,-51.202],[143.615,-51.594],[143.251,-51.984],[142.881,-52.373],[142.504,-52.761],[143.098,-53.042],[143.699,-53.321],[144.308,-53.596],[144.925,-53.869],[145.55,-54.138],[146.183,-54.404],[146.824,-54.667],[147.474,-54.926],[147.136,-55.353],[146.792,-55.779],[146.439,-56.204],[146.079,-56.627],[145.71,-57.05],[145.333,-57.472],[145.941,-57.695],[146.556,-57.914],[147.178,-58.131],[147.808,-58.344]]}},{"type":"Feature","properties":{"boundary_type":"transform","feature_type":"gpml:Transform","polarity":null,"overriding_plate_id":null,"subducting_plate_id":null,"plate_ids":[609,801],"name":"Proto Philippine transform"},"geometry":{"type":"LineString","coordinates":[[147.808,-58.344],[148.483,-58.059],[149.148,-57.77],[149.802,-57.478],[150.445,-57.183],[151.079,-56.885],[151.702,-56.583],[152.315,-56.278],[152.919,-55.97],[153.538,-55.661],[154.148,-55.348],[154.749,-55.032],[155.34,-54.713],[155.922,-54.392],[156.494,-54.068],[156.857,-53.804],[157.214,-53.538]]}},{"type":"Feature","properties":{"boundary_type":"transform","feature_type":"gpml:Transform","polarity":null,"overriding_plate_id":null,"subducting_plate_id":null,"plate_ids":[609,919],"name":"Proto Philippine transform"},"geometry":{"type":"LineString","coordinates":[[157.214,-53.538],[157.65,-53.21],[158.078,-52.879],[158.5,-52.547],[158.916,-52.214],[159.325,-51.88],[159.728,-51.543],[159.995,-51.253],[160.258,-50.963],[160.518,-50.672]]}},{"type":"Feature","properties":{"boundary_type":"transform","feature_type":"gpml:Transform","polarity":null,"overriding_plate_id":null,"subducting_plate_id":null,"plate_ids":[529,534],"name":"Proto Andaman transform"},"geometry":{"type":"LineString","coordinates":[[111.627,-0.123],[111.838,0.316],[112.048,0.756],[112.259,1.196],[112.469,1.635],[112.68,2.075],[112.891,2.515],[113.102,2.954],[113.265,3.343],[113.429,3.731],[113.593,4.119],[113.757,4.508],[113.922,4.896],[114.086,5.284]]}},{"type":"Feature","properties":{"boundary_type":"transform","feature_type":"gpml:Transform","polarity":null,"overriding_plate_id":null,"subducting_plate_id":null,"plate_ids":[528,534],"name":"Proto Andaman transform"},"geometry":{"type":"LineString","coordinates":[[114.086,5.284],[114.267,5.71],[114.448,6.136],[114.629,6.561],[114.81,6.987],[114.992,7.412],[115.182,7.861],[115.373,8.309],[115.564,8.758],[115.755,9.206],[115.947,9.654],[116.139,10.102],[116.332,10.55],[116.525,10.998],[116.72,11.445]]}},{"type":"Feature","properties":{"boundary_type":"transform","feature_type":"gpml:Transform","polarity":null,"overriding_plate_id":null,"subducting_plate_id":null,"plate_ids":[528,787],"name":"Proto Andaman transform"},"geometry":{"type":"LineString","coordinates":[[116.72,11.445],[116.773,11.569],[116.909,11.933],[117.046,12.297],[117.183,12.661]]}},{"type":"Feature","properties":{"boundary_type":"transform","feature_type":"gpml:Transform","polarity":null,"overriding_plate_id":null,"subducting_plate_id":null,"plate_ids":[380,787],"name":"Proto Andaman transform"},"geometry":{"type":"LineString","coordinates":[[117.183,12.661],[117.335,13.065],[117.488,13.469],[117.641,13.872],[117.795,14.276],[117.949,14.679],[118.104,15.083]]}},{"type":"Feature","properties":{"boundary_type":"ridge","feature_type":"gpml:MidOceanRidge","polarity":null,"overriding_plate_id":null,"subducting_plate_id":null,"plate_ids":[380,787],"name":"Proto Andaman Sea"},"geometry":{"type":"LineString","coordinates":[[124.825,7.68],[124.952,7.919],[124.602,8.185],[124.252,8.45],[123.901,8.715],[123.55,8.98],[123.198,9.244],[122.846,9.508],[122.493,9.771],[122.713,10.085],[122.399,10.403],[122.085,10.721],[121.77,11.039],[121.455,11.356],[121.139,11.674],[120.822,11.99],[120.504,12.307],[120.186,12.623],[120.403,12.87],[120.62,13.116],[120.275,13.391],[119.929,13.666],[119.582,13.94],[119.234,14.213],[118.886,14.486],[118.536,14.759],[118.186,15.031],[118.104,15.083]]}},{"type":"Feature","properties":{"boundary_type":"ridge","feature_type":"gpml:MidOceanRidge","polarity":null,"overriding_plate_id":null,"subducting_plate_id":null,"plate_ids":[609,801],"name":"Cretaceous back-arc"},"geometry":{"type":"LineString","coordinates":[[141.104,-42.502],[141.517,-42.747],[141.933,-42.991],[141.637,-43.325],[141.337,-43.658]]}},{"type":"Feature","properties":{"boundary_type":"ridge","feature_type":"gpml:MidOceanRidge","polarity":null,"overriding_plate_id":null,"subducting_plate_id":null,"plate_ids":[780,801],"name":"Molucca Cretaceous Spreading"},"geometry":{"type":"LineString","coordinates":[[124.486,-33.448],[124.937,-33.496],[125.389,-33.542],[125.407,-33.978],[125.897,-34.005],[126.387,-34.03],[126.379,-34.298],[126.371,-34.566],[126.824,-34.578],[127.277,-34.589],[127.281,-35.023],[127.285,-35.458],[127.289,-35.893],[127.293,-36.328],[127.717,-36.334],[128.141,-36.34],[128.564,-36.343],[128.631,-36.807],[129.192,-36.83],[129.754,-36.851],[130.315,-36.869],[130.329,-37.176],[130.343,-37.484],[130.905,-37.463],[131.466,-37.439],[131.539,-37.826],[131.611,-38.213],[132.09,-38.206],[132.569,-38.196],[133.048,-38.184],[133.142,-38.598],[133.238,-39.012],[133.334,-39.425],[133.432,-39.839],[133.961,-39.786],[134.489,-39.73],[135.016,-39.672],[135.542,-39.612],[135.654,-40.026],[135.768,-40.441],[135.882,-40.855],[136.478,-40.759],[137.071,-40.66],[137.663,-40.558],[137.846,-41.002],[138.031,-41.446],[138.219,-41.889],[138.409,-42.332],[138.602,-42.775],[139.23,-42.712],[139.856,-42.645],[140.48,-42.575],[141.104,-42.502]]}},{"type":"Feature","properties":{"boundary_type":"ridge","feature_type":"gpml:MidOceanRidge","polarity":null,"overriding_plate_id":null,"subducting_plate_id":null,"plate_ids":[609,780],"name":"Molucca Cretaceous Spreading"},"geometry":{"type":"LineString","coordinates":[[141.104,-42.502],[141.744,-42.422],[142.383,-42.34],[143.02,-42.253],[143.655,-42.164],[143.705,-42.647],[143.755,-43.131],[144.139,-43.105],[144.524,-43.077]]}},{"type":"Feature","properties":{"boundary_type":"ridge","feature_type":"gpml:MidOceanRidge","polarity":null,"overriding_plate_id":null,"subducting_plate_id":null,"plate_ids":[609,780],"name":"Cretaceous back-arc MOR north"},"geometry":{"type":"LineString","coordinates":[[152.828,-24.642],[152.31,-24.713],[151.792,-24.782],[151.273,-24.85],[150.754,-24.915],[150.635,-25.401],[150.515,-25.886],[150.394,-26.372],[150.272,-26.857],[149.8,-26.903],[149.329,-26.948],[148.857,-26.991],[148.384,-27.032],[147.911,-27.072],[147.86,-27.48],[147.808,-27.888],[147.755,-28.296],[147.702,-28.704],[147.649,-29.112],[147.256,-29.129],[146.863,-29.146],[146.47,-29.16],[146.456,-29.647],[146.442,-30.133],[146.427,-30.619],[146.413,-31.106],[146.398,-31.592],[146.383,-32.079],[146.368,-32.565],[146.353,-33.051],[146.337,-33.538],[146.322,-34.024],[146.306,-34.51],[146.29,-34.997],[146.274,-35.483],[146.258,-35.969],[146.241,-36.456],[145.766,-36.468],[145.29,-36.48],[144.815,-36.489],[144.888,-36.978],[144.961,-37.468],[145.036,-37.958],[145.112,-38.448],[144.505,-38.586],[143.897,-38.72],[143.962,-39.205],[144.029,-39.689],[144.097,-40.173],[144.165,-40.657],[144.235,-41.141],[144.305,-41.625],[144.377,-42.109],[144.45,-42.593],[144.524,-43.077]]}},{"type":"Feature","properties":{"boundary_type":"ridge","feature_type":"gpml:MidOceanRidge","polarity":null,"overriding_plate_id":null,"subducting_plate_id":null,"plate_ids":[802,28900],"name":"MOR Weddell Sea"},"geometry":{"type":"LineString","coordinates":[[13.178,-48.153],[12.552,-48.423],[11.919,-48.689],[11.305,-48.945],[10.684,-49.198],[10.057,-49.447],[9.423,-49.693],[8.784,-49.936],[8.137,-50.175],[7.485,-50.41],[6.826,-50.641],[6.16,-50.869],[5.488,-51.093],[4.809,-51.314],[4.124,-51.53],[3.433,-51.742],[2.735,-51.95],[2.03,-52.154],[1.319,-52.353],[0.602,-52.549],[-0.122,-52.74],[-0.851,-52.926],[-1.588,-53.108],[-2.33,-53.286],[-3.078,-53.459],[-3.489,-53.598],[-3.902,-53.737],[-4.328,-53.936],[-4.812,-54.112],[-5.261,-54.273],[-5.713,-54.432],[-6.182,-54.555],[-6.547,-54.606],[-7.239,-54.807],[-7.938,-55.005],[-8.733,-55.2],[-9.536,-55.39],[-10.347,-55.574],[-11.165,-55.753],[-11.991,-55.926],[-12.824,-56.094],[-13.399,-56.239],[-14.084,-56.359],[-14.773,-56.476],[-15.466,-56.589],[-15.948,-56.682],[-16.433,-56.773],[-16.592,-56.794]]}},{"type":"Feature","properties":{"boundary_type":"ridge","feature_type":"gpml:MidOceanRidge","polarity":null,"overriding_plate_id":null,"subducting_plate_id":null,"plate_ids":[201,714],"name":"Ridge from iso A34 from Africa at 83.5Ma"},"geometry":{"type":"LineString","coordinates":[[-8.919,7.812],[-8.976,7.624],[-8.897,7.603],[-8.963,7.355],[-9.028,7.108],[-8.548,6.979],[-8.653,6.595],[-8.758,6.21],[-8.862,5.826],[-8.967,5.441],[-8.518,5.287],[-8.07,5.132],[-7.622,4.977],[-7.174,4.821],[-7.288,4.355],[-7.403,3.889],[-7.517,3.422],[-7.631,2.956],[-7.745,2.49],[-7.409,2.381],[-7.073,2.272],[-7.153,1.855],[-7.233,1.439],[-6.753,1.329],[-6.274,1.22],[-5.795,1.11],[-5.316,1.0],[-4.837,0.89],[-4.357,0.78],[-3.878,0.67],[-3.896,0.328],[-3.913,-0.014],[-3.501,-0.116],[-3.088,-0.219],[-2.676,-0.321],[-2.714,-0.755],[-2.752,-1.19],[-2.79,-1.624],[-2.828,-2.059],[-2.866,-2.493],[-2.5,-2.549],[-2.135,-2.605],[-1.781,-2.641],[-1.427,-2.676],[-0.996,-2.721],[-0.565,-2.766],[-0.181,-2.805],[0.204,-2.843],[0.591,-2.852],[0.979,-2.862],[1.415,-2.881],[1.852,-2.899],[2.231,-2.923],[2.61,-2.946],[2.989,-2.968],[3.489,-2.985],[3.989,-3.002],[4.289,-3.007],[4.59,-3.012],[4.933,-3.012],[5.275,-3.013],[5.263,-3.427],[5.251,-3.841],[5.238,-4.256],[5.473,-4.296],[5.467,-4.623],[5.462,-4.95],[5.741,-4.98],[5.756,-5.27],[5.77,-5.56]]}},{"type":"Feature","properties":{"boundary_type":"subduction","feature_type":"gpml:SubductionZone","polarity":"Right","overriding_plate_id":801,"subducting_plate_id":919,"plate_ids":[801,919],"name":"Chatham Rise subduction KM"},"geometry":{"type":"LineString","coordinates":[[-130.48,-82.991],[-127.943,-82.887],[-125.483,-82.769],[-123.248,-82.691],[-121.063,-82.603],[-117.684,-82.408],[-114.484,-82.189],[-111.466,-81.947],[-108.99,-81.711],[-106.655,-81.461],[-104.455,-81.198],[-102.384,-80.923],[-100.437,-80.636],[-98.606,-80.34],[-96.673,-79.997],[-94.87,-79.643],[-93.186,-79.281],[-91.611,-78.909],[-90.099,-78.606],[-88.665,-78.296],[-87.305,-77.979],[-86.015,-77.656],[-84.592,-77.285],[-83.25,-76.907],[-81.982,-76.522],[-80.784,-76.132],[-79.65,-75.735],[-79.205,-75.598]]}},{"type":"Feature","properties":{"boundary_type":"subduction","feature_type":"gpml:SubductionZone","polarity":"Right","overriding_plate_id":801,"subducting_plate_id":919,"plate_ids":[801,919],"name":"Northern cont. of Eastern Gondwanaland Active Margin"},"geometry":{"type":"LineString","coordinates":[[157.214,-53.538],[157.384,-53.906],[157.557,-54.273],[157.733,-54.64],[157.719,-55.006],[157.705,-55.373],[157.691,-55.739],[157.582,-56.132],[157.472,-56.525]]}},{"type":"Feature","properties":{"boundary_type":"transform","feature_type":"gpml:Transform","polarity":null,"overriding_plate_id":null,"subducting_plate_id":null,"plate_ids":[787,926],"name":"East Woyla transform"},"geometry":{"type":"LineString","coordinates":[[137.114,-2.397],[137.334,-2.046],[137.553,-1.696],[137.772,-1.345],[137.991,-0.994],[138.21,-0.644],[138.357,-0.341],[138.504,-0.039],[138.651,0.264]]}},{"type":"Feature","properties":{"boundary_type":"transform","feature_type":"gpml:Transform","polarity":null,"overriding_plate_id":null,"subducting_plate_id":null,"plate_ids":[380,926],"name":"North Borneo transform"},"geometry":{"type":"LineString","coordinates":[[146.042,4.11],[146.127,3.776],[146.212,3.443],[146.297,3.109],[146.46,2.642],[146.623,2.174],[146.786,1.707]]}},{"type":"Feature","properties":{"boundary_type":"transform","feature_type":"gpml:Transform","polarity":null,"overriding_plate_id":null,"subducting_plate_id":null,"plate_ids":[301,715],"name":"MezoTethys transform from 180Ma"},"geometry":{"type":"LineString","coordinates":[[48.926,11.317],[49.32,11.571],[49.714,11.825],[50.108,12.078],[50.504,12.331],[50.9,12.583],[51.297,12.835],[51.695,13.086],[52.094,13.336],[52.493,13.586],[52.893,13.835],[53.295,14.083],[53.697,14.331],[54.1,14.578],[54.388,14.985],[54.677,15.392],[54.968,15.799],[55.259,16.205],[55.552,16.611],[55.846,17.017],[56.141,17.422],[56.438,17.826],[56.736,18.231],[57.035,18.634],[57.336,19.038],[57.639,19.44],[57.942,19.843],[58.248,20.244],[58.555,20.646],[58.863,21.046],[59.173,21.446],[59.485,21.846],[59.748,22.25],[60.013,22.654],[60.279,23.057],[60.547,23.46],[60.817,23.863],[61.088,24.265],[61.361,24.666],[61.636,25.067]]}},{"type":"Feature","properties":{"boundary_type":"transform","feature_type":"gpml:Transform","polarity":null,"overriding_plate_id":null,"subducting_plate_id":null,"plate_ids":[301,530],"name":"MezoTethys transform from 180Ma"},"geometry":{"type":"LineString","coordinates":[[61.636,25.067],[61.921,25.479],[62.207,25.891],[62.496,26.303],[62.787,26.713],[63.08,27.124],[63.375,27.533],[63.672,27.942],[63.972,28.35],[64.273,28.758],[64.578,29.165],[64.884,29.571]]}},{"type":"Feature","properties":{"boundary_type":"ridge","feature_type":"gpml:MidOceanRidge","polarity":null,"overriding_plate_id":null,"subducting_plate_id":null,"plate_ids":[530,715],"name":"Vardar Ocean"},"geometry":{"type":"LineString","coordinates":[[61.636,25.067],[61.997,24.88],[62.358,24.693],[62.717,24.504],[63.075,24.315],[63.52,24.069],[63.964,23.822],[64.405,23.574],[64.845,23.325],[65.283,23.074],[65.719,22.823],[66.154,22.57],[66.588,22.316],[67.019,22.061],[67.45,21.804],[67.878,21.547],[68.305,21.288],[68.731,21.029],[69.155,20.768],[69.578,20.506],[69.827,20.835],[70.078,21.163],[70.33,21.491],[70.583,21.819],[71.028,21.562],[71.472,21.304],[71.914,21.045],[72.355,20.785],[72.794,20.524],[73.231,20.261],[73.667,19.998],[74.102,19.733],[74.535,19.467],[74.967,19.201],[75.397,18.933],[75.826,18.664],[76.254,18.395],[76.68,18.124],[77.105,17.853],[77.529,17.58],[77.951,17.307],[78.372,17.033],[78.792,16.757],[79.211,16.481],[79.629,16.205],[80.045,15.927],[80.46,15.649],[80.874,15.37],[81.287,15.09],[81.699,14.809],[82.11,14.528],[82.519,14.246],[82.928,13.963],[83.336,13.679],[83.742,13.395],[84.148,13.11],[84.467,12.892],[84.785,12.673],[85.103,12.453],[85.42,12.234]]}},{"type":"Feature","properties":{"boundary_type":"transform","feature_type":"gpml:Transform","polarity":null,"overriding_plate_id":null,"subducting_plate_id":null,"plate_ids":[409,926],"name":"Arctic-Siberian transform"},"geometry":{"type":"LineString","coordinates":[[125.319,82.851],[122.029,83.012],[118.597,83.149],[115.039,83.26],[111.376,83.345],[107.247,83.454],[103.001,83.529],[98.68,83.567],[94.333,83.569],[90.007,83.535],[85.751,83.464]]}},{"type":"Feature","properties":{"boundary_type":"transform","feature_type":"gpml:Transform","polarity":null,"overriding_plate_id":null,"subducting_plate_id":null,"plate_ids":[409,42150],"name":"Arctic-Siberian transform"},"geometry":{"type":"LineString","coordinates":[[85.751,83.464],[82.922,83.396],[80.157,83.313],[79.613,83.292],[79.227,83.279]]}},{"type":"Feature","properties":{"boundary_type":"transform","feature_type":"gpml:Transform","polarity":null,"overriding_plate_id":null,"subducting_plate_id":null,"plate_ids":[301,380],"name":"Eurasia-Mongol Okhotsk transform"},"geometry":{"type":"LineString","coordinates":[[87.073,21.335],[87.225,21.737],[87.378,22.138],[87.532,22.54],[87.686,22.941],[87.73,23.426],[87.774,23.912],[87.818,24.397],[87.863,24.882],[87.908,25.367],[87.953,25.852],[87.999,26.337],[88.045,26.822],[88.091,27.307],[88.138,27.792],[88.186,28.277],[88.234,28.762]]}},{"type":"Feature","properties":{"boundary_type":"ridge","feature_type":"gpml:MidOceanRidge","polarity":null,"overriding_plate_id":null,"subducting_plate_id":null,"plate_ids":[902,926],"name":"MOR Farallon-Izanagi extended to COB"},"geometry":{"type":"LineString","coordinates":[[-128.545,60.053],[-127.572,60.055],[-126.598,60.049],[-125.626,60.037],[-125.402,60.506],[-125.171,60.975],[-124.933,61.444],[-124.689,61.912],[-124.436,62.38],[-124.176,62.847],[-123.907,63.314],[-123.629,63.78],[-123.342,64.245],[-123.045,64.711],[-122.738,65.175],[-122.42,65.639],[-122.09,66.102],[-121.748,66.565],[-121.393,67.026],[-121.024,67.487],[-120.641,67.947],[-121.818,68.153],[-123.016,68.351],[-124.234,68.54],[-125.473,68.72],[-126.731,68.891],[-126.375,69.363],[-126.003,69.834],[-125.614,70.305],[-125.207,70.775],[-124.78,71.243],[-124.332,71.711],[-123.861,72.177],[-123.366,72.643],[-122.845,73.107],[-122.295,73.57],[-121.714,74.031],[-121.1,74.49],[-120.38,74.952],[-119.616,75.41],[-118.804,75.866],[-117.938,76.319],[-117.015,76.769],[-116.028,77.216],[-114.972,77.658],[-113.838,78.096],[-112.62,78.529],[-111.308,78.957],[-109.892,79.379],[-108.362,79.794],[-106.704,80.201],[-104.906,80.599],[-102.953,80.988],[-100.828,81.365],[-98.513,81.729],[-95.766,82.014],[-92.824,82.278],[-89.684,82.521],[-86.345,82.741],[-82.811,82.934]]}},{"type":"Feature","properties":{"boundary_type":"ridge","feature_type":"gpml:MidOceanRidge","polarity":null,"overriding_plate_id":null,"subducting_plate_id":null,"plate_ids":[902,926],"name":"MOR Farallon-Izanagi"},"geometry":{"type":"LineString","coordinates":[[-127.195,38.114],[-127.695,38.422],[-128.2,38.728],[-128.708,39.032],[-129.221,39.333],[-129.739,39.633],[-130.261,39.929],[-130.787,40.224],[-130.615,40.671],[-130.441,41.118],[-130.265,41.565],[-130.085,42.012],[-129.904,42.458],[-129.72,42.904],[-129.533,43.35],[-129.343,43.795],[-129.151,44.24],[-128.955,44.685],[-128.757,45.129],[-128.555,45.573],[-128.783,46.032],[-129.015,46.491],[-129.251,46.949],[-129.491,47.407],[-129.735,47.864],[-129.983,48.32],[-130.236,48.777],[-130.18,49.267],[-130.122,49.758],[-130.063,50.249],[-130.003,50.739],[-129.941,51.23],[-129.879,51.72],[-129.814,52.211],[-129.749,52.701],[-129.682,53.192],[-129.613,53.682],[-129.543,54.173],[-129.471,54.663],[-129.397,55.153],[-129.322,55.644],[-129.245,56.134],[-129.165,56.624],[-129.084,57.114],[-129.0,57.604],[-128.914,58.094],[-128.826,58.584],[-128.735,59.074],[-128.641,59.564],[-128.545,60.053]]}},{"type":"Feature","properties":{"boundary_type":"ridge","feature_type":"gpml:MidOceanRidge","polarity":null,"overriding_plate_id":null,"subducting_plate_id":null,"plate_ids":[902,926],"name":"MOR Farallon-Izanagi"},"geometry":{"type":"LineString","coordinates":[[-126.331,5.666],[-126.639,5.923],[-126.948,6.181],[-127.258,6.438],[-127.683,6.639],[-128.109,6.839],[-128.536,7.039],[-128.962,7.239],[-129.389,7.438],[-129.817,7.637],[-130.245,7.835],[-130.673,8.033],[-131.102,8.231],[-131.531,8.428],[-131.96,8.624],[-132.39,8.82],[-132.821,9.016],[-133.252,9.211],[-133.683,9.406],[-133.612,9.889],[-133.54,10.372],[-133.468,10.856],[-133.396,11.339],[-133.323,11.822],[-133.25,12.305],[-133.684,12.478],[-134.119,12.65],[-134.554,12.821],[-134.99,12.992],[-135.426,13.162],[-135.863,13.331],[-136.3,13.5],[-136.738,13.667],[-137.177,13.834],[-137.096,14.318],[-137.015,14.801],[-136.934,15.284],[-136.852,15.768],[-136.77,16.251],[-136.688,16.734],[-136.605,17.217],[-136.522,17.7],[-136.438,18.183],[-136.354,18.667],[-136.269,19.15],[-136.184,19.633],[-136.098,20.116],[-136.012,20.598],[-135.925,21.081],[-135.838,21.564],[-135.75,22.047],[-135.661,22.53],[-135.572,23.012],[-135.482,23.495],[-135.392,23.978],[-135.301,24.46],[-135.209,24.943],[-135.116,25.425],[-135.023,25.907],[-134.929,26.39],[-134.834,26.872],[-134.738,27.354],[-134.642,27.836],[-134.544,28.318],[-134.446,28.8],[-134.347,29.282],[-134.247,29.764],[-133.755,29.522],[-133.265,29.278],[-132.778,29.032],[-132.293,28.785],[-132.073,29.233],[-131.851,29.682],[-131.627,30.129],[-131.402,30.577],[-131.174,31.024],[-130.944,31.471],[-130.712,31.917],[-130.478,32.363],[-130.241,32.808],[-130.002,33.253],[-129.76,33.698],[-129.516,34.142],[-129.27,34.585],[-129.02,35.028],[-128.768,35.471],[-128.514,35.913],[-128.256,36.354],[-127.995,36.795],[-127.732,37.236],[-127.465,37.675],[-127.195,38.114]]}},{"type":"Feature","properties":{"boundary_type":"ridge","feature_type":"gpml:MidOceanRidge","polarity":null,"overriding_plate_id":null,"subducting_plate_id":null,"plate_ids":[902,919],"name":"Pacific-Farallon MOR"},"geometry":{"type":"LineString","coordinates":[[-102.648,-22.728],[-102.703,-22.689]]}},{"type":"Feature","properties":{"boundary_type":"ridge","feature_type":"gpml:MidOceanRidge","polarity":null,"overriding_plate_id":null,"subducting_plate_id":null,"plate_ids":[901,902],"name":"Pacific-Farallon MOR"},"geometry":{"type":"LineString","coordinates":[[-102.703,-22.689],[-103.079,-22.419],[-103.453,-22.148],[-103.826,-21.876],[-104.197,-21.604],[-104.568,-21.33],[-104.936,-21.056],[-105.304,-20.781],[-105.709,-20.468],[-106.112,-20.154],[-106.514,-19.839],[-106.914,-19.523],[-107.312,-19.206],[-107.709,-18.889],[-108.105,-18.57],[-108.499,-18.251],[-108.892,-17.931],[-109.283,-17.61],[-109.673,-17.288],[-110.061,-16.966],[-110.448,-16.643],[-110.834,-16.319],[-111.218,-15.994],[-111.602,-15.669],[-111.984,-15.343],[-112.365,-15.016],[-112.744,-14.689],[-113.123,-14.361],[-113.5,-14.033],[-113.877,-13.704],[-114.252,-13.374],[-113.97,-13.004],[-113.689,-12.634],[-113.408,-12.263],[-113.128,-11.892],[-112.849,-11.521],[-112.571,-11.149],[-112.294,-10.778],[-112.017,-10.406],[-111.741,-10.033],[-111.465,-9.661],[-111.688,-9.41],[-112.029,-9.149],[-112.414,-8.927],[-112.795,-8.625],[-113.174,-8.323],[-113.442,-8.156],[-113.761,-7.905],[-114.079,-7.654],[-114.396,-7.402],[-114.44,-7.34],[-114.613,-7.173],[-114.681,-7.099],[-114.964,-6.851],[-115.248,-6.603],[-115.301,-6.549],[-115.586,-6.333],[-115.871,-6.116],[-116.156,-5.899],[-116.446,-5.642],[-116.735,-5.386],[-117.024,-5.129],[-117.228,-4.916],[-117.51,-5.187],[-117.792,-5.457],[-117.963,-5.694],[-118.265,-5.433],[-118.566,-5.171],[-118.867,-4.909],[-119.174,-5.267],[-119.48,-5.625],[-119.788,-5.982],[-120.095,-6.339],[-120.425,-6.096],[-120.754,-5.852],[-121.083,-5.609],[-121.219,-5.473],[-121.554,-5.255],[-121.889,-5.036],[-122.13,-4.858],[-122.419,-4.653],[-122.794,-4.338],[-123.169,-4.023],[-123.475,-3.773],[-123.782,-3.523],[-124.088,-3.273],[-124.336,-3.047],[-124.038,-2.724],[-123.74,-2.401],[-123.442,-2.077],[-123.816,-1.808],[-124.189,-1.538],[-124.278,-1.499],[-124.6,-1.269],[-124.922,-1.04],[-125.167,-0.886],[-125.411,-0.663],[-125.543,-0.508],[-125.707,-0.337],[-125.965,-0.038],[-126.222,0.261],[-126.479,0.561],[-126.723,0.684],[-126.971,0.931],[-127.017,0.944],[-126.75,1.225],[-126.483,1.507],[-126.216,1.788],[-125.949,2.069],[-126.231,2.418],[-126.513,2.767],[-126.796,3.116],[-126.4,3.389],[-126.004,3.661],[-126.298,3.996],[-126.593,4.33],[-126.871,4.16],[-127.149,3.99],[-127.606,4.048],[-128.063,4.105],[-128.52,4.162],[-128.977,4.219]]}},{"type":"Feature","properties":{"boundary_type":"ridge","feature_type":"gpml:MidOceanRidge","polarity":null,"overriding_plate_id":null,"subducting_plate_id":null,"plate_ids":[902,919],"name":"MOR Farallon-Phoenix"},"geometry":{"type":"LineString","coordinates":[[-102.648,-22.728],[-102.117,-22.702],[-101.587,-22.673],[-101.057,-22.643],[-100.527,-22.611],[-99.998,-22.577],[-99.469,-22.541],[-98.94,-22.504],[-98.411,-22.465],[-97.883,-22.424],[-97.355,-22.382],[-96.827,-22.338],[-96.3,-22.292],[-95.773,-22.245],[-95.246,-22.195],[-94.72,-22.144],[-94.194,-22.092],[-93.669,-22.038],[-93.144,-21.982],[-92.619,-21.924],[-92.095,-21.865],[-91.571,-21.804],[-91.048,-21.741],[-90.525,-21.677],[-90.003,-21.611],[-89.481,-21.544],[-88.959,-21.474],[-88.438,-21.404],[-87.918,-21.331],[-87.398,-21.257],[-87.289,-21.731],[-87.178,-22.204],[-87.067,-22.677],[-86.956,-23.15],[-86.843,-23.623],[-86.73,-24.095],[-86.615,-24.568],[-86.5,-25.041],[-86.384,-25.513],[-86.267,-25.986],[-85.728,-25.888],[-85.189,-25.788],[-84.651,-25.687],[-84.114,-25.583],[-83.578,-25.477],[-83.043,-25.369],[-82.509,-25.26],[-81.976,-25.148],[-81.444,-25.035],[-80.913,-24.92],[-80.382,-24.803],[-79.853,-24.684],[-79.325,-24.563],[-78.798,-24.44],[-78.272,-24.315],[-77.747,-24.189],[-77.223,-24.061],[-76.7,-23.931],[-76.178,-23.799],[-75.657,-23.666],[-75.138,-23.531],[-74.619,-23.394],[-74.101,-23.255],[-73.585,-23.115],[-73.388,-23.581],[-73.19,-24.046],[-72.99,-24.512],[-72.788,-24.977],[-72.586,-25.441],[-72.381,-25.906],[-72.175,-26.37],[-71.967,-26.834],[-71.758,-27.298],[-71.251,-27.083],[-70.747,-26.866],[-70.244,-26.648],[-69.743,-26.428],[-69.244,-26.206],[-68.747,-25.982],[-68.252,-25.757],[-67.759,-25.53],[-67.267,-25.301],[-66.778,-25.071],[-66.29,-24.839],[-65.804,-24.606],[-65.32,-24.371],[-64.838,-24.135],[-64.358,-23.897],[-63.879,-23.657],[-63.402,-23.416],[-62.927,-23.174],[-62.453,-22.93],[-61.982,-22.685],[-61.512,-22.438],[-61.043,-22.19],[-60.576,-21.941],[-60.111,-21.691],[-59.816,-22.071],[-59.519,-22.451],[-59.22,-22.83],[-58.92,-23.209],[-58.618,-23.587],[-58.314,-23.964],[-58.009,-24.341],[-57.701,-24.718],[-57.392,-25.093],[-56.916,-24.849],[-56.442,-24.604],[-55.969,-24.357],[-55.499,-24.109],[-55.03,-23.859],[-54.563,-23.608],[-54.098,-23.355],[-53.635,-23.101],[-53.174,-22.846],[-52.714,-22.589],[-52.256,-22.331],[-51.799,-22.072],[-51.344,-21.811],[-50.891,-21.55],[-50.44,-21.287],[-49.99,-21.023],[-49.542,-20.757],[-49.095,-20.491],[-48.65,-20.223],[-48.207,-19.954],[-47.765,-19.685],[-47.324,-19.414],[-46.885,-19.142],[-46.524,-19.468],[-46.161,-19.794],[-45.797,-20.118],[-45.432,-20.443],[-45.065,-20.766],[-44.696,-21.088],[-44.326,-21.41],[-43.954,-21.731],[-43.58,-22.051],[-43.176,-21.747],[-42.773,-21.443],[-42.371,-21.137],[-41.972,-20.83],[-41.574,-20.522],[-41.177,-20.214],[-40.782,-19.905],[-40.389,-19.594],[-39.997,-19.283],[-39.607,-18.971],[-39.218,-18.658],[-38.831,-18.345],[-38.445,-18.03],[-38.06,-17.715],[-37.677,-17.399],[-37.295,-17.083],[-36.914,-16.765],[-36.535,-16.447],[-36.157,-16.129],[-35.78,-15.809],[-35.404,-15.489],[-35.03,-15.169],[-34.678,-15.461],[-34.325,-15.752],[-33.972,-16.043],[-33.617,-16.333],[-33.261,-16.623],[-32.904,-16.912],[-32.623,-16.622],[-32.342,-16.332]]}},{"type":"Feature","properties":{"boundary_type":"ridge","feature_type":"gpml:MidOceanRidge","polarity":null,"overriding_plate_id":null,"subducting_plate_id":null,"plate_ids":[901,919],"name":"Pacific-Phoenix MOR"},"geometry":{"type":"LineString","coordinates":[[-102.703,-22.689],[-103.157,-22.932],[-103.613,-23.174],[-104.071,-23.414],[-104.53,-23.653],[-104.991,-23.891],[-105.453,-24.135],[-105.917,-24.378],[-106.382,-24.619],[-106.849,-24.859],[-107.318,-25.098],[-107.789,-25.335],[-108.262,-25.57],[-108.736,-25.804],[-109.213,-26.037],[-108.992,-26.496],[-108.77,-26.955],[-108.546,-27.413],[-108.321,-27.872],[-108.796,-28.085],[-109.272,-28.298],[-109.751,-28.508],[-110.232,-28.717],[-110.715,-28.924],[-111.199,-29.129],[-111.685,-29.333],[-111.481,-29.749],[-111.274,-30.166],[-111.066,-30.581],[-110.856,-30.997],[-110.644,-31.412],[-110.43,-31.827],[-110.215,-32.242],[-109.997,-32.656],[-109.777,-33.069],[-109.555,-33.483],[-110.053,-33.704],[-110.553,-33.923],[-110.869,-34.081],[-111.187,-34.239],[-111.609,-34.39],[-112.032,-34.539],[-112.457,-34.687],[-112.941,-34.876],[-113.427,-35.063],[-113.915,-35.248],[-114.406,-35.431],[-114.899,-35.612],[-115.336,-35.763],[-115.774,-35.913],[-116.214,-36.061],[-116.015,-36.478],[-115.814,-36.895],[-115.611,-37.312],[-115.405,-37.728],[-115.744,-37.849],[-116.084,-37.97],[-116.289,-37.548],[-116.492,-37.126],[-116.693,-36.703],[-116.891,-36.28],[-117.087,-35.857],[-117.282,-35.433],[-117.474,-35.009],[-117.909,-35.147],[-118.346,-35.284],[-118.784,-35.419],[-119.233,-35.578],[-119.683,-35.735],[-120.176,-35.86],[-120.67,-35.984],[-121.077,-36.089],[-121.485,-36.194],[-121.894,-36.296],[-122.04,-36.315],[-122.518,-36.479],[-122.998,-36.641],[-123.433,-36.781],[-123.869,-36.918],[-124.432,-37.028],[-124.995,-37.136],[-125.561,-37.241],[-126.128,-37.343],[-126.697,-37.443],[-127.267,-37.54],[-127.838,-37.634],[-128.411,-37.725],[-129.004,-37.839],[-129.6,-37.95],[-130.197,-38.059],[-130.795,-38.164],[-131.396,-38.266],[-131.998,-38.365],[-132.601,-38.461],[-133.207,-38.554],[-133.814,-38.644],[-134.422,-38.731],[-135.032,-38.814],[-135.643,-38.894],[-136.255,-38.971],[-136.811,-39.075],[-137.367,-39.175],[-137.926,-39.273],[-138.556,-39.381],[-139.188,-39.486],[-139.822,-39.587],[-140.458,-39.685],[-141.095,-39.779],[-141.735,-39.87],[-142.376,-39.957],[-143.018,-40.041],[-143.662,-40.121],[-144.308,-40.197],[-144.955,-40.27],[-145.603,-40.34],[-146.253,-40.405],[-146.904,-40.468],[-147.557,-40.525],[-148.211,-40.579],[-148.865,-40.629],[-149.521,-40.675],[-150.178,-40.718],[-150.836,-40.757],[-151.494,-40.792],[-152.153,-40.824],[-152.812,-40.852],[-153.472,-40.876],[-154.133,-40.896],[-154.794,-40.912],[-155.455,-40.925],[-156.116,-40.934],[-156.778,-40.939],[-157.439,-40.941],[-158.101,-40.938],[-158.762,-40.932],[-159.424,-40.922],[-160.085,-40.908],[-160.746,-40.891],[-161.406,-40.869],[-162.066,-40.844],[-162.725,-40.815],[-163.384,-40.783],[-164.042,-40.747],[-164.7,-40.706],[-165.356,-40.663],[-166.012,-40.615],[-166.666,-40.564],[-167.32,-40.509],[-167.972,-40.451],[-168.624,-40.388],[-169.274,-40.322],[-169.923,-40.253],[-170.57,-40.18],[-171.216,-40.103],[-171.86,-40.023],[-172.503,-39.939],[-173.145,-39.852],[-173.784,-39.761],[-174.422,-39.666],[-175.059,-39.568],[-175.693,-39.467],[-176.325,-39.362],[-176.956,-39.254],[-177.585,-39.142],[-178.211,-39.027],[-178.836,-38.909],[-178.789,-38.452],[-178.744,-37.995],[-178.699,-37.539],[-178.654,-37.082],[-178.61,-36.625],[-178.567,-36.168],[-178.523,-35.711],[-178.944,-35.641],[-179.364,-35.569],[-179.783,-35.496],[-179.723,-35.008],[-179.664,-34.519],[-179.606,-34.031],[-179.548,-33.542],[-179.491,-33.054],[-179.434,-32.565],[-179.379,-32.076],[-179.323,-31.588],[-179.269,-31.099],[-179.215,-30.61],[-179.161,-30.122],[-179.693,-30.069],[179.775,-30.014],[179.245,-29.957],[178.714,-29.898],[178.185,-29.837]]}},{"type":"Feature","properties":{"boundary_type":"ridge","feature_type":"gpml:MidOceanRidge","polarity":null,"overriding_plate_id":null,"subducting_plate_id":null,"plate_ids":[919,926],"name":"PHX-IZA"},"geometry":{"type":"LineString","coordinates":[[178.274,-28.385],[177.711,-28.396],[177.147,-28.405],[176.583,-28.411],[176.019,-28.415],[175.455,-28.417],[174.892,-28.417],[174.328,-28.414],[173.764,-28.409],[173.2,-28.401],[173.105,-28.853],[173.009,-29.305],[172.911,-29.756],[172.813,-30.208],[172.715,-30.659],[172.615,-31.11],[172.514,-31.562],[171.936,-31.585],[171.357,-31.606],[170.778,-31.624],[170.199,-31.64],[169.62,-31.653],[169.041,-31.663],[168.461,-31.671],[167.882,-31.676],[167.302,-31.679],[166.722,-31.679],[166.143,-31.676],[165.563,-31.671],[164.984,-31.663],[164.405,-31.652],[163.825,-31.639],[163.246,-31.623],[162.668,-31.605],[162.089,-31.584],[161.511,-31.56],[160.933,-31.534],[160.355,-31.505],[159.778,-31.474],[159.201,-31.44],[158.625,-31.404],[158.049,-31.364],[157.473,-31.323],[157.715,-30.895],[157.954,-30.466],[158.192,-30.037],[158.427,-29.608],[157.893,-29.58],[157.358,-29.549],[156.824,-29.517],[156.29,-29.482],[155.757,-29.445],[155.224,-29.406],[154.691,-29.365],[154.159,-29.322],[153.628,-29.277],[153.096,-29.229],[152.566,-29.18]]}},{"type":"Feature","properties":{"boundary_type":"ridge","feature_type":"gpml:MidOceanRidge","polarity":null,"overriding_plate_id":null,"subducting_plate_id":null,"plate_ids":[901,926],"name":"IZA-PAC MOR"},"geometry":{"type":"LineString","coordinates":[[-144.297,-1.591],[-144.296,-1.593],[-144.132,-2.044],[-143.967,-2.495],[-143.803,-2.947],[-143.635,-3.417],[-143.468,-3.888],[-143.3,-4.359],[-143.132,-4.829],[-142.963,-5.3],[-142.847,-5.742],[-142.731,-6.185],[-142.615,-6.628],[-142.94,-6.763],[-143.266,-6.899],[-143.591,-7.034],[-144.059,-7.197],[-144.526,-7.359],[-144.994,-7.521],[-145.205,-7.594],[-145.202,-7.595]]}},{"type":"Feature","properties":{"boundary_type":"transform","feature_type":"gpml:Transform","polarity":null,"overriding_plate_id":null,"subducting_plate_id":null,"plate_ids":[101,2035],"name":"TBD: Transform"},"geometry":{"type":"LineString","coordinates":[[-47.018,19.872],[-46.871,19.735],[-46.597,19.405],[-46.323,19.075],[-46.051,18.745],[-45.78,18.414],[-45.51,18.083],[-45.241,17.751],[-44.819,17.52],[-44.398,17.288],[-43.977,17.056],[-43.558,16.822],[-43.14,16.588],[-42.723,16.353],[-42.307,16.117],[-41.892,15.88],[-41.478,15.642],[-41.018,15.482],[-40.559,15.321],[-40.1,15.158],[-39.643,14.995],[-39.186,14.831],[-38.729,14.666],[-38.288,14.52],[-37.847,14.373],[-37.406,14.225],[-36.966,14.077],[-36.527,13.927],[-36.088,13.777],[-35.698,13.817],[-35.308,13.857]]}},{"type":"Feature","properties":{"boundary_type":"ridge","feature_type":"gpml:MidOceanRidge","polarity":null,"overriding_plate_id":null,"subducting_plate_id":null,"plate_ids":[101,205],"name":"Sandwell MOR"},"geometry":{"type":"LineString","coordinates":[[-38.139,19.51],[-37.888,19.89],[-37.636,20.269],[-37.383,20.648],[-37.029,20.487],[-36.677,20.324],[-36.47,20.718],[-36.261,21.11],[-36.052,21.503],[-35.78,21.345],[-35.501,21.757],[-35.221,22.169],[-34.939,22.58],[-34.595,22.389],[-34.253,22.197],[-33.911,22.004],[-33.621,22.314],[-33.33,22.623],[-33.038,22.932],[-32.76,22.697],[-32.483,22.462],[-32.235,22.727],[-31.987,22.992],[-31.75,22.86],[-31.514,22.727],[-31.306,22.927],[-31.097,23.126],[-30.863,22.943],[-30.63,22.759],[-30.47,22.916],[-30.221,22.677],[-29.973,22.437],[-29.724,22.665],[-29.442,22.429],[-29.161,22.192],[-28.907,22.384],[-28.565,22.044],[-28.224,21.704],[-27.885,21.364],[-27.547,21.023],[-27.211,20.681],[-27.452,20.472],[-27.221,20.26],[-26.989,20.047],[-26.573,20.35],[-26.188,20.025],[-25.805,19.698],[-25.423,19.371]]}},{"type":"Feature","properties":{"boundary_type":"transform","feature_type":"gpml:Transform","polarity":null,"overriding_plate_id":null,"subducting_plate_id":null,"plate_ids":[205,2035],"name":""},"geometry":{"type":"LineString","coordinates":[[-33.311,11.556],[-33.495,11.641],[-33.819,12.005],[-34.145,12.367],[-34.471,12.73],[-34.798,13.092],[-35.127,13.453],[-35.308,13.857]]}},{"type":"Feature","properties":{"boundary_type":"transform","feature_type":"gpml:Transform","polarity":null,"overriding_plate_id":null,"subducting_plate_id":null,"plate_ids":[101,205],"name":""},"geometry":{"type":"LineString","coordinates":[[-35.308,13.857],[-35.491,14.261],[-35.674,14.665],[-35.858,15.069],[-36.043,15.473],[-36.229,15.876],[-36.452,16.295],[-36.676,16.713],[-36.901,17.131],[-37.128,17.549],[-37.328,17.942],[-37.529,18.334],[-37.732,18.726],[-37.935,19.118],[-38.139,19.51]]}},{"type":"Feature","properties":{"boundary_type":"ridge","feature_type":"gpml:MidOceanRidge","polarity":null,"overriding_plate_id":null,"subducting_plate_id":null,"plate_ids":[201,2035],"name":"TBD: Proto-Caribbean spreading"},"geometry":{"type":"LineString","coordinates":[[-40.864,6.774],[-40.467,7.034],[-40.069,7.294],[-39.671,7.554],[-39.272,7.813],[-38.873,8.071],[-38.449,8.342],[-38.024,8.613],[-37.599,8.883],[-37.173,9.153],[-36.747,9.422],[-36.32,9.691],[-35.892,9.959],[-35.464,10.227],[-35.035,10.494],[-34.605,10.76],[-34.175,11.026],[-33.743,11.291],[-33.311,11.556]]}},{"type":"Feature","properties":{"boundary_type":"ridge","feature_type":"gpml:MidOceanRidge","polarity":null,"overriding_plate_id":null,"subducting_plate_id":null,"plate_ids":[201,205],"name":"TBD: Proto-Caribbean spreading"},"geometry":{"type":"LineString","coordinates":[[-33.311,11.556],[-32.905,11.804],[-32.497,12.051],[-32.09,12.298],[-31.681,12.544],[-31.271,12.789],[-30.861,13.034],[-30.45,13.278],[-30.038,13.522],[-29.625,13.765],[-29.212,14.007],[-28.797,14.248],[-28.382,14.489],[-27.966,14.729],[-27.549,14.968],[-27.299,14.618],[-27.051,14.268],[-26.803,13.917],[-26.556,13.567],[-26.156,13.82],[-25.755,14.073],[-25.354,14.325],[-24.952,14.576],[-24.548,14.826],[-24.144,15.076],[-23.739,15.326],[-23.333,15.574],[-22.926,15.822],[-22.518,16.069],[-22.109,16.315]]}},{"type":"Feature","properties":{"boundary_type":"subduction","feature_type":"gpml:SubductionZone","polarity":"Right","overriding_plate_id":null,"subducting_plate_id":null,"plate_ids":[201,224,902],"name":"TBD"},"geometry":{"type":"LineString","coordinates":[[-51.885,12.648],[-51.512,12.555],[-51.062,12.419],[-50.612,12.282],[-50.163,12.144],[-49.714,12.006],[-49.265,11.867],[-48.817,11.727],[-48.379,11.523],[-47.941,11.319],[-47.504,11.114],[-47.067,10.908],[-46.632,10.701],[-46.196,10.494]]}},{"type":"Feature","properties":{"boundary_type":"subduction","feature_type":"gpml:SubductionZone","polarity":"Right","overriding_plate_id":null,"subducting_plate_id":null,"plate_ids":[201,224,2035],"name":"TBD"},"geometry":{"type":"LineString","coordinates":[[-46.196,10.494],[-45.988,10.395],[-45.579,10.146],[-45.17,9.895],[-44.762,9.644],[-44.354,9.393],[-43.947,9.141],[-43.54,8.889],[-43.134,8.636],[-42.729,8.383],[-42.355,8.062],[-41.982,7.74],[-41.609,7.419],[-41.236,7.097],[-40.864,6.774]]}},{"type":"Feature","properties":{"boundary_type":"subduction","feature_type":"gpml:SubductionZone","polarity":"Right","overriding_plate_id":null,"subducting_plate_id":null,"plate_ids":[201,201,224],"name":"TBD"},"geometry":{"type":"LineString","coordinates":[[-40.864,6.774],[-40.529,6.483],[-40.193,6.191],[-39.858,5.898],[-39.523,5.606],[-39.273,5.236],[-39.023,4.865],[-38.773,4.495],[-38.523,4.124],[-38.274,3.753],[-38.025,3.383],[-37.776,3.012],[-37.527,2.641],[-37.279,2.27],[-37.128,1.891],[-36.978,1.511],[-36.827,1.132],[-36.661,0.79],[-36.494,0.447],[-36.327,0.105],[-36.299,0.01]]}},{"type":"Feature","properties":{"boundary_type":"transform","feature_type":"gpml:Transform","polarity":null,"overriding_plate_id":null,"subducting_plate_id":null,"plate_ids":[201,224,902],"name":"TBD: Transform"},"geometry":{"type":"LineString","coordinates":[[-62.85,5.719],[-62.355,5.797],[-61.861,5.873],[-61.366,5.95],[-60.871,6.026],[-60.376,6.101],[-59.88,6.176],[-59.385,6.25],[-58.889,6.324],[-58.394,6.398],[-57.898,6.471],[-57.402,6.544],[-56.905,6.616],[-56.409,6.688],[-55.913,6.759],[-55.416,6.829],[-54.919,6.899],[-54.423,6.969],[-54.23,7.407],[-54.037,7.844],[-53.844,8.281],[-53.651,8.718],[-53.457,9.155],[-53.262,9.592],[-53.067,10.029],[-52.872,10.466],[-52.676,10.902],[-52.479,11.339],[-52.282,11.775],[-52.084,12.211],[-51.885,12.648]]}},{"type":"Feature","properties":{"boundary_type":"other","feature_type":"gpml:UnclassifiedFeature","polarity":null,"overriding_plate_id":null,"subducting_plate_id":null,"plate_ids":[201,224,902],"name":"TBD: Unknown Boundary"},"geometry":{"type":"LineString","coordinates":[[-54.119,-15.64],[-54.539,-15.375],[-54.958,-15.11],[-55.375,-14.843],[-55.792,-14.577],[-56.207,-14.309],[-56.622,-14.04],[-57.035,-13.771],[-57.448,-13.502],[-57.721,-13.113],[-57.993,-12.725],[-58.265,-12.336],[-58.536,-11.947],[-58.806,-11.557],[-59.075,-11.168],[-59.343,-10.778],[-59.611,-10.388],[-59.878,-9.997],[-60.145,-9.607],[-60.411,-9.216],[-60.676,-8.825],[-60.941,-8.434],[-61.205,-8.043],[-61.17,-7.579],[-61.136,-7.116],[-61.101,-6.652],[-61.067,-6.188],[-61.032,-5.725],[-60.998,-5.261],[-60.964,-4.798],[-60.93,-4.334],[-60.896,-3.87],[-60.861,-3.407],[-60.827,-2.943],[-60.793,-2.479],[-60.759,-2.016],[-60.904,-1.554],[-61.049,-1.093],[-61.194,-0.632],[-61.339,-0.17],[-61.484,0.291],[-61.628,0.752],[-61.773,1.214],[-61.918,1.675],[-62.063,2.136],[-62.208,2.598],[-62.353,3.059],[-62.499,3.52],[-62.644,3.982],[-62.695,4.416],[-62.747,4.851],[-62.798,5.285],[-62.85,5.719]]}},{"type":"Feature","properties":{"boundary_type":"transform","feature_type":"gpml:Transform","polarity":null,"overriding_plate_id":null,"subducting_plate_id":null,"plate_ids":[201,224,902],"name":"TBD: Transform"},"geometry":{"type":"LineString","coordinates":[[-54.119,-15.64],[-53.696,-15.459],[-53.272,-15.278],[-52.85,-15.095],[-52.428,-14.912],[-52.007,-14.728],[-51.587,-14.544],[-51.167,-14.358],[-50.731,-14.178],[-50.296,-13.997],[-49.862,-13.815],[-49.428,-13.632],[-48.995,-13.449],[-48.562,-13.265],[-48.13,-13.08],[-47.699,-12.894],[-47.279,-12.634],[-46.86,-12.372],[-46.442,-12.111],[-46.024,-11.848],[-45.608,-11.585],[-45.192,-11.321],[-44.777,-11.057],[-44.362,-10.792],[-43.948,-10.527],[-43.607,-10.16],[-43.266,-9.792],[-42.926,-9.424],[-42.586,-9.056],[-42.248,-8.688],[-41.91,-8.319],[-41.572,-7.95],[-41.235,-7.581],[-40.899,-7.211],[-40.563,-6.842],[-40.228,-6.472],[-39.894,-6.102],[-39.622,-5.795],[-39.35,-5.489],[-39.079,-5.183]]}},{"type":"Feature","properties":{"boundary_type":"transform","feature_type":"gpml:Transform","polarity":null,"overriding_plate_id":null,"subducting_plate_id":null,"plate_ids":[201,201,224],"name":"TBD: Transform"},"geometry":{"type":"LineString","coordinates":[[-39.079,-5.183],[-38.769,-4.833],[-38.46,-4.482],[-38.151,-4.132],[-37.965,-3.718],[-37.78,-3.304],[-37.594,-2.89],[-37.409,-2.476],[-37.224,-2.061],[-37.039,-1.647],[-36.854,-1.233],[-36.669,-0.819],[-36.484,-0.404],[-36.299,0.01]]}},{"type":"Feature","properties":{"boundary_type":"subduction","feature_type":"gpml:SubductionZone","polarity":"Left","overriding_plate_id":2035,"subducting_plate_id":101,"plate_ids":[101,2035],"name":""},"geometry":{"type":"LineString","coordinates":[[-47.018,19.872],[-46.984,19.497],[-46.951,19.121],[-46.918,18.746]]}},{"type":"Feature","properties":{"boundary_type":"subduction","feature_type":"gpml:SubductionZone","polarity":"Left","overriding_plate_id":2035,"subducting_plate_id":902,"plate_ids":[902,2035],"name":""},"geometry":{"type":"LineString","coordinates":[[-46.918,18.746],[-46.891,18.436],[-46.837,17.996],[-46.782,17.555],[-46.728,17.115],[-46.675,16.674],[-46.621,16.234],[-46.568,15.794],[-46.515,15.353],[-46.462,14.913],[-46.385,14.501],[-46.31,14.089],[-46.234,13.677],[-46.159,13.265],[-46.083,12.853],[-46.009,12.441],[-46.057,11.979],[-46.105,11.517],[-46.152,11.056],[-46.2,10.594],[-46.196,10.494]]}},{"type":"Feature","properties":{"boundary_type":"ridge","feature_type":"gpml:MidOceanRidge","polarity":null,"overriding_plate_id":null,"subducting_plate_id":null,"plate_ids":[901,926],"name":"IZA-PAC MOR"},"geometry":{"type":"LineString","coordinates":[[-145.202,-7.595],[-145.199,-7.597],[-145.58,-7.722],[-145.96,-7.847],[-146.341,-7.971],[-146.723,-8.095],[-146.634,-8.534],[-146.546,-8.972],[-146.457,-9.41],[-146.368,-9.849],[-146.279,-10.287],[-146.189,-10.725],[-146.099,-11.164],[-146.009,-11.602],[-145.919,-12.04],[-146.396,-12.163],[-146.874,-12.286],[-147.353,-12.407],[-147.831,-12.528],[-148.31,-12.648],[-148.79,-12.767],[-149.27,-12.885],[-149.751,-13.002],[-150.232,-13.119],[-150.713,-13.234],[-151.195,-13.349],[-151.677,-13.463],[-152.16,-13.575],[-152.643,-13.687],[-153.127,-13.798],[-153.611,-13.908],[-154.096,-14.017],[-154.581,-14.125],[-155.067,-14.232],[-155.553,-14.338],[-156.039,-14.443],[-156.526,-14.548],[-157.013,-14.651],[-157.501,-14.753],[-157.99,-14.854],[-157.923,-15.282],[-157.856,-15.711],[-157.789,-16.139],[-157.721,-16.567],[-158.217,-16.646],[-158.714,-16.723],[-159.211,-16.8],[-159.709,-16.875],[-160.206,-16.949],[-160.705,-17.021],[-161.203,-17.093],[-161.702,-17.163],[-162.201,-17.232],[-162.701,-17.3],[-163.201,-17.367],[-163.702,-17.432],[-164.202,-17.496],[-164.704,-17.559],[-165.205,-17.62],[-165.707,-17.681],[-166.209,-17.74],[-166.712,-17.797],[-167.214,-17.854],[-167.718,-17.909],[-168.221,-17.963],[-168.725,-18.016],[-169.229,-18.067],[-169.733,-18.117],[-170.238,-18.165],[-170.198,-18.659],[-170.159,-19.153],[-170.119,-19.646],[-170.079,-20.14],[-170.038,-20.633],[-169.998,-21.127],[-169.957,-21.62],[-169.915,-22.114],[-169.874,-22.607],[-170.396,-22.651],[-170.919,-22.693],[-171.442,-22.734],[-171.965,-22.773],[-172.488,-22.81],[-173.012,-22.845],[-173.536,-22.879],[-174.06,-22.911],[-174.585,-22.941],[-175.11,-22.97],[-175.635,-22.996],[-176.16,-23.022],[-176.685,-23.045],[-177.211,-23.067],[-177.737,-23.086],[-178.262,-23.105],[-178.788,-23.121],[-179.315,-23.136],[-179.841,-23.148],[179.633,-23.16],[179.107,-23.169],[178.58,-23.177],[178.552,-23.67],[178.524,-24.164],[178.495,-24.657],[178.466,-25.151],[178.437,-25.644],[178.408,-26.138],[178.379,-26.632],[178.353,-27.07],[178.327,-27.508],[178.301,-27.947],[178.274,-28.385]]}},{"type":"Feature","properties":{"boundary_type":"ridge","feature_type":"gpml:MidOceanRidge","polarity":null,"overriding_plate_id":null,"subducting_plate_id":null,"plate_ids":[901,919],"name":"IZA-PAC MOR"},"geometry":{"type":"LineString","coordinates":[[178.274,-28.385],[178.245,-28.869],[178.215,-29.353],[178.185,-29.837]]}},{"type":"Feature","properties":{"boundary_type":"ridge","feature_type":"gpml:MidOceanRidge","polarity":null,"overriding_plate_id":null,"subducting_plate_id":null,"plate_ids":[101,304],"name":"IB_NFLND_Exhumed_Mantle"},"geometry":{"type":"LineString","coordinates":[[10.36,28.596],[10.64,28.751],[10.921,28.906],[11.223,29.293],[11.523,29.646],[11.706,29.84],[11.89,30.034],[12.027,30.392],[12.121,30.826],[12.506,31.109],[12.787,31.207],[13.046,31.26],[13.262,31.427],[13.54,31.599],[13.85,31.868],[14.143,32.176],[14.196,32.415],[14.383,32.667],[14.836,32.937],[15.159,32.947],[15.394,33.076],[15.54,33.269],[15.646,33.387],[15.781,33.447],[16.153,33.252],[16.523,33.056],[16.904,33.378]]}},{"type":"Feature","properties":{"boundary_type":"ridge","feature_type":"gpml:MidOceanRidge","polarity":null,"overriding_plate_id":null,"subducting_plate_id":null,"plate_ids":[101,301],"name":"IB_NFLND_Exhumed_Mantle"},"geometry":{"type":"LineString","coordinates":[[16.904,33.378],[17.258,33.674],[17.613,33.969],[17.972,34.262]]}},{"type":"Feature","properties":{"boundary_type":"subduction","feature_type":"gpml:SubductionZone","polarity":"Right","overriding_plate_id":201,"subducting_plate_id":919,"plate_ids":[201,919],"name":"South America trench taken from COB file"},"geometry":{"type":"LineString","coordinates":[[-32.821,-35.312],[-32.592,-34.904],[-32.364,-34.495],[-32.139,-34.086],[-31.917,-33.677],[-31.696,-33.267],[-31.477,-32.857],[-31.383,-32.379],[-31.291,-31.901],[-31.199,-31.423],[-31.108,-30.945],[-31.018,-30.467],[-30.929,-29.989],[-30.841,-29.511],[-30.754,-29.032],[-30.667,-28.554],[-30.521,-28.162],[-30.375,-27.769],[-30.23,-27.376],[-30.086,-26.984],[-29.944,-26.591],[-29.862,-26.132],[-29.781,-25.674],[-29.701,-25.216],[-29.621,-24.757],[-29.542,-24.299],[-29.464,-23.84],[-29.386,-23.382],[-29.308,-22.923],[-29.247,-22.514],[-29.186,-22.104],[-29.125,-21.695],[-29.195,-21.257],[-29.265,-20.819],[-29.255,-20.477],[-29.246,-20.135],[-29.388,-19.706],[-29.529,-19.277],[-29.796,-18.849],[-30.061,-18.42],[-30.379,-18.077],[-30.696,-17.734],[-31.011,-17.39],[-31.326,-17.046],[-31.639,-16.701],[-31.991,-16.517],[-32.342,-16.332]]}},{"type":"Feature","properties":{"boundary_type":"subduction","feature_type":"gpml:SubductionZone","polarity":"Right","overriding_plate_id":201,"subducting_plate_id":902,"plate_ids":[201,902],"name":"South America trench taken from COB file"},"geometry":{"type":"LineString","coordinates":[[-32.342,-16.332],[-32.53,-16.233],[-32.855,-15.886],[-33.179,-15.539],[-33.502,-15.191],[-33.824,-14.843],[-34.145,-14.494],[-34.465,-14.145],[-34.784,-13.795],[-35.102,-13.445],[-35.419,-13.095],[-35.65,-12.691],[-35.88,-12.286],[-36.109,-11.881],[-36.338,-11.476],[-36.566,-11.071],[-36.793,-10.666],[-37.02,-10.26],[-37.246,-9.855],[-37.471,-9.449],[-37.696,-9.043],[-37.921,-8.637],[-38.066,-8.206],[-38.212,-7.774],[-38.357,-7.342],[-38.502,-6.91],[-38.646,-6.478],[-38.791,-6.046],[-38.935,-5.615],[-39.079,-5.183]]}},{"type":"Feature","properties":{"boundary_type":"other","feature_type":"gpml:ContinentalRift","polarity":null,"overriding_plate_id":null,"subducting_plate_id":null,"plate_ids":[101,301],"name":"North America - Greenland rift"},"geometry":{"type":"LineString","coordinates":[[34.46,59.244],[34.325,59.129],[34.108,58.759],[33.896,58.389],[33.688,58.019],[33.484,57.649],[33.111,57.213],[32.747,56.777],[32.391,56.339],[32.044,55.901],[31.854,55.529],[31.668,55.156],[31.485,54.784],[31.305,54.411],[31.431,54.039],[31.555,53.667],[31.528,53.253],[31.502,52.839],[31.477,52.424],[31.321,52.076],[31.168,51.727],[31.017,51.378],[30.632,51.006],[30.253,50.633],[29.88,50.259],[29.391,49.995],[28.907,49.728],[28.428,49.459],[27.96,49.191],[27.496,48.922],[27.038,48.65],[26.584,48.377],[26.082,48.198],[25.584,48.016],[25.089,47.833],[24.597,47.648],[23.912,47.568],[23.23,47.484],[22.549,47.396],[21.871,47.304],[21.48,47.028],[21.094,46.751],[20.711,46.472],[20.332,46.192],[19.864,45.841],[19.403,45.487],[18.947,45.133],[18.497,44.776],[18.097,44.458],[17.701,44.138],[17.309,43.818],[16.921,43.496],[16.6,43.225],[16.282,42.954],[15.966,42.682],[15.675,42.338],[15.388,41.993],[14.956,41.691],[14.603,41.397],[14.253,41.101],[13.907,40.805],[13.563,40.507],[13.162,40.155],[12.765,39.802],[12.372,39.447],[11.928,39.117],[11.488,38.786],[11.052,38.454],[10.621,38.12],[10.581,38.094]]}},{"type":"Feature","properties":{"boundary_type":"transform","feature_type":"gpml:Transform","polarity":null,"overriding_plate_id":null,"subducting_plate_id":null,"plate_ids":[101,205],"name":"Marathon Transform, N Margin of Eq Atlantic"},"geometry":{"type":"LineString","coordinates":[[-25.423,19.371],[-25.154,19.119],[-24.814,18.813],[-24.475,18.505],[-24.137,18.197],[-23.8,17.889],[-23.464,17.58],[-23.13,17.27],[-22.797,16.96],[-22.465,16.649],[-22.133,16.338],[-22.109,16.315]]}},{"type":"Feature","properties":{"boundary_type":"transform","feature_type":"gpml:Transform","polarity":null,"overriding_plate_id":null,"subducting_plate_id":null,"plate_ids":[101,201],"name":"Marathon Transform, N Margin of Eq Atlantic"},"geometry":{"type":"LineString","coordinates":[[-22.109,16.315],[-21.739,15.974],[-21.371,15.632],[-21.004,15.29],[-20.638,14.947],[-20.273,14.603],[-19.91,14.259],[-19.547,13.915],[-19.186,13.57],[-18.826,13.224],[-18.467,12.878],[-18.078,12.596],[-17.691,12.313],[-17.305,12.03],[-16.919,11.747],[-16.534,11.462],[-16.15,11.178],[-15.767,10.893],[-15.384,10.607]]}},{"type":"Feature","properties":{"boundary_type":"transform","feature_type":"gpml:Transform","polarity":null,"overriding_plate_id":null,"subducting_plate_id":null,"plate_ids":[201,714],"name":"Marathon Transform, N Margin of Eq Atlantic"},"geometry":{"type":"LineString","coordinates":[[-15.384,10.607],[-15.199,10.468],[-14.775,10.263],[-14.351,10.056],[-13.928,9.849],[-13.505,9.642],[-13.083,9.434],[-12.662,9.225],[-12.241,9.016],[-11.82,8.807],[-11.4,8.597],[-10.986,8.467],[-10.572,8.337],[-10.158,8.206],[-9.745,8.075],[-9.332,7.944],[-8.919,7.812]]}},{"type":"Feature","properties":{"boundary_type":"subduction","feature_type":"gpml:SubductionZone","polarity":"Left","overriding_plate_id":null,"subducting_plate_id":null,"plate_ids":[715],"name":"Vadar Sea subduction 170Ma geom"},"geometry":{"type":"LineString","coordinates":[[45.645,30.068],[45.39,29.806],[45.061,29.451],[44.734,29.096],[44.41,28.74],[44.087,28.383],[43.788,27.997],[43.492,27.61],[43.197,27.222],[42.904,26.834],[42.614,26.445],[42.325,26.056],[42.046,25.721],[41.767,25.385],[41.491,25.048],[41.216,24.711],[41.181,24.249],[41.147,23.787],[41.113,23.324],[41.08,22.862],[41.13,22.416],[41.18,21.97],[41.23,21.525],[41.28,21.079],[41.331,20.67],[41.382,20.26],[41.433,19.851],[41.484,19.442],[41.611,18.965],[41.738,18.488],[41.865,18.012],[41.993,17.608],[42.122,17.204],[42.249,16.8],[42.377,16.396],[42.503,15.992],[42.629,15.588],[42.993,15.3],[43.355,15.011],[43.717,14.722],[44.077,14.433],[44.501,14.181],[44.924,13.929],[45.347,13.676],[45.768,13.422],[46.166,13.161],[46.563,12.899],[46.958,12.637],[47.354,12.374],[47.748,12.111],[48.141,11.847],[48.534,11.582],[48.926,11.317]]}},{"type":"Feature","properties":{"boundary_type":"other","feature_type":"gpml:ExtendedContinentalCrust","polarity":null,"overriding_plate_id":null,"subducting_plate_id":null,"plate_ids":[201,28900],"name":"Southern Margin of Southern South America deforming region"},"geometry":{"type":"LineString","coordinates":[[-6.719,-52.938],[-6.501,-52.92],[-5.804,-52.899],[-5.107,-52.874],[-4.411,-52.845],[-3.715,-52.812],[-3.115,-52.692],[-2.517,-52.569],[-1.923,-52.443],[-1.332,-52.314],[-0.711,-52.057],[-0.098,-51.797],[0.509,-51.533],[0.853,-51.158],[1.191,-50.782],[1.524,-50.405],[1.68,-50.078],[1.835,-49.75],[1.987,-49.422],[2.124,-48.999]]}},{"type":"Feature","properties":{"boundary_type":"other","feature_type":"gpml:ExtendedContinentalCrust","polarity":null,"overriding_plate_id":null,"subducting_plate_id":null,"plate_ids":[201,28900],"name":"Southern Margin of Southern South America deforming region"},"geometry":{"type":"LineString","coordinates":[[-34.109,-53.73],[-33.431,-53.939],[-32.747,-54.144],[-32.096,-54.339],[-31.438,-54.53],[-30.774,-54.717],[-30.104,-54.901],[-29.428,-55.081],[-28.746,-55.257],[-28.077,-55.326],[-27.406,-55.392],[-26.732,-55.454],[-26.057,-55.512],[-25.415,-55.492],[-24.775,-55.468],[-24.135,-55.44],[-23.446,-55.391],[-22.759,-55.338],[-22.074,-55.282],[-21.257,-55.176],[-20.445,-55.065],[-19.637,-54.949],[-18.834,-54.827],[-18.132,-54.811],[-17.43,-54.792],[-16.728,-54.768],[-16.028,-54.74],[-15.252,-54.745],[-14.475,-54.745],[-13.699,-54.74],[-13.018,-54.623],[-12.341,-54.501],[-11.668,-54.377],[-11.015,-54.292],[-10.364,-54.204],[-9.717,-54.112],[-9.072,-54.017],[-8.572,-53.829],[-8.076,-53.639],[-7.585,-53.447],[-7.15,-53.193],[-6.719,-52.938]]}},{"type":"Feature","properties":{"boundary_type":"subduction","feature_type":"gpml:SubductionZone","polarity":"Right","overriding_plate_id":28900,"subducting_plate_id":802,"plate_ids":[802,28900],"name":"South America trench taken from COB file and RUM"},"geometry":{"type":"LineString","coordinates":[[-25.278,-57.821],[-25.408,-57.781],[-25.724,-57.701],[-26.0,-57.632],[-26.259,-57.591],[-26.544,-57.535],[-26.829,-57.465],[-27.242,-57.369],[-27.692,-57.272],[-28.316,-57.127],[-28.784,-57.019],[-29.236,-56.862],[-29.423,-56.773],[-29.61,-56.697],[-29.907,-56.579],[-30.153,-56.482],[-30.507,-56.335],[-30.859,-56.187],[-31.172,-56.052],[-31.495,-55.923],[-31.792,-55.787],[-31.975,-55.688],[-32.46,-55.451],[-32.78,-55.27],[-33.097,-55.089],[-33.464,-54.87],[-33.804,-54.513],[-33.844,-54.45],[-34.007,-54.085],[-34.109,-53.73]]}},{"type":"Feature","properties":{"boundary_type":"subduction","feature_type":"gpml:SubductionZone","polarity":"Right","overriding_plate_id":201,"subducting_plate_id":802,"plate_ids":[201,802],"name":"South America trench taken from COB file and RUM"},"geometry":{"type":"LineString","coordinates":[[-34.109,-53.73],[-34.11,-53.727],[-34.197,-53.351],[-34.283,-53.024],[-34.309,-52.861],[-34.424,-52.553],[-34.674,-52.173],[-34.69,-52.147]]}},{"type":"Feature","properties":{"boundary_type":"subduction","feature_type":"gpml:SubductionZone","polarity":"Right","overriding_plate_id":201,"subducting_plate_id":919,"plate_ids":[201,919],"name":"South America trench taken from COB file and RUM"},"geometry":{"type":"LineString","coordinates":[[-34.69,-52.147],[-34.884,-51.815],[-35.028,-51.484],[-35.165,-51.194],[-35.229,-50.943],[-35.327,-50.624],[-35.412,-50.268],[-35.382,-49.818],[-35.258,-49.453],[-35.16,-49.231],[-35.052,-48.965],[-34.914,-48.66],[-34.798,-48.42],[-34.684,-48.18],[-34.461,-47.761],[-34.314,-47.411],[-34.222,-47.071],[-34.316,-46.637],[-34.35,-46.356],[-34.38,-46.124],[-34.381,-46.045],[-34.373,-45.787],[-34.365,-45.478],[-34.34,-45.111],[-34.303,-44.803],[-34.259,-44.472],[-34.208,-44.106],[-34.171,-43.84],[-34.126,-43.509],[-34.082,-43.177],[-34.022,-42.747],[-33.955,-42.338],[-33.882,-41.956],[-33.83,-41.691],[-33.779,-41.425],[-33.721,-41.132],[-33.658,-40.662],[-33.627,-40.372],[-33.581,-40.003],[-33.419,-39.702],[-33.332,-39.403],[-33.245,-39.104],[-33.245,-39.104],[-33.244,-38.623],[-33.158,-38.181],[-33.047,-37.814],[-32.937,-37.448],[-32.828,-37.081],[-32.72,-36.714],[-32.754,-36.247],[-32.788,-35.779],[-32.821,-35.312]]}},{"type":"Feature","properties":{"boundary_type":"transform","feature_type":"gpml:Transform","polarity":null,"overriding_plate_id":null,"subducting_plate_id":null,"plate_ids":[101],"name":"South Iberia 145Ma geom 304"},"geometry":{"type":"LineString","coordinates":[[10.36,28.596],[10.394,28.555]]}},{"type":"Feature","properties":{"boundary_type":"transform","feature_type":"gpml:Transform","polarity":null,"overriding_plate_id":null,"subducting_plate_id":null,"plate_ids":[714],"name":"South Iberia 145Ma geom 304"},"geometry":{"type":"LineString","coordinates":[[10.394,28.555],[10.73,28.156],[11.064,27.756],[11.395,27.355],[11.724,26.953],[12.05,26.551],[12.53,26.336],[13.008,26.119],[13.485,25.901],[13.959,25.681],[14.432,25.46],[14.903,25.237],[15.373,25.013],[15.84,24.787],[16.306,24.56],[16.771,24.331],[17.233,24.101],[17.694,23.87],[18.189,23.695],[18.683,23.518],[19.175,23.34],[19.666,23.16],[20.156,22.979],[20.677,23.018],[21.199,23.055],[21.72,23.09],[22.073,22.976],[22.426,22.862]]}},{"type":"Feature","properties":{"boundary_type":"ridge","feature_type":"gpml:MidOceanRidge","polarity":null,"overriding_plate_id":null,"subducting_plate_id":null,"plate_ids":[301],"name":"Valais Sea MOR"},"geometry":{"type":"LineString","coordinates":[[26.009,28.777],[26.468,28.571],[26.925,28.363],[27.381,28.154],[27.835,27.944],[27.822,27.88],[28.356,27.802],[28.89,27.721],[29.422,27.638],[29.954,27.553],[30.484,27.466]]}},{"type":"Feature","properties":{"boundary_type":"ridge","feature_type":"gpml:MidOceanRidge","polarity":null,"overriding_plate_id":null,"subducting_plate_id":null,"plate_ids":[301,715],"name":"Valais Sea MOR"},"geometry":{"type":"LineString","coordinates":[[30.484,27.466],[30.779,27.417],[30.762,27.311],[31.232,27.207],[31.702,27.102],[32.17,26.995],[32.638,26.886],[33.105,26.776]]}},{"type":"Feature","properties":{"boundary_type":"ridge","feature_type":"gpml:MidOceanRidge","polarity":null,"overriding_plate_id":null,"subducting_plate_id":null,"plate_ids":[301,715],"name":"Alpine Tethys MOR 145Ma"},"geometry":{"type":"LineString","coordinates":[[33.105,26.776],[33.217,26.854],[33.473,27.052],[33.731,27.249],[34.133,27.527],[34.537,27.804],[34.873,28.06],[35.211,28.316],[35.55,28.571],[35.879,28.268],[36.332,28.529],[36.787,28.789],[37.245,29.047],[37.705,29.304],[38.167,29.559]]}},{"type":"Feature","properties":{"boundary_type":"transform","feature_type":"gpml:Transform","polarity":null,"overriding_plate_id":null,"subducting_plate_id":null,"plate_ids":[301,715],"name":"Transform between Eurasia and Dinaride block"},"geometry":{"type":"LineString","coordinates":[[38.167,29.559],[38.639,29.623],[39.112,29.686],[39.586,29.746],[40.077,29.8],[40.569,29.853],[41.061,29.903],[41.553,29.952],[42.046,29.999],[42.54,30.044],[43.034,30.087],[43.556,30.088],[44.078,30.086],[44.601,30.082],[45.123,30.076],[45.645,30.068]]}},{"type":"Feature","properties":{"boundary_type":"other","feature_type":"gpml:ExtendedContinentalCrust","polarity":null,"overriding_plate_id":null,"subducting_plate_id":null,"plate_ids":[714,715],"name":"North African Basins, Eastern Boundary"},"geometry":{"type":"LineString","coordinates":[[14.442,-6.602],[14.54,-6.238],[14.637,-5.875],[14.734,-5.512],[14.831,-5.148],[15.169,-5.072],[15.506,-4.996],[15.843,-4.92],[16.151,-4.788],[16.46,-4.656],[16.768,-4.523],[17.059,-4.303],[17.35,-4.083],[17.461,-3.767],[17.572,-3.452],[17.682,-3.136],[17.708,-2.722],[17.734,-2.308],[17.76,-1.894],[17.77,-1.523],[17.781,-1.151],[17.791,-0.78],[17.836,-0.303],[17.881,0.173],[17.926,0.65],[18.192,1.016],[18.459,1.383],[18.417,1.677],[18.375,1.972],[18.481,2.357],[18.587,2.742],[18.694,3.128],[18.742,3.556],[18.791,3.984],[18.84,4.412],[19.292,4.424],[19.744,4.435],[20.196,4.447],[20.562,4.277],[20.929,4.106],[21.295,3.936],[21.68,3.929],[22.065,3.922],[22.45,3.914],[22.836,3.907],[23.309,3.746],[23.783,3.586],[24.214,3.352],[24.644,3.118],[25.075,2.884],[25.505,2.65],[25.894,2.659],[26.284,2.667],[26.673,2.675],[27.063,2.683],[27.43,2.523],[27.798,2.363],[28.247,2.375],[28.697,2.386],[29.147,2.397],[29.387,2.767],[29.627,3.136],[29.868,3.505],[30.108,3.874],[30.349,4.242],[30.205,4.574],[30.061,4.905],[29.917,5.236],[29.902,5.666],[29.887,6.095],[29.872,6.525],[30.104,6.901],[30.336,7.276],[30.568,7.652],[30.801,8.028],[31.034,8.403],[31.432,8.649],[31.83,8.894],[32.229,9.139],[32.27,9.162]]}},{"type":"Feature","properties":{"boundary_type":"transform","feature_type":"gpml:Transform","polarity":null,"overriding_plate_id":null,"subducting_plate_id":null,"plate_ids":[714,715],"name":"NWA-NEA Transform"},"geometry":{"type":"LineString","coordinates":[[27.651,22.367],[27.762,22.239],[27.948,21.786],[28.132,21.333],[28.329,20.969],[28.526,20.605],[28.721,20.24],[28.915,19.875],[29.127,19.496],[29.338,19.117],[29.548,18.738],[29.757,18.358],[29.965,17.979],[30.172,17.599],[30.36,17.16],[30.547,16.72],[30.733,16.281],[30.919,15.841],[31.103,15.402],[31.287,14.962],[31.449,14.504],[31.611,14.046],[31.772,13.588],[31.933,13.13],[32.093,12.672],[32.252,12.214],[32.411,11.755],[32.434,11.281],[32.457,10.807],[32.48,10.333],[32.503,9.858],[32.525,9.384],[32.548,8.91]]}},{"type":"Feature","properties":{"boundary_type":"other","feature_type":"gpml:ExtendedContinentalCrust","polarity":null,"overriding_plate_id":null,"subducting_plate_id":null,"plate_ids":[701,715],"name":"Central African Rifts, Southern Boundary"},"geometry":{"type":"LineString","coordinates":[[19.214,-10.991],[19.698,-11.121],[20.182,-11.25],[20.667,-11.379],[21.152,-11.507],[21.629,-11.563],[22.106,-11.619],[22.583,-11.674],[23.061,-11.728],[23.538,-11.781],[23.915,-11.994],[24.292,-12.207],[24.669,-12.42],[25.047,-12.632],[25.234,-13.048],[25.422,-13.464],[25.61,-13.881],[25.798,-14.296],[25.988,-14.712],[26.178,-15.128],[26.369,-15.543],[26.561,-15.958],[26.559,-16.305],[26.558,-16.652],[26.791,-16.906],[27.024,-17.16],[27.258,-17.413],[27.134,-17.858],[27.009,-18.303],[27.237,-18.718],[27.467,-19.132],[27.697,-19.546],[27.929,-19.959],[28.269,-20.202],[28.61,-20.445],[28.952,-20.687],[29.295,-20.929],[29.64,-21.17],[29.995,-21.445],[30.351,-21.72],[30.709,-21.993],[31.068,-22.266],[31.429,-22.539],[31.791,-22.81],[32.225,-22.819],[32.66,-22.828],[33.094,-22.835],[33.529,-22.84],[33.963,-22.614],[34.397,-22.386],[34.828,-22.158],[35.258,-21.928],[35.687,-21.697],[36.115,-21.465],[36.521,-21.325],[36.927,-21.185],[37.332,-21.043],[37.737,-20.901],[38.177,-20.755],[38.617,-20.607],[39.055,-20.459],[39.572,-20.51],[40.09,-20.559],[40.607,-20.607],[41.125,-20.653],[41.643,-20.697],[42.119,-20.763],[42.594,-20.827],[43.071,-20.89],[43.547,-20.952],[44.024,-21.012],[44.501,-21.071],[44.983,-21.111],[45.465,-21.151],[45.948,-21.188],[46.43,-21.225],[46.913,-21.26],[47.396,-21.293],[47.857,-21.294],[48.318,-21.293],[48.778,-21.291],[49.239,-21.287],[49.699,-21.283],[50.16,-21.277],[50.635,-21.304],[51.11,-21.331],[51.585,-21.356],[52.06,-21.38],[52.535,-21.402],[53.011,-21.423],[53.486,-21.443],[54.019,-21.458],[54.552,-21.471],[55.085,-21.482],[55.619,-21.491],[56.152,-21.499],[56.685,-21.505],[57.219,-21.51],[57.735,-21.563],[58.252,-21.614],[58.77,-21.663],[59.266,-21.704],[59.763,-21.743],[60.26,-21.781],[60.757,-21.817],[61.255,-21.852]]}},{"type":"Feature","properties":{"boundary_type":"ridge","feature_type":"gpml:MidOceanRidge","polarity":null,"overriding_plate_id":null,"subducting_plate_id":null,"plate_ids":[528,529],"name":"Kohistan back-arc MOR"},"geometry":{"type":"LineString","coordinates":[[86.402,13.6],[86.725,13.427],[87.047,13.254],[87.368,13.08],[87.847,12.935],[88.325,12.79],[88.802,12.644],[89.279,12.496],[89.756,12.349],[90.232,12.2],[90.707,12.05],[91.182,11.9],[91.656,11.749],[92.13,11.597],[92.603,11.444],[92.544,11.093],[92.485,10.741],[92.426,10.39],[92.909,10.28],[93.391,10.17],[93.873,10.059],[94.355,9.947],[94.836,9.835],[95.317,9.722],[95.262,9.334],[95.207,8.945],[95.152,8.557],[95.556,8.487],[95.96,8.418],[96.364,8.348],[96.767,8.277],[96.709,7.864],[96.651,7.451],[97.09,7.367],[97.529,7.282],[97.967,7.198],[98.406,7.112],[98.355,6.785],[98.304,6.458],[98.761,6.382],[99.218,6.307],[99.675,6.231],[100.132,6.155],[100.589,6.078],[101.046,6.001],[101.502,5.923],[101.959,5.845],[102.415,5.767],[102.871,5.688],[103.327,5.609],[103.783,5.53],[104.011,5.5]]}},{"type":"Feature","properties":{"boundary_type":"ridge","feature_type":"gpml:MidOceanRidge","polarity":null,"overriding_plate_id":null,"subducting_plate_id":null,"plate_ids":[528,529],"name":"Kohistan back-arc MOR"},"geometry":{"type":"LineString","coordinates":[[104.011,5.5],[104.157,5.871],[104.304,6.243],[104.777,6.15],[105.249,6.057],[105.722,5.963],[106.194,5.869],[106.667,5.774],[107.139,5.679],[107.611,5.583],[108.082,5.488],[108.554,5.392],[109.025,5.295],[109.127,5.782],[109.229,6.27],[109.699,6.165],[110.168,6.061],[110.638,5.956],[111.107,5.851],[111.576,5.745],[112.045,5.639],[112.453,5.569],[112.862,5.498],[113.27,5.427],[113.678,5.356],[114.086,5.284]]}},{"type":"Feature","properties":{"boundary_type":"other","feature_type":"gpml:TerraneBoundary","polarity":null,"overriding_plate_id":null,"subducting_plate_id":null,"plate_ids":[701,715],"name":"Northeast Africa-South Africa"},"geometry":{"type":"LineString","coordinates":[[19.214,-10.991],[19.151,-10.868],[18.907,-10.75],[18.664,-10.631],[18.392,-10.557],[18.12,-10.482],[17.659,-10.352],[17.199,-10.221],[16.881,-10.084],[16.564,-9.946],[16.248,-9.808],[16.014,-9.625],[15.78,-9.443],[15.656,-9.348]]}},{"type":"Feature","properties":{"boundary_type":"other","feature_type":"gpml:UnclassifiedFeature","polarity":null,"overriding_plate_id":null,"subducting_plate_id":null,"plate_ids":[301,304],"name":""},"geometry":{"type":"LineString","coordinates":[[16.904,33.378],[17.107,33.188],[17.308,32.998],[17.489,32.733],[17.626,32.345],[17.896,32.097],[18.293,31.938],[18.616,31.91],[18.979,31.727],[19.159,31.636],[19.341,31.542],[19.789,31.448],[20.003,31.403],[20.285,31.284],[20.478,31.203],[20.81,31.058],[21.09,30.936],[21.42,30.773],[21.748,30.609],[22.08,30.469],[22.411,30.328],[22.753,30.054],[23.092,29.78],[23.386,29.375],[23.677,28.97],[24.027,28.706],[24.374,28.44],[24.7,28.144],[25.024,27.847],[25.032,27.84]]}},{"type":"Feature","properties":{"boundary_type":"other","feature_type":"gpml:UnclassifiedFeature","polarity":null,"overriding_plate_id":null,"subducting_plate_id":null,"plate_ids":[301,304],"name":"Boundary_Deform_BoB"},"geometry":{"type":"LineString","coordinates":[[26.009,28.777],[25.792,28.594],[25.575,28.41],[25.303,28.126],[25.032,27.84]]}},{"type":"Feature","properties":{"boundary_type":"subduction","feature_type":"gpml:SubductionZone","polarity":"Right","overriding_plate_id":801,"subducting_plate_id":919,"plate_ids":[801,919],"name":"East Gondwana active margin"},"geometry":{"type":"LineString","coordinates":[[157.472,-56.525],[157.488,-56.534],[157.831,-56.741],[158.219,-57.03],[158.612,-57.318],[158.898,-57.682],[159.189,-58.046],[159.218,-58.488],[159.248,-58.929],[158.952,-59.137],[158.653,-59.344],[158.211,-59.638],[157.761,-59.93],[157.303,-60.221],[157.647,-60.545],[157.997,-60.867],[157.779,-61.25],[157.555,-61.632],[157.95,-62.058],[158.527,-62.34],[159.115,-62.62],[159.753,-63.011],[160.407,-63.398],[161.08,-63.783],[161.771,-64.164],[162.481,-64.542],[162.737,-64.964],[163.001,-65.385],[162.97,-65.764],[162.938,-66.142],[162.905,-66.521],[163.137,-66.851],[163.376,-67.18],[163.622,-67.509],[163.877,-67.893],[164.142,-68.277],[164.599,-68.646],[165.072,-69.014],[165.57,-69.4],[166.086,-69.785],[166.6,-70.051],[167.127,-70.316],[167.346,-70.58],[167.57,-70.843],[167.271,-71.122],[167.153,-71.336],[166.737,-71.6],[166.36,-71.905],[165.971,-72.209],[165.165,-72.6],[164.324,-72.988],[163.8,-73.327],[163.254,-73.664],[162.732,-74.058],[162.183,-74.451],[161.582,-74.86],[160.41,-75.061],[159.207,-75.257],[157.973,-75.445],[158.006,-75.724],[157.973,-76.085],[157.938,-76.445],[158.632,-76.782],[159.362,-77.116],[159.273,-77.531],[158.82,-77.911],[158.337,-78.291],[158.121,-78.589],[157.894,-78.888],[158.144,-79.306],[158.101,-79.648],[158.055,-79.99],[159.946,-80.343],[161.976,-80.686],[163.19,-80.857],[164.45,-81.025],[165.955,-81.153],[167.502,-81.274],[169.534,-81.461],[171.652,-81.637],[172.229,-81.746],[174.556,-81.655],[176.83,-81.551],[-179.916,-81.668],[-176.581,-81.757],[-174.131,-81.834],[-171.64,-81.896],[-169.292,-81.974],[-166.903,-82.038],[-164.654,-82.201],[-162.314,-82.353],[-160.853,-82.52],[-159.327,-82.681],[-156.945,-82.858],[-154.447,-83.023],[-151.835,-83.173],[-148.135,-83.225],[-144.394,-83.248],[-141.387,-83.194],[-138.434,-83.121],[-135.551,-83.031],[-133.008,-83.018],[-130.48,-82.991]]}},{"type":"Feature","properties":{"boundary_type":"ridge","feature_type":"gpml:MidOceanRidge","polarity":null,"overriding_plate_id":null,"subducting_plate_id":null,"plate_ids":[201,701],"name":"SAM MOR and boundary"},"geometry":{"type":"LineString","coordinates":[[7.822,-5.527],[7.758,-5.909],[7.693,-6.291],[7.629,-6.673],[7.564,-7.055],[7.679,-7.414],[7.794,-7.774],[7.909,-8.133],[8.024,-8.492],[7.979,-8.97],[7.933,-9.448],[7.781,-9.773],[7.629,-10.099],[7.476,-10.424],[7.136,-10.709],[6.796,-10.993],[6.454,-11.276],[6.112,-11.56],[5.77,-11.843],[5.426,-12.125],[5.182,-12.468],[4.937,-12.81],[4.691,-13.153],[4.445,-13.495],[4.198,-13.837],[3.962,-14.151],[3.725,-14.466],[3.487,-14.78],[3.248,-15.094],[3.271,-15.573],[3.294,-16.052],[3.317,-16.531],[3.309,-16.961],[3.301,-17.391],[3.293,-17.821],[3.285,-18.251],[3.17,-18.641],[3.055,-19.031],[2.94,-19.422],[2.824,-19.812],[2.707,-20.202],[2.558,-20.585],[2.408,-20.969],[2.257,-21.352],[2.105,-21.735],[1.983,-22.125],[1.859,-22.515],[1.735,-22.905],[1.611,-23.295],[1.485,-23.685],[1.142,-24.025],[0.797,-24.364],[0.451,-24.703],[0.102,-25.041],[-0.249,-25.378],[-0.64,-25.642],[-1.033,-25.906],[-1.428,-26.168],[-1.824,-26.43],[-2.222,-26.69],[-2.623,-26.95],[-3.025,-27.208],[-3.428,-27.465],[-3.736,-27.844],[-4.046,-28.223],[-4.359,-28.602],[-4.673,-28.979],[-4.997,-29.335],[-5.323,-29.691],[-5.652,-30.046],[-5.983,-30.4],[-6.316,-30.753],[-6.652,-31.105],[-6.99,-31.457],[-7.331,-31.807],[-7.674,-32.157],[-7.893,-32.578],[-8.114,-33.0],[-8.338,-33.421],[-8.563,-33.841],[-8.79,-34.261],[-9.02,-34.681],[-9.253,-35.1],[-9.487,-35.519],[-9.724,-35.937],[-9.964,-36.355],[-10.234,-36.708],[-10.506,-37.062],[-10.782,-37.414],[-11.059,-37.766],[-11.34,-38.117],[-11.637,-38.472],[-11.718,-38.959],[-11.801,-39.445],[-11.886,-39.931],[-11.971,-40.418],[-12.058,-40.904],[-12.146,-41.39],[-12.235,-41.876],[-12.325,-42.362],[-12.417,-42.848],[-12.511,-43.334],[-12.612,-43.806],[-12.715,-44.279],[-12.82,-44.751],[-12.927,-45.222],[-13.035,-45.694],[-13.145,-46.166],[-13.257,-46.638],[-13.314,-46.989],[-13.371,-47.34],[-13.429,-47.691]]}},{"type":"Feature","properties":{"boundary_type":"ridge","feature_type":"gpml:MidOceanRidge","polarity":null,"overriding_plate_id":null,"subducting_plate_id":null,"plate_ids":[534,801],"name":"MOR NeoTethys-E Gondwana"},"geometry":{"type":"LineString","coordinates":[[115.277,-36.822],[115.236,-36.327],[115.171,-35.834],[115.106,-35.342],[115.042,-34.849],[114.978,-34.356],[114.916,-33.863],[114.854,-33.37],[114.793,-32.877],[114.732,-32.384],[114.672,-31.891],[114.613,-31.398],[114.555,-30.905],[114.497,-30.412],[114.439,-29.919],[114.382,-29.426],[114.326,-28.933],[114.746,-28.906],[115.166,-28.877],[115.585,-28.848],[115.651,-29.2],[115.717,-29.553],[116.177,-29.53],[116.636,-29.505],[117.096,-29.479],[117.207,-29.923],[117.32,-30.367],[117.863,-30.345],[118.406,-30.322],[118.948,-30.296],[119.49,-30.268],[120.032,-30.237],[120.573,-30.205],[121.114,-30.17],[121.655,-30.133],[122.195,-30.094],[122.739,-30.192],[123.284,-30.288],[123.83,-30.381],[124.377,-30.473],[124.925,-30.562],[125.474,-30.648]]}},{"type":"Feature","properties":{"boundary_type":"subduction","feature_type":"gpml:SubductionZone","polarity":"Left","overriding_plate_id":301,"subducting_plate_id":380,"plate_ids":[301,380],"name":"Monghol-Okosk Subduction Zone MS"},"geometry":{"type":"LineString","coordinates":[[113.84,54.195],[114.508,54.419],[115.184,54.639],[115.867,54.856],[116.557,55.068],[117.254,55.277],[117.959,55.482],[118.671,55.683],[119.341,55.981],[120.022,56.275],[120.712,56.565],[121.414,56.851],[122.126,57.134],[122.849,57.412],[123.297,57.8],[123.755,58.186],[124.224,58.571],[124.702,58.954],[125.455,58.998],[126.211,59.037],[126.982,59.31],[127.766,59.578],[128.562,59.842],[129.371,60.101],[130.193,60.354],[130.737,60.731],[131.293,61.105],[131.863,61.477],[132.447,61.847],[133.045,62.214],[133.657,62.578],[134.285,62.94],[135.079,63.129],[135.884,63.314],[136.698,63.495],[137.27,63.715],[137.851,63.934],[138.441,64.15],[139.384,64.25],[140.334,64.343],[141.29,64.431],[142.251,64.512],[143.218,64.586],[144.191,64.655],[145.234,64.751],[146.284,64.841],[147.341,64.922],[148.405,64.996],[149.473,65.063]]}},{"type":"Feature","properties":{"boundary_type":"subduction","feature_type":"gpml:SubductionZone","polarity":"Left","overriding_plate_id":380,"subducting_plate_id":926,"plate_ids":[380,926],"name":"Okinawa Trough (Ryuku) from EarthByte cob MG 4-20-07"},"geometry":{"type":"LineString","coordinates":[[150.564,34.27],[150.906,34.507],[151.251,34.744],[151.597,34.98],[151.848,35.283],[152.1,35.586],[152.354,35.888],[152.522,36.322],[152.691,36.756],[152.862,37.189],[153.035,37.623],[153.21,38.056],[153.335,38.45],[153.462,38.843],[153.59,39.236],[153.719,39.63],[153.77,39.986],[153.82,40.342],[153.824,40.784],[153.828,41.225],[153.749,41.66],[153.67,42.095],[153.7,42.483],[153.731,42.871]]}},{"type":"Feature","properties":{"boundary_type":"subduction","feature_type":"gpml:SubductionZone","polarity":"Left","overriding_plate_id":304,"subducting_plate_id":714,"plate_ids":[304,714],"name":"Sub. East Ligurian Ocean"},"geometry":{"type":"LineString","coordinates":[[22.426,22.862],[22.949,22.873],[23.473,22.882],[23.996,22.89],[24.52,22.896],[25.043,22.9],[25.543,22.931],[26.042,22.96],[26.446,22.813],[26.848,22.665],[27.25,22.517],[27.651,22.367]]}},{"type":"Feature","properties":{"boundary_type":"subduction","feature_type":"gpml:SubductionZone","polarity":"Left","overriding_plate_id":304,"subducting_plate_id":715,"plate_ids":[304,715],"name":"Sub. East Ligurian Ocean"},"geometry":{"type":"LineString","coordinates":[[27.651,22.367],[27.978,22.244],[28.233,22.681],[28.49,23.118],[28.749,23.554],[29.009,23.99],[29.27,24.418],[29.532,24.846],[29.796,25.274],[30.061,25.7],[30.166,26.142],[30.271,26.584],[30.377,27.025],[30.484,27.466]]}},{"type":"Feature","properties":{"boundary_type":"subduction","feature_type":"gpml:SubductionZone","polarity":"Left","overriding_plate_id":null,"subducting_plate_id":null,"plate_ids":[301],"name":"Vardar Sea Subduction"},"geometry":{"type":"LineString","coordinates":[[45.645,30.068],[45.39,29.806],[45.061,29.451],[44.734,29.096],[44.41,28.74],[44.087,28.383],[43.788,27.997],[43.492,27.61],[43.197,27.222],[42.904,26.834],[42.614,26.445],[42.325,26.056],[42.046,25.721],[41.767,25.385],[41.491,25.048],[41.216,24.711],[41.181,24.249],[41.147,23.787],[41.113,23.324],[41.08,22.862],[41.13,22.416],[41.18,21.97],[41.23,21.525],[41.28,21.079],[41.331,20.67],[41.382,20.26],[41.433,19.851],[41.484,19.442],[41.611,18.965],[41.738,18.488],[41.865,18.012],[41.993,17.608],[42.122,17.204],[42.249,16.8],[42.377,16.396],[42.503,15.992],[42.629,15.588],[42.993,15.3],[43.355,15.011],[43.717,14.722],[44.077,14.433],[44.501,14.181],[44.924,13.929],[45.347,13.676],[45.768,13.422],[46.166,13.161],[46.563,12.899],[46.958,12.637],[47.354,12.374],[47.748,12.111],[48.141,11.847],[48.534,11.582],[48.926,11.317]]}},{"type":"Feature","properties":{"boundary_type":"other","feature_type":"gpml:Fault","polarity":null,"overriding_plate_id":null,"subducting_plate_id":null,"plate_ids":[101,301],"name":"North Pyrenean Fault"},"geometry":{"type":"LineString","coordinates":[[10.581,38.094],[11.096,37.854],[11.608,37.611],[12.117,37.365],[12.623,37.118],[13.125,36.868],[13.624,36.617],[14.12,36.363],[14.612,36.107],[15.102,35.849],[15.588,35.59],[16.071,35.328],[16.551,35.064],[17.027,34.799],[17.501,34.531],[17.972,34.262]]}},{"type":"Feature","properties":{"boundary_type":"ridge","feature_type":"gpml:MidOceanRidge","polarity":null,"overriding_plate_id":null,"subducting_plate_id":null,"plate_ids":[304],"name":"Valais Sea MOR"},"geometry":{"type":"LineString","coordinates":[[26.009,28.777],[26.468,28.571],[26.925,28.363],[27.381,28.154],[27.835,27.944],[27.822,27.88],[28.356,27.802],[28.89,27.721],[29.422,27.638],[29.954,27.553],[30.484,27.466]]}},{"type":"Feature","properties":{"boundary_type":"transform","feature_type":"gpml:Transform","polarity":null,"overriding_plate_id":null,"subducting_plate_id":null,"plate_ids":[304],"name":"South Iberia"},"geometry":{"type":"LineString","coordinates":[[10.36,28.596],[10.646,28.257],[10.93,27.917],[11.213,27.576],[11.494,27.235],[11.773,26.893],[12.05,26.551],[12.53,26.336],[13.008,26.119],[13.485,25.901],[13.959,25.681],[14.432,25.46],[14.903,25.237],[15.373,25.013],[15.84,24.787],[16.306,24.56],[16.771,24.331],[17.233,24.101],[17.694,23.87],[18.189,23.695],[18.683,23.518],[19.175,23.34],[19.666,23.16],[20.156,22.979],[20.677,23.018],[21.199,23.055],[21.72,23.09],[22.073,22.976],[22.426,22.862]]}}]}