{"type":"FeatureCollection","meta":{"model":"Cao2024","reconstruction_time_ma":110.0,"anchor_plate_id":0,"pygplates_version":"1.0.0","tessellate_degrees":0.5,"polarity_convention":"gpml:subductionPolarity. 'Left'/'Right' names the side of the line, in vertex order, on which the OVERRIDING plate lies. Triangles are drawn on that side.","antimeridian":"Lines are NOT split at +/-180 deg. The renderer works in 3D unit vectors where the dateline is not special; splitting would only add spurious breaks. Do not treat this as RFC 7946 GIS-ready 2D data."},"features":[{"type":"Feature","properties":{"boundary_type":"other","feature_type":"gpml:ContinentalRift","polarity":null,"overriding_plate_id":null,"subducting_plate_id":null,"plate_ids":[802,806],"name":"Australia - Antarctica rift"},"geometry":{"type":"LineString","coordinates":[[-100.772,-72.496],[-101.01,-72.572],[-102.117,-72.884],[-103.262,-73.191],[-104.449,-73.491],[-105.678,-73.784],[-106.95,-74.069],[-108.267,-74.347],[-109.629,-74.617],[-110.81,-74.95],[-112.042,-75.277],[-113.328,-75.598],[-114.671,-75.91],[-116.073,-76.216],[-117.536,-76.512],[-118.797,-76.849],[-120.123,-77.18],[-121.517,-77.504],[-122.983,-77.82],[-123.842,-78.27],[-124.768,-78.717],[-125.769,-79.161],[-126.854,-79.601],[-128.069,-79.995],[-129.381,-80.384],[-130.802,-80.768],[-132.344,-81.146],[-134.022,-81.517],[-135.659,-81.92],[-137.465,-82.316],[-139.464,-82.703],[-141.682,-83.081],[-144.161,-83.311],[-146.81,-83.528],[-150.109,-83.694],[-153.574,-83.839],[-157.073,-83.907],[-160.636,-83.951],[-164.238,-83.972],[-167.747,-83.645],[-170.904,-83.297],[-173.743,-82.931],[-176.933,-82.716],[-179.932,-82.48],[177.257,-82.225],[174.63,-81.952],[172.178,-81.664],[169.893,-81.362],[167.764,-81.047],[165.782,-80.721],[163.934,-80.384],[162.212,-80.039]]}},{"type":"Feature","properties":{"boundary_type":"other","feature_type":"gpml:ContinentalRift","polarity":null,"overriding_plate_id":null,"subducting_plate_id":null,"plate_ids":[801,802],"name":"Australia - Antarctica rift"},"geometry":{"type":"LineString","coordinates":[[162.212,-80.039],[161.16,-79.811],[159.3,-79.515],[157.543,-79.21],[155.884,-78.895],[154.316,-78.571],[152.834,-78.24],[151.433,-77.901],[150.107,-77.556],[148.461,-77.289],[146.882,-77.012],[145.369,-76.725],[143.919,-76.431],[142.531,-76.128],[141.202,-75.817],[139.93,-75.5],[138.711,-75.176],[137.323,-74.886],[135.988,-74.588],[134.703,-74.282],[133.466,-73.968],[132.275,-73.648],[131.089,-73.336],[129.946,-73.017],[128.844,-72.692],[127.781,-72.362],[126.757,-72.025],[125.649,-71.818],[124.682,-71.597],[123.94,-71.443],[123.21,-71.286],[122.123,-71.089],[121.087,-70.905],[120.43,-70.807],[119.177,-70.633],[118.557,-70.502],[117.833,-70.42],[116.499,-70.267],[115.659,-70.173],[114.868,-70.058],[114.05,-69.905],[113.554,-69.748],[113.322,-69.62],[112.917,-69.401],[112.622,-69.138],[112.081,-68.844],[111.609,-68.665],[111.125,-68.523],[110.259,-68.382],[109.615,-68.3],[109.213,-68.235],[108.527,-68.135],[108.008,-68.042],[107.333,-67.939],[106.253,-67.744],[105.497,-67.645],[104.344,-67.524],[103.377,-67.411],[102.593,-67.36],[101.848,-67.329],[101.01,-67.302],[100.166,-67.295],[99.412,-67.269],[98.882,-67.203],[98.109,-67.035],[97.387,-66.957],[96.653,-66.798],[95.557,-66.569],[95.155,-66.451],[94.293,-66.318],[93.519,-66.226],[92.942,-66.145],[92.147,-66.084],[91.476,-66.026],[90.539,-65.921],[89.516,-65.804],[89.006,-65.726],[87.908,-65.516],[87.293,-65.339],[86.853,-65.122],[86.255,-64.927],[85.841,-64.811],[85.376,-64.615],[84.982,-64.403],[84.514,-64.175],[84.288,-64.04],[84.117,-63.958],[83.434,-63.697],[82.786,-63.473],[82.148,-63.245],[81.757,-62.898],[81.541,-62.652],[81.329,-62.405],[81.166,-62.085],[81.006,-61.764],[80.536,-61.4],[80.077,-61.034],[79.628,-60.666],[79.057,-60.339],[78.497,-60.011],[77.948,-59.679],[77.409,-59.346],[76.744,-59.02],[76.091,-58.69],[75.451,-58.358],[74.823,-58.022],[74.206,-57.683],[73.601,-57.342],[73.255,-56.993],[72.915,-56.643],[72.582,-56.292],[72.255,-55.941]]}},{"type":"Feature","properties":{"boundary_type":"transform","feature_type":"gpml:Transform","polarity":null,"overriding_plate_id":null,"subducting_plate_id":null,"plate_ids":[501,715],"name":"Proto Owen Fracture Zone - transform boundary"},"geometry":{"type":"LineString","coordinates":[[57.314,-13.445],[57.551,-13.046],[57.786,-12.647],[58.022,-12.248],[58.256,-11.849],[58.49,-11.449],[58.723,-11.049],[58.955,-10.649],[59.187,-10.249],[59.419,-9.848],[59.7,-9.472],[59.98,-9.095],[60.26,-8.718],[60.54,-8.34],[60.818,-7.963],[61.097,-7.585],[61.374,-7.207],[61.652,-6.829],[61.929,-6.451],[62.205,-6.072],[62.497,-5.698],[62.789,-5.324],[63.081,-4.949],[63.372,-4.574],[63.663,-4.199],[63.954,-3.824],[64.244,-3.449],[64.534,-3.074],[64.824,-2.699],[65.114,-2.323],[65.436,-1.955],[65.758,-1.587],[66.08,-1.219],[66.401,-0.851],[66.723,-0.483],[67.045,-0.115],[67.366,0.254],[67.688,0.622],[68.01,0.99],[68.331,1.358],[68.653,1.726],[68.975,2.094]]}},{"type":"Feature","properties":{"boundary_type":"transform","feature_type":"gpml:Transform","polarity":null,"overriding_plate_id":null,"subducting_plate_id":null,"plate_ids":[529,715],"name":"Proto Owen Fracture Zone - transform boundary"},"geometry":{"type":"LineString","coordinates":[[68.975,2.094],[69.28,2.442],[69.585,2.79],[69.89,3.138],[70.195,3.486],[70.501,3.834],[70.807,4.182],[71.113,4.529],[71.419,4.877],[71.726,5.224],[72.033,5.571],[72.34,5.918],[72.628,6.29],[72.916,6.66],[73.204,7.031],[73.493,7.402],[73.782,7.772],[74.072,8.142],[74.362,8.512],[74.653,8.882],[74.944,9.252],[75.236,9.621],[75.556,9.995],[75.877,10.369],[76.198,10.743],[76.521,11.116],[76.844,11.489],[77.168,11.861]]}},{"type":"Feature","properties":{"boundary_type":"transform","feature_type":"gpml:Transform","polarity":null,"overriding_plate_id":null,"subducting_plate_id":null,"plate_ids":[301,715],"name":"Proto Owen Fracture Zone - transform boundary"},"geometry":{"type":"LineString","coordinates":[[77.168,11.861],[77.496,12.237],[77.824,12.612],[78.154,12.987],[78.485,13.361],[78.817,13.735],[79.15,14.108],[79.484,14.481],[79.819,14.854],[80.155,15.226],[80.492,15.598]]}},{"type":"Feature","properties":{"boundary_type":"other","feature_type":"gpml:InferredPaleoBoundary","polarity":null,"overriding_plate_id":null,"subducting_plate_id":null,"plate_ids":[714,715],"name":"Morocco"},"geometry":{"type":"LineString","coordinates":[[30.503,13.874],[30.861,13.601],[31.219,13.329],[31.564,12.987],[31.907,12.644],[32.25,12.301],[32.592,11.957],[32.933,11.613],[33.273,11.269],[33.613,10.924]]}},{"type":"Feature","properties":{"boundary_type":"other","feature_type":"gpml:InferredPaleoBoundary","polarity":null,"overriding_plate_id":null,"subducting_plate_id":null,"plate_ids":[101],"name":"NAM EUR 115 090 lom"},"geometry":{"type":"LineString","coordinates":[[22.846,69.574],[23.471,69.963],[24.12,70.351],[24.794,70.736],[25.494,71.118],[26.222,71.498]]}},{"type":"Feature","properties":{"boundary_type":"transform","feature_type":"gpml:Transform","polarity":null,"overriding_plate_id":null,"subducting_plate_id":null,"plate_ids":[501,701],"name":""},"geometry":{"type":"LineString","coordinates":[[50.609,-18.696],[50.478,-19.155],[50.347,-19.614],[50.215,-20.073],[50.082,-20.532],[49.948,-20.99],[49.813,-21.449],[49.678,-21.907],[49.542,-22.366],[49.404,-22.824],[49.264,-23.272],[49.123,-23.719],[48.981,-24.167],[48.837,-24.614],[48.693,-25.062],[48.548,-25.509],[48.401,-25.956],[48.254,-26.403],[48.126,-26.852],[47.997,-27.301],[47.867,-27.751],[47.736,-28.2],[47.604,-28.648],[47.471,-29.097],[47.336,-29.546],[47.175,-29.992],[47.013,-30.438],[46.849,-30.883],[46.683,-31.329],[46.516,-31.774],[46.347,-32.219],[46.177,-32.664],[46.005,-33.109],[45.831,-33.553],[45.655,-33.997],[45.477,-34.441],[45.298,-34.885],[45.16,-35.357],[45.02,-35.829],[44.878,-36.301],[44.735,-36.773],[44.59,-37.245],[44.443,-37.716],[44.294,-38.187],[44.143,-38.658],[43.991,-39.129],[43.836,-39.6],[43.679,-40.07],[43.52,-40.541],[43.203,-40.96],[42.881,-41.378],[42.556,-41.795],[42.226,-42.211],[41.892,-42.626],[41.553,-43.04],[41.21,-43.453],[40.862,-43.866],[40.51,-44.277],[40.152,-44.687],[39.789,-45.095],[39.421,-45.503],[39.048,-45.91],[38.669,-46.315],[38.284,-46.719],[37.894,-47.122],[37.498,-47.523],[37.095,-47.923],[36.687,-48.321],[36.271,-48.718],[35.85,-49.114],[35.421,-49.508],[34.986,-49.9],[34.544,-50.291],[33.806,-50.451],[33.063,-50.606],[32.315,-50.756],[31.563,-50.902],[30.806,-51.043]]}},{"type":"Feature","properties":{"boundary_type":"transform","feature_type":"gpml:Transform","polarity":null,"overriding_plate_id":null,"subducting_plate_id":null,"plate_ids":[701,802],"name":""},"geometry":{"type":"LineString","coordinates":[[30.806,-51.043],[30.145,-51.161],[29.481,-51.275],[28.813,-51.386],[28.143,-51.493],[27.469,-51.596],[26.793,-51.695]]}},{"type":"Feature","properties":{"boundary_type":"ridge","feature_type":"gpml:MidOceanRidge","polarity":null,"overriding_plate_id":null,"subducting_plate_id":null,"plate_ids":[701,802],"name":"Ridge from iso M0 from Antarctica at 120.4Ma"},"geometry":{"type":"LineString","coordinates":[[26.793,-51.695],[26.296,-51.519],[26.502,-51.105],[26.705,-50.692],[26.904,-50.278],[26.218,-50.136],[25.537,-49.99],[24.86,-49.84],[24.187,-49.686],[23.518,-49.528],[23.314,-49.823],[23.107,-50.118],[22.555,-49.981],[22.006,-49.84],[21.46,-49.697],[21.143,-50.09],[20.821,-50.481],[20.493,-50.872],[19.79,-50.671],[19.094,-50.465],[18.403,-50.255],[18.056,-50.659],[17.703,-51.061],[17.343,-51.462],[16.977,-51.862],[16.605,-52.262],[16.226,-52.659],[15.84,-53.056],[15.228,-52.848],[14.622,-52.636],[14.022,-52.422],[13.428,-52.204],[12.839,-51.983],[12.257,-51.76],[11.901,-52.159],[11.538,-52.556],[11.169,-52.953],[10.565,-52.695],[9.968,-52.433],[9.378,-52.169],[8.916,-52.576],[8.445,-52.98],[7.966,-53.383],[7.477,-53.784],[6.98,-54.183],[6.472,-54.58],[5.954,-54.974],[5.332,-54.688],[4.718,-54.398],[4.113,-54.106],[3.619,-53.889],[3.13,-53.671]]}},{"type":"Feature","properties":{"boundary_type":"ridge","feature_type":"gpml:MidOceanRidge","polarity":null,"overriding_plate_id":null,"subducting_plate_id":null,"plate_ids":[501,801],"name":"Perth Abyssal Plain MOR"},"geometry":{"type":"LineString","coordinates":[[79.277,-41.673],[79.451,-42.134],[79.627,-42.595],[79.828,-43.039],[80.031,-43.482],[80.237,-43.924],[80.446,-44.367],[80.658,-44.809],[80.874,-45.25],[81.093,-45.692],[81.315,-46.132],[81.541,-46.573],[81.773,-46.992],[82.008,-47.411],[82.246,-47.829],[82.489,-48.247],[82.735,-48.664],[82.986,-49.081],[83.241,-49.497],[83.5,-49.912],[83.013,-50.044],[83.14,-50.328],[82.681,-50.443],[82.22,-50.557],[82.473,-50.974],[82.732,-51.39],[82.995,-51.805],[83.263,-52.22],[83.536,-52.635],[83.815,-53.049],[83.386,-53.154],[82.955,-53.257],[83.158,-53.58],[83.364,-53.902],[83.212,-53.938]]}},{"type":"Feature","properties":{"boundary_type":"ridge","feature_type":"gpml:MidOceanRidge","polarity":null,"overriding_plate_id":null,"subducting_plate_id":null,"plate_ids":[201,701],"name":"SAM - AFR"},"geometry":{"type":"LineString","coordinates":[[3.443,-48.667],[3.358,-49.158],[3.272,-49.649],[3.166,-50.035],[3.058,-50.42],[2.948,-50.804],[2.386,-50.828],[2.298,-51.258],[2.21,-51.687],[2.119,-52.116],[2.69,-52.096],[2.713,-52.574],[2.736,-53.051],[2.76,-53.529],[2.775,-53.783]]}},{"type":"Feature","properties":{"boundary_type":"subduction","feature_type":"gpml:SubductionZone","polarity":"Right","overriding_plate_id":802,"subducting_plate_id":919,"plate_ids":[802,919],"name":"ANT tr f Antarcticar COB MG-4-22-07"},"geometry":{"type":"LineString","coordinates":[[-67.407,-70.325],[-66.443,-70.129],[-65.442,-69.842],[-64.468,-69.549],[-63.521,-69.252],[-62.668,-68.909],[-61.842,-68.563],[-61.109,-68.175],[-60.402,-67.783],[-59.709,-67.548],[-59.031,-67.31],[-58.098,-66.991],[-57.189,-66.666],[-56.939,-66.363],[-56.694,-66.06],[-56.34,-65.606],[-55.999,-65.15],[-55.814,-64.78],[-55.634,-64.41],[-55.459,-64.04],[-55.022,-63.725],[-54.594,-63.408],[-54.176,-63.09],[-53.782,-62.696],[-53.398,-62.301],[-53.187,-61.972],[-52.981,-61.643],[-52.779,-61.314],[-52.534,-60.88],[-52.295,-60.447],[-52.062,-60.012],[-51.562,-59.71],[-51.07,-59.405],[-50.411,-59.13],[-49.762,-58.853],[-49.305,-58.477],[-48.858,-58.099],[-48.193,-57.757],[-47.541,-57.412],[-46.901,-57.064],[-46.464,-56.695],[-46.035,-56.325],[-45.615,-55.953],[-44.957,-55.989],[-44.298,-56.021],[-43.529,-56.042],[-42.76,-56.058],[-42.064,-55.809],[-41.377,-55.557],[-40.793,-55.299],[-40.217,-55.038],[-39.648,-54.774],[-39.086,-54.507],[-38.532,-54.238]]}},{"type":"Feature","properties":{"boundary_type":"subduction","feature_type":"gpml:SubductionZone","polarity":"Right","overriding_plate_id":301,"subducting_plate_id":926,"plate_ids":[301,926],"name":"Japan sub zone fromEarthByte cob MG 4-20-07"},"geometry":{"type":"LineString","coordinates":[[157.215,66.439],[157.444,65.965],[157.665,65.491],[157.877,65.016],[158.083,64.542],[157.55,64.143],[157.032,63.743],[157.312,63.269],[157.582,62.794],[157.844,62.318],[158.098,61.842],[158.344,61.366],[158.583,60.889],[158.815,60.411],[159.04,59.933],[159.258,59.455],[159.471,58.977],[159.678,58.498],[159.879,58.019],[160.075,57.539],[160.265,57.06],[160.354,56.603],[160.44,56.146],[160.524,55.689],[160.606,55.232],[160.687,54.775],[160.688,54.335],[160.688,53.894],[160.689,53.453],[160.689,53.012],[160.69,52.571],[160.61,52.111],[160.531,51.65],[160.454,51.19],[160.486,50.753],[160.518,50.316],[160.55,49.88],[160.58,49.443],[160.611,49.006],[160.516,48.595],[160.423,48.183],[160.332,47.771],[160.241,47.36],[160.138,47.03],[160.035,46.7],[159.934,46.37],[159.705,45.978],[159.478,45.585],[159.255,45.192],[158.896,44.792],[158.541,44.39],[158.328,43.986],[158.118,43.58],[157.523,43.434],[156.93,43.286],[156.341,43.134],[155.755,42.979],[155.324,42.717],[154.898,42.453],[154.474,42.188],[154.055,41.921],[153.639,41.652],[153.153,41.361],[152.672,41.068],[152.195,40.773],[151.875,40.628],[151.557,40.482],[151.143,40.295],[150.731,40.107],[150.322,39.918],[149.904,39.644],[149.489,39.37],[149.12,39.075],[148.754,38.779],[148.391,38.481],[148.105,38.364],[147.819,38.247]]}},{"type":"Feature","properties":{"boundary_type":"subduction","feature_type":"gpml:SubductionZone","polarity":"Left","overriding_plate_id":301,"subducting_plate_id":926,"plate_ids":[301,926],"name":"Junction Subduction Zone"},"geometry":{"type":"LineString","coordinates":[[138.432,17.942],[138.487,18.433],[138.542,18.925],[138.598,19.416],[138.654,19.908],[138.931,20.292],[139.209,20.677],[139.488,21.061],[139.768,21.444],[140.051,21.827],[140.334,22.209],[140.619,22.591],[140.853,23.003],[141.088,23.415],[141.325,23.826],[141.563,24.236],[141.803,24.647],[142.044,25.057],[142.287,25.466],[142.531,25.875],[142.764,26.315],[142.998,26.755],[143.234,27.195],[143.472,27.634],[143.712,28.072],[143.954,28.511],[144.197,28.948],[144.443,29.386],[144.691,29.823],[144.941,30.259]]}},{"type":"Feature","properties":{"boundary_type":"subduction","feature_type":"gpml:SubductionZone","polarity":"Left","overriding_plate_id":301,"subducting_plate_id":715,"plate_ids":[301,715],"name":"Tethyan subduction after Afgan block accretion"},"geometry":{"type":"LineString","coordinates":[[62.186,30.122],[62.451,29.787],[62.714,29.451],[63.069,29.195],[63.423,28.937],[63.774,28.679],[64.129,28.411],[64.482,28.143],[64.833,27.873],[65.183,27.603],[65.578,27.396],[65.972,27.188],[66.364,26.98],[66.755,26.77],[67.197,26.586],[67.638,26.401],[68.078,26.215],[68.516,26.027],[68.952,25.838],[69.406,25.568],[69.858,25.297],[70.308,25.025],[70.756,24.751],[71.202,24.476],[71.646,24.2],[72.051,23.908],[72.454,23.615],[72.856,23.321],[73.256,23.026],[73.442,22.69],[73.627,22.353],[73.812,22.015],[73.996,21.678],[74.216,21.309],[74.436,20.939],[74.654,20.57],[74.871,20.2],[75.088,19.829],[75.46,19.491],[75.831,19.153],[76.2,18.813],[76.567,18.473],[76.933,18.132],[77.298,17.791],[77.705,17.492],[78.11,17.193],[78.515,16.893],[78.917,16.592],[79.319,16.291],[79.719,15.989],[80.119,15.686],[80.492,15.598]]}},{"type":"Feature","properties":{"boundary_type":"subduction","feature_type":"gpml:SubductionZone","polarity":"Right","overriding_plate_id":101,"subducting_plate_id":902,"plate_ids":[101,902],"name":"Western NAM subduction"},"geometry":{"type":"LineString","coordinates":[[-54.534,21.438],[-54.932,21.659],[-55.331,21.878],[-55.708,22.182],[-56.086,22.485],[-56.466,22.787],[-56.847,23.088],[-57.231,23.388],[-57.615,23.687],[-58.002,23.986],[-58.148,24.459],[-58.294,24.932],[-58.442,25.405],[-58.591,25.878],[-58.741,26.351],[-58.893,26.823],[-59.156,27.211],[-59.421,27.598],[-59.688,27.984],[-59.957,28.37],[-60.228,28.755],[-60.501,29.14],[-60.71,29.442],[-60.92,29.744],[-61.132,30.045],[-61.314,30.417],[-61.497,30.788],[-61.681,31.16],[-61.867,31.531],[-61.998,31.858],[-62.129,32.185],[-62.261,32.512],[-62.452,32.878],[-62.644,33.244],[-62.838,33.609],[-62.932,33.957],[-63.027,34.304],[-63.123,34.652],[-63.245,35.036],[-63.369,35.42],[-63.494,35.804],[-63.62,36.188],[-63.711,36.655],[-63.803,37.122],[-64.127,37.517],[-64.454,37.911],[-64.785,38.304],[-65.119,38.696],[-65.434,38.933],[-65.751,39.168],[-66.07,39.403],[-66.472,39.67],[-66.877,39.936],[-67.285,40.199],[-67.53,40.491],[-67.776,40.782],[-68.15,41.12],[-68.528,41.458],[-68.908,41.649],[-69.292,41.839],[-69.677,42.028],[-69.818,42.393],[-69.96,42.757],[-70.104,43.12],[-70.429,43.557],[-70.759,43.994],[-71.093,44.429],[-71.358,44.801],[-71.625,45.173],[-71.896,45.544],[-72.171,45.914],[-72.45,46.284],[-72.591,46.706],[-72.736,47.127],[-72.882,47.549],[-73.031,47.971],[-73.177,48.344],[-73.326,48.718],[-73.477,49.091],[-73.63,49.464],[-73.501,49.923],[-73.369,50.382],[-73.235,50.84],[-73.098,51.298],[-72.806,51.763],[-72.508,52.228],[-72.203,52.691],[-71.892,53.154],[-71.532,53.595],[-71.165,54.034],[-70.79,54.473],[-70.407,54.91],[-70.225,55.34],[-70.039,55.769],[-69.849,56.198],[-69.654,56.627],[-69.455,57.056],[-69.252,57.484],[-69.659,57.858],[-70.076,58.23],[-70.501,58.601],[-70.935,58.971],[-71.441,59.26],[-71.955,59.548],[-72.477,59.833],[-73.009,60.117],[-73.262,60.503],[-73.522,60.89],[-73.947,61.309],[-74.383,61.728],[-74.713,62.029],[-75.05,62.329],[-75.394,62.628],[-75.729,63.025],[-76.134,63.48],[-76.552,63.933],[-76.725,64.288],[-76.902,64.643],[-77.084,64.997],[-77.136,65.428],[-77.19,65.859],[-77.293,66.191],[-77.399,66.524],[-77.508,66.856],[-77.79,67.23],[-77.576,67.698],[-77.872,68.069],[-77.943,68.424],[-78.332,68.886],[-78.998,69.317],[-79.288,69.508],[-79.636,69.874],[-80.14,70.204],[-80.514,70.569],[-80.87,71.019],[-81.046,71.266],[-81.226,71.512],[-81.265,71.774],[-81.305,72.037],[-81.458,72.472],[-81.618,72.907]]}},{"type":"Feature","properties":{"boundary_type":"other","feature_type":"gpml:TerraneBoundary","polarity":null,"overriding_plate_id":null,"subducting_plate_id":null,"plate_ids":[201,802],"name":"E/W ANT"},"geometry":{"type":"LineString","coordinates":[[-38.316,-57.797],[-38.002,-57.413],[-37.694,-57.027],[-37.39,-56.651],[-37.093,-56.274],[-36.802,-55.896],[-36.44,-55.579],[-36.085,-55.26]]}},{"type":"Feature","properties":{"boundary_type":"other","feature_type":"gpml:TerraneBoundary","polarity":null,"overriding_plate_id":null,"subducting_plate_id":null,"plate_ids":[101],"name":"North Greenland boundary"},"geometry":{"type":"LineString","coordinates":[[22.846,69.574],[22.87,69.571]]}},{"type":"Feature","properties":{"boundary_type":"other","feature_type":"gpml:TerraneBoundary","polarity":null,"overriding_plate_id":null,"subducting_plate_id":null,"plate_ids":[101,301],"name":"North Greenland boundary"},"geometry":{"type":"LineString","coordinates":[[22.87,69.571],[23.245,69.537],[24.043,69.492],[24.838,69.444],[25.76,69.14],[26.656,68.831],[27.684,68.522],[28.683,68.208],[29.425,67.91],[30.148,67.61],[30.6,67.259],[31.039,66.907],[31.465,66.554],[31.879,66.2],[32.254,65.752],[32.616,65.303],[32.966,64.854],[33.304,64.404],[33.632,63.953],[33.949,63.501],[33.971,63.478]]}},{"type":"Feature","properties":{"boundary_type":"other","feature_type":"gpml:TerraneBoundary","polarity":null,"overriding_plate_id":null,"subducting_plate_id":null,"plate_ids":[201,714],"name":"Northwest Africa-Benue Trough"},"geometry":{"type":"LineString","coordinates":[[3.663,-4.666],[4.101,-4.6],[4.539,-4.533],[4.977,-4.467],[5.428,-4.385],[5.879,-4.304]]}},{"type":"Feature","properties":{"boundary_type":"other","feature_type":"gpml:TerraneBoundary","polarity":null,"overriding_plate_id":null,"subducting_plate_id":null,"plate_ids":[701,714],"name":"Northwest Africa-Benue Trough"},"geometry":{"type":"LineString","coordinates":[[5.879,-4.304],[6.247,-4.237],[6.615,-4.17],[6.982,-4.103],[7.329,-4.039],[7.675,-3.976],[8.147,-3.916],[8.619,-3.855],[8.965,-3.829],[9.31,-3.803],[9.742,-3.76],[10.04,-3.671],[10.367,-3.648],[10.694,-3.625],[11.087,-3.608],[11.48,-3.591],[11.822,-3.618],[12.164,-3.645],[12.506,-3.671],[12.864,-3.724],[13.222,-3.777]]}},{"type":"Feature","properties":{"boundary_type":"other","feature_type":"gpml:TerraneBoundary","polarity":null,"overriding_plate_id":null,"subducting_plate_id":null,"plate_ids":[714,715],"name":"Northwest Africa-Benue Trough"},"geometry":{"type":"LineString","coordinates":[[13.222,-3.777],[13.53,-3.841],[13.838,-3.904],[14.218,-3.939],[14.598,-3.974],[14.978,-4.009]]}},{"type":"Feature","properties":{"boundary_type":"other","feature_type":"gpml:TerraneBoundary","polarity":null,"overriding_plate_id":null,"subducting_plate_id":null,"plate_ids":[201,701],"name":"Parana Basin-Patagonia"},"geometry":{"type":"LineString","coordinates":[[-10.236,-48.653],[-9.556,-48.69],[-8.875,-48.722],[-8.194,-48.751],[-7.478,-48.753],[-6.762,-48.751],[-6.046,-48.744],[-5.33,-48.733],[-4.653,-48.713],[-3.977,-48.689],[-3.301,-48.661],[-2.626,-48.629],[-1.965,-48.627],[-1.304,-48.621],[-0.643,-48.611],[0.018,-48.598],[0.702,-48.62],[1.387,-48.638],[2.072,-48.651],[2.757,-48.661],[3.443,-48.667]]}},{"type":"Feature","properties":{"boundary_type":"subduction","feature_type":"gpml:SubductionZone","polarity":"Right","overriding_plate_id":806,"subducting_plate_id":919,"plate_ids":[806,919],"name":"Jarrod"},"geometry":{"type":"LineString","coordinates":[[-104.141,-72.658],[-103.011,-72.61],[-101.888,-72.556],[-100.772,-72.496]]}},{"type":"Feature","properties":{"boundary_type":"subduction","feature_type":"gpml:SubductionZone","polarity":"Right","overriding_plate_id":802,"subducting_plate_id":919,"plate_ids":[802,919],"name":"Jarrod"},"geometry":{"type":"LineString","coordinates":[[-100.772,-72.496],[-99.422,-72.415],[-98.085,-72.324],[-96.761,-72.224],[-95.318,-72.215],[-93.876,-72.195],[-92.439,-72.164],[-91.007,-72.123],[-89.582,-72.072],[-88.166,-72.01],[-86.761,-71.938],[-85.275,-71.881],[-83.799,-71.814],[-82.334,-71.735],[-80.883,-71.645],[-79.343,-71.542],[-77.82,-71.426],[-76.317,-71.299],[-74.835,-71.16],[-73.374,-71.009],[-71.936,-70.847],[-70.782,-70.727],[-69.642,-70.6],[-68.517,-70.466],[-67.407,-70.325]]}},{"type":"Feature","properties":{"boundary_type":"ridge","feature_type":"gpml:MidOceanRidge","polarity":null,"overriding_plate_id":null,"subducting_plate_id":null,"plate_ids":[501,801],"name":"MOR AG 2012"},"geometry":{"type":"LineString","coordinates":[[79.277,-41.673],[79.817,-41.518],[80.354,-41.361],[80.889,-41.201],[81.421,-41.038],[81.95,-40.873],[82.477,-40.706],[83.001,-40.536],[83.203,-40.948],[83.408,-41.359],[83.665,-41.82],[83.926,-42.28],[84.191,-42.74],[84.46,-43.199],[84.734,-43.658],[85.279,-43.389],[85.82,-43.118],[86.356,-42.844],[86.888,-42.567],[87.414,-42.288],[87.937,-42.007],[88.454,-41.724],[88.967,-41.438],[89.448,-41.097],[89.925,-40.753],[90.397,-40.408],[90.864,-40.061],[91.326,-39.713],[91.784,-39.362],[92.237,-39.01],[92.685,-38.656],[93.129,-38.3],[93.569,-37.942],[94.004,-37.583],[94.436,-37.223],[94.863,-36.86],[95.286,-36.497],[95.705,-36.131],[95.991,-35.865],[96.276,-35.598],[96.558,-35.33],[96.805,-35.008]]}},{"type":"Feature","properties":{"boundary_type":"ridge","feature_type":"gpml:MidOceanRidge","polarity":null,"overriding_plate_id":null,"subducting_plate_id":null,"plate_ids":[501,801],"name":"MOR AG 2012"},"geometry":{"type":"LineString","coordinates":[[96.805,-35.008],[97.241,-34.98],[97.676,-34.95],[98.25,-34.956],[98.825,-34.96],[99.4,-34.961],[99.975,-34.959],[100.549,-34.954],[101.124,-34.947],[101.699,-34.937],[102.273,-34.924],[102.847,-34.909],[102.886,-34.442],[102.923,-33.976],[102.961,-33.509],[102.998,-33.042],[103.034,-32.575],[103.07,-32.109],[103.639,-32.01],[104.207,-31.91],[104.774,-31.806],[105.339,-31.701],[105.903,-31.593],[106.466,-31.482],[107.027,-31.369],[107.587,-31.253],[108.145,-31.135],[108.702,-31.015],[109.258,-30.892],[109.812,-30.767],[110.365,-30.639],[110.916,-30.509],[111.466,-30.377],[112.015,-30.243],[112.561,-30.106],[113.107,-29.967],[113.651,-29.826],[114.193,-29.683],[114.733,-29.537],[115.273,-29.389],[115.81,-29.239],[116.346,-29.087],[116.88,-28.933],[117.413,-28.776],[117.944,-28.618],[118.03,-28.153],[118.114,-27.687],[118.198,-27.222],[118.281,-26.757],[118.791,-26.638],[119.301,-26.518],[119.809,-26.396],[120.316,-26.272],[120.822,-26.147],[120.891,-26.507],[120.959,-26.866],[121.029,-27.226],[121.553,-27.127],[122.077,-27.026],[122.599,-26.923],[123.121,-26.818],[123.191,-27.142],[123.262,-27.465],[123.743,-27.313],[124.222,-27.158],[124.701,-27.002],[125.178,-26.844],[125.653,-26.685],[126.127,-26.524],[126.6,-26.362],[127.072,-26.198],[127.356,-26.201],[127.64,-26.202]]}},{"type":"Feature","properties":{"boundary_type":"transform","feature_type":"gpml:Transform","polarity":null,"overriding_plate_id":null,"subducting_plate_id":null,"plate_ids":[801,806],"name":"Extend deforming zone"},"geometry":{"type":"LineString","coordinates":[[162.212,-80.039],[164.415,-79.74],[166.491,-79.427],[168.447,-79.102],[170.289,-78.764],[172.024,-78.416],[173.657,-78.059],[175.195,-77.692],[176.645,-77.317],[178.012,-76.935],[179.302,-76.546],[-179.479,-76.151],[-178.328,-75.751],[-177.238,-75.345],[-176.206,-74.934],[-174.91,-74.751],[-173.644,-74.561],[-172.409,-74.363],[-171.204,-74.159],[-169.832,-74.102],[-168.47,-74.037],[-167.12,-73.962]]}},{"type":"Feature","properties":{"boundary_type":"subduction","feature_type":"gpml:SubductionZone","polarity":"Left","overriding_plate_id":301,"subducting_plate_id":926,"plate_ids":[301,926],"name":"Uda-Murgal Subduction Zone GS"},"geometry":{"type":"LineString","coordinates":[[157.215,66.439],[158.236,66.558],[159.267,66.671],[160.307,66.777],[161.355,66.876],[162.412,66.968],[163.274,67.146],[164.149,67.319]]}},{"type":"Feature","properties":{"boundary_type":"subduction","feature_type":"gpml:SubductionZone","polarity":"Left","overriding_plate_id":409,"subducting_plate_id":926,"plate_ids":[409,926],"name":"Uda-Murgal Subduction Zone GS"},"geometry":{"type":"LineString","coordinates":[[164.149,67.319],[165.227,67.523],[166.322,67.719],[167.436,67.908],[168.568,68.09],[169.717,68.263],[170.884,68.428],[172.067,68.585],[173.266,68.734],[174.268,69.055],[175.299,69.37],[176.36,69.678],[177.452,69.98],[178.576,70.275],[179.732,70.563],[-179.078,70.843],[-177.856,71.115],[-176.599,71.379],[-175.535,71.714],[-174.433,72.042],[-173.292,72.363],[-172.111,72.678],[-170.887,72.986],[-169.62,73.286],[-168.309,73.578],[-166.953,73.862],[-165.549,74.137],[-164.099,74.403],[-162.984,74.737],[-161.821,75.066],[-160.607,75.389],[-159.34,75.705],[-158.017,76.014],[-156.637,76.316]]}},{"type":"Feature","properties":{"boundary_type":"other","feature_type":"gpml:InferredPaleoBoundary","polarity":null,"overriding_plate_id":null,"subducting_plate_id":null,"plate_ids":[301],"name":"NAM EUR 115 090 lom"},"geometry":{"type":"LineString","coordinates":[[22.87,69.571],[23.491,69.961],[24.135,70.349],[24.804,70.735],[25.499,71.117],[26.222,71.498]]}},{"type":"Feature","properties":{"boundary_type":"other","feature_type":"gpml:InferredPaleoBoundary","polarity":null,"overriding_plate_id":null,"subducting_plate_id":null,"plate_ids":[101,301],"name":"NAM EUR 115 090 lom"},"geometry":{"type":"LineString","coordinates":[[26.222,71.498],[27.276,71.869],[28.371,72.234],[29.511,72.593],[30.419,72.892],[31.359,73.187],[32.331,73.477],[33.336,73.763],[34.704,74.007],[36.112,74.242],[37.561,74.468],[38.478,74.753],[39.43,75.034],[40.417,75.312],[41.441,75.585],[42.697,75.965],[44.021,76.339],[45.417,76.706],[46.817,76.885],[48.254,77.058],[49.729,77.222],[51.534,77.396],[53.386,77.558],[55.285,77.706],[57.08,77.84],[58.914,77.962],[60.782,78.071],[62.451,78.303],[64.186,78.525],[65.987,78.736],[67.853,78.936],[69.995,79.025],[72.169,79.098],[74.369,79.156],[76.588,79.198],[78.696,79.31],[80.845,79.409],[83.031,79.492],[85.248,79.56],[87.917,79.553],[90.577,79.525],[93.216,79.474],[95.826,79.402],[98.396,79.309],[100.823,79.284],[103.236,79.241],[105.625,79.179],[107.652,78.932],[109.59,78.672],[111.439,78.4],[113.204,78.116],[114.886,77.823],[116.488,77.519]]}},{"type":"Feature","properties":{"boundary_type":"other","feature_type":"gpml:InferredPaleoBoundary","polarity":null,"overriding_plate_id":null,"subducting_plate_id":null,"plate_ids":[301,409],"name":"NAM EUR 115 090 lom"},"geometry":{"type":"LineString","coordinates":[[116.488,77.519],[117.259,77.364],[118.784,77.1],[120.249,76.827],[121.654,76.546],[123.002,76.258],[124.295,75.963],[125.535,75.661],[126.102,75.187],[126.635,74.711],[127.136,74.234],[127.609,73.756],[128.055,73.278],[128.477,72.798],[129.48,72.488],[130.448,72.173],[131.383,71.853],[132.287,71.529],[133.161,71.201],[134.005,70.869],[134.822,70.533],[136.233,70.386],[137.624,70.228],[138.992,70.06],[140.338,69.881],[141.66,69.692],[142.959,69.494],[144.297,69.469],[145.632,69.435],[146.962,69.39],[148.285,69.335],[149.602,69.271],[150.91,69.196],[152.208,69.111],[153.586,69.083],[154.959,69.044],[156.327,68.993],[157.688,68.932],[159.041,68.86],[160.385,68.778],[161.176,68.493],[161.948,68.205],[162.7,67.913],[163.434,67.618],[164.149,67.319]]}},{"type":"Feature","properties":{"boundary_type":"subduction","feature_type":"gpml:SubductionZone","polarity":"Right","overriding_plate_id":101,"subducting_plate_id":902,"plate_ids":[101,902],"name":"Alaska Subduction GS"},"geometry":{"type":"LineString","coordinates":[[-81.618,72.907],[-83.187,72.861],[-84.747,72.804],[-86.296,72.735],[-87.847,72.79],[-89.408,72.834],[-90.975,72.866],[-92.546,72.885],[-94.12,72.892],[-95.694,72.888],[-97.267,72.871],[-98.835,72.841],[-100.396,72.8],[-101.95,72.747],[-103.493,72.682],[-105.019,72.766],[-106.558,72.839],[-108.108,72.9],[-109.668,72.949],[-111.236,72.986],[-112.578,73.182],[-113.95,73.369],[-115.352,73.547],[-116.782,73.716],[-118.241,73.875],[-119.727,74.023],[-121.239,74.162],[-122.4,74.365]]}},{"type":"Feature","properties":{"boundary_type":"subduction","feature_type":"gpml:SubductionZone","polarity":"Right","overriding_plate_id":409,"subducting_plate_id":902,"plate_ids":[409,902],"name":"Alaska Subduction GS"},"geometry":{"type":"LineString","coordinates":[[-122.4,74.365],[-123.555,74.556]]}},{"type":"Feature","properties":{"boundary_type":"subduction","feature_type":"gpml:SubductionZone","polarity":"Right","overriding_plate_id":409,"subducting_plate_id":926,"plate_ids":[409,926],"name":"Alaska Subduction GS"},"geometry":{"type":"LineString","coordinates":[[-123.555,74.556],[-125.16,74.805],[-126.815,75.042],[-128.521,75.266],[-130.278,75.478],[-132.084,75.676],[-133.953,75.866],[-135.869,76.041],[-137.832,76.201],[-139.837,76.344],[-141.881,76.472],[-143.839,76.52],[-145.809,76.553],[-147.786,76.57],[-149.765,76.572],[-151.744,76.558],[-153.715,76.53],[-155.188,76.427],[-156.637,76.316]]}},{"type":"Feature","properties":{"boundary_type":"other","feature_type":"gpml:Fault","polarity":null,"overriding_plate_id":null,"subducting_plate_id":null,"plate_ids":[101,409],"name":"Alaska"},"geometry":{"type":"LineString","coordinates":[[-122.4,74.365],[-122.623,74.841],[-122.859,75.317],[-123.111,75.793],[-123.38,76.268],[-123.668,76.743],[-123.977,77.218],[-124.31,77.692],[-125.933,78.034],[-127.649,78.367],[-129.463,78.689],[-131.379,78.999],[-133.403,79.297],[-135.539,79.58],[-137.79,79.849],[-139.792,80.048],[-141.872,80.235],[-144.029,80.408],[-146.262,80.568],[-148.567,80.713],[-151.455,80.819],[-154.403,80.901],[-157.396,80.959],[-160.419,80.993],[-163.456,81.002],[-166.491,80.986],[-169.507,80.945],[-172.305,80.912],[-175.076,80.857],[-177.808,80.782],[179.51,80.687],[176.886,80.572],[174.331,80.438],[171.85,80.286],[169.449,80.116],[166.758,80.099],[164.082,80.061],[161.432,80.002],[158.818,79.922],[156.25,79.821],[153.737,79.701],[151.285,79.563],[148.62,79.547],[145.969,79.51],[143.342,79.452],[140.749,79.371],[138.199,79.27],[135.7,79.149],[133.261,79.007],[130.887,78.847],[128.796,78.607],[126.793,78.352],[124.876,78.084],[123.045,77.803],[120.827,77.726],[118.64,77.631],[116.488,77.519]]}},{"type":"Feature","properties":{"boundary_type":"ridge","feature_type":"gpml:MidOceanRidge","polarity":null,"overriding_plate_id":null,"subducting_plate_id":null,"plate_ids":[901,926],"name":"IZA-PAC MOR"},"geometry":{"type":"LineString","coordinates":[[-168.209,2.502],[-168.209,2.502],[-168.655,2.365],[-169.101,2.227],[-169.547,2.089],[-169.993,1.951],[-170.439,1.813],[-170.317,1.389],[-170.195,0.965],[-170.074,0.541],[-169.952,0.117],[-170.412,-0.024],[-170.872,-0.165],[-171.333,-0.306],[-171.793,-0.447],[-172.253,-0.588],[-172.714,-0.728],[-173.174,-0.869],[-173.635,-1.01],[-174.095,-1.15],[-174.556,-1.291],[-175.016,-1.431],[-175.028,-1.43]]}},{"type":"Feature","properties":{"boundary_type":"ridge","feature_type":"gpml:MidOceanRidge","polarity":null,"overriding_plate_id":null,"subducting_plate_id":null,"plate_ids":[901,926],"name":"IZA-PAC MOR"},"geometry":{"type":"LineString","coordinates":[[-162.875,4.119],[-162.866,4.135],[-163.312,4.0],[-163.758,3.865],[-164.204,3.73],[-164.649,3.594],[-165.095,3.458],[-165.54,3.322],[-165.985,3.186],[-166.43,3.05],[-166.875,2.913],[-167.32,2.776],[-167.765,2.639],[-168.209,2.502],[-168.209,2.502]]}},{"type":"Feature","properties":{"boundary_type":"ridge","feature_type":"gpml:MidOceanRidge","polarity":null,"overriding_plate_id":null,"subducting_plate_id":null,"plate_ids":[901,926],"name":"IZA-PAC MOR"},"geometry":{"type":"LineString","coordinates":[[-154.268,19.325],[-154.273,19.332],[-154.748,19.194],[-155.222,19.055],[-155.696,18.914],[-156.168,18.772],[-156.64,18.629],[-157.111,18.485],[-157.581,18.339],[-158.05,18.193],[-158.519,18.045],[-158.987,17.896],[-159.454,17.746],[-159.293,17.285],[-159.133,16.825],[-158.974,16.364],[-158.816,15.903],[-158.658,15.442],[-158.502,14.981],[-158.345,14.519],[-158.19,14.058],[-158.035,13.597],[-157.881,13.135],[-157.727,12.673],[-157.574,12.212],[-157.421,11.75],[-157.269,11.288],[-157.118,10.826],[-156.967,10.364],[-156.816,9.902],[-156.666,9.439],[-156.516,8.977],[-156.988,8.822],[-157.459,8.667],[-157.93,8.511],[-158.401,8.355],[-158.871,8.198],[-159.341,8.04],[-159.811,7.882],[-159.684,7.442],[-159.557,7.002],[-159.431,6.561],[-159.305,6.121],[-159.179,5.68],[-159.053,5.24],[-159.533,5.099],[-160.012,4.957],[-160.491,4.816],[-160.97,4.674],[-161.449,4.531],[-161.927,4.389],[-162.405,4.246],[-162.884,4.102],[-162.875,4.119]]}},{"type":"Feature","properties":{"boundary_type":"ridge","feature_type":"gpml:MidOceanRidge","polarity":null,"overriding_plate_id":null,"subducting_plate_id":null,"plate_ids":[902,926],"name":"IZA-PAC MOR"},"geometry":{"type":"LineString","coordinates":[[-132.187,20.467],[-132.244,20.409],[-132.369,20.373]]}},{"type":"Feature","properties":{"boundary_type":"ridge","feature_type":"gpml:MidOceanRidge","polarity":null,"overriding_plate_id":null,"subducting_plate_id":null,"plate_ids":[901,926],"name":"IZA-PAC MOR"},"geometry":{"type":"LineString","coordinates":[[-132.369,20.373],[-132.868,20.229],[-133.367,20.083],[-133.864,19.936],[-134.36,19.787],[-134.856,19.637],[-135.35,19.486],[-135.808,19.346],[-136.264,19.205],[-136.72,19.063],[-137.176,18.92],[-137.63,18.776],[-138.084,18.631],[-138.536,18.485],[-138.988,18.337],[-139.44,18.189],[-139.89,18.039],[-140.114,18.424],[-140.339,18.808],[-140.564,19.192],[-140.791,19.575],[-141.24,19.433],[-141.687,19.289],[-142.134,19.144],[-142.579,18.998],[-143.064,18.843],[-143.547,18.687],[-144.03,18.529],[-144.511,18.37],[-144.992,18.21],[-145.472,18.048],[-145.936,17.859],[-146.398,17.669],[-146.86,17.477],[-147.321,17.285],[-147.78,17.091],[-148.134,16.97],[-148.487,16.848],[-148.84,16.725],[-148.939,17.101],[-149.038,17.477],[-149.138,17.853],[-149.238,18.229],[-149.372,18.687],[-149.506,19.145],[-149.641,19.602],[-149.777,20.06],[-149.913,20.517],[-150.4,20.389],[-150.886,20.26],[-151.371,20.129],[-151.855,19.998],[-152.338,19.864],[-152.82,19.73],[-153.302,19.594],[-153.783,19.457],[-154.263,19.319],[-154.268,19.325]]}},{"type":"Feature","properties":{"boundary_type":"ridge","feature_type":"gpml:MidOceanRidge","polarity":null,"overriding_plate_id":null,"subducting_plate_id":null,"plate_ids":[901,926],"name":"IZA-PAC MOR"},"geometry":{"type":"LineString","coordinates":[[179.982,-8.749],[179.973,-8.778],[179.488,-8.883],[179.003,-8.986],[178.518,-9.09],[178.033,-9.192],[177.547,-9.294],[177.061,-9.395],[176.574,-9.496],[176.088,-9.596],[175.601,-9.695],[175.114,-9.794],[174.626,-9.892],[174.138,-9.989],[173.65,-10.085],[173.162,-10.181],[172.673,-10.276],[172.185,-10.37],[171.695,-10.464],[171.206,-10.557],[170.716,-10.649],[170.226,-10.74],[170.317,-11.187],[170.408,-11.635],[170.499,-12.082],[170.591,-12.53],[170.683,-12.977],[170.775,-13.424],[170.868,-13.871],[170.961,-14.319],[171.055,-14.766],[171.063,-15.261],[171.072,-15.756],[171.08,-16.251],[171.089,-16.746],[171.097,-17.241],[171.106,-17.736],[171.114,-18.231],[171.123,-18.726],[171.132,-19.221],[171.141,-19.716],[171.15,-20.211],[171.158,-20.706],[171.167,-21.201],[171.176,-21.696],[171.186,-22.191],[171.195,-22.686],[171.204,-23.181],[171.21,-23.188]]}},{"type":"Feature","properties":{"boundary_type":"ridge","feature_type":"gpml:MidOceanRidge","polarity":null,"overriding_plate_id":null,"subducting_plate_id":null,"plate_ids":[901,926],"name":"IZA-PAC MOR"},"geometry":{"type":"LineString","coordinates":[[-175.028,-1.43],[-175.04,-1.429],[-175.486,-1.57],[-175.931,-1.71],[-176.377,-1.85],[-176.823,-1.989],[-177.269,-2.129],[-177.716,-2.269],[-178.162,-2.408],[-178.608,-2.547],[-179.055,-2.687],[-179.501,-2.825],[-179.948,-2.964],[179.605,-3.103],[179.159,-3.241],[178.712,-3.38],[178.819,-3.825],[178.927,-4.27],[179.034,-4.716],[179.142,-5.161],[179.25,-5.606],[179.358,-6.052],[179.463,-6.496],[179.568,-6.941],[179.674,-7.386],[179.78,-7.83],[179.886,-8.275],[179.992,-8.719],[179.982,-8.749]]}},{"type":"Feature","properties":{"boundary_type":"ridge","feature_type":"gpml:MidOceanRidge","polarity":null,"overriding_plate_id":null,"subducting_plate_id":null,"plate_ids":[901,926],"name":"IZA-PAC MOR"},"geometry":{"type":"LineString","coordinates":[[171.21,-23.188],[171.215,-23.195],[170.679,-23.188],[170.142,-23.179],[169.606,-23.169],[169.07,-23.157],[168.534,-23.143],[167.997,-23.127],[167.462,-23.11],[166.926,-23.09],[166.39,-23.069],[165.855,-23.046],[165.32,-23.022],[164.784,-22.995],[164.25,-22.967],[163.715,-22.936],[163.181,-22.905],[162.647,-22.871],[162.113,-22.835],[161.579,-22.798],[161.046,-22.759],[160.513,-22.718],[159.981,-22.675],[159.448,-22.631],[158.916,-22.585],[158.385,-22.537],[157.854,-22.488],[157.816,-22.861],[157.779,-23.235],[157.741,-23.609],[157.703,-23.983],[157.605,-24.384],[157.506,-24.786],[157.406,-25.187],[157.306,-25.588],[157.021,-25.532],[156.736,-25.475]]}},{"type":"Feature","properties":{"boundary_type":"ridge","feature_type":"gpml:MidOceanRidge","polarity":null,"overriding_plate_id":null,"subducting_plate_id":null,"plate_ids":[101,714],"name":"Ridge from iso M0 from NAM at 120.4Ma"},"geometry":{"type":"LineString","coordinates":[[4.484,32.729],[4.152,32.57],[3.82,32.411],[3.349,32.316],[2.878,32.22],[2.408,32.122],[2.212,32.378],[1.79,32.185],[1.37,31.99],[0.952,31.794],[0.535,31.597],[0.12,31.398],[-0.042,31.55],[-0.543,31.341],[-1.042,31.13],[-1.538,30.917],[-2.032,30.702],[-2.524,30.485],[-3.014,30.266],[-3.502,30.046],[-3.589,30.119],[-4.06,30.015],[-4.529,29.909],[-4.998,29.802],[-5.137,29.946],[-5.511,29.804],[-5.883,29.662],[-6.255,29.518],[-6.55,29.821],[-6.98,29.558],[-7.407,29.294],[-7.516,29.405],[-7.915,29.149],[-8.313,28.891],[-8.452,29.042],[-8.791,28.811],[-9.128,28.578],[-9.122,28.569],[-9.422,28.333],[-9.72,28.096],[-10.017,27.858],[-10.246,28.088],[-10.476,28.317],[-10.807,28.123],[-11.138,27.928],[-11.467,27.732],[-11.661,27.926],[-12.044,27.656],[-12.425,27.384],[-12.805,27.112],[-13.182,26.838],[-13.558,26.563],[-13.932,26.288],[-13.676,26.003],[-14.038,25.701],[-14.398,25.398],[-14.756,25.095],[-14.637,24.963],[-14.903,24.764],[-15.168,24.565],[-15.008,24.386],[-15.211,24.008],[-15.412,23.63],[-15.612,23.252],[-15.811,22.873],[-15.696,22.735],[-16.023,22.398],[-16.349,22.06],[-16.673,21.721],[-16.468,21.528],[-16.807,21.22],[-17.144,20.911],[-17.48,20.601],[-17.336,20.462],[-17.591,20.191],[-17.845,19.92],[-18.099,19.649],[-18.005,19.567],[-18.286,19.278],[-18.566,18.989],[-18.845,18.7],[-18.626,18.447],[-18.971,18.135],[-18.844,18.023],[-19.145,17.735],[-19.444,17.447],[-19.121,17.086],[-18.8,16.725],[-18.479,16.364],[-18.792,16.034],[-19.104,15.703],[-19.415,15.373],[-19.709,15.045],[-20.001,14.716],[-20.293,14.387],[-20.584,14.058],[-20.874,13.729],[-21.163,13.399],[-21.451,13.069]]}},{"type":"Feature","properties":{"boundary_type":"subduction","feature_type":"gpml:SubductionZone","polarity":"Left","overriding_plate_id":789,"subducting_plate_id":926,"plate_ids":[789,926],"name":"Barito Sea Subduction"},"geometry":{"type":"LineString","coordinates":[[130.304,-3.426],[130.741,-3.541],[131.179,-3.657],[131.253,-3.678]]}},{"type":"Feature","properties":{"boundary_type":"subduction","feature_type":"gpml:SubductionZone","polarity":"Left","overriding_plate_id":301,"subducting_plate_id":926,"plate_ids":[301,926],"name":"Barito Sea Subduction"},"geometry":{"type":"LineString","coordinates":[[131.253,-3.678],[131.729,-3.815],[132.206,-3.952],[132.683,-4.088],[133.159,-4.224],[133.636,-4.36],[134.051,-4.232],[134.466,-4.104],[134.881,-3.975],[135.296,-3.847],[135.719,-3.681],[136.142,-3.515],[136.564,-3.349],[136.986,-3.183],[137.409,-3.016],[137.831,-2.85],[138.253,-2.683],[138.674,-2.516]]}},{"type":"Feature","properties":{"boundary_type":"subduction","feature_type":"gpml:SubductionZone","polarity":"Left","overriding_plate_id":301,"subducting_plate_id":926,"plate_ids":[301,926],"name":"North Borneo subduction"},"geometry":{"type":"LineString","coordinates":[[138.066,-0.075],[137.65,0.163],[137.235,0.4],[136.819,0.638],[136.601,1.086],[136.383,1.534],[136.165,1.982],[136.068,2.418],[135.97,2.855],[135.872,3.291],[135.873,3.649],[135.873,4.008],[135.812,4.489],[135.75,4.97],[135.689,5.451],[135.627,5.932],[135.466,6.368],[135.306,6.803],[135.145,7.239]]}},{"type":"Feature","properties":{"boundary_type":"subduction","feature_type":"gpml:SubductionZone","polarity":"Left","overriding_plate_id":301,"subducting_plate_id":926,"plate_ids":[301,926],"name":"Proto South China Sea opening"},"geometry":{"type":"LineString","coordinates":[[135.145,7.239],[135.343,7.645],[135.542,8.05],[135.741,8.456],[135.941,8.861],[136.141,9.267],[136.341,9.672],[136.542,10.077],[136.744,10.482],[136.818,10.897],[136.893,11.312],[136.968,11.728],[137.043,12.143],[137.118,12.558],[137.194,12.973],[137.303,13.442],[137.413,13.911],[137.522,14.381],[137.633,14.85],[137.744,15.319],[137.855,15.788],[137.941,16.253],[138.028,16.718],[138.115,17.184],[138.203,17.649],[138.432,17.942]]}},{"type":"Feature","properties":{"boundary_type":"subduction","feature_type":"gpml:SubductionZone","polarity":"Left","overriding_plate_id":787,"subducting_plate_id":501,"plate_ids":[501,787],"name":"Sunda Jurassic-Cretaceous subduction"},"geometry":{"type":"LineString","coordinates":[[104.379,2.82],[104.744,2.488],[105.109,2.156],[105.474,1.824],[105.839,1.492],[106.17,1.149],[106.5,0.806],[106.83,0.463],[107.16,0.12],[107.49,-0.223],[107.82,-0.566],[108.154,-0.884],[108.489,-1.202],[108.824,-1.519],[109.159,-1.837],[109.495,-2.155],[109.83,-2.472],[110.165,-2.79],[110.544,-3.054],[110.922,-3.318],[111.301,-3.581],[111.679,-3.845],[112.058,-4.108],[112.438,-4.372],[112.817,-4.635],[113.197,-4.898],[113.638,-5.081],[114.079,-5.264],[114.521,-5.447],[114.962,-5.63],[115.404,-5.812],[115.847,-5.994],[116.289,-6.176],[116.739,-6.382],[117.188,-6.589],[117.638,-6.795],[118.089,-7.001],[118.539,-7.206],[118.991,-7.411],[119.442,-7.615],[119.894,-7.819],[120.347,-8.023],[120.8,-8.226],[121.253,-8.428],[121.6,-8.739],[121.947,-9.05],[122.295,-9.361],[122.643,-9.672],[122.992,-9.982],[123.342,-10.292],[123.692,-10.601],[123.921,-10.762]]}},{"type":"Feature","properties":{"boundary_type":"subduction","feature_type":"gpml:SubductionZone","polarity":"Left","overriding_plate_id":926,"subducting_plate_id":501,"plate_ids":[501,926],"name":"Sunda Jurassic-Cretaceous subduction"},"geometry":{"type":"LineString","coordinates":[[123.921,-10.762],[124.305,-11.032],[124.69,-11.301],[125.075,-11.57],[125.461,-11.839],[125.848,-12.107],[126.236,-12.374],[126.625,-12.641],[127.014,-12.907],[127.405,-13.173],[127.785,-13.436],[128.166,-13.698],[128.548,-13.96],[128.931,-14.221],[129.315,-14.482],[129.7,-14.742],[130.085,-15.001],[130.472,-15.26],[130.862,-15.177],[131.252,-15.094],[131.641,-15.01]]}},{"type":"Feature","properties":{"boundary_type":"subduction","feature_type":"gpml:SubductionZone","polarity":"Left","overriding_plate_id":926,"subducting_plate_id":801,"plate_ids":[801,926],"name":"Sunda Jurassic-Cretaceous subduction"},"geometry":{"type":"LineString","coordinates":[[131.641,-15.01],[132.062,-14.918],[132.482,-14.826],[132.902,-14.733],[133.322,-14.639],[133.722,-14.335],[134.122,-14.031],[134.52,-13.726],[134.917,-13.42],[135.314,-13.114],[135.709,-12.806],[136.104,-12.499],[136.497,-12.191]]}},{"type":"Feature","properties":{"boundary_type":"transform","feature_type":"gpml:Transform","polarity":null,"overriding_plate_id":null,"subducting_plate_id":null,"plate_ids":[801,901],"name":"Proto Philippine transform"},"geometry":{"type":"LineString","coordinates":[[157.62,-36.582],[158.043,-36.26],[158.462,-35.937],[158.878,-35.612]]}},{"type":"Feature","properties":{"boundary_type":"transform","feature_type":"gpml:Transform","polarity":null,"overriding_plate_id":null,"subducting_plate_id":null,"plate_ids":[501,529],"name":"Proto Andaman transform"},"geometry":{"type":"LineString","coordinates":[[100.698,-3.201],[100.957,-2.779],[101.216,-2.357],[101.476,-1.935],[101.735,-1.514],[101.994,-1.092],[102.252,-0.67],[102.511,-0.248],[102.744,0.136],[102.978,0.519],[103.211,0.903],[103.444,1.286],[103.678,1.67],[103.911,2.053],[104.145,2.437],[104.379,2.82]]}},{"type":"Feature","properties":{"boundary_type":"transform","feature_type":"gpml:Transform","polarity":null,"overriding_plate_id":null,"subducting_plate_id":null,"plate_ids":[529,787],"name":"Proto Andaman transform"},"geometry":{"type":"LineString","coordinates":[[104.379,2.82],[104.439,2.919]]}},{"type":"Feature","properties":{"boundary_type":"transform","feature_type":"gpml:Transform","polarity":null,"overriding_plate_id":null,"subducting_plate_id":null,"plate_ids":[301,787],"name":"Proto Andaman transform"},"geometry":{"type":"LineString","coordinates":[[104.439,2.919],[104.676,3.308],[104.914,3.696],[105.151,4.085],[105.384,4.51],[105.616,4.935],[105.849,5.36],[106.083,5.784],[106.316,6.209],[106.55,6.633],[106.784,7.057],[107.019,7.482],[107.254,7.906],[107.49,8.33],[107.502,8.351]]}},{"type":"Feature","properties":{"boundary_type":"transform","feature_type":"gpml:Transform","polarity":null,"overriding_plate_id":null,"subducting_plate_id":null,"plate_ids":[301,789],"name":"Proto Andaman transform"},"geometry":{"type":"LineString","coordinates":[[107.502,8.351],[107.744,8.789],[107.986,9.226],[108.229,9.664],[108.473,10.101],[108.717,10.538],[108.962,10.974],[109.208,11.411],[109.454,11.847],[109.701,12.284],[109.902,12.684],[110.103,13.084],[110.305,13.484],[110.507,13.883],[110.71,14.283],[110.914,14.682],[111.119,15.081]]}},{"type":"Feature","properties":{"boundary_type":"subduction","feature_type":"gpml:SubductionZone","polarity":"Left","overriding_plate_id":801,"subducting_plate_id":901,"plate_ids":[801,901],"name":"Philippines Late Cretaceous back-arc"},"geometry":{"type":"LineString","coordinates":[[158.878,-35.612],[158.714,-35.147],[158.553,-34.683],[158.393,-34.218],[158.235,-33.753],[158.078,-33.288],[157.997,-32.875],[157.916,-32.462],[157.837,-32.049],[157.757,-31.636],[157.679,-31.223],[157.601,-30.811],[157.561,-30.326],[157.521,-29.841],[157.481,-29.356],[157.442,-28.871],[157.403,-28.385],[157.329,-27.96],[157.255,-27.534],[157.182,-27.108],[157.11,-26.682],[156.984,-26.279],[156.86,-25.877],[156.736,-25.475]]}},{"type":"Feature","properties":{"boundary_type":"subduction","feature_type":"gpml:SubductionZone","polarity":"Left","overriding_plate_id":801,"subducting_plate_id":926,"plate_ids":[801,926],"name":"Philippines Late Cretaceous back-arc"},"geometry":{"type":"LineString","coordinates":[[156.736,-25.475],[156.611,-25.065],[156.487,-24.655],[156.363,-24.246],[156.24,-23.836],[156.13,-23.368],[156.021,-22.901],[155.913,-22.433],[155.806,-21.965],[155.699,-21.498],[155.593,-21.03],[155.487,-20.562],[155.382,-20.094]]}},{"type":"Feature","properties":{"boundary_type":"ridge","feature_type":"gpml:MidOceanRidge","polarity":null,"overriding_plate_id":null,"subducting_plate_id":null,"plate_ids":[787,789],"name":"Proto Andaman Sea MOR"},"geometry":{"type":"LineString","coordinates":[[107.502,8.351],[107.974,8.254],[108.447,8.157],[108.918,8.059],[109.417,8.059],[109.915,8.059],[110.413,8.058],[110.911,8.056],[111.409,8.053],[111.908,8.05],[111.924,7.657],[111.941,7.263],[111.958,6.869],[111.974,6.476],[112.4,6.469],[112.826,6.462],[112.845,6.037],[112.863,5.613],[112.882,5.188],[112.901,4.764],[113.26,4.759],[113.62,4.755],[113.979,4.75],[113.998,4.353],[114.016,3.956],[114.034,3.558],[114.526,3.563],[115.019,3.568],[115.048,3.156],[115.077,2.744],[115.105,2.332],[115.134,1.92],[115.531,1.937],[115.928,1.955],[116.325,1.972],[116.335,1.629],[116.345,1.286],[116.356,0.943],[116.806,0.974],[117.257,1.006],[117.708,1.038],[117.725,0.655],[117.743,0.271],[117.761,-0.112],[117.778,-0.495],[118.182,-0.465],[118.585,-0.434],[118.989,-0.403],[119.393,-0.373],[119.796,-0.342]]}},{"type":"Feature","properties":{"boundary_type":"ridge","feature_type":"gpml:MidOceanRidge","polarity":null,"overriding_plate_id":null,"subducting_plate_id":null,"plate_ids":[787,789],"name":"Woyla Back-arc MOR"},"geometry":{"type":"LineString","coordinates":[[119.796,-0.342],[120.236,-0.57],[120.675,-0.797],[121.114,-1.025],[121.554,-1.252],[121.993,-1.48],[122.433,-1.707],[122.872,-1.934],[123.09,-1.533],[123.511,-1.739],[123.932,-1.944],[124.354,-2.148],[124.775,-2.353],[125.197,-2.558],[125.619,-2.762],[126.04,-2.967],[126.463,-3.171],[126.885,-3.375],[127.307,-3.578],[127.47,-3.271],[127.894,-3.428],[128.319,-3.584],[128.743,-3.741],[129.167,-3.897],[129.592,-4.053]]}},{"type":"Feature","properties":{"boundary_type":"subduction","feature_type":"gpml:SubductionZone","polarity":"Left","overriding_plate_id":529,"subducting_plate_id":501,"plate_ids":[501,529],"name":"Kohistan instra-oceanic subduction"},"geometry":{"type":"LineString","coordinates":[[68.975,2.094],[69.409,1.848],[69.843,1.602],[70.277,1.355],[70.711,1.109],[71.145,0.862],[71.578,0.616],[72.01,0.374],[72.442,0.133],[72.873,-0.108],[73.305,-0.349],[73.736,-0.59],[74.168,-0.831],[74.6,-1.072],[75.031,-1.313],[75.463,-1.553],[75.812,-1.779],[76.162,-2.004],[76.511,-2.229],[76.861,-2.454],[77.211,-2.679],[77.581,-2.896],[77.951,-3.113],[78.322,-3.33],[78.692,-3.546],[79.063,-3.762],[79.489,-3.968],[79.915,-4.173],[80.341,-4.378],[80.768,-4.582],[81.195,-4.787],[81.622,-4.991],[82.049,-5.195],[82.477,-5.398],[82.904,-5.601],[83.333,-5.804],[83.783,-5.911],[84.234,-6.018],[84.685,-6.124],[85.136,-6.23],[85.587,-6.336],[86.038,-6.441],[86.49,-6.545],[86.947,-6.62],[87.405,-6.695],[87.863,-6.769],[88.32,-6.842],[88.778,-6.915],[89.236,-6.988],[89.689,-6.941],[90.142,-6.893],[90.595,-6.845],[91.047,-6.797],[91.5,-6.748],[91.953,-6.668],[92.407,-6.587],[92.86,-6.506],[93.313,-6.425],[93.766,-6.343],[94.219,-6.261],[94.671,-6.179],[95.066,-6.027],[95.46,-5.875],[95.854,-5.723],[96.248,-5.57],[96.641,-5.418],[97.035,-5.265],[97.419,-5.072],[97.804,-4.879],[98.188,-4.686],[98.572,-4.493],[98.956,-4.3],[99.34,-4.106],[99.679,-3.88],[100.019,-3.654],[100.358,-3.427],[100.698,-3.201]]}},{"type":"Feature","properties":{"boundary_type":"ridge","feature_type":"gpml:MidOceanRidge","polarity":null,"overriding_plate_id":null,"subducting_plate_id":null,"plate_ids":[301,529],"name":"Kohistan back-arc MOR"},"geometry":{"type":"LineString","coordinates":[[77.168,11.861],[77.62,11.729],[78.071,11.597],[78.523,11.464],[78.974,11.33],[79.447,11.194],[79.921,11.057],[80.394,10.919],[80.867,10.781],[81.339,10.642],[81.811,10.503],[82.282,10.362],[82.753,10.221],[83.223,10.079],[83.693,9.937],[83.612,9.59],[83.531,9.243],[83.449,8.896],[83.922,8.756],[84.394,8.616],[84.866,8.475],[85.337,8.334],[85.808,8.192],[86.279,8.049],[86.199,7.665],[86.12,7.281],[86.041,6.897],[86.438,6.802],[86.836,6.708],[87.233,6.613],[87.63,6.518],[87.546,6.109],[87.463,5.7],[87.894,5.59],[88.326,5.479],[88.757,5.368],[89.187,5.257],[89.117,4.933],[89.046,4.609],[89.497,4.507],[89.947,4.404],[90.397,4.301],[90.847,4.198],[91.297,4.094],[91.747,3.991],[92.197,3.887],[92.647,3.782],[93.096,3.678],[93.546,3.573],[93.995,3.468],[94.444,3.363],[94.792,3.296],[95.14,3.23]]}},{"type":"Feature","properties":{"boundary_type":"ridge","feature_type":"gpml:MidOceanRidge","polarity":null,"overriding_plate_id":null,"subducting_plate_id":null,"plate_ids":[301,529],"name":"Kohistan back-arc MOR"},"geometry":{"type":"LineString","coordinates":[[95.14,3.23],[95.237,3.702],[95.719,3.625],[96.202,3.547],[96.684,3.469],[97.166,3.392],[97.649,3.313],[98.131,3.235],[98.613,3.156],[99.095,3.078],[99.166,3.477],[99.236,3.876],[99.709,3.787],[100.182,3.697],[100.654,3.608],[101.127,3.518],[101.599,3.427],[102.072,3.337],[102.544,3.246],[103.018,3.165],[103.492,3.083],[103.965,3.001],[104.439,2.919]]}},{"type":"Feature","properties":{"boundary_type":"transform","feature_type":"gpml:Transform","polarity":null,"overriding_plate_id":null,"subducting_plate_id":null,"plate_ids":[801,926],"name":"Tethys-Izanagi Transform"},"geometry":{"type":"LineString","coordinates":[[150.841,-12.522],[151.084,-12.91],[151.327,-13.298],[151.571,-13.686],[151.816,-14.073],[152.062,-14.461],[152.309,-14.848],[152.557,-15.234],[152.805,-15.621],[153.055,-16.007],[153.305,-16.393],[153.532,-16.805],[153.759,-17.217],[153.988,-17.629],[154.218,-18.041],[154.448,-18.452],[154.68,-18.863],[154.913,-19.274],[155.147,-19.684],[155.382,-20.094]]}},{"type":"Feature","properties":{"boundary_type":"ridge","feature_type":"gpml:MidOceanRidge","polarity":null,"overriding_plate_id":null,"subducting_plate_id":null,"plate_ids":[501,801],"name":"NeoTethys MOR"},"geometry":{"type":"LineString","coordinates":[[127.64,-26.202],[127.543,-25.735],[127.446,-25.268],[127.35,-24.8],[127.255,-24.333],[127.161,-23.865],[127.067,-23.398],[126.974,-22.93],[127.435,-22.802],[127.896,-22.672],[128.356,-22.541],[128.816,-22.408],[129.274,-22.275],[129.731,-22.14],[129.66,-21.691],[129.59,-21.241],[129.519,-20.792],[129.449,-20.343],[129.38,-19.894],[129.311,-19.444],[129.242,-18.995],[129.174,-18.546],[129.106,-18.096],[129.039,-17.647],[129.498,-17.545],[129.957,-17.442],[130.416,-17.337],[130.874,-17.232],[131.332,-17.126],[131.789,-17.018],[131.759,-16.617],[131.729,-16.215],[131.7,-15.813],[131.67,-15.412],[131.641,-15.01]]}},{"type":"Feature","properties":{"boundary_type":"subduction","feature_type":"gpml:SubductionZone","polarity":"Left","overriding_plate_id":301,"subducting_plate_id":789,"plate_ids":[301,789],"name":"Woyla and Proto Andaman Sea Subduction"},"geometry":{"type":"LineString","coordinates":[[111.119,15.081],[111.532,14.871],[111.945,14.661],[112.356,14.45],[112.637,14.069],[112.917,13.689],[113.196,13.308],[113.473,12.927],[113.751,12.545],[114.027,12.163],[114.302,11.781],[114.577,11.399],[114.851,11.016],[115.166,10.635],[115.479,10.253],[115.792,9.871],[116.104,9.489],[116.416,9.107],[116.727,8.724],[117.037,8.341],[117.346,7.958],[117.655,7.575],[117.896,7.21],[118.136,6.845],[118.531,6.555],[118.926,6.264],[119.32,5.973]]}},{"type":"Feature","properties":{"boundary_type":"subduction","feature_type":"gpml:SubductionZone","polarity":"Left","overriding_plate_id":301,"subducting_plate_id":789,"plate_ids":[301,789],"name":"Woyla and Proto Andaman Sea Subduction"},"geometry":{"type":"LineString","coordinates":[[119.32,5.973],[119.65,5.835],[119.98,5.696],[120.4,5.496],[120.819,5.296],[121.239,5.095],[121.658,4.895],[122.076,4.694],[122.495,4.492],[122.913,4.291],[123.251,4.072],[123.588,3.854],[123.925,3.635],[124.261,3.417],[124.598,3.198],[124.981,2.983],[125.364,2.768],[125.746,2.553],[126.129,2.338],[126.511,2.122],[126.894,1.907],[127.276,1.691],[127.658,1.476],[127.991,1.151],[128.324,0.825],[128.657,0.5],[128.989,0.175],[129.322,-0.151],[129.655,-0.476],[129.862,-0.852],[130.07,-1.228],[130.278,-1.604],[130.486,-1.98],[130.694,-2.356],[130.88,-2.797],[131.066,-3.238],[131.253,-3.678]]}},{"type":"Feature","properties":{"boundary_type":"ridge","feature_type":"gpml:MidOceanRidge","polarity":null,"overriding_plate_id":null,"subducting_plate_id":null,"plate_ids":[501,801],"name":"MOR Australia-India"},"geometry":{"type":"LineString","coordinates":[[83.212,-53.938],[83.503,-54.337],[83.8,-54.735],[83.022,-54.852],[82.24,-54.963],[81.454,-55.07],[80.664,-55.171],[79.87,-55.268],[79.072,-55.359],[78.291,-55.45],[77.506,-55.536],[76.803,-55.602],[76.098,-55.663],[75.39,-55.721]]}},{"type":"Feature","properties":{"boundary_type":"ridge","feature_type":"gpml:MidOceanRidge","polarity":null,"overriding_plate_id":null,"subducting_plate_id":null,"plate_ids":[801,802],"name":"MOR Australia-India"},"geometry":{"type":"LineString","coordinates":[[75.39,-55.721],[74.909,-55.757],[74.427,-55.792],[73.569,-55.853],[72.708,-55.908],[72.255,-55.941]]}},{"type":"Feature","properties":{"boundary_type":"ridge","feature_type":"gpml:MidOceanRidge","polarity":null,"overriding_plate_id":null,"subducting_plate_id":null,"plate_ids":[501,715],"name":"MOR Fracture (SS) between NE Africa and India"},"geometry":{"type":"LineString","coordinates":[[57.314,-13.445],[57.061,-13.629],[56.809,-13.813],[56.767,-13.843]]}},{"type":"Feature","properties":{"boundary_type":"ridge","feature_type":"gpml:MidOceanRidge","polarity":null,"overriding_plate_id":null,"subducting_plate_id":null,"plate_ids":[501,701],"name":"MOR Fracture (SS) between NE Africa and India"},"geometry":{"type":"LineString","coordinates":[[56.767,-13.843],[56.356,-14.139],[55.944,-14.434],[55.532,-14.729],[55.117,-15.023],[54.702,-15.316],[54.286,-15.608],[53.868,-15.9],[53.518,-16.215],[53.166,-16.53],[52.813,-16.844],[52.459,-17.158],[52.104,-17.471],[51.748,-17.783],[51.39,-18.095],[51.031,-18.406],[50.609,-18.696]]}},{"type":"Feature","properties":{"boundary_type":"ridge","feature_type":"gpml:MidOceanRidge","polarity":null,"overriding_plate_id":null,"subducting_plate_id":null,"plate_ids":[701,802],"name":"MOR Weddell Sea"},"geometry":{"type":"LineString","coordinates":[[3.13,-53.671],[2.823,-53.765],[2.775,-53.783]]}},{"type":"Feature","properties":{"boundary_type":"ridge","feature_type":"gpml:MidOceanRidge","polarity":null,"overriding_plate_id":null,"subducting_plate_id":null,"plate_ids":[201,802],"name":"MOR Weddell Sea"},"geometry":{"type":"LineString","coordinates":[[2.775,-53.783],[2.104,-54.027],[1.425,-54.268],[0.738,-54.505],[0.043,-54.738],[-0.66,-54.967],[-1.37,-55.192],[-2.089,-55.413],[-2.816,-55.629],[-3.551,-55.841],[-4.293,-56.049],[-5.044,-56.252],[-5.701,-56.443],[-6.365,-56.631],[-7.035,-56.815],[-7.711,-56.995],[-8.285,-57.167],[-8.864,-57.336],[-9.45,-57.452],[-10.041,-57.566],[-10.512,-57.69],[-10.855,-57.836],[-11.439,-58.002],[-12.086,-58.142],[-12.846,-58.322],[-13.614,-58.497],[-14.154,-58.597],[-14.696,-58.695],[-15.305,-58.804],[-16.195,-58.928],[-16.545,-58.996],[-17.105,-59.103],[-17.669,-59.207],[-18.187,-59.3],[-18.708,-59.391],[-19.33,-59.496],[-19.956,-59.598],[-20.482,-59.689],[-21.01,-59.779],[-21.692,-59.888],[-22.379,-59.993],[-22.989,-60.075],[-23.432,-60.133],[-23.98,-60.201],[-24.598,-60.276],[-25.036,-60.273],[-25.569,-60.297],[-26.549,-60.294],[-27.424,-60.274],[-28.063,-60.297],[-28.704,-60.318],[-29.222,-60.272],[-29.874,-60.253],[-30.525,-60.23],[-31.333,-60.144],[-31.94,-59.849],[-32.57,-59.711],[-33.091,-59.564],[-33.474,-59.392],[-34.03,-59.191],[-34.58,-58.988],[-35.347,-58.759],[-36.104,-58.525],[-36.852,-58.287],[-37.589,-58.044],[-38.316,-57.797]]}},{"type":"Feature","properties":{"boundary_type":"ridge","feature_type":"gpml:MidOceanRidge","polarity":null,"overriding_plate_id":null,"subducting_plate_id":null,"plate_ids":[501,802],"name":"MOR India-Elan"},"geometry":{"type":"LineString","coordinates":[[30.806,-51.043],[30.939,-51.494],[31.075,-51.944],[31.214,-52.394],[31.989,-52.332],[32.762,-52.264],[33.533,-52.191],[34.301,-52.113],[35.066,-52.03],[35.829,-51.942],[36.588,-51.849],[37.344,-51.751],[38.097,-51.649],[38.846,-51.542],[39.592,-51.43],[40.334,-51.313],[41.072,-51.191],[41.806,-51.065],[42.578,-50.951],[43.345,-50.831],[44.109,-50.706],[44.868,-50.576],[45.623,-50.441],[46.374,-50.301],[47.12,-50.157],[47.862,-50.007],[48.599,-49.853],[49.331,-49.695],[50.058,-49.532],[50.109,-49.971],[50.161,-50.411],[50.214,-50.851],[50.996,-50.867],[51.778,-50.877],[52.56,-50.881],[53.343,-50.881],[54.126,-50.875],[54.908,-50.864],[55.69,-50.848],[56.471,-50.827],[57.251,-50.801],[58.031,-50.769],[58.809,-50.732],[59.586,-50.69],[59.74,-51.106],[59.897,-51.522],[60.056,-51.938],[60.219,-52.353],[60.385,-52.769],[61.162,-52.806],[61.941,-52.837],[62.721,-52.864],[63.502,-52.885],[64.284,-52.902],[65.065,-52.913],[65.848,-52.919],[66.63,-52.92],[67.413,-52.916],[68.195,-52.906],[68.976,-52.892],[69.757,-52.872],[70.538,-52.847],[71.317,-52.818],[72.095,-52.783],[72.482,-53.155],[72.876,-53.525],[73.276,-53.895],[73.684,-54.263],[74.099,-54.629],[74.522,-54.995],[74.952,-55.358],[75.39,-55.721]]}},{"type":"Feature","properties":{"boundary_type":"ridge","feature_type":"gpml:MidOceanRidge","polarity":null,"overriding_plate_id":null,"subducting_plate_id":null,"plate_ids":[201,714],"name":"Ridge from iso A34 from Africa at 83.5Ma"},"geometry":{"type":"LineString","coordinates":[[-13.486,8.974],[-13.518,8.837],[-13.099,8.723],[-12.68,8.608],[-12.261,8.493],[-11.842,8.377],[-11.951,7.902],[-11.872,7.886],[-11.92,7.635],[-11.969,7.383],[-11.481,7.286],[-11.56,6.896],[-11.64,6.505],[-11.719,6.115],[-11.798,5.725],[-11.34,5.6],[-10.882,5.474],[-10.424,5.349],[-9.967,5.223],[-10.05,4.75],[-10.134,4.277],[-10.217,3.805],[-10.3,3.332],[-10.384,2.859],[-10.041,2.772],[-9.698,2.686],[-9.751,2.265],[-9.804,1.844],[-9.318,1.766],[-8.833,1.687],[-8.347,1.609],[-7.862,1.531],[-7.377,1.452],[-6.891,1.373],[-6.406,1.295],[-6.401,0.952],[-6.396,0.61],[-5.978,0.534],[-5.56,0.459],[-5.142,0.384],[-5.152,-0.052],[-5.161,-0.488],[-5.171,-0.924],[-5.181,-1.36],[-5.191,-1.796],[-4.823,-1.829],[-4.455,-1.861],[-4.1,-1.874],[-3.744,-1.887],[-3.311,-1.904],[-2.878,-1.921],[-2.493,-1.935],[-2.107,-1.949],[-1.72,-1.934],[-1.333,-1.918],[-0.897,-1.909],[-0.46,-1.9],[-0.081,-1.9],[0.299,-1.899],[0.678,-1.898],[1.178,-1.883],[1.677,-1.869],[1.978,-1.855],[2.278,-1.841],[2.619,-1.82],[2.961,-1.799],[2.975,-2.213],[2.988,-2.627],[3.002,-3.042],[3.238,-3.068],[3.253,-3.395],[3.268,-3.721],[3.548,-3.734],[3.582,-4.036],[3.616,-4.338],[3.663,-4.666]]}},{"type":"Feature","properties":{"boundary_type":"subduction","feature_type":"gpml:SubductionZone","polarity":"Right","overriding_plate_id":801,"subducting_plate_id":901,"plate_ids":[801,901],"name":"Northern cont. of Eastern Gondwanaland Active Margin"},"geometry":{"type":"LineString","coordinates":[[157.62,-36.582],[157.674,-36.65],[157.992,-37.032],[158.312,-37.414],[158.636,-37.795],[158.963,-38.174],[159.294,-38.553],[159.628,-38.931],[159.966,-39.308],[160.185,-39.666],[160.406,-40.024],[160.629,-40.381],[160.854,-40.738],[161.082,-41.143],[161.313,-41.547],[161.547,-41.95],[161.784,-42.353],[162.024,-42.756],[162.219,-43.223],[162.417,-43.69],[162.619,-44.156],[162.823,-44.622],[163.031,-45.088],[163.144,-45.427]]}},{"type":"Feature","properties":{"boundary_type":"subduction","feature_type":"gpml:SubductionZone","polarity":"Right","overriding_plate_id":801,"subducting_plate_id":983,"plate_ids":[801,983],"name":"Northern cont. of Eastern Gondwanaland Active Margin"},"geometry":{"type":"LineString","coordinates":[[163.144,-45.427],[163.288,-45.852],[163.434,-46.276],[163.582,-46.701],[163.732,-47.125],[163.676,-47.606],[163.619,-48.088],[163.56,-48.57],[163.501,-49.051],[163.413,-49.471],[163.324,-49.89],[163.089,-50.111]]}},{"type":"Feature","properties":{"boundary_type":"subduction","feature_type":"gpml:SubductionZone","polarity":"Right","overriding_plate_id":806,"subducting_plate_id":919,"plate_ids":[806,919],"name":"Chatham Rise subduction KM"},"geometry":{"type":"LineString","coordinates":[[-147.681,-75.687],[-146.59,-75.665],[-145.502,-75.638],[-144.152,-75.654],[-142.8,-75.663],[-141.447,-75.664],[-139.841,-75.717],[-138.223,-75.76],[-136.598,-75.792],[-134.748,-75.733],[-132.916,-75.661],[-131.103,-75.574],[-129.313,-75.474],[-127.548,-75.36],[-125.812,-75.233],[-124.057,-75.077],[-122.339,-74.908],[-120.66,-74.726],[-119.021,-74.532],[-117.525,-74.397],[-116.055,-74.252],[-114.612,-74.098],[-113.196,-73.934],[-111.604,-73.743],[-110.048,-73.541],[-108.531,-73.328],[-107.051,-73.104],[-105.61,-72.869],[-104.141,-72.658]]}},{"type":"Feature","properties":{"boundary_type":"transform","feature_type":"gpml:Transform","polarity":null,"overriding_plate_id":null,"subducting_plate_id":null,"plate_ids":[301,926],"name":"North Borneo transform"},"geometry":{"type":"LineString","coordinates":[[138.066,-0.075],[138.132,-0.413],[138.198,-0.751],[138.264,-1.089],[138.401,-1.564],[138.538,-2.04],[138.674,-2.516]]}},{"type":"Feature","properties":{"boundary_type":"subduction","feature_type":"gpml:SubductionZone","polarity":"Left","overriding_plate_id":787,"subducting_plate_id":926,"plate_ids":[787,926],"name":"Barito Sea Subduction"},"geometry":{"type":"LineString","coordinates":[[123.921,-10.762],[124.246,-10.475],[124.61,-10.167],[124.972,-9.859],[125.334,-9.55],[125.696,-9.241],[126.057,-8.931],[126.417,-8.621],[126.715,-8.357],[127.013,-8.092],[127.311,-7.828],[127.608,-7.562],[127.806,-7.138],[128.003,-6.713],[128.2,-6.288],[128.396,-5.863],[128.593,-5.438],[128.789,-5.013],[128.984,-4.588],[129.288,-4.321],[129.592,-4.053]]}},{"type":"Feature","properties":{"boundary_type":"subduction","feature_type":"gpml:SubductionZone","polarity":"Left","overriding_plate_id":789,"subducting_plate_id":926,"plate_ids":[789,926],"name":"Barito Sea Subduction"},"geometry":{"type":"LineString","coordinates":[[129.592,-4.053],[129.948,-3.74],[130.304,-3.426]]}},{"type":"Feature","properties":{"boundary_type":"transform","feature_type":"gpml:Transform","polarity":null,"overriding_plate_id":null,"subducting_plate_id":null,"plate_ids":[801,926],"name":"Pacific transform"},"geometry":{"type":"LineString","coordinates":[[136.497,-12.191],[136.86,-12.309],[137.223,-12.427],[137.619,-12.73],[138.017,-13.031],[138.415,-13.333],[138.814,-13.633],[139.215,-13.934],[139.616,-14.233],[140.019,-14.532],[140.422,-14.83],[140.827,-15.127],[141.233,-15.424],[141.64,-15.72],[142.048,-16.015],[142.458,-16.309],[142.868,-16.603],[143.222,-16.833],[143.577,-17.063],[143.933,-17.292],[144.289,-17.52],[144.646,-17.748]]}},{"type":"Feature","properties":{"boundary_type":"ridge","feature_type":"gpml:MidOceanRidge","polarity":null,"overriding_plate_id":null,"subducting_plate_id":null,"plate_ids":[801,926],"name":"Molucca Microplate MOR"},"geometry":{"type":"LineString","coordinates":[[144.646,-17.748],[145.004,-17.595],[145.36,-17.441],[145.716,-17.286],[145.665,-16.979],[145.615,-16.672],[146.016,-16.485],[146.416,-16.298],[146.816,-16.111],[146.745,-15.703],[146.674,-15.296],[147.11,-15.138],[147.545,-14.979],[147.98,-14.819],[147.864,-14.475],[147.749,-14.131],[148.193,-13.903],[148.636,-13.675],[149.079,-13.446],[149.521,-13.216],[149.962,-12.986],[150.402,-12.754],[150.841,-12.522]]}},{"type":"Feature","properties":{"boundary_type":"ridge","feature_type":"gpml:MidOceanRidge","polarity":null,"overriding_plate_id":null,"subducting_plate_id":null,"plate_ids":[101,201],"name":"TBD: Proto-Caribbean spreading"},"geometry":{"type":"LineString","coordinates":[[-45.587,10.679],[-45.172,10.965],[-44.757,11.25],[-44.34,11.535],[-43.923,11.819],[-43.505,12.102],[-43.086,12.385],[-42.666,12.667],[-42.245,12.948],[-41.823,13.229],[-41.4,13.509],[-40.976,13.788],[-40.552,14.067],[-40.126,14.345],[-39.699,14.622],[-39.271,14.898],[-38.842,15.174],[-38.411,15.449],[-37.98,15.723],[-37.548,15.996],[-37.114,16.268],[-36.679,16.539],[-36.243,16.809],[-35.805,17.079],[-35.367,17.347],[-34.927,17.615],[-34.486,17.882],[-34.222,17.539],[-33.959,17.196],[-33.697,16.852],[-33.436,16.509],[-33.042,16.77],[-32.647,17.032],[-32.25,17.292],[-31.853,17.551],[-31.454,17.81],[-31.054,18.068],[-30.653,18.325],[-30.251,18.581],[-29.848,18.837],[-29.443,19.091]]}},{"type":"Feature","properties":{"boundary_type":"subduction","feature_type":"gpml:SubductionZone","polarity":"Right","overriding_plate_id":224,"subducting_plate_id":902,"plate_ids":[224,902],"name":"TBD"},"geometry":{"type":"LineString","coordinates":[[-56.148,14.618],[-55.763,14.565],[-55.297,14.478],[-54.83,14.389],[-54.364,14.299],[-53.899,14.208],[-53.434,14.117],[-52.969,14.024],[-52.584,13.893]]}},{"type":"Feature","properties":{"boundary_type":"subduction","feature_type":"gpml:SubductionZone","polarity":"Right","overriding_plate_id":224,"subducting_plate_id":101,"plate_ids":[101,224],"name":"TBD"},"geometry":{"type":"LineString","coordinates":[[-52.584,13.893],[-52.15,13.745],[-51.716,13.596],[-51.282,13.445],[-50.85,13.295],[-50.417,13.143],[-49.986,12.991],[-49.548,12.784],[-49.111,12.576],[-48.675,12.368],[-48.239,12.159],[-47.805,11.949],[-47.37,11.738],[-46.937,11.527],[-46.504,11.316],[-46.198,11.104],[-45.892,10.892],[-45.587,10.679]]}},{"type":"Feature","properties":{"boundary_type":"subduction","feature_type":"gpml:SubductionZone","polarity":"Right","overriding_plate_id":224,"subducting_plate_id":201,"plate_ids":[201,224],"name":"TBD"},"geometry":{"type":"LineString","coordinates":[[-45.587,10.679],[-45.218,10.421],[-44.848,10.162],[-44.48,9.903],[-44.112,9.644],[-43.744,9.384],[-43.378,9.124],[-43.011,8.864],[-42.724,8.519],[-42.438,8.174],[-42.152,7.829],[-41.867,7.483],[-41.582,7.138],[-41.297,6.792],[-41.013,6.446],[-40.729,6.1],[-40.446,5.754],[-40.26,5.391],[-40.075,5.027],[-39.889,4.663],[-39.691,4.337],[-39.493,4.012],[-39.295,3.686],[-39.258,3.594]]}},{"type":"Feature","properties":{"boundary_type":"transform","feature_type":"gpml:Transform","polarity":null,"overriding_plate_id":null,"subducting_plate_id":null,"plate_ids":[224,902],"name":"TBD: Transform"},"geometry":{"type":"LineString","coordinates":[[-66.322,6.545],[-65.838,6.676],[-65.354,6.807],[-64.87,6.937],[-64.385,7.067],[-63.9,7.196],[-63.415,7.324],[-62.93,7.453],[-62.444,7.58],[-61.958,7.707],[-61.472,7.834],[-60.985,7.96],[-60.498,8.085],[-60.011,8.21],[-59.524,8.334],[-59.036,8.457],[-58.548,8.58],[-58.059,8.703],[-57.915,9.158],[-57.77,9.614],[-57.625,10.069],[-57.48,10.524],[-57.334,10.979],[-57.187,11.434],[-57.04,11.889],[-56.893,12.344],[-56.745,12.799],[-56.596,13.254],[-56.447,13.709],[-56.298,14.163],[-56.148,14.618]]}},{"type":"Feature","properties":{"boundary_type":"other","feature_type":"gpml:UnclassifiedFeature","polarity":null,"overriding_plate_id":null,"subducting_plate_id":null,"plate_ids":[224,902],"name":"TBD: Unknown Boundary"},"geometry":{"type":"LineString","coordinates":[[-55.318,-13.744],[-55.762,-13.525],[-56.204,-13.305],[-56.646,-13.085],[-57.087,-12.864],[-57.527,-12.642],[-57.967,-12.42],[-58.406,-12.196],[-58.844,-11.972],[-59.157,-11.616],[-59.47,-11.259],[-59.782,-10.902],[-60.094,-10.544],[-60.404,-10.186],[-60.714,-9.828],[-61.024,-9.47],[-61.332,-9.111],[-61.64,-8.752],[-61.948,-8.393],[-62.255,-8.033],[-62.561,-7.673],[-62.867,-7.314],[-63.172,-6.953],[-63.189,-6.489],[-63.206,-6.024],[-63.223,-5.56],[-63.24,-5.095],[-63.257,-4.631],[-63.274,-4.166],[-63.291,-3.701],[-63.308,-3.237],[-63.325,-2.772],[-63.342,-2.308],[-63.359,-1.843],[-63.375,-1.379],[-63.392,-0.914],[-63.587,-0.471],[-63.781,-0.029],[-63.975,0.414],[-64.17,0.857],[-64.364,1.3],[-64.559,1.742],[-64.753,2.185],[-64.948,2.628],[-65.143,3.071],[-65.338,3.513],[-65.533,3.956],[-65.729,4.398],[-65.924,4.841],[-66.023,5.267],[-66.123,5.693],[-66.222,6.119],[-66.322,6.545]]}},{"type":"Feature","properties":{"boundary_type":"transform","feature_type":"gpml:Transform","polarity":null,"overriding_plate_id":null,"subducting_plate_id":null,"plate_ids":[224,902],"name":"TBD: Transform"},"geometry":{"type":"LineString","coordinates":[[-55.318,-13.744],[-54.921,-13.52],[-54.524,-13.295],[-54.128,-13.069],[-53.733,-12.843],[-53.339,-12.617],[-52.945,-12.389],[-52.551,-12.161],[-52.142,-11.937],[-51.733,-11.712],[-51.324,-11.487],[-50.916,-11.26],[-50.509,-11.034],[-50.103,-10.807],[-49.697,-10.579],[-49.292,-10.351],[-48.905,-10.049],[-48.519,-9.747],[-48.134,-9.444],[-47.75,-9.142],[-47.366,-8.838],[-46.983,-8.535],[-46.6,-8.23],[-46.218,-7.926],[-45.837,-7.621],[-45.562,-7.257],[-45.288,-6.892],[-45.015,-6.528],[-44.741,-6.163],[-44.468,-5.798],[-44.196,-5.433],[-43.924,-5.068],[-43.652,-4.702],[-43.38,-4.337],[-43.109,-3.971]]}},{"type":"Feature","properties":{"boundary_type":"transform","feature_type":"gpml:Transform","polarity":null,"overriding_plate_id":null,"subducting_plate_id":null,"plate_ids":[201,224],"name":"TBD: Transform"},"geometry":{"type":"LineString","coordinates":[[-43.109,-3.971],[-42.826,-3.59],[-42.543,-3.208],[-42.261,-2.826],[-42.003,-2.472],[-41.746,-2.118],[-41.489,-1.764],[-41.232,-1.41],[-40.975,-1.055],[-40.718,-0.701],[-40.572,-0.272],[-40.426,0.158],[-40.28,0.587],[-40.135,1.017],[-39.989,1.447],[-39.843,1.876],[-39.697,2.306],[-39.551,2.735],[-39.405,3.165],[-39.258,3.594]]}},{"type":"Feature","properties":{"boundary_type":"subduction","feature_type":"gpml:SubductionZone","polarity":"Left","overriding_plate_id":101,"subducting_plate_id":902,"plate_ids":[101,902],"name":""},"geometry":{"type":"LineString","coordinates":[[-54.534,21.438],[-54.444,21.066],[-54.354,20.694],[-54.234,20.265],[-54.115,19.836],[-53.997,19.407],[-53.879,18.977],[-53.762,18.548],[-53.646,18.119],[-53.53,17.689],[-53.414,17.26],[-53.28,16.862],[-53.146,16.463],[-53.013,16.065],[-52.88,15.666],[-52.748,15.268],[-52.616,14.869],[-52.6,14.381],[-52.584,13.893]]}},{"type":"Feature","properties":{"boundary_type":"ridge","feature_type":"gpml:MidOceanRidge","polarity":null,"overriding_plate_id":null,"subducting_plate_id":null,"plate_ids":[902,908],"name":"MOR Chazca-Farallon"},"geometry":{"type":"LineString","coordinates":[[-86.883,-16.308],[-86.396,-16.239],[-85.909,-16.168],[-85.422,-16.096],[-84.936,-16.023],[-84.45,-15.949],[-83.964,-15.873],[-83.479,-15.797],[-82.994,-15.72],[-82.928,-16.213],[-82.861,-16.706],[-82.794,-17.199],[-82.727,-17.692],[-82.659,-18.185],[-82.591,-18.678],[-82.522,-19.171],[-82.453,-19.664],[-82.384,-20.157],[-81.863,-20.128],[-81.343,-20.098],[-80.823,-20.067],[-80.304,-20.034],[-79.784,-19.999],[-79.265,-19.963],[-78.746,-19.925],[-78.227,-19.886],[-77.708,-19.845],[-77.19,-19.803],[-76.672,-19.76],[-76.154,-19.714],[-75.637,-19.668],[-75.12,-19.62],[-74.603,-19.57],[-74.087,-19.519],[-73.571,-19.467],[-73.055,-19.413],[-72.539,-19.357],[-72.024,-19.3],[-71.51,-19.242],[-70.995,-19.182],[-70.481,-19.121],[-69.968,-19.059],[-69.454,-18.995],[-68.942,-18.929],[-68.827,-19.372],[-68.711,-19.815],[-68.594,-20.258],[-68.477,-20.701],[-68.36,-21.144],[-68.241,-21.587],[-68.122,-22.029],[-68.002,-22.472],[-67.882,-22.914],[-67.351,-22.831],[-66.821,-22.746],[-66.292,-22.66],[-65.764,-22.571],[-65.236,-22.481],[-64.709,-22.39],[-64.183,-22.296],[-63.657,-22.201],[-63.132,-22.104],[-62.608,-22.006],[-62.085,-21.905],[-61.562,-21.804],[-61.04,-21.7],[-60.519,-21.595],[-59.998,-21.488],[-59.479,-21.38],[-58.96,-21.27],[-58.442,-21.159],[-57.924,-21.045],[-57.408,-20.931],[-56.892,-20.815],[-56.377,-20.697],[-56.187,-21.13],[-55.995,-21.562],[-55.803,-21.995],[-55.287,-21.874],[-54.773,-21.752],[-54.259,-21.628],[-53.746,-21.503],[-53.234,-21.376],[-52.723,-21.248],[-52.213,-21.118],[-51.704,-20.986],[-51.196,-20.853],[-50.689,-20.719],[-50.182,-20.583],[-49.677,-20.445],[-49.172,-20.306],[-48.668,-20.166],[-48.165,-20.024],[-47.663,-19.881],[-47.162,-19.736],[-46.662,-19.59],[-46.163,-19.443],[-45.665,-19.294],[-45.168,-19.144],[-44.671,-18.993],[-44.176,-18.84],[-43.681,-18.686],[-43.187,-18.531],[-42.694,-18.374],[-42.202,-18.216],[-41.711,-18.057],[-41.221,-17.897],[-40.732,-17.735],[-40.244,-17.572],[-39.756,-17.408],[-39.269,-17.243],[-38.784,-17.077],[-38.299,-16.909],[-37.815,-16.741],[-37.623,-17.164],[-37.431,-17.587],[-37.238,-18.01],[-36.774,-17.838],[-36.311,-17.665],[-35.849,-17.491],[-35.388,-17.316],[-34.927,-17.14]]}},{"type":"Feature","properties":{"boundary_type":"ridge","feature_type":"gpml:MidOceanRidge","polarity":null,"overriding_plate_id":null,"subducting_plate_id":null,"plate_ids":[901,908],"name":"MOR Pacific-Chazca"},"geometry":{"type":"LineString","coordinates":[[-109.164,-30.495],[-108.654,-30.317],[-108.146,-30.138],[-107.64,-29.957],[-107.136,-29.774],[-106.633,-29.589],[-106.132,-29.403],[-105.633,-29.214],[-105.136,-29.023],[-105.189,-28.55],[-105.24,-28.076],[-105.291,-27.603],[-105.342,-27.129],[-105.393,-26.655],[-105.442,-26.182],[-105.492,-25.708],[-104.963,-25.56],[-104.434,-25.409],[-103.908,-25.257],[-103.382,-25.103],[-102.858,-24.947],[-102.335,-24.79],[-101.814,-24.63],[-101.293,-24.469],[-100.775,-24.306],[-100.257,-24.141],[-99.741,-23.975],[-99.226,-23.806],[-98.713,-23.636],[-98.201,-23.465],[-97.69,-23.292],[-97.18,-23.117],[-96.672,-22.94],[-96.166,-22.762],[-95.66,-22.582],[-95.792,-22.248],[-95.924,-21.914],[-96.055,-21.58],[-96.251,-21.173],[-96.446,-20.766],[-95.991,-20.577],[-95.537,-20.387],[-95.085,-20.195],[-94.633,-20.003],[-94.183,-19.809],[-93.733,-19.614],[-93.285,-19.419],[-92.838,-19.222],[-92.441,-19.028],[-92.045,-18.833],[-91.649,-18.638],[-91.255,-18.442],[-90.862,-18.245],[-90.64,-18.14]]}},{"type":"Feature","properties":{"boundary_type":"ridge","feature_type":"gpml:MidOceanRidge","polarity":null,"overriding_plate_id":null,"subducting_plate_id":null,"plate_ids":[902,908],"name":"MOR Pacific-Chazca"},"geometry":{"type":"LineString","coordinates":[[-90.64,-18.14],[-90.219,-17.94],[-89.798,-17.739],[-89.379,-17.537],[-88.961,-17.334],[-88.543,-17.131],[-88.127,-16.927],[-87.711,-16.721],[-87.297,-16.515],[-86.883,-16.308]]}},{"type":"Feature","properties":{"boundary_type":"ridge","feature_type":"gpml:MidOceanRidge","polarity":null,"overriding_plate_id":null,"subducting_plate_id":null,"plate_ids":[901,902],"name":"MOR Pacific-Farallon"},"geometry":{"type":"LineString","coordinates":[[-132.369,20.373],[-132.334,20.317],[-132.014,19.951],[-131.695,19.585],[-131.377,19.217],[-131.061,18.85],[-130.746,18.481],[-130.433,18.112],[-130.121,17.743],[-129.81,17.373],[-129.501,17.003],[-129.192,16.632],[-128.885,16.261],[-128.579,15.889],[-128.275,15.517],[-127.971,15.145],[-127.662,14.747],[-127.354,14.349],[-127.047,13.951],[-126.741,13.552],[-126.436,13.152],[-126.132,12.753],[-125.829,12.353],[-125.527,11.953],[-125.225,11.552],[-124.925,11.151],[-124.626,10.75],[-124.327,10.348],[-124.029,9.947],[-123.732,9.545],[-123.435,9.142],[-123.139,8.74],[-122.844,8.337],[-122.55,7.934],[-122.256,7.531],[-121.962,7.127],[-121.669,6.724],[-121.377,6.32],[-121.085,5.916],[-120.793,5.512],[-120.454,5.735],[-120.115,5.958],[-119.776,6.18],[-119.437,6.402],[-119.097,6.624],[-118.78,6.275],[-118.465,5.927],[-118.149,5.578],[-117.834,5.229],[-117.519,4.88],[-117.205,4.53],[-116.89,4.181],[-116.577,3.831],[-116.263,3.481],[-115.95,3.132],[-115.636,2.782],[-115.323,2.432],[-115.011,2.082],[-114.698,1.731],[-114.385,1.381],[-114.073,1.031],[-114.467,0.756],[-114.862,0.481],[-115.256,0.207],[-115.651,-0.068],[-116.045,-0.343],[-115.741,-0.712],[-115.438,-1.081],[-115.134,-1.449],[-114.83,-1.818],[-114.526,-2.187],[-114.222,-2.555],[-113.917,-2.924],[-113.613,-3.292],[-113.308,-3.661],[-113.003,-4.029],[-112.697,-4.397],[-112.392,-4.765],[-112.086,-5.133],[-111.779,-5.501],[-111.473,-5.869],[-111.166,-6.236],[-110.847,-5.949],[-110.529,-5.661],[-110.211,-5.374],[-109.893,-5.086],[-109.575,-4.798],[-109.204,-5.111],[-108.832,-5.423],[-108.459,-5.736],[-108.087,-6.048],[-107.713,-6.36],[-107.34,-6.671],[-106.966,-6.982],[-106.591,-7.293],[-106.216,-7.604],[-105.84,-7.914],[-105.464,-8.224],[-105.087,-8.534],[-104.71,-8.843],[-104.331,-9.152],[-103.953,-9.461],[-103.573,-9.769],[-103.18,-9.457],[-102.788,-9.145],[-102.397,-8.833],[-102.021,-9.148],[-101.645,-9.463],[-101.268,-9.778],[-100.891,-10.092],[-100.513,-10.405],[-100.134,-10.718],[-99.754,-11.031],[-99.374,-11.343],[-98.992,-11.655],[-98.61,-11.966],[-98.227,-12.277],[-97.843,-12.587],[-97.458,-12.897],[-97.072,-13.206],[-96.685,-13.514],[-96.297,-13.822],[-95.909,-14.129],[-95.519,-14.436],[-95.128,-14.742],[-94.736,-15.047],[-94.342,-15.352],[-93.948,-15.656],[-93.552,-15.959],[-93.156,-16.262],[-92.758,-16.564],[-92.358,-16.865],[-91.958,-17.165],[-91.556,-17.464],[-91.153,-17.763],[-90.749,-18.061],[-90.64,-18.14]]}},{"type":"Feature","properties":{"boundary_type":"ridge","feature_type":"gpml:MidOceanRidge","polarity":null,"overriding_plate_id":null,"subducting_plate_id":null,"plate_ids":[901,982],"name":"Ontong Java-Manihiki Ellice Basin"},"geometry":{"type":"LineString","coordinates":[[-109.514,-27.898],[-110.014,-28.118],[-110.516,-28.337],[-111.02,-28.553],[-111.526,-28.768],[-112.033,-28.98],[-112.543,-29.191],[-113.056,-29.4],[-113.57,-29.606],[-113.806,-30.018],[-114.044,-30.429],[-114.284,-30.839],[-114.526,-31.249],[-114.77,-31.659],[-115.016,-32.068],[-115.499,-32.349],[-115.985,-32.628],[-116.474,-32.905],[-116.966,-33.18],[-117.46,-33.453],[-117.958,-33.724],[-118.46,-33.993],[-118.93,-34.181],[-119.402,-34.366],[-119.877,-34.55],[-120.353,-34.732],[-120.832,-34.912],[-120.952,-35.237],[-121.074,-35.562],[-121.196,-35.886],[-121.771,-35.872],[-122.346,-35.856],[-122.92,-35.837],[-122.917,-36.182],[-122.915,-36.528],[-123.521,-36.526],[-124.127,-36.52],[-124.733,-36.512],[-124.736,-36.958],[-124.739,-37.404],[-125.27,-37.401],[-125.802,-37.397],[-126.334,-37.39],[-126.865,-37.38],[-126.867,-37.876],[-126.869,-38.372],[-126.871,-38.868],[-127.479,-38.879],[-128.087,-38.887],[-128.695,-38.891],[-128.702,-39.384],[-128.709,-39.878],[-128.716,-40.371],[-128.706,-40.388]]}},{"type":"Feature","properties":{"boundary_type":"ridge","feature_type":"gpml:MidOceanRidge","polarity":null,"overriding_plate_id":null,"subducting_plate_id":null,"plate_ids":[901],"name":"Ontong Java-Manihiki Ellice Basin"},"geometry":{"type":"LineString","coordinates":[[-128.706,-40.388],[-128.689,-40.417]]}},{"type":"Feature","properties":{"boundary_type":"ridge","feature_type":"gpml:MidOceanRidge","polarity":null,"overriding_plate_id":null,"subducting_plate_id":null,"plate_ids":[908],"name":"Northeast Manihiki-Southeast Manihiki"},"geometry":{"type":"LineString","coordinates":[[-108.543,-41.202],[-108.496,-41.205]]}},{"type":"Feature","properties":{"boundary_type":"ridge","feature_type":"gpml:MidOceanRidge","polarity":null,"overriding_plate_id":null,"subducting_plate_id":null,"plate_ids":[908,919],"name":"Northeast Manihiki-Southeast Manihiki"},"geometry":{"type":"LineString","coordinates":[[-108.496,-41.205],[-107.855,-41.238],[-107.213,-41.268],[-106.571,-41.294],[-105.929,-41.317],[-105.286,-41.336],[-104.643,-41.351],[-103.999,-41.363],[-103.355,-41.372],[-102.712,-41.376],[-102.068,-41.377],[-101.424,-41.375],[-100.78,-41.369],[-100.136,-41.359],[-99.493,-41.346],[-98.85,-41.329],[-98.207,-41.309],[-97.565,-41.285],[-96.923,-41.257],[-96.282,-41.226],[-95.641,-41.192],[-95.001,-41.154],[-94.362,-41.112],[-93.724,-41.067],[-93.086,-41.018],[-92.45,-40.966],[-91.815,-40.91],[-91.181,-40.851],[-90.547,-40.788],[-89.916,-40.722],[-89.633,-41.172],[-89.347,-41.622],[-89.057,-42.072],[-88.763,-42.52],[-88.464,-42.968],[-88.162,-43.415],[-87.854,-43.861],[-87.218,-43.722],[-86.585,-43.58],[-85.955,-43.434],[-85.328,-43.285],[-84.704,-43.133],[-84.083,-42.977],[-83.465,-42.818],[-82.851,-42.655],[-82.24,-42.489],[-81.632,-42.32],[-81.027,-42.148],[-80.426,-41.973],[-79.828,-41.794],[-79.233,-41.613],[-78.642,-41.428],[-78.054,-41.24],[-77.469,-41.05],[-76.888,-40.856],[-76.504,-41.213],[-76.116,-41.568],[-75.723,-41.922],[-75.326,-42.274],[-74.924,-42.625],[-74.518,-42.975],[-74.108,-43.323],[-73.692,-43.669],[-73.272,-44.015],[-72.686,-43.785],[-72.105,-43.553],[-71.528,-43.318],[-70.956,-43.08],[-70.388,-42.839],[-69.825,-42.595],[-69.266,-42.349],[-68.711,-42.1],[-68.161,-41.848],[-67.615,-41.594],[-67.073,-41.337],[-66.536,-41.078],[-66.003,-40.816],[-65.474,-40.551],[-64.949,-40.285],[-64.429,-40.015],[-63.912,-39.744],[-63.4,-39.47],[-62.882,-39.699],[-62.361,-39.925],[-61.836,-40.149],[-61.308,-40.37],[-60.777,-40.589],[-60.242,-40.806],[-59.703,-41.02],[-59.161,-41.231],[-58.616,-41.44],[-58.067,-41.646],[-57.514,-41.85],[-56.882,-41.707],[-56.252,-41.56],[-55.625,-41.41],[-55.001,-41.256],[-54.38,-41.1],[-53.762,-40.939],[-53.147,-40.776],[-52.535,-40.609],[-51.926,-40.439],[-51.32,-40.266],[-50.717,-40.09],[-50.118,-39.911],[-49.521,-39.728],[-48.928,-39.543],[-48.338,-39.354],[-47.751,-39.163],[-47.168,-38.969],[-46.587,-38.771],[-46.01,-38.571],[-45.436,-38.368],[-44.865,-38.163],[-44.298,-37.954],[-43.733,-37.743],[-43.172,-37.529],[-42.615,-37.313],[-42.06,-37.094],[-41.509,-36.872],[-40.96,-36.648],[-40.415,-36.421],[-39.874,-36.192],[-39.335,-35.96],[-38.8,-35.726],[-38.267,-35.49],[-37.738,-35.252],[-37.212,-35.011],[-36.689,-34.767],[-36.169,-34.522],[-35.653,-34.274]]}},{"type":"Feature","properties":{"boundary_type":"ridge","feature_type":"gpml:MidOceanRidge","polarity":null,"overriding_plate_id":null,"subducting_plate_id":null,"plate_ids":[901,982],"name":"Northwest Manihiki MOR"},"geometry":{"type":"LineString","coordinates":[[-109.514,-27.898],[-109.46,-28.396],[-109.404,-28.893],[-109.349,-29.391],[-109.292,-29.888],[-109.229,-30.191],[-109.164,-30.495]]}},{"type":"Feature","properties":{"boundary_type":"ridge","feature_type":"gpml:MidOceanRidge","polarity":null,"overriding_plate_id":null,"subducting_plate_id":null,"plate_ids":[908,982],"name":"Northwest Manihiki MOR"},"geometry":{"type":"LineString","coordinates":[[-109.164,-30.495],[-109.073,-30.925],[-108.98,-31.356],[-108.886,-31.786],[-108.792,-32.217],[-108.697,-32.647],[-108.601,-33.078],[-108.503,-33.508],[-108.924,-33.651],[-109.345,-33.792],[-109.768,-33.932],[-110.193,-34.071],[-109.961,-34.53],[-109.728,-34.988],[-109.491,-35.447],[-109.252,-35.904],[-109.495,-35.987],[-109.36,-36.314],[-109.224,-36.641],[-109.087,-36.968],[-109.316,-37.039],[-109.088,-37.498],[-108.856,-37.957],[-109.19,-38.064],[-109.033,-38.412],[-108.874,-38.76],[-108.714,-39.108],[-109.08,-39.228],[-108.861,-39.637],[-108.638,-40.047],[-109.129,-40.215],[-108.935,-40.544],[-108.74,-40.873],[-108.543,-41.202]]}},{"type":"Feature","properties":{"boundary_type":"ridge","feature_type":"gpml:MidOceanRidge","polarity":null,"overriding_plate_id":null,"subducting_plate_id":null,"plate_ids":[982],"name":"Northwest Manihiki MOR"},"geometry":{"type":"LineString","coordinates":[[-108.543,-41.202],[-108.53,-41.222]]}},{"type":"Feature","properties":{"boundary_type":"ridge","feature_type":"gpml:MidOceanRidge","polarity":null,"overriding_plate_id":null,"subducting_plate_id":null,"plate_ids":[982],"name":"Manihiki-Hikurangi"},"geometry":{"type":"LineString","coordinates":[[-128.706,-40.388],[-128.634,-40.395]]}},{"type":"Feature","properties":{"boundary_type":"ridge","feature_type":"gpml:MidOceanRidge","polarity":null,"overriding_plate_id":null,"subducting_plate_id":null,"plate_ids":[982,983],"name":"Manihiki-Hikurangi"},"geometry":{"type":"LineString","coordinates":[[-128.634,-40.395],[-128.05,-40.446],[-127.466,-40.495],[-126.88,-40.541],[-126.294,-40.584],[-126.386,-41.079],[-126.48,-41.574],[-126.576,-42.068],[-126.673,-42.563],[-126.002,-42.636],[-125.33,-42.706],[-124.656,-42.771],[-123.98,-42.833],[-123.304,-42.891],[-122.626,-42.945],[-121.947,-42.994],[-121.267,-43.04],[-121.343,-43.476],[-121.42,-43.912],[-121.499,-44.347],[-120.902,-44.401],[-120.305,-44.451],[-119.707,-44.498],[-119.107,-44.542],[-118.507,-44.583],[-117.906,-44.621],[-117.304,-44.655],[-117.281,-44.181],[-116.644,-44.205],[-116.008,-44.226],[-115.371,-44.244],[-114.733,-44.258],[-114.096,-44.268],[-113.458,-44.275],[-112.82,-44.278],[-112.182,-44.277],[-111.544,-44.274],[-110.906,-44.266],[-110.268,-44.255],[-110.268,-43.958],[-109.667,-43.958],[-109.067,-43.954]]}},{"type":"Feature","properties":{"boundary_type":"ridge","feature_type":"gpml:MidOceanRidge","polarity":null,"overriding_plate_id":null,"subducting_plate_id":null,"plate_ids":[919,983],"name":"MOR Manihiki"},"geometry":{"type":"LineString","coordinates":[[-115.174,-48.216],[-115.059,-47.961],[-114.945,-47.706],[-114.423,-47.495],[-113.905,-47.282],[-113.391,-47.066],[-112.881,-46.848],[-112.375,-46.628],[-112.623,-46.35],[-112.867,-46.071],[-112.335,-45.841],[-111.806,-45.609],[-111.282,-45.373],[-110.763,-45.136],[-110.248,-44.896],[-110.524,-44.616],[-110.034,-44.398],[-109.549,-44.177],[-109.067,-43.954]]}},{"type":"Feature","properties":{"boundary_type":"ridge","feature_type":"gpml:MidOceanRidge","polarity":null,"overriding_plate_id":null,"subducting_plate_id":null,"plate_ids":[919,982],"name":"MOR Manihiki"},"geometry":{"type":"LineString","coordinates":[[-109.067,-43.954],[-108.586,-43.727],[-108.851,-43.416],[-108.516,-43.258],[-108.783,-42.977],[-109.047,-42.695],[-109.309,-42.412],[-108.848,-42.19],[-109.103,-41.91],[-109.355,-41.631],[-108.942,-41.427],[-108.53,-41.222]]}},{"type":"Feature","properties":{"boundary_type":"ridge","feature_type":"gpml:MidOceanRidge","polarity":null,"overriding_plate_id":null,"subducting_plate_id":null,"plate_ids":[919],"name":"MOR Manihiki"},"geometry":{"type":"LineString","coordinates":[[-108.53,-41.222],[-108.496,-41.205]]}},{"type":"Feature","properties":{"boundary_type":"ridge","feature_type":"gpml:MidOceanRidge","polarity":null,"overriding_plate_id":null,"subducting_plate_id":null,"plate_ids":[983],"name":"Ontong-Java-Hikurangi"},"geometry":{"type":"LineString","coordinates":[[-128.634,-40.395],[-128.687,-40.416],[-128.689,-40.417]]}},{"type":"Feature","properties":{"boundary_type":"ridge","feature_type":"gpml:MidOceanRidge","polarity":null,"overriding_plate_id":null,"subducting_plate_id":null,"plate_ids":[901,983],"name":"Ontong-Java-Hikurangi"},"geometry":{"type":"LineString","coordinates":[[-128.689,-40.417],[-129.23,-40.659],[-129.775,-40.899],[-130.324,-41.137],[-130.876,-41.372],[-131.433,-41.604],[-131.994,-41.833],[-132.558,-42.06],[-132.37,-42.501],[-132.18,-42.942],[-131.986,-43.383],[-131.79,-43.823],[-131.591,-44.263],[-131.46,-44.717],[-131.327,-45.172],[-131.192,-45.626],[-131.054,-46.081],[-130.914,-46.535],[-130.772,-46.989],[-130.628,-47.442]]}},{"type":"Feature","properties":{"boundary_type":"ridge","feature_type":"gpml:MidOceanRidge","polarity":null,"overriding_plate_id":null,"subducting_plate_id":null,"plate_ids":[901,983],"name":"Ontong-Java-Hikurangi"},"geometry":{"type":"LineString","coordinates":[[-130.628,-47.442],[-131.299,-47.539],[-131.973,-47.631],[-132.649,-47.72],[-133.327,-47.804],[-134.008,-47.885],[-134.691,-47.961],[-135.375,-48.033],[-136.062,-48.102],[-136.75,-48.166],[-137.44,-48.226],[-138.131,-48.282],[-138.824,-48.334],[-139.518,-48.381],[-139.549,-47.987],[-139.579,-47.592],[-139.608,-47.197],[-139.637,-46.803]]}},{"type":"Feature","properties":{"boundary_type":"ridge","feature_type":"gpml:MidOceanRidge","polarity":null,"overriding_plate_id":null,"subducting_plate_id":null,"plate_ids":[901,983],"name":"Ontong-Java-Hikurangi"},"geometry":{"type":"LineString","coordinates":[[-139.637,-46.803],[-140.353,-46.858],[-141.07,-46.91],[-141.789,-46.956],[-142.508,-46.999],[-143.229,-47.036],[-143.951,-47.07],[-144.673,-47.098],[-145.397,-47.122],[-146.121,-47.142],[-146.845,-47.157],[-147.57,-47.167],[-148.294,-47.173],[-149.019,-47.174],[-149.744,-47.171],[-150.469,-47.163],[-151.194,-47.151],[-151.32,-47.6],[-151.448,-48.049],[-151.578,-48.498],[-151.711,-48.946],[-151.846,-49.395],[-151.983,-49.843],[-152.71,-49.829],[-153.436,-49.811],[-154.162,-49.788],[-154.887,-49.761],[-155.611,-49.729],[-156.334,-49.693],[-157.056,-49.652],[-157.777,-49.607],[-158.496,-49.557],[-159.214,-49.503],[-159.93,-49.444],[-160.644,-49.381],[-161.357,-49.314],[-162.067,-49.242],[-162.775,-49.166],[-163.481,-49.086],[-164.212,-49.005],[-164.941,-48.921],[-165.667,-48.831],[-166.391,-48.737],[-167.111,-48.639],[-167.829,-48.536],[-168.544,-48.429],[-169.256,-48.317],[-169.964,-48.201],[-170.67,-48.08],[-171.372,-47.956],[-172.07,-47.827],[-172.765,-47.693],[-173.457,-47.556],[-174.145,-47.414],[-174.829,-47.269],[-175.509,-47.119],[-176.185,-46.966],[-176.858,-46.808],[-177.526,-46.646],[-178.191,-46.481],[-178.851,-46.312],[-179.507,-46.139],[179.841,-45.962],[179.193,-45.781],[178.549,-45.597],[177.91,-45.41],[177.275,-45.219],[176.644,-45.024],[176.017,-44.826],[175.395,-44.624],[174.777,-44.419],[174.164,-44.211],[173.838,-44.633],[173.507,-45.055],[173.171,-45.475],[172.831,-45.894],[172.485,-46.312],[172.134,-46.73],[171.777,-47.146],[171.415,-47.561],[170.756,-47.418],[170.101,-47.272],[169.449,-47.122],[168.801,-46.968],[168.157,-46.811],[167.517,-46.65],[166.88,-46.486],[166.248,-46.318],[165.619,-46.146],[164.994,-45.972],[164.374,-45.793],[163.757,-45.612],[163.144,-45.427]]}},{"type":"Feature","properties":{"boundary_type":"ridge","feature_type":"gpml:MidOceanRidge","polarity":null,"overriding_plate_id":null,"subducting_plate_id":null,"plate_ids":[919,983],"name":"MOR South Pacific Triangle"},"geometry":{"type":"LineString","coordinates":[[-115.174,-48.216],[-115.091,-48.235],[-114.415,-48.424],[-113.734,-48.608],[-113.049,-48.789],[-112.358,-48.965],[-111.663,-49.137],[-110.963,-49.305],[-110.258,-49.469],[-109.548,-49.629],[-108.834,-49.784],[-108.115,-49.935],[-108.414,-50.374],[-108.718,-50.814],[-109.029,-51.252],[-109.345,-51.689],[-109.667,-52.126],[-109.995,-52.561],[-110.331,-52.996],[-110.673,-53.43],[-111.022,-53.863],[-111.378,-54.294],[-111.742,-54.725],[-112.113,-55.154],[-112.493,-55.583],[-112.881,-56.01],[-113.278,-56.436],[-113.684,-56.861],[-113.214,-56.943],[-112.743,-57.024],[-113.136,-57.454],[-113.538,-57.882],[-113.949,-58.31],[-114.371,-58.735],[-114.803,-59.16],[-115.246,-59.583],[-115.7,-60.004],[-116.166,-60.424],[-116.644,-60.842],[-117.134,-61.258],[-117.638,-61.673],[-118.155,-62.085],[-118.687,-62.496],[-119.234,-62.904],[-119.795,-63.311],[-120.373,-63.715],[-120.968,-64.117],[-121.58,-64.516],[-122.21,-64.913],[-122.859,-65.307],[-123.528,-65.698],[-122.698,-65.886],[-121.856,-66.07],[-121.003,-66.25],[-121.667,-66.657],[-122.353,-67.062],[-123.062,-67.464],[-123.796,-67.862],[-124.555,-68.257],[-125.341,-68.649],[-126.154,-69.036],[-126.997,-69.42],[-127.87,-69.8],[-128.775,-70.175],[-129.713,-70.545],[-130.685,-70.91],[-131.694,-71.27],[-132.741,-71.625],[-133.828,-71.973],[-134.955,-72.315],[-136.125,-72.651],[-137.339,-72.979],[-138.598,-73.3],[-139.906,-73.613],[-141.261,-73.918],[-142.668,-74.214],[-144.125,-74.5],[-145.635,-74.777],[-147.199,-75.043],[-148.817,-75.298],[-150.489,-75.541]]}},{"type":"Feature","properties":{"boundary_type":"ridge","feature_type":"gpml:MidOceanRidge","polarity":null,"overriding_plate_id":null,"subducting_plate_id":null,"plate_ids":[902,926],"name":"MOR Farallon-Izanagi extended to COB"},"geometry":{"type":"LineString","coordinates":[[-132.187,20.467],[-131.999,20.917],[-131.81,21.367],[-131.619,21.816],[-131.428,22.265],[-131.235,22.714],[-131.041,23.163],[-130.845,23.611],[-130.649,24.059],[-130.451,24.507],[-130.251,24.955],[-130.05,25.402],[-129.848,25.85],[-129.644,26.296],[-129.438,26.743],[-129.231,27.189],[-129.022,27.635],[-128.811,28.081],[-128.599,28.526],[-128.385,28.971],[-128.169,29.416],[-127.951,29.86],[-127.731,30.304],[-127.509,30.748],[-127.286,31.191],[-127.06,31.634],[-127.44,32.0],[-127.823,32.364],[-128.21,32.728],[-128.6,33.091],[-128.993,33.452],[-129.389,33.812],[-129.789,34.171],[-130.192,34.528],[-130.598,34.884],[-131.008,35.239],[-131.422,35.593],[-131.839,35.945],[-132.26,36.295],[-132.685,36.644],[-133.113,36.992],[-133.546,37.337],[-133.826,37.762],[-134.109,38.185],[-134.396,38.608],[-134.686,39.031],[-134.979,39.452],[-135.277,39.873],[-135.577,40.293],[-135.882,40.712],[-136.19,41.131],[-136.502,41.548],[-136.819,41.965],[-137.139,42.381],[-137.464,42.796],[-137.793,43.21],[-138.127,43.623],[-138.465,44.035],[-137.916,44.245],[-137.364,44.452],[-136.808,44.657],[-136.248,44.859],[-135.684,45.058],[-135.116,45.254],[-134.544,45.448],[-133.968,45.638],[-133.388,45.826],[-133.533,46.275],[-133.68,46.723],[-133.83,47.171],[-133.982,47.619],[-134.137,48.067],[-134.294,48.515],[-134.455,48.963],[-134.618,49.41],[-134.784,49.857],[-134.954,50.304],[-135.126,50.75],[-135.154,51.246],[-135.181,51.741],[-135.21,52.237],[-135.239,52.733],[-135.269,53.228],[-135.3,53.724],[-135.331,54.22],[-135.363,54.715],[-135.396,55.211],[-135.429,55.707],[-135.464,56.202],[-135.499,56.698],[-135.536,57.193],[-134.674,57.167],[-133.813,57.135],[-132.954,57.096],[-132.795,57.572],[-132.631,58.048],[-132.463,58.523],[-132.291,58.998],[-132.114,59.473],[-131.931,59.947],[-131.743,60.422],[-131.07,60.357],[-130.398,60.29],[-129.73,60.219],[-129.405,60.569],[-129.072,60.918],[-128.732,61.266],[-128.385,61.613],[-127.952,62.061],[-127.506,62.508],[-127.046,62.953],[-126.572,63.397],[-126.084,63.839],[-125.58,64.279],[-125.059,64.718],[-124.522,65.155],[-123.966,65.589],[-123.392,66.022],[-122.797,66.452],[-122.183,66.88],[-121.546,67.306],[-120.886,67.729],[-120.202,68.149],[-121.2,68.424],[-122.223,68.692],[-123.27,68.954],[-124.342,69.21],[-125.438,69.458],[-126.561,69.7],[-127.709,69.934],[-128.882,70.161],[-130.081,70.38],[-131.305,70.59],[-130.673,70.999],[-130.013,71.406],[-129.325,71.81],[-128.608,72.211],[-127.858,72.61],[-127.074,73.006],[-126.255,73.399],[-125.396,73.788],[-124.497,74.174],[-123.555,74.556]]}},{"type":"Feature","properties":{"boundary_type":"ridge","feature_type":"gpml:MidOceanRidge","polarity":null,"overriding_plate_id":null,"subducting_plate_id":null,"plate_ids":[101,304],"name":"IB_NFLND_Exhumed_Mantle"},"geometry":{"type":"LineString","coordinates":[[4.897,32.443],[5.14,32.615],[5.384,32.786],[5.73,33.134],[6.096,33.467],[6.362,33.851],[6.601,34.149],[6.804,34.557],[7.043,34.965],[7.188,35.041],[7.371,35.279],[7.581,35.459],[7.855,35.649],[8.164,35.91],[8.585,36.165],[8.806,36.384],[8.885,36.438],[9.016,36.627],[9.101,36.745],[9.208,36.846],[9.426,37.035],[9.624,37.273],[9.756,37.361],[9.831,37.44],[10.005,37.545],[10.151,37.557],[10.289,37.685],[10.41,37.764],[10.626,38.005],[10.642,38.015]]}},{"type":"Feature","properties":{"boundary_type":"ridge","feature_type":"gpml:MidOceanRidge","polarity":null,"overriding_plate_id":null,"subducting_plate_id":null,"plate_ids":[101,301],"name":"PorucpineMOR"},"geometry":{"type":"LineString","coordinates":[[4.915,44.347],[4.953,44.268],[5.077,44.131],[5.184,43.972],[5.342,43.856],[5.527,43.738],[5.706,43.603],[5.968,43.515],[6.256,43.452],[6.458,43.372],[6.904,43.253],[7.29,43.019],[7.616,42.855],[8.015,42.631],[8.34,42.394],[8.601,42.14],[8.808,41.875],[9.0,41.552],[9.223,41.227],[9.415,40.955],[9.607,40.708],[9.748,40.56],[9.925,40.364],[10.029,40.178],[10.181,39.958],[10.283,39.662],[10.418,39.302],[10.449,39.019],[10.436,38.691],[10.485,38.439],[10.534,38.291],[10.582,38.142],[10.642,38.015]]}},{"type":"Feature","properties":{"boundary_type":"ridge","feature_type":"gpml:MidOceanRidge","polarity":null,"overriding_plate_id":null,"subducting_plate_id":null,"plate_ids":[301,304],"name":"PorucpineMOR"},"geometry":{"type":"LineString","coordinates":[[10.642,38.015],[10.668,37.959],[10.892,37.742],[10.996,37.51]]}},{"type":"Feature","properties":{"boundary_type":"subduction","feature_type":"gpml:SubductionZone","polarity":"Right","overriding_plate_id":201,"subducting_plate_id":802,"plate_ids":[201,802],"name":"South America trench taken from COB file"},"geometry":{"type":"LineString","coordinates":[[-36.085,-55.26],[-36.421,-55.049],[-36.642,-54.913],[-36.876,-54.739],[-37.232,-54.62],[-37.812,-54.449],[-38.061,-54.396],[-38.528,-54.242],[-38.532,-54.238]]}},{"type":"Feature","properties":{"boundary_type":"subduction","feature_type":"gpml:SubductionZone","polarity":"Right","overriding_plate_id":201,"subducting_plate_id":919,"plate_ids":[201,919],"name":"South America trench taken from COB file"},"geometry":{"type":"LineString","coordinates":[[-38.532,-54.238],[-38.808,-54.016],[-39.081,-53.794],[-39.393,-53.342],[-39.698,-52.889],[-39.838,-52.61],[-39.976,-52.331],[-40.074,-52.061],[-40.171,-51.791],[-40.214,-51.507],[-40.256,-51.222],[-40.172,-50.805],[-40.09,-50.388],[-40.009,-49.971],[-40.085,-49.595],[-40.161,-49.22],[-40.287,-48.858],[-40.412,-48.496],[-40.272,-48.039],[-40.135,-47.582],[-39.735,-47.304],[-39.338,-47.026],[-38.719,-46.848],[-38.589,-46.406],[-38.437,-46.042],[-38.356,-45.78],[-38.275,-45.518],[-38.235,-45.202],[-38.283,-44.983],[-38.374,-44.718],[-38.429,-44.471],[-38.506,-44.132],[-38.367,-43.792],[-38.253,-43.429],[-38.175,-43.201],[-38.034,-42.816],[-37.993,-42.598],[-37.931,-42.333],[-37.88,-42.086],[-37.807,-41.741],[-37.735,-41.396],[-37.663,-41.051],[-37.616,-40.723],[-37.555,-40.46],[-37.495,-40.197],[-37.432,-39.894],[-37.43,-39.625],[-37.428,-39.357],[-37.423,-39.125],[-37.311,-38.734],[-37.179,-38.327],[-37.093,-38.084],[-37.007,-37.841],[-36.963,-37.361],[-36.839,-36.924],[-36.698,-36.565],[-36.558,-36.205],[-36.42,-35.845],[-36.282,-35.486],[-36.07,-35.082],[-35.86,-34.679],[-35.653,-34.274]]}},{"type":"Feature","properties":{"boundary_type":"subduction","feature_type":"gpml:SubductionZone","polarity":"Right","overriding_plate_id":201,"subducting_plate_id":908,"plate_ids":[201,908],"name":"South America trench taken from COB file"},"geometry":{"type":"LineString","coordinates":[[-35.653,-34.274],[-35.454,-33.884],[-35.257,-33.493],[-35.062,-33.102],[-34.868,-32.71],[-34.79,-32.23],[-34.713,-31.75],[-34.636,-31.271],[-34.56,-30.791],[-34.485,-30.311],[-34.41,-29.831],[-34.337,-29.351],[-34.264,-28.87],[-34.191,-28.39],[-34.056,-27.995],[-33.922,-27.599],[-33.789,-27.203],[-33.657,-26.807],[-33.525,-26.411],[-33.457,-25.951],[-33.389,-25.491],[-33.321,-25.031],[-33.254,-24.571],[-33.188,-24.111],[-33.122,-23.651],[-33.056,-23.191],[-32.991,-22.731],[-32.94,-22.32],[-32.89,-21.91],[-32.84,-21.499],[-32.922,-21.062],[-33.003,-20.626],[-33.002,-20.284],[-33.001,-19.942],[-33.154,-19.516],[-33.306,-19.09],[-33.583,-18.668],[-33.858,-18.246],[-34.127,-17.97],[-34.394,-17.693],[-34.661,-17.417],[-34.927,-17.14]]}},{"type":"Feature","properties":{"boundary_type":"subduction","feature_type":"gpml:SubductionZone","polarity":"Right","overriding_plate_id":201,"subducting_plate_id":902,"plate_ids":[201,902],"name":"South America trench taken from COB file"},"geometry":{"type":"LineString","coordinates":[[-34.927,-17.14],[-35.203,-16.851],[-35.477,-16.563],[-35.928,-16.339],[-36.379,-16.115],[-36.712,-15.776],[-37.045,-15.436],[-37.376,-15.095],[-37.706,-14.755],[-38.035,-14.413],[-38.364,-14.071],[-38.691,-13.729],[-39.017,-13.387],[-39.343,-13.044],[-39.583,-12.645],[-39.822,-12.245],[-40.061,-11.846],[-40.299,-11.446],[-40.537,-11.046],[-40.773,-10.646],[-41.009,-10.246],[-41.245,-9.846],[-41.48,-9.445],[-41.714,-9.045],[-41.948,-8.644],[-42.113,-8.19],[-42.278,-7.735],[-42.443,-7.281],[-42.607,-6.826],[-42.77,-6.372],[-42.934,-5.917],[-43.097,-5.463],[-43.26,-5.008],[-43.21,-4.663],[-43.159,-4.317],[-43.109,-3.971]]}},{"type":"Feature","properties":{"boundary_type":"other","feature_type":"gpml:ContinentalRift","polarity":null,"overriding_plate_id":null,"subducting_plate_id":null,"plate_ids":[101,301],"name":"North America - Greenland rift"},"geometry":{"type":"LineString","coordinates":[[33.971,63.478],[33.828,63.401],[33.46,63.052],[33.1,62.703],[32.749,62.352],[32.406,62.001],[31.856,61.598],[31.321,61.193],[30.799,60.786],[30.29,60.376],[29.98,60.021],[29.677,59.666],[29.38,59.309],[29.088,58.952],[29.142,58.574],[29.194,58.196],[29.07,57.786],[28.95,57.377],[28.832,56.967],[28.585,56.632],[28.343,56.297],[28.105,55.961],[27.605,55.618],[27.113,55.274],[26.63,54.927],[26.04,54.697],[25.457,54.464],[24.88,54.228],[24.316,53.993],[23.759,53.754],[23.207,53.513],[22.662,53.27],[22.079,53.123],[21.5,52.973],[20.925,52.82],[20.354,52.664],[19.584,52.625],[18.816,52.581],[18.05,52.532],[17.285,52.477],[16.816,52.223],[16.351,51.967],[15.893,51.709],[15.439,51.45],[14.88,51.124],[14.329,50.795],[13.785,50.463],[13.25,50.129],[12.774,49.831],[12.304,49.531],[11.84,49.229],[11.382,48.925],[11.003,48.67],[10.628,48.413],[10.257,48.155],[9.907,47.824],[9.561,47.493],[9.062,47.209],[8.651,46.929],[8.245,46.648],[7.843,46.366],[7.444,46.082],[6.98,45.746],[6.521,45.408],[6.068,45.068],[5.681,44.829],[5.296,44.588],[4.915,44.347]]}},{"type":"Feature","properties":{"boundary_type":"transform","feature_type":"gpml:Transform","polarity":null,"overriding_plate_id":null,"subducting_plate_id":null,"plate_ids":[101,201],"name":"Marathon Transform, N Margin of Eq Atlantic"},"geometry":{"type":"LineString","coordinates":[[-29.443,19.091],[-29.115,18.78],[-28.758,18.514],[-28.401,18.248],[-28.045,17.982],[-27.691,17.714],[-27.319,17.446],[-26.949,17.176],[-26.58,16.906],[-26.211,16.635],[-25.844,16.364],[-25.478,16.092],[-25.112,15.819],[-24.748,15.546],[-24.385,15.272],[-24.015,14.998],[-23.646,14.724],[-23.278,14.45],[-22.911,14.175],[-22.545,13.899],[-22.179,13.623],[-21.815,13.346],[-21.451,13.069]]}},{"type":"Feature","properties":{"boundary_type":"transform","feature_type":"gpml:Transform","polarity":null,"overriding_plate_id":null,"subducting_plate_id":null,"plate_ids":[201,714],"name":"Marathon Transform, N Margin of Eq Atlantic"},"geometry":{"type":"LineString","coordinates":[[-21.451,13.069],[-21.086,12.789],[-20.722,12.509],[-20.358,12.228],[-19.965,12.004],[-19.573,11.779],[-19.181,11.553],[-18.79,11.327],[-18.4,11.1],[-18.01,10.873],[-17.621,10.645],[-17.232,10.417],[-16.844,10.188],[-16.423,10.038],[-16.002,9.888],[-15.582,9.737],[-15.162,9.585],[-14.742,9.433],[-14.323,9.28],[-13.904,9.127],[-13.486,8.974]]}},{"type":"Feature","properties":{"boundary_type":"transform","feature_type":"gpml:Transform","polarity":null,"overriding_plate_id":null,"subducting_plate_id":null,"plate_ids":[101,714],"name":"South Iberia 131Ma geom 304"},"geometry":{"type":"LineString","coordinates":[[4.484,32.729],[4.655,32.619],[4.897,32.443]]}},{"type":"Feature","properties":{"boundary_type":"transform","feature_type":"gpml:Transform","polarity":null,"overriding_plate_id":null,"subducting_plate_id":null,"plate_ids":[714],"name":"South Iberia 131Ma geom 304"},"geometry":{"type":"LineString","coordinates":[[4.897,32.443],[5.341,32.115],[5.782,31.787],[6.221,31.457],[6.656,31.125],[7.088,30.792],[7.517,30.457],[7.943,30.122],[8.366,29.784],[8.786,29.446],[9.204,29.106],[9.733,28.977],[10.261,28.846],[10.788,28.712],[11.313,28.577],[11.837,28.44],[12.36,28.3],[12.881,28.159],[13.401,28.016],[13.92,27.871],[14.437,27.724],[14.953,27.575],[15.467,27.424],[16.004,27.334],[16.541,27.241],[17.077,27.147],[17.611,27.051],[18.145,26.953],[18.667,27.076],[19.191,27.197],[19.715,27.316],[20.115,27.258],[20.515,27.2],[20.914,27.14]]}},{"type":"Feature","properties":{"boundary_type":"other","feature_type":"gpml:ExtendedContinentalCrust","polarity":null,"overriding_plate_id":null,"subducting_plate_id":null,"plate_ids":[714,715],"name":"North African Basins, Eastern Boundary"},"geometry":{"type":"LineString","coordinates":[[14.978,-4.009],[14.999,-3.862],[15.053,-3.441],[15.108,-3.021],[15.162,-2.6],[15.217,-2.18],[15.54,-2.061],[15.863,-1.941],[16.187,-1.822],[16.474,-1.651],[16.762,-1.48],[17.05,-1.309],[17.309,-1.053],[17.569,-0.798],[17.638,-0.47],[17.707,-0.143],[17.776,0.184],[17.749,0.598],[17.722,1.012],[17.694,1.425],[17.657,1.795],[17.619,2.165],[17.582,2.535],[17.566,3.013],[17.549,3.491],[17.533,3.969],[17.75,4.367],[17.968,4.765],[17.889,5.052],[17.809,5.339],[17.866,5.734],[17.922,6.13],[17.978,6.525],[17.971,6.956],[17.965,7.387],[17.958,7.817],[18.408,7.887],[18.857,7.956],[19.307,8.025],[19.695,7.902],[20.083,7.779],[20.47,7.656],[20.856,7.697],[21.242,7.738],[21.627,7.778],[22.013,7.818],[22.506,7.718],[23.0,7.616],[23.459,7.437],[23.918,7.257],[24.376,7.077],[24.834,6.896],[25.222,6.951],[25.611,7.005],[25.999,7.06],[26.387,7.114],[26.773,6.998],[27.159,6.882],[27.608,6.946],[28.056,7.009],[28.505,7.072],[28.702,7.467],[28.9,7.861],[29.098,8.255],[29.297,8.649],[29.496,9.043],[29.313,9.355],[29.13,9.668],[28.947,9.981],[28.882,10.406],[28.816,10.831],[28.75,11.256],[28.94,11.655],[29.129,12.055],[29.319,12.455],[29.51,12.854],[29.701,13.254],[30.101,13.564],[30.503,13.874]]}},{"type":"Feature","properties":{"boundary_type":"other","feature_type":"gpml:ExtendedContinentalCrust","polarity":null,"overriding_plate_id":null,"subducting_plate_id":null,"plate_ids":[701,715],"name":"Central African Rifts, Southern Boundary"},"geometry":{"type":"LineString","coordinates":[[20.091,-7.631],[20.584,-7.69],[21.078,-7.749],[21.571,-7.808],[22.065,-7.866],[22.54,-7.854],[23.015,-7.842],[23.49,-7.829],[23.965,-7.816],[24.439,-7.802],[24.838,-7.961],[25.237,-8.12],[25.636,-8.279],[26.036,-8.437],[26.277,-8.824],[26.519,-9.21],[26.761,-9.597],[27.004,-9.983],[27.248,-10.369],[27.492,-10.755],[27.736,-11.14],[27.982,-11.526],[28.03,-11.869],[28.078,-12.213],[28.34,-12.433],[28.603,-12.653],[28.866,-12.873],[28.809,-13.33],[28.752,-13.788],[29.033,-14.168],[29.315,-14.547],[29.598,-14.927],[29.881,-15.306],[30.245,-15.502],[30.608,-15.698],[30.973,-15.893],[31.338,-16.088],[31.704,-16.282],[32.085,-16.509],[32.467,-16.736],[32.85,-16.961],[33.234,-17.186],[33.619,-17.411],[34.004,-17.634],[34.422,-17.589],[34.84,-17.543],[35.257,-17.497],[35.674,-17.449],[36.059,-17.172],[36.442,-16.894],[36.825,-16.615],[37.206,-16.335],[37.586,-16.055],[37.965,-15.774],[38.337,-15.588],[38.708,-15.401],[39.078,-15.213],[39.448,-15.025],[39.852,-14.829],[40.256,-14.632],[40.658,-14.435],[41.161,-14.427],[41.664,-14.418],[42.166,-14.408],[42.669,-14.397],[43.171,-14.384],[43.635,-14.398],[44.099,-14.411],[44.563,-14.423],[45.026,-14.434],[45.49,-14.444],[45.954,-14.453],[46.42,-14.444],[46.886,-14.434],[47.352,-14.423],[47.818,-14.41],[48.284,-14.398],[48.75,-14.384],[49.191,-14.34],[49.631,-14.294],[50.072,-14.249],[50.512,-14.202],[50.952,-14.155],[51.391,-14.106],[51.848,-14.091],[52.305,-14.074],[52.761,-14.057],[53.218,-14.039],[53.674,-14.02],[54.13,-14.0],[54.586,-13.979],[55.023,-13.953],[55.459,-13.927],[55.895,-13.9],[56.331,-13.872],[56.767,-13.843]]}},{"type":"Feature","properties":{"boundary_type":"other","feature_type":"gpml:TerraneBoundary","polarity":null,"overriding_plate_id":null,"subducting_plate_id":null,"plate_ids":[701,715],"name":"Northeast Africa-South Africa"},"geometry":{"type":"LineString","coordinates":[[20.091,-7.631],[20.011,-7.519],[19.755,-7.437],[19.499,-7.354],[19.221,-7.32],[18.943,-7.286],[18.472,-7.224],[18.001,-7.162],[17.669,-7.072],[17.338,-6.982],[17.006,-6.892],[16.749,-6.746],[16.492,-6.6],[16.356,-6.524]]}},{"type":"Feature","properties":{"boundary_type":"other","feature_type":"gpml:UnclassifiedFeature","polarity":null,"overriding_plate_id":null,"subducting_plate_id":null,"plate_ids":[301,304],"name":""},"geometry":{"type":"LineString","coordinates":[[10.996,37.51],[11.407,37.275],[11.815,37.038],[12.22,36.8],[12.623,36.561],[13.023,36.32],[13.274,36.091],[13.508,35.733],[13.844,35.536],[14.289,35.446],[14.625,35.473],[15.041,35.354],[15.246,35.294],[15.455,35.233],[15.935,35.215],[16.166,35.206],[16.483,35.136],[16.7,35.088],[17.075,35.001],[17.39,34.926],[17.767,34.82],[18.143,34.713],[18.516,34.63],[18.889,34.545],[19.303,34.332],[19.715,34.117],[20.113,33.762]]}},{"type":"Feature","properties":{"boundary_type":"other","feature_type":"gpml:UnclassifiedFeature","polarity":null,"overriding_plate_id":null,"subducting_plate_id":null,"plate_ids":[301,304],"name":"Boundary_Deform_BoB"},"geometry":{"type":"LineString","coordinates":[[21.052,34.409],[20.738,34.194],[20.425,33.978],[20.113,33.762]]}},{"type":"Feature","properties":{"boundary_type":"ridge","feature_type":"gpml:MidOceanRidge","polarity":null,"overriding_plate_id":null,"subducting_plate_id":null,"plate_ids":[201,701],"name":"SAM MOR and boundary"},"geometry":{"type":"LineString","coordinates":[[5.879,-4.304],[5.848,-4.693],[5.816,-5.082],[5.785,-5.472],[5.753,-5.861],[5.898,-6.209],[6.043,-6.558],[6.188,-6.906],[6.334,-7.254],[6.33,-7.734],[6.325,-8.214],[6.203,-8.551],[6.08,-8.888],[5.957,-9.225],[5.645,-9.538],[5.332,-9.849],[5.018,-10.161],[4.703,-10.473],[4.388,-10.784],[4.073,-11.094],[3.861,-11.457],[3.648,-11.819],[3.435,-12.181],[3.222,-12.543],[3.007,-12.904],[2.801,-13.238],[2.595,-13.572],[2.388,-13.906],[2.18,-14.239],[2.247,-14.714],[2.314,-15.189],[2.381,-15.664],[2.413,-16.093],[2.446,-16.521],[2.478,-16.95],[2.511,-17.379],[2.434,-17.778],[2.358,-18.176],[2.281,-18.575],[2.204,-18.974],[2.126,-19.372],[2.015,-19.767],[1.904,-20.161],[1.793,-20.556],[1.68,-20.95],[1.598,-21.35],[1.515,-21.749],[1.431,-22.148],[1.347,-22.547],[1.263,-22.945],[0.958,-23.314],[0.652,-23.681],[0.343,-24.048],[0.034,-24.415],[-0.278,-24.78],[-0.638,-25.078],[-0.999,-25.374],[-1.362,-25.67],[-1.727,-25.964],[-2.094,-26.258],[-2.462,-26.551],[-2.833,-26.843],[-3.205,-27.134],[-3.469,-27.539],[-3.734,-27.943],[-4.002,-28.346],[-4.271,-28.749],[-4.552,-29.132],[-4.835,-29.515],[-5.12,-29.896],[-5.408,-30.277],[-5.697,-30.658],[-5.989,-31.038],[-6.283,-31.417],[-6.58,-31.795],[-6.879,-32.173],[-7.045,-32.611],[-7.213,-33.05],[-7.382,-33.488],[-7.554,-33.926],[-7.727,-34.363],[-7.901,-34.801],[-8.078,-35.238],[-8.257,-35.675],[-8.437,-36.111],[-8.62,-36.548],[-8.841,-36.923],[-9.064,-37.298],[-9.29,-37.672],[-9.518,-38.046],[-9.748,-38.419],[-9.993,-38.798],[-10.005,-39.289],[-10.017,-39.78],[-10.028,-40.27],[-10.04,-40.761],[-10.053,-41.251],[-10.065,-41.742],[-10.078,-42.233],[-10.09,-42.723],[-10.103,-43.214],[-10.117,-43.704],[-10.139,-44.182],[-10.161,-44.659],[-10.184,-45.137],[-10.208,-45.615],[-10.232,-46.092],[-10.256,-46.57],[-10.28,-47.048],[-10.269,-47.449],[-10.258,-47.85],[-10.247,-48.252],[-10.236,-48.653]]}},{"type":"Feature","properties":{"boundary_type":"subduction","feature_type":"gpml:SubductionZone","polarity":"Right","overriding_plate_id":801,"subducting_plate_id":983,"plate_ids":[801,983],"name":"East Gondwana active margin"},"geometry":{"type":"LineString","coordinates":[[163.089,-50.111],[163.458,-50.356],[163.831,-50.601],[164.147,-50.941],[164.469,-51.282],[164.588,-51.717],[164.709,-52.153],[164.509,-52.379],[164.306,-52.606],[164.006,-52.928],[163.702,-53.249],[163.394,-53.57],[163.757,-53.865],[164.126,-54.16],[164.043,-54.554],[163.958,-54.948],[164.392,-55.34],[164.936,-55.579],[165.487,-55.816],[166.104,-56.159],[166.733,-56.499],[167.373,-56.837],[168.025,-57.17],[168.689,-57.5],[169.003,-57.902],[169.325,-58.303],[169.405,-58.68],[169.486,-59.057],[169.569,-59.433],[169.846,-59.745],[170.128,-60.057],[170.415,-60.368],[170.727,-60.734],[171.046,-61.099],[171.507,-61.438],[171.978,-61.776],[172.473,-62.132],[172.979,-62.485],[173.444,-62.723],[173.917,-62.958],[174.162,-63.208],[174.411,-63.458],[174.287,-63.748],[174.274,-63.966],[174.068,-64.247],[173.909,-64.567],[173.746,-64.886],[173.33,-65.312],[172.9,-65.737],[172.682,-66.097],[172.458,-66.457],[172.286,-66.872],[172.109,-67.286],[171.918,-67.719],[171.242,-67.98],[170.551,-68.238],[169.844,-68.493],[170.044,-68.761],[170.26,-69.114],[170.484,-69.466],[171.166,-69.753],[171.866,-70.038],[172.11,-70.444],[172.116,-70.837],[172.123,-71.23],[172.24,-71.529],[172.361,-71.828],[172.883,-72.217],[173.175,-72.547],[173.478,-72.877],[174.881,-73.124],[176.324,-73.361],[177.142,-73.475],[177.97,-73.585],[178.884,-73.651],[179.804,-73.712],[-178.982,-73.825],[-177.752,-73.931],[-177.376,-74.021],[-176.246,-73.868],[-175.138,-73.709],[-173.4,-73.755],[-171.654,-73.787],[-170.38,-73.831],[-169.1,-73.867],[-168.113,-73.917],[-167.12,-73.962]]}},{"type":"Feature","properties":{"boundary_type":"subduction","feature_type":"gpml:SubductionZone","polarity":"Right","overriding_plate_id":806,"subducting_plate_id":983,"plate_ids":[806,983],"name":"East Gondwana active margin"},"geometry":{"type":"LineString","coordinates":[[-167.12,-73.962],[-166.691,-73.98],[-165.562,-74.141],[-164.412,-74.295],[-163.715,-74.467],[-163.003,-74.637],[-161.906,-74.832],[-160.783,-75.021],[-159.631,-75.205],[-157.955,-75.317],[-156.254,-75.417],[-154.829,-75.437],[-153.401,-75.448],[-151.971,-75.45],[-150.489,-75.541]]}},{"type":"Feature","properties":{"boundary_type":"subduction","feature_type":"gpml:SubductionZone","polarity":"Right","overriding_plate_id":806,"subducting_plate_id":919,"plate_ids":[806,919],"name":"East Gondwana active margin"},"geometry":{"type":"LineString","coordinates":[[-150.489,-75.541],[-149.092,-75.618],[-147.681,-75.687]]}},{"type":"Feature","properties":{"boundary_type":"subduction","feature_type":"gpml:SubductionZone","polarity":"Left","overriding_plate_id":301,"subducting_plate_id":926,"plate_ids":[301,926],"name":"Okinawa Trough (Ryuku) from EarthByte cob MG 4-20-07"},"geometry":{"type":"LineString","coordinates":[[144.941,30.259],[145.263,30.463],[145.52,30.755],[145.779,31.045],[146.04,31.335],[146.227,31.761],[146.415,32.187],[146.605,32.612],[146.797,33.037],[146.991,33.462],[147.136,33.849],[147.281,34.237],[147.428,34.624],[147.577,35.011],[147.648,35.364],[147.721,35.718],[147.755,36.159],[147.789,36.599],[147.747,37.037],[147.705,37.474],[147.761,37.861],[147.819,38.247]]}},{"type":"Feature","properties":{"boundary_type":"other","feature_type":"gpml:TerraneBoundary","polarity":null,"overriding_plate_id":null,"subducting_plate_id":null,"plate_ids":[701,715],"name":"Benue Trough-Northeast Africa"},"geometry":{"type":"LineString","coordinates":[[16.356,-6.524],[15.93,-6.285],[15.6,-6.044],[15.27,-5.803],[14.905,-5.575],[14.541,-5.346],[14.296,-5.113],[14.052,-4.88],[13.809,-4.647],[13.566,-4.414],[13.394,-4.095],[13.222,-3.777]]}},{"type":"Feature","properties":{"boundary_type":"subduction","feature_type":"gpml:SubductionZone","polarity":"Left","overriding_plate_id":301,"subducting_plate_id":715,"plate_ids":[301,715],"name":"Vardar Sea Subduction"},"geometry":{"type":"LineString","coordinates":[[42.251,34.853],[42.287,34.475],[42.322,34.097],[42.356,33.719],[42.736,33.342],[43.113,32.964],[43.487,32.585],[43.857,32.205],[44.205,31.878],[44.551,31.551],[44.894,31.222],[45.235,30.892],[45.652,30.768],[46.068,30.642],[46.483,30.515],[46.897,30.386],[47.332,30.38],[47.767,30.373],[48.303,30.376],[48.839,30.376],[49.376,30.375],[49.912,30.371],[49.912,30.371],[50.462,30.415],[51.012,30.456],[51.562,30.495],[52.114,30.532],[52.665,30.567],[53.217,30.599],[53.769,30.629],[54.322,30.656],[54.875,30.681],[55.428,30.704],[55.981,30.725],[56.535,30.743],[57.089,30.759],[57.586,30.787],[58.084,30.813],[58.582,30.838],[59.08,30.86],[59.601,30.742],[60.121,30.622],[60.639,30.5],[61.156,30.376],[61.671,30.25],[62.186,30.122]]}},{"type":"Feature","properties":{"boundary_type":"transform","feature_type":"gpml:Transform","polarity":null,"overriding_plate_id":null,"subducting_plate_id":null,"plate_ids":[304],"name":"South Iberia"},"geometry":{"type":"LineString","coordinates":[[4.897,32.443],[5.341,32.115],[5.782,31.787],[6.221,31.457],[6.656,31.125],[7.088,30.792],[7.517,30.457],[7.943,30.122],[8.366,29.784],[8.786,29.446],[9.204,29.106],[9.733,28.977],[10.261,28.846],[10.788,28.712],[11.313,28.577],[11.837,28.44],[12.36,28.3],[12.881,28.159],[13.401,28.016],[13.92,27.871],[14.437,27.724],[14.953,27.575],[15.467,27.424],[16.004,27.334],[16.541,27.241],[17.077,27.147],[17.611,27.051],[18.145,26.953],[18.667,27.076],[19.191,27.197],[19.715,27.316],[20.115,27.258],[20.515,27.2],[20.914,27.14]]}},{"type":"Feature","properties":{"boundary_type":"other","feature_type":"gpml:Fault","polarity":null,"overriding_plate_id":null,"subducting_plate_id":null,"plate_ids":[301,304],"name":"NPF"},"geometry":{"type":"LineString","coordinates":[[21.052,34.409],[21.501,34.281],[21.948,34.151],[22.393,34.02],[22.933,33.974],[23.472,33.925],[24.011,33.874],[24.423,33.841],[24.835,33.806],[25.247,33.77]]}},{"type":"Feature","properties":{"boundary_type":"transform","feature_type":"gpml:Transform","polarity":null,"overriding_plate_id":null,"subducting_plate_id":null,"plate_ids":[714,715],"name":"NWA-NEA Transform"},"geometry":{"type":"LineString","coordinates":[[25.991,27.487],[26.065,27.428],[26.34,27.01],[26.613,26.592],[26.882,26.262],[27.149,25.932],[27.415,25.602],[27.679,25.271],[27.964,24.929],[28.246,24.587],[28.527,24.243],[28.807,23.9],[29.085,23.556],[29.362,23.211],[29.628,22.805],[29.893,22.399],[30.156,21.992],[30.418,21.584],[30.678,21.177],[30.937,20.769],[31.176,20.34],[31.414,19.91],[31.651,19.481],[31.886,19.051],[32.121,18.621],[32.354,18.19],[32.585,17.759],[32.679,17.303],[32.773,16.846],[32.865,16.389],[32.958,15.932],[33.05,15.476],[33.141,15.019],[33.233,14.562],[33.323,14.105],[33.414,13.648],[33.504,13.191],[33.526,12.738],[33.548,12.284],[33.569,11.831],[33.591,11.378],[33.613,10.924]]}},{"type":"Feature","properties":{"boundary_type":"subduction","feature_type":"gpml:SubductionZone","polarity":"Right","overriding_plate_id":715,"subducting_plate_id":301,"plate_ids":[301,715],"name":"Alpine Subduction"},"geometry":{"type":"LineString","coordinates":[[27.796,32.164],[28.283,32.039],[28.768,31.912],[29.252,31.783],[29.734,31.652],[30.215,31.52],[30.695,31.385],[31.173,31.249],[31.718,31.266],[32.264,31.281],[32.809,31.294],[33.355,31.305],[33.901,31.313],[34.447,31.318],[34.993,31.322],[35.348,31.462],[35.704,31.602],[36.061,31.74],[36.522,31.991],[36.985,32.239],[37.451,32.486],[37.919,32.731],[38.39,32.974],[38.863,33.215],[39.339,33.455],[39.818,33.693],[40.299,33.929],[40.783,34.163],[41.27,34.395],[41.759,34.625],[42.251,34.853]]}},{"type":"Feature","properties":{"boundary_type":"subduction","feature_type":"gpml:SubductionZone","polarity":"Left","overriding_plate_id":304,"subducting_plate_id":714,"plate_ids":[304,714],"name":"Sub. East Ligurian Ocean"},"geometry":{"type":"LineString","coordinates":[[20.914,27.14],[21.359,27.246],[21.805,27.352],[22.252,27.455],[22.7,27.557],[23.149,27.658],[23.623,27.634],[24.097,27.608],[24.571,27.58],[25.044,27.551],[25.517,27.52],[25.991,27.487]]}},{"type":"Feature","properties":{"boundary_type":"subduction","feature_type":"gpml:SubductionZone","polarity":"Left","overriding_plate_id":304,"subducting_plate_id":715,"plate_ids":[304,715],"name":"Sub. East Ligurian Ocean"},"geometry":{"type":"LineString","coordinates":[[25.991,27.487],[26.286,27.466],[26.467,27.936],[26.65,28.406],[26.835,28.876],[27.021,29.346],[27.209,29.807],[27.398,30.269],[27.589,30.73],[27.781,31.191],[27.789,31.678],[27.796,32.164]]}},{"type":"Feature","properties":{"boundary_type":"subduction","feature_type":"gpml:SubductionZone","polarity":"Left","overriding_plate_id":304,"subducting_plate_id":301,"plate_ids":[301,304],"name":"Sub. East Ligurian Ocean"},"geometry":{"type":"LineString","coordinates":[[27.796,32.164],[27.378,32.436],[26.957,32.705],[26.533,32.974],[26.107,33.241],[25.678,33.506],[25.247,33.77]]}}]}