{"type":"FeatureCollection","meta":{"model":"Cao2024","reconstruction_time_ma":475.0,"anchor_plate_id":0,"pygplates_version":"1.0.0","tessellate_degrees":0.5,"polarity_convention":"gpml:subductionPolarity. 'Left'/'Right' names the side of the line, in vertex order, on which the OVERRIDING plate lies. Triangles are drawn on that side.","antimeridian":"Lines are NOT split at +/-180 deg. The renderer works in 3D unit vectors where the dateline is not special; splitting would only add spurious breaks. Do not treat this as RFC 7946 GIS-ready 2D data."},"features":[{"type":"Feature","properties":{"boundary_type":"subduction","feature_type":"gpml:SubductionZone","polarity":"Right","overriding_plate_id":101,"subducting_plate_id":902,"plate_ids":[101,902],"name":"Ocean arc outboard of Laurentia"},"geometry":{"type":"LineString","coordinates":[[-140.766,22.789],[-140.26,22.904],[-139.753,23.018],[-139.246,23.129],[-138.737,23.239],[-138.228,23.348],[-137.717,23.454],[-137.206,23.56],[-136.694,23.663],[-136.182,23.765],[-135.668,23.865],[-135.154,23.963],[-134.639,24.06],[-134.123,24.155],[-133.607,24.248],[-133.089,24.339],[-132.571,24.429],[-132.052,24.517],[-131.514,24.6],[-130.974,24.681],[-130.434,24.76],[-129.893,24.837],[-129.352,24.913],[-128.809,24.986],[-128.266,25.058],[-127.723,25.127],[-127.179,25.194],[-126.634,25.26],[-126.089,25.323],[-125.543,25.385],[-124.997,25.444],[-124.45,25.502],[-123.903,25.557],[-123.355,25.61],[-122.806,25.662],[-122.258,25.711],[-121.708,25.758],[-121.159,25.803],[-120.608,25.846],[-120.058,25.887],[-119.507,25.926],[-118.956,25.963],[-118.404,25.998],[-117.852,26.03],[-117.3,26.061],[-116.748,26.089],[-116.195,26.116],[-115.642,26.14],[-115.089,26.162],[-114.535,26.182],[-113.99,26.095],[-113.445,26.006],[-112.901,25.915],[-112.358,25.822],[-111.815,25.727],[-111.274,25.63],[-110.733,25.531],[-110.193,25.43],[-109.655,25.328],[-109.117,25.223],[-108.58,25.116],[-108.044,25.007],[-107.509,24.896],[-106.975,24.784],[-106.442,24.669],[-105.909,24.553],[-105.378,24.435],[-104.848,24.315],[-104.319,24.193],[-103.791,24.069],[-103.264,23.944],[-102.738,23.816],[-102.213,23.687],[-101.689,23.556],[-101.166,23.424],[-100.644,23.289],[-100.124,23.153],[-99.604,23.015],[-99.085,22.876],[-98.672,22.568],[-98.26,22.258],[-97.85,21.947],[-97.442,21.636],[-97.036,21.323],[-96.632,21.01],[-96.229,20.695],[-95.828,20.38],[-95.428,20.064],[-95.03,19.747],[-94.634,19.429],[-94.239,19.11],[-93.846,18.79],[-93.454,18.469],[-93.064,18.148],[-92.675,17.826],[-92.288,17.503],[-91.902,17.179],[-91.517,16.855],[-91.134,16.53],[-90.751,16.204],[-90.371,15.877],[-89.866,15.768],[-89.362,15.657],[-88.858,15.545],[-88.355,15.432],[-87.853,15.318],[-87.351,15.203],[-86.85,15.087],[-86.349,14.969],[-85.885,15.028],[-85.421,15.086],[-84.956,15.143],[-84.491,15.199],[-84.026,15.254],[-83.561,15.308],[-83.095,15.361],[-82.63,15.413],[-82.164,15.464],[-81.697,15.515],[-81.289,15.736],[-80.881,15.957],[-80.471,16.177],[-80.06,16.396],[-79.649,16.615]]}},{"type":"Feature","properties":{"boundary_type":"subduction","feature_type":"gpml:SubductionZone","polarity":"Right","overriding_plate_id":1007,"subducting_plate_id":173,"plate_ids":[173,1007],"name":"Popelogan-Victoria subduction zone"},"geometry":{"type":"LineString","coordinates":[[-100.307,-35.61],[-99.745,-35.788],[-99.179,-35.964],[-98.611,-36.138],[-98.041,-36.309],[-97.557,-36.567],[-97.069,-36.823],[-96.578,-37.078],[-96.084,-37.33],[-95.587,-37.581],[-95.086,-37.829],[-94.582,-38.075],[-94.075,-38.319],[-93.564,-38.56],[-93.049,-38.8],[-92.532,-39.037],[-92.07,-39.342],[-91.605,-39.645],[-91.136,-39.947],[-90.662,-40.246],[-90.184,-40.544],[-89.702,-40.839],[-89.216,-41.133],[-88.725,-41.424],[-88.23,-41.714],[-87.731,-42.001],[-87.227,-42.286],[-86.718,-42.569]]}},{"type":"Feature","properties":{"boundary_type":"subduction","feature_type":"gpml:SubductionZone","polarity":"Right","overriding_plate_id":1007,"subducting_plate_id":302,"plate_ids":[302,1007],"name":"Popelogan-Victoria subduction zone"},"geometry":{"type":"LineString","coordinates":[[-86.718,-42.569],[-86.337,-42.777],[-85.953,-42.985],[-85.549,-43.363],[-85.139,-43.741],[-84.724,-44.116],[-84.304,-44.49],[-83.879,-44.863],[-83.447,-45.234],[-83.392,-45.302]]}},{"type":"Feature","properties":{"boundary_type":"subduction","feature_type":"gpml:SubductionZone","polarity":"Right","overriding_plate_id":101,"subducting_plate_id":173,"plate_ids":[101,173],"name":"Dashwoods subduction zone"},"geometry":{"type":"LineString","coordinates":[[-128.553,-20.438],[-128.98,-20.42],[-129.406,-20.4],[-129.833,-20.38],[-130.259,-20.358],[-130.77,-20.335],[-131.279,-20.31],[-131.789,-20.284],[-132.299,-20.256],[-132.808,-20.227],[-133.317,-20.196],[-133.826,-20.164],[-134.334,-20.133],[-134.841,-20.101],[-135.348,-20.068],[-135.855,-20.033],[-136.361,-19.996]]}},{"type":"Feature","properties":{"boundary_type":"subduction","feature_type":"gpml:SubductionZone","polarity":"Right","overriding_plate_id":101,"subducting_plate_id":173,"plate_ids":[101,173],"name":"Laurentian subduction zone"},"geometry":{"type":"LineString","coordinates":[[-93.649,-20.235],[-94.005,-20.53],[-94.362,-20.825],[-94.72,-21.119],[-95.08,-21.412],[-95.441,-21.704],[-95.804,-21.996],[-96.168,-22.286],[-96.555,-22.588],[-96.944,-22.889],[-97.334,-23.189],[-97.726,-23.489],[-98.12,-23.787],[-98.59,-23.981],[-99.062,-24.175],[-99.534,-24.367],[-100.009,-24.557],[-100.484,-24.746],[-100.962,-24.933],[-101.44,-25.119],[-101.985,-25.061],[-102.53,-25.002],[-103.074,-24.94],[-103.618,-24.876],[-104.161,-24.81],[-104.619,-24.75],[-105.077,-24.688],[-105.534,-24.625],[-105.991,-24.561],[-106.447,-24.495],[-106.922,-24.457],[-107.397,-24.418],[-107.871,-24.378],[-108.345,-24.336],[-108.819,-24.292],[-109.293,-24.237],[-109.766,-24.18],[-110.239,-24.122],[-110.711,-24.062],[-111.183,-24.001],[-111.654,-23.938],[-112.138,-23.863],[-112.622,-23.786],[-113.105,-23.708],[-113.587,-23.628],[-114.125,-23.569],[-114.663,-23.508],[-115.102,-23.327],[-115.539,-23.145],[-115.976,-22.961],[-116.411,-22.777],[-116.846,-22.591],[-117.279,-22.404],[-117.71,-22.216],[-118.216,-22.088],[-118.721,-21.959],[-119.225,-21.828],[-119.728,-21.696],[-120.231,-21.562],[-120.712,-21.517],[-121.193,-21.471],[-121.674,-21.424],[-122.154,-21.375],[-122.634,-21.325],[-123.114,-21.274],[-123.593,-21.221],[-124.044,-21.17],[-124.495,-21.117],[-124.946,-21.063],[-125.396,-21.009],[-125.845,-20.952],[-126.295,-20.895],[-126.747,-20.845],[-127.199,-20.793],[-127.651,-20.74],[-128.102,-20.686],[-128.553,-20.631]]}},{"type":"Feature","properties":{"boundary_type":"subduction","feature_type":"gpml:SubductionZone","polarity":"Right","overriding_plate_id":184,"subducting_plate_id":1007,"plate_ids":[184,1007],"name":"Popelogan-Victoria subduction zone"},"geometry":{"type":"LineString","coordinates":[[-86.581,-44.955],[-85.956,-45.0],[-85.331,-45.042],[-84.686,-45.132],[-84.04,-45.219],[-83.392,-45.302]]}},{"type":"Feature","properties":{"boundary_type":"subduction","feature_type":"gpml:SubductionZone","polarity":"Right","overriding_plate_id":184,"subducting_plate_id":302,"plate_ids":[184,302],"name":"Popelogan-Victoria subduction zone"},"geometry":{"type":"LineString","coordinates":[[-83.392,-45.302],[-82.789,-45.375],[-82.185,-45.446],[-81.58,-45.513],[-80.973,-45.577],[-80.307,-45.708],[-79.637,-45.834],[-78.965,-45.957],[-78.289,-46.076],[-77.611,-46.19],[-76.93,-46.301],[-76.294,-46.503],[-75.652,-46.703],[-75.006,-46.898],[-74.356,-47.09],[-73.7,-47.278],[-73.04,-47.462],[-72.376,-47.643],[-71.706,-47.819],[-71.033,-47.992],[-70.414,-48.272],[-69.789,-48.549],[-69.157,-48.823],[-68.518,-49.093],[-67.872,-49.36],[-67.219,-49.623],[-66.559,-49.882],[-65.892,-50.138],[-65.218,-50.389],[-64.537,-50.637],[-63.849,-50.881],[-63.153,-51.12],[-62.45,-51.356],[-61.801,-51.634],[-61.145,-51.908],[-60.48,-52.178],[-59.807,-52.445],[-59.126,-52.708]]}},{"type":"Feature","properties":{"boundary_type":"subduction","feature_type":"gpml:SubductionZone","polarity":"Right","overriding_plate_id":173,"subducting_plate_id":101,"plate_ids":[101,173],"name":"peri-Laurentian subduction zone"},"geometry":{"type":"LineString","coordinates":[[-93.649,-20.235],[-93.634,-19.775],[-93.618,-19.316],[-93.603,-18.856],[-93.588,-18.396],[-93.572,-17.936],[-93.445,-17.504],[-93.319,-17.071],[-93.193,-16.638],[-93.068,-16.206],[-92.943,-15.773],[-92.819,-15.34],[-92.695,-14.907],[-92.367,-14.599],[-92.04,-14.291],[-91.714,-13.982],[-91.389,-13.673],[-91.065,-13.364],[-90.741,-13.054],[-90.374,-12.746],[-90.007,-12.438],[-89.642,-12.129],[-89.277,-11.82],[-88.913,-11.51],[-88.55,-11.2],[-88.188,-10.89],[-87.826,-10.579],[-87.447,-10.282],[-87.069,-9.984],[-86.691,-9.686],[-86.314,-9.387],[-85.937,-9.088],[-85.562,-8.789],[-85.187,-8.49],[-84.812,-8.19],[-84.411,-7.939],[-84.01,-7.688],[-83.609,-7.436],[-83.209,-7.184],[-82.81,-6.932],[-82.411,-6.679],[-82.012,-6.426],[-81.585,-6.236],[-81.159,-6.045],[-80.733,-5.854],[-80.307,-5.663],[-79.881,-5.471],[-79.456,-5.279],[-79.031,-5.087],[-78.607,-4.894],[-78.182,-4.701],[-77.709,-4.717],[-77.236,-4.732],[-76.763,-4.746],[-76.29,-4.76],[-75.817,-4.774],[-75.344,-4.788],[-74.871,-4.801],[-74.398,-4.814],[-73.925,-4.826],[-73.451,-4.839],[-72.978,-4.851],[-72.505,-4.862],[-72.032,-4.874],[-71.559,-4.885]]}},{"type":"Feature","properties":{"boundary_type":"subduction","feature_type":"gpml:SubductionZone","polarity":"Left","overriding_plate_id":22601,"subducting_plate_id":919,"plate_ids":[919,22601],"name":"subduction zone outboard Cuyania"},"geometry":{"type":"LineString","coordinates":[[-173.002,8.753],[-173.327,8.377],[-173.651,8.0],[-173.974,7.624],[-174.297,7.247],[-174.619,6.869],[-174.941,6.492],[-175.262,6.114],[-175.583,5.736],[-175.903,5.358],[-176.223,4.98],[-176.543,4.602],[-176.862,4.223],[-177.181,3.845],[-177.5,3.466],[-177.818,3.087],[-178.136,2.708],[-178.454,2.329],[-178.772,1.95],[-179.09,1.571],[-179.305,1.161],[-179.521,0.751],[-179.736,0.341],[-179.952,-0.069],[179.833,-0.479],[179.617,-0.888],[179.402,-1.298],[179.186,-1.708],[178.971,-2.118],[178.755,-2.528],[178.509,-2.938],[178.264,-3.348],[178.018,-3.758],[177.772,-4.168],[177.525,-4.578],[177.279,-4.988],[177.032,-5.397],[177.099,-5.88],[177.166,-6.362],[177.233,-6.844],[177.301,-7.326],[177.368,-7.808],[177.436,-8.29],[177.504,-8.772],[177.861,-9.053],[178.22,-9.333],[178.579,-9.613],[178.938,-9.893],[179.298,-10.172],[179.659,-10.451],[-179.98,-10.73],[-179.617,-11.008],[-179.255,-11.286],[-178.878,-11.585],[-178.5,-11.883],[-178.121,-12.181],[-177.742,-12.478],[-177.361,-12.775],[-176.98,-13.071],[-176.598,-13.366],[-176.215,-13.661],[-175.831,-13.956],[-175.446,-14.25],[-175.06,-14.543],[-174.673,-14.835],[-174.284,-15.127],[-173.937,-15.406],[-173.589,-15.684],[-173.239,-15.961],[-172.889,-16.238],[-172.538,-16.515],[-172.185,-16.79],[-171.862,-17.146],[-171.537,-17.502],[-171.211,-17.857],[-170.883,-18.211],[-170.554,-18.565],[-170.251,-18.898],[-169.946,-19.231],[-169.639,-19.563],[-169.332,-19.895],[-169.023,-20.227],[-168.713,-20.558],[-168.401,-20.888],[-168.234,-21.261],[-168.065,-21.634],[-167.896,-22.007],[-167.725,-22.38],[-167.554,-22.752],[-167.471,-23.024]]}},{"type":"Feature","properties":{"boundary_type":"subduction","feature_type":"gpml:SubductionZone","polarity":"Left","overriding_plate_id":701,"subducting_plate_id":919,"plate_ids":[701,919],"name":"New Zealand SZ (SE eastern Gondwanaland)"},"geometry":{"type":"LineString","coordinates":[[158.356,-8.079],[157.861,-8.074],[157.509,-7.755],[157.157,-7.436],[156.806,-7.116],[156.455,-6.796],[156.105,-6.476],[155.756,-6.156],[155.406,-5.835],[155.058,-5.515],[154.64,-5.243],[154.222,-4.972],[153.805,-4.7],[153.388,-4.428],[152.972,-4.155],[152.556,-3.883],[152.14,-3.61],[151.724,-3.337],[151.309,-3.064],[150.97,-2.727],[150.632,-2.391],[150.294,-2.054],[149.956,-1.717],[149.618,-1.381],[149.28,-1.044],[148.943,-0.707],[148.605,-0.37],[148.267,-0.033],[148.031,0.363],[147.796,0.759],[147.56,1.155],[147.324,1.55],[147.088,1.946],[146.852,2.342],[146.616,2.738],[146.379,3.134],[146.143,3.529],[145.906,3.925],[145.669,4.321],[145.36,4.686],[145.051,5.051],[144.741,5.416],[144.431,5.781],[144.121,6.146],[143.81,6.51],[143.499,6.875],[143.187,7.239],[142.874,7.603],[142.562,7.967],[142.248,8.33],[141.934,8.693],[141.62,9.056],[141.305,9.419],[140.951,9.754],[140.597,10.089],[140.242,10.424],[139.887,10.758],[139.53,11.092],[139.173,11.425],[138.815,11.758],[138.456,12.09],[138.097,12.422],[137.736,12.754],[137.374,13.085],[137.012,13.415]]}},{"type":"Feature","properties":{"boundary_type":"subduction","feature_type":"gpml:SubductionZone","polarity":"Left","overriding_plate_id":701,"subducting_plate_id":919,"plate_ids":[701,919],"name":"West Gondwana (Panthalassa) subduction zone"},"geometry":{"type":"LineString","coordinates":[[168.927,-13.806],[168.695,-13.668],[168.463,-13.529],[167.968,-13.434],[167.473,-13.338],[166.978,-13.242],[166.484,-13.144],[165.99,-13.046],[165.497,-12.946],[165.004,-12.846],[164.511,-12.745],[164.019,-12.642],[163.527,-12.539],[163.035,-12.435],[162.544,-12.33],[162.054,-12.224],[161.563,-12.118],[161.074,-12.01],[160.584,-11.902],[160.095,-11.793],[159.9,-11.381],[159.705,-10.968],[159.511,-10.556],[159.317,-10.143],[159.124,-9.731],[158.931,-9.318],[158.739,-8.905],[158.547,-8.492],[158.356,-8.079]]}},{"type":"Feature","properties":{"boundary_type":"subduction","feature_type":"gpml:SubductionZone","polarity":"Right","overriding_plate_id":701,"subducting_plate_id":926,"plate_ids":[701,926],"name":"SZ along eastern Gondwanaland"},"geometry":{"type":"LineString","coordinates":[[87.581,11.21],[87.842,11.622],[88.104,12.034],[88.367,12.445],[88.631,12.856],[88.895,13.267],[89.161,13.678],[89.427,14.088],[89.695,14.498],[89.963,14.908],[90.232,15.317],[90.503,15.726],[90.774,16.135],[91.047,16.543],[91.321,16.951],[91.596,17.359],[91.872,17.766],[92.149,18.173],[92.428,18.58],[92.708,18.986],[92.99,19.391],[93.273,19.797],[93.557,20.201],[93.954,20.525],[94.353,20.847],[94.754,21.169],[95.156,21.49],[95.561,21.81],[95.967,22.128],[96.375,22.446],[96.784,22.763],[97.196,23.078],[97.609,23.393],[98.025,23.707],[98.478,23.969],[98.932,24.231],[99.389,24.491],[99.847,24.75],[100.307,25.008],[100.769,25.264],[101.233,25.518],[101.699,25.771],[102.167,26.023],[102.637,26.273],[103.131,26.456],[103.627,26.637],[104.123,26.816],[104.622,26.994],[105.122,27.17],[105.624,27.344],[106.127,27.516],[106.631,27.687],[107.138,27.856],[107.646,28.022],[108.155,28.187],[108.673,28.319],[109.191,28.448],[109.711,28.576],[110.233,28.702],[110.755,28.825],[111.279,28.947],[111.804,29.066],[112.33,29.184],[112.858,29.299],[113.386,29.412],[113.916,29.524],[114.447,29.633],[114.979,29.74],[115.512,29.845],[116.046,29.947],[116.582,30.048],[117.118,30.146],[117.655,30.243],[118.22,30.241],[118.784,30.238],[119.349,30.232],[119.913,30.223],[120.478,30.212],[121.042,30.199],[121.606,30.183],[122.169,30.165],[122.723,30.108],[123.276,30.05],[123.828,29.989],[124.38,29.925],[124.931,29.86],[125.481,29.792],[126.03,29.721],[126.579,29.649],[127.127,29.574],[127.649,29.428],[128.169,29.28],[128.688,29.13],[129.205,28.978],[129.721,28.824],[130.235,28.668],[130.748,28.51],[131.259,28.35],[131.769,28.189],[132.277,28.025],[132.783,27.86],[133.288,27.692],[133.792,27.523],[134.294,27.352],[134.794,27.179],[135.27,26.972],[135.744,26.762],[136.217,26.551],[136.688,26.339],[137.157,26.124],[137.624,25.909],[138.09,25.692],[138.576,25.46],[139.06,25.226]]}},{"type":"Feature","properties":{"boundary_type":"subduction","feature_type":"gpml:SubductionZone","polarity":"Left","overriding_plate_id":580,"subducting_plate_id":459,"plate_ids":[459,580],"name":"Tien Shan subduction"},"geometry":{"type":"LineString","coordinates":[[25.806,-14.182],[25.338,-14.247],[24.87,-14.312],[24.402,-14.376]]}},{"type":"Feature","properties":{"boundary_type":"subduction","feature_type":"gpml:SubductionZone","polarity":"Left","overriding_plate_id":466,"subducting_plate_id":459,"plate_ids":[459,466],"name":"Tien Shan subduction"},"geometry":{"type":"LineString","coordinates":[[24.402,-14.376],[23.951,-14.437],[23.499,-14.497],[23.047,-14.556],[22.629,-14.653],[22.21,-14.749],[21.791,-14.844],[21.372,-14.938],[20.952,-15.032],[20.447,-15.097],[19.942,-15.161],[19.437,-15.224],[18.931,-15.286],[18.425,-15.346],[17.919,-15.406],[17.412,-15.464],[16.906,-15.521],[16.398,-15.577],[15.891,-15.632],[15.433,-15.764],[14.975,-15.894],[14.517,-16.024],[14.057,-16.153],[13.597,-16.281],[13.137,-16.408],[12.675,-16.533],[12.214,-16.658],[11.751,-16.782],[11.288,-16.905],[10.825,-17.026],[10.365,-17.141],[9.904,-17.254],[9.442,-17.366],[8.981,-17.477],[8.518,-17.587],[8.055,-17.695],[7.592,-17.803],[7.134,-17.816],[6.676,-17.828],[6.218,-17.839],[5.76,-17.848],[5.243,-17.886],[4.726,-17.922],[4.208,-17.957],[3.691,-17.99],[3.173,-18.023],[2.655,-18.053],[2.136,-18.083],[1.618,-18.111],[1.122,-18.152],[0.626,-18.192],[0.13,-18.231],[-0.366,-18.269],[-0.863,-18.305],[-1.359,-18.34],[-1.856,-18.374],[-2.354,-18.407],[-2.851,-18.438],[-3.348,-18.468],[-3.846,-18.497],[-4.344,-18.524],[-4.842,-18.55],[-5.34,-18.575],[-5.838,-18.598],[-6.337,-18.62],[-6.835,-18.641],[-7.334,-18.66],[-7.724,-18.452],[-8.114,-18.244],[-8.503,-18.034]]}},{"type":"Feature","properties":{"boundary_type":"subduction","feature_type":"gpml:SubductionZone","polarity":"Right","overriding_plate_id":null,"subducting_plate_id":null,"plate_ids":[580],"name":"Qilian Subduction Zone"},"geometry":{"type":"LineString","coordinates":[[58.844,-31.803],[58.854,-31.544],[58.645,-31.254],[58.437,-30.962]]}},{"type":"Feature","properties":{"boundary_type":"subduction","feature_type":"gpml:SubductionZone","polarity":"Right","overriding_plate_id":456,"subducting_plate_id":580,"plate_ids":[456,580],"name":"Qilian Subduction Zone"},"geometry":{"type":"LineString","coordinates":[[58.437,-30.962],[58.224,-30.663],[58.013,-30.364],[57.804,-30.064],[57.415,-29.707],[57.029,-29.349],[56.786,-29.085],[56.545,-28.82],[56.304,-28.555],[55.875,-28.32],[55.449,-28.085],[55.023,-27.847],[54.6,-27.609],[54.186,-27.385],[53.774,-27.16],[53.307,-26.905],[52.842,-26.649],[52.379,-26.39],[51.918,-26.131],[51.46,-25.87],[51.003,-25.608],[50.571,-25.378],[50.14,-25.148],[49.71,-24.916],[49.283,-24.683],[48.856,-24.449],[48.432,-24.214],[48.124,-23.99],[47.818,-23.765],[47.512,-23.54],[47.331,-23.14],[47.15,-22.74],[46.971,-22.339],[46.793,-21.939],[46.616,-21.538],[46.44,-21.137],[46.265,-20.736]]}},{"type":"Feature","properties":{"boundary_type":"subduction","feature_type":"gpml:SubductionZone","polarity":"Right","overriding_plate_id":457,"subducting_plate_id":580,"plate_ids":[457,580],"name":"West Kunlun SZ"},"geometry":{"type":"LineString","coordinates":[[64.149,-40.18],[63.983,-39.754],[63.818,-39.328],[63.656,-38.902],[63.495,-38.475],[63.337,-38.048],[63.18,-37.621],[63.025,-37.194],[62.872,-36.767],[62.794,-36.313],[62.717,-35.86],[62.586,-35.38],[62.457,-34.899],[62.178,-34.688],[61.901,-34.477],[61.451,-34.207],[61.005,-33.936],[60.561,-33.664],[60.121,-33.389],[59.683,-33.114],[59.414,-32.698],[59.147,-32.281]]}},{"type":"Feature","properties":{"boundary_type":"subduction","feature_type":"gpml:SubductionZone","polarity":"Right","overriding_plate_id":null,"subducting_plate_id":null,"plate_ids":[580],"name":"West Kunlun SZ"},"geometry":{"type":"LineString","coordinates":[[59.147,-32.281],[58.995,-32.042],[58.844,-31.803]]}},{"type":"Feature","properties":{"boundary_type":"subduction","feature_type":"gpml:SubductionZone","polarity":"Right","overriding_plate_id":101,"subducting_plate_id":173,"plate_ids":[101,173],"name":"Popelogan-Victoria subduction zone"},"geometry":{"type":"LineString","coordinates":[[-136.551,-25.01],[-136.039,-25.021],[-135.527,-25.031],[-135.015,-25.039],[-134.503,-25.045],[-133.991,-25.05],[-133.479,-25.053],[-132.967,-25.054],[-132.61,-25.082],[-132.253,-25.109]]}},{"type":"Feature","properties":{"boundary_type":"subduction","feature_type":"gpml:SubductionZone","polarity":"Right","overriding_plate_id":185,"subducting_plate_id":173,"plate_ids":[173,185],"name":"Popelogan-Victoria subduction zone"},"geometry":{"type":"LineString","coordinates":[[-132.253,-25.109],[-131.74,-25.146],[-131.226,-25.182],[-130.712,-25.216],[-130.197,-25.248],[-129.683,-25.278],[-129.168,-25.307],[-128.659,-25.36],[-128.15,-25.411],[-127.641,-25.46],[-127.131,-25.507],[-126.621,-25.553],[-126.11,-25.597],[-125.599,-25.639],[-125.087,-25.679],[-124.552,-25.784],[-124.016,-25.887],[-123.478,-25.988],[-122.94,-26.087],[-122.401,-26.184],[-121.861,-26.279],[-121.32,-26.372],[-120.778,-26.463],[-120.236,-26.552],[-119.693,-26.639],[-119.148,-26.724],[-118.603,-26.806],[-118.057,-26.887],[-117.511,-26.966],[-116.964,-27.042],[-116.415,-27.116],[-115.867,-27.188],[-115.429,-27.288],[-114.99,-27.386],[-114.551,-27.483],[-114.111,-27.578],[-113.67,-27.673],[-113.155,-27.876],[-112.639,-28.077],[-112.12,-28.276],[-111.6,-28.474],[-111.078,-28.669],[-110.553,-28.862],[-110.027,-29.054],[-109.499,-29.243],[-109.074,-29.541],[-108.646,-29.838],[-108.216,-30.133],[-107.783,-30.427],[-107.348,-30.72],[-106.91,-31.011],[-106.469,-31.301],[-106.026,-31.589],[-105.58,-31.875],[-105.131,-32.16],[-104.679,-32.444],[-104.224,-32.726],[-103.767,-33.006]]}},{"type":"Feature","properties":{"boundary_type":"subduction","feature_type":"gpml:SubductionZone","polarity":"Right","overriding_plate_id":184,"subducting_plate_id":173,"plate_ids":[173,184],"name":"Popelogan-Victoria subduction zone"},"geometry":{"type":"LineString","coordinates":[[-103.767,-33.006],[-103.29,-33.295],[-102.809,-33.581],[-102.325,-33.866],[-101.838,-34.15],[-101.348,-34.431],[-101.005,-34.825],[-100.658,-35.218],[-100.307,-35.61]]}},{"type":"Feature","properties":{"boundary_type":"subduction","feature_type":"gpml:SubductionZone","polarity":"Right","overriding_plate_id":184,"subducting_plate_id":1007,"plate_ids":[184,1007],"name":"Popelogan-Victoria subduction zone"},"geometry":{"type":"LineString","coordinates":[[-100.307,-35.61],[-99.962,-35.991],[-99.613,-36.372],[-99.261,-36.752],[-98.905,-37.131],[-98.546,-37.509],[-98.183,-37.885],[-97.816,-38.261]]}},{"type":"Feature","properties":{"boundary_type":"subduction","feature_type":"gpml:SubductionZone","polarity":"Right","overriding_plate_id":601,"subducting_plate_id":926,"plate_ids":[601,926],"name":"Bainaimiao-Ondor Sum subduction zone"},"geometry":{"type":"LineString","coordinates":[[56.473,-1.007],[56.951,-0.986],[57.43,-0.966],[57.908,-0.946],[58.386,-0.926],[58.865,-0.905],[59.343,-0.885],[59.822,-0.864],[60.292,-0.879],[60.763,-0.894],[61.234,-0.908],[61.705,-0.923],[62.176,-0.937],[62.647,-0.952],[63.118,-0.966],[63.589,-0.981],[64.088,-0.971],[64.587,-0.961],[65.086,-0.952],[65.585,-0.942],[66.084,-0.932],[66.583,-0.922],[67.083,-0.912],[67.582,-0.902],[68.081,-0.891],[68.553,-0.817],[69.025,-0.742],[69.498,-0.668],[69.97,-0.593],[70.442,-0.518],[70.914,-0.444],[71.387,-0.369],[71.839,-0.31],[72.291,-0.25],[72.744,-0.191],[73.196,-0.132],[73.648,-0.073],[74.101,-0.014],[74.553,0.046],[75.005,0.105],[75.458,0.164],[75.915,0.243],[76.372,0.322],[76.829,0.402],[77.286,0.481],[77.743,0.56],[78.201,0.639],[78.658,0.718],[79.115,0.797],[79.572,0.876],[80.029,0.955],[80.487,1.034]]}},{"type":"Feature","properties":{"boundary_type":"subduction","feature_type":"gpml:SubductionZone","polarity":"Right","overriding_plate_id":6026,"subducting_plate_id":926,"plate_ids":[926,6026],"name":"Bainaimiao-Ondor Sum subduction zone"},"geometry":{"type":"LineString","coordinates":[[80.487,1.034],[80.764,1.082],[81.041,1.13]]}},{"type":"Feature","properties":{"boundary_type":"subduction","feature_type":"gpml:SubductionZone","polarity":"Right","overriding_plate_id":401,"subducting_plate_id":466,"plate_ids":[401,466],"name":"Guberlya subduction zone"},"geometry":{"type":"LineString","coordinates":[[-13.519,-15.136],[-13.659,-15.582],[-13.799,-16.028],[-13.94,-16.473],[-14.082,-16.919],[-14.377,-17.309],[-14.674,-17.698],[-14.972,-18.087],[-15.271,-18.475],[-15.572,-18.863],[-15.874,-19.251],[-16.177,-19.638],[-16.482,-20.024],[-16.789,-20.41],[-17.212,-20.638],[-17.637,-20.865],[-18.064,-21.09],[-18.491,-21.315],[-18.92,-21.539],[-19.35,-21.761],[-19.782,-21.982],[-20.215,-22.203],[-20.715,-22.336],[-21.216,-22.468],[-21.718,-22.598],[-22.22,-22.727],[-22.724,-22.855],[-23.229,-22.98],[-23.735,-23.104],[-24.241,-23.227],[-24.688,-23.231],[-25.134,-23.235],[-25.58,-23.237]]}},{"type":"Feature","properties":{"boundary_type":"subduction","feature_type":"gpml:SubductionZone","polarity":"Left","overriding_plate_id":401,"subducting_plate_id":902,"plate_ids":[401,902],"name":"South 'Greater Siberia' subduction zone"},"geometry":{"type":"LineString","coordinates":[[-16.491,-2.686],[-16.485,-2.351],[-16.55,-1.884],[-16.616,-1.416],[-16.681,-0.948],[-16.747,-0.481],[-16.812,-0.013],[-16.877,0.455],[-16.943,0.922],[-17.008,1.39],[-17.074,1.857],[-17.139,2.325],[-17.205,2.793],[-17.441,3.205],[-17.678,3.618],[-17.915,4.031],[-18.152,4.443],[-18.389,4.856],[-18.627,5.268],[-18.865,5.681],[-19.103,6.093],[-19.342,6.505],[-19.697,6.853],[-20.052,7.2],[-20.408,7.548],[-20.764,7.895],[-21.121,8.241],[-21.479,8.588],[-21.837,8.934],[-22.196,9.28],[-22.556,9.625],[-22.949,9.9],[-23.344,10.175],[-23.738,10.449],[-24.134,10.723],[-24.53,10.996],[-24.927,11.269],[-25.325,11.541],[-25.724,11.813],[-26.123,12.084],[-26.523,12.355],[-26.963,12.569],[-27.404,12.782],[-27.846,12.994],[-28.288,13.206],[-28.731,13.417],[-29.175,13.627],[-29.62,13.837],[-30.066,14.045],[-30.512,14.253],[-30.959,14.46],[-31.407,14.666],[-31.856,14.871],[-32.306,15.076],[-32.756,15.279],[-33.245,15.405],[-33.734,15.531],[-34.224,15.655],[-34.715,15.778],[-35.206,15.9],[-35.698,16.021],[-36.19,16.14],[-36.683,16.259],[-37.177,16.376],[-37.671,16.493],[-38.166,16.608],[-38.661,16.722],[-39.157,16.834],[-39.653,16.946],[-40.146,16.974],[-40.638,17.002],[-41.131,17.028],[-41.624,17.052],[-42.117,17.076],[-42.61,17.098],[-43.103,17.12],[-43.597,17.14],[-44.09,17.159],[-44.584,17.176],[-45.077,17.193],[-45.571,17.208],[-46.065,17.222],[-46.559,17.235],[-47.069,17.225],[-47.58,17.214],[-48.09,17.201],[-48.6,17.187],[-49.111,17.172],[-49.621,17.156],[-50.131,17.138],[-50.633,17.11],[-51.135,17.082],[-51.636,17.051],[-52.138,17.02],[-52.639,16.988],[-53.141,16.954],[-53.642,16.919],[-54.143,16.882],[-54.637,16.847],[-55.131,16.81],[-55.625,16.772],[-56.119,16.733],[-56.612,16.693],[-57.106,16.651],[-57.599,16.609],[-58.092,16.565],[-58.584,16.52],[-59.077,16.474],[-59.369,16.44],[-59.66,16.405]]}},{"type":"Feature","properties":{"boundary_type":"subduction","feature_type":"gpml:SubductionZone","polarity":"Right","overriding_plate_id":302,"subducting_plate_id":401,"plate_ids":[302,401],"name":"North Kara subduction zone"},"geometry":{"type":"LineString","coordinates":[[-27.57,-32.41],[-27.211,-32.263],[-26.853,-32.115],[-26.496,-31.966],[-25.959,-31.823],[-25.423,-31.678],[-24.89,-31.53],[-24.385,-31.528],[-23.881,-31.524],[-23.377,-31.518],[-22.873,-31.51]]}},{"type":"Feature","properties":{"boundary_type":"subduction","feature_type":"gpml:SubductionZone","polarity":"Right","overriding_plate_id":404,"subducting_plate_id":401,"plate_ids":[401,404],"name":"North Kara subduction zone"},"geometry":{"type":"LineString","coordinates":[[-22.873,-31.51],[-22.327,-31.499],[-21.793,-31.408],[-21.259,-31.314],[-20.727,-31.219],[-20.195,-31.121],[-19.665,-31.021],[-19.136,-30.919],[-18.677,-30.843],[-18.219,-30.765],[-17.761,-30.686],[-17.304,-30.605],[-16.791,-30.45],[-16.279,-30.293],[-15.769,-30.134],[-15.26,-29.973],[-14.754,-29.81],[-14.249,-29.645]]}},{"type":"Feature","properties":{"boundary_type":"subduction","feature_type":"gpml:SubductionZone","polarity":"Right","overriding_plate_id":404,"subducting_plate_id":466,"plate_ids":[404,466],"name":"North Kara subduction zone"},"geometry":{"type":"LineString","coordinates":[[-14.249,-29.645],[-13.864,-29.518],[-13.48,-29.389],[-13.097,-29.26],[-12.604,-29.151],[-12.113,-29.041],[-11.623,-28.929],[-11.133,-28.815],[-10.645,-28.699],[-10.158,-28.582],[-9.672,-28.463],[-9.128,-28.481],[-8.585,-28.496],[-8.041,-28.51],[-7.497,-28.521],[-6.953,-28.53],[-6.409,-28.537],[-5.937,-28.63],[-5.464,-28.721],[-4.99,-28.811],[-4.516,-28.899],[-4.04,-28.985]]}},{"type":"Feature","properties":{"boundary_type":"subduction","feature_type":"gpml:SubductionZone","polarity":"Left","overriding_plate_id":460,"subducting_plate_id":459,"plate_ids":[459,460],"name":"North Tianshan SZ"},"geometry":{"type":"LineString","coordinates":[[-2.003,-5.852],[-1.533,-5.996],[-1.064,-6.139],[-0.594,-6.283],[-0.124,-6.425],[0.346,-6.568],[0.81,-6.637],[1.274,-6.706],[1.737,-6.775],[2.201,-6.843],[2.666,-6.911],[3.13,-6.979],[3.588,-7.145],[4.047,-7.311],[4.506,-7.477],[4.966,-7.642],[5.426,-7.807],[5.886,-7.971],[6.347,-8.134],[6.808,-8.298],[7.237,-8.428],[7.667,-8.557],[8.097,-8.687],[8.527,-8.816],[8.958,-8.944],[9.388,-9.072],[9.82,-9.199],[10.251,-9.326],[10.753,-9.357],[11.256,-9.387],[11.758,-9.417],[12.261,-9.446],[12.764,-9.474],[13.266,-9.501],[13.749,-9.617],[14.232,-9.733],[14.715,-9.847],[15.198,-9.961],[15.682,-10.074],[16.166,-10.187],[16.65,-10.299],[17.006,-10.317],[17.362,-10.336],[17.746,-10.133],[18.128,-9.929],[18.473,-9.675],[18.816,-9.421],[19.164,-9.123],[19.608,-9.027],[20.052,-8.93],[20.495,-8.832],[20.939,-8.734],[21.407,-8.63],[21.874,-8.526],[22.341,-8.421],[22.808,-8.316],[23.275,-8.21]]}},{"type":"Feature","properties":{"boundary_type":"subduction","feature_type":"gpml:SubductionZone","polarity":"Left","overriding_plate_id":460,"subducting_plate_id":580,"plate_ids":[460,580],"name":"North Tianshan SZ"},"geometry":{"type":"LineString","coordinates":[[23.275,-8.21],[23.718,-8.109],[24.161,-8.008],[24.604,-7.906],[24.609,-7.905]]}},{"type":"Feature","properties":{"boundary_type":"subduction","feature_type":"gpml:SubductionZone","polarity":"Right","overriding_plate_id":4511,"subducting_plate_id":580,"plate_ids":[580,4511],"name":"Alxa back arc closure"},"geometry":{"type":"LineString","coordinates":[[41.223,-19.052],[41.25,-18.987]]}},{"type":"Feature","properties":{"boundary_type":"subduction","feature_type":"gpml:SubductionZone","polarity":"Right","overriding_plate_id":4511,"subducting_plate_id":451,"plate_ids":[451,4511],"name":"Alxa back arc closure"},"geometry":{"type":"LineString","coordinates":[[41.25,-18.987],[41.352,-18.747],[41.455,-18.273],[41.558,-17.799],[41.659,-17.325],[41.761,-16.85],[41.852,-16.479],[41.943,-16.108],[42.034,-15.736],[42.125,-15.365],[42.201,-14.898],[42.276,-14.431],[42.352,-13.964],[42.427,-13.497],[42.389,-13.118],[42.351,-12.739],[42.314,-12.359]]}},{"type":"Feature","properties":{"boundary_type":"subduction","feature_type":"gpml:SubductionZone","polarity":"Right","overriding_plate_id":302,"subducting_plate_id":173,"plate_ids":[173,302],"name":"Intra-Iapetus subduction zone"},"geometry":{"type":"LineString","coordinates":[[-70.793,-35.96],[-70.996,-36.324],[-71.202,-36.687],[-71.409,-37.05],[-71.119,-36.632],[-70.832,-36.214],[-70.549,-35.794],[-70.268,-35.374],[-69.99,-34.954],[-69.715,-34.532],[-69.443,-34.111],[-69.129,-33.717],[-68.819,-33.323],[-68.511,-32.928],[-68.206,-32.533],[-67.904,-32.137],[-67.604,-31.74],[-67.307,-31.342],[-66.911,-31.033],[-66.516,-30.724],[-66.125,-30.413],[-65.735,-30.101],[-65.349,-29.787],[-64.964,-29.473],[-64.582,-29.157],[-64.202,-28.964],[-63.824,-28.769],[-63.447,-28.574]]}},{"type":"Feature","properties":{"boundary_type":"subduction","feature_type":"gpml:SubductionZone","polarity":"Right","overriding_plate_id":302,"subducting_plate_id":401,"plate_ids":[302,401],"name":"Intra-Iapetus subduction zone"},"geometry":{"type":"LineString","coordinates":[[-63.447,-28.574],[-62.991,-28.335],[-62.537,-28.094],[-62.085,-27.852],[-61.635,-27.608],[-61.187,-27.363],[-60.741,-27.117],[-60.21,-27.056],[-59.679,-26.993],[-59.149,-26.929],[-58.62,-26.862],[-58.091,-26.793],[-57.563,-26.723],[-57.035,-26.65],[-56.58,-26.688],[-56.124,-26.724],[-55.668,-26.759],[-55.212,-26.792],[-54.756,-26.824]]}},{"type":"Feature","properties":{"boundary_type":"subduction","feature_type":"gpml:SubductionZone","polarity":"Left","overriding_plate_id":701,"subducting_plate_id":22601,"plate_ids":[701,22601],"name":"Famatina subduction zone"},"geometry":{"type":"LineString","coordinates":[[-137.785,-27.337],[-137.319,-27.294],[-136.853,-27.249],[-136.388,-27.202],[-135.923,-27.154],[-135.458,-27.105],[-135.825,-27.398],[-136.193,-27.691],[-136.564,-27.983],[-136.937,-28.274],[-137.312,-28.564],[-137.688,-28.852],[-138.067,-29.14],[-138.524,-29.298],[-138.981,-29.455],[-139.44,-29.61],[-139.901,-29.764],[-140.362,-29.916],[-140.826,-30.066],[-141.353,-30.078],[-141.88,-30.088],[-142.408,-30.096],[-142.935,-30.101],[-143.463,-30.105],[-143.991,-30.106],[-144.52,-30.182],[-145.05,-30.256],[-145.581,-30.329],[-146.113,-30.398],[-146.646,-30.466],[-147.179,-30.532],[-147.713,-30.595],[-148.193,-30.769],[-148.675,-30.942],[-149.159,-31.112],[-149.645,-31.28],[-150.132,-31.447],[-150.621,-31.612],[-151.12,-31.499],[-151.617,-31.383],[-152.114,-31.266],[-152.609,-31.146],[-153.102,-31.025],[-153.542,-30.732],[-153.979,-30.438],[-154.414,-30.142],[-154.846,-29.844],[-155.275,-29.545],[-155.702,-29.245],[-156.183,-29.011],[-156.662,-28.775],[-157.139,-28.538],[-157.613,-28.299],[-158.086,-28.058],[-158.556,-27.816],[-159.024,-27.572],[-159.49,-27.327],[-159.978,-27.16],[-160.465,-26.992],[-160.951,-26.821],[-161.435,-26.65],[-161.917,-26.476],[-162.398,-26.301],[-162.878,-26.125],[-163.305,-25.849],[-163.73,-25.571],[-164.153,-25.293],[-164.575,-25.013],[-164.994,-24.732],[-165.411,-24.45],[-165.827,-24.167],[-166.241,-23.883],[-166.652,-23.598],[-167.063,-23.311],[-167.471,-23.024]]}},{"type":"Feature","properties":{"boundary_type":"subduction","feature_type":"gpml:SubductionZone","polarity":"Left","overriding_plate_id":701,"subducting_plate_id":919,"plate_ids":[701,919],"name":"Famatina subduction zone"},"geometry":{"type":"LineString","coordinates":[[-167.471,-23.024],[-167.736,-22.836],[-168.001,-22.647],[-168.458,-22.39],[-168.913,-22.132],[-169.366,-21.872],[-169.818,-21.611],[-170.269,-21.349],[-170.717,-21.085],[-171.164,-20.821],[-171.61,-20.555],[-172.054,-20.288],[-172.486,-20.119],[-172.917,-19.949],[-173.347,-19.777],[-173.777,-19.605],[-174.205,-19.432],[-174.632,-19.258],[-175.059,-19.082],[-175.549,-18.897],[-176.037,-18.71],[-176.525,-18.521],[-177.011,-18.332],[-177.496,-18.141],[-177.981,-17.949],[-178.464,-17.756],[-178.946,-17.562],[-179.279,-17.258],[-179.61,-16.953],[-179.94,-16.648],[179.731,-16.342],[179.403,-16.036],[179.075,-15.729],[178.749,-15.422],[178.28,-15.255],[177.811,-15.086],[177.343,-14.917],[176.876,-14.747],[176.409,-14.576],[175.909,-14.532],[175.409,-14.487],[174.909,-14.44],[174.409,-14.393],[173.91,-14.345],[173.41,-14.296],[172.911,-14.246],[172.412,-14.194],[171.914,-14.142],[171.415,-14.088],[170.917,-14.034],[170.419,-13.979],[169.922,-13.922],[169.424,-13.865],[168.927,-13.806]]}},{"type":"Feature","properties":{"boundary_type":"subduction","feature_type":"gpml:SubductionZone","polarity":"Left","overriding_plate_id":601,"subducting_plate_id":456,"plate_ids":[456,601],"name":"Qinling SZ"},"geometry":{"type":"LineString","coordinates":[[55.178,-12.575],[55.601,-12.511]]}},{"type":"Feature","properties":{"boundary_type":"subduction","feature_type":"gpml:SubductionZone","polarity":"Left","overriding_plate_id":601,"subducting_plate_id":580,"plate_ids":[580,601],"name":"Qinling SZ"},"geometry":{"type":"LineString","coordinates":[[55.601,-12.511],[55.904,-12.465],[56.206,-12.419],[56.47,-12.378],[56.733,-12.336]]}},{"type":"Feature","properties":{"boundary_type":"subduction","feature_type":"gpml:SubductionZone","polarity":"Left","overriding_plate_id":6013,"subducting_plate_id":580,"plate_ids":[580,6013],"name":"Qinling SZ"},"geometry":{"type":"LineString","coordinates":[[56.733,-12.336],[57.15,-12.27],[57.566,-12.204],[58.004,-12.226],[58.441,-12.247],[58.879,-12.267],[59.256,-12.428],[59.633,-12.589],[60.01,-12.749],[60.44,-12.843],[60.87,-12.936],[61.3,-13.028],[61.68,-13.303],[62.06,-13.578],[62.442,-13.853],[62.824,-14.126],[63.208,-14.399],[63.592,-14.672],[63.977,-14.944],[64.362,-15.24],[64.749,-15.535],[65.136,-15.83],[65.525,-16.124],[65.915,-16.417],[66.301,-16.496],[66.686,-16.573],[66.763,-16.63]]}},{"type":"Feature","properties":{"boundary_type":"subduction","feature_type":"gpml:SubductionZone","polarity":"Left","overriding_plate_id":701,"subducting_plate_id":580,"plate_ids":[580,701],"name":"Qinling SZ"},"geometry":{"type":"LineString","coordinates":[[66.763,-16.63],[66.996,-16.801],[67.23,-16.971],[67.466,-17.309],[67.702,-17.646]]}},{"type":"Feature","properties":{"boundary_type":"subduction","feature_type":"gpml:SubductionZone","polarity":"Left","overriding_plate_id":457,"subducting_plate_id":580,"plate_ids":[457,580],"name":"Kunlun subduction zone"},"geometry":{"type":"LineString","coordinates":[[65.869,-39.056],[65.835,-38.597],[65.801,-38.139],[65.768,-37.681],[65.735,-37.222],[65.703,-36.764],[65.671,-36.306],[65.639,-35.847],[65.608,-35.389],[65.338,-34.965],[65.072,-34.54],[64.808,-34.115],[64.547,-33.69],[64.288,-33.264],[64.032,-32.837],[63.778,-32.41],[63.527,-31.982],[63.278,-31.554],[63.031,-31.125],[62.78,-30.695],[62.532,-30.265],[62.286,-29.835],[62.042,-29.403],[61.8,-28.972],[61.56,-28.54],[61.322,-28.108],[61.175,-27.638],[61.029,-27.167],[60.884,-26.697],[60.741,-26.227],[60.599,-25.756],[60.458,-25.285],[60.318,-24.815],[60.179,-24.344],[60.041,-23.873],[59.905,-23.401],[59.769,-22.93],[59.634,-22.459],[59.5,-21.987],[59.367,-21.515],[59.235,-21.044],[59.103,-20.572],[58.972,-20.145],[58.841,-19.718]]}},{"type":"Feature","properties":{"boundary_type":"subduction","feature_type":"gpml:SubductionZone","polarity":"Left","overriding_plate_id":580,"subducting_plate_id":451,"plate_ids":[451,580],"name":"Dunhuang-Hanshan subduction"},"geometry":{"type":"LineString","coordinates":[[36.241,-18.119],[36.224,-18.091],[36.033,-17.683],[35.843,-17.274],[35.654,-16.866],[35.466,-16.457],[35.332,-16.019],[35.199,-15.581],[35.031,-15.163],[34.864,-14.744],[34.76,-14.339],[34.656,-13.934],[34.553,-13.529],[34.449,-13.125],[34.346,-12.72],[34.372,-12.309],[34.397,-11.899],[34.422,-11.488],[34.447,-11.078],[34.608,-10.68],[34.769,-10.283],[34.929,-9.885],[35.089,-9.487],[35.272,-9.047],[35.454,-8.607],[35.636,-8.167],[35.858,-7.804],[36.079,-7.442],[36.3,-7.079],[36.521,-6.716],[36.742,-6.353],[36.901,-5.926],[37.061,-5.498],[37.22,-5.071],[37.379,-4.643],[37.537,-4.215],[37.67,-3.747],[37.803,-3.279],[37.936,-2.811],[38.069,-2.343]]}},{"type":"Feature","properties":{"boundary_type":"subduction","feature_type":"gpml:SubductionZone","polarity":"Right","overriding_plate_id":451,"subducting_plate_id":456,"plate_ids":[451,456],"name":"Qilian subductino zone"},"geometry":{"type":"LineString","coordinates":[[45.986,-1.482],[45.87,-1.887],[45.753,-2.292],[45.636,-2.698],[45.519,-3.103],[45.402,-3.508],[45.285,-3.913],[45.036,-4.284],[44.787,-4.654],[44.538,-5.024],[44.289,-5.395],[44.039,-5.765],[43.789,-6.135],[43.669,-6.565],[43.549,-6.996],[43.428,-7.427],[43.308,-7.857],[43.187,-8.288],[43.065,-8.719],[43.086,-9.185],[43.107,-9.651],[43.128,-10.117],[43.148,-10.584],[43.121,-11.057],[43.093,-11.53],[43.094,-11.539]]}},{"type":"Feature","properties":{"boundary_type":"subduction","feature_type":"gpml:SubductionZone","polarity":"Right","overriding_plate_id":4511,"subducting_plate_id":456,"plate_ids":[456,4511],"name":"Qilian subductino zone"},"geometry":{"type":"LineString","coordinates":[[43.094,-11.539],[43.104,-11.958],[43.114,-12.376],[43.124,-12.795],[43.134,-13.214],[43.145,-13.632],[43.109,-14.076],[43.072,-14.519],[43.036,-14.962],[43.0,-15.405],[42.963,-15.848],[42.834,-16.274],[42.704,-16.699],[42.574,-17.125],[42.443,-17.55],[42.312,-17.975],[42.223,-18.38],[42.135,-18.784],[42.046,-19.189]]}},{"type":"Feature","properties":{"boundary_type":"subduction","feature_type":"gpml:SubductionZone","polarity":"Right","overriding_plate_id":401,"subducting_plate_id":902,"plate_ids":[401,902],"name":"Chingiz subduction zone"},"geometry":{"type":"LineString","coordinates":[[-16.491,-2.686],[-16.131,-3.026],[-15.771,-3.365],[-15.41,-3.705],[-15.049,-4.044],[-14.688,-4.384],[-14.326,-4.723],[-14.085,-5.103],[-13.845,-5.484],[-13.603,-5.865],[-13.362,-6.245],[-13.12,-6.625],[-12.877,-7.006],[-12.635,-7.386],[-12.392,-7.766],[-12.148,-8.145],[-11.966,-8.579],[-11.783,-9.013],[-11.6,-9.447]]}},{"type":"Feature","properties":{"boundary_type":"subduction","feature_type":"gpml:SubductionZone","polarity":"Right","overriding_plate_id":401,"subducting_plate_id":459,"plate_ids":[401,459],"name":"Chingiz subduction zone"},"geometry":{"type":"LineString","coordinates":[[-11.6,-9.447],[-11.421,-9.87],[-11.242,-10.293],[-11.138,-10.721],[-11.034,-11.15],[-10.93,-11.578],[-10.825,-12.006]]}},{"type":"Feature","properties":{"boundary_type":"subduction","feature_type":"gpml:SubductionZone","polarity":"Right","overriding_plate_id":466,"subducting_plate_id":459,"plate_ids":[459,466],"name":"Chingiz subduction zone"},"geometry":{"type":"LineString","coordinates":[[-10.825,-12.006],[-10.722,-12.427],[-10.619,-12.848],[-10.515,-13.268],[-10.411,-13.689],[-10.319,-14.153],[-10.226,-14.617],[-10.133,-15.081],[-10.04,-15.545],[-9.947,-16.009],[-9.853,-16.473],[-9.758,-16.936],[-9.663,-17.4],[-9.277,-17.612],[-8.89,-17.823],[-8.503,-18.034]]}},{"type":"Feature","properties":{"boundary_type":"subduction","feature_type":"gpml:SubductionZone","polarity":"Right","overriding_plate_id":460,"subducting_plate_id":926,"plate_ids":[460,926],"name":"Subduction zone outboard of Tarim"},"geometry":{"type":"LineString","coordinates":[[17.312,-2.198],[17.769,-2.144],[18.225,-2.091],[18.682,-2.037],[19.139,-1.984],[19.595,-1.93],[20.052,-1.876],[20.509,-1.822],[20.965,-1.768],[21.422,-1.714]]}},{"type":"Feature","properties":{"boundary_type":"subduction","feature_type":"gpml:SubductionZone","polarity":"Right","overriding_plate_id":580,"subducting_plate_id":926,"plate_ids":[580,926],"name":"Subduction zone outboard of Tarim"},"geometry":{"type":"LineString","coordinates":[[21.422,-1.714],[21.779,-1.671],[22.136,-1.629],[22.493,-1.586],[22.986,-1.658],[23.48,-1.73],[23.974,-1.802],[24.468,-1.874],[24.962,-1.945],[25.456,-2.017],[25.95,-2.088],[26.444,-2.159],[26.938,-2.23],[27.432,-2.301],[27.926,-2.372],[28.421,-2.442],[28.915,-2.513],[29.389,-2.515],[29.863,-2.517],[30.337,-2.519],[30.811,-2.521],[31.285,-2.523],[31.759,-2.524],[32.233,-2.526],[32.707,-2.527],[33.181,-2.528],[33.655,-2.529],[34.129,-2.529],[34.603,-2.53],[35.077,-2.53],[35.551,-2.53],[36.025,-2.53],[36.499,-2.53],[36.892,-2.483],[37.284,-2.437],[37.677,-2.39],[38.069,-2.343]]}},{"type":"Feature","properties":{"boundary_type":"subduction","feature_type":"gpml:SubductionZone","polarity":"Right","overriding_plate_id":451,"subducting_plate_id":926,"plate_ids":[451,926],"name":"Subduction zone outboard of Tarim"},"geometry":{"type":"LineString","coordinates":[[38.069,-2.343],[38.532,-2.288],[38.995,-2.233],[39.458,-2.177],[39.921,-2.121],[40.384,-2.065],[40.847,-2.009],[41.31,-1.953],[41.772,-1.897],[42.235,-1.84],[42.698,-1.784],[43.161,-1.727],[43.623,-1.67],[44.086,-1.613],[44.561,-1.581],[45.036,-1.548],[45.511,-1.515],[45.986,-1.482]]}},{"type":"Feature","properties":{"boundary_type":"subduction","feature_type":"gpml:SubductionZone","polarity":"Right","overriding_plate_id":456,"subducting_plate_id":926,"plate_ids":[456,926],"name":"Subduction zone outboard of Tarim"},"geometry":{"type":"LineString","coordinates":[[45.986,-1.482],[46.412,-1.452],[46.837,-1.422],[47.263,-1.392],[47.688,-1.362],[48.114,-1.332],[48.539,-1.302],[49.036,-1.297],[49.533,-1.292],[50.029,-1.287],[50.526,-1.282],[51.023,-1.277],[51.52,-1.271],[52.017,-1.266],[52.513,-1.26],[53.01,-1.255],[53.507,-1.249],[54.004,-1.243],[54.5,-1.237],[54.997,-1.231],[55.494,-1.225],[55.991,-1.219],[56.454,-1.276]]}},{"type":"Feature","properties":{"boundary_type":"subduction","feature_type":"gpml:SubductionZone","polarity":"Left","overriding_plate_id":457,"subducting_plate_id":456,"plate_ids":[456,457],"name":"Kunlun-Qaidam suture"},"geometry":{"type":"LineString","coordinates":[[55.044,-17.436],[55.112,-17.898],[55.18,-18.359],[55.249,-18.82],[55.318,-19.282],[55.387,-19.743],[55.457,-20.204],[55.528,-20.665],[55.598,-21.127],[55.773,-21.597],[55.948,-22.067],[56.125,-22.536],[56.303,-23.006],[56.565,-23.427],[56.829,-23.849],[57.094,-24.269],[57.361,-24.689],[57.63,-25.109],[57.901,-25.528],[57.966,-25.983],[58.032,-26.437],[58.098,-26.892],[58.165,-27.346],[58.232,-27.801],[58.3,-28.255],[58.369,-28.71],[58.438,-29.164],[58.508,-29.618],[58.484,-30.066],[58.461,-30.514],[58.437,-30.962]]}},{"type":"Feature","properties":{"boundary_type":"subduction","feature_type":"gpml:SubductionZone","polarity":"Left","overriding_plate_id":null,"subducting_plate_id":null,"plate_ids":[457],"name":"Kunlun-Qaidam suture"},"geometry":{"type":"LineString","coordinates":[[58.437,-30.962],[58.417,-31.335],[58.719,-31.652],[59.024,-31.967],[59.147,-32.281]]}},{"type":"Feature","properties":{"boundary_type":"subduction","feature_type":"gpml:SubductionZone","polarity":"Left","overriding_plate_id":460,"subducting_plate_id":926,"plate_ids":[460,926],"name":"Urumbai, Selety and Erementau zones"},"geometry":{"type":"LineString","coordinates":[[17.312,-2.198],[16.931,-2.375],[16.551,-2.553],[16.17,-2.731],[15.789,-2.908],[15.306,-2.99],[14.822,-3.071],[14.339,-3.152],[13.856,-3.233],[13.372,-3.314],[12.889,-3.395],[12.405,-3.475],[11.922,-3.555],[11.438,-3.635],[10.954,-3.714],[10.47,-3.794],[9.986,-3.873],[9.502,-3.951],[9.018,-4.03],[8.533,-4.108],[8.085,-4.173],[7.636,-4.237],[7.187,-4.301],[6.738,-4.364],[6.289,-4.428],[5.84,-4.491],[5.391,-4.554]]}},{"type":"Feature","properties":{"boundary_type":"subduction","feature_type":"gpml:SubductionZone","polarity":"Left","overriding_plate_id":460,"subducting_plate_id":902,"plate_ids":[460,902],"name":"Urumbai, Selety and Erementau zones"},"geometry":{"type":"LineString","coordinates":[[5.391,-4.554],[4.91,-4.621],[4.428,-4.688],[3.946,-4.754],[3.464,-4.82],[2.983,-4.886],[2.501,-4.951],[2.018,-5.016],[1.536,-5.081],[1.054,-5.145],[0.572,-5.209],[0.089,-5.273],[-0.329,-5.389],[-0.747,-5.506],[-1.165,-5.621],[-1.584,-5.737],[-2.003,-5.852]]}},{"type":"Feature","properties":{"boundary_type":"subduction","feature_type":"gpml:SubductionZone","polarity":"Left","overriding_plate_id":459,"subducting_plate_id":902,"plate_ids":[459,902],"name":"Urumbai, Selety and Erementau zones"},"geometry":{"type":"LineString","coordinates":[[-2.003,-5.852],[-2.436,-5.971],[-2.87,-6.09],[-3.303,-6.208],[-3.737,-6.326],[-4.171,-6.443],[-4.606,-6.56],[-5.04,-6.677],[-5.475,-6.793],[-5.91,-6.909],[-6.333,-7.113],[-6.756,-7.316],[-7.18,-7.518],[-7.604,-7.72],[-8.029,-7.922],[-8.474,-8.114],[-8.919,-8.306],[-9.365,-8.498],[-9.811,-8.689],[-10.258,-8.879],[-10.705,-9.069],[-11.152,-9.259],[-11.6,-9.447]]}},{"type":"Feature","properties":{"boundary_type":"subduction","feature_type":"gpml:SubductionZone","polarity":"Right","overriding_plate_id":6013,"subducting_plate_id":601,"plate_ids":[601,6013],"name":"Qinling SZ"},"geometry":{"type":"LineString","coordinates":[[57.542,-11.021],[58.037,-11.121],[58.532,-11.22],[59.028,-11.318],[59.524,-11.416],[60.02,-11.512],[60.424,-11.703],[60.828,-11.893],[61.233,-12.082],[61.639,-12.271],[62.045,-12.459],[62.451,-12.646],[62.802,-12.887],[63.152,-13.128],[63.504,-13.369],[63.856,-13.609],[64.209,-13.848],[64.562,-14.087],[65.015,-14.273],[65.468,-14.459],[65.922,-14.643],[66.376,-14.827],[66.753,-14.941],[67.13,-15.055],[67.508,-15.168],[67.886,-15.28],[67.887,-15.281]]}},{"type":"Feature","properties":{"boundary_type":"subduction","feature_type":"gpml:SubductionZone","polarity":"Right","overriding_plate_id":701,"subducting_plate_id":601,"plate_ids":[601,701],"name":"Qinling SZ"},"geometry":{"type":"LineString","coordinates":[[67.887,-15.281],[68.187,-15.472],[68.487,-15.662],[68.898,-15.692],[69.309,-15.722],[69.719,-15.751],[70.13,-15.779],[70.611,-15.763],[71.092,-15.747],[71.572,-15.729],[72.071,-15.717],[72.571,-15.704],[73.07,-15.689],[73.569,-15.674],[74.068,-15.657],[74.507,-15.714],[74.946,-15.77],[75.385,-15.826],[75.825,-15.863],[76.265,-15.899],[76.705,-15.934],[77.145,-15.969],[77.585,-16.002],[78.025,-16.035],[78.477,-15.993],[78.93,-15.95],[79.382,-15.907],[79.833,-15.862],[80.285,-15.817],[80.736,-15.77],[81.188,-15.723]]}},{"type":"Feature","properties":{"boundary_type":"subduction","feature_type":"gpml:SubductionZone","polarity":"Right","overriding_plate_id":null,"subducting_plate_id":null,"plate_ids":[601,602,701],"name":"Qinling SZ"},"geometry":{"type":"LineString","coordinates":[[81.188,-15.723],[81.491,-15.69]]}},{"type":"Feature","properties":{"boundary_type":"subduction","feature_type":"gpml:SubductionZone","polarity":"Right","overriding_plate_id":null,"subducting_plate_id":null,"plate_ids":[602,701,6026],"name":"Proto Japan"},"geometry":{"type":"LineString","coordinates":[[81.036,-7.665],[81.286,-7.526],[81.744,-7.407],[82.202,-7.287],[82.66,-7.168],[83.118,-7.047],[83.576,-6.926],[84.033,-6.805],[84.472,-6.754],[84.911,-6.702],[85.349,-6.649],[85.788,-6.596],[86.227,-6.543],[86.665,-6.49],[87.104,-6.436],[87.542,-6.381],[88.036,-6.382],[88.531,-6.382],[89.025,-6.381],[89.52,-6.38],[90.014,-6.379],[90.509,-6.377],[91.003,-6.375],[91.498,-6.372],[91.953,-6.418],[92.408,-6.464],[92.863,-6.509],[93.319,-6.554],[93.774,-6.598],[94.23,-6.643],[94.686,-6.686],[95.142,-6.729],[95.545,-6.799],[95.948,-6.868],[96.332,-7.012],[96.716,-7.156],[97.101,-7.3],[97.486,-7.444],[97.871,-7.587]]}},{"type":"Feature","properties":{"boundary_type":"subduction","feature_type":"gpml:SubductionZone","polarity":"Right","overriding_plate_id":null,"subducting_plate_id":null,"plate_ids":[602,701,701],"name":"Proto Japan"},"geometry":{"type":"LineString","coordinates":[[97.871,-7.587],[98.274,-7.736],[98.678,-7.885],[99.017,-8.079],[99.355,-8.272],[99.695,-8.466],[100.034,-8.659],[100.436,-8.799],[100.837,-8.938],[101.239,-9.077],[101.641,-9.215]]}},{"type":"Feature","properties":{"boundary_type":"subduction","feature_type":"gpml:SubductionZone","polarity":"Right","overriding_plate_id":null,"subducting_plate_id":null,"plate_ids":[602],"name":"South China-Gondwana SZ?"},"geometry":{"type":"LineString","coordinates":[[81.188,-15.723],[81.349,-16.155],[81.512,-16.588],[81.675,-17.02],[81.839,-17.453],[82.003,-17.885],[82.169,-18.317],[82.335,-18.749],[82.502,-19.18],[82.658,-19.632],[82.816,-20.083],[82.974,-20.534],[83.133,-20.985],[83.293,-21.436],[83.454,-21.887],[83.616,-22.338],[83.779,-22.788],[83.977,-23.244],[84.177,-23.699],[84.379,-24.154],[84.581,-24.608],[84.786,-25.063],[84.991,-25.517],[85.199,-25.971],[85.408,-26.424],[85.618,-26.877],[85.831,-27.33],[86.045,-27.783],[86.26,-28.235],[86.605,-28.609],[86.952,-28.981],[87.302,-29.353],[87.654,-29.724],[88.008,-30.095],[88.366,-30.464],[88.726,-30.832],[89.089,-31.199],[89.455,-31.565],[89.823,-31.93],[90.195,-32.294],[90.569,-32.657],[90.947,-33.019],[91.328,-33.38],[91.693,-33.735],[92.062,-34.09],[92.433,-34.443],[92.808,-34.795],[93.186,-35.146],[93.568,-35.496],[93.952,-35.845],[94.34,-36.192],[94.758,-36.507],[95.179,-36.821],[95.604,-37.133],[96.032,-37.443],[96.464,-37.752],[96.899,-38.059],[97.338,-38.365]]}},{"type":"Feature","properties":{"boundary_type":"ridge","feature_type":"gpml:MidOceanRidge","polarity":null,"overriding_plate_id":null,"subducting_plate_id":null,"plate_ids":[184,1007],"name":"Popelogan ridge"},"geometry":{"type":"LineString","coordinates":[[-97.816,-38.261],[-97.5,-38.07],[-97.147,-38.378],[-96.791,-38.685],[-96.431,-38.991],[-96.133,-38.786],[-95.722,-39.12],[-95.308,-39.453],[-94.889,-39.785],[-94.466,-40.115],[-94.04,-40.444],[-93.609,-40.771],[-93.173,-41.096],[-92.74,-40.739],[-92.296,-41.074],[-91.846,-41.408],[-91.392,-41.74],[-90.934,-42.071],[-90.47,-42.399],[-90.002,-42.726],[-89.529,-43.05],[-89.05,-43.373],[-88.567,-43.694],[-88.078,-44.012],[-87.585,-44.329],[-87.085,-44.643],[-86.581,-44.955]]}},{"type":"Feature","properties":{"boundary_type":"ridge","feature_type":"gpml:MidOceanRidge","polarity":null,"overriding_plate_id":null,"subducting_plate_id":null,"plate_ids":[173,302],"name":"Baltica-Laurentia MOR"},"geometry":{"type":"LineString","coordinates":[[-70.793,-35.96],[-70.591,-35.596],[-70.391,-35.231],[-70.193,-34.866],[-70.741,-34.771],[-71.288,-34.673],[-71.833,-34.572],[-72.377,-34.469],[-72.92,-34.364],[-73.461,-34.256],[-74.001,-34.146],[-74.304,-34.576],[-74.61,-35.006],[-74.993,-34.876],[-75.374,-34.746],[-75.666,-35.165],[-75.961,-35.584],[-76.259,-36.002],[-76.561,-36.419],[-76.865,-36.836],[-77.232,-36.669],[-77.596,-36.501],[-77.959,-36.331],[-78.281,-36.679],[-78.606,-37.027],[-78.934,-37.373],[-79.265,-37.718],[-79.6,-38.063],[-79.937,-38.406],[-80.406,-38.161],[-80.871,-37.914],[-81.152,-38.251],[-81.435,-38.588],[-81.72,-38.924],[-82.009,-39.26],[-82.3,-39.595],[-82.838,-39.329],[-83.156,-39.74],[-83.478,-40.15],[-83.803,-40.56],[-84.067,-40.942],[-84.334,-41.323],[-84.605,-41.704],[-84.878,-42.084],[-85.485,-41.885],[-86.087,-41.683],[-86.296,-41.978],[-86.506,-42.274],[-86.718,-42.569]]}},{"type":"Feature","properties":{"boundary_type":"ridge","feature_type":"gpml:MidOceanRidge","polarity":null,"overriding_plate_id":null,"subducting_plate_id":null,"plate_ids":[701,22601],"name":""},"geometry":{"type":"LineString","coordinates":[[-137.785,-27.337],[-138.251,-27.379],[-138.718,-27.419],[-139.185,-27.458],[-139.653,-27.495],[-140.121,-27.531],[-140.024,-27.065],[-139.928,-26.598],[-139.832,-26.131]]}},{"type":"Feature","properties":{"boundary_type":"ridge","feature_type":"gpml:MidOceanRidge","polarity":null,"overriding_plate_id":null,"subducting_plate_id":null,"plate_ids":[580,701],"name":""},"geometry":{"type":"LineString","coordinates":[[68.636,-50.439],[69.226,-50.468],[69.816,-50.495],[70.406,-50.519],[70.997,-50.54],[71.101,-50.06],[71.203,-49.58],[71.302,-49.1],[71.4,-48.619],[71.496,-48.139],[71.59,-47.658],[71.683,-47.178],[71.773,-46.697],[71.863,-46.216],[71.95,-45.736],[72.036,-45.255],[72.121,-44.774],[72.204,-44.293],[72.286,-43.812],[72.367,-43.331],[72.446,-42.849],[72.948,-42.872],[73.45,-42.893],[73.953,-42.911],[73.999,-42.417],[74.043,-41.922],[74.088,-41.428],[74.131,-40.934],[74.174,-40.439],[74.216,-39.945],[74.258,-39.451],[74.299,-38.956],[74.339,-38.462],[74.379,-37.968],[74.023,-37.933],[73.667,-37.898],[73.722,-37.402],[73.776,-36.906],[73.83,-36.41],[73.883,-35.913],[73.935,-35.417],[73.987,-34.921],[74.038,-34.425],[74.088,-33.928],[74.138,-33.432],[74.187,-32.936],[74.236,-32.44],[74.284,-31.943],[74.332,-31.447],[74.379,-30.95],[74.426,-30.454],[74.472,-29.958],[74.959,-30.007],[75.001,-29.538],[75.043,-29.069],[75.085,-28.601],[75.126,-28.132],[75.167,-27.663],[75.208,-27.194],[75.248,-26.725],[75.288,-26.257],[75.327,-25.788],[75.367,-25.319],[75.406,-24.85],[75.445,-24.381],[75.483,-23.912],[75.521,-23.443],[75.559,-22.975],[75.597,-22.506],[75.149,-22.493],[74.701,-22.48],[74.75,-22.102],[74.799,-21.723],[74.847,-21.345],[74.895,-20.967]]}},{"type":"Feature","properties":{"boundary_type":"ridge","feature_type":"gpml:MidOceanRidge","polarity":null,"overriding_plate_id":null,"subducting_plate_id":null,"plate_ids":[302,466],"name":"Tarim-Gondwana MoR"},"geometry":{"type":"LineString","coordinates":[[22.034,-43.867],[22.372,-44.28],[22.714,-44.692],[23.061,-45.103],[23.413,-45.512],[23.771,-45.921],[24.133,-46.328],[24.501,-46.735],[24.875,-47.14],[25.254,-47.544],[25.64,-47.946],[26.031,-48.347],[26.429,-48.747],[26.833,-49.146],[27.243,-49.543],[27.66,-49.939],[28.084,-50.333],[28.515,-50.725]]}},{"type":"Feature","properties":{"boundary_type":"ridge","feature_type":"gpml:MidOceanRidge","polarity":null,"overriding_plate_id":null,"subducting_plate_id":null,"plate_ids":[466,701],"name":"Tarim-Gondwana MoR"},"geometry":{"type":"LineString","coordinates":[[28.515,-50.725],[28.816,-50.995],[29.456,-50.782],[30.09,-50.565],[30.719,-50.345],[31.341,-50.122],[31.958,-49.896],[32.568,-49.666],[33.173,-49.433],[33.634,-49.791],[34.102,-50.146],[34.577,-50.5],[35.058,-50.852],[35.548,-51.202],[36.044,-51.55],[36.549,-51.895],[37.061,-52.239],[37.581,-52.58],[38.109,-52.919],[38.645,-53.255],[39.232,-52.97],[39.81,-52.682],[40.382,-52.391],[40.945,-52.097],[41.501,-51.801],[42.05,-51.502],[42.592,-51.201]]}},{"type":"Feature","properties":{"boundary_type":"ridge","feature_type":"gpml:MidOceanRidge","polarity":null,"overriding_plate_id":null,"subducting_plate_id":null,"plate_ids":[580,701],"name":"Tarim-Gondwana MoR"},"geometry":{"type":"LineString","coordinates":[[42.592,-51.201],[42.97,-50.987],[43.345,-50.771],[43.865,-51.082],[44.392,-51.391],[44.926,-51.697],[45.467,-52.001],[46.015,-52.302],[46.571,-52.6],[47.135,-52.896],[47.706,-53.19],[48.285,-53.48],[48.827,-53.142],[49.361,-52.801],[49.886,-52.458],[50.404,-52.113],[50.913,-51.765],[51.414,-51.415],[51.908,-51.063],[52.394,-50.71],[52.873,-50.354],[53.345,-49.996],[53.904,-50.269],[54.468,-50.54],[55.04,-50.808],[55.617,-51.073],[56.202,-51.336],[56.793,-51.595],[57.391,-51.851],[57.996,-52.105],[58.461,-51.712],[58.919,-51.317],[59.369,-50.921],[59.812,-50.523],[60.247,-50.123],[60.674,-49.722],[61.095,-49.319],[61.509,-48.914],[62.164,-49.111],[62.825,-49.305],[63.49,-49.495],[64.161,-49.68],[64.836,-49.862],[65.317,-50.007],[65.801,-50.149],[66.288,-50.289],[66.874,-50.331],[67.46,-50.37],[68.048,-50.406],[68.636,-50.439]]}},{"type":"Feature","properties":{"boundary_type":"ridge","feature_type":"gpml:MidOceanRidge","polarity":null,"overriding_plate_id":null,"subducting_plate_id":null,"plate_ids":[701,6026],"name":"Aus-South China MoR"},"geometry":{"type":"LineString","coordinates":[[83.441,5.39],[83.826,5.158],[84.212,4.925],[84.597,4.692],[84.982,4.459],[85.366,4.225],[85.751,3.992],[86.135,3.758],[86.519,3.524],[86.903,3.29],[86.739,3.036],[86.576,2.781],[86.96,2.522],[87.345,2.262],[87.729,2.003],[88.113,1.743],[88.497,1.483],[88.881,1.223],[88.666,0.928],[89.071,0.658],[89.476,0.387],[89.881,0.117],[90.285,-0.153],[90.69,-0.423],[91.095,-0.693],[91.5,-0.963],[91.905,-1.233],[91.739,-1.453],[92.119,-1.745],[92.499,-2.037],[92.88,-2.33],[93.26,-2.622],[93.641,-2.914],[94.022,-3.206],[93.944,-3.289],[94.306,-3.602],[94.669,-3.915],[95.032,-4.228],[95.205,-4.026],[95.379,-3.824],[95.7,-4.12],[96.021,-4.415],[96.343,-4.711],[96.665,-5.006],[96.987,-5.301],[97.309,-5.596],[97.052,-5.913],[97.349,-6.171],[97.647,-6.429],[97.944,-6.687],[98.242,-6.944],[98.001,-7.217],[97.759,-7.489],[97.871,-7.587]]}},{"type":"Feature","properties":{"boundary_type":"ridge","feature_type":"gpml:MidOceanRidge","polarity":null,"overriding_plate_id":null,"subducting_plate_id":null,"plate_ids":[919,22601],"name":"Laurentia-Cuyania Ridge"},"geometry":{"type":"LineString","coordinates":[[-173.002,8.753],[-172.674,8.388],[-172.347,8.023],[-172.021,7.657],[-171.695,7.292],[-171.37,6.926],[-171.045,6.559],[-170.72,6.193],[-170.396,5.826],[-170.073,5.459],[-169.75,5.092],[-169.427,4.725],[-169.104,4.358],[-168.782,3.99],[-168.46,3.623],[-168.139,3.255],[-167.818,2.887],[-167.496,2.519]]}},{"type":"Feature","properties":{"boundary_type":"ridge","feature_type":"gpml:MidOceanRidge","polarity":null,"overriding_plate_id":null,"subducting_plate_id":null,"plate_ids":[101,22601],"name":"Laurentia-Cuyania Ridge"},"geometry":{"type":"LineString","coordinates":[[-167.496,2.519],[-167.331,2.33],[-167.636,1.936],[-167.94,1.542],[-167.615,1.183],[-167.289,0.824],[-166.964,0.465],[-166.639,0.106],[-166.314,-0.253],[-165.988,-0.612],[-165.663,-0.971],[-165.338,-1.329],[-165.012,-1.688],[-164.687,-2.047],[-164.361,-2.406],[-164.035,-2.765],[-163.709,-3.123],[-163.383,-3.482],[-163.056,-3.84],[-162.729,-4.198],[-162.402,-4.556],[-162.075,-4.914],[-161.747,-5.272],[-161.419,-5.63],[-161.09,-5.987],[-160.761,-6.344],[-160.432,-6.702],[-160.102,-7.058],[-159.771,-7.415],[-159.44,-7.771],[-159.109,-8.127],[-158.776,-8.483],[-158.444,-8.839],[-158.11,-9.194],[-157.766,-8.94],[-157.423,-8.686],[-157.08,-8.432],[-156.764,-8.798],[-156.447,-9.163],[-156.129,-9.528],[-155.811,-9.893],[-155.492,-10.257],[-155.173,-10.621],[-154.852,-10.985],[-154.531,-11.348],[-154.209,-11.711],[-153.887,-12.074],[-153.563,-12.437],[-153.238,-12.798],[-152.913,-13.16],[-152.586,-13.521],[-152.259,-13.882],[-151.93,-14.242],[-151.601,-14.602],[-151.27,-14.962],[-150.939,-15.32],[-150.606,-15.679],[-150.272,-16.037],[-149.937,-16.394],[-149.6,-16.751],[-149.262,-17.107],[-148.923,-17.463],[-149.289,-17.769],[-149.656,-18.075],[-149.31,-18.434],[-148.963,-18.794],[-148.615,-19.152],[-148.265,-19.51],[-147.913,-19.867],[-147.56,-20.224],[-147.205,-20.58],[-146.849,-20.935],[-146.491,-21.289],[-146.131,-21.643],[-145.769,-21.995],[-145.406,-22.347],[-145.041,-22.699],[-144.673,-23.049],[-144.304,-23.398],[-143.933,-23.747],[-143.56,-24.095],[-143.272,-23.872],[-142.985,-23.65],[-142.698,-23.426],[-142.347,-23.767],[-141.993,-24.107],[-141.638,-24.447],[-141.281,-24.786],[-140.922,-25.123],[-140.561,-25.46],[-140.197,-25.796],[-139.832,-26.131]]}},{"type":"Feature","properties":{"boundary_type":"ridge","feature_type":"gpml:MidOceanRidge","polarity":null,"overriding_plate_id":null,"subducting_plate_id":null,"plate_ids":[101,701],"name":"Laurentia-Cuyania Ridge"},"geometry":{"type":"LineString","coordinates":[[-139.832,-26.131],[-139.479,-26.453],[-139.125,-26.773],[-138.768,-27.092],[-138.409,-27.411],[-138.048,-27.728],[-137.685,-28.045],[-137.238,-28.349],[-136.789,-28.652]]}},{"type":"Feature","properties":{"boundary_type":"ridge","feature_type":"gpml:MidOceanRidge","polarity":null,"overriding_plate_id":null,"subducting_plate_id":null,"plate_ids":[302,701],"name":"Baltica-Gondwana ridge"},"geometry":{"type":"LineString","coordinates":[[28.515,-50.725],[27.904,-50.959],[27.286,-51.19],[27.743,-51.585],[28.208,-51.979],[28.682,-52.371],[29.164,-52.761],[29.655,-53.149],[28.99,-53.386],[28.318,-53.62],[27.638,-53.851],[26.951,-54.077],[26.256,-54.3],[25.554,-54.518],[24.845,-54.732],[24.128,-54.942],[23.403,-55.148],[22.672,-55.35],[23.102,-55.774],[23.543,-56.198],[23.993,-56.619],[24.453,-57.039],[24.924,-57.458],[25.405,-57.874],[25.898,-58.289],[25.139,-58.497],[24.37,-58.7],[23.593,-58.899],[22.807,-59.093],[22.012,-59.282],[21.208,-59.467],[20.395,-59.646],[19.574,-59.821],[18.744,-59.99],[19.111,-60.394],[19.486,-60.797],[19.871,-61.199],[20.267,-61.6],[20.672,-62.0],[19.686,-62.189],[18.687,-62.37],[17.676,-62.544],[16.654,-62.71],[15.621,-62.87],[14.576,-63.021],[13.521,-63.165],[12.456,-63.3],[11.38,-63.428],[10.296,-63.548],[9.203,-63.659],[8.101,-63.762],[6.992,-63.857],[5.875,-63.943],[6.073,-64.416],[6.278,-64.89],[6.491,-65.363],[6.711,-65.836],[5.507,-65.918],[4.295,-65.991],[3.077,-66.055],[1.853,-66.109],[0.624,-66.153],[-0.608,-66.187],[-1.844,-66.212],[-3.081,-66.226],[-4.319,-66.231],[-4.391,-66.67],[-4.466,-67.108],[-4.543,-67.546],[-4.623,-67.984],[-4.707,-68.422],[-4.793,-68.86],[-4.883,-69.299],[-6.186,-69.236],[-7.481,-69.164],[-8.767,-69.082],[-10.043,-68.991],[-11.308,-68.89],[-12.56,-68.78],[-13.8,-68.661],[-15.026,-68.533],[-16.238,-68.396],[-16.524,-68.795],[-16.82,-69.193],[-17.128,-69.591],[-17.447,-69.988],[-17.916,-70.373],[-18.403,-70.758],[-18.91,-71.141],[-19.436,-71.522],[-20.873,-71.329],[-22.281,-71.125],[-23.658,-70.91],[-25.006,-70.686],[-26.323,-70.452],[-27.61,-70.208],[-28.866,-69.956],[-30.092,-69.695],[-30.871,-70.065],[-31.679,-70.432],[-32.516,-70.795],[-33.384,-71.154],[-34.284,-71.509],[-35.332,-71.242],[-36.351,-70.969],[-37.342,-70.69],[-38.305,-70.407],[-39.242,-70.118],[-40.13,-70.437],[-41.046,-70.751],[-41.991,-71.06],[-42.966,-71.365],[-43.972,-71.664],[-45.01,-71.958],[-45.688,-71.702],[-46.348,-71.443],[-47.362,-71.686],[-48.403,-71.922],[-49.469,-72.153],[-50.563,-72.379],[-51.683,-72.598],[-52.298,-72.253],[-52.891,-71.907],[-53.461,-71.56],[-54.011,-71.21],[-55.303,-71.401],[-56.619,-71.583],[-57.96,-71.755],[-59.325,-71.919],[-59.683,-71.557],[-60.029,-71.194],[-61.405,-71.297],[-62.795,-71.39],[-64.197,-71.473],[-64.387,-71.138]]}},{"type":"Feature","properties":{"boundary_type":"ridge","feature_type":"gpml:MidOceanRidge","polarity":null,"overriding_plate_id":null,"subducting_plate_id":null,"plate_ids":[101,701],"name":"Laurentia-Godnwana MoR"},"geometry":{"type":"LineString","coordinates":[[-136.789,-28.652],[-136.332,-28.598],[-135.876,-28.543],[-135.42,-28.486],[-134.964,-28.428],[-134.509,-28.368],[-134.544,-27.947],[-134.578,-27.526],[-134.112,-27.508],[-133.647,-27.489]]}},{"type":"Feature","properties":{"boundary_type":"ridge","feature_type":"gpml:MidOceanRidge","polarity":null,"overriding_plate_id":null,"subducting_plate_id":null,"plate_ids":[101],"name":"Laurentia-Godnwana MoR"},"geometry":{"type":"LineString","coordinates":[[-133.647,-27.489],[-133.189,-27.469],[-132.731,-27.447],[-132.274,-27.424]]}},{"type":"Feature","properties":{"boundary_type":"ridge","feature_type":"gpml:MidOceanRidge","polarity":null,"overriding_plate_id":null,"subducting_plate_id":null,"plate_ids":[184,185],"name":"Carolinia-Ganderia MoR"},"geometry":{"type":"LineString","coordinates":[[-107.794,-39.915],[-107.158,-39.85],[-107.056,-40.088],[-106.593,-39.999],[-106.132,-39.908],[-105.673,-39.815],[-105.579,-40.016],[-105.028,-39.905],[-104.479,-39.791],[-103.931,-39.674],[-103.386,-39.555],[-103.496,-39.326],[-102.944,-39.195]]}},{"type":"Feature","properties":{"boundary_type":"ridge","feature_type":"gpml:MidOceanRidge","polarity":null,"overriding_plate_id":null,"subducting_plate_id":null,"plate_ids":[302,404],"name":"Kara-Baltica MoR"},"geometry":{"type":"LineString","coordinates":[[-25.834,-35.865],[-25.468,-36.25],[-25.098,-36.633],[-24.725,-37.015],[-24.347,-37.396],[-23.966,-37.776],[-23.581,-38.154],[-23.192,-38.532],[-23.341,-38.635],[-22.982,-38.961],[-22.62,-39.287],[-22.254,-39.611],[-21.885,-39.935],[-21.513,-40.257],[-21.137,-40.578],[-20.757,-40.897],[-20.485,-40.676],[-20.113,-41.002],[-19.737,-41.327],[-19.357,-41.65],[-18.973,-41.973],[-18.585,-42.294],[-18.194,-42.614],[-17.798,-42.932],[-17.997,-43.09],[-17.535,-43.454],[-17.068,-43.815],[-16.595,-44.175],[-16.116,-44.533],[-15.631,-44.889],[-15.141,-45.242],[-14.706,-44.919],[-14.276,-44.595],[-13.851,-44.269],[-13.431,-43.942],[-13.015,-43.613],[-12.604,-43.282],[-12.197,-42.95],[-11.795,-42.617],[-11.397,-42.282],[-10.862,-42.528],[-10.323,-42.772]]}},{"type":"Feature","properties":{"boundary_type":"ridge","feature_type":"gpml:MidOceanRidge","polarity":null,"overriding_plate_id":null,"subducting_plate_id":null,"plate_ids":[404,466],"name":"Baltica-Tarim MoR"},"geometry":{"type":"LineString","coordinates":[[6.303,-32.508],[6.304,-32.755],[6.855,-32.788],[7.406,-32.819],[7.958,-32.847],[8.51,-32.873],[9.063,-32.897],[9.071,-33.388],[9.079,-33.88],[9.087,-34.372],[9.095,-34.864],[9.103,-35.355],[9.112,-35.847],[9.12,-36.339],[9.129,-36.831],[9.138,-37.322],[9.147,-37.814],[9.156,-38.306],[9.165,-38.798],[9.174,-39.289],[9.806,-39.254],[10.437,-39.215],[11.067,-39.172],[11.696,-39.127],[12.325,-39.078],[12.902,-39.075],[13.48,-39.07],[14.058,-39.063],[14.635,-39.052],[15.212,-39.038],[15.789,-39.022],[15.808,-39.475],[15.826,-39.929],[15.845,-40.382],[15.864,-40.836],[15.883,-41.289],[15.902,-41.743]]}},{"type":"Feature","properties":{"boundary_type":"ridge","feature_type":"gpml:MidOceanRidge","polarity":null,"overriding_plate_id":null,"subducting_plate_id":null,"plate_ids":[302,466],"name":"Baltica-Tarim MoR"},"geometry":{"type":"LineString","coordinates":[[15.902,-41.743],[15.921,-42.173],[15.94,-42.603],[15.959,-43.032],[15.979,-43.462],[15.998,-43.892],[16.687,-43.897],[17.375,-43.898],[18.063,-43.895],[18.751,-43.887],[19.439,-43.876],[20.088,-43.879],[20.737,-43.879],[21.385,-43.875],[22.034,-43.867]]}},{"type":"Feature","properties":{"boundary_type":"ridge","feature_type":"gpml:MidOceanRidge","polarity":null,"overriding_plate_id":null,"subducting_plate_id":null,"plate_ids":[902,919],"name":"Panthalassa"},"geometry":{"type":"LineString","coordinates":[[-175.268,75.852],[-176.838,75.557],[-178.346,75.251],[-179.792,74.937],[178.82,74.613],[177.488,74.281],[176.211,73.942],[174.985,73.595],[173.81,73.241],[172.682,72.881],[171.6,72.515],[170.561,72.144],[169.563,71.767],[168.605,71.385],[167.684,70.998],[166.798,70.607],[165.947,70.212],[165.128,69.814],[164.339,69.411],[163.579,69.005],[162.847,68.596],[162.141,68.183],[161.461,67.768],[160.804,67.35],[160.17,66.93],[159.557,66.507],[158.965,66.081],[158.392,65.654],[157.838,65.224],[157.302,64.793],[156.782,64.36],[156.279,63.924],[155.791,63.487],[156.579,63.356],[157.359,63.22],[156.975,62.808],[156.602,62.395],[156.239,61.982],[155.886,61.567],[155.542,61.152],[155.207,60.736],[154.881,60.319],[154.563,59.901]]}},{"type":"Feature","properties":{"boundary_type":"ridge","feature_type":"gpml:MidOceanRidge","polarity":null,"overriding_plate_id":null,"subducting_plate_id":null,"plate_ids":[919,926],"name":"Panthalassa"},"geometry":{"type":"LineString","coordinates":[[154.563,59.901],[154.217,59.434],[153.881,58.965],[153.554,58.496],[153.235,58.027],[152.925,57.556],[152.622,57.085],[152.327,56.612],[152.04,56.14],[151.759,55.666],[151.485,55.192],[151.218,54.718],[150.957,54.242],[150.702,53.767],[150.452,53.29],[150.208,52.813],[149.969,52.336],[149.736,51.858],[149.507,51.38],[149.283,50.902],[149.063,50.422],[148.848,49.943],[148.638,49.463],[148.431,48.983],[148.228,48.502],[148.029,48.021],[147.834,47.54],[147.642,47.058],[147.454,46.576],[146.889,46.675],[146.321,46.771],[145.752,46.864],[145.181,46.954],[145.041,46.471],[144.903,45.988],[144.768,45.504],[144.635,45.021],[144.504,44.537],[144.375,44.053],[144.249,43.569],[144.125,43.085],[144.002,42.601],[143.881,42.116],[143.763,41.632],[143.646,41.147],[143.53,40.662],[143.417,40.177],[143.305,39.692],[143.194,39.207],[143.085,38.722],[142.978,38.237],[142.872,37.751],[142.767,37.266],[142.664,36.78],[142.562,36.295],[141.973,36.293],[141.385,36.289],[141.271,35.809],[141.159,35.328],[141.048,34.848],[140.939,34.368],[140.831,33.887],[140.724,33.407],[140.618,32.926],[140.513,32.445],[140.41,31.965],[140.307,31.484],[140.206,31.003],[140.105,30.522],[140.006,30.041],[139.907,29.559],[139.81,29.078],[139.713,28.597],[139.617,28.115],[139.523,27.634],[139.429,27.152],[139.335,26.671],[139.243,26.189],[139.151,25.707],[139.06,25.226]]}},{"type":"Feature","properties":{"boundary_type":"ridge","feature_type":"gpml:MidOceanRidge","polarity":null,"overriding_plate_id":null,"subducting_plate_id":null,"plate_ids":[701,919],"name":"Panthalassa"},"geometry":{"type":"LineString","coordinates":[[139.06,25.226],[138.968,24.734],[138.877,24.242],[138.786,23.751],[138.696,23.259],[138.607,22.767],[138.518,22.275],[138.43,21.783],[138.343,21.291],[138.256,20.799],[138.17,20.307],[138.084,19.815],[137.999,19.323],[137.914,18.831],[137.83,18.339],[137.746,17.847],[137.663,17.354],[137.58,16.862],[137.498,16.37],[137.416,15.877],[137.334,15.385],[137.253,14.893],[137.172,14.4],[137.092,13.908],[137.012,13.415]]}},{"type":"Feature","properties":{"boundary_type":"ridge","feature_type":"gpml:MidOceanRidge","polarity":null,"overriding_plate_id":null,"subducting_plate_id":null,"plate_ids":[902,926],"name":"Panthalassa"},"geometry":{"type":"LineString","coordinates":[[154.563,59.901],[153.882,60.262],[153.187,60.619],[152.475,60.973],[151.748,61.323],[151.004,61.668],[150.244,62.01],[149.467,62.348],[148.672,62.681],[147.859,63.009],[147.027,63.333],[146.177,63.651],[145.308,63.965],[144.419,64.273],[143.511,64.576],[142.582,64.873],[141.632,65.164],[140.662,65.449],[139.671,65.727],[138.658,65.999],[137.624,66.265],[136.568,66.523],[135.49,66.774],[134.39,67.017],[133.268,67.253],[132.125,67.481],[130.96,67.7],[129.773,67.911],[128.565,68.114],[127.336,68.307],[126.086,68.491],[124.817,68.666],[123.528,68.831],[122.22,68.986],[120.894,69.131],[119.552,69.265],[118.193,69.39],[116.819,69.503],[115.431,69.605],[114.031,69.697],[112.619,69.777],[111.197,69.846],[109.767,69.903],[108.329,69.949],[108.093,69.504],[107.866,69.06],[107.648,68.615],[107.438,68.17],[107.236,67.724],[107.042,67.279],[105.749,67.302],[104.453,67.314],[103.157,67.316],[101.861,67.307],[100.566,67.288],[99.274,67.259],[97.986,67.219],[96.703,67.169],[95.425,67.109],[94.155,67.039],[92.892,66.958],[91.638,66.868],[90.394,66.767],[89.16,66.657],[87.938,66.538],[86.728,66.409],[85.53,66.271],[84.347,66.123],[83.177,65.967],[82.022,65.802],[80.882,65.628],[79.758,65.446],[78.649,65.256],[77.557,65.057],[76.481,64.851],[75.422,64.637],[74.379,64.416],[73.354,64.188],[72.345,63.952],[71.354,63.709],[70.38,63.46],[69.423,63.204],[68.482,62.942],[67.559,62.674],[66.652,62.4],[65.762,62.12],[64.889,61.834],[64.032,61.544],[63.19,61.247],[62.365,60.946],[61.555,60.64],[60.761,60.328],[59.982,60.013],[59.217,59.692],[58.467,59.368],[57.732,59.039],[57.01,58.706],[56.303,58.369],[55.608,58.028],[54.927,57.684],[54.259,57.336],[53.603,56.985],[52.96,56.63],[52.329,56.272],[51.709,55.91],[51.101,55.546],[50.504,55.179],[49.918,54.809],[49.343,54.436],[48.778,54.06],[48.224,53.682],[47.679,53.301],[47.144,52.918],[46.618,52.533],[46.102,52.145],[45.594,51.755],[45.095,51.363],[44.605,50.968],[44.123,50.572],[43.649,50.174],[43.183,49.774],[42.724,49.372],[42.273,48.968],[41.829,48.563],[41.393,48.156],[40.963,47.747],[40.54,47.337],[40.123,46.925],[39.713,46.511],[39.309,46.097],[38.911,45.68],[38.519,45.263],[38.133,44.844],[37.752,44.424],[37.377,44.002],[37.007,43.58],[36.642,43.156],[36.282,42.731],[35.702,42.96],[35.117,43.186],[34.528,43.41],[33.935,43.63],[33.59,43.201],[33.251,42.771],[32.916,42.34],[32.585,41.908],[32.26,41.476],[31.938,41.042],[31.621,40.607],[31.307,40.172],[30.998,39.736],[30.693,39.299],[30.391,38.861],[30.093,38.422],[29.799,37.983],[29.508,37.543],[29.221,37.102],[28.937,36.66],[28.656,36.218],[28.378,35.776],[28.104,35.332],[27.832,34.888],[27.564,34.443],[27.298,33.998],[27.035,33.552],[26.774,33.106],[26.517,32.659],[26.262,32.212],[26.009,31.764],[25.759,31.316],[25.511,30.867],[25.266,30.417],[25.022,29.968],[24.781,29.517],[24.542,29.067],[24.306,28.616],[24.071,28.164],[23.838,27.712],[23.607,27.26],[23.378,26.807],[23.151,26.354],[22.925,25.901],[22.702,25.447],[22.479,24.993],[22.259,24.539],[22.04,24.084],[21.823,23.629],[21.607,23.174],[21.393,22.718],[20.945,22.829],[20.496,22.939],[20.047,23.048],[19.596,23.155],[19.358,22.706],[19.122,22.257],[18.887,21.807],[18.654,21.357],[18.422,20.906],[18.191,20.455],[17.962,20.004],[17.734,19.552],[17.507,19.101],[17.281,18.649],[17.057,18.196],[16.834,17.744],[16.612,17.291],[16.391,16.838],[16.171,16.385],[15.952,15.931],[15.734,15.477],[15.518,15.023],[15.302,14.569],[15.086,14.115],[14.872,13.66],[14.659,13.206],[14.446,12.751],[14.234,12.296],[14.023,11.84],[13.813,11.385],[13.603,10.929],[13.394,10.474],[13.185,10.018],[12.978,9.562],[12.77,9.106],[12.563,8.65],[12.357,8.193],[12.151,7.737],[11.946,7.28],[11.741,6.824],[11.536,6.367],[11.332,5.91],[11.128,5.454],[10.925,4.997],[10.721,4.54],[10.518,4.083],[10.315,3.626],[10.046,3.832],[9.777,4.039],[9.565,3.625],[9.353,3.21],[9.141,2.795],[8.93,2.381],[8.718,1.966],[8.507,1.552],[8.295,1.137],[8.084,0.722],[7.873,0.308],[7.662,-0.107],[7.45,-0.522],[7.239,-0.937],[7.028,-1.351],[6.824,-1.752],[6.62,-2.152],[6.415,-2.552],[6.211,-2.953],[6.006,-3.353],[5.801,-3.753],[5.596,-4.154],[5.391,-4.554]]}},{"type":"Feature","properties":{"boundary_type":"ridge","feature_type":"gpml:MidOceanRidge","polarity":null,"overriding_plate_id":null,"subducting_plate_id":null,"plate_ids":[902,919],"name":"Panthalassa"},"geometry":{"type":"LineString","coordinates":[[-175.268,75.852],[-173.507,75.64],[-171.799,75.415],[-170.142,75.177],[-168.538,74.929],[-166.986,74.669],[-165.485,74.399],[-164.035,74.119],[-162.635,73.83],[-161.283,73.532],[-159.979,73.226],[-158.72,72.912],[-157.506,72.59],[-156.336,72.261],[-155.207,71.926],[-154.118,71.584],[-153.068,71.236],[-152.055,70.883],[-151.078,70.524],[-150.135,70.16],[-149.225,69.791],[-150.276,69.51],[-151.299,69.222],[-152.295,68.928],[-153.264,68.628],[-154.208,68.323],[-155.127,68.013],[-156.021,67.698],[-156.892,67.378],[-157.739,67.053],[-158.563,66.725],[-159.366,66.392],[-160.148,66.055],[-159.222,65.734],[-158.32,65.408],[-157.44,65.076],[-156.582,64.74],[-155.745,64.399],[-154.928,64.053],[-154.132,63.703],[-153.356,63.348],[-152.598,62.989],[-151.859,62.626],[-151.138,62.26],[-150.434,61.89],[-149.747,61.516],[-149.077,61.139],[-148.422,60.759],[-147.783,60.375],[-147.159,59.989],[-146.549,59.6],[-145.953,59.208],[-145.371,58.813],[-144.802,58.416],[-144.246,58.016],[-143.702,57.614],[-143.17,57.21],[-142.649,56.803],[-142.14,56.395],[-141.641,55.984],[-141.154,55.571],[-140.676,55.157],[-140.208,54.74],[-139.749,54.322],[-139.3,53.902],[-138.86,53.481],[-138.429,53.057],[-139.1,52.788],[-139.763,52.515],[-140.417,52.238],[-141.064,51.958],[-141.702,51.674],[-142.332,51.386],[-142.955,51.096],[-143.569,50.802],[-144.176,50.505],[-144.775,50.204],[-145.367,49.901],[-145.952,49.595],[-146.528,49.286],[-147.098,48.974],[-147.661,48.659],[-148.216,48.341],[-148.765,48.021],[-148.299,47.663],[-147.839,47.302],[-147.385,46.94],[-146.937,46.576],[-146.496,46.21],[-146.06,45.843],[-145.63,45.474],[-145.205,45.103],[-144.786,44.731],[-144.373,44.358],[-143.964,43.983],[-143.561,43.606],[-143.163,43.228],[-142.77,42.849],[-142.381,42.468],[-141.997,42.086],[-141.618,41.703],[-141.243,41.318],[-141.754,41.017],[-142.259,40.714],[-142.76,40.408],[-143.257,40.1],[-143.749,39.79],[-144.236,39.478],[-144.719,39.164],[-145.198,38.848],[-145.673,38.53],[-146.143,38.21],[-146.61,37.888],[-147.072,37.565],[-147.53,37.239],[-147.984,36.912],[-148.435,36.583],[-148.881,36.253],[-149.324,35.921],[-149.763,35.587],[-150.198,35.252],[-150.63,34.915],[-151.058,34.577],[-150.676,34.2],[-150.298,33.821],[-149.923,33.442],[-149.551,33.061],[-149.182,32.68],[-148.817,32.297],[-148.454,31.914],[-148.095,31.529],[-147.738,31.143],[-147.384,30.756],[-147.034,30.369],[-146.686,29.98],[-146.34,29.591],[-145.998,29.2],[-145.658,28.809],[-145.32,28.417],[-144.985,28.024],[-144.653,27.631],[-144.322,27.236],[-143.995,26.841]]}},{"type":"Feature","properties":{"boundary_type":"ridge","feature_type":"gpml:MidOceanRidge","polarity":null,"overriding_plate_id":null,"subducting_plate_id":null,"plate_ids":[101,902],"name":"Panthalassa"},"geometry":{"type":"LineString","coordinates":[[-143.995,26.841],[-143.666,26.441],[-143.34,26.041],[-143.016,25.64],[-142.694,25.238],[-142.375,24.836],[-142.057,24.433],[-141.741,24.029],[-141.428,23.625],[-141.116,23.22],[-140.941,23.005],[-140.766,22.789]]}},{"type":"Feature","properties":{"boundary_type":"ridge","feature_type":"gpml:MidOceanRidge","polarity":null,"overriding_plate_id":null,"subducting_plate_id":null,"plate_ids":[101,902],"name":"Siberia-Laurentia ridge"},"geometry":{"type":"LineString","coordinates":[[-79.649,16.615],[-79.612,16.566],[-80.002,16.281],[-80.391,15.996],[-80.778,15.71],[-81.165,15.423],[-80.873,15.045],[-80.583,14.666],[-80.294,14.287],[-80.005,13.908],[-79.718,13.529],[-79.431,13.149],[-79.145,12.768],[-78.86,12.388],[-78.576,12.007],[-78.293,11.626],[-78.665,11.426],[-79.036,11.225],[-79.407,11.024],[-79.777,10.823],[-79.517,10.459],[-79.257,10.095],[-78.998,9.731],[-78.74,9.367],[-78.482,9.003],[-78.225,8.638],[-77.968,8.273],[-77.712,7.908],[-77.456,7.543]]}},{"type":"Feature","properties":{"boundary_type":"ridge","feature_type":"gpml:MidOceanRidge","polarity":null,"overriding_plate_id":null,"subducting_plate_id":null,"plate_ids":[101,401],"name":"Siberia-Laurentia ridge"},"geometry":{"type":"LineString","coordinates":[[-77.456,7.543],[-77.216,7.2],[-76.976,6.857],[-76.737,6.514],[-76.498,6.17],[-76.259,5.827],[-76.651,5.581],[-76.391,5.188],[-76.132,4.794],[-75.873,4.4],[-75.614,4.006],[-75.356,3.612],[-75.097,3.218],[-74.839,2.824],[-74.581,2.429],[-74.324,2.035],[-74.066,1.641],[-73.808,1.246],[-73.551,0.852],[-73.293,0.457],[-73.513,0.322],[-73.733,0.186],[-73.473,-0.238],[-73.212,-0.662],[-72.952,-1.086],[-72.692,-1.51],[-72.432,-1.934],[-72.171,-2.358],[-71.911,-2.782],[-71.65,-3.206],[-71.389,-3.629],[-71.128,-4.053],[-70.866,-4.477],[-71.212,-4.681],[-71.559,-4.885]]}},{"type":"Feature","properties":{"boundary_type":"ridge","feature_type":"gpml:MidOceanRidge","polarity":null,"overriding_plate_id":null,"subducting_plate_id":null,"plate_ids":[173,401],"name":"Siberia-Laurentia ridge"},"geometry":{"type":"LineString","coordinates":[[-71.559,-4.885],[-71.944,-5.111],[-71.7,-5.523],[-71.456,-5.935],[-71.211,-6.346],[-70.967,-6.758],[-70.721,-7.17],[-70.476,-7.581],[-70.23,-7.992],[-69.983,-8.404],[-69.736,-8.815],[-69.488,-9.226],[-69.24,-9.636],[-68.991,-10.047],[-68.742,-10.457],[-68.492,-10.867],[-68.241,-11.277],[-67.989,-11.687],[-68.353,-11.912],[-68.718,-12.137],[-69.083,-12.361],[-69.449,-12.585],[-69.196,-13.004],[-68.942,-13.423],[-68.687,-13.842],[-68.431,-14.26],[-68.175,-14.679],[-67.917,-15.096],[-67.659,-15.514],[-67.399,-15.931],[-67.138,-16.348],[-66.876,-16.765],[-66.593,-17.172],[-66.309,-17.578],[-66.024,-17.985],[-65.737,-18.39],[-65.449,-18.796],[-65.16,-19.201],[-64.869,-19.605],[-64.577,-20.009],[-64.283,-20.412],[-63.988,-20.815],[-63.691,-21.218],[-63.393,-21.62],[-63.093,-22.021],[-62.791,-22.422],[-62.487,-22.822],[-62.182,-23.222],[-62.616,-23.465],[-63.052,-23.706],[-63.49,-23.947],[-63.929,-24.186],[-64.37,-24.423],[-64.813,-24.66],[-65.257,-24.895],[-65.703,-25.129],[-66.15,-25.361],[-65.858,-25.721],[-65.563,-26.079],[-65.266,-26.438],[-64.968,-26.795],[-64.668,-27.152],[-64.366,-27.509],[-64.062,-27.864],[-63.756,-28.219],[-63.447,-28.574]]}},{"type":"Feature","properties":{"boundary_type":"ridge","feature_type":"gpml:MidOceanRidge","polarity":null,"overriding_plate_id":null,"subducting_plate_id":null,"plate_ids":[701],"name":"Rheic Ridge"},"geometry":{"type":"LineString","coordinates":[[-133.647,-27.489],[-133.254,-27.678],[-132.86,-27.866],[-132.464,-28.053],[-132.067,-28.239]]}},{"type":"Feature","properties":{"boundary_type":"ridge","feature_type":"gpml:MidOceanRidge","polarity":null,"overriding_plate_id":null,"subducting_plate_id":null,"plate_ids":[185,701],"name":"Rheic Ridge"},"geometry":{"type":"LineString","coordinates":[[-132.067,-28.239],[-131.673,-28.422],[-131.278,-28.603],[-131.142,-28.377],[-131.006,-28.15],[-130.527,-28.323],[-130.047,-28.494],[-129.565,-28.664],[-129.082,-28.832],[-128.597,-28.998],[-128.11,-29.162],[-127.971,-28.837],[-127.832,-28.512],[-127.694,-28.187],[-127.202,-28.387],[-126.708,-28.586],[-126.212,-28.782],[-125.714,-28.977],[-125.214,-29.17],[-124.712,-29.361],[-124.209,-29.55],[-124.38,-30.013],[-124.552,-30.475],[-124.726,-30.937],[-124.234,-31.104],[-123.741,-31.268],[-123.246,-31.431],[-122.749,-31.592],[-122.25,-31.751],[-121.75,-31.908],[-121.9,-32.319],[-122.051,-32.73],[-122.203,-33.141],[-122.357,-33.551],[-121.805,-33.731],[-121.25,-33.909],[-120.693,-34.085],[-120.134,-34.257],[-119.572,-34.428],[-119.723,-34.855],[-119.875,-35.281],[-120.028,-35.708],[-120.184,-36.134],[-120.341,-36.56],[-119.762,-36.713],[-119.18,-36.864],[-118.597,-37.011],[-118.011,-37.156],[-117.423,-37.298],[-116.832,-37.437],[-116.24,-37.573],[-116.366,-38.031],[-116.494,-38.489],[-116.623,-38.948],[-116.755,-39.406],[-116.888,-39.863],[-117.022,-40.321],[-117.159,-40.779],[-116.605,-40.979],[-116.047,-41.176],[-115.487,-41.371],[-114.923,-41.563],[-114.355,-41.752],[-113.785,-41.939],[-113.92,-42.382],[-114.057,-42.826],[-114.195,-43.269],[-114.336,-43.712],[-114.48,-44.155],[-114.625,-44.598],[-114.772,-45.04],[-114.922,-45.483],[-114.312,-45.725],[-113.697,-45.964],[-113.076,-46.2],[-112.45,-46.432],[-111.819,-46.661],[-111.182,-46.886],[-111.291,-47.287],[-111.401,-47.688],[-111.513,-48.089],[-111.627,-48.489],[-111.743,-48.89],[-111.205,-49.056],[-110.664,-49.219],[-110.119,-49.38],[-109.57,-49.538],[-109.674,-49.988],[-109.78,-50.437],[-109.888,-50.886],[-109.998,-51.335],[-110.11,-51.784],[-110.224,-52.233],[-110.341,-52.682],[-110.46,-53.131],[-110.43,-53.137]]}},{"type":"Feature","properties":{"boundary_type":"ridge","feature_type":"gpml:MidOceanRidge","polarity":null,"overriding_plate_id":null,"subducting_plate_id":null,"plate_ids":[184,701],"name":"Rheic Ridge"},"geometry":{"type":"LineString","coordinates":[[-110.43,-53.137],[-109.7,-53.291],[-108.964,-53.441],[-108.223,-53.587],[-107.477,-53.727],[-106.726,-53.863],[-105.971,-53.995],[-105.21,-54.121],[-104.445,-54.243],[-103.676,-54.36],[-102.903,-54.472],[-102.125,-54.579],[-102.172,-55.067],[-102.221,-55.554],[-102.27,-56.042],[-102.321,-56.53],[-102.374,-57.017],[-101.642,-57.115],[-100.907,-57.209],[-100.167,-57.299],[-99.425,-57.384],[-98.679,-57.465],[-98.658,-57.948],[-98.636,-58.43],[-98.614,-58.913],[-98.592,-59.395],[-97.644,-59.468],[-96.693,-59.534],[-95.738,-59.593],[-94.779,-59.645],[-94.657,-60.13],[-94.532,-60.614],[-94.402,-61.099],[-94.268,-61.583],[-93.26,-61.647],[-92.248,-61.702],[-91.233,-61.751],[-90.215,-61.792],[-90.033,-62.267],[-89.845,-62.742],[-89.652,-63.217],[-89.451,-63.692],[-89.244,-64.166],[-89.086,-64.601],[-88.923,-65.035],[-88.754,-65.469],[-88.579,-65.902],[-88.399,-66.336],[-87.406,-66.299],[-86.417,-66.256],[-85.431,-66.207],[-84.45,-66.152],[-83.473,-66.09],[-83.136,-66.511],[-82.788,-66.931],[-82.428,-67.35],[-82.055,-67.769],[-81.668,-68.186],[-81.268,-68.603],[-80.852,-69.018],[-80.427,-69.473],[-79.984,-69.927],[-79.521,-70.38],[-79.037,-70.832],[-78.531,-71.282],[-78.001,-71.731],[-77.445,-72.178],[-76.189,-72.012],[-74.955,-71.839],[-73.745,-71.657],[-72.558,-71.469],[-71.394,-71.272],[-70.907,-71.582],[-70.405,-71.891],[-69.885,-72.199],[-68.736,-71.999],[-67.612,-71.793],[-66.513,-71.581],[-65.438,-71.363],[-64.387,-71.138]]}},{"type":"Feature","properties":{"boundary_type":"ridge","feature_type":"gpml:MidOceanRidge","polarity":null,"overriding_plate_id":null,"subducting_plate_id":null,"plate_ids":[184,302],"name":"Rheic Ridge"},"geometry":{"type":"LineString","coordinates":[[-64.387,-71.138],[-63.129,-70.855],[-61.907,-70.563],[-60.72,-70.263],[-59.568,-69.955],[-58.449,-69.641],[-57.364,-69.319],[-56.805,-69.558],[-56.234,-69.795],[-55.165,-69.506],[-54.126,-69.21],[-53.114,-68.907],[-52.13,-68.599],[-51.388,-68.857],[-50.628,-69.111],[-49.719,-68.765],[-48.839,-68.414],[-47.986,-68.058],[-47.158,-67.699],[-46.356,-67.335],[-45.539,-67.565]]}},{"type":"Feature","properties":{"boundary_type":"ridge","feature_type":"gpml:MidOceanRidge","polarity":null,"overriding_plate_id":null,"subducting_plate_id":null,"plate_ids":[184,302],"name":"Rheic Ridge"},"geometry":{"type":"LineString","coordinates":[[-40.107,-64.698],[-40.542,-65.146],[-40.993,-65.593],[-41.459,-66.038],[-42.127,-65.947],[-42.789,-65.853],[-43.309,-66.199],[-43.844,-66.544],[-44.393,-66.886],[-44.958,-67.227],[-45.539,-67.565]]}},{"type":"Feature","properties":{"boundary_type":"transform","feature_type":"gpml:Transform","polarity":null,"overriding_plate_id":null,"subducting_plate_id":null,"plate_ids":[184,302],"name":"Baltica-greater Avalonia transform"},"geometry":{"type":"LineString","coordinates":[[-59.126,-52.708],[-58.864,-53.135],[-58.597,-53.561],[-58.325,-53.987],[-58.047,-54.412],[-57.763,-54.836],[-57.473,-55.26],[-57.148,-55.694],[-56.816,-56.127],[-56.476,-56.559],[-56.128,-56.99],[-55.773,-57.42],[-55.408,-57.85],[-55.035,-58.278],[-54.653,-58.705],[-54.262,-59.13],[-53.712,-59.518],[-53.15,-59.904],[-52.574,-60.287],[-51.985,-60.667],[-51.382,-61.045],[-50.764,-61.42],[-50.131,-61.792],[-49.388,-62.07],[-48.631,-62.343],[-47.86,-62.613],[-47.074,-62.878],[-46.275,-63.138],[-45.462,-63.394],[-44.634,-63.646],[-43.791,-63.892],[-42.933,-64.134],[-42.004,-64.328],[-41.062,-64.516],[-40.107,-64.698]]}},{"type":"Feature","properties":{"boundary_type":"transform","feature_type":"gpml:Transform","polarity":null,"overriding_plate_id":null,"subducting_plate_id":null,"plate_ids":[101,173],"name":"Laurentia-Iapetus transform"},"geometry":{"type":"LineString","coordinates":[[-128.553,-20.438],[-128.553,-20.631]]}},{"type":"Feature","properties":{"boundary_type":"transform","feature_type":"gpml:Transform","polarity":null,"overriding_plate_id":null,"subducting_plate_id":null,"plate_ids":[101,185],"name":"Cuyania-greater Avalonia transform"},"geometry":{"type":"LineString","coordinates":[[-132.253,-25.109],[-132.33,-25.537],[-132.406,-25.966],[-132.369,-26.427],[-132.331,-26.888],[-132.293,-27.35],[-132.274,-27.424]]}},{"type":"Feature","properties":{"boundary_type":"transform","feature_type":"gpml:Transform","polarity":null,"overriding_plate_id":null,"subducting_plate_id":null,"plate_ids":[185],"name":"Cuyania-greater Avalonia transform"},"geometry":{"type":"LineString","coordinates":[[-132.274,-27.424],[-132.171,-27.832],[-132.067,-28.239]]}},{"type":"Feature","properties":{"boundary_type":"transform","feature_type":"gpml:Transform","polarity":null,"overriding_plate_id":null,"subducting_plate_id":null,"plate_ids":[401,902],"name":"Transform closing Siberian plate"},"geometry":{"type":"LineString","coordinates":[[-59.66,16.405],[-60.096,16.183],[-60.53,15.96],[-60.964,15.736],[-61.397,15.512],[-61.829,15.286],[-62.259,15.06],[-62.689,14.833],[-63.149,14.624],[-63.607,14.414],[-64.065,14.203],[-64.522,13.991],[-64.978,13.779],[-65.433,13.566],[-65.888,13.352],[-66.341,13.137],[-66.794,12.921],[-67.246,12.704],[-67.697,12.487],[-68.148,12.269],[-68.598,12.05],[-69.047,11.831],[-69.495,11.611],[-69.943,11.39],[-70.389,11.168],[-70.836,10.946],[-71.281,10.723],[-71.726,10.5],[-72.17,10.276],[-72.614,10.051],[-73.057,9.826],[-73.499,9.6],[-73.941,9.373],[-74.382,9.146],[-74.823,8.919],[-75.263,8.691],[-75.703,8.462],[-76.142,8.233],[-76.58,8.004],[-77.018,7.774],[-77.456,7.543]]}},{"type":"Feature","properties":{"boundary_type":"transform","feature_type":"gpml:Transform","polarity":null,"overriding_plate_id":null,"subducting_plate_id":null,"plate_ids":[602],"name":""},"geometry":{"type":"LineString","coordinates":[[101.641,-9.215],[101.864,-9.572],[102.088,-9.929],[102.312,-10.286],[102.536,-10.643],[102.761,-10.999],[102.987,-11.356],[103.214,-11.784],[103.443,-12.212],[103.672,-12.639],[103.902,-13.067],[104.133,-13.494],[104.365,-13.921],[104.598,-14.348],[104.831,-14.775],[105.065,-15.201],[105.301,-15.627],[105.537,-16.053],[105.774,-16.479],[106.013,-16.904],[106.252,-17.329],[106.493,-17.754],[106.735,-18.179],[106.977,-18.603],[107.221,-19.027],[107.467,-19.45],[107.639,-19.617]]}},{"type":"Feature","properties":{"boundary_type":"transform","feature_type":"gpml:Transform","polarity":null,"overriding_plate_id":null,"subducting_plate_id":null,"plate_ids":[302,401],"name":"Transform between Baltica and Siberia plates"},"geometry":{"type":"LineString","coordinates":[[-27.57,-32.41],[-28.094,-32.209],[-28.615,-32.007],[-29.134,-31.801],[-29.651,-31.594],[-30.165,-31.385],[-30.677,-31.174],[-31.168,-31.01],[-31.656,-30.844],[-32.144,-30.676],[-32.629,-30.507],[-33.113,-30.335],[-33.595,-30.162],[-34.075,-29.987],[-34.579,-29.847],[-35.083,-29.705],[-35.584,-29.561],[-36.084,-29.416],[-36.583,-29.268],[-37.081,-29.119],[-37.576,-28.967],[-38.071,-28.814],[-38.59,-28.659],[-39.107,-28.503],[-39.622,-28.344],[-40.136,-28.183],[-40.649,-28.021],[-41.16,-27.856],[-41.669,-27.69],[-42.205,-27.547],[-42.74,-27.402],[-43.273,-27.254],[-43.805,-27.105],[-44.335,-26.954],[-44.864,-26.801],[-45.337,-26.683],[-45.81,-26.563],[-46.281,-26.442],[-46.751,-26.32],[-47.221,-26.196],[-47.689,-26.07],[-48.163,-26.059],[-48.637,-26.046],[-49.111,-26.032],[-49.584,-26.016],[-50.058,-25.998],[-50.531,-25.979],[-51.028,-25.998],[-51.525,-26.015],[-52.023,-26.03],[-52.52,-26.044],[-53.018,-26.056],[-53.45,-26.25],[-53.884,-26.443],[-54.319,-26.634],[-54.756,-26.824]]}},{"type":"Feature","properties":{"boundary_type":"transform","feature_type":"gpml:Transform","polarity":null,"overriding_plate_id":null,"subducting_plate_id":null,"plate_ids":[401,466],"name":"Transform b/w Siberia and Tarim plates"},"geometry":{"type":"LineString","coordinates":[[-10.825,-12.006],[-11.121,-12.356],[-11.418,-12.704],[-11.715,-13.053],[-12.014,-13.401],[-12.313,-13.749],[-12.613,-14.096],[-12.914,-14.443],[-13.216,-14.79],[-13.519,-15.136]]}},{"type":"Feature","properties":{"boundary_type":"transform","feature_type":"gpml:Transform","polarity":null,"overriding_plate_id":null,"subducting_plate_id":null,"plate_ids":[601,6013],"name":"Qinling transform"},"geometry":{"type":"LineString","coordinates":[[56.733,-12.336],[56.748,-12.026],[56.886,-11.758],[57.024,-11.489],[57.33,-11.205],[57.542,-11.021]]}},{"type":"Feature","properties":{"boundary_type":"transform","feature_type":"gpml:Transform","polarity":null,"overriding_plate_id":null,"subducting_plate_id":null,"plate_ids":[101,173],"name":"transform between Laurentia and Iapetus"},"geometry":{"type":"LineString","coordinates":[[-136.361,-19.996],[-136.347,-20.445],[-136.333,-20.894],[-136.319,-21.343],[-136.304,-21.792],[-136.29,-22.241],[-136.333,-22.702],[-136.376,-23.164],[-136.419,-23.625],[-136.463,-24.087],[-136.507,-24.548],[-136.551,-25.01]]}},{"type":"Feature","properties":{"boundary_type":"transform","feature_type":"gpml:Transform","polarity":null,"overriding_plate_id":null,"subducting_plate_id":null,"plate_ids":[184,185],"name":"Ganderia transform"},"geometry":{"type":"LineString","coordinates":[[-107.794,-39.915],[-107.762,-40.181],[-107.729,-40.446],[-107.7,-40.868],[-107.669,-41.291],[-107.639,-41.713],[-107.608,-42.135],[-107.576,-42.557],[-107.562,-43.035],[-107.547,-43.513],[-107.532,-43.991],[-107.517,-44.469],[-107.502,-44.946],[-107.546,-45.433],[-107.592,-45.92],[-107.638,-46.407],[-107.685,-46.893],[-107.732,-47.38],[-107.896,-47.86],[-108.063,-48.339],[-108.233,-48.818],[-108.406,-49.297],[-108.582,-49.776],[-108.821,-50.238],[-109.064,-50.7],[-109.312,-51.162],[-109.566,-51.623],[-109.824,-52.083],[-110.088,-52.543],[-110.357,-53.002],[-110.43,-53.137]]}},{"type":"Feature","properties":{"boundary_type":"transform","feature_type":"gpml:Transform","polarity":null,"overriding_plate_id":null,"subducting_plate_id":null,"plate_ids":[184,185],"name":"Carolinia transform"},"geometry":{"type":"LineString","coordinates":[[-102.944,-39.195],[-103.12,-38.843],[-103.293,-38.49],[-103.465,-38.137],[-103.635,-37.783],[-103.751,-37.356],[-103.864,-36.928],[-103.916,-36.488],[-103.968,-36.047],[-104.019,-35.606],[-104.07,-35.166],[-104.12,-34.725],[-104.03,-34.296],[-103.942,-33.866],[-103.854,-33.436],[-103.767,-33.006]]}},{"type":"Feature","properties":{"boundary_type":"transform","feature_type":"gpml:Transform","polarity":null,"overriding_plate_id":null,"subducting_plate_id":null,"plate_ids":[580,4511],"name":"N-Qilian transform"},"geometry":{"type":"LineString","coordinates":[[41.223,-19.052],[41.634,-19.121],[42.046,-19.189]]}},{"type":"Feature","properties":{"boundary_type":"transform","feature_type":"gpml:Transform","polarity":null,"overriding_plate_id":null,"subducting_plate_id":null,"plate_ids":[456,580],"name":"N-Qilian transform"},"geometry":{"type":"LineString","coordinates":[[42.046,-19.189],[42.225,-19.218],[42.595,-19.286],[42.965,-19.353],[43.335,-19.419],[43.727,-19.593],[44.12,-19.767],[44.513,-19.939],[44.908,-20.111],[45.359,-20.321],[45.811,-20.529],[46.265,-20.736]]}},{"type":"Feature","properties":{"boundary_type":"transform","feature_type":"gpml:Transform","polarity":null,"overriding_plate_id":null,"subducting_plate_id":null,"plate_ids":[404,466],"name":"Baltica-North Tianshan transform"},"geometry":{"type":"LineString","coordinates":[[-4.04,-28.985],[-3.682,-29.274],[-3.322,-29.561],[-2.96,-29.848],[-2.595,-30.134],[-2.055,-30.304],[-1.513,-30.472],[-0.969,-30.638],[-0.423,-30.802],[0.124,-30.963],[0.674,-31.122],[1.225,-31.279],[1.778,-31.433],[2.333,-31.585],[2.89,-31.734],[3.448,-31.881],[4.008,-32.026],[4.57,-32.168],[5.134,-32.308],[5.523,-32.376],[5.913,-32.443],[6.303,-32.508]]}},{"type":"Feature","properties":{"boundary_type":"transform","feature_type":"gpml:Transform","polarity":null,"overriding_plate_id":null,"subducting_plate_id":null,"plate_ids":[451,580],"name":"Alxa-Tarim transform"},"geometry":{"type":"LineString","coordinates":[[36.241,-18.119],[36.611,-18.253],[36.982,-18.386],[37.354,-18.519],[37.877,-18.526],[38.4,-18.532],[38.923,-18.536],[39.446,-18.538],[39.896,-18.652],[40.347,-18.765],[40.798,-18.877],[41.25,-18.987]]}},{"type":"Feature","properties":{"boundary_type":"transform","feature_type":"gpml:Transform","polarity":null,"overriding_plate_id":null,"subducting_plate_id":null,"plate_ids":[451,4511],"name":"Qilian transform"},"geometry":{"type":"LineString","coordinates":[[42.314,-12.359],[42.492,-12.217],[42.865,-11.892],[43.094,-11.539]]}},{"type":"Feature","properties":{"boundary_type":"transform","feature_type":"gpml:Transform","polarity":null,"overriding_plate_id":null,"subducting_plate_id":null,"plate_ids":[457,580],"name":"Kunlun transform"},"geometry":{"type":"LineString","coordinates":[[64.149,-40.18],[64.506,-40.023],[64.881,-39.788],[65.253,-39.551],[65.562,-39.304],[65.869,-39.056]]}},{"type":"Feature","properties":{"boundary_type":"transform","feature_type":"gpml:Transform","polarity":null,"overriding_plate_id":null,"subducting_plate_id":null,"plate_ids":[457,580],"name":"Kunlun transform"},"geometry":{"type":"LineString","coordinates":[[58.841,-19.718],[58.469,-19.433],[58.097,-19.146],[57.742,-18.859],[57.388,-18.571],[57.035,-18.282],[56.564,-18.06],[56.095,-17.836],[55.627,-17.611],[55.349,-17.528],[55.072,-17.445]]}},{"type":"Feature","properties":{"boundary_type":"transform","feature_type":"gpml:Transform","polarity":null,"overriding_plate_id":null,"subducting_plate_id":null,"plate_ids":[456,457],"name":"Kunlun transform"},"geometry":{"type":"LineString","coordinates":[[55.072,-17.445],[55.044,-17.436]]}},{"type":"Feature","properties":{"boundary_type":"transform","feature_type":"gpml:Transform","polarity":null,"overriding_plate_id":null,"subducting_plate_id":null,"plate_ids":[580,701],"name":"Kunlun transform"},"geometry":{"type":"LineString","coordinates":[[74.895,-20.967],[74.437,-20.768],[73.98,-20.568],[73.524,-20.366],[73.069,-20.164],[72.616,-19.96],[72.163,-19.755],[71.712,-19.549],[71.262,-19.342],[70.813,-19.133],[70.366,-18.924],[69.919,-18.713],[69.473,-18.502],[69.029,-18.289],[68.586,-18.076],[68.143,-17.861],[67.702,-17.646]]}},{"type":"Feature","properties":{"boundary_type":"transform","feature_type":"gpml:Transform","polarity":null,"overriding_plate_id":null,"subducting_plate_id":null,"plate_ids":[701,6013],"name":"Qinling transform"},"geometry":{"type":"LineString","coordinates":[[66.763,-16.63],[66.956,-16.597],[67.325,-16.256],[67.517,-16.068],[67.709,-15.879],[67.896,-15.461],[67.887,-15.281]]}},{"type":"Feature","properties":{"boundary_type":"transform","feature_type":"gpml:Transform","polarity":null,"overriding_plate_id":null,"subducting_plate_id":null,"plate_ids":[466,580],"name":"Tianshan-Tarim transform"},"geometry":{"type":"LineString","coordinates":[[24.402,-14.376],[24.363,-14.837],[24.324,-15.297],[24.284,-15.757],[24.245,-16.218],[24.205,-16.678],[24.262,-17.13],[24.319,-17.582],[24.376,-18.034],[24.434,-18.486],[24.491,-18.938],[24.55,-19.39],[24.608,-19.842],[24.667,-20.294],[24.726,-20.746],[24.786,-21.197],[24.845,-21.649],[24.869,-22.146],[24.893,-22.643],[24.917,-23.139],[24.941,-23.636],[24.965,-24.133],[24.989,-24.629],[25.014,-25.126],[25.039,-25.622],[25.064,-26.119],[25.089,-26.616],[25.114,-27.112],[25.14,-27.609],[25.166,-28.106],[25.288,-28.59],[25.41,-29.074],[25.534,-29.557],[25.659,-30.041],[25.786,-30.525],[25.913,-31.008],[26.042,-31.492],[26.173,-31.975],[26.304,-32.458],[26.437,-32.941],[26.572,-33.424],[26.708,-33.906],[26.894,-34.363],[27.083,-34.819],[27.273,-35.275],[27.466,-35.731],[27.661,-36.187],[27.858,-36.642],[28.058,-37.097],[28.26,-37.551],[28.465,-38.005],[28.672,-38.459],[28.881,-38.912],[29.094,-39.366],[29.309,-39.818],[29.527,-40.27],[29.748,-40.722],[29.972,-41.174],[30.199,-41.625],[30.429,-42.075],[30.663,-42.525],[30.9,-42.975],[31.338,-43.355],[31.781,-43.733],[32.23,-44.11],[32.685,-44.485],[33.146,-44.858],[33.612,-45.23],[34.085,-45.599],[34.564,-45.966],[35.05,-46.332],[35.542,-46.695],[36.04,-47.056],[36.546,-47.415],[37.058,-47.772],[37.577,-48.126],[38.104,-48.478],[38.638,-48.828],[39.179,-49.175],[39.728,-49.519],[40.285,-49.861],[40.849,-50.201],[41.422,-50.537],[42.003,-50.87],[42.592,-51.201]]}},{"type":"Feature","properties":{"boundary_type":"transform","feature_type":"gpml:Transform","polarity":null,"overriding_plate_id":null,"subducting_plate_id":null,"plate_ids":[459,580],"name":"North Tianshan Ocean transform"},"geometry":{"type":"LineString","coordinates":[[23.275,-8.21],[23.426,-8.546],[23.625,-8.899],[23.823,-9.252],[24.022,-9.605],[24.263,-9.867],[24.505,-10.128],[24.747,-10.388],[24.977,-10.657],[25.208,-10.926],[25.281,-11.302],[25.354,-11.678],[25.428,-12.054],[25.502,-12.43],[25.578,-12.868],[25.654,-13.306],[25.73,-13.744],[25.806,-14.182]]}},{"type":"Feature","properties":{"boundary_type":"transform","feature_type":"gpml:Transform","polarity":null,"overriding_plate_id":null,"subducting_plate_id":null,"plate_ids":[701,926],"name":""},"geometry":{"type":"LineString","coordinates":[[87.581,11.21],[87.204,11.018],[86.828,10.826],[86.452,10.634],[86.218,10.231],[85.984,9.828],[85.75,9.426],[85.517,9.023],[85.285,8.619],[85.053,8.216],[84.821,7.813],[84.59,7.409],[84.359,7.006],[84.129,6.602],[83.899,6.198],[83.67,5.794],[83.441,5.39]]}},{"type":"Feature","properties":{"boundary_type":"transform","feature_type":"gpml:Transform","polarity":null,"overriding_plate_id":null,"subducting_plate_id":null,"plate_ids":[926,6026],"name":""},"geometry":{"type":"LineString","coordinates":[[83.441,5.39],[83.2,4.964],[82.959,4.539],[82.718,4.113],[82.478,3.687],[82.238,3.261],[81.999,2.835],[81.759,2.408],[81.519,1.982],[81.28,1.556],[81.041,1.13]]}},{"type":"Feature","properties":{"boundary_type":"transform","feature_type":"gpml:Transform","polarity":null,"overriding_plate_id":null,"subducting_plate_id":null,"plate_ids":[101,919],"name":"outboard laurentian transform"},"geometry":{"type":"LineString","coordinates":[[-143.995,26.841],[-144.473,26.688],[-144.949,26.533],[-145.425,26.376],[-145.899,26.219],[-146.372,26.059],[-146.844,25.898],[-147.314,25.736],[-147.783,25.572],[-148.251,25.406],[-148.717,25.239],[-149.152,24.974],[-149.585,24.708],[-150.016,24.441],[-150.446,24.172],[-150.874,23.902],[-151.299,23.631],[-151.723,23.359],[-152.146,23.086],[-152.566,22.812],[-152.985,22.536],[-153.403,22.26],[-153.818,21.982],[-154.232,21.704],[-154.645,21.424],[-155.055,21.143],[-155.465,20.862],[-155.872,20.579],[-156.234,20.239],[-156.594,19.897],[-156.953,19.555],[-157.31,19.213],[-157.666,18.869],[-158.02,18.525],[-158.373,18.181],[-158.724,17.835],[-159.074,17.489],[-159.423,17.143],[-159.77,16.795],[-160.116,16.448],[-160.461,16.099],[-160.805,15.751],[-161.148,15.401],[-161.489,15.051],[-161.829,14.701],[-162.072,14.286],[-162.315,13.871],[-162.556,13.455],[-162.797,13.04],[-163.037,12.624],[-163.276,12.208],[-163.515,11.791],[-163.752,11.375],[-163.989,10.958],[-164.225,10.541],[-164.461,10.124],[-164.696,9.707],[-164.931,9.289],[-165.164,8.872],[-165.398,8.454],[-165.631,8.036],[-165.863,7.618],[-166.013,7.155],[-166.162,6.692],[-166.311,6.228],[-166.46,5.765],[-166.609,5.301],[-166.757,4.838],[-166.905,4.374],[-167.053,3.91],[-167.201,3.447],[-167.349,2.983],[-167.496,2.519]]}},{"type":"Feature","properties":{"boundary_type":"transform","feature_type":"gpml:Transform","polarity":null,"overriding_plate_id":null,"subducting_plate_id":null,"plate_ids":[460,580],"name":"North Tianshan Ocean transform"},"geometry":{"type":"LineString","coordinates":[[21.422,-1.714],[21.614,-2.171],[21.807,-2.629],[21.999,-3.086],[22.192,-3.543],[22.385,-4.001],[22.579,-4.458],[22.772,-4.915],[22.966,-5.372],[23.09,-5.654],[23.214,-5.936],[23.409,-6.29],[23.603,-6.645],[23.798,-7.0],[24.036,-7.263],[24.274,-7.525],[24.512,-7.788],[24.609,-7.905]]}},{"type":"Feature","properties":{"boundary_type":"transform","feature_type":"gpml:Transform","polarity":null,"overriding_plate_id":null,"subducting_plate_id":null,"plate_ids":[601,926],"name":"North China transform"},"geometry":{"type":"LineString","coordinates":[[56.473,-1.007],[56.454,-1.276]]}},{"type":"Feature","properties":{"boundary_type":"transform","feature_type":"gpml:Transform","polarity":null,"overriding_plate_id":null,"subducting_plate_id":null,"plate_ids":[456,601],"name":"North China transform"},"geometry":{"type":"LineString","coordinates":[[56.454,-1.276],[56.422,-1.736],[56.39,-2.196],[56.358,-2.656],[56.326,-3.116],[56.294,-3.576],[56.263,-4.061],[56.233,-4.545],[56.202,-5.03],[56.172,-5.515],[56.141,-6.0],[56.11,-6.484],[56.061,-6.935],[56.012,-7.385],[55.963,-7.835],[55.914,-8.285],[55.864,-8.736],[55.815,-9.186],[55.765,-9.636],[55.668,-10.092],[55.572,-10.547],[55.475,-11.002],[55.377,-11.458],[55.279,-11.913],[55.181,-12.368],[55.178,-12.575]]}},{"type":"Feature","properties":{"boundary_type":"transform","feature_type":"gpml:Transform","polarity":null,"overriding_plate_id":null,"subducting_plate_id":null,"plate_ids":[456,580],"name":"Transform"},"geometry":{"type":"LineString","coordinates":[[55.072,-17.445],[55.08,-17.037],[55.089,-16.629],[55.097,-16.221],[55.161,-15.757],[55.225,-15.293],[55.288,-14.83],[55.351,-14.366],[55.414,-13.902],[55.477,-13.438],[55.539,-12.975],[55.601,-12.511]]}},{"type":"Feature","properties":{"boundary_type":"transform","feature_type":"gpml:Transform","polarity":null,"overriding_plate_id":null,"subducting_plate_id":null,"plate_ids":[601,6026],"name":"South China-North China Transform"},"geometry":{"type":"LineString","coordinates":[[80.487,1.034],[80.41,0.591],[80.333,0.148],[80.257,-0.295],[80.18,-0.738],[80.103,-1.181],[80.176,-1.64],[80.25,-2.098],[80.323,-2.557],[80.397,-3.015],[80.47,-3.474],[80.533,-3.94],[80.595,-4.405],[80.658,-4.871],[80.721,-5.337],[80.783,-5.802],[80.846,-6.268],[80.909,-6.733],[80.973,-7.199],[81.036,-7.665]]}},{"type":"Feature","properties":{"boundary_type":"transform","feature_type":"gpml:Transform","polarity":null,"overriding_plate_id":null,"subducting_plate_id":null,"plate_ids":[601,602,701],"name":"South China-North China Transform"},"geometry":{"type":"LineString","coordinates":[[81.036,-7.665],[81.1,-8.135],[81.164,-8.606],[81.229,-9.076],[81.293,-9.547],[81.358,-10.017],[81.368,-10.484],[81.377,-10.95],[81.387,-11.416],[81.396,-11.882],[81.406,-12.349],[81.416,-12.815],[81.425,-13.281],[81.438,-13.763],[81.451,-14.245],[81.465,-14.727],[81.478,-15.209],[81.491,-15.69]]}},{"type":"Feature","properties":{"boundary_type":"transform","feature_type":"gpml:Transform","polarity":null,"overriding_plate_id":null,"subducting_plate_id":null,"plate_ids":[302,404],"name":"Kara-Baltica transform"},"geometry":{"type":"LineString","coordinates":[[-25.834,-35.865],[-25.722,-35.796],[-25.341,-35.484],[-24.962,-35.17],[-24.587,-34.855],[-24.333,-34.516],[-24.08,-34.177],[-23.83,-33.838],[-23.64,-33.486],[-23.452,-33.135],[-23.265,-32.783],[-23.112,-32.386],[-22.961,-31.988],[-22.873,-31.51]]}},{"type":"Feature","properties":{"boundary_type":"transform","feature_type":"gpml:Transform","polarity":null,"overriding_plate_id":null,"subducting_plate_id":null,"plate_ids":[401,466],"name":"Transform"},"geometry":{"type":"LineString","coordinates":[[-25.58,-23.237],[-25.154,-23.494],[-24.725,-23.749],[-24.295,-24.004],[-23.863,-24.257],[-23.43,-24.51],[-22.995,-24.761],[-22.558,-25.01],[-22.119,-25.259],[-21.678,-25.506],[-21.236,-25.751],[-20.792,-25.996],[-20.346,-26.239],[-19.894,-26.509],[-19.44,-26.777],[-18.983,-27.044],[-18.525,-27.309],[-18.064,-27.573],[-17.601,-27.836],[-17.136,-28.097],[-16.668,-28.356],[-16.198,-28.614],[-15.726,-28.87],[-15.252,-29.124],[-14.775,-29.377],[-14.296,-29.628],[-14.249,-29.645]]}},{"type":"Feature","properties":{"boundary_type":"transform","feature_type":"gpml:Transform","polarity":null,"overriding_plate_id":null,"subducting_plate_id":null,"plate_ids":[602],"name":"South China-Gondwana Transform"},"geometry":{"type":"LineString","coordinates":[[107.639,-19.617],[107.459,-20.077],[107.278,-20.537],[107.096,-20.997],[106.913,-21.457],[106.729,-21.916],[106.543,-22.376],[106.357,-22.835],[106.169,-23.294],[105.979,-23.752],[105.789,-24.211],[105.597,-24.669],[105.404,-25.127],[105.209,-25.585],[105.013,-26.042],[104.815,-26.499],[104.615,-26.956],[104.414,-27.413],[104.212,-27.869],[104.007,-28.325],[103.801,-28.781],[103.593,-29.236],[103.383,-29.692],[103.171,-30.146],[102.958,-30.601],[102.742,-31.055],[102.524,-31.508],[102.242,-31.918],[101.957,-32.326],[101.67,-32.734],[101.379,-33.141],[101.087,-33.547],[100.791,-33.953],[100.493,-34.358],[100.191,-34.762],[99.887,-35.166],[99.58,-35.569],[99.269,-35.971],[98.956,-36.372],[98.639,-36.772],[98.319,-37.172],[97.995,-37.571],[97.668,-37.968],[97.338,-38.365]]}},{"type":"Feature","properties":{"boundary_type":"transform","feature_type":"gpml:Transform","polarity":null,"overriding_plate_id":null,"subducting_plate_id":null,"plate_ids":[302,404],"name":"Kara-Baltica transform"},"geometry":{"type":"LineString","coordinates":[[-10.323,-42.772],[-9.712,-42.784],[-9.1,-42.793],[-8.488,-42.799],[-7.876,-42.801],[-7.263,-42.8],[-6.651,-42.796],[-6.039,-42.789],[-5.374,-42.755],[-4.71,-42.716],[-4.047,-42.674],[-3.384,-42.628],[-2.723,-42.579],[-2.062,-42.525],[-1.403,-42.468],[-0.745,-42.407],[-0.089,-42.342],[0.586,-42.378],[1.262,-42.41],[1.938,-42.439],[2.615,-42.463],[3.292,-42.483],[3.969,-42.499],[4.647,-42.512],[5.326,-42.52],[6.004,-42.524],[6.682,-42.525],[7.36,-42.521],[8.039,-42.513],[8.717,-42.501],[9.376,-42.451],[10.035,-42.397],[10.693,-42.339],[11.349,-42.278],[12.004,-42.212],[12.658,-42.143],[13.31,-42.071],[13.96,-41.994],[14.609,-41.914],[15.257,-41.83],[15.902,-41.743]]}}]}