{"type":"FeatureCollection","meta":{"model":"Cao2024","reconstruction_time_ma":120.0,"anchor_plate_id":0,"pygplates_version":"1.0.0","tessellate_degrees":0.5,"polarity_convention":"gpml:subductionPolarity. 'Left'/'Right' names the side of the line, in vertex order, on which the OVERRIDING plate lies. Triangles are drawn on that side.","antimeridian":"Lines are NOT split at +/-180 deg. The renderer works in 3D unit vectors where the dateline is not special; splitting would only add spurious breaks. Do not treat this as RFC 7946 GIS-ready 2D data."},"features":[{"type":"Feature","properties":{"boundary_type":"other","feature_type":"gpml:ContinentalRift","polarity":null,"overriding_plate_id":null,"subducting_plate_id":null,"plate_ids":[802,806],"name":"Australia - Antarctica rift"},"geometry":{"type":"LineString","coordinates":[[-90.79,-75.538],[-90.865,-75.569],[-91.901,-75.944],[-92.993,-76.314],[-94.143,-76.679],[-95.357,-77.039],[-96.638,-77.393],[-97.992,-77.741],[-99.422,-78.081],[-100.569,-78.472],[-101.794,-78.858],[-103.106,-79.239],[-104.512,-79.614],[-106.021,-79.982],[-107.643,-80.343],[-108.959,-80.732],[-110.39,-81.116],[-111.947,-81.493],[-113.647,-81.864],[-114.282,-82.34],[-115.002,-82.815],[-115.822,-83.288],[-116.766,-83.76],[-118.007,-84.19],[-119.446,-84.616],[-121.129,-85.039],[-123.124,-85.456],[-125.517,-85.867],[-127.923,-86.304],[-130.966,-86.733],[-134.913,-87.15],[-140.175,-87.549],[-147.315,-87.783],[-155.968,-87.975],[-167.365,-88.064],[-179.342,-88.072],[170.199,-87.957],[161.114,-87.783],[153.513,-87.562],[151.784,-87.068],[150.554,-86.573],[149.635,-86.077],[146.631,-85.643],[144.177,-85.198],[142.14,-84.747],[140.427,-84.29],[138.967,-83.829],[137.711,-83.364],[136.619,-82.897],[135.662,-82.427],[134.815,-81.955]]}},{"type":"Feature","properties":{"boundary_type":"other","feature_type":"gpml:ContinentalRift","polarity":null,"overriding_plate_id":null,"subducting_plate_id":null,"plate_ids":[801,802],"name":"Australia - Antarctica rift"},"geometry":{"type":"LineString","coordinates":[[134.815,-81.955],[134.11,-81.514],[132.957,-81.104],[131.905,-80.69],[130.943,-80.274],[130.058,-79.856],[129.243,-79.435],[128.49,-79.012],[127.793,-78.588],[126.604,-78.21],[125.488,-77.827],[124.439,-77.44],[123.453,-77.05],[122.523,-76.655],[121.646,-76.258],[120.818,-75.858],[120.034,-75.455],[119.034,-75.07],[118.082,-74.682],[117.177,-74.289],[116.316,-73.893],[115.494,-73.494],[114.659,-73.102],[113.86,-72.707],[113.097,-72.309],[112.365,-71.908],[111.665,-71.505],[110.781,-71.219],[110.035,-70.933],[109.451,-70.727],[108.879,-70.519],[107.998,-70.247],[107.157,-69.991],[106.61,-69.847],[105.559,-69.585],[105.067,-69.411],[104.448,-69.278],[103.31,-69.032],[102.592,-68.879],[101.932,-68.71],[101.269,-68.502],[100.903,-68.313],[100.761,-68.171],[100.508,-67.927],[100.377,-67.65],[100.032,-67.322],[99.689,-67.114],[99.315,-66.94],[98.589,-66.741],[98.039,-66.616],[97.702,-66.524],[97.122,-66.379],[96.691,-66.251],[96.121,-66.104],[95.223,-65.839],[94.578,-65.691],[93.582,-65.494],[92.752,-65.319],[92.063,-65.217],[91.402,-65.138],[90.656,-65.057],[89.898,-64.996],[89.229,-64.923],[88.778,-64.825],[88.147,-64.61],[87.528,-64.488],[86.927,-64.286],[86.025,-63.993],[85.705,-63.852],[84.979,-63.668],[84.316,-63.532],[83.827,-63.418],[83.135,-63.311],[82.555,-63.215],[81.751,-63.057],[80.875,-62.884],[80.444,-62.778],[79.528,-62.509],[79.03,-62.301],[78.698,-62.062],[78.218,-61.836],[77.88,-61.699],[77.517,-61.48],[77.219,-61.249],[76.859,-60.999],[76.691,-60.852],[76.557,-60.762],[76.01,-60.468],[75.483,-60.212],[74.964,-59.954],[74.691,-59.589],[74.661,-59.536]]}},{"type":"Feature","properties":{"boundary_type":"other","feature_type":"gpml:ContinentalRift","polarity":null,"overriding_plate_id":null,"subducting_plate_id":null,"plate_ids":[501,801],"name":"Australia - Antarctica rift"},"geometry":{"type":"LineString","coordinates":[[74.661,-59.536],[74.411,-59.078],[74.331,-58.751],[74.252,-58.425],[73.901,-58.039],[73.557,-57.652],[73.221,-57.265],[72.764,-56.912],[72.315,-56.559],[71.876,-56.203],[71.444,-55.846],[70.884,-55.484]]}},{"type":"Feature","properties":{"boundary_type":"transform","feature_type":"gpml:Transform","polarity":null,"overriding_plate_id":null,"subducting_plate_id":null,"plate_ids":[501,715],"name":"Proto Owen Fracture Zone - transform boundary"},"geometry":{"type":"LineString","coordinates":[[57.753,-15.359],[58.019,-14.966],[58.283,-14.573],[58.547,-14.179],[58.809,-13.785],[59.071,-13.391],[59.332,-12.997],[59.637,-12.636],[59.941,-12.275],[60.244,-11.913],[60.547,-11.551],[60.848,-11.189],[61.149,-10.827],[61.45,-10.464],[61.749,-10.101],[62.048,-9.737],[62.346,-9.374],[62.66,-9.015],[62.973,-8.655],[63.285,-8.296],[63.597,-7.936],[63.908,-7.576],[64.219,-7.216],[64.529,-6.856],[64.839,-6.495],[65.148,-6.134],[65.457,-5.773],[65.804,-5.415],[66.151,-5.056],[66.497,-4.697],[66.843,-4.337],[67.188,-3.978],[67.534,-3.619],[67.879,-3.259],[68.223,-2.899],[68.568,-2.539],[68.912,-2.179],[69.256,-1.819],[69.6,-1.459],[69.944,-1.099],[70.288,-0.739],[70.632,-0.378],[70.976,-0.018],[71.319,0.342],[71.663,0.702],[72.007,1.063],[72.351,1.423],[72.695,1.783],[73.039,2.143],[73.306,2.462],[73.573,2.781],[73.84,3.1]]}},{"type":"Feature","properties":{"boundary_type":"transform","feature_type":"gpml:Transform","polarity":null,"overriding_plate_id":null,"subducting_plate_id":null,"plate_ids":[529,715],"name":"Proto Owen Fracture Zone - transform boundary"},"geometry":{"type":"LineString","coordinates":[[73.84,3.1],[74.155,3.477],[74.471,3.853],[74.787,4.229],[75.104,4.606],[75.42,4.982],[75.737,5.358],[76.055,5.733],[76.382,6.092],[76.71,6.45],[77.038,6.809],[77.366,7.167],[77.696,7.525],[78.025,7.882],[78.355,8.24],[78.686,8.597],[79.018,8.954],[79.35,9.31],[79.682,9.666],[80.016,10.022],[80.35,10.378],[80.685,10.733],[81.021,11.088],[81.357,11.442],[81.695,11.796]]}},{"type":"Feature","properties":{"boundary_type":"transform","feature_type":"gpml:Transform","polarity":null,"overriding_plate_id":null,"subducting_plate_id":null,"plate_ids":[528,715],"name":"Proto Owen Fracture Zone - transform boundary"},"geometry":{"type":"LineString","coordinates":[[81.695,11.796],[82.006,12.122],[82.318,12.447],[82.631,12.772],[82.945,13.096],[83.231,13.49],[83.518,13.884],[83.806,14.278],[84.095,14.671],[84.385,15.064],[84.676,15.456],[84.968,15.848],[85.261,16.239],[85.556,16.631]]}},{"type":"Feature","properties":{"boundary_type":"transform","feature_type":"gpml:Transform","polarity":null,"overriding_plate_id":null,"subducting_plate_id":null,"plate_ids":[301,528],"name":"Proto Owen Fracture Zone - transform boundary"},"geometry":{"type":"LineString","coordinates":[[85.556,16.631],[85.847,17.015],[86.138,17.398],[86.431,17.781],[86.726,18.164],[87.021,18.546],[87.318,18.928],[87.616,19.31],[87.916,19.69],[88.217,20.071]]}},{"type":"Feature","properties":{"boundary_type":"other","feature_type":"gpml:InferredPaleoBoundary","polarity":null,"overriding_plate_id":null,"subducting_plate_id":null,"plate_ids":[714,715],"name":"Morocco"},"geometry":{"type":"LineString","coordinates":[[31.932,12.659],[32.203,12.427],[32.474,12.196],[32.802,11.831],[33.13,11.467],[33.456,11.102],[33.782,10.737],[34.106,10.371],[34.43,10.005],[34.754,9.639],[35.076,9.272]]}},{"type":"Feature","properties":{"boundary_type":"other","feature_type":"gpml:InferredPaleoBoundary","polarity":null,"overriding_plate_id":null,"subducting_plate_id":null,"plate_ids":[101,301],"name":"NAM EUR 140 115 lom"},"geometry":{"type":"LineString","coordinates":[[20.691,68.765],[20.881,68.849],[21.601,69.262],[22.348,69.673],[23.125,70.08],[23.932,70.483],[24.772,70.883],[25.647,71.279],[26.557,71.67],[27.506,72.058],[28.495,72.44],[29.527,72.817],[30.603,73.189],[31.725,73.555],[32.813,73.915],[33.95,74.269],[35.136,74.617],[36.376,74.959],[37.671,75.293],[39.025,75.621],[40.382,75.943],[41.8,76.257],[43.282,76.563],[44.831,76.86],[46.448,77.147],[48.138,77.424],[49.9,77.689],[51.738,77.943],[53.651,78.185],[55.438,78.448],[57.306,78.7],[59.256,78.941],[61.29,79.168],[63.406,79.381],[65.605,79.579],[67.885,79.762],[70.244,79.928],[72.666,80.055],[75.146,80.164],[77.677,80.255],[80.249,80.327],[82.855,80.379],[85.483,80.412],[88.124,80.424],[90.766,80.417],[92.926,80.635],[95.186,80.839],[97.544,81.029],[99.999,81.203],[102.547,81.361],[103.641,81.626],[104.805,81.888]]}},{"type":"Feature","properties":{"boundary_type":"other","feature_type":"gpml:InferredPaleoBoundary","polarity":null,"overriding_plate_id":null,"subducting_plate_id":null,"plate_ids":[101,409],"name":"NAM EUR 140 115 lom"},"geometry":{"type":"LineString","coordinates":[[104.805,81.888],[106.752,82.285],[108.906,82.672],[111.295,83.048],[113.951,83.41],[116.907,83.757],[120.2,84.086],[123.865,84.392],[127.934,84.674],[132.43,84.926],[137.36,85.143],[141.838,85.391],[146.789,85.608],[152.208,85.789],[158.055,85.929],[164.249,86.024],[170.667,86.071],[177.442,86.025],[-176.028,85.924],[-169.885,85.774],[-164.222,85.58],[-159.082,85.346],[-154.465,85.078],[-150.078,84.85],[-146.084,84.594],[-142.465,84.314],[-139.196,84.014],[-136.714,83.703],[-134.469,83.381],[-132.434,83.05],[-132.394,82.573],[-132.358,82.096],[-132.326,81.62],[-132.298,81.143],[-132.273,80.666],[-132.25,80.19],[-133.938,79.848],[-135.517,79.499],[-136.993,79.142],[-138.377,78.778],[-139.673,78.409],[-140.89,78.034],[-142.034,77.654],[-143.267,77.364],[-144.445,77.069],[-145.571,76.769],[-146.647,76.464]]}},{"type":"Feature","properties":{"boundary_type":"transform","feature_type":"gpml:Transform","polarity":null,"overriding_plate_id":null,"subducting_plate_id":null,"plate_ids":[501,701],"name":""},"geometry":{"type":"LineString","coordinates":[[50.087,-20.674],[49.916,-21.143],[49.744,-21.612],[49.572,-22.081],[49.397,-22.549],[49.222,-23.018],[49.046,-23.486],[48.868,-23.954],[48.689,-24.422],[48.508,-24.889],[48.327,-25.357],[48.149,-25.795],[47.971,-26.232],[47.791,-26.67],[47.61,-27.107],[47.427,-27.544],[47.243,-27.98],[47.058,-28.417],[46.871,-28.853],[46.703,-29.293],[46.534,-29.733],[46.363,-30.172],[46.191,-30.611],[46.017,-31.05],[45.842,-31.489],[45.665,-31.928],[45.461,-32.362],[45.254,-32.796],[45.046,-33.229],[44.835,-33.663],[44.622,-34.096],[44.407,-34.528],[44.19,-34.96],[43.971,-35.392],[43.749,-35.823],[43.525,-36.254],[43.298,-36.685],[43.069,-37.115],[42.878,-37.576],[42.685,-38.037],[42.49,-38.498],[42.292,-38.958],[42.091,-39.418],[41.888,-39.878],[41.682,-40.338],[41.473,-40.797],[41.261,-41.255],[41.046,-41.713],[40.828,-42.171],[40.607,-42.629],[40.229,-43.024],[39.846,-43.418],[39.457,-43.811],[39.064,-44.202],[38.665,-44.592],[38.261,-44.981],[37.852,-45.368],[37.437,-45.753],[37.016,-46.138],[36.589,-46.52],[36.156,-46.901],[35.717,-47.28],[35.272,-47.658],[34.82,-48.034],[34.361,-48.408],[33.896,-48.78],[33.424,-49.15],[32.945,-49.519],[32.458,-49.885],[31.964,-50.249],[31.463,-50.612],[30.953,-50.972],[30.436,-51.329],[29.911,-51.685],[29.498,-51.74],[29.084,-51.794]]}},{"type":"Feature","properties":{"boundary_type":"ridge","feature_type":"gpml:MidOceanRidge","polarity":null,"overriding_plate_id":null,"subducting_plate_id":null,"plate_ids":[501,802],"name":"Ridge from iso M0 from Antarctica at 120.4Ma"},"geometry":{"type":"LineString","coordinates":[[35.052,-53.489],[34.318,-53.31],[33.591,-53.126],[32.87,-52.938],[32.155,-52.746],[31.447,-52.549],[30.849,-52.365],[30.255,-52.178],[29.667,-51.987],[29.084,-51.794]]}},{"type":"Feature","properties":{"boundary_type":"ridge","feature_type":"gpml:MidOceanRidge","polarity":null,"overriding_plate_id":null,"subducting_plate_id":null,"plate_ids":[701,802],"name":"Ridge from iso M0 from Antarctica at 120.4Ma"},"geometry":{"type":"LineString","coordinates":[[29.084,-51.794],[28.434,-51.574],[27.79,-51.349],[27.152,-51.121],[26.521,-50.89],[25.896,-50.656],[25.278,-50.418],[24.665,-50.177],[24.059,-49.932],[23.459,-49.685],[23.689,-49.279],[23.915,-48.872],[24.137,-48.465],[23.488,-48.302],[22.842,-48.135],[22.201,-47.965],[21.565,-47.791],[20.932,-47.613],[20.716,-47.902],[20.497,-48.19],[19.976,-48.037],[19.458,-47.881],[18.943,-47.722],[18.613,-48.106],[18.278,-48.488],[17.937,-48.869],[17.277,-48.649],[16.623,-48.424],[15.974,-48.196],[15.617,-48.59],[15.253,-48.983],[14.884,-49.375],[14.509,-49.765],[14.128,-50.154],[13.74,-50.542],[13.347,-50.929],[12.777,-50.706],[12.213,-50.48],[11.654,-50.251],[11.101,-50.02],[10.553,-49.786],[10.01,-49.549],[9.648,-49.94],[9.281,-50.329],[8.907,-50.717],[8.347,-50.446],[7.793,-50.172],[7.246,-49.896],[6.785,-50.293],[6.317,-50.688],[5.841,-51.081],[5.357,-51.472],[4.864,-51.861],[4.362,-52.248],[3.852,-52.633],[3.429,-52.414],[3.009,-52.194]]}},{"type":"Feature","properties":{"boundary_type":"ridge","feature_type":"gpml:MidOceanRidge","polarity":null,"overriding_plate_id":null,"subducting_plate_id":null,"plate_ids":[501,801],"name":"Perth Abyssal Plain MOR"},"geometry":{"type":"LineString","coordinates":[[76.096,-41.67],[76.225,-42.136],[76.355,-42.602],[76.511,-43.055],[76.67,-43.508],[76.83,-43.96],[76.993,-44.413],[77.159,-44.865],[77.327,-45.316],[77.498,-45.768],[77.672,-46.219],[77.849,-46.67],[78.032,-47.1],[78.219,-47.53],[78.409,-47.96],[78.601,-48.389],[78.797,-48.818],[78.997,-49.247],[79.2,-49.675],[79.406,-50.103],[78.902,-50.209],[78.992,-50.498],[78.518,-50.589],[78.042,-50.678],[78.24,-51.106],[78.442,-51.535],[78.648,-51.963],[78.858,-52.39],[79.072,-52.818],[79.29,-53.245],[78.845,-53.326],[78.399,-53.407],[78.554,-53.739],[78.71,-54.07],[78.692,-54.074]]}},{"type":"Feature","properties":{"boundary_type":"ridge","feature_type":"gpml:MidOceanRidge","polarity":null,"overriding_plate_id":null,"subducting_plate_id":null,"plate_ids":[201,701],"name":"SAM - AFR"},"geometry":{"type":"LineString","coordinates":[[3.192,-47.829],[3.1,-48.186],[3.006,-48.543],[2.868,-48.924],[2.728,-49.304],[2.586,-49.684],[2.036,-49.687],[1.911,-50.112],[1.784,-50.537],[1.655,-50.962],[2.212,-50.963],[2.188,-51.441],[2.163,-51.918],[2.137,-52.396],[2.129,-52.572]]}},{"type":"Feature","properties":{"boundary_type":"subduction","feature_type":"gpml:SubductionZone","polarity":"Right","overriding_plate_id":802,"subducting_plate_id":919,"plate_ids":[802,919],"name":"ANT tr f Antarcticar COB MG-4-22-07"},"geometry":{"type":"LineString","coordinates":[[-56.498,-71.086],[-55.662,-70.82],[-54.85,-70.464],[-54.065,-70.104],[-53.308,-69.74],[-52.669,-69.34],[-52.054,-68.938],[-51.55,-68.502],[-51.066,-68.064],[-50.508,-67.781],[-49.963,-67.495],[-49.207,-67.11],[-48.474,-66.722],[-48.375,-66.406],[-48.278,-66.089],[-48.139,-65.615],[-48.005,-65.141],[-47.982,-64.764],[-47.96,-64.386],[-47.938,-64.008],[-47.633,-63.664],[-47.335,-63.319],[-47.045,-62.973],[-46.803,-62.555],[-46.568,-62.136],[-46.476,-61.795],[-46.386,-61.455],[-46.298,-61.114],[-46.198,-60.668],[-46.101,-60.221],[-46.007,-59.774],[-45.607,-59.436],[-45.215,-59.098],[-44.649,-58.776],[-44.094,-58.452],[-43.752,-58.045],[-43.418,-57.637],[-42.86,-57.248],[-42.313,-56.858],[-41.777,-56.464],[-41.444,-56.066],[-41.117,-55.667],[-40.796,-55.266],[-40.147,-55.252],[-39.499,-55.235],[-38.748,-55.198],[-37.999,-55.156],[-37.383,-54.858],[-36.775,-54.557],[-36.251,-54.247],[-35.735,-53.935],[-35.226,-53.62],[-34.725,-53.304],[-34.231,-52.985]]}},{"type":"Feature","properties":{"boundary_type":"subduction","feature_type":"gpml:SubductionZone","polarity":"Right","overriding_plate_id":301,"subducting_plate_id":926,"plate_ids":[301,926],"name":"Japan sub zone fromEarthByte cob MG 4-20-07"},"geometry":{"type":"LineString","coordinates":[[164.075,68.347],[164.28,67.87],[164.476,67.393],[164.664,66.916],[164.846,66.439],[164.241,66.048],[163.656,65.655],[163.921,65.177],[164.177,64.699],[164.424,64.22],[164.662,63.74],[164.893,63.26],[165.116,62.78],[165.332,62.3],[165.541,61.819],[165.744,61.338],[165.94,60.856],[166.131,60.375],[166.316,59.893],[166.496,59.411],[166.671,58.928],[166.74,58.47],[166.806,58.012],[166.872,57.554],[166.935,57.096],[166.997,56.638],[166.977,56.198],[166.957,55.757],[166.937,55.316],[166.918,54.876],[166.9,54.435],[166.796,53.976],[166.695,53.516],[166.596,53.057],[166.613,52.62],[166.629,52.183],[166.645,51.746],[166.66,51.309],[166.675,50.872],[166.562,50.462],[166.451,50.052],[166.342,49.642],[166.234,49.231],[166.116,48.903],[165.999,48.575],[165.883,48.247],[165.633,47.858],[165.387,47.469],[165.144,47.079],[164.761,46.684],[164.383,46.287],[164.151,45.885],[163.923,45.483],[163.304,45.345],[162.689,45.204],[162.076,45.06],[161.467,44.912],[161.016,44.655],[160.57,44.397],[160.127,44.136],[159.688,43.874],[159.254,43.61],[158.747,43.324],[158.245,43.036],[157.747,42.746],[157.415,42.604],[157.084,42.461],[156.655,42.278],[156.227,42.094],[155.802,41.908],[155.368,41.639],[154.936,41.367],[154.552,41.075],[154.172,40.782],[153.794,40.487],[153.498,40.373],[153.202,40.258]]}},{"type":"Feature","properties":{"boundary_type":"subduction","feature_type":"gpml:SubductionZone","polarity":"Left","overriding_plate_id":301,"subducting_plate_id":926,"plate_ids":[301,926],"name":"Junction Subduction Zone"},"geometry":{"type":"LineString","coordinates":[[143.507,19.992],[143.563,20.483],[143.62,20.974],[143.678,21.466],[143.735,21.957],[144.016,22.342],[144.299,22.725],[144.583,23.109],[144.868,23.492],[145.155,23.874],[145.444,24.256],[145.735,24.637],[145.974,25.048],[146.214,25.459],[146.456,25.869],[146.7,26.279],[146.945,26.689],[147.192,27.098],[147.441,27.507],[147.692,27.915],[147.931,28.354],[148.172,28.793],[148.415,29.232],[148.66,29.67],[148.907,30.107],[149.156,30.544],[149.408,30.981],[149.662,31.417],[149.918,31.853],[150.177,32.288]]}},{"type":"Feature","properties":{"boundary_type":"subduction","feature_type":"gpml:SubductionZone","polarity":"Left","overriding_plate_id":301,"subducting_plate_id":715,"plate_ids":[301,715],"name":"Tethyan subduction after Afgan block accretion"},"geometry":{"type":"LineString","coordinates":[[66.076,30.653],[66.358,30.328],[66.638,30.001],[67.006,29.757],[67.373,29.513],[67.738,29.267],[68.107,29.011],[68.474,28.755],[68.839,28.497],[69.202,28.239],[69.608,28.046],[70.013,27.852],[70.416,27.657],[70.818,27.46],[71.271,27.292],[71.722,27.122],[72.172,26.95],[72.62,26.777],[73.067,26.603],[73.535,26.349],[74.001,26.093],[74.464,25.835],[74.926,25.577],[75.386,25.316],[75.844,25.055],[76.263,24.776],[76.68,24.497],[77.095,24.216],[77.509,23.934],[77.709,23.604],[77.909,23.273],[78.107,22.942],[78.304,22.61],[78.54,22.248],[78.774,21.886],[79.008,21.524],[79.24,21.161],[79.471,20.798],[79.857,20.472],[80.242,20.145],[80.625,19.817],[81.006,19.488],[81.386,19.159],[81.765,18.829],[82.184,18.543],[82.602,18.257],[83.019,17.97],[83.434,17.681],[83.848,17.392],[84.26,17.102],[84.671,16.811],[85.114,16.721],[85.556,16.631]]}},{"type":"Feature","properties":{"boundary_type":"subduction","feature_type":"gpml:SubductionZone","polarity":"Right","overriding_plate_id":101,"subducting_plate_id":902,"plate_ids":[101,902],"name":"Western NAM subduction"},"geometry":{"type":"LineString","coordinates":[[-49.054,19.452],[-49.445,19.675],[-49.838,19.896],[-50.208,20.202],[-50.579,20.507],[-50.951,20.812],[-51.325,21.115],[-51.701,21.418],[-52.078,21.72],[-52.456,22.021],[-52.596,22.495],[-52.736,22.97],[-52.877,23.444],[-53.02,23.918],[-53.163,24.391],[-53.307,24.865],[-53.563,25.255],[-53.819,25.643],[-54.078,26.032],[-54.338,26.42],[-54.6,26.807],[-54.864,27.195],[-55.066,27.498],[-55.269,27.802],[-55.473,28.105],[-55.647,28.479],[-55.822,28.852],[-55.998,29.225],[-56.176,29.598],[-56.299,29.926],[-56.424,30.254],[-56.549,30.582],[-56.731,30.95],[-56.914,31.318],[-57.099,31.686],[-57.186,32.034],[-57.274,32.382],[-57.362,32.731],[-57.476,33.116],[-57.591,33.502],[-57.708,33.887],[-57.825,34.273],[-57.906,34.741],[-57.989,35.208],[-58.298,35.607],[-58.611,36.004],[-58.927,36.401],[-59.246,36.797],[-59.548,37.037],[-59.852,37.276],[-60.159,37.514],[-60.545,37.786],[-60.934,38.056],[-61.326,38.325],[-61.558,38.62],[-61.791,38.914],[-62.147,39.257],[-62.507,39.599],[-62.873,39.796],[-63.241,39.991],[-63.612,40.185],[-63.739,40.551],[-63.868,40.917],[-63.999,41.283],[-64.303,41.725],[-64.612,42.165],[-64.925,42.605],[-65.171,42.981],[-65.42,43.357],[-65.672,43.732],[-65.927,44.106],[-66.185,44.48],[-66.31,44.904],[-66.436,45.328],[-66.564,45.751],[-66.694,46.175],[-66.823,46.551],[-66.953,46.927],[-67.086,47.302],[-67.221,47.678],[-67.079,48.134],[-66.936,48.591],[-66.789,49.047],[-66.64,49.503],[-66.341,49.963],[-66.036,50.423],[-65.726,50.882],[-65.409,51.34],[-65.047,51.775],[-64.677,52.209],[-64.3,52.642],[-63.916,53.074],[-63.725,53.501],[-63.529,53.928],[-63.33,54.354],[-63.126,54.781],[-62.918,55.207],[-62.706,55.632],[-63.077,56.011],[-63.456,56.389],[-63.843,56.766],[-64.237,57.141],[-64.702,57.438],[-65.174,57.732],[-65.655,58.025],[-66.143,58.317],[-66.36,58.707],[-66.582,59.097],[-66.958,59.523],[-67.344,59.948],[-67.635,60.254],[-67.933,60.559],[-68.235,60.864],[-68.522,61.267],[-68.869,61.728],[-69.226,62.188],[-69.359,62.545],[-69.495,62.903],[-69.634,63.26],[-69.644,63.691],[-69.654,64.122],[-69.718,64.456],[-69.784,64.79],[-69.852,65.124],[-70.075,65.503],[-69.825,65.967],[-70.058,66.342],[-70.083,66.698],[-70.387,67.166],[-70.949,67.609],[-71.193,67.804],[-71.464,68.177],[-71.882,68.515],[-72.172,68.886],[-72.429,69.342],[-72.55,69.591],[-72.674,69.841],[-72.665,70.103],[-72.655,70.366],[-72.715,70.803],[-72.777,71.24]]}},{"type":"Feature","properties":{"boundary_type":"other","feature_type":"gpml:TerraneBoundary","polarity":null,"overriding_plate_id":null,"subducting_plate_id":null,"plate_ids":[201,802],"name":"E/W ANT"},"geometry":{"type":"LineString","coordinates":[[-33.62,-57.157],[-33.613,-57.147],[-33.366,-56.68],[-33.125,-56.212],[-32.89,-55.744],[-32.688,-55.349],[-32.489,-54.954],[-32.294,-54.558],[-32.08,-54.295],[-31.869,-54.031]]}},{"type":"Feature","properties":{"boundary_type":"other","feature_type":"gpml:TerraneBoundary","polarity":null,"overriding_plate_id":null,"subducting_plate_id":null,"plate_ids":[101,301],"name":"North Greenland boundary"},"geometry":{"type":"LineString","coordinates":[[20.691,68.765],[21.17,68.873],[22.083,68.726],[22.77,68.687],[23.455,68.645],[24.23,68.626],[25.004,68.603],[25.964,68.33],[26.9,68.052],[27.964,67.778],[29.002,67.497],[29.788,67.226],[30.556,66.95],[31.072,66.616],[31.574,66.28],[32.062,65.943],[32.538,65.604],[32.993,65.17],[33.433,64.736],[33.859,64.299],[34.272,63.862],[34.672,63.424],[35.06,62.984],[35.086,62.961]]}},{"type":"Feature","properties":{"boundary_type":"other","feature_type":"gpml:TerraneBoundary","polarity":null,"overriding_plate_id":null,"subducting_plate_id":null,"plate_ids":[201,714],"name":"Northwest Africa-Benue Trough"},"geometry":{"type":"LineString","coordinates":[[5.819,-3.732],[6.288,-3.683],[6.757,-3.635],[7.226,-3.585],[7.576,-3.549],[7.926,-3.512],[7.948,-3.511]]}},{"type":"Feature","properties":{"boundary_type":"other","feature_type":"gpml:TerraneBoundary","polarity":null,"overriding_plate_id":null,"subducting_plate_id":null,"plate_ids":[701,714],"name":"Northwest Africa-Benue Trough"},"geometry":{"type":"LineString","coordinates":[[7.948,-3.511],[8.412,-3.488],[8.876,-3.464],[9.222,-3.464],[9.568,-3.465],[10.002,-3.455],[10.306,-3.389],[10.633,-3.391],[10.961,-3.393],[11.355,-3.407],[11.748,-3.42],[12.087,-3.473],[12.425,-3.526],[12.764,-3.579],[13.117,-3.659],[13.47,-3.739]]}},{"type":"Feature","properties":{"boundary_type":"other","feature_type":"gpml:TerraneBoundary","polarity":null,"overriding_plate_id":null,"subducting_plate_id":null,"plate_ids":[714,715],"name":"Northwest Africa-Benue Trough"},"geometry":{"type":"LineString","coordinates":[[13.47,-3.739],[13.772,-3.826],[14.074,-3.913],[14.421,-3.973],[14.767,-4.032],[15.114,-4.091]]}},{"type":"Feature","properties":{"boundary_type":"other","feature_type":"gpml:TerraneBoundary","polarity":null,"overriding_plate_id":null,"subducting_plate_id":null,"plate_ids":[201,701],"name":"Parana Basin-Patagonia"},"geometry":{"type":"LineString","coordinates":[[-10.087,-47.096],[-9.72,-47.117],[-9.353,-47.138],[-8.697,-47.166],[-8.04,-47.19],[-7.383,-47.21],[-6.725,-47.227],[-6.085,-47.273],[-5.443,-47.314],[-4.801,-47.353],[-4.157,-47.387],[-3.477,-47.461],[-2.795,-47.531],[-2.111,-47.597],[-1.425,-47.659],[-0.737,-47.717],[-0.101,-47.747],[0.536,-47.773],[1.173,-47.796],[1.811,-47.815],[2.449,-47.83],[3.088,-47.842],[3.192,-47.829]]}},{"type":"Feature","properties":{"boundary_type":"subduction","feature_type":"gpml:SubductionZone","polarity":"Right","overriding_plate_id":806,"subducting_plate_id":919,"plate_ids":[806,919],"name":"Jarrod"},"geometry":{"type":"LineString","coordinates":[[-96.136,-76.019],[-94.315,-75.872],[-92.532,-75.712],[-90.79,-75.538]]}},{"type":"Feature","properties":{"boundary_type":"subduction","feature_type":"gpml:SubductionZone","polarity":"Right","overriding_plate_id":802,"subducting_plate_id":919,"plate_ids":[802,919],"name":"Jarrod"},"geometry":{"type":"LineString","coordinates":[[-90.79,-75.538],[-89.397,-75.387],[-88.032,-75.228],[-86.697,-75.061],[-85.039,-74.958],[-83.404,-74.844],[-81.795,-74.717],[-80.212,-74.58],[-78.658,-74.432],[-77.133,-74.272],[-75.639,-74.103],[-74.056,-73.942],[-72.504,-73.769],[-70.984,-73.585],[-69.499,-73.391],[-67.94,-73.176],[-66.42,-72.95],[-64.94,-72.713],[-63.5,-72.466],[-62.099,-72.208],[-60.737,-71.941],[-59.642,-71.736],[-58.57,-71.525],[-57.523,-71.308],[-56.498,-71.086]]}},{"type":"Feature","properties":{"boundary_type":"ridge","feature_type":"gpml:MidOceanRidge","polarity":null,"overriding_plate_id":null,"subducting_plate_id":null,"plate_ids":[501,801],"name":"MOR AG 2012"},"geometry":{"type":"LineString","coordinates":[[76.096,-41.67],[76.65,-41.541],[77.201,-41.409],[77.75,-41.275],[78.296,-41.138],[78.841,-40.999],[79.383,-40.857],[79.922,-40.712],[80.09,-41.133],[80.26,-41.553],[80.478,-42.026],[80.699,-42.498],[80.924,-42.969],[81.152,-43.44],[81.384,-43.911],[81.955,-43.669],[82.522,-43.424],[83.085,-43.176],[83.643,-42.926],[84.196,-42.673],[84.745,-42.417],[85.289,-42.159],[85.829,-41.898],[86.342,-41.58],[86.85,-41.26],[87.353,-40.938],[87.852,-40.614],[88.345,-40.288],[88.834,-39.96],[89.318,-39.629],[89.797,-39.297],[90.272,-38.963],[90.742,-38.626],[91.208,-38.288],[91.67,-37.948],[92.127,-37.607],[92.581,-37.263],[93.03,-36.918],[93.337,-36.665],[93.643,-36.412],[93.947,-36.158],[94.249,-35.812]]}},{"type":"Feature","properties":{"boundary_type":"ridge","feature_type":"gpml:MidOceanRidge","polarity":null,"overriding_plate_id":null,"subducting_plate_id":null,"plate_ids":[501,801],"name":"MOR AG 2012"},"geometry":{"type":"LineString","coordinates":[[94.249,-35.812],[94.836,-35.803],[95.422,-35.79],[96.001,-35.823],[96.581,-35.853],[97.162,-35.88],[97.742,-35.905],[98.324,-35.926],[98.905,-35.945],[99.487,-35.961],[100.068,-35.974],[100.65,-35.985],[100.72,-35.52],[100.79,-35.056],[100.858,-34.592],[100.926,-34.127],[100.993,-33.663],[101.059,-33.198],[101.64,-33.126],[102.221,-33.05],[102.8,-32.972],[103.378,-32.892],[103.956,-32.808],[104.532,-32.722],[105.107,-32.634],[105.681,-32.542],[106.254,-32.449],[106.825,-32.352],[107.396,-32.253],[107.965,-32.152],[108.532,-32.047],[109.099,-31.941],[109.664,-31.832],[110.228,-31.72],[110.79,-31.606],[111.351,-31.489],[111.911,-31.37],[112.469,-31.249],[113.026,-31.125],[113.581,-30.999],[114.135,-30.87],[114.687,-30.739],[115.238,-30.606],[115.787,-30.471],[116.335,-30.333],[116.445,-29.871],[116.554,-29.41],[116.662,-28.948],[116.769,-28.486],[117.293,-28.387],[117.815,-28.286],[118.337,-28.183],[118.858,-28.078],[119.378,-27.972],[119.431,-28.334],[119.484,-28.696],[119.538,-29.058],[120.075,-28.978],[120.612,-28.895],[121.148,-28.811],[121.683,-28.725],[121.74,-29.051],[121.797,-29.377],[122.281,-29.244],[122.764,-29.11],[123.245,-28.975],[123.725,-28.837],[124.203,-28.698],[124.681,-28.557]]}},{"type":"Feature","properties":{"boundary_type":"subduction","feature_type":"gpml:SubductionZone","polarity":"Right","overriding_plate_id":301,"subducting_plate_id":528,"plate_ids":[301,528],"name":"Subduction zone to close the Tethyan/Lhasa back-arc basin"},"geometry":{"type":"LineString","coordinates":[[113.753,12.155],[113.466,12.484],[113.179,12.812],[112.891,13.139],[112.602,13.467],[112.312,13.794],[112.021,14.12],[111.558,14.238],[111.094,14.355],[110.63,14.47],[110.165,14.585],[109.7,14.699],[109.234,14.812],[108.768,14.924],[108.302,15.036],[107.809,15.126],[107.316,15.216],[106.822,15.304],[106.328,15.392],[105.834,15.478],[105.339,15.563],[104.844,15.648],[104.41,15.806],[103.975,15.964],[103.539,16.121],[103.102,16.277],[102.665,16.432],[102.227,16.586],[101.789,16.739],[101.35,16.891],[100.91,17.043],[100.501,17.271],[100.092,17.498],[99.681,17.725],[99.27,17.951],[98.857,18.176],[98.444,18.4],[98.029,18.623],[97.567,18.734],[97.104,18.845],[96.64,18.954],[96.176,19.061],[95.712,19.168],[95.246,19.274],[94.781,19.378],[94.314,19.481],[93.847,19.583],[93.326,19.552],[92.805,19.518],[92.285,19.483],[91.765,19.447],[91.245,19.409],[90.742,19.523],[90.238,19.635],[89.734,19.746],[89.229,19.856],[88.723,19.964],[88.217,20.071]]}},{"type":"Feature","properties":{"boundary_type":"transform","feature_type":"gpml:Transform","polarity":null,"overriding_plate_id":null,"subducting_plate_id":null,"plate_ids":[801,806],"name":"Extend deforming zone"},"geometry":{"type":"LineString","coordinates":[[134.815,-81.955],[138.183,-81.853],[141.458,-81.725],[144.622,-81.57],[147.665,-81.391],[150.578,-81.189],[153.354,-80.966],[155.991,-80.722],[158.49,-80.461],[160.853,-80.183],[163.084,-79.889],[165.186,-79.581],[167.167,-79.26],[169.032,-78.927],[170.789,-78.584],[172.642,-78.472],[174.459,-78.348],[176.236,-78.214],[177.972,-78.069],[179.808,-78.073],[-178.357,-78.065],[-176.525,-78.046]]}},{"type":"Feature","properties":{"boundary_type":"subduction","feature_type":"gpml:SubductionZone","polarity":"Left","overriding_plate_id":301,"subducting_plate_id":926,"plate_ids":[301,926],"name":"Uda-Murgal Subduction Zone GS"},"geometry":{"type":"LineString","coordinates":[[164.075,68.347],[164.325,68.371]]}},{"type":"Feature","properties":{"boundary_type":"subduction","feature_type":"gpml:SubductionZone","polarity":"Left","overriding_plate_id":409,"subducting_plate_id":926,"plate_ids":[409,926],"name":"Uda-Murgal Subduction Zone GS"},"geometry":{"type":"LineString","coordinates":[[164.325,68.371],[165.394,68.47],[166.471,68.562],[167.558,68.647],[168.652,68.725],[169.753,68.796],[170.995,69.007],[172.261,69.209],[173.55,69.401],[174.861,69.584],[176.194,69.757],[177.549,69.919],[178.924,70.071],[-179.681,70.212],[-178.268,70.342],[-177.128,70.639],[-175.954,70.929],[-174.746,71.21],[-173.503,71.484],[-172.225,71.75],[-170.911,72.006],[-169.561,72.254],[-168.175,72.492],[-166.752,72.721],[-165.512,73.023],[-164.228,73.318],[-162.9,73.605],[-161.527,73.883],[-160.108,74.153],[-158.642,74.412],[-157.128,74.662],[-155.567,74.901],[-153.958,75.129],[-152.301,75.345],[-150.974,75.638],[-149.594,75.923],[-148.159,76.2],[-146.667,76.468]]}},{"type":"Feature","properties":{"boundary_type":"subduction","feature_type":"gpml:SubductionZone","polarity":"Left","overriding_plate_id":101,"subducting_plate_id":926,"plate_ids":[101,926],"name":"Uda-Murgal Subduction Zone GS"},"geometry":{"type":"LineString","coordinates":[[-146.667,76.468],[-145.543,76.657],[-144.387,76.842]]}},{"type":"Feature","properties":{"boundary_type":"other","feature_type":"gpml:UnclassifiedFeature","polarity":null,"overriding_plate_id":null,"subducting_plate_id":null,"plate_ids":[301,409],"name":"Boundary SIB-NAM test"},"geometry":{"type":"LineString","coordinates":[[104.805,81.888],[107.325,81.564],[109.656,81.224],[111.812,80.871],[113.806,80.507],[115.651,80.132],[117.362,79.747],[118.948,79.355],[120.299,78.969],[121.558,78.578],[122.735,78.182],[123.836,77.781],[124.868,77.377],[125.836,76.968],[126.746,76.556],[127.603,76.141],[128.967,75.798],[130.266,75.448],[131.506,75.091],[132.688,74.727],[133.816,74.357],[134.892,73.983],[136.207,73.732],[137.483,73.474],[138.72,73.208],[139.919,72.936],[141.081,72.656],[142.207,72.37],[143.298,72.078],[144.354,71.779],[145.913,71.752],[147.467,71.713],[149.014,71.661],[150.551,71.596],[151.93,71.52],[153.298,71.435],[154.653,71.339],[155.994,71.234],[157.319,71.119],[158.629,70.995],[159.922,70.862],[160.73,70.455],[161.506,70.044],[162.252,69.63],[162.97,69.213],[163.66,68.794],[164.325,68.371]]}},{"type":"Feature","properties":{"boundary_type":"other","feature_type":"gpml:InferredPaleoBoundary","polarity":null,"overriding_plate_id":null,"subducting_plate_id":null,"plate_ids":[101,409],"name":"KOST NE Siberia boundary GS"},"geometry":{"type":"LineString","coordinates":[[-146.667,76.468],[-146.647,76.464]]}},{"type":"Feature","properties":{"boundary_type":"subduction","feature_type":"gpml:SubductionZone","polarity":"Right","overriding_plate_id":101,"subducting_plate_id":902,"plate_ids":[101,902],"name":"Alaska Subduction GS"},"geometry":{"type":"LineString","coordinates":[[-72.777,71.24],[-74.218,71.225],[-75.657,71.199],[-77.09,71.162],[-78.501,71.25],[-79.925,71.328],[-81.359,71.394],[-82.802,71.45],[-84.252,71.495],[-85.709,71.529],[-87.17,71.552],[-88.634,71.563],[-90.098,71.563],[-91.562,71.552],[-93.023,71.53],[-94.426,71.657],[-95.847,71.773],[-97.285,71.879],[-98.738,71.974],[-100.205,72.058],[-101.407,72.294],[-102.639,72.522],[-103.903,72.743],[-105.197,72.955],[-106.523,73.159],[-107.879,73.355],[-109.267,73.541],[-110.518,73.833],[-111.813,74.117],[-113.154,74.393],[-114.54,74.66],[-115.974,74.919],[-117.456,75.168],[-118.987,75.408],[-120.412,75.619],[-121.878,75.822],[-123.385,76.015],[-124.932,76.199],[-126.519,76.372]]}},{"type":"Feature","properties":{"boundary_type":"subduction","feature_type":"gpml:SubductionZone","polarity":"Right","overriding_plate_id":101,"subducting_plate_id":926,"plate_ids":[101,926],"name":"Alaska Subduction GS"},"geometry":{"type":"LineString","coordinates":[[-126.519,76.372],[-128.139,76.535],[-130.057,76.651],[-132.007,76.753],[-133.984,76.839],[-135.984,76.91],[-138.004,76.966],[-140.038,77.006],[-142.226,76.933],[-144.387,76.842]]}},{"type":"Feature","properties":{"boundary_type":"ridge","feature_type":"gpml:MidOceanRidge","polarity":null,"overriding_plate_id":null,"subducting_plate_id":null,"plate_ids":[901,926],"name":"IZA-PAC MOR"},"geometry":{"type":"LineString","coordinates":[[-148.997,15.591],[-148.993,15.591],[-149.415,15.473],[-149.836,15.354],[-150.257,15.234],[-150.111,14.779],[-149.965,14.325],[-149.82,13.87],[-149.675,13.415],[-149.531,12.961],[-149.388,12.506],[-149.245,12.051],[-149.102,11.596],[-149.561,11.453],[-150.019,11.309],[-150.477,11.164],[-150.935,11.019],[-151.392,10.873],[-151.848,10.726],[-152.304,10.579],[-152.76,10.43],[-153.215,10.282],[-153.064,9.812],[-152.913,9.343],[-152.763,8.874],[-152.613,8.404],[-152.463,7.935],[-152.314,7.465],[-152.165,6.995],[-152.016,6.526],[-151.867,6.056],[-151.719,5.586],[-151.571,5.116],[-151.424,4.647],[-151.276,4.177],[-151.129,3.707],[-150.981,3.237],[-150.834,2.767],[-151.298,2.617],[-151.762,2.468],[-152.226,2.318],[-152.689,2.168],[-153.152,2.018],[-153.616,1.867],[-154.079,1.717],[-153.956,1.279],[-153.832,0.84],[-153.709,0.402],[-153.585,-0.036],[-153.462,-0.474],[-153.338,-0.913],[-153.215,-1.351],[-153.692,-1.487],[-154.169,-1.623],[-154.645,-1.76],[-155.122,-1.895],[-155.6,-2.031],[-156.077,-2.167],[-156.554,-2.303],[-157.031,-2.438],[-157.509,-2.573],[-157.986,-2.708],[-158.464,-2.843],[-158.941,-2.978],[-159.419,-3.112],[-159.897,-3.246],[-160.375,-3.38],[-160.854,-3.514],[-161.332,-3.648],[-161.81,-3.781],[-162.289,-3.914],[-162.768,-4.047],[-163.247,-4.179],[-163.726,-4.311],[-164.205,-4.443],[-164.685,-4.575],[-164.584,-4.992],[-164.483,-5.409],[-164.382,-5.826],[-164.28,-6.244],[-164.764,-6.371],[-165.248,-6.499],[-165.732,-6.626],[-166.216,-6.752],[-166.701,-6.879],[-167.186,-7.004],[-167.671,-7.129],[-168.156,-7.254],[-168.642,-7.378],[-169.128,-7.501],[-169.614,-7.624],[-170.1,-7.747],[-170.587,-7.869],[-171.074,-7.99],[-171.562,-8.111],[-172.049,-8.231],[-172.537,-8.351],[-173.025,-8.47],[-173.514,-8.588],[-174.003,-8.706],[-174.492,-8.823],[-174.981,-8.94],[-175.471,-9.056],[-175.961,-9.171],[-175.869,-9.655],[-175.776,-10.14],[-175.683,-10.624],[-175.59,-11.109],[-175.496,-11.593],[-175.403,-12.078],[-175.309,-12.562],[-175.214,-13.046],[-175.119,-13.531],[-175.024,-14.015],[-174.928,-14.499],[-175.421,-14.576],[-175.914,-14.651],[-176.407,-14.726],[-176.9,-14.8],[-177.394,-14.872],[-177.889,-14.944],[-178.383,-15.014],[-178.878,-15.084],[-179.373,-15.152],[-179.869,-15.219],[179.635,-15.285],[179.139,-15.35],[178.643,-15.414],[178.146,-15.477],[177.649,-15.539],[177.152,-15.6],[176.654,-15.659],[176.156,-15.717],[175.658,-15.775],[175.16,-15.831],[174.661,-15.886],[174.701,-16.342],[174.741,-16.798],[174.781,-17.254],[174.821,-17.711],[174.862,-18.167],[174.902,-18.623],[174.943,-19.079],[174.985,-19.536],[174.985,-20.035],[174.984,-20.535],[174.984,-21.035],[174.984,-21.535],[174.984,-22.035],[174.984,-22.535],[174.984,-23.034],[174.984,-23.534],[174.984,-24.034],[174.984,-24.534],[174.984,-25.034],[174.984,-25.534],[174.984,-26.033],[174.984,-26.533],[174.984,-27.033],[174.984,-27.533],[174.984,-28.033],[174.984,-28.533],[174.439,-28.482],[173.894,-28.43],[173.351,-28.375],[172.807,-28.318],[172.265,-28.259],[171.722,-28.198],[171.181,-28.135],[170.64,-28.069],[170.1,-28.002],[169.561,-27.932],[169.022,-27.861],[168.484,-27.787],[167.947,-27.711],[167.41,-27.633],[166.874,-27.553],[166.334,-27.471],[165.795,-27.386],[165.256,-27.3],[164.718,-27.211],[164.182,-27.121],[163.646,-27.028],[163.111,-26.933],[162.576,-26.837],[162.043,-26.738],[161.511,-26.637],[160.98,-26.534],[160.833,-26.945],[160.686,-27.355],[160.537,-27.765],[160.387,-28.175],[160.237,-28.584],[160.085,-28.994],[159.542,-28.85],[159.001,-28.704],[158.461,-28.556],[157.923,-28.406],[157.386,-28.254],[156.851,-28.099],[156.318,-27.943],[155.786,-27.784],[155.256,-27.624],[154.727,-27.461],[154.2,-27.297],[153.674,-27.13]]}},{"type":"Feature","properties":{"boundary_type":"ridge","feature_type":"gpml:MidOceanRidge","polarity":null,"overriding_plate_id":null,"subducting_plate_id":null,"plate_ids":[901,902],"name":"IZA-PAC MOR"},"geometry":{"type":"LineString","coordinates":[[-130.062,15.126],[-130.189,15.059]]}},{"type":"Feature","properties":{"boundary_type":"ridge","feature_type":"gpml:MidOceanRidge","polarity":null,"overriding_plate_id":null,"subducting_plate_id":null,"plate_ids":[901,926],"name":"IZA-PAC MOR"},"geometry":{"type":"LineString","coordinates":[[-130.189,15.059],[-130.413,14.941],[-130.819,14.718],[-131.224,14.494],[-131.628,14.269],[-132.031,14.044],[-132.433,13.818],[-132.835,13.592],[-133.236,13.364],[-133.636,13.137],[-134.035,12.908],[-134.276,13.35],[-134.517,13.791],[-134.76,14.232],[-135.003,14.673],[-135.248,15.113],[-135.493,15.554],[-135.938,15.322],[-136.381,15.09],[-136.824,14.856],[-137.265,14.622],[-137.706,14.387],[-138.146,14.151],[-138.584,13.914],[-139.022,13.677],[-139.459,13.439],[-139.895,13.2],[-140.346,12.964],[-140.796,12.727],[-141.244,12.49],[-141.693,12.251],[-142.14,12.012],[-142.586,11.773],[-143.032,11.532],[-143.477,11.291],[-143.609,11.739],[-143.741,12.187],[-143.873,12.635],[-144.006,13.083],[-144.14,13.531],[-144.274,13.978],[-144.408,14.426],[-144.544,14.873],[-144.679,15.321],[-144.815,15.768],[-144.952,16.215],[-145.09,16.663],[-145.581,16.533],[-146.072,16.401],[-146.562,16.269],[-147.051,16.136],[-147.54,16.001],[-148.028,15.865],[-148.516,15.729],[-149.002,15.591],[-148.997,15.591]]}},{"type":"Feature","properties":{"boundary_type":"ridge","feature_type":"gpml:MidOceanRidge","polarity":null,"overriding_plate_id":null,"subducting_plate_id":null,"plate_ids":[101,714],"name":"Ridge from iso M0 from NAM at 120.4Ma"},"geometry":{"type":"LineString","coordinates":[[7.998,32.352],[7.687,32.209],[7.376,32.065],[6.904,31.977],[6.434,31.888],[5.963,31.797],[5.773,32.056],[5.349,31.869],[4.926,31.68],[4.506,31.491],[4.087,31.3],[3.669,31.107],[3.51,31.262],[3.007,31.06],[2.505,30.856],[2.006,30.651],[1.509,30.443],[1.014,30.234],[0.521,30.022],[0.03,29.809],[-0.056,29.884],[-0.527,29.787],[-0.998,29.689],[-1.468,29.589],[-1.604,29.735],[-1.979,29.599],[-2.354,29.462],[-2.727,29.324],[-3.017,29.632],[-3.45,29.376],[-3.882,29.118],[-3.989,29.231],[-4.393,28.981],[-4.794,28.729],[-4.931,28.882],[-5.273,28.656],[-5.614,28.429],[-5.609,28.419],[-5.913,28.188],[-6.216,27.956],[-6.517,27.723],[-6.741,27.956],[-6.966,28.189],[-7.301,28.0],[-7.635,27.81],[-7.967,27.619],[-8.157,27.817],[-8.545,27.552],[-8.931,27.287],[-9.316,27.02],[-9.698,26.752],[-10.079,26.484],[-10.458,26.214],[-10.209,25.925],[-10.576,25.629],[-10.941,25.332],[-11.305,25.034],[-11.189,24.901],[-11.458,24.706],[-11.727,24.511],[-11.57,24.329],[-11.78,23.955],[-11.988,23.58],[-12.196,23.205],[-12.402,22.829],[-12.289,22.689],[-12.623,22.357],[-12.954,22.025],[-13.284,21.692],[-13.083,21.495],[-13.427,21.192],[-13.77,20.888],[-14.112,20.584],[-13.969,20.442],[-14.229,20.176],[-14.489,19.909],[-14.747,19.642],[-14.654,19.558],[-14.94,19.274],[-15.226,18.99],[-15.51,18.705],[-15.296,18.448],[-15.646,18.142],[-15.521,18.028],[-15.826,17.745],[-16.131,17.461],[-15.814,17.096],[-15.499,16.73],[-15.185,16.363],[-15.504,16.038],[-15.821,15.713],[-16.138,15.387],[-16.471,15.026],[-16.803,14.666],[-17.134,14.304],[-17.464,13.942],[-17.793,13.58],[-18.12,13.218]]}},{"type":"Feature","properties":{"boundary_type":"ridge","feature_type":"gpml:MidOceanRidge","polarity":null,"overriding_plate_id":null,"subducting_plate_id":null,"plate_ids":[501,780],"name":"Junction MOR"},"geometry":{"type":"LineString","coordinates":[[131.44,-8.265],[131.373,-8.607],[131.307,-8.948],[130.831,-9.002],[130.355,-9.056],[130.232,-9.527],[130.109,-9.998],[129.985,-10.469],[129.86,-10.94],[129.736,-11.411],[129.611,-11.882],[129.485,-12.353],[129.359,-12.824],[129.233,-13.295],[129.106,-13.765],[128.978,-14.236],[128.85,-14.706],[128.722,-15.177],[128.593,-15.647],[128.463,-16.118],[128.333,-16.588],[128.202,-17.058],[128.07,-17.528],[127.938,-17.998],[127.805,-18.468],[127.671,-18.938],[127.536,-19.407],[127.401,-19.877],[127.265,-20.347],[127.128,-20.816],[126.99,-21.285],[126.852,-21.754],[126.712,-22.223],[126.572,-22.692],[126.43,-23.161],[126.288,-23.63],[126.144,-24.098],[125.992,-24.577]]}},{"type":"Feature","properties":{"boundary_type":"ridge","feature_type":"gpml:MidOceanRidge","polarity":null,"overriding_plate_id":null,"subducting_plate_id":null,"plate_ids":[501,801],"name":"Junction MOR"},"geometry":{"type":"LineString","coordinates":[[125.992,-24.577],[125.851,-25.02],[125.709,-25.463],[125.565,-25.905],[125.421,-26.348],[125.275,-26.79],[125.128,-27.232],[124.98,-27.674],[124.831,-28.116],[124.681,-28.557]]}},{"type":"Feature","properties":{"boundary_type":"subduction","feature_type":"gpml:SubductionZone","polarity":"Left","overriding_plate_id":301,"subducting_plate_id":926,"plate_ids":[301,926],"name":"Barito Sea Subduction"},"geometry":{"type":"LineString","coordinates":[[135.519,-1.427],[135.88,-1.521],[136.24,-1.615],[136.649,-1.732],[137.058,-1.848],[137.467,-1.964],[137.876,-2.08],[138.285,-2.196],[138.695,-2.311],[139.109,-2.183],[139.523,-2.054],[139.937,-1.925],[140.351,-1.797],[140.773,-1.63],[141.194,-1.464],[141.616,-1.298],[142.038,-1.132],[142.46,-0.966],[142.881,-0.799],[143.303,-0.633],[143.725,-0.466]]}},{"type":"Feature","properties":{"boundary_type":"subduction","feature_type":"gpml:SubductionZone","polarity":"Left","overriding_plate_id":301,"subducting_plate_id":926,"plate_ids":[301,926],"name":"North Borneo subduction"},"geometry":{"type":"LineString","coordinates":[[143.119,1.975],[142.703,2.213],[142.287,2.451],[141.871,2.689],[141.653,3.137],[141.435,3.585],[141.217,4.033],[141.119,4.469],[141.021,4.905],[140.922,5.342],[140.923,5.7],[140.923,6.058],[140.861,6.539],[140.799,7.02],[140.737,7.501],[140.675,7.982],[140.513,8.418],[140.352,8.854],[140.19,9.289]]}},{"type":"Feature","properties":{"boundary_type":"subduction","feature_type":"gpml:SubductionZone","polarity":"Left","overriding_plate_id":301,"subducting_plate_id":926,"plate_ids":[301,926],"name":"Proto South China Sea opening"},"geometry":{"type":"LineString","coordinates":[[140.19,9.289],[140.389,9.695],[140.588,10.101],[140.789,10.507],[140.989,10.912],[141.19,11.318],[141.392,11.723],[141.594,12.128],[141.797,12.534],[141.873,12.949],[141.948,13.364],[142.023,13.779],[142.099,14.194],[142.176,14.609],[142.252,15.024],[142.362,15.493],[142.473,15.962],[142.584,16.432],[142.696,16.901],[142.808,17.37],[142.921,17.839],[143.009,18.304],[143.097,18.769],[143.186,19.234],[143.275,19.699],[143.507,19.992]]}},{"type":"Feature","properties":{"boundary_type":"subduction","feature_type":"gpml:SubductionZone","polarity":"Left","overriding_plate_id":787,"subducting_plate_id":501,"plate_ids":[501,787],"name":"Sunda Jurassic-Cretaceous subduction"},"geometry":{"type":"LineString","coordinates":[[111.641,8.097],[111.936,7.793],[112.229,7.489],[112.523,7.185],[112.816,6.881],[113.124,6.515],[113.43,6.15],[113.737,5.784],[114.043,5.419],[114.349,5.053],[114.654,4.686],[114.966,4.345],[115.277,4.004],[115.588,3.662],[115.899,3.32],[116.21,2.979],[116.521,2.637],[116.831,2.295],[117.188,2.003],[117.544,1.71],[117.901,1.418],[118.257,1.126],[118.613,0.833],[118.97,0.541],[119.326,0.249],[119.682,-0.044],[120.105,-0.262],[120.528,-0.481],[120.951,-0.699],[121.374,-0.918],[121.797,-1.136],[122.22,-1.354],[122.644,-1.572],[123.071,-1.817],[123.499,-2.061],[123.926,-2.305],[124.354,-2.549],[124.782,-2.793],[125.21,-3.036],[125.639,-3.28],[126.067,-3.523],[126.496,-3.766],[126.925,-4.009],[127.355,-4.252],[127.668,-4.594],[127.982,-4.935],[128.296,-5.277],[128.61,-5.618],[128.925,-5.959],[129.24,-6.3],[129.556,-6.64],[129.917,-6.953],[130.278,-7.265],[130.639,-7.577],[131.001,-7.889]]}},{"type":"Feature","properties":{"boundary_type":"subduction","feature_type":"gpml:SubductionZone","polarity":"Left","overriding_plate_id":926,"subducting_plate_id":501,"plate_ids":[501,926],"name":"Sunda Jurassic-Cretaceous subduction"},"geometry":{"type":"LineString","coordinates":[[131.001,-7.889],[131.22,-8.077],[131.44,-8.265]]}},{"type":"Feature","properties":{"boundary_type":"subduction","feature_type":"gpml:SubductionZone","polarity":"Left","overriding_plate_id":926,"subducting_plate_id":780,"plate_ids":[780,926],"name":"Sunda Jurassic-Cretaceous subduction"},"geometry":{"type":"LineString","coordinates":[[131.44,-8.265],[131.817,-8.588],[132.195,-8.911],[132.574,-9.234],[132.954,-9.556],[133.301,-9.854],[133.648,-10.153],[133.996,-10.451],[134.345,-10.749],[134.694,-11.046],[135.045,-11.343],[135.395,-11.639],[135.747,-11.935],[136.225,-11.883],[136.702,-11.83],[137.18,-11.776],[137.657,-11.721],[138.134,-11.665],[138.611,-11.609],[138.999,-11.372],[139.388,-11.134],[139.775,-10.896],[140.162,-10.657]]}},{"type":"Feature","properties":{"boundary_type":"ridge","feature_type":"gpml:MidOceanRidge","polarity":null,"overriding_plate_id":null,"subducting_plate_id":null,"plate_ids":[609,801],"name":"Cretaceous back-arc"},"geometry":{"type":"LineString","coordinates":[[142.155,-35.806],[142.521,-36.126],[142.89,-36.446],[143.262,-36.765],[143.638,-37.082],[144.016,-37.398],[144.398,-37.713],[144.782,-38.027],[144.513,-38.405],[144.241,-38.782],[143.966,-39.159],[143.688,-39.535],[144.089,-39.845],[144.494,-40.153],[144.902,-40.46],[144.628,-40.778],[144.352,-41.095],[144.073,-41.411],[144.491,-41.67],[144.912,-41.928],[145.336,-42.184],[145.036,-42.576],[144.731,-42.967],[144.423,-43.357],[144.111,-43.747],[143.795,-44.135],[143.474,-44.523],[143.149,-44.91],[143.625,-45.177],[144.105,-45.442],[144.589,-45.706],[145.079,-45.967],[145.572,-46.226],[146.071,-46.483]]}},{"type":"Feature","properties":{"boundary_type":"transform","feature_type":"gpml:Transform","polarity":null,"overriding_plate_id":null,"subducting_plate_id":null,"plate_ids":[609,801],"name":"Proto Philippine transform"},"geometry":{"type":"LineString","coordinates":[[146.071,-46.483],[146.651,-46.246],[147.226,-46.006],[147.81,-45.73],[148.388,-45.451],[148.96,-45.17],[149.527,-44.885],[150.088,-44.598],[150.643,-44.307],[151.193,-44.015],[151.738,-43.719],[152.277,-43.421],[152.772,-43.156],[153.263,-42.889],[153.749,-42.619],[154.231,-42.348],[154.709,-42.074],[155.183,-41.799]]}},{"type":"Feature","properties":{"boundary_type":"transform","feature_type":"gpml:Transform","polarity":null,"overriding_plate_id":null,"subducting_plate_id":null,"plate_ids":[609,901],"name":"Proto Philippine transform"},"geometry":{"type":"LineString","coordinates":[[155.183,-41.799],[155.301,-41.73],[155.706,-41.426],[156.108,-41.121],[156.506,-40.815],[156.901,-40.508],[157.292,-40.199]]}},{"type":"Feature","properties":{"boundary_type":"transform","feature_type":"gpml:Transform","polarity":null,"overriding_plate_id":null,"subducting_plate_id":null,"plate_ids":[501,529],"name":"Proto Andaman transform"},"geometry":{"type":"LineString","coordinates":[[106.409,-1.451],[106.58,-1.156],[106.751,-0.862],[106.981,-0.461],[107.212,-0.06],[107.442,0.341],[107.672,0.742],[107.903,1.143],[108.133,1.543],[108.364,1.944],[108.594,2.345],[108.825,2.746],[109.056,3.146]]}},{"type":"Feature","properties":{"boundary_type":"transform","feature_type":"gpml:Transform","polarity":null,"overriding_plate_id":null,"subducting_plate_id":null,"plate_ids":[501,528],"name":"Proto Andaman transform"},"geometry":{"type":"LineString","coordinates":[[109.056,3.146],[109.281,3.536],[109.502,3.967],[109.724,4.397],[109.946,4.828],[110.168,5.258],[110.39,5.689],[110.613,6.119],[110.836,6.549],[111.059,6.979],[111.283,7.409],[111.508,7.839],[111.641,8.097]]}},{"type":"Feature","properties":{"boundary_type":"transform","feature_type":"gpml:Transform","polarity":null,"overriding_plate_id":null,"subducting_plate_id":null,"plate_ids":[528,787],"name":"Proto Andaman transform"},"geometry":{"type":"LineString","coordinates":[[111.641,8.097],[111.858,8.514],[112.075,8.931],[112.292,9.348],[112.511,9.765],[112.729,10.182],[112.948,10.599],[113.168,11.016],[113.389,11.432],[113.61,11.848],[113.748,12.144]]}},{"type":"Feature","properties":{"boundary_type":"transform","feature_type":"gpml:Transform","polarity":null,"overriding_plate_id":null,"subducting_plate_id":null,"plate_ids":[301,528],"name":"Proto Andaman transform"},"geometry":{"type":"LineString","coordinates":[[113.748,12.144],[113.753,12.155]]}},{"type":"Feature","properties":{"boundary_type":"subduction","feature_type":"gpml:SubductionZone","polarity":"Left","overriding_plate_id":926,"subducting_plate_id":780,"plate_ids":[780,926],"name":"Proto Molucca subduction"},"geometry":{"type":"LineString","coordinates":[[140.162,-10.657],[140.544,-10.848],[140.927,-11.04],[141.311,-11.23],[141.695,-11.421],[142.08,-11.61],[142.525,-11.843],[142.971,-12.074],[143.418,-12.305],[143.866,-12.535],[144.314,-12.765],[144.764,-12.994],[145.214,-13.222],[145.665,-13.449],[146.116,-13.675],[146.569,-13.901],[147.023,-14.125],[147.477,-14.349],[147.932,-14.572],[148.389,-14.794],[148.846,-15.015],[149.125,-15.3],[149.405,-15.585],[149.685,-15.869],[149.967,-16.153]]}},{"type":"Feature","properties":{"boundary_type":"subduction","feature_type":"gpml:SubductionZone","polarity":"Left","overriding_plate_id":null,"subducting_plate_id":null,"plate_ids":[926],"name":"Proto Molucca subduction"},"geometry":{"type":"LineString","coordinates":[[149.967,-16.153],[150.297,-16.486],[150.629,-16.817],[150.962,-17.149],[151.296,-17.479],[151.632,-17.809]]}},{"type":"Feature","properties":{"boundary_type":"subduction","feature_type":"gpml:SubductionZone","polarity":"Left","overriding_plate_id":609,"subducting_plate_id":901,"plate_ids":[609,901],"name":"Philippines Late Cretaceous back-arc"},"geometry":{"type":"LineString","coordinates":[[157.292,-40.199],[157.095,-39.739],[156.902,-39.28],[156.711,-38.82],[156.522,-38.36],[156.336,-37.9],[156.232,-37.49],[156.129,-37.079],[156.027,-36.669],[155.926,-36.259],[155.826,-35.848],[155.728,-35.438],[155.665,-34.954],[155.604,-34.47],[155.544,-33.987],[155.484,-33.503],[155.424,-33.019],[155.331,-32.596],[155.238,-32.172],[155.146,-31.748],[155.056,-31.324],[154.884,-30.855],[154.715,-30.385],[154.547,-29.914],[154.38,-29.444],[154.216,-28.973],[154.052,-28.503],[153.925,-28.045],[153.799,-27.588],[153.674,-27.13]]}},{"type":"Feature","properties":{"boundary_type":"subduction","feature_type":"gpml:SubductionZone","polarity":"Left","overriding_plate_id":609,"subducting_plate_id":926,"plate_ids":[609,926],"name":"Philippines Late Cretaceous back-arc"},"geometry":{"type":"LineString","coordinates":[[153.674,-27.13],[153.549,-26.668],[153.424,-26.205],[153.301,-25.742],[153.179,-25.279],[153.057,-24.816],[152.937,-24.353],[152.817,-23.89],[152.698,-23.427],[152.58,-22.964],[152.463,-22.5],[152.306,-22.033],[152.15,-21.565],[151.994,-21.097],[151.84,-20.629],[151.687,-20.161],[151.534,-19.692],[151.383,-19.224],[151.466,-18.752],[151.549,-18.281],[151.632,-17.809]]}},{"type":"Feature","properties":{"boundary_type":"subduction","feature_type":"gpml:SubductionZone","polarity":"Left","overriding_plate_id":null,"subducting_plate_id":null,"plate_ids":[609],"name":"Philippines Late Cretaceous back-arc"},"geometry":{"type":"LineString","coordinates":[[151.632,-17.809],[151.717,-17.324],[151.801,-16.839],[151.884,-16.353],[151.968,-15.868],[152.051,-15.382],[152.133,-14.897],[152.211,-14.576],[152.289,-14.254]]}},{"type":"Feature","properties":{"boundary_type":"ridge","feature_type":"gpml:MidOceanRidge","polarity":null,"overriding_plate_id":null,"subducting_plate_id":null,"plate_ids":[301,787],"name":"Proto Andaman Sea MOR"},"geometry":{"type":"LineString","coordinates":[[113.748,12.144],[114.224,12.026],[114.7,11.906],[115.204,11.884],[115.708,11.861],[116.211,11.837],[116.714,11.812],[117.217,11.786],[117.721,11.759],[117.718,11.365],[117.716,10.971],[117.713,10.577],[117.711,10.183],[118.14,10.156],[118.568,10.128],[118.566,9.703],[118.564,9.278],[118.562,8.853],[118.56,8.428],[118.921,8.406],[119.283,8.384],[119.644,8.361],[119.642,7.964],[119.64,7.566],[119.638,7.169],[120.133,7.149],[120.628,7.129],[120.636,6.716],[120.644,6.302],[120.651,5.889],[120.659,5.476],[121.058,5.473],[121.457,5.47],[121.855,5.467],[121.848,5.124],[121.84,4.78],[121.833,4.437],[122.286,4.445],[122.738,4.453],[123.191,4.461],[123.188,4.077],[123.185,3.693],[123.182,3.309],[123.179,2.926],[123.585,2.934],[123.99,2.943],[124.395,2.952],[124.8,2.96],[125.205,2.968]]}},{"type":"Feature","properties":{"boundary_type":"ridge","feature_type":"gpml:MidOceanRidge","polarity":null,"overriding_plate_id":null,"subducting_plate_id":null,"plate_ids":[301,787],"name":"Woyla Back-arc MOR"},"geometry":{"type":"LineString","coordinates":[[125.205,2.968],[125.632,2.716],[126.058,2.464],[126.484,2.212],[126.91,1.96],[127.335,1.707],[127.761,1.455],[128.186,1.202],[128.427,1.589],[128.835,1.36],[129.243,1.13],[129.651,0.9],[130.06,0.67],[130.468,0.44],[130.876,0.211],[131.284,-0.019],[131.692,-0.249],[132.1,-0.479],[132.508,-0.709],[132.69,-0.412],[133.143,-0.613],[133.596,-0.815],[134.05,-1.016],[134.503,-1.218],[134.957,-1.419],[135.41,-1.62]]}},{"type":"Feature","properties":{"boundary_type":"subduction","feature_type":"gpml:SubductionZone","polarity":"Left","overriding_plate_id":529,"subducting_plate_id":501,"plate_ids":[501,529],"name":"Kohistan instra-oceanic subduction"},"geometry":{"type":"LineString","coordinates":[[73.84,3.1],[74.247,2.872],[74.654,2.643],[75.061,2.414],[75.468,2.186],[75.875,1.957],[76.282,1.728],[76.714,1.488],[77.147,1.249],[77.579,1.009],[78.012,0.769],[78.444,0.53],[78.876,0.29],[79.309,0.05],[79.741,-0.19],[80.173,-0.429],[80.523,-0.654],[80.873,-0.878],[81.223,-1.103],[81.572,-1.327],[81.922,-1.551],[82.293,-1.768],[82.663,-1.984],[83.033,-2.2],[83.404,-2.416],[83.775,-2.632],[84.2,-2.837],[84.626,-3.041],[85.052,-3.246],[85.478,-3.45],[85.904,-3.654],[86.331,-3.858],[86.758,-4.062],[87.184,-4.265],[87.612,-4.469],[88.039,-4.672],[88.489,-4.779],[88.938,-4.886],[89.388,-4.992],[89.838,-5.098],[90.289,-5.204],[90.739,-5.31],[91.19,-5.415],[91.646,-5.491],[92.102,-5.566],[92.559,-5.641],[93.016,-5.715],[93.472,-5.789],[93.929,-5.863],[94.381,-5.817],[94.833,-5.77],[95.285,-5.724],[95.737,-5.676],[96.188,-5.629],[96.641,-5.55],[97.094,-5.471],[97.547,-5.392],[97.999,-5.312],[98.451,-5.232],[98.904,-5.152],[99.356,-5.071],[99.75,-4.921],[100.144,-4.771],[100.538,-4.621],[100.932,-4.47],[101.325,-4.319],[101.719,-4.168],[102.104,-3.977],[102.489,-3.786],[102.874,-3.595],[103.258,-3.404],[103.643,-3.213],[104.027,-3.021],[104.424,-2.76],[104.822,-2.498],[105.219,-2.237],[105.616,-1.975],[106.012,-1.713],[106.409,-1.451]]}},{"type":"Feature","properties":{"boundary_type":"ridge","feature_type":"gpml:MidOceanRidge","polarity":null,"overriding_plate_id":null,"subducting_plate_id":null,"plate_ids":[528,529],"name":"Kohistan back-arc MOR"},"geometry":{"type":"LineString","coordinates":[[81.695,11.796],[82.095,11.684],[82.494,11.571],[82.893,11.457],[83.292,11.343],[83.768,11.212],[84.243,11.08],[84.717,10.947],[85.191,10.814],[85.665,10.68],[86.138,10.545],[86.611,10.409],[87.083,10.273],[87.555,10.136],[88.027,9.998],[87.949,9.65],[87.872,9.302],[87.794,8.954],[88.268,8.819],[88.741,8.684],[89.215,8.548],[89.687,8.412],[90.16,8.274],[90.632,8.137],[90.557,7.752],[90.482,7.367],[90.406,6.981],[90.805,6.891],[91.203,6.801],[91.601,6.71],[91.999,6.619],[91.92,6.209],[91.841,5.8],[92.273,5.694],[92.706,5.587],[93.138,5.48],[93.57,5.373],[93.502,5.049],[93.435,4.724],[93.887,4.626],[94.338,4.528],[94.789,4.43],[95.241,4.331],[95.692,4.232],[96.143,4.132],[96.593,4.033],[97.044,3.933],[97.495,3.833],[97.945,3.732],[98.396,3.632],[98.846,3.531],[99.195,3.468],[99.543,3.405]]}},{"type":"Feature","properties":{"boundary_type":"ridge","feature_type":"gpml:MidOceanRidge","polarity":null,"overriding_plate_id":null,"subducting_plate_id":null,"plate_ids":[528,529],"name":"Kohistan back-arc MOR"},"geometry":{"type":"LineString","coordinates":[[99.543,3.405],[99.635,3.878],[100.119,3.805],[100.602,3.732],[101.085,3.659],[101.568,3.586],[102.051,3.512],[102.534,3.439],[103.017,3.365],[103.5,3.29],[103.567,3.69],[103.634,4.09],[104.108,4.005],[104.581,3.92],[105.055,3.835],[105.529,3.749],[106.002,3.664],[106.475,3.578],[106.948,3.491],[107.37,3.423],[107.792,3.354],[108.213,3.285],[108.635,3.216],[109.056,3.146]]}},{"type":"Feature","properties":{"boundary_type":"ridge","feature_type":"gpml:MidOceanRidge","polarity":null,"overriding_plate_id":null,"subducting_plate_id":null,"plate_ids":[609,801],"name":"Cretaceous back-arc"},"geometry":{"type":"LineString","coordinates":[[140.653,-33.699],[140.682,-33.804],[141.036,-34.041],[141.392,-34.276],[141.821,-34.566],[142.253,-34.853],[142.688,-35.139],[142.423,-35.473],[142.155,-35.806]]}},{"type":"Feature","properties":{"boundary_type":"ridge","feature_type":"gpml:MidOceanRidge","polarity":null,"overriding_plate_id":null,"subducting_plate_id":null,"plate_ids":[609],"name":"Cretaceous back-arc MOR north"},"geometry":{"type":"LineString","coordinates":[[152.289,-14.254],[151.785,-14.28],[151.28,-14.304],[150.775,-14.327],[150.27,-14.349],[150.194,-14.8],[150.119,-15.251],[150.043,-15.702],[149.967,-16.153]]}},{"type":"Feature","properties":{"boundary_type":"ridge","feature_type":"gpml:MidOceanRidge","polarity":null,"overriding_plate_id":null,"subducting_plate_id":null,"plate_ids":[609,780],"name":"Cretaceous back-arc MOR north"},"geometry":{"type":"LineString","coordinates":[[149.967,-16.153],[149.929,-16.376],[149.571,-16.377],[149.212,-16.378],[148.854,-16.378],[148.82,-16.863],[148.785,-17.349],[148.75,-17.834],[148.715,-18.319],[148.679,-18.805],[148.644,-19.29],[148.608,-19.775],[148.572,-20.261],[148.535,-20.746],[148.499,-21.231],[148.462,-21.717],[148.425,-22.202],[148.388,-22.687],[148.35,-23.172],[148.313,-23.658],[147.895,-23.654],[147.477,-23.65],[147.06,-23.644],[147.103,-24.135],[147.147,-24.627],[147.191,-25.119],[147.235,-25.61],[146.703,-25.73],[146.17,-25.848],[146.208,-26.333],[146.247,-26.819],[146.285,-27.304],[146.324,-27.79],[146.364,-28.276],[146.403,-28.761],[146.444,-29.247],[146.484,-29.732],[146.525,-30.218],[146.566,-30.703],[146.044,-30.824],[145.52,-30.942],[145.581,-31.421],[145.641,-31.9],[145.703,-32.378],[145.765,-32.857]]}},{"type":"Feature","properties":{"boundary_type":"ridge","feature_type":"gpml:MidOceanRidge","polarity":null,"overriding_plate_id":null,"subducting_plate_id":null,"plate_ids":[780,801],"name":"Molucca Cretaceous Spreading"},"geometry":{"type":"LineString","coordinates":[[125.992,-24.577],[126.331,-24.618],[126.67,-24.658],[127.098,-24.717],[127.526,-24.775],[127.955,-24.832],[127.967,-25.085],[127.979,-25.339],[128.444,-25.336],[128.91,-25.331],[128.939,-25.633],[128.969,-25.934],[129.398,-25.937],[129.828,-25.94],[129.869,-26.328],[129.91,-26.717],[129.951,-27.105],[129.992,-27.493],[130.519,-27.507],[131.045,-27.519],[131.108,-27.835],[131.172,-28.151],[131.643,-28.112],[132.114,-28.072],[132.584,-28.03],[132.663,-28.325],[132.743,-28.619],[133.22,-28.568],[133.697,-28.515],[133.849,-28.897],[134.002,-29.279],[134.539,-29.244],[135.075,-29.207],[135.22,-29.6],[135.365,-29.993],[135.512,-30.385],[135.661,-30.777],[136.105,-30.767],[136.55,-30.754],[136.995,-30.741],[137.439,-30.725],[137.6,-31.092],[137.762,-31.459],[137.925,-31.825],[138.421,-31.714],[138.914,-31.601],[139.407,-31.485],[139.609,-31.935],[139.812,-32.384],[140.017,-32.833],[140.225,-33.282],[140.435,-33.73],[140.653,-33.699]]}},{"type":"Feature","properties":{"boundary_type":"ridge","feature_type":"gpml:MidOceanRidge","polarity":null,"overriding_plate_id":null,"subducting_plate_id":null,"plate_ids":[609,780],"name":"Molucca Cretaceous Spreading"},"geometry":{"type":"LineString","coordinates":[[140.653,-33.699],[141.18,-33.624],[141.705,-33.547],[142.23,-33.468],[142.753,-33.386],[143.276,-33.302],[143.798,-33.216],[144.318,-33.128],[144.838,-33.037],[145.302,-32.948],[145.765,-32.857]]}},{"type":"Feature","properties":{"boundary_type":"ridge","feature_type":"gpml:MidOceanRidge","polarity":null,"overriding_plate_id":null,"subducting_plate_id":null,"plate_ids":[501,801],"name":"MOR Australia-India"},"geometry":{"type":"LineString","coordinates":[[78.692,-54.074],[78.932,-54.494],[79.176,-54.913],[78.382,-54.992],[77.584,-55.065],[76.783,-55.134],[75.98,-55.197],[75.175,-55.254],[74.367,-55.307],[73.576,-55.36],[72.784,-55.409],[72.151,-55.437],[71.518,-55.462],[70.884,-55.484]]}},{"type":"Feature","properties":{"boundary_type":"ridge","feature_type":"gpml:MidOceanRidge","polarity":null,"overriding_plate_id":null,"subducting_plate_id":null,"plate_ids":[501,802],"name":"MOR Antarctica-India Enderby Spreading"},"geometry":{"type":"LineString","coordinates":[[74.661,-59.536],[74.216,-59.5],[73.276,-59.409],[72.341,-59.312],[71.411,-59.209],[70.487,-59.099],[69.569,-58.982],[68.658,-58.859],[67.935,-58.796],[67.782,-59.141],[67.626,-59.487],[66.671,-59.431],[65.718,-59.368],[64.77,-59.298],[63.825,-59.222],[62.885,-59.138],[61.95,-59.048],[61.02,-58.951],[61.039,-58.606],[61.058,-58.26],[61.076,-57.915],[60.169,-57.848],[59.266,-57.775],[58.366,-57.695],[57.47,-57.609],[56.579,-57.517],[55.693,-57.418],[54.811,-57.313],[54.816,-56.907],[54.82,-56.501],[54.824,-56.095],[54.017,-55.962],[53.216,-55.823],[52.421,-55.679],[52.524,-55.237],[52.625,-54.795],[51.898,-54.748],[51.174,-54.697],[51.172,-54.443],[51.17,-54.189],[50.396,-54.169],[49.623,-54.144],[48.851,-54.113],[48.081,-54.078],[47.311,-54.038],[46.544,-53.993],[45.778,-53.943],[45.014,-53.888],[45.004,-53.707],[44.202,-53.708],[43.4,-53.704],[42.598,-53.694],[41.796,-53.68],[40.996,-53.659],[40.196,-53.634],[39.397,-53.603],[38.599,-53.567],[37.803,-53.525],[37.009,-53.479],[36.216,-53.427],[35.634,-53.459],[35.052,-53.489]]}},{"type":"Feature","properties":{"boundary_type":"ridge","feature_type":"gpml:MidOceanRidge","polarity":null,"overriding_plate_id":null,"subducting_plate_id":null,"plate_ids":[501,715],"name":"MOR Fracture (SS) between NE Africa and India"},"geometry":{"type":"LineString","coordinates":[[57.753,-15.359],[57.408,-15.587],[57.062,-15.815],[56.715,-16.042],[56.367,-16.268],[56.018,-16.494],[55.746,-16.67],[55.472,-16.845]]}},{"type":"Feature","properties":{"boundary_type":"ridge","feature_type":"gpml:MidOceanRidge","polarity":null,"overriding_plate_id":null,"subducting_plate_id":null,"plate_ids":[501,701],"name":"MOR Fracture (SS) between NE Africa and India"},"geometry":{"type":"LineString","coordinates":[[55.472,-16.845],[55.053,-17.113],[54.631,-17.38],[54.209,-17.646],[53.786,-17.911],[53.361,-18.176],[52.935,-18.439],[52.533,-18.761],[52.129,-19.082],[51.724,-19.402],[51.317,-19.721],[50.909,-20.04],[50.499,-20.357],[50.087,-20.674]]}},{"type":"Feature","properties":{"boundary_type":"ridge","feature_type":"gpml:MidOceanRidge","polarity":null,"overriding_plate_id":null,"subducting_plate_id":null,"plate_ids":[701,802],"name":"MOR Weddell Sea"},"geometry":{"type":"LineString","coordinates":[[3.009,-52.194],[2.571,-52.384],[2.129,-52.572]]}},{"type":"Feature","properties":{"boundary_type":"ridge","feature_type":"gpml:MidOceanRidge","polarity":null,"overriding_plate_id":null,"subducting_plate_id":null,"plate_ids":[201,802],"name":"MOR Weddell Sea"},"geometry":{"type":"LineString","coordinates":[[2.129,-52.572],[1.647,-52.774],[1.16,-52.973],[0.669,-53.171],[0.001,-53.463],[-0.677,-53.751],[-1.364,-54.035],[-2.06,-54.315],[-2.766,-54.591],[-3.481,-54.863],[-4.206,-55.13],[-4.941,-55.394],[-5.685,-55.653],[-6.439,-55.907],[-7.203,-56.156],[-7.801,-56.281],[-8.262,-56.4],[-8.937,-56.559],[-9.418,-56.696],[-9.846,-56.816],[-10.435,-56.997],[-10.914,-57.144],[-11.396,-57.289],[-11.837,-57.402],[-12.251,-57.506],[-12.797,-57.582],[-13.349,-57.695],[-13.741,-57.787],[-14.281,-57.873],[-14.738,-57.974],[-15.137,-58.061],[-15.537,-58.147],[-16.118,-58.231],[-16.815,-58.354],[-17.46,-58.554],[-17.935,-58.643],[-18.422,-58.77],[-18.838,-58.845],[-19.471,-58.973],[-20.054,-59.071],[-20.639,-59.112],[-21.333,-59.149],[-21.864,-59.157],[-22.513,-59.144],[-23.092,-59.19],[-23.757,-59.208],[-24.206,-59.232],[-24.929,-59.137],[-25.647,-59.039],[-26.361,-58.936],[-27.071,-58.83],[-27.812,-58.636],[-28.544,-58.438],[-29.268,-58.236],[-30.012,-58.067],[-30.748,-57.893],[-31.477,-57.715],[-32.198,-57.533],[-32.913,-57.347],[-33.62,-57.157]]}},{"type":"Feature","properties":{"boundary_type":"ridge","feature_type":"gpml:MidOceanRidge","polarity":null,"overriding_plate_id":null,"subducting_plate_id":null,"plate_ids":[201,714],"name":"Ridge from iso A34 from Africa at 83.5Ma"},"geometry":{"type":"LineString","coordinates":[[-9.365,9.398],[-9.444,9.091],[-9.364,9.074],[-9.419,8.823],[-9.474,8.573],[-8.988,8.464],[-9.077,8.076],[-9.166,7.688],[-9.255,7.299],[-9.344,6.911],[-8.888,6.775],[-8.433,6.638],[-7.977,6.501],[-7.522,6.364],[-7.618,5.893],[-7.713,5.423],[-7.809,4.952],[-7.904,4.482],[-7.999,4.011],[-7.658,3.916],[-7.318,3.821],[-7.381,3.401],[-7.444,2.982],[-6.96,2.892],[-6.477,2.801],[-5.993,2.71],[-5.509,2.62],[-5.026,2.528],[-4.542,2.437],[-4.059,2.346],[-4.063,2.003],[-4.067,1.661],[-3.651,1.574],[-3.235,1.488],[-2.819,1.402],[-2.84,0.966],[-2.862,0.53],[-2.883,0.095],[-2.905,-0.341],[-2.926,-0.776],[-2.559,-0.818],[-2.192,-0.861],[-1.838,-0.883],[-1.483,-0.905],[-1.051,-0.934],[-0.619,-0.963],[-0.234,-0.988],[0.151,-1.012],[0.538,-1.007],[0.925,-1.003],[1.362,-1.006],[1.798,-1.009],[2.178,-1.019],[2.557,-1.029],[2.936,-1.039],[3.436,-1.038],[3.935,-1.038],[4.235,-1.033],[4.536,-1.027],[4.878,-1.016],[5.22,-1.005],[5.221,-1.42],[5.223,-1.834],[5.224,-2.248],[5.46,-2.282],[5.465,-2.608],[5.47,-2.935],[5.75,-2.956],[5.775,-3.259],[5.8,-3.562],[5.819,-3.732]]}},{"type":"Feature","properties":{"boundary_type":"subduction","feature_type":"gpml:SubductionZone","polarity":"Right","overriding_plate_id":806,"subducting_plate_id":919,"plate_ids":[806,919],"name":"Chatham Rise subduction KM"},"geometry":{"type":"LineString","coordinates":[[-147.502,-80.283],[-146.423,-80.274],[-144.688,-80.293],[-142.948,-80.303],[-140.1,-80.271],[-137.277,-80.215],[-134.492,-80.137],[-132.093,-80.042],[-129.743,-79.931],[-127.447,-79.804],[-125.211,-79.661],[-123.038,-79.503],[-120.931,-79.331],[-118.643,-79.122],[-116.444,-78.897],[-114.333,-78.656],[-112.312,-78.402],[-110.458,-78.208],[-108.665,-78.003],[-106.933,-77.786],[-105.261,-77.56],[-103.406,-77.296],[-101.627,-77.019],[-99.922,-76.731],[-98.289,-76.433],[-96.727,-76.124],[-96.136,-76.019]]}},{"type":"Feature","properties":{"boundary_type":"subduction","feature_type":"gpml:SubductionZone","polarity":"Right","overriding_plate_id":801,"subducting_plate_id":901,"plate_ids":[801,901],"name":"Northern cont. of Eastern Gondwanaland Active Margin"},"geometry":{"type":"LineString","coordinates":[[155.183,-41.799],[155.2,-41.821],[155.385,-42.192],[155.572,-42.563],[155.761,-42.934],[155.952,-43.305],[156.14,-43.723],[156.33,-44.14],[156.523,-44.558],[156.719,-44.975],[156.918,-45.392],[157.062,-45.869],[157.208,-46.347],[157.357,-46.825],[157.509,-47.302],[157.663,-47.779],[157.668,-47.806]]}},{"type":"Feature","properties":{"boundary_type":"subduction","feature_type":"gpml:SubductionZone","polarity":"Right","overriding_plate_id":801,"subducting_plate_id":983,"plate_ids":[801,983],"name":"Northern cont. of Eastern Gondwanaland Active Margin"},"geometry":{"type":"LineString","coordinates":[[157.668,-47.806],[157.754,-48.215],[157.841,-48.625],[157.929,-49.034],[158.018,-49.444],[158.109,-49.853],[157.979,-50.329],[157.845,-50.804],[157.709,-51.28],[157.57,-51.755],[157.41,-52.167],[157.247,-52.578],[156.962,-52.783]]}},{"type":"Feature","properties":{"boundary_type":"transform","feature_type":"gpml:Transform","polarity":null,"overriding_plate_id":null,"subducting_plate_id":null,"plate_ids":[787,926],"name":"East Woyla transform"},"geometry":{"type":"LineString","coordinates":[[131.001,-7.889],[131.291,-7.491],[131.581,-7.093],[131.87,-6.695],[132.158,-6.297],[132.446,-5.898],[132.734,-5.499],[133.021,-5.101],[133.308,-4.702],[133.594,-4.303],[133.881,-3.903],[134.166,-3.504],[134.452,-3.105],[134.738,-2.705],[135.023,-2.306],[135.217,-1.963],[135.41,-1.62]]}},{"type":"Feature","properties":{"boundary_type":"transform","feature_type":"gpml:Transform","polarity":null,"overriding_plate_id":null,"subducting_plate_id":null,"plate_ids":[301,926],"name":"East Woyla transform"},"geometry":{"type":"LineString","coordinates":[[135.41,-1.62],[135.519,-1.427]]}},{"type":"Feature","properties":{"boundary_type":"transform","feature_type":"gpml:Transform","polarity":null,"overriding_plate_id":null,"subducting_plate_id":null,"plate_ids":[301,926],"name":"North Borneo transform"},"geometry":{"type":"LineString","coordinates":[[143.119,1.975],[143.185,1.637],[143.251,1.299],[143.316,0.961],[143.453,0.485],[143.589,0.01],[143.725,-0.466]]}},{"type":"Feature","properties":{"boundary_type":"ridge","feature_type":"gpml:MidOceanRidge","polarity":null,"overriding_plate_id":null,"subducting_plate_id":null,"plate_ids":[101,201],"name":"TBD: Proto-Caribbean spreading"},"geometry":{"type":"LineString","coordinates":[[-42.567,8.93],[-42.207,9.188],[-41.846,9.446],[-41.485,9.703],[-41.124,9.96],[-40.724,10.241],[-40.323,10.521],[-39.921,10.8],[-39.519,11.079],[-39.116,11.358],[-38.712,11.636],[-38.307,11.913],[-37.902,12.19],[-37.496,12.466],[-37.088,12.742],[-36.68,13.017],[-36.271,13.291],[-35.862,13.565],[-35.451,13.838],[-35.039,14.11],[-34.626,14.382],[-34.212,14.653],[-33.797,14.923],[-33.382,15.193],[-32.965,15.461],[-32.547,15.729],[-32.128,15.996],[-31.707,16.263],[-31.286,16.528],[-30.863,16.793],[-30.44,17.057],[-30.015,17.32],[-29.748,16.979],[-29.483,16.639],[-29.218,16.297],[-28.955,15.956],[-28.557,16.227],[-28.158,16.496],[-27.758,16.766],[-27.356,17.034],[-26.954,17.301],[-26.55,17.568],[-26.145,17.834],[-25.739,18.099],[-25.332,18.363],[-24.924,18.626]]}},{"type":"Feature","properties":{"boundary_type":"subduction","feature_type":"gpml:SubductionZone","polarity":"Right","overriding_plate_id":224,"subducting_plate_id":902,"plate_ids":[224,902],"name":"TBD"},"geometry":{"type":"LineString","coordinates":[[-52.348,13.068],[-51.97,12.994],[-51.513,12.88],[-51.056,12.765],[-50.599,12.649],[-50.143,12.533],[-49.687,12.415],[-49.232,12.297],[-48.814,12.128],[-48.397,11.957],[-47.981,11.786],[-47.565,11.615],[-47.15,11.443]]}},{"type":"Feature","properties":{"boundary_type":"subduction","feature_type":"gpml:SubductionZone","polarity":"Right","overriding_plate_id":224,"subducting_plate_id":101,"plate_ids":[101,224],"name":"TBD"},"geometry":{"type":"LineString","coordinates":[[-47.15,11.443],[-46.741,11.273],[-46.334,11.103],[-45.911,10.872],[-45.49,10.642],[-45.069,10.41],[-44.648,10.179],[-44.228,9.946],[-43.809,9.713],[-43.391,9.48],[-42.973,9.246],[-42.77,9.088],[-42.567,8.93]]}},{"type":"Feature","properties":{"boundary_type":"subduction","feature_type":"gpml:SubductionZone","polarity":"Right","overriding_plate_id":224,"subducting_plate_id":201,"plate_ids":[201,224],"name":"TBD"},"geometry":{"type":"LineString","coordinates":[[-42.567,8.93],[-42.198,8.643],[-41.83,8.355],[-41.463,8.067],[-41.096,7.778],[-40.729,7.489],[-40.363,7.2],[-39.998,6.91],[-39.632,6.621],[-39.365,6.262],[-39.097,5.903],[-38.83,5.545],[-38.564,5.186],[-38.297,4.827],[-38.031,4.468],[-37.765,4.109],[-37.5,3.749],[-37.235,3.39],[-37.067,3.018],[-36.899,2.646],[-36.732,2.274],[-36.55,1.939],[-36.368,1.604],[-36.186,1.27],[-36.154,1.176]]}},{"type":"Feature","properties":{"boundary_type":"transform","feature_type":"gpml:Transform","polarity":null,"overriding_plate_id":null,"subducting_plate_id":null,"plate_ids":[224,902],"name":"TBD: Transform"},"geometry":{"type":"LineString","coordinates":[[-62.957,5.612],[-62.467,5.713],[-61.977,5.814],[-61.486,5.915],[-60.996,6.015],[-60.505,6.115],[-60.014,6.214],[-59.523,6.313],[-59.031,6.411],[-58.54,6.509],[-58.048,6.606],[-57.556,6.703],[-57.064,6.799],[-56.572,6.895],[-56.079,6.99],[-55.586,7.085],[-55.093,7.18],[-54.6,7.273],[-54.43,7.72],[-54.259,8.166],[-54.087,8.612],[-53.916,9.058],[-53.744,9.504],[-53.571,9.95],[-53.398,10.396],[-53.224,10.841],[-53.05,11.287],[-52.876,11.732],[-52.701,12.178],[-52.525,12.623],[-52.348,13.068]]}},{"type":"Feature","properties":{"boundary_type":"other","feature_type":"gpml:UnclassifiedFeature","polarity":null,"overriding_plate_id":null,"subducting_plate_id":null,"plate_ids":[224,902],"name":"TBD: Unknown Boundary"},"geometry":{"type":"LineString","coordinates":[[-53.175,-15.293],[-53.607,-15.049],[-54.039,-14.805],[-54.469,-14.559],[-54.898,-14.313],[-55.327,-14.066],[-55.754,-13.818],[-56.181,-13.57],[-56.607,-13.32],[-56.899,-12.946],[-57.191,-12.571],[-57.482,-12.196],[-57.773,-11.821],[-58.062,-11.445],[-58.351,-11.069],[-58.638,-10.693],[-58.926,-10.317],[-59.212,-9.94],[-59.498,-9.563],[-59.783,-9.186],[-60.068,-8.808],[-60.352,-8.431],[-60.635,-8.053],[-60.624,-7.588],[-60.613,-7.123],[-60.601,-6.658],[-60.59,-6.194],[-60.579,-5.729],[-60.567,-5.264],[-60.556,-4.8],[-60.545,-4.335],[-60.533,-3.87],[-60.522,-3.405],[-60.511,-2.941],[-60.5,-2.476],[-60.489,-2.011],[-60.656,-1.557],[-60.823,-1.104],[-60.991,-0.65],[-61.158,-0.196],[-61.325,0.257],[-61.493,0.711],[-61.66,1.165],[-61.827,1.618],[-61.995,2.072],[-62.162,2.526],[-62.33,2.979],[-62.498,3.433],[-62.666,3.887],[-62.738,4.318],[-62.811,4.749],[-62.884,5.181],[-62.957,5.612]]}},{"type":"Feature","properties":{"boundary_type":"transform","feature_type":"gpml:Transform","polarity":null,"overriding_plate_id":null,"subducting_plate_id":null,"plate_ids":[224,902],"name":"TBD: Transform"},"geometry":{"type":"LineString","coordinates":[[-53.175,-15.293],[-52.762,-15.092],[-52.349,-14.89],[-51.938,-14.688],[-51.527,-14.485],[-51.117,-14.281],[-50.707,-14.076],[-50.299,-13.87],[-49.873,-13.669],[-49.449,-13.467],[-49.025,-13.265],[-48.602,-13.062],[-48.18,-12.858],[-47.759,-12.653],[-47.338,-12.448],[-46.917,-12.242],[-46.512,-11.962],[-46.107,-11.681],[-45.704,-11.399],[-45.301,-11.117],[-44.898,-10.835],[-44.497,-10.552],[-44.096,-10.268],[-43.696,-9.984],[-43.297,-9.7],[-42.974,-9.317],[-42.652,-8.934],[-42.331,-8.551],[-42.01,-8.167],[-41.69,-7.784],[-41.371,-7.4],[-41.052,-7.015],[-40.733,-6.631],[-40.416,-6.246],[-40.098,-5.862],[-39.781,-5.477],[-39.465,-5.091],[-39.302,-4.891],[-39.141,-4.69]]}},{"type":"Feature","properties":{"boundary_type":"transform","feature_type":"gpml:Transform","polarity":null,"overriding_plate_id":null,"subducting_plate_id":null,"plate_ids":[201,224],"name":"TBD: Transform"},"geometry":{"type":"LineString","coordinates":[[-39.141,-4.69],[-38.875,-4.361],[-38.61,-4.032],[-38.345,-3.703],[-38.081,-3.374],[-37.816,-3.045],[-37.65,-2.623],[-37.484,-2.201],[-37.317,-1.779],[-37.151,-1.357],[-36.985,-0.934],[-36.819,-0.512],[-36.653,-0.09],[-36.486,0.332],[-36.32,0.754],[-36.154,1.176]]}},{"type":"Feature","properties":{"boundary_type":"subduction","feature_type":"gpml:SubductionZone","polarity":"Left","overriding_plate_id":101,"subducting_plate_id":902,"plate_ids":[101,902],"name":""},"geometry":{"type":"LineString","coordinates":[[-49.054,19.452],[-48.967,19.079],[-48.881,18.706],[-48.765,18.277],[-48.65,17.847],[-48.535,17.418],[-48.421,16.988],[-48.308,16.558],[-48.195,16.128],[-48.082,15.698],[-47.97,15.268],[-47.839,14.869],[-47.708,14.47],[-47.578,14.071],[-47.448,13.672],[-47.319,13.273],[-47.19,12.874],[-47.177,12.397],[-47.163,11.92],[-47.15,11.443]]}},{"type":"Feature","properties":{"boundary_type":"ridge","feature_type":"gpml:MidOceanRidge","polarity":null,"overriding_plate_id":null,"subducting_plate_id":null,"plate_ids":[901,902],"name":"Pacific-Farallon MOR NW15"},"geometry":{"type":"LineString","coordinates":[[-90.552,-18.432],[-91.022,-18.218],[-91.49,-18.003],[-91.958,-17.787],[-92.424,-17.57],[-92.889,-17.352],[-93.352,-17.133],[-93.815,-16.913],[-94.277,-16.692],[-94.738,-16.47],[-95.197,-16.246],[-95.656,-16.022],[-96.113,-15.797],[-96.57,-15.571],[-97.025,-15.344],[-97.48,-15.116],[-97.933,-14.887],[-98.386,-14.657],[-98.837,-14.426],[-99.288,-14.195],[-99.738,-13.962],[-100.186,-13.729],[-100.634,-13.495],[-101.081,-13.26],[-101.527,-13.025],[-101.884,-12.851],[-102.24,-12.677],[-102.596,-12.503],[-102.951,-12.328],[-102.755,-11.997],[-103.179,-11.811],[-103.603,-11.625],[-104.026,-11.438],[-104.448,-11.25],[-104.363,-10.986],[-104.278,-10.721],[-104.749,-10.61],[-105.22,-10.498],[-105.69,-10.385],[-106.16,-10.271],[-106.63,-10.157],[-107.1,-10.042],[-107.569,-9.927],[-108.037,-9.81],[-108.402,-10.04],[-108.767,-10.27],[-109.132,-10.499],[-109.498,-10.727],[-109.865,-10.955],[-110.303,-10.758],[-110.74,-10.56],[-111.063,-10.213],[-111.385,-9.866],[-111.484,-9.753],[-111.716,-9.479],[-111.947,-9.206],[-112.178,-8.932],[-112.425,-8.499],[-112.672,-8.065],[-112.92,-7.787],[-113.082,-7.645],[-113.304,-7.278],[-113.526,-6.911],[-113.659,-6.693],[-113.792,-6.475],[-113.846,-6.312],[-114.073,-6.043],[-114.3,-5.774],[-114.526,-5.505],[-114.26,-5.279],[-113.994,-5.052],[-113.602,-4.796],[-113.209,-4.539],[-112.817,-4.282],[-112.425,-4.024],[-112.034,-3.767],[-111.643,-3.509],[-111.882,-3.294],[-112.196,-2.947],[-112.51,-2.599],[-112.824,-2.252],[-113.138,-1.904],[-113.452,-1.557],[-113.704,-1.753],[-113.956,-1.948],[-114.088,-1.807],[-114.356,-1.409],[-114.624,-1.011],[-114.892,-0.613],[-115.16,-0.215],[-115.365,0.191],[-115.574,0.496],[-115.782,0.802],[-116.019,1.206],[-116.256,1.61],[-116.493,2.014],[-116.731,2.417],[-116.969,2.821],[-117.308,2.642],[-117.647,2.463],[-117.986,2.283],[-118.34,2.032],[-118.695,1.782],[-119.049,1.531],[-119.403,1.279],[-119.757,1.028],[-120.112,0.777],[-120.354,1.117],[-120.596,1.456],[-120.839,1.796],[-121.081,2.135],[-121.193,2.291],[-121.271,2.335],[-121.393,2.605],[-121.519,2.917],[-121.777,3.256],[-122.036,3.596],[-122.294,3.935],[-122.553,4.274],[-122.812,4.613],[-123.182,4.326],[-123.587,4.604],[-123.993,4.882],[-124.399,5.159],[-124.805,5.436],[-125.062,5.808],[-125.32,6.179],[-125.579,6.55],[-125.837,6.92],[-126.096,7.291],[-126.356,7.662],[-126.616,8.032],[-126.876,8.402],[-127.137,8.772],[-126.889,8.971],[-127.083,9.261],[-127.278,9.551],[-127.473,9.841],[-127.244,9.969],[-127.015,10.097],[-127.177,10.381],[-127.34,10.664],[-127.499,10.964],[-127.659,11.264],[-127.708,11.279],[-127.872,11.591],[-128.107,11.461],[-128.328,11.87],[-128.549,12.279],[-128.771,12.689],[-128.993,13.098],[-129.217,13.507],[-129.441,13.915],[-129.666,14.324],[-129.891,14.732],[-130.062,15.126]]}},{"type":"Feature","properties":{"boundary_type":"ridge","feature_type":"gpml:MidOceanRidge","polarity":null,"overriding_plate_id":null,"subducting_plate_id":null,"plate_ids":[902,908],"name":"MOR Farallon-Phoenix"},"geometry":{"type":"LineString","coordinates":[[-93.143,-20.647],[-92.641,-20.642],[-92.14,-20.636],[-91.639,-20.628],[-91.138,-20.619],[-90.637,-20.609],[-90.136,-20.597],[-89.628,-20.586],[-89.121,-20.574],[-88.613,-20.56],[-88.106,-20.545],[-87.598,-20.528],[-87.091,-20.51],[-86.584,-20.491],[-86.077,-20.47],[-85.571,-20.447],[-85.064,-20.423],[-84.558,-20.398],[-84.051,-20.371],[-83.545,-20.343],[-83.039,-20.313],[-82.534,-20.282],[-82.41,-20.722],[-82.286,-21.163],[-82.161,-21.603],[-82.036,-22.044],[-81.91,-22.484],[-81.782,-22.924],[-81.654,-23.364],[-81.526,-23.804],[-81.396,-24.244],[-80.875,-24.108],[-80.354,-23.969],[-79.835,-23.829],[-79.317,-23.687],[-78.8,-23.544],[-78.285,-23.399],[-77.77,-23.252],[-77.257,-23.103],[-76.744,-22.953],[-76.233,-22.801],[-75.723,-22.647],[-75.214,-22.492],[-74.707,-22.336],[-74.2,-22.177],[-73.695,-22.017],[-73.19,-21.856],[-72.687,-21.693],[-72.185,-21.529],[-71.684,-21.363],[-71.184,-21.195],[-70.686,-21.026],[-70.188,-20.856],[-69.692,-20.684],[-69.197,-20.511],[-68.703,-20.336],[-68.472,-20.759],[-68.241,-21.181],[-68.008,-21.602],[-67.773,-22.023],[-67.538,-22.444],[-67.3,-22.865],[-67.062,-23.285],[-66.822,-23.705],[-66.58,-24.124],[-66.096,-23.93],[-65.613,-23.734],[-65.132,-23.537],[-64.653,-23.338],[-64.174,-23.138],[-63.698,-22.937],[-63.222,-22.734],[-62.748,-22.529],[-62.276,-22.323],[-61.805,-22.116],[-61.335,-21.908],[-60.867,-21.698],[-60.4,-21.486],[-59.934,-21.274],[-59.47,-21.06],[-59.007,-20.845],[-58.545,-20.629],[-58.085,-20.412],[-57.626,-20.193],[-57.168,-19.973],[-56.712,-19.752],[-56.257,-19.53],[-55.803,-19.306],[-55.35,-19.082],[-54.898,-18.856],[-54.562,-19.213],[-54.225,-19.57],[-53.886,-19.925],[-53.411,-19.704],[-52.936,-19.481],[-52.464,-19.256],[-51.992,-19.031],[-51.522,-18.804],[-51.053,-18.577],[-50.585,-18.348],[-50.119,-18.118],[-49.654,-17.887],[-49.19,-17.654],[-48.727,-17.421],[-48.265,-17.187],[-47.805,-16.951],[-47.345,-16.715],[-46.887,-16.477],[-46.43,-16.239],[-45.974,-15.999],[-45.519,-15.759],[-45.065,-15.518],[-44.613,-15.275],[-44.161,-15.032],[-43.71,-14.788],[-43.261,-14.543],[-42.812,-14.297],[-42.365,-14.051],[-41.918,-13.803],[-41.472,-13.555],[-41.027,-13.306],[-40.584,-13.056],[-40.141,-12.805],[-39.698,-12.554],[-39.257,-12.302],[-38.817,-12.049],[-38.377,-11.796],[-37.939,-11.542],[-37.501,-11.287],[-37.063,-11.031],[-36.627,-10.775],[-36.314,-10.574]]}},{"type":"Feature","properties":{"boundary_type":"ridge","feature_type":"gpml:MidOceanRidge","polarity":null,"overriding_plate_id":null,"subducting_plate_id":null,"plate_ids":[901,902],"name":"MOR Pacific-Phoenix"},"geometry":{"type":"LineString","coordinates":[[-90.552,-18.432],[-90.918,-18.75],[-91.285,-19.068],[-91.654,-19.386],[-92.024,-19.702],[-92.395,-20.018],[-92.768,-20.333],[-93.143,-20.647]]}},{"type":"Feature","properties":{"boundary_type":"ridge","feature_type":"gpml:MidOceanRidge","polarity":null,"overriding_plate_id":null,"subducting_plate_id":null,"plate_ids":[901,908],"name":"MOR Pacific-Phoenix"},"geometry":{"type":"LineString","coordinates":[[-93.143,-20.647],[-93.512,-20.955],[-93.882,-21.261],[-94.254,-21.567],[-94.628,-21.872],[-95.003,-22.177],[-95.38,-22.48],[-95.758,-22.783],[-96.138,-23.084],[-96.52,-23.385],[-96.904,-23.685],[-97.289,-23.983],[-97.757,-24.242],[-98.228,-24.499],[-98.7,-24.755],[-99.174,-25.009],[-99.65,-25.262],[-100.128,-25.513],[-100.609,-25.762],[-101.091,-26.01],[-101.575,-26.257],[-102.061,-26.502],[-102.549,-26.745],[-103.04,-26.986],[-103.532,-27.226],[-104.027,-27.464],[-104.523,-27.7],[-105.022,-27.935],[-105.523,-28.167],[-106.027,-28.398],[-106.532,-28.627],[-107.039,-28.854],[-107.549,-29.079],[-108.061,-29.303],[-108.576,-29.524],[-109.092,-29.743],[-108.85,-30.097],[-108.606,-30.45],[-108.36,-30.803],[-108.112,-31.155],[-108.587,-31.363],[-109.063,-31.568],[-109.542,-31.772],[-110.022,-31.974],[-110.505,-32.175],[-110.99,-32.373],[-111.477,-32.57],[-111.928,-32.823],[-112.381,-33.074],[-112.837,-33.324]]}},{"type":"Feature","properties":{"boundary_type":"ridge","feature_type":"gpml:MidOceanRidge","polarity":null,"overriding_plate_id":null,"subducting_plate_id":null,"plate_ids":[901,908],"name":"MOR Chazca-Manihiki"},"geometry":{"type":"LineString","coordinates":[[-112.837,-33.324],[-112.556,-33.661],[-112.887,-33.878],[-113.219,-34.095],[-112.951,-34.353],[-112.681,-34.612],[-112.409,-34.869]]}},{"type":"Feature","properties":{"boundary_type":"ridge","feature_type":"gpml:MidOceanRidge","polarity":null,"overriding_plate_id":null,"subducting_plate_id":null,"plate_ids":[908,982],"name":"MOR Chazca-Manihiki"},"geometry":{"type":"LineString","coordinates":[[-112.409,-34.869],[-112.122,-35.14],[-111.832,-35.41],[-111.541,-35.679],[-111.811,-35.892],[-112.084,-36.106],[-111.798,-36.349],[-111.51,-36.591],[-111.221,-36.833],[-111.49,-37.039],[-111.761,-37.245],[-111.489,-37.457],[-111.216,-37.669],[-111.431,-37.857],[-111.648,-38.044],[-111.362,-38.274],[-111.075,-38.502],[-111.488,-38.868],[-111.132,-39.119],[-110.773,-39.369],[-111.038,-39.605],[-111.305,-39.841],[-110.85,-40.121],[-111.157,-40.404],[-110.861,-40.619],[-110.563,-40.834]]}},{"type":"Feature","properties":{"boundary_type":"ridge","feature_type":"gpml:MidOceanRidge","polarity":null,"overriding_plate_id":null,"subducting_plate_id":null,"plate_ids":[901,982],"name":"Ontong Jave-Manihiki Ellice Basin"},"geometry":{"type":"LineString","coordinates":[[-112.409,-34.869],[-112.684,-35.012],[-113.26,-34.97],[-113.835,-34.925],[-114.409,-34.878],[-114.983,-34.828],[-115.555,-34.775],[-116.128,-34.72],[-116.268,-35.129],[-116.41,-35.537],[-116.554,-35.945],[-117.091,-35.909],[-117.627,-35.87],[-118.163,-35.829],[-118.698,-35.786],[-118.829,-36.229],[-118.961,-36.672],[-119.096,-37.115],[-119.535,-37.035],[-119.974,-36.955],[-120.412,-36.872],[-120.571,-37.356],[-120.732,-37.839],[-121.347,-37.723],[-121.959,-37.605],[-122.57,-37.483],[-122.712,-37.894],[-122.857,-38.304],[-123.002,-38.715],[-123.485,-38.624],[-123.967,-38.531],[-124.448,-38.435],[-124.651,-38.896],[-124.858,-39.357],[-124.838,-39.712]]}},{"type":"Feature","properties":{"boundary_type":"ridge","feature_type":"gpml:MidOceanRidge","polarity":null,"overriding_plate_id":null,"subducting_plate_id":null,"plate_ids":[908,919],"name":"Northeast Manihiki-Southeast Manihiki"},"geometry":{"type":"LineString","coordinates":[[-110.632,-40.883],[-109.979,-40.895],[-109.325,-40.904],[-108.672,-40.909],[-108.018,-40.91],[-107.365,-40.908],[-106.712,-40.902],[-106.058,-40.892],[-105.405,-40.878],[-104.753,-40.861],[-104.1,-40.84],[-103.448,-40.816],[-102.797,-40.788],[-102.146,-40.756],[-101.496,-40.72],[-100.847,-40.681],[-100.198,-40.639],[-99.551,-40.592],[-98.904,-40.542],[-98.258,-40.489],[-97.613,-40.431],[-96.97,-40.371],[-96.327,-40.306],[-96.271,-40.754],[-96.214,-41.202],[-96.157,-41.65],[-96.098,-42.098],[-95.448,-42.029],[-94.798,-41.958],[-94.15,-41.882],[-93.504,-41.803],[-92.859,-41.72],[-92.216,-41.634],[-91.575,-41.544],[-90.936,-41.45],[-90.298,-41.353],[-89.662,-41.252],[-89.029,-41.148],[-88.397,-41.041],[-87.768,-40.93],[-87.14,-40.815],[-86.515,-40.698],[-85.892,-40.577],[-85.272,-40.452],[-84.653,-40.324],[-84.037,-40.193],[-83.424,-40.059],[-82.813,-39.922]]}},{"type":"Feature","properties":{"boundary_type":"ridge","feature_type":"gpml:MidOceanRidge","polarity":null,"overriding_plate_id":null,"subducting_plate_id":null,"plate_ids":[908,919],"name":"Northeast Manihiki-Southeast Manihiki"},"geometry":{"type":"LineString","coordinates":[[-82.813,-39.922],[-82.581,-40.338],[-82.346,-40.753],[-82.108,-41.169],[-81.867,-41.583],[-81.623,-41.997],[-81.375,-42.411],[-81.125,-42.824],[-80.871,-43.237],[-80.245,-43.04],[-79.624,-42.839],[-79.007,-42.635],[-78.393,-42.427],[-77.784,-42.217],[-77.179,-42.003],[-76.578,-41.786],[-75.981,-41.566],[-75.388,-41.343],[-74.799,-41.117],[-74.214,-40.888],[-73.633,-40.656],[-73.057,-40.421],[-72.484,-40.183],[-71.915,-39.943],[-71.351,-39.699],[-70.79,-39.453],[-70.234,-39.205],[-69.681,-38.953],[-69.132,-38.699]]}},{"type":"Feature","properties":{"boundary_type":"ridge","feature_type":"gpml:MidOceanRidge","polarity":null,"overriding_plate_id":null,"subducting_plate_id":null,"plate_ids":[908,919],"name":"Northeast Manihiki-Southeast Manihiki"},"geometry":{"type":"LineString","coordinates":[[-69.132,-38.699],[-68.724,-39.069],[-68.311,-39.438],[-67.894,-39.805],[-67.472,-40.17],[-67.046,-40.534],[-66.615,-40.896],[-66.179,-41.257],[-65.739,-41.616],[-65.294,-41.974],[-64.843,-42.329],[-64.205,-42.182],[-63.569,-42.031],[-62.937,-41.877],[-62.308,-41.719],[-61.681,-41.558],[-61.058,-41.394],[-60.438,-41.226],[-59.822,-41.055],[-59.208,-40.881],[-58.598,-40.703],[-57.991,-40.522],[-57.387,-40.338],[-56.787,-40.151],[-56.19,-39.961],[-55.596,-39.768],[-55.006,-39.572],[-54.419,-39.372],[-53.835,-39.17],[-53.255,-38.965],[-52.678,-38.757],[-52.105,-38.547],[-51.535,-38.333],[-50.968,-38.117],[-50.405,-37.898],[-49.845,-37.676],[-49.288,-37.452],[-48.735,-37.225],[-48.185,-36.996],[-47.638,-36.764],[-47.095,-36.53],[-46.554,-36.293],[-46.018,-36.054],[-45.484,-35.812],[-44.954,-35.568],[-44.427,-35.322],[-43.903,-35.073],[-43.383,-34.822],[-42.865,-34.569],[-42.351,-34.314],[-41.84,-34.057],[-41.332,-33.798],[-40.827,-33.536],[-40.325,-33.273],[-39.826,-33.007],[-39.33,-32.74],[-38.837,-32.47],[-38.347,-32.199],[-37.86,-31.926],[-37.376,-31.651],[-36.895,-31.374],[-36.417,-31.095],[-35.941,-30.815],[-35.468,-30.532],[-34.998,-30.249],[-34.531,-29.963],[-34.066,-29.676],[-33.604,-29.387],[-33.145,-29.097],[-32.688,-28.805],[-32.234,-28.511],[-31.782,-28.217],[-31.333,-27.92],[-30.947,-27.711],[-30.562,-27.5],[-30.179,-27.288],[-29.797,-27.076]]}},{"type":"Feature","properties":{"boundary_type":"ridge","feature_type":"gpml:MidOceanRidge","polarity":null,"overriding_plate_id":null,"subducting_plate_id":null,"plate_ids":[908,982],"name":"MOR Manihiki"},"geometry":{"type":"LineString","coordinates":[[-110.563,-40.834],[-110.632,-40.883]]}},{"type":"Feature","properties":{"boundary_type":"ridge","feature_type":"gpml:MidOceanRidge","polarity":null,"overriding_plate_id":null,"subducting_plate_id":null,"plate_ids":[919,982],"name":"MOR Manihiki"},"geometry":{"type":"LineString","coordinates":[[-110.632,-40.883],[-111.009,-41.152],[-111.39,-41.42],[-111.774,-41.687],[-111.718,-41.818]]}},{"type":"Feature","properties":{"boundary_type":"ridge","feature_type":"gpml:MidOceanRidge","polarity":null,"overriding_plate_id":null,"subducting_plate_id":null,"plate_ids":[919,983],"name":"MOR Manihiki"},"geometry":{"type":"LineString","coordinates":[[-111.718,-41.818],[-111.658,-41.961],[-112.19,-42.246],[-112.727,-42.529],[-113.268,-42.809]]}},{"type":"Feature","properties":{"boundary_type":"ridge","feature_type":"gpml:MidOceanRidge","polarity":null,"overriding_plate_id":null,"subducting_plate_id":null,"plate_ids":[919,983],"name":"South Pacific Triangle"},"geometry":{"type":"LineString","coordinates":[[-113.268,-42.809],[-113.442,-43.282],[-113.619,-43.755],[-113.798,-44.228],[-113.981,-44.701],[-114.166,-45.173],[-114.355,-45.645],[-114.547,-46.117],[-114.742,-46.588],[-114.817,-46.857],[-114.894,-47.127],[-115.156,-47.576],[-115.423,-48.024],[-115.694,-48.472],[-115.97,-48.92],[-116.251,-49.366],[-116.537,-49.812],[-116.829,-50.257],[-117.126,-50.702],[-117.429,-51.145],[-117.737,-51.588],[-118.052,-52.03],[-118.373,-52.471],[-118.7,-52.912],[-119.034,-53.351],[-119.375,-53.789],[-119.724,-54.227],[-120.079,-54.663],[-120.443,-55.099],[-120.81,-55.533],[-121.185,-55.967],[-121.568,-56.399],[-121.961,-56.83],[-122.362,-57.26],[-122.773,-57.689],[-123.194,-58.116],[-123.625,-58.542],[-124.067,-58.966],[-124.513,-59.387],[-124.97,-59.807],[-125.439,-60.225],[-125.92,-60.641],[-126.414,-61.056],[-126.921,-61.468],[-127.441,-61.879],[-127.975,-62.288],[-128.524,-62.694],[-129.089,-63.098],[-129.669,-63.5],[-130.266,-63.9],[-130.88,-64.297],[-131.512,-64.692],[-132.162,-65.083],[-132.846,-65.479],[-133.55,-65.872],[-134.276,-66.262],[-135.025,-66.648],[-135.798,-67.03],[-136.595,-67.409],[-137.418,-67.783],[-138.268,-68.153],[-139.145,-68.519],[-140.051,-68.88],[-140.987,-69.236],[-141.953,-69.587],[-142.952,-69.932],[-143.984,-70.272],[-145.05,-70.605],[-146.152,-70.932],[-147.29,-71.252],[-148.466,-71.565],[-149.681,-71.871],[-150.935,-72.168],[-152.23,-72.458],[-153.567,-72.739],[-154.946,-73.01],[-156.367,-73.272],[-157.831,-73.524],[-159.339,-73.766],[-160.89,-73.997],[-162.484,-74.216],[-164.12,-74.423],[-165.798,-74.618],[-167.517,-74.8],[-169.275,-74.968],[-171.009,-75.142],[-172.781,-75.303],[-174.591,-75.45],[-176.434,-75.583],[-178.309,-75.701],[179.787,-75.804],[177.858,-75.892],[175.907,-75.965],[173.939,-76.021],[171.957,-76.062],[169.966,-76.087],[167.97,-76.095],[165.974,-76.088],[163.983,-76.064],[162.001,-76.023],[160.032,-75.967]]}},{"type":"Feature","properties":{"boundary_type":"ridge","feature_type":"gpml:MidOceanRidge","polarity":null,"overriding_plate_id":null,"subducting_plate_id":null,"plate_ids":[982,983],"name":"Manihiki-Hikurangi"},"geometry":{"type":"LineString","coordinates":[[-124.686,-39.648],[-124.412,-39.668],[-123.995,-39.776],[-123.576,-39.882],[-123.156,-39.987],[-122.585,-39.935],[-122.015,-39.879],[-121.445,-39.821],[-120.877,-39.76],[-120.309,-39.696],[-119.743,-39.63],[-119.688,-39.89],[-119.161,-39.839],[-118.635,-39.786],[-118.11,-39.73],[-117.586,-39.672],[-117.441,-40.115],[-116.894,-40.064],[-116.349,-40.011],[-115.804,-39.955],[-115.714,-40.285],[-115.623,-40.614],[-115.532,-40.943],[-115.025,-40.884],[-114.519,-40.821],[-114.409,-41.219],[-113.954,-41.177],[-113.5,-41.135],[-113.384,-41.546],[-113.268,-41.958],[-112.75,-41.914],[-112.234,-41.867],[-111.718,-41.818]]}},{"type":"Feature","properties":{"boundary_type":"ridge","feature_type":"gpml:MidOceanRidge","polarity":null,"overriding_plate_id":null,"subducting_plate_id":null,"plate_ids":[982,983],"name":"Ontong-Java-Hikurangi"},"geometry":{"type":"LineString","coordinates":[[-124.686,-39.648],[-124.838,-39.712]]}},{"type":"Feature","properties":{"boundary_type":"ridge","feature_type":"gpml:MidOceanRidge","polarity":null,"overriding_plate_id":null,"subducting_plate_id":null,"plate_ids":[901,983],"name":"Ontong-Java-Hikurangi"},"geometry":{"type":"LineString","coordinates":[[-124.838,-39.712],[-124.863,-39.722],[-125.457,-39.908],[-126.054,-40.091],[-126.654,-40.271],[-127.258,-40.448],[-127.864,-40.622],[-128.474,-40.792],[-129.087,-40.959],[-129.703,-41.123],[-129.468,-41.552],[-129.23,-41.979],[-128.988,-42.406],[-128.743,-42.833],[-128.495,-43.259],[-128.244,-43.684],[-127.988,-44.109],[-127.729,-44.534],[-128.36,-44.719],[-128.994,-44.902],[-129.632,-45.08],[-130.275,-45.255],[-130.921,-45.427],[-131.571,-45.594],[-132.225,-45.758],[-132.882,-45.919],[-133.544,-46.075],[-134.209,-46.228],[-134.878,-46.377],[-135.551,-46.522],[-135.746,-46.125],[-135.938,-45.728],[-136.127,-45.331],[-136.314,-44.934],[-136.961,-45.076],[-137.612,-45.214],[-138.265,-45.348],[-138.921,-45.479],[-139.581,-45.606],[-140.243,-45.73],[-140.908,-45.849],[-141.577,-45.965],[-142.247,-46.076],[-142.921,-46.184],[-143.597,-46.288],[-144.276,-46.387],[-144.957,-46.483],[-145.64,-46.575],[-146.326,-46.662],[-147.014,-46.746],[-147.703,-46.825],[-147.624,-47.26],[-147.543,-47.694],[-147.46,-48.129],[-147.376,-48.563],[-147.291,-48.998],[-147.204,-49.432],[-147.116,-49.867],[-147.868,-49.944],[-148.623,-50.016],[-149.38,-50.083],[-150.139,-50.145],[-150.899,-50.203],[-151.662,-50.255],[-152.426,-50.302],[-153.191,-50.345],[-153.958,-50.382],[-154.726,-50.414],[-155.495,-50.441],[-156.265,-50.464],[-157.035,-50.481],[-157.806,-50.493],[-158.577,-50.499],[-159.348,-50.501],[-159.315,-50.002],[-159.283,-49.503],[-159.251,-49.004],[-159.22,-48.505],[-159.19,-48.005],[-159.916,-48.017],[-160.643,-48.025],[-161.37,-48.027],[-162.097,-48.025],[-162.824,-48.019],[-163.55,-48.008],[-164.277,-47.992],[-165.002,-47.972],[-165.727,-47.948],[-166.452,-47.918],[-167.175,-47.884],[-167.898,-47.846],[-168.619,-47.803],[-169.339,-47.756],[-170.058,-47.704],[-170.775,-47.648],[-171.491,-47.587],[-172.205,-47.521],[-172.917,-47.452],[-173.627,-47.378],[-174.335,-47.299],[-175.041,-47.216],[-175.744,-47.129],[-176.446,-47.038],[-177.144,-46.942],[-177.841,-46.842]]}},{"type":"Feature","properties":{"boundary_type":"ridge","feature_type":"gpml:MidOceanRidge","polarity":null,"overriding_plate_id":null,"subducting_plate_id":null,"plate_ids":[901,983],"name":"Ontong-Java-Hikurangi"},"geometry":{"type":"LineString","coordinates":[[-177.841,-46.842],[-178.525,-46.71],[-179.207,-46.573],[-179.885,-46.433],[179.441,-46.288],[178.77,-46.14],[178.103,-45.987],[177.44,-45.831],[176.78,-45.671],[176.124,-45.507],[175.472,-45.34],[174.824,-45.168],[174.18,-44.994],[173.54,-44.815],[172.903,-44.633],[172.271,-44.448],[171.648,-44.639],[171.02,-44.827],[170.389,-45.012],[169.753,-45.193],[169.114,-45.371],[168.47,-45.545],[167.823,-45.715],[167.171,-45.882],[166.516,-46.045],[165.857,-46.204],[165.194,-46.359],[164.527,-46.511],[163.857,-46.659],[163.183,-46.802],[162.505,-46.942],[161.824,-47.078],[161.139,-47.209],[160.452,-47.337],[159.761,-47.461],[159.066,-47.58],[158.369,-47.695],[157.668,-47.806]]}},{"type":"Feature","properties":{"boundary_type":"ridge","feature_type":"gpml:MidOceanRidge","polarity":null,"overriding_plate_id":null,"subducting_plate_id":null,"plate_ids":[902,926],"name":"MOR Farallon-Izanagi"},"geometry":{"type":"LineString","coordinates":[[-130.189,15.059],[-130.081,15.249],[-129.95,15.716],[-129.819,16.182],[-129.688,16.649],[-129.556,17.115],[-129.423,17.581],[-129.289,18.048],[-129.155,18.514],[-129.02,18.98],[-128.884,19.446],[-128.748,19.912],[-128.61,20.377],[-128.472,20.843],[-128.333,21.309],[-128.193,21.774],[-128.052,22.239],[-127.91,22.704],[-127.768,23.169],[-127.624,23.634],[-128.084,23.886],[-128.546,24.135],[-129.01,24.384],[-129.475,24.631],[-129.943,24.876],[-130.412,25.12],[-130.883,25.363],[-131.356,25.604],[-131.831,25.844],[-132.308,26.082],[-132.787,26.318],[-133.267,26.553],[-133.75,26.786],[-134.235,27.018],[-134.721,27.248],[-135.21,27.476],[-135.701,27.703],[-136.194,27.927],[-136.688,28.15],[-137.185,28.372],[-137.684,28.591],[-137.562,29.073],[-137.439,29.555],[-137.314,30.037],[-137.188,30.519],[-137.062,31.001],[-136.933,31.482],[-136.804,31.964],[-136.673,32.445],[-136.54,32.926],[-136.407,33.407],[-136.271,33.888],[-136.135,34.369],[-135.996,34.85],[-135.856,35.33],[-135.715,35.81],[-135.571,36.291],[-135.426,36.77],[-135.279,37.25],[-135.13,37.73],[-134.979,38.209],[-135.524,38.331],[-136.07,38.451],[-136.619,38.568],[-137.169,38.682],[-137.721,38.794],[-138.274,38.903],[-138.829,39.01],[-139.386,39.114],[-139.239,39.599],[-139.089,40.083],[-138.937,40.567],[-138.783,41.051],[-138.627,41.535],[-138.468,42.019],[-138.307,42.502],[-138.144,42.985],[-137.978,43.468],[-137.809,43.951],[-137.637,44.433],[-137.463,44.916],[-137.285,45.397],[-137.105,45.879],[-136.921,46.36],[-136.734,46.841],[-136.544,47.322],[-136.35,47.803],[-136.153,48.283],[-135.952,48.762],[-135.747,49.242],[-135.538,49.721],[-135.325,50.199],[-134.59,50.066],[-133.859,49.928],[-133.133,49.785],[-132.884,50.252],[-132.631,50.718],[-132.373,51.185],[-132.109,51.65],[-131.84,52.115],[-131.566,52.579],[-131.285,53.043],[-130.998,53.506],[-130.705,53.968],[-130.406,54.429],[-130.099,54.89],[-129.786,55.35],[-129.465,55.809],[-129.136,56.268],[-128.8,56.725],[-128.455,57.181],[-128.102,57.637],[-127.74,58.091],[-127.368,58.545],[-126.987,58.997]]}},{"type":"Feature","properties":{"boundary_type":"ridge","feature_type":"gpml:MidOceanRidge","polarity":null,"overriding_plate_id":null,"subducting_plate_id":null,"plate_ids":[902,926],"name":"MOR Farallon-Izanagi"},"geometry":{"type":"LineString","coordinates":[[-126.987,58.997],[-127.783,59.191],[-128.588,59.379],[-129.401,59.563],[-130.224,59.741],[-131.055,59.915],[-131.895,60.083],[-132.744,60.245],[-133.601,60.402],[-134.465,60.554],[-134.088,60.995],[-133.7,61.435],[-133.301,61.874],[-132.89,62.311],[-132.467,62.748],[-132.032,63.183],[-131.583,63.616],[-131.12,64.049],[-130.643,64.479]]}},{"type":"Feature","properties":{"boundary_type":"ridge","feature_type":"gpml:MidOceanRidge","polarity":null,"overriding_plate_id":null,"subducting_plate_id":null,"plate_ids":[902,926],"name":"MOR Farallon-Izanagi"},"geometry":{"type":"LineString","coordinates":[[-130.643,64.479],[-131.549,64.666],[-132.468,64.846],[-133.399,65.021],[-134.342,65.19],[-135.296,65.353],[-134.846,65.794],[-134.379,66.234],[-133.896,66.672],[-133.396,67.108],[-132.877,67.543],[-132.339,67.976],[-131.78,68.407],[-132.794,68.635],[-133.828,68.856],[-134.883,69.071],[-135.959,69.279],[-137.055,69.481],[-138.171,69.675],[-137.637,70.101],[-137.081,70.526],[-136.501,70.949],[-135.895,71.37],[-135.263,71.789],[-134.602,72.206],[-133.91,72.62],[-133.186,73.032],[-132.427,73.442],[-131.63,73.848],[-130.794,74.251],[-129.915,74.651],[-128.991,75.048],[-128.216,75.492],[-127.394,75.934],[-126.519,76.372]]}},{"type":"Feature","properties":{"boundary_type":"ridge","feature_type":"gpml:MidOceanRidge","polarity":null,"overriding_plate_id":null,"subducting_plate_id":null,"plate_ids":[101,301],"name":"PorucpineMOR"},"geometry":{"type":"LineString","coordinates":[[8.645,43.052],[8.707,42.932],[8.836,42.799],[8.948,42.643],[9.108,42.531],[9.295,42.419],[9.477,42.288],[9.738,42.207],[10.022,42.152],[10.224,42.077],[10.667,41.971],[11.057,41.747],[11.384,41.592],[11.786,41.379],[12.117,41.152],[12.385,40.905],[12.601,40.646],[12.805,40.329],[13.04,40.011],[13.242,39.744],[13.442,39.502],[13.587,39.358],[13.771,39.168],[13.882,38.984],[14.042,38.769],[14.156,38.476],[14.306,38.12],[14.35,37.838],[14.351,37.511],[14.365,37.454]]}},{"type":"Feature","properties":{"boundary_type":"ridge","feature_type":"gpml:MidOceanRidge","polarity":null,"overriding_plate_id":null,"subducting_plate_id":null,"plate_ids":[301,304],"name":"PorucpineMOR"},"geometry":{"type":"LineString","coordinates":[[14.365,37.454],[14.412,37.26],[14.441,37.181]]}},{"type":"Feature","properties":{"boundary_type":"ridge","feature_type":"gpml:MidOceanRidge","polarity":null,"overriding_plate_id":null,"subducting_plate_id":null,"plate_ids":[101,304],"name":"IB_NFLND_Exhumed_Mantle"},"geometry":{"type":"LineString","coordinates":[[8.503,31.932],[8.961,32.214],[9.31,32.558],[9.679,32.888],[9.949,33.269],[10.19,33.564],[10.398,33.97],[10.642,34.376],[10.787,34.45],[10.972,34.686],[11.183,34.864],[11.458,35.051],[11.769,35.308],[12.191,35.559],[12.413,35.775],[12.492,35.829],[12.626,36.017],[12.711,36.134],[12.73,36.275],[12.918,36.529],[13.175,36.7],[13.371,36.744],[13.492,36.761],[13.635,36.883],[13.766,36.935],[13.905,37.062],[14.026,37.14],[14.244,37.379],[14.365,37.454]]}},{"type":"Feature","properties":{"boundary_type":"subduction","feature_type":"gpml:SubductionZone","polarity":"Right","overriding_plate_id":201,"subducting_plate_id":802,"plate_ids":[201,802],"name":"South America trench taken from COB file"},"geometry":{"type":"LineString","coordinates":[[-31.869,-54.031],[-32.026,-53.916],[-32.379,-53.801],[-32.953,-53.637],[-33.2,-53.588],[-33.663,-53.439],[-33.943,-53.219],[-34.221,-52.998],[-34.231,-52.985]]}},{"type":"Feature","properties":{"boundary_type":"subduction","feature_type":"gpml:SubductionZone","polarity":"Right","overriding_plate_id":201,"subducting_plate_id":919,"plate_ids":[201,919],"name":"South America trench taken from COB file"},"geometry":{"type":"LineString","coordinates":[[-34.231,-52.985],[-34.547,-52.543],[-34.857,-52.101],[-35.004,-51.824],[-35.149,-51.546],[-35.254,-51.278],[-35.358,-51.009],[-35.41,-50.725],[-35.46,-50.442],[-35.391,-50.023],[-35.323,-49.605],[-35.256,-49.187],[-35.342,-48.813],[-35.427,-48.438],[-35.562,-48.078],[-35.695,-47.718],[-35.571,-47.259],[-35.449,-46.8],[-35.061,-46.518],[-34.678,-46.234],[-34.073,-46.049],[-33.956,-45.605],[-33.815,-45.24],[-33.741,-44.977],[-33.668,-44.714],[-33.637,-44.397],[-33.69,-44.179],[-33.785,-43.915],[-33.846,-43.669],[-33.93,-43.331],[-33.8,-42.989],[-33.696,-42.625],[-33.625,-42.396],[-33.493,-42.009],[-33.458,-41.79],[-33.403,-41.525],[-33.357,-41.278],[-33.293,-40.932],[-33.229,-40.586],[-33.166,-40.239],[-33.126,-39.912],[-33.071,-39.648],[-33.017,-39.384],[-32.961,-39.08],[-32.964,-38.812],[-32.967,-38.543],[-32.968,-38.311],[-32.864,-37.919],[-32.742,-37.511],[-32.661,-37.267],[-32.581,-37.022],[-32.546,-36.542],[-32.432,-36.104],[-32.299,-35.743],[-32.167,-35.381],[-32.036,-35.02],[-31.907,-34.659],[-31.708,-34.261],[-31.511,-33.863],[-31.316,-33.464],[-31.123,-33.065],[-30.931,-32.666],[-30.741,-32.267],[-30.553,-31.867],[-30.483,-31.386],[-30.414,-30.906],[-30.345,-30.425],[-30.277,-29.944],[-30.21,-29.464],[-30.144,-28.983],[-30.078,-28.502],[-30.012,-28.021],[-29.947,-27.54],[-29.797,-27.076]]}},{"type":"Feature","properties":{"boundary_type":"subduction","feature_type":"gpml:SubductionZone","polarity":"Right","overriding_plate_id":201,"subducting_plate_id":908,"plate_ids":[201,908],"name":"South America trench taken from COB file"},"geometry":{"type":"LineString","coordinates":[[-29.797,-27.076],[-29.675,-26.696],[-29.554,-26.315],[-29.434,-25.934],[-29.314,-25.554],[-29.252,-25.093],[-29.191,-24.632],[-29.13,-24.172],[-29.07,-23.711],[-29.01,-23.25],[-28.95,-22.789],[-28.891,-22.328],[-28.832,-21.868],[-28.787,-21.456],[-28.742,-21.045],[-28.698,-20.634],[-28.784,-20.199],[-28.87,-19.763],[-28.874,-19.421],[-28.878,-19.079],[-29.035,-18.655],[-29.191,-18.231],[-29.471,-17.812],[-29.751,-17.393],[-30.08,-17.061],[-30.407,-16.729],[-30.734,-16.396],[-31.059,-16.062],[-31.383,-15.728],[-31.836,-15.51],[-32.287,-15.291],[-32.623,-14.956],[-32.959,-14.62],[-33.293,-14.283],[-33.627,-13.947],[-33.959,-13.609],[-34.291,-13.272],[-34.621,-12.933],[-34.951,-12.595],[-35.28,-12.256],[-35.54,-11.836],[-35.798,-11.416],[-36.057,-10.995],[-36.314,-10.574]]}},{"type":"Feature","properties":{"boundary_type":"subduction","feature_type":"gpml:SubductionZone","polarity":"Right","overriding_plate_id":201,"subducting_plate_id":902,"plate_ids":[201,902],"name":"South America trench taken from COB file"},"geometry":{"type":"LineString","coordinates":[[-36.314,-10.574],[-36.547,-10.191],[-36.78,-9.808],[-37.013,-9.425],[-37.245,-9.041],[-37.476,-8.658],[-37.707,-8.274],[-37.937,-7.89],[-38.11,-7.433],[-38.283,-6.976],[-38.455,-6.519],[-38.627,-6.062],[-38.798,-5.605],[-38.97,-5.148],[-39.141,-4.69]]}},{"type":"Feature","properties":{"boundary_type":"other","feature_type":"gpml:ContinentalRift","polarity":null,"overriding_plate_id":null,"subducting_plate_id":null,"plate_ids":[101,301],"name":"North America - Greenland rift"},"geometry":{"type":"LineString","coordinates":[[35.086,62.961],[34.961,62.88],[34.658,62.52],[34.362,62.159],[34.073,61.797],[33.791,61.435],[33.313,61.015],[32.848,60.592],[32.395,60.168],[31.953,59.743],[31.697,59.378],[31.446,59.013],[31.201,58.648],[30.961,58.282],[31.059,57.906],[31.155,57.53],[31.082,57.118],[31.011,56.705],[30.941,56.292],[30.736,55.949],[30.535,55.606],[30.337,55.263],[29.882,54.904],[29.435,54.544],[28.995,54.182],[28.44,53.933],[27.89,53.681],[27.348,53.427],[26.817,53.173],[26.293,52.917],[25.775,52.659],[25.263,52.398],[24.706,52.233],[24.152,52.064],[23.602,51.894],[23.057,51.72],[22.308,51.657],[21.562,51.589],[20.817,51.516],[20.076,51.439],[19.637,51.17],[19.205,50.901],[18.777,50.629],[18.353,50.356],[17.832,50.014],[17.319,49.669],[16.812,49.322],[16.313,48.973],[15.87,48.661],[15.432,48.347],[14.999,48.032],[14.572,47.716],[14.219,47.45],[13.869,47.183],[13.522,46.915],[13.201,46.574],[12.884,46.233],[12.414,45.935],[12.029,45.645],[11.649,45.353],[11.272,45.06],[10.899,44.766],[10.464,44.417],[10.034,44.067],[9.609,43.715],[9.125,43.384],[8.645,43.052]]}},{"type":"Feature","properties":{"boundary_type":"transform","feature_type":"gpml:Transform","polarity":null,"overriding_plate_id":null,"subducting_plate_id":null,"plate_ids":[101,201],"name":"Marathon Transform, N Margin of Eq Atlantic"},"geometry":{"type":"LineString","coordinates":[[-24.924,18.626],[-24.545,18.322],[-24.168,18.017],[-23.793,17.711],[-23.418,17.405],[-23.045,17.098],[-22.649,16.778],[-22.255,16.458],[-21.862,16.136],[-21.47,15.814],[-21.079,15.492],[-20.69,15.168],[-20.302,14.845],[-19.915,14.52],[-19.529,14.195],[-19.144,13.869],[-18.802,13.652],[-18.461,13.435],[-18.12,13.218]]}},{"type":"Feature","properties":{"boundary_type":"transform","feature_type":"gpml:Transform","polarity":null,"overriding_plate_id":null,"subducting_plate_id":null,"plate_ids":[201,714],"name":"Marathon Transform, N Margin of Eq Atlantic"},"geometry":{"type":"LineString","coordinates":[[-18.12,13.218],[-17.718,12.959],[-17.316,12.701],[-16.915,12.441],[-16.515,12.181],[-16.116,11.921],[-15.718,11.66],[-15.28,11.479],[-14.843,11.298],[-14.406,11.117],[-13.97,10.934],[-13.534,10.752],[-13.099,10.568],[-12.664,10.384],[-12.23,10.199],[-11.797,10.014],[-11.309,9.892],[-10.823,9.77],[-10.336,9.647],[-9.851,9.523],[-9.365,9.398]]}},{"type":"Feature","properties":{"boundary_type":"transform","feature_type":"gpml:Transform","polarity":null,"overriding_plate_id":null,"subducting_plate_id":null,"plate_ids":[101,714],"name":"South Iberia 131Ma geom 304"},"geometry":{"type":"LineString","coordinates":[[7.998,32.352],[8.251,32.142],[8.503,31.932]]}},{"type":"Feature","properties":{"boundary_type":"transform","feature_type":"gpml:Transform","polarity":null,"overriding_plate_id":null,"subducting_plate_id":null,"plate_ids":[714],"name":"South Iberia 131Ma geom 304"},"geometry":{"type":"LineString","coordinates":[[8.503,31.932],[8.919,31.58],[9.333,31.227],[9.744,30.873],[10.151,30.517],[10.556,30.16],[10.958,29.802],[11.357,29.443],[11.753,29.083],[12.273,28.928],[12.791,28.771],[13.309,28.613],[13.824,28.452],[14.338,28.29],[14.85,28.125],[15.361,27.959],[15.87,27.791],[16.378,27.621],[16.884,27.449],[17.389,27.275],[17.892,27.1],[18.421,26.984],[18.95,26.866],[19.477,26.746],[20.003,26.625],[20.528,26.501],[21.055,26.599],[21.583,26.695],[22.111,26.789],[22.505,26.712],[22.899,26.635],[23.292,26.556]]}},{"type":"Feature","properties":{"boundary_type":"other","feature_type":"gpml:ExtendedContinentalCrust","polarity":null,"overriding_plate_id":null,"subducting_plate_id":null,"plate_ids":[714,715],"name":"North African Basins, Eastern Boundary"},"geometry":{"type":"LineString","coordinates":[[15.114,-4.091],[15.117,-4.078],[15.201,-3.662],[15.285,-3.247],[15.368,-2.831],[15.452,-2.415],[15.783,-2.319],[16.114,-2.223],[16.444,-2.126],[16.744,-1.976],[17.043,-1.825],[17.341,-1.674],[17.618,-1.437],[17.895,-1.2],[17.986,-0.878],[18.078,-0.557],[18.17,-0.235],[18.171,0.18],[18.172,0.594],[18.174,1.009],[18.162,1.38],[18.151,1.752],[18.139,2.123],[18.156,2.602],[18.173,3.08],[18.19,3.558],[18.434,3.94],[18.679,4.321],[18.62,4.613],[18.561,4.905],[18.644,5.295],[18.728,5.686],[18.812,6.077],[18.835,6.507],[18.859,6.937],[18.883,7.367],[19.336,7.406],[19.789,7.443],[20.242,7.481],[20.62,7.332],[20.997,7.183],[21.375,7.033],[21.761,7.047],[22.148,7.062],[22.535,7.075],[22.922,7.089],[23.407,6.955],[23.891,6.82],[24.336,6.61],[24.78,6.399],[25.225,6.188],[25.668,5.976],[26.059,6.005],[26.449,6.033],[26.839,6.061],[27.23,6.089],[27.606,5.948],[27.983,5.806],[28.433,5.84],[28.884,5.873],[29.335,5.906],[29.558,6.286],[29.781,6.666],[30.005,7.046],[30.229,7.426],[30.454,7.806],[30.293,8.13],[30.133,8.454],[29.972,8.778],[29.936,9.207],[29.9,9.635],[29.864,10.063],[30.079,10.45],[30.295,10.836],[30.511,11.222],[30.728,11.608],[30.946,11.994],[31.274,12.216],[31.603,12.437],[31.932,12.659]]}},{"type":"Feature","properties":{"boundary_type":"other","feature_type":"gpml:ExtendedContinentalCrust","polarity":null,"overriding_plate_id":null,"subducting_plate_id":null,"plate_ids":[701,715],"name":"Central African Rifts, Southern Boundary"},"geometry":{"type":"LineString","coordinates":[[20.023,-8.109],[20.51,-8.206],[20.998,-8.303],[21.486,-8.399],[21.975,-8.494],[22.45,-8.518],[22.925,-8.542],[23.401,-8.566],[23.876,-8.589],[24.352,-8.611],[24.737,-8.8],[25.124,-8.988],[25.511,-9.177],[25.898,-9.364],[26.109,-9.768],[26.321,-10.172],[26.534,-10.575],[26.747,-10.979],[26.96,-11.382],[27.174,-11.785],[27.389,-12.188],[27.605,-12.59],[27.626,-12.937],[27.647,-13.283],[27.893,-13.522],[28.138,-13.761],[28.384,-14.0],[28.291,-14.452],[28.198,-14.903],[28.449,-15.303],[28.702,-15.702],[28.955,-16.102],[29.209,-16.501],[29.557,-16.723],[29.907,-16.946],[30.257,-17.167],[30.608,-17.388],[30.96,-17.609],[31.324,-17.863],[31.69,-18.117],[32.056,-18.37],[32.424,-18.623],[32.792,-18.874],[33.162,-19.125],[33.586,-19.111],[34.01,-19.095],[34.433,-19.079],[34.857,-19.061],[35.266,-18.813],[35.674,-18.563],[36.081,-18.312],[36.486,-18.06],[36.891,-17.808],[37.294,-17.555],[37.683,-17.395],[38.071,-17.235],[38.458,-17.073],[38.844,-16.911],[39.266,-16.744],[39.687,-16.576],[40.107,-16.407],[40.614,-16.434],[41.121,-16.459],[41.628,-16.484],[42.135,-16.507],[42.643,-16.529],[43.109,-16.574],[43.576,-16.617],[44.043,-16.66],[44.51,-16.702],[44.977,-16.743],[45.444,-16.782],[45.915,-16.804],[46.387,-16.824],[46.858,-16.843],[47.329,-16.861],[47.8,-16.878],[48.272,-16.894],[48.72,-16.878],[49.168,-16.861],[49.616,-16.843],[50.064,-16.824],[50.512,-16.804],[50.96,-16.783],[51.423,-16.795],[51.885,-16.806],[52.348,-16.817],[52.811,-16.826],[53.274,-16.835],[53.737,-16.842],[54.2,-16.848],[54.624,-16.848],[55.048,-16.847],[55.472,-16.845]]}},{"type":"Feature","properties":{"boundary_type":"other","feature_type":"gpml:TerraneBoundary","polarity":null,"overriding_plate_id":null,"subducting_plate_id":null,"plate_ids":[701,715],"name":"Northeast Africa-South Africa"},"geometry":{"type":"LineString","coordinates":[[20.023,-8.109],[19.952,-7.992],[19.702,-7.89],[19.453,-7.788],[19.178,-7.733],[18.904,-7.678],[18.439,-7.58],[17.973,-7.482],[17.649,-7.367],[17.326,-7.251],[17.002,-7.136],[16.757,-6.971],[16.512,-6.805],[16.382,-6.719]]}},{"type":"Feature","properties":{"boundary_type":"other","feature_type":"gpml:UnclassifiedFeature","polarity":null,"overriding_plate_id":null,"subducting_plate_id":null,"plate_ids":[301,304],"name":""},"geometry":{"type":"LineString","coordinates":[[14.441,37.181],[14.849,36.913],[15.254,36.643],[15.656,36.372],[16.055,36.1],[16.287,35.859],[16.495,35.491],[16.815,35.277],[17.25,35.167],[17.587,35.177],[17.991,35.038],[18.17,34.976]]}},{"type":"Feature","properties":{"boundary_type":"other","feature_type":"gpml:UnclassifiedFeature","polarity":null,"overriding_plate_id":null,"subducting_plate_id":null,"plate_ids":[304],"name":""},"geometry":{"type":"LineString","coordinates":[[18.17,34.976],[18.191,34.968],[18.394,34.897],[18.871,34.856],[19.099,34.836],[19.409,34.751],[19.622,34.693],[19.988,34.588],[20.296,34.498],[20.662,34.374],[21.028,34.25],[21.393,34.148],[21.757,34.046],[22.153,33.814],[22.546,33.58],[22.912,33.211],[23.275,32.842],[23.686,32.613]]}},{"type":"Feature","properties":{"boundary_type":"other","feature_type":"gpml:UnclassifiedFeature","polarity":null,"overriding_plate_id":null,"subducting_plate_id":null,"plate_ids":[304],"name":"Boundary_Deform_BoB"},"geometry":{"type":"LineString","coordinates":[[24.865,33.505],[24.469,33.209],[24.076,32.912],[23.686,32.613]]}},{"type":"Feature","properties":{"boundary_type":"ridge","feature_type":"gpml:MidOceanRidge","polarity":null,"overriding_plate_id":null,"subducting_plate_id":null,"plate_ids":[201,701],"name":"SAM MOR and boundary"},"geometry":{"type":"LineString","coordinates":[[7.948,-3.511],[7.901,-3.897],[7.855,-4.283],[7.809,-4.669],[7.762,-5.055],[7.893,-5.409],[8.025,-5.762],[8.156,-6.116],[8.288,-6.47],[8.265,-6.949],[8.242,-7.428],[8.106,-7.76],[7.971,-8.093],[7.835,-8.425],[7.511,-8.725],[7.186,-9.024],[6.861,-9.324],[6.536,-9.623],[6.209,-9.922],[5.883,-10.22],[5.657,-10.574],[5.431,-10.928],[5.205,-11.282],[4.978,-11.636],[4.75,-11.989],[4.532,-12.315],[4.313,-12.64],[4.094,-12.966],[3.874,-13.291],[3.922,-13.768],[3.969,-14.245],[4.017,-14.723],[4.032,-15.152],[4.047,-15.582],[4.062,-16.012],[4.077,-16.442],[3.984,-16.837],[3.892,-17.233],[3.799,-17.628],[3.706,-18.023],[3.612,-18.419],[3.486,-18.809],[3.359,-19.199],[3.231,-19.589],[3.103,-19.979],[3.004,-20.375],[2.905,-20.77],[2.805,-21.166],[2.704,-21.562],[2.603,-21.957],[2.285,-22.314],[1.965,-22.67],[1.643,-23.025],[1.32,-23.38],[0.995,-23.734],[0.626,-24.018],[0.255,-24.301],[-0.118,-24.583],[-0.492,-24.864],[-0.868,-25.145],[-1.246,-25.424],[-1.625,-25.703],[-2.007,-25.98],[-2.285,-26.375],[-2.566,-26.77],[-2.848,-27.163],[-3.133,-27.557],[-3.428,-27.93],[-3.724,-28.302],[-4.023,-28.673],[-4.325,-29.044],[-4.628,-29.414],[-4.933,-29.783],[-5.241,-30.152],[-5.551,-30.52],[-5.864,-30.887],[-6.048,-31.32],[-6.234,-31.752],[-6.422,-32.184],[-6.611,-32.616],[-6.803,-33.047],[-6.996,-33.479],[-7.191,-33.909],[-7.388,-34.34],[-7.588,-34.77],[-7.789,-35.2],[-8.025,-35.568],[-8.264,-35.935],[-8.504,-36.301],[-8.747,-36.667],[-8.993,-37.033],[-9.253,-37.404],[-9.291,-37.893],[-9.328,-38.383],[-9.367,-38.873],[-9.406,-39.363],[-9.445,-39.852],[-9.485,-40.342],[-9.525,-40.832],[-9.567,-41.322],[-9.608,-41.811],[-9.651,-42.301],[-9.702,-42.777],[-9.753,-43.254],[-9.806,-43.73],[-9.859,-44.206],[-9.913,-44.683],[-9.968,-45.159],[-10.024,-45.635],[-10.045,-46.122],[-10.066,-46.609],[-10.087,-47.096]]}},{"type":"Feature","properties":{"boundary_type":"subduction","feature_type":"gpml:SubductionZone","polarity":"Right","overriding_plate_id":801,"subducting_plate_id":983,"plate_ids":[801,983],"name":"East Gondwana active margin"},"geometry":{"type":"LineString","coordinates":[[156.962,-52.783],[157.31,-53.051],[157.662,-53.318],[157.938,-53.678],[158.219,-54.037],[158.268,-54.478],[158.319,-54.919],[158.064,-55.131],[157.807,-55.343],[157.428,-55.644],[157.043,-55.944],[156.652,-56.242],[156.979,-56.56],[157.312,-56.876],[157.142,-57.262],[156.969,-57.648],[157.348,-58.067],[157.877,-58.339],[158.415,-58.61],[159.002,-58.99],[159.602,-59.368],[160.215,-59.744],[160.843,-60.116],[161.484,-60.485],[161.73,-60.904],[161.983,-61.322],[161.978,-61.701],[161.972,-62.08],[161.965,-62.458],[162.186,-62.785],[162.411,-63.112],[162.641,-63.438],[162.882,-63.82],[163.13,-64.201],[163.54,-64.566],[163.962,-64.929],[164.404,-65.311],[164.858,-65.692],[165.303,-65.955],[165.756,-66.216],[165.951,-66.478],[166.149,-66.739],[165.915,-67.02],[165.827,-67.235],[165.498,-67.502],[165.205,-67.81],[164.905,-68.116],[164.274,-68.514],[163.62,-68.909],[163.225,-69.252],[162.818,-69.594],[162.44,-69.993],[162.047,-70.392],[161.621,-70.807],[160.72,-71.023],[159.8,-71.234],[158.86,-71.44],[158.939,-71.717],[158.984,-72.078],[159.03,-72.438],[159.636,-72.764],[160.265,-73.088],[160.284,-73.503],[160.027,-73.889],[159.757,-74.274],[159.673,-74.575],[159.586,-74.876],[159.888,-75.29],[159.958,-75.628],[160.032,-75.967]]}},{"type":"Feature","properties":{"boundary_type":"subduction","feature_type":"gpml:SubductionZone","polarity":"Right","overriding_plate_id":801,"subducting_plate_id":919,"plate_ids":[801,919],"name":"East Gondwana active margin"},"geometry":{"type":"LineString","coordinates":[[160.032,-75.967],[160.033,-75.973],[161.485,-76.301],[163.007,-76.621],[163.896,-76.781],[164.805,-76.938],[165.865,-77.055],[166.944,-77.168],[168.349,-77.347],[169.792,-77.518],[170.183,-77.626],[171.745,-77.536],[173.284,-77.437],[175.461,-77.568],[177.68,-77.681],[179.297,-77.781],[-179.061,-77.871],[-177.802,-77.961],[-176.525,-78.046]]}},{"type":"Feature","properties":{"boundary_type":"subduction","feature_type":"gpml:SubductionZone","polarity":"Right","overriding_plate_id":806,"subducting_plate_id":919,"plate_ids":[806,919],"name":"East Gondwana active margin"},"geometry":{"type":"LineString","coordinates":[[-176.525,-78.046],[-175.971,-78.08],[-174.578,-78.282],[-173.138,-78.476],[-172.309,-78.67],[-171.452,-78.862],[-170.077,-79.09],[-168.644,-79.312],[-167.153,-79.527],[-164.863,-79.682],[-162.509,-79.82],[-160.49,-79.868],[-158.455,-79.903],[-156.408,-79.926],[-154.244,-80.037],[-152.035,-80.134],[-149.786,-80.216],[-147.502,-80.283]]}},{"type":"Feature","properties":{"boundary_type":"subduction","feature_type":"gpml:SubductionZone","polarity":"Left","overriding_plate_id":301,"subducting_plate_id":926,"plate_ids":[301,926],"name":"Okinawa Trough (Ryuku) from EarthByte cob MG 4-20-07"},"geometry":{"type":"LineString","coordinates":[[150.177,32.288],[150.506,32.49],[150.772,32.78],[151.039,33.069],[151.308,33.358],[151.502,33.782],[151.699,34.207],[151.898,34.631],[152.098,35.055],[152.301,35.478],[152.453,35.865],[152.606,36.251],[152.761,36.637],[152.917,37.023],[152.994,37.376],[153.072,37.729],[153.112,38.17],[153.153,38.61],[153.115,39.048],[153.076,39.485],[153.139,39.871],[153.202,40.258]]}},{"type":"Feature","properties":{"boundary_type":"other","feature_type":"gpml:TerraneBoundary","polarity":null,"overriding_plate_id":null,"subducting_plate_id":null,"plate_ids":[701,715],"name":"Benue Trough-Northeast Africa"},"geometry":{"type":"LineString","coordinates":[[16.382,-6.719],[15.976,-6.448],[15.665,-6.183],[15.355,-5.917],[15.009,-5.661],[14.663,-5.405],[14.438,-5.154],[14.213,-4.903],[13.988,-4.652],[13.764,-4.401],[13.617,-4.07],[13.47,-3.739]]}},{"type":"Feature","properties":{"boundary_type":"subduction","feature_type":"gpml:SubductionZone","polarity":"Left","overriding_plate_id":301,"subducting_plate_id":715,"plate_ids":[301,715],"name":"Vardar Sea Subduction"},"geometry":{"type":"LineString","coordinates":[[45.885,34.673],[45.941,34.296],[45.995,33.92],[46.049,33.544],[46.447,33.181],[46.842,32.816],[47.234,32.451],[47.622,32.084],[47.986,31.77],[48.347,31.455],[48.706,31.139],[49.063,30.822],[49.485,30.712],[49.907,30.601],[50.327,30.489],[50.747,30.376],[51.182,30.385],[51.617,30.393],[52.152,30.415],[52.688,30.435],[53.225,30.453],[53.761,30.468],[53.761,30.468],[54.309,30.532],[54.857,30.593],[55.406,30.652],[55.956,30.708],[56.507,30.762],[57.058,30.814],[57.609,30.864],[58.162,30.911],[58.714,30.956],[59.268,30.998],[59.821,31.038],[60.375,31.076],[60.93,31.111],[61.428,31.157],[61.926,31.201],[62.424,31.243],[62.923,31.283],[63.452,31.183],[63.979,31.082],[64.505,30.978],[65.03,30.872],[65.554,30.764],[66.076,30.653]]}},{"type":"Feature","properties":{"boundary_type":"transform","feature_type":"gpml:Transform","polarity":null,"overriding_plate_id":null,"subducting_plate_id":null,"plate_ids":[304],"name":"South Iberia"},"geometry":{"type":"LineString","coordinates":[[8.503,31.932],[8.919,31.58],[9.333,31.227],[9.744,30.873],[10.151,30.517],[10.556,30.16],[10.958,29.802],[11.357,29.443],[11.753,29.083],[12.273,28.928],[12.791,28.771],[13.309,28.613],[13.824,28.452],[14.338,28.29],[14.85,28.125],[15.361,27.959],[15.87,27.791],[16.378,27.621],[16.884,27.449],[17.389,27.275],[17.892,27.1],[18.421,26.984],[18.95,26.866],[19.477,26.746],[20.003,26.625],[20.528,26.501],[21.055,26.599],[21.583,26.695],[22.111,26.789],[22.505,26.712],[22.899,26.635],[23.292,26.556]]}},{"type":"Feature","properties":{"boundary_type":"other","feature_type":"gpml:Fault","polarity":null,"overriding_plate_id":null,"subducting_plate_id":null,"plate_ids":[301],"name":"NPF"},"geometry":{"type":"LineString","coordinates":[[18.17,34.976],[18.737,34.867],[19.302,34.756],[19.866,34.642],[20.428,34.526],[20.988,34.407],[21.547,34.286],[22.104,34.162],[22.66,34.035],[23.213,33.907],[23.766,33.775],[24.316,33.641],[24.865,33.505]]}},{"type":"Feature","properties":{"boundary_type":"other","feature_type":"gpml:Fault","polarity":null,"overriding_plate_id":null,"subducting_plate_id":null,"plate_ids":[301,304],"name":"NPF"},"geometry":{"type":"LineString","coordinates":[[24.865,33.505],[25.314,33.391],[25.762,33.276],[26.209,33.159],[26.745,33.13],[27.281,33.099],[27.817,33.066],[28.227,33.046],[28.636,33.025],[29.046,33.003]]}},{"type":"Feature","properties":{"boundary_type":"transform","feature_type":"gpml:Transform","polarity":null,"overriding_plate_id":null,"subducting_plate_id":null,"plate_ids":[714,715],"name":"NWA-NEA Transform"},"geometry":{"type":"LineString","coordinates":[[28.35,26.665],[28.42,26.603],[28.669,26.173],[28.915,25.742],[29.163,25.401],[29.409,25.059],[29.654,24.717],[29.898,24.375],[30.161,24.02],[30.422,23.665],[30.682,23.309],[30.941,22.953],[31.198,22.597],[31.454,22.24],[31.697,21.822],[31.938,21.404],[32.178,20.986],[32.416,20.568],[32.654,20.149],[32.889,19.729],[33.105,19.29],[33.32,18.851],[33.533,18.411],[33.745,17.971],[33.956,17.531],[34.166,17.09],[34.376,16.65],[34.447,16.189],[34.517,15.729],[34.587,15.269],[34.657,14.808],[34.727,14.348],[34.797,13.888],[34.866,13.427],[34.935,12.967],[35.003,12.506],[35.071,12.046],[35.072,11.583],[35.073,11.121],[35.074,10.659],[35.075,10.197],[35.076,9.734],[35.076,9.272]]}},{"type":"Feature","properties":{"boundary_type":"subduction","feature_type":"gpml:SubductionZone","polarity":"Right","overriding_plate_id":715,"subducting_plate_id":301,"plate_ids":[301,715],"name":"Alpine Subduction"},"geometry":{"type":"LineString","coordinates":[[30.421,31.253],[30.907,31.057],[31.39,30.86],[31.872,30.661],[32.351,30.46],[32.829,30.258],[33.304,30.054],[33.778,29.848],[34.315,29.83],[34.852,29.81],[35.389,29.787],[35.926,29.763],[36.462,29.736],[36.998,29.707],[37.534,29.676],[37.894,29.794],[38.255,29.911],[38.617,30.027],[39.05,30.329],[39.485,30.629],[39.924,30.929],[40.365,31.226],[40.809,31.523],[41.256,31.817],[41.705,32.11],[42.158,32.402],[42.613,32.692],[43.071,32.98],[43.533,33.267],[43.997,33.551],[44.464,33.834],[44.935,34.116],[45.409,34.395],[45.885,34.673]]}},{"type":"Feature","properties":{"boundary_type":"subduction","feature_type":"gpml:SubductionZone","polarity":"Left","overriding_plate_id":304,"subducting_plate_id":714,"plate_ids":[304,714],"name":"Sub. East Ligurian Ocean"},"geometry":{"type":"LineString","coordinates":[[23.292,26.556],[23.74,26.641],[24.189,26.725],[24.639,26.808],[25.09,26.889],[25.541,26.968],[26.01,26.922],[26.479,26.873],[26.947,26.824],[27.415,26.772],[27.883,26.72],[28.35,26.665]]}},{"type":"Feature","properties":{"boundary_type":"subduction","feature_type":"gpml:SubductionZone","polarity":"Left","overriding_plate_id":304,"subducting_plate_id":715,"plate_ids":[304,715],"name":"Sub. East Ligurian Ocean"},"geometry":{"type":"LineString","coordinates":[[28.35,26.665],[28.642,26.63],[28.849,27.092],[29.058,27.553],[29.268,28.013],[29.481,28.474],[29.694,28.926],[29.91,29.378],[30.127,29.83],[30.346,30.281],[30.383,30.767],[30.421,31.253]]}},{"type":"Feature","properties":{"boundary_type":"subduction","feature_type":"gpml:SubductionZone","polarity":"Left","overriding_plate_id":304,"subducting_plate_id":301,"plate_ids":[301,304],"name":"Sub. East Ligurian Ocean"},"geometry":{"type":"LineString","coordinates":[[30.421,31.253],[30.15,31.604],[29.877,31.955],[29.602,32.304],[29.325,32.654],[29.046,33.003]]}}]}