{"type":"FeatureCollection","meta":{"model":"Cao2024","reconstruction_time_ma":35.0,"anchor_plate_id":0,"pygplates_version":"1.0.0","tessellate_degrees":0.5,"polarity_convention":"gpml:subductionPolarity. 'Left'/'Right' names the side of the line, in vertex order, on which the OVERRIDING plate lies. Triangles are drawn on that side.","antimeridian":"Lines are NOT split at +/-180 deg. The renderer works in 3D unit vectors where the dateline is not special; splitting would only add spurious breaks. Do not treat this as RFC 7946 GIS-ready 2D data."},"features":[{"type":"Feature","properties":{"boundary_type":"other","feature_type":"gpml:Fault","polarity":null,"overriding_plate_id":null,"subducting_plate_id":null,"plate_ids":[101,406],"name":"Kamchatka"},"geometry":{"type":"LineString","coordinates":[[157.395,70.671],[156.341,70.556],[155.299,70.435],[154.27,70.308],[153.138,70.157],[152.023,69.998],[151.054,69.761],[150.108,69.518],[149.183,69.27],[148.245,68.998],[147.33,68.722],[146.438,68.441],[145.568,68.155],[145.115,67.726],[144.678,67.295],[144.257,66.863],[143.85,66.43],[143.642,66.037],[143.441,65.644],[143.245,65.25],[143.055,64.856],[142.871,64.462],[142.77,64.025],[142.672,63.588],[142.577,63.15],[142.485,62.713],[142.402,62.441],[142.32,62.17]]}},{"type":"Feature","properties":{"boundary_type":"other","feature_type":"gpml:FractureZone","polarity":null,"overriding_plate_id":null,"subducting_plate_id":null,"plate_ids":[701,801],"name":"Owen FZ from NUVEL file, DB 04-2007"},"geometry":{"type":"LineString","coordinates":[[55.541,-2.135],[55.707,-1.683],[55.873,-1.232],[56.038,-0.78],[56.204,-0.328],[56.37,0.123],[56.535,0.575],[56.701,1.027],[56.867,1.478],[57.032,1.93],[57.204,2.368],[57.376,2.806],[57.547,3.243],[57.719,3.681],[57.892,4.119],[58.064,4.556],[58.237,4.994],[58.409,5.431],[58.582,5.869],[58.756,6.306],[58.929,6.744],[59.101,7.161],[59.273,7.579],[59.445,7.997],[59.618,8.414],[59.791,8.831],[59.964,9.249],[60.138,9.666],[60.312,10.083],[60.496,10.548],[60.681,11.013],[60.867,11.477],[61.053,11.942],[61.24,12.406],[61.428,12.87],[61.616,13.334],[61.805,13.798],[61.994,14.262],[62.152,14.696],[62.31,15.13],[62.469,15.564],[62.628,15.998],[62.789,16.432],[62.949,16.865],[63.111,17.299],[63.273,17.732],[63.446,18.181],[63.62,18.63],[63.795,19.079],[63.97,19.527],[64.147,19.975],[64.325,20.424],[64.503,20.872],[64.683,21.319],[64.804,21.679],[64.925,22.039],[65.047,22.398],[65.132,22.63]]}},{"type":"Feature","properties":{"boundary_type":"other","feature_type":"gpml:FractureZone","polarity":null,"overriding_plate_id":null,"subducting_plate_id":null,"plate_ids":[301,801],"name":"Owen FZ from NUVEL file, DB 04-2007"},"geometry":{"type":"LineString","coordinates":[[65.132,22.63],[65.244,22.936],[65.357,23.242]]}},{"type":"Feature","properties":{"boundary_type":"transform","feature_type":"gpml:Transform","polarity":null,"overriding_plate_id":null,"subducting_plate_id":null,"plate_ids":[224],"name":"FZ NORTH 2"},"geometry":{"type":"LineString","coordinates":[[-72.047,16.301],[-71.914,16.289]]}},{"type":"Feature","properties":{"boundary_type":"transform","feature_type":"gpml:Transform","polarity":null,"overriding_plate_id":null,"subducting_plate_id":null,"plate_ids":[673,801],"name":"Kalimantan (Bornea) - mg"},"geometry":{"type":"LineString","coordinates":[[120.911,-5.728],[121.198,-5.431],[121.485,-5.133],[121.695,-4.729],[121.905,-4.324],[122.043,-4.012],[122.182,-3.7],[122.32,-3.387]]}},{"type":"Feature","properties":{"boundary_type":"transform","feature_type":"gpml:Transform","polarity":null,"overriding_plate_id":null,"subducting_plate_id":null,"plate_ids":[665,673],"name":"Kalimantan (Bornea) - mg"},"geometry":{"type":"LineString","coordinates":[[122.32,-3.387],[122.475,-3.037],[122.63,-2.687],[122.785,-2.337],[123.033,-1.953],[123.28,-1.569],[123.528,-1.185],[123.776,-0.801],[124.023,-0.417],[124.271,-0.033],[124.518,0.351]]}},{"type":"Feature","properties":{"boundary_type":"other","feature_type":"gpml:InferredPaleoBoundary","polarity":null,"overriding_plate_id":null,"subducting_plate_id":null,"plate_ids":[861],"name":"NewCal Obd Oph"},"geometry":{"type":"LineString","coordinates":[[165.524,-26.872],[165.72,-27.192],[165.881,-27.43],[166.043,-27.668]]}},{"type":"Feature","properties":{"boundary_type":"other","feature_type":"gpml:InferredPaleoBoundary","polarity":null,"overriding_plate_id":null,"subducting_plate_id":null,"plate_ids":[801],"name":"NewCal Obd Oph"},"geometry":{"type":"LineString","coordinates":[[166.043,-27.668],[166.323,-28.078],[166.569,-28.338],[166.817,-28.598],[167.024,-28.923],[167.232,-29.249],[167.561,-29.542],[167.893,-29.835],[168.325,-30.042],[168.759,-30.248],[169.13,-30.434],[169.502,-30.62]]}},{"type":"Feature","properties":{"boundary_type":"other","feature_type":"gpml:InferredPaleoBoundary","polarity":null,"overriding_plate_id":null,"subducting_plate_id":null,"plate_ids":[801,857],"name":"NewCal Obd Oph"},"geometry":{"type":"LineString","coordinates":[[169.502,-30.62],[169.95,-30.84],[170.338,-30.969],[170.727,-31.096],[171.117,-31.222],[171.509,-31.33],[171.901,-31.437],[172.295,-31.542],[172.71,-31.705],[173.126,-31.866],[173.352,-31.957]]}},{"type":"Feature","properties":{"boundary_type":"other","feature_type":"gpml:InferredPaleoBoundary","polarity":null,"overriding_plate_id":null,"subducting_plate_id":null,"plate_ids":[838,857],"name":"NewCal Obd Oph"},"geometry":{"type":"LineString","coordinates":[[173.352,-31.957],[173.711,-32.1],[174.07,-32.242],[174.424,-32.465],[174.779,-32.687],[175.106,-32.927]]}},{"type":"Feature","properties":{"boundary_type":"other","feature_type":"gpml:InferredPaleoBoundary","polarity":null,"overriding_plate_id":null,"subducting_plate_id":null,"plate_ids":[801,901],"name":"NZ AlpineFault SthrnExtension DiCaprio"},"geometry":{"type":"LineString","coordinates":[[-171.342,-41.868],[-171.396,-42.19],[-171.407,-42.49],[-171.418,-42.791],[-171.404,-43.231],[-171.39,-43.67],[-171.349,-44.072],[-171.307,-44.474],[-171.363,-44.926],[-171.42,-45.378],[-171.546,-45.665],[-171.673,-45.951],[-171.857,-46.299],[-172.043,-46.647],[-172.415,-46.966],[-172.792,-47.284],[-173.08,-47.557],[-173.371,-47.83],[-173.475,-48.085],[-173.58,-48.34],[-173.858,-48.683],[-174.14,-49.026],[-174.214,-49.375],[-174.289,-49.725],[-174.365,-50.074],[-174.344,-50.561],[-174.323,-51.047],[-174.301,-51.534],[-174.279,-52.021],[-174.257,-52.507],[-174.264,-52.969],[-174.271,-53.431],[-174.279,-53.893],[-174.286,-54.355],[-174.198,-54.794],[-174.108,-55.233],[-174.016,-55.672],[-173.934,-56.071],[-173.851,-56.471]]}},{"type":"Feature","properties":{"boundary_type":"other","feature_type":"gpml:InferredPaleoBoundary","polarity":null,"overriding_plate_id":null,"subducting_plate_id":null,"plate_ids":[801,901],"name":"PB North NZ"},"geometry":{"type":"LineString","coordinates":[[-171.342,-41.868],[-171.981,-41.76],[-172.618,-41.648],[-173.253,-41.533],[-173.885,-41.415],[-174.515,-41.293],[-175.143,-41.167],[-175.768,-41.039],[-176.391,-40.906],[-177.012,-40.771]]}},{"type":"Feature","properties":{"boundary_type":"other","feature_type":"gpml:InferredPaleoBoundary","polarity":null,"overriding_plate_id":null,"subducting_plate_id":null,"plate_ids":[801,838],"name":"PB North NZ"},"geometry":{"type":"LineString","coordinates":[[-177.012,-40.771],[-177.117,-40.748],[-177.677,-40.766],[-178.238,-40.783],[-178.798,-40.796],[-179.359,-40.807],[-179.92,-40.815],[179.519,-40.82]]}},{"type":"Feature","properties":{"boundary_type":"ridge","feature_type":"gpml:MidOceanRidge","polarity":null,"overriding_plate_id":null,"subducting_plate_id":null,"plate_ids":[801,901],"name":"Ridge f iso A18 on AUS at 40.1Ma"},"geometry":{"type":"LineString","coordinates":[[-172.707,-56.709],[-173.231,-57.073],[-173.766,-57.435],[-174.311,-57.795],[-174.866,-58.152],[-175.434,-58.507],[-176.012,-58.859],[-176.603,-59.209],[-177.205,-59.556],[-177.821,-59.9],[-178.448,-60.241],[-179.09,-60.579],[-179.677,-60.869],[179.725,-61.157],[179.116,-61.442],[178.496,-61.724],[177.864,-62.003]]}},{"type":"Feature","properties":{"boundary_type":"ridge","feature_type":"gpml:MidOceanRidge","polarity":null,"overriding_plate_id":null,"subducting_plate_id":null,"plate_ids":[801,804],"name":"Ridge f iso A18 on AUS at 40.1Ma"},"geometry":{"type":"LineString","coordinates":[[177.864,-62.003],[177.226,-62.278],[176.575,-62.55],[175.913,-62.818],[175.238,-63.084],[174.551,-63.346]]}},{"type":"Feature","properties":{"boundary_type":"ridge","feature_type":"gpml:MidOceanRidge","polarity":null,"overriding_plate_id":null,"subducting_plate_id":null,"plate_ids":[801,802],"name":"Ridge f iso A18 on AUS at 40.1Ma"},"geometry":{"type":"LineString","coordinates":[[174.551,-63.346],[173.738,-63.646],[172.908,-63.941],[172.06,-64.231],[171.396,-63.925],[170.746,-63.616],[170.11,-63.304],[169.488,-62.989],[168.88,-62.672],[168.284,-62.352],[167.444,-62.65],[166.588,-62.943],[165.714,-63.231],[164.823,-63.513],[163.915,-63.79],[163.298,-63.407],[162.697,-63.022],[162.112,-62.634],[161.542,-62.244],[160.986,-61.852],[160.445,-61.458],[159.917,-61.061],[159.403,-60.663],[158.901,-60.262],[158.411,-59.86],[157.933,-59.456],[157.466,-59.05],[157.01,-58.643],[156.565,-58.234],[156.129,-57.824],[155.704,-57.412],[154.963,-57.583],[154.215,-57.749],[153.46,-57.911],[153.114,-57.558],[152.774,-57.205],[152.045,-57.352],[151.31,-57.496],[150.569,-57.635],[150.27,-57.293],[149.976,-56.951],[149.688,-56.609],[149.404,-56.266],[148.962,-56.338],[148.518,-56.409],[148.044,-56.052],[147.579,-55.694],[147.122,-55.334],[146.673,-54.973],[146.233,-54.609],[145.421,-54.769],[144.603,-54.923],[144.038,-55.033],[143.469,-55.141],[142.898,-55.245],[142.264,-55.285],[141.629,-55.322],[140.993,-55.356],[140.196,-55.395],[139.398,-55.43],[138.598,-55.459],[137.958,-55.489],[137.317,-55.516],[136.675,-55.54],[135.824,-55.606],[134.971,-55.666],[134.114,-55.72],[133.296,-55.817],[132.474,-55.91],[131.647,-55.996],[130.818,-56.159],[129.982,-56.316],[129.138,-56.468],[128.331,-56.616],[127.517,-56.76],[126.698,-56.897],[125.905,-57.017],[125.108,-57.131],[124.306,-57.24],[123.578,-57.369],[122.845,-57.494],[122.107,-57.615],[121.364,-57.731],[120.593,-57.853],[119.818,-57.971],[119.037,-58.084],[118.263,-58.134],[117.486,-58.179],[116.708,-58.219],[115.793,-58.178],[114.88,-58.129],[114.302,-57.898],[113.732,-57.664],[113.169,-57.428],[112.434,-57.175],[111.709,-56.918],[110.994,-56.656],[110.321,-56.486],[109.654,-56.312],[108.897,-56.331],[108.14,-56.345],[107.382,-56.354],[106.582,-56.429],[105.779,-56.498],[104.973,-56.562],[104.106,-56.629],[103.235,-56.69],[102.362,-56.746],[101.684,-56.472],[101.016,-56.195],[100.358,-55.915],[99.682,-55.649],[99.016,-55.38],[98.359,-55.107],[97.805,-54.907],[97.257,-54.705],[96.714,-54.5],[96.176,-54.293],[95.597,-54.089],[95.023,-53.883],[94.455,-53.674],[93.893,-53.462],[93.371,-53.282],[92.853,-53.1],[92.34,-52.915],[91.756,-52.701],[91.177,-52.484],[90.605,-52.264],[90.038,-52.041],[89.447,-51.805],[88.863,-51.567],[88.284,-51.326],[87.712,-51.082],[86.99,-50.885],[86.274,-50.684],[85.565,-50.478],[84.861,-50.269],[84.218,-50.152],[83.577,-50.032],[82.94,-49.908],[82.307,-49.781],[81.676,-49.651],[81.026,-49.608],[80.376,-49.561],[79.728,-49.511],[79.082,-49.457],[78.437,-49.4],[77.793,-49.339],[77.196,-49.102],[76.604,-48.862],[76.018,-48.62],[75.438,-48.374],[74.863,-48.125],[74.294,-47.874]]}},{"type":"Feature","properties":{"boundary_type":"ridge","feature_type":"gpml:MidOceanRidge","polarity":null,"overriding_plate_id":null,"subducting_plate_id":null,"plate_ids":[101,301],"name":"Arctic"},"geometry":{"type":"LineString","coordinates":[[-0.574,72.798],[0.342,73.221],[1.303,73.639],[2.314,74.052],[3.376,74.461],[4.494,74.864],[5.029,75.037],[5.569,75.177],[5.811,75.369],[6.208,75.625],[6.671,75.829],[7.712,76.085],[8.402,76.249],[9.263,76.439],[10.063,76.468],[11.226,76.737],[11.976,76.868],[12.753,77.191],[13.478,77.576],[13.735,77.98],[14.635,78.165],[14.976,78.411],[15.021,78.559],[15.183,78.751],[15.971,78.815],[17.52,78.806],[19.039,78.911],[20.083,78.97],[21.311,79.093],[22.709,79.183],[24.906,79.384],[26.414,79.562],[28.615,79.851],[30.315,80.073],[31.395,80.243],[32.512,80.409],[33.632,80.581],[34.792,80.749],[36.703,80.945],[38.695,81.13],[41.263,81.314],[42.746,81.495],[44.594,81.518],[46.451,81.533],[48.705,81.56],[51.431,81.569],[53.155,81.545],[54.868,81.513],[58.067,81.47],[60.255,81.49],[62.45,81.498],[64.86,81.431],[68.21,81.46],[70.402,81.446],[72.726,81.359],[74.415,81.244],[76.309,81.099],[78.249,80.936],[81.047,80.777],[83.745,80.596],[86.337,80.395]]}},{"type":"Feature","properties":{"boundary_type":"ridge","feature_type":"gpml:MidOceanRidge","polarity":null,"overriding_plate_id":null,"subducting_plate_id":null,"plate_ids":[102,301],"name":"Greenland - Eurasia"},"geometry":{"type":"LineString","coordinates":[[8.083,68.481],[8.231,68.232],[8.376,67.982],[8.614,67.65],[8.752,67.446],[8.61,67.278],[8.823,67.009],[8.942,66.757],[8.933,66.386],[9.185,66.078],[9.301,65.738],[9.262,65.382],[9.344,65.254],[9.621,65.112],[9.535,64.907],[9.523,64.768],[9.508,64.421],[9.816,64.092],[10.154,63.727],[9.563,63.572],[8.978,63.415],[8.662,63.325],[8.067,63.16],[7.31,62.99],[6.607,62.831],[5.789,62.68],[4.878,62.497],[4.349,62.355],[3.916,62.243],[3.43,62.016],[2.843,61.88],[2.308,61.795],[1.831,61.642],[1.369,61.502],[0.783,61.387],[0.299,61.291]]}},{"type":"Feature","properties":{"boundary_type":"ridge","feature_type":"gpml:MidOceanRidge","polarity":null,"overriding_plate_id":null,"subducting_plate_id":null,"plate_ids":[102,301],"name":"Greenland - Eurasia"},"geometry":{"type":"LineString","coordinates":[[-9.295,56.096],[-9.549,55.935],[-9.949,55.741],[-10.48,55.571],[-10.932,55.422],[-11.403,55.248],[-11.92,55.101],[-12.341,54.882],[-12.876,54.518],[-13.113,54.262],[-13.417,54.011],[-13.697,53.753],[-14.042,53.564],[-14.384,53.374],[-14.795,53.152],[-15.202,52.929],[-15.769,52.624],[-16.328,52.317],[-16.771,52.05],[-17.208,51.781],[-17.64,51.511],[-18.067,51.239],[-18.471,50.959],[-18.871,50.677],[-19.267,50.394],[-19.652,50.142],[-20.034,49.888],[-20.411,49.633],[-20.846,49.407],[-21.276,49.179],[-21.579,48.962],[-21.88,48.745],[-22.378,48.501],[-22.871,48.255],[-23.359,47.93]]}},{"type":"Feature","properties":{"boundary_type":"ridge","feature_type":"gpml:MidOceanRidge","polarity":null,"overriding_plate_id":null,"subducting_plate_id":null,"plate_ids":[102,301],"name":"Jan Mayen"},"geometry":{"type":"LineString","coordinates":[[0.299,61.291],[-0.058,61.017],[-0.452,60.602],[-0.701,60.393],[-0.812,60.209],[-1.087,59.825],[-1.192,59.569],[-1.145,59.342],[-0.879,59.1],[-0.618,58.857],[-0.13,58.517]]}},{"type":"Feature","properties":{"boundary_type":"ridge","feature_type":"gpml:MidOceanRidge","polarity":null,"overriding_plate_id":null,"subducting_plate_id":null,"plate_ids":[102,301],"name":"Jan Mayen MOR"},"geometry":{"type":"LineString","coordinates":[[-0.13,58.517],[-0.321,58.41],[-0.519,58.337],[-0.748,58.297],[-0.752,58.135],[-1.028,58.077],[-0.929,57.738]]}},{"type":"Feature","properties":{"boundary_type":"ridge","feature_type":"gpml:MidOceanRidge","polarity":null,"overriding_plate_id":null,"subducting_plate_id":null,"plate_ids":[102,301],"name":"Jan Mayen MOR"},"geometry":{"type":"LineString","coordinates":[[-0.929,57.738],[-0.983,57.727],[-1.524,57.561],[-1.441,57.278],[-1.949,57.089],[-1.962,57.02],[-1.912,56.889],[-2.478,56.752],[-2.552,56.616],[-2.872,56.572],[-3.23,56.377],[-3.29,56.261],[-3.696,56.144],[-4.099,56.026],[-4.209,55.91],[-4.532,55.811],[-5.016,55.813],[-5.5,55.813],[-6.219,55.848],[-6.939,55.879],[-7.661,55.906],[-8.383,55.928],[-9.106,55.946],[-9.295,56.096]]}},{"type":"Feature","properties":{"boundary_type":"ridge","feature_type":"gpml:MidOceanRidge","polarity":null,"overriding_plate_id":null,"subducting_plate_id":null,"plate_ids":[101,317],"name":"Porcupine MOR"},"geometry":{"type":"LineString","coordinates":[[-20.219,43.447],[-20.2,43.413],[-20.112,43.161],[-19.984,42.79],[-19.857,42.419],[-19.754,41.957],[-19.701,41.546],[-19.124,41.489],[-18.907,41.192],[-18.693,40.895],[-18.468,40.627],[-18.245,40.359],[-18.19,40.083],[-18.136,39.807],[-18.119,39.398],[-17.937,39.027],[-17.835,38.644],[-17.846,38.245],[-17.856,37.918],[-17.866,37.592],[-17.88,37.336],[-17.894,37.081],[-17.785,36.779],[-17.828,36.526],[-17.871,36.274],[-18.045,35.995],[-18.218,35.717],[-18.455,35.359],[-18.516,35.059]]}},{"type":"Feature","properties":{"boundary_type":"ridge","feature_type":"gpml:MidOceanRidge","polarity":null,"overriding_plate_id":null,"subducting_plate_id":null,"plate_ids":[701,802],"name":"Ridge from iso A13 from Antarctica at 33.1Ma"},"geometry":{"type":"LineString","coordinates":[[5.396,-63.902],[6.213,-63.587],[7.013,-63.267],[7.794,-62.943],[8.559,-62.615],[9.307,-62.283],[10.038,-61.947],[10.753,-61.607],[11.453,-61.264],[12.138,-60.917],[12.807,-60.566],[13.483,-60.724],[13.942,-60.478],[14.394,-60.23],[15.255,-60.409],[16.126,-60.582],[17.005,-60.749],[17.894,-60.911],[18.792,-61.067],[19.099,-60.872],[20.028,-61.039],[20.967,-61.2],[21.915,-61.354],[22.872,-61.501],[23.839,-61.641],[24.814,-61.775],[25.797,-61.901],[26.2,-61.623],[26.957,-61.784],[27.466,-61.4],[27.962,-61.013],[28.562,-61.122],[29.166,-61.229],[29.485,-60.863],[30.152,-60.972],[30.824,-61.078],[31.102,-60.867],[31.376,-60.655],[32.112,-60.757],[32.853,-60.854],[33.289,-60.423],[33.713,-59.991],[34.127,-59.557],[34.529,-59.123],[34.922,-58.686],[35.305,-58.249],[35.679,-57.811],[36.043,-57.371],[36.399,-56.931],[36.747,-56.49],[37.087,-56.047],[37.419,-55.604],[37.743,-55.16],[38.061,-54.715],[38.371,-54.269],[38.675,-53.822],[39.276,-53.926],[39.583,-53.518],[39.884,-53.109],[40.18,-52.7],[40.946,-52.593],[41.708,-52.482],[42.467,-52.365],[43.221,-52.244],[43.972,-52.118],[44.251,-51.728],[45.055,-51.712],[45.858,-51.692],[46.66,-51.666],[46.8,-51.205],[46.937,-50.744],[47.071,-50.284],[47.203,-49.823],[47.333,-49.361],[47.46,-48.9],[47.585,-48.439],[47.707,-47.977],[47.828,-47.516],[48.464,-47.368],[49.096,-47.217],[49.724,-47.063],[50.349,-46.905],[50.971,-46.743],[51.161,-46.262],[51.653,-46.148],[52.142,-46.032],[52.213,-45.692],[52.283,-45.353],[52.935,-45.19],[53.583,-45.023],[54.227,-44.853],[54.867,-44.679],[55.503,-44.502],[56.136,-44.321],[56.764,-44.136],[57.389,-43.948],[57.456,-43.527],[57.522,-43.106],[58.062,-42.924],[58.598,-42.74],[58.629,-42.292],[58.66,-41.844],[59.153,-41.514],[59.642,-41.182],[60.125,-40.848],[60.604,-40.512],[61.078,-40.173],[61.547,-39.833],[62.011,-39.491],[62.035,-39.15],[62.058,-38.808],[62.081,-38.466],[62.535,-38.167],[62.985,-37.865],[63.431,-37.563],[63.874,-37.258],[64.313,-36.952],[64.749,-36.644],[64.76,-36.339],[64.771,-36.035],[65.105,-35.828],[65.437,-35.621],[65.767,-35.413],[65.82,-35.044],[65.871,-34.675],[66.284,-34.412],[66.693,-34.148]]}},{"type":"Feature","properties":{"boundary_type":"ridge","feature_type":"gpml:MidOceanRidge","polarity":null,"overriding_plate_id":null,"subducting_plate_id":null,"plate_ids":[201,701],"name":"Ridge from iso A13 from SouthAmerica at 33.1Ma"},"geometry":{"type":"LineString","coordinates":[[-39.502,9.314],[-39.125,9.211],[-38.748,9.108],[-38.372,9.005],[-37.995,8.901],[-38.021,8.44],[-38.047,7.979],[-38.073,7.518],[-38.098,7.057],[-38.124,6.596],[-37.757,6.462],[-37.39,6.327],[-37.463,5.959],[-37.091,5.831],[-37.15,5.392],[-37.209,4.954],[-36.755,4.814],[-36.301,4.674],[-35.847,4.534],[-35.393,4.394],[-34.939,4.253],[-34.486,4.112],[-34.512,3.805],[-34.538,3.499],[-34.321,3.441],[-34.356,3.184],[-34.392,2.927],[-34.183,2.862],[-34.193,2.603],[-34.204,2.343],[-33.956,2.274],[-33.709,2.204],[-33.77,1.764],[-33.305,1.639],[-32.84,1.513],[-32.376,1.387],[-31.911,1.261],[-31.915,1.042],[-31.489,0.953],[-31.063,0.864],[-30.637,0.775],[-30.643,0.675],[-30.233,0.576],[-29.822,0.478],[-29.826,0.126],[-29.492,0.073],[-29.159,0.019],[-29.163,-0.195],[-28.739,-0.284],[-28.316,-0.373],[-27.893,-0.462],[-27.469,-0.552],[-27.487,-0.95],[-27.505,-1.349],[-27.2,-1.399],[-26.895,-1.449],[-26.892,-1.842],[-26.889,-2.234],[-26.887,-2.626],[-26.884,-3.018],[-26.415,-3.097],[-25.946,-3.175],[-25.477,-3.253],[-25.008,-3.331],[-24.998,-3.78],[-24.988,-4.23],[-24.979,-4.68],[-24.969,-5.13],[-24.959,-5.579],[-24.613,-5.617],[-24.268,-5.655],[-24.242,-5.941],[-24.216,-6.227],[-23.769,-6.28],[-23.322,-6.332],[-22.875,-6.383],[-22.427,-6.435],[-21.98,-6.486],[-21.533,-6.536],[-21.085,-6.586],[-20.638,-6.636],[-20.558,-7.012],[-20.131,-7.048],[-19.704,-7.084],[-19.277,-7.12],[-19.192,-7.558],[-19.107,-7.996],[-19.022,-8.434],[-18.526,-8.431],[-18.029,-8.427],[-17.532,-8.423],[-17.036,-8.418],[-16.539,-8.412],[-16.043,-8.406],[-15.546,-8.399],[-15.049,-8.391],[-14.553,-8.383],[-14.056,-8.374],[-13.56,-8.364],[-13.063,-8.354],[-12.567,-8.344],[-12.07,-8.332],[-11.574,-8.32],[-11.078,-8.308],[-10.581,-8.294],[-10.521,-8.541],[-10.302,-8.536],[-10.208,-8.83],[-10.113,-9.124],[-9.8,-9.103],[-9.732,-9.356],[-9.248,-9.328],[-8.764,-9.299],[-8.28,-9.27],[-7.796,-9.24],[-7.312,-9.209],[-7.167,-9.609],[-7.02,-10.009],[-6.874,-10.408],[-6.727,-10.808],[-6.58,-11.208],[-6.432,-11.607],[-6.318,-11.779]]}},{"type":"Feature","properties":{"boundary_type":"ridge","feature_type":"gpml:MidOceanRidge","polarity":null,"overriding_plate_id":null,"subducting_plate_id":null,"plate_ids":[201,701],"name":"South America-Africa"},"geometry":{"type":"LineString","coordinates":[[-6.318,-11.779],[-6.405,-11.779],[-6.659,-11.803],[-6.532,-12.242],[-6.404,-12.681],[-6.276,-13.119],[-6.147,-13.558],[-6.018,-13.997],[-5.888,-14.435],[-5.758,-14.874],[-5.628,-15.312],[-6.06,-15.36],[-6.493,-15.406],[-6.926,-15.452],[-7.359,-15.497],[-7.793,-15.542],[-8.227,-15.585],[-8.204,-16.036],[-8.182,-16.487],[-8.16,-16.938],[-8.137,-17.389],[-8.115,-17.84],[-8.092,-18.291],[-8.069,-18.742],[-8.046,-19.193],[-8.023,-19.644],[-8.0,-20.094],[-8.454,-20.135],[-8.909,-20.174],[-9.363,-20.212],[-9.818,-20.249],[-9.843,-20.646],[-9.868,-21.043],[-9.893,-21.44],[-10.393,-21.509],[-10.396,-21.994],[-10.399,-22.48],[-10.402,-22.965],[-10.008,-22.949],[-9.614,-22.932],[-9.221,-22.914],[-9.18,-23.327],[-9.139,-23.74],[-9.098,-24.153],[-9.056,-24.566],[-9.304,-24.588],[-9.176,-24.977],[-9.047,-25.367],[-8.917,-25.756],[-8.786,-26.145],[-8.316,-26.103],[-8.199,-26.522],[-8.081,-26.941],[-7.961,-27.36],[-7.841,-27.779],[-7.721,-28.198],[-7.599,-28.617],[-7.476,-29.035],[-7.146,-29.018],[-6.816,-29.0],[-6.768,-29.415],[-6.72,-29.83],[-6.672,-30.244],[-6.623,-30.659],[-6.986,-30.709],[-7.349,-30.758],[-7.302,-31.176],[-7.759,-31.218],[-8.216,-31.258],[-8.673,-31.296],[-9.131,-31.333],[-9.131,-31.675],[-9.131,-32.017],[-9.131,-32.36],[-9.434,-32.385],[-9.452,-32.87],[-9.47,-33.356],[-9.685,-33.334],[-9.637,-33.776],[-9.589,-34.218],[-9.54,-34.659],[-9.491,-35.101],[-9.085,-35.063],[-8.679,-35.024],[-8.274,-34.984],[-8.266,-35.396],[-8.258,-35.809],[-8.251,-36.222],[-8.243,-36.635],[-7.96,-36.623],[-7.884,-37.005],[-7.808,-37.387],[-8.245,-37.405],[-8.683,-37.42],[-8.628,-37.882],[-8.571,-38.343],[-8.514,-38.804],[-8.456,-39.266],[-8.398,-39.727],[-8.339,-40.188],[-8.924,-40.231],[-9.511,-40.272],[-10.098,-40.309],[-10.155,-40.792],[-10.214,-41.275],[-10.273,-41.758],[-10.843,-41.799],[-11.414,-41.838],[-11.506,-42.191],[-11.599,-42.545],[-11.982,-42.579],[-12.367,-42.612],[-12.395,-42.972],[-12.423,-43.331],[-12.452,-43.691],[-13.123,-43.764],[-13.795,-43.833],[-13.764,-44.266],[-13.731,-44.7],[-13.699,-45.133],[-13.666,-45.566],[-13.632,-46.0],[-13.598,-46.433],[-13.563,-46.866],[-13.071,-46.827],[-13.087,-47.271],[-13.103,-47.714],[-13.12,-48.158],[-13.137,-48.602],[-13.738,-48.635],[-14.339,-48.665],[-14.941,-48.692],[-14.798,-49.111],[-14.653,-49.53],[-14.506,-49.949],[-14.356,-50.368],[-14.203,-50.786],[-13.787,-50.768],[-13.733,-51.24],[-13.679,-51.711],[-13.623,-52.183],[-13.567,-52.655],[-13.509,-53.127],[-13.45,-53.599],[-12.882,-53.591],[-12.314,-53.582],[-11.747,-53.569],[-11.692,-54.01],[-11.636,-54.452],[-11.579,-54.893],[-11.52,-55.335],[-11.46,-55.776],[-10.584,-55.749],[-9.708,-55.716],[-8.834,-55.676],[-7.962,-55.63],[-7.093,-55.579],[-7.034,-55.992],[-6.974,-56.406],[-6.913,-56.819],[-6.306,-56.805],[-6.247,-57.118],[-6.188,-57.432],[-5.537,-57.401],[-4.887,-57.367],[-4.238,-57.329],[-4.085,-57.74],[-3.928,-58.151],[-3.768,-58.562],[-3.604,-58.972],[-2.794,-58.95],[-2.771,-59.362],[-2.748,-59.773],[-2.724,-60.185],[-1.959,-60.134],[-1.893,-60.549],[-1.824,-60.965],[-1.754,-61.38],[-1.099,-61.306],[-0.447,-61.229],[-0.376,-61.551],[-0.305,-61.872],[0.601,-61.79],[1.501,-61.702],[1.659,-62.039],[1.821,-62.375],[2.693,-62.301],[3.561,-62.221],[3.707,-62.618],[3.858,-63.014],[4.013,-63.411],[4.172,-63.807],[4.192,-63.857]]}},{"type":"Feature","properties":{"boundary_type":"ridge","feature_type":"gpml:MidOceanRidge","polarity":null,"overriding_plate_id":null,"subducting_plate_id":null,"plate_ids":[101,201],"name":"SouthAmerica North America BOUNDARY from BIRD 2002 model"},"geometry":{"type":"LineString","coordinates":[[-39.525,9.257],[-39.993,9.442],[-40.461,9.626],[-40.929,9.81],[-41.373,10.032],[-41.818,10.254],[-42.263,10.475],[-42.709,10.696],[-43.155,10.916],[-43.602,11.136],[-43.999,11.353],[-44.397,11.57],[-44.795,11.786],[-45.194,12.002],[-45.594,12.217],[-46.057,12.359],[-46.52,12.5],[-46.983,12.64],[-47.447,12.78],[-47.912,12.919],[-48.422,12.897],[-48.932,12.874],[-49.442,12.85],[-49.952,12.826],[-50.462,12.8],[-50.972,12.773],[-51.38,12.782],[-51.788,12.789],[-52.196,12.796]]}},{"type":"Feature","properties":{"boundary_type":"subduction","feature_type":"gpml:SubductionZone","polarity":"Right","overriding_plate_id":101,"subducting_plate_id":901,"plate_ids":[101,901],"name":"Aleutian and Bering Sea Masking Polygon"},"geometry":{"type":"LineString","coordinates":[[-115.239,68.372],[-116.475,68.244],[-117.696,68.108],[-118.903,67.963],[-120.094,67.809],[-121.269,67.646],[-122.428,67.475],[-123.57,67.296],[-124.694,67.109],[-125.801,66.914],[-126.89,66.711],[-127.86,66.504],[-128.813,66.29],[-129.751,66.071],[-130.672,65.846],[-131.577,65.616],[-132.466,65.381],[-133.339,65.14],[-133.982,64.973],[-134.617,64.803],[-135.144,64.653],[-135.666,64.501],[-136.391,64.408],[-137.11,64.31],[-138.038,64.125],[-138.593,64.004],[-139.143,63.881],[-139.766,63.762],[-140.383,63.641],[-141.304,63.488],[-142.277,63.396],[-143.244,63.298],[-144.204,63.193],[-145.157,63.082],[-146.103,62.964],[-147.041,62.84],[-148.065,62.752],[-149.083,62.655],[-150.094,62.552],[-151.098,62.442],[-152.094,62.324],[-153.082,62.199],[-154.062,62.067],[-155.074,61.973],[-156.079,61.871],[-157.078,61.763],[-158.069,61.647],[-159.053,61.524],[-160.028,61.394],[-161.026,61.383],[-162.024,61.365],[-163.019,61.339],[-164.013,61.306],[-165.005,61.266],[-165.994,61.219],[-166.979,61.165],[-167.962,61.103],[-168.796,61.165],[-169.634,61.222],[-170.475,61.273],[-171.318,61.319],[-172.304,61.422],[-173.295,61.518],[-174.293,61.607],[-175.296,61.689],[-176.156,61.889],[-177.027,62.083],[-177.909,62.272],[-178.802,62.455],[-179.706,62.633],[179.38,62.805],[178.527,63.043],[177.661,63.276],[176.78,63.504],[175.885,63.727],[174.977,63.943],[174.054,64.154],[173.118,64.359],[172.268,64.605],[171.402,64.846],[170.522,65.082],[169.625,65.313],[168.713,65.538]]}},{"type":"Feature","properties":{"boundary_type":"subduction","feature_type":"gpml:SubductionZone","polarity":"Right","overriding_plate_id":null,"subducting_plate_id":null,"plate_ids":[901],"name":"Aleutian and Bering Sea Masking Polygon"},"geometry":{"type":"LineString","coordinates":[[168.713,65.538],[167.752,65.766],[166.774,65.987],[165.772,66.21],[164.753,66.426]]}},{"type":"Feature","properties":{"boundary_type":"subduction","feature_type":"gpml:SubductionZone","polarity":"Right","overriding_plate_id":802,"subducting_plate_id":904,"plate_ids":[802,904],"name":"ANT NAZ 060 015 TF"},"geometry":{"type":"LineString","coordinates":[[-102.348,-69.582],[-101.165,-69.557],[-99.985,-69.523],[-98.613,-69.41],[-97.468,-69.434],[-96.32,-69.451],[-95.422,-69.486],[-94.52,-69.515],[-93.705,-69.366],[-92.901,-69.212],[-91.739,-68.942],[-90.606,-68.664],[-89.501,-68.379],[-88.473,-68.187],[-87.463,-67.989],[-86.47,-67.785],[-85.334,-67.546],[-84.221,-67.299],[-83.42,-67.071],[-82.634,-66.84],[-81.667,-66.56],[-80.722,-66.275],[-79.782,-65.967],[-78.865,-65.654],[-78.0,-65.521],[-77.144,-65.384],[-76.145,-65.314],[-75.151,-65.238],[-74.163,-65.155],[-73.511,-65.05],[-72.864,-64.942],[-72.06,-64.85],[-71.261,-64.753],[-70.468,-64.652],[-69.68,-64.547],[-68.937,-64.342],[-68.204,-64.133],[-67.415,-63.989]]}},{"type":"Feature","properties":{"boundary_type":"subduction","feature_type":"gpml:SubductionZone","polarity":"Left","overriding_plate_id":603,"subducting_plate_id":801,"plate_ids":[603,801],"name":"Indonesian bndy w AUS-mg"},"geometry":{"type":"LineString","coordinates":[[93.028,8.05],[93.418,7.774],[93.807,7.497],[94.196,7.22],[94.585,6.943],[94.836,6.628],[95.088,6.313],[95.339,5.999],[95.59,5.684],[95.96,5.357],[96.329,5.031],[96.698,4.704],[97.067,4.377],[97.436,4.049],[97.855,3.858],[98.275,3.667],[98.694,3.476],[99.113,3.284],[99.532,3.092],[99.951,2.9],[100.37,2.708],[100.788,2.516],[101.207,2.323],[101.625,2.131],[102.006,1.855],[102.387,1.579],[102.767,1.303],[103.147,1.028],[103.528,0.752],[103.908,0.476],[104.288,0.2],[104.668,-0.076],[105.049,-0.352],[105.464,-0.461],[105.879,-0.57],[106.294,-0.679],[106.709,-0.788],[107.125,-0.897],[107.54,-1.006],[108.027,-1.03],[108.515,-1.054],[109.001,-1.147],[109.487,-1.24],[109.973,-1.333],[110.458,-1.426],[110.944,-1.518],[111.335,-1.412],[111.725,-1.306],[112.165,-1.363],[112.372,-1.328]]}},{"type":"Feature","properties":{"boundary_type":"subduction","feature_type":"gpml:SubductionZone","polarity":"Left","overriding_plate_id":688,"subducting_plate_id":901,"plate_ids":[688,901],"name":"Izu Bonin Mariana Trench"},"geometry":{"type":"LineString","coordinates":[[160.049,2.916],[159.963,3.369],[159.877,3.823],[159.792,4.276],[159.706,4.73],[159.442,5.113],[159.178,5.496],[158.914,5.879],[158.65,6.262],[158.385,6.645],[158.119,7.028],[157.912,7.453],[157.705,7.879],[157.497,8.304],[157.289,8.73],[157.08,9.155],[156.871,9.58],[156.661,10.005]]}},{"type":"Feature","properties":{"boundary_type":"subduction","feature_type":"gpml:SubductionZone","polarity":"Left","overriding_plate_id":609,"subducting_plate_id":901,"plate_ids":[609,901],"name":"Izu Bonin Mariana Trench"},"geometry":{"type":"LineString","coordinates":[[156.661,10.005],[156.502,10.327],[156.342,10.649],[156.19,11.091],[156.037,11.534],[155.884,11.976],[155.764,12.349],[155.644,12.722],[155.523,13.095],[155.411,13.385],[155.299,13.675],[155.051,14.111],[154.802,14.546],[154.629,14.926],[154.455,15.306],[154.281,15.685],[154.104,15.972],[153.926,16.258],[153.748,16.545],[153.555,16.846],[153.361,17.147],[153.167,17.447],[153.004,17.755],[152.84,18.062],[152.676,18.369],[152.513,18.677],[152.349,18.984],[152.185,19.292],[152.06,19.675],[151.934,20.059],[151.808,20.443],[151.681,20.826],[151.553,21.209],[151.438,21.698],[151.322,22.186],[151.205,22.674],[151.087,23.162],[150.94,23.556],[150.791,23.949],[150.641,24.342],[150.491,24.735],[150.374,25.108],[150.257,25.48],[150.139,25.852],[150.025,26.239],[149.911,26.625],[149.796,27.012],[149.68,27.398],[149.565,27.811],[149.45,28.224],[149.333,28.636],[149.216,29.049],[149.068,29.429],[148.918,29.808],[148.768,30.187],[148.616,30.567],[148.463,30.946],[148.379,31.396],[148.295,31.847],[148.21,32.298],[148.124,32.749],[148.037,33.199],[147.884,33.664],[147.729,34.127],[147.572,34.591],[147.413,35.055],[147.252,35.518],[147.09,35.981],[146.926,36.444],[146.761,36.9],[146.594,37.356],[146.426,37.812],[146.255,38.268],[146.082,38.723],[145.851,39.128],[145.617,39.533],[145.38,39.937],[145.141,40.341],[144.899,40.744],[144.653,41.146],[144.405,41.548],[144.078,41.904],[143.746,42.259],[143.411,42.613],[143.073,42.966],[142.73,43.319],[142.383,43.67],[142.033,44.02],[141.664,44.366],[141.29,44.711],[140.913,45.056],[140.53,45.398],[140.188,45.631],[139.843,45.864],[139.494,46.095]]}},{"type":"Feature","properties":{"boundary_type":"subduction","feature_type":"gpml:SubductionZone","polarity":"Right","overriding_plate_id":301,"subducting_plate_id":901,"plate_ids":[301,901],"name":"Japan sub zone fromEarthByte cob MG 4-20-07"},"geometry":{"type":"LineString","coordinates":[[139.634,58.689],[139.797,58.267],[139.955,57.845],[140.11,57.422],[140.262,56.999],[140.334,56.542],[140.404,56.084],[140.473,55.627],[140.54,55.169],[140.605,54.711],[140.592,54.27],[140.579,53.83],[140.566,53.389],[140.554,52.948],[140.541,52.507],[140.448,52.048],[140.357,51.588],[140.267,51.128],[140.288,50.691],[140.308,50.254],[140.328,49.818],[140.348,49.381],[140.367,48.944],[140.263,48.533],[140.16,48.123],[140.059,47.712],[139.959,47.301],[139.848,46.973],[139.738,46.644],[139.63,46.315],[139.494,46.095]]}},{"type":"Feature","properties":{"boundary_type":"subduction","feature_type":"gpml:SubductionZone","polarity":"Right","overriding_plate_id":301,"subducting_plate_id":609,"plate_ids":[301,609],"name":"Japan sub zone fromEarthByte cob MG 4-20-07"},"geometry":{"type":"LineString","coordinates":[[139.494,46.095],[139.303,45.778],[139.113,45.462],[138.925,45.145],[138.558,44.748],[138.195,44.351],[137.974,43.948],[137.755,43.545],[137.157,43.406],[136.563,43.263],[135.97,43.118],[135.381,42.969],[134.946,42.711],[134.514,42.452],[134.085,42.192],[133.661,41.929],[133.239,41.665],[132.748,41.38],[132.261,41.092],[131.778,40.802],[131.456,40.66],[131.135,40.518],[130.717,40.335],[130.302,40.151],[129.889,39.966],[129.465,39.698],[129.045,39.428],[128.671,39.136],[128.3,38.844],[127.931,38.551],[127.642,38.437],[127.354,38.323]]}},{"type":"Feature","properties":{"boundary_type":"subduction","feature_type":"gpml:SubductionZone","polarity":"Right","overriding_plate_id":406,"subducting_plate_id":901,"plate_ids":[406,901],"name":"Kamchatka SZ from EarthByte COB at 0Ma -- MG 4/20/07"},"geometry":{"type":"LineString","coordinates":[[153.937,63.891],[153.175,63.615],[152.428,63.334],[151.696,63.05],[150.977,62.762],[150.273,62.47],[149.718,62.234],[149.171,61.996],[148.632,61.755],[148.06,61.555],[147.496,61.352],[146.939,61.147],[146.242,60.967],[145.553,60.783],[144.873,60.596]]}},{"type":"Feature","properties":{"boundary_type":"subduction","feature_type":"gpml:SubductionZone","polarity":"Right","overriding_plate_id":301,"subducting_plate_id":901,"plate_ids":[301,901],"name":"Kamchatka SZ from EarthByte COB at 0Ma -- MG 4/20/07"},"geometry":{"type":"LineString","coordinates":[[144.873,60.596],[144.199,60.406],[143.534,60.212],[142.876,60.014],[142.226,59.814],[141.494,59.515],[140.774,59.212],[140.067,58.905],[139.634,58.689]]}},{"type":"Feature","properties":{"boundary_type":"subduction","feature_type":"gpml:SubductionZone","polarity":"Right","overriding_plate_id":null,"subducting_plate_id":null,"plate_ids":[839,855,901],"name":"Kermadec Trench DiCaprio"},"geometry":{"type":"LineString","coordinates":[[-177.253,-33.911],[-177.241,-34.343],[-177.228,-34.775],[-177.254,-35.214],[-177.281,-35.653],[-177.308,-36.092],[-177.335,-36.531],[-177.363,-36.97],[-177.391,-37.408],[-177.419,-37.847],[-177.448,-38.286],[-177.413,-38.624],[-177.377,-38.962],[-177.341,-39.3]]}},{"type":"Feature","properties":{"boundary_type":"subduction","feature_type":"gpml:SubductionZone","polarity":"Right","overriding_plate_id":838,"subducting_plate_id":901,"plate_ids":[838,901],"name":"Kermadec Trench DiCaprio"},"geometry":{"type":"LineString","coordinates":[[-177.341,-39.3],[-177.298,-39.694],[-177.255,-40.089],[-177.134,-40.43],[-177.012,-40.771]]}},{"type":"Feature","properties":{"boundary_type":"subduction","feature_type":"gpml:SubductionZone","polarity":"Left","overriding_plate_id":301,"subducting_plate_id":701,"plate_ids":[301,701],"name":"Mediterranean Subduction, DB 04-2007"},"geometry":{"type":"LineString","coordinates":[[38.885,31.771],[39.38,31.839],[39.877,31.905],[40.291,31.857],[40.706,31.808],[41.12,31.757],[41.645,31.706],[42.171,31.652],[42.695,31.596],[42.962,31.422],[43.228,31.248],[43.526,31.048],[43.823,30.848],[44.152,30.656],[44.48,30.464],[44.806,30.27],[45.252,30.017],[45.695,29.762],[46.135,29.506],[46.619,29.266],[47.101,29.023],[47.581,28.78],[48.058,28.534],[48.533,28.287],[49.013,28.035],[49.491,27.782],[49.967,27.528],[50.44,27.271],[50.911,27.014],[51.38,26.754],[51.813,26.478],[52.244,26.201],[52.673,25.922],[53.1,25.642],[53.525,25.361],[53.928,25.096],[54.329,24.829],[54.729,24.562],[55.127,24.293],[55.523,24.024],[55.918,23.753],[56.356,23.627],[56.794,23.501],[57.231,23.373],[57.668,23.243],[58.103,23.113],[58.537,22.981],[59.0,22.854],[59.462,22.726],[59.923,22.596],[60.384,22.465],[60.855,22.404],[61.326,22.343],[61.797,22.28],[62.267,22.216],[62.737,22.15],[63.184,22.244],[63.631,22.336],[64.079,22.428],[64.527,22.518],[64.977,22.606],[65.132,22.63]]}},{"type":"Feature","properties":{"boundary_type":"subduction","feature_type":"gpml:SubductionZone","polarity":"Right","overriding_plate_id":922,"subducting_plate_id":901,"plate_ids":[901,922],"name":"MelanesiaVityaz DiCaprio"},"geometry":{"type":"LineString","coordinates":[[153.09,-2.74],[153.472,-2.743],[153.854,-2.747],[154.236,-2.75],[154.595,-2.775],[154.955,-2.801],[155.423,-2.883],[155.89,-2.965],[156.358,-3.047],[156.825,-3.129],[157.266,-3.293],[157.707,-3.457],[158.023,-3.592],[158.34,-3.726],[158.658,-3.86],[159.015,-4.123],[159.373,-4.385],[159.731,-4.647],[160.089,-4.909],[160.448,-5.171],[160.787,-5.424],[161.126,-5.676],[161.466,-5.929],[161.806,-6.181],[162.147,-6.434],[162.418,-6.774],[162.689,-7.113],[162.961,-7.453],[163.221,-7.731],[163.482,-8.009],[163.743,-8.287],[164.1,-8.422],[164.458,-8.557],[164.817,-8.692],[165.312,-8.731],[165.808,-8.769],[166.304,-8.807],[166.652,-8.984],[167.001,-9.162],[167.351,-9.338],[167.7,-9.515],[168.086,-9.621],[168.472,-9.726],[168.858,-9.831],[169.105,-10.049],[169.353,-10.268],[169.714,-10.343],[170.074,-10.419],[170.435,-10.493],[170.749,-10.641],[171.064,-10.788],[171.326,-11.098],[171.59,-11.407],[171.853,-11.716],[172.118,-12.025],[172.392,-12.286],[172.667,-12.547],[172.942,-12.807],[173.07,-13.125],[173.198,-13.443],[173.327,-13.761],[173.618,-14.15],[173.91,-14.539],[174.203,-14.927],[174.465,-15.284],[174.727,-15.641],[174.99,-15.998],[175.144,-16.373],[175.299,-16.748],[175.454,-17.123],[175.611,-17.498],[175.767,-17.872],[175.908,-18.326],[176.05,-18.78],[176.192,-19.234],[176.301,-19.475],[176.41,-19.716]]}},{"type":"Feature","properties":{"boundary_type":"subduction","feature_type":"gpml:SubductionZone","polarity":"Right","overriding_plate_id":861,"subducting_plate_id":901,"plate_ids":[861,901],"name":"MelanesiaVityaz DiCaprio"},"geometry":{"type":"LineString","coordinates":[[176.41,-19.716],[176.524,-19.967],[176.638,-20.217],[176.705,-20.439]]}},{"type":"Feature","properties":{"boundary_type":"subduction","feature_type":"gpml:SubductionZone","polarity":"Right","overriding_plate_id":861,"subducting_plate_id":901,"plate_ids":[861,901],"name":"MelanesiaVityaz DiCaprio"},"geometry":{"type":"LineString","coordinates":[[176.705,-20.439],[176.845,-20.899],[177.071,-21.296],[177.298,-21.693],[177.391,-22.098]]}},{"type":"Feature","properties":{"boundary_type":"subduction","feature_type":"gpml:SubductionZone","polarity":"Right","overriding_plate_id":857,"subducting_plate_id":901,"plate_ids":[857,901],"name":"MelanesiaVityaz DiCaprio"},"geometry":{"type":"LineString","coordinates":[[177.391,-22.098],[177.444,-22.325]]}},{"type":"Feature","properties":{"boundary_type":"subduction","feature_type":"gpml:SubductionZone","polarity":"Left","overriding_plate_id":null,"subducting_plate_id":null,"plate_ids":[861],"name":"NewCal Obd Oph"},"geometry":{"type":"LineString","coordinates":[[165.524,-26.872],[165.72,-27.192],[165.92,-27.488],[166.121,-27.783],[166.323,-28.078],[166.569,-28.338],[166.817,-28.598],[167.024,-28.923],[167.232,-29.249],[167.561,-29.542],[167.893,-29.835],[168.325,-30.042],[168.759,-30.248],[169.13,-30.434],[169.502,-30.62]]}},{"type":"Feature","properties":{"boundary_type":"subduction","feature_type":"gpml:SubductionZone","polarity":"Left","overriding_plate_id":665,"subducting_plate_id":801,"plate_ids":[665,801],"name":"SulawesiTrench"},"geometry":{"type":"LineString","coordinates":[[122.32,-3.387],[122.553,-3.354],[122.799,-3.284],[123.045,-3.213],[123.433,-3.007],[123.8,-3.287],[124.091,-3.411],[124.381,-3.536],[124.605,-3.648],[124.829,-3.76],[125.148,-3.924],[125.467,-4.088],[125.678,-4.266],[125.89,-4.445],[126.27,-4.654],[126.65,-4.863],[127.062,-4.903],[127.474,-4.943],[127.853,-4.779],[128.232,-4.615],[128.61,-4.45],[129.037,-4.212],[129.463,-3.974],[129.723,-3.749],[129.984,-3.523],[130.244,-3.298],[130.559,-3.174],[130.873,-3.051],[131.317,-2.932],[131.762,-2.813],[132.206,-2.694],[132.6,-2.58],[132.994,-2.465],[133.437,-2.417],[133.881,-2.369]]}},{"type":"Feature","properties":{"boundary_type":"subduction","feature_type":"gpml:SubductionZone","polarity":"Left","overriding_plate_id":838,"subducting_plate_id":801,"plate_ids":[801,838],"name":"TKR Loyalty"},"geometry":{"type":"LineString","coordinates":[[173.352,-31.957],[173.37,-32.01],[173.61,-32.285],[173.852,-32.56],[174.291,-32.857],[174.732,-33.152],[174.97,-33.485],[175.211,-33.818],[175.448,-34.152],[175.686,-34.485],[175.927,-34.726],[176.168,-34.966],[176.366,-35.206],[176.564,-35.445],[176.803,-35.687],[177.043,-35.928],[177.236,-36.215],[177.43,-36.501],[177.495,-36.829],[177.56,-37.158],[177.71,-37.443],[177.86,-37.728],[178.133,-38.019],[178.407,-38.309],[178.678,-38.599],[178.951,-38.889],[179.092,-39.237],[179.234,-39.585],[179.377,-39.932],[179.436,-40.261],[179.495,-40.59],[179.519,-40.82]]}},{"type":"Feature","properties":{"boundary_type":"subduction","feature_type":"gpml:SubductionZone","polarity":"Right","overriding_plate_id":857,"subducting_plate_id":901,"plate_ids":[857,901],"name":"Tonga Trench DiCaprio"},"geometry":{"type":"LineString","coordinates":[[177.444,-22.325],[177.772,-22.677],[177.961,-23.037],[178.152,-23.398],[178.343,-23.758],[178.536,-24.118],[178.73,-24.478],[178.816,-24.626]]}},{"type":"Feature","properties":{"boundary_type":"subduction","feature_type":"gpml:SubductionZone","polarity":"Right","overriding_plate_id":null,"subducting_plate_id":null,"plate_ids":[839,855,901],"name":"Tonga Trench DiCaprio"},"geometry":{"type":"LineString","coordinates":[[178.816,-24.626],[179.048,-25.021],[179.28,-25.414],[179.515,-25.808],[179.75,-26.201],[179.988,-26.593],[-179.886,-27.079],[-179.759,-27.564],[-179.631,-28.049],[-179.502,-28.535],[-179.371,-29.02],[-179.239,-29.504],[-179.125,-29.871],[-179.009,-30.237],[-178.893,-30.603],[-178.776,-30.969],[-178.587,-31.426],[-178.397,-31.882],[-178.204,-32.339],[-178.01,-32.795],[-177.76,-33.167],[-177.508,-33.54],[-177.253,-33.911]]}},{"type":"Feature","properties":{"boundary_type":"subduction","feature_type":"gpml:SubductionZone","polarity":"Right","overriding_plate_id":101,"subducting_plate_id":902,"plate_ids":[101,902],"name":"Western NAM subduction"},"geometry":{"type":"LineString","coordinates":[[-86.556,17.24],[-86.854,17.425],[-87.152,17.609],[-87.584,17.84],[-88.016,18.069],[-88.449,18.298],[-88.884,18.525],[-89.32,18.752],[-89.699,19.044],[-90.08,19.336],[-90.462,19.626],[-90.845,19.916],[-91.23,20.205],[-91.616,20.493],[-92.003,20.78],[-92.161,21.249],[-92.32,21.718],[-92.479,22.187],[-92.64,22.655],[-92.802,23.124],[-92.965,23.592],[-93.234,23.972],[-93.504,24.352],[-93.776,24.731],[-94.05,25.11],[-94.326,25.488],[-94.603,25.865],[-94.816,26.162],[-95.029,26.458],[-95.244,26.755],[-95.432,27.122],[-95.621,27.489],[-95.812,27.855],[-96.003,28.222],[-96.14,28.546],[-96.277,28.869],[-96.415,29.193],[-96.611,29.554],[-96.808,29.916],[-97.007,30.277],[-97.109,30.622],[-97.211,30.967],[-97.314,31.312],[-97.445,31.694],[-97.576,32.075],[-97.708,32.456],[-97.842,32.837],[-97.945,33.302],[-98.049,33.767],[-98.376,34.16]]}},{"type":"Feature","properties":{"boundary_type":"subduction","feature_type":"gpml:SubductionZone","polarity":"Right","overriding_plate_id":101,"subducting_plate_id":903,"plate_ids":[101,903],"name":"Western NAM subduction"},"geometry":{"type":"LineString","coordinates":[[-98.376,34.16],[-98.701,34.545],[-99.029,34.929],[-99.36,35.312],[-99.668,35.543],[-99.979,35.772],[-100.291,36.0],[-100.683,36.259],[-101.077,36.517],[-101.474,36.773],[-101.716,37.06],[-101.959,37.347],[-102.325,37.678],[-102.694,38.009],[-103.062,38.194],[-103.431,38.378],[-103.802,38.561],[-103.946,38.923],[-104.091,39.284],[-104.237,39.646],[-104.557,40.078],[-104.881,40.509],[-105.209,40.94],[-105.469,41.308],[-105.731,41.676],[-105.996,42.043],[-106.265,42.409],[-106.537,42.775],[-106.681,43.195],[-106.827,43.615],[-106.975,44.035],[-107.126,44.455],[-107.273,44.827],[-107.422,45.198],[-107.573,45.57],[-107.725,45.941],[-107.617,46.401],[-107.506,46.861],[-107.394,47.321],[-107.279,47.781],[-107.021,48.249],[-106.759,48.718],[-106.491,49.185],[-106.218,49.652],[-105.901,50.097],[-105.577,50.542],[-105.248,50.985],[-104.912,51.428],[-104.762,51.86],[-104.609,52.292],[-104.454,52.724],[-104.295,53.156],[-104.133,53.588],[-103.967,54.019],[-104.359,54.386],[-104.757,54.752],[-105.162,55.117],[-105.575,55.48],[-106.048,55.762],[-106.528,56.043],[-107.015,56.322],[-107.509,56.598],[-107.66,56.836],[-107.814,57.074]]}},{"type":"Feature","properties":{"boundary_type":"subduction","feature_type":"gpml:SubductionZone","polarity":"Right","overriding_plate_id":101,"subducting_plate_id":901,"plate_ids":[101,901],"name":"Western NAM subduction"},"geometry":{"type":"LineString","coordinates":[[-107.814,57.074],[-108.005,57.365],[-108.406,57.78],[-108.817,58.194],[-109.125,58.491],[-109.44,58.788],[-109.759,59.083],[-110.075,59.478],[-110.454,59.929],[-110.844,60.379],[-111.01,60.732],[-111.181,61.085],[-111.356,61.438],[-111.418,61.868],[-111.483,62.298],[-111.587,62.63],[-111.693,62.962],[-111.802,63.293],[-112.064,63.665],[-111.897,64.135],[-112.17,64.503],[-112.247,64.858],[-112.602,65.317],[-113.193,65.744],[-113.451,65.933],[-113.763,66.298],[-114.205,66.625],[-114.536,66.988],[-114.853,67.437],[-115.009,67.683],[-115.169,67.928],[-115.239,68.372]]}},{"type":"Feature","properties":{"boundary_type":"other","feature_type":"gpml:TerraneBoundary","polarity":null,"overriding_plate_id":null,"subducting_plate_id":null,"plate_ids":[802,804],"name":"E/W ANT"},"geometry":{"type":"LineString","coordinates":[[174.551,-63.346],[175.179,-63.627],[175.82,-63.906],[176.474,-64.181],[177.119,-64.47],[177.778,-64.755],[178.451,-65.038],[178.897,-65.328],[179.353,-65.618],[179.98,-65.896],[-179.623,-66.045],[-179.304,-66.248],[-179.494,-66.591],[-179.75,-66.868],[179.926,-67.171],[179.626,-67.444],[179.211,-67.733],[178.825,-68.012],[178.318,-68.336],[177.982,-68.526],[177.734,-68.835],[177.578,-69.102],[177.413,-69.399],[177.048,-69.618],[176.723,-69.946],[176.449,-70.291],[176.157,-70.548],[175.837,-70.927],[175.589,-71.32],[175.703,-71.747],[176.121,-72.053],[176.504,-72.297],[176.896,-72.54],[177.362,-72.773],[177.841,-73.005],[178.594,-73.29],[179.372,-73.572],[-179.694,-73.83],[-178.73,-74.084],[-177.671,-74.323],[-176.58,-74.556],[-175.28,-74.852],[-173.931,-75.141],[-172.746,-75.488],[-171.505,-75.828],[-170.547,-76.103],[-169.55,-76.374],[-168.515,-76.641],[-167.32,-76.954],[-166.068,-77.261],[-164.755,-77.562],[-163.167,-77.871],[-161.498,-78.17],[-159.889,-78.387],[-158.222,-78.596],[-156.495,-78.794],[-154.306,-79.02],[-152.029,-79.229],[-149.667,-79.421],[-147.083,-79.521],[-144.454,-79.6],[-142.362,-79.613],[-140.267,-79.612],[-138.176,-79.597],[-136.366,-79.528],[-134.582,-79.448],[-132.826,-79.359],[-130.604,-79.153],[-128.468,-78.931],[-126.417,-78.695],[-124.534,-78.478],[-122.721,-78.249],[-121.171,-77.993],[-119.685,-77.73],[-118.262,-77.459],[-116.812,-77.174],[-115.425,-76.882],[-114.098,-76.582],[-112.59,-76.303],[-111.142,-76.015],[-109.752,-75.718],[-108.456,-75.338],[-107.225,-74.952],[-106.396,-74.681],[-105.595,-74.408],[-104.821,-74.132],[-103.984,-73.693],[-103.191,-73.25],[-102.66,-72.896],[-102.15,-72.541],[-101.706,-72.106],[-101.283,-71.67],[-101.206,-71.337],[-101.132,-71.003],[-101.06,-70.669],[-101.027,-70.39]]}},{"type":"Feature","properties":{"boundary_type":"transform","feature_type":"gpml:Transform","polarity":null,"overriding_plate_id":null,"subducting_plate_id":null,"plate_ids":[603,801],"name":"Inferred transform"},"geometry":{"type":"LineString","coordinates":[[93.028,8.05],[92.876,8.524],[92.724,8.998],[92.571,9.472],[92.418,9.946],[92.264,10.419],[92.11,10.893],[91.955,11.367],[91.8,11.84],[91.667,12.273],[91.532,12.707],[91.398,13.14],[91.263,13.573],[91.127,14.006],[90.991,14.439],[90.854,14.872],[90.717,15.305],[90.579,15.738],[90.479,16.178],[90.379,16.617],[90.277,17.057],[90.176,17.496],[90.074,17.936],[89.971,18.375],[89.868,18.814],[89.765,19.254],[89.71,19.697],[89.655,20.14],[89.599,20.583],[89.544,21.026],[89.488,21.468],[89.431,21.911],[89.374,22.354],[89.317,22.797],[89.324,23.076],[89.33,23.354]]}},{"type":"Feature","properties":{"boundary_type":"transform","feature_type":"gpml:Transform","polarity":null,"overriding_plate_id":null,"subducting_plate_id":null,"plate_ids":[301,603],"name":"Inferred transform"},"geometry":{"type":"LineString","coordinates":[[89.33,23.354],[89.339,23.737],[89.348,24.12],[89.357,24.502],[89.366,24.885],[89.432,25.361],[89.499,25.837],[89.566,26.313],[89.634,26.788],[89.702,27.264],[89.771,27.74],[89.84,28.215],[89.91,28.691],[89.981,29.167],[90.052,29.642],[90.125,30.118]]}},{"type":"Feature","properties":{"boundary_type":"transform","feature_type":"gpml:Transform","polarity":null,"overriding_plate_id":null,"subducting_plate_id":null,"plate_ids":[101,304],"name":"King's Trough"},"geometry":{"type":"LineString","coordinates":[[-19.401,35.446],[-19.068,35.308],[-18.736,35.169],[-18.516,35.059]]}},{"type":"Feature","properties":{"boundary_type":"transform","feature_type":"gpml:Transform","polarity":null,"overriding_plate_id":null,"subducting_plate_id":null,"plate_ids":[304,317],"name":"King's Trough"},"geometry":{"type":"LineString","coordinates":[[-18.516,35.059],[-18.011,34.806],[-17.798,34.557],[-17.586,34.308],[-17.245,34.15],[-16.904,33.991],[-16.39,33.875],[-15.939,33.774],[-15.864,33.766]]}},{"type":"Feature","properties":{"boundary_type":"transform","feature_type":"gpml:Transform","polarity":null,"overriding_plate_id":null,"subducting_plate_id":null,"plate_ids":[101,301],"name":"North Porcupine Transform"},"geometry":{"type":"LineString","coordinates":[[-24.164,43.745],[-23.584,43.712],[-23.005,43.675],[-22.457,43.641],[-21.909,43.604],[-21.362,43.564],[-20.816,43.522],[-20.219,43.447]]}},{"type":"Feature","properties":{"boundary_type":"transform","feature_type":"gpml:Transform","polarity":null,"overriding_plate_id":null,"subducting_plate_id":null,"plate_ids":[301,317],"name":"North Porcupine Transform"},"geometry":{"type":"LineString","coordinates":[[-20.219,43.447],[-19.703,43.381],[-19.188,43.312],[-18.603,43.306],[-18.019,43.298],[-17.434,43.286],[-16.797,43.391],[-16.158,43.492],[-15.516,43.59],[-15.015,43.713],[-14.634,43.769],[-14.253,43.823],[-13.699,43.829],[-13.345,43.599],[-12.993,43.368],[-12.783,43.147],[-12.574,42.926],[-12.368,42.659],[-12.165,42.392],[-11.988,42.139],[-11.813,41.886],[-11.608,41.588],[-11.406,41.29],[-11.223,41.018],[-11.041,40.746],[-10.704,40.392],[-10.371,40.036],[-10.041,39.68],[-9.536,39.519],[-9.033,39.356],[-8.533,39.191],[-8.035,39.023],[-7.539,38.854],[-7.046,38.682],[-6.53,38.442],[-6.019,38.199],[-5.51,37.955],[-5.005,37.708],[-4.503,37.459],[-4.005,37.208],[-3.51,36.955],[-3.018,36.699],[-2.53,36.442],[-2.188,36.111],[-1.848,35.779],[-1.512,35.446],[-1.178,35.112]]}},{"type":"Feature","properties":{"boundary_type":"transform","feature_type":"gpml:Transform","polarity":null,"overriding_plate_id":null,"subducting_plate_id":null,"plate_ids":[301,603],"name":"Red River Fault"},"geometry":{"type":"LineString","coordinates":[[90.125,30.118],[90.642,30.283],[91.162,30.447],[91.683,30.608],[92.117,30.746],[92.551,30.881],[92.987,31.016],[93.513,30.979],[94.039,30.939],[94.565,30.897],[94.992,30.583],[95.417,30.267],[95.838,29.95],[96.257,29.631],[96.674,29.311],[96.804,29.193]]}},{"type":"Feature","properties":{"boundary_type":"transform","feature_type":"gpml:Transform","polarity":null,"overriding_plate_id":null,"subducting_plate_id":null,"plate_ids":[301,613],"name":"Red River Fault"},"geometry":{"type":"LineString","coordinates":[[96.804,29.193],[97.143,28.882],[97.48,28.57],[97.815,28.257],[98.148,27.943],[98.479,27.629],[98.834,27.369],[99.187,27.107],[99.539,26.845],[99.889,26.583],[100.345,26.372],[100.8,26.161],[101.254,25.948],[101.705,25.733],[102.104,25.534],[102.5,25.334],[102.896,25.133],[103.29,24.931],[103.683,24.728],[104.085,24.453],[104.485,24.177],[104.883,23.9],[105.28,23.622],[105.675,23.343],[106.068,23.063],[106.46,22.782],[106.832,22.534],[107.203,22.285]]}},{"type":"Feature","properties":{"boundary_type":"transform","feature_type":"gpml:Transform","polarity":null,"overriding_plate_id":null,"subducting_plate_id":null,"plate_ids":[603,613],"name":"Three Pagodas Fault (inferred extent)"},"geometry":{"type":"LineString","coordinates":[[96.804,29.193],[96.888,28.76],[96.971,28.327],[97.054,27.894],[97.136,27.462],[97.217,27.029],[97.297,26.596],[97.391,26.192],[97.484,25.788],[97.576,25.384],[97.668,24.981],[97.665,24.607],[97.662,24.233],[97.66,23.859],[97.613,23.377],[97.567,22.895],[97.522,22.413],[97.608,21.942],[97.693,21.471],[97.778,21.0],[97.862,20.529],[97.991,20.125],[98.12,19.72],[98.248,19.316],[98.375,18.911],[98.502,18.506],[98.629,18.101],[98.929,17.704],[99.228,17.306],[99.526,16.908],[99.823,16.51],[100.118,16.11],[100.355,15.95]]}},{"type":"Feature","properties":{"boundary_type":"transform","feature_type":"gpml:Transform","polarity":null,"overriding_plate_id":null,"subducting_plate_id":null,"plate_ids":[613,673],"name":"Three Pagodas Fault (inferred extent)"},"geometry":{"type":"LineString","coordinates":[[100.355,15.95],[100.739,15.69],[101.122,15.429],[101.503,15.168],[101.884,14.906],[102.264,14.643],[102.643,14.379],[103.021,14.115],[103.398,13.851],[103.774,13.586],[104.15,13.32],[104.581,13.177],[105.012,13.034],[105.443,12.89],[105.873,12.745],[106.302,12.599],[106.731,12.453],[107.16,12.306],[107.588,12.158],[108.033,12.191],[108.479,12.223],[108.925,12.254],[109.371,12.284],[109.817,12.314],[110.263,12.343],[110.717,12.382],[111.17,12.421],[111.624,12.458],[112.078,12.495],[112.532,12.532],[112.987,12.567],[113.314,12.773],[113.641,12.978]]}},{"type":"Feature","properties":{"boundary_type":"other","feature_type":"gpml:UnclassifiedFeature","polarity":null,"overriding_plate_id":null,"subducting_plate_id":null,"plate_ids":[406],"name":"NE SIberia"},"geometry":{"type":"LineString","coordinates":[[168.714,65.538],[168.713,65.538]]}},{"type":"Feature","properties":{"boundary_type":"other","feature_type":"gpml:UnclassifiedFeature","polarity":null,"overriding_plate_id":null,"subducting_plate_id":null,"plate_ids":[101,406],"name":"NE SIberia"},"geometry":{"type":"LineString","coordinates":[[168.713,65.538],[168.152,65.864],[167.576,66.188],[167.053,66.547],[166.514,66.903],[165.96,67.258],[165.107,67.633],[164.226,68.002],[163.317,68.367],[162.378,68.726],[161.657,69.041],[160.914,69.352],[160.15,69.66],[159.363,69.965],[158.554,70.266],[157.98,70.47],[157.395,70.671]]}},{"type":"Feature","properties":{"boundary_type":"other","feature_type":"gpml:UnclassifiedFeature","polarity":null,"overriding_plate_id":null,"subducting_plate_id":null,"plate_ids":[801,901],"name":"subduction portion 801"},"geometry":{"type":"LineString","coordinates":[[-173.851,-56.471],[-173.281,-56.591],[-172.707,-56.709]]}},{"type":"Feature","properties":{"boundary_type":"subduction","feature_type":"gpml:SubductionZone","polarity":"Right","overriding_plate_id":null,"subducting_plate_id":null,"plate_ids":[406],"name":"Aleutian and Bering Sea Masking Polygon"},"geometry":{"type":"LineString","coordinates":[[168.714,65.538],[167.752,65.766],[166.774,65.987],[165.772,66.21],[164.753,66.426]]}},{"type":"Feature","properties":{"boundary_type":"subduction","feature_type":"gpml:SubductionZone","polarity":"Right","overriding_plate_id":null,"subducting_plate_id":null,"plate_ids":[901],"name":"Shirshov Ridge Subduction"},"geometry":{"type":"LineString","coordinates":[[164.753,66.426],[164.753,66.426]]}},{"type":"Feature","properties":{"boundary_type":"subduction","feature_type":"gpml:SubductionZone","polarity":"Right","overriding_plate_id":406,"subducting_plate_id":901,"plate_ids":[406,901],"name":"Shirshov Ridge Subduction"},"geometry":{"type":"LineString","coordinates":[[164.753,66.426],[164.142,66.171],[163.391,65.835],[162.659,65.497],[162.065,65.267],[161.482,65.035],[160.908,64.8],[160.544,64.428],[160.19,64.055],[159.845,63.681],[159.112,63.394],[158.265,63.275],[157.166,63.206],[156.529,63.307],[155.887,63.405],[155.127,63.582],[154.358,63.754],[153.937,63.891]]}},{"type":"Feature","properties":{"boundary_type":"ridge","feature_type":"gpml:MidOceanRidge","polarity":null,"overriding_plate_id":null,"subducting_plate_id":null,"plate_ids":[101,304],"name":"Ridge from iso A13 from NorthAmerica at 33.1Ma"},"geometry":{"type":"LineString","coordinates":[[-19.401,35.446],[-19.465,35.246],[-19.653,34.838],[-19.748,34.518],[-19.842,34.198],[-20.105,33.787],[-20.279,33.459],[-20.341,33.259],[-20.349,32.911],[-20.358,32.563],[-20.389,32.186],[-20.427,31.896],[-20.465,31.607],[-20.558,31.361],[-20.642,31.164],[-20.76,31.003],[-20.902,30.853],[-21.023,30.74],[-21.276,30.797],[-21.459,30.447],[-21.64,30.097],[-21.821,29.746],[-22.0,29.395]]}},{"type":"Feature","properties":{"boundary_type":"ridge","feature_type":"gpml:MidOceanRidge","polarity":null,"overriding_plate_id":null,"subducting_plate_id":null,"plate_ids":[101,701],"name":"Ridge from iso A13 from NorthAmerica at 33.1Ma"},"geometry":{"type":"LineString","coordinates":[[-22.0,29.395],[-22.18,29.039],[-22.604,29.137],[-23.03,29.233],[-23.456,29.328],[-23.521,28.909],[-23.586,28.491],[-23.536,28.482],[-23.677,28.218],[-23.818,27.954],[-24.281,28.089],[-24.455,27.815],[-24.627,27.54],[-24.949,27.59],[-25.125,27.322],[-25.299,27.053],[-25.714,27.154],[-26.129,27.253],[-26.545,27.351],[-26.654,27.104],[-26.764,26.857],[-27.09,26.91],[-27.391,26.538],[-27.691,26.166],[-27.989,25.793],[-28.396,25.908],[-28.804,26.021],[-29.213,26.134],[-29.623,26.245],[-29.886,25.82],[-30.147,25.393],[-30.406,24.966],[-30.638,24.997],[-30.859,24.632],[-31.079,24.266],[-31.298,23.901],[-31.568,23.973],[-31.839,24.046],[-32.075,23.681],[-32.31,23.315],[-32.511,23.374],[-32.659,23.14],[-32.806,22.907],[-33.126,23.023],[-33.447,23.139],[-33.628,22.878],[-33.808,22.616],[-33.951,22.616],[-34.116,22.291],[-34.281,21.965],[-34.366,21.973],[-34.628,21.613],[-34.888,21.253],[-35.147,20.893],[-35.405,20.532],[-35.662,20.17],[-35.917,19.809],[-36.172,19.446],[-36.149,19.432],[-36.393,19.058],[-36.636,18.684],[-36.785,18.723],[-37.022,18.439],[-37.258,18.155],[-37.366,18.176],[-37.547,17.845],[-37.726,17.515],[-37.401,17.411],[-37.075,17.307],[-37.214,16.851],[-37.352,16.396],[-37.489,15.94],[-37.626,15.484],[-37.411,15.439],[-37.544,15.028],[-37.676,14.616],[-37.808,14.204],[-37.719,14.175],[-37.855,13.79],[-37.991,13.404],[-38.098,13.43],[-38.235,13.045],[-38.372,12.66],[-38.443,12.66],[-38.604,12.235],[-38.764,11.81],[-38.924,11.385],[-39.032,11.395],[-39.185,10.92],[-39.338,10.444],[-39.168,10.386],[-39.279,10.028],[-39.391,9.671],[-39.502,9.314]]}},{"type":"Feature","properties":{"boundary_type":"ridge","feature_type":"gpml:MidOceanRidge","polarity":null,"overriding_plate_id":null,"subducting_plate_id":null,"plate_ids":[101,201],"name":"Ridge from iso A13 from NorthAmerica at 33.1Ma"},"geometry":{"type":"LineString","coordinates":[[-39.502,9.314],[-39.508,9.294],[-39.525,9.257]]}},{"type":"Feature","properties":{"boundary_type":"ridge","feature_type":"gpml:MidOceanRidge","polarity":null,"overriding_plate_id":null,"subducting_plate_id":null,"plate_ids":[101,301],"name":"Ridge from iso A13 from NorthAmerica 33.1Ma"},"geometry":{"type":"LineString","coordinates":[[-23.09,47.832],[-23.314,47.614],[-23.481,47.348],[-23.589,47.173],[-23.681,47.016],[-23.742,46.721],[-23.803,46.427],[-23.863,46.112],[-23.924,45.798],[-23.968,45.479],[-24.011,45.16],[-24.059,44.78],[-24.106,44.4],[-24.135,44.073],[-24.164,43.745]]}},{"type":"Feature","properties":{"boundary_type":"subduction","feature_type":"gpml:SubductionZone","polarity":"Left","overriding_plate_id":608,"subducting_plate_id":801,"plate_ids":[608,801],"name":"East Philippine Isl Nthward Subduction DiCaprio"},"geometry":{"type":"LineString","coordinates":[[131.915,3.904],[132.195,3.626],[132.475,3.348],[132.806,3.025],[133.137,2.701],[133.467,2.377],[133.797,2.054],[134.127,1.73],[134.457,1.406],[134.786,1.128],[135.115,0.849],[135.444,0.57],[135.773,0.292],[136.102,0.013],[136.478,-0.29],[136.854,-0.592],[137.23,-0.895],[137.606,-1.198],[137.884,-1.541],[138.161,-1.883],[138.439,-2.226],[138.681,-2.554],[138.924,-2.883],[139.166,-3.211],[139.306,-3.532],[139.445,-3.854],[139.585,-4.176],[139.634,-4.624],[139.683,-5.073],[139.732,-5.521],[139.782,-5.97],[139.922,-6.35],[140.062,-6.73],[140.203,-7.11],[140.344,-7.489],[140.735,-7.72],[141.127,-7.95],[141.519,-8.18],[141.912,-8.41],[142.305,-8.639],[142.699,-8.868],[143.083,-9.065],[143.468,-9.261],[143.853,-9.458],[144.239,-9.653],[144.625,-9.849]]}},{"type":"Feature","properties":{"boundary_type":"subduction","feature_type":"gpml:SubductionZone","polarity":"Left","overriding_plate_id":608,"subducting_plate_id":922,"plate_ids":[608,922],"name":"Proto Caroline arc"},"geometry":{"type":"LineString","coordinates":[[149.45,-4.013],[149.87,-3.852],[150.289,-3.692],[150.709,-3.531],[151.106,-3.4],[151.503,-3.268],[151.9,-3.136],[152.297,-3.004],[152.693,-2.872],[153.09,-2.74]]}},{"type":"Feature","properties":{"boundary_type":"subduction","feature_type":"gpml:SubductionZone","polarity":"Left","overriding_plate_id":608,"subducting_plate_id":901,"plate_ids":[608,901],"name":"Proto Caroline arc"},"geometry":{"type":"LineString","coordinates":[[153.09,-2.74],[153.363,-2.649],[153.637,-2.558],[153.965,-2.369],[154.292,-2.18]]}},{"type":"Feature","properties":{"boundary_type":"subduction","feature_type":"gpml:SubductionZone","polarity":"Left","overriding_plate_id":688,"subducting_plate_id":901,"plate_ids":[688,901],"name":"Proto Caroline arc"},"geometry":{"type":"LineString","coordinates":[[154.292,-2.18],[154.68,-1.956],[155.068,-1.732],[155.455,-1.508],[155.843,-1.283],[156.231,-1.059],[156.571,-0.722],[156.911,-0.385],[157.251,-0.049],[157.592,0.288],[157.932,0.625],[158.234,0.952],[158.536,1.28],[158.838,1.607],[159.141,1.934],[159.443,2.262],[159.746,2.589],[160.049,2.916]]}},{"type":"Feature","properties":{"boundary_type":"transform","feature_type":"gpml:Transform","polarity":null,"overriding_plate_id":null,"subducting_plate_id":null,"plate_ids":[301,613],"name":"Continuation of RRF"},"geometry":{"type":"LineString","coordinates":[[107.203,22.285],[107.377,21.874],[107.55,21.462],[107.722,21.05],[107.893,20.638],[108.063,20.226],[108.232,19.814],[108.348,19.377],[108.463,18.94]]}},{"type":"Feature","properties":{"boundary_type":"transform","feature_type":"gpml:Transform","polarity":null,"overriding_plate_id":null,"subducting_plate_id":null,"plate_ids":[608,688],"name":"Proto Caroline transform"},"geometry":{"type":"LineString","coordinates":[[151.245,2.912],[151.499,2.488],[151.753,2.063],[152.007,1.639],[152.261,1.215],[152.515,0.79],[152.769,0.366],[153.022,-0.058],[153.276,-0.483],[153.53,-0.907],[153.784,-1.331],[154.038,-1.756],[154.292,-2.18]]}},{"type":"Feature","properties":{"boundary_type":"ridge","feature_type":"gpml:MidOceanRidge","polarity":null,"overriding_plate_id":null,"subducting_plate_id":null,"plate_ids":[608,609],"name":"Philippine Sea MOR"},"geometry":{"type":"LineString","coordinates":[[132.375,22.402],[132.886,22.447],[133.396,22.49],[133.907,22.532],[134.418,22.572],[134.929,22.61],[135.441,22.647],[135.433,22.167],[135.425,21.686],[135.418,21.206],[135.41,20.725],[135.403,20.245],[135.395,19.765],[135.388,19.284],[135.38,18.804],[135.373,18.323],[135.827,18.378],[136.282,18.432],[136.737,18.485],[137.192,18.536],[137.647,18.587],[138.102,18.636],[138.082,18.166],[138.062,17.696],[138.042,17.226],[138.022,16.756],[138.002,16.286],[137.983,15.816],[137.963,15.346],[137.943,14.876],[137.942,14.844]]}},{"type":"Feature","properties":{"boundary_type":"ridge","feature_type":"gpml:MidOceanRidge","polarity":null,"overriding_plate_id":null,"subducting_plate_id":null,"plate_ids":[608,609],"name":"Philippine Sea MOR"},"geometry":{"type":"LineString","coordinates":[[137.942,14.844],[138.404,14.739],[138.865,14.632],[138.826,14.188],[138.787,13.744],[138.975,13.639],[138.916,13.266],[139.31,13.136],[139.704,13.005],[140.098,12.874],[140.433,12.754],[140.767,12.633],[141.101,12.513],[140.983,12.131],[141.336,12.009],[141.689,11.886],[142.041,11.762],[141.978,11.422],[142.386,11.29],[142.794,11.158],[143.201,11.025],[143.607,10.892],[144.014,10.758],[143.973,10.51],[143.932,10.262],[144.286,10.126],[144.639,9.99],[144.992,9.853],[144.889,9.467],[145.208,9.361],[145.526,9.255],[145.44,9.024],[145.871,8.92],[146.303,8.815],[146.734,8.71],[146.649,8.377],[147.092,8.237],[147.535,8.097],[147.978,7.956],[148.42,7.815],[148.384,7.666],[148.843,7.542],[149.301,7.417],[149.759,7.292],[150.217,7.166],[150.675,7.04],[150.561,6.612],[150.448,6.184],[150.334,5.755],[150.221,5.327],[150.565,5.079],[150.908,4.831],[151.251,4.582],[151.594,4.334],[151.936,4.085]]}},{"type":"Feature","properties":{"boundary_type":"transform","feature_type":"gpml:Transform","polarity":null,"overriding_plate_id":null,"subducting_plate_id":null,"plate_ids":[603,673],"name":"Three Pagodas and Sumatra Fault Zone"},"geometry":{"type":"LineString","coordinates":[[100.355,15.95],[100.32,15.498],[100.284,15.045],[100.249,14.593],[100.213,14.14],[100.178,13.688],[100.143,13.235],[100.207,12.767],[100.271,12.298],[100.334,11.83],[100.397,11.361],[100.46,10.893],[100.523,10.424],[100.586,9.955],[100.648,9.487],[100.84,9.028],[101.032,8.57],[101.224,8.111],[101.415,7.652],[101.605,7.193],[101.967,6.93],[102.33,6.666],[102.691,6.402],[103.053,6.137],[103.413,5.872],[103.774,5.608],[104.197,5.393],[104.62,5.178],[105.043,4.963],[105.465,4.747],[105.887,4.531],[106.308,4.315],[106.73,4.099],[107.151,3.883],[107.572,3.666],[107.993,3.449],[108.456,3.266],[108.919,3.083],[109.382,2.899],[109.844,2.715],[110.242,2.457],[110.639,2.199],[111.036,1.941],[111.237,1.592],[111.437,1.243],[111.637,0.894],[111.753,0.529],[111.868,0.164],[111.984,-0.201],[112.17,-0.627],[112.356,-1.053],[112.452,-1.354]]}},{"type":"Feature","properties":{"boundary_type":"subduction","feature_type":"gpml:SubductionZone","polarity":"Left","overriding_plate_id":698,"subducting_plate_id":801,"plate_ids":[698,801],"name":"Sepik Subduction"},"geometry":{"type":"LineString","coordinates":[[135.33,-17.584],[135.778,-17.524],[136.226,-17.464],[136.674,-17.403],[137.121,-17.34],[137.569,-17.277],[138.089,-17.242],[138.61,-17.206],[139.131,-17.168],[139.651,-17.129],[140.171,-17.089],[140.691,-17.047],[141.211,-17.004],[141.73,-16.96],[142.198,-17.015],[142.666,-17.07],[143.135,-17.123],[143.604,-17.176],[144.073,-17.227],[144.542,-17.277],[145.011,-17.326],[145.481,-17.374],[145.951,-17.421],[146.376,-17.625],[146.802,-17.828],[147.23,-18.03],[147.658,-18.231],[148.087,-18.431],[148.517,-18.63],[148.948,-18.828],[149.278,-19.084],[149.608,-19.34],[149.94,-19.595],[150.272,-19.849],[150.606,-20.103],[151.01,-20.326],[151.415,-20.548],[151.821,-20.769],[152.228,-20.989],[152.637,-21.208],[153.047,-21.427],[153.381,-21.65],[153.715,-21.872],[154.051,-22.093],[154.388,-22.314],[154.652,-22.442]]}},{"type":"Feature","properties":{"boundary_type":"transform","feature_type":"gpml:Transform","polarity":null,"overriding_plate_id":null,"subducting_plate_id":null,"plate_ids":[698,801],"name":"Torricelli Arc transform"},"geometry":{"type":"LineString","coordinates":[[135.33,-17.584],[135.523,-17.27],[135.715,-16.957],[135.906,-16.644],[136.132,-16.219],[136.358,-15.795],[136.582,-15.37],[136.806,-14.945],[137.147,-14.573],[137.487,-14.201]]}},{"type":"Feature","properties":{"boundary_type":"transform","feature_type":"gpml:Transform","polarity":null,"overriding_plate_id":null,"subducting_plate_id":null,"plate_ids":[801,853],"name":"Torricelli Arc transform"},"geometry":{"type":"LineString","coordinates":[[137.487,-14.201],[137.752,-13.908],[138.017,-13.616],[138.282,-13.323],[138.545,-13.03],[138.94,-12.762],[139.334,-12.494],[139.728,-12.225],[140.12,-11.956],[140.524,-11.762],[140.928,-11.568],[141.331,-11.374],[141.701,-11.222],[142.07,-11.07],[142.438,-10.918],[142.799,-10.746],[143.16,-10.575],[143.52,-10.403],[143.88,-10.23],[144.252,-10.039],[144.625,-9.849]]}},{"type":"Feature","properties":{"boundary_type":"transform","feature_type":"gpml:Transform","polarity":null,"overriding_plate_id":null,"subducting_plate_id":null,"plate_ids":[608,853],"name":"Torricelli Arc transform"},"geometry":{"type":"LineString","coordinates":[[144.625,-9.849],[144.975,-9.669],[145.324,-9.489],[145.695,-9.349],[146.066,-9.209],[146.437,-9.068],[146.807,-8.928],[147.182,-8.832],[147.557,-8.736],[147.931,-8.639],[148.305,-8.543],[148.582,-8.481]]}},{"type":"Feature","properties":{"boundary_type":"subduction","feature_type":"gpml:SubductionZone","polarity":"Right","overriding_plate_id":608,"subducting_plate_id":922,"plate_ids":[608,922],"name":"Proto Mariana Arc"},"geometry":{"type":"LineString","coordinates":[[149.45,-4.013],[149.258,-4.443],[149.066,-4.873],[148.994,-5.362],[148.921,-5.852],[148.848,-6.341],[148.775,-6.83],[148.702,-7.319],[148.628,-7.809],[148.596,-8.284]]}},{"type":"Feature","properties":{"boundary_type":"subduction","feature_type":"gpml:SubductionZone","polarity":"Right","overriding_plate_id":608,"subducting_plate_id":853,"plate_ids":[608,853],"name":"Proto Mariana Arc"},"geometry":{"type":"LineString","coordinates":[[148.596,-8.284],[148.582,-8.481]]}},{"type":"Feature","properties":{"boundary_type":"subduction","feature_type":"gpml:SubductionZone","polarity":"Right","overriding_plate_id":301,"subducting_plate_id":801,"plate_ids":[301,801],"name":"Subduction of Greater India"},"geometry":{"type":"LineString","coordinates":[[89.33,23.354],[88.873,23.174],[88.417,22.992],[87.963,22.809],[87.51,22.625],[87.054,22.494],[86.598,22.362],[86.144,22.229],[85.69,22.094],[85.237,21.958],[84.786,21.821],[84.259,21.811],[83.732,21.8],[83.205,21.788],[82.679,21.773],[82.152,21.757],[81.626,21.74],[81.1,21.72],[80.573,21.699],[80.095,21.804],[79.616,21.908],[79.136,22.01],[78.655,22.11],[78.174,22.21],[77.692,22.307],[77.21,22.404],[76.726,22.499],[76.242,22.592],[75.758,22.685],[75.371,22.922],[74.984,23.159],[74.594,23.394],[74.204,23.629],[73.812,23.863],[73.319,23.977],[72.826,24.09],[72.331,24.201],[71.836,24.311],[71.34,24.419],[70.843,24.525],[70.345,24.63],[69.846,24.733],[69.347,24.834],[68.853,24.675],[68.361,24.513],[67.87,24.35],[67.381,24.186],[66.893,24.02],[66.406,23.853],[66.055,23.65],[65.706,23.446],[65.357,23.242]]}},{"type":"Feature","properties":{"boundary_type":"subduction","feature_type":"gpml:SubductionZone","polarity":"Right","overriding_plate_id":673,"subducting_plate_id":613,"plate_ids":[613,673],"name":"Palawan Trench"},"geometry":{"type":"LineString","coordinates":[[113.641,12.978],[113.932,12.616],[114.223,12.254],[114.513,11.892],[114.802,11.53],[115.09,11.167],[115.377,10.804],[115.664,10.441],[115.95,10.077],[116.236,9.713],[116.521,9.349],[116.775,9.058],[117.028,8.767],[117.282,8.476],[117.535,8.184],[117.83,7.929],[118.124,7.673],[118.419,7.417],[118.718,7.177],[119.017,6.938],[119.315,6.699],[119.614,6.459],[120.063,6.39],[120.512,6.32],[120.962,6.25],[121.325,6.479],[121.688,6.708]]}},{"type":"Feature","properties":{"boundary_type":"subduction","feature_type":"gpml:SubductionZone","polarity":"Right","overriding_plate_id":645,"subducting_plate_id":613,"plate_ids":[613,645],"name":"Palawan Trench"},"geometry":{"type":"LineString","coordinates":[[121.688,6.708],[121.957,6.877],[122.305,7.183],[122.653,7.489],[123.002,7.794],[123.351,8.099],[123.701,8.404],[124.051,8.709],[124.347,9.059],[124.642,9.409],[124.939,9.758],[125.236,10.107],[125.534,10.456],[125.832,10.805],[126.217,11.007],[126.602,11.209],[126.989,11.411],[127.375,11.612],[127.762,11.813],[128.133,12.018],[128.504,12.223],[128.876,12.428],[129.248,12.632]]}},{"type":"Feature","properties":{"boundary_type":"other","feature_type":"gpml:ContinentalRift","polarity":null,"overriding_plate_id":null,"subducting_plate_id":null,"plate_ids":[301,613],"name":"South China Sea rifting"},"geometry":{"type":"LineString","coordinates":[[108.463,18.94],[108.823,19.218],[109.184,19.495],[109.545,19.771],[109.909,20.047],[110.221,20.429],[110.536,20.811],[110.852,21.193],[111.17,21.574],[111.489,21.955],[111.823,22.287],[112.157,22.619],[112.494,22.95],[112.832,23.28],[113.172,23.61],[113.537,23.85],[113.903,24.09],[114.27,24.328],[114.703,24.479],[115.137,24.629],[115.572,24.778],[116.008,24.925],[116.445,25.071],[116.878,25.216],[117.311,25.36],[117.746,25.502],[118.182,25.644],[118.619,25.784],[119.058,26.015],[119.499,26.244],[119.942,26.472],[120.387,26.699],[120.834,26.924],[121.282,27.148]]}},{"type":"Feature","properties":{"boundary_type":"other","feature_type":"gpml:InferredPaleoBoundary","polarity":null,"overriding_plate_id":null,"subducting_plate_id":null,"plate_ids":[101,102],"name":"Greenland northern boundary"},"geometry":{"type":"LineString","coordinates":[[-36.7,69.358],[-36.548,69.397],[-36.243,69.722],[-35.929,70.046],[-35.605,70.37],[-35.407,70.706],[-35.203,71.041],[-34.991,71.377],[-33.832,71.512],[-32.658,71.639],[-31.467,71.76],[-30.567,71.922],[-29.652,72.081],[-28.486,72.181],[-27.307,72.274],[-26.117,72.36],[-24.74,72.616],[-23.324,72.863],[-22.402,73.092],[-21.456,73.317],[-20.484,73.538],[-19.349,73.636],[-18.2,73.728],[-17.039,73.813],[-15.809,73.833],[-14.575,73.846],[-13.34,73.852],[-11.772,74.024],[-10.172,74.185],[-8.87,74.278],[-7.553,74.364],[-6.223,74.442],[-5.046,74.132],[-3.913,73.815],[-2.756,73.482],[-1.644,73.143],[-0.574,72.798]]}},{"type":"Feature","properties":{"boundary_type":"other","feature_type":"gpml:InferredPaleoBoundary","polarity":null,"overriding_plate_id":null,"subducting_plate_id":null,"plate_ids":[102,301],"name":"Greenland northern boundary"},"geometry":{"type":"LineString","coordinates":[[-0.574,72.798],[-0.005,72.607],[0.551,72.414],[1.263,72.139],[1.954,71.861],[2.625,71.581],[3.611,71.205],[4.56,70.823],[5.24,70.499],[5.898,70.172],[6.536,69.843],[7.073,69.39],[7.589,68.937],[8.083,68.481]]}},{"type":"Feature","properties":{"boundary_type":"ridge","feature_type":"gpml:MidOceanRidge","polarity":null,"overriding_plate_id":null,"subducting_plate_id":null,"plate_ids":[101,102],"name":"MOR NAM-Greenland"},"geometry":{"type":"LineString","coordinates":[[-35.106,57.609],[-35.78,57.846],[-35.357,58.185],[-34.926,58.524],[-34.486,58.86],[-33.86,59.225],[-33.219,59.586],[-32.985,60.03],[-32.745,60.473],[-32.751,60.78],[-32.757,61.086],[-32.539,61.454],[-32.316,61.822],[-32.486,62.129],[-32.659,62.436],[-32.816,62.764],[-32.977,63.092],[-32.963,63.431],[-32.949,63.769],[-33.128,64.163],[-33.313,64.556],[-33.053,65.035],[-32.784,65.514],[-33.336,65.798],[-33.901,66.079],[-34.092,66.473],[-34.29,66.866],[-34.731,67.172],[-35.184,67.476],[-35.752,67.871],[-36.339,68.264],[-36.452,68.605],[-36.568,68.946],[-36.687,69.287],[-36.7,69.358]]}},{"type":"Feature","properties":{"boundary_type":"ridge","feature_type":"gpml:MidOceanRidge","polarity":null,"overriding_plate_id":null,"subducting_plate_id":null,"plate_ids":[101,102],"name":"MOR NAM-Greenland"},"geometry":{"type":"LineString","coordinates":[[-37.337,54.749],[-37.266,54.777],[-37.098,55.21],[-36.927,55.643],[-36.594,56.0],[-36.255,56.357],[-36.071,56.723],[-35.883,57.088],[-35.518,57.335],[-35.148,57.581],[-35.106,57.609]]}},{"type":"Feature","properties":{"boundary_type":"ridge","feature_type":"gpml:MidOceanRidge","polarity":null,"overriding_plate_id":null,"subducting_plate_id":null,"plate_ids":[101,301],"name":"MOR NAM-Greenland"},"geometry":{"type":"LineString","coordinates":[[-23.086,47.845],[-23.359,47.93]]}},{"type":"Feature","properties":{"boundary_type":"ridge","feature_type":"gpml:MidOceanRidge","polarity":null,"overriding_plate_id":null,"subducting_plate_id":null,"plate_ids":[101,102],"name":"MOR NAM-Greenland"},"geometry":{"type":"LineString","coordinates":[[-23.359,47.93],[-23.849,48.082],[-24.342,48.231],[-24.838,48.377],[-25.398,48.497],[-25.96,48.614],[-26.467,48.662],[-26.974,48.707],[-27.605,48.771],[-28.238,48.831],[-28.872,48.888],[-29.354,49.23],[-29.843,49.57],[-30.451,49.709],[-31.069,49.766],[-31.688,49.82],[-31.986,50.115],[-32.288,50.41],[-32.593,50.781],[-32.902,51.151],[-33.144,51.458],[-33.389,51.765],[-33.765,52.146],[-34.148,52.526],[-34.382,52.784],[-34.619,53.041],[-35.095,53.324],[-35.578,53.604],[-35.878,53.795],[-36.181,53.986],[-36.681,54.261],[-37.188,54.534],[-37.337,54.749]]}},{"type":"Feature","properties":{"boundary_type":"ridge","feature_type":"gpml:MidOceanRidge","polarity":null,"overriding_plate_id":null,"subducting_plate_id":null,"plate_ids":[609,688],"name":"Ridge f iso on caroline at 30.1Ma"},"geometry":{"type":"LineString","coordinates":[[156.661,10.005],[156.466,9.792],[156.146,9.523],[155.826,9.254],[156.005,8.869],[155.609,8.584],[155.212,8.299],[154.817,8.013],[154.422,7.727],[154.58,7.483],[154.737,7.24],[154.414,6.967],[154.092,6.693],[153.771,6.42],[153.449,6.146],[153.128,5.873],[152.808,5.599],[153.092,5.201],[152.785,4.947],[152.478,4.693],[152.172,4.439],[151.865,4.184],[151.936,4.085]]}},{"type":"Feature","properties":{"boundary_type":"ridge","feature_type":"gpml:MidOceanRidge","polarity":null,"overriding_plate_id":null,"subducting_plate_id":null,"plate_ids":[608,688],"name":"Ridge f iso on caroline at 30.1Ma"},"geometry":{"type":"LineString","coordinates":[[151.936,4.085],[152.086,3.874],[152.236,3.664],[151.906,3.413],[151.575,3.162],[151.245,2.912]]}},{"type":"Feature","properties":{"boundary_type":"ridge","feature_type":"gpml:MidOceanRidge","polarity":null,"overriding_plate_id":null,"subducting_plate_id":null,"plate_ids":[645,665],"name":"MOR South Celebes-Proto South China iso at 41.5Ma"},"geometry":{"type":"LineString","coordinates":[[132.57,1.816],[132.138,1.735],[131.705,1.654],[131.273,1.573],[130.841,1.492],[130.408,1.411],[130.108,1.457],[129.808,1.436],[129.508,1.415],[129.243,1.515],[128.978,1.616],[128.7,1.649],[128.352,1.662],[128.003,1.676],[127.611,1.673],[127.219,1.67],[126.828,1.667],[126.453,1.643],[125.997,1.809],[125.541,1.976],[125.084,2.142],[124.628,2.308],[124.172,2.474],[123.879,2.423]]}},{"type":"Feature","properties":{"boundary_type":"ridge","feature_type":"gpml:MidOceanRidge","polarity":null,"overriding_plate_id":null,"subducting_plate_id":null,"plate_ids":[608,609],"name":"Philippine Sea MOR"},"geometry":{"type":"LineString","coordinates":[[122.208,24.914],[122.733,24.927],[123.258,24.938],[123.783,24.947],[124.308,24.955],[124.833,24.96],[125.358,24.964],[125.883,24.966],[126.409,24.966],[126.934,24.964],[127.459,24.96],[127.984,24.955],[128.509,24.947],[129.034,24.938],[129.559,24.927],[130.084,24.914],[130.608,24.899],[131.133,24.883],[131.657,24.864],[132.182,24.844],[132.221,24.356],[132.26,23.867],[132.299,23.379],[132.337,22.891],[132.375,22.402]]}},{"type":"Feature","properties":{"boundary_type":"ridge","feature_type":"gpml:MidOceanRidge","polarity":null,"overriding_plate_id":null,"subducting_plate_id":null,"plate_ids":[101],"name":"MOR NAM-Caribbean from iso on CAR at 42Ma"},"geometry":{"type":"LineString","coordinates":[[-72.02,15.376],[-72.036,15.648],[-72.051,15.919],[-72.047,16.301]]}},{"type":"Feature","properties":{"boundary_type":"ridge","feature_type":"gpml:MidOceanRidge","polarity":null,"overriding_plate_id":null,"subducting_plate_id":null,"plate_ids":[839,855,857],"name":"MOR South Fiji Basin"},"geometry":{"type":"LineString","coordinates":[[178.816,-24.626],[178.69,-25.018],[178.562,-25.41],[178.434,-25.802],[178.305,-26.193],[178.175,-26.585],[178.071,-27.003],[177.967,-27.422],[177.862,-27.84],[177.756,-28.258],[177.649,-28.677],[177.541,-29.095],[177.715,-29.187],[177.599,-29.623],[177.481,-30.058],[177.362,-30.493],[177.243,-30.928],[177.122,-31.363],[177.0,-31.798],[176.877,-32.233],[176.81,-32.548],[176.742,-32.862],[176.622,-33.281],[176.502,-33.7]]}},{"type":"Feature","properties":{"boundary_type":"ridge","feature_type":"gpml:MidOceanRidge","polarity":null,"overriding_plate_id":null,"subducting_plate_id":null,"plate_ids":[838,857],"name":"MOR South Fiji Basin"},"geometry":{"type":"LineString","coordinates":[[176.056,-32.761],[176.204,-33.074],[176.352,-33.387],[176.502,-33.7]]}},{"type":"Feature","properties":{"boundary_type":"ridge","feature_type":"gpml:MidOceanRidge","polarity":null,"overriding_plate_id":null,"subducting_plate_id":null,"plate_ids":[838,839,855],"name":"MOR South Fiji Basin"},"geometry":{"type":"LineString","coordinates":[[176.502,-33.7],[176.656,-34.019],[176.811,-34.338],[176.967,-34.657],[177.318,-34.958],[177.671,-35.257],[178.028,-35.555],[178.386,-35.852],[178.748,-36.148],[179.114,-36.544],[179.483,-36.938],[179.857,-37.332],[-179.766,-37.724],[-179.384,-38.115],[-178.973,-38.432],[-178.558,-38.747],[-178.14,-39.061],[-177.741,-39.181],[-177.341,-39.3]]}},{"type":"Feature","properties":{"boundary_type":"ridge","feature_type":"gpml:MidOceanRidge","polarity":null,"overriding_plate_id":null,"subducting_plate_id":null,"plate_ids":[301,406],"name":"MOR NAM-Eurasia from iso A13 from NAM 33.1Ma"},"geometry":{"type":"LineString","coordinates":[[144.873,60.596],[144.521,60.834],[144.04,61.098],[143.552,61.359],[143.055,61.619],[142.691,61.895],[142.32,62.17]]}},{"type":"Feature","properties":{"boundary_type":"ridge","feature_type":"gpml:MidOceanRidge","polarity":null,"overriding_plate_id":null,"subducting_plate_id":null,"plate_ids":[101,301],"name":"MOR NAM-Eurasia from iso A13 from NAM 33.1Ma"},"geometry":{"type":"LineString","coordinates":[[142.32,62.17],[141.81,62.538],[141.288,62.905],[140.752,63.27],[140.352,63.735],[139.938,64.2],[139.51,64.663],[139.067,65.125],[138.608,65.585],[138.133,66.044],[137.641,66.502],[137.13,66.958],[136.599,67.412],[136.048,67.865],[135.476,68.315],[134.88,68.764],[134.26,69.21],[133.614,69.654],[132.94,70.095],[132.237,70.534],[131.503,70.97],[130.737,71.403],[129.935,71.833],[129.095,72.259],[128.216,72.682],[127.295,73.101],[126.328,73.515],[125.314,73.924],[124.247,74.329],[123.127,74.728],[121.948,75.121],[120.707,75.508],[119.4,75.888],[118.023,76.261],[116.571,76.625],[115.041,76.981],[113.427,77.328],[111.726,77.664],[109.932,77.989],[108.042,78.302],[106.052,78.602],[103.958,78.887],[101.759,79.158],[99.451,79.412],[97.035,79.649],[94.512,79.867],[91.885,80.065],[89.157,80.241],[86.337,80.395]]}},{"type":"Feature","properties":{"boundary_type":"other","feature_type":"gpml:InferredPaleoBoundary","polarity":null,"overriding_plate_id":null,"subducting_plate_id":null,"plate_ids":[838,857],"name":"South Fiji Basin EW Spreading"},"geometry":{"type":"LineString","coordinates":[[176.056,-32.761],[175.888,-32.812],[175.497,-32.87],[175.106,-32.927]]}},{"type":"Feature","properties":{"boundary_type":"ridge","feature_type":"gpml:MidOceanRidge","polarity":null,"overriding_plate_id":null,"subducting_plate_id":null,"plate_ids":[101,301],"name":"MOR NAM Ridge"},"geometry":{"type":"LineString","coordinates":[[-23.09,47.832],[-23.086,47.845]]}},{"type":"Feature","properties":{"boundary_type":"subduction","feature_type":"gpml:SubductionZone","polarity":"Left","overriding_plate_id":603,"subducting_plate_id":801,"plate_ids":[603,801],"name":"Java SZ"},"geometry":{"type":"LineString","coordinates":[[112.372,-1.328],[112.452,-1.354]]}},{"type":"Feature","properties":{"boundary_type":"subduction","feature_type":"gpml:SubductionZone","polarity":"Left","overriding_plate_id":673,"subducting_plate_id":801,"plate_ids":[673,801],"name":"Java SZ"},"geometry":{"type":"LineString","coordinates":[[112.452,-1.354],[112.853,-1.486],[113.255,-1.618],[113.636,-1.826],[114.018,-2.035],[114.399,-2.243],[114.781,-2.451],[115.163,-2.659],[115.545,-2.867],[115.944,-3.035],[116.343,-3.203],[116.743,-3.37],[117.143,-3.537],[117.542,-3.704],[117.925,-3.931],[118.308,-4.157],[118.691,-4.383],[119.074,-4.609],[119.458,-4.834],[119.82,-5.058],[120.184,-5.282],[120.547,-5.505],[120.911,-5.728]]}},{"type":"Feature","properties":{"boundary_type":"transform","feature_type":"gpml:Transform","polarity":null,"overriding_plate_id":null,"subducting_plate_id":null,"plate_ids":[665,673],"name":"Sunda Transform near Sulawesi"},"geometry":{"type":"LineString","coordinates":[[124.518,0.351],[124.391,0.765],[124.263,1.18],[124.135,1.594],[124.007,2.009],[123.879,2.423]]}},{"type":"Feature","properties":{"boundary_type":"transform","feature_type":"gpml:Transform","polarity":null,"overriding_plate_id":null,"subducting_plate_id":null,"plate_ids":[645,673],"name":"Sunda Transform near Sulawesi"},"geometry":{"type":"LineString","coordinates":[[123.879,2.423],[123.788,2.716],[123.698,3.009],[123.476,3.421],[123.253,3.832],[123.03,4.243],[122.807,4.654],[122.584,5.065],[122.361,5.476],[122.137,5.887],[121.913,6.297],[121.688,6.708]]}},{"type":"Feature","properties":{"boundary_type":"transform","feature_type":"gpml:Transform","polarity":null,"overriding_plate_id":null,"subducting_plate_id":null,"plate_ids":[665,801],"name":"PSCS transform"},"geometry":{"type":"LineString","coordinates":[[133.881,-2.369],[133.735,-1.904],[133.589,-1.439],[133.444,-0.974],[133.298,-0.509],[133.153,-0.044],[133.007,0.421],[132.862,0.886],[132.716,1.351],[132.57,1.816]]}},{"type":"Feature","properties":{"boundary_type":"transform","feature_type":"gpml:Transform","polarity":null,"overriding_plate_id":null,"subducting_plate_id":null,"plate_ids":[645,801],"name":"PSCS transform"},"geometry":{"type":"LineString","coordinates":[[132.57,1.816],[132.439,2.234],[132.309,2.651],[132.178,3.069],[132.046,3.487],[131.915,3.904]]}},{"type":"Feature","properties":{"boundary_type":"transform","feature_type":"gpml:Transform","polarity":null,"overriding_plate_id":null,"subducting_plate_id":null,"plate_ids":[608,645],"name":"PSCS transform"},"geometry":{"type":"LineString","coordinates":[[131.915,3.904],[131.769,4.369],[131.623,4.833],[131.476,5.297],[131.33,5.762],[131.183,6.226],[131.035,6.69],[130.888,7.154],[130.74,7.618],[130.606,8.075],[130.472,8.531],[130.338,8.987],[130.203,9.442],[130.068,9.898],[129.932,10.354],[129.796,10.81],[129.66,11.266],[129.523,11.721],[129.386,12.177],[129.248,12.632]]}},{"type":"Feature","properties":{"boundary_type":"transform","feature_type":"gpml:Transform","polarity":null,"overriding_plate_id":null,"subducting_plate_id":null,"plate_ids":[608,613],"name":"PSCS transform"},"geometry":{"type":"LineString","coordinates":[[129.248,12.632],[129.124,13.044],[128.999,13.455],[128.873,13.866],[128.62,14.295],[128.366,14.724],[128.111,15.153],[127.855,15.582],[127.597,16.01],[127.339,16.438],[127.08,16.866],[126.819,17.293],[126.557,17.72],[126.294,18.147],[126.042,18.54],[125.789,18.933],[125.535,19.326],[125.28,19.718],[125.023,20.109],[124.765,20.501],[124.506,20.892],[124.245,21.282],[123.983,21.673],[123.766,22.079],[123.547,22.485],[123.328,22.891],[123.107,23.296],[122.884,23.701],[122.66,24.106],[122.435,24.51],[122.208,24.914]]}},{"type":"Feature","properties":{"boundary_type":"transform","feature_type":"gpml:Transform","polarity":null,"overriding_plate_id":null,"subducting_plate_id":null,"plate_ids":[609,613],"name":"PSCS transform"},"geometry":{"type":"LineString","coordinates":[[122.208,24.914],[122.199,24.931],[122.018,25.375],[121.836,25.819],[121.653,26.262],[121.468,26.705],[121.282,27.148]]}},{"type":"Feature","properties":{"boundary_type":"transform","feature_type":"gpml:Transform","polarity":null,"overriding_plate_id":null,"subducting_plate_id":null,"plate_ids":[301,609],"name":"PSCS transform"},"geometry":{"type":"LineString","coordinates":[[121.282,27.148],[121.129,27.509],[120.976,27.869],[120.821,28.229],[120.665,28.589]]}},{"type":"Feature","properties":{"boundary_type":"subduction","feature_type":"gpml:SubductionZone","polarity":"Left","overriding_plate_id":101,"subducting_plate_id":902,"plate_ids":[101,902],"name":""},"geometry":{"type":"LineString","coordinates":[[-86.556,17.24],[-86.347,16.886],[-86.14,16.531],[-85.933,16.177],[-85.727,15.822],[-85.501,15.461],[-85.275,15.1]]}},{"type":"Feature","properties":{"boundary_type":"subduction","feature_type":"gpml:SubductionZone","polarity":"Left","overriding_plate_id":2035,"subducting_plate_id":902,"plate_ids":[902,2035],"name":""},"geometry":{"type":"LineString","coordinates":[[-85.275,15.1],[-85.035,14.714],[-84.796,14.327],[-84.557,13.941],[-84.32,13.554],[-84.083,13.166],[-83.846,12.779],[-83.605,12.433],[-83.365,12.086],[-83.125,11.74],[-82.886,11.393],[-82.647,11.046],[-82.409,10.699],[-82.263,10.258],[-82.117,9.817],[-81.971,9.375],[-81.826,8.934],[-81.627,8.527],[-81.428,8.119],[-81.23,7.712],[-81.032,7.304],[-80.834,6.896]]}},{"type":"Feature","properties":{"boundary_type":"subduction","feature_type":"gpml:SubductionZone","polarity":"Left","overriding_plate_id":224,"subducting_plate_id":902,"plate_ids":[224,902],"name":""},"geometry":{"type":"LineString","coordinates":[[-80.834,6.896],[-80.778,6.78],[-80.546,6.367],[-80.315,5.953],[-80.084,5.539],[-79.853,5.125],[-79.622,4.711],[-79.392,4.297]]}},{"type":"Feature","properties":{"boundary_type":"subduction","feature_type":"gpml:SubductionZone","polarity":"Left","overriding_plate_id":224,"subducting_plate_id":902,"plate_ids":[224,902],"name":""},"geometry":{"type":"LineString","coordinates":[[-79.392,4.297],[-79.022,4.018],[-78.62,3.758],[-78.219,3.497],[-77.818,3.237],[-77.417,2.976],[-77.017,2.715],[-76.616,2.454],[-76.205,2.281],[-75.793,2.107],[-75.381,1.934],[-74.97,1.76],[-74.559,1.586],[-74.147,1.412],[-73.736,1.238],[-73.28,1.158],[-72.825,1.078]]}},{"type":"Feature","properties":{"boundary_type":"subduction","feature_type":"gpml:SubductionZone","polarity":"Left","overriding_plate_id":224,"subducting_plate_id":902,"plate_ids":[224,902],"name":""},"geometry":{"type":"LineString","coordinates":[[-72.825,1.078],[-72.565,0.785],[-72.304,0.493],[-72.044,0.2],[-71.882,-0.136],[-71.721,-0.472],[-71.559,-0.809],[-71.454,-1.224],[-71.35,-1.639],[-71.245,-2.055],[-71.008,-2.424],[-70.771,-2.794],[-70.533,-3.163],[-70.296,-3.532],[-70.058,-3.902],[-69.82,-4.271],[-69.55,-4.5]]}},{"type":"Feature","properties":{"boundary_type":"subduction","feature_type":"gpml:SubductionZone","polarity":"Right","overriding_plate_id":224,"subducting_plate_id":101,"plate_ids":[101,224],"name":""},"geometry":{"type":"LineString","coordinates":[[-53.244,14.142],[-52.928,13.787],[-52.613,13.432],[-52.299,13.076],[-52.196,12.796]]}},{"type":"Feature","properties":{"boundary_type":"subduction","feature_type":"gpml:SubductionZone","polarity":"Right","overriding_plate_id":224,"subducting_plate_id":201,"plate_ids":[201,224],"name":""},"geometry":{"type":"LineString","coordinates":[[-52.196,12.796],[-52.05,12.4],[-51.904,12.004],[-51.759,11.607],[-51.614,11.21],[-51.407,10.888],[-51.2,10.565],[-50.994,10.242],[-50.936,9.773],[-50.877,9.305],[-50.818,8.836],[-50.76,8.368],[-50.88,7.913],[-50.999,7.458],[-51.118,7.002],[-51.237,6.547],[-51.398,6.102],[-51.559,5.657],[-51.72,5.212],[-51.88,4.767]]}},{"type":"Feature","properties":{"boundary_type":"transform","feature_type":"gpml:Transform","polarity":null,"overriding_plate_id":null,"subducting_plate_id":null,"plate_ids":[101,2035],"name":"FZ NORTH 1"},"geometry":{"type":"LineString","coordinates":[[-85.275,15.1],[-84.787,15.06],[-84.298,15.018],[-83.81,14.976],[-83.322,14.932],[-82.834,14.888],[-82.346,14.842],[-81.859,14.796],[-81.371,14.748],[-80.884,14.7],[-80.398,14.65],[-79.99,14.636],[-79.582,14.622],[-79.175,14.607],[-78.767,14.591],[-78.356,14.644],[-77.946,14.696],[-77.535,14.748],[-77.123,14.799],[-76.645,14.903],[-76.166,15.006],[-75.687,15.108],[-75.208,15.209],[-74.757,15.263],[-74.305,15.315],[-73.853,15.367],[-73.402,15.418],[-72.941,15.405],[-72.481,15.391],[-72.02,15.376]]}},{"type":"Feature","properties":{"boundary_type":"transform","feature_type":"gpml:Transform","polarity":null,"overriding_plate_id":null,"subducting_plate_id":null,"plate_ids":[224,2035],"name":"FZ NORTH 1"},"geometry":{"type":"LineString","coordinates":[[-72.02,15.376],[-71.728,15.366],[-71.436,15.355],[-71.048,15.313],[-70.66,15.269],[-70.272,15.225],[-69.885,15.181]]}},{"type":"Feature","properties":{"boundary_type":"transform","feature_type":"gpml:Transform","polarity":null,"overriding_plate_id":null,"subducting_plate_id":null,"plate_ids":[201,224],"name":"TBD"},"geometry":{"type":"LineString","coordinates":[[-62.871,6.579],[-62.418,6.486],[-61.964,6.392],[-61.511,6.298],[-61.058,6.203],[-60.606,6.108],[-60.153,6.013],[-59.7,5.917],[-59.248,5.821],[-58.796,5.725],[-58.344,5.628],[-57.892,5.531],[-57.429,5.474],[-56.966,5.417],[-56.503,5.359],[-56.041,5.302],[-55.578,5.243],[-55.115,5.185],[-54.653,5.126],[-54.19,5.067],[-53.728,5.008],[-53.266,4.948],[-52.804,4.888],[-52.342,4.827],[-51.88,4.767]]}},{"type":"Feature","properties":{"boundary_type":"transform","feature_type":"gpml:Transform","polarity":null,"overriding_plate_id":null,"subducting_plate_id":null,"plate_ids":[224,2035],"name":"TBD"},"geometry":{"type":"LineString","coordinates":[[-80.834,6.896],[-80.392,7.049],[-79.949,7.201],[-79.507,7.353],[-79.064,7.504],[-78.621,7.655],[-78.236,7.976],[-77.851,8.298],[-77.465,8.618],[-77.079,8.939],[-76.692,9.259],[-76.304,9.578],[-75.915,9.898],[-75.603,10.286],[-75.291,10.675],[-74.978,11.063],[-74.663,11.451],[-74.348,11.838],[-74.032,12.225],[-73.556,12.356],[-73.079,12.486],[-72.602,12.615],[-72.125,12.743],[-71.646,12.87],[-71.31,13.24],[-70.972,13.609],[-70.634,13.978],[-70.294,14.347],[-69.954,14.715],[-69.885,15.181]]}},{"type":"Feature","properties":{"boundary_type":"transform","feature_type":"gpml:Transform","polarity":null,"overriding_plate_id":null,"subducting_plate_id":null,"plate_ids":[101],"name":"FZ NORTH 2"},"geometry":{"type":"LineString","coordinates":[[-72.047,16.301],[-71.914,16.289]]}},{"type":"Feature","properties":{"boundary_type":"transform","feature_type":"gpml:Transform","polarity":null,"overriding_plate_id":null,"subducting_plate_id":null,"plate_ids":[101,224],"name":"FZ NORTH 2"},"geometry":{"type":"LineString","coordinates":[[-71.914,16.289],[-71.599,16.282],[-71.114,16.269],[-70.629,16.256],[-70.144,16.242],[-69.659,16.226],[-69.174,16.21],[-68.734,16.191],[-68.295,16.172],[-67.856,16.151],[-67.417,16.13],[-66.978,16.108],[-66.539,16.085],[-66.087,16.058],[-65.634,16.03],[-65.181,16.001],[-64.729,15.971],[-64.277,15.94],[-63.825,15.909],[-63.344,15.849],[-62.864,15.789],[-62.385,15.728],[-61.905,15.665],[-61.426,15.602],[-60.947,15.537],[-60.469,15.471],[-60.011,15.406],[-59.553,15.34],[-59.095,15.273],[-58.638,15.205],[-58.181,15.137],[-57.724,15.067],[-57.221,14.967],[-56.719,14.866],[-56.217,14.763],[-55.715,14.66],[-55.214,14.556],[-54.713,14.45],[-54.223,14.348],[-53.733,14.246],[-53.244,14.142]]}},{"type":"Feature","properties":{"boundary_type":"ridge","feature_type":"gpml:MidOceanRidge","polarity":null,"overriding_plate_id":null,"subducting_plate_id":null,"plate_ids":[224],"name":"MOR NAM-Caribbean from iso on CAR at 42Ma"},"geometry":{"type":"LineString","coordinates":[[-72.02,15.376],[-72.036,15.648],[-72.051,15.919],[-72.047,16.301]]}},{"type":"Feature","properties":{"boundary_type":"ridge","feature_type":"gpml:MidOceanRidge","polarity":null,"overriding_plate_id":null,"subducting_plate_id":null,"plate_ids":[901,902],"name":"Marie Byrd Land-Farallon MOR NW15"},"geometry":{"type":"LineString","coordinates":[[-103.98,-48.016],[-103.531,-48.199],[-103.078,-48.38]]}},{"type":"Feature","properties":{"boundary_type":"ridge","feature_type":"gpml:MidOceanRidge","polarity":null,"overriding_plate_id":null,"subducting_plate_id":null,"plate_ids":[804,902],"name":"Marie Byrd Land-Farallon MOR NW15"},"geometry":{"type":"LineString","coordinates":[[-103.078,-48.38],[-102.513,-48.602],[-101.943,-48.821],[-101.369,-49.037],[-100.789,-49.25],[-100.192,-49.452],[-99.59,-49.652],[-98.983,-49.849],[-99.421,-50.221],[-99.866,-50.591],[-99.273,-50.901],[-98.672,-51.208],[-98.062,-51.512],[-97.445,-51.813],[-96.819,-52.111],[-96.185,-52.405],[-95.542,-52.695],[-95.126,-52.976],[-94.703,-53.255],[-94.276,-53.533],[-93.842,-53.809],[-94.194,-54.074],[-94.55,-54.337],[-94.03,-54.616],[-93.504,-54.893],[-93.928,-55.219],[-93.479,-55.483],[-93.024,-55.745],[-92.564,-56.005],[-92.883,-56.363],[-93.209,-56.721],[-92.573,-57.003],[-91.927,-57.281],[-91.271,-57.555],[-90.606,-57.827],[-89.93,-58.094],[-89.244,-58.359],[-88.548,-58.619],[-87.842,-58.876],[-87.112,-59.11],[-86.36,-59.412],[-85.595,-59.709],[-85.463,-59.744]]}},{"type":"Feature","properties":{"boundary_type":"ridge","feature_type":"gpml:MidOceanRidge","polarity":null,"overriding_plate_id":null,"subducting_plate_id":null,"plate_ids":[804,904],"name":"Marie Byrd Land-Farallon MOR NW15"},"geometry":{"type":"LineString","coordinates":[[-85.463,-59.744],[-84.608,-59.971],[-83.742,-60.191]]}},{"type":"Feature","properties":{"boundary_type":"ridge","feature_type":"gpml:MidOceanRidge","polarity":null,"overriding_plate_id":null,"subducting_plate_id":null,"plate_ids":[804,904],"name":"Marie Byrd Land-Aluk MOR NW15"},"geometry":{"type":"LineString","coordinates":[[-83.742,-60.191],[-84.213,-60.413],[-84.779,-60.686],[-85.354,-60.956],[-85.94,-61.223],[-85.326,-61.553],[-84.698,-61.88],[-85.394,-62.171],[-86.103,-62.458],[-86.825,-62.742],[-87.562,-63.022],[-88.312,-63.298],[-89.077,-63.569],[-89.894,-63.87],[-90.728,-64.166],[-91.579,-64.457],[-92.449,-64.743],[-93.338,-65.024],[-92.703,-65.351],[-92.053,-65.676],[-91.386,-65.997],[-90.702,-66.316],[-91.677,-66.612],[-92.675,-66.902],[-93.697,-67.185],[-94.742,-67.462],[-95.812,-67.732],[-96.907,-67.994],[-98.026,-68.25],[-99.171,-68.497],[-100.34,-68.737],[-101.534,-68.968],[-102.753,-69.191],[-102.9,-69.222]]}},{"type":"Feature","properties":{"boundary_type":"ridge","feature_type":"gpml:MidOceanRidge","polarity":null,"overriding_plate_id":null,"subducting_plate_id":null,"plate_ids":[804,904],"name":"Marie Byrd Land-Aluk MOR NW15"},"geometry":{"type":"LineString","coordinates":[[-102.9,-69.222],[-102.348,-69.582]]}},{"type":"Feature","properties":{"boundary_type":"ridge","feature_type":"gpml:MidOceanRidge","polarity":null,"overriding_plate_id":null,"subducting_plate_id":null,"plate_ids":[802,804],"name":"Marie Byrd Land-Aluk MOR NW15"},"geometry":{"type":"LineString","coordinates":[[-102.348,-69.582],[-101.7,-69.987],[-101.027,-70.39]]}},{"type":"Feature","properties":{"boundary_type":"ridge","feature_type":"gpml:MidOceanRidge","polarity":null,"overriding_plate_id":null,"subducting_plate_id":null,"plate_ids":[901,903],"name":"MOR Kula-Vancouver"},"geometry":{"type":"LineString","coordinates":[[-114.878,54.872],[-114.289,55.212],[-113.688,55.549],[-113.078,55.883],[-112.457,56.214],[-111.825,56.542],[-111.156,56.241],[-110.498,55.936],[-109.85,55.628],[-109.355,55.992],[-108.851,56.355],[-108.338,56.716],[-107.814,57.074]]}},{"type":"Feature","properties":{"boundary_type":"ridge","feature_type":"gpml:MidOceanRidge","polarity":null,"overriding_plate_id":null,"subducting_plate_id":null,"plate_ids":[804,901],"name":"Marie Byrd Land-Pacific MOR NW15"},"geometry":{"type":"LineString","coordinates":[[-103.078,-48.38],[-103.465,-48.773],[-103.858,-49.165],[-104.153,-49.525],[-104.451,-49.884],[-104.755,-50.243],[-105.063,-50.601],[-105.375,-50.958],[-105.878,-50.762],[-106.377,-50.565],[-106.504,-50.697],[-106.91,-50.552],[-107.313,-50.406],[-107.681,-50.795],[-108.054,-51.182],[-108.434,-51.569],[-108.82,-51.954],[-109.213,-52.338],[-109.613,-52.721],[-110.02,-53.102],[-110.435,-53.482],[-109.817,-53.749],[-109.191,-54.013],[-109.586,-54.389],[-109.988,-54.763],[-110.398,-55.136],[-110.815,-55.508],[-111.521,-55.212],[-112.217,-54.912],[-112.658,-55.278],[-113.108,-55.641],[-113.567,-56.003],[-114.034,-56.364],[-114.509,-56.722],[-114.994,-57.079],[-115.689,-56.823],[-116.374,-56.563],[-117.05,-56.299],[-117.716,-56.032],[-118.373,-55.761],[-119.021,-55.486],[-119.66,-55.209],[-120.143,-55.5],[-120.633,-55.79],[-121.13,-56.078],[-121.81,-55.82],[-122.481,-55.558],[-123.143,-55.293],[-123.797,-55.024],[-124.441,-54.751],[-125.077,-54.476],[-125.704,-54.196],[-126.323,-53.914],[-126.933,-53.629],[-127.498,-53.97],[-128.072,-54.309],[-128.656,-54.645],[-129.249,-54.979],[-129.853,-55.309],[-130.466,-55.636],[-131.09,-55.961],[-131.724,-56.282],[-132.369,-56.599],[-133.024,-56.914],[-133.731,-56.627],[-134.427,-56.336],[-135.112,-56.041],[-135.787,-55.743],[-136.452,-55.44],[-137.106,-55.135],[-137.696,-55.505],[-138.297,-55.872],[-138.909,-56.236],[-139.533,-56.597],[-140.169,-56.955],[-140.817,-57.309],[-141.478,-57.661],[-142.152,-58.008],[-142.838,-58.352],[-143.539,-58.693],[-143.901,-58.485],[-144.26,-58.276],[-144.731,-58.538],[-145.208,-58.798],[-145.693,-59.056],[-145.318,-59.275],[-144.938,-59.493],[-145.71,-59.79],[-146.495,-60.083],[-147.295,-60.371],[-148.108,-60.654],[-148.936,-60.931],[-149.778,-61.204],[-150.635,-61.471],[-151.172,-61.202],[-151.699,-60.931],[-152.218,-60.657],[-152.859,-60.902],[-153.51,-61.144],[-154.172,-61.383],[-154.665,-61.11],[-155.151,-60.835],[-155.887,-61.108],[-156.636,-61.376],[-157.398,-61.641],[-158.021,-61.302],[-158.631,-60.96],[-159.373,-61.234],[-160.128,-61.505],[-160.896,-61.771],[-161.678,-62.032],[-162.473,-62.289],[-163.281,-62.542],[-163.92,-62.211],[-164.545,-61.877],[-165.35,-62.107],[-166.166,-62.334],[-166.995,-62.555],[-166.699,-62.801],[-167.353,-63.041],[-168.017,-63.278],[-168.693,-63.512],[-168.972,-63.364],[-169.977,-63.576],[-170.997,-63.781],[-171.774,-63.921],[-172.56,-64.057],[-173.352,-64.188],[-174.29,-63.995],[-175.215,-63.796],[-176.126,-63.591],[-177.024,-63.38],[-177.909,-63.164],[-178.781,-62.942],[-179.639,-62.715],[179.515,-62.483],[178.683,-62.246],[177.864,-62.003]]}},{"type":"Feature","properties":{"boundary_type":"ridge","feature_type":"gpml:MidOceanRidge","polarity":null,"overriding_plate_id":null,"subducting_plate_id":null,"plate_ids":[901,902],"name":"Pacific-Farallon MOR NW15"},"geometry":{"type":"LineString","coordinates":[[-102.02,-5.466],[-101.974,-5.874],[-101.928,-6.282],[-101.882,-6.762],[-101.836,-7.242],[-101.79,-7.722],[-101.743,-8.202],[-101.697,-8.682],[-101.65,-9.161],[-101.604,-9.641],[-101.557,-10.121],[-101.51,-10.601],[-101.463,-11.081],[-101.416,-11.561],[-101.368,-12.041],[-101.321,-12.521],[-101.273,-13.0],[-101.225,-13.48],[-101.177,-13.96],[-101.665,-14.037],[-102.153,-14.112],[-102.641,-14.187],[-103.13,-14.26],[-103.619,-14.333],[-104.108,-14.404],[-104.598,-14.475],[-105.088,-14.544],[-105.578,-14.613],[-106.068,-14.68],[-106.559,-14.746],[-107.051,-14.812],[-107.542,-14.876],[-108.034,-14.939],[-108.526,-15.002],[-109.018,-15.063],[-109.511,-15.123],[-109.538,-15.586],[-109.566,-16.05],[-109.594,-16.514],[-109.622,-16.977],[-109.65,-17.441],[-109.678,-17.904],[-109.707,-18.368],[-109.735,-18.831],[-109.764,-19.295],[-109.793,-19.758],[-109.822,-20.222],[-109.852,-20.685],[-109.881,-21.148],[-110.352,-21.211],[-110.824,-21.273],[-111.296,-21.333],[-111.768,-21.392],[-112.241,-21.449],[-112.125,-21.908],[-112.009,-22.366],[-111.892,-22.824],[-111.774,-23.282],[-111.655,-23.741],[-111.535,-24.199],[-111.415,-24.656],[-111.938,-24.741],[-112.462,-24.823],[-112.987,-24.904],[-113.512,-24.983],[-114.038,-25.06],[-113.994,-25.544],[-113.95,-26.029],[-113.905,-26.513],[-113.86,-26.997],[-113.815,-27.481],[-113.769,-27.965],[-113.723,-28.449],[-113.676,-28.933],[-113.629,-29.417],[-113.582,-29.901],[-113.534,-30.385],[-113.485,-30.869],[-113.437,-31.353],[-113.387,-31.837],[-113.337,-32.32],[-113.287,-32.804],[-113.236,-33.288],[-113.184,-33.772],[-113.132,-34.256],[-113.079,-34.74],[-113.026,-35.223],[-112.971,-35.707],[-112.917,-36.191],[-112.861,-36.674],[-112.805,-37.158],[-112.29,-37.085],[-111.777,-37.01],[-111.264,-36.933],[-110.752,-36.853],[-110.242,-36.771],[-109.766,-36.721],[-109.291,-36.67],[-108.816,-36.616],[-108.756,-37.083],[-108.695,-37.551],[-108.633,-38.018],[-108.57,-38.485],[-108.507,-38.953],[-108.442,-39.42],[-108.377,-39.887],[-108.311,-40.354],[-108.244,-40.821],[-108.176,-41.289],[-108.107,-41.756],[-108.037,-42.223],[-107.966,-42.69],[-107.893,-43.157],[-107.341,-43.103],[-106.789,-43.046],[-106.238,-42.987],[-105.688,-42.925],[-105.55,-43.37],[-105.409,-43.815],[-105.266,-44.259],[-105.121,-44.703],[-104.973,-45.147],[-104.823,-45.591],[-104.671,-46.035],[-104.517,-46.478],[-104.36,-46.921],[-104.2,-47.364],[-104.037,-47.807],[-103.98,-48.016]]}},{"type":"Feature","properties":{"boundary_type":"ridge","feature_type":"gpml:MidOceanRidge","polarity":null,"overriding_plate_id":null,"subducting_plate_id":null,"plate_ids":[901,902],"name":"Pacific-Farallon MOR NW15"},"geometry":{"type":"LineString","coordinates":[[-104.373,13.04],[-104.354,12.828],[-104.309,12.343],[-104.265,11.858],[-104.22,11.373],[-104.176,10.888],[-104.131,10.403],[-104.087,9.919],[-104.043,9.434],[-103.999,8.949],[-103.955,8.464],[-103.912,7.979],[-103.868,7.494],[-103.825,7.009],[-103.781,6.524],[-103.738,6.039],[-103.695,5.555],[-103.652,5.07],[-103.608,4.585],[-103.565,4.1],[-103.522,3.615],[-103.48,3.13],[-103.437,2.645],[-103.889,2.602],[-104.341,2.558],[-104.793,2.515],[-105.246,2.471],[-105.698,2.427],[-106.15,2.383],[-106.602,2.339],[-107.054,2.294],[-107.506,2.25],[-107.958,2.205],[-107.88,1.716],[-107.803,1.227],[-107.725,0.739],[-107.647,0.25],[-107.569,-0.239],[-107.492,-0.728],[-107.414,-1.217],[-107.336,-1.706],[-107.258,-2.195],[-107.18,-2.683],[-107.102,-3.172],[-107.024,-3.661],[-106.946,-4.15],[-106.868,-4.639],[-106.79,-5.127],[-106.711,-5.616],[-106.633,-6.105],[-106.176,-6.043],[-105.719,-5.981],[-105.262,-5.918],[-104.806,-5.856],[-104.349,-5.792],[-103.893,-5.729],[-103.437,-5.665],[-102.981,-5.6],[-102.525,-5.535],[-102.069,-5.47],[-102.02,-5.466]]}},{"type":"Feature","properties":{"boundary_type":"ridge","feature_type":"gpml:MidOceanRidge","polarity":null,"overriding_plate_id":null,"subducting_plate_id":null,"plate_ids":[901,903],"name":"Pacific-Farallon MOR NW15"},"geometry":{"type":"LineString","coordinates":[[-103.868,35.526],[-103.888,35.077],[-103.909,34.628],[-103.36,34.608],[-102.811,34.585],[-102.262,34.561],[-101.714,34.533],[-101.166,34.504],[-101.146,34.163]]}},{"type":"Feature","properties":{"boundary_type":"ridge","feature_type":"gpml:MidOceanRidge","polarity":null,"overriding_plate_id":null,"subducting_plate_id":null,"plate_ids":[901,902],"name":"Pacific-Farallon MOR NW15"},"geometry":{"type":"LineString","coordinates":[[-101.146,34.163],[-101.142,34.101],[-101.15,33.732],[-101.106,33.436],[-101.061,33.293],[-101.003,33.106],[-100.781,32.934],[-100.596,32.793],[-100.542,32.616],[-100.497,32.463],[-100.48,32.342],[-100.471,32.176],[-100.482,32.037],[-100.494,31.843],[-100.495,31.552],[-100.554,31.409],[-100.694,31.298],[-100.826,30.833],[-100.849,30.481],[-100.887,30.158],[-100.905,29.832],[-100.915,29.523],[-100.925,29.214],[-101.431,29.186],[-101.936,29.156],[-102.441,29.124],[-102.945,29.091],[-103.45,29.055],[-103.953,29.018],[-103.908,28.521],[-103.863,28.025],[-103.819,27.529],[-103.775,27.032],[-104.316,26.994],[-104.857,26.954],[-105.398,26.912],[-105.938,26.867],[-106.478,26.821],[-107.017,26.772],[-106.947,26.312],[-106.877,25.852],[-106.807,25.391],[-106.738,24.931],[-106.67,24.47],[-106.602,24.01],[-106.535,23.549],[-106.468,23.089],[-106.402,22.628],[-106.336,22.168],[-106.27,21.707],[-106.205,21.247],[-105.689,21.273],[-105.172,21.297],[-104.655,21.32],[-104.138,21.342],[-103.621,21.362],[-103.104,21.38],[-102.587,21.396],[-102.069,21.412],[-101.552,21.425],[-101.034,21.437],[-100.516,21.447],[-100.46,21.07],[-100.405,20.693],[-100.349,20.316],[-100.251,20.032],[-100.153,19.749],[-100.011,19.296],[-99.853,18.976],[-99.69,18.6],[-99.56,18.299],[-99.429,18.012],[-99.305,17.768],[-99.204,17.569],[-98.987,17.184],[-98.733,16.852],[-98.567,16.633],[-98.43,16.428],[-98.282,16.17],[-98.118,15.879],[-97.978,15.571],[-97.921,15.245],[-97.861,14.923],[-97.832,14.533],[-97.815,14.181],[-97.777,13.844],[-98.285,13.789],[-98.793,13.732],[-99.301,13.674],[-99.808,13.615],[-100.316,13.556],[-100.823,13.495],[-101.329,13.433],[-101.836,13.37],[-102.342,13.306],[-102.848,13.241],[-103.353,13.176],[-103.859,13.109],[-104.364,13.041],[-104.373,13.04]]}},{"type":"Feature","properties":{"boundary_type":"ridge","feature_type":"gpml:MidOceanRidge","polarity":null,"overriding_plate_id":null,"subducting_plate_id":null,"plate_ids":[901,903],"name":"Pacific-Vancouver MOR NW15"},"geometry":{"type":"LineString","coordinates":[[-114.878,54.872],[-114.926,54.517],[-114.974,54.163],[-115.02,53.808],[-115.783,53.788],[-115.821,53.447],[-115.859,53.106],[-115.896,52.765],[-116.416,52.692],[-116.493,52.283],[-116.569,51.873],[-116.644,51.464],[-117.384,51.532],[-118.126,51.596],[-118.871,51.655],[-119.008,51.204],[-119.143,50.752],[-119.276,50.3],[-119.405,49.849],[-119.533,49.396],[-119.658,48.944],[-119.781,48.492],[-119.901,48.039],[-119.188,47.942],[-118.477,47.84],[-117.768,47.733],[-117.847,47.237],[-117.924,46.742],[-118.0,46.246],[-118.074,45.75],[-118.147,45.255],[-118.219,44.759],[-118.289,44.263],[-117.804,44.224],[-117.32,44.183],[-117.373,43.69],[-116.8,43.64],[-116.228,43.588],[-115.657,43.532],[-115.706,43.089],[-115.755,42.645],[-115.802,42.202],[-115.85,41.759],[-115.896,41.315],[-115.942,40.872],[-115.988,40.428],[-116.032,39.985],[-116.077,39.541],[-116.687,39.555],[-117.297,39.565],[-117.908,39.573],[-117.918,39.106],[-117.929,38.639],[-117.94,38.172],[-117.95,37.705],[-117.96,37.238],[-117.971,36.771],[-117.981,36.304],[-117.991,35.838],[-117.429,35.857],[-116.868,35.875],[-116.306,35.889],[-115.744,35.901],[-115.181,35.91],[-114.619,35.917],[-114.057,35.921],[-113.455,35.922],[-112.854,35.919],[-112.253,35.914],[-111.652,35.906],[-111.051,35.894],[-110.45,35.88],[-109.85,35.863],[-109.25,35.842],[-108.65,35.819],[-108.05,35.793],[-107.451,35.764],[-106.852,35.731],[-106.254,35.696],[-105.657,35.658],[-105.06,35.617],[-104.463,35.573],[-103.868,35.526]]}},{"type":"Feature","properties":{"boundary_type":"ridge","feature_type":"gpml:MidOceanRidge","polarity":null,"overriding_plate_id":null,"subducting_plate_id":null,"plate_ids":[902,904],"name":"Aluk-Farallon MOR NW15"},"geometry":{"type":"LineString","coordinates":[[-85.463,-59.744],[-84.532,-59.666],[-83.607,-59.581],[-82.686,-59.49],[-81.77,-59.392],[-80.86,-59.287],[-79.956,-59.177],[-79.057,-59.06],[-78.165,-58.937],[-77.279,-58.808],[-76.4,-58.673],[-75.528,-58.531],[-74.663,-58.384],[-73.806,-58.232],[-72.956,-58.073]]}},{"type":"Feature","properties":{"boundary_type":"transform","feature_type":"gpml:Transform","polarity":null,"overriding_plate_id":null,"subducting_plate_id":null,"plate_ids":[902,903],"name":"Vancouver transform NW15"},"geometry":{"type":"LineString","coordinates":[[-101.146,34.163],[-100.613,34.146],[-100.08,34.126],[-99.548,34.103],[-98.962,34.133],[-98.376,34.16]]}},{"type":"Feature","properties":{"boundary_type":"ridge","feature_type":"gpml:MidOceanRidge","polarity":null,"overriding_plate_id":null,"subducting_plate_id":null,"plate_ids":[304,317],"name":"MOR-IB-EUR"},"geometry":{"type":"LineString","coordinates":[[-7.044,36.508],[-7.388,36.493],[-7.733,36.477],[-8.153,36.461],[-8.573,36.444],[-8.98,36.513],[-9.387,36.579],[-9.77,36.565],[-10.152,36.549],[-10.487,36.561],[-10.822,36.573],[-11.298,36.522],[-11.773,36.469],[-12.248,36.415],[-12.723,36.358],[-13.18,36.359],[-13.637,36.357],[-14.094,36.354]]}},{"type":"Feature","properties":{"boundary_type":"ridge","feature_type":"gpml:MidOceanRidge","polarity":null,"overriding_plate_id":null,"subducting_plate_id":null,"plate_ids":[304,701],"name":"SouthernIberia"},"geometry":{"type":"LineString","coordinates":[[-6.845,26.781],[-6.945,26.748],[-7.472,26.849],[-8.001,26.948],[-8.531,27.045],[-9.061,27.141],[-9.593,27.234],[-10.125,27.325],[-10.658,27.415],[-11.192,27.502],[-11.727,27.587],[-12.263,27.67],[-12.799,27.751],[-13.336,27.83],[-13.875,27.907],[-14.413,27.982],[-14.953,28.055],[-15.493,28.125],[-16.034,28.194],[-16.571,28.314],[-17.108,28.432],[-17.647,28.547],[-18.187,28.661],[-18.729,28.773],[-19.271,28.882],[-19.815,28.989],[-20.359,29.094],[-20.905,29.197],[-21.452,29.297],[-22.0,29.395]]}},{"type":"Feature","properties":{"boundary_type":"other","feature_type":"gpml:UnclassifiedFeature","polarity":null,"overriding_plate_id":null,"subducting_plate_id":null,"plate_ids":[304,317],"name":"Late_Iberia-Por_Bound"},"geometry":{"type":"LineString","coordinates":[[-14.094,36.354],[-14.357,35.988],[-14.617,35.621],[-14.849,35.216],[-15.08,34.811],[-15.349,34.571],[-15.616,34.33],[-15.74,34.048],[-15.864,33.766]]}},{"type":"Feature","properties":{"boundary_type":"subduction","feature_type":"gpml:SubductionZone","polarity":"Left","overriding_plate_id":861,"subducting_plate_id":861,"plate_ids":[861,861],"name":"SE/NE dipping subduction along d'Entrecasteaux"},"geometry":{"type":"LineString","coordinates":[[176.705,-20.439],[176.404,-20.542],[176.102,-20.646],[175.713,-20.761],[175.324,-20.875],[174.934,-20.988],[174.544,-21.101],[174.049,-21.279],[173.678,-21.414],[173.307,-21.549],[173.006,-21.741],[172.704,-21.933],[172.407,-22.074],[172.109,-22.214],[171.833,-22.409],[171.557,-22.603],[171.116,-22.79],[170.673,-22.976],[170.291,-23.136],[169.909,-23.296],[169.526,-23.454],[169.08,-23.72],[168.632,-23.985],[168.236,-24.158],[167.838,-24.331],[167.574,-24.463],[167.309,-24.595],[167.045,-24.727],[166.78,-24.859],[166.513,-25.088],[166.245,-25.315],[166.031,-25.657],[165.817,-25.998],[165.601,-26.339],[165.563,-26.606],[165.524,-26.872]]}},{"type":"Feature","properties":{"boundary_type":"ridge","feature_type":"gpml:MidOceanRidge","polarity":null,"overriding_plate_id":null,"subducting_plate_id":null,"plate_ids":[853,922],"name":"MOR Late K South Loyalty Basin"},"geometry":{"type":"LineString","coordinates":[[148.596,-8.284],[148.948,-8.621],[149.301,-8.957],[149.655,-9.293],[150.009,-9.628],[150.364,-9.963],[150.72,-10.298],[151.077,-10.632],[151.434,-10.966],[151.792,-11.3],[152.151,-11.633],[152.511,-11.965],[152.872,-12.298],[153.233,-12.629],[153.498,-12.305],[153.761,-11.981],[154.024,-11.656],[154.286,-11.331],[154.68,-11.636],[155.075,-11.941],[155.47,-12.245],[155.866,-12.548],[156.264,-12.851],[156.662,-13.153],[157.061,-13.455],[157.461,-13.756],[157.863,-14.056],[158.265,-14.355],[158.668,-14.654],[159.073,-14.953],[159.479,-15.25],[159.885,-15.547],[160.293,-15.843],[160.576,-15.536],[160.859,-15.229],[161.14,-14.921],[161.421,-14.613],[161.701,-14.305],[162.112,-14.598],[162.524,-14.891],[162.937,-15.182],[163.351,-15.473],[163.766,-15.763],[164.143,-16.057],[164.521,-16.35],[164.9,-16.642],[165.28,-16.934],[165.662,-17.224],[166.044,-17.515],[166.348,-17.743],[166.652,-17.971]]}},{"type":"Feature","properties":{"boundary_type":"ridge","feature_type":"gpml:MidOceanRidge","polarity":null,"overriding_plate_id":null,"subducting_plate_id":null,"plate_ids":[861,922],"name":"MOR Late K South Loyalty Basin"},"geometry":{"type":"LineString","coordinates":[[166.652,-17.971],[167.006,-18.234],[167.36,-18.497],[167.715,-18.759],[168.072,-19.02]]}},{"type":"Feature","properties":{"boundary_type":"ridge","feature_type":"gpml:MidOceanRidge","polarity":null,"overriding_plate_id":null,"subducting_plate_id":null,"plate_ids":[801,861],"name":"Laperouse East/Laperouse West MOR"},"geometry":{"type":"LineString","coordinates":[[161.008,-30.526],[161.003,-30.076],[160.998,-29.626],[160.993,-29.175],[160.988,-28.725],[160.983,-28.275],[160.978,-27.825],[160.974,-27.375],[161.1,-26.94],[161.226,-26.505],[161.35,-26.07],[161.474,-25.635],[161.597,-25.2],[161.719,-24.765],[161.84,-24.329],[161.96,-23.894],[162.203,-24.061],[162.447,-24.228],[162.607,-23.818],[162.766,-23.407],[162.923,-22.996],[163.08,-22.585],[163.148,-22.61]]}},{"type":"Feature","properties":{"boundary_type":"ridge","feature_type":"gpml:MidOceanRidge","polarity":null,"overriding_plate_id":null,"subducting_plate_id":null,"plate_ids":[853,861],"name":"Laperouse East/Laperouse West MOR"},"geometry":{"type":"LineString","coordinates":[[163.148,-22.61],[163.547,-22.75],[163.718,-22.374],[163.888,-21.998],[164.057,-21.621],[164.225,-21.245],[164.392,-20.868],[164.635,-21.136],[164.878,-21.404],[165.104,-20.976],[165.329,-20.548],[165.552,-20.119],[165.775,-19.69],[165.996,-19.261],[166.216,-18.831],[166.434,-18.401],[166.652,-17.971]]}},{"type":"Feature","properties":{"boundary_type":"ridge","feature_type":"gpml:MidOceanRidge","polarity":null,"overriding_plate_id":null,"subducting_plate_id":null,"plate_ids":[861,922],"name":"Melanesian Basin MOR"},"geometry":{"type":"LineString","coordinates":[[176.41,-19.716],[175.887,-19.683],[175.364,-19.65],[174.841,-19.614],[174.319,-19.578],[173.797,-19.539],[173.275,-19.5],[172.753,-19.458],[172.232,-19.416],[171.711,-19.371],[171.19,-19.326],[170.67,-19.278],[170.149,-19.23],[169.63,-19.18],[169.11,-19.128],[168.591,-19.075],[168.072,-19.02]]}},{"type":"Feature","properties":{"boundary_type":"ridge","feature_type":"gpml:MidOceanRidge","polarity":null,"overriding_plate_id":null,"subducting_plate_id":null,"plate_ids":[857,861],"name":"Melanesian Basin MOR"},"geometry":{"type":"LineString","coordinates":[[169.502,-30.62],[169.807,-30.204],[170.109,-29.787],[170.41,-29.37],[170.707,-28.952],[171.002,-28.534],[171.295,-28.115],[171.586,-27.695],[171.998,-27.749],[172.41,-27.801],[172.823,-27.853],[173.028,-27.473],[173.231,-27.094],[173.433,-26.714],[173.634,-26.333],[173.833,-25.953],[174.298,-26.057],[174.764,-26.159],[175.034,-25.755],[175.303,-25.351],[175.57,-24.946],[175.835,-24.54],[176.098,-24.134],[176.36,-23.728],[176.62,-23.321],[176.879,-22.914],[177.136,-22.506],[177.391,-22.098]]}},{"type":"Feature","properties":{"boundary_type":"transform","feature_type":"gpml:Transform","polarity":null,"overriding_plate_id":null,"subducting_plate_id":null,"plate_ids":[801,861],"name":"New Caledonian Transform"},"geometry":{"type":"LineString","coordinates":[[166.043,-27.668],[165.596,-27.936],[165.148,-28.202],[164.697,-28.466],[164.244,-28.729],[163.789,-28.991],[163.331,-29.25],[162.871,-29.509],[162.409,-29.766],[161.944,-30.021],[161.477,-30.274],[161.008,-30.526]]}},{"type":"Feature","properties":{"boundary_type":"transform","feature_type":"gpml:Transform","polarity":null,"overriding_plate_id":null,"subducting_plate_id":null,"plate_ids":[801,853],"name":"Sepik Transform"},"geometry":{"type":"LineString","coordinates":[[163.148,-22.61],[162.762,-22.285],[162.377,-21.96],[161.994,-21.634],[161.613,-21.307],[161.234,-20.979],[160.856,-20.65],[160.48,-20.321],[160.105,-19.991],[159.732,-19.659],[159.361,-19.328],[159.037,-19.55],[158.713,-19.771],[158.388,-19.992],[158.062,-20.212]]}},{"type":"Feature","properties":{"boundary_type":"transform","feature_type":"gpml:Transform","polarity":null,"overriding_plate_id":null,"subducting_plate_id":null,"plate_ids":[698,801],"name":"Sepik Transform"},"geometry":{"type":"LineString","coordinates":[[158.062,-20.212],[157.642,-20.494],[157.219,-20.776],[156.795,-21.056],[156.37,-21.336],[155.943,-21.614],[155.514,-21.891],[155.084,-22.167],[154.652,-22.442]]}},{"type":"Feature","properties":{"boundary_type":"ridge","feature_type":"gpml:MidOceanRidge","polarity":null,"overriding_plate_id":null,"subducting_plate_id":null,"plate_ids":[698,853],"name":"West Soloman Sea MOR"},"geometry":{"type":"LineString","coordinates":[[158.062,-20.212],[157.627,-19.975],[157.193,-19.737],[156.812,-19.508],[156.433,-19.278],[156.054,-19.048],[155.677,-18.817],[155.3,-18.585],[154.925,-18.352],[154.74,-18.709],[154.554,-19.066],[154.088,-18.855],[153.623,-18.643],[153.159,-18.43],[152.697,-18.215],[152.235,-18.0],[151.775,-17.784],[151.315,-17.566],[151.367,-17.118],[150.949,-16.961],[150.531,-16.803],[150.114,-16.645],[149.697,-16.485],[149.281,-16.325],[149.279,-15.838],[149.276,-15.351],[149.274,-14.865],[148.813,-14.721],[148.354,-14.577],[147.895,-14.431],[147.436,-14.285],[146.978,-14.138],[146.924,-14.435],[146.87,-14.732],[146.402,-14.523],[145.935,-14.314],[145.469,-14.103],[145.004,-13.892],[144.816,-14.327],[144.627,-14.761],[144.437,-15.196],[144.061,-15.022],[143.686,-14.848],[143.311,-14.673],[142.936,-14.498],[142.563,-14.322],[142.315,-14.554],[142.066,-14.786],[141.818,-15.018],[141.47,-14.815],[141.124,-14.61],[140.778,-14.406],[140.404,-14.734],[140.03,-15.063],[139.605,-14.921],[139.18,-14.778],[138.756,-14.635],[138.332,-14.491],[137.909,-14.346],[137.487,-14.201]]}},{"type":"Feature","properties":{"boundary_type":"subduction","feature_type":"gpml:SubductionZone","polarity":"Right","overriding_plate_id":819,"subducting_plate_id":904,"plate_ids":[819,904],"name":"South America trench taken from COB file"},"geometry":{"type":"LineString","coordinates":[[-62.968,-63.301],[-63.563,-63.12],[-64.15,-62.937],[-64.374,-62.885],[-64.731,-62.778],[-65.042,-62.694],[-65.415,-62.605],[-65.796,-62.506],[-66.172,-62.395],[-66.589,-62.282],[-67.385,-62.041],[-67.919,-61.843],[-68.446,-61.642],[-68.426,-61.618],[-68.493,-61.592],[-68.77,-61.461],[-68.899,-61.368],[-69.1,-61.237],[-69.448,-61.004],[-69.675,-60.855],[-69.91,-60.667],[-70.298,-60.524],[-70.935,-60.316],[-71.214,-60.247],[-71.72,-60.062],[-71.991,-59.821],[-72.258,-59.579],[-72.514,-59.108],[-72.763,-58.637],[-72.86,-58.355],[-72.956,-58.073]]}},{"type":"Feature","properties":{"boundary_type":"subduction","feature_type":"gpml:SubductionZone","polarity":"Right","overriding_plate_id":819,"subducting_plate_id":902,"plate_ids":[819,902],"name":"South America trench taken from COB file"},"geometry":{"type":"LineString","coordinates":[[-72.956,-58.073],[-72.959,-58.063],[-73.013,-57.788],[-73.066,-57.513],[-73.055,-57.227],[-73.043,-56.942],[-72.903,-56.625],[-72.764,-56.308]]}},{"type":"Feature","properties":{"boundary_type":"subduction","feature_type":"gpml:SubductionZone","polarity":"Right","overriding_plate_id":201,"subducting_plate_id":902,"plate_ids":[201,902],"name":"South America trench taken from COB file"},"geometry":{"type":"LineString","coordinates":[[-72.764,-56.308],[-72.637,-56.012],[-72.511,-55.715],[-72.526,-55.337],[-72.541,-54.958],[-72.617,-54.59],[-72.691,-54.221],[-72.452,-53.776],[-72.218,-53.331],[-71.721,-53.083],[-71.229,-52.833],[-70.505,-52.697],[-70.289,-52.266],[-70.062,-51.914],[-69.931,-51.658],[-69.801,-51.403],[-69.71,-51.091],[-69.732,-50.87],[-69.794,-50.599],[-69.82,-50.35],[-69.857,-50.007],[-69.654,-49.678],[-69.478,-49.324],[-69.361,-49.102],[-69.152,-48.727],[-69.078,-48.512],[-68.975,-48.252],[-68.887,-48.01],[-68.762,-47.671],[-68.639,-47.332],[-68.517,-46.992],[-68.426,-46.669],[-68.327,-46.411],[-68.229,-46.152],[-68.125,-45.854],[-68.091,-45.586],[-68.058,-45.319],[-68.027,-45.088],[-67.859,-44.705],[-67.671,-44.308],[-67.55,-44.071],[-67.43,-43.834],[-67.331,-43.358],[-67.15,-42.93],[-66.96,-42.58],[-66.771,-42.23],[-66.585,-41.879],[-66.4,-41.529],[-66.137,-41.146],[-65.877,-40.764],[-65.619,-40.38],[-65.365,-39.996],[-65.113,-39.612],[-64.864,-39.227],[-64.618,-38.841],[-64.493,-38.367],[-64.37,-37.892],[-64.248,-37.418],[-64.128,-36.943],[-64.009,-36.468],[-63.892,-35.993],[-63.776,-35.518],[-63.661,-35.043],[-63.548,-34.568],[-63.375,-34.18],[-63.203,-33.792],[-63.033,-33.404],[-62.864,-33.016],[-62.697,-32.628],[-62.592,-32.172],[-62.489,-31.717],[-62.386,-31.261],[-62.285,-30.805],[-62.184,-30.349],[-62.085,-29.893],[-61.986,-29.437],[-61.888,-28.981],[-61.809,-28.573],[-61.73,-28.166],[-61.653,-27.758],[-61.711,-27.318],[-61.77,-26.878],[-61.749,-26.537],[-61.727,-26.196],[-61.861,-25.763],[-61.994,-25.33],[-62.258,-24.894],[-62.519,-24.458],[-62.839,-24.106],[-63.157,-23.753],[-63.472,-23.4],[-63.787,-23.046],[-64.099,-22.691],[-64.553,-22.443],[-65.006,-22.193],[-65.329,-21.836],[-65.651,-21.477],[-65.972,-21.118],[-66.29,-20.758],[-66.608,-20.398],[-66.924,-20.037],[-67.238,-19.676],[-67.551,-19.314],[-67.863,-18.952],[-68.083,-18.539],[-68.301,-18.125],[-68.519,-17.712],[-68.736,-17.298],[-68.952,-16.884],[-69.167,-16.469],[-69.381,-16.055],[-69.594,-15.64],[-69.807,-15.225],[-70.018,-14.81],[-70.229,-14.395],[-70.366,-13.93],[-70.502,-13.466],[-70.637,-13.002],[-70.773,-12.537],[-70.907,-12.073],[-71.042,-11.608],[-71.175,-11.144],[-71.309,-10.679],[-71.203,-10.197],[-71.098,-9.716],[-70.993,-9.234],[-70.888,-8.752],[-70.783,-8.271],[-70.679,-7.789],[-70.623,-7.51],[-70.578,-7.257],[-70.503,-6.98],[-70.419,-6.611],[-70.361,-6.406],[-70.318,-6.162],[-70.168,-5.781],[-70.042,-5.445],[-69.895,-5.174],[-69.668,-4.747],[-69.55,-4.5]]}},{"type":"Feature","properties":{"boundary_type":"subduction","feature_type":"gpml:SubductionZone","polarity":"Right","overriding_plate_id":201,"subducting_plate_id":224,"plate_ids":[201,224],"name":"South America trench taken from COB file"},"geometry":{"type":"LineString","coordinates":[[-69.55,-4.5],[-69.505,-4.404],[-69.328,-4.1],[-69.114,-3.708],[-68.862,-3.384],[-68.629,-3.067],[-68.463,-2.872],[-68.184,-2.551],[-67.875,-2.196],[-67.581,-1.894],[-67.334,-1.707],[-67.095,-1.409],[-66.917,-1.261],[-66.853,-0.974],[-66.596,-0.623],[-66.339,-0.273],[-66.329,-0.264],[-66.295,-0.194],[-66.276,0.005],[-66.256,0.205],[-66.287,0.454],[-66.338,0.679],[-66.462,0.992],[-66.549,1.129],[-66.642,1.384],[-66.657,1.397]]}},{"type":"Feature","properties":{"boundary_type":"subduction","feature_type":"gpml:SubductionZone","polarity":"Right","overriding_plate_id":201,"subducting_plate_id":224,"plate_ids":[201,224],"name":"TBD"},"geometry":{"type":"LineString","coordinates":[[-66.657,1.397],[-66.624,1.799],[-66.592,2.201],[-66.56,2.603],[-66.281,2.918],[-66.002,3.233],[-65.723,3.547],[-65.444,3.861],[-65.164,4.184],[-64.884,4.506],[-64.604,4.828],[-64.323,5.15],[-64.043,5.472],[-63.762,5.794],[-63.465,6.056],[-63.168,6.318],[-62.871,6.579]]}},{"type":"Feature","properties":{"boundary_type":"subduction","feature_type":"gpml:SubductionZone","polarity":"Left","overriding_plate_id":802,"subducting_plate_id":201,"plate_ids":[201,802],"name":"Endurance Collision Zone"},"geometry":{"type":"LineString","coordinates":[[-58.621,-67.576],[-57.524,-67.445]]}},{"type":"Feature","properties":{"boundary_type":"subduction","feature_type":"gpml:SubductionZone","polarity":"Left","overriding_plate_id":818,"subducting_plate_id":201,"plate_ids":[201,818],"name":"Endurance Collision Zone"},"geometry":{"type":"LineString","coordinates":[[-57.524,-67.445],[-56.836,-67.358],[-55.823,-67.22],[-54.822,-67.076],[-53.833,-66.926],[-52.856,-66.769],[-51.891,-66.607],[-51.091,-66.5],[-50.298,-66.389],[-49.512,-66.274],[-48.478,-66.065],[-47.462,-65.849],[-46.463,-65.627],[-45.481,-65.398]]}},{"type":"Feature","properties":{"boundary_type":"ridge","feature_type":"gpml:MidOceanRidge","polarity":null,"overriding_plate_id":null,"subducting_plate_id":null,"plate_ids":[802,818],"name":"MOR"},"geometry":{"type":"LineString","coordinates":[[-60.583,-64.347],[-61.43,-64.36],[-62.278,-64.369],[-62.376,-64.683],[-62.477,-64.997],[-62.637,-65.422],[-62.617,-65.816],[-62.2,-66.106],[-61.773,-66.395],[-61.125,-66.606],[-60.467,-66.814],[-59.712,-66.957],[-58.948,-67.096],[-57.968,-67.311],[-57.524,-67.445]]}},{"type":"Feature","properties":{"boundary_type":"subduction","feature_type":"gpml:SubductionZone","polarity":"Right","overriding_plate_id":802,"subducting_plate_id":904,"plate_ids":[802,904],"name":"Antarctic-Aluk subduction zone"},"geometry":{"type":"LineString","coordinates":[[-67.415,-63.989],[-67.204,-63.93],[-66.383,-63.819],[-65.569,-63.703],[-64.762,-63.583],[-63.961,-63.458]]}},{"type":"Feature","properties":{"boundary_type":"subduction","feature_type":"gpml:SubductionZone","polarity":"Right","overriding_plate_id":819,"subducting_plate_id":904,"plate_ids":[819,904],"name":"Antarctic-Aluk subduction zone"},"geometry":{"type":"LineString","coordinates":[[-63.961,-63.458],[-63.926,-63.452],[-62.968,-63.301]]}},{"type":"Feature","properties":{"boundary_type":"ridge","feature_type":"gpml:MidOceanRidge","polarity":null,"overriding_plate_id":null,"subducting_plate_id":null,"plate_ids":[818,819],"name":"MOR in Dove Basin NW15"},"geometry":{"type":"LineString","coordinates":[[-53.398,-63.02],[-53.869,-63.271],[-54.224,-63.515],[-54.585,-63.757],[-54.968,-64.122],[-55.362,-64.485],[-56.104,-64.465],[-56.844,-64.442],[-57.303,-64.743],[-58.407,-64.62],[-59.501,-64.488],[-60.583,-64.347]]}},{"type":"Feature","properties":{"boundary_type":"ridge","feature_type":"gpml:MidOceanRidge","polarity":null,"overriding_plate_id":null,"subducting_plate_id":null,"plate_ids":[802,819],"name":"MOR in Dove Basin NW15"},"geometry":{"type":"LineString","coordinates":[[-60.583,-64.347],[-61.182,-64.266],[-62.126,-64.003],[-63.052,-63.733],[-63.961,-63.458]]}},{"type":"Feature","properties":{"boundary_type":"transform","feature_type":"gpml:Transform","polarity":null,"overriding_plate_id":null,"subducting_plate_id":null,"plate_ids":[201,819],"name":"Burdwood transform duplicate for closure"},"geometry":{"type":"LineString","coordinates":[[-66.507,-59.75],[-66.373,-59.854],[-65.607,-60.063],[-64.832,-60.268],[-64.046,-60.469],[-63.252,-60.665],[-62.447,-60.856],[-61.589,-61.04],[-60.721,-61.218],[-59.843,-61.39],[-58.955,-61.557],[-58.142,-61.769],[-57.317,-61.977],[-56.481,-62.179],[-55.709,-62.383],[-54.927,-62.582],[-54.134,-62.776],[-53.398,-63.02]]}},{"type":"Feature","properties":{"boundary_type":"transform","feature_type":"gpml:Transform","polarity":null,"overriding_plate_id":null,"subducting_plate_id":null,"plate_ids":[201,818],"name":"Burdwood transform duplicate for closure"},"geometry":{"type":"LineString","coordinates":[[-53.398,-63.02],[-52.655,-63.257],[-51.9,-63.49],[-51.133,-63.72],[-50.424,-63.912],[-49.705,-64.1],[-48.976,-64.285],[-48.148,-64.567],[-47.302,-64.845],[-46.44,-65.117],[-45.481,-65.398]]}},{"type":"Feature","properties":{"boundary_type":"transform","feature_type":"gpml:Transform","polarity":null,"overriding_plate_id":null,"subducting_plate_id":null,"plate_ids":[201,819],"name":"NORTH SCOTIA RIDGE TRANSFORM FAULT"},"geometry":{"type":"LineString","coordinates":[[-66.507,-59.75],[-66.987,-59.604],[-67.462,-59.457],[-68.095,-59.138],[-68.716,-58.815],[-69.326,-58.49],[-70.034,-58.182],[-70.731,-57.87],[-71.255,-57.482],[-71.769,-57.093],[-72.272,-56.702],[-72.764,-56.308]]}},{"type":"Feature","properties":{"boundary_type":"ridge","feature_type":"gpml:MidOceanRidge","polarity":null,"overriding_plate_id":null,"subducting_plate_id":null,"plate_ids":[701,802],"name":"South America-Antarctica MOR based on c21o"},"geometry":{"type":"LineString","coordinates":[[5.396,-63.902],[4.793,-63.881],[4.192,-63.857]]}},{"type":"Feature","properties":{"boundary_type":"ridge","feature_type":"gpml:MidOceanRidge","polarity":null,"overriding_plate_id":null,"subducting_plate_id":null,"plate_ids":[201,802],"name":"South America-Antarctica MOR based on c21o"},"geometry":{"type":"LineString","coordinates":[[4.192,-63.857],[3.304,-63.818],[2.418,-63.773],[1.536,-63.723],[0.719,-63.662],[-0.094,-63.597],[-0.903,-63.527],[-1.207,-63.887],[-1.52,-64.246],[-2.531,-64.111],[-3.532,-63.97],[-3.912,-64.413],[-4.305,-64.856],[-5.332,-64.645],[-6.343,-64.428],[-6.565,-64.737],[-6.792,-65.046],[-7.828,-64.929],[-8.855,-64.804],[-9.872,-64.673],[-10.369,-65.123],[-10.884,-65.573],[-11.488,-65.49],[-11.857,-65.864],[-12.237,-66.236],[-12.814,-66.673],[-13.412,-67.107],[-14.536,-66.962],[-15.647,-66.809],[-16.134,-67.254],[-17.224,-67.201],[-17.578,-67.532],[-18.646,-67.402],[-19.702,-67.264],[-20.746,-67.12],[-21.777,-66.968],[-22.396,-67.334],[-23.469,-67.21],[-24.53,-67.078],[-25.58,-66.94],[-26.286,-67.295],[-27.013,-67.647],[-27.762,-67.996],[-28.619,-67.803],[-29.464,-68.123],[-30.333,-68.438],[-31.541,-68.267],[-32.731,-68.086],[-33.358,-68.356],[-34.001,-68.623],[-34.658,-68.887],[-35.28,-69.102],[-36.155,-68.88],[-37.199,-68.963],[-38.25,-69.04],[-39.308,-69.11],[-40.573,-69.138],[-41.84,-69.156],[-43.108,-69.165],[-44.378,-69.165],[-45.65,-69.156],[-46.921,-69.137],[-48.189,-69.108],[-49.454,-69.071],[-50.713,-69.024],[-51.967,-68.968],[-53.214,-68.902],[-54.029,-68.68],[-54.828,-68.454],[-55.611,-68.224],[-56.124,-68.388],[-56.976,-68.122],[-57.808,-67.851],[-58.621,-67.576]]}},{"type":"Feature","properties":{"boundary_type":"ridge","feature_type":"gpml:MidOceanRidge","polarity":null,"overriding_plate_id":null,"subducting_plate_id":null,"plate_ids":[701,801],"name":"Ridge f iso A18 on IND at 40.1Ma"},"geometry":{"type":"LineString","coordinates":[[64.467,-31.808],[64.393,-31.318],[64.32,-30.828],[64.247,-30.338],[64.175,-29.848],[64.104,-29.358],[64.033,-28.868],[63.963,-28.378],[63.894,-27.887],[64.068,-27.423],[64.24,-26.959],[64.411,-26.494],[64.58,-26.03],[64.748,-25.565],[64.915,-25.099],[65.081,-24.634],[65.245,-24.169],[65.408,-23.703],[65.57,-23.237],[65.731,-22.771],[65.892,-22.662],[65.428,-22.423],[64.966,-22.182],[64.506,-21.939],[64.047,-21.696],[64.273,-21.281],[64.498,-20.866],[64.722,-20.451],[64.945,-20.035],[65.166,-19.62],[65.387,-19.203],[65.606,-18.787],[65.824,-18.37],[66.041,-17.954],[66.257,-17.536],[66.472,-17.119],[66.686,-16.701],[66.899,-16.284],[66.454,-16.046],[66.01,-15.807],[66.202,-15.448],[66.392,-15.089],[66.582,-14.73],[66.771,-14.37],[66.337,-14.153],[65.903,-13.935],[65.47,-13.715],[65.037,-13.496],[65.234,-13.103],[65.43,-12.711],[65.625,-12.319],[65.222,-12.109],[64.819,-11.898],[64.417,-11.687],[64.016,-11.475],[64.229,-11.025],[64.44,-10.573],[64.652,-10.122],[64.862,-9.671],[64.471,-9.504],[64.08,-9.337],[63.689,-9.17],[63.298,-9.002],[63.43,-8.65],[63.562,-8.297],[63.693,-7.944],[63.824,-7.592],[63.396,-7.42],[62.969,-7.248],[62.542,-7.076],[62.116,-6.903],[61.689,-6.73],[61.263,-6.556],[61.311,-6.291],[61.358,-6.026],[60.973,-5.754],[60.589,-5.48],[60.205,-5.207],[59.822,-4.933],[59.439,-4.659],[59.177,-4.415],[58.915,-4.171],[58.653,-3.927],[58.245,-3.797],[57.837,-3.667],[57.775,-3.343],[57.713,-3.019],[57.278,-2.842],[56.844,-2.666],[56.409,-2.489],[55.975,-2.312],[55.541,-2.135]]}},{"type":"Feature","properties":{"boundary_type":"ridge","feature_type":"gpml:MidOceanRidge","polarity":null,"overriding_plate_id":null,"subducting_plate_id":null,"plate_ids":[701,801],"name":"Ridge f iso A18 on AUS at 40.1Ma"},"geometry":{"type":"LineString","coordinates":[[64.467,-31.808],[64.732,-31.969],[64.998,-32.129],[65.309,-32.512],[65.622,-32.893],[65.938,-33.274],[66.257,-33.654],[66.579,-34.034],[66.693,-34.148]]}},{"type":"Feature","properties":{"boundary_type":"ridge","feature_type":"gpml:MidOceanRidge","polarity":null,"overriding_plate_id":null,"subducting_plate_id":null,"plate_ids":[801,802],"name":"Ridge f iso A18 on AUS at 40.1Ma"},"geometry":{"type":"LineString","coordinates":[[66.693,-34.148],[67.066,-34.518],[67.442,-34.888],[67.821,-35.256],[67.542,-35.498],[67.939,-35.776],[68.338,-36.053],[68.74,-36.329],[69.146,-36.603],[69.554,-36.876],[69.964,-37.147],[70.217,-36.93],[70.642,-37.188],[71.07,-37.444],[70.88,-37.678],[70.688,-37.911],[70.989,-38.201],[71.293,-38.491],[71.599,-38.779],[71.37,-39.083],[71.14,-39.387],[71.45,-39.682],[71.762,-39.977],[72.077,-40.271],[72.395,-40.563],[72.136,-40.881],[72.522,-41.208],[72.913,-41.534],[73.307,-41.859],[73.706,-42.182],[73.488,-42.481],[73.269,-42.78],[73.829,-43.003],[74.393,-43.223],[74.962,-43.441],[75.534,-43.655],[75.319,-44.045],[75.101,-44.435],[75.687,-44.673],[76.278,-44.908],[76.032,-45.258],[75.782,-45.608],[75.529,-45.956],[75.289,-46.341],[75.046,-46.725],[74.799,-47.108],[74.548,-47.491],[74.294,-47.874]]}},{"type":"Feature","properties":{"boundary_type":"subduction","feature_type":"gpml:SubductionZone","polarity":"Left","overriding_plate_id":301,"subducting_plate_id":609,"plate_ids":[301,609],"name":"Okinawa Trough (Ryuku) from EarthByte cob MG 4-20-07"},"geometry":{"type":"LineString","coordinates":[[120.665,28.589],[120.732,28.609],[121.176,28.788],[121.621,28.966],[122.069,29.143],[122.517,29.318],[122.968,29.491],[123.391,29.762],[123.816,30.032],[124.244,30.3],[124.674,30.567],[124.936,30.855],[125.199,31.143],[125.464,31.43],[125.657,31.854],[125.852,32.278],[126.049,32.701],[126.248,33.124],[126.448,33.547],[126.599,33.933],[126.751,34.318],[126.904,34.704],[127.058,35.089],[127.136,35.442],[127.214,35.795],[127.255,36.235],[127.297,36.675],[127.262,37.113],[127.227,37.551],[127.29,37.937],[127.354,38.323]]}},{"type":"Feature","properties":{"boundary_type":"subduction","feature_type":"gpml:SubductionZone","polarity":"Right","overriding_plate_id":null,"subducting_plate_id":null,"plate_ids":[304],"name":"Ligurian Subduction"},"geometry":{"type":"LineString","coordinates":[[8.613,36.598],[8.867,36.171],[9.119,35.743],[9.368,35.315],[9.614,34.886]]}},{"type":"Feature","properties":{"boundary_type":"subduction","feature_type":"gpml:SubductionZone","polarity":"Right","overriding_plate_id":304,"subducting_plate_id":701,"plate_ids":[304,701],"name":"Ligurian Subduction"},"geometry":{"type":"LineString","coordinates":[[9.614,34.886],[9.553,34.518],[9.493,34.149],[9.433,33.781],[9.507,33.287],[9.579,32.794],[9.651,32.301],[9.722,31.808],[9.213,31.64],[8.705,31.47],[8.2,31.298],[7.696,31.124],[7.194,30.948],[6.694,30.77],[6.285,30.45],[5.878,30.13],[5.474,29.808],[5.072,29.485],[4.731,29.25],[4.391,29.015],[4.053,28.779],[3.716,28.541]]}},{"type":"Feature","properties":{"boundary_type":"subduction","feature_type":"gpml:SubductionZone","polarity":"Right","overriding_plate_id":328,"subducting_plate_id":701,"plate_ids":[328,701],"name":"Eastern Mediterranean Subduction"},"geometry":{"type":"LineString","coordinates":[[39.387,29.736],[38.844,29.675],[38.301,29.611],[37.759,29.545],[37.218,29.477],[36.678,29.407],[36.138,29.335],[35.599,29.26],[35.234,28.933],[34.872,28.606],[34.511,28.277],[34.171,27.964],[33.833,27.651],[33.496,27.336],[33.162,27.021],[32.829,26.706],[32.344,26.632],[31.859,26.556],[31.376,26.479],[30.893,26.4],[30.361,26.419],[29.83,26.435],[29.298,26.45],[28.79,26.5],[28.282,26.548],[27.774,26.595],[27.265,26.639],[26.755,26.682],[26.246,26.723],[25.736,26.763],[25.225,26.8]]}},{"type":"Feature","properties":{"boundary_type":"subduction","feature_type":"gpml:SubductionZone","polarity":"Left","overriding_plate_id":301,"subducting_plate_id":328,"plate_ids":[301,328],"name":"Vardar Sea Sub."},"geometry":{"type":"LineString","coordinates":[[20.944,36.959],[20.993,36.574],[21.042,36.189],[21.09,35.804],[21.137,35.419],[21.175,35.041],[21.213,34.663],[21.25,34.285],[21.635,33.91],[22.016,33.533],[22.394,33.156],[22.769,32.777],[23.121,32.452],[23.471,32.125],[23.818,31.798],[24.163,31.47],[24.583,31.347],[25.002,31.222],[25.42,31.096],[25.837,30.969],[26.275,30.965],[26.712,30.959],[27.252,30.963],[27.791,30.966],[28.331,30.966],[28.87,30.964],[29.423,31.009],[29.977,31.052],[30.531,31.092],[31.085,31.13],[31.64,31.166],[32.195,31.2],[32.751,31.231],[33.307,31.259],[33.863,31.286],[34.42,31.31],[34.977,31.331],[35.534,31.35],[36.091,31.367],[36.592,31.396],[37.093,31.423],[37.594,31.448],[38.096,31.471],[38.483,31.417],[38.87,31.361]]}},{"type":"Feature","properties":{"boundary_type":"subduction","feature_type":"gpml:SubductionZone","polarity":"Left","overriding_plate_id":null,"subducting_plate_id":null,"plate_ids":[308],"name":"Dinaride Sub."},"geometry":{"type":"LineString","coordinates":[[9.119,35.743],[9.368,35.315],[9.614,34.886]]}},{"type":"Feature","properties":{"boundary_type":"subduction","feature_type":"gpml:SubductionZone","polarity":"Left","overriding_plate_id":308,"subducting_plate_id":701,"plate_ids":[308,701],"name":"Dinaride Sub."},"geometry":{"type":"LineString","coordinates":[[9.614,34.886],[10.151,35.059],[10.69,35.23],[11.231,35.399],[11.826,35.414],[12.421,35.427],[12.826,35.538],[13.233,35.647],[13.641,35.755],[14.061,35.622],[14.48,35.488],[14.898,35.352],[15.34,35.099],[15.779,34.845],[16.216,34.589],[16.543,34.3],[16.868,34.009],[17.191,33.718],[17.512,33.426],[17.957,33.104],[18.399,32.78],[18.838,32.455],[19.252,32.156],[19.663,31.856],[20.072,31.554],[20.438,31.195],[20.802,30.835],[21.236,30.529],[21.667,30.221],[21.997,29.894],[22.326,29.567],[22.652,29.238],[23.027,28.893],[23.399,28.547],[23.769,28.199],[24.137,27.851],[24.502,27.501],[24.865,27.151],[25.225,26.8]]}},{"type":"Feature","properties":{"boundary_type":"other","feature_type":"gpml:Fault","polarity":null,"overriding_plate_id":null,"subducting_plate_id":null,"plate_ids":[308,328],"name":"DFZ"},"geometry":{"type":"LineString","coordinates":[[14.711,36.101],[15.259,35.913],[15.804,35.723],[16.346,35.531],[16.885,35.336],[17.422,35.138],[17.816,34.922],[18.208,34.704],[18.598,34.485],[18.986,34.265],[19.318,33.855],[19.647,33.444],[19.973,33.032],[20.296,32.62],[20.653,32.274],[21.007,31.928],[21.358,31.58],[21.707,31.231],[22.057,30.938],[22.405,30.644],[22.751,30.348],[23.095,30.052],[23.437,29.755],[23.777,29.457],[24.024,29.015],[24.268,28.573],[24.51,28.13],[24.751,27.687],[24.989,27.244],[25.225,26.8]]}},{"type":"Feature","properties":{"boundary_type":"transform","feature_type":"gpml:Transform","polarity":null,"overriding_plate_id":null,"subducting_plate_id":null,"plate_ids":[304,701],"name":"South Iberia"},"geometry":{"type":"LineString","coordinates":[[-6.845,26.781],[-6.62,26.718],[-6.09,26.802],[-5.559,26.884],[-5.028,26.964],[-4.496,27.042],[-3.963,27.118],[-3.429,27.192],[-2.895,27.264],[-2.36,27.334],[-1.824,27.402],[-1.288,27.468],[-0.751,27.532],[-0.213,27.593],[0.316,27.719],[0.847,27.843],[1.379,27.964],[1.913,28.084],[2.447,28.201],[2.869,28.316],[3.292,28.429],[3.716,28.541]]}},{"type":"Feature","properties":{"boundary_type":"subduction","feature_type":"gpml:SubductionZone","polarity":"Left","overriding_plate_id":308,"subducting_plate_id":328,"plate_ids":[308,328],"name":"East Alpine subduction"},"geometry":{"type":"LineString","coordinates":[[14.711,36.101],[14.156,36.159],[13.6,36.215],[13.043,36.269],[12.485,36.32],[11.926,36.368],[11.367,36.414],[10.808,36.457]]}},{"type":"Feature","properties":{"boundary_type":"subduction","feature_type":"gpml:SubductionZone","polarity":"Left","overriding_plate_id":317,"subducting_plate_id":304,"plate_ids":[304,317],"name":"Pyrenean subduction"},"geometry":{"type":"LineString","coordinates":[[-7.044,36.508],[-6.533,36.412],[-6.023,36.314],[-5.514,36.214],[-5.007,36.111],[-4.501,36.007],[-3.91,35.884],[-3.321,35.759],[-2.733,35.631],[-2.148,35.499],[-1.662,35.307],[-1.178,35.112]]}},{"type":"Feature","properties":{"boundary_type":"subduction","feature_type":"gpml:SubductionZone","polarity":"Left","overriding_plate_id":301,"subducting_plate_id":304,"plate_ids":[301,304],"name":"Pyrenean subduction"},"geometry":{"type":"LineString","coordinates":[[-1.178,35.112],[-0.748,34.937],[-0.268,34.823],[0.21,34.707],[0.687,34.589],[1.163,34.47],[1.706,34.428],[2.249,34.383],[2.791,34.336],[3.206,34.305],[3.621,34.274],[4.035,34.24],[4.564,34.267],[5.093,34.292],[5.535,34.365],[5.978,34.436],[6.334,34.478],[6.689,34.519],[6.993,34.624],[7.298,34.729],[7.556,35.104],[7.817,35.478],[8.079,35.852],[8.345,36.226],[8.613,36.598]]}},{"type":"Feature","properties":{"boundary_type":"subduction","feature_type":"gpml:SubductionZone","polarity":"Right","overriding_plate_id":null,"subducting_plate_id":null,"plate_ids":[308],"name":"Alpine Subduction"},"geometry":{"type":"LineString","coordinates":[[9.119,35.743],[8.867,36.171],[8.613,36.598]]}},{"type":"Feature","properties":{"boundary_type":"subduction","feature_type":"gpml:SubductionZone","polarity":"Right","overriding_plate_id":308,"subducting_plate_id":301,"plate_ids":[301,308],"name":"Alpine Subduction"},"geometry":{"type":"LineString","coordinates":[[8.613,36.598],[9.162,36.567],[9.711,36.533],[10.26,36.496],[10.808,36.457]]}},{"type":"Feature","properties":{"boundary_type":"subduction","feature_type":"gpml:SubductionZone","polarity":"Right","overriding_plate_id":328,"subducting_plate_id":301,"plate_ids":[301,328],"name":"Alpine Subduction"},"geometry":{"type":"LineString","coordinates":[[10.808,36.457],[11.27,36.663],[11.736,36.868],[12.203,37.07],[12.673,37.271],[13.021,37.537],[13.371,37.802],[13.724,38.065],[13.962,38.343],[14.201,38.619],[14.442,38.896],[14.904,39.139],[15.37,39.381],[15.92,39.571],[16.474,39.759],[17.031,39.944],[17.569,39.74],[18.104,39.534],[18.636,39.325],[19.165,39.113],[19.62,38.868],[20.072,38.62],[20.294,38.206],[20.513,37.79],[20.73,37.375],[20.944,36.959]]}},{"type":"Feature","properties":{"boundary_type":"transform","feature_type":"gpml:Transform","polarity":null,"overriding_plate_id":null,"subducting_plate_id":null,"plate_ids":[328,701],"name":"Neotethys transform 40Ma"},"geometry":{"type":"LineString","coordinates":[[39.387,29.736],[39.208,30.05],[39.028,30.364],[38.846,30.677],[38.858,31.019],[38.87,31.361]]}},{"type":"Feature","properties":{"boundary_type":"transform","feature_type":"gpml:Transform","polarity":null,"overriding_plate_id":null,"subducting_plate_id":null,"plate_ids":[301,701],"name":"Neotethys transform 40Ma"},"geometry":{"type":"LineString","coordinates":[[38.87,31.361],[38.885,31.771]]}}]}