{"type":"FeatureCollection","meta":{"model":"Cao2024","reconstruction_time_ma":495.0,"anchor_plate_id":0,"pygplates_version":"1.0.0","tessellate_degrees":0.5,"polarity_convention":"gpml:subductionPolarity. 'Left'/'Right' names the side of the line, in vertex order, on which the OVERRIDING plate lies. Triangles are drawn on that side.","antimeridian":"Lines are NOT split at +/-180 deg. The renderer works in 3D unit vectors where the dateline is not special; splitting would only add spurious breaks. Do not treat this as RFC 7946 GIS-ready 2D data."},"features":[{"type":"Feature","properties":{"boundary_type":"subduction","feature_type":"gpml:SubductionZone","polarity":"Right","overriding_plate_id":101,"subducting_plate_id":902,"plate_ids":[101,902],"name":"Ocean arc outboard of Laurentia"},"geometry":{"type":"LineString","coordinates":[[-148.513,26.409],[-147.984,26.475],[-147.454,26.54],[-146.924,26.603],[-146.393,26.663],[-145.862,26.722],[-145.33,26.779],[-144.797,26.833],[-144.264,26.886],[-143.731,26.937],[-143.197,26.985],[-142.662,27.032],[-142.127,27.077],[-141.592,27.119],[-141.056,27.16],[-140.52,27.199],[-139.984,27.235],[-139.447,27.27],[-138.91,27.302],[-138.373,27.332],[-137.835,27.361],[-137.276,27.382],[-136.716,27.401],[-136.157,27.417],[-135.597,27.432],[-135.037,27.444],[-134.477,27.454],[-133.917,27.462],[-133.357,27.467],[-132.797,27.471],[-132.237,27.472],[-131.676,27.471],[-131.116,27.467],[-130.556,27.461],[-129.996,27.453],[-129.436,27.443],[-128.876,27.431],[-128.316,27.416],[-127.757,27.399],[-127.197,27.38],[-126.638,27.359],[-126.079,27.335],[-125.521,27.309],[-124.962,27.281],[-124.404,27.251],[-123.846,27.219],[-123.289,27.184],[-122.732,27.147],[-122.175,27.108],[-121.618,27.067],[-121.063,27.023],[-120.507,26.978],[-119.952,26.93],[-119.421,26.777],[-118.892,26.623],[-118.364,26.466],[-117.838,26.307],[-117.313,26.147],[-116.789,25.984],[-116.267,25.82],[-115.746,25.654],[-115.227,25.486],[-114.709,25.316],[-114.193,25.144],[-113.678,24.971],[-113.165,24.796],[-112.653,24.619],[-112.143,24.44],[-111.634,24.26],[-111.126,24.078],[-110.62,23.894],[-110.115,23.708],[-109.612,23.521],[-109.11,23.333],[-108.61,23.143],[-108.111,22.951],[-107.613,22.757],[-107.117,22.563],[-106.623,22.366],[-106.129,22.168],[-105.637,21.969],[-105.147,21.768],[-104.784,21.412],[-104.422,21.056],[-104.062,20.699],[-103.704,20.341],[-103.348,19.982],[-102.993,19.623],[-102.64,19.263],[-102.288,18.902],[-101.938,18.541],[-101.589,18.179],[-101.242,17.816],[-100.896,17.453],[-100.551,17.089],[-100.208,16.725],[-99.867,16.36],[-99.526,15.994],[-99.187,15.628],[-98.849,15.262],[-98.512,14.895],[-98.176,14.527],[-97.841,14.159],[-97.508,13.791],[-97.025,13.623],[-96.544,13.455],[-96.062,13.286],[-95.582,13.115],[-95.102,12.944],[-94.623,12.773],[-94.145,12.6],[-93.667,12.426],[-93.204,12.432],[-92.741,12.437],[-92.278,12.441],[-91.815,12.444],[-91.352,12.447],[-90.889,12.449],[-90.426,12.45],[-89.963,12.45],[-89.5,12.449],[-89.037,12.448],[-88.618,12.621],[-88.197,12.794],[-87.776,12.966],[-87.354,13.137],[-86.932,13.307],[-86.509,13.477],[-86.086,13.646],[-85.617,13.834],[-85.147,14.021],[-84.677,14.207],[-84.205,14.393],[-83.733,14.577],[-83.26,14.76],[-82.787,14.943],[-82.312,15.124],[-81.837,15.305]]}},{"type":"Feature","properties":{"boundary_type":"subduction","feature_type":"gpml:SubductionZone","polarity":"Left","overriding_plate_id":101,"subducting_plate_id":172,"plate_ids":[101,172],"name":"Lushs Bight oceanic tract (Taconic seaway subduction zone)"},"geometry":{"type":"LineString","coordinates":[[-151.223,-20.294],[-150.756,-20.354],[-150.288,-20.414],[-149.82,-20.472],[-149.351,-20.529],[-148.882,-20.584],[-148.413,-20.639],[-147.943,-20.692],[-147.447,-20.781],[-146.95,-20.869],[-146.452,-20.956],[-145.953,-21.041],[-145.454,-21.125],[-144.955,-21.207],[-144.455,-21.287],[-143.954,-21.367],[-143.453,-21.445],[-142.952,-21.521],[-142.462,-21.643],[-141.972,-21.763],[-141.481,-21.882],[-140.99,-21.999],[-140.497,-22.116],[-140.004,-22.23],[-139.51,-22.343],[-139.015,-22.455],[-138.519,-22.565],[-138.023,-22.673],[-137.525,-22.78],[-137.027,-22.886],[-136.528,-22.99],[-136.029,-23.092],[-135.512,-23.226],[-134.993,-23.359],[-134.474,-23.489],[-133.954,-23.618],[-133.432,-23.746],[-132.91,-23.871],[-132.387,-23.995],[-131.862,-24.117],[-131.335,-24.23],[-130.806,-24.342],[-130.276,-24.452],[-129.746,-24.561],[-129.215,-24.667],[-128.682,-24.771],[-128.149,-24.874],[-127.615,-24.975],[-127.08,-25.074],[-126.545,-25.17],[-126.024,-25.279],[-125.503,-25.385],[-124.98,-25.489],[-124.457,-25.592],[-123.933,-25.693],[-123.408,-25.792],[-122.882,-25.889],[-122.356,-25.984],[-121.828,-26.077],[-121.3,-26.168],[-120.771,-26.258],[-120.275,-26.345],[-119.779,-26.431],[-119.282,-26.515],[-118.784,-26.598],[-118.285,-26.679],[-117.786,-26.758],[-117.286,-26.835],[-116.786,-26.91],[-116.285,-26.984],[-115.783,-27.056],[-115.235,-27.127],[-114.687,-27.195],[-114.138,-27.262],[-113.588,-27.326],[-113.038,-27.388],[-112.488,-27.448],[-111.936,-27.505],[-111.404,-27.562],[-110.872,-27.617],[-110.339,-27.67]]}},{"type":"Feature","properties":{"boundary_type":"subduction","feature_type":"gpml:SubductionZone","polarity":"Right","overriding_plate_id":1018,"subducting_plate_id":172,"plate_ids":[172,1018],"name":"Penobscot arc"},"geometry":{"type":"LineString","coordinates":[[-95.953,-44.659],[-95.34,-44.893],[-94.722,-45.124],[-94.1,-45.351],[-93.472,-45.575],[-92.839,-45.796],[-92.201,-46.013],[-91.559,-46.226],[-90.911,-46.436],[-90.258,-46.642],[-89.6,-46.845],[-88.938,-47.043],[-88.27,-47.238],[-87.598,-47.429],[-86.982,-47.698],[-86.359,-47.963],[-85.73,-48.226],[-85.094,-48.484],[-84.452,-48.739],[-83.803,-48.991],[-83.148,-49.239],[-82.487,-49.483]]}},{"type":"Feature","properties":{"boundary_type":"subduction","feature_type":"gpml:SubductionZone","polarity":"Right","overriding_plate_id":1018,"subducting_plate_id":302,"plate_ids":[302,1018],"name":"Penobscot arc"},"geometry":{"type":"LineString","coordinates":[[-82.487,-49.483],[-82.038,-49.645],[-81.448,-49.942],[-80.851,-50.236],[-80.246,-50.526],[-79.634,-50.814],[-79.015,-51.098],[-78.387,-51.379],[-77.752,-51.657],[-77.11,-51.931],[-76.459,-52.202],[-75.801,-52.469],[-75.134,-52.732],[-74.499,-53.037],[-73.855,-53.338],[-73.202,-53.636],[-72.539,-53.93],[-71.867,-54.221],[-71.186,-54.507],[-70.495,-54.79],[-69.795,-55.069],[-69.084,-55.344],[-68.364,-55.615],[-67.634,-55.881],[-66.894,-56.143],[-66.144,-56.401]]}},{"type":"Feature","properties":{"boundary_type":"subduction","feature_type":"gpml:SubductionZone","polarity":"Right","overriding_plate_id":701,"subducting_plate_id":172,"plate_ids":[172,701],"name":"Penobscot subduction zone"},"geometry":{"type":"LineString","coordinates":[[-112.876,-32.744],[-112.696,-32.845],[-112.27,-33.192],[-111.84,-33.538],[-111.406,-33.882],[-110.969,-34.224],[-110.528,-34.565],[-110.084,-34.905],[-109.636,-35.243],[-109.185,-35.579],[-108.729,-35.914],[-108.27,-36.246],[-107.807,-36.577],[-107.339,-36.907],[-106.868,-37.234],[-106.393,-37.559],[-105.913,-37.883],[-105.43,-38.204],[-104.942,-38.524],[-104.5,-38.863],[-104.055,-39.2],[-103.605,-39.536],[-103.151,-39.87],[-102.692,-40.202],[-102.229,-40.532],[-101.762,-40.86],[-101.289,-41.187],[-100.812,-41.511],[-100.33,-41.834],[-99.844,-42.154],[-99.352,-42.473],[-98.856,-42.789],[-98.354,-43.103],[-97.847,-43.415],[-97.335,-43.725],[-96.879,-44.038],[-96.419,-44.349],[-95.953,-44.659]]}},{"type":"Feature","properties":{"boundary_type":"subduction","feature_type":"gpml:SubductionZone","polarity":"Right","overriding_plate_id":701,"subducting_plate_id":1018,"plate_ids":[701,1018],"name":"Penobscot subduction zone"},"geometry":{"type":"LineString","coordinates":[[-95.953,-44.659],[-95.521,-44.941],[-95.085,-45.222],[-94.645,-45.501],[-94.201,-45.778]]}},{"type":"Feature","properties":{"boundary_type":"subduction","feature_type":"gpml:SubductionZone","polarity":"Left","overriding_plate_id":22601,"subducting_plate_id":919,"plate_ids":[919,22601],"name":"subduction zone outboard Cuyania"},"geometry":{"type":"LineString","coordinates":[[-176.501,10.447],[-176.403,9.957],[-176.305,9.467],[-176.207,8.978],[-176.109,8.488],[-176.012,7.998],[-175.914,7.508],[-175.817,7.019],[-175.721,6.529],[-175.624,6.039],[-175.468,5.59],[-175.311,5.141],[-175.156,4.691],[-175.0,4.242],[-174.844,3.793],[-174.689,3.343],[-174.534,2.894],[-174.379,2.445],[-174.224,1.995],[-174.069,1.546],[-173.914,1.096],[-173.759,0.647],[-173.604,0.197],[-173.449,-0.252],[-173.242,-0.683],[-173.034,-1.114],[-172.826,-1.545],[-172.619,-1.976],[-172.411,-2.407],[-172.203,-2.838],[-171.995,-3.269],[-171.786,-3.699],[-171.578,-4.13],[-171.369,-4.561],[-171.16,-4.991],[-170.951,-5.422],[-170.741,-5.853],[-170.541,-6.284],[-170.34,-6.715],[-170.139,-7.146],[-169.937,-7.577],[-169.735,-8.008],[-169.533,-8.439],[-169.33,-8.87],[-169.126,-9.301],[-168.922,-9.731],[-168.718,-10.162],[-168.513,-10.592],[-168.308,-11.022],[-168.102,-11.452],[-167.848,-11.876],[-167.594,-12.299],[-167.339,-12.723],[-167.083,-13.146],[-166.827,-13.569],[-166.569,-13.992],[-166.311,-14.414],[-166.051,-14.836],[-165.791,-15.258],[-165.529,-15.679],[-165.266,-16.1],[-164.984,-16.427],[-164.701,-16.754],[-164.417,-17.08],[-164.131,-17.405],[-163.845,-17.73],[-163.558,-18.055],[-163.295,-18.447],[-163.03,-18.838],[-162.764,-19.229]]}},{"type":"Feature","properties":{"boundary_type":"subduction","feature_type":"gpml:SubductionZone","polarity":"Left","overriding_plate_id":172,"subducting_plate_id":919,"plate_ids":[172,919],"name":"subduction zone outboard Cuyania"},"geometry":{"type":"LineString","coordinates":[[-162.764,-19.229],[-162.508,-19.604],[-162.25,-19.978],[-161.992,-20.352],[-161.732,-20.725],[-161.471,-21.098],[-161.208,-21.471],[-160.944,-21.843],[-160.624,-22.165],[-160.303,-22.486],[-159.98,-22.807],[-159.655,-23.126],[-159.329,-23.445],[-159.001,-23.764],[-158.672,-24.082],[-158.536,-24.306],[-158.399,-24.53]]}},{"type":"Feature","properties":{"boundary_type":"subduction","feature_type":"gpml:SubductionZone","polarity":"Right","overriding_plate_id":701,"subducting_plate_id":919,"plate_ids":[701,919],"name":"Early Famatinian subduction zone?"},"geometry":{"type":"LineString","coordinates":[[178.277,-23.151],[178.805,-23.083],[179.333,-23.013],[179.86,-22.941],[-179.613,-22.868],[-179.087,-22.793],[-178.561,-22.716],[-178.036,-22.637],[-177.512,-22.557],[-176.988,-22.475],[-176.465,-22.391],[-175.943,-22.306],[-175.484,-22.327],[-175.025,-22.346],[-174.566,-22.365],[-174.107,-22.382],[-173.648,-22.398],[-173.191,-22.317],[-172.734,-22.236],[-172.278,-22.153],[-171.822,-22.069],[-171.366,-21.983],[-170.876,-21.906],[-170.386,-21.827],[-169.896,-21.747],[-169.407,-21.665],[-168.918,-21.582],[-168.431,-21.498],[-167.926,-21.643],[-167.421,-21.787],[-166.915,-21.93],[-166.408,-22.071],[-165.9,-22.21],[-165.562,-22.518],[-165.223,-22.826],[-164.883,-23.132],[-164.541,-23.438],[-164.197,-23.743],[-163.851,-24.08],[-163.504,-24.416],[-163.154,-24.752],[-162.803,-25.086],[-162.449,-25.42],[-162.094,-25.753]]}},{"type":"Feature","properties":{"boundary_type":"subduction","feature_type":"gpml:SubductionZone","polarity":"Right","overriding_plate_id":701,"subducting_plate_id":172,"plate_ids":[172,701],"name":"Early Famatinian subduction zone?"},"geometry":{"type":"LineString","coordinates":[[-162.094,-25.753],[-161.952,-25.885],[-161.59,-26.231],[-161.227,-26.576],[-160.861,-26.92],[-160.493,-27.263],[-160.123,-27.605],[-159.75,-27.946],[-159.375,-28.286],[-158.983,-28.57],[-158.588,-28.853],[-158.191,-29.134],[-157.792,-29.414],[-157.391,-29.693],[-156.988,-29.971],[-156.582,-30.247],[-156.174,-30.523],[-155.745,-30.768],[-155.314,-31.012],[-154.881,-31.254],[-154.445,-31.495],[-154.007,-31.734],[-153.567,-31.972],[-152.997,-31.99],[-152.426,-32.005],[-151.855,-32.018],[-151.283,-32.028],[-150.712,-32.035],[-150.14,-32.04],[-149.569,-32.043],[-149.06,-31.95],[-148.552,-31.855],[-148.045,-31.758],[-147.539,-31.66],[-147.034,-31.559],[-146.53,-31.456],[-146.027,-31.351],[-145.526,-31.245],[-145.006,-31.171],[-144.486,-31.096],[-143.968,-31.018],[-143.451,-30.938],[-142.934,-30.857],[-142.419,-30.773],[-141.904,-30.687],[-141.39,-30.599],[-140.877,-30.509],[-140.314,-30.477],[-139.751,-30.443],[-139.189,-30.406],[-138.628,-30.367],[-138.066,-30.325],[-137.506,-30.281],[-136.945,-30.234],[-136.384,-30.179],[-135.824,-30.121],[-135.264,-30.061],[-134.705,-29.999],[-134.146,-29.934],[-133.588,-29.867],[-133.137,-29.836],[-132.685,-29.804],[-132.234,-29.77],[-131.784,-29.734]]}},{"type":"Feature","properties":{"boundary_type":"subduction","feature_type":"gpml:SubductionZone","polarity":"Left","overriding_plate_id":701,"subducting_plate_id":919,"plate_ids":[701,919],"name":"West Gondwana (Panthalassa) subduction zone"},"geometry":{"type":"LineString","coordinates":[[178.277,-23.151],[177.843,-22.929],[177.411,-22.706],[176.98,-22.481],[176.55,-22.255],[176.122,-22.029],[175.695,-21.801],[175.27,-21.572],[174.846,-21.341],[174.423,-21.11],[173.908,-21.026],[173.393,-20.94],[172.879,-20.852],[172.366,-20.763],[171.853,-20.673],[171.341,-20.581],[170.829,-20.487],[170.318,-20.392],[169.808,-20.295],[169.299,-20.197],[168.79,-20.098],[168.281,-19.997]]}},{"type":"Feature","properties":{"boundary_type":"subduction","feature_type":"gpml:SubductionZone","polarity":"Right","overriding_plate_id":701,"subducting_plate_id":302,"plate_ids":[302,701],"name":"ocean-ocean convergence"},"geometry":{"type":"LineString","coordinates":[[-3.262,-58.222],[-2.354,-58.209],[-1.447,-58.19],[-0.541,-58.164],[0.363,-58.131],[1.265,-58.093],[2.166,-58.048],[3.063,-57.996],[3.959,-57.938],[4.572,-57.74],[5.179,-57.538],[5.779,-57.334],[6.372,-57.127]]}},{"type":"Feature","properties":{"boundary_type":"subduction","feature_type":"gpml:SubductionZone","polarity":"Right","overriding_plate_id":466,"subducting_plate_id":302,"plate_ids":[302,466],"name":"ocean-ocean convergence"},"geometry":{"type":"LineString","coordinates":[[6.372,-57.127],[7.007,-56.899],[7.635,-56.668],[8.255,-56.434],[8.867,-56.198],[9.334,-55.788],[9.791,-55.376],[10.239,-54.963],[10.677,-54.548],[11.107,-54.132],[11.528,-53.714],[11.941,-53.295],[12.154,-52.866],[12.363,-52.437],[12.568,-52.008],[12.769,-51.578],[12.966,-51.148],[13.16,-50.718],[13.201,-50.228],[13.24,-49.738],[13.279,-49.248],[13.318,-48.758],[13.355,-48.268],[13.392,-47.778],[13.428,-47.288],[13.292,-46.826],[13.158,-46.363],[13.027,-45.899],[12.897,-45.436],[12.77,-44.973],[12.645,-44.509],[12.522,-44.046],[12.225,-43.62],[11.932,-43.193],[11.644,-42.766],[11.359,-42.338],[11.078,-41.909]]}},{"type":"Feature","properties":{"boundary_type":"subduction","feature_type":"gpml:SubductionZone","polarity":"Right","overriding_plate_id":701,"subducting_plate_id":926,"plate_ids":[701,926],"name":"SZ along eastern Gondwanaland"},"geometry":{"type":"LineString","coordinates":[[98.225,30.563],[98.653,30.228],[99.078,29.891],[99.501,29.553],[99.921,29.213],[100.338,28.872],[100.752,28.53],[101.164,28.187],[101.572,27.842],[101.979,27.496],[102.383,27.149],[102.784,26.801],[103.183,26.452],[103.579,26.101],[103.973,25.75],[104.365,25.397],[104.754,25.044],[105.141,24.689],[105.526,24.333],[105.909,23.977],[106.29,23.619],[106.775,23.462],[107.26,23.304],[107.743,23.144],[108.225,22.982],[108.706,22.819],[109.185,22.654],[109.664,22.489],[110.142,22.321],[110.618,22.152],[111.093,21.982],[111.597,21.911],[112.101,21.838],[112.604,21.764],[113.107,21.688],[113.609,21.611],[114.111,21.532],[114.612,21.452],[115.113,21.37],[115.613,21.286],[116.112,21.202],[116.512,20.922],[116.911,20.642],[117.309,20.361],[117.705,20.079],[118.1,19.796],[118.493,19.512],[118.885,19.227],[119.29,18.977],[119.695,18.726],[120.098,18.474],[120.5,18.221],[120.9,17.967],[121.3,17.713],[121.698,17.457],[122.096,17.201],[122.492,16.944],[122.887,16.687],[123.213,16.349],[123.539,16.012],[123.863,15.673],[124.186,15.335],[124.508,14.996],[124.829,14.656],[125.149,14.316],[125.468,13.976],[125.786,13.635],[126.103,13.293],[126.417,12.985]]}},{"type":"Feature","properties":{"boundary_type":"subduction","feature_type":"gpml:SubductionZone","polarity":"Right","overriding_plate_id":457,"subducting_plate_id":580,"plate_ids":[457,580],"name":"West Kunlun SZ"},"geometry":{"type":"LineString","coordinates":[[70.284,-43.304],[70.392,-42.867],[70.498,-42.429],[70.602,-41.991],[70.705,-41.553],[70.806,-41.115],[70.906,-40.677],[71.005,-40.239],[71.103,-39.801],[71.283,-39.365],[71.461,-38.929],[71.599,-38.449],[71.735,-37.969],[71.585,-37.681],[71.436,-37.393],[71.154,-36.993],[70.876,-36.592],[70.601,-36.191],[70.328,-35.789],[70.058,-35.386],[70.016,-34.914],[69.974,-34.442]]}},{"type":"Feature","properties":{"boundary_type":"subduction","feature_type":"gpml:SubductionZone","polarity":"Right","overriding_plate_id":null,"subducting_plate_id":null,"plate_ids":[580],"name":"West Kunlun SZ"},"geometry":{"type":"LineString","coordinates":[[69.974,-34.442],[69.936,-34.01],[69.899,-33.579],[69.862,-33.147]]}},{"type":"Feature","properties":{"boundary_type":"subduction","feature_type":"gpml:SubductionZone","polarity":"Left","overriding_plate_id":401,"subducting_plate_id":902,"plate_ids":[401,902],"name":"Kuznetsk-Alatau & North Sayan & Chingiz (?) subduction zone"},"geometry":{"type":"LineString","coordinates":[[-29.66,-4.876],[-30.007,-4.62],[-30.354,-4.363],[-30.7,-4.107],[-31.107,-3.983],[-31.514,-3.86],[-31.921,-3.736],[-32.328,-3.612],[-32.735,-3.487],[-33.14,-3.373],[-33.544,-3.258],[-33.949,-3.143],[-34.353,-3.028],[-34.758,-2.913],[-35.162,-2.798],[-35.629,-2.712],[-36.096,-2.626],[-36.563,-2.539],[-37.029,-2.453],[-37.496,-2.366],[-37.937,-2.323],[-38.379,-2.281],[-38.82,-2.238],[-39.261,-2.195]]}},{"type":"Feature","properties":{"boundary_type":"subduction","feature_type":"gpml:SubductionZone","polarity":"Left","overriding_plate_id":401,"subducting_plate_id":4100,"plate_ids":[401,4100],"name":"Kuznetsk-Alatau & North Sayan & Chingiz (?) subduction zone"},"geometry":{"type":"LineString","coordinates":[[-39.261,-2.195],[-39.666,-2.155],[-40.154,-2.201],[-40.642,-2.247],[-41.13,-2.293],[-41.618,-2.339],[-42.106,-2.385],[-42.256,-2.363]]}},{"type":"Feature","properties":{"boundary_type":"subduction","feature_type":"gpml:SubductionZone","polarity":"Right","overriding_plate_id":401,"subducting_plate_id":4100,"plate_ids":[401,4100],"name":"South Siberia subduction zone"},"geometry":{"type":"LineString","coordinates":[[-70.32,5.494],[-69.873,5.411],[-69.427,5.327],[-68.98,5.242],[-68.534,5.157],[-68.088,5.072],[-67.642,4.987],[-67.196,4.901],[-66.75,4.815],[-66.304,4.729],[-65.858,4.642],[-65.388,4.635],[-64.918,4.628],[-64.447,4.62],[-63.977,4.612],[-63.507,4.603],[-63.036,4.594],[-62.566,4.585],[-62.096,4.576],[-61.626,4.566],[-61.155,4.556],[-60.685,4.546],[-60.215,4.535],[-59.745,4.524],[-59.288,4.577],[-58.831,4.629],[-58.375,4.68],[-57.918,4.732],[-57.461,4.783],[-57.004,4.834],[-56.547,4.885],[-56.09,4.935],[-55.633,4.985],[-55.176,5.035],[-54.731,5.038],[-54.287,5.041],[-53.843,5.044],[-53.399,5.046],[-52.954,5.048],[-52.51,5.05],[-52.066,5.051],[-51.621,5.053],[-51.192,4.972],[-50.762,4.89],[-50.332,4.809],[-49.903,4.727],[-49.473,4.645],[-49.044,4.562],[-48.587,4.399],[-48.13,4.235],[-47.674,4.071],[-47.218,3.906],[-46.88,3.709],[-46.543,3.512],[-46.206,3.315],[-45.869,3.118],[-45.631,2.715],[-45.393,2.313],[-45.155,1.91],[-44.816,1.61],[-44.476,1.31],[-44.137,1.01],[-43.798,0.71],[-43.459,0.41],[-43.12,0.109],[-42.781,-0.191],[-42.442,-0.491],[-42.103,-0.791],[-41.764,-1.091]]}},{"type":"Feature","properties":{"boundary_type":"subduction","feature_type":"gpml:SubductionZone","polarity":"Right","overriding_plate_id":4100,"subducting_plate_id":902,"plate_ids":[902,4100],"name":"South CMT subduction zone"},"geometry":{"type":"LineString","coordinates":[[-68.761,12.195],[-68.408,12.25],[-68.055,12.305],[-67.557,12.381],[-67.06,12.457],[-66.562,12.531],[-66.063,12.605],[-65.565,12.678],[-65.066,12.75],[-64.567,12.821],[-64.067,12.891],[-63.567,12.96],[-63.067,13.028],[-62.567,13.095],[-62.054,13.072],[-61.542,13.049],[-61.029,13.025],[-60.517,12.999],[-60.005,12.973],[-59.492,12.946],[-58.98,12.917],[-58.468,12.888],[-57.957,12.858],[-57.445,12.826],[-56.933,12.794],[-56.422,12.761],[-55.91,12.726],[-55.426,12.608],[-54.942,12.489],[-54.458,12.369],[-53.975,12.248],[-53.492,12.127],[-53.01,12.004],[-52.528,11.881],[-52.047,11.757],[-51.566,11.632],[-51.085,11.506],[-50.605,11.38],[-50.125,11.252],[-49.646,11.124],[-49.167,10.996],[-48.689,10.866],[-48.211,10.736],[-47.784,10.533],[-47.358,10.329],[-46.933,10.125],[-46.508,9.92],[-46.084,9.715],[-45.66,9.509],[-45.236,9.303],[-44.814,9.096],[-44.391,8.889],[-43.978,8.634],[-43.566,8.378],[-43.155,8.122],[-42.743,7.866],[-42.333,7.609],[-41.923,7.352],[-41.513,7.094],[-41.104,6.837],[-40.695,6.578],[-40.393,6.196],[-40.091,5.813],[-39.789,5.43],[-39.488,5.047],[-39.187,4.664],[-38.886,4.28],[-38.586,3.897]]}},{"type":"Feature","properties":{"boundary_type":"subduction","feature_type":"gpml:SubductionZone","polarity":"Left","overriding_plate_id":4100,"subducting_plate_id":902,"plate_ids":[902,4100],"name":"Lake subduction zone"},"geometry":{"type":"LineString","coordinates":[[-39.261,-2.195],[-39.208,-1.844],[-39.156,-1.494],[-39.029,-1.014],[-38.903,-0.533],[-38.777,-0.053],[-38.65,0.428],[-38.612,0.868],[-38.574,1.307],[-38.535,1.747],[-38.497,2.187],[-38.459,2.626],[-38.501,3.05],[-38.544,3.473],[-38.586,3.897]]}},{"type":"Feature","properties":{"boundary_type":"subduction","feature_type":"gpml:SubductionZone","polarity":"Right","overriding_plate_id":926,"subducting_plate_id":601,"plate_ids":[601,926],"name":"Bainaimiao-Ondor Sum subduction zone"},"geometry":{"type":"LineString","coordinates":[[67.397,7.311],[67.761,7.137]]}},{"type":"Feature","properties":{"boundary_type":"subduction","feature_type":"gpml:SubductionZone","polarity":"Left","overriding_plate_id":460,"subducting_plate_id":466,"plate_ids":[460,466],"name":"North Tianshan SZ"},"geometry":{"type":"LineString","coordinates":[[-1.126,-14.304],[-0.673,-14.302],[-0.221,-14.299],[0.231,-14.296],[0.684,-14.291],[1.136,-14.286],[1.552,-14.283],[1.968,-14.279]]}},{"type":"Feature","properties":{"boundary_type":"subduction","feature_type":"gpml:SubductionZone","polarity":"Left","overriding_plate_id":460,"subducting_plate_id":460,"plate_ids":[460,460],"name":"North Tianshan SZ"},"geometry":{"type":"LineString","coordinates":[[1.968,-14.279],[2.435,-14.273],[2.902,-14.267],[3.369,-14.26],[3.836,-14.252],[4.303,-14.242],[4.769,-14.233],[5.236,-14.222],[5.703,-14.21],[6.17,-14.197],[6.643,-14.116],[7.116,-14.035],[7.588,-13.952],[8.06,-13.868],[8.532,-13.784],[9.003,-13.698],[9.502,-13.708],[10.0,-13.717],[10.499,-13.724],[10.998,-13.731],[11.497,-13.737],[11.996,-13.741],[12.494,-13.745],[12.993,-13.748],[13.45,-13.729],[13.907,-13.71],[14.364,-13.69],[14.821,-13.67],[15.277,-13.648],[15.734,-13.625],[16.191,-13.602],[16.647,-13.578],[17.138,-13.44],[17.628,-13.301],[18.117,-13.161],[18.606,-13.02],[19.095,-12.878],[19.582,-12.735],[20.081,-12.682],[20.58,-12.628],[21.079,-12.574],[21.577,-12.518],[22.075,-12.461],[22.573,-12.404],[23.07,-12.345],[23.414,-12.243],[23.757,-12.14],[24.048,-11.819],[24.338,-11.499],[24.574,-11.144],[24.81,-10.789],[25.034,-10.392],[25.419,-10.151],[25.804,-9.91],[26.187,-9.668],[26.571,-9.426],[26.948,-9.187],[27.324,-8.949],[27.7,-8.71],[28.075,-8.47],[28.45,-8.231]]}},{"type":"Feature","properties":{"boundary_type":"subduction","feature_type":"gpml:SubductionZone","polarity":"Left","overriding_plate_id":460,"subducting_plate_id":5801,"plate_ids":[460,5801],"name":"North Tianshan SZ"},"geometry":{"type":"LineString","coordinates":[[28.45,-8.231],[28.513,-8.19]]}},{"type":"Feature","properties":{"boundary_type":"subduction","feature_type":"gpml:SubductionZone","polarity":"Left","overriding_plate_id":580,"subducting_plate_id":4511,"plate_ids":[580,4511],"name":"Alxa back arc"},"geometry":{"type":"LineString","coordinates":[[54.618,-9.999],[54.682,-10.472],[54.747,-10.946],[54.812,-11.419],[54.877,-11.893],[54.88,-12.384],[54.883,-12.875],[54.886,-13.367],[54.889,-13.858],[54.802,-14.299],[54.715,-14.74],[54.627,-15.181],[54.452,-15.53],[54.277,-15.879],[54.1,-16.228],[53.928,-16.659],[53.754,-17.09],[53.579,-17.521]]}},{"type":"Feature","properties":{"boundary_type":"subduction","feature_type":"gpml:SubductionZone","polarity":"Right","overriding_plate_id":580,"subducting_plate_id":601,"plate_ids":[580,601],"name":"Qinling SZ"},"geometry":{"type":"LineString","coordinates":[[61.954,-0.36],[62.224,-0.741],[62.494,-1.122],[62.765,-1.503],[63.035,-1.883],[63.306,-2.264],[63.577,-2.644],[63.847,-3.025],[64.119,-3.405],[64.39,-3.786],[64.662,-4.166],[64.933,-4.546],[65.19,-4.903],[65.447,-5.26],[65.704,-5.617],[65.961,-5.973],[66.218,-6.33],[66.476,-6.686],[66.659,-7.063],[66.842,-7.44],[67.025,-7.816],[67.209,-8.193],[67.393,-8.57],[67.577,-8.946],[67.871,-9.323],[68.167,-9.701],[68.462,-10.077],[68.759,-10.454],[69.023,-10.733],[69.288,-11.013],[69.554,-11.292],[69.82,-11.57],[69.98,-11.88],[70.14,-12.19],[70.517,-12.442],[70.896,-12.693],[71.275,-12.944]]}},{"type":"Feature","properties":{"boundary_type":"subduction","feature_type":"gpml:SubductionZone","polarity":"Right","overriding_plate_id":457,"subducting_plate_id":601,"plate_ids":[457,601],"name":"Qinling SZ"},"geometry":{"type":"LineString","coordinates":[[71.275,-12.944],[71.484,-13.081],[71.903,-13.299],[72.323,-13.517],[72.744,-13.734],[73.178,-13.965],[73.613,-14.195],[74.049,-14.425],[74.486,-14.653],[74.924,-14.881],[75.272,-15.143],[75.621,-15.405],[75.97,-15.667],[76.33,-15.913],[76.69,-16.158],[77.052,-16.403],[77.414,-16.647],[77.777,-16.89],[78.141,-17.133],[78.488,-17.428],[78.835,-17.723]]}},{"type":"Feature","properties":{"boundary_type":"subduction","feature_type":"gpml:SubductionZone","polarity":"Right","overriding_plate_id":602,"subducting_plate_id":601,"plate_ids":[601,602],"name":"Proto Japan"},"geometry":{"type":"LineString","coordinates":[[86.307,-6.881],[86.7,-6.792],[87.093,-6.703],[87.485,-6.613],[87.878,-6.524],[88.344,-6.414],[88.81,-6.304],[89.276,-6.194],[89.741,-6.084],[90.207,-5.973],[90.672,-5.861],[91.137,-5.75],[91.63,-5.765],[92.124,-5.78],[92.618,-5.795],[93.112,-5.81],[93.605,-5.824],[94.099,-5.837],[94.593,-5.85],[95.087,-5.863],[95.525,-5.921],[95.963,-5.979],[96.401,-6.037],[96.839,-6.094],[97.277,-6.151],[97.716,-6.208],[98.154,-6.264],[98.593,-6.32]]}},{"type":"Feature","properties":{"boundary_type":"subduction","feature_type":"gpml:SubductionZone","polarity":"Right","overriding_plate_id":602,"subducting_plate_id":701,"plate_ids":[602,701],"name":"Proto Japan"},"geometry":{"type":"LineString","coordinates":[[98.593,-6.32],[98.714,-6.336],[99.114,-6.418],[99.515,-6.5],[99.963,-6.685],[100.411,-6.87],[100.86,-7.054],[101.309,-7.238],[101.759,-7.421],[102.208,-7.604],[102.54,-7.809],[102.872,-8.013],[103.205,-8.217],[103.538,-8.421],[103.586,-8.442]]}},{"type":"Feature","properties":{"boundary_type":"subduction","feature_type":"gpml:SubductionZone","polarity":"Left","overriding_plate_id":460,"subducting_plate_id":926,"plate_ids":[460,926],"name":"Urumbai, Selety and Erementau zones"},"geometry":{"type":"LineString","coordinates":[[26.564,-0.658],[26.188,-0.668],[25.811,-0.677],[25.384,-0.856],[24.956,-1.034],[24.528,-1.212],[24.1,-1.39],[23.672,-1.569],[23.244,-1.747],[22.843,-1.842],[22.442,-1.937],[22.041,-2.032],[21.64,-2.127],[21.239,-2.222],[20.763,-2.302],[20.288,-2.381],[19.813,-2.46],[19.337,-2.539],[18.862,-2.618],[18.386,-2.697],[17.91,-2.775],[17.435,-2.854],[16.959,-2.932],[16.508,-3.022],[16.058,-3.111],[15.607,-3.2],[15.157,-3.289],[14.706,-3.378],[14.255,-3.467],[13.804,-3.556],[13.353,-3.644],[12.902,-3.732],[12.451,-3.82],[12.0,-3.907],[11.549,-3.995],[11.07,-4.114],[10.592,-4.232],[10.113,-4.351],[9.635,-4.469],[9.156,-4.586],[8.677,-4.704],[8.197,-4.821],[7.718,-4.938],[7.239,-5.054],[6.759,-5.17],[6.279,-5.286],[5.799,-5.401],[5.319,-5.516],[4.838,-5.63],[4.358,-5.745]]}},{"type":"Feature","properties":{"boundary_type":"subduction","feature_type":"gpml:SubductionZone","polarity":"Left","overriding_plate_id":460,"subducting_plate_id":902,"plate_ids":[460,902],"name":"Urumbai, Selety and Erementau zones"},"geometry":{"type":"LineString","coordinates":[[4.358,-5.745],[3.954,-5.84],[3.55,-5.935],[3.096,-6.108],[2.641,-6.281],[2.186,-6.453],[1.73,-6.624],[1.274,-6.795],[0.818,-6.966],[0.361,-7.137],[-0.095,-7.307],[-0.553,-7.476],[-1.01,-7.645],[-1.468,-7.813]]}},{"type":"Feature","properties":{"boundary_type":"subduction","feature_type":"gpml:SubductionZone","polarity":"Right","overriding_plate_id":5801,"subducting_plate_id":926,"plate_ids":[926,5801],"name":"Subduction zone outboard of Tarim"},"geometry":{"type":"LineString","coordinates":[[26.921,-1.317],[27.269,-1.324],[27.616,-1.331],[28.096,-1.276],[28.576,-1.22],[29.055,-1.164],[29.535,-1.108],[30.015,-1.052],[30.495,-0.996],[30.975,-0.94],[31.454,-0.884],[31.934,-0.828],[32.414,-0.772],[32.893,-0.715],[33.373,-0.659],[33.853,-0.603],[34.332,-0.546],[34.812,-0.49],[35.306,-0.563],[35.799,-0.636],[36.292,-0.709],[36.786,-0.782],[37.28,-0.854],[37.773,-0.927],[38.267,-1.0],[38.76,-1.072],[39.254,-1.145],[39.747,-1.217],[40.241,-1.29],[40.735,-1.362],[41.229,-1.434],[41.702,-1.438],[42.176,-1.443],[42.65,-1.447],[43.123,-1.451],[43.597,-1.454],[44.071,-1.458],[44.544,-1.462],[45.018,-1.465],[45.492,-1.469],[45.965,-1.472],[46.439,-1.475],[46.913,-1.478],[47.387,-1.482],[47.86,-1.484],[48.334,-1.487],[48.808,-1.49],[49.219,-1.444],[49.631,-1.398],[50.042,-1.352],[50.454,-1.305],[50.865,-1.259]]}},{"type":"Feature","properties":{"boundary_type":"subduction","feature_type":"gpml:SubductionZone","polarity":"Right","overriding_plate_id":580,"subducting_plate_id":926,"plate_ids":[580,926],"name":"Subduction zone outboard of Tarim"},"geometry":{"type":"LineString","coordinates":[[50.865,-1.259],[51.326,-1.207],[51.787,-1.155],[52.249,-1.103],[52.71,-1.05],[53.171,-0.998],[53.632,-0.946],[54.093,-0.893],[54.554,-0.841],[55.015,-0.788],[55.476,-0.736],[55.937,-0.683],[56.398,-0.63],[56.892,-0.601],[57.387,-0.571],[57.882,-0.541],[58.377,-0.511],[58.872,-0.481],[59.367,-0.451],[59.862,-0.421],[60.357,-0.39],[60.852,-0.36],[61.219,-0.36],[61.586,-0.36],[61.954,-0.36]]}},{"type":"Feature","properties":{"boundary_type":"subduction","feature_type":"gpml:SubductionZone","polarity":"Right","overriding_plate_id":601,"subducting_plate_id":926,"plate_ids":[601,926],"name":"Subduction zone outboard of Tarim"},"geometry":{"type":"LineString","coordinates":[[61.954,-0.36],[62.44,-0.36],[62.927,-0.36]]}},{"type":"Feature","properties":{"boundary_type":"subduction","feature_type":"gpml:SubductionZone","polarity":"Left","overriding_plate_id":5801,"subducting_plate_id":459,"plate_ids":[459,5801],"name":"Tien Shan subduction"},"geometry":{"type":"LineString","coordinates":[[35.531,-16.918],[35.486,-17.177],[35.441,-17.435]]}},{"type":"Feature","properties":{"boundary_type":"subduction","feature_type":"gpml:SubductionZone","polarity":"Left","overriding_plate_id":466,"subducting_plate_id":459,"plate_ids":[459,466],"name":"Tien Shan subduction"},"geometry":{"type":"LineString","coordinates":[[35.441,-17.435],[35.361,-17.894],[35.28,-18.353],[35.199,-18.812],[35.117,-19.271],[34.924,-19.638],[34.729,-20.004],[34.533,-20.371],[34.337,-20.737],[34.118,-21.108],[33.898,-21.479],[33.676,-21.85],[33.454,-22.221],[33.221,-22.639],[32.986,-23.057],[32.749,-23.475],[32.511,-23.893],[32.34,-24.296],[32.168,-24.699],[31.994,-25.101],[31.819,-25.504],[31.644,-25.906],[31.274,-26.167],[30.902,-26.428],[30.529,-26.687],[30.218,-27.056],[29.904,-27.424],[29.589,-27.791],[29.271,-28.158],[28.951,-28.524],[28.629,-28.889],[28.176,-29.155],[27.721,-29.419],[27.263,-29.681],[26.803,-29.942],[26.341,-30.202],[25.876,-30.459],[25.409,-30.716],[24.939,-30.97],[24.466,-31.223],[23.992,-31.474],[23.514,-31.723],[23.034,-31.97],[22.552,-32.216],[22.067,-32.46],[21.714,-32.799],[21.359,-33.137],[21.001,-33.474],[20.64,-33.811],[20.276,-34.146],[19.909,-34.48],[19.54,-34.813],[19.167,-35.145]]}},{"type":"Feature","properties":{"boundary_type":"subduction","feature_type":"gpml:SubductionZone","polarity":"Left","overriding_plate_id":5801,"subducting_plate_id":580,"plate_ids":[580,5801],"name":"Dunhuang-Hanshan subduction"},"geometry":{"type":"LineString","coordinates":[[48.054,-18.04],[48.07,-17.62],[48.087,-17.201]]}},{"type":"Feature","properties":{"boundary_type":"subduction","feature_type":"gpml:SubductionZone","polarity":"Left","overriding_plate_id":5801,"subducting_plate_id":451,"plate_ids":[451,5801],"name":"Dunhuang-Hanshan subduction"},"geometry":{"type":"LineString","coordinates":[[48.087,-17.201],[48.096,-16.982],[47.994,-16.589],[47.892,-16.196],[47.791,-15.803],[47.69,-15.41],[47.56,-14.972],[47.43,-14.533],[47.266,-14.114],[47.102,-13.694],[47.0,-13.288],[46.899,-12.883],[46.799,-12.478],[46.698,-12.073],[46.598,-11.667],[46.626,-11.257],[46.653,-10.846],[46.681,-10.436],[46.708,-10.025],[46.871,-9.629],[47.033,-9.232],[47.195,-8.835],[47.357,-8.439],[47.503,-8.093]]}},{"type":"Feature","properties":{"boundary_type":"subduction","feature_type":"gpml:SubductionZone","polarity":"Left","overriding_plate_id":5801,"subducting_plate_id":580,"plate_ids":[580,5801],"name":"Dunhuang-Hanshan subduction"},"geometry":{"type":"LineString","coordinates":[[47.503,-8.093],[47.639,-7.769],[47.775,-7.446],[47.911,-7.122],[48.096,-6.666],[48.28,-6.209],[48.465,-5.753],[48.649,-5.297],[48.832,-4.841],[49.056,-4.408],[49.28,-3.974],[49.503,-3.541],[49.726,-3.108],[49.93,-2.753],[50.133,-2.398],[50.336,-2.043],[50.601,-1.651],[50.865,-1.259]]}},{"type":"Feature","properties":{"boundary_type":"subduction","feature_type":"gpml:SubductionZone","polarity":"Left","overriding_plate_id":457,"subducting_plate_id":580,"plate_ids":[457,580],"name":"Kunlun-Qaidam suture"},"geometry":{"type":"LineString","coordinates":[[71.275,-12.944],[71.472,-13.31],[71.67,-13.677],[71.868,-14.043],[72.067,-14.409],[72.267,-14.775],[72.334,-15.228],[72.401,-15.681],[72.468,-16.134],[72.536,-16.587],[72.603,-17.04],[72.672,-17.492],[72.74,-17.945],[72.678,-18.362],[72.615,-18.778],[72.553,-19.194],[72.436,-19.662],[72.318,-20.13],[72.2,-20.598],[72.08,-21.065],[71.961,-21.533],[71.84,-22.0],[71.718,-22.468],[71.596,-22.935],[71.57,-23.432],[71.544,-23.929],[71.518,-24.426],[71.492,-24.922],[71.563,-25.404],[71.635,-25.885],[71.707,-26.366],[71.78,-26.847],[71.853,-27.328],[71.928,-27.809],[71.791,-28.251],[71.654,-28.693],[71.516,-29.135],[71.376,-29.577],[71.235,-30.019],[71.093,-30.461],[70.949,-30.902],[70.804,-31.343],[70.658,-31.784],[70.461,-32.125],[70.263,-32.466],[70.063,-32.807],[69.862,-33.147]]}},{"type":"Feature","properties":{"boundary_type":"subduction","feature_type":"gpml:SubductionZone","polarity":"Left","overriding_plate_id":null,"subducting_plate_id":null,"plate_ids":[457],"name":"Kunlun-Qaidam suture"},"geometry":{"type":"LineString","coordinates":[[69.862,-33.147],[69.755,-33.326],[69.884,-33.719],[70.014,-34.113],[69.974,-34.442]]}},{"type":"Feature","properties":{"boundary_type":"subduction","feature_type":"gpml:SubductionZone","polarity":"Left","overriding_plate_id":701,"subducting_plate_id":919,"plate_ids":[701,919],"name":"SZ (SE eastern Gondwanaland)"},"geometry":{"type":"LineString","coordinates":[[168.281,-19.997],[167.849,-19.736],[167.419,-19.474],[166.99,-19.211],[166.562,-18.947],[166.136,-18.682],[165.711,-18.416],[165.287,-18.149],[164.865,-17.881],[164.444,-17.612],[164.024,-17.342],[163.605,-17.072],[163.188,-16.801],[162.698,-16.718],[162.208,-16.634],[161.719,-16.549],[161.23,-16.462],[160.742,-16.375],[160.254,-16.287],[159.767,-16.197],[159.399,-15.92],[159.032,-15.642],[158.666,-15.364],[158.301,-15.085],[157.937,-14.805],[157.574,-14.525],[157.212,-14.245],[156.851,-13.964],[156.491,-13.682],[156.114,-13.393],[155.739,-13.104],[155.364,-12.814],[154.99,-12.524],[154.616,-12.233],[154.244,-11.941],[153.873,-11.65],[153.502,-11.357],[153.132,-11.064],[152.763,-10.771],[152.394,-10.477],[152.026,-10.183],[151.659,-9.889],[151.292,-9.594],[150.873,-9.391],[150.454,-9.188],[150.035,-8.984],[149.617,-8.78],[149.2,-8.575],[148.783,-8.37],[148.366,-8.164],[147.95,-7.958],[147.534,-7.752],[147.118,-7.545],[146.703,-7.338],[146.289,-7.13],[145.876,-6.882],[145.464,-6.633],[145.052,-6.384],[144.64,-6.135],[144.229,-5.885],[143.818,-5.635],[143.408,-5.384],[142.998,-5.134],[142.588,-4.883],[142.179,-4.632],[141.769,-4.38],[141.36,-4.129],[140.952,-3.877],[140.543,-3.625],[140.135,-3.373],[139.833,-3.033],[139.531,-2.693],[139.229,-2.354],[138.927,-2.014],[138.625,-1.674],[138.324,-1.334],[138.022,-0.994],[137.721,-0.654],[137.42,-0.314],[137.118,0.026],[136.748,0.361],[136.378,0.696],[136.008,1.032],[135.638,1.367],[135.268,1.702],[135.097,2.147],[134.926,2.591],[134.755,3.036],[134.584,3.481],[134.413,3.925],[134.241,4.37],[134.069,4.814],[133.837,5.195],[133.605,5.575],[133.372,5.956],[133.139,6.336],[132.906,6.716]]}},{"type":"Feature","properties":{"boundary_type":"subduction","feature_type":"gpml:SubductionZone","polarity":"Left","overriding_plate_id":701,"subducting_plate_id":926,"plate_ids":[701,926],"name":"SZ (SE eastern Gondwanaland)"},"geometry":{"type":"LineString","coordinates":[[132.906,6.716],[132.675,7.092],[132.443,7.467],[132.212,7.843],[131.98,8.218],[131.747,8.593],[131.514,8.968],[131.28,9.343],[130.897,9.644],[130.512,9.944],[130.128,10.243],[129.742,10.543],[129.356,10.841],[128.968,11.14],[128.58,11.438],[128.192,11.735],[127.802,12.032],[127.412,12.328],[127.081,12.547],[126.749,12.766],[126.417,12.985]]}},{"type":"Feature","properties":{"boundary_type":"subduction","feature_type":"gpml:SubductionZone","polarity":"Left","overriding_plate_id":466,"subducting_plate_id":902,"plate_ids":[466,902],"name":"Unknown oceanic subduction?"},"geometry":{"type":"LineString","coordinates":[[-2.075,-3.941],[-2.499,-4.053],[-2.924,-4.165],[-3.348,-4.276],[-3.773,-4.387],[-4.199,-4.579],[-4.625,-4.77],[-5.052,-4.961],[-5.479,-5.151],[-5.906,-5.342],[-6.333,-5.532],[-6.761,-5.722],[-7.189,-5.911],[-7.617,-6.1],[-8.045,-6.289],[-8.474,-6.477],[-8.903,-6.665],[-9.333,-6.853],[-9.802,-7.002],[-10.271,-7.152],[-10.741,-7.3],[-11.211,-7.449],[-11.681,-7.596],[-12.151,-7.744],[-12.622,-7.89],[-13.094,-8.037],[-13.565,-8.182],[-14.037,-8.328],[-14.509,-8.472],[-14.982,-8.616],[-15.455,-8.76],[-15.928,-8.902],[-16.278,-9.234],[-16.629,-9.566],[-16.981,-9.897],[-17.333,-10.228],[-17.686,-10.558],[-18.04,-10.889],[-18.394,-11.218],[-18.749,-11.548],[-19.105,-11.876],[-19.462,-12.205],[-19.82,-12.533],[-20.009,-12.807],[-20.198,-13.081]]}},{"type":"Feature","properties":{"boundary_type":"ridge","feature_type":"gpml:MidOceanRidge","polarity":null,"overriding_plate_id":null,"subducting_plate_id":null,"plate_ids":[172,302],"name":"Iapetus Ridge"},"geometry":{"type":"LineString","coordinates":[[-82.487,-49.483],[-82.405,-49.054],[-82.326,-48.624],[-82.247,-48.195],[-82.17,-47.766],[-82.094,-47.336],[-82.02,-46.907],[-82.393,-46.82],[-82.766,-46.731],[-82.668,-46.266],[-82.571,-45.8],[-82.476,-45.335],[-82.383,-44.869],[-82.291,-44.403],[-82.201,-43.937],[-82.112,-43.471],[-82.025,-43.005],[-81.938,-42.539],[-81.853,-42.073],[-82.387,-41.985],[-82.92,-41.894],[-83.451,-41.801],[-83.36,-41.355],[-83.271,-40.91],[-83.183,-40.464],[-83.096,-40.018],[-83.01,-39.572],[-82.925,-39.126],[-82.842,-38.68],[-82.759,-38.234],[-83.243,-38.142],[-83.726,-38.047],[-83.577,-37.568],[-83.43,-37.089],[-83.285,-36.609]]}},{"type":"Feature","properties":{"boundary_type":"ridge","feature_type":"gpml:MidOceanRidge","polarity":null,"overriding_plate_id":null,"subducting_plate_id":null,"plate_ids":[101,302],"name":"Iapetus Ridge"},"geometry":{"type":"LineString","coordinates":[[-83.285,-36.609],[-83.186,-36.277],[-83.087,-35.945],[-82.989,-35.612]]}},{"type":"Feature","properties":{"boundary_type":"ridge","feature_type":"gpml:MidOceanRidge","polarity":null,"overriding_plate_id":null,"subducting_plate_id":null,"plate_ids":[602,701],"name":"SC-India MOR"},"geometry":{"type":"LineString","coordinates":[[113.122,-26.886],[112.826,-27.17],[113.17,-27.472],[113.515,-27.774],[113.108,-28.095],[112.698,-28.415],[112.286,-28.734],[111.871,-29.052],[111.454,-29.368],[111.034,-29.684],[110.612,-29.997],[110.187,-30.31],[109.759,-30.621],[109.328,-30.931],[108.895,-31.239],[108.459,-31.546],[108.218,-31.211],[107.845,-31.543],[107.469,-31.873],[107.09,-32.202],[106.709,-32.531],[106.325,-32.858],[105.937,-33.184],[105.547,-33.508],[105.154,-33.832],[104.759,-34.154],[104.36,-34.475],[104.558,-34.881],[104.758,-35.287],[104.96,-35.692],[104.508,-35.93],[104.053,-36.167],[103.595,-36.401],[103.135,-36.634],[102.672,-36.865],[102.206,-37.094],[102.508,-37.525],[102.814,-37.954],[102.61,-38.045]]}},{"type":"Feature","properties":{"boundary_type":"ridge","feature_type":"gpml:MidOceanRidge","polarity":null,"overriding_plate_id":null,"subducting_plate_id":null,"plate_ids":[580,701],"name":"Kunlun-Gondwana MOR"},"geometry":{"type":"LineString","coordinates":[[70.892,-48.564],[70.816,-48.406],[70.632,-47.971],[70.451,-47.535],[70.273,-47.1],[70.098,-46.664],[70.811,-46.584],[71.521,-46.499],[72.229,-46.41],[72.935,-46.317],[73.639,-46.219],[74.34,-46.117],[75.038,-46.011],[75.733,-45.901],[75.585,-45.52],[75.44,-45.139],[75.296,-44.758],[75.843,-44.573],[76.386,-44.385],[76.383,-44.068],[76.38,-43.751],[76.844,-43.549],[77.305,-43.346],[77.172,-42.934],[77.561,-42.776],[77.949,-42.616],[77.81,-42.324],[77.672,-42.032],[78.109,-41.825],[78.544,-41.617],[78.975,-41.407],[78.798,-41.08]]}},{"type":"Feature","properties":{"boundary_type":"ridge","feature_type":"gpml:MidOceanRidge","polarity":null,"overriding_plate_id":null,"subducting_plate_id":null,"plate_ids":[457,701],"name":"Kunlun-Gondwana MOR"},"geometry":{"type":"LineString","coordinates":[[78.798,-41.08],[78.605,-40.721],[78.415,-40.363],[78.904,-40.112],[79.388,-39.858],[79.869,-39.603],[80.347,-39.346],[80.821,-39.087],[80.534,-38.689],[80.251,-38.291],[79.971,-37.891],[79.633,-37.493],[79.298,-37.093],[78.966,-36.693],[79.295,-36.473],[79.622,-36.252],[79.947,-36.03],[79.734,-35.741],[79.522,-35.451],[79.94,-35.188],[80.356,-34.922],[80.769,-34.655],[81.179,-34.387],[81.587,-34.118],[81.194,-33.756],[80.805,-33.394],[81.158,-33.116],[81.509,-32.838],[81.858,-32.558],[82.205,-32.278],[82.55,-31.996],[82.185,-31.703],[81.822,-31.408],[82.189,-31.072],[82.553,-30.735],[82.914,-30.397],[83.273,-30.059],[83.629,-29.719],[83.983,-29.378],[83.641,-29.124],[83.301,-28.869],[82.962,-28.613],[83.258,-28.288],[83.552,-27.963],[83.845,-27.637],[84.135,-27.311],[84.424,-26.984],[84.036,-26.699],[83.65,-26.413],[83.267,-26.126],[82.884,-25.838],[83.179,-25.495],[83.472,-25.152],[83.764,-24.808],[84.054,-24.463],[84.342,-24.118],[84.629,-23.773],[84.341,-23.549],[84.054,-23.324],[83.768,-23.099],[83.933,-22.859],[84.098,-22.619]]}},{"type":"Feature","properties":{"boundary_type":"ridge","feature_type":"gpml:MidOceanRidge","polarity":null,"overriding_plate_id":null,"subducting_plate_id":null,"plate_ids":[457,602],"name":"Kunlun-Gondwana MOR"},"geometry":{"type":"LineString","coordinates":[[84.098,-22.619],[84.165,-22.521]]}},{"type":"Feature","properties":{"boundary_type":"ridge","feature_type":"gpml:MidOceanRidge","polarity":null,"overriding_plate_id":null,"subducting_plate_id":null,"plate_ids":[460,466],"name":"Chu-Yili - North Tianshan Ocean"},"geometry":{"type":"LineString","coordinates":[[3.388,-19.241],[3.912,-19.18],[4.436,-19.117],[4.959,-19.053],[5.482,-18.988],[6.005,-18.921],[6.527,-18.852],[7.048,-18.782]]}},{"type":"Feature","properties":{"boundary_type":"ridge","feature_type":"gpml:MidOceanRidge","polarity":null,"overriding_plate_id":null,"subducting_plate_id":null,"plate_ids":[459,460],"name":"Chu-Yili - North Tianshan Ocean"},"geometry":{"type":"LineString","coordinates":[[7.048,-18.782],[7.57,-18.711],[8.091,-18.638],[8.612,-18.563],[9.133,-18.488],[9.653,-18.41],[10.172,-18.332],[10.334,-18.677],[10.497,-19.021],[11.008,-18.924],[11.519,-18.826],[12.028,-18.727],[12.538,-18.626],[13.046,-18.523],[13.554,-18.42],[14.062,-18.315],[14.569,-18.208],[15.075,-18.101],[15.58,-17.992],[16.085,-17.881],[16.032,-17.545],[15.979,-17.209],[16.455,-17.153],[16.93,-17.096],[17.405,-17.038],[17.88,-16.979],[18.355,-16.918],[18.829,-16.857],[19.303,-16.794],[19.777,-16.73],[20.251,-16.666],[20.311,-17.126],[20.371,-17.586],[20.851,-17.46],[21.33,-17.333],[21.809,-17.205],[22.287,-17.076],[22.764,-16.946],[23.24,-16.814],[23.716,-16.682],[24.191,-16.548],[24.666,-16.414],[25.139,-16.278],[25.612,-16.141],[26.085,-16.003],[25.918,-15.543],[25.751,-15.082],[25.586,-14.622],[26.046,-14.459],[26.505,-14.296],[26.964,-14.131],[27.422,-13.966],[27.88,-13.8],[28.337,-13.633],[28.793,-13.466],[29.248,-13.297],[29.703,-13.128],[30.157,-12.958]]}},{"type":"Feature","properties":{"boundary_type":"ridge","feature_type":"gpml:MidOceanRidge","polarity":null,"overriding_plate_id":null,"subducting_plate_id":null,"plate_ids":[460],"name":"Chu-Yili - North Tianshan Ocean"},"geometry":{"type":"LineString","coordinates":[[30.157,-12.958],[30.368,-12.878]]}},{"type":"Feature","properties":{"boundary_type":"ridge","feature_type":"gpml:MidOceanRidge","polarity":null,"overriding_plate_id":null,"subducting_plate_id":null,"plate_ids":[302,404],"name":"Kara-Baltica MoR"},"geometry":{"type":"LineString","coordinates":[[-41.415,-32.067],[-40.855,-32.215],[-40.294,-32.361],[-39.731,-32.504],[-39.166,-32.645],[-38.6,-32.783],[-38.032,-32.919],[-37.462,-33.052],[-37.503,-33.203],[-37.003,-33.305],[-36.503,-33.406],[-36.001,-33.505],[-35.498,-33.601],[-34.994,-33.696],[-34.489,-33.788],[-33.983,-33.879],[-33.939,-33.579],[-33.435,-33.679],[-32.93,-33.777],[-32.424,-33.873],[-31.918,-33.967],[-31.409,-34.058],[-30.9,-34.148],[-30.39,-34.236],[-30.42,-34.449],[-29.831,-34.545],[-29.24,-34.638],[-28.648,-34.728],[-28.055,-34.816],[-27.46,-34.9],[-26.864,-34.982],[-26.792,-34.541],[-26.721,-34.099],[-26.651,-33.658],[-26.581,-33.216],[-26.512,-32.775],[-26.444,-32.333],[-26.377,-31.892],[-26.31,-31.45],[-26.243,-31.008],[-25.723,-30.998],[-25.202,-30.987],[-24.681,-30.973],[-24.161,-30.957],[-23.641,-30.939],[-23.121,-30.918],[-22.601,-30.896],[-22.082,-30.872],[-22.051,-30.439],[-22.021,-30.007],[-21.991,-29.574],[-21.962,-29.141],[-21.932,-28.709],[-21.903,-28.276],[-21.365,-28.244],[-20.827,-28.21],[-20.289,-28.174],[-19.752,-28.135],[-19.215,-28.095],[-18.679,-28.052],[-18.143,-28.008],[-18.087,-28.378],[-18.031,-28.747],[-17.974,-29.117],[-17.407,-29.091],[-16.841,-29.063],[-16.275,-29.033],[-15.709,-29.0],[-15.144,-28.964],[-14.579,-28.927],[-14.015,-28.887],[-13.45,-28.844],[-12.887,-28.799],[-12.324,-28.752],[-11.761,-28.703],[-11.199,-28.651]]}},{"type":"Feature","properties":{"boundary_type":"ridge","feature_type":"gpml:MidOceanRidge","polarity":null,"overriding_plate_id":null,"subducting_plate_id":null,"plate_ids":[302,466],"name":"Kara-Baltica MoR"},"geometry":{"type":"LineString","coordinates":[[-11.199,-28.651],[-10.932,-28.626]]}},{"type":"Feature","properties":{"boundary_type":"ridge","feature_type":"gpml:MidOceanRidge","polarity":null,"overriding_plate_id":null,"subducting_plate_id":null,"plate_ids":[457,602],"name":"Q/Q-South China MoR"},"geometry":{"type":"LineString","coordinates":[[81.165,-21.038],[81.268,-20.583],[81.372,-20.127],[81.474,-19.671],[80.99,-19.528],[80.507,-19.384],[80.025,-19.238],[80.126,-18.822],[80.226,-18.405],[80.326,-17.989],[80.425,-17.572],[80.524,-17.155],[80.622,-16.739],[80.183,-16.608],[79.745,-16.476]]}},{"type":"Feature","properties":{"boundary_type":"ridge","feature_type":"gpml:MidOceanRidge","polarity":null,"overriding_plate_id":null,"subducting_plate_id":null,"plate_ids":[451,580],"name":"Alxa back arc"},"geometry":{"type":"LineString","coordinates":[[51.938,-17.508],[51.95,-17.396]]}},{"type":"Feature","properties":{"boundary_type":"ridge","feature_type":"gpml:MidOceanRidge","polarity":null,"overriding_plate_id":null,"subducting_plate_id":null,"plate_ids":[451,4511],"name":"Alxa back arc"},"geometry":{"type":"LineString","coordinates":[[51.95,-17.396],[51.98,-17.116],[52.009,-16.836],[52.342,-16.905],[52.406,-16.426],[52.47,-15.947],[52.533,-15.467],[52.596,-14.988],[52.67,-14.991],[52.728,-14.577],[52.786,-14.164],[52.843,-13.75],[52.76,-13.744],[52.83,-13.26],[52.899,-12.776],[52.967,-12.291],[53.064,-12.299],[53.109,-11.987],[53.154,-11.674],[52.742,-11.549],[52.824,-11.139],[52.906,-10.728],[53.223,-10.824],[53.3,-10.455],[53.376,-10.085],[53.452,-9.715]]}},{"type":"Feature","properties":{"boundary_type":"ridge","feature_type":"gpml:MidOceanRidge","polarity":null,"overriding_plate_id":null,"subducting_plate_id":null,"plate_ids":[451,580],"name":"Alxa back arc"},"geometry":{"type":"LineString","coordinates":[[53.452,-9.715],[53.472,-9.618]]}},{"type":"Feature","properties":{"boundary_type":"ridge","feature_type":"gpml:MidOceanRidge","polarity":null,"overriding_plate_id":null,"subducting_plate_id":null,"plate_ids":[466,701],"name":"Tianshan-Gondwana MoR"},"geometry":{"type":"LineString","coordinates":[[6.372,-57.127],[7.131,-57.03],[7.887,-56.928],[8.638,-56.822],[8.837,-57.254],[9.041,-57.686],[9.942,-57.601],[10.84,-57.51],[11.733,-57.412],[12.621,-57.308],[13.504,-57.198],[14.381,-57.082],[15.253,-56.959],[16.119,-56.831],[16.364,-57.136],[16.613,-57.441],[17.488,-57.298],[18.357,-57.149],[19.218,-56.994],[20.073,-56.833],[20.92,-56.666],[21.759,-56.493],[22.59,-56.315],[22.768,-56.608],[22.949,-56.901],[23.681,-56.713],[24.405,-56.52],[25.121,-56.323],[25.831,-56.122],[26.532,-55.917],[27.227,-55.708],[27.914,-55.495],[28.593,-55.278],[28.928,-55.559],[29.268,-55.838],[30.023,-55.598],[30.769,-55.353],[31.506,-55.104],[32.233,-54.85],[32.952,-54.592],[33.661,-54.329],[34.361,-54.063],[35.053,-53.792],[35.735,-53.518],[35.354,-53.206],[34.979,-52.892],[35.566,-52.641],[36.145,-52.386],[36.718,-52.129],[37.285,-51.869],[37.845,-51.606],[38.398,-51.341],[38.76,-51.618],[39.366,-51.315],[39.964,-51.008],[40.554,-50.699],[41.137,-50.386],[41.711,-50.071],[42.278,-49.753],[42.062,-49.565],[42.613,-49.25],[43.157,-48.932],[43.693,-48.612],[44.223,-48.289],[44.746,-47.963],[45.263,-47.636],[45.773,-47.306],[46.277,-46.974],[46.775,-46.639],[47.266,-46.303],[47.613,-46.528],[48.105,-46.167],[48.591,-45.803],[49.07,-45.438],[49.543,-45.07],[50.011,-44.701],[50.472,-44.33],[50.927,-43.957],[51.377,-43.582],[51.821,-43.205]]}},{"type":"Feature","properties":{"boundary_type":"ridge","feature_type":"gpml:MidOceanRidge","polarity":null,"overriding_plate_id":null,"subducting_plate_id":null,"plate_ids":[466,580],"name":"Tianshan-Gondwana MoR"},"geometry":{"type":"LineString","coordinates":[[51.821,-43.205],[52.079,-42.983]]}},{"type":"Feature","properties":{"boundary_type":"ridge","feature_type":"gpml:MidOceanRidge","polarity":null,"overriding_plate_id":null,"subducting_plate_id":null,"plate_ids":[701,1018],"name":"Penobscot Backarc"},"geometry":{"type":"LineString","coordinates":[[-94.201,-45.778],[-94.175,-45.766],[-93.797,-46.025],[-93.416,-46.283],[-93.031,-46.54],[-92.618,-46.289],[-92.112,-46.622],[-91.6,-46.952],[-91.081,-47.28],[-90.699,-46.981],[-90.167,-47.274],[-89.63,-47.564],[-89.086,-47.852],[-88.537,-48.137],[-87.981,-48.419],[-87.419,-48.699],[-86.851,-48.976],[-86.277,-49.25],[-85.696,-49.522],[-85.35,-49.134],[-84.762,-49.397],[-84.167,-49.657],[-83.565,-49.913],[-82.957,-50.166],[-82.343,-50.416],[-81.722,-50.663],[-81.095,-50.907],[-81.389,-51.242],[-80.739,-51.502],[-80.082,-51.758],[-79.417,-52.01],[-78.745,-52.259],[-78.065,-52.504],[-78.211,-52.65],[-77.518,-52.901],[-76.817,-53.148],[-76.108,-53.39],[-75.391,-53.628],[-74.665,-53.862],[-73.932,-54.091],[-73.191,-54.316],[-73.338,-54.573],[-72.687,-54.788],[-72.029,-54.999],[-71.364,-55.207],[-70.692,-55.411],[-70.014,-55.611],[-69.328,-55.808],[-68.636,-56.0]]}},{"type":"Feature","properties":{"boundary_type":"ridge","feature_type":"gpml:MidOceanRidge","polarity":null,"overriding_plate_id":null,"subducting_plate_id":null,"plate_ids":[101,919],"name":"Laurentia-Cuyania Ridge"},"geometry":{"type":"LineString","coordinates":[[-166.716,14.455],[-166.627,14.006],[-166.539,13.556],[-166.452,13.106]]}},{"type":"Feature","properties":{"boundary_type":"ridge","feature_type":"gpml:MidOceanRidge","polarity":null,"overriding_plate_id":null,"subducting_plate_id":null,"plate_ids":[101,22601],"name":"Laurentia-Cuyania Ridge"},"geometry":{"type":"LineString","coordinates":[[-166.452,13.106],[-166.357,12.617],[-166.262,12.127],[-166.168,11.638],[-166.074,11.148],[-165.981,10.659],[-165.888,10.17],[-165.795,9.68],[-165.702,9.19],[-165.61,8.701],[-165.517,8.211],[-165.426,7.722],[-165.334,7.232],[-165.242,6.742],[-165.494,6.703],[-165.747,6.664],[-165.627,6.206],[-165.507,5.749],[-165.387,5.291],[-165.268,4.833],[-165.148,4.376],[-165.029,3.918],[-164.91,3.46],[-164.791,3.002],[-164.672,2.545],[-164.553,2.087],[-164.435,1.629],[-164.051,1.684],[-163.667,1.738],[-163.284,1.793],[-163.136,1.34],[-162.988,0.886],[-162.841,0.433],[-162.693,-0.02],[-162.545,-0.474],[-162.398,-0.927],[-162.25,-1.38],[-162.102,-1.834],[-161.757,-1.793],[-161.594,-2.232],[-161.432,-2.67],[-161.269,-3.109],[-161.106,-3.547],[-160.942,-3.986],[-160.779,-4.424],[-160.615,-4.862],[-160.452,-5.301],[-160.288,-5.739],[-160.123,-6.177],[-159.959,-6.616],[-159.794,-7.054],[-159.629,-7.492],[-159.293,-7.418],[-158.958,-7.344],[-158.828,-7.813],[-158.698,-8.281],[-158.568,-8.75],[-158.437,-9.218],[-158.306,-9.687],[-158.174,-10.155],[-158.043,-10.623],[-157.91,-11.092],[-157.778,-11.56],[-157.645,-12.028],[-157.511,-12.496],[-157.377,-12.964],[-157.243,-13.432],[-157.108,-13.9],[-156.972,-14.368],[-156.836,-14.835],[-157.253,-14.975],[-157.67,-15.114],[-158.088,-15.252],[-158.507,-15.389],[-158.393,-15.847],[-158.278,-16.304],[-158.163,-16.761],[-158.047,-17.219],[-157.931,-17.676],[-157.814,-18.133],[-157.697,-18.59],[-157.579,-19.047]]}},{"type":"Feature","properties":{"boundary_type":"ridge","feature_type":"gpml:MidOceanRidge","polarity":null,"overriding_plate_id":null,"subducting_plate_id":null,"plate_ids":[101,172],"name":"Laurentia-Cuyania Ridge"},"geometry":{"type":"LineString","coordinates":[[-157.579,-19.047],[-157.576,-19.058]]}},{"type":"Feature","properties":{"boundary_type":"ridge","feature_type":"gpml:MidOceanRidge","polarity":null,"overriding_plate_id":null,"subducting_plate_id":null,"plate_ids":[466,580],"name":"Tarim-Tianshan MoR"},"geometry":{"type":"LineString","coordinates":[[41.878,-36.391],[41.87,-35.918],[41.862,-35.445],[41.854,-34.972],[41.846,-34.499],[41.838,-34.026],[41.831,-33.552],[41.823,-33.079],[41.816,-32.606],[41.808,-32.133],[41.801,-31.66],[41.794,-31.187],[41.787,-30.714],[41.78,-30.24],[41.772,-29.767],[41.766,-29.294],[41.759,-28.821],[41.752,-28.348],[42.28,-28.249],[42.806,-28.149],[43.332,-28.047],[43.857,-27.942],[43.768,-27.453],[43.681,-26.964],[43.594,-26.475],[43.508,-25.985],[43.422,-25.496],[43.338,-25.007],[43.253,-24.517],[43.17,-24.028],[43.087,-23.538],[43.005,-23.048],[42.923,-22.559],[42.842,-22.069],[42.762,-21.579],[42.682,-21.09],[42.603,-20.6],[42.524,-20.11],[42.445,-19.62],[42.367,-19.13],[42.29,-18.64],[42.213,-18.15]]}},{"type":"Feature","properties":{"boundary_type":"ridge","feature_type":"gpml:MidOceanRidge","polarity":null,"overriding_plate_id":null,"subducting_plate_id":null,"plate_ids":[466,5801],"name":"Tarim-Tianshan MoR"},"geometry":{"type":"LineString","coordinates":[[42.213,-18.15],[42.182,-17.953]]}},{"type":"Feature","properties":{"boundary_type":"ridge","feature_type":"gpml:MidOceanRidge","polarity":null,"overriding_plate_id":null,"subducting_plate_id":null,"plate_ids":[902,919],"name":"Panthalassa"},"geometry":{"type":"LineString","coordinates":[[-166.611,76.108],[-168.444,75.888],[-170.22,75.655],[-171.94,75.409],[-173.602,75.15],[-175.207,74.88],[-176.756,74.6],[-178.25,74.308],[-179.69,74.007],[178.923,73.697],[177.587,73.378],[176.3,73.051],[175.061,72.716],[173.869,72.374],[172.721,72.025],[171.615,71.669],[170.551,71.308],[169.526,70.94],[168.538,70.567],[167.587,70.189],[166.67,69.806],[167.575,69.599],[168.463,69.387],[167.646,68.984],[166.858,68.578],[166.098,68.167],[165.365,67.754],[164.657,67.337],[163.974,66.917],[163.314,66.494],[162.676,66.069],[162.059,65.641],[161.462,65.21],[160.885,64.778],[160.325,64.343],[159.784,63.906],[159.258,63.467],[158.749,63.026],[158.255,62.584],[157.775,62.14],[157.309,61.694],[156.857,61.247],[156.417,60.798],[155.99,60.348],[155.574,59.896],[155.169,59.443],[154.775,58.989],[154.391,58.534],[154.017,58.078]]}},{"type":"Feature","properties":{"boundary_type":"ridge","feature_type":"gpml:MidOceanRidge","polarity":null,"overriding_plate_id":null,"subducting_plate_id":null,"plate_ids":[919,926],"name":"Panthalassa"},"geometry":{"type":"LineString","coordinates":[[154.017,58.078],[153.677,57.652],[153.346,57.225],[153.021,56.797],[152.705,56.369],[152.395,55.94],[152.092,55.51],[151.795,55.079],[151.505,54.648],[151.221,54.215],[150.943,53.783],[150.304,53.919],[149.662,54.052],[149.015,54.181],[148.364,54.307],[148.126,53.835],[147.894,53.362],[147.667,52.888],[147.444,52.415],[147.226,51.941],[147.013,51.466],[146.804,50.991],[146.6,50.516],[146.399,50.04],[146.203,49.565],[146.01,49.088],[145.821,48.612],[145.636,48.135],[145.453,47.658],[145.275,47.18],[145.099,46.702],[144.926,46.225],[144.757,45.746],[144.59,45.268],[144.426,44.789],[144.265,44.31],[144.107,43.831],[143.45,43.86],[142.793,43.886],[142.624,43.408],[142.458,42.931],[142.294,42.453],[142.133,41.975],[141.975,41.496],[141.818,41.018],[141.664,40.539],[141.512,40.06],[141.363,39.581],[141.215,39.102],[141.069,38.622],[140.925,38.143],[140.783,37.663],[140.643,37.183],[140.505,36.703],[140.368,36.222],[140.233,35.742],[140.1,35.261],[139.968,34.78],[139.838,34.299],[139.709,33.818],[139.582,33.337],[139.456,32.856],[139.332,32.374],[139.208,31.893],[139.087,31.411],[138.966,30.929],[138.846,30.448],[138.728,29.965],[138.611,29.483],[138.495,29.001],[138.38,28.519],[138.266,28.036],[138.153,27.554],[138.041,27.071],[137.93,26.589],[137.82,26.106],[137.711,25.623],[137.603,25.14],[137.495,24.657],[137.389,24.174],[137.283,23.691],[137.178,23.208],[137.074,22.724],[136.97,22.241],[136.868,21.757],[136.766,21.274],[136.664,20.79],[136.563,20.307],[136.463,19.823],[136.364,19.339],[136.265,18.856],[136.166,18.372],[136.069,17.888],[135.971,17.404],[135.832,16.94],[135.694,16.476],[135.556,16.012],[135.419,15.548],[135.282,15.084],[135.146,14.619],[135.011,14.155],[134.876,13.69],[134.742,13.226],[134.608,12.761],[134.474,12.297],[134.342,11.832],[134.209,11.367],[134.077,10.902],[133.946,10.437],[133.815,9.972],[133.684,9.507],[133.553,9.042],[133.423,8.577],[133.293,8.112],[133.164,7.647],[133.035,7.181],[132.906,6.716]]}},{"type":"Feature","properties":{"boundary_type":"ridge","feature_type":"gpml:MidOceanRidge","polarity":null,"overriding_plate_id":null,"subducting_plate_id":null,"plate_ids":[902,926],"name":"Panthalassa"},"geometry":{"type":"LineString","coordinates":[[154.017,58.078],[153.361,58.438],[152.691,58.794],[152.008,59.147],[151.31,59.497],[150.598,59.842],[149.871,60.184],[149.129,60.521],[148.372,60.855],[147.598,61.184],[146.808,61.508],[146.002,61.828],[145.179,62.143],[144.338,62.453],[143.481,62.758],[142.605,63.057],[141.711,63.351],[140.8,63.64],[139.869,63.922],[138.92,64.199],[137.952,64.469],[136.965,64.732],[135.959,64.989],[134.933,65.239],[133.888,65.482],[132.824,65.717],[131.741,65.945],[130.638,66.166],[129.517,66.378],[128.377,66.582],[127.218,66.778],[126.041,66.965],[124.846,67.143],[123.634,67.312],[122.405,67.472],[121.16,67.622],[119.9,67.763],[118.624,67.894],[117.335,68.015],[116.033,68.126],[114.719,68.226],[113.394,68.316],[112.06,68.395],[110.716,68.464],[109.365,68.522],[108.007,68.569],[106.645,68.605],[105.279,68.63],[103.91,68.644],[102.541,68.646],[101.171,68.638],[99.804,68.619],[99.739,68.167],[99.676,67.716],[99.615,67.265],[99.557,66.814],[99.501,66.363],[99.447,65.912],[98.226,65.877],[97.008,65.833],[95.795,65.779],[94.588,65.715],[93.387,65.642],[92.193,65.56],[91.008,65.468],[89.83,65.367],[88.663,65.257],[87.505,65.138],[86.358,65.011],[85.223,64.874],[84.099,64.729],[82.987,64.576],[81.889,64.414],[80.803,64.244],[79.731,64.066],[78.673,63.881],[77.629,63.687],[76.6,63.487],[75.585,63.279],[74.585,63.064],[73.6,62.842],[72.63,62.613],[71.675,62.378],[70.735,62.136],[69.81,61.888],[68.9,61.634],[68.005,61.373],[67.125,61.107],[66.26,60.836],[65.409,60.559],[64.574,60.277],[63.752,59.989],[62.945,59.697],[62.152,59.399],[61.373,59.097],[60.607,58.791],[59.855,58.479],[59.117,58.164],[58.391,57.844],[57.679,57.521],[56.978,57.193],[56.291,56.862],[55.615,56.526],[54.951,56.188],[54.299,55.845],[53.659,55.5],[53.03,55.151],[52.411,54.799],[51.804,54.443],[51.206,54.085],[50.619,53.724],[50.043,53.36],[49.476,52.993],[48.918,52.624],[48.37,52.252],[47.831,51.878],[47.301,51.501],[46.78,51.122],[46.267,50.74],[45.762,50.357],[45.266,49.971],[44.777,49.583],[44.297,49.193],[43.823,48.801],[43.358,48.408],[42.899,48.012],[42.447,47.614],[42.002,47.215],[41.564,46.814],[41.132,46.412],[40.707,46.008],[40.288,45.602],[39.875,45.195],[39.468,44.786],[39.066,44.376],[38.67,43.965],[38.28,43.552],[37.894,43.138],[37.515,42.722],[37.14,42.306],[36.77,41.888],[36.405,41.469],[36.044,41.049],[35.688,40.627],[35.337,40.205],[34.99,39.782],[34.437,40.014],[33.881,40.243],[33.32,40.47],[32.757,40.693],[32.422,40.267],[32.093,39.839],[31.767,39.411],[31.445,38.982],[31.127,38.551],[30.813,38.12],[30.503,37.688],[30.196,37.256],[29.893,36.822],[29.593,36.388],[29.296,35.953],[29.003,35.517],[28.713,35.081],[28.426,34.644],[28.142,34.206],[27.861,33.768],[27.582,33.329],[27.307,32.889],[27.034,32.449],[26.764,32.008],[26.497,31.566],[26.232,31.125],[25.969,30.682],[25.709,30.239],[25.451,29.796],[25.196,29.352],[24.943,28.907],[24.692,28.462],[24.443,28.017],[24.196,27.571],[23.951,27.124],[23.708,26.678],[23.467,26.231],[23.227,25.783],[22.99,25.335],[22.754,24.887],[22.52,24.438],[22.288,23.989],[22.057,23.54],[21.828,23.09],[21.6,22.64],[21.374,22.19],[21.15,21.739],[20.926,21.288],[20.704,20.837],[20.484,20.385],[20.264,19.934],[19.827,20.053],[19.389,20.171],[18.951,20.288],[18.511,20.403],[18.268,19.959],[18.026,19.514],[17.785,19.069],[17.546,18.623],[17.308,18.177],[17.071,17.731],[16.835,17.284],[16.601,16.838],[16.367,16.391],[16.135,15.943],[15.903,15.496],[15.673,15.048],[15.444,14.6],[15.215,14.152],[14.988,13.704],[14.761,13.255],[14.535,12.806],[14.31,12.357],[14.086,11.908],[13.862,11.459],[13.639,11.009],[13.417,10.559],[13.195,10.11],[12.975,9.66],[12.754,9.209],[12.534,8.759],[12.315,8.309],[12.096,7.858],[11.878,7.408],[11.66,6.957],[11.443,6.506],[11.226,6.055],[11.009,5.604],[10.793,5.153],[10.577,4.702],[10.361,4.251],[10.146,3.799],[9.931,3.348],[9.716,2.896],[9.501,2.445],[9.286,1.994],[9.071,1.542],[8.857,1.091],[8.594,1.304],[8.331,1.518],[8.108,1.11],[7.886,0.701],[7.663,0.293],[7.44,-0.116],[7.217,-0.525],[6.994,-0.933],[6.771,-1.342],[6.548,-1.75],[6.325,-2.159],[6.102,-2.567],[5.878,-2.976],[5.655,-3.384],[5.431,-3.792],[5.217,-4.183],[5.002,-4.573],[4.788,-4.964],[4.573,-5.354],[4.358,-5.745]]}},{"type":"Feature","properties":{"boundary_type":"ridge","feature_type":"gpml:MidOceanRidge","polarity":null,"overriding_plate_id":null,"subducting_plate_id":null,"plate_ids":[101,401],"name":"Sibeira-Laurentia (Uralian Ocean?)"},"geometry":{"type":"LineString","coordinates":[[-73.068,10.539],[-73.147,10.113],[-73.226,9.686],[-73.305,9.26],[-73.383,8.833],[-73.462,8.406],[-73.54,7.98],[-74.03,7.939],[-74.52,7.897],[-74.561,7.4],[-74.603,6.904],[-74.644,6.407],[-74.686,5.91],[-74.727,5.414],[-74.768,4.917],[-74.809,4.42],[-74.851,3.923],[-74.892,3.427],[-74.933,2.93],[-74.974,2.433],[-75.015,1.937],[-75.069,1.445],[-75.124,0.954],[-75.179,0.462],[-75.234,-0.03],[-75.289,-0.521],[-75.344,-1.013],[-75.398,-1.504],[-75.453,-1.996],[-75.508,-2.487],[-75.563,-2.979],[-75.618,-3.47],[-76.097,-3.4],[-76.172,-3.892],[-76.248,-4.384],[-76.324,-4.876],[-76.4,-5.368],[-76.476,-5.86],[-76.552,-6.352],[-76.628,-6.844],[-76.705,-7.336],[-76.781,-7.828],[-76.858,-8.32],[-76.935,-8.811],[-77.012,-9.303],[-77.09,-9.795],[-77.169,-10.289],[-77.248,-10.783],[-77.328,-11.277],[-77.407,-11.77],[-77.487,-12.264],[-77.568,-12.758],[-77.648,-13.251],[-77.729,-13.745],[-77.811,-14.239],[-77.892,-14.732],[-77.974,-15.226],[-77.479,-15.299],[-77.566,-15.769],[-77.654,-16.24],[-77.741,-16.71],[-77.83,-17.18],[-77.918,-17.651],[-78.007,-18.121],[-78.097,-18.591],[-78.187,-19.061],[-78.278,-19.531],[-78.369,-20.002],[-78.461,-20.472],[-78.553,-20.942],[-78.646,-21.411],[-78.195,-21.497],[-77.743,-21.581],[-77.291,-21.664],[-76.839,-21.746],[-76.931,-22.201],[-77.023,-22.657],[-77.117,-23.111],[-77.21,-23.566],[-77.305,-24.021],[-77.4,-24.476],[-77.496,-24.931],[-77.592,-25.385],[-77.202,-25.44],[-76.812,-25.494],[-76.422,-25.547],[-76.484,-26.011],[-76.547,-26.476],[-76.61,-26.94],[-76.674,-27.404],[-76.738,-27.869],[-76.803,-28.333],[-76.869,-28.797],[-76.935,-29.262],[-77.002,-29.726],[-77.069,-30.19],[-77.137,-30.654],[-77.206,-31.119],[-77.275,-31.583]]}},{"type":"Feature","properties":{"boundary_type":"ridge","feature_type":"gpml:MidOceanRidge","polarity":null,"overriding_plate_id":null,"subducting_plate_id":null,"plate_ids":[101,302],"name":"Sibeira-Laurentia (Uralian Ocean?)"},"geometry":{"type":"LineString","coordinates":[[-77.275,-31.583],[-77.342,-32.031],[-77.411,-32.479],[-77.48,-32.927],[-77.549,-33.375],[-77.62,-33.823],[-77.691,-34.271],[-77.762,-34.719],[-77.835,-35.167]]}},{"type":"Feature","properties":{"boundary_type":"ridge","feature_type":"gpml:MidOceanRidge","polarity":null,"overriding_plate_id":null,"subducting_plate_id":null,"plate_ids":[401,404],"name":"Siberia-Baltica/Kara MoR"},"geometry":{"type":"LineString","coordinates":[[-44.519,-26.163],[-44.126,-25.857],[-43.736,-25.55],[-43.347,-25.242],[-42.961,-24.933],[-42.576,-24.622],[-42.193,-24.311],[-41.812,-23.999],[-41.433,-23.687],[-41.056,-23.373],[-40.771,-23.613],[-40.485,-23.853],[-40.198,-24.092],[-39.806,-23.794],[-39.416,-23.495],[-39.027,-23.195],[-38.641,-22.893],[-38.256,-22.591],[-37.872,-22.288],[-38.014,-22.158],[-37.704,-21.914],[-37.395,-21.67],[-37.087,-21.426],[-36.78,-21.181],[-36.899,-21.057],[-36.498,-20.73],[-36.098,-20.402],[-35.7,-20.073],[-35.304,-19.743],[-34.909,-19.412],[-34.516,-19.08],[-34.125,-18.747],[-33.735,-18.414],[-33.435,-18.714],[-33.135,-19.013],[-32.756,-18.713],[-32.379,-18.411],[-32.002,-18.109],[-31.628,-17.806],[-31.254,-17.502],[-30.882,-17.198],[-30.511,-16.893],[-30.141,-16.587],[-29.773,-16.28],[-29.405,-15.973],[-29.039,-15.666],[-28.674,-15.357],[-28.309,-15.049],[-27.946,-14.739],[-27.584,-14.429],[-27.854,-14.099],[-28.124,-13.769],[-27.872,-13.532],[-27.622,-13.296]]}},{"type":"Feature","properties":{"boundary_type":"ridge","feature_type":"gpml:MidOceanRidge","polarity":null,"overriding_plate_id":null,"subducting_plate_id":null,"plate_ids":[404,902],"name":"Siberia-Baltica/Kara MoR"},"geometry":{"type":"LineString","coordinates":[[-27.622,-13.296],[-27.286,-12.977],[-26.951,-12.659],[-26.617,-12.34],[-26.284,-12.02],[-25.951,-11.7],[-25.62,-11.38],[-25.289,-11.059],[-24.958,-10.738],[-24.629,-10.417],[-24.3,-10.095],[-23.972,-9.773]]}},{"type":"Feature","properties":{"boundary_type":"ridge","feature_type":"gpml:MidOceanRidge","polarity":null,"overriding_plate_id":null,"subducting_plate_id":null,"plate_ids":[902,919],"name":"Panthalassa"},"geometry":{"type":"LineString","coordinates":[[-166.611,76.108],[-165.103,75.786],[-163.661,75.456],[-162.283,75.116],[-160.966,74.769],[-159.706,74.414],[-158.502,74.053],[-157.35,73.685],[-156.249,73.311],[-155.194,72.932],[-154.184,72.547],[-153.217,72.158],[-152.29,71.764],[-151.401,71.366],[-152.608,71.116],[-153.784,70.859],[-154.929,70.595],[-156.045,70.323],[-157.131,70.045],[-158.189,69.761],[-159.217,69.47],[-160.218,69.173],[-161.192,68.871],[-162.14,68.563],[-163.062,68.25],[-163.958,67.933],[-163.011,67.59],[-162.091,67.243],[-161.197,66.89],[-160.329,66.533],[-159.486,66.17],[-158.667,65.804],[-157.871,65.433],[-157.097,65.058],[-156.345,64.679],[-155.613,64.296],[-154.902,63.91],[-154.21,63.52],[-153.537,63.128],[-152.882,62.732],[-152.244,62.333],[-151.623,61.931],[-151.018,61.527],[-150.429,61.12],[-149.855,60.71],[-149.295,60.298],[-148.75,59.884],[-148.217,59.467],[-147.698,59.049],[-147.191,58.628],[-146.697,58.206],[-146.214,57.781],[-145.742,57.355],[-145.281,56.927],[-144.831,56.498],[-144.391,56.067],[-143.96,55.634],[-143.539,55.2],[-143.127,54.764],[-142.724,54.327],[-143.44,54.081],[-144.148,53.83],[-144.847,53.575],[-145.538,53.316],[-146.221,53.054],[-146.895,52.787],[-147.561,52.516],[-148.218,52.242],[-148.868,51.964],[-149.509,51.683],[-150.143,51.398],[-150.769,51.11],[-151.386,50.819],[-151.997,50.524],[-152.599,50.227],[-153.194,49.926],[-153.782,49.622],[-153.325,49.25],[-152.874,48.877],[-152.431,48.501],[-151.994,48.124],[-151.563,47.746],[-151.139,47.366],[-150.721,46.984],[-150.308,46.601],[-149.902,46.216],[-149.501,45.83],[-149.105,45.443],[-148.716,45.054],[-148.331,44.664],[-147.951,44.273],[-147.577,43.88],[-147.207,43.486],[-146.842,43.091],[-146.482,42.695],[-147.021,42.41],[-147.554,42.123],[-148.083,41.834],[-148.607,41.542],[-149.126,41.247],[-149.64,40.95],[-150.15,40.652],[-150.656,40.35],[-151.156,40.047],[-151.653,39.741],[-152.145,39.434],[-152.632,39.124],[-153.116,38.813],[-153.595,38.499],[-154.07,38.183],[-154.54,37.866],[-155.007,37.547],[-155.47,37.225],[-155.929,36.903],[-156.384,36.578],[-156.835,36.252],[-156.465,35.869],[-156.1,35.486],[-155.737,35.101],[-155.378,34.715],[-155.023,34.329],[-154.671,33.941],[-154.321,33.552],[-153.975,33.162],[-153.633,32.772],[-153.293,32.38],[-152.956,31.988],[-152.622,31.594],[-152.29,31.2],[-151.962,30.805],[-151.636,30.409],[-151.313,30.012],[-150.992,29.615],[-150.674,29.217],[-150.358,28.818],[-150.045,28.418],[-149.734,28.017],[-149.426,27.616],[-149.119,27.214],[-148.815,26.812],[-148.513,26.409]]}},{"type":"Feature","properties":{"boundary_type":"ridge","feature_type":"gpml:MidOceanRidge","polarity":null,"overriding_plate_id":null,"subducting_plate_id":null,"plate_ids":[101,919],"name":"Panthalassa"},"geometry":{"type":"LineString","coordinates":[[-148.513,26.409],[-148.246,26.049],[-147.98,25.689],[-147.716,25.328],[-147.454,24.967],[-147.193,24.606]]}},{"type":"Feature","properties":{"boundary_type":"ridge","feature_type":"gpml:MidOceanRidge","polarity":null,"overriding_plate_id":null,"subducting_plate_id":null,"plate_ids":[601,701],"name":"Australia-North China MoR"},"geometry":{"type":"LineString","coordinates":[[98.593,-6.32],[98.686,-6.257],[98.391,-5.89],[98.096,-5.524],[97.802,-5.157],[97.508,-4.789],[97.214,-4.422],[97.593,-4.143],[97.972,-3.863],[98.35,-3.583],[98.729,-3.303],[99.107,-3.023],[99.485,-2.743],[99.262,-2.412],[99.04,-2.082],[98.818,-1.751],[98.596,-1.421],[98.958,-1.163],[99.319,-0.905],[99.681,-0.647],[100.042,-0.39],[100.404,-0.132],[100.765,0.126],[101.126,0.384],[100.899,0.721],[100.672,1.058],[100.445,1.394],[100.218,1.731],[99.991,2.068],[100.302,2.305],[100.613,2.543],[100.925,2.78],[100.634,3.183],[100.342,3.585],[100.724,3.876],[101.107,4.168],[101.489,4.459],[101.872,4.751],[102.256,5.041],[102.639,5.332],[102.375,5.7],[102.111,6.067],[101.846,6.435],[101.581,6.802],[101.316,7.169],[101.05,7.536],[100.783,7.903],[100.516,8.269],[100.249,8.636],[99.981,9.002],[100.37,9.299],[100.759,9.596],[101.149,9.892],[101.539,10.187],[101.93,10.483],[102.323,10.777],[102.042,11.166],[101.761,11.555],[101.479,11.944],[101.196,12.332],[100.913,12.72],[100.628,13.108],[100.343,13.495],[100.056,13.882],[99.769,14.269],[99.481,14.656],[99.192,15.042],[98.901,15.427],[98.61,15.813],[98.282,15.53],[97.956,15.246],[97.63,14.962],[97.318,15.356],[97.005,15.748],[96.691,16.14],[96.375,16.532],[96.058,16.923],[95.74,17.314],[95.421,17.705],[95.1,18.094],[94.777,18.484],[94.454,18.872],[94.128,19.26],[93.801,19.648],[93.473,20.035],[93.143,20.421],[92.811,20.807],[92.478,21.192],[92.142,21.576],[91.805,21.96],[91.467,22.343],[91.126,22.726],[90.783,23.107],[90.439,23.488],[90.092,23.868],[89.744,24.248],[89.393,24.626],[89.04,25.004]]}},{"type":"Feature","properties":{"boundary_type":"ridge","feature_type":"gpml:MidOceanRidge","polarity":null,"overriding_plate_id":null,"subducting_plate_id":null,"plate_ids":[601,926],"name":"Australia-North China MoR"},"geometry":{"type":"LineString","coordinates":[[89.04,25.004],[88.816,25.242],[88.445,25.048],[88.075,24.853],[87.801,25.158],[87.526,25.462]]}},{"type":"Feature","properties":{"boundary_type":"ridge","feature_type":"gpml:MidOceanRidge","polarity":null,"overriding_plate_id":null,"subducting_plate_id":null,"plate_ids":[101,902],"name":"Panthalassa"},"geometry":{"type":"LineString","coordinates":[[-81.837,15.305],[-81.554,14.96],[-81.271,14.615],[-80.989,14.269],[-81.263,13.916],[-81.535,13.562],[-81.807,13.207],[-82.078,12.852],[-82.348,12.498],[-82.03,12.111],[-81.713,11.724],[-81.397,11.337],[-81.082,10.949],[-80.767,10.561],[-80.454,10.173],[-80.141,9.785],[-79.829,9.396],[-79.517,9.007],[-79.206,8.618],[-78.896,8.228]]}},{"type":"Feature","properties":{"boundary_type":"transform","feature_type":"gpml:Transform","polarity":null,"overriding_plate_id":null,"subducting_plate_id":null,"plate_ids":[172,701],"name":"Iapetus-Gondwana transform??"},"geometry":{"type":"LineString","coordinates":[[-112.876,-32.744],[-113.422,-32.633],[-113.966,-32.519],[-114.508,-32.402],[-115.05,-32.284],[-115.59,-32.163],[-116.128,-32.039],[-116.665,-31.914],[-117.2,-31.786],[-117.734,-31.656],[-118.267,-31.524],[-118.798,-31.389],[-119.327,-31.252],[-119.874,-31.199],[-120.42,-31.143],[-120.965,-31.085],[-121.51,-31.025],[-122.054,-30.963],[-122.597,-30.898],[-123.139,-30.831],[-123.681,-30.761],[-124.222,-30.69],[-124.762,-30.616],[-125.301,-30.54],[-125.84,-30.462],[-126.377,-30.381],[-126.914,-30.298],[-127.458,-30.245],[-128.001,-30.189],[-128.543,-30.13],[-129.085,-30.07],[-129.626,-30.007],[-130.167,-29.942],[-130.706,-29.875],[-131.245,-29.806],[-131.784,-29.734]]}},{"type":"Feature","properties":{"boundary_type":"transform","feature_type":"gpml:Transform","polarity":null,"overriding_plate_id":null,"subducting_plate_id":null,"plate_ids":[302,701],"name":"Gondwana-Baltica transform"},"geometry":{"type":"LineString","coordinates":[[-45.1,-60.183],[-44.578,-60.527],[-44.044,-60.868],[-43.499,-61.207],[-42.942,-61.545],[-42.373,-61.879],[-41.433,-62.045],[-40.482,-62.204],[-39.521,-62.356],[-38.551,-62.502],[-37.571,-62.641],[-36.563,-62.738],[-35.549,-62.829],[-34.529,-62.912],[-33.503,-62.987],[-32.472,-63.055],[-31.436,-63.116],[-30.397,-63.169],[-29.354,-63.214],[-28.307,-63.252],[-27.259,-63.282],[-26.208,-63.304],[-25.157,-63.319],[-24.104,-63.326],[-23.051,-63.325],[-22.049,-63.223],[-21.053,-63.115],[-20.066,-62.999],[-19.086,-62.877],[-18.115,-62.748],[-17.152,-62.612],[-16.198,-62.47],[-15.254,-62.321],[-14.319,-62.166],[-13.427,-61.973],[-12.547,-61.775],[-11.678,-61.571],[-10.82,-61.362],[-9.975,-61.147],[-9.14,-60.928],[-8.317,-60.703],[-7.506,-60.473],[-6.706,-60.238],[-6.103,-59.909],[-5.513,-59.576],[-4.933,-59.242],[-4.365,-58.904],[-3.808,-58.565],[-3.262,-58.222]]}},{"type":"Feature","properties":{"boundary_type":"transform","feature_type":"gpml:Transform","polarity":null,"overriding_plate_id":null,"subducting_plate_id":null,"plate_ids":[172,22601],"name":"Cuyania-Iapetus transform"},"geometry":{"type":"LineString","coordinates":[[-162.764,-19.229],[-162.239,-19.214],[-161.715,-19.198],[-161.19,-19.18],[-160.666,-19.161],[-160.142,-19.14],[-159.618,-19.118],[-159.108,-19.102],[-158.598,-19.085],[-158.089,-19.067],[-157.579,-19.047]]}},{"type":"Feature","properties":{"boundary_type":"transform","feature_type":"gpml:Transform","polarity":null,"overriding_plate_id":null,"subducting_plate_id":null,"plate_ids":[101,172],"name":"Baltica-Iapetus transform"},"geometry":{"type":"LineString","coordinates":[[-83.285,-36.609],[-83.78,-36.515],[-84.273,-36.418],[-84.766,-36.32],[-85.257,-36.219],[-85.799,-36.158],[-86.34,-36.095],[-86.88,-36.03],[-87.42,-35.961],[-87.959,-35.891],[-88.496,-35.818],[-89.092,-35.713],[-89.687,-35.606],[-90.28,-35.495],[-90.871,-35.381],[-91.461,-35.265],[-92.049,-35.146],[-92.635,-35.024],[-93.22,-34.899],[-93.802,-34.771],[-94.383,-34.641],[-94.883,-34.472],[-95.382,-34.301],[-95.878,-34.128],[-96.372,-33.953],[-96.864,-33.777],[-97.354,-33.598],[-97.842,-33.417],[-98.328,-33.235],[-98.859,-33.037],[-99.387,-32.838],[-99.913,-32.636],[-100.437,-32.432],[-100.958,-32.225],[-101.477,-32.017],[-101.993,-31.807],[-102.507,-31.594],[-103.019,-31.379],[-103.528,-31.163],[-104.036,-30.944],[-104.54,-30.724],[-105.043,-30.501],[-105.543,-30.277],[-106.033,-30.024],[-106.522,-29.769],[-107.007,-29.513],[-107.49,-29.255],[-107.971,-28.995],[-108.449,-28.733],[-108.925,-28.47],[-109.399,-28.205],[-109.87,-27.938],[-110.339,-27.67]]}},{"type":"Feature","properties":{"boundary_type":"transform","feature_type":"gpml:Transform","polarity":null,"overriding_plate_id":null,"subducting_plate_id":null,"plate_ids":[602,701],"name":""},"geometry":{"type":"LineString","coordinates":[[103.586,-8.442],[103.694,-8.796],[103.802,-9.15],[103.949,-9.555],[104.096,-9.96],[104.243,-10.365],[104.391,-10.77],[104.539,-11.175],[104.788,-11.509],[105.039,-11.844],[105.29,-12.178],[105.541,-12.512],[105.794,-12.846],[106.0,-13.278],[106.206,-13.71],[106.414,-14.143],[106.622,-14.574],[106.831,-15.006],[107.041,-15.438],[107.22,-15.889],[107.399,-16.34],[107.58,-16.791],[107.761,-17.241],[107.943,-17.692],[108.126,-18.142],[108.31,-18.592],[108.494,-19.042],[108.68,-19.492],[108.867,-19.941],[109.055,-20.391],[109.244,-20.84],[109.434,-21.289],[109.626,-21.738],[109.818,-22.186],[110.012,-22.635],[110.207,-23.083],[110.403,-23.53],[110.601,-23.978],[110.91,-24.344],[111.22,-24.709],[111.532,-25.074],[111.846,-25.438],[112.162,-25.801],[112.48,-26.163],[112.8,-26.525],[113.122,-26.886]]}},{"type":"Feature","properties":{"boundary_type":"transform","feature_type":"gpml:Transform","polarity":null,"overriding_plate_id":null,"subducting_plate_id":null,"plate_ids":[302,466],"name":"Transform between Baltica and ?? plates"},"geometry":{"type":"LineString","coordinates":[[-10.932,-28.626],[-10.846,-29.047],[-10.76,-29.469],[-10.673,-29.891],[-10.586,-30.312],[-10.497,-30.734],[-10.408,-31.155],[-10.133,-31.576],[-9.856,-31.997],[-9.576,-32.417],[-9.293,-32.836],[-9.008,-33.255],[-8.72,-33.673],[-8.429,-34.09],[-8.135,-34.507],[-7.839,-34.923],[-7.539,-35.338],[-7.144,-35.69],[-6.745,-36.04],[-6.343,-36.389],[-5.938,-36.737],[-5.528,-37.083],[-5.115,-37.428],[-4.698,-37.771],[-4.277,-38.113],[-3.853,-38.454],[-3.424,-38.793],[-2.876,-39.035],[-2.325,-39.274],[-1.77,-39.511],[-1.211,-39.745],[-0.648,-39.977],[-0.082,-40.206],[0.489,-40.432],[1.063,-40.655],[1.641,-40.875],[2.223,-41.092],[2.808,-41.307],[3.398,-41.518],[3.991,-41.727],[4.588,-41.932],[5.217,-41.951],[5.845,-41.967],[6.475,-41.98],[7.104,-41.989],[7.734,-41.994],[8.363,-41.996],[8.993,-41.995],[9.622,-41.99],[10.252,-41.982],[10.881,-41.97],[11.078,-41.909]]}},{"type":"Feature","properties":{"boundary_type":"transform","feature_type":"gpml:Transform","polarity":null,"overriding_plate_id":null,"subducting_plate_id":null,"plate_ids":[401,4100],"name":"Siberia-CMT transform"},"geometry":{"type":"LineString","coordinates":[[-41.764,-1.091],[-41.928,-1.515],[-42.092,-1.939],[-42.256,-2.363]]}},{"type":"Feature","properties":{"boundary_type":"transform","feature_type":"gpml:Transform","polarity":null,"overriding_plate_id":null,"subducting_plate_id":null,"plate_ids":[302,401],"name":"Transform between Baltica and Siberia plates"},"geometry":{"type":"LineString","coordinates":[[-41.535,-33.021],[-41.631,-33.0],[-42.177,-32.919],[-42.722,-32.836],[-43.266,-32.75],[-43.809,-32.662],[-44.351,-32.572],[-44.891,-32.48],[-45.431,-32.385],[-45.969,-32.287],[-46.506,-32.188],[-47.042,-32.086],[-47.577,-31.982],[-48.148,-31.884],[-48.717,-31.784],[-49.285,-31.681],[-49.852,-31.575],[-50.417,-31.467],[-50.981,-31.357],[-51.544,-31.244],[-52.105,-31.128],[-52.665,-31.01],[-53.224,-30.89],[-53.781,-30.767],[-54.351,-30.769],[-54.92,-30.769],[-55.49,-30.766],[-56.06,-30.76],[-56.629,-30.752],[-57.198,-30.742],[-57.768,-30.729],[-58.337,-30.714],[-58.906,-30.696],[-59.474,-30.675],[-60.043,-30.652],[-60.611,-30.627],[-61.147,-30.619],[-61.684,-30.609],[-62.22,-30.597],[-62.757,-30.583],[-63.293,-30.566],[-63.828,-30.548],[-64.364,-30.527],[-64.899,-30.504],[-65.435,-30.478],[-65.969,-30.451],[-66.504,-30.421],[-67.038,-30.389],[-67.587,-30.448],[-68.136,-30.505],[-68.686,-30.56],[-69.237,-30.612],[-69.788,-30.662],[-70.34,-30.709],[-70.892,-30.754],[-71.445,-30.797],[-71.998,-30.837],[-72.552,-30.876],[-73.113,-30.971],[-73.675,-31.065],[-74.238,-31.156],[-74.802,-31.244],[-75.367,-31.33],[-75.933,-31.414],[-76.501,-31.495],[-77.069,-31.573],[-77.275,-31.583]]}},{"type":"Feature","properties":{"boundary_type":"transform","feature_type":"gpml:Transform","polarity":null,"overriding_plate_id":null,"subducting_plate_id":null,"plate_ids":[457,602],"name":"South China-Kunlun transform"},"geometry":{"type":"LineString","coordinates":[[84.165,-22.521],[83.764,-22.196],[83.365,-21.871],[83.035,-21.613],[82.579,-21.431],[82.165,-21.301],[81.752,-21.17],[81.458,-21.104],[81.165,-21.038]]}},{"type":"Feature","properties":{"boundary_type":"transform","feature_type":"gpml:Transform","polarity":null,"overriding_plate_id":null,"subducting_plate_id":null,"plate_ids":[580,701],"name":"Tarim-Gondwana transform"},"geometry":{"type":"LineString","coordinates":[[70.892,-48.564],[70.252,-48.674],[69.547,-48.764],[68.839,-48.849],[68.129,-48.93],[67.416,-49.006],[66.702,-49.078],[65.985,-49.146],[65.267,-49.209],[64.547,-49.268],[63.825,-49.322],[63.101,-49.371],[62.377,-49.417],[61.651,-49.457],[61.065,-49.298],[60.484,-49.136],[59.907,-48.971],[59.333,-48.802],[58.763,-48.632],[58.334,-48.319],[57.911,-48.006],[57.492,-47.69],[57.078,-47.374],[56.67,-47.056],[56.212,-46.727],[55.76,-46.397],[55.314,-46.066],[54.873,-45.732],[54.437,-45.397],[54.007,-45.06],[53.581,-44.722],[53.133,-44.345],[52.69,-43.967],[52.253,-43.587],[51.821,-43.205]]}},{"type":"Feature","properties":{"boundary_type":"transform","feature_type":"gpml:Transform","polarity":null,"overriding_plate_id":null,"subducting_plate_id":null,"plate_ids":[404,466],"name":"Kara-Baltica transform"},"geometry":{"type":"LineString","coordinates":[[-11.199,-28.651],[-11.276,-28.167],[-11.352,-27.684],[-11.427,-27.2],[-11.502,-26.716],[-11.576,-26.232],[-11.65,-25.748],[-11.723,-25.263],[-11.942,-24.82],[-12.159,-24.376],[-12.375,-23.931],[-12.589,-23.487],[-12.802,-23.042],[-13.014,-22.597],[-13.224,-22.151],[-13.433,-21.705],[-13.641,-21.259],[-13.847,-20.813],[-14.052,-20.367],[-14.256,-19.92],[-14.459,-19.473],[-14.66,-19.026],[-14.861,-18.578],[-15.157,-18.201],[-15.451,-17.823],[-15.744,-17.444],[-16.036,-17.065],[-16.327,-16.686],[-16.616,-16.306],[-16.979,-15.986],[-17.341,-15.666],[-17.702,-15.345],[-18.062,-15.023],[-18.42,-14.701],[-18.778,-14.378],[-19.134,-14.054],[-19.49,-13.73],[-19.844,-13.406],[-20.198,-13.081]]}},{"type":"Feature","properties":{"boundary_type":"transform","feature_type":"gpml:Transform","polarity":null,"overriding_plate_id":null,"subducting_plate_id":null,"plate_ids":[404,902],"name":"Kara-Baltica transform"},"geometry":{"type":"LineString","coordinates":[[-20.198,-13.081],[-20.532,-12.772],[-20.866,-12.464],[-21.198,-12.154],[-21.53,-11.845],[-21.862,-11.534],[-22.215,-11.242],[-22.568,-10.949],[-22.92,-10.656],[-23.271,-10.362],[-23.622,-10.068],[-23.972,-9.773]]}},{"type":"Feature","properties":{"boundary_type":"transform","feature_type":"gpml:Transform","polarity":null,"overriding_plate_id":null,"subducting_plate_id":null,"plate_ids":[302,401],"name":"Kara-Baltica transform"},"geometry":{"type":"LineString","coordinates":[[-41.535,-33.021],[-41.474,-32.544],[-41.415,-32.067]]}},{"type":"Feature","properties":{"boundary_type":"transform","feature_type":"gpml:Transform","polarity":null,"overriding_plate_id":null,"subducting_plate_id":null,"plate_ids":[401,404],"name":"Kara-Baltica transform"},"geometry":{"type":"LineString","coordinates":[[-41.415,-32.067],[-41.411,-32.042],[-41.464,-31.646],[-41.515,-31.251],[-41.567,-30.855],[-41.67,-30.48],[-41.773,-30.105],[-41.875,-29.73],[-42.033,-29.336],[-42.189,-28.942],[-42.374,-28.635],[-42.558,-28.329],[-42.74,-28.022],[-43.065,-27.668],[-43.388,-27.313],[-43.709,-26.957],[-44.028,-26.6],[-44.274,-26.382],[-44.519,-26.163]]}},{"type":"Feature","properties":{"boundary_type":"transform","feature_type":"gpml:Transform","polarity":null,"overriding_plate_id":null,"subducting_plate_id":null,"plate_ids":[460,5801],"name":"North Tianshan Ocean transform"},"geometry":{"type":"LineString","coordinates":[[28.45,-8.231],[28.692,-8.646],[28.934,-9.061],[29.177,-9.477],[29.339,-9.887],[29.501,-10.296],[29.663,-10.706],[29.826,-11.116],[29.99,-11.525],[30.154,-11.935],[30.261,-12.407],[30.368,-12.878]]}},{"type":"Feature","properties":{"boundary_type":"transform","feature_type":"gpml:Transform","polarity":null,"overriding_plate_id":null,"subducting_plate_id":null,"plate_ids":[5801],"name":"North Tianshan Ocean transform"},"geometry":{"type":"LineString","coordinates":[[30.368,-12.878],[30.457,-13.267],[30.546,-13.656]]}},{"type":"Feature","properties":{"boundary_type":"transform","feature_type":"gpml:Transform","polarity":null,"overriding_plate_id":null,"subducting_plate_id":null,"plate_ids":[580,4511],"name":"Alxa backarc transform"},"geometry":{"type":"LineString","coordinates":[[51.95,-17.396],[52.357,-17.429],[52.764,-17.46],[53.172,-17.491],[53.579,-17.521]]}},{"type":"Feature","properties":{"boundary_type":"transform","feature_type":"gpml:Transform","polarity":null,"overriding_plate_id":null,"subducting_plate_id":null,"plate_ids":[580,4511],"name":"Alxa backarc transform"},"geometry":{"type":"LineString","coordinates":[[53.452,-9.715],[53.841,-9.81],[54.229,-9.905],[54.618,-9.999]]}},{"type":"Feature","properties":{"boundary_type":"transform","feature_type":"gpml:Transform","polarity":null,"overriding_plate_id":null,"subducting_plate_id":null,"plate_ids":[451,580],"name":"Alxa transform"},"geometry":{"type":"LineString","coordinates":[[51.938,-17.508],[51.569,-17.518],[51.2,-17.528],[50.831,-17.537],[50.43,-17.521],[50.028,-17.505],[49.627,-17.488],[49.226,-17.471],[48.846,-17.381],[48.466,-17.291],[48.087,-17.201]]}},{"type":"Feature","properties":{"boundary_type":"transform","feature_type":"gpml:Transform","polarity":null,"overriding_plate_id":null,"subducting_plate_id":null,"plate_ids":[451,580],"name":"Alxa transform"},"geometry":{"type":"LineString","coordinates":[[53.472,-9.618],[53.266,-9.526],[52.853,-9.393],[52.44,-9.259],[52.028,-9.124],[51.617,-8.989],[51.205,-8.854],[50.794,-8.718],[50.345,-8.621],[49.897,-8.525],[49.449,-8.427],[48.962,-8.345],[48.476,-8.261],[47.989,-8.178],[47.503,-8.093]]}},{"type":"Feature","properties":{"boundary_type":"transform","feature_type":"gpml:Transform","polarity":null,"overriding_plate_id":null,"subducting_plate_id":null,"plate_ids":[580,5801],"name":"Tarim-South Tianshan transform"},"geometry":{"type":"LineString","coordinates":[[48.054,-18.04],[47.742,-18.22],[47.43,-18.399],[47.117,-18.578],[46.652,-18.569],[46.188,-18.56],[45.723,-18.549],[45.259,-18.537],[44.75,-18.476],[44.242,-18.413],[43.734,-18.35],[43.227,-18.284],[42.72,-18.218],[42.213,-18.15]]}},{"type":"Feature","properties":{"boundary_type":"transform","feature_type":"gpml:Transform","polarity":null,"overriding_plate_id":null,"subducting_plate_id":null,"plate_ids":[466,5801],"name":"South Tianshan transform"},"geometry":{"type":"LineString","coordinates":[[42.182,-17.953],[41.699,-17.967],[41.216,-17.98],[40.733,-17.992],[40.25,-18.002],[39.751,-17.987],[39.253,-17.97],[38.754,-17.952],[38.256,-17.933],[37.757,-17.913],[37.259,-17.891],[36.761,-17.868],[36.32,-17.725],[35.88,-17.581],[35.441,-17.435]]}},{"type":"Feature","properties":{"boundary_type":"transform","feature_type":"gpml:Transform","polarity":null,"overriding_plate_id":null,"subducting_plate_id":null,"plate_ids":[466,580],"name":"Tarim transform"},"geometry":{"type":"LineString","coordinates":[[41.878,-36.391],[42.385,-36.604],[42.894,-36.814],[43.406,-37.022],[43.921,-37.228],[44.439,-37.432],[44.96,-37.633],[45.483,-37.832],[45.903,-38.145],[46.327,-38.456],[46.754,-38.766],[47.185,-39.074],[47.619,-39.381],[48.058,-39.686],[48.5,-39.989],[48.947,-40.29],[49.324,-40.631],[49.706,-40.971],[50.091,-41.31],[50.48,-41.647],[50.874,-41.983],[51.271,-42.318],[51.673,-42.651],[52.079,-42.983]]}},{"type":"Feature","properties":{"boundary_type":"transform","feature_type":"gpml:Transform","polarity":null,"overriding_plate_id":null,"subducting_plate_id":null,"plate_ids":[459,466],"name":"North Tianshan Ocean transform"},"geometry":{"type":"LineString","coordinates":[[7.048,-18.782],[7.155,-19.208],[7.262,-19.633],[7.369,-20.059],[7.494,-20.506],[7.619,-20.952],[7.745,-21.399],[7.872,-21.845],[7.999,-22.292],[8.128,-22.738],[8.257,-23.184],[8.387,-23.63],[8.519,-24.076],[8.65,-24.522],[8.783,-24.968],[9.034,-25.382],[9.286,-25.795],[9.54,-26.208],[9.795,-26.621],[10.053,-27.033],[10.312,-27.445],[10.573,-27.856],[10.836,-28.267],[11.102,-28.677],[11.369,-29.087],[11.639,-29.496],[11.91,-29.904],[12.184,-30.312],[12.606,-30.646],[13.03,-30.978],[13.458,-31.309],[13.888,-31.638],[14.321,-31.966],[14.758,-32.292],[15.198,-32.617],[15.641,-32.94],[16.087,-33.262],[16.536,-33.582],[16.989,-33.901],[17.445,-34.217],[17.905,-34.533],[18.323,-34.738],[18.744,-34.942],[19.167,-35.145]]}},{"type":"Feature","properties":{"boundary_type":"transform","feature_type":"gpml:Transform","polarity":null,"overriding_plate_id":null,"subducting_plate_id":null,"plate_ids":[457,580],"name":"Kunlun transform"},"geometry":{"type":"LineString","coordinates":[[70.284,-43.304],[70.717,-43.288],[71.215,-43.207],[71.711,-43.125]]}},{"type":"Feature","properties":{"boundary_type":"transform","feature_type":"gpml:Transform","polarity":null,"overriding_plate_id":null,"subducting_plate_id":null,"plate_ids":[601,602],"name":"South China transform"},"geometry":{"type":"LineString","coordinates":[[86.307,-6.881],[86.096,-7.225],[85.885,-7.569],[85.625,-7.947],[85.365,-8.324],[85.104,-8.701],[84.843,-9.077],[84.581,-9.454],[84.318,-9.83],[84.055,-10.206],[83.791,-10.582],[83.574,-10.966],[83.355,-11.349],[83.136,-11.733],[82.916,-12.116],[82.696,-12.499],[82.475,-12.882],[82.253,-13.264],[81.971,-13.604],[81.688,-13.942],[81.404,-14.281],[81.119,-14.619],[80.834,-14.957],[80.563,-15.337],[80.291,-15.717],[80.018,-16.097],[79.745,-16.476]]}},{"type":"Feature","properties":{"boundary_type":"transform","feature_type":"gpml:Transform","polarity":null,"overriding_plate_id":null,"subducting_plate_id":null,"plate_ids":[457,601],"name":"South China transform"},"geometry":{"type":"LineString","coordinates":[[79.745,-16.476],[79.518,-16.788],[79.291,-17.1],[79.063,-17.412],[78.835,-17.723]]}},{"type":"Feature","properties":{"boundary_type":"transform","feature_type":"gpml:Transform","polarity":null,"overriding_plate_id":null,"subducting_plate_id":null,"plate_ids":[602,701],"name":"transform between gondwana and South china"},"geometry":{"type":"LineString","coordinates":[[84.098,-22.619],[84.54,-22.906],[84.985,-23.192],[85.431,-23.477],[85.879,-23.76],[86.33,-24.042],[86.782,-24.323],[87.236,-24.602],[87.692,-24.881],[88.15,-25.157],[88.611,-25.433],[89.073,-25.706],[89.492,-26.024],[89.913,-26.34],[90.337,-26.655],[90.763,-26.969],[91.191,-27.281],[91.622,-27.592],[92.055,-27.902],[92.49,-28.211],[92.915,-28.538],[93.342,-28.863],[93.772,-29.187],[94.204,-29.51],[94.64,-29.831],[95.078,-30.151],[95.519,-30.47],[95.85,-30.821],[96.183,-31.172],[96.519,-31.521],[96.857,-31.87],[97.198,-32.218],[97.541,-32.565],[97.888,-32.911],[98.236,-33.256],[98.588,-33.6],[98.965,-33.972],[99.345,-34.342],[99.728,-34.711],[100.115,-35.079],[100.505,-35.445],[100.899,-35.811],[101.296,-36.175],[101.697,-36.537],[101.922,-36.915],[102.149,-37.292],[102.378,-37.669],[102.61,-38.045]]}},{"type":"Feature","properties":{"boundary_type":"transform","feature_type":"gpml:Transform","polarity":null,"overriding_plate_id":null,"subducting_plate_id":null,"plate_ids":[460,466],"name":"Chu-Yili transform"},"geometry":{"type":"LineString","coordinates":[[-1.126,-14.304],[-1.194,-13.9],[-1.262,-13.496],[-1.33,-13.092],[-1.327,-12.613],[-1.323,-12.134],[-1.32,-11.655],[-1.317,-11.176],[-1.314,-10.697],[-1.311,-10.218],[-1.308,-9.739],[-1.305,-9.26],[-1.301,-8.781],[-1.385,-8.297],[-1.468,-7.813]]}},{"type":"Feature","properties":{"boundary_type":"transform","feature_type":"gpml:Transform","polarity":null,"overriding_plate_id":null,"subducting_plate_id":null,"plate_ids":[466,902],"name":"Chu-Yili transform"},"geometry":{"type":"LineString","coordinates":[[-1.468,-7.813],[-1.544,-7.369],[-1.62,-6.925],[-1.696,-6.481],[-1.772,-6.036],[-1.848,-5.592],[-1.923,-5.148],[-1.974,-4.746],[-2.025,-4.343],[-2.075,-3.941]]}},{"type":"Feature","properties":{"boundary_type":"transform","feature_type":"gpml:Transform","polarity":null,"overriding_plate_id":null,"subducting_plate_id":null,"plate_ids":[460,5801],"name":"Chu-Yili transform"},"geometry":{"type":"LineString","coordinates":[[28.513,-8.19],[28.457,-7.772],[28.4,-7.354],[28.344,-6.936],[28.288,-6.517],[28.232,-6.099],[28.176,-5.681],[28.08,-5.269],[27.984,-4.858],[27.888,-4.446],[27.792,-4.034],[27.696,-3.623],[27.6,-3.211],[27.452,-2.778],[27.304,-2.344],[27.156,-1.911],[27.008,-1.477],[26.921,-1.317]]}},{"type":"Feature","properties":{"boundary_type":"transform","feature_type":"gpml:Transform","polarity":null,"overriding_plate_id":null,"subducting_plate_id":null,"plate_ids":[460,926],"name":"Chu-Yili transform"},"geometry":{"type":"LineString","coordinates":[[26.921,-1.317],[26.743,-0.987],[26.564,-0.658]]}},{"type":"Feature","properties":{"boundary_type":"transform","feature_type":"gpml:Transform","polarity":null,"overriding_plate_id":null,"subducting_plate_id":null,"plate_ids":[459],"name":"North Tianshan Ocean transform"},"geometry":{"type":"LineString","coordinates":[[30.157,-12.958],[30.351,-13.307],[30.546,-13.656]]}},{"type":"Feature","properties":{"boundary_type":"transform","feature_type":"gpml:Transform","polarity":null,"overriding_plate_id":null,"subducting_plate_id":null,"plate_ids":[459,5801],"name":"North Tianshan Ocean transform"},"geometry":{"type":"LineString","coordinates":[[30.546,-13.656],[30.605,-13.762],[30.938,-14.123],[31.271,-14.484],[31.606,-14.844],[31.942,-15.204],[32.317,-15.475],[32.692,-15.744],[33.069,-16.014],[33.447,-16.282],[33.825,-16.55],[34.251,-16.643],[34.676,-16.735],[35.103,-16.827],[35.529,-16.917],[35.531,-16.918]]}},{"type":"Feature","properties":{"boundary_type":"transform","feature_type":"gpml:Transform","polarity":null,"overriding_plate_id":null,"subducting_plate_id":null,"plate_ids":[460,466],"name":"North Tianshan Ocean transform"},"geometry":{"type":"LineString","coordinates":[[1.968,-14.279],[2.059,-14.748],[2.151,-15.217],[2.244,-15.687],[2.337,-16.156],[2.43,-16.625],[2.524,-17.094],[2.695,-17.524],[2.867,-17.953],[3.04,-18.383],[3.214,-18.812],[3.388,-19.241]]}},{"type":"Feature","properties":{"boundary_type":"transform","feature_type":"gpml:Transform","polarity":null,"overriding_plate_id":null,"subducting_plate_id":null,"plate_ids":[601,926],"name":"transform"},"geometry":{"type":"LineString","coordinates":[[67.397,7.311],[67.684,7.651],[67.972,7.99],[68.26,8.33],[68.549,8.669],[68.838,9.008],[69.128,9.347],[69.419,9.685],[69.71,10.024],[70.048,10.383],[70.387,10.741],[70.728,11.099],[71.069,11.457],[71.41,11.814],[71.753,12.171],[72.097,12.527],[72.441,12.883],[72.787,13.239],[73.134,13.594],[73.481,13.949],[73.83,14.303],[74.18,14.656],[74.531,15.009],[74.883,15.362],[75.236,15.714],[75.591,16.065],[75.967,16.379],[76.344,16.692],[76.722,17.005],[77.102,17.317],[77.483,17.628],[77.865,17.938],[78.248,18.248],[78.633,18.557],[79.02,18.865],[79.407,19.172],[79.796,19.479],[80.187,19.784],[80.579,20.089],[80.973,20.393],[81.368,20.696],[81.765,20.998],[82.163,21.3],[82.563,21.6],[82.965,21.899],[83.369,22.198],[83.774,22.495],[84.141,22.796],[84.511,23.096],[84.881,23.395],[85.254,23.693],[85.628,23.99],[86.004,24.286],[86.382,24.582],[86.762,24.876],[87.143,25.17],[87.526,25.462]]}},{"type":"Feature","properties":{"boundary_type":"transform","feature_type":"gpml:Transform","polarity":null,"overriding_plate_id":null,"subducting_plate_id":null,"plate_ids":[401,902],"name":"transform"},"geometry":{"type":"LineString","coordinates":[[-68.784,12.149],[-68.823,12.137],[-69.297,11.963],[-69.771,11.787],[-70.244,11.611],[-70.716,11.435],[-71.187,11.257],[-71.659,11.079],[-72.129,10.9],[-72.599,10.72],[-73.068,10.539]]}},{"type":"Feature","properties":{"boundary_type":"transform","feature_type":"gpml:Transform","polarity":null,"overriding_plate_id":null,"subducting_plate_id":null,"plate_ids":[101,902],"name":"transform"},"geometry":{"type":"LineString","coordinates":[[-73.068,10.539],[-73.519,10.365],[-73.97,10.19],[-74.42,10.015],[-74.87,9.839],[-75.319,9.662],[-75.768,9.484],[-76.216,9.307],[-76.664,9.128],[-77.111,8.949],[-77.558,8.77],[-78.004,8.59],[-78.45,8.409],[-78.896,8.228]]}},{"type":"Feature","properties":{"boundary_type":"transform","feature_type":"gpml:Transform","polarity":null,"overriding_plate_id":null,"subducting_plate_id":null,"plate_ids":[902,4100],"name":"Siberia transform"},"geometry":{"type":"LineString","coordinates":[[-68.761,12.195],[-68.784,12.149]]}},{"type":"Feature","properties":{"boundary_type":"transform","feature_type":"gpml:Transform","polarity":null,"overriding_plate_id":null,"subducting_plate_id":null,"plate_ids":[401,4100],"name":"Siberia transform"},"geometry":{"type":"LineString","coordinates":[[-68.784,12.149],[-69.008,11.705],[-69.232,11.26],[-69.455,10.816],[-69.677,10.371],[-69.898,9.926],[-70.119,9.48],[-70.145,8.982],[-70.17,8.484],[-70.195,7.986],[-70.22,7.487],[-70.245,6.989],[-70.27,6.491],[-70.295,5.993],[-70.32,5.494]]}},{"type":"Feature","properties":{"boundary_type":"transform","feature_type":"gpml:Transform","polarity":null,"overriding_plate_id":null,"subducting_plate_id":null,"plate_ids":[401,902],"name":"Siberia transform"},"geometry":{"type":"LineString","coordinates":[[-29.66,-4.876],[-29.668,-5.324],[-29.675,-5.772],[-29.683,-6.22],[-29.69,-6.668],[-29.698,-7.116],[-29.706,-7.564],[-29.713,-8.012],[-29.721,-8.461],[-29.729,-8.909],[-29.521,-9.348],[-29.312,-9.787],[-29.103,-10.226],[-28.893,-10.665],[-28.683,-11.104],[-28.472,-11.543],[-28.261,-11.981],[-28.048,-12.419],[-27.835,-12.858],[-27.622,-13.296]]}},{"type":"Feature","properties":{"boundary_type":"transform","feature_type":"gpml:Transform","polarity":null,"overriding_plate_id":null,"subducting_plate_id":null,"plate_ids":[172,919],"name":"transform"},"geometry":{"type":"LineString","coordinates":[[-162.094,-25.753],[-161.628,-25.605],[-161.163,-25.456],[-160.7,-25.305],[-160.237,-25.153],[-159.776,-24.999],[-159.316,-24.844],[-158.857,-24.688],[-158.399,-24.53]]}},{"type":"Feature","properties":{"boundary_type":"transform","feature_type":"gpml:Transform","polarity":null,"overriding_plate_id":null,"subducting_plate_id":null,"plate_ids":[101,919],"name":"outboard laurentian transform"},"geometry":{"type":"LineString","coordinates":[[-147.193,24.606],[-147.704,24.53],[-148.214,24.452],[-148.723,24.373],[-149.232,24.292],[-149.74,24.21],[-150.248,24.126],[-150.728,23.943],[-151.206,23.759],[-151.683,23.574],[-152.159,23.387],[-152.633,23.198],[-153.106,23.008],[-153.577,22.817],[-154.048,22.624],[-154.517,22.43],[-154.984,22.235],[-155.451,22.038],[-155.916,21.84],[-156.379,21.641],[-156.842,21.44],[-157.303,21.239],[-157.763,21.035],[-158.222,20.831],[-158.647,20.562],[-159.071,20.291],[-159.493,20.02],[-159.914,19.747],[-160.334,19.474],[-160.752,19.199],[-161.169,18.924],[-161.584,18.648],[-161.998,18.371],[-162.411,18.093],[-162.822,17.814],[-163.232,17.534],[-163.641,17.253],[-164.048,16.972],[-164.455,16.689],[-164.86,16.406],[-165.264,16.123],[-165.556,15.79],[-165.847,15.457],[-166.138,15.123],[-166.427,14.789],[-166.716,14.455]]}},{"type":"Feature","properties":{"boundary_type":"transform","feature_type":"gpml:Transform","polarity":null,"overriding_plate_id":null,"subducting_plate_id":null,"plate_ids":[601,926],"name":"North China transform"},"geometry":{"type":"LineString","coordinates":[[67.761,7.137],[67.531,6.774],[67.302,6.41],[67.073,6.046],[66.845,5.682],[66.616,5.318],[66.388,4.953],[66.134,4.539],[65.879,4.125],[65.625,3.711],[65.371,3.297],[65.117,2.882],[64.863,2.468],[64.61,2.092],[64.356,1.717],[64.103,1.341],[63.85,0.966],[63.597,0.59],[63.344,0.214],[63.091,-0.161],[62.927,-0.36]]}},{"type":"Feature","properties":{"boundary_type":"transform","feature_type":"gpml:Transform","polarity":null,"overriding_plate_id":null,"subducting_plate_id":null,"plate_ids":[457,580],"name":"Kunlun transform"},"geometry":{"type":"LineString","coordinates":[[71.711,-43.125],[72.348,-42.96],[72.982,-42.792],[73.578,-42.634],[74.17,-42.473],[74.76,-42.309],[75.346,-42.142],[75.929,-41.972],[76.509,-41.8],[77.086,-41.624],[77.66,-41.445],[78.23,-41.264],[78.798,-41.08]]}},{"type":"Feature","properties":{"boundary_type":"transform","feature_type":"gpml:Transform","polarity":null,"overriding_plate_id":null,"subducting_plate_id":null,"plate_ids":[101,302],"name":"Baltica-Laurentia transform"},"geometry":{"type":"LineString","coordinates":[[-82.989,-35.612],[-82.585,-35.688],[-82.18,-35.763],[-81.774,-35.836],[-81.271,-35.885],[-80.767,-35.932],[-80.262,-35.977],[-79.852,-35.97],[-79.441,-35.961],[-78.912,-35.704],[-78.387,-35.445],[-77.864,-35.184],[-77.835,-35.167]]}},{"type":"Feature","properties":{"boundary_type":"transform","feature_type":"gpml:Transform","polarity":null,"overriding_plate_id":null,"subducting_plate_id":null,"plate_ids":[701,926],"name":"Aus transform"},"geometry":{"type":"LineString","coordinates":[[89.04,25.004],[89.478,25.278],[89.917,25.551],[90.358,25.822],[90.802,26.092],[91.247,26.361],[91.694,26.629],[92.145,26.92],[92.598,27.209],[93.053,27.498],[93.511,27.784],[93.971,28.069],[94.433,28.353],[94.898,28.635],[95.366,28.916],[95.836,29.194],[96.308,29.472],[96.783,29.747],[97.261,30.021],[97.742,30.293],[98.225,30.563]]}},{"type":"Feature","properties":{"boundary_type":"transform","feature_type":"gpml:Transform","polarity":null,"overriding_plate_id":null,"subducting_plate_id":null,"plate_ids":[101,172],"name":"Cuyania-Laurentia transform"},"geometry":{"type":"LineString","coordinates":[[-157.576,-19.058],[-157.156,-19.067],[-156.735,-19.075],[-156.314,-19.082],[-155.894,-19.087],[-155.384,-19.111],[-154.875,-19.133],[-154.365,-19.153],[-153.855,-19.172],[-153.419,-19.362],[-152.982,-19.55],[-152.544,-19.738],[-152.105,-19.924],[-151.665,-20.11],[-151.223,-20.294]]}},{"type":"Feature","properties":{"boundary_type":"transform","feature_type":"gpml:Transform","polarity":null,"overriding_plate_id":null,"subducting_plate_id":null,"plate_ids":[701,1018],"name":"Penobscot Transform"},"geometry":{"type":"LineString","coordinates":[[-68.636,-56.0],[-67.811,-56.139],[-66.98,-56.273],[-66.144,-56.401]]}},{"type":"Feature","properties":{"boundary_type":"transform","feature_type":"gpml:Transform","polarity":null,"overriding_plate_id":null,"subducting_plate_id":null,"plate_ids":[302,701],"name":"Penobscot Transform"},"geometry":{"type":"LineString","coordinates":[[-66.144,-56.401],[-65.469,-56.499],[-64.79,-56.594],[-64.108,-56.685],[-63.423,-56.772],[-62.625,-56.906],[-61.822,-57.034],[-61.013,-57.157],[-60.198,-57.275],[-59.379,-57.387],[-58.554,-57.494],[-57.725,-57.596],[-56.921,-57.78],[-56.109,-57.958],[-55.29,-58.132],[-54.462,-58.3],[-53.626,-58.462],[-52.783,-58.619],[-51.932,-58.771],[-51.075,-58.917],[-50.249,-59.114],[-49.414,-59.306],[-48.569,-59.493],[-47.716,-59.674],[-46.853,-59.849],[-45.981,-60.019],[-45.1,-60.183]]}},{"type":"Feature","properties":{"boundary_type":"transform","feature_type":"gpml:Transform","polarity":null,"overriding_plate_id":null,"subducting_plate_id":null,"plate_ids":[919,22601],"name":"transform"},"geometry":{"type":"LineString","coordinates":[[-176.501,10.447],[-176.011,10.567],[-175.521,10.688],[-175.03,10.807],[-174.539,10.926],[-174.047,11.044],[-173.555,11.161],[-173.063,11.277],[-172.57,11.393],[-172.077,11.507],[-171.584,11.621],[-171.09,11.734],[-170.595,11.846],[-170.1,11.957],[-169.605,12.068],[-169.11,12.177],[-168.668,12.334],[-168.226,12.49],[-167.783,12.645],[-167.34,12.799],[-166.896,12.953],[-166.452,13.106]]}}]}