{"type":"FeatureCollection","meta":{"model":"Cao2024","reconstruction_time_ma":485.0,"anchor_plate_id":0,"pygplates_version":"1.0.0","tessellate_degrees":0.5,"polarity_convention":"gpml:subductionPolarity. 'Left'/'Right' names the side of the line, in vertex order, on which the OVERRIDING plate lies. Triangles are drawn on that side.","antimeridian":"Lines are NOT split at +/-180 deg. The renderer works in 3D unit vectors where the dateline is not special; splitting would only add spurious breaks. Do not treat this as RFC 7946 GIS-ready 2D data."},"features":[{"type":"Feature","properties":{"boundary_type":"subduction","feature_type":"gpml:SubductionZone","polarity":"Left","overriding_plate_id":404,"subducting_plate_id":302,"plate_ids":[302,404],"name":"Kara-Palaeo asian ocean SZ (was transform)"},"geometry":{"type":"LineString","coordinates":[[-15.005,-36.516],[-14.962,-36.328],[-14.853,-35.86],[-14.745,-35.391],[-14.639,-34.923],[-14.534,-34.455],[-14.43,-33.986],[-14.327,-33.517],[-14.225,-33.049],[-14.185,-32.604],[-14.146,-32.159]]}},{"type":"Feature","properties":{"boundary_type":"subduction","feature_type":"gpml:SubductionZone","polarity":"Left","overriding_plate_id":404,"subducting_plate_id":466,"plate_ids":[404,466],"name":"Kara-Palaeo asian ocean SZ (was transform)"},"geometry":{"type":"LineString","coordinates":[[-14.146,-32.159],[-14.107,-31.714],[-14.068,-31.269],[-14.029,-30.824],[-13.991,-30.378],[-14.051,-29.954],[-14.11,-29.529],[-14.169,-29.105],[-14.228,-28.68],[-14.286,-28.255],[-14.343,-27.831]]}},{"type":"Feature","properties":{"boundary_type":"subduction","feature_type":"gpml:SubductionZone","polarity":"Left","overriding_plate_id":4041,"subducting_plate_id":466,"plate_ids":[466,4041],"name":"Kara-Palaeo asian ocean SZ (was transform)"},"geometry":{"type":"LineString","coordinates":[[-14.348,-27.831],[-14.364,-27.677],[-14.426,-27.208],[-14.489,-26.739],[-14.55,-26.271],[-14.611,-25.802],[-14.672,-25.334],[-14.829,-24.876],[-14.986,-24.418],[-15.141,-23.959],[-15.294,-23.501],[-15.447,-23.042],[-15.599,-22.584],[-15.75,-22.125],[-15.9,-21.666],[-16.049,-21.207],[-16.197,-20.748],[-16.344,-20.288],[-16.49,-19.829],[-16.742,-19.399],[-16.993,-18.968],[-17.242,-18.537],[-17.49,-18.106],[-17.737,-17.675],[-17.982,-17.243]]}},{"type":"Feature","properties":{"boundary_type":"subduction","feature_type":"gpml:SubductionZone","polarity":"Right","overriding_plate_id":401,"subducting_plate_id":902,"plate_ids":[401,902],"name":"Siberia O-O SZ"},"geometry":{"type":"LineString","coordinates":[[-20.031,-4.762],[-20.142,-4.957]]}},{"type":"Feature","properties":{"boundary_type":"subduction","feature_type":"gpml:SubductionZone","polarity":"Right","overriding_plate_id":401,"subducting_plate_id":466,"plate_ids":[401,466],"name":"Siberia O-O SZ"},"geometry":{"type":"LineString","coordinates":[[-20.142,-4.957],[-20.373,-5.362],[-20.605,-5.768],[-20.836,-6.173],[-21.068,-6.578],[-21.301,-6.983],[-21.533,-7.388],[-21.767,-7.793],[-22.0,-8.198],[-22.234,-8.602],[-22.469,-9.007],[-22.704,-9.411],[-22.94,-9.815],[-23.176,-10.219],[-23.413,-10.623],[-23.457,-11.12],[-23.5,-11.617],[-23.544,-12.113],[-23.588,-12.61],[-23.632,-13.106],[-23.676,-13.603],[-23.72,-14.1],[-23.765,-14.596],[-23.809,-15.093],[-23.854,-15.59],[-23.9,-16.086],[-23.945,-16.583],[-23.991,-17.079],[-23.903,-17.554],[-23.814,-18.028],[-23.725,-18.503],[-23.635,-18.977],[-23.545,-19.452],[-23.455,-19.926]]}},{"type":"Feature","properties":{"boundary_type":"subduction","feature_type":"gpml:SubductionZone","polarity":"Right","overriding_plate_id":101,"subducting_plate_id":902,"plate_ids":[101,902],"name":"Ocean arc outboard of Laurentia"},"geometry":{"type":"LineString","coordinates":[[-144.579,24.496],[-144.051,24.588],[-143.523,24.678],[-142.994,24.766],[-142.464,24.852],[-141.933,24.936],[-141.402,25.018],[-140.87,25.099],[-140.338,25.178],[-139.804,25.254],[-139.27,25.329],[-138.735,25.402],[-138.2,25.473],[-137.664,25.542],[-137.128,25.609],[-136.591,25.674],[-136.053,25.737],[-135.515,25.798],[-134.976,25.857],[-134.426,25.909],[-133.876,25.959],[-133.326,26.007],[-132.775,26.053],[-132.224,26.097],[-131.672,26.139],[-131.12,26.178],[-130.568,26.215],[-130.015,26.251],[-129.462,26.284],[-128.909,26.315],[-128.355,26.344],[-127.801,26.371],[-127.247,26.396],[-126.693,26.418],[-126.138,26.439],[-125.583,26.457],[-125.029,26.473],[-124.473,26.487],[-123.918,26.499],[-123.363,26.508],[-122.808,26.516],[-122.252,26.521],[-121.697,26.525],[-121.141,26.526],[-120.586,26.525],[-120.03,26.521],[-119.475,26.516],[-118.919,26.509],[-118.364,26.499],[-117.809,26.487],[-117.254,26.473],[-116.714,26.353],[-116.176,26.231],[-115.64,26.107],[-115.104,25.981],[-114.569,25.853],[-114.036,25.723],[-113.504,25.591],[-112.973,25.457],[-112.443,25.321],[-111.914,25.183],[-111.387,25.044],[-110.861,24.902],[-110.336,24.759],[-109.812,24.614],[-109.289,24.467],[-108.768,24.318],[-108.248,24.168],[-107.729,24.016],[-107.211,23.862],[-106.695,23.706],[-106.179,23.549],[-105.665,23.39],[-105.153,23.229],[-104.641,23.066],[-104.131,22.902],[-103.622,22.737],[-103.114,22.569],[-102.608,22.4],[-102.102,22.23],[-101.714,21.897],[-101.326,21.564],[-100.941,21.229],[-100.558,20.894],[-100.176,20.558],[-99.796,20.221],[-99.417,19.883],[-99.04,19.544],[-98.665,19.205],[-98.291,18.864],[-97.919,18.524],[-97.548,18.182],[-97.179,17.84],[-96.811,17.496],[-96.444,17.153],[-96.079,16.808],[-95.715,16.463],[-95.353,16.118],[-94.992,15.771],[-94.631,15.425],[-94.273,15.077],[-93.915,14.729],[-93.421,14.591],[-92.927,14.451],[-92.434,14.311],[-91.942,14.169],[-91.451,14.026],[-90.96,13.883],[-90.469,13.738],[-89.979,13.593],[-89.469,13.629],[-88.958,13.663],[-88.447,13.697],[-87.936,13.73],[-87.425,13.761],[-86.914,13.792]]}},{"type":"Feature","properties":{"boundary_type":"subduction","feature_type":"gpml:SubductionZone","polarity":"Right","overriding_plate_id":184,"subducting_plate_id":173,"plate_ids":[173,184],"name":"Penobscot arc"},"geometry":{"type":"LineString","coordinates":[[-100.536,-39.534],[-99.975,-39.773],[-99.41,-40.01],[-98.842,-40.244],[-98.269,-40.475],[-97.693,-40.704],[-97.113,-40.929],[-96.528,-41.152],[-95.94,-41.372],[-95.348,-41.588],[-94.752,-41.802],[-94.152,-42.012],[-93.548,-42.22],[-92.94,-42.424],[-92.328,-42.625],[-91.712,-42.822],[-91.092,-43.017],[-90.468,-43.207],[-89.952,-43.451],[-89.431,-43.693],[-88.906,-43.932],[-88.376,-44.169],[-87.843,-44.403],[-87.305,-44.635],[-86.763,-44.865],[-86.217,-45.091]]}},{"type":"Feature","properties":{"boundary_type":"subduction","feature_type":"gpml:SubductionZone","polarity":"Right","overriding_plate_id":184,"subducting_plate_id":302,"plate_ids":[184,302],"name":"Penobscot arc"},"geometry":{"type":"LineString","coordinates":[[-86.217,-45.091],[-85.78,-45.269],[-85.341,-45.446],[-84.802,-45.747],[-84.257,-46.046],[-83.706,-46.342],[-83.149,-46.635],[-82.586,-46.926],[-82.017,-47.214],[-81.441,-47.499],[-80.86,-47.781],[-80.272,-48.06],[-79.678,-48.336],[-79.077,-48.61],[-78.504,-48.926],[-77.923,-49.24],[-77.336,-49.551],[-76.74,-49.859],[-76.137,-50.163],[-75.527,-50.465],[-74.909,-50.763],[-74.282,-51.058],[-73.648,-51.35],[-73.006,-51.638],[-72.355,-51.923],[-71.696,-52.204],[-71.029,-52.481],[-70.354,-52.754],[-69.67,-53.024],[-68.977,-53.29],[-68.473,-53.566],[-67.963,-53.84],[-67.446,-54.112]]}},{"type":"Feature","properties":{"boundary_type":"subduction","feature_type":"gpml:SubductionZone","polarity":"Right","overriding_plate_id":184,"subducting_plate_id":173,"plate_ids":[173,184],"name":"Penobscot subduction zone"},"geometry":{"type":"LineString","coordinates":[[-121.679,-26.589],[-121.445,-26.736],[-121.022,-27.029],[-120.596,-27.321],[-120.168,-27.611],[-119.738,-27.9],[-119.306,-28.187],[-118.871,-28.474],[-118.434,-28.759],[-117.994,-29.042],[-117.552,-29.324],[-117.108,-29.604],[-116.661,-29.884],[-116.198,-30.178],[-115.731,-30.471],[-115.263,-30.763],[-114.791,-31.052],[-114.316,-31.34],[-113.839,-31.627],[-113.358,-31.911],[-112.875,-32.194],[-112.388,-32.474],[-111.899,-32.753],[-111.406,-33.03],[-110.91,-33.305],[-110.412,-33.578],[-109.91,-33.849],[-109.405,-34.118],[-108.896,-34.385],[-108.431,-34.704],[-107.963,-35.022],[-107.49,-35.338],[-107.014,-35.652],[-106.535,-35.964],[-106.051,-36.274],[-105.564,-36.582],[-105.072,-36.889],[-104.577,-37.193],[-104.078,-37.495],[-103.575,-37.795],[-103.067,-38.093],[-102.556,-38.388],[-102.04,-38.682],[-101.52,-38.973],[-100.996,-39.261],[-100.536,-39.534]]}},{"type":"Feature","properties":{"boundary_type":"subduction","feature_type":"gpml:SubductionZone","polarity":"Right","overriding_plate_id":101,"subducting_plate_id":173,"plate_ids":[101,173],"name":"Laurentian subduction zone"},"geometry":{"type":"LineString","coordinates":[[-148.808,-22.68],[-149.327,-22.716],[-149.845,-22.751],[-150.364,-22.783],[-150.87,-22.795],[-151.376,-22.805],[-151.882,-22.813],[-152.389,-22.82],[-152.895,-22.825],[-153.412,-22.766],[-153.93,-22.705],[-154.446,-22.643],[-154.962,-22.579],[-155.235,-22.524],[-155.508,-22.469]]}},{"type":"Feature","properties":{"boundary_type":"subduction","feature_type":"gpml:SubductionZone","polarity":"Right","overriding_plate_id":701,"subducting_plate_id":919,"plate_ids":[701,919],"name":"Early Famatinian subduction zone?"},"geometry":{"type":"LineString","coordinates":[[175.447,-19.428],[175.606,-19.397],[176.132,-19.373],[176.658,-19.347],[177.183,-19.32],[177.709,-19.292],[178.234,-19.262],[178.759,-19.23],[179.284,-19.197],[179.809,-19.162],[-179.667,-19.126],[-179.143,-19.089],[-178.619,-19.05],[-178.095,-19.009],[-177.571,-18.967],[-177.048,-18.924],[-176.525,-18.879],[-176.076,-18.808],[-175.628,-18.736],[-175.18,-18.663],[-174.732,-18.589],[-174.285,-18.514],[-173.803,-18.448],[-173.322,-18.381],[-172.841,-18.313],[-172.36,-18.244],[-171.88,-18.173],[-171.4,-18.102],[-170.911,-18.26],[-170.421,-18.418],[-169.931,-18.574],[-169.439,-18.729],[-168.947,-18.883],[-168.627,-19.201],[-168.306,-19.518],[-167.983,-19.834],[-167.66,-20.15],[-167.335,-20.465],[-166.987,-20.836],[-166.638,-21.206],[-166.288,-21.574],[-165.935,-21.943],[-165.581,-22.31],[-165.224,-22.677],[-164.886,-23.034],[-164.546,-23.391],[-164.203,-23.747],[-163.859,-24.102],[-163.514,-24.456],[-163.166,-24.81],[-162.816,-25.163],[-162.442,-25.458],[-162.067,-25.753],[-161.689,-26.047],[-161.31,-26.34],[-160.928,-26.632],[-160.545,-26.923],[-160.16,-27.212],[-159.772,-27.501],[-159.311,-27.721],[-158.847,-27.94],[-158.381,-28.157],[-157.914,-28.372],[-157.444,-28.586],[-156.973,-28.798],[-156.5,-29.008],[-156.024,-29.217]]}},{"type":"Feature","properties":{"boundary_type":"subduction","feature_type":"gpml:SubductionZone","polarity":"Right","overriding_plate_id":101,"subducting_plate_id":173,"plate_ids":[101,173],"name":"Dashwoods subduction zone"},"geometry":{"type":"LineString","coordinates":[[-99.012,-24.661],[-99.304,-24.781],[-99.595,-24.899],[-100.04,-25.156],[-100.488,-25.412],[-100.936,-25.666],[-101.41,-25.858],[-101.886,-26.047],[-102.363,-26.235],[-102.841,-26.422],[-103.321,-26.607],[-103.803,-26.79],[-104.286,-26.972],[-104.738,-27.124],[-105.192,-27.275],[-105.646,-27.425],[-106.102,-27.573],[-106.56,-27.719],[-107.018,-27.865],[-107.478,-28.008],[-107.965,-28.017],[-108.453,-28.024],[-108.941,-28.03],[-109.429,-28.033],[-109.917,-28.035],[-110.405,-28.036],[-110.892,-28.034],[-111.404,-27.887],[-111.914,-27.738],[-112.423,-27.587],[-112.93,-27.435],[-113.436,-27.28],[-113.941,-27.124],[-114.475,-27.016],[-115.008,-26.907],[-115.54,-26.795],[-116.071,-26.681],[-116.6,-26.566],[-117.129,-26.448],[-117.657,-26.328],[-118.187,-26.256],[-118.717,-26.181],[-119.246,-26.104],[-119.774,-26.025],[-120.142,-25.83],[-120.508,-25.634],[-120.874,-25.437],[-121.238,-25.24],[-121.719,-25.075],[-122.2,-24.908],[-122.679,-24.74],[-123.156,-24.571],[-123.633,-24.4],[-124.108,-24.227],[-124.581,-24.053],[-125.054,-23.878],[-125.547,-23.764],[-126.039,-23.649],[-126.53,-23.532],[-127.02,-23.413],[-127.509,-23.293],[-127.997,-23.171],[-128.485,-23.048],[-128.971,-22.924],[-129.447,-22.848],[-129.922,-22.771],[-130.397,-22.693],[-130.871,-22.613],[-131.344,-22.532],[-131.817,-22.45],[-132.289,-22.366],[-132.761,-22.28],[-133.22,-22.214],[-133.679,-22.146],[-134.137,-22.076],[-134.126,-22.069]]}},{"type":"Feature","properties":{"boundary_type":"subduction","feature_type":"gpml:SubductionZone","polarity":"Right","overriding_plate_id":101,"subducting_plate_id":173,"plate_ids":[101,173],"name":"Dashwoods subduction zone"},"geometry":{"type":"LineString","coordinates":[[-134.126,-22.069],[-134.114,-22.062],[-134.616,-22.012],[-135.118,-21.96],[-135.619,-21.906],[-136.119,-21.852],[-136.632,-21.797],[-137.144,-21.742],[-137.656,-21.685],[-138.167,-21.626],[-138.678,-21.566],[-139.188,-21.504],[-139.698,-21.44],[-140.2,-21.38],[-140.701,-21.317],[-141.201,-21.253],[-141.702,-21.188],[-142.201,-21.121],[-142.701,-21.053],[-143.2,-20.983],[-143.698,-20.912],[-144.196,-20.839],[-144.626,-20.812],[-145.056,-20.783],[-145.486,-20.754],[-145.915,-20.723],[-146.344,-20.691],[-146.795,-20.749],[-147.246,-20.806],[-147.697,-20.861],[-148.149,-20.916],[-148.253,-20.935]]}},{"type":"Feature","properties":{"boundary_type":"subduction","feature_type":"gpml:SubductionZone","polarity":"Right","overriding_plate_id":184,"subducting_plate_id":302,"plate_ids":[184,302],"name":"Penobscot subduction zone"},"geometry":{"type":"LineString","coordinates":[[-67.446,-54.112],[-66.713,-54.331],[-65.974,-54.545],[-65.226,-54.755],[-64.471,-54.961],[-63.708,-55.161],[-62.937,-55.357],[-62.159,-55.548],[-61.373,-55.734],[-60.58,-55.914],[-59.78,-56.09],[-58.972,-56.26],[-58.175,-56.474],[-57.368,-56.682],[-56.553,-56.886],[-55.728,-57.083],[-54.895,-57.276],[-54.053,-57.462],[-53.203,-57.643]]}},{"type":"Feature","properties":{"boundary_type":"subduction","feature_type":"gpml:SubductionZone","polarity":"Right","overriding_plate_id":173,"subducting_plate_id":101,"plate_ids":[101,173],"name":"peri-Laurentian subduction zone"},"geometry":{"type":"LineString","coordinates":[[-99.012,-24.661],[-98.976,-24.165],[-98.94,-23.67],[-98.904,-23.174],[-98.868,-22.678],[-98.832,-22.182],[-98.797,-21.687],[-98.762,-21.191],[-98.617,-20.763],[-98.473,-20.334],[-98.329,-19.906],[-98.186,-19.477],[-98.044,-19.048],[-97.903,-18.62],[-97.762,-18.191],[-97.418,-17.893],[-97.076,-17.596],[-96.734,-17.297],[-96.394,-16.998],[-96.055,-16.698],[-95.717,-16.398],[-95.334,-16.101],[-94.953,-15.804],[-94.573,-15.505],[-94.194,-15.207],[-93.816,-14.907],[-93.439,-14.607],[-93.063,-14.306],[-92.688,-14.005],[-92.296,-13.718],[-91.905,-13.43],[-91.515,-13.141],[-91.126,-12.852],[-90.738,-12.563],[-90.351,-12.272],[-89.964,-11.982],[-89.578,-11.69],[-89.167,-11.449],[-88.756,-11.207],[-88.346,-10.964],[-87.937,-10.72],[-87.528,-10.477],[-87.12,-10.232],[-86.712,-9.987],[-86.278,-9.805],[-85.844,-9.623],[-85.411,-9.44],[-84.978,-9.256],[-84.546,-9.072],[-84.114,-8.887],[-83.683,-8.702],[-83.252,-8.517],[-82.821,-8.33],[-82.337,-8.353],[-81.852,-8.376],[-81.367,-8.397],[-80.883,-8.418],[-80.398,-8.439],[-79.913,-8.458],[-79.428,-8.478],[-78.943,-8.496]]}},{"type":"Feature","properties":{"boundary_type":"subduction","feature_type":"gpml:SubductionZone","polarity":"Left","overriding_plate_id":null,"subducting_plate_id":null,"plate_ids":[919,22601],"name":"subduction zone outboard Cuyania"},"geometry":{"type":"LineString","coordinates":[[-153.235,-28.794],[-152.89,-29.106],[-152.542,-29.416],[-152.193,-29.725],[-151.841,-30.034]]}},{"type":"Feature","properties":{"boundary_type":"subduction","feature_type":"gpml:SubductionZone","polarity":"Left","overriding_plate_id":701,"subducting_plate_id":919,"plate_ids":[701,919],"name":"New Zealand SZ (SE eastern Gondwanaland)"},"geometry":{"type":"LineString","coordinates":[[161.539,-12.028],[161.038,-12.023],[160.682,-11.703],[160.327,-11.384],[159.973,-11.063],[159.619,-10.743],[159.266,-10.422],[158.914,-10.1],[158.563,-9.778],[158.212,-9.456],[157.792,-9.183],[157.372,-8.909],[156.953,-8.635],[156.535,-8.36],[156.117,-8.085],[155.7,-7.81],[155.283,-7.534],[154.867,-7.257],[154.451,-6.981],[154.114,-6.641],[153.777,-6.301],[153.441,-5.961],[153.105,-5.621],[152.769,-5.281],[152.434,-4.94],[152.099,-4.6],[151.764,-4.259],[151.43,-3.918],[151.198,-3.519],[150.967,-3.12],[150.737,-2.721],[150.506,-2.322],[150.275,-1.923],[150.045,-1.524],[149.814,-1.125],[149.584,-0.726],[149.354,-0.327],[149.123,0.073],[148.893,0.472],[148.591,0.842],[148.288,1.212],[147.986,1.582],[147.683,1.952],[147.381,2.322],[147.078,2.692],[146.775,3.062],[146.472,3.431],[146.168,3.801],[145.865,4.171],[145.561,4.54],[145.256,4.909],[144.952,5.278],[144.647,5.647],[144.296,5.997],[143.945,6.347],[143.593,6.697],[143.241,7.046],[142.889,7.395],[142.535,7.743],[142.182,8.092],[141.827,8.44],[141.472,8.788],[141.117,9.135],[140.76,9.482],[140.403,9.829],[140.127,10.17],[139.851,10.51],[139.574,10.85],[139.297,11.19],[139.019,11.53],[138.74,11.869],[138.461,12.208],[138.028,12.411],[137.594,12.613],[137.107,12.763],[136.619,12.913],[136.13,13.061]]}},{"type":"Feature","properties":{"boundary_type":"subduction","feature_type":"gpml:SubductionZone","polarity":"Left","overriding_plate_id":701,"subducting_plate_id":919,"plate_ids":[701,919],"name":"West Gondwana (Panthalassa) subduction zone"},"geometry":{"type":"LineString","coordinates":[[175.447,-19.428],[174.991,-19.181],[174.537,-18.932],[174.084,-18.683],[173.632,-18.432],[173.182,-18.18],[172.733,-17.928],[172.285,-17.674],[171.838,-17.419],[171.332,-17.33],[170.827,-17.24],[170.322,-17.149],[169.818,-17.056],[169.314,-16.962],[168.81,-16.867],[168.307,-16.77],[167.805,-16.673],[167.303,-16.574],[166.802,-16.474],[166.301,-16.373],[165.801,-16.27],[165.301,-16.167],[164.802,-16.062],[164.303,-15.956],[163.805,-15.849],[163.307,-15.741],[163.108,-15.329],[162.909,-14.917],[162.711,-14.505],[162.514,-14.092],[162.318,-13.68],[162.122,-13.267],[161.927,-12.854],[161.733,-12.441],[161.539,-12.028]]}},{"type":"Feature","properties":{"boundary_type":"subduction","feature_type":"gpml:SubductionZone","polarity":"Right","overriding_plate_id":701,"subducting_plate_id":302,"plate_ids":[302,701],"name":"ocean-ocean convergence"},"geometry":{"type":"LineString","coordinates":[[-4.746,-61.889],[-3.709,-61.865],[-2.673,-61.833],[-1.64,-61.794],[-0.609,-61.747],[0.418,-61.692],[1.441,-61.63],[2.46,-61.56],[3.474,-61.482],[4.264,-61.23],[5.041,-60.974],[5.806,-60.713],[6.559,-60.448],[7.299,-60.178],[8.027,-59.905],[8.744,-59.627],[9.218,-59.206],[9.681,-58.782],[10.132,-58.357],[10.573,-57.931],[11.004,-57.503],[11.424,-57.073],[11.835,-56.642],[11.888,-56.525]]}},{"type":"Feature","properties":{"boundary_type":"subduction","feature_type":"gpml:SubductionZone","polarity":"Right","overriding_plate_id":466,"subducting_plate_id":302,"plate_ids":[302,466],"name":"ocean-ocean convergence"},"geometry":{"type":"LineString","coordinates":[[11.888,-56.525],[12.071,-56.11],[12.25,-55.695],[12.426,-55.279],[12.598,-54.864],[12.767,-54.448],[12.932,-54.032],[12.935,-53.619],[12.938,-53.205],[12.941,-52.792]]}},{"type":"Feature","properties":{"boundary_type":"subduction","feature_type":"gpml:SubductionZone","polarity":"Right","overriding_plate_id":701,"subducting_plate_id":926,"plate_ids":[701,926],"name":"SZ along eastern Gondwanaland"},"geometry":{"type":"LineString","coordinates":[[88.856,6.584],[89.124,6.91],[89.393,7.235],[89.662,7.561],[89.931,7.886],[90.201,8.211],[90.471,8.536],[90.762,8.938],[91.053,9.34],[91.344,9.742],[91.637,10.144],[91.93,10.545],[92.224,10.946],[92.518,11.347],[92.814,11.747],[93.11,12.147],[93.407,12.547],[93.706,12.946],[94.005,13.346],[94.305,13.744],[94.606,14.143],[94.908,14.541],[95.211,14.939],[95.516,15.336],[95.821,15.733],[96.128,16.129],[96.436,16.525],[96.746,16.921],[97.056,17.316],[97.368,17.71],[97.681,18.104],[97.996,18.498],[98.411,18.796],[98.827,19.094],[99.245,19.39],[99.664,19.685],[100.085,19.98],[100.507,20.273],[100.931,20.566],[101.356,20.857],[101.784,21.148],[102.213,21.437],[102.643,21.725],[103.107,21.961],[103.572,22.195],[104.038,22.428],[104.506,22.66],[104.976,22.89],[105.447,23.119],[105.92,23.347],[106.394,23.573],[106.871,23.797],[107.348,24.021],[107.845,24.175],[108.342,24.329],[108.84,24.48],[109.34,24.63],[109.841,24.779],[110.343,24.925],[110.847,25.07],[111.351,25.214],[111.857,25.355],[112.364,25.495],[112.872,25.633],[113.386,25.738],[113.9,25.84],[114.415,25.941],[114.932,26.04],[115.449,26.138],[115.966,26.233],[116.485,26.326],[117.005,26.418],[117.525,26.508],[118.046,26.596],[118.568,26.682],[119.091,26.766],[119.615,26.848],[120.139,26.928],[120.664,27.006],[121.19,27.082],[121.716,27.157],[122.243,27.229],[122.791,27.203],[123.338,27.175],[123.885,27.145],[124.432,27.113],[124.979,27.078],[125.525,27.042],[126.071,27.003],[126.616,26.963],[127.149,26.884],[127.682,26.804],[128.214,26.722],[128.746,26.638],[129.276,26.552],[129.806,26.464],[130.335,26.373],[130.863,26.281],[131.39,26.188],[131.884,26.025],[132.377,25.861],[132.869,25.695],[133.359,25.528],[133.848,25.359],[134.335,25.188],[134.821,25.016],[135.306,24.842],[135.789,24.667],[136.271,24.49],[136.752,24.311],[137.231,24.131],[137.709,23.95],[138.186,23.767]]}},{"type":"Feature","properties":{"boundary_type":"subduction","feature_type":"gpml:SubductionZone","polarity":"Right","overriding_plate_id":457,"subducting_plate_id":580,"plate_ids":[457,580],"name":"West Kunlun SZ"},"geometry":{"type":"LineString","coordinates":[[71.034,-41.918],[70.943,-41.479],[70.854,-41.039],[70.765,-40.6],[70.678,-40.16],[70.592,-39.721],[70.507,-39.281],[70.424,-38.841],[70.341,-38.402],[70.338,-37.944],[70.335,-37.486],[70.28,-36.996],[70.227,-36.506],[69.979,-36.267],[69.732,-36.028],[69.321,-35.713],[68.913,-35.397],[68.508,-35.08],[68.106,-34.761],[67.708,-34.44],[67.501,-33.999],[67.296,-33.557]]}},{"type":"Feature","properties":{"boundary_type":"subduction","feature_type":"gpml:SubductionZone","polarity":"Right","overriding_plate_id":null,"subducting_plate_id":null,"plate_ids":[580],"name":"West Kunlun SZ"},"geometry":{"type":"LineString","coordinates":[[67.296,-33.557],[67.11,-33.153],[66.926,-32.749],[66.744,-32.344]]}},{"type":"Feature","properties":{"boundary_type":"subduction","feature_type":"gpml:SubductionZone","polarity":"Left","overriding_plate_id":401,"subducting_plate_id":902,"plate_ids":[401,902],"name":"Kuznetsk-Alatau & North Sayan & Chingiz (?) subduction zone"},"geometry":{"type":"LineString","coordinates":[[-20.031,-4.762],[-20.327,-4.502],[-20.623,-4.241],[-20.919,-3.981],[-21.314,-3.823],[-21.709,-3.666],[-22.104,-3.508],[-22.499,-3.35],[-22.894,-3.192],[-23.287,-3.044],[-23.68,-2.895],[-24.074,-2.747],[-24.467,-2.598],[-24.86,-2.449],[-25.253,-2.3],[-25.711,-2.176],[-26.168,-2.051],[-26.626,-1.925],[-27.084,-1.8],[-27.542,-1.675],[-27.932,-1.604],[-28.321,-1.532],[-28.711,-1.461],[-29.101,-1.39]]}},{"type":"Feature","properties":{"boundary_type":"subduction","feature_type":"gpml:SubductionZone","polarity":"Left","overriding_plate_id":401,"subducting_plate_id":4100,"plate_ids":[401,4100],"name":"Kuznetsk-Alatau & North Sayan & Chingiz (?) subduction zone"},"geometry":{"type":"LineString","coordinates":[[-29.101,-1.39],[-29.393,-1.337],[-29.685,-1.283],[-30.175,-1.289],[-30.665,-1.294],[-31.155,-1.3],[-31.645,-1.305],[-32.135,-1.31],[-32.283,-1.277]]}},{"type":"Feature","properties":{"boundary_type":"subduction","feature_type":"gpml:SubductionZone","polarity":"Right","overriding_plate_id":401,"subducting_plate_id":4100,"plate_ids":[401,4100],"name":"South Siberia subduction zone"},"geometry":{"type":"LineString","coordinates":[[-59.501,8.597],[-59.035,8.478],[-58.57,8.359],[-58.104,8.24],[-57.639,8.12],[-57.175,7.999],[-56.71,7.878],[-56.246,7.756],[-55.782,7.634],[-55.318,7.511],[-54.847,7.472],[-54.376,7.432],[-53.905,7.391],[-53.434,7.35],[-52.963,7.309],[-52.492,7.267],[-52.021,7.224],[-51.551,7.182],[-51.08,7.138],[-50.61,7.094],[-50.139,7.05],[-49.669,7.005],[-49.199,6.96],[-48.738,6.979],[-48.276,6.997],[-47.815,7.015],[-47.354,7.032],[-46.893,7.049],[-46.431,7.066],[-45.97,7.082],[-45.509,7.097],[-45.047,7.112],[-44.586,7.127],[-44.141,7.096],[-43.696,7.065],[-43.251,7.034],[-42.806,7.002],[-42.362,6.969],[-41.917,6.937],[-41.472,6.903],[-41.028,6.87],[-40.604,6.755],[-40.181,6.64],[-39.758,6.525],[-39.335,6.409],[-38.913,6.293],[-38.49,6.177],[-38.047,5.977],[-37.604,5.778],[-37.161,5.577],[-36.718,5.377],[-36.397,5.153],[-36.076,4.93],[-35.756,4.706],[-35.436,4.482],[-35.231,4.061],[-35.026,3.64],[-34.822,3.22],[-34.508,2.893],[-34.194,2.566],[-33.88,2.239],[-33.567,1.913],[-33.253,1.586],[-32.94,1.259],[-32.626,0.932],[-32.313,0.605],[-32.0,0.278],[-31.687,-0.049]]}},{"type":"Feature","properties":{"boundary_type":"subduction","feature_type":"gpml:SubductionZone","polarity":"Right","overriding_plate_id":401,"subducting_plate_id":902,"plate_ids":[401,902],"name":"South CMT subduction zone"},"geometry":{"type":"LineString","coordinates":[[-73.898,11.33],[-73.616,11.433],[-73.333,11.535],[-72.86,11.678],[-72.386,11.819],[-71.912,11.96],[-71.437,12.1],[-70.961,12.239],[-70.485,12.377],[-70.009,12.514],[-69.532,12.651],[-69.055,12.787],[-68.577,12.921],[-68.091,13.062],[-67.604,13.201],[-67.117,13.339],[-66.629,13.476],[-66.141,13.613],[-65.652,13.748],[-65.163,13.883],[-64.673,14.016],[-64.182,14.149],[-63.691,14.28],[-63.2,14.411],[-62.707,14.54],[-62.215,14.669],[-61.721,14.796],[-61.232,14.837],[-60.742,14.876],[-60.253,14.914],[-59.763,14.951],[-59.273,14.988],[-58.783,15.023],[-58.293,15.057],[-57.802,15.09],[-57.311,15.122]]}},{"type":"Feature","properties":{"boundary_type":"subduction","feature_type":"gpml:SubductionZone","polarity":"Right","overriding_plate_id":4100,"subducting_plate_id":902,"plate_ids":[902,4100],"name":"South CMT subduction zone"},"geometry":{"type":"LineString","coordinates":[[-57.311,15.122],[-56.95,15.145],[-56.589,15.167],[-56.08,15.197],[-55.572,15.227],[-55.063,15.255],[-54.553,15.282],[-54.044,15.308],[-53.535,15.332],[-53.025,15.356],[-52.516,15.379],[-52.006,15.4],[-51.496,15.42],[-50.986,15.439],[-50.473,15.367],[-49.96,15.295],[-49.448,15.221],[-48.935,15.146],[-48.424,15.07],[-47.912,14.993],[-47.401,14.914],[-46.891,14.835],[-46.38,14.754],[-45.87,14.673],[-45.361,14.59],[-44.852,14.506],[-44.343,14.421],[-43.87,14.255],[-43.398,14.088],[-42.926,13.92],[-42.456,13.751],[-41.986,13.582],[-41.516,13.411],[-41.047,13.24],[-40.579,13.068],[-40.112,12.895],[-39.645,12.721],[-39.179,12.546],[-38.713,12.371],[-38.248,12.194],[-37.784,12.017],[-37.32,11.839],[-36.857,11.661],[-36.453,11.415],[-36.05,11.169],[-35.647,10.922],[-35.246,10.675],[-34.844,10.427],[-34.444,10.179],[-34.044,9.93],[-33.645,9.681],[-33.246,9.431],[-32.862,9.134],[-32.479,8.838],[-32.096,8.541],[-31.713,8.243],[-31.332,7.945],[-30.951,7.647],[-30.57,7.348],[-30.19,7.05],[-29.81,6.75],[-29.55,6.339],[-29.289,5.927],[-29.03,5.514],[-28.77,5.102],[-28.511,4.69],[-28.252,4.277],[-27.993,3.865]]}},{"type":"Feature","properties":{"boundary_type":"subduction","feature_type":"gpml:SubductionZone","polarity":"Left","overriding_plate_id":4100,"subducting_plate_id":902,"plate_ids":[902,4100],"name":"Lake subduction zone"},"geometry":{"type":"LineString","coordinates":[[-29.101,-1.39],[-28.93,-0.937],[-28.759,-0.484],[-28.588,-0.032],[-28.417,0.421],[-28.334,0.855],[-28.25,1.288],[-28.166,1.721],[-28.082,2.155],[-27.998,2.588],[-27.997,3.014],[-27.995,3.439],[-27.993,3.865]]}},{"type":"Feature","properties":{"boundary_type":"subduction","feature_type":"gpml:SubductionZone","polarity":"Right","overriding_plate_id":404,"subducting_plate_id":4041,"plate_ids":[404,4041],"name":"North Kara subduction zone"},"geometry":{"type":"LineString","coordinates":[[-32.7,-29.243],[-32.146,-29.222],[-31.592,-29.198],[-31.038,-29.172],[-30.485,-29.143],[-29.932,-29.112],[-29.379,-29.079],[-28.925,-28.952],[-28.473,-28.822],[-28.021,-28.691],[-27.571,-28.559],[-27.122,-28.425],[-26.698,-28.169],[-26.277,-27.912],[-25.857,-27.654],[-25.44,-27.394],[-24.991,-27.324],[-24.542,-27.253],[-24.095,-27.181],[-23.647,-27.107],[-23.201,-27.032],[-22.746,-27.164],[-22.29,-27.295],[-21.833,-27.425],[-21.375,-27.553],[-20.915,-27.68],[-20.353,-27.704],[-19.79,-27.726],[-19.227,-27.745],[-18.664,-27.763],[-18.1,-27.778],[-17.537,-27.79],[-16.973,-27.801],[-16.41,-27.809],[-15.846,-27.815],[-15.282,-27.818],[-14.718,-27.82],[-14.348,-27.831]]}},{"type":"Feature","properties":{"boundary_type":"subduction","feature_type":"gpml:SubductionZone","polarity":"Right","overriding_plate_id":404,"subducting_plate_id":466,"plate_ids":[404,466],"name":"North Kara subduction zone"},"geometry":{"type":"LineString","coordinates":[[-14.348,-27.831],[-14.343,-27.831]]}},{"type":"Feature","properties":{"boundary_type":"subduction","feature_type":"gpml:SubductionZone","polarity":"Left","overriding_plate_id":460,"subducting_plate_id":466,"plate_ids":[460,466],"name":"North Tianshan SZ"},"geometry":{"type":"LineString","coordinates":[[-4.537,-8.326],[-4.096,-8.373],[-3.655,-8.418],[-3.215,-8.463],[-2.774,-8.508],[-2.333,-8.552],[-1.842,-8.604],[-1.351,-8.655],[-0.86,-8.705],[-0.369,-8.754],[0.122,-8.803],[0.614,-8.852],[1.105,-8.899],[1.597,-8.946],[2.089,-8.993],[2.581,-9.038],[3.052,-9.014],[3.523,-8.989],[3.993,-8.964],[4.464,-8.938],[4.935,-8.911],[5.405,-8.884],[5.661,-8.921],[5.916,-8.958]]}},{"type":"Feature","properties":{"boundary_type":"subduction","feature_type":"gpml:SubductionZone","polarity":"Left","overriding_plate_id":460,"subducting_plate_id":459,"plate_ids":[459,460],"name":"North Tianshan SZ"},"geometry":{"type":"LineString","coordinates":[[5.916,-8.958],[6.398,-9.028],[6.88,-9.097],[7.362,-9.165],[7.844,-9.233],[8.327,-9.3],[8.81,-9.367],[9.293,-9.432],[9.741,-9.473],[10.19,-9.513],[10.639,-9.552],[11.087,-9.591],[11.536,-9.629],[11.985,-9.667],[12.435,-9.704],[12.884,-9.74],[13.382,-9.668],[13.881,-9.596],[14.379,-9.523],[14.877,-9.449],[15.375,-9.374],[15.872,-9.299],[16.368,-9.314],[16.864,-9.329],[17.36,-9.343],[17.856,-9.357],[18.352,-9.37],[18.848,-9.382],[19.344,-9.393],[19.696,-9.339],[20.047,-9.285],[20.379,-9.009],[20.71,-8.733],[20.993,-8.415],[21.276,-8.097],[21.553,-7.735],[21.967,-7.551],[22.38,-7.367],[22.792,-7.182],[23.204,-6.997],[23.562,-6.837],[23.918,-6.676],[24.275,-6.516],[24.631,-6.355]]}},{"type":"Feature","properties":{"boundary_type":"subduction","feature_type":"gpml:SubductionZone","polarity":"Left","overriding_plate_id":460,"subducting_plate_id":5801,"plate_ids":[460,5801],"name":"North Tianshan SZ"},"geometry":{"type":"LineString","coordinates":[[24.631,-6.355],[24.964,-6.204],[25.296,-6.053]]}},{"type":"Feature","properties":{"boundary_type":"subduction","feature_type":"gpml:SubductionZone","polarity":"Left","overriding_plate_id":580,"subducting_plate_id":4511,"plate_ids":[580,4511],"name":"Alxa back arc"},"geometry":{"type":"LineString","coordinates":[[49.619,-10.566],[49.686,-11.039],[49.754,-11.512],[49.822,-11.985],[49.89,-12.458],[49.897,-12.949],[49.903,-13.44],[49.909,-13.932],[49.915,-14.423],[49.831,-14.864],[49.746,-15.306],[49.661,-15.747],[49.488,-16.098],[49.315,-16.448],[49.14,-16.798],[48.97,-17.23],[48.799,-17.662],[48.626,-18.094]]}},{"type":"Feature","properties":{"boundary_type":"subduction","feature_type":"gpml:SubductionZone","polarity":"Right","overriding_plate_id":6013,"subducting_plate_id":601,"plate_ids":[601,6013],"name":"Qinling SZ"},"geometry":{"type":"LineString","coordinates":[[60.633,-6.761],[60.938,-7.065],[61.243,-7.369],[61.548,-7.672],[61.854,-7.975],[62.161,-8.278],[62.475,-8.588],[62.791,-8.897],[63.106,-9.206],[63.423,-9.515],[63.74,-9.823],[64.057,-10.131],[64.303,-10.472],[64.55,-10.813],[64.798,-11.153],[65.046,-11.493],[65.294,-11.833],[65.543,-12.173],[65.903,-12.495],[66.263,-12.817],[66.624,-13.138],[66.986,-13.458],[67.3,-13.688],[67.613,-13.918],[67.928,-14.147],[68.243,-14.376],[68.244,-14.377]]}},{"type":"Feature","properties":{"boundary_type":"subduction","feature_type":"gpml:SubductionZone","polarity":"Right","overriding_plate_id":457,"subducting_plate_id":601,"plate_ids":[457,601],"name":"Qinling SZ"},"geometry":{"type":"LineString","coordinates":[[68.244,-14.377],[68.458,-14.654],[68.674,-14.932],[69.048,-15.094],[69.423,-15.256],[69.799,-15.417],[70.175,-15.577],[70.632,-15.72],[71.09,-15.861],[71.549,-16.002],[72.023,-16.154],[72.499,-16.304],[72.975,-16.454],[73.452,-16.602],[73.93,-16.75],[74.325,-16.947],[74.721,-17.144],[75.117,-17.34],[75.521,-17.518],[75.925,-17.696],[76.331,-17.873],[76.737,-18.049],[77.143,-18.224],[77.551,-18.399],[77.993,-18.652],[78.436,-18.904],[78.881,-19.155]]}},{"type":"Feature","properties":{"boundary_type":"subduction","feature_type":"gpml:SubductionZone","polarity":"Left","overriding_plate_id":601,"subducting_plate_id":580,"plate_ids":[580,601],"name":"Qinling SZ"},"geometry":{"type":"LineString","coordinates":[[57.367,-7.571],[57.833,-7.746],[58.299,-7.921],[58.559,-7.966],[58.818,-8.01]]}},{"type":"Feature","properties":{"boundary_type":"subduction","feature_type":"gpml:SubductionZone","polarity":"Left","overriding_plate_id":6013,"subducting_plate_id":580,"plate_ids":[580,6013],"name":"Qinling SZ"},"geometry":{"type":"LineString","coordinates":[[58.818,-8.01],[59.228,-8.08],[59.639,-8.149],[60.04,-8.308],[60.442,-8.468],[60.844,-8.626],[61.143,-8.899],[61.442,-9.171],[61.741,-9.443],[62.111,-9.67],[62.482,-9.895],[62.853,-10.121],[63.115,-10.503],[63.378,-10.885],[63.642,-11.266],[63.906,-11.648],[64.171,-12.029],[64.436,-12.41],[64.703,-12.791],[64.961,-13.194],[65.22,-13.597],[65.48,-14.0],[65.741,-14.403],[66.002,-14.805],[66.335,-15.005],[66.668,-15.203],[66.72,-15.281]]}},{"type":"Feature","properties":{"boundary_type":"subduction","feature_type":"gpml:SubductionZone","polarity":"Left","overriding_plate_id":457,"subducting_plate_id":580,"plate_ids":[457,580],"name":"Qinling SZ"},"geometry":{"type":"LineString","coordinates":[[66.72,-15.281],[66.878,-15.518],[67.036,-15.754],[67.317,-16.097],[67.599,-16.44],[67.882,-16.782],[68.166,-17.124],[68.451,-17.466],[68.737,-17.807],[69.025,-18.148]]}},{"type":"Feature","properties":{"boundary_type":"subduction","feature_type":"gpml:SubductionZone","polarity":"Right","overriding_plate_id":602,"subducting_plate_id":6026,"plate_ids":[602,6026],"name":"Proto Japan"},"geometry":{"type":"LineString","coordinates":[[83.472,-7.76],[83.897,-7.66],[84.321,-7.559],[84.746,-7.458],[85.17,-7.356],[85.594,-7.254],[86.017,-7.152],[86.441,-7.049],[86.906,-6.933],[87.371,-6.817],[87.836,-6.701],[88.3,-6.584],[88.764,-6.466],[89.228,-6.348],[89.692,-6.23],[90.066,-6.237],[90.441,-6.243],[90.815,-6.249]]}},{"type":"Feature","properties":{"boundary_type":"subduction","feature_type":"gpml:SubductionZone","polarity":"Right","overriding_plate_id":602,"subducting_plate_id":701,"plate_ids":[602,701],"name":"Proto Japan"},"geometry":{"type":"LineString","coordinates":[[90.815,-6.249],[91.287,-6.257],[91.759,-6.263],[92.231,-6.27],[92.703,-6.276],[93.175,-6.282],[93.647,-6.287],[94.101,-6.341],[94.555,-6.394],[95.01,-6.447],[95.464,-6.5],[95.919,-6.552],[96.374,-6.604],[96.829,-6.655],[97.284,-6.706],[97.685,-6.782],[98.087,-6.858],[98.538,-7.036],[98.99,-7.214],[99.442,-7.392],[99.894,-7.568],[100.347,-7.745],[100.8,-7.921],[101.135,-8.121],[101.47,-8.32],[101.806,-8.519],[102.143,-8.718],[102.455,-8.846]]}},{"type":"Feature","properties":{"boundary_type":"subduction","feature_type":"gpml:SubductionZone","polarity":"Left","overriding_plate_id":460,"subducting_plate_id":926,"plate_ids":[460,926],"name":"Urumbai, Selety and Erementau zones"},"geometry":{"type":"LineString","coordinates":[[24.946,-0.074],[24.457,-0.053],[23.968,-0.031],[23.529,-0.179],[23.09,-0.327],[22.65,-0.475],[22.211,-0.623],[21.772,-0.771],[21.333,-0.919],[20.926,-0.987],[20.52,-1.054],[20.113,-1.121],[19.707,-1.189],[19.3,-1.256],[18.821,-1.302],[18.341,-1.349],[17.862,-1.396],[17.382,-1.442],[16.903,-1.488],[16.423,-1.535],[15.944,-1.581],[15.464,-1.627],[14.985,-1.673],[14.53,-1.732],[14.075,-1.791],[13.62,-1.85],[13.165,-1.909],[12.709,-1.968],[12.254,-2.027],[11.799,-2.085],[11.344,-2.144],[10.889,-2.202],[10.433,-2.26],[9.978,-2.318],[9.523,-2.376],[9.081,-2.456],[8.64,-2.536],[8.198,-2.616],[7.757,-2.695],[7.315,-2.775],[6.873,-2.854],[6.431,-2.933],[5.989,-3.012]]}},{"type":"Feature","properties":{"boundary_type":"subduction","feature_type":"gpml:SubductionZone","polarity":"Left","overriding_plate_id":460,"subducting_plate_id":902,"plate_ids":[460,902],"name":"Urumbai, Selety and Erementau zones"},"geometry":{"type":"LineString","coordinates":[[5.989,-3.012],[5.534,-3.093],[5.079,-3.174],[4.624,-3.255],[4.169,-3.335],[3.714,-3.415],[3.259,-3.495],[2.803,-3.575],[2.348,-3.655],[1.892,-3.734],[1.437,-3.813],[0.962,-3.962],[0.488,-4.11],[0.013,-4.259],[-0.462,-4.407],[-0.938,-4.555],[-1.413,-4.702],[-1.889,-4.849],[-2.364,-4.996],[-2.84,-5.142],[-3.317,-5.288],[-3.793,-5.434],[-4.27,-5.58],[-4.431,-5.626]]}},{"type":"Feature","properties":{"boundary_type":"subduction","feature_type":"gpml:SubductionZone","polarity":"Right","overriding_plate_id":5801,"subducting_plate_id":926,"plate_ids":[926,5801],"name":"Subduction zone outboard of Tarim"},"geometry":{"type":"LineString","coordinates":[[25.152,-1.4],[25.635,-1.343],[26.119,-1.287],[26.603,-1.23],[27.087,-1.174],[27.57,-1.117],[28.054,-1.061],[28.538,-1.004],[29.021,-0.947],[29.515,-1.02],[30.008,-1.093],[30.502,-1.166],[30.995,-1.239],[31.489,-1.311],[31.983,-1.384],[32.476,-1.457],[32.97,-1.529],[33.464,-1.601],[33.958,-1.673],[34.451,-1.746],[34.945,-1.817],[35.439,-1.889],[35.913,-1.893],[36.387,-1.897],[36.861,-1.9],[37.334,-1.904],[37.808,-1.907],[38.282,-1.911],[38.756,-1.914],[39.23,-1.917],[39.703,-1.919],[40.177,-1.922],[40.651,-1.925],[41.125,-1.927],[41.599,-1.929],[42.072,-1.932],[42.546,-1.934],[43.02,-1.935],[43.432,-1.889],[43.843,-1.842],[44.255,-1.795],[44.666,-1.748],[45.078,-1.7]]}},{"type":"Feature","properties":{"boundary_type":"subduction","feature_type":"gpml:SubductionZone","polarity":"Right","overriding_plate_id":580,"subducting_plate_id":926,"plate_ids":[580,926],"name":"Subduction zone outboard of Tarim"},"geometry":{"type":"LineString","coordinates":[[45.078,-1.7],[45.539,-1.647],[46.0,-1.594],[46.461,-1.541],[46.922,-1.488],[47.383,-1.434],[47.844,-1.381],[48.305,-1.327],[48.766,-1.274],[49.227,-1.22],[49.687,-1.166],[50.148,-1.112],[50.609,-1.058],[51.104,-1.027],[51.599,-0.996],[52.094,-0.964],[52.589,-0.933],[53.084,-0.901],[53.579,-0.87],[54.074,-0.838],[54.568,-0.806],[55.063,-0.774],[55.555,-0.773],[56.047,-0.771],[56.538,-0.769],[57.03,-0.768],[57.522,-0.766],[58.013,-0.764],[58.505,-0.762],[58.997,-0.76],[59.488,-0.758],[59.98,-0.756],[60.472,-0.754],[60.963,-0.752]]}},{"type":"Feature","properties":{"boundary_type":"subduction","feature_type":"gpml:SubductionZone","polarity":"Left","overriding_plate_id":5801,"subducting_plate_id":459,"plate_ids":[459,5801],"name":"Tien Shan subduction"},"geometry":{"type":"LineString","coordinates":[[29.053,-12.906],[28.825,-13.191],[28.531,-13.489],[28.237,-13.787],[27.941,-14.084],[27.804,-14.482],[27.667,-14.88],[27.529,-15.277],[27.391,-15.675],[27.252,-16.072],[26.998,-16.461],[26.744,-16.849],[26.488,-17.237]]}},{"type":"Feature","properties":{"boundary_type":"subduction","feature_type":"gpml:SubductionZone","polarity":"Left","overriding_plate_id":466,"subducting_plate_id":459,"plate_ids":[459,466],"name":"Tien Shan subduction"},"geometry":{"type":"LineString","coordinates":[[26.488,-17.237],[26.228,-17.631],[25.966,-18.024],[25.703,-18.416],[25.44,-18.808],[25.11,-19.075],[24.779,-19.34],[24.448,-19.605],[24.115,-19.87],[23.759,-20.13],[23.402,-20.39],[23.044,-20.65],[22.685,-20.908],[22.294,-21.206],[21.903,-21.504],[21.509,-21.801],[21.114,-22.096],[20.785,-22.403],[20.454,-22.71],[20.122,-23.015],[19.789,-23.32],[19.453,-23.624],[19.006,-23.729],[18.558,-23.832],[18.11,-23.934],[17.668,-24.158],[17.225,-24.382],[16.78,-24.604],[16.334,-24.824],[15.886,-25.044],[15.436,-25.262],[14.916,-25.342],[14.396,-25.421],[13.874,-25.498],[13.352,-25.573],[12.83,-25.646],[12.306,-25.718],[11.783,-25.787],[11.258,-25.855],[10.733,-25.921],[10.208,-25.985],[9.681,-26.047],[9.155,-26.107],[8.627,-26.165],[8.1,-26.221],[7.811,-26.341]]}},{"type":"Feature","properties":{"boundary_type":"subduction","feature_type":"gpml:SubductionZone","polarity":"Left","overriding_plate_id":5801,"subducting_plate_id":580,"plate_ids":[580,5801],"name":"Dunhuang-Hanshan subduction"},"geometry":{"type":"LineString","coordinates":[[42.295,-18.486],[42.311,-18.067],[42.327,-17.647]]}},{"type":"Feature","properties":{"boundary_type":"subduction","feature_type":"gpml:SubductionZone","polarity":"Left","overriding_plate_id":5801,"subducting_plate_id":451,"plate_ids":[451,5801],"name":"Dunhuang-Hanshan subduction"},"geometry":{"type":"LineString","coordinates":[[42.327,-17.647],[42.335,-17.428],[42.232,-17.036],[42.13,-16.643],[42.027,-16.25],[41.926,-15.858],[41.794,-15.419],[41.664,-14.981],[41.498,-14.562],[41.333,-14.142],[41.231,-13.737],[41.129,-13.332],[41.028,-12.927],[40.927,-12.521],[40.826,-12.116],[40.853,-11.706],[40.88,-11.295],[40.906,-10.885],[40.933,-10.474],[41.096,-10.077],[41.258,-9.681],[41.419,-9.284],[41.58,-8.887],[41.726,-8.541]]}},{"type":"Feature","properties":{"boundary_type":"subduction","feature_type":"gpml:SubductionZone","polarity":"Left","overriding_plate_id":5801,"subducting_plate_id":580,"plate_ids":[580,5801],"name":"Dunhuang-Hanshan subduction"},"geometry":{"type":"LineString","coordinates":[[41.726,-8.541],[41.861,-8.217],[41.997,-7.893],[42.133,-7.569],[42.317,-7.112],[42.501,-6.656],[42.684,-6.199],[42.868,-5.743],[43.051,-5.286],[43.274,-4.852],[43.497,-4.419],[43.72,-3.985],[43.942,-3.552],[44.145,-3.196],[44.347,-2.841],[44.55,-2.485],[44.814,-2.093],[45.078,-1.7]]}},{"type":"Feature","properties":{"boundary_type":"subduction","feature_type":"gpml:SubductionZone","polarity":"Left","overriding_plate_id":457,"subducting_plate_id":580,"plate_ids":[457,580],"name":"Kunlun-Qaidam suture"},"geometry":{"type":"LineString","coordinates":[[65.156,-18.527],[65.169,-18.974],[65.181,-19.421],[65.194,-19.868],[65.206,-20.315],[65.219,-20.762],[65.232,-21.209],[65.245,-21.656],[65.258,-22.104],[65.374,-22.589],[65.491,-23.075],[65.608,-23.56],[65.726,-24.046],[65.935,-24.493],[66.144,-24.939],[66.356,-25.385],[66.569,-25.831],[66.783,-26.277],[66.999,-26.722],[67.004,-27.18],[67.009,-27.639],[67.014,-28.097],[67.019,-28.555],[67.024,-29.014],[67.03,-29.472],[67.035,-29.93],[67.04,-30.389],[67.045,-30.847],[66.971,-31.221],[66.896,-31.596],[66.82,-31.97],[66.744,-32.344]]}},{"type":"Feature","properties":{"boundary_type":"subduction","feature_type":"gpml:SubductionZone","polarity":"Left","overriding_plate_id":null,"subducting_plate_id":null,"plate_ids":[457],"name":"Kunlun-Qaidam suture"},"geometry":{"type":"LineString","coordinates":[[66.744,-32.344],[66.703,-32.541],[66.96,-32.887],[67.219,-33.233],[67.296,-33.557]]}},{"type":"Feature","properties":{"boundary_type":"subduction","feature_type":"gpml:SubductionZone","polarity":"Right","overriding_plate_id":601,"subducting_plate_id":926,"plate_ids":[601,926],"name":"Bainaimiao-Ondor Sum subduction zone"},"geometry":{"type":"LineString","coordinates":[[62.613,3.256],[63.074,3.123],[63.534,2.989],[63.995,2.855],[64.455,2.721],[64.915,2.587],[65.375,2.453],[65.835,2.318],[66.276,2.153],[66.717,1.987],[67.158,1.821],[67.599,1.655],[68.04,1.489],[68.481,1.322],[68.922,1.156],[69.363,0.99],[69.838,0.837],[70.313,0.684],[70.788,0.531],[71.263,0.377],[71.738,0.224],[72.213,0.071],[72.688,-0.082],[73.163,-0.235],[73.639,-0.389],[74.109,-0.472],[74.58,-0.556],[75.051,-0.639],[75.521,-0.723],[75.992,-0.807],[76.463,-0.89],[76.934,-0.973],[77.386,-1.045],[77.838,-1.116],[78.29,-1.187],[78.742,-1.258],[79.194,-1.328],[79.646,-1.399],[80.098,-1.47],[80.55,-1.54],[81.002,-1.611],[81.346,-1.797],[81.691,-1.982]]}},{"type":"Feature","properties":{"boundary_type":"subduction","feature_type":"gpml:SubductionZone","polarity":"Right","overriding_plate_id":601,"subducting_plate_id":6026,"plate_ids":[601,6026],"name":"Bainaimiao-Ondor Sum subduction zone"},"geometry":{"type":"LineString","coordinates":[[81.691,-1.982],[82.063,-2.182],[82.435,-2.383],[82.807,-2.583],[83.179,-2.783],[83.552,-2.983],[83.855,-3.331],[84.158,-3.678],[84.461,-4.026],[84.765,-4.373],[85.069,-4.72],[85.373,-5.067],[85.677,-5.414],[85.854,-5.589]]}},{"type":"Feature","properties":{"boundary_type":"subduction","feature_type":"gpml:SubductionZone","polarity":"Right","overriding_plate_id":466,"subducting_plate_id":902,"plate_ids":[466,902],"name":"Unknown oceanic subduction?"},"geometry":{"type":"LineString","coordinates":[[-20.142,-4.957],[-19.67,-5.026],[-19.198,-5.096],[-18.726,-5.165],[-18.254,-5.233],[-17.781,-5.302],[-17.309,-5.369],[-16.836,-5.437],[-16.363,-5.504],[-15.891,-5.571],[-15.394,-5.556],[-14.897,-5.54],[-14.4,-5.524],[-13.903,-5.508],[-13.406,-5.491],[-12.909,-5.473],[-12.412,-5.456],[-11.915,-5.438],[-11.419,-5.419],[-10.922,-5.4],[-10.427,-5.451],[-9.931,-5.502],[-9.436,-5.552],[-8.941,-5.602],[-8.445,-5.652],[-7.95,-5.701],[-7.454,-5.75],[-6.958,-5.798],[-6.462,-5.846],[-5.966,-5.893],[-5.47,-5.94],[-4.974,-5.987],[-4.478,-6.033]]}},{"type":"Feature","properties":{"boundary_type":"ridge","feature_type":"gpml:MidOceanRidge","polarity":null,"overriding_plate_id":null,"subducting_plate_id":null,"plate_ids":[173,302],"name":"Iapetus Ridge"},"geometry":{"type":"LineString","coordinates":[[-73.251,-23.884],[-73.329,-24.297],[-73.408,-24.709],[-73.488,-25.121],[-73.568,-25.534],[-73.998,-25.59],[-74.428,-25.645],[-74.859,-25.699],[-75.29,-25.752],[-75.238,-26.172],[-75.186,-26.593],[-75.133,-27.014],[-75.08,-27.434],[-75.027,-27.855],[-75.548,-27.917],[-76.07,-27.977],[-76.593,-28.035],[-76.515,-28.523],[-76.436,-29.01],[-76.356,-29.497],[-76.275,-29.984],[-76.745,-30.063],[-77.215,-30.14],[-77.686,-30.216],[-77.622,-30.65],[-77.557,-31.084],[-77.492,-31.518],[-77.426,-31.952],[-77.832,-32.021],[-78.238,-32.088],[-78.645,-32.154],[-78.534,-32.585],[-78.423,-33.015],[-78.31,-33.445],[-78.196,-33.875],[-78.081,-34.305],[-78.467,-34.404],[-78.854,-34.502],[-79.242,-34.599],[-79.155,-34.966],[-79.068,-35.334],[-79.638,-35.448],[-80.209,-35.559],[-80.782,-35.667],[-80.684,-36.085],[-80.585,-36.502],[-80.485,-36.919],[-80.384,-37.337],[-80.282,-37.754],[-80.708,-37.831],[-81.134,-37.907],[-81.562,-37.981],[-81.459,-38.417],[-81.354,-38.852],[-81.248,-39.288],[-81.141,-39.723],[-81.033,-40.158],[-81.569,-40.281],[-82.108,-40.402],[-82.649,-40.521],[-82.551,-40.894],[-82.451,-41.267],[-82.351,-41.64],[-82.249,-42.013],[-82.768,-42.141],[-83.289,-42.267],[-83.811,-42.391],[-84.336,-42.512],[-84.863,-42.631],[-84.74,-43.022],[-84.616,-43.413],[-84.49,-43.804],[-84.362,-44.194],[-84.232,-44.585],[-84.896,-44.743],[-85.564,-44.897],[-86.235,-45.047],[-86.217,-45.091]]}},{"type":"Feature","properties":{"boundary_type":"ridge","feature_type":"gpml:MidOceanRidge","polarity":null,"overriding_plate_id":null,"subducting_plate_id":null,"plate_ids":[580,701],"name":"Kunlun-Gondwana MOR"},"geometry":{"type":"LineString","coordinates":[[73.599,-49.177],[74.239,-49.448],[74.887,-49.716],[75.541,-49.981],[75.165,-49.598],[74.795,-49.215],[74.431,-48.83],[74.072,-48.444],[73.719,-48.058],[73.371,-47.67],[73.048,-47.274],[72.73,-46.877],[72.416,-46.48],[72.107,-46.081],[72.768,-45.895],[73.425,-45.705],[74.078,-45.511],[74.726,-45.313],[75.369,-45.111],[76.008,-44.907],[76.642,-44.698],[77.272,-44.486],[77.017,-44.137],[76.765,-43.786],[76.516,-43.436],[76.985,-43.172],[77.45,-42.907],[77.357,-42.598],[77.265,-42.289],[77.652,-42.022],[78.036,-41.754],[77.796,-41.371],[78.125,-41.158],[78.452,-40.944],[78.242,-40.678],[78.033,-40.412],[78.397,-40.145],[78.757,-39.876],[79.115,-39.606],[78.846,-39.293],[78.58,-38.98],[78.316,-38.666],[78.72,-38.347],[79.121,-38.026],[79.519,-37.705],[79.913,-37.382],[80.304,-37.057],[80.023,-36.792],[79.745,-36.526]]}},{"type":"Feature","properties":{"boundary_type":"ridge","feature_type":"gpml:MidOceanRidge","polarity":null,"overriding_plate_id":null,"subducting_plate_id":null,"plate_ids":[457,701],"name":"Kunlun-Gondwana MOR"},"geometry":{"type":"LineString","coordinates":[[79.745,-36.526],[79.477,-36.268],[79.21,-36.009],[78.793,-35.667],[78.38,-35.325],[77.971,-34.981],[78.237,-34.715],[78.502,-34.45],[78.765,-34.183],[78.496,-33.931],[78.228,-33.678],[78.573,-33.356],[78.915,-33.034],[79.255,-32.71],[79.592,-32.385],[79.927,-32.06],[79.474,-31.762],[79.023,-31.463],[79.275,-31.174],[79.525,-30.883]]}},{"type":"Feature","properties":{"boundary_type":"ridge","feature_type":"gpml:MidOceanRidge","polarity":null,"overriding_plate_id":null,"subducting_plate_id":null,"plate_ids":[457,602],"name":"Kunlun-Gondwana MOR"},"geometry":{"type":"LineString","coordinates":[[79.525,-30.883],[79.825,-30.533],[80.123,-30.181],[80.418,-29.829],[80.008,-29.594],[79.6,-29.358],[79.887,-28.973],[80.172,-28.587],[80.454,-28.201],[80.735,-27.814],[81.014,-27.427],[81.29,-27.039],[80.913,-26.839],[80.536,-26.637],[80.161,-26.435],[80.386,-26.071],[80.61,-25.707],[80.833,-25.343],[81.054,-24.978],[81.274,-24.613],[80.847,-24.389],[80.422,-24.164],[79.999,-23.938],[79.577,-23.71],[79.796,-23.337],[80.015,-22.963],[80.232,-22.59],[80.448,-22.216]]}},{"type":"Feature","properties":{"boundary_type":"ridge","feature_type":"gpml:MidOceanRidge","polarity":null,"overriding_plate_id":null,"subducting_plate_id":null,"plate_ids":[302,401],"name":"Unnamed ridge between Baltica and Siberia plates"},"geometry":{"type":"LineString","coordinates":[[-48.31,-34.263],[-48.81,-34.143],[-48.637,-33.765],[-48.465,-33.386],[-49.016,-33.337],[-49.567,-33.285],[-50.117,-33.23],[-50.666,-33.174],[-51.215,-33.115],[-51.762,-33.053],[-51.749,-32.6],[-51.735,-32.147],[-51.722,-31.694],[-52.285,-31.63],[-52.848,-31.563],[-53.41,-31.494],[-53.971,-31.423],[-53.937,-31.057],[-53.903,-30.691],[-53.87,-30.326],[-54.39,-30.326],[-54.91,-30.324],[-55.43,-30.32],[-55.951,-30.314],[-56.471,-30.306],[-56.991,-30.296],[-57.511,-30.284],[-57.423,-29.826],[-57.336,-29.367],[-57.25,-28.909],[-57.745,-28.849],[-58.24,-28.788],[-58.733,-28.725],[-59.227,-28.66],[-59.719,-28.593],[-60.211,-28.524],[-60.702,-28.454],[-60.62,-28.124],[-60.538,-27.794],[-60.457,-27.464],[-60.975,-27.394],[-61.493,-27.323],[-62.01,-27.249],[-62.526,-27.173],[-63.041,-27.096],[-63.556,-27.016],[-64.07,-26.935],[-63.989,-26.548],[-63.909,-26.16],[-64.406,-26.052],[-64.901,-25.942],[-65.395,-25.83],[-65.888,-25.717],[-66.381,-25.602],[-66.872,-25.485],[-67.362,-25.367],[-67.246,-24.943],[-67.13,-24.518],[-67.642,-24.475],[-68.153,-24.43],[-68.663,-24.383],[-69.174,-24.334],[-69.683,-24.284],[-70.193,-24.232],[-70.702,-24.179]]}},{"type":"Feature","properties":{"boundary_type":"ridge","feature_type":"gpml:MidOceanRidge","polarity":null,"overriding_plate_id":null,"subducting_plate_id":null,"plate_ids":[173,302],"name":"Unnamed ridge between Baltica and Siberia plates"},"geometry":{"type":"LineString","coordinates":[[-70.702,-24.179],[-71.213,-24.123],[-71.723,-24.066],[-72.232,-24.007],[-72.742,-23.947],[-73.251,-23.884]]}},{"type":"Feature","properties":{"boundary_type":"ridge","feature_type":"gpml:MidOceanRidge","polarity":null,"overriding_plate_id":null,"subducting_plate_id":null,"plate_ids":[451,580],"name":"Alxa back arc"},"geometry":{"type":"LineString","coordinates":[[46.588,-17.979],[46.591,-17.948]]}},{"type":"Feature","properties":{"boundary_type":"ridge","feature_type":"gpml:MidOceanRidge","polarity":null,"overriding_plate_id":null,"subducting_plate_id":null,"plate_ids":[451,4511],"name":"Alxa back arc"},"geometry":{"type":"LineString","coordinates":[[46.591,-17.948],[46.621,-17.647],[46.652,-17.347],[46.987,-17.415],[47.048,-16.935],[47.11,-16.456],[47.171,-15.976],[47.232,-15.497],[47.307,-15.499],[47.363,-15.085],[47.419,-14.672],[47.475,-14.258],[47.392,-14.252],[47.459,-13.768],[47.526,-13.283],[47.593,-12.798],[47.69,-12.806],[47.733,-12.493],[47.777,-12.18],[47.364,-12.057],[47.445,-11.646],[47.525,-11.235],[47.843,-11.33],[47.918,-10.958],[47.994,-10.586],[48.069,-10.214]]}},{"type":"Feature","properties":{"boundary_type":"ridge","feature_type":"gpml:MidOceanRidge","polarity":null,"overriding_plate_id":null,"subducting_plate_id":null,"plate_ids":[580,4511],"name":"Alxa back arc"},"geometry":{"type":"LineString","coordinates":[[48.069,-10.214],[48.072,-10.199]]}},{"type":"Feature","properties":{"boundary_type":"ridge","feature_type":"gpml:MidOceanRidge","polarity":null,"overriding_plate_id":null,"subducting_plate_id":null,"plate_ids":[466,701],"name":"Tianshan-Gondwana MoR"},"geometry":{"type":"LineString","coordinates":[[11.888,-56.525],[12.733,-56.401],[13.572,-56.272],[14.406,-56.137],[15.234,-55.997],[16.056,-55.851],[16.871,-55.7],[17.68,-55.543],[17.834,-55.84],[17.99,-56.136],[18.72,-55.964],[19.444,-55.787],[20.161,-55.606],[20.871,-55.421],[21.574,-55.232],[22.271,-55.039],[22.961,-54.842],[23.644,-54.641],[23.954,-54.929],[24.268,-55.217],[25.028,-54.994],[25.78,-54.767],[26.523,-54.535],[27.258,-54.298],[27.985,-54.057],[28.703,-53.812],[29.412,-53.563],[30.114,-53.309],[30.807,-53.051],[30.452,-52.73],[30.102,-52.408],[30.698,-52.171],[31.288,-51.931],[31.871,-51.688],[32.448,-51.442],[33.019,-51.193],[33.584,-50.942],[33.925,-51.227],[34.545,-50.939],[35.157,-50.648],[35.761,-50.353],[36.358,-50.056],[36.948,-49.755],[37.53,-49.452],[37.326,-49.258],[37.892,-48.957],[38.451,-48.653],[39.002,-48.346],[39.548,-48.037],[40.087,-47.725],[40.619,-47.411],[41.145,-47.094],[41.665,-46.775],[42.178,-46.454],[42.686,-46.13],[43.019,-46.364],[43.499,-46.036],[43.974,-45.706],[44.442,-45.374],[44.906,-45.04],[45.364,-44.704],[45.817,-44.366],[46.264,-44.027],[46.707,-43.686]]}},{"type":"Feature","properties":{"boundary_type":"ridge","feature_type":"gpml:MidOceanRidge","polarity":null,"overriding_plate_id":null,"subducting_plate_id":null,"plate_ids":[580,701],"name":"Tianshan-Gondwana MoR"},"geometry":{"type":"LineString","coordinates":[[46.707,-43.686],[47.044,-43.422],[47.379,-43.156],[47.711,-42.89],[47.752,-42.863]]}},{"type":"Feature","properties":{"boundary_type":"ridge","feature_type":"gpml:MidOceanRidge","polarity":null,"overriding_plate_id":null,"subducting_plate_id":null,"plate_ids":[701,6026],"name":"North China-Australia MoR"},"geometry":{"type":"LineString","coordinates":[[90.815,-6.249],[91.003,-5.848],[91.19,-5.447],[91.343,-5.15],[91.496,-4.853],[91.649,-4.556],[91.434,-4.41],[91.219,-4.264],[91.449,-3.885],[91.679,-3.506],[91.292,-3.293],[90.905,-3.08],[90.519,-2.867],[90.699,-2.517],[90.88,-2.168],[91.061,-1.819],[90.625,-1.592],[90.189,-1.364],[90.353,-1.013],[90.517,-0.661],[90.682,-0.31],[90.28,-0.109],[89.879,0.091],[90.069,0.477],[90.259,0.863],[90.449,1.249],[90.639,1.635],[90.829,2.021],[91.019,2.407],[90.684,2.553],[90.348,2.699],[90.013,2.845],[90.166,3.2],[90.32,3.555],[90.474,3.91],[90.627,4.265],[90.195,4.448],[89.763,4.631],[89.331,4.814],[89.489,5.234],[89.646,5.653],[89.805,6.073]]}},{"type":"Feature","properties":{"boundary_type":"ridge","feature_type":"gpml:MidOceanRidge","polarity":null,"overriding_plate_id":null,"subducting_plate_id":null,"plate_ids":[701,926],"name":"North China-Australia MoR"},"geometry":{"type":"LineString","coordinates":[[89.805,6.073],[89.869,6.243],[89.531,6.357],[89.194,6.471],[88.856,6.584]]}},{"type":"Feature","properties":{"boundary_type":"ridge","feature_type":"gpml:MidOceanRidge","polarity":null,"overriding_plate_id":null,"subducting_plate_id":null,"plate_ids":[601,6026],"name":"North China-South China MoR"},"geometry":{"type":"LineString","coordinates":[[85.854,-5.589],[85.727,-6.002],[85.599,-6.414],[85.471,-6.827],[85.342,-7.239],[84.935,-7.145],[84.528,-7.051],[84.122,-6.957],[83.715,-6.862],[83.594,-7.311],[83.472,-7.76]]}},{"type":"Feature","properties":{"boundary_type":"ridge","feature_type":"gpml:MidOceanRidge","polarity":null,"overriding_plate_id":null,"subducting_plate_id":null,"plate_ids":[601,602],"name":"North China-South China MoR"},"geometry":{"type":"LineString","coordinates":[[83.472,-7.76],[83.369,-8.14],[83.266,-8.52],[83.186,-8.937],[83.107,-9.354],[83.027,-9.771],[82.947,-10.187],[82.691,-10.146],[82.436,-10.105],[82.369,-10.561],[82.303,-11.018],[82.236,-11.474],[82.169,-11.93],[82.101,-12.386],[82.034,-12.842],[81.966,-13.298],[81.898,-13.754],[81.623,-13.718],[81.347,-13.681],[81.276,-14.063],[81.204,-14.445],[81.132,-14.827],[81.06,-15.209],[80.79,-15.157],[80.52,-15.105]]}},{"type":"Feature","properties":{"boundary_type":"ridge","feature_type":"gpml:MidOceanRidge","polarity":null,"overriding_plate_id":null,"subducting_plate_id":null,"plate_ids":[101,919],"name":"Laurentia-Cuyania Ridge"},"geometry":{"type":"LineString","coordinates":[[-168.12,8.651],[-167.98,8.22],[-167.84,7.79],[-167.701,7.359],[-167.562,6.928],[-167.424,6.497],[-167.285,6.066],[-167.147,5.635],[-167.009,5.204],[-166.871,4.773],[-167.115,4.701],[-167.359,4.628],[-167.179,4.191],[-166.999,3.753],[-166.82,3.315],[-166.641,2.878],[-166.462,2.44],[-166.283,2.002],[-166.104,1.564],[-165.925,1.126],[-165.746,0.688],[-165.567,0.251],[-165.389,-0.187],[-165.148,-0.085],[-164.907,0.017],[-164.728,-0.447],[-164.549,-0.911],[-164.369,-1.375],[-164.19,-1.84],[-164.01,-2.304],[-163.831,-2.768],[-163.651,-3.232],[-163.471,-3.696],[-163.099,-3.566],[-162.919,-3.993],[-162.739,-4.42],[-162.559,-4.847],[-162.378,-5.274],[-162.197,-5.701],[-162.016,-6.127],[-161.835,-6.554],[-161.653,-6.981],[-161.471,-7.408],[-161.289,-7.834],[-161.106,-8.261],[-160.923,-8.687],[-160.739,-9.114],[-160.453,-8.984],[-160.269,-9.446],[-160.084,-9.907],[-159.9,-10.368],[-159.714,-10.829],[-159.528,-11.289],[-159.342,-11.75],[-159.155,-12.21],[-158.967,-12.671],[-158.778,-13.131],[-158.589,-13.591],[-158.399,-14.051],[-158.208,-14.511],[-158.017,-14.971],[-157.825,-15.43],[-157.631,-15.889],[-157.437,-16.349],[-157.138,-16.242],[-156.957,-16.68],[-156.775,-17.116],[-156.593,-17.553],[-156.409,-17.99],[-156.225,-18.426],[-156.039,-18.862],[-155.853,-19.298],[-155.666,-19.734],[-155.477,-20.17],[-155.288,-20.605],[-155.097,-21.041],[-154.905,-21.476],[-155.328,-21.666],[-155.752,-21.855],[-155.63,-22.162],[-155.508,-22.469]]}},{"type":"Feature","properties":{"boundary_type":"ridge","feature_type":"gpml:MidOceanRidge","polarity":null,"overriding_plate_id":null,"subducting_plate_id":null,"plate_ids":[173,919],"name":"Laurentia-Cuyania Ridge"},"geometry":{"type":"LineString","coordinates":[[-155.508,-22.469],[-155.327,-22.919],[-155.145,-23.369],[-154.962,-23.818],[-154.777,-24.268],[-154.591,-24.717],[-154.404,-25.166],[-154.216,-25.615],[-153.725,-25.43],[-153.542,-25.894],[-153.358,-26.357],[-153.173,-26.821],[-152.986,-27.284],[-152.798,-27.746],[-152.608,-28.209],[-152.417,-28.671]]}},{"type":"Feature","properties":{"boundary_type":"ridge","feature_type":"gpml:MidOceanRidge","polarity":null,"overriding_plate_id":null,"subducting_plate_id":null,"plate_ids":[919,22601],"name":"Laurentia-Cuyania Ridge"},"geometry":{"type":"LineString","coordinates":[[-152.417,-28.671],[-152.226,-29.126],[-152.035,-29.58],[-151.841,-30.034]]}},{"type":"Feature","properties":{"boundary_type":"ridge","feature_type":"gpml:MidOceanRidge","polarity":null,"overriding_plate_id":null,"subducting_plate_id":null,"plate_ids":[466,580],"name":"Tarim-Tianshan MoR"},"geometry":{"type":"LineString","coordinates":[[30.306,-35.236],[30.448,-34.757],[30.589,-34.279],[30.728,-33.801],[30.865,-33.322],[31.001,-32.844],[31.135,-32.365],[31.268,-31.886],[31.4,-31.407],[31.53,-30.928],[31.659,-30.448],[31.787,-29.969],[31.913,-29.489],[32.486,-29.497],[33.06,-29.502],[33.633,-29.504],[34.206,-29.504],[34.221,-29.026],[34.235,-28.547],[34.249,-28.068],[34.262,-27.59],[34.276,-27.111],[34.29,-26.633],[34.303,-26.154],[34.316,-25.676],[34.329,-25.197],[34.343,-24.719],[34.356,-24.24],[34.368,-23.761],[34.381,-23.283],[34.394,-22.804],[34.407,-22.326],[34.419,-21.847],[34.432,-21.369],[34.444,-20.89]]}},{"type":"Feature","properties":{"boundary_type":"ridge","feature_type":"gpml:MidOceanRidge","polarity":null,"overriding_plate_id":null,"subducting_plate_id":null,"plate_ids":[580,5801],"name":"Tarim-Tianshan MoR"},"geometry":{"type":"LineString","coordinates":[[34.444,-20.89],[34.455,-20.449],[34.467,-20.009],[34.478,-19.568],[34.489,-19.128],[34.5,-18.687],[34.511,-18.246]]}},{"type":"Feature","properties":{"boundary_type":"ridge","feature_type":"gpml:MidOceanRidge","polarity":null,"overriding_plate_id":null,"subducting_plate_id":null,"plate_ids":[601,602],"name":"South China-Qilian MoR"},"geometry":{"type":"LineString","coordinates":[[80.52,-15.105],[80.702,-15.515],[80.885,-15.925]]}},{"type":"Feature","properties":{"boundary_type":"ridge","feature_type":"gpml:MidOceanRidge","polarity":null,"overriding_plate_id":null,"subducting_plate_id":null,"plate_ids":[457,602],"name":"South China-Qilian MoR"},"geometry":{"type":"LineString","coordinates":[[80.885,-15.925],[81.08,-16.36],[81.276,-16.794],[81.473,-17.229],[81.087,-17.4],[80.7,-17.57],[80.857,-17.978],[81.016,-18.387],[81.175,-18.795],[81.334,-19.203],[81.495,-19.611],[81.656,-20.019],[81.819,-20.426],[82.176,-20.331],[82.532,-20.234],[82.701,-20.616],[82.87,-20.998],[83.04,-21.379],[83.211,-21.76],[83.383,-22.141]]}},{"type":"Feature","properties":{"boundary_type":"ridge","feature_type":"gpml:MidOceanRidge","polarity":null,"overriding_plate_id":null,"subducting_plate_id":null,"plate_ids":[902,919],"name":"Panthalassa"},"geometry":{"type":"LineString","coordinates":[[-170.384,76.079],[-172.123,75.821],[-173.8,75.551],[-175.415,75.27],[-176.97,74.977],[-178.465,74.675],[-179.904,74.363],[178.713,74.042],[177.384,73.712],[176.107,73.375],[174.88,73.03],[173.701,72.677],[172.568,72.319],[171.479,71.954],[170.432,71.583],[169.425,71.207],[168.457,70.825],[167.525,70.439],[166.628,70.048],[165.765,69.652],[164.933,69.253],[164.131,68.85],[163.358,68.443],[162.613,68.033],[161.893,67.619],[161.199,67.202],[160.528,66.783],[161.381,66.617],[162.224,66.447],[161.642,66.016],[161.08,65.584],[160.536,65.15],[160.01,64.713],[159.501,64.275],[159.007,63.836],[158.529,63.394],[158.065,62.951],[157.615,62.507],[157.179,62.061],[156.755,61.614],[156.343,61.165],[155.942,60.716],[155.553,60.265],[155.174,59.813],[154.806,59.36],[154.447,58.906]]}},{"type":"Feature","properties":{"boundary_type":"ridge","feature_type":"gpml:MidOceanRidge","polarity":null,"overriding_plate_id":null,"subducting_plate_id":null,"plate_ids":[919,926],"name":"Panthalassa"},"geometry":{"type":"LineString","coordinates":[[154.447,58.906],[154.101,58.455],[153.764,58.004],[153.435,57.552],[153.114,57.099],[152.801,56.645],[152.495,56.191],[152.197,55.735],[151.905,55.279],[151.62,54.823],[151.342,54.365],[151.07,53.907],[150.803,53.449],[150.542,52.99],[150.287,52.53],[150.037,52.07],[149.792,51.609],[149.552,51.148],[149.317,50.686],[149.086,50.224],[148.486,50.34],[147.884,50.453],[147.278,50.563],[146.669,50.67],[146.487,50.191],[146.308,49.712],[146.133,49.233],[145.96,48.754],[145.792,48.274],[145.626,47.794],[145.463,47.314],[145.304,46.833],[145.147,46.353],[144.993,45.872],[144.841,45.391],[144.692,44.91],[144.546,44.428],[144.402,43.947],[144.26,43.465],[144.12,42.983],[143.983,42.501],[143.848,42.019],[143.715,41.536],[143.583,41.054],[143.454,40.571],[143.327,40.088],[142.707,40.101],[142.086,40.111],[141.948,39.632],[141.812,39.153],[141.678,38.674],[141.545,38.195],[141.414,37.716],[141.285,37.236],[141.157,36.757],[141.031,36.277],[140.907,35.797],[140.784,35.317],[140.662,34.837],[140.542,34.357],[140.423,33.876],[140.306,33.396],[140.19,32.915],[140.075,32.434],[139.961,31.954],[139.849,31.473],[139.738,30.992],[139.627,30.511],[139.518,30.029],[139.41,29.548],[139.303,29.067],[139.197,28.585],[139.092,28.104],[138.988,27.622],[138.885,27.141],[138.783,26.659],[138.681,26.177],[138.58,25.695],[138.481,25.213],[138.382,24.731],[138.283,24.249],[138.186,23.767]]}},{"type":"Feature","properties":{"boundary_type":"ridge","feature_type":"gpml:MidOceanRidge","polarity":null,"overriding_plate_id":null,"subducting_plate_id":null,"plate_ids":[701,919],"name":"Panthalassa"},"geometry":{"type":"LineString","coordinates":[[138.186,23.767],[138.088,23.278],[137.99,22.79],[137.894,22.301],[137.798,21.813],[137.702,21.324],[137.608,20.835],[137.514,20.347],[137.42,19.858],[137.327,19.369],[137.235,18.88],[137.143,18.391],[137.052,17.902],[136.961,17.413],[136.871,16.924],[136.781,16.435],[136.692,15.946],[136.603,15.456],[136.514,14.967],[136.426,14.478],[136.338,13.989],[136.251,13.499],[136.13,13.061]]}},{"type":"Feature","properties":{"boundary_type":"ridge","feature_type":"gpml:MidOceanRidge","polarity":null,"overriding_plate_id":null,"subducting_plate_id":null,"plate_ids":[902,926],"name":"Panthalassa"},"geometry":{"type":"LineString","coordinates":[[154.447,58.906],[153.779,59.269],[153.097,59.629],[152.4,59.986],[151.688,60.338],[150.96,60.687],[150.216,61.031],[149.457,61.372],[148.681,61.708],[147.887,62.04],[147.077,62.367],[146.248,62.689],[145.402,63.006],[144.537,63.318],[143.653,63.625],[142.75,63.926],[141.828,64.221],[140.886,64.511],[139.924,64.794],[138.942,65.071],[137.94,65.342],[136.916,65.605],[135.873,65.862],[134.808,66.111],[133.723,66.353],[132.617,66.587],[131.49,66.814],[130.342,67.032],[129.175,67.241],[127.987,67.442],[126.779,67.635],[125.552,67.818],[124.306,67.991],[123.041,68.156],[121.759,68.31],[120.461,68.455],[119.146,68.589],[117.815,68.713],[116.471,68.826],[115.113,68.929],[113.744,69.02],[112.363,69.101],[110.974,69.17],[109.576,69.229],[108.171,69.276],[106.761,69.311],[105.347,69.335],[103.93,69.347],[103.784,68.899],[103.643,68.45],[103.508,68.001],[103.378,67.552],[103.252,67.103],[103.132,66.653],[101.87,66.647],[100.61,66.63],[99.352,66.603],[98.098,66.566],[96.847,66.519],[95.602,66.462],[94.363,66.395],[93.131,66.318],[91.907,66.232],[90.692,66.136],[89.486,66.031],[88.291,65.917],[87.107,65.793],[85.934,65.66],[84.774,65.518],[83.627,65.368],[82.493,65.208],[81.374,65.041],[80.268,64.865],[79.177,64.681],[78.102,64.489],[77.041,64.289],[75.996,64.082],[74.967,63.868],[73.954,63.646],[72.956,63.417],[71.975,63.182],[71.009,62.939],[70.06,62.691],[69.127,62.436],[68.21,62.174],[67.308,61.907],[66.423,61.634],[65.553,61.356],[64.698,61.072],[63.859,60.783],[63.035,60.488],[62.226,60.189],[61.432,59.884],[60.652,59.575],[59.886,59.262],[59.135,58.944],[58.397,58.622],[57.673,58.295],[56.962,57.965],[56.265,57.631],[55.58,57.293],[54.907,56.951],[54.247,56.606],[53.599,56.257],[52.963,55.905],[52.338,55.55],[51.725,55.192],[51.122,54.83],[50.53,54.466],[49.949,54.099],[49.378,53.729],[48.817,53.357],[48.265,52.982],[47.723,52.604],[47.191,52.224],[46.667,51.841],[46.153,51.457],[45.647,51.07],[45.149,50.681],[44.66,50.29],[44.178,49.897],[43.705,49.501],[43.239,49.104],[42.78,48.705],[42.329,48.305],[41.884,47.902],[41.447,47.498],[41.016,47.093],[40.592,46.685],[40.174,46.276],[39.762,45.866],[39.357,45.454],[38.957,45.041],[38.563,44.626],[38.175,44.21],[37.792,43.793],[37.414,43.375],[37.042,42.955],[36.674,42.534],[36.312,42.112],[35.954,41.689],[35.601,41.265],[35.035,41.495],[34.465,41.723],[33.891,41.947],[33.312,42.169],[32.974,41.741],[32.639,41.313],[32.309,40.883],[31.984,40.452],[31.662,40.02],[31.345,39.588],[31.031,39.155],[30.722,38.721],[30.416,38.286],[30.113,37.85],[29.815,37.413],[29.519,36.976],[29.227,36.538],[28.939,36.099],[28.653,35.66],[28.371,35.22],[28.092,34.779],[27.816,34.338],[27.542,33.896],[27.272,33.454],[27.004,33.01],[26.739,32.567],[26.476,32.123],[26.216,31.678],[25.959,31.232],[25.704,30.787],[25.451,30.34],[25.201,29.894],[24.952,29.446],[24.706,28.999],[24.463,28.551],[24.221,28.102],[23.981,27.653],[23.743,27.204],[23.507,26.754],[23.273,26.304],[23.041,25.853],[22.81,25.402],[22.582,24.951],[22.355,24.499],[22.129,24.047],[21.905,23.595],[21.683,23.142],[21.462,22.69],[21.243,22.236],[21.025,21.783],[20.808,21.329],[20.366,21.444],[19.922,21.558],[19.478,21.671],[19.034,21.782],[18.793,21.335],[18.554,20.888],[18.317,20.44],[18.08,19.992],[17.845,19.544],[17.612,19.095],[17.38,18.646],[17.148,18.197],[16.918,17.747],[16.69,17.298],[16.462,16.848],[16.236,16.397],[16.01,15.947],[15.785,15.496],[15.562,15.045],[15.339,14.594],[15.118,14.143],[14.897,13.691],[14.677,13.239],[14.458,12.787],[14.239,12.335],[14.022,11.883],[13.805,11.43],[13.589,10.978],[13.373,10.525],[13.158,10.072],[12.944,9.619],[12.73,9.166],[12.517,8.712],[12.304,8.259],[12.092,7.805],[11.881,7.352],[11.669,6.898],[11.458,6.444],[11.248,5.99],[11.038,5.536],[10.828,5.082],[10.618,4.628],[10.409,4.173],[10.2,3.719],[9.991,3.265],[9.783,2.81],[9.574,2.356],[9.308,2.566],[9.042,2.776],[8.825,2.365],[8.608,1.953],[8.391,1.541],[8.173,1.13],[7.956,0.718],[7.739,0.306],[7.523,-0.105],[7.306,-0.517],[7.089,-0.929],[6.872,-1.341],[6.654,-1.752],[6.437,-2.164],[6.22,-2.576],[5.989,-3.012]]}},{"type":"Feature","properties":{"boundary_type":"ridge","feature_type":"gpml:MidOceanRidge","polarity":null,"overriding_plate_id":null,"subducting_plate_id":null,"plate_ids":[401,4041],"name":"Siberia-Baltica/Kara MoR"},"geometry":{"type":"LineString","coordinates":[[-34.516,-24.927],[-34.042,-24.683],[-33.571,-24.438],[-33.102,-24.191],[-32.634,-23.943],[-32.168,-23.693],[-31.704,-23.442],[-31.242,-23.19],[-31.015,-23.478],[-30.787,-23.765],[-30.558,-24.052],[-30.109,-23.832],[-29.661,-23.61],[-29.215,-23.387],[-28.77,-23.162],[-28.327,-22.937],[-27.885,-22.71],[-27.997,-22.556],[-27.64,-22.374],[-27.284,-22.191],[-26.929,-22.008],[-26.574,-21.824],[-26.666,-21.681],[-26.202,-21.434],[-25.741,-21.186],[-25.28,-20.936],[-24.822,-20.685],[-24.364,-20.433],[-23.909,-20.18],[-23.455,-19.926]]}},{"type":"Feature","properties":{"boundary_type":"ridge","feature_type":"gpml:MidOceanRidge","polarity":null,"overriding_plate_id":null,"subducting_plate_id":null,"plate_ids":[466,4041],"name":"Siberia-Baltica/Kara MoR"},"geometry":{"type":"LineString","coordinates":[[-23.455,-19.926],[-23.224,-19.796],[-22.994,-19.666],[-22.759,-20.015],[-22.523,-20.364],[-22.103,-20.085],[-21.685,-19.805],[-21.268,-19.524],[-20.852,-19.242],[-20.438,-18.959],[-20.026,-18.675],[-19.614,-18.391],[-19.204,-18.105],[-18.796,-17.819],[-18.388,-17.531],[-17.982,-17.243]]}},{"type":"Feature","properties":{"boundary_type":"ridge","feature_type":"gpml:MidOceanRidge","polarity":null,"overriding_plate_id":null,"subducting_plate_id":null,"plate_ids":[902,919],"name":"Panthalassa"},"geometry":{"type":"LineString","coordinates":[[-170.384,76.079],[-168.692,75.799],[-167.065,75.507],[-165.502,75.205],[-164.002,74.892],[-162.561,74.57],[-161.179,74.239],[-159.854,73.9],[-158.582,73.553],[-157.361,73.198],[-156.191,72.837],[-155.067,72.469],[-153.989,72.095],[-152.954,71.715],[-151.959,71.33],[-151.004,70.94],[-150.086,70.545],[-151.214,70.281],[-152.313,70.01],[-153.383,69.732],[-154.426,69.448],[-155.441,69.157],[-156.429,68.861],[-157.39,68.56],[-158.326,68.253],[-159.237,67.941],[-160.124,67.623],[-160.987,67.302],[-161.827,66.975],[-160.895,66.642],[-159.988,66.304],[-159.105,65.96],[-158.246,65.612],[-157.41,65.259],[-156.596,64.901],[-155.803,64.539],[-155.032,64.173],[-154.28,63.802],[-153.548,63.428],[-152.835,63.051],[-152.141,62.67],[-151.464,62.285],[-150.804,61.898],[-150.161,61.507],[-149.534,61.113],[-148.923,60.717],[-148.326,60.317],[-147.744,59.916],[-147.176,59.511],[-146.621,59.104],[-146.079,58.695],[-145.55,58.284],[-145.033,57.871],[-144.528,57.455],[-144.034,57.038],[-143.552,56.618],[-143.08,56.197],[-142.618,55.774],[-142.166,55.35],[-141.723,54.923],[-141.29,54.496],[-140.866,54.066],[-140.451,53.635],[-141.145,53.378],[-141.83,53.117],[-142.507,52.852],[-143.176,52.584],[-143.837,52.311],[-144.489,52.035],[-145.134,51.755],[-145.77,51.472],[-146.399,51.186],[-147.019,50.896],[-147.632,50.603],[-148.238,50.307],[-148.835,50.007],[-149.426,49.705],[-150.009,49.399],[-150.585,49.091],[-151.153,48.78],[-150.693,48.414],[-150.24,48.046],[-149.793,47.677],[-149.352,47.305],[-148.918,46.932],[-148.489,46.558],[-148.066,46.182],[-147.649,45.804],[-147.238,45.425],[-146.832,45.044],[-146.432,44.662],[-146.037,44.279],[-145.647,43.894],[-145.262,43.508],[-144.882,43.121],[-144.506,42.732],[-144.136,42.342],[-143.77,41.951],[-144.294,41.659],[-144.814,41.364],[-145.33,41.068],[-145.84,40.768],[-146.346,40.467],[-146.847,40.163],[-147.344,39.858],[-147.837,39.55],[-148.325,39.24],[-148.809,38.928],[-149.288,38.614],[-149.764,38.298],[-150.235,37.981],[-150.702,37.661],[-151.165,37.34],[-151.625,37.016],[-152.08,36.692],[-152.531,36.365],[-152.979,36.036],[-153.423,35.706],[-153.863,35.375],[-153.49,34.995],[-153.119,34.614],[-152.752,34.232],[-152.389,33.849],[-152.028,33.465],[-151.671,33.079],[-151.317,32.693],[-150.966,32.306],[-150.618,31.918],[-150.273,31.529],[-149.931,31.139],[-149.591,30.748],[-149.255,30.356],[-148.921,29.963],[-148.589,29.57],[-148.261,29.175],[-147.934,28.78],[-147.611,28.384],[-147.289,27.988],[-146.97,27.59],[-146.653,27.192],[-146.339,26.793],[-146.027,26.394],[-145.717,25.994],[-145.409,25.593]]}},{"type":"Feature","properties":{"boundary_type":"ridge","feature_type":"gpml:MidOceanRidge","polarity":null,"overriding_plate_id":null,"subducting_plate_id":null,"plate_ids":[101,902],"name":"Panthalassa"},"geometry":{"type":"LineString","coordinates":[[-145.409,25.593],[-145.13,25.228],[-144.854,24.862],[-144.579,24.496]]}},{"type":"Feature","properties":{"boundary_type":"ridge","feature_type":"gpml:MidOceanRidge","polarity":null,"overriding_plate_id":null,"subducting_plate_id":null,"plate_ids":[101,902],"name":"Siberia-Laurentia ridge"},"geometry":{"type":"LineString","coordinates":[[-86.914,13.792],[-86.819,13.664],[-87.205,13.381],[-87.591,13.098],[-87.975,12.814],[-88.359,12.53],[-88.074,12.15],[-87.789,11.77],[-87.506,11.389],[-87.223,11.008],[-86.941,10.627],[-86.659,10.246],[-86.378,9.864],[-86.098,9.482],[-85.819,9.1],[-85.54,8.717],[-85.909,8.519],[-86.278,8.32],[-86.646,8.121],[-87.015,7.922],[-86.728,7.514],[-86.443,7.105],[-86.158,6.697],[-85.873,6.289],[-85.589,5.88],[-85.305,5.471],[-85.022,5.062]]}},{"type":"Feature","properties":{"boundary_type":"ridge","feature_type":"gpml:MidOceanRidge","polarity":null,"overriding_plate_id":null,"subducting_plate_id":null,"plate_ids":[101,401],"name":"Siberia-Laurentia ridge"},"geometry":{"type":"LineString","coordinates":[[-85.022,5.062],[-84.774,4.704],[-84.526,4.346],[-84.279,3.987],[-84.032,3.629],[-83.785,3.27],[-83.538,2.912],[-83.929,2.667],[-83.671,2.273],[-83.414,1.879],[-83.156,1.484],[-82.899,1.09],[-82.642,0.695],[-82.384,0.301],[-82.127,-0.094],[-81.87,-0.488],[-81.613,-0.883],[-81.355,-1.277],[-81.098,-1.672],[-80.84,-2.066],[-80.583,-2.461],[-80.802,-2.597],[-81.022,-2.732],[-80.762,-3.156],[-80.501,-3.58],[-80.24,-4.004],[-79.979,-4.428],[-79.718,-4.852],[-79.456,-5.275],[-79.194,-5.699],[-78.931,-6.122],[-78.668,-6.545],[-78.405,-6.968],[-78.141,-7.391],[-78.501,-7.604],[-78.862,-7.816],[-79.223,-8.028],[-79.083,-8.262],[-78.943,-8.496]]}},{"type":"Feature","properties":{"boundary_type":"ridge","feature_type":"gpml:MidOceanRidge","polarity":null,"overriding_plate_id":null,"subducting_plate_id":null,"plate_ids":[173,401],"name":"Siberia-Laurentia ridge"},"geometry":{"type":"LineString","coordinates":[[-78.943,-8.496],[-78.699,-8.904],[-78.455,-9.312],[-78.209,-9.719],[-77.963,-10.126],[-77.717,-10.533],[-77.47,-10.94],[-77.222,-11.346],[-76.974,-11.753],[-76.724,-12.159],[-76.474,-12.565],[-76.223,-12.97],[-75.972,-13.376],[-75.719,-13.781],[-75.466,-14.186],[-75.212,-14.591],[-75.579,-14.818],[-75.947,-15.044],[-76.316,-15.27],[-76.685,-15.496],[-76.427,-15.914],[-76.168,-16.332],[-75.908,-16.749],[-75.647,-17.167],[-75.384,-17.583],[-75.12,-18.0],[-74.855,-18.416],[-74.589,-18.832],[-74.321,-19.248],[-74.052,-19.663],[-73.756,-20.076],[-73.459,-20.489],[-73.159,-20.901],[-72.858,-21.313],[-72.556,-21.724],[-72.251,-22.134],[-71.945,-22.544],[-71.637,-22.954],[-71.327,-23.363],[-71.016,-23.771],[-70.702,-24.179]]}},{"type":"Feature","properties":{"boundary_type":"ridge","feature_type":"gpml:MidOceanRidge","polarity":null,"overriding_plate_id":null,"subducting_plate_id":null,"plate_ids":[173,701],"name":"Rheic Ridge"},"geometry":{"type":"LineString","coordinates":[[-130.169,-30.699],[-129.656,-30.89],[-129.141,-31.078],[-128.625,-31.265],[-128.486,-31.038],[-128.347,-30.811],[-127.855,-30.984],[-127.361,-31.154],[-126.866,-31.322],[-126.368,-31.488],[-125.869,-31.653],[-125.368,-31.815],[-125.227,-31.49],[-125.086,-31.164],[-124.947,-30.839],[-124.498,-31.014],[-124.047,-31.188]]}},{"type":"Feature","properties":{"boundary_type":"ridge","feature_type":"gpml:MidOceanRidge","polarity":null,"overriding_plate_id":null,"subducting_plate_id":null,"plate_ids":[184,701],"name":"Rheic Ridge"},"geometry":{"type":"LineString","coordinates":[[-124.047,-31.188],[-123.513,-31.392],[-122.978,-31.593],[-122.439,-31.791],[-121.899,-31.988],[-121.356,-32.182],[-121.527,-32.646],[-121.7,-33.109],[-121.875,-33.572],[-121.367,-33.735],[-120.857,-33.896],[-120.346,-34.055],[-119.832,-34.212],[-119.316,-34.367],[-118.799,-34.519],[-118.948,-34.931],[-119.098,-35.344],[-119.25,-35.756],[-119.404,-36.168],[-118.831,-36.343],[-118.256,-36.516],[-117.678,-36.686],[-117.098,-36.853],[-116.515,-37.017],[-116.663,-37.445],[-116.813,-37.874],[-116.965,-38.302],[-117.119,-38.73],[-117.274,-39.157],[-116.672,-39.304],[-116.067,-39.448],[-115.459,-39.589],[-114.849,-39.727],[-114.237,-39.861],[-113.622,-39.992],[-113.005,-40.12],[-113.126,-40.58],[-113.248,-41.04],[-113.372,-41.5],[-113.497,-41.96],[-113.625,-42.419],[-113.754,-42.879],[-113.885,-43.338],[-113.304,-43.531],[-112.719,-43.72],[-112.13,-43.907],[-111.537,-44.091],[-110.941,-44.272],[-110.341,-44.449],[-110.468,-44.895],[-110.598,-45.34],[-110.729,-45.786],[-110.863,-46.231],[-110.998,-46.676],[-111.137,-47.121],[-111.277,-47.565],[-111.42,-48.01],[-110.773,-48.243],[-110.12,-48.472],[-109.461,-48.698],[-108.796,-48.919],[-108.125,-49.137],[-107.449,-49.351],[-107.546,-49.754],[-107.646,-50.157],[-107.747,-50.559],[-107.849,-50.962],[-107.954,-51.364],[-107.381,-51.52],[-106.804,-51.674],[-106.222,-51.825],[-105.638,-51.972],[-105.725,-52.424],[-105.814,-52.875],[-105.905,-53.326],[-105.998,-53.777],[-106.093,-54.228],[-106.191,-54.678],[-106.29,-55.129],[-106.392,-55.58],[-105.605,-55.721],[-104.813,-55.857],[-104.016,-55.988],[-103.213,-56.114],[-102.405,-56.234],[-101.592,-56.349],[-100.774,-56.459],[-99.952,-56.563],[-99.125,-56.662],[-98.294,-56.756],[-97.459,-56.844],[-97.47,-57.332],[-97.482,-57.82],[-97.493,-58.309],[-97.505,-58.797],[-97.517,-59.286],[-96.729,-59.365],[-95.938,-59.44],[-95.143,-59.51],[-94.345,-59.575],[-93.544,-59.636],[-93.472,-60.117],[-93.398,-60.598],[-93.321,-61.079],[-93.242,-61.56],[-92.223,-61.606],[-91.2,-61.644],[-90.176,-61.675],[-89.149,-61.698],[-88.956,-62.178],[-88.757,-62.658],[-88.552,-63.138],[-88.339,-63.617],[-87.253,-63.649],[-86.165,-63.672],[-85.075,-63.687],[-83.985,-63.694],[-83.714,-64.162],[-83.433,-64.63],[-83.143,-65.097],[-82.843,-65.563],[-82.531,-66.029],[-82.276,-66.457],[-82.012,-66.884],[-81.739,-67.31],[-81.455,-67.736],[-81.161,-68.162],[-80.104,-68.09],[-79.054,-68.012],[-78.011,-67.927],[-76.976,-67.836],[-75.949,-67.738],[-75.485,-68.144],[-75.005,-68.549],[-74.507,-68.952],[-73.99,-69.354],[-73.454,-69.754],[-72.897,-70.153],[-72.318,-70.549],[-71.71,-70.985],[-71.075,-71.418],[-70.41,-71.849],[-69.714,-72.278],[-68.986,-72.704],[-68.221,-73.128],[-67.418,-73.548],[-66.154,-73.332],[-64.922,-73.108],[-63.722,-72.877],[-62.553,-72.639],[-61.415,-72.395],[-60.763,-72.681],[-60.089,-72.964],[-59.393,-73.246],[-58.152,-72.967],[-56.95,-72.681],[-55.787,-72.387],[-54.661,-72.087],[-53.571,-71.781],[-52.516,-71.469],[-51.495,-71.151],[-50.507,-70.828],[-49.551,-70.5],[-48.626,-70.166],[-47.73,-69.829],[-47.071,-70.04],[-46.399,-70.249],[-45.432,-69.912],[-44.495,-69.57],[-43.587,-69.224],[-42.709,-68.873],[-41.872,-69.094],[-41.018,-69.311],[-40.235,-68.925],[-39.48,-68.536],[-38.75,-68.144],[-38.045,-67.748],[-37.363,-67.35],[-36.494,-67.583],[-35.608,-67.812],[-34.704,-68.035],[-34.033,-67.762],[-33.377,-67.485]]}},{"type":"Feature","properties":{"boundary_type":"ridge","feature_type":"gpml:MidOceanRidge","polarity":null,"overriding_plate_id":null,"subducting_plate_id":null,"plate_ids":[302,701],"name":"Rheic Ridge"},"geometry":{"type":"LineString","coordinates":[[-33.377,-67.485],[-32.782,-67.227]]}},{"type":"Feature","properties":{"boundary_type":"ridge","feature_type":"gpml:MidOceanRidge","polarity":null,"overriding_plate_id":null,"subducting_plate_id":null,"plate_ids":[302,404],"name":"Kara-Baltica MoR"},"geometry":{"type":"LineString","coordinates":[[-33.513,-33.017],[-33.036,-33.297],[-32.555,-33.575],[-32.072,-33.851],[-31.585,-34.125],[-31.095,-34.397],[-30.602,-34.667],[-30.105,-34.935],[-30.202,-35.069],[-29.754,-35.294],[-29.304,-35.518],[-28.851,-35.741],[-28.395,-35.961],[-27.938,-36.18],[-27.477,-36.397],[-27.014,-36.613],[-26.856,-36.339],[-26.398,-36.562],[-25.937,-36.784],[-25.474,-37.005],[-25.008,-37.223],[-24.539,-37.439],[-24.067,-37.654],[-23.593,-37.867],[-23.706,-38.062],[-23.156,-38.303],[-22.602,-38.541],[-22.044,-38.777],[-21.482,-39.01],[-20.917,-39.24],[-20.349,-39.467],[-20.102,-39.065],[-19.858,-38.662],[-19.617,-38.259],[-19.378,-37.855],[-19.143,-37.451],[-18.909,-37.046],[-18.678,-36.641],[-18.45,-36.235],[-18.224,-35.829],[-17.691,-35.949],[-17.157,-36.068],[-16.622,-36.183],[-16.084,-36.297],[-15.546,-36.408],[-15.005,-36.516]]}},{"type":"Feature","properties":{"boundary_type":"ridge","feature_type":"gpml:MidOceanRidge","polarity":null,"overriding_plate_id":null,"subducting_plate_id":null,"plate_ids":[302,466],"name":"Baltica-tianshan mor"},"geometry":{"type":"LineString","coordinates":[[-14.146,-32.159],[-13.702,-32.195],[-13.258,-32.229],[-12.814,-32.261],[-12.369,-32.292],[-12.359,-32.739],[-12.349,-33.185],[-12.339,-33.631],[-11.75,-33.726],[-11.16,-33.818],[-10.568,-33.906],[-9.976,-33.992],[-9.382,-34.076],[-8.787,-34.156],[-8.191,-34.233],[-7.594,-34.308],[-6.995,-34.379],[-6.396,-34.448],[-5.796,-34.514],[-5.195,-34.577],[-4.593,-34.637],[-3.99,-34.694],[-3.386,-34.748],[-2.782,-34.799],[-2.177,-34.846],[-1.571,-34.891]]}},{"type":"Feature","properties":{"boundary_type":"transform","feature_type":"gpml:Transform","polarity":null,"overriding_plate_id":null,"subducting_plate_id":null,"plate_ids":[101,173],"name":"transform between Laurentia and Iapetus"},"geometry":{"type":"LineString","coordinates":[[-148.253,-20.935],[-148.391,-21.371],[-148.529,-21.808],[-148.668,-22.244],[-148.808,-22.68]]}},{"type":"Feature","properties":{"boundary_type":"transform","feature_type":"gpml:Transform","polarity":null,"overriding_plate_id":null,"subducting_plate_id":null,"plate_ids":[173,701],"name":"Gondwana-Iapetus transform?"},"geometry":{"type":"LineString","coordinates":[[-128.153,-27.322],[-128.707,-27.25],[-129.259,-27.177],[-129.811,-27.101],[-130.363,-27.023],[-130.913,-26.942],[-131.422,-26.953],[-131.931,-26.961],[-132.44,-26.968],[-132.949,-26.972],[-133.458,-26.975],[-133.967,-26.976],[-134.476,-26.976],[-134.985,-26.973],[-135.494,-26.968],[-136.003,-26.962],[-136.516,-26.976],[-137.029,-26.988],[-137.543,-26.998],[-138.056,-27.006],[-138.569,-27.012],[-139.082,-27.016],[-139.596,-27.019],[-140.109,-27.02],[-140.623,-27.018],[-141.136,-27.015],[-141.655,-27.105],[-142.174,-27.193],[-142.694,-27.28],[-143.215,-27.364],[-143.737,-27.446],[-144.259,-27.527],[-144.783,-27.605],[-145.307,-27.682],[-145.832,-27.756],[-146.357,-27.829],[-146.883,-27.899],[-147.41,-27.968],[-147.963,-28.055],[-148.517,-28.14],[-149.071,-28.223],[-149.627,-28.303],[-150.183,-28.381],[-150.74,-28.457],[-151.298,-28.531],[-151.857,-28.602],[-152.417,-28.671]]}},{"type":"Feature","properties":{"boundary_type":"transform","feature_type":"gpml:Transform","polarity":null,"overriding_plate_id":null,"subducting_plate_id":null,"plate_ids":[701,22601],"name":"Gondwana-Iapetus transform?"},"geometry":{"type":"LineString","coordinates":[[-152.417,-28.671],[-152.681,-28.703],[-153.235,-28.794]]}},{"type":"Feature","properties":{"boundary_type":"transform","feature_type":"gpml:Transform","polarity":null,"overriding_plate_id":null,"subducting_plate_id":null,"plate_ids":[701,919],"name":"Gondwana-Iapetus transform?"},"geometry":{"type":"LineString","coordinates":[[-153.235,-28.794],[-153.791,-28.884],[-154.348,-28.97],[-154.906,-29.055],[-155.465,-29.137],[-156.024,-29.217]]}},{"type":"Feature","properties":{"boundary_type":"transform","feature_type":"gpml:Transform","polarity":null,"overriding_plate_id":null,"subducting_plate_id":null,"plate_ids":[173,184],"name":"Iapetus-greater Avalonia transform"},"geometry":{"type":"LineString","coordinates":[[-121.679,-26.589],[-121.886,-27.009],[-122.095,-27.428],[-122.305,-27.847],[-122.516,-28.266],[-122.73,-28.685],[-122.945,-29.103],[-123.162,-29.521],[-123.38,-29.938],[-123.601,-30.355],[-123.823,-30.772],[-124.047,-31.188]]}},{"type":"Feature","properties":{"boundary_type":"transform","feature_type":"gpml:Transform","polarity":null,"overriding_plate_id":null,"subducting_plate_id":null,"plate_ids":[173,701],"name":"Gondwana-greater Avalonia transform"},"geometry":{"type":"LineString","coordinates":[[-128.153,-27.322],[-128.401,-27.72],[-128.65,-28.118],[-128.902,-28.516],[-129.155,-28.913],[-129.405,-29.36],[-129.657,-29.807],[-129.912,-30.253],[-130.169,-30.699]]}},{"type":"Feature","properties":{"boundary_type":"transform","feature_type":"gpml:Transform","polarity":null,"overriding_plate_id":null,"subducting_plate_id":null,"plate_ids":[302,701],"name":"Gondwana-Baltica Transform"},"geometry":{"type":"LineString","coordinates":[[-32.782,-67.227],[-31.661,-67.295],[-30.534,-67.356],[-29.401,-67.408],[-28.264,-67.453],[-26.977,-67.47],[-25.689,-67.476],[-24.401,-67.473],[-23.114,-67.459],[-21.829,-67.435],[-20.547,-67.4],[-19.488,-67.201],[-18.446,-66.996],[-17.422,-66.784],[-16.416,-66.565],[-15.428,-66.34],[-14.342,-66.099],[-13.277,-65.85],[-12.233,-65.594],[-11.209,-65.331],[-10.206,-65.061],[-9.509,-64.704],[-8.831,-64.343],[-8.17,-63.98],[-7.526,-63.613],[-6.943,-63.273],[-6.375,-62.93],[-5.819,-62.585],[-5.276,-62.238],[-4.746,-61.889]]}},{"type":"Feature","properties":{"boundary_type":"transform","feature_type":"gpml:Transform","polarity":null,"overriding_plate_id":null,"subducting_plate_id":null,"plate_ids":[602,701],"name":"transform between gondwana and South china"},"geometry":{"type":"LineString","coordinates":[[79.525,-30.883],[80.026,-31.038],[80.528,-31.191],[81.032,-31.343],[81.538,-31.492],[82.088,-31.595],[82.639,-31.695],[83.191,-31.793],[83.744,-31.889],[84.299,-31.982],[84.854,-32.073],[85.411,-32.161],[85.969,-32.247],[86.528,-32.331],[87.087,-32.412],[87.648,-32.491],[88.21,-32.567],[88.768,-32.596],[89.326,-32.623],[89.884,-32.648],[90.443,-32.67],[91.002,-32.689],[91.561,-32.706],[92.12,-32.721],[92.679,-32.733],[93.239,-32.743],[93.799,-32.75],[94.359,-32.754],[94.918,-32.756],[95.478,-32.756],[96.038,-32.753],[96.595,-32.731],[97.152,-32.706],[97.709,-32.679],[98.265,-32.649],[98.821,-32.617],[99.377,-32.582],[99.932,-32.545],[100.486,-32.506],[101.04,-32.464],[101.594,-32.42],[102.147,-32.373],[102.699,-32.324],[103.251,-32.272],[103.722,-31.98],[104.189,-31.687],[104.654,-31.392],[105.116,-31.095],[105.575,-30.797],[106.031,-30.497],[106.485,-30.196],[106.936,-29.892],[107.383,-29.588],[107.829,-29.282],[108.271,-28.974],[108.711,-28.665],[109.148,-28.355],[109.583,-28.043],[110.015,-27.73],[110.445,-27.415],[110.872,-27.099],[111.297,-26.782],[111.72,-26.464],[112.14,-26.144],[112.558,-25.824],[112.973,-25.502]]}},{"type":"Feature","properties":{"boundary_type":"transform","feature_type":"gpml:Transform","polarity":null,"overriding_plate_id":null,"subducting_plate_id":null,"plate_ids":[401,902],"name":"Transform closing Siberian plate"},"geometry":{"type":"LineString","coordinates":[[-73.898,11.33],[-74.333,11.096],[-74.767,10.86],[-75.201,10.624],[-75.634,10.388],[-76.067,10.151],[-76.498,9.913],[-76.929,9.675],[-77.36,9.436],[-77.79,9.197],[-78.219,8.957],[-78.648,8.716],[-79.076,8.476],[-79.504,8.234],[-79.931,7.993],[-80.358,7.751],[-80.784,7.508],[-81.209,7.265],[-81.635,7.022],[-82.059,6.778],[-82.484,6.534],[-82.908,6.289],[-83.331,6.044],[-83.754,5.799],[-84.177,5.554],[-84.6,5.308],[-85.022,5.062]]}},{"type":"Feature","properties":{"boundary_type":"transform","feature_type":"gpml:Transform","polarity":null,"overriding_plate_id":null,"subducting_plate_id":null,"plate_ids":[602,701],"name":""},"geometry":{"type":"LineString","coordinates":[[102.455,-8.846],[102.585,-9.148],[102.715,-9.45],[102.983,-9.77],[103.252,-10.089],[103.52,-10.408],[103.79,-10.728],[104.06,-11.046],[104.29,-11.466],[104.52,-11.886],[104.751,-12.306],[104.983,-12.725],[105.216,-13.145],[105.45,-13.564],[105.653,-14.004],[105.858,-14.444],[106.063,-14.884],[106.269,-15.324],[106.476,-15.764],[106.684,-16.203],[106.893,-16.643],[107.103,-17.082],[107.314,-17.521],[107.525,-17.959],[107.738,-18.398],[107.952,-18.836],[108.167,-19.274],[108.383,-19.711],[108.601,-20.149],[108.819,-20.586],[109.039,-21.023],[109.26,-21.459],[109.483,-21.895],[109.824,-22.259],[110.166,-22.623],[110.51,-22.985],[110.856,-23.347],[111.204,-23.708],[111.554,-24.069],[111.906,-24.428],[112.26,-24.787],[112.615,-25.145],[112.973,-25.502]]}},{"type":"Feature","properties":{"boundary_type":"transform","feature_type":"gpml:Transform","polarity":null,"overriding_plate_id":null,"subducting_plate_id":null,"plate_ids":[302,466],"name":"Transform between Baltica and ?? plates"},"geometry":{"type":"LineString","coordinates":[[-1.571,-34.891],[-1.592,-35.233],[-1.613,-35.574],[-1.634,-35.916],[-1.658,-36.36],[-1.683,-36.805],[-1.707,-37.25],[-1.733,-37.694],[-1.758,-38.139],[-1.784,-38.584],[-1.81,-39.028],[-1.837,-39.473],[-1.662,-39.936],[-1.485,-40.399],[-1.306,-40.862],[-1.124,-41.324],[-0.939,-41.786],[-0.752,-42.248],[-0.562,-42.709],[-0.369,-43.17],[-0.173,-43.631],[0.026,-44.091],[0.35,-44.507],[0.679,-44.922],[1.013,-45.337],[1.352,-45.75],[1.695,-46.162],[2.044,-46.573],[2.399,-46.983],[2.759,-47.392],[3.124,-47.8],[3.495,-48.207],[4.036,-48.54],[4.584,-48.871],[5.14,-49.199],[5.703,-49.524],[6.273,-49.846],[6.851,-50.166],[7.437,-50.483],[8.03,-50.796],[8.632,-51.107],[9.242,-51.415],[9.859,-51.719],[10.486,-52.02],[11.12,-52.318],[11.764,-52.612],[12.351,-52.703],[12.941,-52.792]]}},{"type":"Feature","properties":{"boundary_type":"transform","feature_type":"gpml:Transform","polarity":null,"overriding_plate_id":null,"subducting_plate_id":null,"plate_ids":[401,4100],"name":"Siberia-CMT transform"},"geometry":{"type":"LineString","coordinates":[[-31.687,-0.049],[-31.885,-0.458],[-32.084,-0.867],[-32.283,-1.277]]}},{"type":"Feature","properties":{"boundary_type":"transform","feature_type":"gpml:Transform","polarity":null,"overriding_plate_id":null,"subducting_plate_id":null,"plate_ids":[302,401],"name":"Transform between Baltica and Siberia plates"},"geometry":{"type":"LineString","coordinates":[[-48.31,-34.263],[-47.864,-33.973],[-47.42,-33.681],[-46.979,-33.387],[-46.541,-33.092],[-46.106,-32.795],[-45.586,-32.596],[-45.068,-32.395],[-44.553,-32.192],[-44.04,-31.987],[-43.529,-31.78],[-43.02,-31.57],[-42.514,-31.359],[-42.01,-31.146],[-41.508,-30.931],[-41.009,-30.713],[-40.512,-30.494],[-39.955,-30.391],[-39.4,-30.285],[-38.846,-30.177],[-38.294,-30.067],[-37.742,-29.954],[-37.192,-29.839],[-36.643,-29.721],[-36.095,-29.602],[-35.549,-29.48],[-35.004,-29.356],[-34.461,-29.23],[-34.02,-29.234],[-33.58,-29.236],[-33.14,-29.238],[-32.7,-29.238]]}},{"type":"Feature","properties":{"boundary_type":"transform","feature_type":"gpml:Transform","polarity":null,"overriding_plate_id":null,"subducting_plate_id":null,"plate_ids":[580,701],"name":"Tarim-Gondwana transform"},"geometry":{"type":"LineString","coordinates":[[73.599,-49.177],[72.966,-48.902],[72.339,-48.624],[71.72,-48.342],[71.067,-48.496],[70.41,-48.646],[69.749,-48.793],[69.085,-48.935],[68.416,-49.074],[67.713,-49.188],[67.007,-49.298],[66.298,-49.403],[65.586,-49.504],[64.87,-49.6],[64.153,-49.692],[63.432,-49.78],[62.709,-49.863],[61.983,-49.942],[61.255,-50.016],[60.525,-50.085],[59.793,-50.15],[59.188,-50.01],[58.586,-49.868],[57.987,-49.722],[57.393,-49.573],[56.801,-49.421],[56.343,-49.123],[55.889,-48.824],[55.441,-48.522],[54.998,-48.219],[54.561,-47.915],[54.073,-47.602],[53.592,-47.287],[53.116,-46.969],[52.646,-46.65],[52.181,-46.329],[51.722,-46.007],[51.268,-45.682],[50.809,-45.336],[50.357,-44.987],[49.91,-44.638],[49.468,-44.286],[49.031,-43.933],[48.6,-43.578],[48.173,-43.221],[47.752,-42.863]]}},{"type":"Feature","properties":{"boundary_type":"transform","feature_type":"gpml:Transform","polarity":null,"overriding_plate_id":null,"subducting_plate_id":null,"plate_ids":[601,6013],"name":"Qinling transform"},"geometry":{"type":"LineString","coordinates":[[58.818,-8.01],[58.933,-7.721],[59.149,-7.511],[59.366,-7.3],[59.745,-7.129],[60.189,-6.945],[60.633,-6.761]]}},{"type":"Feature","properties":{"boundary_type":"transform","feature_type":"gpml:Transform","polarity":null,"overriding_plate_id":null,"subducting_plate_id":null,"plate_ids":[926,6026],"name":""},"geometry":{"type":"LineString","coordinates":[[89.805,6.073],[89.489,5.722],[89.174,5.371],[88.859,5.02],[88.545,4.668],[88.231,4.317],[87.917,3.965],[87.603,3.613],[87.29,3.261],[86.977,2.909],[86.664,2.557],[86.352,2.205],[86.039,1.853],[85.727,1.501],[85.414,1.148],[85.102,0.796],[84.723,0.487],[84.344,0.178],[83.965,-0.13],[83.586,-0.439],[83.207,-0.748],[82.828,-1.056],[82.449,-1.365],[82.07,-1.674],[81.691,-1.982]]}},{"type":"Feature","properties":{"boundary_type":"transform","feature_type":"gpml:Transform","polarity":null,"overriding_plate_id":null,"subducting_plate_id":null,"plate_ids":[466,580],"name":"Tarim transform"},"geometry":{"type":"LineString","coordinates":[[30.306,-35.236],[30.877,-35.374],[31.45,-35.51],[32.025,-35.643],[32.602,-35.774],[33.156,-35.948],[33.713,-36.119],[34.272,-36.288],[34.834,-36.455],[35.398,-36.618],[35.965,-36.779],[36.497,-37.001],[37.032,-37.221],[37.57,-37.438],[38.111,-37.653],[38.655,-37.866],[39.202,-38.076],[39.753,-38.283],[40.176,-38.595],[40.603,-38.906],[41.034,-39.215],[41.468,-39.522],[41.907,-39.828],[42.349,-40.132],[42.795,-40.435],[43.245,-40.735],[43.661,-41.11],[44.081,-41.483],[44.506,-41.854],[44.935,-42.224],[45.37,-42.592],[45.81,-42.958],[46.256,-43.323],[46.707,-43.686]]}},{"type":"Feature","properties":{"boundary_type":"transform","feature_type":"gpml:Transform","polarity":null,"overriding_plate_id":null,"subducting_plate_id":null,"plate_ids":[184,302],"name":"Baltica-greater Avalonia transform"},"geometry":{"type":"LineString","coordinates":[[-53.203,-57.643],[-52.78,-58.08],[-52.347,-58.515],[-51.903,-58.948],[-51.448,-59.38],[-50.98,-59.811],[-50.464,-60.176],[-49.936,-60.54],[-49.396,-60.901],[-48.844,-61.26],[-48.28,-61.617],[-47.702,-61.971],[-47.066,-62.34],[-46.415,-62.707],[-45.747,-63.07],[-45.063,-63.43],[-44.361,-63.787],[-43.641,-64.14],[-42.903,-64.49],[-42.146,-64.836],[-41.289,-65.147],[-40.412,-65.453],[-39.515,-65.754],[-38.596,-66.05],[-37.657,-66.34],[-36.695,-66.625],[-35.711,-66.903],[-34.705,-67.175],[-33.676,-67.441],[-33.377,-67.485]]}},{"type":"Feature","properties":{"boundary_type":"transform","feature_type":"gpml:Transform","polarity":null,"overriding_plate_id":null,"subducting_plate_id":null,"plate_ids":[302,404],"name":"Kara-Baltica transform"},"geometry":{"type":"LineString","coordinates":[[-33.513,-33.017],[-33.325,-32.687],[-33.139,-32.355],[-33.034,-31.967],[-32.93,-31.579],[-32.827,-31.191],[-32.782,-30.808],[-32.738,-30.425],[-32.694,-30.041],[-32.697,-29.642],[-32.7,-29.243]]}},{"type":"Feature","properties":{"boundary_type":"transform","feature_type":"gpml:Transform","polarity":null,"overriding_plate_id":null,"subducting_plate_id":null,"plate_ids":[302,4041],"name":"Kara-Baltica transform"},"geometry":{"type":"LineString","coordinates":[[-32.7,-29.243],[-32.7,-29.238]]}},{"type":"Feature","properties":{"boundary_type":"transform","feature_type":"gpml:Transform","polarity":null,"overriding_plate_id":null,"subducting_plate_id":null,"plate_ids":[401,4041],"name":"Kara-Baltica transform"},"geometry":{"type":"LineString","coordinates":[[-32.7,-29.238],[-32.7,-29.206],[-32.763,-28.864],[-32.826,-28.522],[-32.889,-28.18],[-33.07,-27.753],[-33.249,-27.325],[-33.428,-26.898],[-33.605,-26.47],[-33.797,-26.131],[-33.989,-25.792],[-34.18,-25.453],[-34.369,-25.114],[-34.516,-24.927]]}},{"type":"Feature","properties":{"boundary_type":"transform","feature_type":"gpml:Transform","polarity":null,"overriding_plate_id":null,"subducting_plate_id":null,"plate_ids":[459,466],"name":"North Tianshan Ocean transform"},"geometry":{"type":"LineString","coordinates":[[5.916,-8.958],[5.886,-9.43],[5.855,-9.902],[5.824,-10.374],[5.794,-10.847],[5.763,-11.319],[5.732,-11.791],[5.701,-12.263],[5.669,-12.735],[5.638,-13.207],[5.607,-13.679],[5.575,-14.151],[5.544,-14.623],[5.56,-15.091],[5.576,-15.56],[5.593,-16.028],[5.609,-16.497],[5.626,-16.965],[5.642,-17.434],[5.659,-17.902],[5.676,-18.371],[5.693,-18.839],[5.71,-19.308],[5.727,-19.776],[5.744,-20.245],[5.877,-20.707],[6.012,-21.169],[6.147,-21.631],[6.283,-22.093],[6.419,-22.555],[6.557,-23.016],[6.696,-23.478],[6.835,-23.939],[6.976,-24.401],[7.118,-24.862],[7.261,-25.323],[7.404,-25.784],[7.607,-26.063],[7.811,-26.341]]}},{"type":"Feature","properties":{"boundary_type":"transform","feature_type":"gpml:Transform","polarity":null,"overriding_plate_id":null,"subducting_plate_id":null,"plate_ids":[580,4511],"name":"Alxa backarc transform"},"geometry":{"type":"LineString","coordinates":[[46.591,-17.948],[47.099,-17.987],[47.608,-18.024],[48.117,-18.059],[48.626,-18.094]]}},{"type":"Feature","properties":{"boundary_type":"transform","feature_type":"gpml:Transform","polarity":null,"overriding_plate_id":null,"subducting_plate_id":null,"plate_ids":[580,4511],"name":"Alxa backarc transform"},"geometry":{"type":"LineString","coordinates":[[48.072,-10.199],[48.458,-10.291],[48.845,-10.383],[49.232,-10.475],[49.619,-10.566]]}},{"type":"Feature","properties":{"boundary_type":"transform","feature_type":"gpml:Transform","polarity":null,"overriding_plate_id":null,"subducting_plate_id":null,"plate_ids":[451,580],"name":"Alxa transform"},"geometry":{"type":"LineString","coordinates":[[46.588,-17.979],[46.498,-17.938],[46.025,-17.952],[45.552,-17.966],[45.078,-17.978],[44.676,-17.964],[44.273,-17.948],[43.871,-17.932],[43.469,-17.915],[43.088,-17.827],[42.707,-17.737],[42.327,-17.647]]}},{"type":"Feature","properties":{"boundary_type":"transform","feature_type":"gpml:Transform","polarity":null,"overriding_plate_id":null,"subducting_plate_id":null,"plate_ids":[451,580],"name":"Alxa transform"},"geometry":{"type":"LineString","coordinates":[[48.069,-10.214],[47.783,-10.088],[47.498,-9.962],[47.085,-9.83],[46.672,-9.697],[46.259,-9.563],[45.846,-9.429],[45.434,-9.294],[45.022,-9.159],[44.573,-9.064],[44.124,-8.968],[43.675,-8.871],[43.187,-8.79],[42.7,-8.707],[42.213,-8.624],[41.726,-8.541]]}},{"type":"Feature","properties":{"boundary_type":"transform","feature_type":"gpml:Transform","polarity":null,"overriding_plate_id":null,"subducting_plate_id":null,"plate_ids":[580,5801],"name":"Tarim-South Tianshan transform"},"geometry":{"type":"LineString","coordinates":[[42.295,-18.486],[41.983,-18.667],[41.67,-18.847],[41.357,-19.026],[40.891,-19.018],[40.425,-19.009],[39.96,-18.999],[39.494,-18.987],[38.976,-18.926],[38.459,-18.863],[37.942,-18.799],[37.425,-18.734],[36.909,-18.667],[36.393,-18.598],[35.922,-18.512],[35.451,-18.425],[34.981,-18.336],[34.511,-18.246]]}},{"type":"Feature","properties":{"boundary_type":"transform","feature_type":"gpml:Transform","polarity":null,"overriding_plate_id":null,"subducting_plate_id":null,"plate_ids":[466,5801],"name":"South Tianshan transform"},"geometry":{"type":"LineString","coordinates":[[34.444,-20.89],[33.973,-20.726],[33.503,-20.56],[33.034,-20.393],[32.566,-20.225],[32.099,-20.055],[31.633,-19.884],[31.168,-19.712],[30.704,-19.539],[30.247,-19.34],[29.792,-19.14],[29.337,-18.939],[28.883,-18.737],[28.431,-18.534],[27.979,-18.329],[27.529,-18.124],[27.181,-17.829],[26.834,-17.533],[26.488,-17.237]]}},{"type":"Feature","properties":{"boundary_type":"transform","feature_type":"gpml:Transform","polarity":null,"overriding_plate_id":null,"subducting_plate_id":null,"plate_ids":[457,580],"name":"Kunlun transform"},"geometry":{"type":"LineString","coordinates":[[71.034,-41.918],[71.426,-41.8],[71.851,-41.607],[72.273,-41.412]]}},{"type":"Feature","properties":{"boundary_type":"transform","feature_type":"gpml:Transform","polarity":null,"overriding_plate_id":null,"subducting_plate_id":null,"plate_ids":[457,6013],"name":"Qinling transform"},"geometry":{"type":"LineString","coordinates":[[66.72,-15.281],[66.912,-15.313],[67.377,-15.112],[67.623,-14.997],[67.868,-14.882],[68.19,-14.55],[68.244,-14.377]]}},{"type":"Feature","properties":{"boundary_type":"transform","feature_type":"gpml:Transform","polarity":null,"overriding_plate_id":null,"subducting_plate_id":null,"plate_ids":[459,5801],"name":"North Tianshan Ocean transform"},"geometry":{"type":"LineString","coordinates":[[24.631,-6.355],[24.798,-6.811],[24.965,-7.268],[25.132,-7.724],[25.299,-8.18],[25.467,-8.637],[25.631,-9.014],[25.794,-9.392],[25.958,-9.769],[26.251,-10.159],[26.544,-10.548],[26.838,-10.937],[27.133,-11.326],[27.474,-11.629],[27.815,-11.932],[28.158,-12.235],[28.501,-12.537],[28.845,-12.839],[29.053,-12.906]]}},{"type":"Feature","properties":{"boundary_type":"transform","feature_type":"gpml:Transform","polarity":null,"overriding_plate_id":null,"subducting_plate_id":null,"plate_ids":[460,466],"name":"Chu-Yili transform"},"geometry":{"type":"LineString","coordinates":[[-4.537,-8.326],[-4.559,-7.918],[-4.581,-7.509],[-4.602,-7.1],[-4.561,-6.745],[-4.519,-6.389],[-4.478,-6.033]]}},{"type":"Feature","properties":{"boundary_type":"transform","feature_type":"gpml:Transform","polarity":null,"overriding_plate_id":null,"subducting_plate_id":null,"plate_ids":[460,902],"name":"Chu-Yili transform"},"geometry":{"type":"LineString","coordinates":[[-4.478,-6.033],[-4.431,-5.626]]}},{"type":"Feature","properties":{"boundary_type":"transform","feature_type":"gpml:Transform","polarity":null,"overriding_plate_id":null,"subducting_plate_id":null,"plate_ids":[460,5801],"name":"Chu-Yili transform"},"geometry":{"type":"LineString","coordinates":[[25.296,-6.053],[25.302,-5.631],[25.307,-5.21],[25.313,-4.788],[25.319,-4.366],[25.324,-3.944],[25.33,-3.522],[25.294,-3.097],[25.258,-2.673],[25.223,-2.248],[25.187,-1.824],[25.152,-1.4]]}},{"type":"Feature","properties":{"boundary_type":"transform","feature_type":"gpml:Transform","polarity":null,"overriding_plate_id":null,"subducting_plate_id":null,"plate_ids":[460,926],"name":"Chu-Yili transform"},"geometry":{"type":"LineString","coordinates":[[25.152,-1.4],[25.118,-0.995],[25.032,-0.535],[24.946,-0.074]]}},{"type":"Feature","properties":{"boundary_type":"transform","feature_type":"gpml:Transform","polarity":null,"overriding_plate_id":null,"subducting_plate_id":null,"plate_ids":[401,4100],"name":"Siberia transform"},"geometry":{"type":"LineString","coordinates":[[-57.311,15.122],[-57.546,14.754],[-57.779,14.385],[-58.012,14.017],[-58.244,13.648],[-58.476,13.279],[-58.706,12.91],[-58.936,12.541],[-59.008,12.048],[-59.079,11.555],[-59.15,11.062],[-59.221,10.569],[-59.291,10.076],[-59.361,9.583],[-59.432,9.09],[-59.501,8.597]]}},{"type":"Feature","properties":{"boundary_type":"transform","feature_type":"gpml:Transform","polarity":null,"overriding_plate_id":null,"subducting_plate_id":null,"plate_ids":[101,919],"name":"outboard laurentian transform"},"geometry":{"type":"LineString","coordinates":[[-145.409,25.593],[-145.896,25.48],[-146.382,25.365],[-146.867,25.249],[-147.351,25.131],[-147.834,25.012],[-148.316,24.891],[-148.798,24.769],[-149.278,24.645],[-149.738,24.421],[-150.196,24.195],[-150.653,23.968],[-151.108,23.74],[-151.562,23.511],[-152.014,23.28],[-152.464,23.048],[-152.913,22.814],[-153.36,22.58],[-153.806,22.344],[-154.25,22.107],[-154.692,21.868],[-155.134,21.629],[-155.573,21.388],[-156.012,21.147],[-156.449,20.904],[-156.884,20.66],[-157.28,20.354],[-157.674,20.047],[-158.067,19.74],[-158.458,19.431],[-158.848,19.122],[-159.236,18.812],[-159.623,18.501],[-160.008,18.189],[-160.392,17.877],[-160.775,17.564],[-161.156,17.25],[-161.536,16.935],[-161.915,16.62],[-162.292,16.304],[-162.669,15.987],[-163.044,15.67],[-163.418,15.352],[-163.701,14.961],[-163.983,14.57],[-164.265,14.178],[-164.545,13.786],[-164.824,13.393],[-165.103,13.001],[-165.38,12.608],[-165.657,12.215],[-165.933,11.821],[-166.208,11.427],[-166.482,11.033],[-166.756,10.639],[-167.029,10.244],[-167.301,9.85],[-167.573,9.455],[-167.844,9.06],[-168.114,8.664],[-168.12,8.651]]}},{"type":"Feature","properties":{"boundary_type":"transform","feature_type":"gpml:Transform","polarity":null,"overriding_plate_id":null,"subducting_plate_id":null,"plate_ids":[601,926],"name":"North China transform"},"geometry":{"type":"LineString","coordinates":[[62.613,3.256],[62.449,2.86],[62.284,2.463],[62.119,2.067],[61.955,1.67],[61.79,1.274],[61.626,0.877],[61.46,0.47],[61.295,0.063],[61.129,-0.344],[60.963,-0.752]]}},{"type":"Feature","properties":{"boundary_type":"transform","feature_type":"gpml:Transform","polarity":null,"overriding_plate_id":null,"subducting_plate_id":null,"plate_ids":[580,601],"name":"North China transform"},"geometry":{"type":"LineString","coordinates":[[60.963,-0.752],[60.818,-1.109],[60.673,-1.465],[60.528,-1.822],[60.339,-2.234],[60.149,-2.645],[59.96,-3.057],[59.77,-3.468],[59.58,-3.879],[59.39,-4.291],[59.2,-4.702],[58.964,-5.103],[58.728,-5.505],[58.491,-5.906],[58.254,-6.307],[58.017,-6.708],[57.779,-7.109],[57.573,-7.34],[57.367,-7.571]]}},{"type":"Feature","properties":{"boundary_type":"transform","feature_type":"gpml:Transform","polarity":null,"overriding_plate_id":null,"subducting_plate_id":null,"plate_ids":[457,580],"name":"Kunlun transform"},"geometry":{"type":"LineString","coordinates":[[72.273,-41.412],[72.789,-41.106],[73.3,-40.797],[73.787,-40.504],[74.269,-40.209],[74.747,-39.913],[75.221,-39.614],[75.691,-39.313],[76.157,-39.01],[76.619,-38.706],[77.077,-38.4],[77.531,-38.092],[77.981,-37.782],[78.428,-37.47],[78.87,-37.157],[79.309,-36.843],[79.745,-36.526]]}},{"type":"Feature","properties":{"boundary_type":"transform","feature_type":"gpml:Transform","polarity":null,"overriding_plate_id":null,"subducting_plate_id":null,"plate_ids":[457,601],"name":"South China transform"},"geometry":{"type":"LineString","coordinates":[[78.881,-19.155],[79.098,-18.756],[79.315,-18.357],[79.531,-17.957],[79.746,-17.557],[79.948,-17.224],[80.15,-16.891],[80.351,-16.558],[80.551,-16.225],[80.885,-15.925]]}},{"type":"Feature","properties":{"boundary_type":"transform","feature_type":"gpml:Transform","polarity":null,"overriding_plate_id":null,"subducting_plate_id":null,"plate_ids":[457,602],"name":"South China Transform"},"geometry":{"type":"LineString","coordinates":[[80.448,-22.216],[80.703,-22.316],[80.959,-22.415],[81.355,-22.492],[81.752,-22.569],[82.115,-22.498],[82.478,-22.426],[82.931,-22.284],[83.383,-22.141]]}},{"type":"Feature","properties":{"boundary_type":"transform","feature_type":"gpml:Transform","polarity":null,"overriding_plate_id":null,"subducting_plate_id":null,"plate_ids":[457,580],"name":"Kunlun transform"},"geometry":{"type":"LineString","coordinates":[[65.156,-18.527],[65.641,-18.484],[66.125,-18.44],[66.609,-18.394],[67.093,-18.347],[67.576,-18.299],[68.059,-18.25],[68.542,-18.2],[69.025,-18.148]]}}]}