{"type":"FeatureCollection","meta":{"model":"Cao2024","reconstruction_time_ma":15.0,"anchor_plate_id":0,"pygplates_version":"1.0.0","tessellate_degrees":0.5,"polarity_convention":"gpml:subductionPolarity. 'Left'/'Right' names the side of the line, in vertex order, on which the OVERRIDING plate lies. Triangles are drawn on that side.","antimeridian":"Lines are NOT split at +/-180 deg. The renderer works in 3D unit vectors where the dateline is not special; splitting would only add spurious breaks. Do not treat this as RFC 7946 GIS-ready 2D data."},"features":[{"type":"Feature","properties":{"boundary_type":"other","feature_type":"gpml:ContinentalRift","polarity":null,"overriding_plate_id":null,"subducting_plate_id":null,"plate_ids":[701,709],"name":"Somalia Africa boundary from PB03 GS"},"geometry":{"type":"LineString","coordinates":[[39.845,5.113],[39.578,4.783],[39.31,4.454],[39.043,4.124],[38.776,3.795],[38.516,3.418],[38.257,3.042],[37.997,2.665],[37.738,2.289],[37.479,1.912],[37.342,1.579],[37.205,1.245],[37.068,0.911],[36.737,0.889],[36.405,0.867],[36.215,0.548],[36.025,0.228],[35.834,-0.091],[35.377,-0.045],[34.92,0.002],[34.463,0.049],[34.006,0.095],[33.549,0.142],[33.092,0.189],[32.635,0.235],[32.178,0.282],[31.721,0.329],[31.512,0.01],[31.303,-0.308],[31.094,-0.626],[30.885,-0.944],[30.507,-1.093],[30.129,-1.241],[30.134,-1.703],[30.138,-2.166],[30.143,-2.628],[30.513,-2.706],[30.883,-2.784],[31.253,-2.861],[31.321,-2.889],[31.002,-3.264],[30.683,-3.64],[30.364,-4.016],[30.199,-4.365],[30.033,-4.714],[29.868,-5.062],[29.702,-5.411],[29.564,-5.877],[29.426,-6.343],[29.287,-6.809],[29.128,-7.154],[28.968,-7.499],[28.809,-7.844],[28.85,-8.253],[28.891,-8.662],[28.933,-9.071],[28.975,-9.48],[29.212,-9.847],[29.45,-10.214],[29.689,-10.58],[29.712,-11.069],[29.734,-11.557],[29.981,-11.898],[30.227,-12.239],[30.475,-12.579],[30.723,-12.92],[31.106,-12.996],[31.49,-13.071],[31.874,-13.147],[32.235,-13.384],[32.596,-13.621],[32.958,-13.858],[33.435,-13.934],[33.913,-14.009],[34.067,-14.424],[34.223,-14.838],[34.379,-15.252],[34.536,-15.666],[34.878,-15.948],[35.221,-16.229],[35.068,-16.696],[34.916,-17.162],[34.762,-17.628],[34.734,-18.015],[34.705,-18.401],[34.925,-18.731],[35.146,-19.061],[35.368,-19.39],[35.591,-19.719],[35.537,-20.159],[35.482,-20.598],[35.427,-21.038],[35.65,-21.358],[35.873,-21.678],[36.098,-21.997],[36.128,-22.372],[36.158,-22.746],[36.188,-23.12],[35.884,-23.336],[35.579,-23.551],[35.266,-23.899],[34.952,-24.246],[34.636,-24.593],[34.318,-24.939],[34.3,-25.354],[34.281,-25.769],[34.263,-26.184],[34.244,-26.599],[33.763,-26.776],[33.281,-26.951],[32.797,-27.125],[32.312,-27.297],[31.825,-27.467],[31.337,-27.635],[30.847,-27.802],[30.356,-27.968],[30.065,-28.304],[29.772,-28.639],[29.478,-28.974],[29.181,-29.308],[28.883,-29.642],[28.582,-29.974],[28.717,-30.413],[28.854,-30.851],[28.991,-31.289],[29.13,-31.727],[28.685,-31.944],[28.238,-32.158],[27.788,-32.371],[27.816,-32.833],[27.845,-33.295],[27.874,-33.756],[28.305,-34.039],[28.738,-34.32],[29.175,-34.599],[29.503,-34.976],[29.834,-35.352],[30.168,-35.727],[30.506,-36.101],[30.96,-36.412],[31.418,-36.72],[31.88,-37.027],[32.345,-37.332],[32.814,-37.635],[33.287,-37.936],[33.764,-38.236],[34.245,-38.533],[34.729,-38.829],[35.218,-39.122],[35.711,-39.414],[36.208,-39.703],[36.709,-39.99],[37.215,-40.275],[37.724,-40.558],[38.238,-40.838],[38.756,-41.116],[39.279,-41.392],[39.806,-41.666],[40.338,-41.937],[40.163,-42.413],[39.985,-42.889],[39.805,-43.364],[39.621,-43.839],[39.435,-44.314],[39.246,-44.789],[39.053,-45.263],[38.858,-45.737],[38.659,-46.211],[38.456,-46.684],[38.25,-47.157],[38.04,-47.63],[37.827,-48.102],[37.609,-48.574],[37.387,-49.045],[37.161,-49.516],[36.931,-49.987],[36.696,-50.457],[36.457,-50.926],[36.212,-51.395],[36.632,-51.495],[37.053,-51.593]]}},{"type":"Feature","properties":{"boundary_type":"other","feature_type":"gpml:Fault","polarity":null,"overriding_plate_id":null,"subducting_plate_id":null,"plate_ids":[101,406],"name":"Kamchatka"},"geometry":{"type":"LineString","coordinates":[[158.673,66.134],[158.067,65.931],[157.471,65.725],[156.721,65.454],[155.986,65.18],[155.42,64.847],[154.869,64.513],[154.331,64.176],[153.792,63.816],[153.267,63.455],[152.755,63.091],[152.256,62.726],[152.16,62.266],[152.068,61.806],[151.978,61.346],[151.891,60.886],[151.933,60.485],[151.973,60.083],[152.013,59.682],[152.051,59.281],[152.089,58.879],[152.209,58.444],[152.326,58.009],[152.44,57.574],[152.552,57.139],[152.627,56.677],[152.701,56.215],[152.773,55.753],[152.844,55.291],[152.913,54.829],[153.029,54.438],[153.144,54.046]]}},{"type":"Feature","properties":{"boundary_type":"other","feature_type":"gpml:OrogenicBelt","polarity":null,"overriding_plate_id":null,"subducting_plate_id":null,"plate_ids":[501,503],"name":"After Bird (2001), DB 04-2007"},"geometry":{"type":"LineString","coordinates":[[65.221,20.941],[65.279,21.433],[65.338,21.926],[65.397,22.419],[65.365,22.845],[65.333,23.272],[65.3,23.698],[65.268,24.124]]}},{"type":"Feature","properties":{"boundary_type":"other","feature_type":"gpml:OrogenicBelt","polarity":null,"overriding_plate_id":null,"subducting_plate_id":null,"plate_ids":[301,501],"name":"After Bird (2001), DB 04-2007"},"geometry":{"type":"LineString","coordinates":[[65.268,24.124],[65.237,24.519],[65.207,24.914],[65.177,25.172],[65.148,25.43],[65.113,25.712],[65.078,25.994],[65.072,26.408],[65.066,26.823],[65.018,27.314],[64.898,27.472],[64.868,27.874],[64.839,28.275],[64.812,28.693],[65.065,28.857],[65.318,29.02],[65.796,28.868],[66.019,28.553],[66.24,28.237],[66.654,28.162],[67.035,28.282],[67.417,28.401],[67.49,28.698],[67.563,28.996],[67.566,29.29],[67.569,29.583],[67.572,29.847],[67.575,30.111]]}},{"type":"Feature","properties":{"boundary_type":"other","feature_type":"gpml:FractureZone","polarity":null,"overriding_plate_id":null,"subducting_plate_id":null,"plate_ids":[301,503],"name":"Dead Sea F& Arab-Turk Suture NUVEL file., DB 04-2007"},"geometry":{"type":"LineString","coordinates":[[39.344,34.479],[39.29,34.374]]}},{"type":"Feature","properties":{"boundary_type":"other","feature_type":"gpml:FractureZone","polarity":null,"overriding_plate_id":null,"subducting_plate_id":null,"plate_ids":[503,701],"name":"Dead Sea F& Arab-Turk Suture NUVEL file., DB 04-2007"},"geometry":{"type":"LineString","coordinates":[[39.29,34.374],[39.217,34.229],[38.924,33.914],[38.634,33.598],[38.345,33.281],[38.026,32.934],[37.708,32.587],[37.484,32.371],[37.261,32.154],[36.978,31.996],[36.697,31.837],[36.412,31.697],[36.128,31.556],[35.886,31.365],[35.645,31.173],[35.36,31.033],[35.075,30.893],[34.829,30.652],[34.585,30.411],[34.198,30.125],[34.046,29.881],[33.894,29.637],[34.07,29.43],[34.003,29.032],[33.936,28.634],[33.819,28.188],[33.704,27.742],[33.591,27.38],[33.479,27.017],[33.368,26.654],[33.254,26.259],[33.14,25.863],[33.121,25.463],[33.101,25.064],[33.042,24.816],[32.982,24.568],[32.963,24.168],[32.944,23.769],[32.92,23.269],[32.813,23.023],[32.706,22.777],[32.597,22.481],[32.488,22.186],[32.241,21.796]]}},{"type":"Feature","properties":{"boundary_type":"other","feature_type":"gpml:UnclassifiedFeature","polarity":null,"overriding_plate_id":null,"subducting_plate_id":null,"plate_ids":[801,901],"name":"MACQUARIE"},"geometry":{"type":"LineString","coordinates":[[168.914,-59.443],[168.83,-59.195],[168.747,-58.946],[168.601,-58.761],[168.386,-58.409],[167.823,-58.166],[167.268,-57.791],[166.921,-57.426],[166.617,-56.972],[166.535,-56.642],[166.497,-56.306],[166.537,-56.048],[166.515,-55.855],[166.538,-55.807],[166.665,-55.702],[166.838,-55.495],[166.937,-55.249],[167.021,-55.041],[167.042,-54.859],[167.072,-54.749],[167.079,-54.683],[167.12,-54.628],[167.236,-54.612],[167.388,-54.603],[167.504,-54.581],[167.682,-54.496],[167.727,-54.477],[167.958,-54.383],[168.176,-54.325],[168.43,-54.092],[168.546,-53.92],[168.628,-53.74],[168.752,-53.483],[168.869,-53.202],[168.946,-52.892],[169.059,-52.564],[169.179,-52.342],[169.413,-52.095],[169.644,-51.848],[169.957,-51.547],[170.355,-51.274],[170.634,-51.051],[170.875,-50.848],[171.249,-50.564],[171.475,-50.415],[171.708,-50.105],[171.945,-49.76],[172.121,-49.496],[172.394,-49.123],[172.573,-48.914],[172.732,-48.726],[172.898,-48.562],[173.035,-48.426],[173.158,-48.33],[173.246,-48.244],[173.361,-48.16],[173.549,-48.036],[173.736,-47.834],[173.877,-47.647],[174.034,-47.37],[174.179,-47.139],[174.284,-46.949],[174.401,-46.733],[174.499,-46.51],[174.647,-46.298]]}},{"type":"Feature","properties":{"boundary_type":"other","feature_type":"gpml:FractureZone","polarity":null,"overriding_plate_id":null,"subducting_plate_id":null,"plate_ids":[101,901],"name":"Northern most NAN PAC f NUMVEL file MG 4-28-07"},"geometry":{"type":"LineString","coordinates":[[-131.661,64.946],[-130.727,64.74],[-129.807,64.528],[-128.901,64.311],[-128.261,64.072],[-127.57,63.831],[-126.891,63.586],[-126.347,63.312],[-125.615,62.94],[-125.149,62.649],[-124.693,62.357],[-124.507,62.088],[-124.325,61.819],[-124.221,61.472],[-124.119,61.125],[-124.019,60.778],[-123.984,60.437],[-123.95,60.097],[-123.916,59.756],[-123.653,59.396],[-123.395,59.037],[-123.143,58.677],[-123.025,58.329],[-122.909,57.981],[-122.795,57.634],[-122.489,57.271],[-122.189,56.907],[-121.895,56.543],[-121.497,56.152],[-121.106,55.759],[-120.723,55.365],[-120.386,55.114],[-120.054,54.862],[-119.934,54.792]]}},{"type":"Feature","properties":{"boundary_type":"other","feature_type":"gpml:FractureZone","polarity":null,"overriding_plate_id":null,"subducting_plate_id":null,"plate_ids":[501,503],"name":"Owen FZ from NUVEL file, DB 04-2007"},"geometry":{"type":"LineString","coordinates":[[55.251,6.536],[55.433,6.767],[55.615,6.997],[55.829,7.377],[56.043,7.757],[56.258,8.137],[56.473,8.517],[56.689,8.896],[56.938,9.26],[57.189,9.623],[57.44,9.986],[57.691,10.349],[57.943,10.712],[58.168,11.078],[58.394,11.444],[58.62,11.81],[58.847,12.175],[59.075,12.541],[59.303,12.906],[59.532,13.312],[59.762,13.718],[59.992,14.123],[60.223,14.528],[60.456,14.933],[60.689,15.338],[60.946,15.702],[61.205,16.066],[61.464,16.43],[61.724,16.793],[61.986,17.155],[62.226,17.455],[62.468,17.754],[62.71,18.052],[62.954,18.35],[63.21,18.699],[63.468,19.048],[63.74,19.325],[64.013,19.601],[64.287,19.877],[64.597,20.232],[64.908,20.587],[65.221,20.941]]}},{"type":"Feature","properties":{"boundary_type":"other","feature_type":"gpml:InferredPaleoBoundary","polarity":null,"overriding_plate_id":null,"subducting_plate_id":null,"plate_ids":[301,603],"name":"Indonesian bndy w IND-mg"},"geometry":{"type":"LineString","coordinates":[[96.095,29.447],[95.826,29.059],[95.559,28.67],[95.294,28.281],[95.111,28.011],[94.928,27.741]]}},{"type":"Feature","properties":{"boundary_type":"other","feature_type":"gpml:InferredPaleoBoundary","polarity":null,"overriding_plate_id":null,"subducting_plate_id":null,"plate_ids":[301,607],"name":"Indonesian bndy w IND-mg"},"geometry":{"type":"LineString","coordinates":[[94.928,27.741],[94.683,27.377],[94.44,27.013],[94.199,26.649],[93.959,26.284],[93.796,25.995]]}},{"type":"Feature","properties":{"boundary_type":"other","feature_type":"gpml:InferredPaleoBoundary","polarity":null,"overriding_plate_id":null,"subducting_plate_id":null,"plate_ids":[501,607],"name":"Indonesian bndy w IND-mg"},"geometry":{"type":"LineString","coordinates":[[93.796,25.995],[93.589,25.626],[93.384,25.256],[93.18,24.887],[92.961,24.515],[92.744,24.143],[92.528,23.77],[92.313,23.397],[92.1,23.024],[92.042,22.611],[91.985,22.197],[91.928,21.783],[91.871,21.369],[91.815,20.955],[91.796,20.475],[91.777,19.996],[91.758,19.516],[91.739,19.036],[91.695,18.582],[91.652,18.128],[91.608,17.675],[91.565,17.221],[91.522,16.767],[91.49,16.269],[91.458,15.771],[91.426,15.273],[91.394,14.775],[91.363,14.277],[91.331,13.779],[91.288,13.29],[91.246,12.8],[91.203,12.311],[91.161,11.822],[91.118,11.332],[91.076,10.843],[91.034,10.354],[90.992,9.864],[90.951,9.375]]}},{"type":"Feature","properties":{"boundary_type":"other","feature_type":"gpml:InferredPaleoBoundary","polarity":null,"overriding_plate_id":null,"subducting_plate_id":null,"plate_ids":[301,701],"name":"Morocco"},"geometry":{"type":"LineString","coordinates":[[-30.437,30.348],[-29.89,30.36],[-29.343,30.37],[-28.796,30.378],[-28.249,30.383],[-27.702,30.386],[-27.154,30.386],[-26.607,30.385],[-26.081,30.387],[-25.554,30.387],[-25.028,30.385],[-24.501,30.38],[-23.975,30.374],[-23.448,30.366],[-22.878,30.38],[-22.307,30.391],[-21.737,30.401],[-21.166,30.407],[-20.595,30.412],[-20.057,30.423],[-19.519,30.433],[-18.98,30.441],[-18.442,30.446],[-17.904,30.449],[-17.365,30.45],[-16.858,30.473],[-16.351,30.494],[-15.843,30.514],[-15.336,30.531],[-14.828,30.546],[-14.32,30.559],[-13.803,30.62],[-13.286,30.678],[-12.768,30.735],[-12.249,30.789],[-11.73,30.842],[-11.21,30.892],[-10.69,30.94],[-10.169,30.986],[-9.756,31.0],[-9.343,31.013],[-8.93,31.024],[-8.465,30.94],[-8.0,30.854],[-7.537,30.766],[-7.074,30.677],[-6.576,30.648],[-6.079,30.618],[-5.581,30.586],[-5.085,30.552],[-4.588,30.516],[-4.092,30.478],[-3.576,30.507],[-3.061,30.535],[-2.545,30.56],[-2.028,30.584],[-1.512,30.605],[-0.995,30.625],[-0.478,30.642],[0.039,30.657],[0.557,30.67],[0.612,30.665]]}},{"type":"Feature","properties":{"boundary_type":"other","feature_type":"gpml:InferredPaleoBoundary","polarity":null,"overriding_plate_id":null,"subducting_plate_id":null,"plate_ids":[801,901],"name":"NZ AlpineFault SthrnExtension DiCaprio"},"geometry":{"type":"LineString","coordinates":[[179.925,-40.141],[179.846,-40.45],[179.638,-40.875],[179.427,-41.3],[179.211,-41.553],[178.993,-41.804],[178.702,-42.105],[178.408,-42.406],[177.958,-42.643],[177.504,-42.879],[177.146,-43.089],[176.785,-43.298],[176.596,-43.524],[176.407,-43.75],[176.03,-44.029],[175.649,-44.307],[175.448,-44.629],[175.245,-44.951],[175.039,-45.273],[174.91,-45.615],[174.78,-45.956],[174.647,-46.298]]}},{"type":"Feature","properties":{"boundary_type":"other","feature_type":"gpml:InferredPaleoBoundary","polarity":null,"overriding_plate_id":null,"subducting_plate_id":null,"plate_ids":[653,801],"name":"Philippine Plate from NUVEL"},"geometry":{"type":"LineString","coordinates":[[144.757,-1.449],[144.823,-1.191],[144.888,-0.932],[144.896,-0.705]]}},{"type":"Feature","properties":{"boundary_type":"other","feature_type":"gpml:InferredPaleoBoundary","polarity":null,"overriding_plate_id":null,"subducting_plate_id":null,"plate_ids":[608,653],"name":"Philippine Plate from NUVEL"},"geometry":{"type":"LineString","coordinates":[[144.896,-0.705],[144.909,-0.301],[144.922,0.103],[144.935,0.507],[144.948,0.91],[145.007,1.352],[145.066,1.794],[145.125,2.235],[145.184,2.677],[145.214,3.137],[145.243,3.597],[145.273,4.057],[145.23,4.54],[145.187,5.022],[145.144,5.505],[145.308,5.953],[145.472,6.401],[145.637,6.85],[145.802,7.298],[145.874,7.707],[145.946,8.117],[146.017,8.526],[146.089,8.936],[146.144,9.371],[146.198,9.806],[146.253,10.241],[146.307,10.675],[146.362,11.11],[146.743,11.382],[147.124,11.653]]}},{"type":"Feature","properties":{"boundary_type":"other","feature_type":"gpml:InferredPaleoBoundary","polarity":null,"overriding_plate_id":null,"subducting_plate_id":null,"plate_ids":[653,659],"name":"Philippine Plate from NUVEL"},"geometry":{"type":"LineString","coordinates":[[147.124,11.653],[147.454,11.887],[147.62,12.125],[147.786,12.363]]}},{"type":"Feature","properties":{"boundary_type":"ridge","feature_type":"gpml:MidOceanRidge","polarity":null,"overriding_plate_id":null,"subducting_plate_id":null,"plate_ids":[511,709],"name":"Ridge f iso A5 on AUS at 10.9Ma"},"geometry":{"type":"LineString","coordinates":[[69.335,-28.486],[69.684,-28.82],[69.759,-28.862]]}},{"type":"Feature","properties":{"boundary_type":"ridge","feature_type":"gpml:MidOceanRidge","polarity":null,"overriding_plate_id":null,"subducting_plate_id":null,"plate_ids":[511,802],"name":"Ridge f iso A5 on AUS at 10.9Ma"},"geometry":{"type":"LineString","coordinates":[[69.759,-28.862],[70.088,-29.044],[70.419,-29.225],[70.751,-29.406],[70.924,-29.273],[71.294,-29.551],[71.667,-29.828],[72.041,-30.104],[72.418,-30.378],[72.797,-30.652],[73.09,-30.52],[73.464,-30.851],[73.84,-31.18],[74.219,-31.509],[74.601,-31.836],[74.26,-32.134],[74.626,-32.38],[74.993,-32.626],[75.362,-32.87],[75.196,-33.119],[75.029,-33.368],[75.443,-33.666],[75.86,-33.963],[76.28,-34.259],[76.703,-34.553],[76.532,-34.775],[76.36,-34.997],[76.837,-35.303],[77.318,-35.606],[77.803,-35.907],[78.292,-36.207],[77.949,-36.576],[77.603,-36.945],[77.253,-37.313],[77.636,-37.537],[78.022,-37.76],[78.409,-37.982],[78.799,-38.202],[78.665,-38.439],[79.018,-38.665],[79.372,-38.891],[79.73,-39.115],[79.43,-39.402],[79.127,-39.688],[78.822,-39.974],[79.107,-40.21]]}},{"type":"Feature","properties":{"boundary_type":"ridge","feature_type":"gpml:MidOceanRidge","polarity":null,"overriding_plate_id":null,"subducting_plate_id":null,"plate_ids":[801,802],"name":"Ridge f iso A5 on AUS at 10.9Ma"},"geometry":{"type":"LineString","coordinates":[[79.107,-40.21],[79.35,-40.409],[79.594,-40.608],[79.246,-40.97],[78.894,-41.331],[78.538,-41.69],[78.178,-42.049],[77.813,-42.406],[77.445,-42.762],[77.926,-43.047],[78.411,-43.33],[78.9,-43.611],[79.394,-43.889],[79.893,-44.166],[80.396,-44.44],[80.904,-44.712],[81.303,-44.373],[81.697,-44.032],[82.176,-44.282],[82.659,-44.53],[83.146,-44.775],[83.638,-45.019],[84.133,-45.26],[84.633,-45.5],[85.004,-45.08],[85.37,-44.659],[85.731,-44.237],[86.086,-43.813],[86.643,-44.062],[87.205,-44.309],[87.771,-44.552],[88.342,-44.793],[88.918,-45.031],[89.171,-44.723],[89.421,-44.414],[89.997,-44.63],[90.578,-44.844],[91.162,-45.055],[91.751,-45.263],[92.344,-45.467],[92.942,-45.669],[93.544,-45.867],[94.15,-46.063],[94.764,-46.282],[95.383,-46.497],[96.007,-46.71],[96.636,-46.919],[97.27,-47.124],[97.909,-47.326],[98.553,-47.524],[98.319,-47.917],[98.083,-48.309],[97.842,-48.701],[97.598,-49.092],[98.24,-49.29],[98.887,-49.484],[99.539,-49.674],[100.196,-49.861],[100.858,-50.044],[101.525,-50.223],[101.76,-49.904],[101.993,-49.585],[102.647,-49.73],[103.304,-49.871],[103.966,-50.008],[104.631,-50.142],[105.3,-50.271],[105.972,-50.397],[106.717,-50.544],[107.467,-50.686],[108.222,-50.823],[108.98,-50.956],[108.972,-50.971],[109.116,-50.739],[109.828,-50.846],[110.544,-50.95],[111.263,-51.049],[111.985,-51.144],[112.709,-51.234],[113.437,-51.32],[114.167,-51.401],[114.9,-51.478],[115.635,-51.55],[116.372,-51.617],[117.111,-51.68],[117.224,-51.401],[117.335,-51.122],[118.017,-51.173],[118.699,-51.221],[119.383,-51.265],[119.447,-50.922],[119.509,-50.58],[120.021,-50.67],[120.534,-50.757],[121.05,-50.842],[121.675,-50.844],[122.299,-50.843],[122.924,-50.838],[123.549,-50.829],[123.749,-50.845],[123.79,-50.515],[123.83,-50.184],[124.233,-50.242],[124.636,-50.298],[124.605,-50.704],[125.355,-50.688],[126.106,-50.667],[126.855,-50.642],[126.915,-50.335],[126.974,-50.029],[127.565,-50.152],[128.16,-50.273],[128.758,-50.391],[129.307,-50.361],[129.283,-49.881],[129.854,-49.889],[130.426,-49.894],[130.458,-50.32],[130.49,-50.746],[130.523,-51.171],[131.213,-51.175],[131.903,-51.175],[132.594,-51.17],[133.284,-51.162],[134.028,-51.136],[134.77,-51.105],[135.512,-51.07],[136.253,-51.03],[136.992,-50.985],[137.723,-50.947],[138.453,-50.904],[139.182,-50.857],[139.909,-50.805],[140.634,-50.748],[141.422,-50.716],[142.209,-50.679],[142.994,-50.636],[143.11,-51.041],[143.228,-51.446],[143.348,-51.851],[143.471,-52.255],[143.595,-52.66],[144.093,-52.602],[144.59,-52.542],[144.836,-53.018],[145.087,-53.493],[145.344,-53.968],[146.072,-53.882],[146.797,-53.79],[147.518,-53.695],[147.711,-54.063],[147.908,-54.43],[148.108,-54.797],[148.782,-54.69],[149.452,-54.579],[150.119,-54.465],[150.781,-54.347],[151.023,-54.766],[151.27,-55.184],[151.523,-55.602],[151.78,-56.019],[152.043,-56.435],[152.313,-56.852],[152.588,-57.267],[153.088,-57.155],[153.585,-57.04],[153.926,-57.488],[154.276,-57.935],[154.634,-58.38],[155.001,-58.825],[155.378,-59.269],[155.765,-59.711],[156.104,-60.124],[156.452,-60.535],[156.808,-60.945],[157.665,-60.76],[158.513,-60.57],[159.35,-60.375],[159.882,-60.795],[160.428,-61.213],[160.989,-61.629],[161.564,-62.042],[162.37,-61.832],[163.164,-61.617],[163.947,-61.397],[164.719,-61.174],[165.48,-60.945]]}},{"type":"Feature","properties":{"boundary_type":"ridge","feature_type":"gpml:MidOceanRidge","polarity":null,"overriding_plate_id":null,"subducting_plate_id":null,"plate_ids":[801,901],"name":"Ridge f iso A5 on AUS at 10.9Ma"},"geometry":{"type":"LineString","coordinates":[[165.48,-60.945],[166.055,-60.768],[166.792,-60.443],[167.514,-60.113],[168.221,-59.78],[168.914,-59.443]]}},{"type":"Feature","properties":{"boundary_type":"ridge","feature_type":"gpml:MidOceanRidge","polarity":null,"overriding_plate_id":null,"subducting_plate_id":null,"plate_ids":[511,709],"name":"Ridge f iso A5 on IND-AUS at 10.9Ma"},"geometry":{"type":"LineString","coordinates":[[69.335,-28.486],[69.183,-28.058],[69.032,-27.631],[68.882,-27.203],[68.734,-26.775],[68.586,-26.346],[68.691,-26.13],[68.435,-25.696],[68.182,-25.262],[67.93,-24.828],[67.68,-24.392],[67.253,-24.626],[66.997,-24.416],[66.742,-24.205],[66.284,-24.331],[65.968,-23.977],[65.654,-23.623],[65.342,-23.268],[65.032,-22.912],[64.723,-22.556],[64.416,-22.199],[64.77,-21.969],[65.123,-21.737],[65.475,-21.505],[65.825,-21.272],[66.175,-21.038],[66.008,-20.789],[65.841,-20.541],[66.255,-20.275],[66.666,-20.008],[66.365,-19.614],[66.064,-19.219],[65.766,-18.824],[65.468,-18.429],[65.172,-18.033],[65.594,-17.779],[66.015,-17.525],[65.753,-17.176],[65.493,-16.828],[65.233,-16.479],[64.974,-16.13],[65.295,-15.906],[65.615,-15.681],[65.34,-15.313],[65.743,-15.008],[65.583,-14.786],[65.424,-14.563],[65.774,-14.29],[66.123,-14.016],[66.471,-13.742],[66.237,-13.395],[66.548,-13.121],[66.858,-12.846],[67.167,-12.57],[67.476,-12.295],[67.234,-12.034],[66.993,-11.773],[66.752,-11.511],[67.063,-11.142]]}},{"type":"Feature","properties":{"boundary_type":"ridge","feature_type":"gpml:MidOceanRidge","polarity":null,"overriding_plate_id":null,"subducting_plate_id":null,"plate_ids":[101,301],"name":"Ridge from iso A5 from NorthAmerica 10.9Ma"},"geometry":{"type":"LineString","coordinates":[[-24.172,39.399],[-24.307,39.043],[-24.44,38.686],[-24.518,38.531],[-24.778,38.58],[-24.911,38.213],[-25.043,37.845],[-25.074,37.565],[-25.133,37.223],[-25.111,37.048],[-25.097,36.817],[-25.15,36.572],[-25.207,36.349],[-25.337,36.089],[-25.396,35.936],[-25.42,35.776],[-25.253,35.715],[-25.368,35.399],[-25.417,35.202],[-25.611,35.22],[-25.689,34.772],[-25.767,34.323],[-25.843,33.875],[-26.016,33.911],[-26.2,33.579],[-26.383,33.246],[-26.565,32.903],[-26.699,32.905],[-26.914,32.543],[-27.127,32.18],[-27.434,32.225],[-27.57,31.895],[-28.121,32.048],[-28.675,32.198],[-28.839,31.806],[-28.989,31.833],[-29.13,31.426],[-29.211,31.437],[-29.372,31.161],[-29.599,31.217],[-29.774,30.977],[-29.924,30.667],[-30.073,30.357],[-30.398,30.432],[-30.437,30.348]]}},{"type":"Feature","properties":{"boundary_type":"ridge","feature_type":"gpml:MidOceanRidge","polarity":null,"overriding_plate_id":null,"subducting_plate_id":null,"plate_ids":[101,701],"name":"Ridge from iso A5 from NorthAmerica 10.9Ma"},"geometry":{"type":"LineString","coordinates":[[-30.437,30.348],[-30.567,30.07],[-30.696,29.793],[-31.086,29.897],[-31.478,30.0],[-31.87,30.101],[-31.984,29.804],[-32.097,29.506],[-32.651,29.64],[-32.768,29.332],[-32.884,29.024],[-33.202,29.112],[-33.383,28.783],[-33.562,28.454],[-33.621,28.464],[-34.11,28.585],[-34.599,28.705],[-35.089,28.824],[-35.308,28.52],[-35.526,28.217],[-35.36,28.161],[-35.664,27.804],[-35.966,27.446],[-36.266,27.088],[-36.564,26.729],[-36.86,26.369],[-36.995,26.401],[-37.315,26.014],[-37.439,26.038],[-37.773,25.657],[-38.106,25.274],[-38.507,25.365],[-38.665,25.059],[-38.823,24.753],[-38.975,24.792],[-39.172,24.474],[-39.368,24.156],[-39.649,24.232],[-39.843,23.84],[-40.037,23.448],[-40.229,23.055],[-40.42,22.663],[-40.61,22.27],[-40.799,21.877],[-40.987,21.484],[-41.07,21.491],[-41.281,21.1],[-41.491,20.708],[-41.826,20.791],[-41.991,20.45],[-42.154,20.109],[-42.451,20.192],[-42.601,19.852],[-42.751,19.512],[-42.359,19.389],[-41.967,19.265],[-41.576,19.141],[-41.626,18.807],[-41.676,18.474],[-41.725,18.14],[-41.762,18.142],[-41.828,17.747],[-41.894,17.353],[-42.197,17.425],[-42.322,17.037],[-42.446,16.649],[-42.571,16.26],[-42.277,16.16],[-42.403,15.762],[-42.528,15.364],[-42.564,15.375],[-42.659,14.935],[-42.753,14.495],[-42.853,14.23],[-42.952,13.964],[-43.033,13.985],[-43.158,13.608],[-43.283,13.232],[-43.233,13.213],[-43.361,12.794],[-43.489,12.376],[-43.616,11.957],[-43.743,11.539]]}},{"type":"Feature","properties":{"boundary_type":"ridge","feature_type":"gpml:MidOceanRidge","polarity":null,"overriding_plate_id":null,"subducting_plate_id":null,"plate_ids":[201,701],"name":"Ridge from iso A5 from NorthAmerica 10.9Ma"},"geometry":{"type":"LineString","coordinates":[[-43.743,11.539],[-43.851,11.181]]}},{"type":"Feature","properties":{"boundary_type":"ridge","feature_type":"gpml:MidOceanRidge","polarity":null,"overriding_plate_id":null,"subducting_plate_id":null,"plate_ids":[501,709],"name":"Ridge from iso A5 on ARB at 10.9Ma"},"geometry":{"type":"LineString","coordinates":[[54.793,4.971],[55.031,5.297],[55.269,5.622],[55.508,5.947],[55.747,6.272],[55.499,6.404],[55.251,6.536]]}},{"type":"Feature","properties":{"boundary_type":"ridge","feature_type":"gpml:MidOceanRidge","polarity":null,"overriding_plate_id":null,"subducting_plate_id":null,"plate_ids":[503,709],"name":"Ridge from iso A5 on ARB at 10.9Ma"},"geometry":{"type":"LineString","coordinates":[[55.251,6.536],[54.945,6.7],[54.638,6.863],[54.833,7.242],[55.027,7.621],[54.633,7.78],[54.239,7.938],[53.844,8.096],[53.942,8.36],[54.041,8.624],[53.618,8.729],[53.195,8.834],[52.772,8.938],[52.349,9.041],[52.191,8.809],[52.033,8.576],[51.71,8.716],[51.499,8.33],[51.169,8.433],[51.091,8.299],[50.654,8.374],[50.216,8.448],[49.778,8.522],[49.34,8.595],[49.142,8.23],[48.945,7.865],[48.748,7.5],[48.551,7.134],[48.355,6.769],[47.875,6.844],[47.395,6.92],[46.914,6.994],[46.511,6.844],[46.108,6.693],[45.706,6.542],[45.303,6.39],[44.901,6.238],[44.485,6.156],[44.069,6.073],[43.653,5.99],[43.237,5.907],[42.821,5.823],[42.406,5.739]]}},{"type":"Feature","properties":{"boundary_type":"ridge","feature_type":"gpml:MidOceanRidge","polarity":null,"overriding_plate_id":null,"subducting_plate_id":null,"plate_ids":[701,709],"name":"Ridge from iso A5 on ARB at 10.9Ma"},"geometry":{"type":"LineString","coordinates":[[42.406,5.739],[41.993,5.656],[41.583,5.554],[41.173,5.452],[40.763,5.35],[40.353,5.247],[39.944,5.144],[39.845,5.113]]}},{"type":"Feature","properties":{"boundary_type":"ridge","feature_type":"gpml:MidOceanRidge","polarity":null,"overriding_plate_id":null,"subducting_plate_id":null,"plate_ids":[802,901],"name":"BELLINGHAUSEN SEA, MARIE BYRD LAND-PACIFIC"},"geometry":{"type":"LineString","coordinates":[[-105.231,-40.329],[-105.373,-40.671],[-105.516,-41.013],[-105.734,-41.465],[-105.955,-41.918],[-106.179,-42.37],[-106.406,-42.821],[-106.637,-43.272],[-106.872,-43.723],[-107.109,-44.173],[-107.351,-44.622],[-107.596,-45.072],[-107.845,-45.52],[-108.098,-45.968],[-108.356,-46.415],[-108.617,-46.862],[-108.883,-47.308],[-109.153,-47.754],[-109.429,-48.199],[-109.708,-48.643],[-109.993,-49.087],[-110.283,-49.53],[-110.579,-49.972],[-110.879,-50.413],[-111.51,-50.295],[-112.138,-50.173],[-112.763,-50.048],[-113.384,-49.919],[-114.002,-49.788],[-114.269,-50.186],[-114.54,-50.584],[-114.815,-50.981],[-115.095,-51.378],[-115.381,-51.774],[-115.671,-52.169],[-115.966,-52.564],[-115.419,-52.711],[-114.867,-52.856],[-115.149,-53.265],[-115.435,-53.674],[-115.728,-54.082],[-116.026,-54.489],[-116.33,-54.895],[-117.059,-54.768],[-117.784,-54.637],[-118.094,-55.063],[-118.411,-55.489],[-118.734,-55.914],[-119.065,-56.338],[-119.752,-56.204],[-120.434,-56.067],[-121.111,-55.926],[-121.783,-55.781],[-122.45,-55.633],[-122.607,-55.832],[-123.398,-55.681],[-124.184,-55.525],[-124.963,-55.364],[-125.735,-55.198],[-126.501,-55.027],[-127.261,-54.851],[-128.014,-54.671],[-128.76,-54.486],[-129.499,-54.296],[-130.231,-54.102],[-130.957,-53.904],[-131.675,-53.701],[-132.387,-53.494],[-133.092,-53.283],[-133.452,-53.723],[-133.82,-54.163],[-134.196,-54.601],[-134.581,-55.038],[-134.973,-55.474],[-135.375,-55.908],[-135.785,-56.341],[-136.205,-56.773],[-137.002,-56.579],[-137.79,-56.379],[-138.569,-56.175],[-139.341,-55.965],[-140.104,-55.751],[-140.859,-55.533],[-141.605,-55.309],[-142.343,-55.082],[-143.072,-54.85],[-143.56,-55.264],[-144.059,-55.676],[-144.568,-56.086],[-145.089,-56.494],[-145.536,-56.367],[-145.972,-56.728],[-146.416,-57.089],[-146.869,-57.447],[-147.332,-57.804],[-147.803,-58.159],[-148.284,-58.513],[-149.088,-58.26],[-149.441,-58.538],[-149.8,-58.816],[-150.165,-59.093],[-149.42,-59.304],[-149.996,-59.695],[-150.586,-60.083],[-151.19,-60.468],[-151.808,-60.851],[-152.442,-61.23],[-153.09,-61.607],[-153.755,-61.98],[-154.672,-61.735],[-155.575,-61.483],[-156.463,-61.226],[-157.336,-60.963],[-158.195,-60.694],[-158.536,-60.966],[-159.179,-60.773],[-159.815,-60.578],[-160.282,-60.887],[-160.758,-61.194],[-161.244,-61.499],[-161.959,-61.297],[-162.666,-61.091],[-163.363,-60.882],[-164.051,-60.668],[-164.631,-60.983],[-165.223,-61.296],[-165.827,-61.605],[-166.443,-61.912],[-167.072,-62.216],[-167.713,-62.518],[-168.563,-62.296],[-169.4,-62.069],[-170.066,-62.43],[-170.749,-62.789],[-171.448,-63.144],[-172.165,-63.496],[-173.016,-63.249],[-173.852,-62.996],[-174.433,-63.271],[-175.025,-63.543],[-175.628,-63.813],[-175.623,-63.81]]}},{"type":"Feature","properties":{"boundary_type":"ridge","feature_type":"gpml:MidOceanRidge","polarity":null,"overriding_plate_id":null,"subducting_plate_id":null,"plate_ids":[802,901],"name":"MOR extended for closure AT"},"geometry":{"type":"LineString","coordinates":[[-175.623,-63.81],[-175.619,-63.808],[-176.403,-64.126],[-177.206,-64.44],[-178.028,-64.749],[-178.868,-65.054],[-179.727,-65.353],[179.394,-65.648],[178.494,-65.938],[177.575,-66.222],[176.635,-66.501],[175.673,-66.773]]}},{"type":"Feature","properties":{"boundary_type":"ridge","feature_type":"gpml:MidOceanRidge","polarity":null,"overriding_plate_id":null,"subducting_plate_id":null,"plate_ids":[911,971],"name":"MOR Pacific-Phoenix GS"},"geometry":{"type":"LineString","coordinates":[[-102.817,-14.64],[-102.822,-14.64],[-103.247,-14.639],[-103.671,-14.638],[-104.095,-14.635],[-104.52,-14.632],[-104.944,-14.629],[-105.311,-14.626],[-105.677,-14.624],[-106.044,-14.62],[-106.292,-14.633],[-106.597,-14.543],[-107.04,-14.452],[-107.482,-14.361],[-107.924,-14.268],[-108.327,-14.202],[-108.729,-14.135],[-109.132,-14.068],[-109.534,-14.0]]}},{"type":"Feature","properties":{"boundary_type":"ridge","feature_type":"gpml:MidOceanRidge","polarity":null,"overriding_plate_id":null,"subducting_plate_id":null,"plate_ids":[901,911],"name":"MOR Pacific-Phoenix GS"},"geometry":{"type":"LineString","coordinates":[[-109.534,-14.0],[-109.969,-13.925],[-110.403,-13.85],[-110.837,-13.774],[-111.271,-13.698],[-111.705,-13.62],[-111.702,-14.111],[-111.699,-14.603],[-111.696,-15.094],[-111.694,-15.586],[-111.691,-16.077],[-111.688,-16.568],[-111.685,-17.06],[-111.683,-17.551],[-111.68,-18.043],[-111.677,-18.534],[-111.674,-19.025],[-111.671,-19.517],[-111.669,-20.008],[-111.666,-20.5],[-111.663,-20.991],[-111.66,-21.482],[-111.657,-21.974],[-111.654,-22.465],[-111.651,-22.957],[-111.648,-23.448],[-111.645,-23.939],[-112.158,-23.865],[-112.671,-23.788],[-113.183,-23.71],[-113.197,-24.191],[-113.212,-24.673],[-113.226,-25.155],[-113.241,-25.637],[-113.256,-26.119],[-113.271,-26.601],[-113.302,-27.083],[-113.333,-27.565],[-113.364,-28.047],[-113.396,-28.529],[-113.427,-29.011],[-113.46,-29.493],[-113.492,-29.975],[-113.525,-30.458],[-113.558,-30.94],[-113.592,-31.422],[-113.626,-31.904],[-113.66,-32.386],[-113.694,-32.868],[-113.729,-33.35],[-113.765,-33.832],[-113.8,-34.314],[-113.258,-34.452],[-112.715,-34.588],[-112.169,-34.722],[-111.622,-34.853],[-111.073,-34.981],[-110.523,-35.107],[-109.97,-35.231],[-109.416,-35.352],[-108.861,-35.471],[-108.304,-35.587],[-107.745,-35.7],[-107.184,-35.811],[-107.189,-36.284],[-107.194,-36.756],[-107.199,-37.229],[-107.204,-37.701],[-107.209,-38.174],[-107.214,-38.647],[-107.22,-39.119],[-107.225,-39.592],[-107.23,-40.064]]}},{"type":"Feature","properties":{"boundary_type":"ridge","feature_type":"gpml:MidOceanRidge","polarity":null,"overriding_plate_id":null,"subducting_plate_id":null,"plate_ids":[101,301],"name":"Porcupine MOR"},"geometry":{"type":"LineString","coordinates":[[-25.816,46.854],[-25.817,46.844],[-25.802,46.587],[-25.8,46.321],[-25.798,46.056],[-25.706,45.954],[-25.485,45.729],[-25.267,45.504],[-24.99,45.159],[-24.717,44.814],[-24.499,44.484],[-24.283,44.155],[-24.099,43.746],[-23.917,43.336],[-23.872,43.13],[-23.859,42.966],[-23.47,42.902],[-23.399,42.512],[-23.328,42.123],[-23.258,41.733],[-23.335,41.291],[-23.411,40.85],[-23.485,40.409],[-23.688,40.067],[-23.889,39.724],[-24.088,39.381]]}},{"type":"Feature","properties":{"boundary_type":"ridge","feature_type":"gpml:MidOceanRidge","polarity":null,"overriding_plate_id":null,"subducting_plate_id":null,"plate_ids":[503,701],"name":"Red sea rift from NUVEL file (MG)"},"geometry":{"type":"LineString","coordinates":[[32.241,21.796],[32.514,21.372],[32.707,21.123],[32.9,20.874],[33.128,20.443],[33.355,20.011],[33.58,19.579],[33.801,19.206],[34.022,18.833],[34.241,18.459],[34.459,18.086],[34.657,17.728],[34.855,17.37],[35.051,17.012],[35.247,16.654],[35.442,16.295],[35.659,15.932],[35.874,15.568],[36.089,15.204],[36.303,14.839],[36.516,14.475],[36.729,14.11],[36.954,13.689],[37.18,13.267],[37.404,12.845],[37.628,12.422],[37.85,12.006],[38.072,11.59],[38.293,11.173],[38.514,10.756],[38.734,10.339],[38.956,10.003],[39.178,9.667],[39.399,9.331],[39.62,8.994],[39.84,8.658],[40.142,8.297],[40.444,7.936],[40.745,7.575],[41.08,7.249],[41.414,6.922],[41.748,6.595],[41.952,6.3],[42.179,6.02],[42.406,5.739]]}},{"type":"Feature","properties":{"boundary_type":"ridge","feature_type":"gpml:MidOceanRidge","polarity":null,"overriding_plate_id":null,"subducting_plate_id":null,"plate_ids":[201,701],"name":"Ridge from iso A5 from Antarctica at 10.9Ma"},"geometry":{"type":"LineString","coordinates":[[1.931,-59.84],[2.285,-59.57],[2.343,-59.588]]}},{"type":"Feature","properties":{"boundary_type":"ridge","feature_type":"gpml:MidOceanRidge","polarity":null,"overriding_plate_id":null,"subducting_plate_id":null,"plate_ids":[701,802],"name":"Ridge from iso A5 from Antarctica at 10.9Ma"},"geometry":{"type":"LineString","coordinates":[[2.343,-59.588],[3.176,-59.842],[3.598,-59.585],[4.013,-59.327],[4.423,-59.067],[5.034,-59.272],[5.652,-59.474],[6.278,-59.673],[6.834,-59.303],[7.685,-59.527],[7.977,-59.301],[8.265,-59.074],[8.994,-59.283],[9.733,-59.488],[10.197,-59.164],[10.653,-58.838],[11.1,-58.511],[11.539,-58.182],[11.97,-57.852],[12.714,-58.09],[13.468,-58.324],[13.86,-57.971],[14.245,-57.618],[14.622,-57.264],[14.992,-56.908],[15.688,-57.132],[16.393,-57.352],[16.628,-57.119],[16.86,-56.886],[17.427,-57.047],[17.998,-57.206],[18.228,-56.903],[18.455,-56.6],[19.192,-56.789],[19.937,-56.973],[20.689,-57.153],[21.448,-57.328],[22.214,-57.499],[22.985,-57.575],[23.76,-57.647],[24.537,-57.714],[25.318,-57.776],[26.1,-57.833],[26.886,-57.886],[27.678,-57.942],[28.473,-57.994],[29.27,-58.041],[29.478,-57.69],[29.682,-57.339],[30.304,-57.41],[30.928,-57.479],[31.554,-57.545],[31.694,-57.279],[31.832,-57.013],[32.344,-57.075],[32.857,-57.136],[32.978,-56.728],[33.096,-56.32],[33.6,-56.408],[34.106,-56.494],[34.294,-56.059],[34.478,-55.623],[34.658,-55.187],[34.835,-54.751],[35.007,-54.315],[35.176,-53.879],[35.341,-53.442],[35.81,-53.485],[36.281,-53.526],[36.48,-53.043],[36.675,-52.56],[36.866,-52.077],[37.053,-51.593]]}},{"type":"Feature","properties":{"boundary_type":"ridge","feature_type":"gpml:MidOceanRidge","polarity":null,"overriding_plate_id":null,"subducting_plate_id":null,"plate_ids":[709,802],"name":"Ridge from iso A5 from Antarctica at 10.9Ma"},"geometry":{"type":"LineString","coordinates":[[37.053,-51.593],[37.203,-51.196],[37.35,-50.799],[37.495,-50.401],[37.638,-50.004],[38.225,-50.064],[38.814,-50.121],[38.96,-49.756],[39.103,-49.39],[39.244,-49.024],[39.383,-48.658],[40.088,-48.605],[40.791,-48.547],[41.343,-48.378],[41.891,-48.206],[42.435,-48.031],[42.976,-47.854],[43.125,-47.44],[43.271,-47.026],[43.83,-47.142],[43.867,-47.498],[44.418,-47.544],[44.97,-47.588],[45.523,-47.629],[45.65,-47.173],[45.775,-46.718],[45.898,-46.262],[46.019,-45.806],[46.138,-45.35],[46.256,-44.894],[46.371,-44.438],[46.952,-44.233],[47.53,-44.024],[48.103,-43.813],[48.672,-43.599],[49.237,-43.382],[49.798,-43.162],[49.853,-42.769],[49.906,-42.375],[50.447,-42.194],[50.984,-42.011],[50.942,-41.776],[51.408,-41.614],[51.87,-41.451],[52.331,-41.285],[52.789,-41.118],[52.872,-40.846],[53.477,-40.723],[54.08,-40.597],[54.68,-40.468],[55.278,-40.336],[55.874,-40.201],[55.886,-39.844],[55.898,-39.488],[56.504,-39.411],[57.109,-39.332],[57.115,-38.961],[57.121,-38.59],[57.127,-38.219],[57.393,-37.948],[57.657,-37.677],[57.919,-37.405],[58.034,-37.119],[58.463,-37.038],[58.891,-36.956],[58.949,-36.707],[59.006,-36.457],[59.441,-36.325],[59.874,-36.192],[60.305,-36.057],[60.303,-35.592],[60.301,-35.128],[60.299,-34.663],[60.685,-34.457],[61.068,-34.25],[61.45,-34.042],[61.512,-33.592],[61.82,-33.499],[62.127,-33.406],[62.219,-32.979],[62.789,-32.906],[63.358,-32.831],[63.61,-32.814],[63.651,-32.402],[63.692,-31.989],[63.732,-31.577],[64.148,-31.285],[64.561,-30.991],[64.971,-30.695],[65.379,-30.399],[65.739,-30.245],[66.099,-30.091],[66.457,-29.936],[67.007,-29.838],[67.555,-29.738],[67.923,-29.627],[68.29,-29.516],[68.657,-29.403],[69.18,-29.215],[69.702,-29.025],[69.759,-28.862]]}},{"type":"Feature","properties":{"boundary_type":"ridge","feature_type":"gpml:MidOceanRidge","polarity":null,"overriding_plate_id":null,"subducting_plate_id":null,"plate_ids":[201,701],"name":"Ridge from iso A5 from South America at 10.9Ma"},"geometry":{"type":"LineString","coordinates":[[-43.851,11.181],[-43.406,11.059],[-42.962,10.936],[-42.518,10.813],[-42.074,10.689],[-42.082,10.209],[-42.09,9.729],[-42.098,9.249],[-42.106,8.769],[-42.114,8.289],[-41.727,8.24],[-41.339,8.191],[-41.355,7.76],[-40.987,7.715],[-41.014,7.342],[-41.041,6.97],[-41.069,6.597],[-40.607,6.535],[-40.145,6.473],[-39.684,6.411],[-39.223,6.348],[-38.761,6.285],[-38.3,6.222],[-38.319,5.827],[-38.338,5.433],[-38.107,5.42],[-38.122,5.14],[-38.137,4.861],[-37.92,4.834],[-37.935,4.545],[-37.951,4.257],[-37.694,4.237],[-37.436,4.217],[-37.453,3.916],[-37.469,3.616],[-36.997,3.576],[-36.526,3.536],[-36.054,3.496],[-35.582,3.455],[-35.575,3.074],[-35.138,3.036],[-34.701,2.999],[-34.263,2.961],[-34.246,2.724],[-33.867,2.687],[-33.489,2.65],[-33.472,2.316],[-33.139,2.264],[-32.805,2.212],[-32.804,1.872],[-32.374,1.855],[-31.944,1.838],[-31.514,1.821],[-31.085,1.804],[-31.072,1.323],[-31.06,0.842],[-30.768,0.829],[-30.476,0.816],[-30.457,0.391],[-30.439,-0.034],[-30.42,-0.459],[-30.402,-0.884],[-29.934,-0.88],[-29.467,-0.876],[-28.999,-0.871],[-28.532,-0.867],[-28.497,-1.352],[-28.462,-1.837],[-28.427,-2.322],[-28.392,-2.807],[-28.356,-3.292],[-28.019,-3.284],[-27.681,-3.276],[-27.606,-3.693],[-27.531,-4.111],[-27.042,-4.075],[-26.554,-4.038],[-26.066,-4.001],[-25.578,-3.963],[-25.09,-3.925],[-24.602,-3.887],[-24.115,-3.849],[-24.036,-4.189],[-23.957,-4.53],[-23.536,-4.495],[-23.116,-4.461],[-22.695,-4.426],[-22.589,-4.886],[-22.483,-5.345],[-22.376,-5.805],[-22.269,-6.265],[-21.79,-6.19],[-21.31,-6.114],[-20.831,-6.039],[-20.352,-5.963],[-19.873,-5.886],[-19.394,-5.809],[-18.916,-5.732],[-18.437,-5.654],[-17.959,-5.576],[-17.48,-5.498],[-17.002,-5.419],[-16.524,-5.339],[-16.046,-5.26],[-15.568,-5.18],[-15.091,-5.099],[-14.613,-5.019],[-14.136,-4.938],[-14.022,-5.332],[-13.909,-5.727],[-13.686,-5.7],[-13.58,-6.009],[-13.475,-6.318],[-13.213,-6.265],[-13.073,-6.591],[-12.618,-6.491],[-12.164,-6.391],[-11.71,-6.291],[-11.255,-6.191],[-10.801,-6.09],[-10.64,-6.5],[-10.478,-6.91],[-10.316,-7.32],[-10.154,-7.73],[-9.991,-8.14],[-9.882,-8.404],[-9.772,-8.668]]}},{"type":"Feature","properties":{"boundary_type":"ridge","feature_type":"gpml:MidOceanRidge","polarity":null,"overriding_plate_id":null,"subducting_plate_id":null,"plate_ids":[101,201],"name":"SouthAmerica North America BOUNDARY from BIRD 2002 model"},"geometry":{"type":"LineString","coordinates":[[-43.743,11.539],[-43.88,11.575],[-44.368,11.642],[-44.857,11.709],[-45.346,11.774],[-45.835,11.838],[-46.306,12.007],[-46.778,12.175],[-47.25,12.343],[-47.723,12.509],[-48.179,12.718],[-48.635,12.925],[-49.091,13.132],[-49.549,13.337],[-50.007,13.542],[-50.466,13.746],[-50.875,13.95],[-51.285,14.153],[-51.695,14.355],[-52.106,14.556],[-52.518,14.757],[-52.99,14.882],[-53.463,15.006],[-53.937,15.13],[-54.411,15.252],[-54.886,15.373],[-55.333,15.338],[-55.779,15.301],[-56.225,15.264],[-56.671,15.226],[-57.117,15.187]]}},{"type":"Feature","properties":{"boundary_type":"ridge","feature_type":"gpml:MidOceanRidge","polarity":null,"overriding_plate_id":null,"subducting_plate_id":null,"plate_ids":[201,701],"name":"SOUTH ATLANTIC, SOUTH AMERICA-AFRICA"},"geometry":{"type":"LineString","coordinates":[[-9.772,-8.668],[-9.864,-8.696],[-10.175,-8.787],[-10.049,-9.216],[-9.923,-9.645],[-9.797,-10.073],[-9.67,-10.502],[-9.543,-10.931],[-9.416,-11.359],[-9.288,-11.788],[-9.16,-12.217],[-9.643,-12.313],[-10.126,-12.409],[-10.61,-12.504],[-11.093,-12.598],[-11.578,-12.692],[-11.478,-13.157],[-11.378,-13.623],[-11.278,-14.089],[-11.177,-14.554],[-11.551,-14.636],[-11.452,-15.072],[-11.353,-15.507],[-11.253,-15.943],[-11.153,-16.379],[-11.053,-16.814],[-11.531,-16.907],[-12.01,-16.999],[-12.489,-17.09],[-12.969,-17.179],[-12.831,-17.648],[-12.693,-18.116],[-12.554,-18.584],[-12.414,-19.052],[-12.273,-19.52],[-11.959,-19.501],[-11.854,-19.911],[-11.748,-20.32],[-11.642,-20.73],[-11.535,-21.139],[-11.427,-21.549],[-11.681,-21.653],[-11.584,-22.026],[-11.486,-22.399],[-11.389,-22.773],[-11.29,-23.146],[-10.999,-23.144],[-10.708,-23.141],[-10.586,-23.615],[-10.463,-24.089],[-10.339,-24.562],[-10.214,-25.036],[-10.088,-25.509],[-9.961,-25.982],[-9.834,-26.456],[-9.705,-26.929],[-9.575,-27.402],[-9.953,-27.483],[-10.332,-27.564],[-10.711,-27.643],[-10.652,-27.949],[-11.166,-28.056],[-11.682,-28.161],[-11.656,-28.651],[-11.63,-29.141],[-11.604,-29.63],[-11.578,-30.12],[-11.87,-30.208],[-11.851,-30.618],[-11.832,-31.029],[-11.813,-31.439],[-11.793,-31.849],[-11.414,-31.839],[-11.286,-32.249],[-11.156,-32.659],[-11.026,-33.069],[-10.894,-33.479],[-10.569,-33.447],[-10.446,-33.824],[-10.322,-34.201],[-10.891,-34.3],[-11.461,-34.397],[-12.033,-34.491],[-11.916,-34.979],[-11.798,-35.467],[-11.679,-35.954],[-11.558,-36.442],[-11.436,-36.93],[-11.312,-37.417],[-11.738,-37.492],[-12.165,-37.565],[-12.593,-37.636],[-12.531,-37.97],[-12.469,-38.304],[-12.406,-38.638],[-12.891,-38.716],[-13.376,-38.791],[-13.393,-39.103],[-13.41,-39.414],[-14.009,-39.495],[-14.609,-39.573],[-14.585,-39.917],[-14.56,-40.262],[-14.535,-40.606],[-15.07,-40.687],[-15.606,-40.766],[-16.143,-40.843],[-16.083,-41.315],[-16.021,-41.787],[-15.958,-42.259],[-15.894,-42.731],[-15.829,-43.203],[-15.764,-43.674],[-15.262,-43.645],[-14.761,-43.614],[-14.717,-43.874],[-14.409,-43.903],[-14.332,-44.252],[-14.253,-44.601],[-14.174,-44.949],[-14.575,-44.979],[-14.555,-45.25],[-14.536,-45.52],[-15.196,-45.588],[-15.857,-45.652],[-15.787,-46.115],[-15.715,-46.578],[-15.643,-47.041],[-15.569,-47.504],[-15.494,-47.967],[-15.417,-48.43],[-15.339,-48.893],[-15.26,-49.356],[-15.179,-49.819],[-15.097,-50.281],[-15.013,-50.744],[-14.555,-50.696],[-14.099,-50.646],[-13.987,-50.91],[-13.873,-51.174],[-13.362,-51.137],[-12.851,-51.098],[-12.747,-51.526],[-12.64,-51.954],[-12.531,-52.382],[-12.421,-52.809],[-11.668,-52.746],[-10.917,-52.678],[-10.168,-52.605],[-9.423,-52.528],[-8.679,-52.446],[-8.602,-52.849],[-8.523,-53.253],[-8.442,-53.656],[-8.36,-54.059],[-8.276,-54.462],[-7.498,-54.383],[-6.723,-54.298],[-5.951,-54.209],[-5.183,-54.115],[-5.006,-54.469],[-4.825,-54.822],[-4.642,-55.175],[-4.325,-55.126],[-4.189,-55.425],[-4.051,-55.723],[-3.599,-55.691],[-3.414,-56.113],[-3.224,-56.535],[-3.031,-56.956],[-2.833,-57.378],[-2.63,-57.798],[-2.422,-58.219],[-2.21,-58.639],[-1.343,-58.516],[-0.482,-58.387],[0.372,-58.252],[0.487,-58.607],[0.605,-58.962],[0.725,-59.317],[1.63,-59.218],[1.779,-59.529],[1.931,-59.84]]}},{"type":"Feature","properties":{"boundary_type":"subduction","feature_type":"gpml:SubductionZone","polarity":"Right","overriding_plate_id":101,"subducting_plate_id":901,"plate_ids":[101,901],"name":"Aleutian and Bering Sea Masking Polygon"},"geometry":{"type":"LineString","coordinates":[[-131.661,64.946],[-132.619,64.744],[-133.562,64.537],[-134.491,64.324],[-135.406,64.104],[-136.306,63.88],[-137.192,63.65],[-138.063,63.414],[-138.92,63.173],[-139.712,62.923],[-140.49,62.669],[-141.256,62.41],[-142.008,62.148],[-142.747,61.881],[-143.473,61.611],[-144.186,61.336],[-144.715,61.144],[-145.237,60.95],[-145.67,60.781],[-146.099,60.611],[-146.716,60.491],[-147.329,60.368],[-148.109,60.15],[-148.575,60.01],[-149.037,59.869],[-149.564,59.73],[-150.086,59.589],[-150.87,59.407],[-151.709,59.286],[-152.542,59.159],[-153.369,59.027],[-154.19,58.889],[-155.003,58.747],[-155.81,58.599],[-156.697,58.486],[-157.579,58.366],[-158.454,58.241],[-159.322,58.109],[-160.184,57.972],[-161.04,57.828],[-161.889,57.68],[-162.768,57.569],[-163.643,57.452],[-164.511,57.329],[-165.374,57.201],[-166.231,57.066],[-167.081,56.926],[-167.956,56.906],[-168.83,56.88],[-169.703,56.847],[-170.574,56.809],[-171.443,56.764],[-172.309,56.714],[-173.174,56.657],[-174.035,56.595],[-174.768,56.657],[-175.503,56.714],[-176.24,56.767],[-176.979,56.816],[-177.841,56.923],[-178.708,57.025],[-179.58,57.12],[179.544,57.209],[178.799,57.417],[178.045,57.62],[177.283,57.819],[176.512,58.012],[175.733,58.202],[174.946,58.386],[174.236,58.631],[173.516,58.873],[172.786,59.11],[172.046,59.343],[171.296,59.572]]}},{"type":"Feature","properties":{"boundary_type":"subduction","feature_type":"gpml:SubductionZone","polarity":"Right","overriding_plate_id":null,"subducting_plate_id":null,"plate_ids":[101],"name":"Aleutian and Bering Sea Masking Polygon"},"geometry":{"type":"LineString","coordinates":[[171.296,59.572],[170.47,59.815],[169.632,60.053],[168.922,60.318],[168.2,60.579],[167.467,60.835],[166.722,61.088],[165.965,61.337]]}},{"type":"Feature","properties":{"boundary_type":"subduction","feature_type":"gpml:SubductionZone","polarity":"Right","overriding_plate_id":802,"subducting_plate_id":904,"plate_ids":[802,904],"name":"ANT NAZ 060 015 TF"},"geometry":{"type":"LineString","coordinates":[[-75.105,-66.107],[-74.474,-65.987],[-73.849,-65.865],[-72.848,-65.763],[-71.855,-65.655],[-70.871,-65.54],[-70.231,-65.414],[-69.597,-65.285],[-68.802,-65.167],[-68.014,-65.045],[-67.233,-64.918],[-66.46,-64.787],[-66.114,-64.677]]}},{"type":"Feature","properties":{"boundary_type":"subduction","feature_type":"gpml:SubductionZone","polarity":"Right","overriding_plate_id":101,"subducting_plate_id":902,"plate_ids":[101,902],"name":"COCOS - NORTH AMERICA TRENCH 1"},"geometry":{"type":"LineString","coordinates":[[-90.283,14.885],[-90.755,14.928],[-91.091,15.014],[-91.428,15.099],[-91.69,15.166],[-91.952,15.232],[-92.388,15.41],[-92.825,15.587],[-92.939,15.84],[-93.053,16.093],[-93.334,16.274],[-93.615,16.456],[-93.852,16.583],[-94.089,16.709],[-94.469,16.902],[-94.85,17.095],[-95.18,17.282],[-95.512,17.469],[-95.842,17.656],[-96.173,17.843],[-96.548,18.086],[-96.923,18.328],[-97.214,18.553],[-97.505,18.778],[-97.768,19.028],[-98.033,19.278],[-98.325,19.478],[-98.617,19.678],[-99.002,20.013],[-99.285,20.343],[-99.391,20.635],[-99.498,20.928],[-99.494,21.343],[-99.49,21.759],[-99.411,22.144],[-99.332,22.529],[-99.37,22.823],[-99.408,23.117]]}},{"type":"Feature","properties":{"boundary_type":"subduction","feature_type":"gpml:SubductionZone","polarity":"Left","overriding_plate_id":607,"subducting_plate_id":501,"plate_ids":[501,607],"name":"Indonesian bndy w AUS-mg"},"geometry":{"type":"LineString","coordinates":[[90.951,9.375],[91.118,8.951],[91.285,8.527],[91.451,8.104],[91.617,7.68]]}},{"type":"Feature","properties":{"boundary_type":"subduction","feature_type":"gpml:SubductionZone","polarity":"Left","overriding_plate_id":607,"subducting_plate_id":511,"plate_ids":[511,607],"name":"Indonesian bndy w AUS-mg"},"geometry":{"type":"LineString","coordinates":[[91.617,7.68],[91.763,7.308],[91.908,6.935],[92.054,6.563],[92.198,6.191],[92.401,5.942]]}},{"type":"Feature","properties":{"boundary_type":"subduction","feature_type":"gpml:SubductionZone","polarity":"Left","overriding_plate_id":686,"subducting_plate_id":511,"plate_ids":[511,686],"name":"Indonesian bndy w AUS-mg"},"geometry":{"type":"LineString","coordinates":[[92.401,5.942],[92.673,5.605],[92.946,5.269],[93.218,4.932],[93.49,4.595],[93.761,4.258],[94.032,3.922],[94.389,3.6],[94.746,3.278],[95.102,2.957],[95.458,2.635],[95.814,2.313],[96.17,1.991],[96.526,1.669],[96.881,1.346],[97.241,1.002],[97.601,0.658],[97.961,0.314],[98.321,-0.031],[98.681,-0.375],[99.04,-0.719],[99.4,-1.063],[99.76,-1.408],[100.112,-1.734],[100.463,-2.06],[100.815,-2.385],[101.166,-2.711],[101.518,-3.037],[101.87,-3.362],[102.223,-3.688],[102.612,-3.99],[103.002,-4.292],[103.392,-4.594],[103.782,-4.896],[104.173,-5.198],[104.482,-5.25],[104.792,-5.303]]}},{"type":"Feature","properties":{"boundary_type":"subduction","feature_type":"gpml:SubductionZone","polarity":"Left","overriding_plate_id":673,"subducting_plate_id":511,"plate_ids":[511,673],"name":"Indonesian bndy w AUS-mg"},"geometry":{"type":"LineString","coordinates":[[104.792,-5.303],[105.195,-5.371],[105.598,-5.439],[106.002,-5.507],[106.405,-5.575],[106.809,-5.642],[107.143,-5.725],[107.477,-5.808]]}},{"type":"Feature","properties":{"boundary_type":"subduction","feature_type":"gpml:SubductionZone","polarity":"Left","overriding_plate_id":659,"subducting_plate_id":901,"plate_ids":[659,901],"name":"Izu Bonin Mariana Trench"},"geometry":{"type":"LineString","coordinates":[[147.266,29.999],[147.183,30.108],[146.798,30.48],[146.411,30.85],[146.12,31.182],[145.827,31.513],[145.532,31.844],[145.258,32.083],[144.983,32.321],[144.706,32.559],[144.408,32.808],[144.108,33.056],[143.806,33.303],[143.536,33.563],[143.264,33.823],[142.99,34.082],[142.717,34.342],[142.442,34.601],[142.165,34.859],[141.907,35.2],[141.647,35.541],[141.384,35.882],[141.12,36.221],[140.853,36.56],[140.563,37.003],[140.271,37.446],[139.974,37.887],[139.674,38.328],[139.342,38.702],[139.007,39.075],[138.668,39.446]]}},{"type":"Feature","properties":{"boundary_type":"subduction","feature_type":"gpml:SubductionZone","polarity":"Right","overriding_plate_id":301,"subducting_plate_id":901,"plate_ids":[301,901],"name":"Japan sub zone fromEarthByte cob MG 4-20-07"},"geometry":{"type":"LineString","coordinates":[[142.51,48.216],[142.481,47.936],[142.452,47.655],[142.505,47.22],[142.556,46.784],[142.607,46.348],[142.657,45.912],[142.706,45.477],[142.637,45.063],[142.569,44.65],[142.502,44.236],[142.436,43.823],[142.353,43.491],[142.271,43.159],[142.19,42.827],[141.991,42.43],[141.794,42.033],[141.599,41.636],[141.276,41.228],[140.956,40.82],[140.77,40.411],[140.585,40.001],[140.103,39.866],[139.623,39.728],[139.144,39.588],[138.668,39.446]]}},{"type":"Feature","properties":{"boundary_type":"subduction","feature_type":"gpml:SubductionZone","polarity":"Right","overriding_plate_id":301,"subducting_plate_id":659,"plate_ids":[301,659],"name":"Japan sub zone fromEarthByte cob MG 4-20-07"},"geometry":{"type":"LineString","coordinates":[[138.668,39.446],[138.371,39.357],[137.971,39.087],[137.575,38.817],[137.182,38.545],[136.791,38.271],[136.404,37.996],[135.951,37.698],[135.501,37.398],[135.055,37.097],[134.755,36.948],[134.456,36.798],[134.066,36.606],[133.679,36.412],[133.294,36.218],[133.247,36.185]]}},{"type":"Feature","properties":{"boundary_type":"subduction","feature_type":"gpml:SubductionZone","polarity":"Right","overriding_plate_id":null,"subducting_plate_id":null,"plate_ids":[301],"name":"Japan sub zone fromEarthByte cob MG 4-20-07"},"geometry":{"type":"LineString","coordinates":[[133.247,36.185],[132.878,35.924],[132.511,35.661],[132.165,35.362],[131.821,35.062],[131.48,34.761],[131.016,34.557],[130.554,34.35],[130.094,34.142],[129.637,33.932],[129.181,33.721],[128.728,33.507],[128.238,33.277],[127.751,33.046],[127.266,32.812],[126.783,32.576]]}},{"type":"Feature","properties":{"boundary_type":"subduction","feature_type":"gpml:SubductionZone","polarity":"Right","overriding_plate_id":406,"subducting_plate_id":901,"plate_ids":[406,901],"name":"Kamchatka SZ from EarthByte COB at 0Ma -- MG 4/20/07"},"geometry":{"type":"LineString","coordinates":[[160.1,58.543],[159.608,58.156],[159.126,57.767],[158.771,57.474],[158.421,57.179],[158.076,56.884],[157.684,56.624],[157.297,56.363],[156.915,56.101],[156.319,55.805],[155.732,55.506],[155.154,55.204],[154.585,54.9],[154.024,54.593],[153.472,54.283],[153.144,54.046]]}},{"type":"Feature","properties":{"boundary_type":"subduction","feature_type":"gpml:SubductionZone","polarity":"Right","overriding_plate_id":101,"subducting_plate_id":901,"plate_ids":[101,901],"name":"Kamchatka SZ from EarthByte COB at 0Ma -- MG 4/20/07"},"geometry":{"type":"LineString","coordinates":[[153.144,54.046],[152.747,53.754],[152.356,53.461],[151.97,53.167],[151.59,52.834],[151.216,52.5],[151.175,52.476]]}},{"type":"Feature","properties":{"boundary_type":"subduction","feature_type":"gpml:SubductionZone","polarity":"Right","overriding_plate_id":301,"subducting_plate_id":901,"plate_ids":[301,901],"name":"Kamchatka SZ from EarthByte COB at 0Ma -- MG 4/20/07"},"geometry":{"type":"LineString","coordinates":[[151.175,52.476],[150.632,52.168],[150.097,51.857],[149.569,51.543],[149.049,51.228],[148.433,51.003],[147.823,50.774],[147.22,50.543],[146.694,50.286],[146.174,50.026],[145.659,49.764],[145.112,49.502],[144.571,49.239],[144.035,48.972],[143.522,48.722],[143.014,48.47],[142.51,48.216]]}},{"type":"Feature","properties":{"boundary_type":"subduction","feature_type":"gpml:SubductionZone","polarity":"Right","overriding_plate_id":801,"subducting_plate_id":901,"plate_ids":[801,901],"name":"Kermadec Trench DiCaprio"},"geometry":{"type":"LineString","coordinates":[[-174.763,-28.374],[-174.867,-28.855],[-174.997,-29.28],[-175.128,-29.704],[-175.261,-30.128],[-175.394,-30.552],[-175.529,-30.976],[-175.665,-31.4],[-175.802,-31.823],[-175.94,-32.247],[-176.014,-32.695],[-176.088,-33.142],[-176.164,-33.59],[-176.24,-34.038],[-176.222,-34.415],[-176.204,-34.792],[-176.186,-35.169],[-176.417,-35.567],[-176.65,-35.965],[-176.886,-36.363],[-177.124,-36.76],[-177.364,-37.157],[-177.624,-37.513],[-177.887,-37.868],[-178.152,-38.223],[-178.42,-38.577],[-178.783,-38.985],[-179.15,-39.391],[-179.521,-39.796],[-179.798,-39.969],[179.925,-40.141]]}},{"type":"Feature","properties":{"boundary_type":"subduction","feature_type":"gpml:SubductionZone","polarity":"Left","overriding_plate_id":301,"subducting_plate_id":503,"plate_ids":[301,503],"name":"Mediterranean Subduction, DB 04-2007"},"geometry":{"type":"LineString","coordinates":[[39.344,34.479],[39.418,34.486],[39.842,34.422],[40.266,34.357],[40.688,34.291],[41.226,34.219],[41.763,34.144],[42.299,34.068],[42.563,33.883],[42.826,33.698],[43.121,33.487],[43.414,33.275],[43.741,33.07],[44.066,32.865],[44.39,32.658],[44.831,32.387],[45.27,32.114],[45.707,31.839],[46.188,31.579],[46.667,31.316],[47.143,31.052],[47.617,30.786],[48.088,30.518],[48.563,30.246],[49.036,29.972],[49.506,29.697],[49.974,29.419],[50.439,29.141],[50.901,28.86],[51.326,28.565],[51.748,28.268],[52.168,27.97],[52.586,27.67],[53.001,27.37],[53.395,27.086],[53.787,26.801],[54.177,26.514],[54.565,26.227],[54.952,25.939],[55.336,25.65],[55.773,25.503],[56.21,25.355],[56.645,25.206],[57.079,25.055],[57.512,24.904],[57.944,24.751],[58.405,24.601],[58.865,24.449],[59.324,24.296],[59.782,24.142],[60.255,24.058],[60.727,23.972],[61.199,23.885],[61.67,23.797],[62.14,23.707],[62.597,23.778],[63.055,23.847],[63.513,23.914],[63.971,23.981],[64.43,24.046],[64.849,24.085],[65.268,24.124]]}},{"type":"Feature","properties":{"boundary_type":"subduction","feature_type":"gpml:SubductionZone","polarity":"Left","overriding_plate_id":645,"subducting_plate_id":801,"plate_ids":[645,801],"name":"Sulawesi subduction"},"geometry":{"type":"LineString","coordinates":[[120.742,-3.798],[121.203,-3.741],[121.664,-3.683],[122.075,-3.597],[122.486,-3.511],[122.897,-3.425],[123.308,-3.338],[123.783,-3.359],[124.258,-3.379],[124.733,-3.399],[125.208,-3.419],[125.683,-3.438],[126.158,-3.457],[126.568,-3.387],[126.978,-3.316],[127.387,-3.245],[127.797,-3.174]]}},{"type":"Feature","properties":{"boundary_type":"subduction","feature_type":"gpml:SubductionZone","polarity":"Right","overriding_plate_id":801,"subducting_plate_id":901,"plate_ids":[801,901],"name":"Tonga Trench DiCaprio"},"geometry":{"type":"LineString","coordinates":[[-177.76,-10.397],[-177.613,-10.778],[-177.466,-11.159],[-177.318,-11.54],[-177.17,-11.921],[-177.026,-12.343],[-176.882,-12.765],[-176.738,-13.187],[-176.593,-13.61],[-176.447,-14.031],[-176.264,-14.441],[-176.081,-14.851],[-175.896,-15.261],[-175.711,-15.671],[-175.525,-16.08],[-175.463,-16.476],[-175.4,-16.873],[-175.336,-17.269],[-175.273,-17.665],[-175.209,-18.061],[-175.117,-18.533],[-175.024,-19.005],[-174.931,-19.477],[-174.837,-19.949],[-174.743,-20.421],[-174.788,-20.918],[-174.833,-21.414],[-174.879,-21.911],[-174.925,-22.407],[-174.971,-22.904],[-175.017,-23.4],[-175.04,-23.779],[-175.063,-24.158],[-175.086,-24.537],[-175.109,-24.916],[-175.101,-25.401],[-175.094,-25.885],[-175.086,-26.37],[-175.078,-26.854],[-175.0,-27.234],[-174.922,-27.614],[-174.843,-27.994],[-174.763,-28.374]]}},{"type":"Feature","properties":{"boundary_type":"subduction","feature_type":"gpml:SubductionZone","polarity":"Right","overriding_plate_id":null,"subducting_plate_id":null,"plate_ids":[101,902],"name":"Trench Baja California COB MG 4-30-07"},"geometry":{"type":"LineString","coordinates":[[-99.408,23.117],[-99.594,23.279],[-99.97,23.527],[-100.123,23.57],[-100.382,23.757],[-100.446,23.799],[-100.596,23.985],[-100.748,24.161],[-100.862,24.295],[-101.085,24.555],[-101.289,24.806],[-101.457,24.998],[-101.59,25.206],[-101.722,25.421],[-101.899,25.694],[-102.024,25.835],[-102.147,26.033],[-102.406,26.212],[-102.666,26.391],[-102.807,26.58],[-102.976,26.745],[-103.138,26.852],[-103.333,27.05],[-103.52,27.238],[-103.706,27.491],[-103.722,27.564],[-103.784,27.685],[-103.892,27.974],[-104.026,28.125],[-104.215,28.308],[-104.404,28.491],[-104.506,28.7],[-104.553,28.877],[-104.795,29.121],[-104.982,29.333],[-105.117,29.456],[-105.254,29.549],[-105.446,29.674],[-105.494,29.822],[-105.601,29.943],[-105.701,30.181],[-105.804,30.361],[-105.932,30.6],[-106.116,30.841],[-106.161,31.047],[-106.209,31.196],[-106.28,31.432],[-106.301,31.55],[-106.402,31.759],[-106.474,31.966],[-106.55,32.115],[-106.598,32.264],[-106.614,32.469],[-106.637,32.731]]}},{"type":"Feature","properties":{"boundary_type":"transform","feature_type":"gpml:Transform","polarity":null,"overriding_plate_id":null,"subducting_plate_id":null,"plate_ids":[673,801],"name":"West Sulawesi Transform"},"geometry":{"type":"LineString","coordinates":[[120.77,-7.896],[120.808,-7.526],[120.846,-7.157],[120.822,-6.748],[120.797,-6.339],[120.773,-5.931],[120.761,-5.459],[120.749,-4.988],[120.738,-4.516],[120.726,-4.045],[120.742,-3.798]]}},{"type":"Feature","properties":{"boundary_type":"transform","feature_type":"gpml:Transform","polarity":null,"overriding_plate_id":null,"subducting_plate_id":null,"plate_ids":[645,673],"name":"West Sulawesi Transform"},"geometry":{"type":"LineString","coordinates":[[120.742,-3.798],[120.772,-3.341],[120.801,-2.883],[120.831,-2.426],[120.861,-1.968],[120.778,-1.478],[120.694,-0.989],[120.611,-0.499],[120.528,-0.01],[120.445,0.48],[120.362,0.969],[120.278,1.459],[120.195,1.948],[120.266,2.403],[120.337,2.858],[120.408,3.313],[120.277,3.708],[120.145,4.103],[120.013,4.498],[119.881,4.893],[120.15,5.265],[120.419,5.636],[120.689,6.007],[120.958,6.379],[121.025,6.671],[121.091,6.962]]}},{"type":"Feature","properties":{"boundary_type":"other","feature_type":"gpml:TerraneBoundary","polarity":null,"overriding_plate_id":null,"subducting_plate_id":null,"plate_ids":[501,511],"name":"Capricorn Boundary (Kreemer et al 2003)"},"geometry":{"type":"LineString","coordinates":[[66.98,-7.995],[67.412,-7.963],[67.843,-7.931],[68.275,-7.898],[68.706,-7.865],[69.138,-7.831],[69.638,-7.769],[70.138,-7.707],[70.638,-7.645],[71.138,-7.582],[71.638,-7.518],[72.137,-7.454],[72.637,-7.389],[73.114,-7.251],[73.59,-7.113],[74.067,-6.975],[74.543,-6.836],[75.018,-6.697],[75.494,-6.557],[75.969,-6.416],[76.444,-6.276],[76.918,-6.135],[77.393,-5.993],[77.867,-5.851],[78.341,-5.709],[78.795,-5.498],[79.248,-5.286],[79.701,-5.074],[80.154,-4.862],[80.606,-4.65],[80.929,-4.325],[81.251,-4.0],[81.573,-3.675],[81.895,-3.35],[82.166,-2.98],[82.438,-2.61],[82.709,-2.24],[82.98,-1.87],[83.251,-1.5],[83.522,-1.13],[83.921,-0.911],[84.32,-0.693],[84.719,-0.474],[85.118,-0.255],[85.517,-0.036],[85.915,0.182],[86.171,0.591],[86.427,1.0],[86.682,1.408],[86.938,1.817],[87.194,2.225],[87.494,2.592],[87.794,2.959],[88.094,3.326],[88.394,3.693],[88.694,4.059],[88.995,4.426],[89.296,4.792],[89.598,5.159],[89.899,5.525],[90.202,5.891],[90.504,6.257],[90.782,6.613],[91.06,6.969],[91.338,7.324],[91.617,7.68]]}},{"type":"Feature","properties":{"boundary_type":"other","feature_type":"gpml:TerraneBoundary","polarity":null,"overriding_plate_id":null,"subducting_plate_id":null,"plate_ids":[511,801],"name":"Capricorn Boundary (Kreemer et al 2003)"},"geometry":{"type":"LineString","coordinates":[[79.107,-40.21],[79.493,-39.85],[79.874,-39.49],[80.178,-39.124],[80.479,-38.758],[80.776,-38.391],[81.162,-38.039],[81.545,-37.685],[81.924,-37.33],[82.299,-36.974],[82.671,-36.616],[83.04,-36.258],[83.31,-35.942],[83.578,-35.625],[83.843,-35.308],[84.107,-34.99],[84.406,-34.576],[84.702,-34.162],[84.995,-33.747],[85.286,-33.331],[85.574,-32.915],[85.858,-32.498],[86.221,-32.139],[86.581,-31.779],[86.938,-31.419],[87.292,-31.057],[87.644,-30.694],[87.993,-30.331],[88.339,-29.966],[88.683,-29.601],[89.024,-29.235],[89.378,-28.881],[89.728,-28.527],[90.077,-28.171],[90.423,-27.815],[90.767,-27.458],[91.072,-27.076],[91.376,-26.693],[91.677,-26.31],[91.977,-25.926],[92.274,-25.541],[92.57,-25.156],[92.864,-24.77],[93.156,-24.383],[93.446,-23.996],[93.724,-23.662],[94.0,-23.326],[94.275,-22.991],[94.548,-22.655],[94.821,-22.318],[95.091,-21.981],[95.328,-21.589],[95.562,-21.196],[95.796,-20.804],[96.028,-20.41],[96.26,-20.017],[96.49,-19.623],[96.766,-19.245],[97.041,-18.865],[97.315,-18.486],[97.588,-18.106],[97.9,-17.871],[98.211,-17.636],[98.522,-17.401],[98.831,-17.165],[99.268,-16.901],[99.704,-16.635],[100.139,-16.369],[100.572,-16.101],[101.005,-15.833],[101.436,-15.564],[101.866,-15.294],[102.228,-15.016],[102.589,-14.738],[102.949,-14.459],[103.308,-14.18],[103.666,-13.9],[104.023,-13.619],[104.38,-13.338],[104.735,-13.056],[105.09,-12.774],[105.483,-12.471],[105.874,-12.168],[106.265,-11.863],[106.655,-11.559],[107.044,-11.253],[107.432,-10.948],[107.819,-10.641],[108.206,-10.335],[108.592,-10.027],[108.977,-9.72],[109.361,-9.412],[109.745,-9.103],[110.128,-8.794],[110.511,-8.485],[110.893,-8.175],[111.274,-7.865],[111.654,-7.555],[112.035,-7.244],[112.414,-6.933],[112.793,-6.622]]}},{"type":"Feature","properties":{"boundary_type":"other","feature_type":"gpml:TerraneBoundary","polarity":null,"overriding_plate_id":null,"subducting_plate_id":null,"plate_ids":[802,901],"name":"E/W ANT"},"geometry":{"type":"LineString","coordinates":[[165.48,-60.945],[165.989,-61.326],[166.51,-61.705],[167.044,-62.082],[167.592,-62.457],[168.153,-62.83],[168.729,-63.2],[169.32,-63.568],[169.926,-63.933],[170.382,-64.216],[170.848,-64.497],[171.323,-64.777],[172.019,-65.102],[172.732,-65.423],[173.463,-65.741],[174.115,-66.042],[174.784,-66.339],[175.468,-66.634],[175.673,-66.773]]}},{"type":"Feature","properties":{"boundary_type":"transform","feature_type":"gpml:Transform","polarity":null,"overriding_plate_id":null,"subducting_plate_id":null,"plate_ids":[101,301],"name":"King's Trough"},"geometry":{"type":"LineString","coordinates":[[-24.172,39.399],[-24.088,39.381]]}},{"type":"Feature","properties":{"boundary_type":"transform","feature_type":"gpml:Transform","polarity":null,"overriding_plate_id":null,"subducting_plate_id":null,"plate_ids":[101,301],"name":"North Porcupine Transform"},"geometry":{"type":"LineString","coordinates":[[-30.249,47.272],[-29.669,47.192],[-29.09,47.109],[-28.513,47.024],[-27.937,46.935],[-27.414,46.918],[-26.892,46.898],[-26.37,46.876],[-25.816,46.854]]}},{"type":"Feature","properties":{"boundary_type":"transform","feature_type":"gpml:Transform","polarity":null,"overriding_plate_id":null,"subducting_plate_id":null,"plate_ids":[301,603],"name":"Red River Fault"},"geometry":{"type":"LineString","coordinates":[[96.095,29.447],[96.387,29.192],[96.676,28.936],[97.015,28.581],[97.351,28.225],[97.684,27.869],[98.016,27.511],[98.345,27.153],[98.679,26.873],[99.011,26.592],[99.342,26.31],[99.671,26.028],[100.05,25.824],[100.427,25.619],[100.804,25.414],[101.179,25.207]]}},{"type":"Feature","properties":{"boundary_type":"transform","feature_type":"gpml:Transform","polarity":null,"overriding_plate_id":null,"subducting_plate_id":null,"plate_ids":[301,604],"name":"Red River Fault"},"geometry":{"type":"LineString","coordinates":[[101.179,25.207],[101.414,25.076],[101.796,24.855],[102.176,24.633],[102.554,24.41],[102.932,24.186],[103.308,23.961],[103.688,23.664],[104.066,23.366],[104.442,23.067],[104.817,22.767],[105.19,22.467],[105.562,22.165],[105.932,21.863],[106.337,21.554],[106.741,21.245],[107.144,20.934],[107.544,20.623],[107.943,20.311],[108.34,19.997]]}},{"type":"Feature","properties":{"boundary_type":"transform","feature_type":"gpml:Transform","polarity":null,"overriding_plate_id":null,"subducting_plate_id":null,"plate_ids":[603,604],"name":"Three Pagodas Fault (inferred extent)"},"geometry":{"type":"LineString","coordinates":[[101.179,25.207],[101.131,24.951],[101.074,24.542],[101.017,24.133],[100.96,23.724],[100.904,23.315],[100.771,22.962],[100.638,22.608],[100.506,22.255],[100.297,21.811],[100.089,21.368],[99.883,20.924],[99.804,20.452],[99.727,19.98],[99.649,19.509],[99.572,19.037],[99.561,18.615],[99.549,18.193],[99.538,17.77],[99.526,17.348],[99.515,16.926],[99.504,16.504],[99.643,16.09],[99.781,15.675],[99.919,15.261],[100.056,14.846]]}},{"type":"Feature","properties":{"boundary_type":"transform","feature_type":"gpml:Transform","polarity":null,"overriding_plate_id":null,"subducting_plate_id":null,"plate_ids":[604,673],"name":"Three Pagodas Fault (inferred extent)"},"geometry":{"type":"LineString","coordinates":[[100.056,14.846],[100.167,14.51],[100.278,14.173],[100.576,13.791],[100.874,13.409],[101.171,13.026],[101.467,12.643],[101.762,12.26],[102.056,11.876],[102.349,11.493],[102.642,11.108],[102.934,10.724],[103.225,10.339],[103.589,10.078],[103.953,9.817],[104.316,9.555],[104.679,9.293],[105.041,9.03],[105.403,8.767],[105.764,8.504],[106.124,8.24],[106.515,8.153],[106.906,8.065],[107.296,7.977]]}},{"type":"Feature","properties":{"boundary_type":"other","feature_type":"gpml:UnclassifiedFeature","polarity":null,"overriding_plate_id":null,"subducting_plate_id":null,"plate_ids":[406],"name":"NE SIberia"},"geometry":{"type":"LineString","coordinates":[[165.966,61.336],[165.965,61.337]]}},{"type":"Feature","properties":{"boundary_type":"other","feature_type":"gpml:UnclassifiedFeature","polarity":null,"overriding_plate_id":null,"subducting_plate_id":null,"plate_ids":[101,406],"name":"NE SIberia"},"geometry":{"type":"LineString","coordinates":[[165.965,61.337],[165.527,61.677],[165.078,62.016],[164.683,62.388],[164.278,62.759],[163.862,63.129],[163.2,63.528],[162.519,63.923],[161.818,64.315],[161.097,64.703],[160.516,65.064],[159.918,65.423],[159.304,65.78],[158.673,66.134]]}},{"type":"Feature","properties":{"boundary_type":"subduction","feature_type":"gpml:SubductionZone","polarity":"Right","overriding_plate_id":null,"subducting_plate_id":null,"plate_ids":[406],"name":"Aleutian and Bering Sea Masking Polygon"},"geometry":{"type":"LineString","coordinates":[[171.296,59.572],[170.47,59.815],[169.631,60.053],[168.922,60.318],[168.2,60.579],[167.467,60.835],[166.722,61.088],[165.966,61.336]]}},{"type":"Feature","properties":{"boundary_type":"subduction","feature_type":"gpml:SubductionZone","polarity":"Right","overriding_plate_id":null,"subducting_plate_id":null,"plate_ids":[406],"name":"Shirshov Ridge Subduction"},"geometry":{"type":"LineString","coordinates":[[171.296,59.572],[171.296,59.572]]}},{"type":"Feature","properties":{"boundary_type":"subduction","feature_type":"gpml:SubductionZone","polarity":"Right","overriding_plate_id":406,"subducting_plate_id":901,"plate_ids":[406,901],"name":"Shirshov Ridge Subduction"},"geometry":{"type":"LineString","coordinates":[[171.296,59.572],[171.033,59.211],[170.488,58.928],[169.703,58.638],[169.125,58.596],[168.548,58.551],[167.816,58.552],[167.083,58.549],[166.581,58.591],[166.077,58.632],[165.137,58.637],[164.198,58.635],[163.258,58.626],[162.32,58.61],[161.382,58.587],[160.446,58.558],[160.1,58.543]]}},{"type":"Feature","properties":{"boundary_type":"ridge","feature_type":"gpml:MidOceanRidge","polarity":null,"overriding_plate_id":null,"subducting_plate_id":null,"plate_ids":[511,709],"name":"Ridge f iso A5 on IND at 10.9Ma"},"geometry":{"type":"LineString","coordinates":[[67.063,-11.142],[66.998,-10.883],[66.932,-10.623],[67.166,-10.38],[67.4,-10.137],[67.223,-9.928],[67.047,-9.719],[67.257,-9.418],[67.466,-9.118],[67.156,-8.808],[67.332,-8.384],[67.156,-8.19],[66.98,-7.995]]}},{"type":"Feature","properties":{"boundary_type":"ridge","feature_type":"gpml:MidOceanRidge","polarity":null,"overriding_plate_id":null,"subducting_plate_id":null,"plate_ids":[501,709],"name":"Ridge f iso A5 on IND at 10.9Ma"},"geometry":{"type":"LineString","coordinates":[[66.98,-7.995],[66.811,-7.808],[66.641,-7.62],[66.86,-7.191],[66.573,-6.842],[66.286,-6.494],[66.0,-6.145],[66.23,-5.779],[65.895,-5.556],[65.56,-5.333],[65.707,-5.115],[65.361,-4.791],[65.621,-4.407],[65.374,-4.189],[65.126,-3.971],[65.298,-3.676],[64.942,-3.422],[65.163,-3.041],[65.383,-2.66],[64.982,-2.404],[64.582,-2.147],[64.182,-1.891],[63.781,-1.634],[63.652,-1.866],[63.182,-1.712],[62.712,-1.557],[62.242,-1.403],[61.831,-1.167],[61.42,-0.931],[61.01,-0.696],[60.679,-0.39],[60.348,-0.085],[60.017,0.22],[59.686,0.525],[59.355,0.83],[58.99,1.111],[58.626,1.392],[58.262,1.673],[58.352,1.868],[57.992,2.199],[57.631,2.53],[57.271,2.861],[56.977,3.053],[56.684,3.244],[56.39,3.436],[56.05,3.766],[55.71,4.096],[55.369,4.426],[55.028,4.756],[54.793,4.971]]}},{"type":"Feature","properties":{"boundary_type":"ridge","feature_type":"gpml:MidOceanRidge","polarity":null,"overriding_plate_id":null,"subducting_plate_id":null,"plate_ids":[901,902],"name":"MOR Cocos-Nazca"},"geometry":{"type":"LineString","coordinates":[[-100.497,-1.824],[-100.288,-1.867]]}},{"type":"Feature","properties":{"boundary_type":"ridge","feature_type":"gpml:MidOceanRidge","polarity":null,"overriding_plate_id":null,"subducting_plate_id":null,"plate_ids":[902,911],"name":"MOR Cocos-Nazca"},"geometry":{"type":"LineString","coordinates":[[-100.288,-1.867],[-99.803,-1.965],[-99.318,-2.064],[-98.834,-2.162],[-98.349,-2.26],[-97.864,-2.358],[-97.754,-2.486],[-97.356,-2.563],[-96.958,-2.64],[-96.56,-2.718],[-96.538,-2.857],[-96.093,-2.932],[-95.647,-3.007],[-95.202,-3.082],[-95.186,-2.937],[-94.738,-3.033],[-94.291,-3.129],[-93.844,-3.225],[-93.816,-3.082],[-93.384,-3.162],[-92.951,-3.242],[-92.519,-3.321],[-92.185,-3.215],[-91.852,-3.11],[-91.525,-2.937],[-91.199,-2.765],[-90.946,-2.488],[-90.694,-2.212],[-90.372,-2.023],[-90.05,-1.833],[-89.72,-1.816],[-89.391,-1.799],[-89.015,-1.489],[-88.64,-1.178],[-88.264,-0.868],[-87.888,-0.557],[-87.513,-0.246],[-87.137,0.064],[-86.762,0.375],[-86.386,0.686],[-86.011,0.996],[-85.635,1.307],[-85.259,1.617],[-84.883,1.928],[-84.507,2.238],[-84.131,2.548],[-83.755,2.859],[-83.378,3.169],[-83.001,3.479],[-82.624,3.788],[-82.247,4.098],[-81.87,4.407],[-81.492,4.716],[-81.113,5.025],[-80.735,5.334]]}},{"type":"Feature","properties":{"boundary_type":"ridge","feature_type":"gpml:MidOceanRidge","polarity":null,"overriding_plate_id":null,"subducting_plate_id":null,"plate_ids":[901,971],"name":"Bauer Microplate MOR"},"geometry":{"type":"LineString","coordinates":[[-109.534,-14.0],[-109.557,-13.561],[-109.579,-13.122],[-109.137,-13.128],[-108.695,-13.134],[-108.253,-13.139],[-107.811,-13.143],[-107.369,-13.147],[-106.927,-13.15],[-106.812,-12.678],[-106.698,-12.205],[-106.585,-11.733],[-106.471,-11.261],[-106.359,-10.789],[-106.246,-10.317],[-106.134,-9.845],[-105.78,-9.927],[-105.425,-10.009],[-105.071,-10.091],[-104.955,-9.63],[-104.839,-9.169],[-104.724,-8.709],[-104.609,-8.248],[-104.494,-7.787],[-104.379,-7.326],[-104.265,-6.866],[-104.151,-6.405],[-104.037,-5.944],[-103.923,-5.483],[-103.81,-5.022],[-103.359,-5.054],[-102.908,-5.085],[-102.457,-5.116],[-102.006,-5.146],[-101.555,-5.177],[-101.104,-5.207]]}},{"type":"Feature","properties":{"boundary_type":"ridge","feature_type":"gpml:MidOceanRidge","polarity":null,"overriding_plate_id":null,"subducting_plate_id":null,"plate_ids":[901,911],"name":"MOR Nazca-Bauer"},"geometry":{"type":"LineString","coordinates":[[-100.288,-1.867],[-100.338,-1.945],[-100.445,-2.4],[-100.553,-2.856],[-100.66,-3.311],[-100.767,-3.767],[-100.874,-4.222],[-100.982,-4.677],[-101.089,-5.133],[-101.104,-5.207]]}},{"type":"Feature","properties":{"boundary_type":"ridge","feature_type":"gpml:MidOceanRidge","polarity":null,"overriding_plate_id":null,"subducting_plate_id":null,"plate_ids":[911,971],"name":"MOR Nazca-Bauer"},"geometry":{"type":"LineString","coordinates":[[-101.104,-5.207],[-101.197,-5.679],[-101.29,-6.152],[-101.383,-6.625],[-101.476,-7.097],[-101.569,-7.57],[-101.654,-7.998],[-101.738,-8.427],[-101.823,-8.855],[-101.706,-9.082],[-101.589,-9.308],[-101.715,-9.55],[-101.842,-9.793],[-101.519,-10.101],[-101.195,-10.41],[-101.252,-10.844],[-101.31,-11.278],[-101.068,-11.313],[-101.159,-11.768],[-101.251,-12.222],[-101.343,-12.677],[-101.062,-12.815],[-101.304,-13.167],[-101.547,-13.52],[-101.791,-13.872],[-102.035,-14.224],[-102.28,-14.576],[-102.77,-14.639],[-102.817,-14.64]]}},{"type":"Feature","properties":{"boundary_type":"subduction","feature_type":"gpml:SubductionZone","polarity":"Right","overriding_plate_id":null,"subducting_plate_id":null,"plate_ids":[608],"name":"Japan sub zone fromEarthByte cob MG 4-20-07 for IZA part 2"},"geometry":{"type":"LineString","coordinates":[[133.247,36.185],[132.878,35.924],[132.511,35.661],[132.165,35.362],[131.821,35.062],[131.48,34.761],[131.016,34.557],[130.554,34.35],[130.094,34.142],[129.637,33.932],[129.181,33.721],[128.728,33.507],[128.238,33.277],[127.751,33.046],[127.266,32.812],[126.783,32.576]]}},{"type":"Feature","properties":{"boundary_type":"subduction","feature_type":"gpml:SubductionZone","polarity":"Left","overriding_plate_id":608,"subducting_plate_id":801,"plate_ids":[608,801],"name":"East Philippine Isl Nthward Subduction DiCaprio"},"geometry":{"type":"LineString","coordinates":[[126.454,5.537],[126.857,5.456],[127.26,5.374],[127.664,5.293],[128.102,5.183],[128.54,5.073],[128.978,4.962],[129.416,4.852],[129.853,4.741],[130.304,4.63],[130.754,4.519],[131.204,4.408],[131.654,4.297],[132.104,4.185],[132.553,4.074],[132.979,4.0],[133.405,3.926],[133.83,3.853],[134.256,3.778],[134.681,3.704],[135.16,3.633],[135.638,3.561],[136.116,3.489],[136.595,3.416],[137.008,3.26],[137.42,3.103],[137.833,2.946],[138.207,2.783],[138.582,2.62],[138.956,2.457],[139.238,2.248],[139.519,2.039],[139.801,1.83],[140.067,1.466],[140.334,1.102],[140.6,0.737],[140.866,0.373],[141.177,0.113],[141.487,-0.146],[141.797,-0.406],[142.107,-0.666],[142.559,-0.673],[143.01,-0.68],[143.462,-0.687],[143.913,-0.694],[144.364,-0.701],[144.816,-0.708],[144.896,-0.705]]}},{"type":"Feature","properties":{"boundary_type":"subduction","feature_type":"gpml:SubductionZone","polarity":"Left","overriding_plate_id":653,"subducting_plate_id":801,"plate_ids":[653,801],"name":"Proto Caroline arc"},"geometry":{"type":"LineString","coordinates":[[144.757,-1.449],[145.103,-1.527],[145.449,-1.604],[145.874,-1.72],[146.299,-1.836],[146.724,-1.952],[147.149,-2.068],[147.574,-2.184],[147.999,-2.3],[148.424,-2.415],[148.769,-2.438],[149.113,-2.46],[149.458,-2.482]]}},{"type":"Feature","properties":{"boundary_type":"subduction","feature_type":"gpml:SubductionZone","polarity":"Left","overriding_plate_id":653,"subducting_plate_id":922,"plate_ids":[653,922],"name":"Proto Caroline arc"},"geometry":{"type":"LineString","coordinates":[[149.458,-2.482],[149.947,-2.513],[150.437,-2.544],[150.926,-2.575],[151.415,-2.605],[151.885,-2.513],[152.356,-2.421],[152.826,-2.329],[153.296,-2.237],[153.766,-2.144],[154.2,-2.038],[154.634,-1.932],[155.068,-1.825],[155.502,-1.719],[155.935,-1.612],[156.369,-1.505],[156.803,-1.398],[157.237,-1.291],[157.627,-1.055],[158.017,-0.819],[158.407,-0.583],[158.797,-0.346],[159.187,-0.11],[159.577,0.126],[159.905,0.392],[160.232,0.657],[160.56,0.923],[160.887,1.189]]}},{"type":"Feature","properties":{"boundary_type":"transform","feature_type":"gpml:Transform","polarity":null,"overriding_plate_id":null,"subducting_plate_id":null,"plate_ids":[301,604],"name":"Continuation of RRF"},"geometry":{"type":"LineString","coordinates":[[108.34,19.997],[108.446,19.609],[108.551,19.22],[108.656,18.831],[108.76,18.442],[108.864,18.053],[108.894,17.606],[108.924,17.159],[108.954,16.712],[108.984,16.265],[109.014,15.817],[109.043,15.37],[109.014,14.901],[108.986,14.432],[108.957,13.963],[108.929,13.493],[108.9,13.024],[108.872,12.555],[108.844,12.086],[108.816,11.616]]}},{"type":"Feature","properties":{"boundary_type":"transform","feature_type":"gpml:Transform","polarity":null,"overriding_plate_id":null,"subducting_plate_id":null,"plate_ids":[603,673],"name":"Three Pagodas and Sumatra Fault Zone"},"geometry":{"type":"LineString","coordinates":[[100.056,14.846],[99.841,14.435],[99.627,14.023],[99.414,13.611],[99.201,13.199],[98.989,12.787],[98.778,12.374],[98.656,11.917],[98.534,11.459],[98.413,11.002],[98.291,10.545],[98.171,10.087],[98.05,9.63],[97.93,9.172],[97.811,8.714],[97.815,8.221],[97.82,7.727],[97.825,7.234],[97.829,6.74],[97.834,6.247]]}},{"type":"Feature","properties":{"boundary_type":"transform","feature_type":"gpml:Transform","polarity":null,"overriding_plate_id":null,"subducting_plate_id":null,"plate_ids":[673,686],"name":"Three Pagodas and Sumatra Fault Zone"},"geometry":{"type":"LineString","coordinates":[[97.834,6.247],[97.834,6.233],[98.072,5.855],[98.309,5.476],[98.545,5.098],[98.782,4.719],[99.018,4.34],[99.254,3.961],[99.567,3.606],[99.879,3.251],[100.191,2.896],[100.503,2.54],[100.815,2.185],[101.127,1.829],[101.438,1.474],[101.75,1.118],[102.061,0.762],[102.372,0.407],[102.736,0.067],[103.099,-0.273],[103.462,-0.613],[103.825,-0.952],[104.101,-1.337],[104.377,-1.722],[104.652,-2.107],[104.712,-2.505],[104.772,-2.903],[104.832,-3.301],[104.807,-3.683],[104.782,-4.065],[104.757,-4.447],[104.774,-4.875],[104.792,-5.303]]}},{"type":"Feature","properties":{"boundary_type":"subduction","feature_type":"gpml:SubductionZone","polarity":"Right","overriding_plate_id":659,"subducting_plate_id":901,"plate_ids":[659,901],"name":"Proto Mariana Arc"},"geometry":{"type":"LineString","coordinates":[[147.266,29.999],[147.337,29.662],[147.406,29.325],[147.652,28.921],[147.896,28.517],[148.137,28.112],[148.378,27.707],[148.616,27.302],[148.852,26.896],[149.087,26.489],[149.306,26.072],[149.522,25.655],[149.738,25.237],[149.951,24.819],[150.164,24.401],[150.375,23.982],[150.584,23.563],[150.792,23.144],[150.926,22.778],[151.06,22.411],[151.192,22.044]]}},{"type":"Feature","properties":{"boundary_type":"subduction","feature_type":"gpml:SubductionZone","polarity":"Right","overriding_plate_id":301,"subducting_plate_id":501,"plate_ids":[301,501],"name":"Subduction of Greater India"},"geometry":{"type":"LineString","coordinates":[[93.796,25.995],[93.409,26.327],[93.02,26.658],[92.629,26.988],[92.29,27.146],[91.95,27.303],[91.545,27.333],[91.14,27.362],[90.687,27.248],[90.234,27.132],[89.783,27.015],[89.333,26.896],[88.884,26.776],[88.435,26.654],[87.95,26.575],[87.465,26.494],[86.981,26.411],[86.498,26.326],[86.015,26.24],[85.533,26.152],[84.991,26.199],[84.448,26.244],[83.904,26.287],[83.36,26.328],[82.816,26.367],[82.272,26.404],[81.727,26.438],[81.182,26.471],[80.7,26.624],[80.218,26.774],[79.734,26.924],[79.249,27.071],[78.763,27.217],[78.276,27.362],[77.787,27.504],[77.297,27.645],[76.806,27.784],[76.313,27.922],[75.939,28.194],[75.563,28.466],[75.185,28.736],[74.805,29.006],[74.423,29.274],[73.922,29.433],[73.419,29.589],[72.915,29.744],[72.409,29.897],[71.902,30.048],[71.393,30.196],[70.882,30.343],[70.37,30.488],[69.857,30.631],[69.398,30.53],[68.941,30.428],[68.485,30.324],[68.029,30.218],[67.575,30.111]]}},{"type":"Feature","properties":{"boundary_type":"subduction","feature_type":"gpml:SubductionZone","polarity":"Right","overriding_plate_id":673,"subducting_plate_id":604,"plate_ids":[604,673],"name":"Palawan Trench"},"geometry":{"type":"LineString","coordinates":[[107.296,7.977],[107.689,7.767],[108.082,7.556],[108.474,7.345],[108.865,7.134],[109.257,6.922],[109.647,6.711],[110.038,6.498],[110.428,6.286],[110.777,6.12],[111.125,5.953],[111.473,5.787],[111.821,5.62],[112.193,5.503],[112.564,5.386],[112.936,5.268],[113.305,5.168],[113.675,5.068],[114.044,4.967],[114.413,4.867],[114.851,4.983],[115.29,5.098],[115.729,5.213],[115.947,5.537],[116.166,5.861],[116.385,6.185],[116.579,6.604],[116.773,7.023],[116.968,7.442],[117.163,7.861],[117.358,8.28],[117.554,8.699],[117.679,9.134],[117.805,9.569],[117.931,10.003],[118.058,10.438],[118.185,10.872]]}},{"type":"Feature","properties":{"boundary_type":"transform","feature_type":"gpml:Transform","polarity":null,"overriding_plate_id":null,"subducting_plate_id":null,"plate_ids":[603,607],"name":"Burma transform"},"geometry":{"type":"LineString","coordinates":[[94.928,27.741],[94.864,27.29],[94.801,26.839],[94.739,26.388],[94.677,25.937],[94.616,25.486],[94.555,25.034],[94.494,24.583],[94.434,24.132],[94.499,23.655],[94.563,23.178],[94.627,22.701],[94.69,22.224],[94.753,21.747],[94.906,21.268],[95.058,20.788],[95.209,20.309],[95.359,19.83],[95.508,19.35],[95.656,18.87],[95.774,18.385],[95.891,17.899],[96.007,17.414],[96.123,16.929],[96.239,16.443],[96.353,15.957],[96.468,15.472]]}},{"type":"Feature","properties":{"boundary_type":"transform","feature_type":"gpml:Transform","polarity":null,"overriding_plate_id":null,"subducting_plate_id":null,"plate_ids":[603,607],"name":"Burma transform"},"geometry":{"type":"LineString","coordinates":[[96.468,15.472],[96.292,15.083],[96.199,14.647],[96.106,14.21],[96.013,13.774],[95.921,13.337],[95.947,12.886],[95.972,12.436],[95.997,11.985],[96.022,11.534],[96.047,11.083],[96.115,10.692],[96.183,10.301],[96.25,9.91],[96.318,9.519]]}},{"type":"Feature","properties":{"boundary_type":"transform","feature_type":"gpml:Transform","polarity":null,"overriding_plate_id":null,"subducting_plate_id":null,"plate_ids":[603,686],"name":"Burma transform"},"geometry":{"type":"LineString","coordinates":[[96.318,9.519],[96.397,9.057],[96.476,8.594],[96.65,8.127],[96.823,7.66],[96.997,7.193],[97.169,6.725],[97.502,6.486],[97.834,6.247]]}},{"type":"Feature","properties":{"boundary_type":"other","feature_type":"gpml:ContinentalRift","polarity":null,"overriding_plate_id":null,"subducting_plate_id":null,"plate_ids":[607,686],"name":"Proto Andaman Sea rifting"},"geometry":{"type":"LineString","coordinates":[[92.401,5.942],[92.831,6.114],[93.261,6.285],[93.691,6.457],[94.122,6.628],[94.553,6.799],[94.388,7.235],[94.222,7.67],[94.057,8.106],[93.89,8.542],[94.294,8.706],[94.698,8.869],[95.102,9.032],[95.507,9.195],[95.912,9.357],[96.318,9.519]]}},{"type":"Feature","properties":{"boundary_type":"subduction","feature_type":"gpml:SubductionZone","polarity":"Left","overriding_plate_id":659,"subducting_plate_id":653,"plate_ids":[653,659],"name":"South Proto Mariana Trench"},"geometry":{"type":"LineString","coordinates":[[147.786,12.363],[148.132,12.591]]}},{"type":"Feature","properties":{"boundary_type":"subduction","feature_type":"gpml:SubductionZone","polarity":"Left","overriding_plate_id":659,"subducting_plate_id":901,"plate_ids":[659,901],"name":"South Proto Mariana Trench"},"geometry":{"type":"LineString","coordinates":[[148.132,12.591],[148.384,12.757],[148.637,12.923],[148.842,13.348],[149.047,13.772],[149.253,14.196],[149.46,14.619],[149.668,15.043],[149.877,15.466],[150.086,15.889],[150.297,16.312],[150.508,16.735],[150.667,17.165],[150.828,17.595],[150.989,18.024],[151.15,18.454],[151.313,18.883],[151.476,19.312],[151.43,19.767],[151.383,20.223],[151.336,20.678],[151.288,21.134],[151.24,21.589],[151.192,22.044]]}},{"type":"Feature","properties":{"boundary_type":"subduction","feature_type":"gpml:SubductionZone","polarity":"Left","overriding_plate_id":653,"subducting_plate_id":922,"plate_ids":[653,922],"name":"Proto Mussau Trench"},"geometry":{"type":"LineString","coordinates":[[160.887,1.189],[160.89,1.195]]}},{"type":"Feature","properties":{"boundary_type":"subduction","feature_type":"gpml:SubductionZone","polarity":"Left","overriding_plate_id":653,"subducting_plate_id":901,"plate_ids":[653,901],"name":"Proto Mussau Trench"},"geometry":{"type":"LineString","coordinates":[[160.89,1.195],[161.02,1.554],[161.15,1.913],[161.28,2.272],[161.248,2.735],[161.215,3.198],[161.182,3.66],[161.149,4.123],[161.116,4.586],[161.083,5.049],[161.05,5.512],[161.017,5.974],[160.984,6.437],[160.859,6.89],[160.734,7.343],[160.609,7.796]]}},{"type":"Feature","properties":{"boundary_type":"subduction","feature_type":"gpml:SubductionZone","polarity":"Left","overriding_plate_id":901,"subducting_plate_id":653,"plate_ids":[653,901],"name":"Sorol Trough"},"geometry":{"type":"LineString","coordinates":[[148.132,12.591],[148.531,12.36],[148.93,12.129],[149.328,11.898],[149.726,11.665],[150.123,11.433],[150.519,11.199],[150.978,10.984],[151.437,10.769],[151.895,10.552],[152.352,10.335],[152.809,10.118],[153.265,9.9],[153.721,9.681],[154.175,9.461],[154.63,9.241],[155.084,9.021],[155.537,8.8],[155.989,8.578],[156.441,8.356],[156.893,8.133],[157.344,7.91],[157.811,7.895],[158.277,7.88],[158.744,7.864],[159.21,7.848],[159.677,7.831],[160.143,7.814],[160.609,7.796]]}},{"type":"Feature","properties":{"boundary_type":"transform","feature_type":"gpml:Transform","polarity":null,"overriding_plate_id":null,"subducting_plate_id":null,"plate_ids":[645,673],"name":"Borneo transform"},"geometry":{"type":"LineString","coordinates":[[118.827,11.405],[118.893,11.288],[119.124,10.856],[119.354,10.423],[119.583,9.99],[119.812,9.557],[120.04,9.123],[120.268,8.69],[120.495,8.256],[120.722,7.822],[120.906,7.392],[121.091,6.962]]}},{"type":"Feature","properties":{"boundary_type":"ridge","feature_type":"gpml:MidOceanRidge","polarity":null,"overriding_plate_id":null,"subducting_plate_id":null,"plate_ids":[608,659],"name":"Ridge f iso on EPV at 22.6Ma"},"geometry":{"type":"LineString","coordinates":[[142.29,28.474],[141.933,28.795],[141.574,29.116],[141.212,29.435],[140.848,29.754],[140.506,30.054],[140.162,30.353],[139.816,30.65],[139.467,30.947],[139.081,31.297],[138.692,31.644],[138.3,31.991],[137.906,32.337],[137.508,32.681],[137.191,32.97],[136.871,33.258],[136.55,33.545],[136.458,33.514],[136.073,33.825],[135.685,34.134],[135.295,34.443],[134.892,34.794],[134.486,35.144],[134.077,35.492],[133.664,35.839],[133.247,36.185]]}},{"type":"Feature","properties":{"boundary_type":"ridge","feature_type":"gpml:MidOceanRidge","polarity":null,"overriding_plate_id":null,"subducting_plate_id":null,"plate_ids":[608,659],"name":"Ridge f iso on EPV at 22.6Ma"},"geometry":{"type":"LineString","coordinates":[[142.29,28.474],[142.173,28.415],[142.421,28.072],[142.667,27.729],[142.911,27.385],[143.099,27.08],[143.285,26.775],[143.471,26.47],[143.681,26.052],[143.889,25.633],[144.096,25.215],[144.302,24.796],[144.114,24.696],[144.277,24.32],[144.439,23.944],[144.6,23.568],[144.761,23.191],[144.92,22.815],[144.776,22.758],[144.953,22.354],[145.129,21.95],[145.304,21.546],[145.478,21.142],[145.275,21.049],[145.451,20.62],[145.625,20.191],[145.798,19.761],[145.97,19.332],[146.141,18.902],[146.312,18.472],[146.482,18.042],[146.65,17.612],[146.818,17.182],[146.828,16.749],[146.837,16.317],[146.846,15.884],[146.856,15.452],[146.865,15.019],[146.874,14.586],[146.915,14.143],[146.956,13.699],[146.997,13.256],[147.038,12.812],[147.079,12.368],[147.119,11.925],[147.124,11.653]]}},{"type":"Feature","properties":{"boundary_type":"ridge","feature_type":"gpml:MidOceanRidge","polarity":null,"overriding_plate_id":null,"subducting_plate_id":null,"plate_ids":[101,224],"name":"MOR from iso on CAR at 20Ma"},"geometry":{"type":"LineString","coordinates":[[-76.843,16.146],[-76.897,16.603],[-76.951,17.06]]}},{"type":"Feature","properties":{"boundary_type":"ridge","feature_type":"gpml:MidOceanRidge","polarity":null,"overriding_plate_id":null,"subducting_plate_id":null,"plate_ids":[901,903],"name":"MOR Pacific-Juan de Fuca"},"geometry":{"type":"LineString","coordinates":[[-120.54,54.416],[-120.539,54.404],[-120.477,53.966],[-120.416,53.528],[-120.356,53.09],[-120.298,52.652],[-120.399,52.334],[-120.499,52.016],[-120.464,51.616],[-120.43,51.215],[-120.396,50.815],[-120.363,50.415],[-120.331,50.015],[-120.379,49.685],[-120.427,49.354],[-120.335,48.902],[-120.244,48.451],[-120.155,47.999],[-120.068,47.547],[-119.982,47.094],[-119.897,46.642],[-119.208,46.654],[-119.188,46.402],[-119.169,46.15],[-119.034,45.797],[-118.902,45.443],[-118.931,45.053],[-118.96,44.664],[-118.989,44.274],[-119.221,43.859],[-119.23,43.369],[-119.239,42.88],[-119.247,42.39],[-119.256,41.901],[-119.437,41.818],[-119.394,41.363],[-119.352,40.908],[-119.31,40.452],[-119.269,39.997],[-119.228,39.542],[-119.188,39.086],[-119.149,38.631],[-119.145,38.622]]}},{"type":"Feature","properties":{"boundary_type":"ridge","feature_type":"gpml:MidOceanRidge","polarity":null,"overriding_plate_id":null,"subducting_plate_id":null,"plate_ids":[901,903],"name":"MOR Pacific-Juan de Fuca"},"geometry":{"type":"LineString","coordinates":[[-119.634,54.487],[-120.087,54.453],[-120.539,54.417],[-120.54,54.416]]}},{"type":"Feature","properties":{"boundary_type":"ridge","feature_type":"gpml:MidOceanRidge","polarity":null,"overriding_plate_id":null,"subducting_plate_id":null,"plate_ids":[901,903],"name":"MOR Pacific-Juan de Fuca"},"geometry":{"type":"LineString","coordinates":[[-119.145,38.622],[-119.141,38.613],[-118.557,38.616],[-117.972,38.616],[-117.387,38.613],[-116.802,38.608],[-116.217,38.599],[-115.633,38.588],[-115.084,38.58],[-114.536,38.57],[-113.989,38.558],[-113.441,38.542]]}},{"type":"Feature","properties":{"boundary_type":"ridge","feature_type":"gpml:MidOceanRidge","polarity":null,"overriding_plate_id":null,"subducting_plate_id":null,"plate_ids":[901],"name":"MOR Pacific-Cocos duplicate for topologies NW15"},"geometry":{"type":"LineString","coordinates":[[-107.183,33.097],[-106.978,32.654],[-106.775,32.211],[-106.574,31.767],[-106.375,31.323],[-106.177,30.879],[-105.982,30.434],[-105.788,29.99],[-105.596,29.545],[-105.406,29.099],[-105.218,28.654],[-105.03,28.208],[-104.845,27.761],[-104.661,27.315],[-105.13,27.171],[-105.597,27.026],[-106.063,26.879],[-105.925,26.438],[-105.788,25.997],[-105.652,25.556],[-105.517,25.115],[-105.049,25.213],[-104.58,25.309],[-104.11,25.403],[-103.639,25.497],[-103.168,25.588],[-103.136,25.566]]}},{"type":"Feature","properties":{"boundary_type":"ridge","feature_type":"gpml:MidOceanRidge","polarity":null,"overriding_plate_id":null,"subducting_plate_id":null,"plate_ids":[901,902],"name":"MOR Pacific-Cocos"},"geometry":{"type":"LineString","coordinates":[[-100.583,8.34],[-100.596,8.336],[-101.037,8.196],[-101.478,8.056],[-101.918,7.915],[-102.358,7.774],[-102.798,7.632],[-103.238,7.49],[-103.677,7.348],[-103.617,6.949],[-103.557,6.55],[-103.497,6.152],[-103.399,5.825],[-103.3,5.498],[-103.067,5.096],[-102.848,4.652],[-102.629,4.209],[-102.426,3.842],[-102.223,3.476],[-102.021,3.109],[-101.855,2.723],[-101.689,2.338],[-101.523,1.952],[-101.4,1.492],[-101.278,1.032],[-101.176,0.625],[-101.073,0.219],[-100.971,-0.187],[-100.831,-0.657],[-100.69,-1.126],[-100.55,-1.596],[-100.501,-1.808],[-100.497,-1.824]]}},{"type":"Feature","properties":{"boundary_type":"ridge","feature_type":"gpml:MidOceanRidge","polarity":null,"overriding_plate_id":null,"subducting_plate_id":null,"plate_ids":[101,301],"name":"MOR NAM-Eurasia"},"geometry":{"type":"LineString","coordinates":[[-15.21,60.237],[-15.555,60.054],[-15.896,59.871],[-16.416,59.66],[-16.929,59.446],[-17.436,59.231],[-17.956,58.942],[-18.468,58.651],[-18.971,58.359],[-19.349,58.049],[-19.72,57.739],[-20.126,57.473],[-20.527,57.205],[-20.923,56.937],[-21.351,56.667],[-21.773,56.396],[-22.189,56.124],[-22.708,55.754],[-23.217,55.381],[-23.717,55.006],[-24.208,54.692],[-24.692,54.376],[-25.168,54.058],[-25.594,53.704],[-26.013,53.348],[-26.425,52.991],[-26.823,52.77],[-27.216,52.548],[-27.396,52.159],[-27.682,52.111],[-27.901,51.764],[-28.118,51.416],[-28.649,51.431],[-29.181,51.443],[-29.462,51.126],[-29.739,50.809],[-29.853,50.403],[-29.965,49.997],[-30.075,49.59],[-30.184,49.184],[-30.29,48.777],[-30.222,48.406],[-30.155,48.034],[-30.088,47.663],[-30.249,47.272]]}},{"type":"Feature","properties":{"boundary_type":"ridge","feature_type":"gpml:MidOceanRidge","polarity":null,"overriding_plate_id":null,"subducting_plate_id":null,"plate_ids":[101,301],"name":"MOR NAM-Eurasia"},"geometry":{"type":"LineString","coordinates":[[-15.21,60.237],[-15.124,60.335],[-14.998,60.636],[-14.87,60.937],[-14.718,61.287],[-14.563,61.638],[-14.405,61.988],[-13.993,62.425],[-13.57,62.861],[-13.101,63.268],[-12.711,63.493],[-12.315,63.717],[-12.153,63.963],[-11.989,64.208],[-11.767,64.558],[-11.539,64.908],[-11.316,65.085],[-10.954,65.29],[-9.885,65.163],[-8.827,65.029],[-7.78,64.887],[-6.745,64.738]]}},{"type":"Feature","properties":{"boundary_type":"ridge","feature_type":"gpml:MidOceanRidge","polarity":null,"overriding_plate_id":null,"subducting_plate_id":null,"plate_ids":[101,301],"name":"MOR NAM-Eurasia"},"geometry":{"type":"LineString","coordinates":[[-6.745,64.738],[-6.499,64.818],[-5.632,65.072],[-4.748,65.32],[-4.039,65.492],[-3.32,65.659],[-2.592,65.824],[-1.61,65.951],[-0.865,66.112],[-0.11,66.27],[0.606,66.451],[1.332,66.629],[2.069,66.803],[3.086,67.04],[4.122,67.27],[4.79,67.427],[5.468,67.581],[6.381,67.924],[6.885,68.335],[7.408,68.744],[6.626,68.885],[5.655,69.104],[4.665,69.317],[3.655,69.525],[4.196,69.89],[4.756,70.254],[5.337,70.617],[4.708,70.74],[5.233,71.114],[5.777,71.487],[4.771,71.703],[5.108,71.933],[5.453,72.163],[6.074,72.473],[6.715,72.781],[5.803,73.153],[4.851,73.521],[3.858,73.884],[2.819,74.243],[1.734,74.597],[0.67,74.858],[-0.43,75.114],[-1.567,75.365],[-2.743,75.61],[-4.072,75.816],[-5.439,76.015],[-6.844,76.205]]}},{"type":"Feature","properties":{"boundary_type":"other","feature_type":"gpml:InferredPaleoBoundary","polarity":null,"overriding_plate_id":null,"subducting_plate_id":null,"plate_ids":[101,301],"name":"Arctic NAM-Eurasia"},"geometry":{"type":"LineString","coordinates":[[-6.844,76.205],[-6.026,76.645],[-5.232,77.061],[-4.385,77.475],[-3.268,77.792],[-2.094,78.103],[-1.071,78.487],[0.021,78.867],[1.012,79.168],[2.059,79.465],[3.166,79.759],[5.03,80.094],[7.022,80.419],[8.213,80.668],[9.469,80.914],[10.552,81.232],[11.716,81.546],[12.968,81.857],[14.324,82.039],[15.742,82.216],[18.289,82.377],[20.94,82.523],[24.003,82.576],[27.102,82.608],[29.041,82.668],[31.008,82.718],[34.132,82.997],[37.502,83.252],[41.123,83.483],[44.992,83.687],[49.098,83.86],[52.887,83.96],[56.784,84.032],[60.76,84.077],[64.816,83.989],[68.736,83.871],[72.493,83.726],[76.092,83.545],[79.484,83.339],[82.663,83.113],[85.455,82.896],[88.077,82.663],[90.525,82.5],[92.865,82.323],[95.097,82.134],[96.653,81.964],[98.144,81.788],[100.975,81.51],[103.62,81.213],[106.09,80.898],[108.391,80.568],[110.536,80.224],[112.533,79.867],[114.394,79.499],[116.128,79.121],[117.747,78.734],[119.258,78.339],[120.67,77.937],[121.992,77.528],[123.23,77.112],[124.392,76.692],[125.484,76.266],[126.511,75.836],[127.478,75.401],[128.39,74.963],[129.252,74.522],[130.067,74.077],[130.838,73.658],[131.572,73.236],[132.271,72.811],[132.937,72.385],[133.573,71.956],[134.179,71.525],[134.759,71.092],[135.314,70.658],[135.854,70.212],[136.371,69.765],[136.867,69.316],[137.342,68.866],[137.799,68.415],[138.237,67.963],[138.659,67.509],[139.065,67.055],[139.401,66.618],[139.726,66.181],[140.04,65.743],[140.343,65.304],[140.636,64.865],[140.919,64.425],[141.194,63.984],[141.46,63.544],[141.807,63.098],[142.143,62.652],[142.47,62.204],[142.786,61.756],[143.094,61.308],[143.393,60.858],[143.839,60.411],[144.272,59.963],[144.694,59.513],[145.104,59.061],[145.579,58.74],[146.045,58.417],[146.503,58.093],[146.953,57.767],[147.394,57.439],[147.739,56.994],[148.076,56.548],[148.405,56.101],[148.726,55.653],[149.04,55.205],[149.347,54.756],[149.648,54.305],[149.964,53.941],[150.275,53.576],[150.58,53.21],[150.88,52.844],[151.175,52.476]]}},{"type":"Feature","properties":{"boundary_type":"ridge","feature_type":"gpml:MidOceanRidge","polarity":null,"overriding_plate_id":null,"subducting_plate_id":null,"plate_ids":[301,604],"name":"South China Sea MOR"},"geometry":{"type":"LineString","coordinates":[[110.991,13.711],[110.988,13.708],[111.342,14.043],[111.698,14.378],[112.054,14.712],[112.412,15.046],[112.771,15.379],[113.131,15.711],[113.459,16.007],[113.787,16.303],[114.117,16.599],[114.199,16.592],[114.438,16.86],[114.678,17.127],[114.485,17.242],[114.777,17.608],[115.07,17.974],[115.4,18.126],[115.861,18.297],[116.324,18.468],[116.405,18.309],[116.757,18.444],[117.109,18.579],[117.461,18.713],[117.551,18.574],[117.935,18.732],[118.321,18.889],[118.587,19.026],[119.028,19.216],[119.47,19.404],[119.913,19.592],[120.358,19.778],[120.803,19.963],[121.249,20.147],[121.696,20.33]]}},{"type":"Feature","properties":{"boundary_type":"ridge","feature_type":"gpml:MidOceanRidge","polarity":null,"overriding_plate_id":null,"subducting_plate_id":null,"plate_ids":[301,604],"name":"South China Sea MOR"},"geometry":{"type":"LineString","coordinates":[[108.816,11.616],[109.177,11.967],[109.538,12.318],[109.901,12.668],[110.264,13.017],[110.628,13.366],[110.994,13.715],[110.991,13.711]]}},{"type":"Feature","properties":{"boundary_type":"subduction","feature_type":"gpml:SubductionZone","polarity":"Left","overriding_plate_id":673,"subducting_plate_id":511,"plate_ids":[511,673],"name":"Java SZ"},"geometry":{"type":"LineString","coordinates":[[107.477,-5.808],[107.897,-5.824],[108.317,-5.839],[108.743,-5.935],[109.169,-6.029],[109.596,-6.124],[110.023,-6.218],[110.449,-6.311],[110.876,-6.405],[111.355,-6.46],[111.835,-6.514],[112.314,-6.568],[112.793,-6.622]]}},{"type":"Feature","properties":{"boundary_type":"subduction","feature_type":"gpml:SubductionZone","polarity":"Left","overriding_plate_id":673,"subducting_plate_id":801,"plate_ids":[673,801],"name":"Java SZ"},"geometry":{"type":"LineString","coordinates":[[112.793,-6.622],[113.04,-6.649],[113.473,-6.759],[113.906,-6.869],[114.339,-6.978],[114.773,-7.086],[115.206,-7.194],[115.609,-7.304],[116.011,-7.412],[116.414,-7.521]]}},{"type":"Feature","properties":{"boundary_type":"subduction","feature_type":"gpml:SubductionZone","polarity":"Left","overriding_plate_id":673,"subducting_plate_id":801,"plate_ids":[673,801],"name":"Flores Banda SZ"},"geometry":{"type":"LineString","coordinates":[[116.414,-7.521],[116.902,-7.557],[117.39,-7.593],[117.879,-7.628],[118.367,-7.663],[118.856,-7.697],[119.345,-7.731],[119.833,-7.764],[120.301,-7.83],[120.77,-7.896]]}},{"type":"Feature","properties":{"boundary_type":"subduction","feature_type":"gpml:SubductionZone","polarity":"Right","overriding_plate_id":673,"subducting_plate_id":604,"plate_ids":[604,673],"name":"Palawan SZ"},"geometry":{"type":"LineString","coordinates":[[118.185,10.872],[118.505,11.139],[118.827,11.405]]}},{"type":"Feature","properties":{"boundary_type":"subduction","feature_type":"gpml:SubductionZone","polarity":"Right","overriding_plate_id":645,"subducting_plate_id":604,"plate_ids":[604,645],"name":"Palawan SZ"},"geometry":{"type":"LineString","coordinates":[[118.827,11.405],[119.207,11.719],[119.588,12.032],[119.971,12.345],[120.354,12.658],[120.662,12.999],[120.972,13.341],[121.282,13.682],[121.594,14.023],[121.906,14.363],[122.219,14.703],[122.382,15.083],[122.546,15.462],[122.71,15.842],[122.875,16.221],[123.041,16.601]]}},{"type":"Feature","properties":{"boundary_type":"subduction","feature_type":"gpml:SubductionZone","polarity":"Right","overriding_plate_id":301,"subducting_plate_id":608,"plate_ids":[301,608],"name":"Philippine TR from NUVEL-mg"},"geometry":{"type":"LineString","coordinates":[[120.64,27.004],[120.565,26.619],[120.436,26.309],[120.308,25.999],[120.448,25.558],[120.588,25.116],[120.667,24.647],[120.746,24.178],[120.825,23.71],[121.053,23.318],[121.28,22.927],[121.505,22.535],[121.524,22.149],[121.543,21.764],[121.561,21.378],[121.58,20.993],[121.638,20.661],[121.696,20.33]]}},{"type":"Feature","properties":{"boundary_type":"subduction","feature_type":"gpml:SubductionZone","polarity":"Right","overriding_plate_id":604,"subducting_plate_id":608,"plate_ids":[604,608],"name":"Philippine TR from NUVEL-mg"},"geometry":{"type":"LineString","coordinates":[[121.696,20.33],[121.758,19.978],[121.926,19.576],[122.094,19.174],[122.261,18.772],[122.322,18.385],[122.384,17.999],[122.445,17.613],[122.644,17.276],[122.843,16.938],[123.041,16.601]]}},{"type":"Feature","properties":{"boundary_type":"subduction","feature_type":"gpml:SubductionZone","polarity":"Right","overriding_plate_id":645,"subducting_plate_id":608,"plate_ids":[608,645],"name":"Philippine TR from NUVEL-mg"},"geometry":{"type":"LineString","coordinates":[[123.041,16.601],[123.181,16.362],[123.32,16.123],[123.483,15.778],[123.646,15.433],[123.809,15.088],[123.971,14.743],[124.148,14.354],[124.325,13.964],[124.501,13.574],[124.677,13.184],[124.716,12.737],[124.754,12.29],[124.792,11.843],[124.83,11.396],[124.939,11.008],[125.047,10.62],[125.155,10.232],[125.263,9.844],[125.371,9.456],[125.491,9.004],[125.612,8.552],[125.731,8.1],[125.851,7.647],[125.968,7.259],[126.085,6.87],[126.201,6.482],[126.318,6.093],[126.434,5.704],[126.454,5.537]]}},{"type":"Feature","properties":{"boundary_type":"subduction","feature_type":"gpml:SubductionZone","polarity":"Right","overriding_plate_id":645,"subducting_plate_id":801,"plate_ids":[645,801],"name":"Philippine TR from NUVEL-mg"},"geometry":{"type":"LineString","coordinates":[[126.454,5.537],[126.501,5.131],[126.548,4.725],[126.594,4.32],[126.73,3.898],[126.865,3.476],[127.0,3.054],[127.135,2.632],[127.27,2.21],[127.404,1.788],[127.539,1.366],[127.674,0.945],[127.7,0.5],[127.726,0.055],[127.752,-0.39],[127.778,-0.835],[127.804,-1.279],[127.83,-1.724],[127.856,-2.169],[127.882,-2.614],[127.839,-2.894],[127.797,-3.174]]}},{"type":"Feature","properties":{"boundary_type":"subduction","feature_type":"gpml:SubductionZone","polarity":"Left","overriding_plate_id":224,"subducting_plate_id":902,"plate_ids":[224,902],"name":""},"geometry":{"type":"LineString","coordinates":[[-90.01,14.882],[-89.688,14.586],[-89.367,14.288],[-89.027,13.993],[-88.687,13.697],[-88.348,13.4],[-88.009,13.103],[-87.672,12.806],[-87.335,12.508],[-87.0,12.21],[-86.665,11.911],[-86.282,11.609],[-85.9,11.306],[-85.519,11.003]]}},{"type":"Feature","properties":{"boundary_type":"subduction","feature_type":"gpml:SubductionZone","polarity":"Left","overriding_plate_id":224,"subducting_plate_id":902,"plate_ids":[224,902],"name":""},"geometry":{"type":"LineString","coordinates":[[-85.519,11.003],[-85.202,10.612],[-84.885,10.222],[-84.57,9.83],[-84.255,9.439],[-83.941,9.047],[-83.627,8.655],[-83.315,8.263],[-83.002,7.871],[-82.691,7.478],[-82.367,7.124],[-82.045,6.77],[-81.722,6.416],[-81.4,6.061],[-81.079,5.707],[-80.758,5.352],[-80.735,5.334]]}},{"type":"Feature","properties":{"boundary_type":"subduction","feature_type":"gpml:SubductionZone","polarity":"Left","overriding_plate_id":224,"subducting_plate_id":911,"plate_ids":[224,911],"name":""},"geometry":{"type":"LineString","coordinates":[[-80.735,5.334],[-80.384,5.064],[-80.033,4.793],[-79.682,4.521],[-79.331,4.25],[-78.981,3.979],[-78.631,3.707],[-78.282,3.435],[-77.896,3.256],[-77.511,3.077],[-77.125,2.897]]}},{"type":"Feature","properties":{"boundary_type":"subduction","feature_type":"gpml:SubductionZone","polarity":"Left","overriding_plate_id":224,"subducting_plate_id":911,"plate_ids":[224,911],"name":""},"geometry":{"type":"LineString","coordinates":[[-77.125,2.897],[-77.012,2.426],[-77.029,2.053],[-77.046,1.68],[-77.062,1.307],[-77.166,0.891],[-77.271,0.476],[-77.375,0.061],[-77.341,-0.377],[-77.307,-0.814],[-77.273,-1.252],[-77.24,-1.69],[-77.206,-2.127],[-77.172,-2.565],[-77.016,-2.965],[-76.861,-3.365]]}},{"type":"Feature","properties":{"boundary_type":"subduction","feature_type":"gpml:SubductionZone","polarity":"Right","overriding_plate_id":224,"subducting_plate_id":101,"plate_ids":[101,224],"name":""},"geometry":{"type":"LineString","coordinates":[[-58.005,16.182],[-57.708,15.851],[-57.412,15.519],[-57.117,15.187]]}},{"type":"Feature","properties":{"boundary_type":"subduction","feature_type":"gpml:SubductionZone","polarity":"Right","overriding_plate_id":224,"subducting_plate_id":201,"plate_ids":[201,224],"name":""},"geometry":{"type":"LineString","coordinates":[[-57.117,15.187],[-56.857,14.893],[-56.598,14.599],[-56.339,14.305],[-56.082,14.01],[-55.912,13.543],[-55.743,13.075],[-55.574,12.608],[-55.406,12.14],[-55.201,11.816],[-54.996,11.492],[-54.791,11.168],[-54.735,10.699],[-54.68,10.23],[-54.624,9.761],[-54.569,9.292],[-54.692,8.838],[-54.815,8.383],[-54.937,7.929],[-55.059,7.475],[-55.156,7.212],[-55.253,6.95]]}},{"type":"Feature","properties":{"boundary_type":"transform","feature_type":"gpml:Transform","polarity":null,"overriding_plate_id":null,"subducting_plate_id":null,"plate_ids":[101,902],"name":"FZ NORTH 1"},"geometry":{"type":"LineString","coordinates":[[-90.283,14.885],[-90.01,14.882]]}},{"type":"Feature","properties":{"boundary_type":"transform","feature_type":"gpml:Transform","polarity":null,"overriding_plate_id":null,"subducting_plate_id":null,"plate_ids":[101,224],"name":"FZ NORTH 1"},"geometry":{"type":"LineString","coordinates":[[-90.01,14.882],[-89.501,14.877],[-88.993,14.871],[-88.485,14.864],[-87.977,14.855],[-87.469,14.846],[-86.961,14.835],[-86.453,14.823],[-85.945,14.81],[-85.437,14.796],[-85.029,14.813],[-84.621,14.828],[-84.213,14.843],[-83.805,14.858],[-83.399,14.941],[-82.993,15.023],[-82.587,15.105],[-82.18,15.186],[-81.711,15.325],[-81.24,15.463],[-80.77,15.6],[-80.298,15.736],[-79.851,15.822],[-79.404,15.908],[-78.957,15.992],[-78.509,16.076],[-78.092,16.094],[-77.676,16.112],[-77.259,16.129],[-76.843,16.146]]}},{"type":"Feature","properties":{"boundary_type":"transform","feature_type":"gpml:Transform","polarity":null,"overriding_plate_id":null,"subducting_plate_id":null,"plate_ids":[201,224],"name":"TBD"},"geometry":{"type":"LineString","coordinates":[[-69.852,9.048],[-69.394,8.963],[-68.936,8.877],[-68.479,8.791],[-68.022,8.704],[-67.565,8.616],[-67.108,8.529],[-66.652,8.44],[-66.195,8.351],[-65.739,8.262],[-65.283,8.172],[-64.828,8.081],[-64.348,8.03],[-63.868,7.978],[-63.388,7.925],[-62.909,7.872],[-62.429,7.818],[-61.95,7.764],[-61.471,7.709],[-60.992,7.654],[-60.513,7.598],[-60.034,7.542],[-59.556,7.485],[-59.077,7.427],[-58.599,7.369],[-58.12,7.311],[-57.642,7.252],[-57.164,7.193],[-56.686,7.133],[-56.208,7.072],[-55.731,7.011],[-55.253,6.95]]}},{"type":"Feature","properties":{"boundary_type":"transform","feature_type":"gpml:Transform","polarity":null,"overriding_plate_id":null,"subducting_plate_id":null,"plate_ids":[101,224],"name":"FZ NORTH 2"},"geometry":{"type":"LineString","coordinates":[[-76.951,17.06],[-76.773,17.068],[-76.286,17.092],[-75.799,17.113],[-75.312,17.134],[-74.825,17.154],[-74.338,17.172],[-73.896,17.185],[-73.454,17.198],[-73.012,17.209],[-72.57,17.219],[-72.128,17.228],[-71.686,17.237],[-71.23,17.242],[-70.773,17.246],[-70.317,17.249],[-69.861,17.252],[-69.404,17.253],[-68.948,17.253],[-68.461,17.228],[-67.974,17.201],[-67.487,17.173],[-67.001,17.144],[-66.514,17.114],[-66.028,17.083],[-65.542,17.05],[-65.077,17.017],[-64.611,16.982],[-64.146,16.947],[-63.681,16.91],[-63.216,16.872],[-62.752,16.834],[-62.238,16.768],[-61.725,16.7],[-61.212,16.632],[-60.699,16.562],[-60.187,16.491],[-59.675,16.419],[-59.258,16.361],[-58.84,16.302],[-58.422,16.243],[-58.005,16.182]]}},{"type":"Feature","properties":{"boundary_type":"ridge","feature_type":"gpml:MidOceanRidge","polarity":null,"overriding_plate_id":null,"subducting_plate_id":null,"plate_ids":[901,911],"name":"Marie Byrd Land-Nazca MOR NW15"},"geometry":{"type":"LineString","coordinates":[[-107.23,-40.064],[-106.732,-40.134],[-106.233,-40.201],[-105.732,-40.266],[-105.231,-40.329]]}},{"type":"Feature","properties":{"boundary_type":"ridge","feature_type":"gpml:MidOceanRidge","polarity":null,"overriding_plate_id":null,"subducting_plate_id":null,"plate_ids":[802,911],"name":"Marie Byrd Land-Nazca MOR NW15"},"geometry":{"type":"LineString","coordinates":[[-105.231,-40.329],[-104.751,-40.387],[-104.127,-40.518],[-103.501,-40.646],[-102.873,-40.77],[-102.242,-40.891],[-101.609,-41.008],[-100.974,-41.122],[-100.337,-41.232],[-99.697,-41.339],[-99.056,-41.442],[-98.412,-41.542],[-97.766,-41.638],[-97.119,-41.73],[-96.604,-41.823],[-96.087,-41.914],[-96.126,-42.37],[-96.166,-42.826],[-96.207,-43.283],[-95.614,-43.328],[-95.02,-43.371],[-94.425,-43.41],[-93.83,-43.446],[-93.234,-43.479],[-92.637,-43.509],[-92.04,-43.536],[-92.106,-43.892],[-92.174,-44.247],[-91.68,-44.261],[-91.187,-44.272],[-90.693,-44.281],[-90.739,-44.722],[-90.785,-45.162],[-90.832,-45.603],[-90.88,-46.043],[-90.928,-46.484],[-90.252,-46.546],[-89.574,-46.605],[-88.894,-46.659],[-88.214,-46.709],[-87.532,-46.756],[-87.522,-47.176],[-87.512,-47.597],[-86.913,-47.611],[-86.314,-47.621],[-85.715,-47.629],[-85.116,-47.634],[-84.517,-47.635],[-84.486,-48.125],[-84.454,-48.615],[-84.422,-49.105],[-84.39,-49.595],[-83.639,-49.57],[-82.889,-49.539],[-82.14,-49.504],[-82.119,-49.878],[-82.097,-50.251],[-82.075,-50.624],[-81.362,-50.581],[-80.649,-50.533],[-79.939,-50.48],[-79.23,-50.424],[-78.522,-50.363],[-77.817,-50.298],[-77.113,-50.228],[-76.99,-50.527],[-76.866,-50.825]]}},{"type":"Feature","properties":{"boundary_type":"ridge","feature_type":"gpml:MidOceanRidge","polarity":null,"overriding_plate_id":null,"subducting_plate_id":null,"plate_ids":[802,819],"name":"Marie Byrd Land - Aluk ridge NW15"},"geometry":{"type":"LineString","coordinates":[[-75.274,-58.071],[-75.385,-58.126]]}},{"type":"Feature","properties":{"boundary_type":"ridge","feature_type":"gpml:MidOceanRidge","polarity":null,"overriding_plate_id":null,"subducting_plate_id":null,"plate_ids":[802,904],"name":"Marie Byrd Land - Aluk ridge NW15"},"geometry":{"type":"LineString","coordinates":[[-75.385,-58.126],[-75.994,-58.422],[-76.615,-58.715],[-76.996,-58.939],[-77.382,-59.162],[-76.869,-59.432],[-76.349,-59.7],[-77.035,-60.039],[-77.736,-60.375],[-78.451,-60.707],[-77.935,-61.081],[-77.406,-61.453],[-76.865,-61.823],[-76.311,-62.191],[-75.742,-62.556],[-75.16,-62.919],[-74.564,-63.28],[-75.186,-63.493],[-75.818,-63.703],[-75.387,-63.987],[-74.947,-64.271],[-75.497,-64.468],[-76.055,-64.662],[-75.647,-64.947],[-75.231,-65.23],[-76.202,-65.497],[-75.66,-65.803],[-75.105,-66.107]]}},{"type":"Feature","properties":{"boundary_type":"ridge","feature_type":"gpml:MidOceanRidge","polarity":null,"overriding_plate_id":null,"subducting_plate_id":null,"plate_ids":[902],"name":"MOR Pacific-Cocos"},"geometry":{"type":"LineString","coordinates":[[-107.183,33.097],[-106.978,32.654],[-106.775,32.211],[-106.574,31.767],[-106.375,31.323],[-106.177,30.879],[-105.982,30.434],[-105.788,29.99],[-105.596,29.545],[-105.406,29.099],[-105.218,28.654],[-105.03,28.208],[-104.845,27.761],[-104.661,27.315],[-105.13,27.171],[-105.597,27.026],[-106.063,26.879],[-105.925,26.438],[-105.788,25.997],[-105.652,25.556],[-105.517,25.115],[-105.049,25.213],[-104.58,25.309],[-104.11,25.403],[-103.639,25.497],[-103.168,25.588],[-103.018,25.139],[-102.869,24.689],[-102.721,24.239],[-102.575,23.789],[-102.429,23.339],[-102.284,22.888],[-102.14,22.438],[-101.998,21.987],[-101.856,21.536],[-101.715,21.086],[-101.574,20.635],[-101.435,20.184],[-101.296,19.732],[-101.618,19.621],[-101.939,19.509],[-101.837,19.084],[-101.736,18.66],[-101.635,18.235],[-101.535,17.81],[-101.967,17.693],[-102.399,17.574],[-102.83,17.455],[-103.26,17.335],[-103.133,16.874],[-103.006,16.412],[-102.879,15.951],[-102.753,15.489],[-102.628,15.027],[-102.503,14.565],[-102.379,14.103],[-102.255,13.641],[-102.015,13.208],[-101.777,12.775],[-101.539,12.342],[-101.429,11.892],[-101.321,11.443],[-101.212,10.993],[-101.104,10.543],[-100.996,10.094],[-100.889,9.644],[-100.782,9.194],[-100.675,8.745],[-100.585,8.346],[-100.583,8.34]]}},{"type":"Feature","properties":{"boundary_type":"ridge","feature_type":"gpml:MidOceanRidge","polarity":null,"overriding_plate_id":null,"subducting_plate_id":null,"plate_ids":[901],"name":"MOR Pacific-Cocos duplicate for topologies NW15"},"geometry":{"type":"LineString","coordinates":[[-103.136,25.566],[-103.009,25.192],[-102.884,24.818],[-102.734,24.356],[-102.586,23.894],[-102.439,23.432],[-102.293,22.97],[-102.148,22.508],[-102.004,22.046],[-101.86,21.583],[-101.718,21.121],[-101.577,20.658],[-101.436,20.195],[-101.296,19.732],[-101.618,19.621],[-101.939,19.509],[-101.837,19.084],[-101.736,18.66],[-101.635,18.235],[-101.535,17.81],[-101.967,17.693],[-102.399,17.574],[-102.83,17.455],[-103.26,17.335],[-103.133,16.874],[-103.006,16.412],[-102.879,15.951],[-102.753,15.489],[-102.628,15.027],[-102.503,14.565],[-102.379,14.103],[-102.255,13.641],[-102.015,13.208],[-101.777,12.775],[-101.539,12.342],[-101.429,11.892],[-101.321,11.443],[-101.212,10.993],[-101.104,10.543],[-100.996,10.094],[-100.889,9.644],[-100.782,9.194],[-100.675,8.745],[-100.585,8.346],[-100.583,8.34]]}},{"type":"Feature","properties":{"boundary_type":"transform","feature_type":"gpml:Transform","polarity":null,"overriding_plate_id":null,"subducting_plate_id":null,"plate_ids":[801,922],"name":"West Torres Basin Transform"},"geometry":{"type":"LineString","coordinates":[[173.609,-6.666],[173.257,-7.011],[172.905,-7.355],[172.553,-7.7],[172.2,-8.044],[171.846,-8.388],[171.492,-8.731],[171.137,-9.075],[170.781,-9.418],[170.425,-9.76],[170.068,-10.102],[169.71,-10.444],[169.351,-10.786],[168.992,-11.127],[168.632,-11.467],[168.271,-11.807],[167.909,-12.147],[167.546,-12.486],[167.182,-12.825],[166.817,-13.163],[166.451,-13.501],[166.084,-13.838],[165.716,-14.174],[165.347,-14.51],[164.977,-14.846],[164.605,-15.181],[164.233,-15.515],[163.859,-15.848],[163.484,-16.181]]}},{"type":"Feature","properties":{"boundary_type":"subduction","feature_type":"gpml:SubductionZone","polarity":"Right","overriding_plate_id":801,"subducting_plate_id":922,"plate_ids":[801,922],"name":"West Soloman Sea Subduction"},"geometry":{"type":"LineString","coordinates":[[149.458,-2.482],[149.463,-2.965],[149.468,-3.448],[149.473,-3.931],[149.479,-4.414],[149.494,-4.89],[149.509,-5.365],[149.525,-5.841],[149.54,-6.317],[149.556,-6.793],[149.571,-7.268],[149.672,-7.682],[149.772,-8.095],[149.873,-8.509],[149.974,-8.922],[150.075,-9.335],[150.314,-9.695],[150.554,-10.055],[150.794,-10.414],[151.034,-10.774],[151.275,-11.133],[151.672,-11.374],[152.069,-11.615],[152.467,-11.856],[152.866,-12.095],[153.265,-12.335],[153.594,-12.537],[153.923,-12.74],[154.252,-12.942],[154.582,-13.143],[154.981,-13.288],[155.381,-13.432],[155.781,-13.576],[156.182,-13.718],[156.583,-13.861],[156.983,-13.988],[157.383,-14.114],[157.784,-14.24],[158.232,-14.324],[158.681,-14.407],[159.13,-14.489],[159.483,-14.616],[159.837,-14.742],[160.191,-14.867],[160.655,-15.016],[161.12,-15.164],[161.528,-15.251],[161.935,-15.336],[162.32,-15.548],[162.706,-15.759],[163.093,-15.97],[163.48,-16.179],[163.484,-16.181]]}},{"type":"Feature","properties":{"boundary_type":"subduction","feature_type":"gpml:SubductionZone","polarity":"Right","overriding_plate_id":922,"subducting_plate_id":901,"plate_ids":[901,922],"name":"Pacific Melanesia Subduction Zone"},"geometry":{"type":"LineString","coordinates":[[160.89,1.195],[161.008,1.102],[161.365,0.863],[161.722,0.625],[162.08,0.386],[162.437,0.147],[162.712,-0.106],[162.987,-0.36],[163.262,-0.613],[163.521,-0.835],[163.78,-1.058],[164.04,-1.28],[164.267,-1.549],[164.494,-1.818],[164.721,-2.087],[164.962,-2.403],[165.203,-2.719],[165.444,-3.034],[165.808,-3.369],[166.171,-3.703],[166.506,-3.897],[166.841,-4.091],[167.176,-4.285],[167.575,-4.388],[167.973,-4.491],[168.372,-4.594],[168.829,-4.769],[169.287,-4.943],[169.672,-5.234],[170.057,-5.524],[170.498,-5.723],[170.939,-5.922],[171.38,-6.121],[171.759,-6.287],[172.139,-6.452],[172.519,-6.617],[172.9,-6.782]]}},{"type":"Feature","properties":{"boundary_type":"subduction","feature_type":"gpml:SubductionZone","polarity":"Right","overriding_plate_id":922,"subducting_plate_id":901,"plate_ids":[901,922],"name":"Pacific Melanesia Subduction Zone"},"geometry":{"type":"LineString","coordinates":[[172.9,-6.782],[173.254,-6.724],[173.609,-6.666]]}},{"type":"Feature","properties":{"boundary_type":"subduction","feature_type":"gpml:SubductionZone","polarity":"Right","overriding_plate_id":801,"subducting_plate_id":901,"plate_ids":[801,901],"name":"Pacific Melanesia Subduction Zone"},"geometry":{"type":"LineString","coordinates":[[173.609,-6.666],[173.921,-6.614],[174.233,-6.562],[174.688,-6.546],[175.144,-6.53],[175.599,-6.513],[176.054,-6.495],[176.51,-6.478],[176.891,-6.649],[177.273,-6.819],[177.654,-6.99],[178.036,-7.16],[178.301,-7.431],[178.567,-7.703],[178.832,-7.975],[179.2,-8.233],[179.568,-8.492],[179.937,-8.75],[-179.737,-8.96],[-179.411,-9.17],[-179.084,-9.379],[-178.757,-9.588],[-178.509,-9.808],[-178.261,-10.028],[-178.011,-10.213],[-177.76,-10.397]]}},{"type":"Feature","properties":{"boundary_type":"subduction","feature_type":"gpml:SubductionZone","polarity":"Right","overriding_plate_id":819,"subducting_plate_id":802,"plate_ids":[802,819],"name":"South America trench taken from COB file"},"geometry":{"type":"LineString","coordinates":[[-75.274,-58.071],[-75.526,-57.991],[-75.792,-57.928],[-76.281,-57.755],[-76.555,-57.52],[-76.825,-57.285],[-77.105,-56.821],[-77.378,-56.356],[-77.494,-56.072],[-77.609,-55.787],[-77.682,-55.514],[-77.754,-55.24],[-77.765,-54.955],[-77.777,-54.669],[-77.668,-54.35],[-77.561,-54.03]]}},{"type":"Feature","properties":{"boundary_type":"subduction","feature_type":"gpml:SubductionZone","polarity":"Right","overriding_plate_id":201,"subducting_plate_id":802,"plate_ids":[201,802],"name":"South America trench taken from COB file"},"geometry":{"type":"LineString","coordinates":[[-77.561,-54.03],[-77.463,-53.731],[-77.366,-53.431],[-77.406,-53.053],[-77.447,-52.675],[-77.543,-52.309],[-77.638,-51.942],[-77.441,-51.492],[-77.248,-51.042],[-76.866,-50.825]]}},{"type":"Feature","properties":{"boundary_type":"subduction","feature_type":"gpml:SubductionZone","polarity":"Right","overriding_plate_id":201,"subducting_plate_id":911,"plate_ids":[201,911],"name":"South America trench taken from COB file"},"geometry":{"type":"LineString","coordinates":[[-76.866,-50.825],[-76.34,-50.521],[-75.661,-50.369],[-75.48,-49.933],[-75.285,-49.576],[-75.174,-49.318],[-75.065,-49.059],[-74.995,-48.745],[-75.027,-48.525],[-75.101,-48.256],[-75.139,-48.008],[-75.192,-47.666],[-75.016,-47.332],[-74.865,-46.974],[-74.764,-46.75],[-74.583,-46.371],[-74.522,-46.155],[-74.436,-45.893],[-74.363,-45.649],[-74.259,-45.307],[-74.157,-44.965],[-74.056,-44.623],[-73.983,-44.298],[-73.899,-44.038],[-73.816,-43.777],[-73.729,-43.477],[-73.708,-43.209],[-73.687,-42.941],[-73.667,-42.709],[-73.521,-42.323],[-73.356,-41.922],[-73.249,-41.683],[-73.143,-41.443],[-73.065,-40.965],[-72.908,-40.534],[-72.737,-40.18],[-72.568,-39.826],[-72.401,-39.472],[-72.235,-39.118],[-71.995,-38.73],[-71.756,-38.342],[-71.52,-37.954],[-71.287,-37.565],[-71.056,-37.176],[-70.828,-36.787],[-70.601,-36.396],[-70.495,-35.92],[-70.389,-35.443],[-70.285,-34.966],[-70.182,-34.489],[-70.08,-34.013],[-69.979,-33.536],[-69.88,-33.058],[-69.781,-32.581],[-69.684,-32.104],[-69.525,-31.713],[-69.368,-31.323],[-69.213,-30.932],[-69.058,-30.541],[-68.905,-30.149],[-68.814,-29.692],[-68.724,-29.234],[-68.635,-28.777],[-68.546,-28.319],[-68.459,-27.862],[-68.372,-27.404],[-68.286,-26.947],[-68.2,-26.489],[-68.132,-26.08],[-68.064,-25.671],[-67.996,-25.263],[-68.063,-24.824],[-68.13,-24.385],[-68.116,-24.043],[-68.102,-23.702],[-68.243,-23.271],[-68.382,-22.84],[-68.65,-22.409],[-68.916,-21.978],[-69.236,-21.632],[-69.556,-21.285],[-69.874,-20.937],[-70.19,-20.589],[-70.505,-20.24],[-70.957,-20.001],[-71.407,-19.76],[-71.734,-19.409],[-72.059,-19.057],[-72.382,-18.704],[-72.705,-18.351],[-73.026,-17.998],[-73.345,-17.644],[-73.664,-17.289],[-73.981,-16.934],[-74.297,-16.578],[-74.524,-16.17],[-74.75,-15.762],[-74.975,-15.353],[-75.199,-14.944],[-75.423,-14.535],[-75.645,-14.126],[-75.867,-13.716],[-76.088,-13.306],[-76.308,-12.896],[-76.528,-12.486],[-76.747,-12.076],[-76.894,-11.615],[-77.04,-11.154],[-77.186,-10.693],[-77.332,-10.232],[-77.477,-9.771],[-77.622,-9.31],[-77.766,-8.849],[-77.91,-8.387],[-77.817,-7.903],[-77.724,-7.419],[-77.632,-6.935],[-77.54,-6.451],[-77.447,-5.967],[-77.355,-5.483],[-77.306,-5.202],[-77.267,-4.949],[-77.2,-4.669],[-77.125,-4.299],[-77.072,-4.092],[-77.035,-3.847],[-76.895,-3.464],[-76.861,-3.365]]}},{"type":"Feature","properties":{"boundary_type":"subduction","feature_type":"gpml:SubductionZone","polarity":"Right","overriding_plate_id":201,"subducting_plate_id":224,"plate_ids":[201,224],"name":"South America trench taken from COB file"},"geometry":{"type":"LineString","coordinates":[[-76.861,-3.365],[-76.777,-3.124],[-76.637,-2.851],[-76.42,-2.418],[-76.266,-2.072],[-76.096,-1.764],[-75.892,-1.366],[-75.647,-1.037],[-75.422,-0.715],[-75.261,-0.516],[-74.99,-0.189],[-74.689,0.173],[-74.401,0.481],[-74.159,0.674],[-73.927,0.977],[-73.752,1.128],[-73.693,1.417],[-73.444,1.773],[-73.194,2.129],[-73.184,2.137],[-73.152,2.208],[-73.137,2.408],[-73.122,2.608],[-73.157,2.857],[-73.213,3.08],[-73.344,3.391],[-73.434,3.525],[-73.533,3.779],[-73.548,3.792]]}},{"type":"Feature","properties":{"boundary_type":"subduction","feature_type":"gpml:SubductionZone","polarity":"Right","overriding_plate_id":201,"subducting_plate_id":224,"plate_ids":[201,224],"name":"TBD"},"geometry":{"type":"LineString","coordinates":[[-73.548,3.792],[-73.524,4.194],[-73.5,4.597],[-73.476,5.0],[-73.203,5.32],[-72.93,5.64],[-72.656,5.96],[-72.383,6.28],[-72.108,6.608],[-71.834,6.936],[-71.559,7.264],[-71.284,7.591],[-71.008,7.918],[-70.732,8.245],[-70.439,8.513],[-70.145,8.78],[-69.852,9.048]]}},{"type":"Feature","properties":{"boundary_type":"other","feature_type":"gpml:Fault","polarity":null,"overriding_plate_id":null,"subducting_plate_id":null,"plate_ids":[101,901],"name":"PAC NAM 2 SAF MG 4-28-07"},"geometry":{"type":"LineString","coordinates":[[-111.225,37.156],[-111.154,36.936],[-111.055,36.688],[-110.957,36.44],[-110.829,36.165],[-110.702,35.89],[-110.499,35.587],[-110.297,35.283],[-109.826,35.044],[-109.358,34.803],[-109.136,34.619],[-108.914,34.435],[-108.597,34.153],[-108.282,33.87],[-107.83,33.559],[-107.382,33.247],[-107.183,33.097]]}},{"type":"Feature","properties":{"boundary_type":"other","feature_type":"gpml:Fault","polarity":null,"overriding_plate_id":null,"subducting_plate_id":null,"plate_ids":[101,902],"name":"PAC NAM 2 SAF MG 4-28-07"},"geometry":{"type":"LineString","coordinates":[[-107.183,33.097],[-107.028,32.979],[-106.637,32.731]]}},{"type":"Feature","properties":{"boundary_type":"subduction","feature_type":"gpml:SubductionZone","polarity":"Left","overriding_plate_id":101,"subducting_plate_id":901,"plate_ids":[101,901],"name":"NAM subduction COB"},"geometry":{"type":"LineString","coordinates":[[-119.934,54.792],[-119.634,54.487]]}},{"type":"Feature","properties":{"boundary_type":"subduction","feature_type":"gpml:SubductionZone","polarity":"Left","overriding_plate_id":101,"subducting_plate_id":903,"plate_ids":[101,903],"name":"NAM subduction COB"},"geometry":{"type":"LineString","coordinates":[[-119.634,54.487],[-119.367,54.211],[-119.191,54.061]]}},{"type":"Feature","properties":{"boundary_type":"subduction","feature_type":"gpml:SubductionZone","polarity":"Left","overriding_plate_id":101,"subducting_plate_id":903,"plate_ids":[101,903],"name":"NAM subduction COB"},"geometry":{"type":"LineString","coordinates":[[-119.191,54.061],[-118.846,53.763],[-118.497,53.481],[-118.153,53.198],[-117.814,52.914],[-117.5,52.534],[-117.191,52.152],[-116.927,51.799],[-116.667,51.446],[-116.323,51.054],[-115.986,50.66],[-115.927,50.306],[-115.868,49.951],[-115.811,49.597],[-115.752,49.189],[-115.694,48.781],[-115.637,48.372],[-115.719,47.944],[-115.799,47.515],[-115.928,47.156],[-116.054,46.797],[-116.179,46.438],[-116.219,45.964],[-116.258,45.49],[-116.297,45.016],[-116.261,44.552],[-116.225,44.088],[-116.19,43.623],[-116.237,43.232],[-116.284,42.841],[-116.33,42.45],[-116.375,42.059],[-116.1,41.742],[-115.828,41.424],[-115.558,41.105],[-115.291,40.786],[-114.998,40.39],[-114.708,39.994],[-114.422,39.596],[-114.139,39.198],[-113.789,38.871],[-113.441,38.542]]}},{"type":"Feature","properties":{"boundary_type":"subduction","feature_type":"gpml:SubductionZone","polarity":"Left","overriding_plate_id":101,"subducting_plate_id":901,"plate_ids":[101,901],"name":"NAM subduction COB"},"geometry":{"type":"LineString","coordinates":[[-113.441,38.542],[-113.14,38.255]]}},{"type":"Feature","properties":{"boundary_type":"subduction","feature_type":"gpml:SubductionZone","polarity":"Left","overriding_plate_id":101,"subducting_plate_id":901,"plate_ids":[101,901],"name":"NAM subduction COB"},"geometry":{"type":"LineString","coordinates":[[-113.14,38.255],[-112.763,37.891],[-112.371,37.628],[-111.981,37.365],[-111.603,37.261],[-111.225,37.156]]}},{"type":"Feature","properties":{"boundary_type":"ridge","feature_type":"gpml:MidOceanRidge","polarity":null,"overriding_plate_id":null,"subducting_plate_id":null,"plate_ids":[815,818],"name":"East Scotia Ridge"},"geometry":{"type":"LineString","coordinates":[[-36.738,-60.236],[-36.74,-60.245],[-36.752,-60.347],[-36.755,-60.43],[-36.785,-60.586],[-36.855,-60.737],[-37.243,-60.73],[-37.258,-60.791],[-37.285,-60.85],[-37.324,-61.138],[-37.013,-61.14],[-36.981,-61.26]]}},{"type":"Feature","properties":{"boundary_type":"transform","feature_type":"gpml:Transform","polarity":null,"overriding_plate_id":null,"subducting_plate_id":null,"plate_ids":[819,904],"name":"Shackleton Fracture Zone"},"geometry":{"type":"LineString","coordinates":[[-75.385,-58.126],[-75.028,-58.362],[-74.667,-58.598],[-74.08,-58.922],[-73.482,-59.243],[-72.873,-59.562],[-72.253,-59.877],[-71.62,-60.19],[-70.976,-60.5],[-70.317,-60.714],[-69.648,-60.926],[-68.971,-61.134],[-68.286,-61.339],[-67.736,-61.578],[-67.179,-61.815],[-66.613,-62.049]]}},{"type":"Feature","properties":{"boundary_type":"transform","feature_type":"gpml:Transform","polarity":null,"overriding_plate_id":null,"subducting_plate_id":null,"plate_ids":[818,904],"name":"Shackleton Fracture Zone"},"geometry":{"type":"LineString","coordinates":[[-66.613,-62.049],[-65.869,-62.348],[-65.11,-62.644],[-64.374,-62.996],[-63.62,-63.345],[-62.848,-63.689],[-62.057,-64.029],[-61.95,-64.101]]}},{"type":"Feature","properties":{"boundary_type":"transform","feature_type":"gpml:Transform","polarity":null,"overriding_plate_id":null,"subducting_plate_id":null,"plate_ids":[802,818],"name":"Shackleton Fracture Zone"},"geometry":{"type":"LineString","coordinates":[[-61.95,-64.101],[-61.505,-64.394],[-61.051,-64.686]]}},{"type":"Feature","properties":{"boundary_type":"subduction","feature_type":"gpml:SubductionZone","polarity":"Left","overriding_plate_id":815,"subducting_plate_id":201,"plate_ids":[201,815],"name":"Endurance Collision Zone"},"geometry":{"type":"LineString","coordinates":[[-47.78,-66.918],[-46.904,-66.753],[-46.039,-66.584],[-45.118,-66.391],[-44.211,-66.194],[-43.318,-65.991],[-42.44,-65.783],[-41.576,-65.57],[-40.85,-65.422],[-40.132,-65.269],[-39.423,-65.114],[-38.783,-64.932]]}},{"type":"Feature","properties":{"boundary_type":"transform","feature_type":"gpml:Transform","polarity":null,"overriding_plate_id":null,"subducting_plate_id":null,"plate_ids":[201,818],"name":"NORTH SCOTIA RIDGE TRANSFORM FAULT"},"geometry":{"type":"LineString","coordinates":[[-43.546,-57.199],[-44.032,-57.137],[-44.516,-57.074],[-45.214,-57.047],[-45.911,-57.017],[-46.509,-57.069]]}},{"type":"Feature","properties":{"boundary_type":"transform","feature_type":"gpml:Transform","polarity":null,"overriding_plate_id":null,"subducting_plate_id":null,"plate_ids":[201,819],"name":"NORTH SCOTIA RIDGE TRANSFORM FAULT"},"geometry":{"type":"LineString","coordinates":[[-46.509,-57.069],[-46.989,-57.11],[-47.76,-57.027],[-48.529,-56.94],[-49.169,-56.948],[-49.809,-56.952],[-50.449,-56.953],[-51.23,-57.086],[-52.017,-57.215],[-52.808,-57.338],[-53.452,-57.478],[-54.101,-57.614],[-54.86,-57.615],[-55.618,-57.612],[-56.376,-57.604],[-57.053,-57.584],[-57.729,-57.56],[-58.404,-57.532],[-59.224,-57.502],[-60.042,-57.466],[-60.759,-57.479],[-61.476,-57.487],[-62.338,-57.646],[-63.207,-57.799],[-64.083,-57.946],[-64.976,-58.022],[-65.873,-58.091],[-66.707,-58.055],[-67.539,-58.014],[-68.37,-57.967],[-69.25,-57.841],[-70.124,-57.708],[-70.876,-57.496],[-71.618,-57.279],[-72.352,-57.058],[-72.967,-56.752],[-73.572,-56.443],[-74.167,-56.131],[-74.854,-55.839],[-75.531,-55.542],[-76.053,-55.167],[-76.565,-54.79],[-77.068,-54.411],[-77.561,-54.03]]}},{"type":"Feature","properties":{"boundary_type":"ridge","feature_type":"gpml:MidOceanRidge","polarity":null,"overriding_plate_id":null,"subducting_plate_id":null,"plate_ids":[818,819],"name":"West Scotia Ridge (W1-W7)"},"geometry":{"type":"LineString","coordinates":[[-66.613,-62.049],[-66.132,-61.94],[-65.655,-61.83],[-65.128,-61.618],[-64.608,-61.405],[-64.705,-61.364],[-64.293,-61.175],[-63.885,-60.985],[-63.443,-61.126],[-62.996,-61.264],[-62.613,-61.075],[-62.235,-60.884],[-61.746,-60.995],[-61.194,-60.633],[-60.653,-60.269],[-59.968,-60.447],[-59.403,-60.064],[-58.851,-59.679],[-58.153,-59.869],[-57.447,-60.055],[-56.734,-60.237],[-56.012,-60.415],[-55.682,-60.097],[-55.358,-59.779],[-54.578,-59.957],[-53.789,-60.131],[-52.993,-60.3],[-52.188,-60.464],[-51.375,-60.623],[-50.554,-60.777],[-50.218,-60.371],[-49.89,-59.963],[-49.57,-59.554],[-48.871,-59.662],[-48.168,-59.766],[-47.997,-59.356],[-47.83,-58.946],[-47.353,-58.982],[-47.177,-58.554],[-47.005,-58.125],[-46.588,-57.874],[-46.176,-57.622],[-46.544,-57.185],[-46.509,-57.069]]}},{"type":"Feature","properties":{"boundary_type":"subduction","feature_type":"gpml:SubductionZone","polarity":"Right","overriding_plate_id":802,"subducting_plate_id":904,"plate_ids":[802,904],"name":"Ant-Aluk Subduction Zone"},"geometry":{"type":"LineString","coordinates":[[-66.114,-64.677],[-65.308,-64.553],[-64.51,-64.426],[-63.719,-64.294],[-62.831,-64.2],[-61.95,-64.101]]}},{"type":"Feature","properties":{"boundary_type":"ridge","feature_type":"gpml:MidOceanRidge","polarity":null,"overriding_plate_id":null,"subducting_plate_id":null,"plate_ids":[201,802],"name":"South America-Antarctica ridge based on c6o"},"geometry":{"type":"LineString","coordinates":[[2.343,-59.588],[1.92,-59.876],[1.488,-60.163],[0.894,-60.247],[0.297,-60.328],[-0.349,-60.355],[-0.995,-60.379],[-0.979,-60.685],[-0.963,-60.99],[-1.846,-61.034],[-2.732,-61.072],[-2.733,-61.436],[-2.735,-61.8],[-3.742,-61.813],[-4.75,-61.819],[-4.824,-62.123],[-4.9,-62.427],[-5.868,-62.448],[-6.838,-62.462],[-7.809,-62.47],[-7.771,-62.911],[-8.721,-62.924],[-9.671,-62.93],[-10.53,-62.953],[-11.264,-62.945],[-11.998,-62.933],[-12.731,-62.918],[-12.924,-63.403],[-13.123,-63.889],[-13.998,-63.841],[-14.87,-63.787],[-15.002,-64.099],[-15.775,-64.07],[-15.85,-64.422],[-15.928,-64.773],[-16.555,-64.767],[-17.181,-64.758],[-17.262,-65.048],[-17.345,-65.337],[-18.521,-65.361],[-19.699,-65.376],[-20.797,-65.384],[-21.895,-65.384],[-22.993,-65.376],[-24.089,-65.36],[-25.185,-65.336],[-26.277,-65.304],[-27.367,-65.265],[-28.454,-65.217],[-29.536,-65.162],[-29.891,-65.494],[-30.255,-65.825],[-30.629,-66.155],[-31.725,-66.105],[-32.815,-66.047],[-33.548,-65.99],[-34.277,-65.93],[-34.789,-66.279],[-35.316,-66.627],[-35.735,-66.899],[-36.911,-66.754],[-37.506,-67.179],[-38.201,-67.036],[-38.887,-66.89],[-39.483,-67.241],[-40.364,-67.054],[-40.955,-67.319],[-41.559,-67.581],[-42.4,-67.335],[-43.223,-67.085],[-43.939,-66.856],[-44.667,-66.976],[-45.403,-67.093],[-45.667,-66.89],[-46.296,-67.027],[-47.34,-67.15]]}},{"type":"Feature","properties":{"boundary_type":"transform","feature_type":"gpml:Transform","polarity":null,"overriding_plate_id":null,"subducting_plate_id":null,"plate_ids":[802,818],"name":"South Scotia Ridge Transform Fault"},"geometry":{"type":"LineString","coordinates":[[-61.051,-64.686],[-60.448,-64.701],[-59.704,-64.503],[-58.97,-64.301],[-58.338,-64.191],[-57.722,-64.08],[-56.623,-63.955],[-55.779,-63.935],[-54.937,-63.911],[-54.096,-63.882],[-53.326,-63.888],[-52.557,-63.89],[-51.787,-63.888],[-51.031,-63.909],[-50.061,-63.984],[-49.335,-64.069],[-48.604,-64.151],[-47.71,-64.296],[-47.092,-64.54],[-46.462,-64.781],[-45.735,-64.797],[-45.006,-64.809],[-44.299,-64.736],[-43.595,-64.66],[-42.922,-64.987]]}},{"type":"Feature","properties":{"boundary_type":"transform","feature_type":"gpml:Transform","polarity":null,"overriding_plate_id":null,"subducting_plate_id":null,"plate_ids":[802,815],"name":"transform"},"geometry":{"type":"LineString","coordinates":[[-48.309,-66.632],[-47.78,-66.918]]}},{"type":"Feature","properties":{"boundary_type":"transform","feature_type":"gpml:Transform","polarity":null,"overriding_plate_id":null,"subducting_plate_id":null,"plate_ids":[201,802],"name":"transform"},"geometry":{"type":"LineString","coordinates":[[-47.78,-66.918],[-47.34,-67.15]]}},{"type":"Feature","properties":{"boundary_type":"ridge","feature_type":"gpml:MidOceanRidge","polarity":null,"overriding_plate_id":null,"subducting_plate_id":null,"plate_ids":[802,815],"name":"East Scotia Ridge"},"geometry":{"type":"LineString","coordinates":[[-48.309,-66.632],[-47.363,-66.371],[-46.436,-66.104],[-45.529,-65.833],[-44.641,-65.556],[-43.772,-65.274],[-42.922,-64.987]]}},{"type":"Feature","properties":{"boundary_type":"ridge","feature_type":"gpml:MidOceanRidge","polarity":null,"overriding_plate_id":null,"subducting_plate_id":null,"plate_ids":[815,818],"name":"East Scotia Ridge"},"geometry":{"type":"LineString","coordinates":[[-42.922,-64.987],[-42.03,-64.674],[-41.16,-64.356],[-40.749,-64.138],[-40.344,-63.919],[-39.588,-63.656],[-38.846,-63.388],[-37.931,-63.486],[-37.351,-63.087],[-36.944,-62.742],[-36.836,-62.31],[-36.731,-61.878],[-36.628,-61.446],[-37.004,-61.376],[-36.981,-61.26]]}},{"type":"Feature","properties":{"boundary_type":"subduction","feature_type":"gpml:SubductionZone","polarity":"Left","overriding_plate_id":815,"subducting_plate_id":201,"plate_ids":[201,815],"name":"Sandwich Trench"},"geometry":{"type":"LineString","coordinates":[[-38.783,-64.932],[-37.899,-64.8],[-37.209,-64.549],[-36.531,-64.294],[-36.142,-64.008],[-35.761,-63.722],[-35.467,-63.496],[-35.179,-63.269],[-35.044,-62.908],[-34.912,-62.547],[-35.055,-62.159],[-35.195,-61.771],[-35.288,-61.517],[-35.533,-61.292],[-35.774,-61.067],[-36.012,-60.841],[-36.246,-60.615],[-36.738,-60.236]]}},{"type":"Feature","properties":{"boundary_type":"subduction","feature_type":"gpml:SubductionZone","polarity":"Left","overriding_plate_id":818,"subducting_plate_id":201,"plate_ids":[201,818],"name":"Sandwich Trench"},"geometry":{"type":"LineString","coordinates":[[-36.738,-60.236],[-36.85,-60.148],[-37.224,-59.932],[-37.592,-59.716],[-38.227,-59.508],[-38.898,-59.354],[-39.221,-59.298],[-39.578,-59.007],[-39.928,-58.715],[-40.273,-58.422],[-40.931,-58.112],[-41.578,-57.798],[-42.132,-57.609],[-42.68,-57.418],[-43.114,-57.309],[-43.546,-57.199]]}},{"type":"Feature","properties":{"boundary_type":"subduction","feature_type":"gpml:SubductionZone","polarity":"Left","overriding_plate_id":301,"subducting_plate_id":608,"plate_ids":[301,608],"name":"Okinawa Trough (Ryuku) from EarthByte cob MG 4-20-07"},"geometry":{"type":"LineString","coordinates":[[120.64,27.004],[121.142,27.179],[121.645,27.352],[122.149,27.523],[122.655,27.692],[123.087,27.942],[123.522,28.191],[123.958,28.438],[124.396,28.683],[124.671,28.959],[124.947,29.234],[125.225,29.508],[125.441,29.922],[125.659,30.336],[125.879,30.75],[126.1,31.163],[126.324,31.575],[126.476,31.909],[126.629,32.243],[126.783,32.576]]}},{"type":"Feature","properties":{"boundary_type":"other","feature_type":"gpml:Fault","polarity":null,"overriding_plate_id":null,"subducting_plate_id":null,"plate_ids":[334,701],"name":"DFZ"},"geometry":{"type":"LineString","coordinates":[[11.077,41.802],[11.526,41.519],[11.971,41.234],[12.412,40.947],[12.849,40.659]]}},{"type":"Feature","properties":{"boundary_type":"other","feature_type":"gpml:Fault","polarity":null,"overriding_plate_id":null,"subducting_plate_id":null,"plate_ids":[337,701],"name":"DFZ"},"geometry":{"type":"LineString","coordinates":[[12.849,40.659],[13.439,40.486],[14.027,40.309],[14.611,40.13],[15.193,39.948],[15.771,39.762]]}},{"type":"Feature","properties":{"boundary_type":"other","feature_type":"gpml:Fault","polarity":null,"overriding_plate_id":null,"subducting_plate_id":null,"plate_ids":[340,701],"name":"DFZ"},"geometry":{"type":"LineString","coordinates":[[15.771,39.762],[16.197,39.555],[16.621,39.345],[17.042,39.135],[17.461,38.922]]}},{"type":"Feature","properties":{"boundary_type":"other","feature_type":"gpml:Fault","polarity":null,"overriding_plate_id":null,"subducting_plate_id":null,"plate_ids":[328,701],"name":"DFZ"},"geometry":{"type":"LineString","coordinates":[[17.461,38.922],[17.826,38.519],[18.187,38.114],[18.545,37.709],[18.898,37.302],[19.284,36.963],[19.667,36.622],[20.047,36.28],[20.423,35.937],[20.875,35.918],[21.327,35.896],[21.779,35.873]]}},{"type":"Feature","properties":{"boundary_type":"other","feature_type":"gpml:Fault","polarity":null,"overriding_plate_id":null,"subducting_plate_id":null,"plate_ids":[334,337],"name":"Fault"},"geometry":{"type":"LineString","coordinates":[[12.849,40.659],[13.149,41.021],[13.453,41.383],[13.759,41.743],[14.07,42.103],[14.512,42.403],[14.958,42.701],[15.409,42.998],[16.025,43.156],[16.644,43.312],[17.266,43.464],[17.892,43.612],[18.52,43.758]]}},{"type":"Feature","properties":{"boundary_type":"other","feature_type":"gpml:Fault","polarity":null,"overriding_plate_id":null,"subducting_plate_id":null,"plate_ids":[337,340],"name":"Fault"},"geometry":{"type":"LineString","coordinates":[[15.771,39.762],[15.937,40.131],[16.104,40.5],[16.273,40.869],[16.445,41.237],[16.858,41.505],[17.275,41.772],[17.695,42.037],[18.119,42.3],[18.502,42.613],[18.888,42.925],[19.278,43.235]]}},{"type":"Feature","properties":{"boundary_type":"other","feature_type":"gpml:Fault","polarity":null,"overriding_plate_id":null,"subducting_plate_id":null,"plate_ids":[328,340],"name":"Fault"},"geometry":{"type":"LineString","coordinates":[[17.461,38.922],[17.558,39.333],[17.656,39.743],[17.756,40.154],[17.856,40.564],[18.21,40.786],[18.567,41.006],[18.925,41.226],[19.358,41.345],[19.792,41.463],[20.228,41.579]]}},{"type":"Feature","properties":{"boundary_type":"subduction","feature_type":"gpml:SubductionZone","polarity":"Left","overriding_plate_id":301,"subducting_plate_id":328,"plate_ids":[301,328],"name":"Alpine Sub."},"geometry":{"type":"LineString","coordinates":[[20.228,41.579],[20.219,41.146],[20.211,40.713],[20.202,40.28],[20.194,39.847],[20.185,39.414],[20.177,38.981],[20.169,38.549],[20.196,38.17],[20.223,37.792],[20.25,37.413],[20.638,37.03],[21.022,36.645],[21.402,36.26],[21.779,35.873]]}},{"type":"Feature","properties":{"boundary_type":"subduction","feature_type":"gpml:SubductionZone","polarity":"Left","overriding_plate_id":301,"subducting_plate_id":701,"plate_ids":[301,701],"name":"Alpine Sub."},"geometry":{"type":"LineString","coordinates":[[21.779,35.873],[22.116,35.528],[22.45,35.183],[22.781,34.836],[23.11,34.489],[23.436,34.141],[23.759,33.792],[24.08,33.442],[24.086,33.13],[24.093,32.818]]}},{"type":"Feature","properties":{"boundary_type":"subduction","feature_type":"gpml:SubductionZone","polarity":"Right","overriding_plate_id":301,"subducting_plate_id":701,"plate_ids":[301,701],"name":"Eastern Mediterranean Subduction"},"geometry":{"type":"LineString","coordinates":[[39.29,34.374],[39.107,34.554],[38.594,34.487],[38.08,34.418],[37.568,34.346],[37.057,34.272],[36.547,34.196],[36.037,34.118],[35.529,34.038],[35.125,33.728],[34.725,33.415],[34.328,33.102],[33.953,32.804],[33.581,32.505],[33.211,32.204],[32.843,31.903],[32.478,31.601],[31.966,31.545],[31.455,31.488],[30.944,31.429],[30.434,31.368],[29.878,31.405],[29.321,31.44],[28.764,31.473],[28.25,31.561],[27.736,31.648],[27.22,31.732],[26.703,31.815],[26.186,31.895],[25.667,31.973],[25.148,32.049],[24.628,32.123],[24.107,32.195],[24.1,32.506],[24.093,32.818]]}},{"type":"Feature","properties":{"boundary_type":"subduction","feature_type":"gpml:SubductionZone","polarity":"Right","overriding_plate_id":701,"subducting_plate_id":301,"plate_ids":[301,701],"name":"Alpine Subduction"},"geometry":{"type":"LineString","coordinates":[[8.516,37.999],[8.455,38.44],[8.394,38.882],[8.332,39.323],[8.269,39.765],[8.205,40.206],[8.14,40.647],[8.075,41.088],[8.67,41.237],[9.268,41.383],[9.868,41.526],[10.472,41.666],[11.077,41.802]]}},{"type":"Feature","properties":{"boundary_type":"subduction","feature_type":"gpml:SubductionZone","polarity":"Right","overriding_plate_id":334,"subducting_plate_id":301,"plate_ids":[301,334],"name":"Alpine Subduction"},"geometry":{"type":"LineString","coordinates":[[11.077,41.802],[11.441,42.074],[11.808,42.344],[12.178,42.614],[12.425,42.894],[12.674,43.175],[12.925,43.454],[13.415,43.704],[13.909,43.952],[14.496,44.149],[15.087,44.344],[15.682,44.535],[16.255,44.385],[16.826,44.232],[17.394,44.077],[17.959,43.919],[18.52,43.758]]}},{"type":"Feature","properties":{"boundary_type":"subduction","feature_type":"gpml:SubductionZone","polarity":"Right","overriding_plate_id":337,"subducting_plate_id":301,"plate_ids":[301,337],"name":"Alpine Subduction"},"geometry":{"type":"LineString","coordinates":[[18.52,43.758],[18.901,43.497],[19.278,43.235]]}},{"type":"Feature","properties":{"boundary_type":"subduction","feature_type":"gpml:SubductionZone","polarity":"Right","overriding_plate_id":340,"subducting_plate_id":301,"plate_ids":[301,340],"name":"Alpine Subduction"},"geometry":{"type":"LineString","coordinates":[[19.278,43.235],[19.521,42.822],[19.76,42.408],[19.995,41.993],[20.228,41.579]]}},{"type":"Feature","properties":{"boundary_type":"subduction","feature_type":"gpml:SubductionZone","polarity":"Right","overriding_plate_id":301,"subducting_plate_id":701,"plate_ids":[301,701],"name":"Ligurian Subduction"},"geometry":{"type":"LineString","coordinates":[[8.516,37.999],[8.93,37.694],[9.341,37.387],[9.748,37.079],[10.152,36.769],[10.553,36.458],[10.951,36.146],[11.345,35.833],[11.737,35.518],[12.125,35.202],[11.984,34.755],[11.844,34.308],[11.706,33.861],[11.289,33.552],[10.874,33.241],[10.463,32.929],[10.055,32.616],[9.65,32.302],[9.247,31.986],[8.707,31.899],[8.168,31.81],[7.63,31.718],[7.094,31.624],[6.558,31.528],[6.023,31.43],[5.49,31.329],[4.957,31.226],[4.426,31.121],[3.961,31.103],[3.495,31.083],[3.03,31.061],[2.545,30.985],[2.06,30.908],[1.577,30.829],[1.094,30.748],[0.612,30.665]]}}]}