{"type":"FeatureCollection","meta":{"model":"Cao2024","reconstruction_time_ma":60.0,"anchor_plate_id":0,"pygplates_version":"1.0.0","tessellate_degrees":0.5,"polarity_convention":"gpml:subductionPolarity. 'Left'/'Right' names the side of the line, in vertex order, on which the OVERRIDING plate lies. Triangles are drawn on that side.","antimeridian":"Lines are NOT split at +/-180 deg. The renderer works in 3D unit vectors where the dateline is not special; splitting would only add spurious breaks. Do not treat this as RFC 7946 GIS-ready 2D data."},"features":[{"type":"Feature","properties":{"boundary_type":"other","feature_type":"gpml:FractureZone","polarity":null,"overriding_plate_id":null,"subducting_plate_id":null,"plate_ids":[501,701],"name":"Owen FZ from NUVEL file, DB 04-2007"},"geometry":{"type":"LineString","coordinates":[[52.676,-14.895],[52.852,-14.616],[53.028,-14.336],[53.24,-13.916],[53.452,-13.495],[53.663,-13.074],[53.874,-12.653],[54.084,-12.232],[54.293,-11.811],[54.501,-11.39],[54.709,-10.968],[54.916,-10.547],[55.123,-10.125],[55.342,-9.697],[55.56,-9.27],[55.778,-8.842],[55.995,-8.414],[56.212,-7.986],[56.428,-7.558],[56.644,-7.13],[56.86,-6.701],[57.075,-6.273],[57.289,-5.844],[57.504,-5.416],[57.695,-4.969],[57.886,-4.523],[58.077,-4.077],[58.268,-3.631],[58.458,-3.184],[58.649,-2.738],[58.839,-2.291],[59.029,-1.845],[59.219,-1.398],[59.409,-0.952],[59.599,-0.505],[59.769,-0.05],[59.94,0.405],[60.111,0.861],[60.282,1.316],[60.452,1.771],[60.623,2.227],[60.794,2.682],[60.965,3.137],[61.137,3.593],[61.308,4.048],[61.48,4.503],[61.512,4.588]]}},{"type":"Feature","properties":{"boundary_type":"other","feature_type":"gpml:FractureZone","polarity":null,"overriding_plate_id":null,"subducting_plate_id":null,"plate_ids":[529,701],"name":"Owen FZ from NUVEL file, DB 04-2007"},"geometry":{"type":"LineString","coordinates":[[61.512,4.588],[61.689,5.054],[61.866,5.519],[62.043,5.985],[62.221,6.45],[62.398,6.915],[62.577,7.381],[62.755,7.846],[62.934,8.311],[63.114,8.776],[63.294,9.241],[63.474,9.706],[63.627,10.16],[63.78,10.614],[63.934,11.068],[64.089,11.522],[64.244,11.976],[64.399,12.429],[64.555,12.883],[64.711,13.336],[64.868,13.79],[65.026,14.243],[65.184,14.696],[65.343,15.15],[65.477,15.621],[65.612,16.092],[65.748,16.562],[65.884,17.033],[66.021,17.504],[66.158,17.974],[66.296,18.445],[66.435,18.915],[66.565,19.38],[66.695,19.845],[66.826,20.31]]}},{"type":"Feature","properties":{"boundary_type":"other","feature_type":"gpml:FractureZone","polarity":null,"overriding_plate_id":null,"subducting_plate_id":null,"plate_ids":[529],"name":"Owen FZ from NUVEL file, DB 04-2007"},"geometry":{"type":"LineString","coordinates":[[66.826,20.31],[66.902,20.578]]}},{"type":"Feature","properties":{"boundary_type":"other","feature_type":"gpml:InferredPaleoBoundary","polarity":null,"overriding_plate_id":null,"subducting_plate_id":null,"plate_ids":[201,802],"name":"ANT SAM 120 025 TF"},"geometry":{"type":"LineString","coordinates":[[-60.158,-65.646],[-59.623,-65.43],[-59.096,-65.211],[-58.596,-65.008],[-58.104,-64.803],[-57.614,-64.542],[-57.133,-64.28],[-56.657,-63.98],[-56.192,-63.679],[-55.958,-63.545]]}},{"type":"Feature","properties":{"boundary_type":"other","feature_type":"gpml:InferredPaleoBoundary","polarity":null,"overriding_plate_id":null,"subducting_plate_id":null,"plate_ids":[101,301],"name":"NAM EUR 090 055"},"geometry":{"type":"LineString","coordinates":[[8.169,68.16],[8.686,68.467],[9.263,68.88],[9.863,69.291],[10.614,69.643],[11.391,69.992],[12.193,70.337],[13.023,70.678],[13.543,71.021],[14.081,71.363],[14.638,71.703],[16.064,71.928],[17.525,72.142],[19.018,72.345],[20.259,72.65],[21.543,72.946],[22.87,73.234],[23.714,73.514],[24.587,73.79],[25.489,74.062],[26.447,74.392],[27.445,74.718],[28.485,75.039],[29.976,75.199],[31.498,75.349],[33.088,75.449],[34.697,75.539],[36.325,75.618],[37.632,75.819],[38.975,76.014],[40.354,76.201],[41.769,76.38],[43.338,76.685],[44.977,76.98],[46.69,77.264],[48.719,77.426],[50.797,77.572],[52.922,77.702],[55.205,77.786],[57.515,77.85],[59.846,77.895],[61.843,77.986],[63.868,78.063],[65.917,78.125],[67.984,78.173],[70.065,78.205],[72.282,78.195],[74.493,78.167],[76.691,78.122],[78.869,78.061],[81.256,78.022],[83.624,77.963],[85.965,77.884],[88.273,77.786],[90.381,77.745],[92.472,77.689],[94.542,77.617]]}},{"type":"Feature","properties":{"boundary_type":"other","feature_type":"gpml:InferredPaleoBoundary","polarity":null,"overriding_plate_id":null,"subducting_plate_id":null,"plate_ids":[301,409],"name":"NAM EUR 090 055"},"geometry":{"type":"LineString","coordinates":[[94.542,77.617],[96.424,77.537],[98.28,77.444],[100.107,77.338],[101.903,77.221],[103.673,77.075],[105.403,76.917],[107.092,76.749],[108.737,76.569],[110.338,76.379],[112.265,76.206],[114.143,76.017],[115.97,75.815],[117.745,75.599],[119.467,75.37],[121.136,75.129],[122.752,74.876],[124.315,74.612],[125.825,74.338],[127.271,74.042],[128.665,73.736],[130.009,73.422],[131.303,73.099],[132.549,72.769],[133.524,72.457],[134.465,72.141],[135.375,71.82],[136.253,71.495],[137.102,71.166],[138.122,70.811],[139.105,70.452],[140.054,70.087],[140.97,69.717],[141.624,69.364],[142.257,69.009],[142.869,68.651],[143.463,68.292],[144.215,67.96],[144.945,67.625],[145.656,67.287],[146.346,66.946],[147.017,66.602],[147.67,66.255],[148.403,65.858],[149.113,65.457],[149.801,65.053],[150.433,64.7]]}},{"type":"Feature","properties":{"boundary_type":"other","feature_type":"gpml:InferredPaleoBoundary","polarity":null,"overriding_plate_id":null,"subducting_plate_id":null,"plate_ids":[841,901],"name":"SS ThroughSthNewZealand EmeraldFZ"},"geometry":{"type":"LineString","coordinates":[[-160.5,-45.241],[-160.239,-45.603],[-159.974,-45.966],[-159.706,-46.327]]}},{"type":"Feature","properties":{"boundary_type":"other","feature_type":"gpml:InferredPaleoBoundary","polarity":null,"overriding_plate_id":null,"subducting_plate_id":null,"plate_ids":[833,901],"name":"SS ThroughSthNewZealand EmeraldFZ"},"geometry":{"type":"LineString","coordinates":[[-159.706,-46.327],[-159.516,-46.581],[-159.444,-46.959],[-159.37,-47.337],[-159.295,-47.715]]}},{"type":"Feature","properties":{"boundary_type":"other","feature_type":"gpml:InferredPaleoBoundary","polarity":null,"overriding_plate_id":null,"subducting_plate_id":null,"plate_ids":[833,901],"name":"SS ThroughSthNewZealand EmeraldFZ"},"geometry":{"type":"LineString","coordinates":[[-159.295,-47.715],[-159.204,-48.17],[-159.111,-48.624],[-159.017,-49.079],[-158.92,-49.534],[-158.822,-49.988],[-158.722,-50.443],[-159.003,-50.763],[-159.287,-51.083],[-159.761,-51.429],[-160.243,-51.773],[-160.732,-52.114],[-161.228,-52.454],[-161.733,-52.791],[-162.251,-53.158],[-162.778,-53.523],[-163.314,-53.885],[-163.859,-54.245],[-164.18,-54.575],[-164.507,-54.904],[-164.839,-55.232],[-165.176,-55.559],[-165.388,-55.919],[-165.603,-56.279],[-165.822,-56.639],[-166.046,-56.998],[-166.07,-57.46],[-166.095,-57.922],[-166.12,-58.384],[-166.146,-58.846],[-166.456,-59.289],[-166.774,-59.732],[-167.1,-60.174],[-167.436,-60.615],[-167.78,-61.055],[-168.135,-61.494],[-168.499,-61.932],[-168.845,-62.376],[-169.202,-62.819],[-169.57,-63.261]]}},{"type":"Feature","properties":{"boundary_type":"other","feature_type":"gpml:InferredPaleoBoundary","polarity":null,"overriding_plate_id":null,"subducting_plate_id":null,"plate_ids":[801,901],"name":"SS ThroughSthNewZealand EmeraldFZ"},"geometry":{"type":"LineString","coordinates":[[-169.57,-63.261],[-169.951,-63.704],[-170.344,-64.146],[-171.173,-64.422],[-172.018,-64.694],[-172.881,-64.96],[-173.761,-65.222],[-173.761,-65.222]]}},{"type":"Feature","properties":{"boundary_type":"other","feature_type":"gpml:InferredPaleoBoundary","polarity":null,"overriding_plate_id":null,"subducting_plate_id":null,"plate_ids":[801,804],"name":"SS ThroughSthNewZealand EmeraldFZ"},"geometry":{"type":"LineString","coordinates":[[-173.761,-65.222],[-174.444,-65.56],[-175.227,-65.86]]}},{"type":"Feature","properties":{"boundary_type":"ridge","feature_type":"gpml:MidOceanRidge","polarity":null,"overriding_plate_id":null,"subducting_plate_id":null,"plate_ids":[801,833],"name":"TasmanSeaRidge DiCaprio"},"geometry":{"type":"LineString","coordinates":[[165.604,-42.953],[165.88,-43.027],[166.391,-43.356],[166.907,-43.682],[167.429,-44.006],[167.957,-44.328],[167.835,-44.502],[168.129,-44.648],[167.908,-44.931],[167.686,-45.214],[168.04,-45.416],[167.796,-45.775],[168.113,-45.973],[168.433,-46.171],[168.263,-46.393],[168.091,-46.614],[168.497,-46.811],[168.906,-47.006],[168.779,-47.427],[169.25,-47.653],[169.725,-47.876],[169.509,-48.326],[169.289,-48.775],[169.574,-48.99],[169.351,-49.421],[169.123,-49.852],[169.601,-50.094],[169.432,-50.505],[169.656,-50.677],[169.551,-50.822],[169.312,-51.111],[169.241,-51.207],[169.727,-51.448],[169.519,-51.788],[169.467,-51.904],[170.067,-52.186],[170.675,-52.465],[171.291,-52.742],[171.758,-52.952],[172.23,-53.16],[172.706,-53.366],[173.235,-53.592],[173.103,-53.83],[172.969,-54.069],[172.836,-54.305],[173.34,-54.521],[173.85,-54.735],[174.364,-54.948],[174.925,-55.169],[175.493,-55.388],[176.066,-55.604],[176.646,-55.817],[177.121,-55.989],[177.6,-56.159],[177.702,-56.083],[178.271,-56.244],[178.845,-56.402],[179.424,-56.558],[-179.962,-56.72],[179.844,-57.004],[179.647,-57.288],[179.499,-57.478],[-179.832,-57.681],[-179.155,-57.881],[-178.472,-58.077],[-178.395,-58.097],[-178.678,-58.442],[-178.304,-58.572],[-178.506,-58.811],[-178.71,-59.05],[-178.94,-59.302],[-179.174,-59.552],[-179.432,-59.843],[-179.496,-59.91],[-178.709,-60.193],[-177.909,-60.471],[-177.309,-60.674],[-176.701,-60.875],[-176.099,-61.062],[-175.491,-61.247],[-174.976,-61.4],[-175.194,-61.631],[-174.631,-61.795],[-174.061,-61.956],[-173.664,-62.093],[-172.873,-62.335],[-172.07,-62.572],[-171.254,-62.804],[-170.425,-63.031],[-169.57,-63.261]]}},{"type":"Feature","properties":{"boundary_type":"ridge","feature_type":"gpml:MidOceanRidge","polarity":null,"overriding_plate_id":null,"subducting_plate_id":null,"plate_ids":[701,802],"name":"Ridge f iso on ANT at 67.7Ma"},"geometry":{"type":"LineString","coordinates":[[58.546,-45.85],[58.837,-45.88],[59.192,-46.036]]}},{"type":"Feature","properties":{"boundary_type":"ridge","feature_type":"gpml:MidOceanRidge","polarity":null,"overriding_plate_id":null,"subducting_plate_id":null,"plate_ids":[501,802],"name":"Ridge f iso on ANT at 67.7Ma"},"geometry":{"type":"LineString","coordinates":[[59.192,-46.036],[59.74,-46.273],[60.293,-46.508],[60.85,-46.741],[61.413,-46.97],[61.98,-47.197],[62.552,-47.421],[62.346,-47.774],[62.138,-48.127],[61.927,-48.479],[62.442,-48.65],[62.961,-48.818],[63.483,-48.984],[63.203,-49.378],[62.918,-49.772],[62.629,-50.164],[63.273,-50.351],[63.922,-50.533],[64.576,-50.712],[65.235,-50.887],[65.034,-51.265],[64.829,-51.643],[64.621,-52.021],[64.41,-52.398],[65.164,-52.583],[65.924,-52.764],[66.691,-52.94],[67.464,-53.111],[68.242,-53.277],[68.516,-52.817],[68.784,-52.356],[69.047,-51.895],[69.304,-51.433],[69.556,-50.97],[69.803,-50.507],[69.992,-50.155],[70.178,-49.804]]}},{"type":"Feature","properties":{"boundary_type":"ridge","feature_type":"gpml:MidOceanRidge","polarity":null,"overriding_plate_id":null,"subducting_plate_id":null,"plate_ids":[501,801],"name":"Ridge f iso on ANT at 67.7Ma"},"geometry":{"type":"LineString","coordinates":[[70.178,-49.804],[70.383,-49.41],[70.585,-49.016],[70.784,-48.622],[70.986,-48.17],[71.185,-47.717],[71.381,-47.264],[71.977,-47.383],[72.575,-47.499],[73.176,-47.611],[73.779,-47.72],[74.385,-47.827],[74.555,-47.368],[74.722,-46.908],[74.886,-46.449],[75.047,-45.989],[75.758,-46.05],[76.47,-46.107],[77.183,-46.159],[77.897,-46.207],[78.613,-46.251],[79.33,-46.29],[79.732,-46.344],[80.134,-46.397]]}},{"type":"Feature","properties":{"boundary_type":"ridge","feature_type":"gpml:MidOceanRidge","polarity":null,"overriding_plate_id":null,"subducting_plate_id":null,"plate_ids":[101,701],"name":"Ridge from iso A25 from NorthAmerica 55.9Ma"},"geometry":{"type":"LineString","coordinates":[[-13.792,27.944],[-13.976,27.601],[-14.406,27.745],[-14.836,27.887],[-15.268,28.028],[-15.7,28.168],[-15.937,27.872],[-16.173,27.576],[-16.622,27.664],[-17.072,27.75],[-17.332,27.403],[-17.591,27.056],[-17.849,26.708],[-18.105,26.36],[-18.58,26.438],[-19.056,26.516],[-19.289,26.191],[-19.52,25.865],[-19.75,25.539],[-19.978,25.212],[-20.433,25.296],[-20.889,25.378],[-21.058,25.178],[-21.226,24.979],[-21.764,25.075],[-22.303,25.169],[-22.842,25.262],[-23.137,24.89],[-23.43,24.517],[-23.67,24.567],[-23.929,24.221],[-24.187,23.876],[-24.444,23.529],[-24.699,23.183],[-24.953,22.836],[-25.446,22.919],[-25.94,23.0],[-26.435,23.08],[-26.802,22.741],[-27.168,22.401],[-27.531,22.06],[-27.893,21.718],[-28.253,21.375],[-28.544,20.956],[-28.832,20.537],[-29.12,20.117],[-29.405,19.696],[-29.689,19.275],[-29.972,18.854],[-30.33,18.916],[-30.689,18.977],[-30.892,18.641],[-31.094,18.305],[-31.295,17.969],[-30.85,17.899],[-30.405,17.828],[-30.643,17.412],[-30.881,16.995],[-31.117,16.579],[-31.352,16.162],[-31.586,15.744],[-31.819,15.327],[-32.051,14.909],[-31.809,14.858],[-32.01,14.49],[-32.209,14.122],[-32.408,13.753],[-32.607,13.385],[-32.742,13.408],[-32.934,13.01],[-33.126,12.611],[-33.316,12.212],[-33.507,11.814],[-33.696,11.415],[-33.885,11.016],[-34.074,10.617],[-34.262,10.217]]}},{"type":"Feature","properties":{"boundary_type":"ridge","feature_type":"gpml:MidOceanRidge","polarity":null,"overriding_plate_id":null,"subducting_plate_id":null,"plate_ids":[201,802],"name":"Ridge from iso from ANT at 55.9Ma"},"geometry":{"type":"LineString","coordinates":[[-60.158,-65.646],[-60.122,-65.66],[-59.26,-65.909],[-58.383,-66.154],[-57.488,-66.393],[-56.576,-66.626],[-55.527,-66.834],[-54.46,-67.035],[-53.377,-67.229],[-52.493,-67.297],[-51.605,-67.36],[-50.713,-67.419],[-49.484,-67.49],[-48.249,-67.553],[-47.008,-67.606],[-45.762,-67.649],[-44.837,-67.636],[-43.913,-67.618],[-42.645,-67.699],[-41.369,-67.77],[-40.086,-67.83],[-39.187,-67.718],[-38.297,-67.601],[-37.416,-67.479],[-36.711,-67.738],[-35.99,-67.993],[-35.059,-67.712],[-34.149,-67.426],[-33.262,-67.135],[-32.52,-67.429],[-31.76,-67.72],[-31.016,-67.429],[-30.291,-67.135],[-29.989,-67.221],[-29.147,-66.904],[-28.327,-66.582],[-27.529,-66.256],[-26.75,-65.927],[-25.921,-66.226],[-25.072,-66.52],[-24.203,-66.809],[-23.313,-67.094],[-22.478,-66.765],[-21.665,-66.432],[-20.748,-66.759],[-19.806,-67.081],[-18.839,-67.397],[-18.253,-67.145],[-17.679,-66.891],[-17.117,-66.635],[-16.423,-66.868],[-15.717,-67.098],[-15.171,-66.848],[-14.636,-66.596],[-14.346,-66.682],[-13.629,-66.357],[-12.931,-66.029],[-12.25,-65.697],[-11.592,-65.413],[-10.948,-65.126],[-10.318,-64.836],[-9.58,-65.055],[-8.83,-65.27],[-8.068,-65.481],[-7.543,-65.2],[-7.029,-64.916],[-6.526,-64.632],[-5.833,-64.901],[-4.867,-64.652]]}},{"type":"Feature","properties":{"boundary_type":"ridge","feature_type":"gpml:MidOceanRidge","polarity":null,"overriding_plate_id":null,"subducting_plate_id":null,"plate_ids":[101,317],"name":"Porcupine MOR"},"geometry":{"type":"LineString","coordinates":[[-11.595,41.962],[-11.425,41.809],[-11.124,41.459],[-10.825,41.109],[-10.53,40.757],[-10.449,40.443],[-10.369,40.128],[-10.179,39.78],[-9.991,39.431],[-9.804,39.082],[-9.679,38.829],[-9.555,38.576],[-9.501,38.143],[-9.448,37.71],[-9.395,37.276],[-9.342,36.843],[-9.21,36.427],[-9.079,36.011],[-8.95,35.595],[-8.821,35.178],[-8.709,34.758]]}},{"type":"Feature","properties":{"boundary_type":"ridge","feature_type":"gpml:MidOceanRidge","polarity":null,"overriding_plate_id":null,"subducting_plate_id":null,"plate_ids":[101,304],"name":"Porcupine MOR"},"geometry":{"type":"LineString","coordinates":[[-8.709,34.758],[-8.646,34.523]]}},{"type":"Feature","properties":{"boundary_type":"ridge","feature_type":"gpml:MidOceanRidge","polarity":null,"overriding_plate_id":null,"subducting_plate_id":null,"plate_ids":[101,201],"name":"Ridge from iso A13 from SouthAmerica at 33.1Ma"},"geometry":{"type":"LineString","coordinates":[[-46.237,18.202],[-45.804,17.926],[-45.371,17.649],[-44.941,17.371],[-44.511,17.093],[-44.083,16.813],[-43.656,16.533],[-43.23,16.251],[-42.805,15.969],[-42.382,15.686],[-41.96,15.402],[-41.539,15.118],[-41.119,14.832],[-40.7,14.546],[-40.282,14.259],[-39.866,13.972],[-39.45,13.684],[-39.036,13.395],[-38.622,13.105],[-38.209,12.815],[-37.798,12.524],[-37.387,12.232],[-36.977,11.94],[-36.568,11.647],[-36.16,11.354],[-35.753,11.06],[-35.346,10.765],[-34.941,10.47],[-34.601,10.344],[-34.262,10.217]]}},{"type":"Feature","properties":{"boundary_type":"ridge","feature_type":"gpml:MidOceanRidge","polarity":null,"overriding_plate_id":null,"subducting_plate_id":null,"plate_ids":[201,701],"name":"Ridge from iso A13 from SouthAmerica at 33.1Ma"},"geometry":{"type":"LineString","coordinates":[[-34.262,10.217],[-34.032,10.131],[-33.658,9.993],[-33.285,9.854],[-32.912,9.715],[-32.539,9.576],[-32.607,9.119],[-32.675,8.662],[-32.743,8.205],[-32.81,7.748],[-32.878,7.291],[-32.524,7.125],[-32.17,6.958],[-32.277,6.598],[-31.917,6.437],[-32.015,6.006],[-32.114,5.574],[-31.673,5.394],[-31.233,5.215],[-30.794,5.034],[-30.354,4.854],[-29.915,4.673],[-29.476,4.492],[-29.529,4.189],[-29.583,3.886],[-29.372,3.808],[-29.43,3.556],[-29.488,3.303],[-29.286,3.22],[-29.32,2.962],[-29.354,2.705],[-29.114,2.613],[-28.874,2.522],[-28.974,2.089],[-28.522,1.922],[-28.071,1.755],[-27.619,1.588],[-27.168,1.421],[-27.191,1.204],[-26.775,1.076],[-26.359,0.949],[-25.942,0.822],[-25.957,0.723],[-25.558,0.588],[-25.158,0.453],[-25.193,0.103],[-24.866,0.02],[-24.538,-0.064],[-24.561,-0.276],[-24.148,-0.403],[-23.734,-0.53],[-23.32,-0.657],[-22.907,-0.784],[-22.961,-1.18],[-23.014,-1.575],[-22.715,-1.652],[-22.416,-1.73],[-22.448,-2.121],[-22.481,-2.511],[-22.513,-2.902],[-22.546,-3.293],[-22.086,-3.413],[-21.625,-3.533],[-21.165,-3.653],[-20.705,-3.773],[-20.736,-4.221],[-20.766,-4.67],[-20.797,-5.119],[-20.828,-5.568],[-20.859,-6.017],[-20.518,-6.085],[-20.177,-6.154],[-20.177,-6.441],[-20.177,-6.729],[-19.736,-6.821],[-19.295,-6.913],[-18.854,-7.004],[-18.413,-7.095],[-17.971,-7.186],[-17.53,-7.276],[-17.088,-7.366],[-16.646,-7.455],[-16.6,-7.837],[-16.178,-7.911],[-15.755,-7.985],[-15.331,-8.058],[-15.286,-8.502],[-15.241,-8.946],[-15.196,-9.39],[-14.7,-9.431],[-14.203,-9.471],[-13.707,-9.51],[-13.21,-9.548],[-12.713,-9.586],[-12.217,-9.624],[-11.72,-9.66],[-11.222,-9.696],[-10.725,-9.731],[-10.228,-9.765],[-9.731,-9.799],[-9.233,-9.832],[-8.736,-9.864],[-8.238,-9.895],[-7.74,-9.926],[-7.242,-9.956],[-6.744,-9.985],[-6.706,-10.236],[-6.486,-10.25],[-6.417,-10.551],[-6.348,-10.852],[-6.033,-10.857],[-5.987,-11.115],[-5.499,-11.128],[-5.012,-11.14],[-4.524,-11.152],[-4.037,-11.162],[-3.549,-11.172],[-3.43,-11.61],[-3.311,-12.047],[-3.191,-12.484],[-3.071,-12.921],[-2.95,-13.358]]}},{"type":"Feature","properties":{"boundary_type":"ridge","feature_type":"gpml:MidOceanRidge","polarity":null,"overriding_plate_id":null,"subducting_plate_id":null,"plate_ids":[201,701],"name":"South America-Africa"},"geometry":{"type":"LineString","coordinates":[[-2.95,-13.358],[-3.353,-13.465],[-3.757,-13.57],[-4.16,-13.675],[-4.057,-14.114],[-3.953,-14.553],[-3.848,-14.992],[-3.743,-15.43],[-3.638,-15.869],[-3.532,-16.307],[-3.426,-16.746],[-3.319,-17.184],[-3.813,-17.225],[-4.307,-17.265],[-4.802,-17.303],[-5.297,-17.34],[-5.792,-17.376],[-5.801,-17.871],[-5.811,-18.366],[-5.821,-18.86],[-5.831,-19.355],[-5.84,-19.85],[-5.85,-20.345],[-5.86,-20.839],[-5.87,-21.334],[-5.881,-21.829],[-6.331,-21.85],[-6.781,-21.87],[-7.232,-21.889],[-7.682,-21.907],[-7.708,-22.337],[-7.734,-22.766],[-7.76,-23.196],[-7.786,-23.626],[-7.812,-24.056],[-7.839,-24.485],[-7.462,-24.477],[-7.086,-24.467],[-6.71,-24.456],[-6.694,-24.755],[-6.679,-25.054],[-6.395,-25.047],[-6.447,-25.502],[-6.5,-25.958],[-6.553,-26.413],[-6.476,-26.821],[-6.399,-27.229],[-6.321,-27.637],[-6.242,-28.045],[-5.904,-28.08],[-5.903,-28.53],[-5.902,-28.979],[-5.901,-29.429],[-5.9,-29.879],[-5.899,-30.329],[-5.898,-30.779],[-5.501,-30.758],[-5.104,-30.736],[-4.707,-30.713],[-4.685,-31.182],[-4.663,-31.651],[-5.211,-31.681],[-5.761,-31.708],[-5.788,-32.145],[-5.817,-32.581],[-6.167,-32.565],[-6.166,-32.99],[-6.653,-33.002],[-7.14,-33.013],[-7.157,-33.387],[-7.174,-33.761],[-7.192,-34.135],[-7.762,-34.126],[-7.794,-34.587],[-7.826,-35.049],[-8.245,-35.084],[-8.664,-35.118],[-8.701,-35.448],[-8.738,-35.779],[-9.336,-35.787],[-9.934,-35.791],[-9.987,-36.201],[-9.434,-36.196],[-8.882,-36.188],[-8.33,-36.178],[-8.342,-36.464],[-8.354,-36.749],[-7.928,-36.741],[-7.502,-36.731],[-7.076,-36.72],[-7.056,-37.137],[-7.035,-37.555],[-7.014,-37.972],[-6.993,-38.389],[-7.579,-38.386],[-7.621,-38.824],[-7.663,-39.262],[-7.706,-39.7],[-7.749,-40.138],[-7.793,-40.576],[-7.837,-41.014],[-7.882,-41.452],[-7.928,-41.89],[-8.488,-41.88],[-9.047,-41.868],[-9.606,-41.853],[-9.759,-42.283],[-10.25,-42.298],[-10.742,-42.31],[-10.844,-42.618],[-10.947,-42.926],[-11.44,-42.939],[-11.933,-42.949],[-12.07,-43.273],[-12.208,-43.596],[-12.348,-43.919],[-12.771,-43.928],[-13.193,-43.936],[-13.341,-44.286],[-13.491,-44.637],[-13.643,-44.987],[-14.262,-44.988],[-14.881,-44.986],[-14.91,-45.455],[-14.939,-45.924],[-14.969,-46.394],[-15.0,-46.863],[-15.031,-47.333],[-15.062,-47.802],[-15.094,-48.271],[-14.423,-48.275],[-14.421,-48.705],[-14.419,-49.134],[-14.418,-49.563],[-14.897,-49.556],[-15.377,-49.548],[-15.432,-50.034],[-15.489,-50.52],[-16.005,-50.496],[-16.076,-50.993],[-16.148,-51.49],[-16.222,-51.986],[-15.78,-52.018],[-15.337,-52.048],[-15.494,-52.433],[-15.652,-52.817],[-15.814,-53.201],[-15.979,-53.585],[-15.556,-53.6],[-15.132,-53.613],[-15.319,-54.012],[-15.508,-54.411],[-15.702,-54.81],[-15.252,-54.826],[-14.803,-54.841],[-14.838,-55.23],[-14.875,-55.618],[-14.912,-56.007],[-14.47,-56.045],[-14.512,-56.394],[-14.555,-56.743],[-14.599,-57.092],[-13.832,-57.088],[-13.065,-57.079],[-12.298,-57.066],[-11.532,-57.048]]}},{"type":"Feature","properties":{"boundary_type":"subduction","feature_type":"gpml:SubductionZone","polarity":"Right","overriding_plate_id":802,"subducting_plate_id":804,"plate_ids":[802,804],"name":"ANT NAZ 060 015 TF"},"geometry":{"type":"LineString","coordinates":[[-97.645,-66.703],[-96.768,-66.654],[-95.575,-66.515],[-94.563,-66.518],[-93.551,-66.515],[-92.756,-66.535],[-91.961,-66.55],[-91.26,-66.389],[-90.569,-66.224],[-90.566,-66.223]]}},{"type":"Feature","properties":{"boundary_type":"subduction","feature_type":"gpml:SubductionZone","polarity":"Right","overriding_plate_id":802,"subducting_plate_id":904,"plate_ids":[802,904],"name":"ANT NAZ 060 015 TF"},"geometry":{"type":"LineString","coordinates":[[-90.566,-66.223],[-89.57,-65.937],[-88.597,-65.645],[-87.645,-65.347],[-86.751,-65.144],[-85.87,-64.936],[-85.004,-64.722],[-84.01,-64.474],[-83.035,-64.219],[-82.333,-63.986],[-81.643,-63.749],[-80.791,-63.464],[-79.956,-63.175],[-79.124,-62.863],[-78.31,-62.547],[-77.537,-62.413],[-76.772,-62.274],[-75.878,-62.204],[-74.988,-62.127],[-74.102,-62.045],[-73.517,-61.941],[-72.935,-61.835],[-72.212,-61.745],[-71.493,-61.651],[-70.778,-61.553],[-70.068,-61.452],[-69.394,-61.251],[-68.728,-61.046],[-68.012,-60.907]]}},{"type":"Feature","properties":{"boundary_type":"subduction","feature_type":"gpml:SubductionZone","polarity":"Left","overriding_plate_id":301,"subducting_plate_id":501,"plate_ids":[301,501],"name":"Indonesian bndy w AUS-mg"},"geometry":{"type":"LineString","coordinates":[[93.675,10.012],[93.94,9.704],[94.205,9.396],[94.469,9.088],[94.733,8.78],[94.996,8.471],[95.4,8.182],[95.803,7.893],[96.206,7.604],[96.608,7.315],[97.01,7.024],[97.411,6.734],[97.812,6.443],[98.061,6.127],[98.31,5.811],[98.559,5.494],[98.807,5.178],[99.175,4.849],[99.542,4.52],[99.908,4.19],[100.274,3.861],[100.64,3.531],[101.059,3.337],[101.477,3.143],[101.895,2.949],[102.312,2.755],[102.73,2.56],[103.147,2.366],[103.565,2.171],[103.982,1.976],[104.399,1.781],[104.816,1.586],[105.195,1.308],[105.574,1.03],[105.953,0.752],[106.332,0.474],[106.71,0.196],[107.089,-0.082],[107.468,-0.36],[107.846,-0.638],[108.225,-0.916],[108.64,-1.027],[109.055,-1.138],[109.469,-1.249],[109.884,-1.361],[110.299,-1.472],[110.713,-1.583],[111.201,-1.609],[111.689,-1.635],[112.174,-1.73],[112.66,-1.826],[113.145,-1.921],[113.631,-2.015],[114.117,-2.11],[114.429,-2.027]]}},{"type":"Feature","properties":{"boundary_type":"subduction","feature_type":"gpml:SubductionZone","polarity":"Right","overriding_plate_id":301,"subducting_plate_id":926,"plate_ids":[301,926],"name":"Japan sub zone fromEarthByte cob MG 4-20-07"},"geometry":{"type":"LineString","coordinates":[[139.491,59.74],[139.745,59.283],[139.992,58.826],[140.233,58.369],[140.467,57.911],[140.602,57.458],[140.733,57.004],[140.862,56.55],[140.987,56.096],[141.109,55.642],[141.147,55.202],[141.185,54.761],[141.222,54.321],[141.258,53.881],[141.293,53.44],[141.247,52.978],[141.201,52.516],[141.157,52.053],[141.222,51.618],[141.285,51.183],[141.348,50.747],[141.409,50.312],[141.469,49.876],[141.4,49.463],[141.332,49.049],[141.265,48.635],[141.2,48.221],[141.115,47.888],[141.031,47.556],[140.948,47.223],[140.739,46.825],[140.533,46.427],[140.329,46.028],[139.988,45.617],[139.651,45.206],[139.458,44.795],[139.268,44.384],[138.673,44.221],[138.082,44.056],[137.494,43.887],[136.91,43.715],[136.489,43.44],[136.072,43.164],[135.659,42.887],[135.249,42.608],[134.843,42.327],[134.368,42.022],[133.898,41.715],[133.432,41.406],[133.118,41.251],[132.804,41.096],[132.397,40.897],[131.991,40.696],[131.589,40.494],[131.181,40.209],[130.778,39.922],[130.421,39.616],[130.068,39.309],[129.718,39.0],[129.435,38.875],[129.153,38.749]]}},{"type":"Feature","properties":{"boundary_type":"subduction","feature_type":"gpml:SubductionZone","polarity":"Left","overriding_plate_id":301,"subducting_plate_id":501,"plate_ids":[301,501],"name":"Kalimantan (Bornea) - mg"},"geometry":{"type":"LineString","coordinates":[[114.429,-2.027],[114.736,-2.383],[115.043,-2.738],[115.35,-3.094],[115.657,-3.45],[115.965,-3.805],[116.273,-4.161],[116.581,-4.516],[116.89,-4.871],[117.199,-5.226],[117.508,-5.581],[117.884,-5.828],[118.261,-6.074],[118.637,-6.32],[118.957,-6.233],[119.276,-6.146]]}},{"type":"Feature","properties":{"boundary_type":"subduction","feature_type":"gpml:SubductionZone","polarity":"Left","overriding_plate_id":301,"subducting_plate_id":801,"plate_ids":[301,801],"name":"Kalimantan (Bornea) - mg"},"geometry":{"type":"LineString","coordinates":[[119.276,-6.146],[119.719,-6.026],[120.161,-5.904],[120.604,-5.783],[121.046,-5.661],[121.393,-5.47],[121.739,-5.279],[122.086,-5.087],[122.432,-4.895]]}},{"type":"Feature","properties":{"boundary_type":"subduction","feature_type":"gpml:SubductionZone","polarity":"Left","overriding_plate_id":301,"subducting_plate_id":780,"plate_ids":[301,780],"name":"Kalimantan (Bornea) - mg"},"geometry":{"type":"LineString","coordinates":[[122.432,-4.895],[122.825,-4.677],[123.218,-4.459],[123.611,-4.24],[124.004,-4.021],[124.402,-3.751],[124.801,-3.481],[125.199,-3.21],[125.596,-2.94],[125.994,-2.669],[126.391,-2.398],[126.789,-2.127]]}},{"type":"Feature","properties":{"boundary_type":"subduction","feature_type":"gpml:SubductionZone","polarity":"Left","overriding_plate_id":926,"subducting_plate_id":780,"plate_ids":[780,926],"name":"Kalimantan (Bornea) - mg"},"geometry":{"type":"LineString","coordinates":[[126.789,-2.127],[127.146,-1.884],[127.503,-1.64],[127.86,-1.396],[128.216,-1.152]]}},{"type":"Feature","properties":{"boundary_type":"subduction","feature_type":"gpml:SubductionZone","polarity":"Right","overriding_plate_id":922,"subducting_plate_id":901,"plate_ids":[901,922],"name":"MelanesiaVityaz DiCaprio"},"geometry":{"type":"LineString","coordinates":[[151.929,-15.669],[152.386,-15.725],[152.851,-15.867],[153.316,-16.009],[153.652,-16.127],[153.989,-16.244],[154.326,-16.361],[154.712,-16.603],[155.1,-16.844],[155.489,-17.085],[155.879,-17.325],[156.269,-17.564],[156.64,-17.795],[157.011,-18.025],[157.384,-18.255],[157.757,-18.484],[158.132,-18.712],[158.441,-19.032],[158.752,-19.352],[159.063,-19.671],[159.358,-19.929],[159.655,-20.187],[159.952,-20.444],[160.34,-20.552],[160.728,-20.658],[161.117,-20.764],[161.643,-20.762],[162.168,-20.759],[162.694,-20.754],[163.078,-20.901],[163.462,-21.047],[163.847,-21.192],[164.233,-21.336],[164.65,-21.405],[165.068,-21.474],[165.486,-21.541],[165.77,-21.735],[166.055,-21.928],[166.443,-21.968],[166.832,-22.007],[167.221,-22.045],[167.569,-22.159],[167.918,-22.273],[168.222,-22.545],[168.527,-22.816],[168.833,-23.087]]}},{"type":"Feature","properties":{"boundary_type":"subduction","feature_type":"gpml:SubductionZone","polarity":"Right","overriding_plate_id":101,"subducting_plate_id":902,"plate_ids":[101,902],"name":"Western NAM subduction"},"geometry":{"type":"LineString","coordinates":[[-78.017,22.508],[-78.407,22.745],[-78.799,22.98],[-79.164,23.299],[-79.53,23.617],[-79.899,23.934],[-80.269,24.25],[-80.641,24.565],[-81.014,24.88],[-81.39,25.193],[-81.514,25.672],[-81.639,26.15],[-81.765,26.629],[-81.892,27.107],[-82.02,27.585],[-82.15,28.063],[-82.396,28.461],[-82.645,28.857],[-82.895,29.254],[-83.147,29.65],[-83.402,30.045],[-83.658,30.44],[-83.854,30.75],[-84.051,31.06],[-84.25,31.369],[-84.414,31.748],[-84.58,32.126],[-84.748,32.504],[-84.917,32.882],[-85.031,33.213],[-85.146,33.545],[-85.263,33.877],[-85.436,34.25],[-85.611,34.622],[-85.788,34.995],[-85.864,35.346],[-85.941,35.697],[-86.018,36.047],[-86.121,36.436],[-86.224,36.824],[-86.329,37.213],[-86.435,37.601],[-86.5,38.071],[-86.566,38.541],[-86.871,38.948],[-87.181,39.353],[-87.494,39.758],[-87.81,40.163],[-88.117,40.41],[-88.425,40.658],[-88.736,40.904],[-89.13,41.185],[-89.527,41.465],[-89.928,41.744],[-90.159,42.044],[-90.392,42.343],[-90.753,42.695],[-91.118,43.045],[-91.496,43.25],[-91.876,43.453],[-92.259,43.656],[-92.379,44.024],[-92.501,44.393],[-92.624,44.761],[-92.928,45.209],[-93.237,45.657],[-93.552,46.103],[-93.797,46.484],[-94.047,46.864],[-94.299,47.244],[-94.556,47.623],[-94.816,48.002],[-94.931,48.428],[-95.049,48.854],[-95.168,49.28],[-95.289,49.706],[-95.412,50.084],[-95.536,50.462],[-95.662,50.84],[-95.79,51.218],[-95.618,51.672],[-95.443,52.125],[-95.264,52.579],[-95.081,53.032],[-94.736,53.486],[-94.382,53.94],[-94.022,54.392],[-93.653,54.844],[-93.234,55.271],[-92.806,55.697],[-92.369,56.121],[-91.923,56.544],[-91.685,56.967],[-91.441,57.389],[-91.192,57.811],[-90.937,58.232],[-90.676,58.652],[-90.408,59.073],[-90.42,59.084]]}},{"type":"Feature","properties":{"boundary_type":"subduction","feature_type":"gpml:SubductionZone","polarity":"Right","overriding_plate_id":101,"subducting_plate_id":918,"plate_ids":[101,918],"name":"Western NAM subduction"},"geometry":{"type":"LineString","coordinates":[[-90.42,59.084],[-90.794,59.469],[-91.176,59.852],[-91.568,60.234],[-91.969,60.615],[-92.458,60.922],[-92.957,61.227],[-93.465,61.53],[-93.984,61.831],[-94.194,62.225],[-94.409,62.619],[-94.793,63.053],[-95.189,63.485],[-95.49,63.796],[-95.798,64.106],[-96.113,64.416],[-96.402,64.824],[-96.754,65.291],[-97.119,65.756],[-97.239,66.116],[-97.362,66.475],[-97.488,66.834],[-97.458,67.266],[-97.428,67.697],[-97.468,68.032],[-97.51,68.366],[-97.552,68.701],[-97.77,69.083],[-97.427,69.543],[-97.655,69.921],[-97.641,70.277],[-97.941,70.75],[-98.548,71.201],[-98.812,71.4],[-99.087,71.776],[-99.541,72.12],[-99.841,72.495],[-100.09,72.955],[-100.203,73.205],[-100.319,73.456],[-100.272,73.718],[-100.222,73.981],[-100.23,74.418],[-100.238,74.856]]}},{"type":"Feature","properties":{"boundary_type":"other","feature_type":"gpml:TerraneBoundary","polarity":null,"overriding_plate_id":null,"subducting_plate_id":null,"plate_ids":[802,804],"name":"E/W ANT"},"geometry":{"type":"LineString","coordinates":[[-174.054,-66.026],[-173.597,-66.241],[-172.871,-66.483],[-172.418,-66.61],[-172.027,-66.793],[-172.1,-67.144],[-172.263,-67.432],[-172.481,-67.749],[-172.685,-68.036],[-172.996,-68.344],[-173.28,-68.641],[-173.667,-68.989],[-173.932,-69.195],[-174.055,-69.513],[-174.1,-69.786],[-174.136,-70.089],[-174.41,-70.325],[-174.59,-70.666],[-174.705,-71.022],[-174.877,-71.291],[-175.012,-71.682],[-175.057,-72.082],[-174.702,-72.498],[-174.097,-72.776],[-173.56,-72.996],[-173.009,-73.214],[-172.387,-73.418],[-171.749,-73.621],[-170.794,-73.86],[-169.811,-74.095],[-168.683,-74.297],[-167.527,-74.494],[-166.285,-74.67],[-165.016,-74.84],[-163.489,-75.059],[-161.918,-75.269],[-160.46,-75.543],[-158.948,-75.808],[-157.766,-76.025],[-156.547,-76.235],[-155.293,-76.439],[-153.837,-76.68],[-152.329,-76.912],[-150.769,-77.135],[-148.942,-77.352],[-147.054,-77.555],[-145.324,-77.683],[-143.56,-77.8],[-141.763,-77.905],[-139.535,-78.015],[-137.268,-78.108],[-134.971,-78.182],[-132.618,-78.159],[-130.278,-78.118],[-128.491,-78.038],[-126.729,-77.947],[-124.994,-77.846],[-123.56,-77.704],[-122.158,-77.555],[-120.79,-77.4],[-119.143,-77.113],[-117.567,-76.817],[-116.061,-76.511],[-114.666,-76.232],[-113.327,-75.945],[-112.209,-75.642],[-111.137,-75.334],[-110.109,-75.021],[-109.053,-74.695],[-108.041,-74.365],[-107.069,-74.029],[-105.926,-73.71],[-104.826,-73.384],[-103.767,-73.053],[-102.805,-72.642],[-101.887,-72.227],[-101.264,-71.938],[-100.66,-71.647],[-100.074,-71.354],[-99.469,-70.898],[-98.892,-70.439],[-98.512,-70.075],[-98.146,-69.71],[-97.847,-69.267],[-97.561,-68.823],[-97.553,-68.489],[-97.545,-68.154],[-97.538,-67.819],[-97.566,-67.333],[-97.592,-66.847],[-97.645,-66.703]]}},{"type":"Feature","properties":{"boundary_type":"other","feature_type":"gpml:TerraneBoundary","polarity":null,"overriding_plate_id":null,"subducting_plate_id":null,"plate_ids":[101,102],"name":"North Greenland boundary"},"geometry":{"type":"LineString","coordinates":[[-6.622,67.318],[-5.913,67.52],[-5.193,67.718],[-4.46,67.913],[-3.157,67.999],[-1.844,68.074],[-0.523,68.139],[0.385,68.269],[1.302,68.394],[2.23,68.514],[2.958,68.655],[3.695,68.794],[4.567,68.619],[5.24,68.56],[5.909,68.498],[6.671,68.455],[7.431,68.409],[8.169,68.16]]}},{"type":"Feature","properties":{"boundary_type":"other","feature_type":"gpml:TerraneBoundary","polarity":null,"overriding_plate_id":null,"subducting_plate_id":null,"plate_ids":[102,301],"name":"North Greenland boundary"},"geometry":{"type":"LineString","coordinates":[[8.169,68.16],[8.68,67.982],[9.184,67.803],[10.175,67.499],[11.142,67.188],[11.861,66.894],[12.564,66.597],[13.009,66.249],[13.441,65.899],[13.862,65.548],[14.272,65.196],[14.647,64.751],[15.01,64.304],[15.361,63.857],[15.701,63.408],[16.031,62.959],[16.35,62.509],[16.766,62.071]]}},{"type":"Feature","properties":{"boundary_type":"transform","feature_type":"gpml:Transform","polarity":null,"overriding_plate_id":null,"subducting_plate_id":null,"plate_ids":[101,301],"name":"North Porcupine Transform"},"geometry":{"type":"LineString","coordinates":[[-14.563,42.103],[-13.964,41.991],[-13.394,41.958],[-12.824,41.922],[-12.254,41.884],[-11.595,41.962]]}},{"type":"Feature","properties":{"boundary_type":"transform","feature_type":"gpml:Transform","polarity":null,"overriding_plate_id":null,"subducting_plate_id":null,"plate_ids":[301,317],"name":"North Porcupine Transform"},"geometry":{"type":"LineString","coordinates":[[-11.595,41.962],[-10.977,42.032],[-10.358,42.098],[-9.859,42.199],[-9.484,42.237],[-9.109,42.274],[-8.569,42.255],[-8.244,42.01],[-7.92,41.764],[-7.734,41.534],[-7.549,41.303],[-7.37,41.028],[-7.193,40.753],[-7.04,40.493],[-6.889,40.232],[-6.713,39.926],[-6.539,39.619],[-6.381,39.34],[-6.225,39.06],[-5.922,38.692],[-5.623,38.322],[-5.327,37.953],[-4.846,37.77],[-4.368,37.586],[-3.892,37.4],[-3.418,37.212],[-2.947,37.022],[-2.478,36.83],[-1.992,36.569],[-1.509,36.305],[-1.03,36.04],[-0.553,35.773],[-0.08,35.504],[0.389,35.234],[0.856,34.961],[1.32,34.687],[1.78,34.411],[2.08,34.083],[2.377,33.755],[2.672,33.425],[2.965,33.095]]}},{"type":"Feature","properties":{"boundary_type":"subduction","feature_type":"gpml:SubductionZone","polarity":"Left","overriding_plate_id":301,"subducting_plate_id":701,"plate_ids":[301,701],"name":"Tethyan Subduction after Afghan block Accretion AG 2012"},"geometry":{"type":"LineString","coordinates":[[41.883,28.261],[42.375,28.302],[42.867,28.341],[43.36,28.378],[43.853,28.413],[44.346,28.447],[44.84,28.479],[45.374,28.421],[45.908,28.361],[46.441,28.299],[46.974,28.234],[47.322,28.026],[47.668,27.816],[48.014,27.606],[48.412,27.305],[48.808,27.002],[49.202,26.698],[49.655,26.578],[50.107,26.457],[50.558,26.334],[50.977,26.048],[51.394,25.761],[51.809,25.473],[52.217,25.308],[52.623,25.142],[53.014,24.929],[53.403,24.714],[53.668,24.469],[53.933,24.223],[54.196,23.977],[54.569,23.883],[54.943,23.787],[55.315,23.691],[55.699,23.34],[56.08,22.987],[56.36,22.697],[56.639,22.407],[56.916,22.116],[57.324,21.964],[57.802,22.062],[58.281,22.159],[58.545,22.003],[58.81,21.846],[58.957,21.485],[59.104,21.123],[59.25,20.761],[59.764,20.643],[60.277,20.523],[60.789,20.401],[61.301,20.278],[61.553,20.313]]}},{"type":"Feature","properties":{"boundary_type":"subduction","feature_type":"gpml:SubductionZone","polarity":"Left","overriding_plate_id":301,"subducting_plate_id":701,"plate_ids":[301,701],"name":"Subduction Zone - A Gibbons Phd 2012"},"geometry":{"type":"LineString","coordinates":[[61.553,20.313],[61.919,20.048],[62.284,19.781],[62.648,19.514],[63.11,19.608],[63.573,19.7],[64.036,19.79],[64.5,19.88],[64.964,19.968],[65.429,20.056],[65.894,20.142],[66.36,20.226],[66.826,20.31]]}},{"type":"Feature","properties":{"boundary_type":"subduction","feature_type":"gpml:SubductionZone","polarity":"Left","overriding_plate_id":null,"subducting_plate_id":null,"plate_ids":[301],"name":"Subduction Zone - A Gibbons Phd 2012"},"geometry":{"type":"LineString","coordinates":[[66.826,20.31],[67.15,20.367],[67.475,20.424]]}},{"type":"Feature","properties":{"boundary_type":"ridge","feature_type":"gpml:MidOceanRidge","polarity":null,"overriding_plate_id":null,"subducting_plate_id":null,"plate_ids":[501,801],"name":"MOR India Australia A Gibbons 2012"},"geometry":{"type":"LineString","coordinates":[[119.276,-6.146],[119.308,-6.542],[119.339,-6.937],[119.371,-7.332],[119.403,-7.728],[118.936,-7.741],[118.468,-7.753],[118.0,-7.764],[117.532,-7.776],[117.064,-7.786],[116.596,-7.796],[116.128,-7.806],[115.66,-7.815],[115.192,-7.824],[114.724,-7.832],[114.256,-7.839],[113.787,-7.846],[113.319,-7.853],[113.29,-8.254],[113.261,-8.655],[113.232,-9.056],[113.202,-9.457],[113.173,-9.857],[112.703,-9.947],[112.232,-10.035],[111.761,-10.123],[111.29,-10.211],[110.819,-10.297],[110.348,-10.383],[109.876,-10.469],[109.922,-10.946],[109.968,-11.424],[110.015,-11.901],[110.061,-12.379],[110.108,-12.856],[110.155,-13.334],[110.202,-13.811],[110.249,-14.289],[110.297,-14.766],[110.344,-15.244],[110.392,-15.721],[109.918,-15.749],[109.443,-15.775],[108.968,-15.801],[108.494,-15.826],[108.019,-15.849],[107.656,-15.883],[107.293,-15.916],[106.929,-15.948],[106.938,-16.441],[106.947,-16.934],[106.956,-17.427],[106.965,-17.92],[106.975,-18.413],[106.984,-18.906],[106.993,-19.399],[107.002,-19.892],[107.012,-20.384],[107.021,-20.877],[107.031,-21.37],[107.04,-21.863],[106.51,-21.876],[105.979,-21.887],[105.449,-21.896],[104.918,-21.904],[104.387,-21.91],[103.856,-21.915],[103.326,-21.917],[102.795,-21.918],[102.264,-21.917],[101.733,-21.915],[101.202,-21.911],[100.672,-21.905],[100.141,-21.897],[100.094,-22.382],[100.048,-22.866],[100.0,-23.351],[99.953,-23.836],[99.905,-24.32],[99.857,-24.805],[99.808,-25.289],[99.759,-25.774],[99.71,-26.259],[99.66,-26.743],[99.61,-27.228],[99.559,-27.712],[98.996,-27.73],[98.433,-27.746],[97.87,-27.76],[97.307,-27.771],[96.744,-27.781],[96.18,-27.787],[95.617,-27.792],[95.053,-27.794],[95.057,-28.156],[95.061,-28.518],[94.623,-28.495],[94.185,-28.471],[93.747,-28.446],[93.678,-28.933],[93.609,-29.421],[93.54,-29.908],[93.469,-30.395],[93.398,-30.883],[93.326,-31.37],[93.253,-31.857],[93.18,-32.345],[93.106,-32.832],[93.031,-33.319],[92.955,-33.806],[92.878,-34.293],[92.309,-34.241],[91.74,-34.187],[91.172,-34.13],[90.605,-34.07],[90.519,-34.514],[90.433,-34.958],[90.346,-35.401],[90.258,-35.845],[90.168,-36.288],[90.078,-36.732],[89.987,-37.175],[89.411,-37.155],[88.835,-37.132],[88.26,-37.107],[87.685,-37.079],[87.11,-37.048],[86.536,-37.014],[86.533,-37.43],[86.016,-37.369],[85.499,-37.306],[84.983,-37.241],[84.468,-37.173],[84.404,-37.599],[84.338,-38.025],[84.272,-38.451],[84.205,-38.876],[84.137,-39.302],[83.551,-39.28],[82.965,-39.255],[82.38,-39.227],[82.245,-39.706],[82.109,-40.186],[81.97,-40.665],[81.83,-41.143],[81.688,-41.622],[81.543,-42.1],[81.396,-42.579],[81.247,-43.057],[81.096,-43.534],[80.942,-44.012],[80.786,-44.49],[80.627,-44.967],[80.465,-45.444],[80.301,-45.921],[80.134,-46.397]]}},{"type":"Feature","properties":{"boundary_type":"other","feature_type":"gpml:Fault","polarity":null,"overriding_plate_id":null,"subducting_plate_id":null,"plate_ids":[101,409],"name":"Alaska"},"geometry":{"type":"LineString","coordinates":[[-149.71,70.737],[-149.515,71.187],[-149.311,71.637],[-149.096,72.087],[-148.849,72.532],[-148.588,72.976],[-148.315,73.42],[-148.026,73.864],[-147.722,74.307],[-147.4,74.749],[-147.06,75.192],[-146.699,75.634],[-146.932,76.097],[-147.18,76.559],[-147.445,77.022],[-147.73,77.484],[-148.036,77.946],[-148.366,78.408],[-148.723,78.869],[-149.111,79.33],[-149.533,79.79],[-149.994,80.249],[-152.098,80.583],[-154.352,80.903],[-156.764,81.208],[-159.344,81.496],[-162.097,81.767],[-165.029,82.017],[-168.142,82.246],[-170.907,82.405],[-173.783,82.546],[-176.762,82.667],[-179.831,82.768],[177.021,82.848],[173.201,82.867],[169.377,82.855],[165.582,82.811],[161.849,82.737],[158.207,82.632],[154.679,82.499],[151.286,82.339],[148.186,82.192],[145.207,82.024],[142.359,81.835],[139.645,81.626],[137.067,81.401],[134.624,81.159],[132.315,80.902],[130.134,80.631],[127.439,80.494],[124.825,80.337],[122.299,80.161],[119.866,79.967],[117.527,79.756],[115.286,79.529],[113.142,79.287],[110.654,79.157],[108.228,79.007],[105.871,78.838],[103.586,78.652],[101.378,78.448],[99.248,78.229],[97.198,77.994],[95.227,77.745],[94.542,77.617]]}},{"type":"Feature","properties":{"boundary_type":"subduction","feature_type":"gpml:SubductionZone","polarity":"Left","overriding_plate_id":301,"subducting_plate_id":926,"plate_ids":[301,926],"name":"Koryak-Kamchatka Subduction Zone Test GS"},"geometry":{"type":"LineString","coordinates":[[139.491,59.74],[140.18,60.083],[140.882,60.423],[141.6,60.759],[142.333,61.091],[143.081,61.419],[143.725,61.755],[144.384,62.088],[145.057,62.418],[145.745,62.744],[146.448,63.067],[147.167,63.386],[147.902,63.702],[148.653,64.014],[149.422,64.321],[150.207,64.625],[150.433,64.7]]}},{"type":"Feature","properties":{"boundary_type":"subduction","feature_type":"gpml:SubductionZone","polarity":"Left","overriding_plate_id":409,"subducting_plate_id":926,"plate_ids":[409,926],"name":"Koryak-Kamchatka Subduction Zone Test GS"},"geometry":{"type":"LineString","coordinates":[[150.433,64.7],[150.78,64.814]]}},{"type":"Feature","properties":{"boundary_type":"subduction","feature_type":"gpml:SubductionZone","polarity":"Left","overriding_plate_id":409,"subducting_plate_id":901,"plate_ids":[409,901],"name":"Koryak-Kamchatka Subduction Zone Test GS"},"geometry":{"type":"LineString","coordinates":[[150.78,64.814],[151.723,65.114],[152.687,65.408],[153.672,65.695],[154.68,65.977],[155.71,66.251],[156.762,66.519],[157.575,66.862],[158.411,67.202],[159.271,67.537],[160.155,67.867],[160.819,68.271],[161.508,68.672],[162.221,69.07],[162.96,69.465],[163.727,69.857],[164.523,70.246],[165.35,70.631],[166.231,70.929],[167.139,71.224],[168.075,71.514],[169.039,71.8],[170.033,72.08],[171.359,72.035],[172.679,71.982],[173.99,71.919],[175.291,71.848],[176.582,71.767],[177.987,71.633],[179.372,71.488],[-179.265,71.334],[-177.924,71.169],[-176.4,71.122],[-174.885,71.062],[-173.379,70.99],[-171.885,70.906],[-170.405,70.81],[-168.94,70.703],[-167.492,70.583],[-166.061,70.453],[-164.745,70.458],[-163.429,70.454],[-162.114,70.441],[-160.801,70.417],[-159.492,70.385],[-158.188,70.343]]}},{"type":"Feature","properties":{"boundary_type":"subduction","feature_type":"gpml:SubductionZone","polarity":"Left","overriding_plate_id":409,"subducting_plate_id":918,"plate_ids":[409,918],"name":"Koryak-Kamchatka Subduction Zone Test GS"},"geometry":{"type":"LineString","coordinates":[[-158.188,70.343],[-157.439,70.315],[-156.693,70.283],[-155.323,70.395],[-153.938,70.496],[-152.54,70.587],[-151.131,70.667],[-149.71,70.737]]}},{"type":"Feature","properties":{"boundary_type":"subduction","feature_type":"gpml:SubductionZone","polarity":"Left","overriding_plate_id":101,"subducting_plate_id":918,"plate_ids":[101,918],"name":"Koryak-Kamchatka Subduction Zone Test GS"},"geometry":{"type":"LineString","coordinates":[[-149.71,70.737],[-148.263,70.795],[-146.809,70.843],[-145.348,70.878],[-143.882,70.903],[-142.414,70.915],[-141.197,70.998],[-139.971,71.072],[-138.735,71.138],[-137.492,71.196],[-136.242,71.246],[-134.755,71.374],[-133.249,71.491],[-131.726,71.596],[-130.187,71.688],[-128.634,71.768],[-128.086,71.773]]}},{"type":"Feature","properties":{"boundary_type":"subduction","feature_type":"gpml:SubductionZone","polarity":"Right","overriding_plate_id":101,"subducting_plate_id":918,"plate_ids":[101,918],"name":"Alaska Subduction GS"},"geometry":{"type":"LineString","coordinates":[[-100.238,74.856],[-102.015,74.858],[-103.79,74.847],[-105.561,74.822],[-107.254,74.605],[-108.901,74.375],[-110.499,74.133],[-112.05,73.88],[-113.553,73.616],[-115.009,73.342],[-116.57,73.211],[-118.107,73.069],[-119.618,72.915],[-121.102,72.75],[-122.558,72.575],[-123.985,72.389],[-125.382,72.193],[-126.75,71.988],[-128.086,71.773]]}},{"type":"Feature","properties":{"boundary_type":"ridge","feature_type":"gpml:MidOceanRidge","polarity":null,"overriding_plate_id":null,"subducting_plate_id":null,"plate_ids":[201,701],"name":"Malvinas Ridge Jump"},"geometry":{"type":"LineString","coordinates":[[-11.532,-57.048],[-11.022,-57.401],[-10.502,-57.753],[-9.972,-58.102],[-9.432,-58.449],[-8.881,-58.794],[-8.319,-59.137],[-7.99,-59.567],[-7.654,-59.996],[-7.308,-60.425],[-6.953,-60.853],[-6.748,-61.278],[-6.537,-61.704],[-6.32,-62.129],[-6.097,-62.553],[-5.865,-62.974],[-5.627,-63.394],[-5.381,-63.814],[-5.128,-64.233],[-4.867,-64.652]]}},{"type":"Feature","properties":{"boundary_type":"ridge","feature_type":"gpml:MidOceanRidge","polarity":null,"overriding_plate_id":null,"subducting_plate_id":null,"plate_ids":[701,802],"name":"Malvinas Ridge Jump"},"geometry":{"type":"LineString","coordinates":[[-4.867,-64.652],[-4.609,-65.054],[-4.344,-65.455],[-3.549,-65.155],[-3.235,-65.278],[-2.62,-64.946],[-2.02,-64.612],[-1.435,-64.275],[-1.237,-64.333]]}},{"type":"Feature","properties":{"boundary_type":"ridge","feature_type":"gpml:MidOceanRidge","polarity":null,"overriding_plate_id":null,"subducting_plate_id":null,"plate_ids":[901,926],"name":"IZA-PAC MOR"},"geometry":{"type":"LineString","coordinates":[[150.78,64.814],[151.578,64.487],[152.357,64.155],[153.118,63.82],[153.861,63.481],[154.586,63.138],[155.294,62.792],[155.986,62.442],[156.662,62.088],[157.322,61.732],[156.605,61.44],[155.902,61.144],[155.212,60.844],[154.534,60.542],[153.87,60.235],[153.217,59.926],[152.577,59.613],[151.949,59.298],[152.583,58.978],[153.206,58.655],[153.817,58.329],[154.417,58.001],[155.006,57.67],[155.584,57.336],[156.152,56.999],[156.71,56.66],[157.258,56.318],[157.796,55.974],[158.324,55.628],[157.642,55.316],[156.971,55.0],[156.311,54.68],[155.661,54.357],[155.021,54.031],[154.391,53.701],[153.771,53.368],[153.161,53.032],[152.56,52.692],[151.969,52.35],[151.386,52.005],[150.813,51.657],[150.248,51.306],[149.692,50.952],[149.144,50.596],[148.679,50.257],[148.22,49.917],[147.767,49.575],[147.321,49.231],[146.881,48.885],[146.447,48.537],[146.019,48.188],[145.596,47.838],[145.18,47.486],[145.538,47.162],[145.891,46.837],[146.24,46.511],[145.799,46.147],[145.364,45.781],[144.935,45.414],[144.511,45.046],[144.092,44.676],[143.679,44.304]]}},{"type":"Feature","properties":{"boundary_type":"ridge","feature_type":"gpml:MidOceanRidge","polarity":null,"overriding_plate_id":null,"subducting_plate_id":null,"plate_ids":[101,102],"name":"Ridge from iso A25 from NorthAmerica 55.9Ma"},"geometry":{"type":"LineString","coordinates":[[-6.622,67.318],[-7.712,67.404],[-8.821,67.429],[-9.931,67.446],[-11.201,67.414],[-12.467,67.373],[-13.728,67.322],[-14.278,66.993],[-14.814,66.663],[-15.336,66.331],[-15.288,65.832],[-15.242,65.333],[-15.197,64.835],[-14.952,64.491],[-14.713,64.147],[-14.48,63.802],[-14.467,63.424],[-14.454,63.045],[-14.441,62.667],[-14.428,62.288],[-14.526,61.837],[-14.621,61.385],[-14.713,60.934],[-14.803,60.482],[-14.891,60.058],[-14.977,59.633],[-15.061,59.209],[-15.143,58.785],[-15.223,58.36],[-15.497,57.995],[-15.765,57.629],[-16.028,57.263],[-16.524,56.96],[-17.012,56.656],[-17.492,56.349],[-17.914,56.045],[-18.329,55.739],[-18.737,55.432],[-19.234,55.087],[-19.723,54.74],[-20.203,54.391],[-20.639,53.978],[-21.067,53.564],[-21.487,53.149],[-21.475,52.723],[-21.463,52.298],[-21.451,51.873],[-21.068,51.544],[-20.691,51.213],[-20.319,50.882],[-19.952,50.549],[-19.616,50.231],[-19.284,49.911],[-18.957,49.59],[-18.634,49.269],[-18.555,48.84],[-18.477,48.411],[-18.401,47.981],[-18.194,47.532],[-17.99,47.082],[-17.536,46.753],[-17.087,46.423],[-16.676,46.22],[-16.269,46.016],[-15.864,45.81],[-15.694,45.43],[-15.526,45.049],[-15.502,45.012]]}},{"type":"Feature","properties":{"boundary_type":"ridge","feature_type":"gpml:MidOceanRidge","polarity":null,"overriding_plate_id":null,"subducting_plate_id":null,"plate_ids":[101,301],"name":"Ridge from iso A25 from NorthAmerica 55.9Ma"},"geometry":{"type":"LineString","coordinates":[[-15.502,45.012],[-15.348,44.779],[-15.195,44.545],[-15.181,44.149],[-15.07,43.838],[-14.96,43.527],[-14.893,43.219],[-14.826,42.911],[-14.74,42.626],[-14.655,42.341],[-14.563,42.103]]}},{"type":"Feature","properties":{"boundary_type":"subduction","feature_type":"gpml:SubductionZone","polarity":"Left","overriding_plate_id":727,"subducting_plate_id":926,"plate_ids":[727,926],"name":"Proto South China Sea opening"},"geometry":{"type":"LineString","coordinates":[[117.391,8.414],[117.774,8.711],[118.159,9.007],[118.544,9.302],[118.929,9.597],[119.182,9.937],[119.435,10.278],[119.688,10.618],[119.942,10.957],[120.196,11.297],[120.452,11.636],[120.762,12.01],[121.072,12.383],[121.384,12.756],[121.697,13.128],[122.01,13.5],[122.325,13.872],[122.616,14.251],[122.908,14.63],[123.201,15.008],[123.495,15.386],[123.89,15.575],[124.284,15.764],[124.68,15.952],[125.152,16.141],[125.624,16.329],[126.098,16.516],[126.572,16.702],[127.048,16.886],[127.524,17.07],[128.001,17.253],[128.367,17.59],[128.734,17.926],[129.102,18.262],[129.472,18.597],[129.843,18.932],[130.216,19.265]]}},{"type":"Feature","properties":{"boundary_type":"transform","feature_type":"gpml:Transform","polarity":null,"overriding_plate_id":null,"subducting_plate_id":null,"plate_ids":[501,529],"name":"Proto Andaman transform"},"geometry":{"type":"LineString","coordinates":[[93.084,7.84],[93.19,8.206],[93.295,8.573],[93.401,8.939],[93.507,9.306],[93.591,9.659],[93.675,10.012]]}},{"type":"Feature","properties":{"boundary_type":"transform","feature_type":"gpml:Transform","polarity":null,"overriding_plate_id":null,"subducting_plate_id":null,"plate_ids":[301,529],"name":"Proto Andaman transform"},"geometry":{"type":"LineString","coordinates":[[93.675,10.012],[93.781,10.457],[93.887,10.902],[93.994,11.347],[94.101,11.792],[94.208,12.237],[94.316,12.681],[94.424,13.126],[94.532,13.571],[94.641,14.015],[94.725,14.362],[94.809,14.709],[94.893,15.056]]}},{"type":"Feature","properties":{"boundary_type":"subduction","feature_type":"gpml:SubductionZone","polarity":"Left","overriding_plate_id":529,"subducting_plate_id":501,"plate_ids":[501,529],"name":"Kohistan instra-oceanic subduction"},"geometry":{"type":"LineString","coordinates":[[61.512,4.588],[61.905,4.48],[62.299,4.371],[62.692,4.262],[63.171,4.133],[63.649,4.004],[64.127,3.874],[64.605,3.744],[65.083,3.614],[65.561,3.484],[66.039,3.353],[66.516,3.223],[66.993,3.092],[67.387,2.956],[67.78,2.82],[68.173,2.684],[68.566,2.548],[68.959,2.411],[69.369,2.287],[69.78,2.163],[70.191,2.039],[70.601,1.915],[71.012,1.791],[71.473,1.69],[71.934,1.588],[72.395,1.487],[72.856,1.385],[73.317,1.284],[73.778,1.182],[74.239,1.08],[74.7,0.979],[75.161,0.877],[75.621,0.775],[76.082,0.771],[76.543,0.767],[77.004,0.763],[77.465,0.759],[77.925,0.755],[78.386,0.751],[78.847,0.747],[79.307,0.773],[79.767,0.798],[80.226,0.824],[80.686,0.85],[81.146,0.875],[81.606,0.901],[82.035,1.042],[82.465,1.183],[82.894,1.324],[83.324,1.465],[83.754,1.605],[84.178,1.776],[84.603,1.947],[85.027,2.118],[85.452,2.289],[85.877,2.46],[86.302,2.63],[86.727,2.8],[87.082,3.027],[87.437,3.253],[87.792,3.479],[88.147,3.705],[88.503,3.93],[88.859,4.156],[89.199,4.418],[89.539,4.681],[89.88,4.943],[90.221,5.205],[90.562,5.466],[90.903,5.728],[91.214,6.03],[91.524,6.332],[91.836,6.634],[92.147,6.936],[92.459,7.237],[92.771,7.539],[93.084,7.84]]}},{"type":"Feature","properties":{"boundary_type":"subduction","feature_type":"gpml:SubductionZone","polarity":"Right","overriding_plate_id":301,"subducting_plate_id":529,"plate_ids":[301,529],"name":"Subduction zone to close the Tethyan/Lhasa back-arc basin, southward jump after accretion"},"geometry":{"type":"LineString","coordinates":[[94.893,15.056],[94.519,15.103],[94.087,15.225],[93.656,15.347],[93.223,15.469],[92.791,15.589],[92.357,15.708],[91.924,15.827],[91.601,15.968],[91.279,16.109],[90.903,16.122],[90.527,16.133],[90.114,16.0],[89.702,15.866],[89.29,15.731],[88.879,15.595],[88.468,15.459],[88.058,15.322],[87.612,15.226],[87.166,15.129],[86.72,15.031],[86.275,14.933],[85.83,14.833],[85.386,14.733],[84.881,14.767],[84.376,14.8],[83.871,14.831],[83.366,14.862],[82.861,14.891],[82.356,14.92],[81.85,14.947],[81.344,14.973],[80.897,15.12],[80.449,15.267],[80.0,15.413],[79.551,15.558],[79.101,15.702],[78.65,15.845],[78.199,15.987],[77.747,16.128],[77.295,16.268],[76.841,16.408],[76.499,16.682],[76.155,16.956],[75.81,17.229],[75.464,17.502],[75.117,17.774],[74.661,17.938],[74.203,18.101],[73.745,18.263],[73.285,18.424],[72.825,18.584],[72.364,18.743],[71.902,18.9],[71.44,19.057],[70.976,19.212],[70.532,19.379],[70.088,19.545],[69.643,19.71],[69.196,19.874],[68.749,20.036],[68.301,20.198],[67.888,20.311],[67.475,20.424]]}},{"type":"Feature","properties":{"boundary_type":"subduction","feature_type":"gpml:SubductionZone","polarity":"Right","overriding_plate_id":null,"subducting_plate_id":null,"plate_ids":[529],"name":"Subduction zone to close the Tethyan/Lhasa back-arc basin, southward jump after accretion"},"geometry":{"type":"LineString","coordinates":[[67.475,20.424],[67.189,20.501],[66.902,20.578]]}},{"type":"Feature","properties":{"boundary_type":"subduction","feature_type":"gpml:SubductionZone","polarity":"Right","overriding_plate_id":609,"subducting_plate_id":780,"plate_ids":[609,780],"name":"Proto Molucca Plate subduction"},"geometry":{"type":"LineString","coordinates":[[150.186,-19.796],[149.819,-19.664],[149.458,-19.311],[149.098,-18.958],[148.739,-18.604],[148.382,-18.249],[148.246,-17.849],[148.11,-17.448],[147.975,-17.047],[147.841,-16.646],[147.707,-16.245],[147.503,-15.794],[147.301,-15.344],[147.099,-14.893],[146.898,-14.443],[146.698,-13.992],[146.485,-13.554],[146.272,-13.117],[146.061,-12.679],[145.85,-12.241],[145.639,-11.804],[145.43,-11.365],[145.221,-10.927],[145.012,-10.489],[144.726,-10.088],[144.44,-9.687],[144.155,-9.285],[143.87,-8.884],[143.586,-8.482],[143.303,-8.08],[143.02,-7.678],[142.722,-7.369],[142.424,-7.06],[142.126,-6.751],[141.828,-6.442],[141.531,-6.133],[141.113,-5.87],[140.696,-5.607],[140.279,-5.344],[139.862,-5.081],[139.446,-4.817],[139.03,-4.553],[138.696,-4.263],[138.363,-3.973],[138.03,-3.683],[137.698,-3.393],[137.365,-3.103]]}},{"type":"Feature","properties":{"boundary_type":"ridge","feature_type":"gpml:MidOceanRidge","polarity":null,"overriding_plate_id":null,"subducting_plate_id":null,"plate_ids":[609,926],"name":"IZA-PSP"},"geometry":{"type":"LineString","coordinates":[[139.682,22.097],[139.542,21.641],[139.403,21.186],[139.265,20.73],[139.128,20.274],[138.991,19.818],[138.856,19.362],[138.721,18.906],[138.587,18.45],[138.453,17.993],[138.321,17.537],[138.189,17.08],[138.057,16.624],[137.926,16.167],[137.796,15.71],[137.667,15.254],[137.538,14.797],[137.409,14.34],[137.281,13.883]]}},{"type":"Feature","properties":{"boundary_type":"ridge","feature_type":"gpml:MidOceanRidge","polarity":null,"overriding_plate_id":null,"subducting_plate_id":null,"plate_ids":[609,926],"name":"IZA-PSP"},"geometry":{"type":"LineString","coordinates":[[130.94,12.907],[131.426,12.987],[131.912,13.067],[132.398,13.146],[132.885,13.224],[133.373,13.301],[133.86,13.377],[134.348,13.452],[134.836,13.526],[135.324,13.599],[135.813,13.672],[136.302,13.743],[136.791,13.813],[137.281,13.883]]}},{"type":"Feature","properties":{"boundary_type":"transform","feature_type":"gpml:Transform","polarity":null,"overriding_plate_id":null,"subducting_plate_id":null,"plate_ids":[609,780],"name":"Proto Philippine transform"},"geometry":{"type":"LineString","coordinates":[[150.186,-19.796],[150.356,-19.376],[150.525,-18.957],[150.693,-18.537],[150.763,-18.375]]}},{"type":"Feature","properties":{"boundary_type":"transform","feature_type":"gpml:Transform","polarity":null,"overriding_plate_id":null,"subducting_plate_id":null,"plate_ids":[609,880],"name":"Proto Philippine transform"},"geometry":{"type":"LineString","coordinates":[[150.763,-18.375],[150.84,-18.2]]}},{"type":"Feature","properties":{"boundary_type":"transform","feature_type":"gpml:Transform","polarity":null,"overriding_plate_id":null,"subducting_plate_id":null,"plate_ids":[609,922],"name":"Proto Philippine transform"},"geometry":{"type":"LineString","coordinates":[[150.84,-18.2],[151.024,-17.779],[151.206,-17.357],[151.388,-16.935],[151.569,-16.513],[151.75,-16.091],[151.929,-15.669]]}},{"type":"Feature","properties":{"boundary_type":"transform","feature_type":"gpml:Transform","polarity":null,"overriding_plate_id":null,"subducting_plate_id":null,"plate_ids":[609,901],"name":"Proto Philippine transform"},"geometry":{"type":"LineString","coordinates":[[151.929,-15.669],[152.113,-15.235],[152.296,-14.8],[152.478,-14.366],[152.66,-13.931]]}},{"type":"Feature","properties":{"boundary_type":"ridge","feature_type":"gpml:MidOceanRidge","polarity":null,"overriding_plate_id":null,"subducting_plate_id":null,"plate_ids":[780,801],"name":"Sepik back-arc MOR"},"geometry":{"type":"LineString","coordinates":[[135.503,-25.416],[135.875,-25.373],[136.378,-25.333],[136.881,-25.292],[137.384,-25.249],[137.886,-25.204],[138.388,-25.157],[138.906,-25.079],[139.424,-24.998],[139.941,-24.916],[140.457,-24.833],[140.973,-24.747],[141.488,-24.66],[142.002,-24.571],[142.038,-24.801],[142.468,-24.762],[142.897,-24.722],[143.325,-24.68],[143.754,-24.637],[143.868,-25.034],[144.346,-24.964],[144.823,-24.893],[145.3,-24.82],[145.776,-24.746],[146.252,-24.67],[146.727,-24.592],[146.891,-25.058],[147.354,-24.965],[147.816,-24.87],[148.278,-24.774],[148.739,-24.677],[148.888,-25.004],[149.038,-25.331],[149.409,-25.223],[149.779,-25.115],[149.941,-25.514],[150.104,-25.914],[150.269,-26.314],[150.687,-26.233],[151.105,-26.151],[151.27,-26.585],[151.437,-27.018],[151.605,-27.451],[151.774,-27.884]]}},{"type":"Feature","properties":{"boundary_type":"ridge","feature_type":"gpml:MidOceanRidge","polarity":null,"overriding_plate_id":null,"subducting_plate_id":null,"plate_ids":[780,801],"name":"Sepik spreading westward extension into Tethys"},"geometry":{"type":"LineString","coordinates":[[122.432,-4.895],[122.622,-5.332],[122.812,-5.768],[123.002,-6.205],[123.193,-6.641],[123.574,-6.537],[123.954,-6.433],[124.335,-6.328],[124.497,-6.795],[124.659,-7.263],[124.822,-7.73],[124.985,-8.197],[125.148,-8.664],[125.312,-9.131],[125.476,-9.598],[125.641,-10.065],[125.806,-10.531],[125.971,-10.998],[126.137,-11.465],[126.304,-11.931],[126.471,-12.398],[126.897,-12.255],[127.323,-12.113],[127.748,-11.969],[127.917,-12.368],[128.087,-12.768],[128.258,-13.167],[128.429,-13.566],[128.601,-13.965],[128.773,-14.363],[128.946,-14.762],[129.207,-14.665],[129.39,-15.094],[129.574,-15.523],[129.759,-15.953],[129.945,-16.382],[130.131,-16.811],[130.318,-17.239],[130.506,-17.668],[130.695,-18.096],[130.885,-18.525],[131.076,-18.953],[131.268,-19.38],[131.461,-19.808],[131.655,-20.235],[132.0,-20.054],[132.344,-19.872],[132.572,-20.294],[132.801,-20.717],[133.031,-21.138],[133.263,-21.56],[133.496,-21.981],[133.731,-22.402],[133.967,-22.822],[134.204,-23.242],[134.443,-23.662],[134.683,-24.081],[134.925,-24.5],[135.169,-24.919],[135.336,-25.167],[135.503,-25.416]]}},{"type":"Feature","properties":{"boundary_type":"transform","feature_type":"gpml:Transform","polarity":null,"overriding_plate_id":null,"subducting_plate_id":null,"plate_ids":[901,926],"name":"PSP Transform"},"geometry":{"type":"LineString","coordinates":[[134.012,26.755],[134.425,26.447],[134.836,26.138],[135.244,25.828],[135.65,25.516],[136.054,25.204],[136.456,24.89],[136.856,24.575],[137.254,24.259],[137.65,23.943],[138.044,23.625],[138.437,23.306],[138.827,22.986],[139.113,22.69],[139.398,22.394],[139.682,22.097]]}},{"type":"Feature","properties":{"boundary_type":"transform","feature_type":"gpml:Transform","polarity":null,"overriding_plate_id":null,"subducting_plate_id":null,"plate_ids":[609,901],"name":"PSP Transform"},"geometry":{"type":"LineString","coordinates":[[139.682,22.097],[140.017,21.744],[140.351,21.39],[140.683,21.035],[141.013,20.68],[141.342,20.324],[141.67,19.968],[141.996,19.611],[142.32,19.254],[142.643,18.895],[142.965,18.537],[143.286,18.178],[143.605,17.818],[143.923,17.458],[144.187,17.032],[144.45,16.607],[144.712,16.181],[144.973,15.755],[145.232,15.329],[145.491,14.902],[145.748,14.475],[146.005,14.048],[146.261,13.62],[146.515,13.193],[146.769,12.764],[146.956,12.332],[147.142,11.9],[147.328,11.467],[147.513,11.034],[147.697,10.602],[147.881,10.169],[148.064,9.736],[148.247,9.303],[148.429,8.869],[148.619,8.433],[148.809,7.996],[148.998,7.559],[149.187,7.122],[149.375,6.685],[149.563,6.248],[149.751,5.811],[149.938,5.374],[150.125,4.937],[150.312,4.499],[150.454,4.026],[150.597,3.553],[150.739,3.079],[150.88,2.606],[151.022,2.132],[151.164,1.659],[151.305,1.185],[151.447,0.712],[151.588,0.238],[151.73,-0.235],[151.871,-0.708],[151.976,-1.17],[152.081,-1.632],[152.186,-2.094],[152.291,-2.556],[152.396,-3.018],[152.501,-3.48],[152.606,-3.942],[152.712,-4.404],[152.817,-4.866],[152.923,-5.328],[153.029,-5.789],[153.135,-6.251],[153.241,-6.713],[153.347,-7.175],[153.454,-7.637],[153.561,-8.098],[153.495,-8.534],[153.429,-8.969],[153.362,-9.404],[153.296,-9.839],[153.229,-10.274],[153.137,-10.709],[153.045,-11.144],[152.952,-11.579],[152.859,-12.014],[152.809,-12.493],[152.76,-12.973],[152.71,-13.452],[152.66,-13.931]]}},{"type":"Feature","properties":{"boundary_type":"subduction","feature_type":"gpml:SubductionZone","polarity":"Left","overriding_plate_id":609,"subducting_plate_id":926,"plate_ids":[609,926],"name":"Tethys-Izanagi"},"geometry":{"type":"LineString","coordinates":[[130.94,12.907],[130.965,12.867],[131.183,12.46],[131.401,12.053],[131.618,11.646],[131.834,11.239],[132.05,10.832],[132.265,10.424],[132.48,10.017],[132.675,9.574],[132.87,9.13],[133.065,8.687],[133.26,8.243],[133.453,7.8],[133.647,7.356],[133.827,6.899],[134.007,6.442],[134.187,5.985],[134.366,5.528],[134.545,5.07],[134.724,4.613],[134.903,4.156],[135.081,3.698],[135.259,3.241],[135.457,2.791],[135.654,2.34],[135.851,1.89],[136.049,1.44],[136.246,0.989],[136.381,0.531],[136.517,0.073],[136.653,-0.385],[136.788,-0.843],[136.924,-1.301],[137.059,-1.759],[137.195,-2.217],[137.229,-2.395]]}},{"type":"Feature","properties":{"boundary_type":"subduction","feature_type":"gpml:SubductionZone","polarity":"Left","overriding_plate_id":609,"subducting_plate_id":780,"plate_ids":[609,780],"name":"Tethys-Izanagi"},"geometry":{"type":"LineString","coordinates":[[137.229,-2.395],[137.297,-2.749],[137.365,-3.103]]}},{"type":"Feature","properties":{"boundary_type":"subduction","feature_type":"gpml:SubductionZone","polarity":"Right","overriding_plate_id":301,"subducting_plate_id":926,"plate_ids":[301,926],"name":"North Sulawesi - Celebes Sea opening transform"},"geometry":{"type":"LineString","coordinates":[[127.171,31.173],[127.364,30.748],[127.555,30.322],[127.745,29.896],[127.933,29.47],[128.087,29.002],[128.239,28.534],[128.39,28.065],[128.54,27.597],[128.688,27.128],[128.836,26.659]]}},{"type":"Feature","properties":{"boundary_type":"subduction","feature_type":"gpml:SubductionZone","polarity":"Right","overriding_plate_id":727,"subducting_plate_id":926,"plate_ids":[727,926],"name":"North Sulawesi - Celebes Sea opening transform"},"geometry":{"type":"LineString","coordinates":[[128.836,26.659],[128.979,26.198],[129.121,25.737],[129.262,25.276],[129.402,24.815],[129.541,24.354],[129.679,23.892],[129.816,23.431],[129.952,22.969],[129.986,22.506],[130.02,22.043],[130.053,21.58],[130.086,21.117],[130.119,20.654],[130.151,20.191],[130.184,19.728],[130.216,19.265]]}},{"type":"Feature","properties":{"boundary_type":"ridge","feature_type":"gpml:MidOceanRidge","polarity":null,"overriding_plate_id":null,"subducting_plate_id":null,"plate_ids":[301,727],"name":"Proto South China Sea MOR"},"geometry":{"type":"LineString","coordinates":[[120.568,17.904],[120.913,18.232],[121.259,18.56],[121.606,18.887],[121.955,19.213],[122.305,19.539],[122.656,19.864],[123.009,20.189],[123.363,20.512],[123.265,20.963],[123.167,21.413],[123.068,21.863],[123.443,22.183],[123.82,22.503],[124.199,22.822],[124.579,23.14],[124.961,23.457],[125.345,23.773],[125.731,24.088],[126.119,24.403],[126.509,24.716],[126.901,25.028],[127.294,25.339],[127.69,25.649],[128.088,25.958],[128.461,26.309],[128.836,26.659]]}},{"type":"Feature","properties":{"boundary_type":"subduction","feature_type":"gpml:SubductionZone","polarity":"Left","overriding_plate_id":926,"subducting_plate_id":780,"plate_ids":[780,926],"name":"SulawesiTrench"},"geometry":{"type":"LineString","coordinates":[[128.216,-1.152],[128.657,-1.105],[129.097,-1.057],[129.435,-1.173],[129.774,-1.289],[130.008,-1.436],[130.243,-1.582],[130.648,-1.734],[131.053,-1.886],[131.465,-1.867],[131.877,-1.848],[132.287,-1.887],[132.697,-1.926],[133.107,-1.966],[133.517,-2.005],[133.927,-2.044],[134.369,-2.104],[134.811,-2.164],[135.202,-2.232],[135.593,-2.299],[135.985,-2.367],[136.4,-2.376],[136.814,-2.386],[137.229,-2.395]]}},{"type":"Feature","properties":{"boundary_type":"ridge","feature_type":"gpml:MidOceanRidge","polarity":null,"overriding_plate_id":null,"subducting_plate_id":null,"plate_ids":[901,918],"name":"MOR Kula-Pacific-Izanagi"},"geometry":{"type":"LineString","coordinates":[[-142.943,40.872],[-143.126,41.266],[-143.311,41.66],[-143.498,42.053],[-143.687,42.447],[-143.879,42.84],[-144.053,43.294],[-144.23,43.748],[-144.41,44.202],[-144.593,44.656],[-144.779,45.109],[-144.967,45.562],[-145.159,46.015],[-145.354,46.467],[-145.552,46.92],[-145.792,47.387],[-146.036,47.854],[-146.285,48.321],[-146.538,48.787],[-146.797,49.252],[-147.059,49.717],[-147.328,50.182],[-147.601,50.645],[-147.88,51.108],[-148.164,51.571],[-148.454,52.032],[-148.75,52.493],[-148.955,52.928],[-149.164,53.363],[-149.377,53.798],[-149.594,54.232],[-149.816,54.665],[-150.043,55.099],[-150.275,55.531],[-150.512,55.964],[-150.755,56.396],[-151.005,56.862],[-151.261,57.328],[-151.524,57.794],[-151.794,58.259],[-152.071,58.723],[-152.355,59.187],[-152.648,59.65],[-152.948,60.113],[-153.257,60.574],[-153.436,61.055],[-153.619,61.535],[-153.809,62.015],[-154.004,62.495],[-154.206,62.975],[-154.415,63.454],[-154.631,63.933],[-154.854,64.412],[-155.085,64.89],[-155.325,65.368],[-155.573,65.845],[-155.831,66.322],[-156.099,66.799],[-156.377,67.275],[-156.667,67.751],[-156.968,68.226],[-157.283,68.7],[-157.611,69.174],[-157.796,69.564],[-157.989,69.954],[-158.188,70.343]]}},{"type":"Feature","properties":{"boundary_type":"ridge","feature_type":"gpml:MidOceanRidge","polarity":null,"overriding_plate_id":null,"subducting_plate_id":null,"plate_ids":[802,804],"name":"Australia-Antarctica Rift SEIR 1 DiCaprio"},"geometry":{"type":"LineString","coordinates":[[-174.054,-66.026],[-174.126,-66.02],[-175.227,-65.86]]}},{"type":"Feature","properties":{"boundary_type":"ridge","feature_type":"gpml:MidOceanRidge","polarity":null,"overriding_plate_id":null,"subducting_plate_id":null,"plate_ids":[801,802],"name":"Australia-Antarctica Rift SEIR 1 DiCaprio"},"geometry":{"type":"LineString","coordinates":[[-175.227,-65.86],[-175.565,-65.809],[-176.222,-65.733],[-177.059,-65.57],[-177.885,-65.403],[-178.7,-65.231],[-179.7,-65.111],[179.309,-64.986],[178.328,-64.853],[177.357,-64.714],[176.396,-64.569],[175.533,-64.413],[174.68,-64.251],[173.837,-64.085],[173.004,-63.913],[171.965,-63.768],[170.937,-63.615],[169.921,-63.455],[168.916,-63.288],[167.922,-63.114],[166.941,-62.934],[165.972,-62.746],[165.126,-62.54],[164.292,-62.329],[163.47,-62.113],[162.66,-61.893],[161.861,-61.667],[161.006,-61.405],[160.165,-61.137],[159.338,-60.865],[158.525,-60.587],[157.64,-60.346],[156.768,-60.1],[155.909,-59.848],[155.063,-59.59],[154.276,-59.46],[153.495,-59.325],[152.72,-59.185],[151.838,-59.267],[150.951,-59.343],[150.101,-59.502],[149.242,-59.655],[148.376,-59.803],[147.502,-59.945],[146.621,-60.081],[145.733,-60.211],[144.769,-60.262],[143.802,-60.306],[142.833,-60.343],[141.862,-60.373],[140.904,-60.462],[139.942,-60.544],[138.975,-60.619],[138.281,-60.791],[137.581,-60.959],[136.873,-61.124],[136.155,-61.267],[135.43,-61.406],[134.699,-61.541],[133.858,-61.654],[133.011,-61.762],[132.159,-61.864],[131.225,-62.039],[130.28,-62.208],[129.325,-62.37],[128.426,-62.527],[127.519,-62.677],[126.602,-62.822],[125.637,-63.03],[124.658,-63.232],[123.634,-63.349],[122.601,-63.458],[121.634,-63.467],[120.667,-63.468],[119.7,-63.464],[118.709,-63.387],[117.722,-63.303],[116.742,-63.213],[115.768,-63.116],[115.128,-62.87],[114.5,-62.62],[113.881,-62.368],[113.058,-62.148],[112.246,-61.922],[111.367,-61.827],[110.495,-61.727],[109.537,-61.671],[108.583,-61.607],[107.633,-61.537],[106.756,-61.474],[105.882,-61.404],[105.013,-61.329],[104.147,-61.249],[103.306,-61.109],[102.472,-60.964],[101.645,-60.813],[100.827,-60.658],[100.017,-60.498],[99.167,-60.313],[98.326,-60.123],[97.496,-59.928],[96.704,-59.693],[95.922,-59.453],[95.152,-59.208],[94.393,-58.96],[93.645,-58.706],[92.908,-58.449],[92.182,-58.187],[91.466,-57.922],[90.761,-57.652],[90.066,-57.378],[89.26,-57.165],[88.463,-56.947],[87.675,-56.724],[86.897,-56.496],[86.128,-56.263],[85.369,-56.025],[84.619,-55.783],[83.878,-55.536],[83.147,-55.285],[82.425,-55.03],[81.712,-54.77],[81.061,-54.484],[80.419,-54.195],[79.786,-53.902],[79.161,-53.606],[78.546,-53.306],[77.939,-53.004],[77.341,-52.698],[76.751,-52.39],[76.089,-52.227],[75.433,-52.061],[74.781,-51.891],[74.183,-51.64],[73.592,-51.386],[73.007,-51.13],[72.428,-50.87],[71.856,-50.608],[71.291,-50.342],[70.732,-50.074],[70.178,-49.804]]}},{"type":"Feature","properties":{"boundary_type":"ridge","feature_type":"gpml:MidOceanRidge","polarity":null,"overriding_plate_id":null,"subducting_plate_id":null,"plate_ids":[801,836],"name":"MOR Australia-Sepik from iso on AUS at 55.8Ma"},"geometry":{"type":"LineString","coordinates":[[150.176,-32.837],[150.237,-32.914],[150.572,-33.246],[150.91,-33.576],[151.25,-33.906],[151.739,-34.054],[151.771,-33.955],[152.066,-34.052],[152.361,-34.148],[152.429,-34.027],[152.979,-34.188],[153.067,-34.015],[153.161,-33.982],[153.53,-34.08],[153.899,-34.178],[153.977,-34.004],[154.419,-34.168],[154.863,-34.33],[154.907,-34.35],[154.959,-34.213],[155.3,-34.305],[155.641,-34.397],[155.743,-34.201],[156.073,-34.304],[156.405,-34.407],[156.559,-34.088],[157.012,-34.24],[157.467,-34.391],[157.923,-34.54],[158.0,-34.346],[158.544,-34.562],[158.343,-34.967],[158.764,-35.124],[158.809,-35.061],[159.196,-35.189],[159.585,-35.315],[159.974,-35.441],[159.992,-35.373],[160.397,-35.467],[160.472,-35.526],[160.466,-35.665],[160.632,-35.712],[160.584,-36.136],[161.02,-36.302],[161.026,-36.303]]}},{"type":"Feature","properties":{"boundary_type":"ridge","feature_type":"gpml:MidOceanRidge","polarity":null,"overriding_plate_id":null,"subducting_plate_id":null,"plate_ids":[801,833],"name":"MOR Australia-Sepik from iso on AUS at 55.8Ma"},"geometry":{"type":"LineString","coordinates":[[161.026,-36.303],[161.366,-36.397],[161.706,-36.49],[162.05,-36.587],[162.395,-36.683],[162.707,-36.938],[163.021,-37.192]]}},{"type":"Feature","properties":{"boundary_type":"ridge","feature_type":"gpml:MidOceanRidge","polarity":null,"overriding_plate_id":null,"subducting_plate_id":null,"plate_ids":[833,836],"name":"MOR Norfolk-Sepik Mellish Ridge"},"geometry":{"type":"LineString","coordinates":[[161.026,-36.303],[161.343,-36.031],[161.657,-35.758],[161.507,-35.471],[161.741,-35.299],[161.974,-35.127],[161.888,-34.936],[162.278,-34.577],[162.665,-34.217],[162.791,-33.97],[162.917,-33.723],[163.204,-33.505],[163.201,-33.23],[163.48,-32.983],[163.757,-32.734]]}},{"type":"Feature","properties":{"boundary_type":"ridge","feature_type":"gpml:MidOceanRidge","polarity":null,"overriding_plate_id":null,"subducting_plate_id":null,"plate_ids":[833,836],"name":"MOR Norfolk-Sepik Mellish Ridge"},"geometry":{"type":"LineString","coordinates":[[163.757,-32.734],[163.978,-32.536],[163.879,-32.269],[163.781,-32.002],[163.643,-31.777],[163.504,-31.552],[163.75,-31.207],[163.994,-30.862],[164.237,-30.516],[164.477,-30.17],[164.716,-29.824],[164.966,-29.417],[165.214,-29.01]]}},{"type":"Feature","properties":{"boundary_type":"ridge","feature_type":"gpml:MidOceanRidge","polarity":null,"overriding_plate_id":null,"subducting_plate_id":null,"plate_ids":[833,880],"name":"MOR Norfolk-Sepik Mellish Ridge"},"geometry":{"type":"LineString","coordinates":[[165.214,-29.01],[165.419,-28.671],[165.649,-28.384],[165.878,-28.096],[166.106,-27.808],[166.277,-27.485],[166.447,-27.163],[166.615,-26.84]]}},{"type":"Feature","properties":{"boundary_type":"ridge","feature_type":"gpml:MidOceanRidge","polarity":null,"overriding_plate_id":null,"subducting_plate_id":null,"plate_ids":[841,880],"name":"MOR Norfolk-Sepik Mellish Ridge"},"geometry":{"type":"LineString","coordinates":[[166.615,-26.84],[166.754,-26.572],[166.892,-26.305],[166.985,-26.155]]}},{"type":"Feature","properties":{"boundary_type":"ridge","feature_type":"gpml:MidOceanRidge","polarity":null,"overriding_plate_id":null,"subducting_plate_id":null,"plate_ids":[841,922],"name":"MOR Norfolk-Sepik Mellish Ridge"},"geometry":{"type":"LineString","coordinates":[[166.985,-26.155],[167.255,-25.719],[167.523,-25.281],[167.788,-24.843],[168.052,-24.405],[168.314,-23.966],[168.575,-23.527],[168.833,-23.087]]}},{"type":"Feature","properties":{"boundary_type":"ridge","feature_type":"gpml:MidOceanRidge","polarity":null,"overriding_plate_id":null,"subducting_plate_id":null,"plate_ids":[841,901],"name":"MOR Norfolk-Sepik Mellish Ridge"},"geometry":{"type":"LineString","coordinates":[[168.833,-23.087],[169.027,-22.756],[169.25,-22.404],[169.472,-22.052],[169.694,-21.7],[169.914,-21.347]]}},{"type":"Feature","properties":{"boundary_type":"ridge","feature_type":"gpml:MidOceanRidge","polarity":null,"overriding_plate_id":null,"subducting_plate_id":null,"plate_ids":[801,833],"name":"MOR Australia-LHR Cato Trough"},"geometry":{"type":"LineString","coordinates":[[163.021,-37.192],[163.201,-37.63],[163.499,-37.654],[163.614,-37.987],[163.729,-38.32],[163.765,-38.429],[164.097,-38.395],[164.177,-38.593],[164.209,-38.705],[164.42,-38.656],[164.524,-39.071],[164.628,-39.486],[164.714,-39.854],[164.938,-39.843],[165.062,-40.326],[165.188,-40.808],[165.274,-41.24],[165.345,-41.591],[165.336,-41.801],[165.456,-42.249],[165.529,-42.601],[165.604,-42.953]]}},{"type":"Feature","properties":{"boundary_type":"ridge","feature_type":"gpml:MidOceanRidge","polarity":null,"overriding_plate_id":null,"subducting_plate_id":null,"plate_ids":[901,926],"name":"IZA-PAC MOR"},"geometry":{"type":"LineString","coordinates":[[143.679,44.304],[143.254,43.927],[142.834,43.549],[142.419,43.169],[142.01,42.787],[141.606,42.404],[141.206,42.02],[140.811,41.634],[140.421,41.247],[140.036,40.859],[139.655,40.469],[139.278,40.078],[138.906,39.686],[138.538,39.293],[138.174,38.899],[137.814,38.503],[137.458,38.106],[137.106,37.709],[136.758,37.31],[136.413,36.91],[136.072,36.51],[136.562,36.222],[137.048,35.933],[137.53,35.642],[138.009,35.349],[138.484,35.054],[138.956,34.757],[139.425,34.458],[139.89,34.158],[140.352,33.856],[139.974,33.47],[139.6,33.083],[139.229,32.695],[138.861,32.305],[138.496,31.915],[138.134,31.524],[137.776,31.131],[137.42,30.738],[137.067,30.344],[136.717,29.949],[136.37,29.552],[136.025,29.155],[135.684,28.757],[135.344,28.359],[135.008,27.959],[134.673,27.559],[134.342,27.157],[134.012,26.755]]}},{"type":"Feature","properties":{"boundary_type":"subduction","feature_type":"gpml:SubductionZone","polarity":"Right","overriding_plate_id":841,"subducting_plate_id":901,"plate_ids":[841,901],"name":"West-dipping SZ that opens South Loyalty Basin"},"geometry":{"type":"LineString","coordinates":[[169.914,-21.347],[170.303,-21.484],[170.693,-21.621],[171.145,-21.891],[171.395,-22.047],[171.647,-22.203],[171.889,-22.311],[172.113,-22.568],[172.395,-22.913],[172.642,-23.311],[172.985,-23.597],[173.232,-23.961],[173.486,-24.249],[173.742,-24.536],[174.042,-24.716],[174.342,-24.896],[174.607,-25.133],[174.873,-25.369],[175.323,-25.64],[175.735,-25.804],[176.147,-25.967],[176.44,-26.061],[176.734,-26.155],[177.032,-26.297],[177.331,-26.438],[177.786,-26.654],[178.227,-26.809],[178.559,-26.982],[178.893,-27.155],[179.243,-27.28],[179.593,-27.404],[179.9,-27.54],[-179.792,-27.676],[-179.481,-27.872],[-179.168,-28.068],[-178.753,-28.317],[-178.336,-28.565],[-177.944,-28.866],[-177.549,-29.165],[-177.291,-29.362],[-177.031,-29.559],[-176.782,-29.804],[-176.532,-30.048],[-176.223,-30.281],[-175.913,-30.512],[-175.66,-30.893],[-175.406,-31.273],[-175.361,-31.533],[-175.315,-31.794],[-175.339,-32.28],[-175.321,-32.546],[-175.302,-32.813],[-175.089,-33.263],[-174.873,-33.712],[-174.708,-34.037],[-174.542,-34.362],[-174.375,-34.687],[-174.27,-34.95],[-174.164,-35.213],[-174.047,-35.362],[-174.027,-35.528],[-173.962,-35.72],[-173.886,-35.904],[-173.814,-36.053],[-173.731,-36.316],[-173.772,-36.725],[-173.814,-37.134],[-173.857,-37.543],[-173.899,-37.952],[-173.946,-38.429],[-173.994,-38.906],[-174.043,-39.383],[-174.092,-39.859],[-174.033,-40.195],[-173.985,-40.372]]}},{"type":"Feature","properties":{"boundary_type":"subduction","feature_type":"gpml:SubductionZone","polarity":"Right","overriding_plate_id":841,"subducting_plate_id":901,"plate_ids":[841,901],"name":"West-dipping SZ that opens South Loyalty Basin"},"geometry":{"type":"LineString","coordinates":[[-169.232,-42.101],[-169.193,-42.097],[-168.591,-42.143],[-167.988,-42.186],[-167.621,-42.227],[-167.255,-42.267],[-166.625,-42.403],[-166.023,-42.569],[-165.65,-42.728],[-165.275,-42.887],[-164.796,-43.154],[-164.312,-43.42],[-163.905,-43.651],[-163.495,-43.882],[-163.136,-44.038],[-162.775,-44.194],[-162.427,-44.335],[-162.077,-44.476],[-161.69,-44.654],[-161.301,-44.832],[-160.935,-45.028],[-160.565,-45.224],[-160.5,-45.241]]}},{"type":"Feature","properties":{"boundary_type":"transform","feature_type":"gpml:Transform","polarity":null,"overriding_plate_id":null,"subducting_plate_id":null,"plate_ids":[801,836],"name":"Transform northeast of PNG to connect PSP to SWPAC"},"geometry":{"type":"LineString","coordinates":[[150.176,-32.837],[150.313,-32.584],[150.449,-32.33],[150.631,-31.928],[150.812,-31.526],[150.991,-31.124],[151.036,-30.727],[151.08,-30.329],[151.123,-29.931],[151.268,-29.457],[151.41,-28.983],[151.552,-28.509],[151.664,-28.196],[151.774,-27.884]]}},{"type":"Feature","properties":{"boundary_type":"transform","feature_type":"gpml:Transform","polarity":null,"overriding_plate_id":null,"subducting_plate_id":null,"plate_ids":[780,836],"name":"Transform northeast of PNG to connect PSP to SWPAC"},"geometry":{"type":"LineString","coordinates":[[151.774,-27.884],[151.914,-27.488],[152.052,-27.093],[152.189,-26.697]]}},{"type":"Feature","properties":{"boundary_type":"transform","feature_type":"gpml:Transform","polarity":null,"overriding_plate_id":null,"subducting_plate_id":null,"plate_ids":[780,880],"name":"Transform northeast of PNG to connect PSP to SWPAC"},"geometry":{"type":"LineString","coordinates":[[152.189,-26.697],[152.325,-26.302],[152.486,-25.896],[152.646,-25.489],[152.805,-25.081],[152.963,-24.674],[153.12,-24.266],[153.103,-23.833],[153.086,-23.4],[153.069,-22.968],[153.052,-22.535],[153.036,-22.102],[152.806,-21.686],[152.577,-21.269],[152.35,-20.853],[152.107,-20.488],[151.866,-20.123],[151.625,-19.758],[151.386,-19.393],[151.177,-19.054],[150.97,-18.714],[150.763,-18.375]]}},{"type":"Feature","properties":{"boundary_type":"subduction","feature_type":"gpml:SubductionZone","polarity":"Right","overriding_plate_id":841,"subducting_plate_id":901,"plate_ids":[841,901],"name":"West-dipping SZ that opens the South Loyalty Basin"},"geometry":{"type":"LineString","coordinates":[[-173.985,-40.372],[-173.934,-40.45],[-173.756,-40.715],[-173.431,-41.09],[-173.102,-41.464],[-172.954,-41.561],[-172.461,-41.702],[-171.868,-41.802],[-171.272,-41.899],[-170.751,-41.928],[-170.229,-41.954],[-169.751,-42.021],[-169.271,-42.086],[-169.232,-42.101]]}},{"type":"Feature","properties":{"boundary_type":"subduction","feature_type":"gpml:SubductionZone","polarity":"Left","overriding_plate_id":301,"subducting_plate_id":926,"plate_ids":[301,926],"name":"North Borneo subduction"},"geometry":{"type":"LineString","coordinates":[[126.789,-2.127],[126.671,-1.643],[126.553,-1.159],[126.435,-0.674],[126.161,-0.294],[125.887,0.087],[125.613,0.467],[125.339,0.848],[124.901,0.877],[124.462,0.906],[124.024,0.935],[123.586,0.964],[123.147,0.992],[122.709,1.021],[122.31,1.217],[121.912,1.414],[121.513,1.61],[121.114,1.806],[120.715,2.002],[120.316,2.198],[120.053,2.621],[119.79,3.044],[119.526,3.467],[119.384,3.891],[119.241,4.314],[119.098,4.738],[118.843,5.065],[118.587,5.392],[118.331,5.719],[118.157,6.08],[117.982,6.442],[117.808,6.804],[117.714,7.17],[117.62,7.535],[117.526,7.901],[117.431,8.267],[117.391,8.414]]}},{"type":"Feature","properties":{"boundary_type":"subduction","feature_type":"gpml:SubductionZone","polarity":"Left","overriding_plate_id":301,"subducting_plate_id":727,"plate_ids":[301,727],"name":"North Borneo subduction"},"geometry":{"type":"LineString","coordinates":[[117.391,8.414],[117.289,8.784],[117.186,9.155],[117.084,9.525],[116.981,9.895],[116.884,10.272],[116.787,10.649],[116.69,11.026],[116.655,11.463],[116.621,11.9],[116.586,12.336],[116.551,12.773],[116.516,13.209]]}},{"type":"Feature","properties":{"boundary_type":"subduction","feature_type":"gpml:SubductionZone","polarity":"Left","overriding_plate_id":727,"subducting_plate_id":727,"plate_ids":[727,727],"name":"North Borneo subduction"},"geometry":{"type":"LineString","coordinates":[[116.516,13.209],[116.513,13.255]]}},{"type":"Feature","properties":{"boundary_type":"ridge","feature_type":"gpml:MidOceanRidge","polarity":null,"overriding_plate_id":null,"subducting_plate_id":null,"plate_ids":[301,727],"name":"Proto South China Sea MOR"},"geometry":{"type":"LineString","coordinates":[[116.516,13.209],[116.871,13.479],[117.226,13.748],[117.582,14.016],[117.938,14.284],[118.296,14.551],[118.654,14.818],[119.014,15.084],[119.018,15.496],[119.407,15.813],[119.799,16.13],[120.191,16.445],[120.585,16.76],[120.98,17.074],[121.208,17.267],[121.436,17.46],[121.003,17.682],[120.568,17.904]]}},{"type":"Feature","properties":{"boundary_type":"subduction","feature_type":"gpml:SubductionZone","polarity":"Left","overriding_plate_id":101,"subducting_plate_id":902,"plate_ids":[101,902],"name":""},"geometry":{"type":"LineString","coordinates":[[-78.017,22.508],[-77.944,22.132],[-77.871,21.757],[-77.771,21.323],[-77.671,20.89],[-77.572,20.456],[-77.474,20.023],[-77.376,19.589],[-77.279,19.155],[-77.182,18.721],[-77.085,18.288],[-76.968,17.884],[-76.852,17.481],[-76.736,17.077],[-76.62,16.673],[-76.505,16.27],[-76.391,15.866],[-76.396,15.402],[-76.402,14.938],[-76.407,14.474],[-76.412,14.01],[-76.35,13.535],[-76.289,13.061],[-76.227,12.587],[-76.166,12.112],[-76.106,11.638],[-76.016,11.166],[-75.926,10.694]]}},{"type":"Feature","properties":{"boundary_type":"subduction","feature_type":"gpml:SubductionZone","polarity":"Left","overriding_plate_id":224,"subducting_plate_id":902,"plate_ids":[224,902],"name":""},"geometry":{"type":"LineString","coordinates":[[-79.739,9.487],[-79.452,9.119],[-79.165,8.751],[-78.878,8.383],[-78.593,8.015],[-78.307,7.646],[-78.022,7.278],[-77.738,6.909],[-77.42,6.551],[-77.102,6.193],[-76.784,5.835],[-76.467,5.476],[-76.151,5.117],[-75.834,4.758],[-75.484,4.481],[-75.133,4.203],[-74.783,3.925],[-74.433,3.647],[-74.083,3.369],[-73.733,3.09],[-73.384,2.812],[-73.052,2.653],[-72.721,2.493],[-72.389,2.334]]}},{"type":"Feature","properties":{"boundary_type":"subduction","feature_type":"gpml:SubductionZone","polarity":"Left","overriding_plate_id":224,"subducting_plate_id":902,"plate_ids":[224,902],"name":""},"geometry":{"type":"LineString","coordinates":[[-72.389,2.334],[-72.23,2.007],[-72.07,1.68],[-71.911,1.354],[-71.846,0.986],[-71.78,0.619],[-71.715,0.251],[-71.727,-0.177],[-71.738,-0.605],[-71.75,-1.033],[-71.609,-1.492],[-71.469,-1.951],[-71.328,-2.409],[-71.188,-2.868],[-71.047,-3.327]]}},{"type":"Feature","properties":{"boundary_type":"subduction","feature_type":"gpml:SubductionZone","polarity":"Left","overriding_plate_id":224,"subducting_plate_id":902,"plate_ids":[224,902],"name":""},"geometry":{"type":"LineString","coordinates":[[-71.047,-3.327],[-70.693,-3.522],[-70.34,-3.717],[-69.986,-3.912],[-69.631,-4.107],[-69.277,-4.302],[-68.856,-4.557],[-68.435,-4.812],[-68.014,-5.066],[-67.592,-5.321],[-67.17,-5.575],[-66.747,-5.829],[-66.324,-6.082],[-65.901,-6.335],[-65.467,-6.453],[-65.033,-6.571],[-64.599,-6.688],[-64.165,-6.805],[-63.731,-6.921],[-63.296,-7.037],[-62.861,-7.153],[-62.501,-7.119]]}},{"type":"Feature","properties":{"boundary_type":"subduction","feature_type":"gpml:SubductionZone","polarity":"Right","overriding_plate_id":224,"subducting_plate_id":101,"plate_ids":[101,224],"name":"TBD"},"geometry":{"type":"LineString","coordinates":[[-62.034,20.143],[-61.553,20.157],[-61.073,20.17],[-60.592,20.182],[-60.087,20.108],[-59.584,20.032],[-59.08,19.955],[-58.578,19.877],[-58.075,19.797],[-57.573,19.715],[-57.171,19.403],[-56.771,19.089],[-56.372,18.774],[-55.974,18.459],[-55.578,18.143],[-55.225,17.806],[-54.873,17.469],[-54.522,17.13],[-54.172,16.792],[-53.823,16.453],[-53.476,16.113],[-53.13,15.772],[-52.981,15.413],[-52.832,15.053],[-52.684,14.693]]}},{"type":"Feature","properties":{"boundary_type":"subduction","feature_type":"gpml:SubductionZone","polarity":"Right","overriding_plate_id":224,"subducting_plate_id":201,"plate_ids":[201,224],"name":"TBD"},"geometry":{"type":"LineString","coordinates":[[-52.684,14.693],[-52.639,14.586],[-52.654,14.101],[-52.668,13.617],[-52.683,13.132],[-52.697,12.647],[-52.716,12.484]]}},{"type":"Feature","properties":{"boundary_type":"ridge","feature_type":"gpml:MidOceanRidge","polarity":null,"overriding_plate_id":null,"subducting_plate_id":null,"plate_ids":[101,201],"name":"TBD: Proto-Caribbean spreading"},"geometry":{"type":"LineString","coordinates":[[-52.684,14.693],[-52.245,14.938],[-51.806,15.182],[-51.365,15.425],[-50.923,15.668],[-50.481,15.909],[-50.037,16.15],[-49.592,16.389],[-49.146,16.628],[-48.7,16.865],[-48.251,17.102],[-47.851,17.324],[-47.449,17.544],[-47.046,17.764],[-46.642,17.983],[-46.237,18.202]]}},{"type":"Feature","properties":{"boundary_type":"transform","feature_type":"gpml:Transform","polarity":null,"overriding_plate_id":null,"subducting_plate_id":null,"plate_ids":[224,902],"name":"TBD"},"geometry":{"type":"LineString","coordinates":[[-79.739,9.487],[-79.271,9.551],[-78.802,9.614],[-78.333,9.677],[-77.864,9.739],[-77.477,9.931],[-77.09,10.122],[-76.703,10.313],[-76.315,10.504],[-75.926,10.694]]}},{"type":"Feature","properties":{"boundary_type":"transform","feature_type":"gpml:Transform","polarity":null,"overriding_plate_id":null,"subducting_plate_id":null,"plate_ids":[101,224],"name":"TBD"},"geometry":{"type":"LineString","coordinates":[[-75.926,10.694],[-75.555,10.875],[-75.182,11.055],[-74.81,11.235],[-74.437,11.415],[-74.139,11.736],[-73.84,12.056],[-73.54,12.376],[-73.24,12.696],[-72.939,13.015],[-72.596,13.187],[-72.252,13.358],[-71.908,13.529],[-71.563,13.699],[-71.105,13.715],[-70.647,13.73],[-70.189,13.744],[-69.731,13.757],[-69.301,14.03],[-68.87,14.303],[-68.438,14.574],[-68.005,14.845],[-67.57,15.115],[-67.135,15.385],[-66.775,15.381],[-66.415,15.378],[-66.054,15.373]]}},{"type":"Feature","properties":{"boundary_type":"transform","feature_type":"gpml:Transform","polarity":null,"overriding_plate_id":null,"subducting_plate_id":null,"plate_ids":[101,224],"name":"TBD"},"geometry":{"type":"LineString","coordinates":[[-62.034,20.143],[-62.041,20.135],[-62.399,19.804],[-62.755,19.471],[-63.111,19.138],[-63.399,18.843],[-63.686,18.547],[-63.972,18.251],[-64.267,17.924],[-64.561,17.597],[-64.853,17.269],[-65.145,16.94],[-65.374,16.549],[-65.602,16.157],[-65.828,15.766],[-66.054,15.373]]}},{"type":"Feature","properties":{"boundary_type":"subduction","feature_type":"gpml:SubductionZone","polarity":"Left","overriding_plate_id":224,"subducting_plate_id":201,"plate_ids":[201,224],"name":""},"geometry":{"type":"LineString","coordinates":[[-52.777,7.197],[-52.604,7.607],[-52.43,8.018],[-52.317,8.375],[-52.203,8.731],[-52.089,9.088],[-52.059,9.523],[-52.029,9.959],[-51.999,10.395],[-52.166,10.761],[-52.335,11.127],[-52.418,11.588],[-52.502,12.049],[-52.716,12.484]]}},{"type":"Feature","properties":{"boundary_type":"ridge","feature_type":"gpml:MidOceanRidge","polarity":null,"overriding_plate_id":null,"subducting_plate_id":null,"plate_ids":[902,904],"name":"Farallon-Aluk MOR NW15"},"geometry":{"type":"LineString","coordinates":[[-92.478,-53.495],[-92.015,-53.385],[-91.275,-53.239],[-90.539,-53.087],[-89.809,-52.932],[-89.083,-52.772],[-88.364,-52.608],[-87.649,-52.439],[-86.941,-52.266],[-86.237,-52.089],[-85.54,-51.907],[-84.848,-51.722],[-84.162,-51.532],[-83.49,-51.755],[-82.812,-51.973],[-82.127,-52.188],[-81.436,-52.398],[-80.738,-52.605],[-80.034,-52.807],[-79.323,-53.005],[-78.762,-52.683],[-78.209,-52.358],[-77.665,-52.031],[-77.128,-51.701],[-76.6,-51.369],[-76.078,-51.034],[-75.565,-50.698],[-75.059,-50.359],[-74.56,-50.017],[-74.068,-49.674],[-73.583,-49.329],[-73.104,-48.981],[-72.633,-48.632],[-72.167,-48.281],[-71.44,-48.38],[-70.71,-48.474],[-69.977,-48.563],[-69.242,-48.648],[-68.504,-48.728],[-67.764,-48.803],[-67.021,-48.874],[-66.277,-48.94],[-65.954,-48.494],[-65.636,-48.047],[-65.323,-47.599],[-65.016,-47.15],[-64.715,-46.7],[-64.418,-46.25],[-64.126,-45.799],[-63.838,-45.347],[-63.555,-44.895],[-63.277,-44.441],[-63.003,-43.988],[-62.733,-43.533],[-62.467,-43.078],[-62.108,-43.063],[-61.749,-43.047]]}},{"type":"Feature","properties":{"boundary_type":"ridge","feature_type":"gpml:MidOceanRidge","polarity":null,"overriding_plate_id":null,"subducting_plate_id":null,"plate_ids":[901,904],"name":"Pacific-Aluk MOR NW15"},"geometry":{"type":"LineString","coordinates":[[-95.978,-56.382],[-95.546,-56.013],[-95.121,-55.642],[-94.705,-55.269],[-94.296,-54.895],[-93.895,-54.52],[-93.501,-54.143],[-93.115,-53.765],[-92.712,-53.385]]}},{"type":"Feature","properties":{"boundary_type":"ridge","feature_type":"gpml:MidOceanRidge","polarity":null,"overriding_plate_id":null,"subducting_plate_id":null,"plate_ids":[804,901],"name":"Aluk-Antarctic MOR NW15"},"geometry":{"type":"LineString","coordinates":[[-111.776,-55.616],[-111.072,-55.915],[-110.357,-56.21],[-109.694,-56.506],[-109.022,-56.799],[-108.338,-57.088],[-107.644,-57.373],[-106.939,-57.654],[-106.224,-57.931],[-105.497,-58.204],[-104.759,-58.473],[-104.01,-58.738],[-103.249,-58.998]]}},{"type":"Feature","properties":{"boundary_type":"ridge","feature_type":"gpml:MidOceanRidge","polarity":null,"overriding_plate_id":null,"subducting_plate_id":null,"plate_ids":[901,904],"name":"Aluk-Antarctic MOR NW15"},"geometry":{"type":"LineString","coordinates":[[-103.249,-58.998],[-103.15,-59.031],[-102.5,-58.804],[-101.859,-58.573],[-101.225,-58.339],[-100.601,-58.102],[-99.984,-57.862],[-100.401,-57.672],[-100.813,-57.481],[-100.242,-57.232],[-99.679,-56.981],[-99.124,-56.727],[-98.576,-56.47],[-98.117,-56.25],[-97.663,-56.028],[-97.214,-55.804],[-96.601,-56.095],[-95.978,-56.382]]}},{"type":"Feature","properties":{"boundary_type":"ridge","feature_type":"gpml:MidOceanRidge","polarity":null,"overriding_plate_id":null,"subducting_plate_id":null,"plate_ids":[804,904],"name":"Antarctic-Aluk MOR NW15"},"geometry":{"type":"LineString","coordinates":[[-90.566,-66.223],[-91.398,-65.879],[-92.208,-65.531],[-92.997,-65.179],[-93.764,-64.823],[-94.512,-64.463],[-95.24,-64.1],[-95.949,-63.733],[-96.64,-63.362],[-97.314,-62.988],[-97.97,-62.611],[-98.609,-62.231],[-99.233,-61.848],[-99.841,-61.463],[-100.435,-61.075],[-101.014,-60.684],[-101.579,-60.291],[-102.13,-59.895],[-102.669,-59.497],[-103.195,-59.097],[-103.249,-58.998]]}},{"type":"Feature","properties":{"boundary_type":"ridge","feature_type":"gpml:MidOceanRidge","polarity":null,"overriding_plate_id":null,"subducting_plate_id":null,"plate_ids":[804,901],"name":"Pacific-Antarctic MOR NW15"},"geometry":{"type":"LineString","coordinates":[[-136.923,-61.187],[-137.299,-60.929],[-137.668,-60.67],[-136.851,-60.396],[-136.048,-60.117],[-135.259,-59.833],[-134.482,-59.544],[-133.72,-59.251],[-132.97,-58.954],[-132.233,-58.652],[-131.509,-58.346],[-130.797,-58.036],[-130.098,-57.722],[-129.411,-57.405],[-128.736,-57.084],[-128.072,-56.759],[-127.367,-57.07],[-126.649,-57.376],[-125.92,-57.679],[-125.446,-57.495],[-124.876,-57.777],[-124.298,-58.056],[-123.71,-58.333],[-123.113,-58.607],[-122.528,-58.32],[-121.953,-58.031],[-121.387,-57.74],[-122.058,-57.441],[-122.719,-57.139],[-122.218,-56.78],[-121.728,-56.418],[-121.246,-56.055],[-120.774,-55.69],[-120.31,-55.323],[-119.855,-54.955],[-119.408,-54.585],[-118.969,-54.213],[-118.325,-54.54],[-117.669,-54.863],[-117.004,-55.183],[-116.328,-55.499],[-115.64,-55.811],[-114.942,-56.12],[-114.233,-56.424],[-113.512,-56.724],[-112.922,-56.358],[-112.344,-55.988],[-111.776,-55.616]]}},{"type":"Feature","properties":{"boundary_type":"ridge","feature_type":"gpml:MidOceanRidge","polarity":null,"overriding_plate_id":null,"subducting_plate_id":null,"plate_ids":[901,902],"name":"Pacific-Farallon MOR NW15"},"geometry":{"type":"LineString","coordinates":[[-107.618,-12.972],[-107.217,-12.869],[-106.816,-12.766],[-106.416,-12.662],[-106.016,-12.558],[-105.616,-12.453],[-105.485,-12.908],[-105.353,-13.362],[-105.22,-13.817],[-105.087,-14.271],[-104.954,-14.726],[-104.819,-15.18],[-104.685,-15.634],[-104.549,-16.088],[-104.413,-16.542],[-104.277,-16.996],[-104.14,-17.45],[-104.002,-17.904],[-103.863,-18.358],[-103.724,-18.811],[-103.583,-19.265],[-103.443,-19.718],[-103.301,-20.172],[-103.794,-20.303],[-104.289,-20.432],[-104.784,-20.561],[-105.28,-20.688],[-105.777,-20.813],[-106.275,-20.937],[-106.773,-21.06],[-107.273,-21.181],[-107.773,-21.301],[-108.274,-21.419],[-108.776,-21.535],[-109.278,-21.651],[-109.782,-21.764],[-109.639,-22.228],[-109.496,-22.692],[-109.351,-23.155],[-109.206,-23.619],[-109.06,-24.082],[-108.912,-24.545],[-108.764,-25.008],[-108.614,-25.471],[-108.463,-25.934],[-108.311,-26.396],[-108.158,-26.859],[-108.003,-27.321],[-107.847,-27.783],[-107.69,-28.245],[-107.532,-28.706],[-107.372,-29.168],[-107.21,-29.629],[-107.047,-30.09],[-106.883,-30.551],[-106.717,-31.012],[-107.232,-31.146],[-107.749,-31.278],[-108.266,-31.408],[-108.786,-31.535],[-109.307,-31.661],[-109.126,-32.12],[-108.943,-32.579],[-108.759,-33.037],[-108.573,-33.496],[-108.385,-33.954],[-108.194,-34.411],[-108.002,-34.869],[-107.807,-35.326],[-107.611,-35.783],[-107.412,-36.239],[-107.21,-36.695],[-107.006,-37.151],[-106.8,-37.606],[-106.591,-38.061],[-106.38,-38.516],[-106.166,-38.97],[-105.949,-39.424],[-105.73,-39.878],[-105.507,-40.331],[-105.281,-40.784],[-105.053,-41.236],[-104.821,-41.687],[-104.586,-42.139],[-104.347,-42.59],[-104.762,-42.85],[-105.18,-43.108],[-105.602,-43.366],[-105.216,-43.748],[-104.825,-44.13],[-104.429,-44.509],[-104.028,-44.888],[-103.621,-45.265],[-103.209,-45.641],[-102.792,-46.015],[-102.368,-46.388],[-101.939,-46.759],[-101.504,-47.128],[-101.063,-47.496],[-100.616,-47.862],[-100.163,-48.226],[-99.702,-48.589],[-99.236,-48.95],[-98.762,-49.308],[-98.29,-49.699],[-97.81,-50.087],[-97.322,-50.473],[-96.826,-50.857],[-96.322,-51.239],[-95.809,-51.619],[-95.288,-51.997],[-94.758,-52.372],[-94.255,-52.629],[-93.747,-52.883],[-93.232,-53.135],[-92.712,-53.385]]}},{"type":"Feature","properties":{"boundary_type":"ridge","feature_type":"gpml:MidOceanRidge","polarity":null,"overriding_plate_id":null,"subducting_plate_id":null,"plate_ids":[902,904],"name":"Pacific-Farallon MOR NW15"},"geometry":{"type":"LineString","coordinates":[[-92.712,-53.385],[-92.478,-53.495]]}},{"type":"Feature","properties":{"boundary_type":"ridge","feature_type":"gpml:MidOceanRidge","polarity":null,"overriding_plate_id":null,"subducting_plate_id":null,"plate_ids":[804,901],"name":"BELLINGHAUSEN SEA, MARIE BYRD LAND-PACIFIC"},"geometry":{"type":"LineString","coordinates":[[-173.761,-65.222],[-172.707,-65.314],[-171.645,-65.399],[-170.576,-65.476],[-169.502,-65.546],[-168.422,-65.608],[-167.337,-65.662],[-166.248,-65.709],[-165.156,-65.748],[-163.955,-65.741],[-162.756,-65.724],[-161.558,-65.698],[-160.363,-65.663],[-160.381,-65.371],[-160.399,-65.08],[-159.491,-65.039],[-158.586,-64.993],[-157.685,-64.942],[-156.787,-64.885],[-156.679,-65.181],[-155.66,-65.128],[-154.646,-65.069],[-154.702,-64.788],[-154.756,-64.506],[-153.76,-64.407],[-152.772,-64.301],[-152.872,-63.858],[-151.982,-63.759],[-151.098,-63.655],[-150.222,-63.546],[-149.352,-63.431],[-149.126,-63.852],[-148.086,-63.698],[-147.057,-63.536],[-146.039,-63.367],[-145.034,-63.191],[-144.041,-63.008],[-143.061,-62.819],[-142.094,-62.622],[-141.139,-62.419],[-140.198,-62.209],[-139.509,-62.02],[-138.828,-61.827],[-138.184,-61.617],[-137.55,-61.404],[-136.923,-61.187]]}},{"type":"Feature","properties":{"boundary_type":"ridge","feature_type":"gpml:MidOceanRidge","polarity":null,"overriding_plate_id":null,"subducting_plate_id":null,"plate_ids":[901,902],"name":"Pacific-Farallon/Vancouver MOR NW15"},"geometry":{"type":"LineString","coordinates":[[-120.41,42.632],[-120.25,42.212],[-120.093,41.791],[-119.909,41.342],[-119.727,40.893],[-119.548,40.443],[-119.371,39.993],[-119.205,39.532],[-119.042,39.069],[-118.881,38.607],[-118.722,38.145],[-118.564,37.682],[-118.409,37.219],[-118.256,36.756],[-118.105,36.292],[-117.955,35.829],[-117.807,35.365],[-117.661,34.901],[-118.217,34.761],[-118.771,34.619],[-119.323,34.474],[-119.873,34.327],[-120.421,34.178],[-120.27,33.697],[-120.12,33.217],[-119.973,32.736],[-119.827,32.255],[-119.682,31.774],[-119.539,31.293],[-119.095,31.379],[-118.65,31.464],[-118.561,31.187],[-118.474,30.909],[-117.971,31.019],[-117.467,31.126],[-116.962,31.231],[-116.456,31.335],[-115.949,31.436],[-115.44,31.535],[-114.931,31.633],[-114.42,31.728],[-113.877,31.758],[-113.334,31.786],[-112.79,31.812],[-112.246,31.835],[-111.701,31.856],[-111.156,31.874],[-110.612,31.891],[-110.067,31.905],[-109.521,31.916],[-108.976,31.926],[-108.956,31.925]]}},{"type":"Feature","properties":{"boundary_type":"ridge","feature_type":"gpml:MidOceanRidge","polarity":null,"overriding_plate_id":null,"subducting_plate_id":null,"plate_ids":[901,902],"name":"Pacific-Farallon MOR NW15"},"geometry":{"type":"LineString","coordinates":[[-108.956,31.925],[-108.848,31.509],[-108.741,31.092],[-108.635,30.675],[-108.121,30.763],[-108.027,30.323],[-107.934,29.882],[-107.842,29.442],[-107.392,29.528],[-106.942,29.612],[-106.491,29.695],[-106.039,29.777],[-105.932,29.314],[-105.826,28.851],[-105.721,28.388],[-105.617,27.925],[-105.514,27.462],[-105.412,26.999],[-105.311,26.536],[-105.21,26.072],[-105.43,26.024],[-105.327,25.605],[-105.225,25.186],[-105.124,24.767],[-105.023,24.348],[-104.923,23.928],[-104.824,23.509],[-105.323,23.405],[-105.821,23.3],[-106.318,23.193],[-106.814,23.085],[-107.309,22.975],[-107.804,22.863],[-108.297,22.75],[-108.79,22.636],[-109.282,22.52],[-109.774,22.402],[-110.264,22.283],[-110.754,22.162],[-111.242,22.04],[-111.73,21.917],[-111.62,21.434],[-111.51,20.95],[-111.401,20.466],[-111.292,19.983],[-111.184,19.499],[-111.077,19.015],[-110.97,18.531],[-110.864,18.047],[-110.759,17.563],[-110.654,17.079],[-110.55,16.595],[-110.446,16.111],[-110.343,15.627],[-110.24,15.142],[-110.138,14.658],[-109.637,14.766],[-109.135,14.873],[-108.633,14.979],[-108.13,15.084],[-107.627,15.188],[-107.124,15.291],[-106.62,15.393],[-106.115,15.493],[-105.61,15.593],[-105.105,15.691],[-104.599,15.788],[-104.092,15.884],[-103.585,15.978],[-103.078,16.072],[-102.967,15.601],[-102.858,15.131],[-102.749,14.66],[-102.64,14.19],[-102.993,14.109],[-102.885,13.657],[-102.777,13.204],[-102.67,12.752],[-102.563,12.299],[-102.457,11.847],[-102.351,11.394],[-102.245,10.942],[-102.14,10.489],[-102.035,10.036],[-101.93,9.584],[-101.825,9.131],[-101.721,8.678],[-101.617,8.226],[-101.513,7.773],[-101.515,7.769]]}},{"type":"Feature","properties":{"boundary_type":"ridge","feature_type":"gpml:MidOceanRidge","polarity":null,"overriding_plate_id":null,"subducting_plate_id":null,"plate_ids":[901,902],"name":"Pacific-Farallon MOR NW15"},"geometry":{"type":"LineString","coordinates":[[-101.515,7.769],[-101.976,7.672],[-102.437,7.574],[-102.897,7.476],[-103.358,7.377],[-103.818,7.278],[-104.278,7.178],[-104.738,7.078],[-105.197,6.977],[-105.657,6.876],[-106.116,6.775],[-106.575,6.673],[-107.034,6.571],[-106.93,6.103],[-106.827,5.636],[-106.724,5.169],[-106.621,4.701],[-106.518,4.234],[-106.416,3.766],[-106.729,3.706],[-107.043,3.645],[-106.943,3.185],[-106.844,2.725],[-106.745,2.266],[-106.646,1.806],[-106.547,1.347],[-106.447,0.887],[-106.348,0.427],[-106.249,-0.032],[-106.15,-0.492],[-106.051,-0.951],[-105.952,-1.411],[-105.853,-1.871],[-105.754,-2.33],[-105.655,-2.79],[-105.556,-3.249],[-105.456,-3.709],[-105.901,-3.815],[-106.345,-3.921],[-106.789,-4.027],[-107.234,-4.133],[-107.679,-4.238],[-108.123,-4.344],[-108.568,-4.448],[-109.014,-4.553],[-109.459,-4.658],[-109.358,-5.12],[-109.258,-5.582],[-109.157,-6.044],[-109.056,-6.506],[-108.955,-6.968],[-108.854,-7.43],[-108.752,-7.892],[-108.651,-8.354],[-108.549,-8.816],[-108.447,-9.278],[-108.344,-9.74],[-108.241,-10.202],[-108.138,-10.663],[-108.035,-11.125],[-107.931,-11.587],[-107.827,-12.049],[-107.723,-12.51],[-107.618,-12.972]]}},{"type":"Feature","properties":{"boundary_type":"ridge","feature_type":"gpml:MidOceanRidge","polarity":null,"overriding_plate_id":null,"subducting_plate_id":null,"plate_ids":[304,317],"name":"MOR-IB-EUR"},"geometry":{"type":"LineString","coordinates":[[-2.062,34.412],[-2.551,34.424],[-2.961,34.438],[-3.37,34.451],[-3.758,34.548],[-4.147,34.643],[-4.521,34.656],[-4.894,34.667],[-5.219,34.704],[-5.543,34.74],[-6.012,34.724],[-6.481,34.706],[-6.95,34.686],[-7.419,34.664],[-7.848,34.697],[-8.279,34.728],[-8.709,34.758]]}},{"type":"Feature","properties":{"boundary_type":"ridge","feature_type":"gpml:MidOceanRidge","polarity":null,"overriding_plate_id":null,"subducting_plate_id":null,"plate_ids":[101,304],"name":"IB_NFLND_Exhumed_Mantle"},"geometry":{"type":"LineString","coordinates":[[-13.212,27.742],[-13.029,28.114],[-12.846,28.487],[-12.661,28.859],[-12.386,29.244],[-12.091,29.616],[-11.9,30.027],[-11.722,30.35],[-11.596,30.777],[-11.436,31.209],[-11.311,31.301],[-11.178,31.558],[-11.01,31.761],[-10.782,31.981],[-10.533,32.275],[-10.178,32.577],[-10.007,32.82],[-9.942,32.883],[-9.851,33.085],[-9.792,33.212],[-9.708,33.324],[-9.535,33.537],[-9.39,33.796],[-9.281,33.899],[-9.224,33.986],[-9.079,34.11],[-8.942,34.14],[-8.836,34.282],[-8.735,34.375],[-8.646,34.523]]}},{"type":"Feature","properties":{"boundary_type":"ridge","feature_type":"gpml:MidOceanRidge","polarity":null,"overriding_plate_id":null,"subducting_plate_id":null,"plate_ids":[304,701],"name":"SouthernIberia"},"geometry":{"type":"LineString","coordinates":[[-2.769,24.673],[-2.951,24.634],[-3.45,24.797],[-3.951,24.958],[-4.453,25.118],[-4.956,25.276],[-5.46,25.432],[-5.966,25.586],[-6.473,25.739],[-6.981,25.89],[-7.491,26.039],[-8.001,26.187],[-8.514,26.333],[-9.027,26.476],[-9.542,26.618],[-10.058,26.758],[-10.575,26.897],[-11.094,27.033],[-11.613,27.167],[-12.011,27.313],[-12.41,27.457],[-12.81,27.6],[-13.212,27.742]]}},{"type":"Feature","properties":{"boundary_type":"ridge","feature_type":"gpml:MidOceanRidge","polarity":null,"overriding_plate_id":null,"subducting_plate_id":null,"plate_ids":[101,701],"name":"SouthernIberia"},"geometry":{"type":"LineString","coordinates":[[-13.212,27.742],[-13.502,27.843],[-13.792,27.944]]}},{"type":"Feature","properties":{"boundary_type":"ridge","feature_type":"gpml:MidOceanRidge","polarity":null,"overriding_plate_id":null,"subducting_plate_id":null,"plate_ids":[102,301],"name":"GRN-NAM-EUR-tripleJun"},"geometry":{"type":"LineString","coordinates":[[-15.502,45.012],[-15.031,45.02],[-14.559,45.026],[-13.885,44.998],[-13.308,45.058],[-12.926,45.014],[-12.545,44.969],[-12.006,44.973]]}},{"type":"Feature","properties":{"boundary_type":"ridge","feature_type":"gpml:MidOceanRidge","polarity":null,"overriding_plate_id":null,"subducting_plate_id":null,"plate_ids":[902,918],"name":"Farallon-Kula MOR c31y NW15"},"geometry":{"type":"LineString","coordinates":[[-120.944,42.738],[-120.489,43.049],[-120.031,43.358],[-119.567,43.665],[-119.15,44.063],[-118.728,44.459],[-118.299,44.854],[-117.865,45.247],[-117.424,45.639],[-116.978,46.029],[-116.525,46.417],[-116.065,46.804],[-115.599,47.188],[-115.126,47.571],[-114.647,47.951],[-114.16,48.33],[-113.665,48.706],[-113.164,49.081],[-112.655,49.453],[-112.138,49.823],[-111.613,50.19],[-111.08,50.555],[-110.539,50.918],[-109.989,51.278],[-109.43,51.636],[-108.863,51.99],[-108.287,52.343],[-107.701,52.692],[-107.106,53.038],[-106.502,53.381],[-105.888,53.721],[-105.347,53.452],[-104.813,53.181],[-104.286,52.906],[-103.766,52.63],[-103.199,52.984],[-102.622,53.335],[-102.036,53.684],[-101.44,54.029],[-100.835,54.372],[-100.219,54.711],[-99.593,55.048],[-98.956,55.381],[-98.308,55.71],[-97.65,56.037],[-96.98,56.359],[-96.299,56.678],[-95.607,56.993],[-94.903,57.305],[-94.186,57.612],[-93.458,57.915],[-92.717,58.214],[-91.964,58.509],[-91.198,58.799],[-90.42,59.084]]}},{"type":"Feature","properties":{"boundary_type":"ridge","feature_type":"gpml:MidOceanRidge","polarity":null,"overriding_plate_id":null,"subducting_plate_id":null,"plate_ids":[901,918],"name":"KULA-PAC MOR"},"geometry":{"type":"LineString","coordinates":[[-142.943,40.872],[-142.44,40.875],[-141.936,40.875],[-141.432,40.874],[-140.928,40.87],[-140.934,41.323],[-140.94,41.775],[-140.316,41.771],[-139.692,41.763],[-139.068,41.752],[-138.444,41.738],[-137.821,41.72],[-137.198,41.699],[-136.535,41.682],[-135.873,41.66],[-135.212,41.635],[-134.551,41.606],[-133.89,41.573],[-133.231,41.536],[-132.572,41.496],[-132.52,41.928],[-132.468,42.36],[-132.415,42.792],[-132.361,43.224],[-132.306,43.656],[-131.652,43.641],[-130.997,43.622],[-130.344,43.6],[-129.69,43.574],[-129.038,43.544],[-128.386,43.51],[-127.735,43.472],[-127.084,43.431],[-126.435,43.386],[-125.786,43.338],[-125.139,43.286],[-124.493,43.23],[-123.848,43.171],[-123.204,43.107],[-122.562,43.041],[-122.021,42.942],[-121.481,42.841],[-120.944,42.738]]}},{"type":"Feature","properties":{"boundary_type":"ridge","feature_type":"gpml:MidOceanRidge","polarity":null,"overriding_plate_id":null,"subducting_plate_id":null,"plate_ids":[901,902],"name":"KULA-PAC MOR"},"geometry":{"type":"LineString","coordinates":[[-120.944,42.738],[-120.41,42.632]]}},{"type":"Feature","properties":{"boundary_type":"ridge","feature_type":"gpml:MidOceanRidge","polarity":null,"overriding_plate_id":null,"subducting_plate_id":null,"plate_ids":[880,922],"name":"MOR Late K South Loyalty Basin"},"geometry":{"type":"LineString","coordinates":[[166.985,-26.155],[166.486,-25.945],[165.989,-25.734],[165.493,-25.52],[164.999,-25.305],[164.507,-25.089],[164.017,-24.87],[163.528,-24.65],[163.041,-24.429],[162.556,-24.206],[162.073,-23.981],[161.591,-23.755],[161.111,-23.528],[160.632,-23.299],[160.155,-23.068],[159.68,-22.836],[159.207,-22.603],[158.735,-22.368],[158.265,-22.132],[157.796,-21.895],[157.329,-21.656],[156.863,-21.416],[156.399,-21.175],[155.936,-20.932],[155.475,-20.688],[155.016,-20.443],[154.557,-20.197],[154.101,-19.95],[153.645,-19.701],[153.192,-19.451],[152.739,-19.2],[152.288,-18.948],[151.838,-18.695],[151.505,-18.531],[151.172,-18.366],[150.84,-18.2]]}},{"type":"Feature","properties":{"boundary_type":"subduction","feature_type":"gpml:SubductionZone","polarity":"Left","overriding_plate_id":880,"subducting_plate_id":836,"plate_ids":[836,880],"name":"Gondwana margin subduction"},"geometry":{"type":"LineString","coordinates":[[152.189,-26.697],[152.328,-26.923],[152.467,-27.148],[152.772,-27.471],[153.08,-27.794],[153.389,-28.115],[153.815,-28.373],[154.242,-28.629],[154.672,-28.884],[155.142,-29.162],[155.615,-29.438],[156.091,-29.712],[156.469,-29.856],[156.848,-29.999],[157.229,-30.141],[157.73,-30.247],[158.232,-30.35],[158.734,-30.452],[159.125,-30.304],[159.515,-30.154],[159.903,-30.004],[160.438,-29.864],[160.97,-29.721],[161.291,-29.536],[161.61,-29.349],[161.927,-29.162],[162.306,-29.069],[162.684,-28.974],[163.061,-28.879],[163.581,-28.855],[164.1,-28.83],[164.657,-28.921],[165.214,-29.01]]}},{"type":"Feature","properties":{"boundary_type":"subduction","feature_type":"gpml:SubductionZone","polarity":"Right","overriding_plate_id":201,"subducting_plate_id":802,"plate_ids":[201,802],"name":"South America trench taken from COB file"},"geometry":{"type":"LineString","coordinates":[[-55.958,-63.545],[-56.55,-63.35],[-57.135,-63.152],[-57.783,-62.904],[-58.421,-62.653],[-59.047,-62.399],[-59.664,-62.143],[-60.321,-61.881],[-60.968,-61.617],[-61.168,-61.554],[-61.484,-61.43],[-61.76,-61.332],[-62.095,-61.225],[-62.434,-61.107],[-62.767,-60.979],[-63.139,-60.845],[-63.843,-60.567],[-64.352,-60.323]]}},{"type":"Feature","properties":{"boundary_type":"subduction","feature_type":"gpml:SubductionZone","polarity":"Right","overriding_plate_id":201,"subducting_plate_id":904,"plate_ids":[201,904],"name":"South America trench taken from COB file"},"geometry":{"type":"LineString","coordinates":[[-64.352,-60.323],[-64.767,-60.119],[-64.744,-60.096],[-64.801,-60.067],[-65.038,-59.923],[-65.142,-59.824],[-65.307,-59.684],[-65.592,-59.437],[-65.778,-59.277],[-65.965,-59.079],[-66.307,-58.919],[-66.873,-58.681],[-67.124,-58.599],[-67.572,-58.392],[-67.786,-58.139],[-67.997,-57.885],[-68.16,-57.405],[-68.318,-56.924],[-68.366,-56.634],[-68.413,-56.343],[-68.421,-56.067],[-68.429,-55.79],[-68.375,-55.506],[-68.322,-55.222],[-68.089,-54.824],[-67.861,-54.424],[-67.637,-54.025],[-67.598,-53.647],[-67.56,-53.269],[-67.583,-52.898],[-67.605,-52.527],[-67.319,-52.095],[-67.038,-51.662],[-66.529,-51.438],[-66.025,-51.212],[-65.311,-51.111],[-65.049,-50.691],[-64.788,-50.351],[-64.63,-50.103],[-64.474,-49.855],[-64.349,-49.548],[-64.344,-49.326],[-64.372,-49.054],[-64.369,-48.804],[-64.366,-48.461],[-64.133,-48.142],[-63.923,-47.797],[-63.785,-47.582],[-63.542,-47.218],[-63.447,-47.007],[-63.319,-46.753],[-63.207,-46.516],[-63.051,-46.184],[-62.896,-45.851],[-62.743,-45.518],[-62.621,-45.201],[-62.499,-44.948],[-62.378,-44.695],[-62.247,-44.403],[-62.188,-44.137],[-62.129,-43.872],[-62.076,-43.643],[-61.877,-43.27],[-61.749,-43.047]]}},{"type":"Feature","properties":{"boundary_type":"subduction","feature_type":"gpml:SubductionZone","polarity":"Right","overriding_plate_id":201,"subducting_plate_id":902,"plate_ids":[201,902],"name":"South America trench taken from COB file"},"geometry":{"type":"LineString","coordinates":[[-61.749,-43.047],[-61.655,-42.883],[-61.515,-42.652],[-61.376,-42.421],[-61.235,-41.952],[-61.02,-41.534],[-60.802,-41.194],[-60.587,-40.854],[-60.373,-40.514],[-60.162,-40.173],[-59.871,-39.805],[-59.583,-39.436],[-59.299,-39.067],[-59.017,-38.697],[-58.738,-38.326],[-58.462,-37.954],[-58.188,-37.582],[-58.027,-37.115],[-57.867,-36.648],[-57.709,-36.181],[-57.554,-35.713],[-57.4,-35.245],[-57.247,-34.777],[-57.097,-34.309],[-56.948,-33.841],[-56.801,-33.372],[-56.601,-32.994],[-56.403,-32.616],[-56.207,-32.238],[-56.012,-31.859],[-55.819,-31.48],[-55.683,-31.031],[-55.549,-30.581],[-55.415,-30.132],[-55.283,-29.682],[-55.152,-29.232],[-55.023,-28.782],[-54.894,-28.332],[-54.766,-27.882],[-54.661,-27.48],[-54.556,-27.077],[-54.452,-26.674],[-54.481,-26.232],[-54.51,-25.79],[-54.466,-25.45],[-54.423,-25.11],[-54.528,-24.671],[-54.632,-24.232],[-54.865,-23.783],[-55.097,-23.334],[-55.391,-22.966],[-55.684,-22.597],[-55.975,-22.228],[-56.264,-21.858],[-56.552,-21.488],[-56.987,-21.217],[-57.42,-20.944],[-57.719,-20.57],[-58.017,-20.196],[-58.313,-19.821],[-58.608,-19.446],[-58.901,-19.07],[-59.193,-18.694],[-59.484,-18.317],[-59.774,-17.94],[-60.062,-17.562],[-60.257,-17.139],[-60.451,-16.715],[-60.645,-16.291],[-60.837,-15.867],[-61.029,-15.443],[-61.219,-15.018],[-61.409,-14.593],[-61.599,-14.169],[-61.787,-13.744],[-61.975,-13.319],[-62.163,-12.894],[-62.274,-12.423],[-62.385,-11.953],[-62.496,-11.482],[-62.606,-11.012],[-62.716,-10.541],[-62.826,-10.071],[-62.936,-9.6],[-63.045,-9.13],[-62.935,-8.728],[-62.826,-8.326],[-62.718,-7.923],[-62.609,-7.521],[-62.501,-7.119]]}},{"type":"Feature","properties":{"boundary_type":"subduction","feature_type":"gpml:SubductionZone","polarity":"Right","overriding_plate_id":201,"subducting_plate_id":224,"plate_ids":[201,224],"name":"South America trench taken from COB file"},"geometry":{"type":"LineString","coordinates":[[-62.501,-7.119],[-62.387,-6.696],[-62.273,-6.274],[-62.203,-5.998],[-62.146,-5.748],[-62.058,-5.474],[-61.955,-5.11],[-61.887,-4.908],[-61.832,-4.667],[-61.664,-4.294],[-61.521,-3.964],[-61.361,-3.702],[-61.114,-3.286],[-60.934,-2.952],[-60.742,-2.657],[-60.509,-2.276],[-60.241,-1.965],[-59.993,-1.66],[-59.818,-1.474],[-59.523,-1.167],[-59.197,-0.828],[-58.888,-0.541],[-58.632,-0.367],[-58.378,-0.082],[-58.193,0.057],[-58.114,0.34],[-57.839,0.677],[-57.565,1.014],[-57.554,1.022],[-57.517,1.09],[-57.487,1.289],[-57.458,1.487],[-57.476,1.738],[-57.515,1.965],[-57.623,2.284],[-57.703,2.425],[-57.783,2.685],[-57.797,2.698]]}},{"type":"Feature","properties":{"boundary_type":"other","feature_type":"gpml:ContinentalRift","polarity":null,"overriding_plate_id":null,"subducting_plate_id":null,"plate_ids":[102,301],"name":"North America - Greenland rift"},"geometry":{"type":"LineString","coordinates":[[16.766,62.071],[16.67,62.017],[16.32,61.668],[15.977,61.318],[15.641,60.968],[15.313,60.616],[14.787,60.213],[14.274,59.808],[13.773,59.401],[13.285,58.993],[12.986,58.638],[12.693,58.282],[12.406,57.926],[12.124,57.57],[12.174,57.191],[12.223,56.813],[12.102,56.404],[11.984,55.995],[11.868,55.585],[11.629,55.25],[11.393,54.915],[11.162,54.579],[10.677,54.238],[10.199,53.894],[9.73,53.549],[9.158,53.32],[8.592,53.089],[8.032,52.855],[7.484,52.621],[6.942,52.384],[6.405,52.145],[5.874,51.904],[5.307,51.759],[4.744,51.611],[4.185,51.461],[3.629,51.308],[2.882,51.273],[2.136,51.233],[1.392,51.188],[0.649,51.138],[0.189,50.887],[-0.266,50.634],[-0.717,50.379],[-1.162,50.122],[-1.711,49.8],[-2.253,49.475],[-2.787,49.148],[-3.314,48.818],[-3.783,48.523],[-4.246,48.227],[-4.704,47.929],[-5.156,47.629],[-5.53,47.376],[-5.901,47.123],[-6.268,46.868],[-6.616,46.541],[-6.96,46.212],[-7.453,45.933],[-7.86,45.657],[-8.262,45.38],[-8.661,45.102],[-9.056,44.822],[-9.517,44.49],[-9.973,44.157],[-10.423,43.821],[-10.94,43.505]]}},{"type":"Feature","properties":{"boundary_type":"transform","feature_type":"gpml:Transform","polarity":null,"overriding_plate_id":null,"subducting_plate_id":null,"plate_ids":[201,224],"name":"Transform"},"geometry":{"type":"LineString","coordinates":[[-57.797,2.698],[-57.744,3.098],[-57.691,3.498],[-57.638,3.898],[-57.343,4.198],[-57.048,4.498],[-56.752,4.797],[-56.456,5.097],[-56.16,5.404],[-55.863,5.711],[-55.566,6.019],[-55.268,6.325],[-54.97,6.632],[-54.672,6.939],[-54.198,7.004],[-53.725,7.069],[-53.251,7.133],[-52.777,7.197]]}},{"type":"Feature","properties":{"boundary_type":"other","feature_type":"gpml:UnclassifiedFeature","polarity":null,"overriding_plate_id":null,"subducting_plate_id":null,"plate_ids":[102,301],"name":""},"geometry":{"type":"LineString","coordinates":[[-12.006,44.973],[-11.933,44.846],[-11.668,44.497],[-11.406,44.148],[-11.147,43.797],[-10.94,43.505]]}},{"type":"Feature","properties":{"boundary_type":"other","feature_type":"gpml:UnclassifiedFeature","polarity":null,"overriding_plate_id":null,"subducting_plate_id":null,"plate_ids":[833,833],"name":""},"geometry":{"type":"LineString","coordinates":[[170.795,-34.748],[170.46,-35.142],[170.122,-35.536],[169.78,-35.929],[169.436,-36.321],[169.105,-36.709],[168.772,-37.097],[168.435,-37.483],[168.095,-37.868],[167.751,-38.252],[167.403,-38.636],[166.968,-38.445],[166.535,-38.252],[166.152,-37.899],[166.14,-37.502],[166.129,-37.106],[165.808,-36.846],[165.489,-36.585],[165.657,-36.241],[165.823,-35.896],[165.989,-35.552],[166.1,-35.311],[166.211,-35.07],[166.048,-34.648],[165.887,-34.227],[165.59,-33.917],[165.295,-33.607],[164.955,-33.388],[164.617,-33.168],[164.333,-33.02],[164.001,-32.88],[163.757,-32.734]]}},{"type":"Feature","properties":{"boundary_type":"other","feature_type":"gpml:InferredPaleoBoundary","polarity":null,"overriding_plate_id":null,"subducting_plate_id":null,"plate_ids":[833,833],"name":"Western margin of South Loyalty Basin"},"geometry":{"type":"LineString","coordinates":[[170.795,-34.748],[171.283,-34.805],[171.772,-34.86],[172.262,-34.913],[172.709,-35.086],[173.158,-35.257],[173.609,-35.427],[174.026,-35.473],[174.443,-35.518],[174.832,-35.622],[175.223,-35.725],[175.614,-35.827],[176.028,-36.039],[176.444,-36.25],[176.91,-36.402],[177.378,-36.553],[177.868,-36.714],[178.36,-36.873],[178.748,-36.949],[179.137,-37.024],[179.427,-37.169],[179.718,-37.314],[179.865,-37.586],[-179.987,-37.769],[-179.881,-38.052],[-179.722,-38.355],[-179.563,-38.657],[-179.432,-39.106],[-179.3,-39.556],[-179.119,-39.899],[-178.935,-40.243],[-178.682,-40.616],[-178.426,-40.989],[-178.155,-41.378],[-178.28,-41.731],[-178.407,-42.085],[-178.216,-42.324],[-177.988,-42.644],[-177.758,-42.963],[-177.342,-43.179],[-176.923,-43.393],[-176.673,-43.766],[-176.534,-44.146],[-176.393,-44.525],[-176.236,-44.805],[-176.078,-45.085],[-175.718,-45.422],[-175.333,-45.677],[-174.681,-45.827],[-174.026,-45.972],[-173.664,-46.038],[-173.302,-46.102],[-172.919,-46.121],[-172.537,-46.138],[-172.028,-46.198],[-171.517,-46.254],[-171.351,-46.33],[-170.83,-46.382],[-170.307,-46.432],[-169.607,-46.358],[-168.908,-46.279],[-168.392,-46.248],[-167.877,-46.215],[-167.388,-46.215],[-166.899,-46.213],[-166.421,-46.324],[-165.94,-46.434],[-165.638,-46.58],[-165.334,-46.726],[-164.884,-46.888],[-164.431,-47.048],[-163.975,-47.207],[-163.337,-47.29],[-162.697,-47.37],[-162.167,-47.38],[-161.636,-47.387],[-161.106,-47.392],[-160.505,-47.503],[-159.901,-47.61],[-159.295,-47.715]]}},{"type":"Feature","properties":{"boundary_type":"ridge","feature_type":"gpml:MidOceanRidge","polarity":null,"overriding_plate_id":null,"subducting_plate_id":null,"plate_ids":[833,841],"name":"South Loyalty BAB ridge"},"geometry":{"type":"LineString","coordinates":[[174.18,-31.099],[173.88,-31.437],[173.578,-31.775],[173.16,-31.53],[172.743,-31.284],[172.329,-31.037],[172.485,-30.752],[172.042,-30.514],[171.601,-30.274],[171.163,-30.033],[170.726,-29.791],[170.292,-29.547],[169.86,-29.302],[170.011,-29.06],[170.16,-28.818],[169.745,-28.614],[169.332,-28.408],[168.92,-28.201],[168.51,-27.993],[168.613,-27.812],[168.209,-27.609],[167.807,-27.404],[167.409,-27.217],[167.011,-27.029],[166.615,-26.84]]}},{"type":"Feature","properties":{"boundary_type":"ridge","feature_type":"gpml:MidOceanRidge","polarity":null,"overriding_plate_id":null,"subducting_plate_id":null,"plate_ids":[833,841],"name":"South Loyalty BAB ridge"},"geometry":{"type":"LineString","coordinates":[[-177.863,-39.334],[-177.406,-39.037],[-176.953,-38.738],[-176.505,-38.437],[-176.059,-38.135],[-175.618,-37.831],[-175.923,-37.462],[-176.224,-37.093],[-176.523,-36.723],[-176.819,-36.352],[-177.112,-35.98],[-177.031,-35.926],[-177.226,-35.585],[-177.418,-35.243],[-177.61,-34.901],[-177.799,-34.559],[-177.876,-34.578],[-178.166,-34.162],[-178.453,-33.746],[-178.737,-33.329],[-179.198,-33.091],[-179.325,-33.259],[-179.783,-33.138],[179.76,-33.016],[179.304,-32.893],[178.849,-32.768],[178.396,-32.641],[178.266,-32.835],[177.812,-32.607],[177.361,-32.377],[176.912,-32.145],[176.465,-31.912],[176.372,-32.109],[175.93,-31.91],[175.49,-31.709],[175.051,-31.507],[174.615,-31.304],[174.18,-31.099]]}},{"type":"Feature","properties":{"boundary_type":"ridge","feature_type":"gpml:MidOceanRidge","polarity":null,"overriding_plate_id":null,"subducting_plate_id":null,"plate_ids":[833,841],"name":"South Loyalty BAB ridge"},"geometry":{"type":"LineString","coordinates":[[-177.863,-39.334],[-177.556,-39.741],[-177.246,-40.148],[-176.932,-40.554],[-176.615,-40.959],[-176.439,-40.813],[-176.148,-41.148],[-175.854,-41.483],[-175.557,-41.817],[-175.384,-41.736],[-175.019,-42.058],[-174.651,-42.379],[-174.754,-42.541],[-174.182,-42.777],[-173.605,-43.01],[-173.024,-43.24],[-173.028,-43.245]]}},{"type":"Feature","properties":{"boundary_type":"ridge","feature_type":"gpml:MidOceanRidge","polarity":null,"overriding_plate_id":null,"subducting_plate_id":null,"plate_ids":[833,841],"name":"South Loyalty BAB ridge"},"geometry":{"type":"LineString","coordinates":[[-173.028,-43.245],[-172.542,-43.43],[-172.054,-43.613],[-171.563,-43.794],[-171.468,-43.567],[-170.869,-43.735],[-170.266,-43.9],[-169.66,-44.061],[-169.05,-44.22],[-168.973,-44.084],[-168.598,-44.222],[-168.222,-44.358],[-168.242,-44.517],[-167.839,-44.587],[-167.912,-44.768],[-167.244,-44.91],[-166.572,-45.049],[-165.898,-45.184],[-165.22,-45.314],[-165.158,-45.156],[-164.501,-45.314],[-163.84,-45.468],[-163.175,-45.619],[-162.507,-45.765],[-161.835,-45.907],[-161.16,-46.046],[-160.482,-46.181],[-159.8,-46.311],[-159.706,-46.327]]}},{"type":"Feature","properties":{"boundary_type":"subduction","feature_type":"gpml:SubductionZone","polarity":"Right","overriding_plate_id":802,"subducting_plate_id":904,"plate_ids":[802,904],"name":"Antarctic-Aluk subduction zone"},"geometry":{"type":"LineString","coordinates":[[-68.012,-60.907],[-67.82,-60.85],[-67.067,-60.744],[-66.319,-60.634],[-65.577,-60.519],[-64.839,-60.401],[-64.352,-60.323]]}},{"type":"Feature","properties":{"boundary_type":"ridge","feature_type":"gpml:MidOceanRidge","polarity":null,"overriding_plate_id":null,"subducting_plate_id":null,"plate_ids":[501,701],"name":"Ridge f iso A18 on IND at 40.1Ma"},"geometry":{"type":"LineString","coordinates":[[58.022,-44.992],[58.035,-44.541],[58.049,-44.091],[58.062,-43.64],[58.075,-43.19],[58.088,-42.739],[58.101,-42.289],[58.113,-41.838],[58.405,-41.401],[58.694,-40.963],[58.978,-40.524],[59.259,-40.084],[59.536,-39.644],[59.81,-39.203],[60.08,-38.761],[60.347,-38.319],[60.611,-37.877],[60.872,-37.433],[61.129,-36.989],[61.33,-36.9],[60.837,-36.609],[60.348,-36.316],[59.862,-36.021],[59.38,-35.724],[59.703,-35.34],[60.023,-34.956],[60.339,-34.57],[60.653,-34.184],[60.964,-33.797],[61.273,-33.409],[61.578,-33.021],[61.881,-32.631],[62.181,-32.241],[62.479,-31.851],[62.774,-31.459],[63.067,-31.067],[63.357,-30.674],[62.894,-30.391],[62.434,-30.105],[62.692,-29.769],[62.948,-29.433],[63.202,-29.096],[63.455,-28.759],[63.005,-28.497],[62.557,-28.233],[62.111,-27.968],[61.668,-27.702],[61.932,-27.334],[62.196,-26.966],[62.457,-26.597],[62.046,-26.344],[61.637,-26.09],[61.229,-25.835],[60.823,-25.579],[61.111,-25.156],[61.397,-24.732],[61.68,-24.307],[61.962,-23.882],[61.564,-23.673],[61.166,-23.463],[60.77,-23.252],[60.375,-23.039],[60.561,-22.705],[60.746,-22.37],[60.93,-22.035],[61.113,-21.7],[60.682,-21.48],[60.252,-21.259],[59.823,-21.037],[59.396,-20.814],[58.969,-20.59],[58.544,-20.365],[58.629,-20.108],[58.714,-19.851],[58.348,-19.532],[57.983,-19.212],[57.619,-18.892],[57.257,-18.571],[56.896,-18.249],[56.658,-17.973],[56.42,-17.696],[56.183,-17.419],[55.779,-17.235],[55.376,-17.05],[55.358,-16.72],[55.341,-16.391],[54.908,-16.149],[54.476,-15.907],[54.046,-15.665],[53.616,-15.421],[53.187,-15.176],[52.76,-14.931],[52.676,-14.895]]}},{"type":"Feature","properties":{"boundary_type":"ridge","feature_type":"gpml:MidOceanRidge","polarity":null,"overriding_plate_id":null,"subducting_plate_id":null,"plate_ids":[701,802],"name":"Ridge from i at 55.9 at ANT"},"geometry":{"type":"LineString","coordinates":[[-1.237,-64.333],[-0.633,-64.014],[-0.044,-63.693],[0.533,-63.369],[1.405,-63.506],[2.152,-63.165],[2.881,-62.821],[3.593,-62.473],[4.03,-62.635],[4.471,-62.795],[5.274,-62.498],[6.179,-62.555],[7.087,-62.606],[7.997,-62.651],[8.91,-62.69],[9.826,-62.724],[10.743,-62.751],[11.694,-62.993],[12.661,-63.228],[12.673,-63.62],[13.255,-63.92],[13.85,-64.217],[14.676,-64.297],[15.506,-64.372],[15.592,-64.052],[16.43,-64.058],[17.268,-64.059],[17.229,-64.251],[17.825,-64.337],[17.801,-64.465],[18.821,-64.495],[19.842,-64.518],[20.865,-64.534],[21.196,-64.151],[22.025,-64.157],[22.854,-64.158],[23.003,-63.836],[23.596,-63.769],[24.186,-63.699],[24.856,-63.755],[25.527,-63.808],[25.509,-63.615],[26.243,-63.598],[26.976,-63.578],[26.969,-63.213],[26.962,-62.847],[26.956,-62.481],[28.01,-62.445],[29.062,-62.4],[29.055,-61.947],[29.048,-61.494],[29.041,-61.041],[29.767,-60.971],[30.49,-60.898],[30.471,-60.488],[30.453,-60.077],[30.435,-59.667],[31.398,-59.636],[32.36,-59.599],[32.283,-59.147],[32.208,-58.696],[33.048,-58.562],[33.882,-58.422],[33.821,-58.012],[33.761,-57.602],[33.703,-57.192],[34.36,-57.106],[35.014,-57.016],[35.665,-56.923],[35.681,-56.657],[36.4,-56.532],[37.113,-56.404],[37.821,-56.271],[38.525,-56.135],[39.223,-55.994],[39.125,-55.539],[39.028,-55.084],[39.804,-54.926],[40.574,-54.762],[41.337,-54.593],[42.094,-54.42],[42.844,-54.242],[43.588,-54.059],[44.325,-53.872],[45.056,-53.681],[45.78,-53.484],[46.497,-53.284],[47.208,-53.079],[47.911,-52.871],[48.608,-52.658],[48.363,-52.298],[48.917,-52.104],[49.466,-51.908],[50.01,-51.709],[50.028,-51.228],[50.045,-50.747],[50.063,-50.266],[50.08,-49.785],[50.096,-49.304],[50.758,-49.207],[51.417,-49.107],[52.073,-49.004],[52.726,-48.896],[53.377,-48.785],[54.025,-48.67],[54.669,-48.552],[55.311,-48.43],[55.826,-48.073],[56.127,-47.774],[56.425,-47.474],[56.719,-47.174],[57.104,-46.816],[57.484,-46.457],[58.009,-46.158],[58.527,-45.857],[58.546,-45.85]]}},{"type":"Feature","properties":{"boundary_type":"ridge","feature_type":"gpml:MidOceanRidge","polarity":null,"overriding_plate_id":null,"subducting_plate_id":null,"plate_ids":[501,701],"name":"Ridge f iso CIB at 47.9Ma"},"geometry":{"type":"LineString","coordinates":[[59.192,-46.036],[59.389,-45.796],[58.929,-45.53],[58.473,-45.262],[58.022,-44.992]]}},{"type":"Feature","properties":{"boundary_type":"subduction","feature_type":"gpml:SubductionZone","polarity":"Left","overriding_plate_id":301,"subducting_plate_id":926,"plate_ids":[301,926],"name":"Okinawa Trough (Ryuku) from EarthByte cob MG 4-20-07"},"geometry":{"type":"LineString","coordinates":[[127.171,31.173],[127.426,31.48],[127.683,31.787],[127.852,32.219],[128.023,32.65],[128.196,33.081],[128.37,33.511],[128.546,33.942],[128.674,34.334],[128.803,34.725],[128.933,35.117],[129.065,35.508],[129.121,35.863],[129.177,36.219],[129.191,36.66],[129.204,37.101],[129.141,37.537],[129.077,37.973],[129.115,38.361],[129.153,38.749]]}},{"type":"Feature","properties":{"boundary_type":"subduction","feature_type":"gpml:SubductionZone","polarity":"Right","overriding_plate_id":308,"subducting_plate_id":701,"plate_ids":[308,701],"name":"Eastern Mediterranean Subduction"},"geometry":{"type":"LineString","coordinates":[[40.225,25.038],[39.734,24.844],[39.246,24.649],[38.758,24.452],[38.273,24.253],[37.788,24.053],[37.306,23.852],[36.824,23.649],[36.408,23.398],[35.994,23.146],[35.581,22.892],[35.19,22.651],[34.801,22.41],[34.413,22.167],[34.026,21.923],[33.641,21.679],[33.168,21.7],[32.695,21.72],[32.222,21.739],[31.749,21.756],[31.253,21.878],[30.756,21.999],[30.259,22.118],[29.816,21.942],[29.374,21.765],[28.933,21.587],[28.493,21.407],[28.055,21.227],[27.617,21.045],[27.181,20.862]]}},{"type":"Feature","properties":{"boundary_type":"subduction","feature_type":"gpml:SubductionZone","polarity":"Left","overriding_plate_id":317,"subducting_plate_id":304,"plate_ids":[304,317],"name":"Pyrenean Sub."},"geometry":{"type":"LineString","coordinates":[[-2.062,34.412],[-1.54,34.297],[-1.019,34.179],[-0.5,34.06],[0.018,33.938],[0.59,33.804],[1.161,33.666],[1.73,33.526],[2.297,33.384],[2.631,33.24],[2.965,33.095]]}},{"type":"Feature","properties":{"boundary_type":"subduction","feature_type":"gpml:SubductionZone","polarity":"Left","overriding_plate_id":301,"subducting_plate_id":304,"plate_ids":[301,304],"name":"Pyrenean Sub."},"geometry":{"type":"LineString","coordinates":[[2.965,33.095],[3.306,32.946],[3.646,32.795],[4.111,32.673],[4.574,32.548],[5.036,32.422],[5.497,32.294],[6.026,32.243],[6.554,32.189],[7.081,32.133],[7.485,32.096],[7.889,32.058],[8.292,32.018],[8.808,32.037],[9.324,32.054],[9.756,32.12],[10.19,32.185],[10.76,32.27],[11.33,32.352],[11.902,32.432],[12.475,32.51],[13.049,32.585],[13.624,32.657]]}},{"type":"Feature","properties":{"boundary_type":"subduction","feature_type":"gpml:SubductionZone","polarity":"Left","overriding_plate_id":301,"subducting_plate_id":308,"plate_ids":[301,308],"name":"Vardar Sea Subduction"},"geometry":{"type":"LineString","coordinates":[[24.953,33.034],[24.988,32.656],[25.023,32.278],[25.057,31.9],[25.43,31.523],[25.8,31.146],[26.166,30.767],[26.53,30.387],[26.873,30.061],[27.213,29.734],[27.551,29.406],[27.886,29.077],[28.296,28.953],[28.705,28.829],[29.114,28.703],[29.521,28.575],[29.948,28.571],[30.375,28.565],[30.902,28.57],[31.428,28.573],[31.955,28.573],[32.482,28.572],[32.482,28.572],[33.022,28.619],[33.562,28.663],[34.103,28.705],[34.644,28.745],[35.185,28.783],[35.727,28.819],[36.269,28.852],[36.812,28.884],[37.355,28.913],[37.898,28.94],[38.442,28.965],[38.985,28.987],[39.529,29.008],[40.018,29.04],[40.507,29.071],[40.996,29.1],[41.485,29.128],[41.94,29.028],[42.394,28.926]]}},{"type":"Feature","properties":{"boundary_type":"transform","feature_type":"gpml:Transform","polarity":null,"overriding_plate_id":null,"subducting_plate_id":null,"plate_ids":[308,701],"name":"South DFZ"},"geometry":{"type":"LineString","coordinates":[[17.584,24.84],[18.119,24.891],[18.654,24.94],[19.189,24.987],[19.725,25.032],[20.261,25.075],[20.798,25.116],[21.334,25.155],[21.756,25.117],[22.178,25.077],[22.599,25.037],[23.099,25.006],[23.598,24.973],[24.097,24.939],[24.596,24.903],[24.9,24.514],[25.202,24.124],[25.503,23.733],[25.801,23.342],[26.098,22.951],[26.317,22.533],[26.535,22.116],[26.751,21.698],[26.967,21.28],[27.181,20.862]]}},{"type":"Feature","properties":{"boundary_type":"transform","feature_type":"gpml:Transform","polarity":null,"overriding_plate_id":null,"subducting_plate_id":null,"plate_ids":[304,701],"name":"South Iberia"},"geometry":{"type":"LineString","coordinates":[[-2.769,24.673],[-2.473,24.547],[-1.945,24.568],[-1.417,24.587],[-0.889,24.604],[-0.361,24.619],[0.167,24.633],[0.696,24.644],[1.225,24.654],[1.753,24.662],[2.282,24.668],[2.811,24.672],[3.34,24.675],[3.868,24.675],[4.398,24.74],[4.929,24.803],[5.459,24.865],[5.991,24.924],[6.523,24.981],[7.057,25.066],[7.592,25.149]]}},{"type":"Feature","properties":{"boundary_type":"transform","feature_type":"gpml:Transform","polarity":null,"overriding_plate_id":null,"subducting_plate_id":null,"plate_ids":[308,701],"name":"South Iberia"},"geometry":{"type":"LineString","coordinates":[[7.592,25.149],[7.793,25.18],[8.291,25.244],[8.789,25.306],[9.288,25.366],[9.788,25.425],[10.288,25.482],[10.788,25.537],[11.289,25.591],[11.817,25.538],[12.344,25.484],[12.87,25.428],[13.396,25.37],[13.921,25.31],[14.446,25.249],[14.971,25.185],[15.495,25.12],[16.018,25.053],[16.541,24.984],[17.063,24.913],[17.584,24.84]]}},{"type":"Feature","properties":{"boundary_type":"transform","feature_type":"gpml:Transform","polarity":null,"overriding_plate_id":null,"subducting_plate_id":null,"plate_ids":[308,701],"name":"Neotethys transform 100Ma"},"geometry":{"type":"LineString","coordinates":[[40.225,25.038],[40.326,25.425],[40.427,25.813],[40.529,26.2],[40.632,26.588],[40.879,26.923],[41.128,27.258],[41.378,27.593],[41.63,27.927],[41.883,28.261]]}},{"type":"Feature","properties":{"boundary_type":"transform","feature_type":"gpml:Transform","polarity":null,"overriding_plate_id":null,"subducting_plate_id":null,"plate_ids":[301,308],"name":"Neotethys transform 100Ma"},"geometry":{"type":"LineString","coordinates":[[41.883,28.261],[42.138,28.594],[42.394,28.926]]}},{"type":"Feature","properties":{"boundary_type":"subduction","feature_type":"gpml:SubductionZone","polarity":"Right","overriding_plate_id":308,"subducting_plate_id":301,"plate_ids":[301,308],"name":"Alpine Subduction"},"geometry":{"type":"LineString","coordinates":[[13.624,32.657],[14.114,32.769],[14.606,32.879],[15.1,33.093],[15.596,33.305],[16.095,33.516],[16.596,33.724],[17.099,33.931],[17.605,34.135],[18.113,34.337],[18.373,34.594],[18.634,34.85],[18.897,35.105],[19.365,35.311],[19.835,35.514],[20.379,35.661],[20.925,35.804],[21.473,35.946],[21.872,35.627],[22.267,35.307],[22.66,34.986],[23.05,34.664],[23.436,34.34],[23.82,34.015],[24.201,33.689],[24.578,33.362],[24.953,33.034]]}},{"type":"Feature","properties":{"boundary_type":"subduction","feature_type":"gpml:SubductionZone","polarity":"Left","overriding_plate_id":304,"subducting_plate_id":308,"plate_ids":[304,308],"name":"Sub. East Ligurian Ocean"},"geometry":{"type":"LineString","coordinates":[[7.592,25.149],[7.998,25.356],[8.406,25.562],[8.816,25.766],[9.226,25.97],[9.656,26.248],[10.089,26.524],[10.523,26.799],[10.959,27.072],[11.462,27.197],[11.966,27.319],[12.472,27.439],[12.978,27.558],[13.486,27.675],[13.994,27.79],[13.994,28.287],[13.993,28.784],[13.992,29.281],[13.992,29.777],[13.993,30.267],[13.995,30.757],[13.997,31.246],[13.998,31.736],[13.812,32.197],[13.624,32.657]]}}]}