{"type":"FeatureCollection","meta":{"model":"Cao2024","reconstruction_time_ma":65.0,"anchor_plate_id":0,"pygplates_version":"1.0.0","tessellate_degrees":0.5,"polarity_convention":"gpml:subductionPolarity. 'Left'/'Right' names the side of the line, in vertex order, on which the OVERRIDING plate lies. Triangles are drawn on that side.","antimeridian":"Lines are NOT split at +/-180 deg. The renderer works in 3D unit vectors where the dateline is not special; splitting would only add spurious breaks. Do not treat this as RFC 7946 GIS-ready 2D data."},"features":[{"type":"Feature","properties":{"boundary_type":"other","feature_type":"gpml:FractureZone","polarity":null,"overriding_plate_id":null,"subducting_plate_id":null,"plate_ids":[501,701],"name":"Owen FZ from NUVEL file, DB 04-2007"},"geometry":{"type":"LineString","coordinates":[[50.331,-21.063],[50.546,-20.717],[50.775,-20.295],[51.002,-19.872],[51.229,-19.45],[51.454,-19.027],[51.678,-18.604],[51.901,-18.18],[52.123,-17.756],[52.344,-17.332],[52.564,-16.908],[52.783,-16.484],[53.0,-16.059],[53.217,-15.634],[53.434,-15.209],[53.649,-14.784],[53.851,-14.355],[54.052,-13.926],[54.252,-13.497],[54.452,-13.067],[54.651,-12.638],[54.849,-12.208],[55.047,-11.778],[55.244,-11.348],[55.44,-10.918],[55.636,-10.488],[55.831,-10.057],[56.026,-9.627],[56.221,-9.196],[56.414,-8.766],[56.608,-8.335],[56.801,-7.904],[56.996,-7.473],[57.19,-7.042],[57.384,-6.611],[57.578,-6.18],[57.771,-5.749],[57.964,-5.317],[58.157,-4.886],[58.35,-4.455],[58.542,-4.023],[58.734,-3.592],[58.926,-3.16],[59.108,-2.706],[59.29,-2.252],[59.471,-1.798],[59.653,-1.343],[59.834,-0.889],[60.015,-0.435],[60.196,0.02],[60.378,0.474],[60.559,0.928],[60.593,1.002]]}},{"type":"Feature","properties":{"boundary_type":"other","feature_type":"gpml:FractureZone","polarity":null,"overriding_plate_id":null,"subducting_plate_id":null,"plate_ids":[529,701],"name":"Owen FZ from NUVEL file, DB 04-2007"},"geometry":{"type":"LineString","coordinates":[[60.593,1.002],[60.794,1.442],[60.996,1.882],[61.198,2.321],[61.4,2.761],[61.602,3.201],[61.805,3.64],[62.007,4.08],[62.195,4.521],[62.384,4.962],[62.572,5.402],[62.761,5.843],[62.95,6.284],[63.139,6.724],[63.329,7.165],[63.519,7.605],[63.709,8.045],[63.9,8.486],[64.04,8.954],[64.18,9.423],[64.32,9.891],[64.461,10.359],[64.602,10.828],[64.744,11.296],[64.886,11.764],[65.028,12.232],[65.171,12.7],[65.315,13.168],[65.459,13.636],[65.602,14.096],[65.746,14.555],[65.89,15.015],[66.035,15.475],[66.181,15.935],[66.327,16.394],[66.474,16.854],[66.622,17.313],[66.771,17.772],[66.92,18.231],[67.07,18.69],[67.221,19.149]]}},{"type":"Feature","properties":{"boundary_type":"other","feature_type":"gpml:FractureZone","polarity":null,"overriding_plate_id":null,"subducting_plate_id":null,"plate_ids":[301,529],"name":"Owen FZ from NUVEL file, DB 04-2007"},"geometry":{"type":"LineString","coordinates":[[67.221,19.149],[67.247,19.228],[67.335,19.502],[67.423,19.775]]}},{"type":"Feature","properties":{"boundary_type":"other","feature_type":"gpml:InferredPaleoBoundary","polarity":null,"overriding_plate_id":null,"subducting_plate_id":null,"plate_ids":[201,802],"name":"ANT SAM 120 025 TF"},"geometry":{"type":"LineString","coordinates":[[-60.448,-63.893],[-59.823,-63.621],[-59.35,-63.418],[-58.883,-63.214],[-58.416,-62.955],[-57.958,-62.694],[-57.504,-62.395],[-57.06,-62.095],[-56.732,-61.901]]}},{"type":"Feature","properties":{"boundary_type":"other","feature_type":"gpml:InferredPaleoBoundary","polarity":null,"overriding_plate_id":null,"subducting_plate_id":null,"plate_ids":[101,301],"name":"NAM EUR 090 055"},"geometry":{"type":"LineString","coordinates":[[11.803,68.102],[12.459,68.444],[13.107,68.843],[13.777,69.239],[14.59,69.573],[15.429,69.903],[16.294,70.229],[17.186,70.551],[17.773,70.881],[18.38,71.21],[19.007,71.537],[20.468,71.729],[21.958,71.91],[23.475,72.079],[24.768,72.355],[26.099,72.622],[27.47,72.88],[28.368,73.141],[29.293,73.397],[30.245,73.649],[31.269,73.957],[32.331,74.261],[33.434,74.559],[34.923,74.687],[36.435,74.805],[37.993,74.873],[39.563,74.93],[41.144,74.976],[42.453,75.152],[43.791,75.32],[45.159,75.481],[46.556,75.633],[48.134,75.908],[49.773,76.173],[51.473,76.427],[53.424,76.554],[55.409,76.666],[57.424,76.762],[59.565,76.811],[61.718,76.841],[63.879,76.854],[65.74,76.919],[67.617,76.97],[69.507,77.008],[71.405,77.032],[73.309,77.043],[75.325,77.01],[77.328,76.962],[79.315,76.899],[81.28,76.821],[83.439,76.766],[85.576,76.693],[87.688,76.602],[89.769,76.493],[91.89,76.439],[93.99,76.367],[96.067,76.277]]}},{"type":"Feature","properties":{"boundary_type":"other","feature_type":"gpml:InferredPaleoBoundary","polarity":null,"overriding_plate_id":null,"subducting_plate_id":null,"plate_ids":[301,409],"name":"NAM EUR 090 055"},"geometry":{"type":"LineString","coordinates":[[96.067,76.277],[98.116,76.171],[100.132,76.047],[102.111,75.907],[103.724,75.764],[105.304,75.61],[106.85,75.445],[108.361,75.271],[109.837,75.087],[111.614,74.922],[113.351,74.743],[115.048,74.551],[116.703,74.346],[118.315,74.129],[119.883,73.901],[121.408,73.662],[122.889,73.411],[124.326,73.151],[125.71,72.869],[127.05,72.579],[128.347,72.279],[129.601,71.971],[130.814,71.656],[131.771,71.356],[132.698,71.051],[133.597,70.742],[134.468,70.428],[135.313,70.111],[136.323,69.771],[137.301,69.425],[138.247,69.074],[139.164,68.717],[139.828,68.374],[140.473,68.029],[141.099,67.681],[141.707,67.33],[142.464,67.011],[143.201,66.688],[143.919,66.361],[144.619,66.031],[145.3,65.699],[145.965,65.363],[146.711,64.978],[147.436,64.589],[148.14,64.197],[148.785,63.856]]}},{"type":"Feature","properties":{"boundary_type":"other","feature_type":"gpml:InferredPaleoBoundary","polarity":null,"overriding_plate_id":null,"subducting_plate_id":null,"plate_ids":[841,901],"name":"SS ThroughSthNewZealand EmeraldFZ"},"geometry":{"type":"LineString","coordinates":[[-158.449,-47.697],[-158.181,-48.038],[-157.91,-48.379],[-157.635,-48.719]]}},{"type":"Feature","properties":{"boundary_type":"other","feature_type":"gpml:InferredPaleoBoundary","polarity":null,"overriding_plate_id":null,"subducting_plate_id":null,"plate_ids":[833,901],"name":"SS ThroughSthNewZealand EmeraldFZ"},"geometry":{"type":"LineString","coordinates":[[-157.635,-48.719],[-157.411,-48.992],[-157.325,-49.37],[-157.237,-49.747],[-157.148,-50.124]]}},{"type":"Feature","properties":{"boundary_type":"other","feature_type":"gpml:InferredPaleoBoundary","polarity":null,"overriding_plate_id":null,"subducting_plate_id":null,"plate_ids":[833,901],"name":"SS ThroughSthNewZealand EmeraldFZ"},"geometry":{"type":"LineString","coordinates":[[-157.148,-50.124],[-157.039,-50.577],[-156.928,-51.031],[-156.815,-51.484],[-156.699,-51.938],[-156.581,-52.391],[-156.46,-52.844],[-156.746,-53.168],[-157.035,-53.492],[-157.525,-53.843],[-158.023,-54.192],[-158.529,-54.539],[-159.044,-54.884],[-159.568,-55.227],[-160.106,-55.599],[-160.655,-55.969],[-161.214,-56.337],[-161.784,-56.702],[-162.117,-57.034],[-162.456,-57.366],[-162.801,-57.697],[-163.152,-58.027],[-163.369,-58.388],[-163.589,-58.75],[-163.815,-59.111],[-164.045,-59.472],[-164.059,-59.934],[-164.073,-60.396],[-164.087,-60.858],[-164.102,-61.32],[-164.423,-61.766],[-164.754,-62.211],[-165.094,-62.655],[-165.445,-63.098],[-165.807,-63.54],[-166.18,-63.981],[-166.565,-64.421],[-166.858,-64.779]]}},{"type":"Feature","properties":{"boundary_type":"other","feature_type":"gpml:InferredPaleoBoundary","polarity":null,"overriding_plate_id":null,"subducting_plate_id":null,"plate_ids":[801,901],"name":"SS ThroughSthNewZealand EmeraldFZ"},"geometry":{"type":"LineString","coordinates":[[-166.858,-64.779],[-167.254,-65.247],[-167.664,-65.713],[-168.09,-66.179],[-168.531,-66.644],[-168.696,-66.695]]}},{"type":"Feature","properties":{"boundary_type":"ridge","feature_type":"gpml:MidOceanRidge","polarity":null,"overriding_plate_id":null,"subducting_plate_id":null,"plate_ids":[501,802],"name":"Ridge f iso on ANT at 67.7Ma"},"geometry":{"type":"LineString","coordinates":[[52.55,-49.311],[53.188,-49.412],[53.828,-49.51],[54.472,-49.604],[55.117,-49.695],[55.741,-49.986],[56.372,-50.274],[57.011,-50.558],[57.657,-50.839],[58.312,-51.116],[58.974,-51.389],[58.717,-51.734],[58.457,-52.077],[58.193,-52.42],[58.735,-52.612],[59.282,-52.8],[59.834,-52.987],[59.49,-53.369],[59.139,-53.75],[58.782,-54.131],[59.466,-54.342],[60.157,-54.549],[60.854,-54.753],[61.559,-54.952],[61.299,-55.322],[61.034,-55.692],[60.765,-56.061],[60.49,-56.429],[61.3,-56.643],[62.12,-56.851],[62.948,-57.054],[63.786,-57.251],[64.632,-57.443],[64.982,-56.992],[65.323,-56.541],[65.657,-56.088],[65.982,-55.635],[66.3,-55.18],[66.611,-54.725],[66.927,-54.263],[67.235,-53.8],[67.537,-53.336],[67.832,-52.872],[68.086,-52.426],[68.335,-51.979],[68.578,-51.532],[69.167,-51.656],[69.759,-51.777],[70.354,-51.895]]}},{"type":"Feature","properties":{"boundary_type":"ridge","feature_type":"gpml:MidOceanRidge","polarity":null,"overriding_plate_id":null,"subducting_plate_id":null,"plate_ids":[501,801],"name":"Ridge f iso on ANT at 67.7Ma"},"geometry":{"type":"LineString","coordinates":[[70.354,-51.895],[71.087,-52.035],[71.824,-52.171],[72.035,-51.716],[72.243,-51.261],[72.446,-50.806],[72.646,-50.35],[73.416,-50.427],[74.189,-50.498],[74.964,-50.565],[75.741,-50.626],[76.52,-50.683],[77.3,-50.734],[77.987,-50.828]]}},{"type":"Feature","properties":{"boundary_type":"ridge","feature_type":"gpml:MidOceanRidge","polarity":null,"overriding_plate_id":null,"subducting_plate_id":null,"plate_ids":[101,701],"name":"Ridge from iso A25 from NorthAmerica 55.9Ma"},"geometry":{"type":"LineString","coordinates":[[-12.104,28.326],[-12.247,28.08],[-12.673,28.235],[-13.101,28.388],[-13.53,28.54],[-13.96,28.691],[-14.208,28.401],[-14.454,28.11],[-14.902,28.21],[-15.351,28.307],[-15.624,27.967],[-15.895,27.626],[-16.164,27.284],[-16.432,26.942],[-16.908,27.033],[-17.384,27.122],[-17.627,26.802],[-17.869,26.482],[-18.11,26.162],[-18.35,25.841],[-18.805,25.936],[-19.26,26.029],[-19.436,25.833],[-19.611,25.638],[-20.149,25.747],[-20.687,25.854],[-21.227,25.959],[-21.534,25.594],[-21.84,25.229],[-22.079,25.284],[-22.35,24.945],[-22.619,24.605],[-22.887,24.265],[-23.153,23.924],[-23.418,23.583],[-23.912,23.678],[-24.406,23.771],[-24.901,23.862],[-25.28,23.531],[-25.656,23.199],[-26.031,22.866],[-26.404,22.533],[-26.775,22.198],[-27.078,21.786],[-27.379,21.373],[-27.678,20.96],[-27.976,20.545],[-28.272,20.131],[-28.566,19.716],[-28.925,19.786],[-29.284,19.854],[-29.496,19.523],[-29.707,19.192],[-29.918,18.86],[-29.472,18.78],[-29.027,18.7],[-29.276,18.289],[-29.524,17.878],[-29.771,17.466],[-30.017,17.054],[-30.262,16.642],[-30.505,16.23],[-30.748,15.817],[-30.507,15.761],[-30.716,15.397],[-30.925,15.033],[-31.134,14.669],[-31.341,14.305],[-31.476,14.331],[-31.679,13.935],[-31.881,13.538],[-32.082,13.141],[-32.283,12.744],[-32.483,12.347],[-32.683,11.95],[-32.881,11.553],[-33.08,11.156]]}},{"type":"Feature","properties":{"boundary_type":"ridge","feature_type":"gpml:MidOceanRidge","polarity":null,"overriding_plate_id":null,"subducting_plate_id":null,"plate_ids":[701,802],"name":"Ridge from iso from ANT at 67.7Ma"},"geometry":{"type":"LineString","coordinates":[[-5.571,-64.046],[-6.341,-64.089],[-7.114,-64.128]]}},{"type":"Feature","properties":{"boundary_type":"ridge","feature_type":"gpml:MidOceanRidge","polarity":null,"overriding_plate_id":null,"subducting_plate_id":null,"plate_ids":[201,802],"name":"Ridge from iso from ANT at 67.7Ma"},"geometry":{"type":"LineString","coordinates":[[-7.114,-64.128],[-7.323,-64.138],[-7.658,-64.019],[-8.397,-64.252],[-8.74,-64.127],[-9.507,-64.455],[-10.292,-64.779],[-10.964,-64.502],[-11.665,-64.768],[-12.38,-65.031],[-13.11,-65.29],[-13.853,-65.546],[-14.21,-65.36],[-14.972,-65.597],[-15.748,-65.83],[-16.538,-66.06],[-16.858,-65.915],[-17.695,-66.134],[-18.546,-66.348],[-19.411,-66.558],[-20.291,-66.762],[-20.991,-66.42],[-21.673,-66.075],[-22.336,-65.727],[-22.982,-65.376],[-23.674,-65.575],[-24.377,-65.77],[-25.091,-65.962],[-25.482,-65.732],[-26.383,-65.933],[-27.298,-66.129],[-28.227,-66.319],[-29.17,-66.503],[-30.126,-66.682],[-30.846,-66.438],[-31.551,-66.19],[-32.43,-66.322],[-33.319,-66.449],[-33.622,-66.337]]}},{"type":"Feature","properties":{"boundary_type":"ridge","feature_type":"gpml:MidOceanRidge","polarity":null,"overriding_plate_id":null,"subducting_plate_id":null,"plate_ids":[101,317],"name":"Porcupine MOR"},"geometry":{"type":"LineString","coordinates":[[-9.414,42.48],[-9.383,42.41],[-9.174,42.212],[-8.884,41.855],[-8.597,41.498],[-8.314,41.141],[-8.244,40.825],[-8.175,40.508],[-7.997,40.156],[-7.82,39.804],[-7.646,39.451],[-7.529,39.195],[-7.414,38.939],[-7.374,38.505],[-7.336,38.071],[-7.297,37.637],[-7.26,37.202],[-7.141,36.784],[-7.023,36.365],[-6.907,35.946],[-6.792,35.527],[-6.706,35.163]]}},{"type":"Feature","properties":{"boundary_type":"ridge","feature_type":"gpml:MidOceanRidge","polarity":null,"overriding_plate_id":null,"subducting_plate_id":null,"plate_ids":[101,304],"name":"Porcupine MOR"},"geometry":{"type":"LineString","coordinates":[[-6.706,35.163],[-6.665,34.988]]}},{"type":"Feature","properties":{"boundary_type":"ridge","feature_type":"gpml:MidOceanRidge","polarity":null,"overriding_plate_id":null,"subducting_plate_id":null,"plate_ids":[101,201],"name":"Ridge from iso A13 from SouthAmerica at 33.1Ma"},"geometry":{"type":"LineString","coordinates":[[-44.612,19.095],[-44.183,18.812],[-43.755,18.527],[-43.328,18.242],[-42.903,17.956],[-42.479,17.669],[-42.057,17.381],[-41.636,17.093],[-41.216,16.803],[-40.797,16.513],[-40.38,16.221],[-39.964,15.929],[-39.549,15.636],[-39.135,15.342],[-38.723,15.048],[-38.312,14.753],[-37.901,14.457],[-37.492,14.16],[-37.084,13.863],[-36.677,13.565],[-36.271,13.266],[-35.866,12.967],[-35.462,12.667],[-35.059,12.367],[-34.657,12.065],[-34.256,11.764],[-33.855,11.461],[-33.467,11.309],[-33.08,11.156]]}},{"type":"Feature","properties":{"boundary_type":"ridge","feature_type":"gpml:MidOceanRidge","polarity":null,"overriding_plate_id":null,"subducting_plate_id":null,"plate_ids":[201,701],"name":"Ridge from iso A13 from SouthAmerica at 33.1Ma"},"geometry":{"type":"LineString","coordinates":[[-33.08,11.156],[-32.951,11.104],[-32.579,10.959],[-32.207,10.813],[-31.836,10.666],[-31.465,10.52],[-31.543,10.064],[-31.62,9.609],[-31.698,9.153],[-31.775,8.698],[-31.851,8.242],[-31.5,8.069],[-31.149,7.895],[-31.263,7.537],[-30.906,7.369],[-31.014,6.94],[-31.121,6.51],[-30.684,6.322],[-30.247,6.133],[-29.81,5.944],[-29.374,5.754],[-28.938,5.564],[-28.502,5.374],[-28.562,5.072],[-28.622,4.77],[-28.413,4.689],[-28.476,4.437],[-28.54,4.186],[-28.339,4.098],[-28.378,3.841],[-28.417,3.585],[-28.179,3.488],[-27.941,3.392],[-28.05,2.961],[-27.602,2.785],[-27.154,2.608],[-26.706,2.432],[-26.258,2.255],[-26.286,2.038],[-25.872,1.902],[-25.459,1.766],[-25.045,1.63],[-25.062,1.531],[-24.665,1.387],[-24.269,1.244],[-24.312,0.894],[-23.986,0.804],[-23.66,0.713],[-23.688,0.501],[-23.277,0.365],[-22.867,0.229],[-22.456,0.093],[-22.046,-0.043],[-22.108,-0.438],[-22.171,-0.832],[-21.873,-0.916],[-21.576,-1.0],[-21.617,-1.39],[-21.659,-1.78],[-21.7,-2.17],[-21.741,-2.56],[-21.284,-2.69],[-20.827,-2.821],[-20.37,-2.951],[-19.913,-3.081],[-19.954,-3.529],[-19.995,-3.977],[-20.036,-4.425],[-20.078,-4.873],[-20.119,-5.321],[-19.78,-5.398],[-19.441,-5.474],[-19.448,-5.761],[-19.454,-6.049],[-19.017,-6.151],[-18.578,-6.253],[-18.14,-6.355],[-17.702,-6.456],[-17.263,-6.557],[-16.824,-6.657],[-16.385,-6.758],[-15.946,-6.857],[-15.91,-7.24],[-15.49,-7.324],[-15.069,-7.408],[-14.648,-7.492],[-14.614,-7.937],[-14.58,-8.381],[-14.546,-8.826],[-14.052,-8.879],[-13.557,-8.931],[-13.063,-8.982],[-12.568,-9.033],[-12.073,-9.083],[-11.578,-9.132],[-11.083,-9.181],[-10.587,-9.229],[-10.092,-9.276],[-9.596,-9.323],[-9.1,-9.369],[-8.604,-9.414],[-8.108,-9.458],[-7.612,-9.502],[-7.116,-9.545],[-6.62,-9.588],[-6.123,-9.63],[-6.091,-9.881],[-5.872,-9.901],[-5.811,-10.203],[-5.75,-10.506],[-5.435,-10.519],[-5.396,-10.778],[-4.91,-10.803],[-4.423,-10.828],[-3.937,-10.852],[-3.45,-10.875],[-2.963,-10.897],[-2.856,-11.337],[-2.749,-11.777],[-2.641,-12.218],[-2.532,-12.658],[-2.424,-13.098]]}},{"type":"Feature","properties":{"boundary_type":"ridge","feature_type":"gpml:MidOceanRidge","polarity":null,"overriding_plate_id":null,"subducting_plate_id":null,"plate_ids":[201,701],"name":"South America-Africa"},"geometry":{"type":"LineString","coordinates":[[-2.424,-13.098],[-2.829,-13.194],[-3.235,-13.289],[-3.641,-13.384],[-3.549,-13.825],[-3.457,-14.266],[-3.364,-14.708],[-3.272,-15.149],[-3.179,-15.59],[-3.085,-16.031],[-2.991,-16.472],[-2.897,-16.913],[-3.391,-16.941],[-3.886,-16.968],[-4.38,-16.994],[-4.875,-17.018],[-5.37,-17.042],[-5.393,-17.536],[-5.417,-18.031],[-5.44,-18.525],[-5.464,-19.019],[-5.488,-19.514],[-5.512,-20.008],[-5.536,-20.502],[-5.561,-20.997],[-5.585,-21.491],[-6.035,-21.501],[-6.484,-21.51],[-6.934,-21.517],[-7.384,-21.523],[-7.422,-21.952],[-7.46,-22.381],[-7.499,-22.81],[-7.538,-23.239],[-7.577,-23.668],[-7.616,-24.097],[-7.241,-24.098],[-6.865,-24.098],[-6.49,-24.097],[-6.484,-24.396],[-6.478,-24.695],[-6.194,-24.695],[-6.26,-25.149],[-6.327,-25.603],[-6.394,-26.057],[-6.33,-26.466],[-6.266,-26.876],[-6.201,-27.286],[-6.136,-27.696],[-5.8,-27.739],[-5.814,-28.188],[-5.828,-28.638],[-5.841,-29.088],[-5.855,-29.537],[-5.869,-29.987],[-5.884,-30.437],[-5.487,-30.426],[-5.091,-30.414],[-4.694,-30.401],[-4.689,-30.871],[-4.683,-31.34],[-5.231,-31.356],[-5.779,-31.37],[-5.821,-31.805],[-5.865,-32.24],[-6.213,-32.216],[-6.227,-32.64],[-6.713,-32.64],[-7.198,-32.638],[-7.228,-33.012],[-7.259,-33.385],[-7.289,-33.759],[-7.857,-33.736],[-7.905,-34.196],[-7.954,-34.657],[-8.372,-34.681],[-8.79,-34.704],[-8.839,-35.034],[-8.888,-35.363],[-9.483,-35.356],[-10.078,-35.346],[-10.146,-35.754],[-9.597,-35.763],[-9.047,-35.769],[-8.498,-35.773],[-8.52,-36.058],[-8.543,-36.343],[-8.12,-36.345],[-7.696,-36.346],[-7.272,-36.346],[-7.268,-36.763],[-7.263,-37.181],[-7.259,-37.598],[-7.255,-38.016],[-7.838,-37.999],[-7.897,-38.435],[-7.957,-38.872],[-8.018,-39.309],[-8.079,-39.745],[-8.142,-40.182],[-8.205,-40.619],[-8.268,-41.055],[-8.333,-41.492],[-8.889,-41.468],[-9.444,-41.442],[-9.998,-41.413],[-10.169,-41.84],[-10.657,-41.842],[-11.145,-41.842],[-11.26,-42.147],[-11.377,-42.452],[-11.866,-42.453],[-12.355,-42.452],[-12.505,-42.772],[-12.658,-43.091],[-12.811,-43.411],[-13.23,-43.41],[-13.649,-43.407],[-13.812,-43.754],[-13.977,-44.1],[-14.144,-44.446],[-14.757,-44.433],[-15.37,-44.416],[-15.421,-44.884],[-15.472,-45.353],[-15.525,-45.821],[-15.578,-46.29],[-15.633,-46.758],[-15.688,-47.226],[-15.745,-47.694],[-15.081,-47.714],[-15.103,-48.143],[-15.125,-48.573],[-15.147,-49.002],[-15.62,-48.983],[-16.093,-48.963],[-16.175,-49.448],[-16.259,-49.932],[-16.767,-49.896],[-16.866,-50.391],[-16.967,-50.886],[-17.07,-51.38],[-16.636,-51.422],[-16.201,-51.463],[-16.379,-51.843],[-16.56,-52.224],[-16.744,-52.604],[-16.931,-52.983],[-16.516,-53.008],[-16.099,-53.031],[-16.309,-53.426],[-16.524,-53.82],[-16.742,-54.214],[-16.3,-54.241],[-15.858,-54.266],[-15.921,-54.654],[-15.985,-55.041],[-16.051,-55.429],[-15.618,-55.477],[-15.704,-55.915],[-15.792,-56.353]]}},{"type":"Feature","properties":{"boundary_type":"subduction","feature_type":"gpml:SubductionZone","polarity":"Right","overriding_plate_id":804,"subducting_plate_id":814,"plate_ids":[804,814],"name":"ANT NAZ 060 015 TF"},"geometry":{"type":"LineString","coordinates":[[-98.002,-65.503],[-97.723,-65.485],[-96.944,-65.436],[-96.167,-65.382]]}},{"type":"Feature","properties":{"boundary_type":"subduction","feature_type":"gpml:SubductionZone","polarity":"Right","overriding_plate_id":802,"subducting_plate_id":814,"plate_ids":[802,814],"name":"ANT NAZ 060 015 TF"},"geometry":{"type":"LineString","coordinates":[[-96.167,-65.382],[-95.34,-65.32],[-94.22,-65.163],[-93.538,-65.156],[-92.857,-65.146]]}},{"type":"Feature","properties":{"boundary_type":"subduction","feature_type":"gpml:SubductionZone","polarity":"Right","overriding_plate_id":802,"subducting_plate_id":904,"plate_ids":[802,904],"name":"ANT NAZ 060 015 TF"},"geometry":{"type":"LineString","coordinates":[[-92.857,-65.146],[-92.302,-65.136],[-91.548,-65.145],[-90.794,-65.15],[-90.143,-64.979],[-89.501,-64.806],[-88.577,-64.508],[-87.673,-64.204],[-86.789,-63.895],[-85.954,-63.682],[-85.131,-63.465],[-84.321,-63.242],[-83.391,-62.984],[-82.478,-62.72],[-81.823,-62.481],[-81.178,-62.238],[-80.38,-61.946],[-79.598,-61.65],[-78.818,-61.332],[-78.055,-61.01],[-77.324,-60.87],[-76.6,-60.727],[-75.751,-60.651],[-74.907,-60.569],[-74.066,-60.482],[-73.511,-60.375],[-72.96,-60.266],[-72.274,-60.173],[-71.591,-60.076],[-70.912,-59.975],[-70.238,-59.871],[-69.598,-59.668],[-68.966,-59.462],[-68.286,-59.321]]}},{"type":"Feature","properties":{"boundary_type":"subduction","feature_type":"gpml:SubductionZone","polarity":"Left","overriding_plate_id":301,"subducting_plate_id":501,"plate_ids":[301,501],"name":"Indonesian bndy w AUS-mg"},"geometry":{"type":"LineString","coordinates":[[93.888,9.229],[93.945,9.121],[94.227,8.77],[94.508,8.419],[94.789,8.067],[95.069,7.715],[95.349,7.363],[95.742,7.061],[96.134,6.759],[96.526,6.457],[96.917,6.154],[97.308,5.851],[97.699,5.548],[98.089,5.245],[98.328,4.92],[98.566,4.596],[98.804,4.272],[99.042,3.948],[99.398,3.607],[99.753,3.267],[100.109,2.926],[100.464,2.585],[100.819,2.244],[101.231,2.037],[101.642,1.831],[102.053,1.624],[102.465,1.417],[102.876,1.21],[103.287,1.003],[103.698,0.795],[104.109,0.588],[104.52,0.381],[104.931,0.174],[105.301,-0.115],[105.672,-0.404],[106.042,-0.693],[106.413,-0.982],[106.784,-1.27],[107.154,-1.559],[107.525,-1.848],[107.896,-2.136],[108.267,-2.425],[108.679,-2.547],[109.091,-2.67],[109.503,-2.793],[109.915,-2.915],[110.327,-3.037],[110.739,-3.16],[111.226,-3.199],[111.713,-3.238],[112.197,-3.346],[112.68,-3.454],[113.164,-3.561],[113.648,-3.668],[114.132,-3.775],[114.446,-3.7]]}},{"type":"Feature","properties":{"boundary_type":"subduction","feature_type":"gpml:SubductionZone","polarity":"Right","overriding_plate_id":301,"subducting_plate_id":926,"plate_ids":[301,926],"name":"Japan sub zone fromEarthByte cob MG 4-20-07"},"geometry":{"type":"LineString","coordinates":[[138.532,58.724],[138.803,58.272],[139.067,57.819],[139.325,57.365],[139.577,56.911],[139.73,56.46],[139.88,56.008],[140.027,55.556],[140.17,55.104],[140.31,54.652],[140.368,54.212],[140.424,53.773],[140.479,53.333],[140.533,52.894],[140.586,52.454],[140.559,51.991],[140.534,51.528],[140.508,51.065],[140.588,50.631],[140.667,50.197],[140.744,49.763],[140.82,49.328],[140.894,48.894],[140.841,48.479],[140.789,48.064],[140.738,47.649],[140.688,47.235],[140.615,46.901],[140.544,46.567],[140.473,46.234],[140.28,45.832],[140.09,45.431],[139.902,45.029],[139.579,44.614],[139.261,44.198],[139.083,43.784],[138.907,43.37],[138.327,43.199],[137.751,43.025],[137.177,42.848],[136.607,42.668],[136.201,42.388],[135.798,42.106],[135.398,41.823],[135.003,41.539],[134.61,41.253],[134.151,40.941],[133.695,40.628],[133.244,40.313],[132.938,40.155],[132.633,39.995],[132.236,39.791],[131.842,39.586],[131.45,39.379],[131.055,39.089],[130.664,38.797],[130.319,38.487],[129.977,38.176],[129.638,37.863],[129.362,37.735],[129.087,37.606]]}},{"type":"Feature","properties":{"boundary_type":"subduction","feature_type":"gpml:SubductionZone","polarity":"Left","overriding_plate_id":301,"subducting_plate_id":501,"plate_ids":[301,501],"name":"Kalimantan (Bornea) - mg"},"geometry":{"type":"LineString","coordinates":[[114.446,-3.7],[114.744,-4.063],[115.043,-4.426],[115.342,-4.789],[115.642,-5.152],[115.941,-5.515],[116.241,-5.878],[116.542,-6.241],[116.843,-6.603],[117.144,-6.965],[117.446,-7.327],[117.817,-7.582],[118.189,-7.837],[118.561,-8.092],[119.048,-7.972],[119.535,-7.851],[120.021,-7.73],[120.508,-7.609],[120.993,-7.487],[121.324,-7.314],[121.655,-7.141],[121.986,-6.968]]}},{"type":"Feature","properties":{"boundary_type":"subduction","feature_type":"gpml:SubductionZone","polarity":"Left","overriding_plate_id":301,"subducting_plate_id":801,"plate_ids":[301,801],"name":"Kalimantan (Bornea) - mg"},"geometry":{"type":"LineString","coordinates":[[121.986,-6.968],[122.409,-6.745]]}},{"type":"Feature","properties":{"boundary_type":"subduction","feature_type":"gpml:SubductionZone","polarity":"Left","overriding_plate_id":301,"subducting_plate_id":780,"plate_ids":[301,780],"name":"Kalimantan (Bornea) - mg"},"geometry":{"type":"LineString","coordinates":[[122.409,-6.745],[122.806,-6.536],[123.202,-6.327],[123.599,-6.117],[123.994,-5.908],[124.399,-5.645],[124.804,-5.383],[125.208,-5.12],[125.612,-4.857],[126.015,-4.594],[126.418,-4.331],[126.821,-4.067]]}},{"type":"Feature","properties":{"boundary_type":"subduction","feature_type":"gpml:SubductionZone","polarity":"Left","overriding_plate_id":926,"subducting_plate_id":780,"plate_ids":[780,926],"name":"Kalimantan (Bornea) - mg"},"geometry":{"type":"LineString","coordinates":[[126.821,-4.067],[127.183,-3.83],[127.545,-3.592],[127.907,-3.355],[128.268,-3.117]]}},{"type":"Feature","properties":{"boundary_type":"subduction","feature_type":"gpml:SubductionZone","polarity":"Right","overriding_plate_id":881,"subducting_plate_id":901,"plate_ids":[881,901],"name":"MelanesiaVityaz DiCaprio"},"geometry":{"type":"LineString","coordinates":[[151.974,-18.852],[152.001,-18.855],[152.474,-18.999],[152.947,-19.141],[153.289,-19.259],[153.631,-19.377],[153.974,-19.494],[154.368,-19.736],[154.763,-19.977],[155.159,-20.217],[155.556,-20.456],[155.954,-20.695],[156.333,-20.925],[156.712,-21.155],[157.093,-21.383],[157.474,-21.611],[157.857,-21.838],[158.174,-22.157],[158.493,-22.475],[158.812,-22.793],[159.115,-23.05],[159.419,-23.307],[159.725,-23.562],[160.122,-23.668],[160.52,-23.772],[160.918,-23.875],[161.456,-23.87],[161.993,-23.863],[162.531,-23.854],[162.924,-23.998],[163.319,-24.14],[163.714,-24.282],[164.111,-24.422],[164.538,-24.488],[164.967,-24.552],[165.395,-24.615],[165.688,-24.806],[165.982,-24.996],[166.38,-25.031],[166.779,-25.065],[167.177,-25.099],[167.535,-25.208],[167.894,-25.318],[168.266,-25.633],[168.639,-25.948],[169.015,-26.262]]}},{"type":"Feature","properties":{"boundary_type":"subduction","feature_type":"gpml:SubductionZone","polarity":"Right","overriding_plate_id":101,"subducting_plate_id":902,"plate_ids":[101,902],"name":"Western NAM subduction"},"geometry":{"type":"LineString","coordinates":[[-76.212,23.813],[-76.605,24.051],[-77.0,24.288],[-77.367,24.608],[-77.737,24.927],[-78.108,25.245],[-78.481,25.562],[-78.856,25.878],[-79.233,26.194],[-79.612,26.508],[-79.736,26.987],[-79.861,27.466],[-79.988,27.944],[-80.115,28.423],[-80.244,28.901],[-80.373,29.38],[-80.622,29.777],[-80.873,30.175],[-81.126,30.571],[-81.381,30.968],[-81.638,31.363],[-81.897,31.759],[-82.095,32.069],[-82.295,32.379],[-82.496,32.688],[-82.662,33.067],[-82.83,33.445],[-83.0,33.823],[-83.171,34.201],[-83.287,34.533],[-83.404,34.865],[-83.521,35.197],[-83.698,35.57],[-83.875,35.943],[-84.055,36.315],[-84.132,36.666],[-84.21,37.017],[-84.288,37.367],[-84.393,37.756],[-84.498,38.145],[-84.604,38.533],[-84.712,38.921],[-84.778,39.391],[-84.845,39.861],[-85.157,40.268],[-85.472,40.674],[-85.792,41.079],[-86.115,41.482],[-86.428,41.73],[-86.743,41.977],[-87.061,42.223],[-87.463,42.504],[-87.869,42.784],[-88.279,43.062],[-88.516,43.361],[-88.755,43.66],[-89.125,44.011],[-89.499,44.361],[-89.886,44.565],[-90.275,44.768],[-90.668,44.969],[-90.793,45.338],[-90.919,45.706],[-91.047,46.074],[-91.361,46.521],[-91.68,46.968],[-92.004,47.413],[-92.259,47.793],[-92.517,48.173],[-92.778,48.552],[-93.044,48.93],[-93.314,49.308],[-93.436,49.734],[-93.56,50.16],[-93.686,50.585],[-93.814,51.011],[-93.943,51.389],[-94.075,51.766],[-94.208,52.144],[-94.344,52.521],[-94.171,52.975],[-93.995,53.429],[-93.815,53.883],[-93.631,54.337],[-93.279,54.793],[-92.919,55.247],[-92.551,55.701],[-92.174,56.153],[-91.745,56.582],[-91.306,57.009],[-90.857,57.435],[-90.397,57.859],[-90.34,57.959]]}},{"type":"Feature","properties":{"boundary_type":"subduction","feature_type":"gpml:SubductionZone","polarity":"Right","overriding_plate_id":101,"subducting_plate_id":918,"plate_ids":[101,918],"name":"Western NAM subduction"},"geometry":{"type":"LineString","coordinates":[[-90.34,57.959],[-90.105,58.365],[-89.865,58.771],[-89.618,59.176],[-89.366,59.581],[-89.108,59.986],[-88.843,60.39],[-89.238,60.777],[-89.642,61.162],[-90.056,61.547],[-90.481,61.93],[-90.994,62.235],[-91.518,62.539],[-92.053,62.84],[-92.599,63.139],[-92.824,63.533],[-93.055,63.927],[-93.465,64.359],[-93.887,64.789],[-94.209,65.099],[-94.539,65.409],[-94.876,65.717],[-95.189,66.124],[-95.571,66.589],[-95.968,67.053],[-96.104,67.412],[-96.244,67.771],[-96.388,68.129],[-96.371,68.561],[-96.353,68.992],[-96.407,69.326],[-96.463,69.661],[-96.521,69.996],[-96.767,70.377],[-96.421,70.838],[-96.679,71.215],[-96.68,71.571],[-97.022,72.042],[-97.694,72.49],[-97.987,72.688],[-98.304,73.063],[-98.813,73.404],[-99.16,73.777],[-99.461,74.235],[-99.602,74.485],[-99.747,74.735],[-99.716,74.998],[-99.684,75.261],[-99.731,75.698],[-99.78,76.135]]}},{"type":"Feature","properties":{"boundary_type":"other","feature_type":"gpml:TerraneBoundary","polarity":null,"overriding_plate_id":null,"subducting_plate_id":null,"plate_ids":[802,901],"name":"E/W ANT"},"geometry":{"type":"LineString","coordinates":[[-171.092,-66.593],[-170.664,-66.766],[-169.883,-66.988],[-169.577,-67.061]]}},{"type":"Feature","properties":{"boundary_type":"other","feature_type":"gpml:TerraneBoundary","polarity":null,"overriding_plate_id":null,"subducting_plate_id":null,"plate_ids":[802,804],"name":"E/W ANT"},"geometry":{"type":"LineString","coordinates":[[-169.577,-67.061],[-169.399,-67.102],[-168.97,-67.275],[-168.982,-67.627],[-169.095,-67.918],[-169.257,-68.24],[-169.41,-68.532],[-169.666,-68.848],[-169.896,-69.152],[-170.218,-69.509],[-170.445,-69.721],[-170.501,-70.042],[-170.486,-70.315],[-170.453,-70.618],[-170.677,-70.861],[-170.778,-71.206],[-170.806,-71.563],[-170.912,-71.836],[-170.944,-72.229],[-170.877,-72.629],[-170.391,-73.034],[-169.684,-73.295],[-169.063,-73.5],[-168.427,-73.702],[-167.721,-73.889],[-166.999,-74.073],[-165.938,-74.285],[-164.849,-74.492],[-163.623,-74.663],[-162.371,-74.827],[-161.041,-74.968],[-159.687,-75.102],[-158.053,-75.278],[-156.381,-75.442],[-154.796,-75.675],[-153.161,-75.896],[-151.878,-76.078],[-150.563,-76.253],[-149.215,-76.421],[-147.651,-76.62],[-146.041,-76.809],[-144.387,-76.987],[-142.478,-77.152],[-140.522,-77.302],[-138.769,-77.382],[-136.996,-77.451],[-135.205,-77.508],[-133.004,-77.558],[-130.789,-77.591],[-128.565,-77.606],[-126.355,-77.525],[-124.175,-77.426],[-122.542,-77.304],[-120.94,-77.172],[-119.371,-77.03],[-118.103,-76.857],[-116.867,-76.677],[-115.663,-76.492],[-114.254,-76.171],[-112.907,-75.842],[-111.621,-75.506],[-110.423,-75.199],[-109.273,-74.886],[-108.329,-74.562],[-107.423,-74.234],[-106.553,-73.903],[-105.656,-73.557],[-104.794,-73.209],[-103.967,-72.856],[-102.972,-72.517],[-102.013,-72.172],[-101.09,-71.823],[-100.267,-71.397],[-99.48,-70.968],[-98.944,-70.669],[-98.424,-70.368],[-97.919,-70.066],[-97.417,-69.601],[-96.936,-69.134],[-96.626,-68.764],[-96.326,-68.394],[-96.096,-67.947],[-95.875,-67.499],[-95.904,-67.165],[-95.931,-66.83],[-95.958,-66.496],[-96.032,-66.011],[-96.104,-65.525],[-96.167,-65.382]]}},{"type":"Feature","properties":{"boundary_type":"other","feature_type":"gpml:TerraneBoundary","polarity":null,"overriding_plate_id":null,"subducting_plate_id":null,"plate_ids":[101,102],"name":"North Greenland boundary"},"geometry":{"type":"LineString","coordinates":[[-2.361,67.576],[-1.411,67.804],[-0.443,68.027],[0.878,68.079],[2.206,68.121],[3.537,68.152],[4.466,68.259],[5.404,68.361],[6.35,68.457],[7.101,68.58],[7.86,68.699],[8.692,68.503],[9.349,68.427],[10.001,68.348],[10.748,68.287],[11.492,68.222],[11.803,68.102]]}},{"type":"Feature","properties":{"boundary_type":"other","feature_type":"gpml:TerraneBoundary","polarity":null,"overriding_plate_id":null,"subducting_plate_id":null,"plate_ids":[102,301],"name":"North Greenland boundary"},"geometry":{"type":"LineString","coordinates":[[11.803,68.102],[12.468,67.839],[13.117,67.574],[14.045,67.245],[14.948,66.911],[15.61,66.6],[16.257,66.287],[16.643,65.928],[17.018,65.568],[17.382,65.208],[17.737,64.847],[18.047,64.393],[18.346,63.938],[18.636,63.483],[18.917,63.027],[19.189,62.57],[19.453,62.113],[19.731,61.771]]}},{"type":"Feature","properties":{"boundary_type":"transform","feature_type":"gpml:Transform","polarity":null,"overriding_plate_id":null,"subducting_plate_id":null,"plate_ids":[101,301],"name":"North Porcupine Transform"},"geometry":{"type":"LineString","coordinates":[[-11.147,42.409],[-10.636,42.364],[-10.025,42.424],[-9.414,42.48]]}},{"type":"Feature","properties":{"boundary_type":"transform","feature_type":"gpml:Transform","polarity":null,"overriding_plate_id":null,"subducting_plate_id":null,"plate_ids":[301,317],"name":"North Porcupine Transform"},"geometry":{"type":"LineString","coordinates":[[-9.414,42.48],[-9.066,42.511],[-8.718,42.54],[-8.213,42.631],[-7.834,42.661],[-7.454,42.691],[-6.912,42.661],[-6.594,42.409],[-6.278,42.156],[-6.099,41.922],[-5.921,41.688],[-5.751,41.409],[-5.583,41.13],[-5.44,40.867],[-5.297,40.604],[-5.131,40.294],[-4.966,39.984],[-4.818,39.701],[-4.67,39.418],[-4.379,39.044],[-4.091,38.668],[-3.806,38.292],[-3.33,38.1],[-2.856,37.906],[-2.384,37.71],[-1.915,37.512],[-1.448,37.312],[-0.984,37.11],[-0.505,36.839],[-0.029,36.566],[0.443,36.29],[0.912,36.013],[1.377,35.735],[1.84,35.454],[2.299,35.172],[2.755,34.888],[3.208,34.602],[3.523,34.238],[3.835,33.874],[4.144,33.509],[4.452,33.143]]}},{"type":"Feature","properties":{"boundary_type":"subduction","feature_type":"gpml:SubductionZone","polarity":"Left","overriding_plate_id":301,"subducting_plate_id":701,"plate_ids":[301,701],"name":"Tethyan Subduction after Afghan block Accretion AG 2012"},"geometry":{"type":"LineString","coordinates":[[43.09,27.559],[43.642,27.594],[44.194,27.626],[44.747,27.656],[45.3,27.684],[45.853,27.71],[46.382,27.642],[46.91,27.572],[47.438,27.5],[47.965,27.427],[48.306,27.212],[48.645,26.996],[48.983,26.78],[49.371,26.471],[49.758,26.162],[50.142,25.851],[50.589,25.723],[51.035,25.594],[51.48,25.464],[51.89,25.171],[52.298,24.877],[52.704,24.582],[53.105,24.41],[53.505,24.237],[53.889,24.017],[54.271,23.796],[54.53,23.547],[54.787,23.297],[55.043,23.047],[55.413,22.946],[55.781,22.845],[56.15,22.743],[56.524,22.385],[56.896,22.027],[57.169,21.733],[57.44,21.438],[57.71,21.143],[58.113,20.984],[58.589,21.075],[59.066,21.165],[59.327,21.005],[59.586,20.844],[59.726,20.481],[59.866,20.117],[60.005,19.753],[60.514,19.627],[61.021,19.5],[61.528,19.371],[62.034,19.241],[62.286,19.272]]}},{"type":"Feature","properties":{"boundary_type":"subduction","feature_type":"gpml:SubductionZone","polarity":"Left","overriding_plate_id":301,"subducting_plate_id":701,"plate_ids":[301,701],"name":"Subduction Zone - A Gibbons Phd 2012"},"geometry":{"type":"LineString","coordinates":[[62.286,19.272],[62.646,19.002],[63.004,18.73],[63.361,18.458],[63.842,18.549],[64.323,18.638],[64.805,18.727],[65.287,18.814],[65.77,18.899],[66.253,18.984],[66.737,19.067],[67.221,19.149]]}},{"type":"Feature","properties":{"boundary_type":"ridge","feature_type":"gpml:MidOceanRidge","polarity":null,"overriding_plate_id":null,"subducting_plate_id":null,"plate_ids":[501,801],"name":"MOR India Australia A Gibbons 2012"},"geometry":{"type":"LineString","coordinates":[[121.986,-6.968],[122.1,-7.437],[122.215,-7.905],[121.74,-8.073],[121.265,-8.239],[120.789,-8.406],[120.313,-8.571],[119.837,-8.736],[119.36,-8.901],[118.883,-9.065],[118.405,-9.228],[118.455,-9.649],[118.505,-10.069],[118.555,-10.49],[118.606,-10.911],[118.656,-11.331],[118.707,-11.752],[118.234,-11.782],[117.761,-11.811],[117.288,-11.839],[116.815,-11.867],[116.342,-11.894],[115.869,-11.92],[115.396,-11.945],[114.922,-11.969],[114.449,-11.993],[113.975,-12.016],[113.501,-12.038],[113.028,-12.059],[112.554,-12.08],[112.537,-12.481],[112.519,-12.883],[112.502,-13.285],[112.484,-13.686],[112.467,-14.088],[111.992,-14.191],[111.517,-14.293],[111.041,-14.394],[110.565,-14.494],[110.088,-14.593],[109.612,-14.691],[109.134,-14.788],[109.194,-15.265],[109.253,-15.741],[109.314,-16.217],[109.374,-16.693],[109.435,-17.169],[109.495,-17.646],[109.557,-18.122],[109.618,-18.598],[109.68,-19.074],[109.743,-19.55],[109.805,-20.026],[109.32,-20.066],[108.835,-20.104],[108.349,-20.141],[107.863,-20.177],[107.377,-20.212],[107.006,-20.253],[106.634,-20.294],[106.263,-20.335],[106.284,-20.827],[106.305,-21.32],[106.326,-21.812],[106.347,-22.305],[106.368,-22.798],[106.39,-23.29],[106.412,-23.783],[106.434,-24.275],[106.456,-24.768],[106.478,-25.26],[106.5,-25.753],[106.523,-26.246],[105.974,-26.27],[105.426,-26.292],[104.877,-26.312],[104.328,-26.329],[103.779,-26.345],[103.229,-26.359],[102.68,-26.37],[102.13,-26.38],[101.58,-26.387],[101.031,-26.392],[100.481,-26.395],[99.931,-26.396],[99.381,-26.395],[99.34,-26.88],[99.299,-27.366],[99.257,-27.851],[99.214,-28.336],[99.172,-28.821],[99.129,-29.306],[99.085,-29.791],[99.041,-30.276],[98.997,-30.761],[98.952,-31.246],[98.907,-31.731],[98.861,-32.217],[98.272,-32.241],[97.683,-32.262],[97.094,-32.281],[96.505,-32.297],[95.915,-32.311],[95.325,-32.321],[94.735,-32.329],[94.145,-32.334],[94.152,-32.696],[94.159,-33.058],[93.699,-33.037],[93.24,-33.015],[92.78,-32.991],[92.71,-33.479],[92.64,-33.966],[92.568,-34.454],[92.496,-34.941],[92.422,-35.429],[92.348,-35.916],[92.273,-36.404],[92.197,-36.891],[92.12,-37.378],[92.042,-37.866],[91.963,-38.353],[91.883,-38.84],[91.279,-38.789],[90.676,-38.735],[90.073,-38.678],[89.472,-38.617],[89.38,-39.061],[89.287,-39.504],[89.193,-39.948],[89.098,-40.391],[89.001,-40.834],[88.903,-41.277],[88.804,-41.72],[88.189,-41.699],[87.574,-41.674],[86.961,-41.646],[86.347,-41.614],[85.735,-41.579],[85.123,-41.541],[85.114,-41.958],[84.562,-41.893],[84.012,-41.825],[83.462,-41.754],[82.914,-41.681],[82.837,-42.107],[82.759,-42.532],[82.68,-42.957],[82.6,-43.382],[82.519,-43.806],[81.891,-43.778],[81.264,-43.745],[80.637,-43.709],[80.481,-44.186],[80.323,-44.662],[80.162,-45.138],[79.998,-45.614],[79.831,-46.089],[79.661,-46.564],[79.489,-47.039],[79.313,-47.514],[79.134,-47.988],[78.952,-48.462],[78.766,-48.936],[78.577,-49.41],[78.384,-49.883],[78.187,-50.356],[77.987,-50.828]]}},{"type":"Feature","properties":{"boundary_type":"other","feature_type":"gpml:Fault","polarity":null,"overriding_plate_id":null,"subducting_plate_id":null,"plate_ids":[101,409],"name":"Alaska"},"geometry":{"type":"LineString","coordinates":[[-151.476,71.254],[-151.365,71.722],[-151.248,72.19],[-151.124,72.657],[-150.974,73.106],[-150.816,73.555],[-150.649,74.003],[-150.473,74.452],[-150.286,74.9],[-150.089,75.348],[-149.879,75.796],[-149.656,76.244],[-150.067,76.701],[-150.506,77.156],[-150.978,77.611],[-151.485,78.066],[-152.031,78.519],[-152.621,78.971],[-153.262,79.422],[-153.958,79.871],[-154.718,80.319],[-155.551,80.765],[-158.026,81.049],[-160.656,81.316],[-163.446,81.564],[-166.396,81.79],[-169.504,81.995],[-172.763,82.174],[-176.163,82.328],[-179.111,82.421],[177.876,82.493],[174.814,82.545],[171.718,82.576],[168.605,82.584],[164.972,82.52],[161.415,82.426],[157.957,82.303],[154.618,82.155],[151.413,81.98],[148.352,81.782],[145.442,81.563],[142.782,81.363],[140.248,81.146],[137.838,80.913],[135.551,80.664],[133.385,80.402],[131.336,80.127],[129.399,79.84],[127.569,79.543],[125.215,79.374],[122.937,79.189],[120.738,78.987],[118.62,78.77],[116.584,78.538],[114.63,78.293],[112.757,78.036],[110.549,77.889],[108.396,77.726],[106.302,77.546],[104.268,77.35],[102.298,77.139],[100.393,76.915],[98.552,76.676],[96.777,76.425],[96.067,76.277]]}},{"type":"Feature","properties":{"boundary_type":"subduction","feature_type":"gpml:SubductionZone","polarity":"Left","overriding_plate_id":301,"subducting_plate_id":926,"plate_ids":[301,926],"name":"Koryak-Kamchatka Subduction Zone Test GS"},"geometry":{"type":"LineString","coordinates":[[138.532,58.724],[139.181,59.078],[139.843,59.428],[140.518,59.774],[141.208,60.117],[141.913,60.457],[142.515,60.803],[143.131,61.146],[143.76,61.486],[144.403,61.823],[145.06,62.157],[145.732,62.488],[146.419,62.815],[147.121,63.14],[147.839,63.46],[148.573,63.777],[148.785,63.856]]}},{"type":"Feature","properties":{"boundary_type":"subduction","feature_type":"gpml:SubductionZone","polarity":"Left","overriding_plate_id":409,"subducting_plate_id":926,"plate_ids":[409,926],"name":"Koryak-Kamchatka Subduction Zone Test GS"},"geometry":{"type":"LineString","coordinates":[[148.785,63.856],[149.583,64.146],[150.398,64.432],[151.23,64.713],[152.08,64.989],[152.947,65.26],[153.832,65.526],[154.734,65.787],[155.483,66.146],[156.253,66.501],[157.046,66.852],[157.861,67.199],[158.451,67.615],[159.062,68.029],[159.695,68.441],[160.352,68.85],[161.033,69.257],[161.74,69.661],[162.475,70.061],[163.276,70.378],[164.101,70.691],[164.953,71.0],[165.832,71.304],[166.738,71.605],[168.039,71.589],[169.337,71.563],[170.631,71.529],[171.92,71.486],[173.202,71.434],[174.61,71.331],[176.003,71.218],[177.378,71.094],[178.736,70.96],[-179.748,70.947],[-178.236,70.922],[-176.728,70.885],[-175.227,70.835],[-173.734,70.773],[-172.251,70.699],[-170.78,70.613],[-169.322,70.516],[-168.02,70.551],[-166.714,70.577],[-165.405,70.594],[-164.095,70.601],[-162.784,70.599],[-161.474,70.587],[-160.166,70.566]]}},{"type":"Feature","properties":{"boundary_type":"subduction","feature_type":"gpml:SubductionZone","polarity":"Left","overriding_plate_id":409,"subducting_plate_id":918,"plate_ids":[409,918],"name":"Koryak-Kamchatka Subduction Zone Test GS"},"geometry":{"type":"LineString","coordinates":[[-160.166,70.566],[-159.863,70.56],[-158.508,70.702],[-157.134,70.833],[-155.743,70.955],[-154.335,71.065],[-152.913,71.165],[-151.476,71.254]]}},{"type":"Feature","properties":{"boundary_type":"subduction","feature_type":"gpml:SubductionZone","polarity":"Left","overriding_plate_id":101,"subducting_plate_id":918,"plate_ids":[101,918],"name":"Koryak-Kamchatka Subduction Zone Test GS"},"geometry":{"type":"LineString","coordinates":[[-151.476,71.254],[-149.98,71.334],[-148.472,71.403],[-146.954,71.459],[-145.428,71.503],[-144.192,71.61],[-142.942,71.709],[-141.68,71.801],[-140.406,71.883],[-139.122,71.958],[-137.605,72.115],[-136.063,72.26],[-134.498,72.394],[-132.911,72.514],[-131.304,72.622],[-130.466,72.642],[-129.626,72.659]]}},{"type":"Feature","properties":{"boundary_type":"subduction","feature_type":"gpml:SubductionZone","polarity":"Right","overriding_plate_id":101,"subducting_plate_id":918,"plate_ids":[101,918],"name":"Alaska Subduction GS"},"geometry":{"type":"LineString","coordinates":[[-99.78,76.135],[-101.715,76.127],[-103.646,76.103],[-105.568,76.064],[-107.378,75.833],[-109.128,75.588],[-110.82,75.331],[-112.454,75.062],[-114.03,74.781],[-115.55,74.491],[-117.261,74.335],[-118.938,74.167],[-120.579,73.986],[-122.183,73.793],[-123.75,73.588],[-125.278,73.371],[-126.767,73.144],[-128.216,72.907],[-129.626,72.659]]}},{"type":"Feature","properties":{"boundary_type":"ridge","feature_type":"gpml:MidOceanRidge","polarity":null,"overriding_plate_id":null,"subducting_plate_id":null,"plate_ids":[201,701],"name":"Malvinas Ridge Jump"},"geometry":{"type":"LineString","coordinates":[[-12.94,-56.441],[-12.446,-56.825],[-11.941,-57.207],[-11.426,-57.588],[-10.9,-57.966],[-10.363,-58.341],[-9.814,-58.715],[-9.531,-59.153],[-9.24,-59.59],[-8.941,-60.027],[-8.635,-60.463],[-8.477,-60.893],[-8.315,-61.323],[-8.148,-61.753],[-7.977,-62.182],[-7.772,-62.669],[-7.56,-63.156],[-7.341,-63.642],[-7.114,-64.128]]}},{"type":"Feature","properties":{"boundary_type":"ridge","feature_type":"gpml:MidOceanRidge","polarity":null,"overriding_plate_id":null,"subducting_plate_id":null,"plate_ids":[901,926],"name":"IZA-PAC MOR"},"geometry":{"type":"LineString","coordinates":[[152.354,62.999],[153.103,62.655],[153.834,62.307],[154.548,61.956],[155.246,61.601],[155.928,61.242],[156.595,60.88],[157.247,60.515],[157.884,60.147],[158.507,59.775],[159.116,59.401],[159.711,59.024],[160.294,58.645],[160.864,58.262],[161.422,57.878],[161.969,57.491],[162.503,57.101],[163.027,56.71],[162.365,56.448],[161.711,56.183],[161.067,55.914],[160.432,55.642],[159.806,55.367],[159.188,55.088],[158.579,54.807],[157.978,54.522],[158.483,54.174],[158.98,53.823],[159.468,53.471],[159.948,53.116],[160.421,52.76],[160.886,52.402],[161.343,52.042],[161.793,51.68],[162.236,51.316],[162.671,50.951],[163.1,50.584],[162.46,50.301],[161.827,50.013],[161.202,49.723],[160.585,49.429],[159.975,49.132],[159.372,48.832],[158.776,48.528],[158.188,48.222],[157.606,47.912],[157.031,47.6],[156.464,47.285],[155.903,46.967],[155.349,46.646],[154.801,46.323],[154.26,45.997],[153.794,45.685],[153.334,45.37],[152.879,45.054],[152.429,44.736],[151.984,44.416],[151.544,44.095],[151.109,43.772],[150.678,43.447],[150.252,43.121],[150.544,42.777],[150.832,42.432],[151.118,42.087],[150.669,41.75],[150.225,41.412],[149.785,41.072],[149.35,40.73],[148.92,40.386],[148.494,40.041]]}},{"type":"Feature","properties":{"boundary_type":"ridge","feature_type":"gpml:MidOceanRidge","polarity":null,"overriding_plate_id":null,"subducting_plate_id":null,"plate_ids":[201,802],"name":"Weddell Sea"},"geometry":{"type":"LineString","coordinates":[[-33.622,-66.337],[-34.677,-66.443],[-35.159,-66.439],[-35.551,-66.4],[-36.424,-66.37],[-36.819,-66.38],[-37.929,-66.457],[-39.046,-66.526],[-40.003,-66.55],[-40.962,-66.569],[-41.882,-66.574],[-42.803,-66.574],[-43.723,-66.568],[-44.805,-66.536],[-45.883,-66.496],[-46.564,-66.509],[-47.483,-66.462],[-48.34,-66.425],[-49.194,-66.382],[-49.859,-66.328],[-50.521,-66.271],[-51.546,-66.185],[-52.133,-66.238],[-52.973,-66.092],[-53.532,-65.997],[-54.108,-65.897],[-54.678,-65.795],[-55.578,-65.583],[-56.092,-65.501],[-56.922,-65.419],[-57.366,-65.268],[-57.834,-65.101],[-58.297,-64.933],[-58.854,-64.671],[-59.4,-64.406],[-59.936,-64.14],[-60.448,-63.893]]}},{"type":"Feature","properties":{"boundary_type":"ridge","feature_type":"gpml:MidOceanRidge","polarity":null,"overriding_plate_id":null,"subducting_plate_id":null,"plate_ids":[901,926],"name":"IZA-PAC MOR"},"geometry":{"type":"LineString","coordinates":[[160.068,66.039],[159.124,65.722],[158.202,65.4],[157.303,65.071],[156.427,64.738],[155.571,64.4],[154.737,64.056],[153.923,63.708],[153.129,63.356],[152.354,62.999]]}},{"type":"Feature","properties":{"boundary_type":"subduction","feature_type":"gpml:SubductionZone","polarity":"Left","overriding_plate_id":727,"subducting_plate_id":926,"plate_ids":[727,926],"name":"Proto South China Sea opening"},"geometry":{"type":"LineString","coordinates":[[117.815,5.994],[117.999,6.248],[118.169,6.686],[118.34,7.124],[118.511,7.562],[118.683,8.0],[118.854,8.438],[119.027,8.876],[119.199,9.314],[119.372,9.751],[119.546,10.189],[119.585,10.609],[119.624,11.029],[119.664,11.448],[119.703,11.868],[119.743,12.288],[119.783,12.708],[119.851,13.184],[119.92,13.661],[119.988,14.137],[120.057,14.614],[120.127,15.09],[120.197,15.567],[120.241,16.037],[120.286,16.508],[120.332,16.979],[120.377,17.449],[120.612,17.81],[120.847,18.171],[121.084,18.531],[121.386,18.931],[121.689,19.329],[121.994,19.728],[122.3,20.126],[122.608,20.523],[122.917,20.92],[123.228,21.316],[123.357,21.799],[123.487,22.282],[123.617,22.765],[123.749,23.247],[123.882,23.729],[124.015,24.212],[124.15,24.694],[124.285,25.176],[124.422,25.658],[124.587,26.09],[124.754,26.522],[124.921,26.954],[125.09,27.386],[125.26,27.818],[125.432,28.249],[125.605,28.68],[125.779,29.111],[125.955,29.542],[126.346,29.783],[126.739,30.024],[127.134,30.264]]}},{"type":"Feature","properties":{"boundary_type":"transform","feature_type":"gpml:Transform","polarity":null,"overriding_plate_id":null,"subducting_plate_id":null,"plate_ids":[501,529],"name":"Proto Andaman transform"},"geometry":{"type":"LineString","coordinates":[[93.011,6.244],[93.143,6.653],[93.275,7.062],[93.408,7.47],[93.528,7.91],[93.647,8.35],[93.767,8.789],[93.888,9.229]]}},{"type":"Feature","properties":{"boundary_type":"transform","feature_type":"gpml:Transform","polarity":null,"overriding_plate_id":null,"subducting_plate_id":null,"plate_ids":[301,529],"name":"Proto Andaman transform"},"geometry":{"type":"LineString","coordinates":[[93.888,9.229],[94.002,9.645],[94.116,10.061],[94.231,10.477],[94.346,10.893],[94.461,11.309],[94.577,11.725],[94.693,12.141],[94.788,12.484],[94.883,12.828],[94.978,13.172]]}},{"type":"Feature","properties":{"boundary_type":"subduction","feature_type":"gpml:SubductionZone","polarity":"Left","overriding_plate_id":529,"subducting_plate_id":501,"plate_ids":[501,529],"name":"Kohistan instra-oceanic subduction"},"geometry":{"type":"LineString","coordinates":[[60.593,1.002],[60.909,0.911],[61.225,0.821],[61.701,0.689],[62.178,0.556],[62.654,0.424],[63.13,0.291],[63.606,0.159],[64.083,0.026],[64.559,-0.106],[65.035,-0.239],[65.511,-0.371],[65.904,-0.508],[66.296,-0.645],[66.688,-0.782],[67.081,-0.919],[67.473,-1.055],[67.884,-1.18],[68.294,-1.304],[68.704,-1.428],[69.115,-1.551],[69.526,-1.675],[69.987,-1.776],[70.448,-1.876],[70.91,-1.976],[71.371,-2.076],[71.833,-2.176],[72.294,-2.276],[72.756,-2.376],[73.217,-2.475],[73.679,-2.575],[74.141,-2.674],[74.602,-2.675],[75.064,-2.675],[75.525,-2.676],[75.986,-2.676],[76.447,-2.676],[76.909,-2.676],[77.37,-2.676],[77.83,-2.646],[78.29,-2.615],[78.75,-2.585],[79.21,-2.554],[79.67,-2.523],[80.13,-2.492],[80.558,-2.346],[80.985,-2.199],[81.413,-2.052],[81.841,-1.905],[82.269,-1.758],[82.69,-1.581],[83.112,-1.404],[83.534,-1.226],[83.956,-1.048],[84.377,-0.871],[84.799,-0.693],[85.22,-0.515],[85.571,-0.283],[85.921,-0.05],[86.271,0.182],[86.622,0.415],[86.972,0.647],[87.322,0.88],[87.656,1.149],[87.99,1.418],[88.324,1.687],[88.659,1.956],[88.993,2.225],[89.327,2.494],[89.646,2.82],[89.965,3.146],[90.285,3.471],[90.604,3.797],[90.924,4.122],[91.244,4.447],[91.564,4.773],[91.885,5.098],[92.166,5.385],[92.447,5.671],[92.729,5.958],[93.011,6.244]]}},{"type":"Feature","properties":{"boundary_type":"subduction","feature_type":"gpml:SubductionZone","polarity":"Right","overriding_plate_id":301,"subducting_plate_id":529,"plate_ids":[301,529],"name":"Subduction zone to close the Tethyan/Lhasa back-arc basin, southward jump after accretion"},"geometry":{"type":"LineString","coordinates":[[94.978,13.172],[94.609,13.231],[94.185,13.368],[93.762,13.504],[93.338,13.639],[92.913,13.774],[92.488,13.907],[92.062,14.04],[91.748,14.193],[91.433,14.345],[91.061,14.369],[90.689,14.394],[90.275,14.275],[89.861,14.155],[89.448,14.035],[89.035,13.914],[88.623,13.792],[88.211,13.669],[87.764,13.589],[87.318,13.509],[86.872,13.427],[86.427,13.345],[85.982,13.262],[85.537,13.178],[85.037,13.231],[84.537,13.282],[84.037,13.333],[83.537,13.382],[83.036,13.431],[82.536,13.479],[82.035,13.525],[81.534,13.571],[81.096,13.736],[80.657,13.9],[80.217,14.063],[79.777,14.225],[79.337,14.387],[78.895,14.548],[78.453,14.708],[78.011,14.867],[77.567,15.025],[77.123,15.183],[76.795,15.471],[76.466,15.759],[76.136,16.046],[75.804,16.333],[75.472,16.619],[75.026,16.802],[74.579,16.983],[74.131,17.164],[73.683,17.344],[73.233,17.523],[72.783,17.701],[72.332,17.878],[71.879,18.054],[71.426,18.228],[70.994,18.414],[70.56,18.599],[70.126,18.783],[69.69,18.965],[69.254,19.147],[68.817,19.328],[68.353,19.478],[67.888,19.627],[67.423,19.775]]}},{"type":"Feature","properties":{"boundary_type":"subduction","feature_type":"gpml:SubductionZone","polarity":"Right","overriding_plate_id":609,"subducting_plate_id":780,"plate_ids":[609,780],"name":"Proto Molucca Plate subduction"},"geometry":{"type":"LineString","coordinates":[[148.253,-24.598],[147.903,-24.412],[147.597,-24.008],[147.293,-23.604],[146.991,-23.199],[146.691,-22.794],[146.624,-22.377],[146.556,-21.961],[146.489,-21.544],[146.423,-21.128],[146.357,-20.711],[146.229,-20.235],[146.101,-19.759],[145.975,-19.283],[145.849,-18.807],[145.724,-18.33],[145.583,-17.865],[145.443,-17.4],[145.303,-16.935],[145.164,-16.47],[145.026,-16.005],[144.889,-15.539],[144.752,-15.074],[144.616,-14.608],[144.395,-14.167],[144.175,-13.726],[143.955,-13.285],[143.737,-12.843],[143.519,-12.402],[143.302,-11.96],[143.086,-11.518],[142.839,-11.166],[142.592,-10.813],[142.346,-10.46],[142.1,-10.107],[141.855,-9.754],[141.483,-9.428],[141.111,-9.101],[140.739,-8.774],[140.368,-8.446],[139.998,-8.119],[139.629,-7.79],[139.346,-7.45],[139.064,-7.11],[138.781,-6.769],[138.5,-6.428],[138.218,-6.087]]}},{"type":"Feature","properties":{"boundary_type":"ridge","feature_type":"gpml:MidOceanRidge","polarity":null,"overriding_plate_id":null,"subducting_plate_id":null,"plate_ids":[609,926],"name":"IZA-PSP"},"geometry":{"type":"LineString","coordinates":[[143.802,16.573],[143.592,16.117],[143.382,15.66],[143.174,15.203],[142.966,14.746],[142.76,14.288],[142.554,13.831],[142.349,13.373],[142.144,12.915],[141.941,12.457],[141.738,11.999],[141.536,11.541],[141.334,11.082],[141.134,10.623],[140.933,10.165],[140.734,9.706]]}},{"type":"Feature","properties":{"boundary_type":"ridge","feature_type":"gpml:MidOceanRidge","polarity":null,"overriding_plate_id":null,"subducting_plate_id":null,"plate_ids":[609,926],"name":"IZA-PSP"},"geometry":{"type":"LineString","coordinates":[[134.957,9.635],[135.438,9.645],[135.919,9.654],[136.401,9.662],[136.882,9.669],[137.363,9.676],[137.845,9.683],[138.326,9.688],[138.808,9.693],[139.289,9.697],[139.771,9.701],[140.252,9.704],[140.734,9.706]]}},{"type":"Feature","properties":{"boundary_type":"transform","feature_type":"gpml:Transform","polarity":null,"overriding_plate_id":null,"subducting_plate_id":null,"plate_ids":[609,780],"name":"Proto Philippine transform"},"geometry":{"type":"LineString","coordinates":[[148.253,-24.598],[148.501,-24.21],[148.748,-23.821],[148.993,-23.432],[149.27,-23.021],[149.545,-22.61],[149.818,-22.198],[150.09,-21.786],[150.36,-21.373],[150.629,-20.959],[150.897,-20.546],[151.163,-20.132]]}},{"type":"Feature","properties":{"boundary_type":"transform","feature_type":"gpml:Transform","polarity":null,"overriding_plate_id":null,"subducting_plate_id":null,"plate_ids":[609,881],"name":"Proto Philippine transform"},"geometry":{"type":"LineString","coordinates":[[151.163,-20.132],[151.434,-19.705],[151.705,-19.279],[151.974,-18.852]]}},{"type":"Feature","properties":{"boundary_type":"transform","feature_type":"gpml:Transform","polarity":null,"overriding_plate_id":null,"subducting_plate_id":null,"plate_ids":[609,901],"name":"Proto Philippine transform"},"geometry":{"type":"LineString","coordinates":[[151.974,-18.852],[152.209,-18.478],[152.442,-18.103],[152.674,-17.728],[152.906,-17.353]]}},{"type":"Feature","properties":{"boundary_type":"ridge","feature_type":"gpml:MidOceanRidge","polarity":null,"overriding_plate_id":null,"subducting_plate_id":null,"plate_ids":[780,801],"name":"Sepik back-arc MOR"},"geometry":{"type":"LineString","coordinates":[[135.35,-27.394],[135.728,-27.354],[136.241,-27.318],[136.753,-27.28],[137.264,-27.24],[137.775,-27.198],[138.286,-27.155],[138.814,-27.079],[139.341,-27.002],[139.868,-26.922],[140.393,-26.841],[140.918,-26.757],[141.442,-26.672],[141.966,-26.585],[142.002,-26.815],[142.439,-26.778],[142.875,-26.739],[143.311,-26.698],[143.747,-26.657],[143.862,-27.053],[144.349,-26.984],[144.834,-26.914],[145.319,-26.842],[145.804,-26.768],[146.288,-26.693],[146.771,-26.615],[146.833,-26.79]]}},{"type":"Feature","properties":{"boundary_type":"ridge","feature_type":"gpml:MidOceanRidge","polarity":null,"overriding_plate_id":null,"subducting_plate_id":null,"plate_ids":[780,801],"name":"Sepik spreading westward extension into Tethys"},"geometry":{"type":"LineString","coordinates":[[122.409,-6.745],[122.591,-7.18],[122.773,-7.615],[122.956,-8.05],[123.139,-8.485],[123.523,-8.386],[123.907,-8.287],[124.29,-8.188],[124.446,-8.658],[124.603,-9.127],[124.76,-9.596],[124.917,-10.066],[125.075,-10.535],[125.233,-11.004],[125.391,-11.473],[125.551,-11.942],[125.71,-12.411],[125.871,-12.88],[126.032,-13.348],[126.193,-13.817],[126.356,-14.285],[126.787,-14.149],[127.217,-14.011],[127.647,-13.873],[127.813,-14.274],[127.979,-14.675],[128.146,-15.076],[128.314,-15.477],[128.482,-15.878],[128.651,-16.279],[128.821,-16.679],[129.086,-16.585],[129.266,-17.017],[129.446,-17.448],[129.628,-17.879],[129.81,-18.31],[129.993,-18.741],[130.178,-19.172],[130.363,-19.602],[130.549,-20.033],[130.736,-20.463],[130.925,-20.893],[131.114,-21.322],[131.305,-21.752],[131.496,-22.181],[131.848,-22.003],[132.198,-21.824],[132.425,-22.249],[132.653,-22.673],[132.882,-23.097],[133.113,-23.52],[133.345,-23.943],[133.578,-24.366],[133.814,-24.789],[134.05,-25.211],[134.289,-25.632],[134.529,-26.054],[134.771,-26.474],[135.015,-26.895],[135.182,-27.145],[135.35,-27.394]]}},{"type":"Feature","properties":{"boundary_type":"transform","feature_type":"gpml:Transform","polarity":null,"overriding_plate_id":null,"subducting_plate_id":null,"plate_ids":[901,926],"name":"PSP Transform"},"geometry":{"type":"LineString","coordinates":[[137.462,23.118],[137.853,22.787],[138.241,22.455],[138.628,22.122],[139.013,21.788],[139.396,21.453],[139.777,21.118],[140.157,20.781],[140.496,20.402],[140.833,20.022],[141.169,19.641],[141.503,19.259],[141.836,18.877],[142.167,18.495],[142.497,18.111],[142.826,17.728],[143.152,17.343],[143.478,16.959],[143.802,16.573]]}},{"type":"Feature","properties":{"boundary_type":"transform","feature_type":"gpml:Transform","polarity":null,"overriding_plate_id":null,"subducting_plate_id":null,"plate_ids":[609,901],"name":"PSP Transform"},"geometry":{"type":"LineString","coordinates":[[143.802,16.573],[144.106,16.21],[144.41,15.846],[144.712,15.482],[145.012,15.117],[145.262,14.685],[145.51,14.253],[145.758,13.821],[146.004,13.389],[146.25,12.956],[146.495,12.523],[146.739,12.09],[146.982,11.657],[147.224,11.223],[147.466,10.79],[147.707,10.356],[147.882,9.919],[148.056,9.483],[148.229,9.046],[148.403,8.609],[148.576,8.172],[148.748,7.735],[148.92,7.298],[149.092,6.861],[149.263,6.424],[149.442,5.983],[149.621,5.542],[149.799,5.101],[149.977,4.66],[150.155,4.219],[150.333,3.778],[150.511,3.337],[150.688,2.896],[150.865,2.455],[151.042,2.014],[151.174,1.538],[151.306,1.061],[151.438,0.585],[151.57,0.109],[151.702,-0.367],[151.833,-0.844],[151.965,-1.32],[152.097,-1.796],[152.229,-2.272],[152.361,-2.748],[152.493,-3.225],[152.589,-3.689],[152.685,-4.153],[152.781,-4.616],[152.877,-5.08],[152.974,-5.544],[153.07,-6.008],[153.167,-6.472],[153.264,-6.936],[153.361,-7.4],[153.458,-7.863],[153.555,-8.327],[153.653,-8.791],[153.751,-9.255],[153.849,-9.718],[153.947,-10.182],[154.046,-10.646],[153.971,-11.08],[153.896,-11.514],[153.821,-11.947],[153.745,-12.381],[153.67,-12.815],[153.568,-13.248],[153.466,-13.681],[153.363,-14.115],[153.26,-14.548],[153.202,-15.015],[153.143,-15.483],[153.084,-15.951],[153.025,-16.418],[152.966,-16.886],[152.906,-17.353]]}},{"type":"Feature","properties":{"boundary_type":"subduction","feature_type":"gpml:SubductionZone","polarity":"Left","overriding_plate_id":609,"subducting_plate_id":926,"plate_ids":[609,926],"name":"Tethys-Izanagi"},"geometry":{"type":"LineString","coordinates":[[134.957,9.635],[135.085,9.24],[135.212,8.845],[135.34,8.449],[135.467,8.054],[135.594,7.659],[135.71,7.189],[135.826,6.72],[135.942,6.25],[136.057,5.781],[136.173,5.311],[136.288,4.842],[136.388,4.361],[136.488,3.881],[136.588,3.4],[136.688,2.92],[136.788,2.439],[136.888,1.959],[136.987,1.478],[137.087,0.997],[137.187,0.517],[137.307,0.04],[137.427,-0.437],[137.547,-0.913],[137.667,-1.39],[137.787,-1.867],[137.842,-2.309],[137.896,-2.751],[137.95,-3.193],[138.005,-3.635],[138.059,-4.077],[138.114,-4.519]]}},{"type":"Feature","properties":{"boundary_type":"subduction","feature_type":"gpml:SubductionZone","polarity":"Left","overriding_plate_id":609,"subducting_plate_id":780,"plate_ids":[609,780],"name":"Tethys-Izanagi"},"geometry":{"type":"LineString","coordinates":[[138.114,-4.519],[138.155,-4.852],[138.196,-5.186],[138.207,-5.637],[138.218,-6.087]]}},{"type":"Feature","properties":{"boundary_type":"subduction","feature_type":"gpml:SubductionZone","polarity":"Right","overriding_plate_id":727,"subducting_plate_id":301,"plate_ids":[301,727],"name":"North Sulawesi - Celebes Sea opening transform"},"geometry":{"type":"LineString","coordinates":[[126.863,30.835],[126.999,30.55],[127.134,30.264]]}},{"type":"Feature","properties":{"boundary_type":"subduction","feature_type":"gpml:SubductionZone","polarity":"Right","overriding_plate_id":926,"subducting_plate_id":301,"plate_ids":[301,926],"name":"North Sulawesi - Celebes Sea opening transform"},"geometry":{"type":"LineString","coordinates":[[127.134,30.264],[127.254,30.008]]}},{"type":"Feature","properties":{"boundary_type":"other","feature_type":"gpml:ContinentalRift","polarity":null,"overriding_plate_id":null,"subducting_plate_id":null,"plate_ids":[301,727],"name":"Proto South China Sea rifting"},"geometry":{"type":"LineString","coordinates":[[116.674,14.871],[116.905,15.288],[117.137,15.706],[117.37,16.122],[117.604,16.539],[117.839,16.955],[118.075,17.371],[118.309,17.794],[118.544,18.216],[118.78,18.639],[119.017,19.06],[119.255,19.482],[119.495,19.903],[119.763,20.277],[120.032,20.651],[120.303,21.025],[120.575,21.398],[120.849,21.771],[121.124,22.143],[121.401,22.515],[121.679,22.886],[121.87,23.297],[122.064,23.708],[122.258,24.119],[122.453,24.53],[122.65,24.94],[122.848,25.35],[123.048,25.76],[123.233,26.231],[123.419,26.702],[123.607,27.172],[123.797,27.642],[123.988,28.112],[124.181,28.582],[124.557,28.907],[124.935,29.231],[125.316,29.554],[125.699,29.876],[126.085,30.197],[126.473,30.517],[126.863,30.835]]}},{"type":"Feature","properties":{"boundary_type":"subduction","feature_type":"gpml:SubductionZone","polarity":"Left","overriding_plate_id":926,"subducting_plate_id":780,"plate_ids":[780,926],"name":"SulawesiTrench"},"geometry":{"type":"LineString","coordinates":[[128.268,-3.117],[128.71,-3.077],[129.151,-3.037],[129.488,-3.159],[129.825,-3.281],[130.058,-3.431],[130.29,-3.581],[130.693,-3.739],[131.097,-3.898],[131.51,-3.885],[131.923,-3.872],[132.333,-3.917],[132.743,-3.963],[133.153,-4.008],[133.563,-4.052],[133.973,-4.097],[134.415,-4.163],[134.858,-4.229],[135.249,-4.302],[135.64,-4.375],[136.031,-4.447],[136.447,-4.462],[136.864,-4.477],[137.281,-4.491],[137.697,-4.505],[138.114,-4.519]]}},{"type":"Feature","properties":{"boundary_type":"transform","feature_type":"gpml:Transform","polarity":null,"overriding_plate_id":null,"subducting_plate_id":null,"plate_ids":[201,701],"name":"South America-Africa Transform"},"geometry":{"type":"LineString","coordinates":[[-15.792,-56.353],[-15.081,-56.381],[-14.368,-56.405],[-13.655,-56.425],[-12.94,-56.441]]}},{"type":"Feature","properties":{"boundary_type":"ridge","feature_type":"gpml:MidOceanRidge","polarity":null,"overriding_plate_id":null,"subducting_plate_id":null,"plate_ids":[901,918],"name":"MOR Kula-Pacific-Izanagi"},"geometry":{"type":"LineString","coordinates":[[-143.661,37.804],[-143.846,38.196],[-144.032,38.587],[-144.22,38.978],[-144.411,39.368],[-144.604,39.758],[-144.782,40.21],[-144.962,40.662],[-145.144,41.113],[-145.33,41.565],[-145.518,42.015],[-145.708,42.466],[-145.901,42.916],[-146.097,43.366],[-146.296,43.815],[-146.535,44.28],[-146.778,44.744],[-147.025,45.208],[-147.275,45.671],[-147.53,46.133],[-147.789,46.595],[-148.053,47.056],[-148.321,47.517],[-148.594,47.977],[-148.872,48.436],[-149.154,48.895],[-149.443,49.353],[-149.644,49.786],[-149.849,50.219],[-150.058,50.652],[-150.271,51.084],[-150.488,51.515],[-150.709,51.947],[-150.934,52.378],[-151.163,52.808],[-151.398,53.238],[-151.639,53.703],[-151.887,54.167],[-152.139,54.631],[-152.398,55.094],[-152.663,55.556],[-152.933,56.018],[-153.211,56.479],[-153.495,56.94],[-153.787,57.4],[-153.959,57.88],[-154.135,58.359],[-154.317,58.838],[-154.503,59.317],[-154.695,59.796],[-154.893,60.274],[-155.096,60.752],[-155.305,61.23],[-155.521,61.707],[-155.744,62.184],[-155.974,62.661],[-156.211,63.137],[-156.457,63.613],[-156.71,64.089],[-156.973,64.564],[-157.245,65.038],[-157.526,65.512],[-157.818,65.985],[-158.014,66.444],[-158.216,66.903],[-158.427,67.361],[-158.645,67.819],[-158.873,68.277],[-159.11,68.735],[-159.356,69.192]]}},{"type":"Feature","properties":{"boundary_type":"ridge","feature_type":"gpml:MidOceanRidge","polarity":null,"overriding_plate_id":null,"subducting_plate_id":null,"plate_ids":[918,926],"name":"MOR Kula-Pacific-Izanagi"},"geometry":{"type":"LineString","coordinates":[[-159.356,69.192],[-159.615,69.65],[-159.884,70.109],[-160.166,70.566]]}},{"type":"Feature","properties":{"boundary_type":"ridge","feature_type":"gpml:MidOceanRidge","polarity":null,"overriding_plate_id":null,"subducting_plate_id":null,"plate_ids":[801,901],"name":"Australia-Antarctica Rift SEIR 1 DiCaprio"},"geometry":{"type":"LineString","coordinates":[[-168.696,-66.695],[-169.241,-66.685],[-170.077,-66.651],[-170.911,-66.613],[-171.092,-66.593]]}},{"type":"Feature","properties":{"boundary_type":"ridge","feature_type":"gpml:MidOceanRidge","polarity":null,"overriding_plate_id":null,"subducting_plate_id":null,"plate_ids":[801,802],"name":"Australia-Antarctica Rift SEIR 1 DiCaprio"},"geometry":{"type":"LineString","coordinates":[[-171.092,-66.593],[-171.758,-66.518],[-172.419,-66.441],[-173.103,-66.382],[-173.987,-66.243],[-174.86,-66.098],[-175.723,-65.948],[-176.768,-65.855],[-177.804,-65.755],[-178.833,-65.649],[-179.853,-65.535],[179.137,-65.415],[178.225,-65.28],[177.323,-65.14],[176.431,-64.995],[175.549,-64.844],[174.457,-64.724],[173.374,-64.597],[172.303,-64.461],[171.242,-64.318],[170.192,-64.167],[169.154,-64.008],[168.128,-63.842],[167.228,-63.655],[166.34,-63.463],[165.464,-63.265],[164.601,-63.062],[163.749,-62.853],[162.835,-62.609],[161.936,-62.358],[161.053,-62.102],[160.184,-61.841],[159.244,-61.617],[158.317,-61.387],[157.404,-61.151],[156.505,-60.909],[155.677,-60.793],[154.854,-60.671],[154.038,-60.545],[153.125,-60.642],[152.206,-60.732],[151.329,-60.905],[150.443,-61.071],[149.548,-61.232],[148.643,-61.387],[147.73,-61.535],[146.808,-61.678],[145.802,-61.742],[144.792,-61.799],[143.778,-61.849],[142.761,-61.891],[141.761,-61.991],[140.755,-62.084],[139.742,-62.17],[139.022,-62.349],[138.292,-62.524],[137.555,-62.695],[136.805,-62.845],[136.047,-62.99],[135.282,-63.132],[134.4,-63.252],[133.51,-63.366],[132.614,-63.475],[131.633,-63.657],[130.64,-63.831],[129.635,-63.999],[128.689,-64.161],[127.731,-64.316],[126.763,-64.465],[125.745,-64.677],[124.71,-64.882],[123.625,-65.002],[122.531,-65.114],[121.504,-65.124],[120.477,-65.127],[119.45,-65.123],[118.397,-65.047],[117.349,-64.963],[116.309,-64.872],[115.276,-64.774],[114.6,-64.527],[113.936,-64.276],[113.284,-64.023],[112.415,-63.8],[111.56,-63.572],[110.633,-63.474],[109.712,-63.37],[108.702,-63.309],[107.696,-63.241],[106.694,-63.166],[105.77,-63.097],[104.85,-63.022],[103.935,-62.941],[103.026,-62.854],[102.144,-62.708],[101.271,-62.556],[100.407,-62.398],[99.552,-62.236],[98.707,-62.068],[97.821,-61.875],[96.947,-61.676],[96.085,-61.472],[95.265,-61.228],[94.457,-60.979],[93.663,-60.726],[92.881,-60.468],[92.111,-60.205],[91.354,-59.938],[90.609,-59.667],[89.876,-59.392],[89.155,-59.112],[88.445,-58.829],[87.617,-58.604],[86.8,-58.374],[85.993,-58.139],[85.197,-57.899],[84.411,-57.654],[83.636,-57.404],[82.872,-57.15],[82.119,-56.891],[81.375,-56.627],[80.643,-56.359],[79.92,-56.087],[79.263,-55.789],[78.617,-55.488],[77.98,-55.183],[77.353,-54.876],[76.735,-54.565],[76.127,-54.251],[75.528,-53.934],[74.938,-53.614],[74.267,-53.438],[73.602,-53.258],[72.942,-53.075],[72.282,-52.785],[71.631,-52.492],[70.988,-52.195],[70.354,-51.895]]}},{"type":"Feature","properties":{"boundary_type":"ridge","feature_type":"gpml:MidOceanRidge","polarity":null,"overriding_plate_id":null,"subducting_plate_id":null,"plate_ids":[901,926],"name":"IZA-PAC MOR"},"geometry":{"type":"LineString","coordinates":[[-159.356,69.192],[-160.357,69.113],[-161.35,69.028],[-162.335,68.937],[-163.598,68.816],[-164.847,68.686],[-166.081,68.546],[-167.299,68.398],[-168.502,68.241],[-169.687,68.075],[-170.855,67.901],[-172.005,67.719],[-173.137,67.529],[-174.381,67.4],[-175.611,67.263],[-176.827,67.115],[-178.028,66.959],[-179.212,66.794],[179.619,66.62],[178.467,66.437],[177.332,66.246],[176.215,66.047],[175.115,65.84],[174.594,66.28],[174.055,66.717],[173.496,67.153],[172.916,67.587],[172.315,68.018],[171.691,68.448],[171.043,68.874],[169.936,68.649],[168.85,68.416],[167.788,68.177],[166.747,67.931],[165.729,67.678],[164.732,67.419],[163.757,67.154],[162.804,66.884],[161.871,66.608],[160.96,66.326],[160.068,66.039]]}},{"type":"Feature","properties":{"boundary_type":"ridge","feature_type":"gpml:MidOceanRidge","polarity":null,"overriding_plate_id":null,"subducting_plate_id":null,"plate_ids":[901,926],"name":"IZA-PAC MOR"},"geometry":{"type":"LineString","coordinates":[[148.494,40.041],[148.055,39.692],[147.621,39.341],[147.192,38.988],[146.766,38.634],[146.345,38.278],[145.928,37.921],[145.515,37.562],[145.106,37.202],[144.701,36.841],[144.299,36.478],[143.902,36.114],[143.508,35.749],[143.118,35.382],[142.731,35.014],[142.347,34.645],[141.968,34.274],[141.591,33.903],[141.218,33.53],[140.848,33.156],[140.481,32.781],[140.917,32.46],[141.35,32.138],[141.78,31.814],[142.207,31.489],[142.631,31.162],[143.052,30.834],[143.47,30.504],[143.886,30.174],[144.298,29.841],[143.917,29.496],[143.539,29.15],[143.163,28.803],[142.79,28.454],[142.419,28.105],[142.051,27.754],[141.685,27.403],[141.321,27.051],[140.96,26.698],[140.601,26.343],[140.244,25.988],[139.889,25.632],[139.536,25.276],[139.186,24.918],[138.837,24.56],[138.491,24.201],[138.146,23.841],[137.803,23.48],[137.462,23.118]]}},{"type":"Feature","properties":{"boundary_type":"subduction","feature_type":"gpml:SubductionZone","polarity":"Right","overriding_plate_id":841,"subducting_plate_id":901,"plate_ids":[841,901],"name":"West-dipping SZ that opens South Loyalty Basin"},"geometry":{"type":"LineString","coordinates":[[171.265,-24.707],[171.369,-24.771],[171.621,-24.933],[171.874,-25.095],[172.118,-25.21],[172.339,-25.472],[172.619,-25.823],[172.86,-26.227],[173.203,-26.521],[173.446,-26.89],[173.698,-27.184],[173.952,-27.476],[174.255,-27.663],[174.558,-27.85],[174.824,-28.092],[175.09,-28.334],[175.545,-28.615],[175.963,-28.787],[176.383,-28.957],[176.681,-29.058],[176.98,-29.157],[177.284,-29.305],[177.588,-29.452],[178.05,-29.676],[178.5,-29.839],[178.838,-30.019],[179.177,-30.197],[179.534,-30.328],[179.893,-30.458],[-179.794,-30.599],[-179.48,-30.74],[-179.164,-30.942],[-178.845,-31.142],[-178.423,-31.398],[-177.998,-31.652],[-177.599,-31.958],[-177.197,-32.263],[-176.934,-32.464],[-176.669,-32.664],[-176.417,-32.912],[-176.163,-33.16],[-175.847,-33.397],[-175.53,-33.632],[-175.276,-34.016],[-175.019,-34.399],[-174.977,-34.66],[-174.934,-34.921],[-174.967,-35.406],[-174.953,-35.673],[-174.938,-35.94],[-174.724,-36.392],[-174.508,-36.844],[-174.343,-37.171],[-174.176,-37.498],[-174.007,-37.824],[-173.902,-38.089],[-173.796,-38.353],[-173.676,-38.503],[-173.659,-38.67],[-173.594,-38.862],[-173.519,-39.047],[-173.445,-39.197],[-173.363,-39.46],[-173.413,-39.869],[-173.464,-40.277],[-173.516,-40.686],[-173.567,-41.095],[-173.619,-41.518],[-173.671,-41.942],[-173.724,-42.365],[-173.778,-42.789]]}},{"type":"Feature","properties":{"boundary_type":"subduction","feature_type":"gpml:SubductionZone","polarity":"Right","overriding_plate_id":841,"subducting_plate_id":901,"plate_ids":[841,901],"name":"West-dipping SZ that opens South Loyalty Basin"},"geometry":{"type":"LineString","coordinates":[[-169.083,-45.134],[-168.747,-45.105],[-168.118,-45.009],[-167.483,-45.024],[-166.848,-45.034],[-166.461,-45.056],[-166.074,-45.076],[-165.402,-45.177],[-164.756,-45.309],[-164.349,-45.448],[-163.94,-45.585],[-163.41,-45.825],[-162.876,-46.062],[-162.425,-46.27],[-161.971,-46.476],[-161.578,-46.612],[-161.184,-46.746],[-160.804,-46.867],[-160.422,-46.986],[-159.997,-47.142],[-159.57,-47.295],[-159.164,-47.469],[-158.755,-47.642],[-158.449,-47.697]]}},{"type":"Feature","properties":{"boundary_type":"transform","feature_type":"gpml:Transform","polarity":null,"overriding_plate_id":null,"subducting_plate_id":null,"plate_ids":[780,836],"name":"Transform northeast of PNG to connect PSP to SWPAC"},"geometry":{"type":"LineString","coordinates":[[151.875,-30.302],[151.973,-29.951],[152.122,-29.507],[152.271,-29.064],[152.417,-28.62],[152.563,-28.176],[152.708,-27.732],[152.858,-27.333],[153.007,-26.933],[153.155,-26.534],[153.303,-26.134]]}},{"type":"Feature","properties":{"boundary_type":"transform","feature_type":"gpml:Transform","polarity":null,"overriding_plate_id":null,"subducting_plate_id":null,"plate_ids":[780,881],"name":"Transform northeast of PNG to connect PSP to SWPAC"},"geometry":{"type":"LineString","coordinates":[[153.303,-26.134],[153.468,-25.682],[153.441,-25.25],[153.415,-24.817],[153.389,-24.384],[153.363,-23.952],[153.337,-23.519],[153.097,-23.107],[152.858,-22.695],[152.62,-22.283],[152.367,-21.922],[152.116,-21.562],[151.866,-21.2],[151.618,-20.839],[151.39,-20.485],[151.163,-20.132]]}},{"type":"Feature","properties":{"boundary_type":"transform","feature_type":"gpml:Transform","polarity":null,"overriding_plate_id":null,"subducting_plate_id":null,"plate_ids":[833,836],"name":"Transform boundary Mellish Rise region"},"geometry":{"type":"LineString","coordinates":[[164.061,-35.271],[164.272,-34.941],[164.48,-34.611]]}},{"type":"Feature","properties":{"boundary_type":"transform","feature_type":"gpml:Transform","polarity":null,"overriding_plate_id":null,"subducting_plate_id":null,"plate_ids":[833,836],"name":"Transform boundary Mellish Rise region"},"geometry":{"type":"LineString","coordinates":[[164.48,-34.611],[164.62,-34.388],[164.759,-34.165],[164.494,-33.782],[164.231,-33.398],[164.487,-32.993],[164.74,-32.587],[164.991,-32.181],[165.24,-31.774]]}},{"type":"Feature","properties":{"boundary_type":"transform","feature_type":"gpml:Transform","polarity":null,"overriding_plate_id":null,"subducting_plate_id":null,"plate_ids":[833,881],"name":"Transform boundary Mellish Rise region"},"geometry":{"type":"LineString","coordinates":[[165.24,-31.774],[165.494,-31.354],[165.746,-30.933],[165.996,-30.512],[166.244,-30.09],[166.489,-29.668],[166.733,-29.246]]}},{"type":"Feature","properties":{"boundary_type":"transform","feature_type":"gpml:Transform","polarity":null,"overriding_plate_id":null,"subducting_plate_id":null,"plate_ids":[841,881],"name":"Transform boundary Mellish Rise region"},"geometry":{"type":"LineString","coordinates":[[166.733,-29.246],[166.781,-29.162],[167.063,-28.802],[167.343,-28.442],[167.62,-28.081],[167.896,-27.72],[168.179,-27.356],[168.459,-26.992],[168.738,-26.627],[169.015,-26.262]]}},{"type":"Feature","properties":{"boundary_type":"transform","feature_type":"gpml:Transform","polarity":null,"overriding_plate_id":null,"subducting_plate_id":null,"plate_ids":[841,901],"name":"Transform boundary Mellish Rise region"},"geometry":{"type":"LineString","coordinates":[[169.015,-26.262],[169.323,-25.851],[169.63,-25.44],[169.921,-25.098],[170.21,-24.755],[170.498,-24.412]]}},{"type":"Feature","properties":{"boundary_type":"subduction","feature_type":"gpml:SubductionZone","polarity":"Right","overriding_plate_id":841,"subducting_plate_id":901,"plate_ids":[841,901],"name":"SW-dipping SZ southeast of PNG to open BAB"},"geometry":{"type":"LineString","coordinates":[[170.498,-24.412],[170.688,-24.509],[170.976,-24.608],[171.265,-24.707]]}},{"type":"Feature","properties":{"boundary_type":"subduction","feature_type":"gpml:SubductionZone","polarity":"Right","overriding_plate_id":841,"subducting_plate_id":901,"plate_ids":[841,901],"name":"West-dipping SZ that opens the South Loyalty Basin"},"geometry":{"type":"LineString","coordinates":[[-173.778,-42.789],[-173.68,-42.884],[-173.493,-43.174],[-173.337,-43.401],[-173.179,-43.629],[-172.989,-43.893],[-172.644,-44.266],[-172.295,-44.639],[-172.138,-44.735],[-171.618,-44.873],[-170.991,-44.97],[-170.363,-45.064],[-169.813,-45.089],[-169.263,-45.111],[-169.083,-45.134]]}},{"type":"Feature","properties":{"boundary_type":"subduction","feature_type":"gpml:SubductionZone","polarity":"Left","overriding_plate_id":301,"subducting_plate_id":926,"plate_ids":[301,926],"name":"North Borneo subduction"},"geometry":{"type":"LineString","coordinates":[[126.821,-4.067],[126.712,-3.581],[126.603,-3.094],[126.494,-2.608],[126.227,-2.222],[125.96,-1.837],[125.693,-1.451],[125.426,-1.066],[124.988,-1.028],[124.55,-0.991],[124.113,-0.953],[123.675,-0.916],[123.237,-0.878],[122.8,-0.841],[122.405,-0.636],[122.011,-0.432],[121.616,-0.227],[121.222,-0.023],[120.827,0.182],[120.433,0.386],[120.179,0.815],[119.926,1.244],[119.672,1.672],[119.539,2.099],[119.406,2.526],[119.273,2.953],[119.026,3.286],[118.778,3.618],[118.53,3.951],[118.365,4.316],[118.199,4.682],[118.034,5.047],[117.924,5.521],[117.815,5.994]]}},{"type":"Feature","properties":{"boundary_type":"subduction","feature_type":"gpml:SubductionZone","polarity":"Left","overriding_plate_id":301,"subducting_plate_id":727,"plate_ids":[301,727],"name":"North Borneo subduction"},"geometry":{"type":"LineString","coordinates":[[117.815,5.994],[117.754,6.256],[117.693,6.519],[117.591,6.928],[117.489,7.338],[117.387,7.747],[117.284,8.156],[117.197,8.536],[117.109,8.915],[117.021,9.295],[116.997,9.743],[116.973,10.192],[116.949,10.641],[116.924,11.09],[116.9,11.538],[116.875,11.987],[116.842,12.468],[116.809,12.948],[116.775,13.429],[116.741,13.91],[116.708,14.39],[116.674,14.871]]}},{"type":"Feature","properties":{"boundary_type":"subduction","feature_type":"gpml:SubductionZone","polarity":"Left","overriding_plate_id":101,"subducting_plate_id":902,"plate_ids":[101,902],"name":""},"geometry":{"type":"LineString","coordinates":[[-76.212,23.813],[-76.14,23.438],[-76.068,23.062],[-75.969,22.628],[-75.87,22.194],[-75.772,21.76],[-75.675,21.326],[-75.578,20.892],[-75.481,20.458],[-75.385,20.024],[-75.29,19.59],[-75.174,19.186],[-75.058,18.782],[-74.943,18.378],[-74.829,17.974],[-74.715,17.57],[-74.601,17.165],[-74.609,16.701],[-74.616,16.237],[-74.623,15.773],[-74.631,15.309],[-74.571,14.835],[-74.511,14.36],[-74.451,13.885],[-74.392,13.411],[-74.333,12.936],[-74.27,12.6],[-74.207,12.263]]}},{"type":"Feature","properties":{"boundary_type":"subduction","feature_type":"gpml:SubductionZone","polarity":"Left","overriding_plate_id":224,"subducting_plate_id":902,"plate_ids":[224,902],"name":""},"geometry":{"type":"LineString","coordinates":[[-79.44,10.485],[-79.158,10.112],[-78.876,9.74],[-78.596,9.367],[-78.316,8.994],[-78.036,8.62],[-77.757,8.247],[-77.479,7.873],[-77.166,7.51],[-76.854,7.146],[-76.542,6.782],[-76.231,6.418],[-75.921,6.054],[-75.611,5.689],[-75.264,5.405],[-74.919,5.121],[-74.573,4.837],[-74.228,4.552],[-73.883,4.267],[-73.538,3.983],[-73.194,3.698],[-72.851,3.525],[-72.508,3.353],[-72.166,3.18]]}},{"type":"Feature","properties":{"boundary_type":"subduction","feature_type":"gpml:SubductionZone","polarity":"Left","overriding_plate_id":224,"subducting_plate_id":902,"plate_ids":[224,902],"name":""},"geometry":{"type":"LineString","coordinates":[[-72.166,3.18],[-72.012,2.854],[-71.859,2.528],[-71.706,2.203],[-71.646,1.834],[-71.587,1.466],[-71.527,1.097],[-71.545,0.669],[-71.563,0.241],[-71.581,-0.187],[-71.447,-0.647],[-71.314,-1.108],[-71.18,-1.569],[-71.047,-2.03],[-70.913,-2.49]]}},{"type":"Feature","properties":{"boundary_type":"subduction","feature_type":"gpml:SubductionZone","polarity":"Left","overriding_plate_id":224,"subducting_plate_id":902,"plate_ids":[224,902],"name":""},"geometry":{"type":"LineString","coordinates":[[-70.913,-2.49],[-70.563,-2.691],[-70.212,-2.891],[-69.862,-3.092],[-69.511,-3.292],[-69.16,-3.492],[-68.743,-3.754],[-68.327,-4.015],[-67.91,-4.277],[-67.493,-4.538],[-67.075,-4.799],[-66.658,-5.059],[-66.24,-5.32],[-65.821,-5.58],[-65.39,-5.705],[-64.959,-5.83],[-64.527,-5.954],[-64.096,-6.078],[-63.664,-6.202],[-63.232,-6.325],[-62.8,-6.448],[-62.382,-6.416],[-61.965,-6.384],[-61.548,-6.351],[-61.131,-6.318]]}},{"type":"Feature","properties":{"boundary_type":"subduction","feature_type":"gpml:SubductionZone","polarity":"Right","overriding_plate_id":224,"subducting_plate_id":101,"plate_ids":[101,224],"name":"TBD"},"geometry":{"type":"LineString","coordinates":[[-61.149,19.961],[-60.67,19.995],[-60.191,20.028],[-59.711,20.059],[-59.204,20.006],[-58.698,19.951],[-58.192,19.894],[-57.686,19.837],[-57.18,19.777],[-56.675,19.717],[-56.259,19.421],[-55.845,19.124],[-55.431,18.826],[-55.02,18.527],[-54.61,18.227],[-54.241,17.905],[-53.873,17.583],[-53.507,17.259],[-53.142,16.935],[-52.779,16.611],[-52.417,16.285],[-52.055,15.96],[-51.907,15.643],[-51.76,15.327]]}},{"type":"Feature","properties":{"boundary_type":"subduction","feature_type":"gpml:SubductionZone","polarity":"Right","overriding_plate_id":224,"subducting_plate_id":201,"plate_ids":[201,224],"name":"TBD"},"geometry":{"type":"LineString","coordinates":[[-51.76,15.327],[-51.636,15.061],[-51.513,14.794],[-51.506,14.31],[-51.499,13.825],[-51.493,13.34],[-51.486,12.855],[-51.511,12.493],[-51.536,12.132],[-51.561,11.77],[-51.629,11.385],[-51.696,10.999]]}},{"type":"Feature","properties":{"boundary_type":"ridge","feature_type":"gpml:MidOceanRidge","polarity":null,"overriding_plate_id":null,"subducting_plate_id":null,"plate_ids":[101,201],"name":"TBD: Proto-Caribbean spreading"},"geometry":{"type":"LineString","coordinates":[[-51.76,15.327],[-51.318,15.568],[-50.875,15.809],[-50.431,16.048],[-49.986,16.287],[-49.54,16.525],[-49.093,16.762],[-48.645,16.998],[-48.195,17.232],[-47.745,17.466],[-47.293,17.699],[-46.84,17.931],[-46.386,18.162],[-45.944,18.397],[-45.501,18.63],[-45.057,18.863],[-44.612,19.095]]}},{"type":"Feature","properties":{"boundary_type":"transform","feature_type":"gpml:Transform","polarity":null,"overriding_plate_id":null,"subducting_plate_id":null,"plate_ids":[224,902],"name":"TBD"},"geometry":{"type":"LineString","coordinates":[[-79.44,10.485],[-78.969,10.541],[-78.497,10.596],[-78.026,10.651],[-77.554,10.705],[-77.138,10.902],[-76.721,11.098],[-76.303,11.294],[-75.885,11.489],[-75.467,11.683],[-75.048,11.877],[-74.628,12.071],[-74.207,12.263]]}},{"type":"Feature","properties":{"boundary_type":"transform","feature_type":"gpml:Transform","polarity":null,"overriding_plate_id":null,"subducting_plate_id":null,"plate_ids":[101,224],"name":"TBD"},"geometry":{"type":"LineString","coordinates":[[-74.207,12.263],[-74.085,12.319],[-73.78,12.634],[-73.474,12.949],[-73.167,13.263],[-72.859,13.577],[-72.551,13.891],[-72.203,14.056],[-71.855,14.221],[-71.506,14.385],[-71.156,14.549],[-70.697,14.555],[-70.237,14.561],[-69.777,14.566],[-69.317,14.57],[-68.88,14.835],[-68.442,15.099],[-68.002,15.362],[-67.562,15.624],[-67.12,15.885],[-66.677,16.146],[-66.254,16.133],[-65.83,16.12],[-65.407,16.106],[-65.022,16.192],[-64.637,16.277],[-64.251,16.362]]}},{"type":"Feature","properties":{"boundary_type":"transform","feature_type":"gpml:Transform","polarity":null,"overriding_plate_id":null,"subducting_plate_id":null,"plate_ids":[101,224],"name":"TBD"},"geometry":{"type":"LineString","coordinates":[[-61.149,19.961],[-61.155,19.953],[-61.497,19.607],[-61.838,19.26],[-62.177,18.913],[-62.451,18.606],[-62.724,18.299],[-62.996,17.992],[-63.276,17.653],[-63.554,17.314],[-63.831,16.974],[-64.108,16.634],[-64.251,16.362]]}},{"type":"Feature","properties":{"boundary_type":"subduction","feature_type":"gpml:SubductionZone","polarity":"Left","overriding_plate_id":224,"subducting_plate_id":201,"plate_ids":[201,224],"name":""},"geometry":{"type":"LineString","coordinates":[[-52.227,8.201],[-52.11,8.46],[-51.988,8.814],[-51.866,9.168],[-51.744,9.521],[-51.703,9.956],[-51.662,10.391],[-51.622,10.826],[-51.696,10.999]]}},{"type":"Feature","properties":{"boundary_type":"transform","feature_type":"gpml:Transform","polarity":null,"overriding_plate_id":null,"subducting_plate_id":null,"plate_ids":[804,814],"name":"Antarctic-Bellingshausen transform NW15"},"geometry":{"type":"LineString","coordinates":[[-135.309,-62.482],[-134.838,-62.854],[-134.356,-63.225],[-133.862,-63.594],[-133.354,-63.961],[-132.833,-64.327],[-132.298,-64.69],[-131.748,-65.052]]}},{"type":"Feature","properties":{"boundary_type":"ridge","feature_type":"gpml:MidOceanRidge","polarity":null,"overriding_plate_id":null,"subducting_plate_id":null,"plate_ids":[902,904],"name":"Farallon-Aluk MOR NW15"},"geometry":{"type":"LineString","coordinates":[[-93.761,-51.293],[-93.017,-51.136],[-92.278,-50.975],[-91.544,-50.809],[-90.816,-50.638],[-90.093,-50.462],[-89.375,-50.283],[-88.663,-50.098],[-87.957,-49.91],[-87.256,-49.717],[-86.615,-49.946],[-85.969,-50.172],[-85.316,-50.393],[-84.657,-50.612],[-83.992,-50.826],[-83.322,-51.037],[-82.645,-51.243],[-82.095,-50.928],[-81.553,-50.611],[-81.018,-50.291],[-80.49,-49.968],[-79.969,-49.643],[-79.455,-49.316],[-78.948,-48.987],[-78.448,-48.655],[-77.954,-48.321],[-77.467,-47.985],[-76.986,-47.647],[-76.511,-47.308],[-76.042,-46.966],[-75.579,-46.622],[-74.878,-46.733],[-74.174,-46.839],[-73.468,-46.94],[-72.758,-47.038],[-72.046,-47.131],[-71.332,-47.22],[-70.615,-47.304],[-69.896,-47.383],[-69.564,-46.944],[-69.237,-46.503],[-68.915,-46.061],[-68.598,-45.618],[-68.286,-45.175],[-67.979,-44.731],[-67.677,-44.286],[-67.379,-43.84],[-67.086,-43.393],[-66.797,-42.946],[-66.512,-42.497],[-66.231,-42.049],[-65.954,-41.599],[-65.301,-41.585],[-64.647,-41.567],[-63.994,-41.545],[-63.341,-41.52],[-62.689,-41.491],[-62.038,-41.458],[-61.387,-41.422],[-61.031,-41.017],[-60.679,-40.61],[-60.331,-40.203],[-59.988,-39.794],[-59.649,-39.384],[-59.313,-38.974],[-58.982,-38.562],[-58.654,-38.15],[-58.33,-37.737],[-58.009,-37.322],[-57.692,-36.907],[-57.379,-36.491],[-57.068,-36.075],[-56.762,-35.657]]}},{"type":"Feature","properties":{"boundary_type":"ridge","feature_type":"gpml:MidOceanRidge","polarity":null,"overriding_plate_id":null,"subducting_plate_id":null,"plate_ids":[901,902],"name":"Pacific-Farallon MOR NW15"},"geometry":{"type":"LineString","coordinates":[[-107.817,-14.052],[-107.421,-13.928],[-107.025,-13.804],[-106.629,-13.679],[-106.234,-13.553],[-105.839,-13.427],[-105.682,-13.874],[-105.523,-14.321],[-105.365,-14.767],[-105.205,-15.214],[-105.045,-15.66],[-104.884,-16.107],[-104.723,-16.553],[-104.561,-16.999],[-104.398,-17.445],[-104.234,-17.891],[-104.069,-18.337],[-103.904,-18.783],[-103.737,-19.228],[-103.57,-19.673],[-103.402,-20.119],[-103.232,-20.564],[-103.062,-21.009],[-103.55,-21.166],[-104.038,-21.322],[-104.528,-21.477],[-105.018,-21.63],[-105.51,-21.782],[-106.002,-21.933],[-106.496,-22.082],[-106.991,-22.229],[-107.486,-22.375],[-107.983,-22.52],[-108.481,-22.663],[-108.98,-22.804],[-109.48,-22.944],[-109.308,-23.4],[-109.135,-23.855],[-108.96,-24.31],[-108.785,-24.765],[-108.608,-25.22],[-108.429,-25.675],[-108.25,-26.129],[-108.069,-26.583],[-107.886,-27.037],[-107.703,-27.491],[-107.517,-27.944],[-107.33,-28.398],[-107.141,-28.85],[-106.951,-29.303],[-106.759,-29.756],[-106.566,-30.208],[-106.37,-30.66],[-106.173,-31.111],[-105.974,-31.562],[-105.772,-32.013],[-106.282,-32.174],[-106.794,-32.334],[-107.307,-32.491],[-107.823,-32.646],[-108.339,-32.799],[-108.123,-33.247],[-107.904,-33.696],[-107.683,-34.143],[-107.46,-34.591],[-107.234,-35.038],[-107.005,-35.485],[-106.774,-35.931],[-106.541,-36.377],[-106.305,-36.822],[-106.066,-37.267],[-105.824,-37.711],[-105.579,-38.155],[-105.331,-38.598],[-105.081,-39.041],[-104.827,-39.483],[-104.569,-39.925],[-104.309,-40.366],[-104.045,-40.807],[-103.777,-41.247],[-103.506,-41.686],[-103.231,-42.125],[-102.953,-42.563],[-102.67,-43.0],[-102.383,-43.437],[-102.776,-43.719],[-103.173,-43.999],[-103.573,-44.279],[-103.143,-44.639],[-102.706,-44.998],[-102.265,-45.356],[-101.817,-45.711],[-101.364,-46.065],[-100.905,-46.417],[-100.44,-46.767],[-99.969,-47.116],[-99.492,-47.462],[-99.009,-47.806],[-98.519,-48.149],[-98.023,-48.489],[-97.519,-48.827],[-97.01,-49.162],[-96.493,-49.496],[-95.969,-49.827],[-95.538,-50.124],[-95.102,-50.419],[-94.66,-50.712],[-94.213,-51.004],[-93.761,-51.293]]}},{"type":"Feature","properties":{"boundary_type":"ridge","feature_type":"gpml:MidOceanRidge","polarity":null,"overriding_plate_id":null,"subducting_plate_id":null,"plate_ids":[901,904],"name":"Pacific-Farallon MOR NW15"},"geometry":{"type":"LineString","coordinates":[[-93.761,-51.293],[-93.616,-51.385]]}},{"type":"Feature","properties":{"boundary_type":"ridge","feature_type":"gpml:MidOceanRidge","polarity":null,"overriding_plate_id":null,"subducting_plate_id":null,"plate_ids":[804,901],"name":"BELLINGHAUSEN SEA, MARIE BYRD LAND-PACIFIC"},"geometry":{"type":"LineString","coordinates":[[-169.577,-67.061],[-168.348,-67.119],[-167.113,-67.169],[-165.874,-67.208],[-164.631,-67.238],[-163.385,-67.259],[-162.138,-67.27],[-160.866,-67.23],[-159.6,-67.18],[-158.339,-67.121],[-157.084,-67.051],[-157.155,-66.761],[-157.225,-66.471],[-156.276,-66.404],[-155.333,-66.332],[-154.395,-66.254],[-153.464,-66.17],[-153.298,-66.461],[-152.241,-66.378],[-151.19,-66.288],[-151.3,-66.009],[-151.407,-65.73],[-150.385,-65.6],[-149.373,-65.463],[-149.554,-65.024],[-148.645,-64.897],[-147.745,-64.765],[-146.855,-64.627],[-145.973,-64.484],[-145.666,-64.896],[-144.616,-64.708],[-143.581,-64.513],[-142.561,-64.31],[-141.556,-64.101],[-140.566,-63.884],[-139.591,-63.661],[-138.632,-63.432],[-137.689,-63.196],[-136.761,-62.954],[-136.087,-62.741],[-135.424,-62.524],[-135.309,-62.482]]}},{"type":"Feature","properties":{"boundary_type":"ridge","feature_type":"gpml:MidOceanRidge","polarity":null,"overriding_plate_id":null,"subducting_plate_id":null,"plate_ids":[814,901],"name":"BELLINGHAUSEN SEA, MARIE BYRD LAND-PACIFIC"},"geometry":{"type":"LineString","coordinates":[[-135.309,-62.482],[-134.998,-62.366]]}},{"type":"Feature","properties":{"boundary_type":"other","feature_type":"gpml:InferredPaleoBoundary","polarity":null,"overriding_plate_id":null,"subducting_plate_id":null,"plate_ids":[804,814],"name":"Bellingshausen inferred boundary NW15"},"geometry":{"type":"LineString","coordinates":[[-131.748,-65.052],[-131.413,-64.977],[-130.418,-64.94],[-129.426,-64.896],[-128.818,-64.981],[-128.205,-65.064],[-127.534,-65.029],[-126.865,-64.991],[-125.859,-64.911],[-125.137,-64.906],[-124.415,-64.897],[-123.621,-64.821],[-122.636,-64.792],[-121.547,-64.726],[-120.97,-64.677],[-120.396,-64.626],[-120.037,-64.6],[-119.053,-64.682],[-118.065,-64.757],[-117.232,-64.73],[-116.587,-64.681],[-115.945,-64.629],[-115.17,-64.728],[-114.39,-64.823],[-113.368,-64.93],[-112.568,-65.052],[-111.76,-65.17],[-110.945,-65.284],[-109.895,-65.244],[-108.848,-65.196],[-107.971,-65.206],[-107.094,-65.212],[-106.217,-65.212],[-105.509,-65.227],[-104.8,-65.239],[-103.829,-65.364],[-102.849,-65.482],[-101.78,-65.52],[-100.709,-65.551],[-99.805,-65.54],[-98.903,-65.524],[-98.002,-65.503]]}},{"type":"Feature","properties":{"boundary_type":"ridge","feature_type":"gpml:MidOceanRidge","polarity":null,"overriding_plate_id":null,"subducting_plate_id":null,"plate_ids":[814,901],"name":"Pacific-Bellingshausen MOR NW15"},"geometry":{"type":"LineString","coordinates":[[-134.998,-62.366],[-135.421,-62.034],[-135.836,-61.702],[-136.242,-61.368],[-135.437,-61.103],[-134.645,-60.833],[-133.867,-60.559],[-133.103,-60.28],[-132.351,-59.997],[-131.612,-59.709],[-130.885,-59.418],[-130.171,-59.123],[-129.47,-58.823],[-128.78,-58.52],[-128.103,-58.214],[-127.437,-57.903],[-126.782,-57.59],[-126.139,-57.273],[-125.444,-57.577],[-124.736,-57.878],[-124.017,-58.175],[-123.286,-58.467],[-122.543,-58.756],[-121.844,-58.442],[-121.158,-58.124],[-120.484,-57.803],[-119.822,-57.479],[-119.171,-57.15],[-118.532,-56.819],[-117.904,-56.485],[-117.288,-56.147],[-116.682,-55.806],[-116.086,-55.463],[-115.501,-55.116],[-114.896,-55.38],[-114.283,-55.64],[-113.662,-55.898],[-113.033,-56.152],[-112.395,-56.403],[-111.749,-56.651],[-111.094,-56.895],[-110.514,-56.526],[-109.946,-56.154],[-109.389,-55.779],[-108.821,-55.993],[-108.246,-56.204],[-107.666,-56.412],[-107.079,-56.617],[-106.405,-56.78],[-105.724,-56.939],[-105.039,-57.094],[-104.347,-57.246]]}},{"type":"Feature","properties":{"boundary_type":"ridge","feature_type":"gpml:MidOceanRidge","polarity":null,"overriding_plate_id":null,"subducting_plate_id":null,"plate_ids":[814,904],"name":"Bellingshausen-Aluk MOR NW15"},"geometry":{"type":"LineString","coordinates":[[-92.857,-65.146],[-93.606,-64.782],[-94.335,-64.414],[-95.045,-64.043],[-95.736,-63.668],[-96.408,-63.29],[-97.064,-62.909],[-97.702,-62.525],[-98.324,-62.138],[-98.931,-61.749],[-99.522,-61.356],[-100.098,-60.962],[-100.661,-60.565],[-101.209,-60.165],[-101.745,-59.764],[-102.267,-59.36],[-102.778,-58.954],[-103.276,-58.547],[-103.763,-58.137],[-104.196,-57.751],[-104.62,-57.363]]}},{"type":"Feature","properties":{"boundary_type":"ridge","feature_type":"gpml:MidOceanRidge","polarity":null,"overriding_plate_id":null,"subducting_plate_id":null,"plate_ids":[814,904],"name":"Pacific-Aluk MOR NW15"},"geometry":{"type":"LineString","coordinates":[[-104.62,-57.363],[-104.347,-57.246]]}},{"type":"Feature","properties":{"boundary_type":"ridge","feature_type":"gpml:MidOceanRidge","polarity":null,"overriding_plate_id":null,"subducting_plate_id":null,"plate_ids":[901,904],"name":"Pacific-Aluk MOR NW15"},"geometry":{"type":"LineString","coordinates":[[-104.347,-57.246],[-103.666,-56.947],[-102.997,-56.645],[-102.337,-56.339],[-101.689,-56.029],[-101.051,-55.717],[-100.423,-55.401],[-99.805,-55.082],[-99.196,-54.759],[-98.598,-54.434],[-98.009,-54.106],[-97.429,-53.775],[-96.858,-53.441],[-96.297,-53.105],[-95.744,-52.766],[-95.199,-52.424],[-94.663,-52.08],[-94.136,-51.734],[-93.616,-51.385]]}},{"type":"Feature","properties":{"boundary_type":"ridge","feature_type":"gpml:MidOceanRidge","polarity":null,"overriding_plate_id":null,"subducting_plate_id":null,"plate_ids":[902,918],"name":"Pacific-Farallon/Vancouver MOR NW15"},"geometry":{"type":"LineString","coordinates":[[-123.535,40.455],[-123.482,40.339]]}},{"type":"Feature","properties":{"boundary_type":"ridge","feature_type":"gpml:MidOceanRidge","polarity":null,"overriding_plate_id":null,"subducting_plate_id":null,"plate_ids":[901,902],"name":"Pacific-Farallon/Vancouver MOR NW15"},"geometry":{"type":"LineString","coordinates":[[-123.482,40.339],[-123.334,40.012],[-123.119,39.572],[-122.907,39.132],[-122.697,38.692],[-122.49,38.251],[-122.311,37.839],[-122.134,37.427],[-121.959,37.014]]}},{"type":"Feature","properties":{"boundary_type":"ridge","feature_type":"gpml:MidOceanRidge","polarity":null,"overriding_plate_id":null,"subducting_plate_id":null,"plate_ids":[901,902],"name":"Pacific-Farallon/Vancouver MOR NW15"},"geometry":{"type":"LineString","coordinates":[[-121.959,37.014],[-121.763,36.545],[-121.568,36.075],[-121.376,35.604],[-121.186,35.134],[-120.999,34.663],[-120.813,34.192],[-120.63,33.72],[-120.448,33.248],[-120.983,33.082],[-121.515,32.914],[-122.046,32.744],[-122.574,32.571],[-123.101,32.397],[-122.921,31.924],[-122.744,31.451],[-122.568,30.978],[-122.394,30.505],[-122.222,30.031],[-122.051,29.558],[-121.621,29.664],[-121.19,29.769],[-121.085,29.497],[-120.982,29.224],[-120.495,29.357],[-120.007,29.488],[-119.518,29.618],[-119.028,29.745],[-118.536,29.871],[-118.043,29.995],[-117.549,30.117],[-117.054,30.237],[-116.522,30.294],[-115.989,30.349],[-115.456,30.402],[-114.922,30.452],[-114.388,30.5],[-113.853,30.546],[-113.318,30.59],[-112.782,30.632],[-112.246,30.671],[-111.709,30.709],[-111.689,30.71]]}},{"type":"Feature","properties":{"boundary_type":"ridge","feature_type":"gpml:MidOceanRidge","polarity":null,"overriding_plate_id":null,"subducting_plate_id":null,"plate_ids":[901,902],"name":"Pacific-Farallon MOR NW15"},"geometry":{"type":"LineString","coordinates":[[-111.689,30.71],[-111.554,30.299],[-111.42,29.888],[-111.286,29.478],[-110.785,29.593],[-110.662,29.158],[-110.54,28.723],[-110.419,28.288],[-109.981,28.397],[-109.542,28.505],[-109.102,28.612],[-108.662,28.717],[-108.524,28.26],[-108.388,27.804],[-108.253,27.347],[-108.119,26.891],[-107.986,26.434],[-107.855,25.977],[-107.724,25.52],[-107.594,25.063],[-107.808,25.002],[-107.68,24.59],[-107.552,24.177],[-107.425,23.764],[-107.298,23.351],[-107.173,22.938],[-107.048,22.524],[-107.536,22.394],[-108.022,22.263],[-108.508,22.13],[-108.993,21.996],[-109.477,21.86],[-109.96,21.723],[-110.442,21.584],[-110.923,21.444],[-111.403,21.303],[-111.883,21.16],[-112.361,21.016],[-112.838,20.871],[-113.315,20.724],[-113.79,20.576],[-113.653,20.099],[-113.516,19.622],[-113.38,19.144],[-113.245,18.667],[-113.11,18.189],[-112.977,17.711],[-112.844,17.234],[-112.712,16.756],[-112.58,16.278],[-112.449,15.8],[-112.319,15.322],[-112.189,14.844],[-112.06,14.365],[-111.931,13.887],[-111.803,13.409],[-111.311,13.543],[-110.819,13.676],[-110.326,13.808],[-109.832,13.939],[-109.339,14.069],[-108.844,14.198],[-108.349,14.326],[-107.853,14.453],[-107.357,14.578],[-106.86,14.703],[-106.363,14.827],[-105.865,14.95],[-105.366,15.072],[-104.867,15.192],[-104.731,14.728],[-104.594,14.265],[-104.459,13.801],[-104.324,13.337],[-104.67,13.237],[-104.537,12.791],[-104.405,12.345],[-104.272,11.899],[-104.141,11.453],[-104.009,11.007],[-103.878,10.561],[-103.748,10.115],[-103.617,9.669],[-103.487,9.222],[-103.358,8.776],[-103.229,8.33],[-103.1,7.883],[-102.971,7.437],[-102.842,6.99],[-102.844,6.987]]}},{"type":"Feature","properties":{"boundary_type":"ridge","feature_type":"gpml:MidOceanRidge","polarity":null,"overriding_plate_id":null,"subducting_plate_id":null,"plate_ids":[901,902],"name":"Pacific-Farallon MOR NW15"},"geometry":{"type":"LineString","coordinates":[[-102.844,6.987],[-103.298,6.865],[-103.752,6.742],[-104.206,6.619],[-104.659,6.496],[-105.112,6.372],[-105.565,6.248],[-106.018,6.123],[-106.471,5.998],[-106.923,5.873],[-107.376,5.747],[-107.828,5.621],[-108.279,5.494],[-108.151,5.033],[-108.024,4.572],[-107.896,4.111],[-107.768,3.649],[-107.641,3.188],[-107.514,2.727],[-107.823,2.649],[-108.133,2.572],[-108.009,2.118],[-107.886,1.665],[-107.763,1.211],[-107.639,0.757],[-107.516,0.304],[-107.393,-0.15],[-107.27,-0.604],[-107.146,-1.058],[-107.023,-1.511],[-106.9,-1.965],[-106.776,-2.419],[-106.653,-2.872],[-106.529,-3.326],[-106.405,-3.78],[-106.282,-4.233],[-106.158,-4.687],[-106.596,-4.817],[-107.035,-4.946],[-107.474,-5.076],[-107.913,-5.205],[-108.352,-5.333],[-108.791,-5.462],[-109.231,-5.59],[-109.67,-5.718],[-110.11,-5.845],[-109.986,-6.302],[-109.861,-6.758],[-109.735,-7.214],[-109.61,-7.67],[-109.484,-8.126],[-109.358,-8.582],[-109.232,-9.038],[-109.105,-9.494],[-108.978,-9.95],[-108.851,-10.406],[-108.723,-10.862],[-108.595,-11.318],[-108.467,-11.774],[-108.338,-12.229],[-108.208,-12.685],[-108.079,-13.141],[-107.948,-13.596],[-107.817,-14.052]]}},{"type":"Feature","properties":{"boundary_type":"ridge","feature_type":"gpml:MidOceanRidge","polarity":null,"overriding_plate_id":null,"subducting_plate_id":null,"plate_ids":[304,317],"name":"MOR-IB-EUR"},"geometry":{"type":"LineString","coordinates":[[-1.074,34.744],[-1.237,34.752],[-1.647,34.775],[-2.058,34.798],[-2.444,34.904],[-2.831,35.009],[-3.206,35.03],[-3.581,35.05],[-3.905,35.094],[-4.23,35.138],[-4.702,35.132],[-5.174,35.125],[-5.646,35.116],[-6.117,35.105],[-6.706,35.163]]}},{"type":"Feature","properties":{"boundary_type":"ridge","feature_type":"gpml:MidOceanRidge","polarity":null,"overriding_plate_id":null,"subducting_plate_id":null,"plate_ids":[101,304],"name":"IB_NFLND_Exhumed_Mantle"},"geometry":{"type":"LineString","coordinates":[[-11.572,28.122],[-11.355,28.534],[-11.137,28.946],[-10.917,29.357],[-10.63,29.735],[-10.323,30.101],[-10.118,30.508],[-9.93,30.826],[-9.789,31.251],[-9.616,31.679],[-9.487,31.768],[-9.345,32.021],[-9.17,32.221],[-8.934,32.436],[-8.675,32.724],[-8.308,33.017],[-8.129,33.256],[-8.061,33.318],[-7.963,33.518],[-7.899,33.643],[-7.812,33.753],[-7.631,33.962],[-7.476,34.218],[-7.363,34.319],[-7.303,34.404],[-7.153,34.525],[-7.015,34.551],[-6.903,34.691],[-6.799,34.782],[-6.665,34.988]]}},{"type":"Feature","properties":{"boundary_type":"ridge","feature_type":"gpml:MidOceanRidge","polarity":null,"overriding_plate_id":null,"subducting_plate_id":null,"plate_ids":[304,701],"name":"SouthernIberia"},"geometry":{"type":"LineString","coordinates":[[-1.68,25.027],[-1.97,24.973],[-2.465,25.15],[-2.961,25.324],[-3.459,25.497],[-3.958,25.669],[-4.459,25.838],[-4.961,26.006],[-5.465,26.172],[-5.97,26.337],[-6.476,26.499],[-6.984,26.66],[-7.493,26.819],[-8.004,26.977],[-8.516,27.132],[-9.03,27.285],[-9.545,27.437],[-10.061,27.587],[-10.579,27.735],[-11.074,27.929],[-11.572,28.122]]}},{"type":"Feature","properties":{"boundary_type":"ridge","feature_type":"gpml:MidOceanRidge","polarity":null,"overriding_plate_id":null,"subducting_plate_id":null,"plate_ids":[101,701],"name":"SouthernIberia"},"geometry":{"type":"LineString","coordinates":[[-11.572,28.122],[-11.838,28.224],[-12.104,28.326]]}},{"type":"Feature","properties":{"boundary_type":"ridge","feature_type":"gpml:MidOceanRidge","polarity":null,"overriding_plate_id":null,"subducting_plate_id":null,"plate_ids":[101,102],"name":"PorucpineMOR"},"geometry":{"type":"LineString","coordinates":[[-2.361,67.576],[-3.194,67.753],[-4.04,67.927],[-4.898,68.096],[-6.03,67.876],[-7.141,67.649],[-8.229,67.414],[-9.297,67.173],[-10.343,66.924],[-11.367,66.668],[-11.382,66.287],[-11.396,65.905],[-11.41,65.524],[-11.424,65.142],[-11.106,64.672],[-10.903,64.322],[-10.705,63.971],[-10.719,63.669],[-10.733,63.367],[-10.798,62.881],[-10.913,62.522],[-11.012,62.256],[-11.11,61.989],[-11.215,61.671],[-11.319,61.353],[-11.401,61.01],[-11.48,60.667],[-11.552,60.314],[-11.622,59.96],[-11.751,59.639],[-11.878,59.317],[-12.064,58.971],[-12.247,58.624],[-12.432,58.368],[-12.614,58.111],[-12.895,57.861],[-13.172,57.61],[-13.721,57.249],[-14.274,56.949],[-14.567,56.757],[-14.858,56.563],[-15.368,56.242],[-15.87,55.918],[-16.208,55.716],[-16.543,55.512],[-16.972,55.213],[-17.395,54.912],[-17.864,54.539],[-18.068,54.311],[-18.27,54.083],[-18.503,53.848],[-18.732,53.612],[-18.857,53.32],[-18.877,53.025],[-18.896,52.731],[-18.582,52.451],[-18.271,52.17],[-17.93,51.95],[-17.593,51.729],[-17.423,51.432],[-17.322,51.219],[-17.196,51.033],[-17.05,50.758],[-16.966,50.613],[-16.902,50.503],[-16.642,50.048],[-16.469,49.73],[-16.305,49.428],[-16.131,49.106],[-16.042,48.862],[-15.848,48.565],[-15.676,48.253],[-15.404,47.921],[-15.1,47.518],[-14.992,47.316],[-14.78,47.099],[-14.583,46.916],[-14.41,46.813],[-14.174,46.754],[-13.98,46.758],[-13.86,46.747],[-13.687,46.693],[-13.41,46.534],[-13.003,46.329],[-12.729,46.071],[-12.658,45.978],[-12.624,45.879],[-12.586,45.771],[-12.589,45.614],[-12.62,45.457],[-12.569,45.239],[-12.558,44.994],[-12.527,44.855],[-12.468,44.646],[-12.421,44.411],[-12.436,44.2],[-12.354,43.885],[-12.302,43.752],[-12.25,43.565],[-12.213,43.384],[-12.158,43.232],[-12.049,43.089],[-11.958,42.926],[-11.814,42.802],[-11.643,42.676],[-11.541,42.586]]}},{"type":"Feature","properties":{"boundary_type":"ridge","feature_type":"gpml:MidOceanRidge","polarity":null,"overriding_plate_id":null,"subducting_plate_id":null,"plate_ids":[101,301],"name":"PorucpineMOR"},"geometry":{"type":"LineString","coordinates":[[-11.541,42.586],[-11.481,42.532],[-11.231,42.432],[-11.147,42.409]]}},{"type":"Feature","properties":{"boundary_type":"ridge","feature_type":"gpml:MidOceanRidge","polarity":null,"overriding_plate_id":null,"subducting_plate_id":null,"plate_ids":[902,918],"name":"Farallon-Kula MOR c31y NW15"},"geometry":{"type":"LineString","coordinates":[[-123.535,40.455],[-123.22,40.698],[-122.85,41.111],[-122.476,41.524],[-122.097,41.935],[-121.713,42.344],[-121.324,42.753],[-120.93,43.16],[-120.531,43.565],[-120.126,43.97],[-119.715,44.372],[-119.299,44.774],[-118.878,45.174],[-118.45,45.572],[-118.016,45.968],[-117.576,46.363],[-117.129,46.757],[-116.676,47.148],[-116.216,47.538],[-115.75,47.925],[-115.276,48.311],[-114.795,48.695],[-114.307,49.077],[-113.811,49.457],[-113.308,49.834],[-112.796,50.21],[-112.277,50.583],[-111.749,50.954],[-111.213,51.322],[-110.667,51.08],[-110.128,50.835],[-109.594,50.588],[-109.066,50.338],[-108.584,50.711],[-108.095,51.082],[-107.598,51.451],[-107.093,51.818],[-106.58,52.183],[-106.058,52.545],[-105.527,52.905],[-104.988,53.263],[-104.439,53.618],[-103.882,53.971],[-103.315,54.321],[-102.738,54.668],[-102.151,55.012],[-101.554,55.354],[-100.947,55.693],[-100.329,56.028],[-99.7,56.361],[-99.061,56.69],[-98.41,57.016],[-97.748,57.339],[-97.074,57.658],[-96.388,57.973],[-95.69,58.285],[-94.98,58.592],[-94.257,58.896],[-93.521,59.196],[-92.773,59.491],[-92.144,59.112],[-91.53,58.73],[-90.929,58.346],[-90.34,57.959]]}},{"type":"Feature","properties":{"boundary_type":"ridge","feature_type":"gpml:MidOceanRidge","polarity":null,"overriding_plate_id":null,"subducting_plate_id":null,"plate_ids":[901,918],"name":"KULA-PAC MOR"},"geometry":{"type":"LineString","coordinates":[[-143.661,37.804],[-143.179,37.815],[-142.697,37.824],[-142.214,37.83],[-141.732,37.835],[-141.751,38.287],[-141.769,38.739],[-141.173,38.746],[-140.576,38.749],[-139.979,38.749],[-139.382,38.747],[-138.785,38.741],[-138.188,38.732],[-137.554,38.728],[-136.919,38.72],[-136.285,38.709],[-135.651,38.695],[-135.017,38.677],[-134.384,38.655],[-133.751,38.631],[-133.719,39.064],[-133.687,39.497],[-133.655,39.93],[-133.622,40.363],[-133.589,40.797],[-132.963,40.797],[-132.337,40.795],[-131.711,40.789],[-131.085,40.78],[-130.46,40.767],[-129.834,40.751],[-129.209,40.731],[-128.585,40.709],[-127.961,40.682],[-127.337,40.653],[-126.714,40.62],[-126.092,40.584],[-125.47,40.544],[-124.849,40.501],[-124.229,40.455],[-123.855,40.398],[-123.482,40.339]]}},{"type":"Feature","properties":{"boundary_type":"ridge","feature_type":"gpml:MidOceanRidge","polarity":null,"overriding_plate_id":null,"subducting_plate_id":null,"plate_ids":[836,881],"name":"MOR Melanesian Arc"},"geometry":{"type":"LineString","coordinates":[[165.24,-31.774],[164.854,-31.58],[164.811,-31.844],[164.353,-31.646],[163.897,-31.447],[163.443,-31.246],[162.991,-31.044],[162.54,-30.84],[162.593,-30.574],[162.171,-30.388],[161.751,-30.2],[161.333,-30.011],[160.916,-29.82],[160.501,-29.629],[160.464,-29.898],[160.049,-29.704],[159.635,-29.508],[159.223,-29.311],[158.812,-29.113],[158.403,-28.913],[158.489,-28.623],[157.989,-28.404],[157.49,-28.183],[156.994,-27.96],[156.499,-27.735],[156.437,-28.028],[156.011,-27.824],[155.587,-27.619],[155.164,-27.412],[154.743,-27.204],[154.324,-26.994],[154.434,-26.651],[154.056,-26.48],[153.679,-26.308],[153.303,-26.134]]}},{"type":"Feature","properties":{"boundary_type":"other","feature_type":"gpml:ContinentalRift","polarity":null,"overriding_plate_id":null,"subducting_plate_id":null,"plate_ids":[780,801],"name":"Northward Continuation of Tasman Sea rifting"},"geometry":{"type":"LineString","coordinates":[[146.833,-26.79],[147.34,-26.921],[147.847,-27.05],[148.127,-27.376],[148.409,-27.703],[148.692,-28.028],[148.977,-28.353],[148.883,-28.688],[148.788,-29.022],[148.693,-29.356],[149.197,-29.524],[149.702,-29.69],[150.208,-29.853],[150.717,-30.015],[151.227,-30.175],[151.551,-30.239],[151.875,-30.302]]}},{"type":"Feature","properties":{"boundary_type":"other","feature_type":"gpml:ContinentalRift","polarity":null,"overriding_plate_id":null,"subducting_plate_id":null,"plate_ids":[801,836],"name":"Northward Continuation of Tasman Sea rifting"},"geometry":{"type":"LineString","coordinates":[[151.875,-30.302],[152.307,-30.385],[152.672,-30.573],[153.038,-30.761],[153.405,-30.947],[153.883,-31.14],[154.363,-31.33],[154.845,-31.52],[155.256,-31.743],[155.669,-31.965],[156.083,-32.185],[156.5,-32.405],[156.93,-32.702],[157.362,-32.998],[157.798,-33.292],[158.237,-33.585],[158.678,-33.876],[159.171,-34.06],[159.667,-34.241],[160.164,-34.421],[160.664,-34.599],[161.166,-34.775],[161.607,-34.925],[162.05,-35.074],[162.494,-35.221],[163.023,-35.399],[163.289,-35.564],[163.585,-35.701]]}},{"type":"Feature","properties":{"boundary_type":"subduction","feature_type":"gpml:SubductionZone","polarity":"Right","overriding_plate_id":201,"subducting_plate_id":802,"plate_ids":[201,802],"name":"South America trench taken from COB file"},"geometry":{"type":"LineString","coordinates":[[-56.732,-61.901],[-57.49,-61.584],[-58.232,-61.264],[-58.959,-60.939],[-59.583,-60.673],[-60.197,-60.404],[-60.388,-60.34],[-60.688,-60.213],[-60.951,-60.113],[-61.271,-60.004],[-61.594,-59.883],[-61.911,-59.753],[-62.266,-59.617],[-62.936,-59.334],[-63.379,-59.109],[-63.816,-58.881],[-63.793,-58.858],[-63.848,-58.829],[-64.073,-58.684],[-64.14,-58.616]]}},{"type":"Feature","properties":{"boundary_type":"subduction","feature_type":"gpml:SubductionZone","polarity":"Right","overriding_plate_id":201,"subducting_plate_id":904,"plate_ids":[201,904],"name":"South America trench taken from COB file"},"geometry":{"type":"LineString","coordinates":[[-64.14,-58.616],[-64.171,-58.584],[-64.327,-58.443],[-64.597,-58.194],[-64.773,-58.033],[-64.95,-57.834],[-65.277,-57.672],[-65.818,-57.432],[-66.06,-57.349],[-66.488,-57.139],[-66.691,-56.885],[-66.891,-56.63],[-67.04,-56.149],[-67.187,-55.668],[-67.228,-55.377],[-67.27,-55.086],[-67.274,-54.81],[-67.278,-54.533],[-67.221,-54.25],[-67.166,-53.966],[-66.934,-53.568],[-66.707,-53.17],[-66.485,-52.772],[-66.442,-52.394],[-66.4,-52.016],[-66.418,-51.645],[-66.435,-51.274],[-66.15,-50.843],[-65.871,-50.412],[-65.373,-50.19],[-64.879,-49.967],[-64.183,-49.87],[-63.921,-49.452],[-63.662,-49.114],[-63.505,-48.866],[-63.349,-48.619],[-63.222,-48.313],[-63.215,-48.091],[-63.238,-47.819],[-63.232,-47.569],[-63.224,-47.226],[-62.992,-46.908],[-62.782,-46.565],[-62.645,-46.35],[-62.402,-45.988],[-62.306,-45.778],[-62.178,-45.525],[-62.066,-45.288],[-61.908,-44.957],[-61.752,-44.626],[-61.598,-44.294],[-61.475,-43.977],[-61.352,-43.725],[-61.23,-43.473],[-61.097,-43.181],[-61.036,-42.917],[-60.975,-42.652],[-60.92,-42.424],[-60.72,-42.051],[-60.497,-41.666],[-60.357,-41.436],[-60.218,-41.207],[-60.073,-40.738],[-59.857,-40.321],[-59.638,-39.984],[-59.422,-39.645],[-59.209,-39.307],[-58.997,-38.968],[-58.706,-38.602],[-58.418,-38.235],[-58.133,-37.868],[-57.851,-37.5],[-57.572,-37.131],[-57.295,-36.762],[-57.022,-36.392],[-56.891,-36.025],[-56.762,-35.657]]}},{"type":"Feature","properties":{"boundary_type":"subduction","feature_type":"gpml:SubductionZone","polarity":"Right","overriding_plate_id":201,"subducting_plate_id":902,"plate_ids":[201,902],"name":"South America trench taken from COB file"},"geometry":{"type":"LineString","coordinates":[[-56.762,-35.657],[-56.611,-35.225],[-56.462,-34.793],[-56.315,-34.36],[-56.169,-33.927],[-56.024,-33.494],[-55.881,-33.061],[-55.74,-32.628],[-55.6,-32.195],[-55.398,-31.819],[-55.198,-31.442],[-54.999,-31.066],[-54.802,-30.689],[-54.607,-30.312],[-54.467,-29.864],[-54.328,-29.415],[-54.191,-28.967],[-54.055,-28.519],[-53.92,-28.07],[-53.786,-27.621],[-53.653,-27.173],[-53.521,-26.724],[-53.412,-26.322],[-53.303,-25.921],[-53.195,-25.519],[-53.219,-25.076],[-53.242,-24.634],[-53.195,-24.295],[-53.149,-23.955],[-53.247,-23.515],[-53.345,-23.075],[-53.571,-22.624],[-53.796,-22.173],[-54.083,-21.802],[-54.369,-21.43],[-54.654,-21.058],[-54.937,-20.686],[-55.219,-20.313],[-55.648,-20.038],[-56.074,-19.762],[-56.368,-19.385],[-56.659,-19.008],[-56.95,-18.631],[-57.239,-18.253],[-57.527,-17.875],[-57.814,-17.496],[-58.1,-17.117],[-58.384,-16.738],[-58.667,-16.358],[-58.857,-15.933],[-59.047,-15.508],[-59.235,-15.082],[-59.423,-14.657],[-59.61,-14.231],[-59.797,-13.805],[-59.983,-13.379],[-60.168,-12.953],[-60.352,-12.527],[-60.536,-12.101],[-60.719,-11.674],[-60.827,-11.203],[-60.934,-10.732],[-61.041,-10.261],[-61.147,-9.789],[-61.254,-9.318],[-61.36,-8.847],[-61.466,-8.375],[-61.571,-7.904],[-61.461,-7.508],[-61.35,-7.111],[-61.241,-6.715],[-61.131,-6.318]]}},{"type":"Feature","properties":{"boundary_type":"subduction","feature_type":"gpml:SubductionZone","polarity":"Right","overriding_plate_id":201,"subducting_plate_id":224,"plate_ids":[201,224],"name":"South America trench taken from COB file"},"geometry":{"type":"LineString","coordinates":[[-61.131,-6.318],[-61.014,-5.897],[-60.898,-5.475],[-60.782,-5.054],[-60.71,-4.778],[-60.651,-4.528],[-60.561,-4.256],[-60.456,-3.893],[-60.387,-3.691],[-60.33,-3.45],[-60.16,-3.078],[-60.015,-2.749],[-59.853,-2.488],[-59.602,-2.074],[-59.42,-1.742],[-59.226,-1.448],[-58.991,-1.069],[-58.721,-0.76],[-58.47,-0.457],[-58.293,-0.272],[-57.997,0.032],[-57.667,0.369],[-57.356,0.653],[-57.099,0.825],[-56.843,1.108],[-56.656,1.245],[-56.575,1.528],[-56.297,1.862],[-56.019,2.197],[-56.009,2.205],[-55.971,2.273],[-55.94,2.471],[-55.908,2.669],[-55.924,2.92],[-55.961,3.147],[-56.067,3.467],[-56.145,3.609],[-56.223,3.869],[-56.237,3.883]]}},{"type":"Feature","properties":{"boundary_type":"other","feature_type":"gpml:ContinentalRift","polarity":null,"overriding_plate_id":null,"subducting_plate_id":null,"plate_ids":[102,301],"name":"North America - Greenland rift"},"geometry":{"type":"LineString","coordinates":[[19.731,61.771],[19.623,61.715],[19.24,61.375],[18.865,61.034],[18.498,60.692],[18.139,60.348],[17.58,59.958],[17.033,59.566],[16.499,59.171],[15.977,58.774],[15.649,58.427],[15.328,58.079],[15.013,57.73],[14.704,57.38],[14.722,57.001],[14.741,56.622],[14.589,56.216],[14.44,55.81],[14.294,55.403],[14.032,55.075],[13.774,54.745],[13.519,54.415],[13.013,54.085],[12.514,53.754],[12.023,53.42],[11.437,53.205],[10.858,52.987],[10.284,52.767],[9.722,52.546],[9.166,52.323],[8.615,52.097],[8.07,51.868],[7.495,51.737],[6.923,51.603],[6.355,51.466],[5.79,51.327],[5.041,51.309],[4.292,51.287],[3.545,51.26],[2.798,51.228],[2.322,50.988],[1.851,50.746],[1.385,50.502],[0.924,50.257],[0.355,49.948],[-0.207,49.636],[-0.761,49.321],[-1.308,49.004],[-1.795,48.721],[-2.275,48.436],[-2.75,48.149],[-3.22,47.86],[-3.609,47.617],[-3.995,47.372],[-4.376,47.126],[-4.742,46.807],[-5.104,46.487],[-5.613,46.219],[-6.035,45.953],[-6.453,45.686],[-6.867,45.417],[-7.277,45.147],[-7.756,44.826],[-8.229,44.503],[-8.697,44.178],[-9.216,43.882],[-9.729,43.584],[-10.238,43.284],[-10.741,42.981],[-11.143,42.784],[-11.541,42.586]]}},{"type":"Feature","properties":{"boundary_type":"transform","feature_type":"gpml:Transform","polarity":null,"overriding_plate_id":null,"subducting_plate_id":null,"plate_ids":[201,224],"name":"Transform"},"geometry":{"type":"LineString","coordinates":[[-56.237,3.883],[-56.181,4.283],[-56.124,4.682],[-56.067,5.081],[-55.769,5.379],[-55.471,5.676],[-55.172,5.973],[-54.873,6.27],[-54.573,6.574],[-54.273,6.879],[-53.972,7.183],[-53.671,7.487],[-53.369,7.791],[-53.067,8.095],[-52.647,8.148],[-52.227,8.201]]}},{"type":"Feature","properties":{"boundary_type":"other","feature_type":"gpml:UnclassifiedFeature","polarity":null,"overriding_plate_id":null,"subducting_plate_id":null,"plate_ids":[833,833],"name":""},"geometry":{"type":"LineString","coordinates":[[171.258,-37.118],[170.942,-37.479],[170.624,-37.838],[170.302,-38.197],[169.965,-38.586],[169.624,-38.974],[169.279,-39.361],[168.931,-39.746],[168.579,-40.131],[168.222,-40.515],[167.775,-40.324],[167.33,-40.132],[166.936,-39.78],[166.924,-39.383],[166.913,-38.986],[166.583,-38.726],[166.255,-38.465],[166.428,-38.121],[166.598,-37.777],[166.768,-37.432],[166.882,-37.191],[166.995,-36.95],[166.828,-36.528],[166.663,-36.107],[166.359,-35.798],[166.057,-35.488],[165.71,-35.268],[165.364,-35.048],[165.074,-34.9],[164.735,-34.76],[164.48,-34.611]]}},{"type":"Feature","properties":{"boundary_type":"other","feature_type":"gpml:InferredPaleoBoundary","polarity":null,"overriding_plate_id":null,"subducting_plate_id":null,"plate_ids":[833,833],"name":"Western margin of South Loyalty Basin"},"geometry":{"type":"LineString","coordinates":[[171.258,-37.118],[171.743,-37.181],[172.229,-37.241],[172.715,-37.299],[173.203,-37.355],[173.661,-37.532],[174.122,-37.708],[174.585,-37.881],[175.015,-37.931],[175.445,-37.98],[175.846,-38.087],[176.248,-38.193],[176.651,-38.298],[177.076,-38.513],[177.503,-38.727],[177.984,-38.882],[178.467,-39.036],[178.972,-39.2],[179.479,-39.362],[179.88,-39.44],[-179.718,-39.516],[-179.419,-39.663],[-179.119,-39.809],[-178.968,-40.082],[-178.816,-40.265],[-178.708,-40.549],[-178.546,-40.852],[-178.382,-41.155],[-178.25,-41.605],[-178.115,-42.054],[-177.929,-42.399],[-177.74,-42.743],[-177.479,-43.117],[-177.215,-43.49],[-176.934,-43.88],[-177.066,-44.233],[-177.2,-44.586],[-177.002,-44.826],[-176.767,-45.146],[-176.528,-45.466],[-176.095,-45.683],[-175.658,-45.898],[-175.398,-46.271],[-175.254,-46.651],[-175.107,-47.031],[-174.944,-47.311],[-174.779,-47.591],[-174.403,-47.928],[-173.999,-48.184],[-173.316,-48.333],[-172.629,-48.478],[-172.25,-48.543],[-171.87,-48.608],[-171.468,-48.626],[-171.067,-48.642],[-170.533,-48.7],[-169.997,-48.756],[-169.823,-48.831],[-169.275,-48.882],[-168.727,-48.929],[-167.992,-48.852],[-167.261,-48.771],[-166.72,-48.737],[-166.18,-48.701],[-165.668,-48.698],[-165.155,-48.693],[-164.652,-48.802],[-164.147,-48.908],[-163.827,-49.052],[-163.506,-49.196],[-163.031,-49.354],[-162.553,-49.51],[-162.071,-49.665],[-161.4,-49.743],[-160.726,-49.816],[-160.17,-49.821],[-159.613,-49.823],[-159.057,-49.822],[-158.423,-49.926],[-157.787,-50.027],[-157.148,-50.124]]}},{"type":"Feature","properties":{"boundary_type":"other","feature_type":"gpml:InferredPaleoBoundary","polarity":null,"overriding_plate_id":null,"subducting_plate_id":null,"plate_ids":[801,833],"name":"Boundary north of Tasman Sea"},"geometry":{"type":"LineString","coordinates":[[161.479,-37.177],[161.893,-36.942],[162.305,-36.706],[162.715,-36.469],[163.007,-36.214],[163.297,-35.957],[163.585,-35.701]]}},{"type":"Feature","properties":{"boundary_type":"other","feature_type":"gpml:InferredPaleoBoundary","polarity":null,"overriding_plate_id":null,"subducting_plate_id":null,"plate_ids":[833,836],"name":"Boundary north of Tasman Sea"},"geometry":{"type":"LineString","coordinates":[[163.585,-35.701],[163.824,-35.486],[164.061,-35.271]]}},{"type":"Feature","properties":{"boundary_type":"ridge","feature_type":"gpml:MidOceanRidge","polarity":null,"overriding_plate_id":null,"subducting_plate_id":null,"plate_ids":[801,833],"name":"MOR"},"geometry":{"type":"LineString","coordinates":[[166.753,-44.808],[167.274,-45.129],[167.801,-45.448],[168.333,-45.765],[168.872,-46.079],[168.749,-46.253],[169.053,-46.398],[168.829,-46.682],[168.602,-46.966],[168.97,-47.166],[168.721,-47.527],[169.052,-47.723],[169.385,-47.919],[169.211,-48.142],[169.036,-48.364],[169.458,-48.559],[169.883,-48.751],[169.758,-49.174],[170.248,-49.396],[170.743,-49.617],[170.526,-50.068],[170.304,-50.519],[170.603,-50.732],[170.378,-51.164],[170.148,-51.596],[170.648,-51.836],[170.479,-52.247],[170.714,-52.418],[170.608,-52.563],[170.363,-52.854],[170.291,-52.95],[170.8,-53.188],[170.59,-53.53],[170.538,-53.646],[171.168,-53.924],[171.806,-54.199],[172.452,-54.471],[172.997,-54.686],[173.547,-54.898],[174.103,-55.108],[174.664,-55.315],[174.255,-55.726],[174.641,-55.902],[175.029,-56.076],[174.918,-56.395],[175.323,-56.599],[175.733,-56.8],[175.516,-57.132],[176.19,-57.335],[176.871,-57.535],[177.56,-57.73],[178.256,-57.922],[178.506,-57.704],[178.753,-57.485],[179.3,-57.66],[179.852,-57.832],[179.236,-57.756],[179.969,-57.978],[-179.29,-58.196],[-178.539,-58.41],[-178.61,-58.674],[-178.682,-58.938],[-178.162,-59.14],[-177.635,-59.341],[-177.848,-59.815],[-177.132,-59.957],[-176.658,-60.103],[-176.18,-60.248],[-176.452,-60.515],[-176.729,-60.781],[-177.033,-60.985],[-177.34,-61.188],[-176.72,-61.348],[-176.094,-61.506],[-175.461,-61.66],[-174.583,-61.931],[-173.688,-62.197],[-172.865,-62.354],[-172.032,-62.506],[-171.192,-62.652],[-171.486,-63.036],[-171.788,-63.419],[-171.812,-63.521],[-170.86,-63.784],[-169.89,-64.042],[-168.901,-64.293],[-167.895,-64.537],[-167.379,-64.659],[-166.858,-64.779]]}},{"type":"Feature","properties":{"boundary_type":"ridge","feature_type":"gpml:MidOceanRidge","polarity":null,"overriding_plate_id":null,"subducting_plate_id":null,"plate_ids":[801,833],"name":"Aust Coast Bound TasmanSpreading Part of AUS TAS DiCaprio"},"geometry":{"type":"LineString","coordinates":[[166.753,-44.808],[166.662,-44.464],[166.572,-44.12],[166.292,-43.895],[166.014,-43.669],[165.668,-43.494],[165.324,-43.318],[165.291,-43.059],[165.577,-42.697],[165.86,-42.334],[166.139,-41.971],[165.804,-41.564],[165.473,-41.157],[165.146,-40.748],[164.952,-40.489],[164.759,-40.229],[164.457,-39.965],[164.157,-39.701],[163.86,-39.435],[163.556,-39.076],[163.256,-38.716],[162.95,-38.419],[162.647,-38.121],[162.253,-37.849],[161.863,-37.576],[161.67,-37.377],[161.479,-37.177]]}},{"type":"Feature","properties":{"boundary_type":"ridge","feature_type":"gpml:MidOceanRidge","polarity":null,"overriding_plate_id":null,"subducting_plate_id":null,"plate_ids":[833,841],"name":"South Loyalty BAB ridge"},"geometry":{"type":"LineString","coordinates":[[174.723,-33.804],[174.406,-34.138],[174.087,-34.471],[173.661,-34.22],[173.238,-33.967],[172.817,-33.713],[172.984,-33.43],[172.534,-33.185],[172.086,-32.938],[171.641,-32.69],[171.198,-32.439],[170.758,-32.188],[170.32,-31.935],[170.481,-31.696],[170.64,-31.456],[170.219,-31.244],[169.8,-31.031],[169.383,-30.816],[168.967,-30.6],[169.078,-30.421],[168.67,-30.209],[168.263,-29.996],[167.878,-29.81],[167.495,-29.623],[167.113,-29.435],[166.733,-29.246]]}},{"type":"Feature","properties":{"boundary_type":"ridge","feature_type":"gpml:MidOceanRidge","polarity":null,"overriding_plate_id":null,"subducting_plate_id":null,"plate_ids":[833,841],"name":"South Loyalty BAB ridge"},"geometry":{"type":"LineString","coordinates":[[-177.058,-42.058],[-176.603,-41.779],[-176.153,-41.499],[-175.706,-41.216],[-175.263,-40.932],[-174.824,-40.647],[-175.137,-40.276],[-175.446,-39.905],[-175.753,-39.532],[-176.056,-39.159],[-176.356,-38.785],[-176.271,-38.732],[-176.468,-38.389],[-176.664,-38.046],[-176.858,-37.703],[-177.05,-37.359],[-177.13,-37.377],[-177.425,-36.959],[-177.716,-36.54],[-178.005,-36.121],[-178.479,-35.879],[-178.612,-36.045],[-179.084,-35.92],[-179.555,-35.794],[179.976,-35.665],[179.508,-35.535],[179.042,-35.403],[178.905,-35.596],[178.44,-35.362],[177.978,-35.126],[177.518,-34.889],[177.061,-34.65],[176.962,-34.846],[176.51,-34.641],[176.06,-34.434],[175.612,-34.226],[175.166,-34.016],[174.723,-33.804]]}},{"type":"Feature","properties":{"boundary_type":"ridge","feature_type":"gpml:MidOceanRidge","polarity":null,"overriding_plate_id":null,"subducting_plate_id":null,"plate_ids":[833,841],"name":"South Loyalty BAB ridge"},"geometry":{"type":"LineString","coordinates":[[-177.058,-42.058],[-176.785,-42.409],[-176.509,-42.759],[-176.23,-43.108],[-175.948,-43.457],[-175.662,-43.804],[-175.478,-43.658],[-175.174,-43.993],[-174.866,-44.328],[-174.554,-44.662],[-174.373,-44.58],[-173.99,-44.902],[-173.603,-45.223],[-173.711,-45.385],[-173.089,-45.627],[-172.462,-45.867]]}},{"type":"Feature","properties":{"boundary_type":"ridge","feature_type":"gpml:MidOceanRidge","polarity":null,"overriding_plate_id":null,"subducting_plate_id":null,"plate_ids":[833,841],"name":"South Loyalty BAB ridge"},"geometry":{"type":"LineString","coordinates":[[-172.462,-45.867],[-172.44,-45.834],[-171.899,-46.019],[-171.354,-46.201],[-170.805,-46.381],[-170.252,-46.558],[-170.166,-46.328],[-169.528,-46.48],[-168.887,-46.628],[-168.242,-46.773],[-167.594,-46.914],[-167.521,-46.776],[-167.12,-46.903],[-166.718,-47.028],[-166.729,-47.188],[-166.302,-47.246],[-166.368,-47.428],[-165.658,-47.551],[-164.946,-47.669],[-164.23,-47.782],[-163.51,-47.891],[-163.457,-47.732],[-162.757,-47.868],[-162.054,-48.0],[-161.348,-48.128],[-160.638,-48.252],[-159.925,-48.371],[-159.208,-48.486],[-158.489,-48.596],[-157.766,-48.702],[-157.635,-48.719]]}},{"type":"Feature","properties":{"boundary_type":"subduction","feature_type":"gpml:SubductionZone","polarity":"Right","overriding_plate_id":802,"subducting_plate_id":904,"plate_ids":[802,904],"name":"Antarctic-Aluk subduction zone"},"geometry":{"type":"LineString","coordinates":[[-68.286,-59.321],[-68.103,-59.263],[-67.387,-59.155],[-66.675,-59.044],[-65.967,-58.928],[-65.265,-58.809],[-64.701,-58.713],[-64.14,-58.616]]}},{"type":"Feature","properties":{"boundary_type":"ridge","feature_type":"gpml:MidOceanRidge","polarity":null,"overriding_plate_id":null,"subducting_plate_id":null,"plate_ids":[501,802],"name":"MOR India-Africa"},"geometry":{"type":"LineString","coordinates":[[52.55,-49.311],[52.75,-49.106]]}},{"type":"Feature","properties":{"boundary_type":"ridge","feature_type":"gpml:MidOceanRidge","polarity":null,"overriding_plate_id":null,"subducting_plate_id":null,"plate_ids":[501,701],"name":"MOR India-Africa"},"geometry":{"type":"LineString","coordinates":[[52.75,-49.106],[53.119,-48.723],[53.483,-48.338],[53.841,-47.953],[54.193,-47.566],[54.541,-47.179],[54.883,-46.79],[55.221,-46.4],[55.429,-46.015],[55.635,-45.629],[55.837,-45.242],[56.037,-44.855],[56.235,-44.468],[56.45,-44.047],[56.663,-43.626],[56.873,-43.204],[57.079,-42.782],[57.284,-42.36],[57.485,-41.937],[57.683,-41.513],[57.88,-41.09],[57.467,-40.766],[57.058,-40.441],[56.653,-40.114],[56.252,-39.787],[55.854,-39.457],[55.461,-39.127],[55.071,-38.795],[55.407,-38.435],[55.739,-38.075],[56.068,-37.714],[56.394,-37.352],[56.016,-37.058],[55.642,-36.763],[55.27,-36.466],[55.563,-36.142],[55.853,-35.817],[56.141,-35.492],[56.426,-35.165],[55.987,-34.848],[55.551,-34.53],[55.118,-34.21],[55.399,-33.809],[55.676,-33.408],[55.951,-33.006],[56.224,-32.604],[56.554,-32.245],[56.881,-31.885],[57.206,-31.525],[57.528,-31.163],[57.114,-30.873],[56.703,-30.581],[56.294,-30.288],[55.888,-29.994],[55.484,-29.698],[55.082,-29.402],[54.683,-29.104],[54.286,-28.805],[53.892,-28.504],[53.581,-28.827],[53.268,-29.148],[52.953,-29.469],[52.602,-29.145],[52.253,-28.819],[51.906,-28.493],[51.562,-28.165],[51.219,-27.837],[50.879,-27.508],[50.54,-27.178],[50.204,-26.848],[50.539,-26.453],[50.871,-26.057],[51.202,-25.66],[51.53,-25.263],[51.267,-24.94],[51.006,-24.617],[50.746,-24.293],[50.488,-23.969],[50.792,-23.622],[51.095,-23.274],[51.396,-22.926],[51.696,-22.577],[51.352,-22.2],[51.01,-21.821],[50.67,-21.443],[50.331,-21.063]]}},{"type":"Feature","properties":{"boundary_type":"ridge","feature_type":"gpml:MidOceanRidge","polarity":null,"overriding_plate_id":null,"subducting_plate_id":null,"plate_ids":[701,802],"name":"Ridge from i at 67.7 at ANT"},"geometry":{"type":"LineString","coordinates":[[-5.571,-64.046],[-4.952,-63.711],[-4.346,-63.373],[-3.755,-63.033],[-3.178,-62.69],[-2.613,-62.345],[-2.062,-61.997],[-1.523,-61.648],[-0.556,-61.819],[0.422,-61.983],[1.411,-62.14],[2.409,-62.29],[3.417,-62.433],[4.435,-62.568],[5.462,-62.696],[6.497,-62.816],[7.54,-62.929],[7.741,-62.696],[7.939,-62.463],[8.681,-62.721],[9.436,-62.976],[9.387,-63.311],[10.285,-63.574],[10.395,-63.868],[11.382,-63.989],[12.377,-64.103],[12.746,-63.852],[13.728,-63.984],[14.718,-64.11],[14.748,-64.391],[15.748,-64.528],[16.759,-64.657],[17.778,-64.78],[17.982,-64.484],[18.181,-64.187],[18.882,-64.215],[19.584,-64.239],[19.826,-63.943],[20.064,-63.645],[20.991,-63.753],[21.925,-63.855],[22.865,-63.951],[23.812,-64.041],[23.988,-63.563],[24.158,-63.084],[24.323,-62.606],[25.105,-62.604],[25.888,-62.598],[26.062,-62.154],[26.231,-61.709],[26.395,-61.265],[27.088,-61.28],[27.781,-61.292],[27.927,-60.9],[28.068,-60.509],[28.207,-60.117],[28.923,-60.066],[29.636,-60.011],[29.756,-59.636],[29.874,-59.26],[29.989,-58.885],[30.686,-58.879],[31.383,-58.869],[31.402,-58.459],[31.42,-58.049],[31.438,-57.639],[32.36,-57.58],[33.279,-57.515],[33.265,-57.264],[33.252,-57.013],[34.147,-56.912],[35.037,-56.806],[35.922,-56.693],[36.801,-56.573],[36.76,-56.162],[36.72,-55.751],[36.681,-55.339],[37.44,-55.289],[38.197,-55.234],[38.952,-55.175],[39.704,-55.111],[40.454,-55.042],[41.202,-54.968],[41.081,-54.699],[40.963,-54.429],[41.759,-54.359],[42.554,-54.284],[43.345,-54.204],[44.133,-54.118],[44.917,-54.028],[44.776,-53.762],[45.267,-53.664],[45.755,-53.565],[45.873,-53.6],[46.611,-53.503],[46.563,-53.246],[46.517,-52.989],[47.295,-52.858],[48.068,-52.721],[48.103,-52.271],[48.137,-51.82],[48.171,-51.37],[48.203,-50.919],[48.235,-50.469],[48.267,-50.018],[48.918,-49.898],[49.565,-49.775],[50.209,-49.648],[50.85,-49.518],[51.487,-49.384],[52.12,-49.247],[52.75,-49.106]]}},{"type":"Feature","properties":{"boundary_type":"subduction","feature_type":"gpml:SubductionZone","polarity":"Left","overriding_plate_id":301,"subducting_plate_id":926,"plate_ids":[301,926],"name":"Okinawa Trough (Ryuku) from EarthByte cob MG 4-20-07"},"geometry":{"type":"LineString","coordinates":[[127.254,30.008],[127.502,30.319],[127.751,30.628],[127.912,31.062],[128.074,31.495],[128.238,31.927],[128.403,32.36],[128.57,32.792],[128.69,33.185],[128.811,33.578],[128.933,33.971],[129.057,34.364],[129.106,34.72],[129.155,35.076],[129.161,35.517],[129.167,35.959],[129.097,36.394],[129.026,36.829],[129.056,37.217],[129.087,37.606]]}},{"type":"Feature","properties":{"boundary_type":"subduction","feature_type":"gpml:SubductionZone","polarity":"Right","overriding_plate_id":308,"subducting_plate_id":701,"plate_ids":[308,701],"name":"Eastern Mediterranean Subduction"},"geometry":{"type":"LineString","coordinates":[[41.088,24.17],[40.646,23.996],[40.205,23.82],[39.765,23.644],[39.326,23.466],[38.888,23.287],[38.451,23.106],[38.016,22.925],[37.582,22.742],[37.158,22.507],[36.736,22.27],[36.315,22.032],[35.916,21.805],[35.519,21.578],[35.123,21.35],[34.729,21.121],[34.335,20.891],[33.867,20.929],[33.397,20.967],[32.928,21.003],[32.458,21.038],[31.971,21.179],[31.482,21.318],[30.992,21.456],[30.56,21.288],[30.129,21.118],[29.699,20.947],[29.27,20.775],[28.842,20.602],[28.415,20.429],[27.989,20.254]]}},{"type":"Feature","properties":{"boundary_type":"subduction","feature_type":"gpml:SubductionZone","polarity":"Left","overriding_plate_id":317,"subducting_plate_id":304,"plate_ids":[304,317],"name":"Pyrenean Sub."},"geometry":{"type":"LineString","coordinates":[[-1.074,34.744],[-0.588,34.627],[-0.105,34.509],[0.378,34.388],[0.859,34.265],[1.339,34.141],[1.908,33.993],[2.475,33.843],[3.04,33.691],[3.603,33.535],[4.028,33.34],[4.452,33.143]]}},{"type":"Feature","properties":{"boundary_type":"subduction","feature_type":"gpml:SubductionZone","polarity":"Left","overriding_plate_id":301,"subducting_plate_id":304,"plate_ids":[301,304],"name":"Pyrenean Sub."},"geometry":{"type":"LineString","coordinates":[[4.452,33.143],[4.935,32.916],[5.397,32.782],[5.856,32.648],[6.315,32.511],[6.772,32.373],[7.299,32.309],[7.825,32.243],[8.351,32.175],[8.754,32.129],[9.156,32.081],[9.558,32.032],[10.074,32.039],[10.591,32.045],[11.025,32.101],[11.46,32.156],[12.029,32.244],[12.598,32.329],[13.169,32.412],[13.74,32.492],[14.313,32.57],[14.886,32.645]]}},{"type":"Feature","properties":{"boundary_type":"subduction","feature_type":"gpml:SubductionZone","polarity":"Left","overriding_plate_id":301,"subducting_plate_id":308,"plate_ids":[301,308],"name":"Vardar Sea Subduction"},"geometry":{"type":"LineString","coordinates":[[26.213,32.671],[26.236,32.292],[26.259,31.913],[26.282,31.535],[26.641,31.15],[26.998,30.765],[27.352,30.378],[27.703,29.991],[28.035,29.657],[28.364,29.323],[28.691,28.987],[29.016,28.651],[29.421,28.519],[29.824,28.385],[30.227,28.25],[30.629,28.114],[31.054,28.101],[31.479,28.086],[32.003,28.079],[32.527,28.071],[33.051,28.061],[33.575,28.049],[33.575,28.049],[34.114,28.084],[34.652,28.117],[35.191,28.148],[35.73,28.176],[36.27,28.203],[36.809,28.228],[37.349,28.25],[37.889,28.271],[38.43,28.289],[38.97,28.305],[39.511,28.319],[40.052,28.331],[40.593,28.34],[41.079,28.363],[41.565,28.385],[42.052,28.404],[42.538,28.422],[43.062,28.295],[43.585,28.166]]}},{"type":"Feature","properties":{"boundary_type":"transform","feature_type":"gpml:Transform","polarity":null,"overriding_plate_id":null,"subducting_plate_id":null,"plate_ids":[308,701],"name":"South DFZ"},"geometry":{"type":"LineString","coordinates":[[18.583,24.731],[19.065,24.728],[19.548,24.722],[20.03,24.716],[20.512,24.707],[20.994,24.698],[21.476,24.686],[21.958,24.673],[22.44,24.659],[22.858,24.605],[23.276,24.55],[23.693,24.493],[24.189,24.444],[24.684,24.393],[25.179,24.341],[25.673,24.287],[25.937,23.904],[26.2,23.522],[26.461,23.139],[26.72,22.755],[26.978,22.371],[27.183,21.948],[27.386,21.525],[27.588,21.101],[27.789,20.678],[27.989,20.254]]}},{"type":"Feature","properties":{"boundary_type":"transform","feature_type":"gpml:Transform","polarity":null,"overriding_plate_id":null,"subducting_plate_id":null,"plate_ids":[304,701],"name":"South Iberia"},"geometry":{"type":"LineString","coordinates":[[-1.68,25.027],[-1.499,24.944],[-0.969,24.952],[-0.439,24.958],[0.091,24.962],[0.621,24.964],[1.151,24.965],[1.681,24.963],[2.211,24.96],[2.741,24.954],[3.271,24.947],[3.801,24.938],[4.331,24.927],[4.86,24.914],[5.393,24.966],[5.926,25.016],[6.459,25.064],[6.993,25.11],[7.527,25.154],[7.91,25.205],[8.293,25.255],[8.677,25.304]]}},{"type":"Feature","properties":{"boundary_type":"transform","feature_type":"gpml:Transform","polarity":null,"overriding_plate_id":null,"subducting_plate_id":null,"plate_ids":[308,701],"name":"South Iberia"},"geometry":{"type":"LineString","coordinates":[[8.677,25.304],[8.805,25.32],[9.305,25.371],[9.806,25.42],[10.307,25.468],[10.809,25.514],[11.311,25.558],[11.813,25.601],[12.315,25.642],[12.841,25.576],[13.366,25.508],[13.891,25.439],[14.415,25.368],[14.938,25.294],[15.461,25.219],[15.983,25.143],[16.504,25.064],[17.025,24.983],[17.545,24.901],[18.065,24.817],[18.583,24.731]]}},{"type":"Feature","properties":{"boundary_type":"transform","feature_type":"gpml:Transform","polarity":null,"overriding_plate_id":null,"subducting_plate_id":null,"plate_ids":[308,701],"name":"Neotethys transform 100Ma"},"geometry":{"type":"LineString","coordinates":[[41.088,24.17],[41.229,24.642],[41.37,25.113],[41.513,25.585],[41.824,25.981],[42.137,26.377],[42.453,26.772],[42.77,27.166],[43.09,27.559]]}},{"type":"Feature","properties":{"boundary_type":"transform","feature_type":"gpml:Transform","polarity":null,"overriding_plate_id":null,"subducting_plate_id":null,"plate_ids":[301,308],"name":"Neotethys transform 100Ma"},"geometry":{"type":"LineString","coordinates":[[43.09,27.559],[43.33,27.852],[43.571,28.145],[43.585,28.166]]}},{"type":"Feature","properties":{"boundary_type":"subduction","feature_type":"gpml:SubductionZone","polarity":"Right","overriding_plate_id":308,"subducting_plate_id":301,"plate_ids":[301,308],"name":"Alpine Subduction"},"geometry":{"type":"LineString","coordinates":[[14.886,32.645],[15.298,32.641],[15.709,32.635],[16.121,32.628],[16.624,32.823],[17.129,33.016],[17.637,33.208],[18.147,33.397],[18.659,33.584],[19.174,33.77],[19.69,33.953],[19.963,34.199],[20.237,34.445],[20.512,34.69],[20.989,34.878],[21.467,35.064],[22.015,35.19],[22.565,35.313],[23.117,35.434],[23.515,35.093],[23.91,34.75],[24.302,34.407],[24.69,34.062],[25.076,33.716],[25.458,33.369],[25.837,33.02],[26.213,32.671]]}},{"type":"Feature","properties":{"boundary_type":"subduction","feature_type":"gpml:SubductionZone","polarity":"Left","overriding_plate_id":304,"subducting_plate_id":308,"plate_ids":[304,308],"name":"Sub. East Ligurian Ocean"},"geometry":{"type":"LineString","coordinates":[[8.677,25.304],[9.072,25.498],[9.468,25.691],[9.865,25.882],[10.264,26.073],[10.703,26.34],[11.144,26.605],[11.587,26.869],[12.032,27.131],[12.539,27.242],[13.048,27.352],[13.557,27.459],[14.067,27.565],[14.578,27.669],[15.09,27.771],[15.106,28.268],[15.121,28.764],[15.137,29.261],[15.153,29.758],[15.171,30.247],[15.19,30.737],[15.209,31.226],[15.227,31.715],[15.058,32.18],[14.886,32.645]]}}]}