{"type":"FeatureCollection","meta":{"model":"Cao2024","reconstruction_time_ma":490.0,"anchor_plate_id":0,"pygplates_version":"1.0.0","tessellate_degrees":0.5,"polarity_convention":"gpml:subductionPolarity. 'Left'/'Right' names the side of the line, in vertex order, on which the OVERRIDING plate lies. Triangles are drawn on that side.","antimeridian":"Lines are NOT split at +/-180 deg. The renderer works in 3D unit vectors where the dateline is not special; splitting would only add spurious breaks. Do not treat this as RFC 7946 GIS-ready 2D data."},"features":[{"type":"Feature","properties":{"boundary_type":"subduction","feature_type":"gpml:SubductionZone","polarity":"Left","overriding_plate_id":404,"subducting_plate_id":302,"plate_ids":[302,404],"name":"Kara-Palaeo asian ocean SZ (was transform)"},"geometry":{"type":"LineString","coordinates":[[-18.996,-33.49],[-18.993,-33.375],[-18.989,-33.261]]}},{"type":"Feature","properties":{"boundary_type":"subduction","feature_type":"gpml:SubductionZone","polarity":"Left","overriding_plate_id":404,"subducting_plate_id":466,"plate_ids":[404,466],"name":"Kara-Palaeo asian ocean SZ (was transform)"},"geometry":{"type":"LineString","coordinates":[[-18.989,-33.261],[-18.976,-32.801],[-18.962,-32.341],[-18.949,-31.881],[-18.936,-31.421],[-18.923,-30.961],[-18.91,-30.501],[-18.897,-30.041],[-18.938,-29.596],[-18.978,-29.151],[-19.018,-28.706],[-19.058,-28.262],[-19.097,-27.817],[-19.136,-27.372],[-19.265,-26.96],[-19.393,-26.548],[-19.521,-26.135],[-19.647,-25.723],[-19.773,-25.311],[-19.897,-24.898]]}},{"type":"Feature","properties":{"boundary_type":"subduction","feature_type":"gpml:SubductionZone","polarity":"Left","overriding_plate_id":4041,"subducting_plate_id":466,"plate_ids":[466,4041],"name":"Kara-Palaeo asian ocean SZ (was transform)"},"geometry":{"type":"LineString","coordinates":[[-19.902,-24.899],[-19.942,-24.748],[-20.078,-24.293],[-20.214,-23.838],[-20.348,-23.382],[-20.481,-22.927],[-20.614,-22.471],[-20.838,-22.038],[-21.06,-21.606],[-21.282,-21.173],[-21.502,-20.739],[-21.72,-20.306],[-21.938,-19.872],[-22.154,-19.438],[-22.369,-19.003],[-22.583,-18.569],[-22.796,-18.134],[-23.008,-17.699],[-23.219,-17.263],[-23.483,-16.929],[-23.746,-16.594],[-24.008,-16.26]]}},{"type":"Feature","properties":{"boundary_type":"subduction","feature_type":"gpml:SubductionZone","polarity":"Right","overriding_plate_id":null,"subducting_plate_id":null,"plate_ids":[401],"name":"Siberia O-O SZ"},"geometry":{"type":"LineString","coordinates":[[-24.891,-4.683],[-24.993,-4.882]]}},{"type":"Feature","properties":{"boundary_type":"subduction","feature_type":"gpml:SubductionZone","polarity":"Right","overriding_plate_id":401,"subducting_plate_id":466,"plate_ids":[401,466],"name":"Siberia O-O SZ"},"geometry":{"type":"LineString","coordinates":[[-24.993,-4.882],[-25.207,-5.297],[-25.421,-5.712],[-25.635,-6.127],[-25.849,-6.542],[-26.064,-6.956],[-26.279,-7.371],[-26.494,-7.785],[-26.71,-8.199],[-26.927,-8.613],[-27.144,-9.027],[-27.361,-9.441],[-27.579,-9.855],[-27.798,-10.269],[-28.017,-10.682],[-28.038,-11.18],[-28.06,-11.678],[-28.081,-12.176],[-28.103,-12.674],[-28.125,-13.172],[-28.147,-13.67],[-28.169,-14.168],[-28.191,-14.666],[-28.213,-15.164],[-28.236,-15.662],[-28.258,-16.161],[-28.281,-16.659],[-28.303,-17.157],[-28.198,-17.608],[-28.092,-18.059],[-27.985,-18.51],[-27.878,-18.96],[-27.77,-19.411]]}},{"type":"Feature","properties":{"boundary_type":"subduction","feature_type":"gpml:SubductionZone","polarity":"Right","overriding_plate_id":101,"subducting_plate_id":902,"plate_ids":[101,902],"name":"Ocean arc outboard of Laurentia"},"geometry":{"type":"LineString","coordinates":[[-146.527,25.427],[-146.0,25.505],[-145.472,25.582],[-144.944,25.657],[-144.415,25.73],[-143.886,25.8],[-143.356,25.87],[-142.825,25.937],[-142.293,26.002],[-141.762,26.065],[-141.229,26.126],[-140.696,26.186],[-140.162,26.243],[-139.628,26.299],[-139.094,26.352],[-138.559,26.403],[-138.023,26.453],[-137.487,26.5],[-136.951,26.546],[-136.414,26.589],[-135.859,26.626],[-135.305,26.66],[-134.749,26.692],[-134.194,26.723],[-133.638,26.751],[-133.082,26.776],[-132.526,26.8],[-131.97,26.821],[-131.413,26.841],[-130.857,26.858],[-130.3,26.873],[-129.743,26.885],[-129.185,26.896],[-128.628,26.904],[-128.071,26.91],[-127.513,26.914],[-126.956,26.916],[-126.399,26.916],[-125.841,26.913],[-125.284,26.909],[-124.726,26.902],[-124.169,26.892],[-123.612,26.881],[-123.055,26.868],[-122.498,26.852],[-121.941,26.834],[-121.385,26.814],[-120.829,26.792],[-120.272,26.767],[-119.717,26.741],[-119.161,26.712],[-118.606,26.681],[-118.071,26.545],[-117.537,26.406],[-117.004,26.265],[-116.473,26.123],[-115.943,25.979],[-115.414,25.832],[-114.887,25.684],[-114.361,25.534],[-113.836,25.382],[-113.313,25.228],[-112.791,25.072],[-112.27,24.915],[-111.75,24.756],[-111.232,24.594],[-110.716,24.432],[-110.2,24.267],[-109.686,24.101],[-109.174,23.933],[-108.662,23.763],[-108.152,23.591],[-107.643,23.418],[-107.136,23.243],[-106.63,23.067],[-106.125,22.889],[-105.622,22.71],[-105.12,22.528],[-104.619,22.346],[-104.12,22.162],[-103.622,21.976],[-103.246,21.631],[-102.871,21.286],[-102.499,20.94],[-102.128,20.594],[-101.758,20.246],[-101.391,19.898],[-101.025,19.549],[-100.66,19.199],[-100.297,18.848],[-99.936,18.497],[-99.576,18.145],[-99.218,17.792],[-98.861,17.439],[-98.505,17.085],[-98.151,16.731],[-97.798,16.376],[-97.446,16.02],[-97.096,15.664],[-96.746,15.307],[-96.398,14.95],[-96.052,14.592],[-95.706,14.233],[-95.217,14.08],[-94.73,13.926],[-94.242,13.771],[-93.756,13.616],[-93.27,13.459],[-92.785,13.301],[-92.3,13.142],[-91.816,12.983],[-91.393,13.0],[-90.97,13.017]]}},{"type":"Feature","properties":{"boundary_type":"subduction","feature_type":"gpml:SubductionZone","polarity":"Right","overriding_plate_id":1018,"subducting_plate_id":173,"plate_ids":[173,1018],"name":"Penobscot arc"},"geometry":{"type":"LineString","coordinates":[[-102.298,-42.791],[-101.759,-42.956],[-101.218,-43.118],[-100.674,-43.278],[-100.089,-43.536],[-99.5,-43.791],[-98.905,-44.043],[-98.306,-44.292],[-97.701,-44.537],[-97.091,-44.78],[-96.477,-45.019],[-95.857,-45.255],[-95.232,-45.487],[-94.601,-45.716],[-93.966,-45.942],[-93.326,-46.163],[-92.68,-46.382],[-92.029,-46.596],[-91.373,-46.807],[-90.712,-47.015],[-90.046,-47.218],[-89.623,-47.414],[-89.196,-47.609]]}},{"type":"Feature","properties":{"boundary_type":"subduction","feature_type":"gpml:SubductionZone","polarity":"Right","overriding_plate_id":1018,"subducting_plate_id":302,"plate_ids":[302,1018],"name":"Penobscot arc"},"geometry":{"type":"LineString","coordinates":[[-89.196,-47.609],[-88.64,-47.859],[-88.078,-48.106],[-87.51,-48.35],[-86.938,-48.592],[-86.36,-48.83],[-85.776,-49.066],[-85.187,-49.299],[-84.592,-49.528],[-84.016,-49.835],[-83.432,-50.139],[-82.841,-50.44],[-82.243,-50.738],[-81.637,-51.033],[-81.023,-51.325],[-80.402,-51.614],[-79.772,-51.899],[-79.135,-52.181],[-78.489,-52.459],[-77.835,-52.734],[-77.245,-53.034],[-76.646,-53.332],[-76.038,-53.627],[-75.422,-53.919],[-74.798,-54.207],[-74.165,-54.492],[-73.523,-54.774],[-72.872,-55.052],[-72.212,-55.327],[-71.543,-55.598],[-70.864,-55.866],[-70.176,-56.13],[-69.479,-56.39]]}},{"type":"Feature","properties":{"boundary_type":"subduction","feature_type":"gpml:SubductionZone","polarity":"Right","overriding_plate_id":184,"subducting_plate_id":173,"plate_ids":[173,184],"name":"Penobscot subduction zone"},"geometry":{"type":"LineString","coordinates":[[-120.613,-29.055],[-120.358,-29.23],[-120.102,-29.404],[-119.682,-29.692],[-119.26,-29.978],[-118.835,-30.263],[-118.408,-30.547],[-117.978,-30.83],[-117.546,-31.111],[-117.111,-31.39],[-116.674,-31.668],[-116.234,-31.945],[-115.791,-32.22],[-115.346,-32.494],[-114.939,-32.855],[-114.528,-33.216],[-114.114,-33.575],[-113.697,-33.933],[-113.276,-34.29],[-112.851,-34.645],[-112.423,-34.998],[-111.991,-35.35],[-111.555,-35.7],[-111.116,-36.049],[-110.672,-36.396],[-110.225,-36.742],[-109.773,-37.086],[-109.318,-37.428],[-108.858,-37.768],[-108.394,-38.107],[-107.926,-38.444],[-107.518,-38.787],[-107.106,-39.13],[-106.691,-39.471],[-106.271,-39.81],[-105.847,-40.148],[-105.419,-40.484],[-104.987,-40.819],[-104.55,-41.152],[-104.109,-41.483],[-103.663,-41.813],[-103.213,-42.141],[-102.758,-42.467],[-102.298,-42.791]]}},{"type":"Feature","properties":{"boundary_type":"subduction","feature_type":"gpml:SubductionZone","polarity":"Right","overriding_plate_id":184,"subducting_plate_id":1018,"plate_ids":[184,1018],"name":"Penobscot subduction zone"},"geometry":{"type":"LineString","coordinates":[[-102.298,-42.791],[-101.925,-43.051],[-101.548,-43.31],[-101.168,-43.567],[-100.785,-43.823]]}},{"type":"Feature","properties":{"boundary_type":"subduction","feature_type":"gpml:SubductionZone","polarity":"Right","overriding_plate_id":101,"subducting_plate_id":173,"plate_ids":[101,173],"name":"Laurentian subduction zone"},"geometry":{"type":"LineString","coordinates":[[-151.592,-21.57],[-152.107,-21.594],[-152.622,-21.616],[-153.138,-21.637],[-153.64,-21.637],[-154.142,-21.635],[-154.644,-21.632],[-155.146,-21.627],[-155.648,-21.621],[-156.056,-21.565],[-156.463,-21.508],[-156.871,-21.45]]}},{"type":"Feature","properties":{"boundary_type":"subduction","feature_type":"gpml:SubductionZone","polarity":"Right","overriding_plate_id":701,"subducting_plate_id":919,"plate_ids":[701,919],"name":"Early Famatinian subduction zone?"},"geometry":{"type":"LineString","coordinates":[[176.623,-21.067],[176.784,-21.035],[177.315,-21.008],[177.846,-20.98],[178.377,-20.95],[178.908,-20.918],[179.439,-20.885],[179.969,-20.85],[-179.501,-20.813],[-178.971,-20.775],[-178.442,-20.735],[-177.912,-20.693],[-177.383,-20.65],[-176.855,-20.605],[-176.326,-20.559],[-175.798,-20.511],[-175.271,-20.462],[-174.818,-20.387],[-174.366,-20.311],[-173.915,-20.234],[-173.464,-20.155],[-173.013,-20.076],[-172.527,-20.005],[-172.042,-19.933],[-171.557,-19.86],[-171.073,-19.786],[-170.589,-19.71],[-170.106,-19.633],[-169.61,-19.786],[-169.114,-19.938],[-168.617,-20.088],[-168.119,-20.237],[-167.619,-20.385],[-167.292,-20.698],[-166.963,-21.011],[-166.633,-21.323],[-166.302,-21.635],[-165.969,-21.946],[-165.612,-22.312],[-165.254,-22.677],[-164.893,-23.041],[-164.531,-23.404],[-164.167,-23.766],[-163.8,-24.128],[-163.452,-24.481],[-163.102,-24.832],[-162.75,-25.183],[-162.395,-25.533],[-162.039,-25.882],[-161.681,-26.231],[-161.32,-26.578],[-160.936,-26.868],[-160.55,-27.157],[-160.162,-27.445],[-159.772,-27.731],[-159.381,-28.017],[-158.986,-28.301],[-158.59,-28.585],[-158.192,-28.867],[-157.719,-29.079],[-157.245,-29.29],[-156.769,-29.499],[-156.29,-29.706],[-155.81,-29.912],[-155.327,-30.116],[-154.843,-30.318],[-154.357,-30.518]]}},{"type":"Feature","properties":{"boundary_type":"subduction","feature_type":"gpml:SubductionZone","polarity":"Right","overriding_plate_id":101,"subducting_plate_id":173,"plate_ids":[101,173],"name":"Dashwoods subduction zone"},"geometry":{"type":"LineString","coordinates":[[-101.848,-26.34],[-102.146,-26.456],[-102.443,-26.57],[-102.899,-26.821],[-103.357,-27.07],[-103.817,-27.318],[-104.302,-27.502],[-104.787,-27.685],[-105.275,-27.865],[-105.764,-28.044],[-106.255,-28.222],[-106.747,-28.397],[-107.241,-28.571],[-107.703,-28.716],[-108.166,-28.859],[-108.631,-29.001],[-109.097,-29.141],[-109.564,-29.28],[-110.033,-29.417],[-110.502,-29.552],[-110.998,-29.552],[-111.493,-29.55],[-111.988,-29.547],[-112.483,-29.541],[-112.977,-29.534],[-113.472,-29.525],[-113.967,-29.514],[-114.482,-29.357],[-114.995,-29.198],[-115.507,-29.037],[-116.017,-28.874],[-116.526,-28.709],[-117.033,-28.542],[-117.571,-28.424],[-118.107,-28.303],[-118.643,-28.179],[-119.177,-28.054],[-119.71,-27.927],[-120.242,-27.798],[-120.772,-27.666],[-121.307,-27.582],[-121.84,-27.495],[-122.373,-27.406],[-122.905,-27.315],[-123.271,-27.111],[-123.636,-26.907],[-123.999,-26.701],[-124.361,-26.495],[-124.843,-26.319],[-125.323,-26.141],[-125.802,-25.961],[-126.279,-25.78],[-126.754,-25.597],[-127.229,-25.413],[-127.702,-25.227],[-128.173,-25.04],[-128.667,-24.913],[-129.159,-24.786],[-129.651,-24.656],[-130.141,-24.525],[-130.631,-24.392],[-131.119,-24.258],[-131.607,-24.122],[-132.093,-23.984],[-132.57,-23.896],[-133.046,-23.806],[-133.522,-23.715],[-133.997,-23.623],[-134.471,-23.529],[-134.944,-23.433],[-135.417,-23.337],[-135.889,-23.238],[-136.349,-23.159],[-136.809,-23.078],[-137.267,-22.996],[-137.256,-22.989]]}},{"type":"Feature","properties":{"boundary_type":"subduction","feature_type":"gpml:SubductionZone","polarity":"Right","overriding_plate_id":101,"subducting_plate_id":173,"plate_ids":[101,173],"name":"Dashwoods subduction zone"},"geometry":{"type":"LineString","coordinates":[[-137.256,-22.989],[-137.244,-22.982],[-137.747,-22.918],[-138.25,-22.852],[-138.752,-22.784],[-139.254,-22.715],[-139.767,-22.646],[-140.28,-22.576],[-140.793,-22.504],[-141.305,-22.43],[-141.816,-22.355],[-142.327,-22.278],[-142.838,-22.2],[-143.339,-22.124],[-143.841,-22.047],[-144.341,-21.968],[-144.841,-21.888],[-145.341,-21.806],[-145.84,-21.723],[-146.339,-21.638],[-146.836,-21.552],[-147.334,-21.464],[-147.764,-21.423],[-148.195,-21.382],[-148.625,-21.339],[-149.055,-21.295],[-149.484,-21.25],[-149.938,-21.294],[-150.393,-21.337],[-150.847,-21.378],[-151.302,-21.418],[-151.552,-21.456]]}},{"type":"Feature","properties":{"boundary_type":"subduction","feature_type":"gpml:SubductionZone","polarity":"Right","overriding_plate_id":173,"subducting_plate_id":101,"plate_ids":[101,173],"name":"peri-Laurentian subduction zone"},"geometry":{"type":"LineString","coordinates":[[-101.848,-26.34],[-101.803,-25.845],[-101.758,-25.35],[-101.713,-24.855],[-101.669,-24.359],[-101.625,-23.864],[-101.582,-23.369],[-101.538,-22.874],[-101.385,-22.447],[-101.232,-22.021],[-101.08,-21.595],[-100.929,-21.168],[-100.779,-20.741],[-100.63,-20.314],[-100.481,-19.887],[-100.13,-19.594],[-99.78,-19.301],[-99.431,-19.007],[-99.083,-18.712],[-98.737,-18.416],[-98.392,-18.12],[-98.002,-17.828],[-97.613,-17.535],[-97.226,-17.241],[-96.84,-16.946],[-96.455,-16.651],[-96.072,-16.355],[-95.689,-16.058],[-95.308,-15.761],[-94.91,-15.478],[-94.512,-15.194],[-94.116,-14.909],[-93.721,-14.624],[-93.327,-14.338],[-92.934,-14.051],[-92.542,-13.764],[-92.151,-13.476],[-91.735,-13.238],[-91.319,-12.999],[-90.904,-12.76],[-90.49,-12.519],[-90.077,-12.279],[-89.664,-12.037],[-89.253,-11.795],[-88.814,-11.616],[-88.377,-11.437],[-87.94,-11.256],[-87.503,-11.076],[-87.068,-10.894],[-86.632,-10.712],[-86.197,-10.529],[-85.763,-10.346],[-85.329,-10.162],[-84.84,-10.187],[-84.351,-10.211],[-83.861,-10.235],[-83.372,-10.258],[-82.882,-10.28],[-82.393,-10.302]]}},{"type":"Feature","properties":{"boundary_type":"subduction","feature_type":"gpml:SubductionZone","polarity":"Left","overriding_plate_id":null,"subducting_plate_id":null,"plate_ids":[919,22601],"name":"subduction zone outboard Cuyania"},"geometry":{"type":"LineString","coordinates":[[-153.8,-30.094],[-153.547,-30.388]]}},{"type":"Feature","properties":{"boundary_type":"subduction","feature_type":"gpml:SubductionZone","polarity":"Left","overriding_plate_id":701,"subducting_plate_id":919,"plate_ids":[701,919],"name":"New Zealand SZ (SE eastern Gondwanaland)"},"geometry":{"type":"LineString","coordinates":[[162.584,-13.687],[162.079,-13.68],[161.722,-13.36],[161.365,-13.039],[161.01,-12.718],[160.655,-12.396],[160.301,-12.074],[159.948,-11.752],[159.596,-11.429],[159.245,-11.105],[158.823,-10.83],[158.403,-10.555],[157.983,-10.279],[157.564,-10.002],[157.146,-9.725],[156.728,-9.447],[156.311,-9.169],[155.895,-8.891],[155.479,-8.612],[155.142,-8.27],[154.806,-7.928],[154.471,-7.586],[154.136,-7.244],[153.801,-6.902],[153.467,-6.559],[153.134,-6.216],[152.801,-5.873],[152.468,-5.53],[152.239,-5.129],[152.01,-4.728],[151.782,-4.328],[151.554,-3.927],[151.326,-3.526],[151.099,-3.125],[150.871,-2.724],[150.644,-2.323],[150.417,-1.922],[150.189,-1.521],[149.962,-1.12],[149.663,-0.748],[149.364,-0.375],[149.065,-0.002],[148.766,0.37],[148.467,0.743],[148.168,1.116],[147.869,1.488],[147.569,1.861],[147.27,2.234],[146.97,2.606],[146.67,2.978],[146.37,3.351],[146.07,3.723],[145.77,4.095],[145.424,4.449],[145.077,4.802],[144.73,5.155],[144.383,5.509],[144.036,5.861],[143.688,6.214],[143.339,6.566],[142.99,6.919],[142.641,7.271],[142.29,7.622],[141.94,7.974],[141.589,8.325],[141.318,8.669],[141.048,9.013],[140.777,9.356],[140.505,9.7],[140.233,10.043],[139.96,10.386],[139.687,10.728],[139.259,10.937],[138.831,11.145],[138.382,11.291],[137.934,11.436],[137.484,11.58],[137.034,11.724],[136.584,11.867],[136.133,12.009],[135.682,12.151],[135.23,12.291]]}},{"type":"Feature","properties":{"boundary_type":"subduction","feature_type":"gpml:SubductionZone","polarity":"Left","overriding_plate_id":701,"subducting_plate_id":919,"plate_ids":[701,919],"name":"West Gondwana (Panthalassa) subduction zone"},"geometry":{"type":"LineString","coordinates":[[176.623,-21.067],[176.162,-20.822],[175.701,-20.575],[175.242,-20.328],[174.785,-20.079],[174.329,-19.829],[173.874,-19.578],[173.421,-19.326],[172.969,-19.073],[172.458,-18.985],[171.948,-18.897],[171.438,-18.806],[170.928,-18.715],[170.42,-18.622],[169.911,-18.528],[169.404,-18.432],[168.896,-18.335],[168.39,-18.237],[167.884,-18.137],[167.378,-18.036],[166.874,-17.933],[166.369,-17.83],[165.866,-17.725],[165.363,-17.619],[164.86,-17.511],[164.358,-17.403],[164.158,-16.99],[163.958,-16.578],[163.759,-16.166],[163.562,-15.753],[163.365,-15.34],[163.168,-14.927],[162.973,-14.514],[162.778,-14.1],[162.584,-13.687]]}},{"type":"Feature","properties":{"boundary_type":"subduction","feature_type":"gpml:SubductionZone","polarity":"Right","overriding_plate_id":701,"subducting_plate_id":302,"plate_ids":[302,701],"name":"ocean-ocean convergence"},"geometry":{"type":"LineString","coordinates":[[-6.455,-60.263],[-5.529,-60.261],[-4.603,-60.253],[-3.677,-60.239],[-2.752,-60.218],[-1.829,-60.191],[-0.907,-60.158],[0.012,-60.118],[0.93,-60.071],[1.844,-60.019],[2.755,-59.96],[3.663,-59.895],[4.425,-59.65],[5.175,-59.4],[5.914,-59.146],[6.642,-58.888],[7.359,-58.626],[8.066,-58.361],[8.762,-58.091],[9.057,-57.832]]}},{"type":"Feature","properties":{"boundary_type":"subduction","feature_type":"gpml:SubductionZone","polarity":"Right","overriding_plate_id":466,"subducting_plate_id":302,"plate_ids":[302,466],"name":"ocean-ocean convergence"},"geometry":{"type":"LineString","coordinates":[[9.057,-57.832],[9.48,-57.451],[9.895,-57.07],[10.301,-56.687],[10.699,-56.303],[11.089,-55.917],[11.471,-55.53],[11.846,-55.142],[12.049,-54.711],[12.247,-54.278],[12.441,-53.846],[12.632,-53.413],[12.818,-52.98],[13.001,-52.546],[13.022,-52.056],[13.043,-51.565],[13.063,-51.075],[13.082,-50.585],[13.102,-50.094],[13.121,-49.604],[13.139,-49.113],[13.0,-48.708],[12.863,-48.303],[12.728,-47.898],[12.595,-47.492]]}},{"type":"Feature","properties":{"boundary_type":"subduction","feature_type":"gpml:SubductionZone","polarity":"Right","overriding_plate_id":701,"subducting_plate_id":926,"plate_ids":[701,926],"name":"SZ along eastern Gondwanaland"},"geometry":{"type":"LineString","coordinates":[[89.747,5.786],[90.036,6.118],[90.325,6.451],[90.615,6.783],[90.905,7.114],[91.196,7.446],[91.487,7.777],[91.778,8.109],[92.08,8.503],[92.382,8.896],[92.685,9.29],[92.988,9.683],[93.292,10.076],[93.597,10.469],[93.903,10.861],[94.209,11.253],[94.516,11.645],[94.824,12.036],[95.133,12.428],[95.443,12.818],[95.754,13.209],[96.066,13.599],[96.379,13.988],[96.693,14.378],[97.008,14.766],[97.325,15.155],[97.642,15.543],[97.961,15.93],[98.28,16.317],[98.601,16.704],[98.924,17.09],[99.248,17.475],[99.573,17.86],[99.994,18.147],[100.418,18.434],[100.842,18.719],[101.268,19.003],[101.696,19.286],[102.125,19.569],[102.556,19.85],[102.988,20.13],[103.421,20.409],[103.856,20.687],[104.293,20.964],[104.761,21.188],[105.23,21.41],[105.701,21.631],[106.173,21.851],[106.647,22.069],[107.122,22.286],[107.598,22.502],[108.076,22.716],[108.556,22.929],[109.036,23.14],[109.534,23.283],[110.032,23.424],[110.531,23.564],[111.032,23.702],[111.533,23.838],[112.035,23.973],[112.539,24.106],[113.043,24.237],[113.549,24.367],[114.056,24.495],[114.563,24.621],[115.075,24.714],[115.588,24.805],[116.102,24.894],[116.616,24.982],[117.131,25.067],[117.647,25.151],[118.163,25.233],[118.68,25.314],[119.198,25.392],[119.716,25.469],[120.235,25.544],[120.755,25.617],[121.275,25.688],[121.796,25.757],[122.318,25.825],[122.84,25.891],[123.363,25.954],[123.886,26.016],[124.427,25.98],[124.968,25.941],[125.508,25.9],[126.048,25.858],[126.588,25.813],[127.127,25.766],[127.666,25.718],[128.204,25.667],[128.73,25.579],[129.255,25.49],[129.779,25.398],[130.302,25.305],[130.825,25.209],[131.346,25.112],[131.867,25.013],[132.387,24.913],[132.907,24.81],[133.385,24.642],[133.862,24.473],[134.338,24.302],[134.812,24.13],[135.285,23.956],[135.757,23.781],[136.228,23.604],[136.697,23.426],[137.165,23.246],[137.632,23.066]]}},{"type":"Feature","properties":{"boundary_type":"subduction","feature_type":"gpml:SubductionZone","polarity":"Right","overriding_plate_id":457,"subducting_plate_id":580,"plate_ids":[457,580],"name":"West Kunlun SZ"},"geometry":{"type":"LineString","coordinates":[[70.904,-42.713],[70.907,-42.268],[70.91,-41.824],[70.913,-41.379],[70.916,-40.935],[70.919,-40.49],[70.922,-40.046],[70.924,-39.601],[70.927,-39.157],[71.012,-38.704],[71.096,-38.251],[71.133,-37.76],[71.17,-37.269],[70.966,-37.003],[70.763,-36.738],[70.41,-36.378],[70.059,-36.017],[69.712,-35.655],[69.368,-35.292],[69.027,-34.929],[68.897,-34.467],[68.769,-34.006]]}},{"type":"Feature","properties":{"boundary_type":"subduction","feature_type":"gpml:SubductionZone","polarity":"Right","overriding_plate_id":null,"subducting_plate_id":null,"plate_ids":[580],"name":"West Kunlun SZ"},"geometry":{"type":"LineString","coordinates":[[68.769,-34.006],[68.652,-33.584],[68.537,-33.162],[68.423,-32.74]]}},{"type":"Feature","properties":{"boundary_type":"subduction","feature_type":"gpml:SubductionZone","polarity":"Left","overriding_plate_id":null,"subducting_plate_id":null,"plate_ids":[902],"name":"Kuznetsk-Alatau & North Sayan & Chingiz (?) subduction zone"},"geometry":{"type":"LineString","coordinates":[[-24.591,-4.924],[-24.891,-4.683]]}},{"type":"Feature","properties":{"boundary_type":"subduction","feature_type":"gpml:SubductionZone","polarity":"Left","overriding_plate_id":401,"subducting_plate_id":902,"plate_ids":[401,902],"name":"Kuznetsk-Alatau & North Sayan & Chingiz (?) subduction zone"},"geometry":{"type":"LineString","coordinates":[[-24.891,-4.683],[-25.198,-4.436],[-25.504,-4.188],[-25.811,-3.94],[-26.212,-3.8],[-26.614,-3.659],[-27.015,-3.518],[-27.416,-3.377],[-27.817,-3.236],[-28.216,-3.104],[-28.616,-2.973],[-29.015,-2.841],[-29.414,-2.709],[-29.813,-2.577],[-30.212,-2.445],[-30.675,-2.339],[-31.138,-2.234],[-31.6,-2.128],[-32.063,-2.022],[-32.526,-1.916],[-32.93,-1.86],[-33.334,-1.804],[-33.739,-1.747],[-34.143,-1.691]]}},{"type":"Feature","properties":{"boundary_type":"subduction","feature_type":"gpml:SubductionZone","polarity":"Left","overriding_plate_id":401,"subducting_plate_id":4100,"plate_ids":[401,4100],"name":"Kuznetsk-Alatau & North Sayan & Chingiz (?) subduction zone"},"geometry":{"type":"LineString","coordinates":[[-34.143,-1.691],[-34.413,-1.653],[-34.684,-1.615],[-35.173,-1.641],[-35.663,-1.667],[-36.152,-1.693],[-36.642,-1.719],[-37.131,-1.745],[-37.28,-1.717]]}},{"type":"Feature","properties":{"boundary_type":"subduction","feature_type":"gpml:SubductionZone","polarity":"Right","overriding_plate_id":401,"subducting_plate_id":4100,"plate_ids":[401,4100],"name":"South Siberia subduction zone"},"geometry":{"type":"LineString","coordinates":[[-64.899,7.124],[-64.423,7.02],[-63.947,6.915],[-63.471,6.809],[-62.995,6.703],[-62.52,6.597],[-62.045,6.49],[-61.57,6.383],[-61.095,6.275],[-60.62,6.167],[-60.149,6.144],[-59.678,6.121],[-59.207,6.097],[-58.736,6.073],[-58.265,6.049],[-57.794,6.024],[-57.324,5.998],[-56.853,5.973],[-56.382,5.947],[-55.912,5.92],[-55.441,5.893],[-54.97,5.866],[-54.5,5.839],[-54.041,5.875],[-53.582,5.91],[-53.122,5.946],[-52.663,5.98],[-52.204,6.015],[-51.744,6.049],[-51.285,6.083],[-50.825,6.116],[-50.366,6.149],[-49.906,6.182],[-49.461,6.169],[-49.016,6.155],[-48.571,6.141],[-48.126,6.126],[-47.682,6.112],[-47.237,6.097],[-46.792,6.081],[-46.347,6.065],[-45.92,5.968],[-45.493,5.87],[-45.066,5.772],[-44.64,5.673],[-44.213,5.574],[-43.787,5.475],[-43.336,5.294],[-42.886,5.112],[-42.436,4.93],[-41.986,4.747],[-41.656,4.537],[-41.326,4.327],[-40.997,4.116],[-40.668,3.906],[-40.446,3.494],[-40.225,3.082],[-40.003,2.67],[-39.676,2.357],[-39.349,2.043],[-39.022,1.73],[-38.695,1.416],[-38.369,1.102],[-38.042,0.789],[-37.715,0.475],[-37.389,0.161],[-37.062,-0.152],[-36.736,-0.466]]}},{"type":"Feature","properties":{"boundary_type":"subduction","feature_type":"gpml:SubductionZone","polarity":"Right","overriding_plate_id":401,"subducting_plate_id":902,"plate_ids":[401,902],"name":"South CMT subduction zone"},"geometry":{"type":"LineString","coordinates":[[-80.101,8.908],[-79.66,9.091],[-79.22,9.272],[-78.778,9.453],[-78.314,9.614],[-77.849,9.774],[-77.384,9.933],[-76.919,10.092],[-76.453,10.25],[-75.987,10.407],[-75.52,10.564],[-75.052,10.72],[-74.585,10.875],[-74.116,11.03],[-73.64,11.19],[-73.164,11.349],[-72.686,11.508],[-72.209,11.666],[-71.731,11.823],[-71.252,11.98],[-70.772,12.135],[-70.293,12.29],[-69.812,12.444],[-69.331,12.597],[-68.85,12.749],[-68.367,12.901],[-67.885,13.051],[-67.401,13.201],[-66.918,13.263],[-66.434,13.325],[-65.95,13.385],[-65.466,13.445],[-64.982,13.504],[-64.497,13.562],[-64.012,13.618],[-63.527,13.674],[-63.042,13.73]]}},{"type":"Feature","properties":{"boundary_type":"subduction","feature_type":"gpml:SubductionZone","polarity":"Right","overriding_plate_id":4100,"subducting_plate_id":902,"plate_ids":[902,4100],"name":"South CMT subduction zone"},"geometry":{"type":"LineString","coordinates":[[-63.042,13.73],[-62.684,13.769],[-62.327,13.809],[-61.823,13.863],[-61.32,13.917],[-60.816,13.97],[-60.312,14.021],[-59.807,14.072],[-59.303,14.121],[-58.798,14.17],[-58.293,14.217],[-57.787,14.263],[-57.282,14.309],[-56.776,14.353],[-56.262,14.307],[-55.749,14.26],[-55.236,14.212],[-54.722,14.163],[-54.21,14.113],[-53.697,14.061],[-53.184,14.009],[-52.672,13.956],[-52.16,13.901],[-51.649,13.846],[-51.137,13.789],[-50.626,13.731],[-50.115,13.672],[-49.635,13.531],[-49.156,13.389],[-48.677,13.246],[-48.199,13.102],[-47.721,12.957],[-47.244,12.811],[-46.768,12.664],[-46.292,12.517],[-45.817,12.369],[-45.342,12.219],[-44.868,12.069],[-44.394,11.919],[-43.921,11.767],[-43.448,11.615],[-42.976,11.462],[-42.504,11.308],[-42.088,11.084],[-41.672,10.859],[-41.257,10.634],[-40.843,10.408],[-40.429,10.182],[-40.016,9.956],[-39.603,9.728],[-39.191,9.501],[-38.779,9.272],[-38.38,8.997],[-37.981,8.721],[-37.583,8.445],[-37.185,8.168],[-36.788,7.891],[-36.391,7.613],[-35.995,7.335],[-35.599,7.057],[-35.204,6.779],[-34.921,6.381],[-34.639,5.984],[-34.358,5.586],[-34.076,5.188],[-33.795,4.79],[-33.515,4.392],[-33.234,3.994]]}},{"type":"Feature","properties":{"boundary_type":"subduction","feature_type":"gpml:SubductionZone","polarity":"Left","overriding_plate_id":4100,"subducting_plate_id":902,"plate_ids":[902,4100],"name":"Lake subduction zone"},"geometry":{"type":"LineString","coordinates":[[-34.143,-1.691],[-34.076,-1.361],[-33.926,-0.888],[-33.775,-0.414],[-33.625,0.059],[-33.474,0.533],[-33.414,0.97],[-33.353,1.407],[-33.292,1.844],[-33.232,2.281],[-33.171,2.719],[-33.192,3.144],[-33.213,3.569],[-33.234,3.994]]}},{"type":"Feature","properties":{"boundary_type":"subduction","feature_type":"gpml:SubductionZone","polarity":"Right","overriding_plate_id":404,"subducting_plate_id":4041,"plate_ids":[404,4041],"name":"North Kara subduction zone"},"geometry":{"type":"LineString","coordinates":[[-37.507,-28.804],[-36.967,-28.704],[-36.427,-28.603],[-35.889,-28.499],[-35.352,-28.393],[-34.816,-28.285],[-34.281,-28.175],[-33.86,-27.985],[-33.441,-27.794],[-33.023,-27.602],[-32.607,-27.409],[-32.192,-27.214],[-31.824,-26.902],[-31.458,-26.59],[-31.093,-26.277],[-30.731,-25.962],[-30.306,-25.832],[-29.881,-25.699],[-29.457,-25.566],[-29.034,-25.431],[-28.612,-25.296],[-28.147,-25.364],[-27.681,-25.431],[-27.214,-25.497],[-26.748,-25.561],[-26.28,-25.624],[-25.73,-25.572],[-25.181,-25.517],[-24.632,-25.461],[-24.084,-25.402],[-23.536,-25.342],[-22.988,-25.279],[-22.442,-25.214],[-21.895,-25.148],[-21.35,-25.079],[-20.805,-25.009],[-20.261,-24.936],[-19.902,-24.899]]}},{"type":"Feature","properties":{"boundary_type":"subduction","feature_type":"gpml:SubductionZone","polarity":"Right","overriding_plate_id":404,"subducting_plate_id":466,"plate_ids":[404,466],"name":"North Kara subduction zone"},"geometry":{"type":"LineString","coordinates":[[-19.902,-24.899],[-19.897,-24.898]]}},{"type":"Feature","properties":{"boundary_type":"subduction","feature_type":"gpml:SubductionZone","polarity":"Left","overriding_plate_id":460,"subducting_plate_id":466,"plate_ids":[460,466],"name":"North Tianshan SZ"},"geometry":{"type":"LineString","coordinates":[[-4.166,-10.897],[-3.719,-10.902],[-3.273,-10.907],[-2.827,-10.911],[-2.38,-10.914],[-1.934,-10.917],[-1.437,-10.922],[-0.94,-10.926],[-0.443,-10.929],[0.054,-10.932],[0.551,-10.933],[1.048,-10.934],[1.545,-10.934],[2.042,-10.934],[2.539,-10.932],[3.036,-10.93],[3.505,-10.86],[3.974,-10.789],[4.442,-10.718],[4.91,-10.646],[5.378,-10.573],[5.846,-10.5],[6.288,-10.52],[6.73,-10.539],[7.172,-10.559]]}},{"type":"Feature","properties":{"boundary_type":"subduction","feature_type":"gpml:SubductionZone","polarity":"Left","overriding_plate_id":460,"subducting_plate_id":459,"plate_ids":[459,460],"name":"North Tianshan SZ"},"geometry":{"type":"LineString","coordinates":[[7.172,-10.559],[7.608,-10.577],[8.044,-10.594],[8.479,-10.611],[8.915,-10.628],[9.351,-10.643],[9.787,-10.658],[10.239,-10.654],[10.691,-10.648],[11.143,-10.642],[11.595,-10.635],[12.047,-10.628],[12.499,-10.62],[12.951,-10.611],[13.403,-10.602],[13.892,-10.48],[14.382,-10.358],[14.871,-10.234],[15.359,-10.11],[15.847,-9.985],[16.335,-9.86],[16.831,-9.824],[17.326,-9.788],[17.822,-9.752],[18.317,-9.715],[18.812,-9.676],[19.307,-9.638],[19.802,-9.598],[20.146,-9.509],[20.49,-9.419],[20.791,-9.111],[21.092,-8.802],[21.34,-8.457],[21.588,-8.111],[21.827,-7.723],[22.219,-7.498],[22.61,-7.272],[23.001,-7.046],[23.392,-6.82],[23.745,-6.615],[24.099,-6.41],[24.452,-6.205],[24.805,-6.0]]}},{"type":"Feature","properties":{"boundary_type":"subduction","feature_type":"gpml:SubductionZone","polarity":"Left","overriding_plate_id":460,"subducting_plate_id":5801,"plate_ids":[460,5801],"name":"North Tianshan SZ"},"geometry":{"type":"LineString","coordinates":[[24.805,-6.0],[25.089,-5.834],[25.374,-5.668]]}},{"type":"Feature","properties":{"boundary_type":"subduction","feature_type":"gpml:SubductionZone","polarity":"Left","overriding_plate_id":580,"subducting_plate_id":4511,"plate_ids":[580,4511],"name":"Alxa back arc"},"geometry":{"type":"LineString","coordinates":[[52.013,-10.312],[52.081,-10.786],[52.149,-11.259],[52.217,-11.732],[52.286,-12.205],[52.292,-12.696],[52.298,-13.187],[52.305,-13.678],[52.311,-14.17],[52.227,-14.611],[52.143,-15.053],[52.058,-15.494],[51.886,-15.845],[51.713,-16.195],[51.539,-16.545],[51.369,-16.977],[51.198,-17.409],[51.026,-17.841]]}},{"type":"Feature","properties":{"boundary_type":"subduction","feature_type":"gpml:SubductionZone","polarity":"Right","overriding_plate_id":6013,"subducting_plate_id":601,"plate_ids":[601,6013],"name":"Qinling SZ"},"geometry":{"type":"LineString","coordinates":[[61.862,-4.796],[62.113,-5.144],[62.365,-5.492],[62.618,-5.839],[62.87,-6.187],[63.123,-6.534],[63.383,-6.889],[63.643,-7.244],[63.904,-7.599],[64.165,-7.954],[64.427,-8.308],[64.689,-8.662],[64.875,-9.038],[65.062,-9.413],[65.25,-9.788],[65.437,-10.163],[65.626,-10.538],[65.814,-10.913],[66.114,-11.288],[66.414,-11.662],[66.716,-12.036],[67.018,-12.41],[67.287,-12.687],[67.557,-12.964],[67.827,-13.24],[68.098,-13.516],[68.098,-13.517]]}},{"type":"Feature","properties":{"boundary_type":"subduction","feature_type":"gpml:SubductionZone","polarity":"Right","overriding_plate_id":457,"subducting_plate_id":601,"plate_ids":[457,601],"name":"Qinling SZ"},"geometry":{"type":"LineString","coordinates":[[68.098,-13.517],[68.262,-13.825],[68.427,-14.133],[68.767,-14.352],[69.108,-14.572],[69.45,-14.791],[69.792,-15.009],[70.217,-15.223],[70.643,-15.436],[71.07,-15.648],[71.511,-15.874],[71.953,-16.098],[72.396,-16.322],[72.84,-16.545],[73.285,-16.767],[73.64,-17.025],[73.996,-17.283],[74.353,-17.539],[74.72,-17.78],[75.088,-18.02],[75.457,-18.26],[75.827,-18.499],[76.198,-18.737],[76.569,-18.974],[76.875,-19.224],[77.181,-19.473],[77.488,-19.722],[77.796,-19.971]]}},{"type":"Feature","properties":{"boundary_type":"subduction","feature_type":"gpml:SubductionZone","polarity":"Left","overriding_plate_id":601,"subducting_plate_id":580,"plate_ids":[580,601],"name":"Qinling SZ"},"geometry":{"type":"LineString","coordinates":[[58.532,-5.093],[58.958,-5.336],[59.384,-5.578],[59.631,-5.662],[59.879,-5.746]]}},{"type":"Feature","properties":{"boundary_type":"subduction","feature_type":"gpml:SubductionZone","polarity":"Left","overriding_plate_id":6013,"subducting_plate_id":580,"plate_ids":[580,6013],"name":"Qinling SZ"},"geometry":{"type":"LineString","coordinates":[[59.879,-5.746],[60.272,-5.879],[60.664,-6.011],[61.034,-6.231],[61.403,-6.451],[61.774,-6.671],[62.023,-6.987],[62.273,-7.303],[62.524,-7.618],[62.851,-7.9],[63.179,-8.181],[63.507,-8.462],[63.703,-8.88],[63.899,-9.299],[64.095,-9.717],[64.292,-10.135],[64.49,-10.553],[64.688,-10.971],[64.887,-11.389],[65.073,-11.828],[65.26,-12.267],[65.448,-12.706],[65.636,-13.144],[65.825,-13.583],[66.118,-13.832],[66.411,-14.081],[66.449,-14.166]]}},{"type":"Feature","properties":{"boundary_type":"subduction","feature_type":"gpml:SubductionZone","polarity":"Left","overriding_plate_id":457,"subducting_plate_id":580,"plate_ids":[457,580],"name":"Qinling SZ"},"geometry":{"type":"LineString","coordinates":[[66.449,-14.166],[66.563,-14.424],[66.678,-14.683],[66.903,-15.08],[67.129,-15.477],[67.356,-15.874],[67.584,-16.271],[67.812,-16.667],[68.042,-17.063],[68.273,-17.459],[68.504,-17.855],[68.862,-18.196],[69.222,-18.536],[69.583,-18.875]]}},{"type":"Feature","properties":{"boundary_type":"subduction","feature_type":"gpml:SubductionZone","polarity":"Right","overriding_plate_id":602,"subducting_plate_id":6026,"plate_ids":[602,6026],"name":"Proto Japan"},"geometry":{"type":"LineString","coordinates":[[86.672,-6.818],[87.036,-6.731],[87.502,-6.617],[87.967,-6.502],[88.431,-6.388],[88.896,-6.272],[89.36,-6.157],[89.825,-6.04],[90.289,-5.924],[90.759,-5.934],[91.229,-5.944],[91.7,-5.953],[92.17,-5.962],[92.64,-5.97]]}},{"type":"Feature","properties":{"boundary_type":"subduction","feature_type":"gpml:SubductionZone","polarity":"Right","overriding_plate_id":602,"subducting_plate_id":701,"plate_ids":[602,701],"name":"Proto Japan"},"geometry":{"type":"LineString","coordinates":[[92.64,-5.97],[93.04,-5.977],[93.44,-5.984],[93.84,-5.99],[94.24,-5.996],[94.694,-6.052],[95.148,-6.107],[95.602,-6.162],[96.056,-6.217],[96.51,-6.271],[96.965,-6.325],[97.419,-6.378],[97.874,-6.431],[98.275,-6.509],[98.676,-6.587],[99.126,-6.767],[99.577,-6.947],[100.027,-7.127],[100.478,-7.306],[100.93,-7.484],[101.382,-7.662],[101.716,-7.863],[102.05,-8.064],[102.385,-8.265],[102.72,-8.465],[102.859,-8.523]]}},{"type":"Feature","properties":{"boundary_type":"subduction","feature_type":"gpml:SubductionZone","polarity":"Left","overriding_plate_id":460,"subducting_plate_id":926,"plate_ids":[460,926],"name":"Urumbai, Selety and Erementau zones"},"geometry":{"type":"LineString","coordinates":[[24.165,1.086],[23.682,1.076],[23.2,1.066],[22.771,0.889],[22.343,0.712],[21.914,0.536],[21.486,0.359],[21.058,0.182],[20.629,0.005],[20.228,-0.089],[19.827,-0.183],[19.426,-0.278],[19.025,-0.372],[18.624,-0.466],[18.149,-0.545],[17.674,-0.624],[17.198,-0.702],[16.723,-0.781],[16.248,-0.859],[15.773,-0.938],[15.298,-1.016],[14.823,-1.095],[14.347,-1.173],[13.897,-1.263],[13.448,-1.353],[12.998,-1.443],[12.548,-1.533],[12.098,-1.622],[11.648,-1.712],[11.198,-1.801],[10.748,-1.891],[10.298,-1.98],[9.847,-2.069],[9.397,-2.158],[8.947,-2.247],[8.514,-2.356],[8.082,-2.465],[7.649,-2.575],[7.216,-2.684],[6.783,-2.792],[6.351,-2.901],[5.918,-3.01]]}},{"type":"Feature","properties":{"boundary_type":"subduction","feature_type":"gpml:SubductionZone","polarity":"Left","overriding_plate_id":460,"subducting_plate_id":902,"plate_ids":[460,902],"name":"Urumbai, Selety and Erementau zones"},"geometry":{"type":"LineString","coordinates":[[5.918,-3.01],[5.469,-3.122],[5.02,-3.234],[4.571,-3.346],[4.122,-3.457],[3.673,-3.569],[3.224,-3.68],[2.775,-3.791],[2.326,-3.901],[1.876,-4.012],[1.427,-4.122],[0.977,-4.232],[0.541,-4.402],[0.104,-4.572],[-0.332,-4.742],[-0.769,-4.911],[-1.206,-5.08],[-1.643,-5.249],[-2.08,-5.417],[-2.518,-5.586],[-2.956,-5.753],[-3.394,-5.921],[-3.833,-6.088],[-4.271,-6.255]]}},{"type":"Feature","properties":{"boundary_type":"subduction","feature_type":"gpml:SubductionZone","polarity":"Right","overriding_plate_id":5801,"subducting_plate_id":926,"plate_ids":[926,5801],"name":"Subduction zone outboard of Tarim"},"geometry":{"type":"LineString","coordinates":[[24.864,-1.645],[25.358,-1.586],[25.852,-1.528],[26.346,-1.469],[26.84,-1.41],[27.333,-1.351],[27.827,-1.292],[28.321,-1.233],[28.815,-1.174],[29.309,-1.114],[29.802,-1.055],[30.296,-0.996],[30.79,-0.936],[31.284,-0.876],[31.777,-0.817],[32.271,-0.888],[32.765,-0.96],[33.259,-1.031],[33.752,-1.102],[34.246,-1.173],[34.74,-1.244],[35.234,-1.315],[35.728,-1.386],[36.222,-1.457],[36.716,-1.528],[37.21,-1.598],[37.704,-1.669],[38.198,-1.739],[38.672,-1.742],[39.145,-1.744],[39.619,-1.746],[40.093,-1.748],[40.567,-1.75],[41.04,-1.752],[41.514,-1.754],[41.988,-1.756],[42.462,-1.757],[42.935,-1.758],[43.409,-1.76],[43.883,-1.761],[44.357,-1.762],[44.831,-1.763],[45.304,-1.764],[45.778,-1.764],[46.19,-1.716],[46.601,-1.668],[47.012,-1.62],[47.424,-1.572],[47.835,-1.524]]}},{"type":"Feature","properties":{"boundary_type":"subduction","feature_type":"gpml:SubductionZone","polarity":"Right","overriding_plate_id":580,"subducting_plate_id":926,"plate_ids":[580,926],"name":"Subduction zone outboard of Tarim"},"geometry":{"type":"LineString","coordinates":[[47.835,-1.524],[48.296,-1.47],[48.757,-1.416],[49.218,-1.361],[49.678,-1.307],[50.139,-1.252],[50.6,-1.198],[51.061,-1.143],[51.522,-1.088],[51.982,-1.034],[52.443,-0.979],[52.904,-0.924],[53.365,-0.869],[53.859,-0.836],[54.354,-0.804],[54.849,-0.772],[55.344,-0.739],[55.839,-0.707],[56.333,-0.674],[56.828,-0.641],[57.323,-0.609],[57.818,-0.576],[58.306,-0.573],[58.794,-0.571],[59.282,-0.568],[59.77,-0.566],[60.258,-0.563],[60.746,-0.56],[61.234,-0.557],[61.722,-0.555],[62.21,-0.552]]}},{"type":"Feature","properties":{"boundary_type":"subduction","feature_type":"gpml:SubductionZone","polarity":"Left","overriding_plate_id":5801,"subducting_plate_id":459,"plate_ids":[459,5801],"name":"Tien Shan subduction"},"geometry":{"type":"LineString","coordinates":[[31.57,-14.606],[31.516,-15.029],[31.462,-15.453],[31.407,-15.877],[31.352,-16.3],[31.184,-16.73],[31.016,-17.159],[30.846,-17.588]]}},{"type":"Feature","properties":{"boundary_type":"subduction","feature_type":"gpml:SubductionZone","polarity":"Left","overriding_plate_id":466,"subducting_plate_id":459,"plate_ids":[459,466],"name":"Tien Shan subduction"},"geometry":{"type":"LineString","coordinates":[[30.846,-17.588],[30.674,-18.023],[30.5,-18.458],[30.326,-18.893],[30.15,-19.328],[29.884,-19.652],[29.616,-19.975],[29.347,-20.298],[29.077,-20.621],[28.784,-20.944],[28.49,-21.267],[28.194,-21.589],[27.897,-21.911],[27.578,-22.278],[27.258,-22.644],[26.936,-23.01],[26.612,-23.375],[26.356,-23.738],[26.098,-24.101],[25.839,-24.463],[25.579,-24.825],[25.317,-25.186],[24.898,-25.374],[24.478,-25.56],[24.056,-25.745],[23.67,-26.048],[23.281,-26.351],[22.89,-26.653],[22.498,-26.953],[22.103,-27.253],[21.706,-27.551],[21.206,-27.728],[20.705,-27.903],[20.202,-28.077],[19.697,-28.248],[19.191,-28.418],[18.683,-28.586],[18.173,-28.752],[17.662,-28.916],[17.149,-29.078],[16.635,-29.239],[16.119,-29.397],[15.601,-29.553],[15.082,-29.707],[14.561,-29.859],[14.106,-30.153],[13.648,-30.445],[13.188,-30.735],[12.724,-31.023],[12.258,-31.31]]}},{"type":"Feature","properties":{"boundary_type":"subduction","feature_type":"gpml:SubductionZone","polarity":"Left","overriding_plate_id":5801,"subducting_plate_id":580,"plate_ids":[580,5801],"name":"Dunhuang-Hanshan subduction"},"geometry":{"type":"LineString","coordinates":[[45.099,-18.317],[45.113,-17.897],[45.128,-17.478]]}},{"type":"Feature","properties":{"boundary_type":"subduction","feature_type":"gpml:SubductionZone","polarity":"Left","overriding_plate_id":5801,"subducting_plate_id":451,"plate_ids":[451,5801],"name":"Dunhuang-Hanshan subduction"},"geometry":{"type":"LineString","coordinates":[[45.128,-17.478],[45.136,-17.259],[45.032,-16.866],[44.928,-16.474],[44.825,-16.082],[44.722,-15.689],[44.59,-15.251],[44.458,-14.813],[44.291,-14.394],[44.125,-13.975],[44.022,-13.57],[43.919,-13.165],[43.816,-12.761],[43.714,-12.356],[43.612,-11.951],[43.638,-11.54],[43.664,-11.13],[43.689,-10.719],[43.715,-10.309],[43.876,-9.911],[44.037,-9.514],[44.197,-9.117],[44.357,-8.719],[44.502,-8.373]]}},{"type":"Feature","properties":{"boundary_type":"subduction","feature_type":"gpml:SubductionZone","polarity":"Left","overriding_plate_id":5801,"subducting_plate_id":580,"plate_ids":[580,5801],"name":"Dunhuang-Hanshan subduction"},"geometry":{"type":"LineString","coordinates":[[44.502,-8.373],[44.637,-8.049],[44.771,-7.724],[44.906,-7.4],[45.089,-6.943],[45.271,-6.486],[45.454,-6.029],[45.636,-5.572],[45.818,-5.115],[46.04,-4.681],[46.261,-4.246],[46.483,-3.812],[46.704,-3.378],[46.906,-3.022],[47.108,-2.666],[47.309,-2.31],[47.572,-1.917],[47.835,-1.524]]}},{"type":"Feature","properties":{"boundary_type":"subduction","feature_type":"gpml:SubductionZone","polarity":"Left","overriding_plate_id":457,"subducting_plate_id":580,"plate_ids":[457,580],"name":"Kunlun-Qaidam suture"},"geometry":{"type":"LineString","coordinates":[[68.86,-18.855],[68.814,-19.3],[68.768,-19.745],[68.721,-20.19],[68.674,-20.635],[68.626,-21.08],[68.579,-21.525],[68.531,-21.97],[68.482,-22.415],[68.53,-22.91],[68.579,-23.406],[68.628,-23.901],[68.677,-24.396],[68.821,-24.864],[68.966,-25.331],[69.112,-25.798],[69.259,-26.266],[69.407,-26.733],[69.557,-27.199],[69.493,-27.654],[69.43,-28.109],[69.365,-28.564],[69.3,-29.019],[69.235,-29.474],[69.169,-29.928],[69.102,-30.383],[69.035,-30.838],[68.967,-31.292],[68.833,-31.654],[68.697,-32.016],[68.561,-32.378],[68.423,-32.74]]}},{"type":"Feature","properties":{"boundary_type":"subduction","feature_type":"gpml:SubductionZone","polarity":"Left","overriding_plate_id":null,"subducting_plate_id":null,"plate_ids":[457],"name":"Kunlun-Qaidam suture"},"geometry":{"type":"LineString","coordinates":[[68.423,-32.74],[68.35,-32.93],[68.548,-33.303],[68.748,-33.676],[68.769,-34.006]]}},{"type":"Feature","properties":{"boundary_type":"subduction","feature_type":"gpml:SubductionZone","polarity":"Right","overriding_plate_id":601,"subducting_plate_id":926,"plate_ids":[601,926],"name":"Bainaimiao-Ondor Sum subduction zone"},"geometry":{"type":"LineString","coordinates":[[65.629,4.977],[66.063,4.773],[66.498,4.568],[66.932,4.364],[67.365,4.159],[67.799,3.953],[68.232,3.748],[68.665,3.542],[69.075,3.308],[69.485,3.074],[69.894,2.84],[70.303,2.606],[70.712,2.372],[71.121,2.137],[71.53,1.903],[71.938,1.668],[72.383,1.441],[72.828,1.214],[73.272,0.987],[73.717,0.76],[74.161,0.533],[74.606,0.305],[75.05,0.078],[75.495,-0.149],[75.939,-0.376],[76.39,-0.534],[76.842,-0.692],[77.293,-0.85],[77.744,-1.008],[78.196,-1.166],[78.647,-1.324],[79.099,-1.481],[79.547,-1.628],[79.996,-1.775],[80.445,-1.922],[80.894,-2.069],[81.343,-2.215],[81.792,-2.362],[82.241,-2.508]]}},{"type":"Feature","properties":{"boundary_type":"subduction","feature_type":"gpml:SubductionZone","polarity":"Right","overriding_plate_id":601,"subducting_plate_id":6026,"plate_ids":[601,6026],"name":"Bainaimiao-Ondor Sum subduction zone"},"geometry":{"type":"LineString","coordinates":[[82.241,-2.508],[82.628,-2.634],[83.015,-2.759],[83.398,-3.053],[83.781,-3.346],[84.165,-3.64],[84.549,-3.933],[84.933,-4.226],[85.317,-4.518],[85.548,-4.888],[85.779,-5.257],[86.01,-5.626],[86.242,-5.995],[86.474,-6.364],[86.706,-6.733]]}},{"type":"Feature","properties":{"boundary_type":"subduction","feature_type":"gpml:SubductionZone","polarity":"Right","overriding_plate_id":null,"subducting_plate_id":null,"plate_ids":[466],"name":"Unknown oceanic subduction?"},"geometry":{"type":"LineString","coordinates":[[-24.993,-4.882],[-24.591,-4.924]]}},{"type":"Feature","properties":{"boundary_type":"subduction","feature_type":"gpml:SubductionZone","polarity":"Right","overriding_plate_id":466,"subducting_plate_id":902,"plate_ids":[466,902],"name":"Unknown oceanic subduction?"},"geometry":{"type":"LineString","coordinates":[[-24.591,-4.924],[-24.108,-4.975],[-23.624,-5.025],[-23.14,-5.074],[-22.656,-5.123],[-22.172,-5.172],[-21.688,-5.221],[-21.204,-5.269],[-20.72,-5.317],[-20.225,-5.281],[-19.729,-5.244],[-19.233,-5.207],[-18.738,-5.17],[-18.242,-5.132],[-17.747,-5.094],[-17.252,-5.056],[-16.756,-5.017],[-16.261,-4.978],[-15.766,-4.938],[-15.266,-4.969],[-14.766,-4.999],[-14.266,-5.029],[-13.766,-5.059],[-13.266,-5.088],[-12.766,-5.117],[-12.265,-5.146],[-11.765,-5.174],[-11.265,-5.202],[-10.764,-5.229],[-10.264,-5.256],[-9.763,-5.282],[-9.263,-5.309],[-8.762,-5.334],[-8.262,-5.36],[-7.761,-5.385],[-7.261,-5.409],[-6.76,-5.433],[-6.259,-5.457],[-5.758,-5.48],[-5.257,-5.503],[-4.757,-5.526],[-4.256,-5.548]]}},{"type":"Feature","properties":{"boundary_type":"subduction","feature_type":"gpml:SubductionZone","polarity":"Right","overriding_plate_id":184,"subducting_plate_id":1018,"plate_ids":[184,1018],"name":"Penobscot subduction zone"},"geometry":{"type":"LineString","coordinates":[[-77.312,-54.659],[-76.56,-54.854],[-75.801,-55.045],[-75.035,-55.23],[-74.262,-55.411],[-73.482,-55.587],[-72.695,-55.758],[-71.901,-55.924],[-71.1,-56.084],[-70.293,-56.24],[-69.479,-56.39]]}},{"type":"Feature","properties":{"boundary_type":"subduction","feature_type":"gpml:SubductionZone","polarity":"Right","overriding_plate_id":184,"subducting_plate_id":302,"plate_ids":[184,302],"name":"Penobscot subduction zone"},"geometry":{"type":"LineString","coordinates":[[-69.479,-56.39],[-68.757,-56.517],[-68.03,-56.641],[-67.298,-56.76],[-66.516,-56.928],[-65.727,-57.092],[-64.932,-57.25],[-64.129,-57.403],[-63.32,-57.551],[-62.504,-57.693],[-61.682,-57.831],[-60.854,-57.963],[-60.073,-58.204],[-59.281,-58.44],[-58.479,-58.671],[-57.666,-58.897],[-56.842,-59.118],[-56.008,-59.333],[-55.164,-59.543],[-54.309,-59.748],[-53.443,-59.947],[-52.567,-60.14],[-51.682,-60.328],[-50.786,-60.509],[-49.88,-60.685],[-48.964,-60.854],[-48.039,-61.017],[-47.104,-61.173],[-47.061,-61.189]]}},{"type":"Feature","properties":{"boundary_type":"ridge","feature_type":"gpml:MidOceanRidge","polarity":null,"overriding_plate_id":null,"subducting_plate_id":null,"plate_ids":[173,302],"name":"Iapetus Ridge"},"geometry":{"type":"LineString","coordinates":[[-77.437,-26.626],[-77.495,-27.018],[-77.553,-27.41],[-77.612,-27.801],[-78.047,-27.874],[-78.483,-27.945],[-78.92,-28.015],[-79.357,-28.083],[-79.285,-28.502],[-79.212,-28.92],[-79.138,-29.339],[-79.064,-29.757],[-78.989,-30.175],[-79.519,-30.256],[-80.05,-30.335],[-80.581,-30.412],[-80.478,-30.896],[-80.374,-31.38],[-80.269,-31.864],[-80.163,-32.348],[-80.639,-32.444],[-81.117,-32.538],[-81.596,-32.63],[-81.51,-33.061],[-81.422,-33.493],[-81.333,-33.924],[-81.244,-34.356],[-81.657,-34.438],[-82.071,-34.52],[-82.486,-34.6],[-82.351,-35.026],[-82.215,-35.452],[-82.077,-35.878],[-81.937,-36.304],[-81.796,-36.73],[-82.188,-36.842],[-82.582,-36.953],[-82.977,-37.063],[-82.868,-37.427],[-82.759,-37.791],[-83.341,-37.924],[-83.924,-38.055],[-84.51,-38.182],[-84.388,-38.596],[-84.263,-39.01],[-84.138,-39.423],[-84.011,-39.837],[-83.882,-40.25],[-84.318,-40.342],[-84.756,-40.432],[-85.195,-40.52],[-85.064,-40.952],[-84.932,-41.383],[-84.798,-41.815],[-84.662,-42.246],[-84.524,-42.677],[-85.074,-42.818],[-85.627,-42.956],[-86.182,-43.092],[-86.059,-43.461],[-85.934,-43.831],[-85.807,-44.2],[-85.678,-44.569],[-86.211,-44.714],[-86.747,-44.857],[-87.285,-44.997],[-87.826,-45.134],[-88.369,-45.269],[-88.218,-45.656],[-88.065,-46.042],[-87.909,-46.429],[-87.751,-46.815],[-87.591,-47.201],[-88.123,-47.34],[-88.658,-47.476],[-89.196,-47.609]]}},{"type":"Feature","properties":{"boundary_type":"ridge","feature_type":"gpml:MidOceanRidge","polarity":null,"overriding_plate_id":null,"subducting_plate_id":null,"plate_ids":[184,1018],"name":"Penobscot barckarc"},"geometry":{"type":"LineString","coordinates":[[-100.785,-43.823],[-100.469,-43.621],[-100.114,-43.908],[-99.755,-44.194],[-99.393,-44.479],[-99.062,-44.333],[-98.629,-44.705],[-98.191,-45.075],[-97.747,-45.444],[-97.382,-45.233],[-97.019,-45.022],[-96.526,-45.373],[-96.026,-45.723],[-95.52,-46.07],[-95.008,-46.415],[-94.489,-46.757],[-94.119,-46.575],[-93.651,-46.926],[-93.176,-47.275],[-92.696,-47.622],[-92.209,-47.968],[-91.715,-48.311],[-91.215,-48.652],[-90.708,-48.99],[-90.194,-49.327],[-89.673,-49.661],[-89.145,-49.993],[-88.609,-50.322],[-88.351,-50.113],[-88.095,-49.903],[-87.573,-50.216],[-87.045,-50.526],[-86.509,-50.834],[-85.967,-51.14],[-85.417,-51.443],[-84.86,-51.743],[-84.296,-52.041],[-83.724,-52.336],[-83.145,-52.628],[-82.557,-52.917],[-82.293,-52.683],[-82.031,-52.447],[-81.468,-52.734],[-80.897,-53.018],[-80.319,-53.299],[-79.733,-53.577],[-79.139,-53.852],[-78.538,-54.124],[-77.929,-54.393],[-77.312,-54.659]]}},{"type":"Feature","properties":{"boundary_type":"ridge","feature_type":"gpml:MidOceanRidge","polarity":null,"overriding_plate_id":null,"subducting_plate_id":null,"plate_ids":[580,701],"name":"Kunlun-Gondwana MOR"},"geometry":{"type":"LineString","coordinates":[[72.369,-48.254],[72.28,-48.125],[72.02,-47.708],[71.764,-47.291],[71.512,-46.873],[71.264,-46.454],[71.955,-46.317],[72.642,-46.175],[73.326,-46.03],[74.006,-45.881],[74.683,-45.727],[75.356,-45.57],[76.025,-45.408],[76.69,-45.243],[76.483,-44.877],[76.279,-44.51],[76.078,-44.143],[76.586,-43.915],[77.091,-43.685],[77.039,-43.371],[76.988,-43.056],[77.414,-42.819],[77.836,-42.579],[77.645,-42.181],[78.004,-41.993],[78.361,-41.803],[78.183,-41.524],[78.006,-41.244],[78.406,-41.004],[78.803,-40.762],[79.198,-40.519],[78.968,-40.194],[78.741,-39.868],[78.516,-39.541]]}},{"type":"Feature","properties":{"boundary_type":"ridge","feature_type":"gpml:MidOceanRidge","polarity":null,"overriding_plate_id":null,"subducting_plate_id":null,"plate_ids":[457,701],"name":"Kunlun-Gondwana MOR"},"geometry":{"type":"LineString","coordinates":[[78.516,-39.541],[78.505,-39.525],[78.951,-39.237],[79.393,-38.947],[79.832,-38.655],[80.267,-38.362],[80.699,-38.067],[80.367,-37.693],[80.038,-37.319],[79.713,-36.944],[79.331,-36.574],[78.952,-36.203],[78.577,-35.83],[78.874,-35.586],[79.169,-35.34],[79.463,-35.094],[79.218,-34.823],[78.975,-34.551],[79.356,-34.256],[79.734,-33.959],[80.11,-33.661],[80.483,-33.361],[80.853,-33.061],[80.426,-32.732],[80.002,-32.402],[80.371,-32.048],[80.736,-31.693],[81.099,-31.337],[81.46,-30.98]]}},{"type":"Feature","properties":{"boundary_type":"ridge","feature_type":"gpml:MidOceanRidge","polarity":null,"overriding_plate_id":null,"subducting_plate_id":null,"plate_ids":[457,602],"name":"Kunlun-Gondwana MOR"},"geometry":{"type":"LineString","coordinates":[[81.46,-30.98],[81.566,-30.873],[81.176,-30.61],[80.787,-30.345],[81.113,-29.982],[81.435,-29.618],[81.756,-29.253],[82.074,-28.887],[82.39,-28.521],[82.704,-28.154],[82.342,-27.928],[81.981,-27.7],[81.621,-27.472],[81.881,-27.125],[82.138,-26.778],[82.394,-26.431],[82.649,-26.083],[82.902,-25.735],[82.492,-25.481],[82.084,-25.226],[81.678,-24.971],[81.273,-24.714],[81.531,-24.349],[81.788,-23.984],[82.043,-23.619],[82.297,-23.253],[82.55,-22.887],[82.801,-22.52],[82.577,-22.373],[82.354,-22.225]]}},{"type":"Feature","properties":{"boundary_type":"ridge","feature_type":"gpml:MidOceanRidge","polarity":null,"overriding_plate_id":null,"subducting_plate_id":null,"plate_ids":[302,401],"name":"Unnamed ridge between Baltica and Siberia plates"},"geometry":{"type":"LineString","coordinates":[[-51.906,-35.115],[-52.295,-35.054],[-52.163,-34.664],[-52.032,-34.274],[-52.593,-34.267],[-53.153,-34.258],[-53.713,-34.247],[-54.273,-34.233],[-54.833,-34.216],[-55.392,-34.197],[-55.429,-33.745],[-55.464,-33.292],[-55.5,-32.84],[-56.075,-32.819],[-56.65,-32.796],[-57.225,-32.77],[-57.799,-32.742],[-57.803,-32.375],[-57.807,-32.008],[-57.811,-31.642],[-58.337,-31.681],[-58.863,-31.719],[-59.39,-31.754],[-59.916,-31.787],[-60.444,-31.818],[-60.971,-31.847],[-61.499,-31.873],[-61.457,-31.41],[-61.415,-30.947],[-61.373,-30.484],[-61.88,-30.462],[-62.386,-30.437],[-62.893,-30.411],[-63.399,-30.382],[-63.905,-30.352],[-64.41,-30.319],[-64.915,-30.285],[-64.863,-29.95],[-64.812,-29.616],[-64.76,-29.281],[-65.292,-29.249],[-65.824,-29.215],[-66.355,-29.179],[-66.886,-29.14],[-67.417,-29.1],[-67.947,-29.058],[-68.477,-29.013],[-68.43,-28.621],[-68.383,-28.229],[-68.897,-28.156],[-69.41,-28.081],[-69.922,-28.004],[-70.433,-27.926],[-70.944,-27.845],[-71.454,-27.763],[-71.963,-27.679],[-71.881,-27.247],[-71.799,-26.816],[-72.324,-26.808],[-72.849,-26.798],[-73.373,-26.786]]}},{"type":"Feature","properties":{"boundary_type":"ridge","feature_type":"gpml:MidOceanRidge","polarity":null,"overriding_plate_id":null,"subducting_plate_id":null,"plate_ids":[173,302],"name":"Unnamed ridge between Baltica and Siberia plates"},"geometry":{"type":"LineString","coordinates":[[-73.373,-26.786],[-73.882,-26.772],[-74.39,-26.757],[-74.898,-26.739],[-75.406,-26.72],[-75.914,-26.699],[-76.422,-26.677],[-76.93,-26.652],[-77.437,-26.626]]}},{"type":"Feature","properties":{"boundary_type":"ridge","feature_type":"gpml:MidOceanRidge","polarity":null,"overriding_plate_id":null,"subducting_plate_id":null,"plate_ids":[451,580],"name":"Alxa back arc"},"geometry":{"type":"LineString","coordinates":[[49.188,-17.761],[49.193,-17.712]]}},{"type":"Feature","properties":{"boundary_type":"ridge","feature_type":"gpml:MidOceanRidge","polarity":null,"overriding_plate_id":null,"subducting_plate_id":null,"plate_ids":[451,4511],"name":"Alxa back arc"},"geometry":{"type":"LineString","coordinates":[[49.193,-17.712],[49.222,-17.421],[49.251,-17.131],[49.585,-17.198],[49.646,-16.719],[49.707,-16.239],[49.768,-15.759],[49.828,-15.28],[49.902,-15.282],[49.958,-14.868],[50.013,-14.455],[50.068,-14.041],[49.985,-14.035],[50.051,-13.551],[50.118,-13.066],[50.184,-12.581],[50.28,-12.588],[50.323,-12.276],[50.366,-11.963],[49.954,-11.84],[50.034,-11.429],[50.113,-11.018],[50.431,-11.113],[50.506,-10.739],[50.581,-10.365],[50.656,-9.992]]}},{"type":"Feature","properties":{"boundary_type":"ridge","feature_type":"gpml:MidOceanRidge","polarity":null,"overriding_plate_id":null,"subducting_plate_id":null,"plate_ids":[451,580],"name":"Alxa back arc"},"geometry":{"type":"LineString","coordinates":[[50.656,-9.992],[50.664,-9.951]]}},{"type":"Feature","properties":{"boundary_type":"ridge","feature_type":"gpml:MidOceanRidge","polarity":null,"overriding_plate_id":null,"subducting_plate_id":null,"plate_ids":[466,701],"name":"Tianshan-Gondwana MoR"},"geometry":{"type":"LineString","coordinates":[[9.057,-57.832],[9.913,-57.729],[10.765,-57.62],[11.612,-57.506],[12.453,-57.386],[13.289,-57.261],[14.118,-57.13],[14.942,-56.994],[15.76,-56.852],[16.028,-57.151],[16.301,-57.45],[17.165,-57.287],[18.02,-57.118],[18.868,-56.943],[19.708,-56.763],[20.539,-56.577],[21.363,-56.385],[22.178,-56.188],[22.377,-56.477],[22.579,-56.766],[23.293,-56.561],[23.999,-56.351],[24.697,-56.138],[25.387,-55.921],[26.07,-55.7],[26.745,-55.476],[27.412,-55.248],[28.072,-55.016],[28.424,-55.289],[28.78,-55.561],[29.513,-55.304],[30.236,-55.042],[30.949,-54.776],[31.653,-54.507],[32.348,-54.233],[33.034,-53.955],[33.71,-53.674],[34.377,-53.388],[35.036,-53.099],[34.641,-52.795],[34.251,-52.49],[34.816,-52.226],[35.375,-51.959],[35.928,-51.69],[36.474,-51.418],[37.013,-51.143],[37.546,-50.866],[37.919,-51.136],[38.502,-50.819],[39.077,-50.501],[39.644,-50.179],[40.204,-49.854],[40.756,-49.527],[41.301,-49.198],[41.078,-49.014],[41.607,-48.688],[42.129,-48.359],[42.644,-48.028],[43.153,-47.694],[43.655,-47.358],[44.151,-47.02],[44.641,-46.68],[45.125,-46.338],[45.602,-45.994],[46.074,-45.648],[46.425,-45.866],[46.873,-45.514],[47.315,-45.159],[47.752,-44.804],[48.184,-44.446],[48.61,-44.087],[49.031,-43.727],[49.447,-43.364]]}},{"type":"Feature","properties":{"boundary_type":"ridge","feature_type":"gpml:MidOceanRidge","polarity":null,"overriding_plate_id":null,"subducting_plate_id":null,"plate_ids":[580,701],"name":"Tianshan-Gondwana MoR"},"geometry":{"type":"LineString","coordinates":[[49.447,-43.364],[49.806,-43.048]]}},{"type":"Feature","properties":{"boundary_type":"ridge","feature_type":"gpml:MidOceanRidge","polarity":null,"overriding_plate_id":null,"subducting_plate_id":null,"plate_ids":[701,6026],"name":"North China-Australia MoR"},"geometry":{"type":"LineString","coordinates":[[92.64,-5.97],[92.475,-5.834],[92.739,-5.478],[93.003,-5.121],[92.636,-4.874],[92.27,-4.627],[91.904,-4.379],[92.116,-4.048],[92.328,-3.717],[92.54,-3.385],[92.126,-3.119],[91.712,-2.853],[91.908,-2.518],[92.104,-2.183],[92.299,-1.848],[91.918,-1.611],[91.536,-1.375],[91.761,-1.008],[91.985,-0.641],[92.209,-0.274],[92.434,0.093],[92.658,0.46],[92.882,0.827],[92.562,1.003],[92.242,1.179],[91.921,1.355],[92.106,1.694],[92.291,2.034],[92.476,2.373],[92.662,2.713],[92.249,2.935],[91.836,3.156],[91.423,3.378],[91.589,3.721],[91.756,4.065],[91.922,4.408],[92.089,4.752],[91.64,4.951],[91.19,5.15],[90.741,5.348]]}},{"type":"Feature","properties":{"boundary_type":"ridge","feature_type":"gpml:MidOceanRidge","polarity":null,"overriding_plate_id":null,"subducting_plate_id":null,"plate_ids":[701,926],"name":"North China-Australia MoR"},"geometry":{"type":"LineString","coordinates":[[90.741,5.348],[90.41,5.494],[90.078,5.64],[89.747,5.786]]}},{"type":"Feature","properties":{"boundary_type":"ridge","feature_type":"gpml:MidOceanRidge","polarity":null,"overriding_plate_id":null,"subducting_plate_id":null,"plate_ids":[601,6026],"name":"North China-South China MoR"},"geometry":{"type":"LineString","coordinates":[[86.706,-6.733],[86.672,-6.818]]}},{"type":"Feature","properties":{"boundary_type":"ridge","feature_type":"gpml:MidOceanRidge","polarity":null,"overriding_plate_id":null,"subducting_plate_id":null,"plate_ids":[601,602],"name":"North China-South China MoR"},"geometry":{"type":"LineString","coordinates":[[86.672,-6.818],[86.52,-7.196],[86.368,-7.573],[86.215,-7.951],[85.817,-7.825],[85.418,-7.698],[85.02,-7.571],[84.622,-7.443],[84.476,-7.848],[84.33,-8.252],[84.183,-8.656],[84.037,-9.06],[83.923,-9.469],[83.809,-9.878],[83.694,-10.287],[83.58,-10.696],[83.328,-10.634],[83.076,-10.572],[82.971,-11.021],[82.866,-11.471],[82.761,-11.92],[82.655,-12.369],[82.549,-12.818],[82.443,-13.267],[82.336,-13.716],[82.229,-14.165],[81.957,-14.106],[81.686,-14.048],[81.581,-14.422],[81.477,-14.797],[81.371,-15.172],[81.266,-15.546],[80.918,-15.45],[80.571,-15.352]]}},{"type":"Feature","properties":{"boundary_type":"ridge","feature_type":"gpml:MidOceanRidge","polarity":null,"overriding_plate_id":null,"subducting_plate_id":null,"plate_ids":[101,919],"name":"Laurentia-Cuyania Ridge"},"geometry":{"type":"LineString","coordinates":[[-167.614,11.495],[-167.494,11.022],[-167.375,10.549],[-167.256,10.077],[-167.137,9.604],[-167.019,9.131],[-166.901,8.658],[-166.783,8.185],[-166.665,7.712],[-166.548,7.239],[-166.431,6.766],[-166.314,6.293],[-166.198,5.82],[-166.447,5.764],[-166.695,5.709],[-166.545,5.26],[-166.396,4.811],[-166.246,4.362],[-166.097,3.913],[-165.948,3.465],[-165.799,3.016],[-165.65,2.567],[-165.502,2.118],[-165.353,1.669],[-165.204,1.22],[-165.056,0.771],[-164.809,0.856],[-164.562,0.942],[-164.415,0.466],[-164.267,-0.009],[-164.12,-0.484],[-163.973,-0.96],[-163.826,-1.435],[-163.678,-1.91],[-163.531,-2.386],[-163.384,-2.861],[-163.004,-2.757],[-162.854,-3.195],[-162.704,-3.633],[-162.554,-4.072],[-162.404,-4.51],[-162.253,-4.949],[-162.102,-5.387],[-161.951,-5.825],[-161.8,-6.263],[-161.649,-6.702],[-161.497,-7.14],[-161.345,-7.578],[-161.193,-8.016],[-161.04,-8.454],[-160.746,-8.345],[-160.595,-8.818],[-160.444,-9.29],[-160.293,-9.763],[-160.142,-10.236],[-159.99,-10.708],[-159.837,-11.181],[-159.684,-11.653],[-159.531,-12.125],[-159.377,-12.597],[-159.222,-13.069],[-159.067,-13.541],[-158.911,-14.013],[-158.755,-14.485],[-158.598,-14.957],[-158.44,-15.428],[-158.281,-15.9],[-157.976,-15.815],[-157.829,-16.263],[-157.681,-16.712],[-157.532,-17.16],[-157.383,-17.608],[-157.233,-18.056],[-157.083,-18.504],[-156.931,-18.952],[-156.779,-19.4],[-156.626,-19.848],[-156.472,-20.295],[-156.317,-20.743],[-156.161,-21.19],[-156.516,-21.32],[-156.871,-21.45]]}},{"type":"Feature","properties":{"boundary_type":"ridge","feature_type":"gpml:MidOceanRidge","polarity":null,"overriding_plate_id":null,"subducting_plate_id":null,"plate_ids":[173,919],"name":"Laurentia-Cuyania Ridge"},"geometry":{"type":"LineString","coordinates":[[-156.871,-21.45],[-157.034,-21.509],[-156.903,-21.938],[-156.77,-22.367],[-156.637,-22.795],[-156.503,-23.224],[-156.368,-23.652],[-156.232,-24.081],[-156.095,-24.509],[-155.957,-24.937],[-155.819,-25.365],[-155.314,-25.215],[-155.182,-25.659],[-155.049,-26.104],[-154.914,-26.547],[-154.779,-26.991],[-154.643,-27.435],[-154.505,-27.878],[-154.366,-28.322],[-154.227,-28.765],[-154.086,-29.208],[-153.943,-29.651],[-153.8,-30.094]]}},{"type":"Feature","properties":{"boundary_type":"ridge","feature_type":"gpml:MidOceanRidge","polarity":null,"overriding_plate_id":null,"subducting_plate_id":null,"plate_ids":[173,22601],"name":"Laurentia-Cuyania Ridge"},"geometry":{"type":"LineString","coordinates":[[-153.8,-30.094],[-153.696,-30.412]]}},{"type":"Feature","properties":{"boundary_type":"ridge","feature_type":"gpml:MidOceanRidge","polarity":null,"overriding_plate_id":null,"subducting_plate_id":null,"plate_ids":[466,580],"name":"Tarim-Tianshan MoR"},"geometry":{"type":"LineString","coordinates":[[35.938,-35.774],[36.01,-35.293],[36.081,-34.813],[36.151,-34.332],[36.22,-33.851],[36.289,-33.37],[36.357,-32.889],[36.424,-32.408],[36.49,-31.927],[36.556,-31.446],[36.621,-30.965],[36.685,-30.484],[36.749,-30.003],[36.812,-29.521],[36.874,-29.04],[37.442,-28.992],[38.01,-28.941],[38.577,-28.888],[39.143,-28.832],[39.095,-28.341],[39.047,-27.849],[39.0,-27.357],[38.954,-26.865],[38.907,-26.373],[38.862,-25.881],[38.816,-25.389],[38.771,-24.897],[38.726,-24.405],[38.682,-23.913],[38.638,-23.421],[38.594,-22.929],[38.55,-22.437],[38.507,-21.945],[38.464,-21.453],[38.422,-20.961],[38.38,-20.469],[38.338,-19.977],[38.296,-19.485]]}},{"type":"Feature","properties":{"boundary_type":"ridge","feature_type":"gpml:MidOceanRidge","polarity":null,"overriding_plate_id":null,"subducting_plate_id":null,"plate_ids":[580,5801],"name":"Tarim-Tianshan MoR"},"geometry":{"type":"LineString","coordinates":[[38.296,-19.485],[38.261,-19.077],[38.227,-18.67],[38.193,-18.262]]}},{"type":"Feature","properties":{"boundary_type":"ridge","feature_type":"gpml:MidOceanRidge","polarity":null,"overriding_plate_id":null,"subducting_plate_id":null,"plate_ids":[601,602],"name":"South China-Qilian MoR"},"geometry":{"type":"LineString","coordinates":[[80.571,-15.352],[80.712,-15.762],[80.853,-16.171],[80.995,-16.58]]}},{"type":"Feature","properties":{"boundary_type":"ridge","feature_type":"gpml:MidOceanRidge","polarity":null,"overriding_plate_id":null,"subducting_plate_id":null,"plate_ids":[457,602],"name":"South China-Qilian MoR"},"geometry":{"type":"LineString","coordinates":[[80.995,-16.58],[81.125,-16.953],[81.255,-17.326],[81.387,-17.699],[80.986,-17.838],[80.584,-17.976],[80.705,-18.396],[80.826,-18.815],[80.948,-19.235],[81.07,-19.655],[81.193,-20.074],[81.317,-20.493],[81.441,-20.913],[81.807,-20.846],[82.172,-20.779],[82.329,-21.243],[82.486,-21.706],[82.645,-22.169]]}},{"type":"Feature","properties":{"boundary_type":"ridge","feature_type":"gpml:MidOceanRidge","polarity":null,"overriding_plate_id":null,"subducting_plate_id":null,"plate_ids":[902,919],"name":"Panthalassa"},"geometry":{"type":"LineString","coordinates":[[-168.347,76.113],[-170.144,75.874],[-171.88,75.622],[-173.556,75.358],[-175.173,75.082],[-176.731,74.796],[-178.232,74.499],[-179.677,74.192],[178.932,73.876],[177.594,73.552],[176.307,73.219],[175.069,72.879],[173.879,72.531],[172.734,72.177],[171.632,71.816],[170.573,71.449],[169.553,71.077],[168.572,70.699],[167.627,70.316],[166.717,69.928],[165.84,69.536],[164.995,69.139],[164.18,68.739],[163.394,68.335],[164.277,68.149],[165.146,67.959],[164.469,67.549],[163.816,67.136],[163.184,66.72],[162.574,66.302],[161.983,65.881],[161.412,65.458],[160.859,65.034],[160.323,64.607],[159.804,64.178],[159.3,63.748],[158.812,63.315],[158.338,62.882],[157.878,62.446],[157.432,62.01],[156.998,61.571],[156.576,61.132],[156.165,60.691],[155.766,60.249],[155.378,59.806],[154.999,59.362],[154.631,58.916],[154.272,58.47]]}},{"type":"Feature","properties":{"boundary_type":"ridge","feature_type":"gpml:MidOceanRidge","polarity":null,"overriding_plate_id":null,"subducting_plate_id":null,"plate_ids":[919,926],"name":"Panthalassa"},"geometry":{"type":"LineString","coordinates":[[154.272,58.47],[153.915,58.014],[153.567,57.558],[153.229,57.1],[152.898,56.642],[152.575,56.182],[152.26,55.722],[151.952,55.261],[151.652,54.8],[151.358,54.337],[151.071,53.874],[150.79,53.411],[150.515,52.946],[150.245,52.481],[149.982,52.016],[149.363,52.141],[148.741,52.264],[148.115,52.383],[147.487,52.499],[147.278,52.024],[147.074,51.548],[146.875,51.071],[146.679,50.594],[146.487,50.117],[146.299,49.64],[146.115,49.162],[145.934,48.684],[145.757,48.206],[145.583,47.727],[145.412,47.248],[145.244,46.769],[145.079,46.29],[144.917,45.81],[144.758,45.331],[144.601,44.851],[144.447,44.371],[144.296,43.89],[144.147,43.41],[144.0,42.929],[143.856,42.448],[143.713,41.967],[143.076,41.988],[142.438,42.005],[142.284,41.522],[142.132,41.039],[141.982,40.556],[141.835,40.072],[141.689,39.589],[141.546,39.105],[141.404,38.621],[141.265,38.137],[141.127,37.652],[140.991,37.168],[140.857,36.683],[140.724,36.198],[140.593,35.713],[140.464,35.228],[140.336,34.743],[140.21,34.258],[140.085,33.772],[139.962,33.287],[139.84,32.801],[139.719,32.315],[139.6,31.829],[139.481,31.343],[139.364,30.857],[139.249,30.37],[139.134,29.884],[139.02,29.398],[138.908,28.911],[138.796,28.424],[138.686,27.938],[138.577,27.451],[138.468,26.964],[138.361,26.477],[138.254,25.99],[138.148,25.503],[138.044,25.015],[137.939,24.528],[137.836,24.041],[137.734,23.553],[137.632,23.066]]}},{"type":"Feature","properties":{"boundary_type":"ridge","feature_type":"gpml:MidOceanRidge","polarity":null,"overriding_plate_id":null,"subducting_plate_id":null,"plate_ids":[701,919],"name":"Panthalassa"},"geometry":{"type":"LineString","coordinates":[[137.632,23.066],[137.534,22.59],[137.436,22.115],[137.339,21.64],[137.242,21.164],[137.147,20.689],[137.051,20.213],[136.957,19.738],[136.863,19.262],[136.769,18.786],[136.676,18.311],[136.584,17.835],[136.492,17.359],[136.4,16.883],[136.309,16.407],[136.218,15.931],[136.128,15.455],[135.998,15.004],[135.869,14.552],[135.74,14.1],[135.612,13.648],[135.484,13.196],[135.357,12.744],[135.23,12.291]]}},{"type":"Feature","properties":{"boundary_type":"ridge","feature_type":"gpml:MidOceanRidge","polarity":null,"overriding_plate_id":null,"subducting_plate_id":null,"plate_ids":[902,926],"name":"Panthalassa"},"geometry":{"type":"LineString","coordinates":[[154.272,58.47],[153.61,58.832],[152.934,59.191],[152.244,59.547],[151.539,59.898],[150.819,60.246],[150.084,60.59],[149.333,60.93],[148.567,61.265],[147.783,61.596],[146.983,61.923],[146.166,62.244],[145.331,62.561],[144.478,62.873],[143.608,63.179],[142.718,63.48],[141.81,63.776],[140.883,64.065],[139.937,64.349],[138.971,64.626],[137.986,64.897],[136.981,65.162],[135.956,65.419],[134.91,65.669],[133.845,65.912],[132.759,66.148],[131.654,66.376],[130.529,66.595],[129.383,66.807],[128.219,67.01],[127.035,67.205],[125.832,67.39],[124.611,67.567],[123.372,67.734],[122.116,67.892],[120.843,68.04],[119.554,68.178],[118.25,68.306],[116.932,68.423],[115.601,68.53],[114.258,68.627],[112.904,68.713],[111.54,68.787],[110.168,68.851],[108.789,68.904],[107.403,68.945],[106.013,68.976],[104.62,68.994],[103.225,69.002],[101.83,68.998],[101.726,68.548],[101.625,68.098],[101.528,67.648],[101.435,67.197],[101.345,66.747],[101.259,66.296],[100.017,66.275],[98.777,66.245],[97.541,66.204],[96.31,66.153],[95.083,66.093],[93.864,66.023],[92.651,65.944],[91.446,65.855],[90.25,65.756],[89.063,65.649],[87.887,65.532],[86.722,65.406],[85.568,65.271],[84.426,65.128],[83.297,64.976],[82.181,64.815],[81.078,64.647],[79.99,64.47],[78.915,64.285],[77.856,64.092],[76.811,63.892],[75.781,63.685],[74.767,63.47],[73.767,63.248],[72.784,63.019],[71.816,62.784],[70.863,62.542],[69.926,62.293],[69.004,62.038],[68.098,61.778],[67.208,61.511],[66.333,61.239],[65.472,60.961],[64.627,60.678],[63.797,60.39],[62.982,60.096],[62.181,59.798],[61.394,59.494],[60.621,59.187],[59.863,58.874],[59.118,58.558],[58.386,58.237],[57.668,57.912],[56.962,57.583],[56.27,57.25],[55.589,56.913],[54.921,56.573],[54.265,56.229],[53.621,55.882],[52.988,55.531],[52.367,55.178],[51.756,54.821],[51.156,54.461],[50.567,54.099],[49.988,53.733],[49.419,53.365],[48.859,52.994],[48.31,52.62],[47.769,52.244],[47.238,51.866],[46.715,51.485],[46.202,51.102],[45.696,50.717],[45.199,50.329],[44.711,49.94],[44.229,49.548],[43.756,49.154],[43.29,48.759],[42.832,48.362],[42.38,47.963],[41.935,47.562],[41.498,47.159],[41.066,46.755],[40.642,46.35],[40.223,45.942],[39.811,45.533],[39.404,45.123],[39.004,44.711],[38.609,44.298],[38.219,43.884],[37.835,43.468],[37.456,43.051],[37.083,42.633],[36.714,42.214],[36.35,41.793],[35.991,41.371],[35.637,40.949],[35.287,40.525],[34.728,40.756],[34.164,40.984],[33.597,41.21],[33.026,41.433],[32.69,41.006],[32.358,40.577],[32.03,40.148],[31.707,39.718],[31.387,39.287],[31.071,38.855],[30.759,38.423],[30.451,37.989],[30.147,37.555],[29.846,37.12],[29.548,36.684],[29.254,36.248],[28.963,35.811],[28.675,35.373],[28.391,34.934],[28.109,34.495],[27.83,34.055],[27.555,33.615],[27.282,33.173],[27.011,32.732],[26.744,32.289],[26.479,31.847],[26.216,31.403],[25.956,30.959],[25.699,30.515],[25.444,30.07],[25.191,29.625],[24.94,29.179],[24.691,28.732],[24.445,28.286],[24.201,27.838],[23.958,27.391],[23.718,26.943],[23.479,26.494],[23.243,26.045],[23.008,25.596],[22.775,25.146],[22.544,24.696],[22.314,24.246],[22.086,23.795],[21.859,23.344],[21.634,22.893],[21.411,22.441],[21.189,21.989],[20.968,21.537],[20.749,21.085],[20.531,20.632],[20.091,20.749],[19.651,20.865],[19.209,20.979],[18.768,21.093],[18.526,20.647],[18.285,20.201],[18.046,19.755],[17.808,19.308],[17.572,18.861],[17.337,18.413],[17.103,17.965],[16.87,17.517],[16.638,17.069],[16.408,16.621],[16.178,16.172],[15.95,15.723],[15.722,15.274],[15.496,14.824],[15.27,14.374],[15.046,13.924],[14.822,13.474],[14.599,13.024],[14.377,12.573],[14.156,12.123],[13.935,11.672],[13.715,11.221],[13.496,10.77],[13.278,10.318],[13.06,9.867],[12.842,9.415],[12.626,8.963],[12.41,8.512],[12.194,8.059],[11.979,7.607],[11.764,7.155],[11.55,6.703],[11.336,6.25],[11.122,5.798],[10.909,5.345],[10.696,4.893],[10.484,4.44],[10.271,3.987],[10.059,3.534],[9.847,3.081],[9.636,2.628],[9.424,2.175],[9.213,1.722],[8.948,1.934],[8.684,2.146],[8.453,1.717],[8.223,1.287],[7.992,0.857],[7.762,0.428],[7.532,-0.002],[7.301,-0.432],[7.071,-0.861],[6.84,-1.291],[6.61,-1.721],[6.379,-2.15],[6.149,-2.58],[5.918,-3.01]]}},{"type":"Feature","properties":{"boundary_type":"ridge","feature_type":"gpml:MidOceanRidge","polarity":null,"overriding_plate_id":null,"subducting_plate_id":null,"plate_ids":[401,4041],"name":"Siberia-Baltica/Kara MoR"},"geometry":{"type":"LineString","coordinates":[[-39.601,-25.32],[-39.167,-25.043],[-38.736,-24.765],[-38.306,-24.486],[-37.878,-24.205],[-37.452,-23.923],[-37.028,-23.64],[-36.606,-23.356],[-36.186,-23.07],[-35.929,-23.336],[-35.671,-23.601],[-35.413,-23.866],[-34.99,-23.605],[-34.57,-23.343],[-34.151,-23.081],[-33.733,-22.817],[-33.318,-22.552],[-32.904,-22.286],[-33.031,-22.143],[-32.696,-21.929],[-32.362,-21.715],[-32.029,-21.5],[-31.698,-21.284],[-31.803,-21.151],[-31.369,-20.862],[-30.936,-20.572],[-30.505,-20.282],[-30.075,-19.99],[-29.647,-19.697],[-29.221,-19.403],[-28.796,-19.109],[-28.373,-18.813],[-28.105,-19.139],[-27.836,-19.465],[-27.77,-19.411]]}},{"type":"Feature","properties":{"boundary_type":"ridge","feature_type":"gpml:MidOceanRidge","polarity":null,"overriding_plate_id":null,"subducting_plate_id":null,"plate_ids":[466,4041],"name":"Siberia-Baltica/Kara MoR"},"geometry":{"type":"LineString","coordinates":[[-27.77,-19.411],[-27.388,-19.099],[-27.007,-18.787],[-26.627,-18.473],[-26.249,-18.159],[-25.872,-17.844],[-25.497,-17.529],[-25.123,-17.212],[-24.75,-16.896],[-24.378,-16.578],[-24.008,-16.26]]}},{"type":"Feature","properties":{"boundary_type":"ridge","feature_type":"gpml:MidOceanRidge","polarity":null,"overriding_plate_id":null,"subducting_plate_id":null,"plate_ids":[902,919],"name":"Panthalassa"},"geometry":{"type":"LineString","coordinates":[[-168.347,76.113],[-166.799,75.82],[-165.312,75.518],[-163.886,75.207],[-162.519,74.887],[-161.207,74.56],[-159.949,74.225],[-158.742,73.884],[-157.585,73.535],[-156.475,73.181],[-155.409,72.821],[-154.387,72.456],[-153.405,72.085],[-152.462,71.71],[-151.555,71.331],[-150.684,70.947],[-151.851,70.69],[-152.989,70.426],[-154.097,70.156],[-155.176,69.878],[-156.226,69.594],[-157.249,69.304],[-158.244,69.009],[-159.213,68.707],[-160.155,68.4],[-161.072,68.088],[-161.965,67.771],[-162.833,67.45],[-161.895,67.111],[-160.983,66.768],[-160.096,66.42],[-159.233,66.066],[-158.394,65.708],[-157.579,65.345],[-156.786,64.979],[-156.014,64.608],[-155.263,64.233],[-154.532,63.854],[-153.821,63.472],[-153.129,63.086],[-152.455,62.697],[-151.798,62.305],[-151.159,61.91],[-150.536,61.512],[-149.928,61.111],[-149.336,60.708],[-148.759,60.302],[-148.195,59.894],[-147.646,59.483],[-147.11,59.07],[-146.586,58.655],[-146.075,58.237],[-145.576,57.818],[-145.088,57.397],[-144.612,56.974],[-144.146,56.549],[-143.69,56.123],[-143.245,55.695],[-142.809,55.265],[-142.382,54.834],[-141.965,54.401],[-141.556,53.967],[-142.261,53.716],[-142.958,53.46],[-143.646,53.2],[-144.326,52.937],[-144.998,52.669],[-145.661,52.398],[-146.316,52.123],[-146.963,51.845],[-147.602,51.563],[-148.234,51.278],[-148.857,50.989],[-149.472,50.697],[-150.08,50.402],[-150.681,50.104],[-151.274,49.802],[-151.859,49.498],[-152.437,49.191],[-151.979,48.822],[-151.528,48.451],[-151.083,48.078],[-150.645,47.704],[-150.212,47.328],[-149.786,46.95],[-149.366,46.571],[-148.952,46.191],[-148.544,45.809],[-148.141,45.425],[-147.743,45.04],[-147.351,44.654],[-146.964,44.266],[-146.582,43.877],[-146.205,43.487],[-145.833,43.096],[-145.466,42.703],[-145.103,42.31],[-145.635,42.021],[-146.161,41.731],[-146.683,41.438],[-147.201,41.142],[-147.713,40.845],[-148.221,40.545],[-148.725,40.243],[-149.224,39.938],[-149.719,39.632],[-150.209,39.323],[-150.695,39.013],[-151.176,38.7],[-151.654,38.386],[-152.127,38.069],[-152.596,37.751],[-153.061,37.431],[-153.522,37.109],[-153.98,36.785],[-154.433,36.46],[-154.883,36.133],[-155.329,35.804],[-154.952,35.417],[-154.579,35.029],[-154.209,34.639],[-153.843,34.249],[-153.48,33.857],[-153.12,33.465],[-152.764,33.071],[-152.411,32.677],[-152.061,32.281],[-151.714,31.884],[-151.37,31.487],[-151.029,31.089],[-150.691,30.689],[-150.355,30.289],[-150.023,29.888],[-149.693,29.486],[-149.365,29.084],[-149.04,28.68],[-148.718,28.276],[-148.398,27.871],[-148.081,27.465],[-147.765,27.059],[-147.452,26.652],[-147.142,26.244],[-146.833,25.836],[-146.527,25.427]]}},{"type":"Feature","properties":{"boundary_type":"ridge","feature_type":"gpml:MidOceanRidge","polarity":null,"overriding_plate_id":null,"subducting_plate_id":null,"plate_ids":[101,919],"name":"Panthalassa"},"geometry":{"type":"LineString","coordinates":[[-146.527,25.427],[-146.259,25.066]]}},{"type":"Feature","properties":{"boundary_type":"ridge","feature_type":"gpml:MidOceanRidge","polarity":null,"overriding_plate_id":null,"subducting_plate_id":null,"plate_ids":[101,902],"name":"Siberia-Laurentia ridge"},"geometry":{"type":"LineString","coordinates":[[-90.97,13.017],[-90.683,12.625],[-90.397,12.233],[-90.782,11.952],[-91.167,11.671],[-91.551,11.39],[-91.935,11.108],[-91.653,10.726],[-91.372,10.344],[-91.092,9.962],[-90.813,9.579],[-90.534,9.197],[-90.255,8.814],[-89.978,8.431],[-89.701,8.047],[-89.424,7.664],[-89.148,7.28],[-89.517,7.084],[-89.885,6.887],[-90.253,6.689],[-90.621,6.492],[-90.352,6.102],[-90.082,5.712],[-89.813,5.321],[-89.545,4.931],[-89.276,4.54],[-89.008,4.15],[-88.74,3.759]]}},{"type":"Feature","properties":{"boundary_type":"ridge","feature_type":"gpml:MidOceanRidge","polarity":null,"overriding_plate_id":null,"subducting_plate_id":null,"plate_ids":[101,401],"name":"Siberia-Laurentia ridge"},"geometry":{"type":"LineString","coordinates":[[-88.74,3.759],[-88.479,3.377],[-88.218,2.995],[-87.957,2.613],[-87.696,2.231],[-87.435,1.849],[-87.174,1.467],[-87.566,1.224],[-87.31,0.829],[-87.054,0.433],[-86.798,0.038],[-86.542,-0.357],[-86.286,-0.753],[-86.03,-1.148],[-85.773,-1.543],[-85.517,-1.939],[-85.261,-2.334],[-85.004,-2.729],[-84.748,-3.124],[-84.491,-3.519],[-84.234,-3.914],[-84.454,-4.05],[-84.675,-4.185],[-84.415,-4.61],[-84.155,-5.034],[-83.894,-5.459],[-83.633,-5.883],[-83.372,-6.307],[-83.111,-6.731],[-82.848,-7.155],[-82.586,-7.579],[-82.323,-8.003],[-82.059,-8.426],[-81.795,-8.849],[-82.157,-9.061],[-82.519,-9.273],[-82.882,-9.484],[-82.638,-9.893],[-82.393,-10.302]]}},{"type":"Feature","properties":{"boundary_type":"ridge","feature_type":"gpml:MidOceanRidge","polarity":null,"overriding_plate_id":null,"subducting_plate_id":null,"plate_ids":[173,401],"name":"Siberia-Laurentia ridge"},"geometry":{"type":"LineString","coordinates":[[-82.393,-10.302],[-82.145,-10.714],[-81.897,-11.126],[-81.648,-11.538],[-81.398,-11.949],[-81.148,-12.36],[-80.896,-12.771],[-80.644,-13.182],[-80.391,-13.593],[-80.138,-14.003],[-79.883,-14.413],[-79.627,-14.823],[-79.371,-15.232],[-79.113,-15.642],[-78.854,-16.05],[-79.224,-16.277],[-79.595,-16.504],[-79.966,-16.73],[-80.339,-16.955],[-80.079,-17.373],[-79.818,-17.791],[-79.556,-18.209],[-79.292,-18.626],[-79.028,-19.043],[-78.762,-19.46],[-78.494,-19.876],[-78.225,-20.292],[-77.955,-20.707],[-77.683,-21.122],[-77.387,-21.53],[-77.09,-21.938],[-76.791,-22.345],[-76.49,-22.752],[-76.187,-23.158],[-75.882,-23.564],[-75.576,-23.969],[-75.267,-24.373],[-74.957,-24.777],[-74.644,-25.18],[-74.33,-25.582],[-74.013,-25.984],[-73.694,-26.385],[-73.373,-26.786]]}},{"type":"Feature","properties":{"boundary_type":"ridge","feature_type":"gpml:MidOceanRidge","polarity":null,"overriding_plate_id":null,"subducting_plate_id":null,"plate_ids":[173,701],"name":"Rheic Ridge"},"geometry":{"type":"LineString","coordinates":[[-128.585,-32.136],[-128.208,-32.271],[-127.831,-32.405],[-127.452,-32.538],[-127.312,-32.31],[-127.173,-32.083],[-126.673,-32.253],[-126.171,-32.42],[-125.668,-32.586],[-125.162,-32.75],[-124.655,-32.912],[-124.146,-33.071],[-124.005,-32.745],[-123.865,-32.419],[-123.726,-32.092],[-123.34,-32.239],[-122.952,-32.384],[-122.563,-32.528]]}},{"type":"Feature","properties":{"boundary_type":"ridge","feature_type":"gpml:MidOceanRidge","polarity":null,"overriding_plate_id":null,"subducting_plate_id":null,"plate_ids":[184,701],"name":"Rheic Ridge"},"geometry":{"type":"LineString","coordinates":[[-122.563,-32.528],[-122.069,-32.709],[-121.573,-32.887],[-121.075,-33.064],[-120.576,-33.238],[-120.074,-33.411],[-120.243,-33.876],[-120.413,-34.341],[-120.586,-34.805],[-120.069,-34.964],[-119.549,-35.122],[-119.028,-35.277],[-118.505,-35.429],[-117.98,-35.58],[-117.453,-35.728],[-117.599,-36.142],[-117.747,-36.555],[-117.896,-36.968],[-118.047,-37.382],[-117.462,-37.552],[-116.876,-37.72],[-116.286,-37.885],[-115.694,-38.047],[-115.1,-38.205],[-115.244,-38.635],[-115.39,-39.065],[-115.538,-39.494],[-115.688,-39.924],[-115.84,-40.353],[-115.224,-40.494],[-114.607,-40.633],[-113.986,-40.768],[-113.363,-40.899],[-112.738,-41.027],[-112.11,-41.152],[-111.48,-41.274],[-111.594,-41.735],[-111.71,-42.196],[-111.828,-42.657],[-111.947,-43.118],[-112.068,-43.579],[-112.191,-44.04],[-112.315,-44.5],[-111.719,-44.687],[-111.118,-44.871],[-110.513,-45.051],[-109.905,-45.228],[-109.293,-45.402],[-108.677,-45.573],[-108.797,-46.02],[-108.918,-46.467],[-109.042,-46.914],[-109.168,-47.36],[-109.296,-47.807],[-109.426,-48.253],[-109.558,-48.699],[-109.693,-49.145],[-109.025,-49.371],[-108.351,-49.593],[-107.671,-49.811],[-106.985,-50.024],[-106.293,-50.234],[-105.595,-50.44],[-105.682,-50.843],[-105.772,-51.247],[-105.862,-51.651],[-105.955,-52.055],[-106.049,-52.458],[-105.456,-52.607],[-104.86,-52.753],[-104.259,-52.897],[-103.655,-53.037],[-103.728,-53.489],[-103.803,-53.941],[-103.88,-54.393],[-103.958,-54.845],[-104.038,-55.297],[-104.12,-55.749],[-104.204,-56.201],[-104.29,-56.653],[-103.476,-56.784],[-102.656,-56.909],[-101.83,-57.029],[-101.0,-57.144],[-100.164,-57.253],[-99.324,-57.356],[-98.479,-57.454],[-97.629,-57.546],[-96.776,-57.632],[-95.918,-57.713],[-95.057,-57.788],[-95.041,-58.276],[-95.025,-58.765],[-95.009,-59.253],[-94.992,-59.741],[-94.975,-60.23],[-94.16,-60.297],[-93.342,-60.359],[-92.52,-60.416],[-91.697,-60.468],[-90.87,-60.514],[-90.763,-60.994],[-90.652,-61.474],[-90.538,-61.953],[-90.42,-62.433],[-89.368,-62.461],[-88.315,-62.481],[-87.26,-62.494],[-86.205,-62.498],[-85.967,-62.975],[-85.72,-63.451],[-85.466,-63.926],[-85.203,-64.401],[-84.084,-64.413],[-82.965,-64.416],[-81.845,-64.41],[-80.727,-64.396],[-80.401,-64.858],[-80.064,-65.32],[-79.715,-65.781],[-79.353,-66.241],[-78.977,-66.7],[-78.662,-67.122],[-78.336,-67.543],[-77.998,-67.964],[-77.647,-68.384],[-77.283,-68.803],[-76.209,-68.71],[-75.143,-68.611],[-74.087,-68.505],[-73.041,-68.392],[-72.006,-68.273],[-71.471,-68.669],[-70.916,-69.063],[-70.34,-69.455],[-69.744,-69.845],[-69.125,-70.233],[-68.482,-70.619],[-67.814,-71.003],[-67.105,-71.424],[-66.364,-71.843],[-65.59,-72.258],[-64.78,-72.671],[-63.932,-73.08],[-63.043,-73.485],[-62.111,-73.887],[-60.886,-73.643],[-59.697,-73.393],[-58.543,-73.135],[-57.423,-72.872],[-56.335,-72.603],[-55.605,-72.873],[-54.852,-73.141],[-54.076,-73.406],[-52.903,-73.1],[-51.772,-72.787],[-50.68,-72.468],[-49.626,-72.143],[-48.608,-71.813],[-47.627,-71.478],[-46.679,-71.138],[-45.763,-70.793],[-44.879,-70.444],[-44.025,-70.091],[-43.2,-69.733],[-42.506,-69.929],[-41.798,-70.122],[-40.904,-69.765],[-40.039,-69.403],[-39.203,-69.037],[-38.395,-68.667],[-37.53,-68.869],[-36.649,-69.066],[-35.943,-68.664],[-35.262,-68.259],[-34.605,-67.851],[-33.971,-67.441],[-33.358,-67.029],[-32.468,-67.242],[-31.563,-67.451],[-30.641,-67.655],[-30.572,-67.623]]}},{"type":"Feature","properties":{"boundary_type":"ridge","feature_type":"gpml:MidOceanRidge","polarity":null,"overriding_plate_id":null,"subducting_plate_id":null,"plate_ids":[302,701],"name":"Rheic Ridge"},"geometry":{"type":"LineString","coordinates":[[-30.572,-67.623],[-29.836,-67.279],[-29.122,-66.931],[-28.427,-66.581],[-27.752,-66.227],[-27.096,-65.871],[-26.458,-65.511]]}},{"type":"Feature","properties":{"boundary_type":"ridge","feature_type":"gpml:MidOceanRidge","polarity":null,"overriding_plate_id":null,"subducting_plate_id":null,"plate_ids":[302,404],"name":"Kara-Baltica MoR"},"geometry":{"type":"LineString","coordinates":[[-37.468,-32.301],[-36.945,-32.518],[-36.42,-32.733],[-35.893,-32.946],[-35.363,-33.156],[-34.83,-33.364],[-34.295,-33.57],[-33.757,-33.774],[-33.827,-33.918],[-33.348,-34.084],[-32.868,-34.249],[-32.386,-34.411],[-31.902,-34.572],[-31.416,-34.731],[-30.928,-34.888],[-30.439,-35.042],[-30.337,-34.752],[-29.852,-34.916],[-29.364,-35.078],[-28.874,-35.238],[-28.383,-35.396],[-27.89,-35.552],[-27.394,-35.706],[-26.897,-35.858],[-26.968,-36.064],[-26.393,-36.235],[-25.814,-36.402],[-25.234,-36.567],[-24.65,-36.729],[-24.065,-36.888],[-23.477,-37.045],[-23.319,-36.618],[-23.163,-36.191],[-23.008,-35.763],[-22.856,-35.335],[-22.704,-34.908],[-22.555,-34.48],[-22.407,-34.051],[-22.26,-33.623],[-22.115,-33.194],[-21.597,-33.249],[-21.078,-33.302],[-20.558,-33.352],[-20.038,-33.4],[-19.517,-33.446],[-18.996,-33.49]]}},{"type":"Feature","properties":{"boundary_type":"ridge","feature_type":"gpml:MidOceanRidge","polarity":null,"overriding_plate_id":null,"subducting_plate_id":null,"plate_ids":[302,466],"name":"Baltica-tianshan mor"},"geometry":{"type":"LineString","coordinates":[[-18.989,-33.261],[-18.41,-33.278],[-17.83,-33.292],[-17.25,-33.304],[-16.67,-33.313],[-16.09,-33.319],[-15.509,-33.322],[-14.929,-33.323],[-14.349,-33.321],[-13.769,-33.317],[-13.188,-33.309],[-13.126,-33.753],[-13.062,-34.196],[-12.999,-34.639],[-12.414,-34.683],[-11.829,-34.724],[-11.244,-34.763],[-10.658,-34.798],[-10.071,-34.831],[-9.484,-34.86],[-8.897,-34.887],[-8.309,-34.912],[-7.721,-34.933],[-7.133,-34.951],[-6.544,-34.967],[-5.956,-34.98]]}},{"type":"Feature","properties":{"boundary_type":"transform","feature_type":"gpml:Transform","polarity":null,"overriding_plate_id":null,"subducting_plate_id":null,"plate_ids":[101,173],"name":"transform between Laurentia and Iapetus"},"geometry":{"type":"LineString","coordinates":[[-151.552,-21.456],[-151.592,-21.57]]}},{"type":"Feature","properties":{"boundary_type":"transform","feature_type":"gpml:Transform","polarity":null,"overriding_plate_id":null,"subducting_plate_id":null,"plate_ids":[173,701],"name":"Gondwana-Iapetus transform?"},"geometry":{"type":"LineString","coordinates":[[-126.281,-27.984],[-126.841,-27.927],[-127.399,-27.868],[-127.957,-27.807],[-128.514,-27.743],[-129.071,-27.678],[-129.582,-27.701],[-130.094,-27.723],[-130.606,-27.742],[-131.119,-27.76],[-131.631,-27.776],[-132.144,-27.79],[-132.656,-27.802],[-133.169,-27.813],[-133.682,-27.821],[-134.195,-27.827],[-134.711,-27.854],[-135.228,-27.878],[-135.745,-27.901],[-136.262,-27.921],[-136.779,-27.94],[-137.297,-27.957],[-137.814,-27.972],[-138.332,-27.985],[-138.85,-27.995],[-139.368,-28.004],[-139.888,-28.107],[-140.409,-28.207],[-140.932,-28.305],[-141.455,-28.401],[-141.979,-28.495],[-142.505,-28.588],[-143.031,-28.678],[-143.558,-28.766],[-144.085,-28.852],[-144.614,-28.936],[-145.144,-29.018],[-145.674,-29.098],[-146.201,-29.191],[-146.729,-29.283],[-147.258,-29.373],[-147.788,-29.46],[-148.318,-29.546],[-148.85,-29.629],[-149.382,-29.71],[-149.916,-29.789],[-150.45,-29.866],[-150.985,-29.941],[-151.495,-30.034],[-152.007,-30.125],[-152.52,-30.215],[-153.033,-30.302],[-153.547,-30.388]]}},{"type":"Feature","properties":{"boundary_type":"transform","feature_type":"gpml:Transform","polarity":null,"overriding_plate_id":null,"subducting_plate_id":null,"plate_ids":[173,701,919,22601],"name":"Gondwana-Iapetus transform?"},"geometry":{"type":"LineString","coordinates":[[-153.547,-30.388],[-153.696,-30.412]]}},{"type":"Feature","properties":{"boundary_type":"transform","feature_type":"gpml:Transform","polarity":null,"overriding_plate_id":null,"subducting_plate_id":null,"plate_ids":[701,919],"name":"Gondwana-Iapetus transform?"},"geometry":{"type":"LineString","coordinates":[[-153.696,-30.412],[-154.026,-30.465],[-154.357,-30.518]]}},{"type":"Feature","properties":{"boundary_type":"transform","feature_type":"gpml:Transform","polarity":null,"overriding_plate_id":null,"subducting_plate_id":null,"plate_ids":[173,184],"name":"Iapetus-greater Avalonia transform"},"geometry":{"type":"LineString","coordinates":[[-120.613,-29.055],[-120.849,-29.491],[-121.087,-29.926],[-121.328,-30.361],[-121.57,-30.795],[-121.815,-31.229],[-122.062,-31.663],[-122.311,-32.096],[-122.563,-32.528]]}},{"type":"Feature","properties":{"boundary_type":"transform","feature_type":"gpml:Transform","polarity":null,"overriding_plate_id":null,"subducting_plate_id":null,"plate_ids":[173,701],"name":"Gondwana-greater Avalonia transform"},"geometry":{"type":"LineString","coordinates":[[-126.281,-27.984],[-126.517,-28.389],[-126.754,-28.793],[-126.994,-29.197],[-127.235,-29.601],[-127.455,-30.025],[-127.677,-30.448],[-127.901,-30.87],[-128.127,-31.293],[-128.355,-31.715],[-128.585,-32.136]]}},{"type":"Feature","properties":{"boundary_type":"transform","feature_type":"gpml:Transform","polarity":null,"overriding_plate_id":null,"subducting_plate_id":null,"plate_ids":[302,701],"name":"Gondwana-Baltica Transform"},"geometry":{"type":"LineString","coordinates":[[-26.458,-65.511],[-25.266,-65.453],[-24.081,-65.384],[-22.902,-65.307],[-21.731,-65.221],[-20.59,-65.102],[-19.46,-64.976],[-18.341,-64.841],[-17.233,-64.697],[-16.138,-64.545],[-15.054,-64.386],[-14.26,-64.09],[-13.483,-63.79],[-12.722,-63.486],[-11.977,-63.178],[-11.248,-62.867],[-10.441,-62.531],[-9.652,-62.191],[-8.88,-61.846],[-8.126,-61.497],[-7.388,-61.144],[-6.915,-60.704],[-6.455,-60.263]]}},{"type":"Feature","properties":{"boundary_type":"transform","feature_type":"gpml:Transform","polarity":null,"overriding_plate_id":null,"subducting_plate_id":null,"plate_ids":[602,701],"name":"transform between gondwana and South china"},"geometry":{"type":"LineString","coordinates":[[81.46,-30.98],[81.756,-31.069],[82.053,-31.158],[82.601,-31.262],[83.149,-31.364],[83.699,-31.464],[84.25,-31.562],[84.802,-31.657],[85.356,-31.749],[85.91,-31.84],[86.465,-31.928],[87.022,-32.013],[87.579,-32.096],[88.138,-32.177],[88.697,-32.255],[89.253,-32.286],[89.809,-32.315],[90.365,-32.342],[90.922,-32.366],[91.478,-32.388],[92.036,-32.407],[92.593,-32.424],[93.151,-32.438],[93.708,-32.45],[94.266,-32.46],[94.824,-32.467],[95.382,-32.471],[95.94,-32.473],[96.498,-32.473],[97.054,-32.453],[97.609,-32.43],[98.164,-32.406],[98.719,-32.378],[99.273,-32.349],[99.828,-32.317],[100.381,-32.282],[100.934,-32.245],[101.487,-32.206],[102.039,-32.164],[102.591,-32.12],[103.142,-32.074],[103.693,-32.025],[104.15,-31.744],[104.604,-31.462],[105.056,-31.179],[105.505,-30.894],[105.951,-30.607],[106.395,-30.319],[106.836,-30.029],[107.275,-29.738],[107.711,-29.445],[108.144,-29.151],[108.575,-28.855],[109.003,-28.559],[109.429,-28.26],[109.853,-27.961],[110.274,-27.66],[110.694,-27.358],[111.11,-27.055],[111.525,-26.75],[111.937,-26.445],[112.347,-26.138],[112.755,-25.83]]}},{"type":"Feature","properties":{"boundary_type":"transform","feature_type":"gpml:Transform","polarity":null,"overriding_plate_id":null,"subducting_plate_id":null,"plate_ids":[401,902],"name":"Transform closing Siberian plate"},"geometry":{"type":"LineString","coordinates":[[-80.101,8.908],[-80.517,8.667],[-80.932,8.425],[-81.347,8.182],[-81.761,7.94],[-82.175,7.696],[-82.588,7.453],[-83.001,7.209],[-83.413,6.964],[-83.825,6.719],[-84.237,6.474],[-84.648,6.229],[-85.059,5.983],[-85.469,5.737],[-85.879,5.491],[-86.289,5.244],[-86.698,4.997],[-87.107,4.75],[-87.516,4.503],[-87.924,4.255],[-88.332,4.007],[-88.74,3.759]]}},{"type":"Feature","properties":{"boundary_type":"transform","feature_type":"gpml:Transform","polarity":null,"overriding_plate_id":null,"subducting_plate_id":null,"plate_ids":[602,701],"name":""},"geometry":{"type":"LineString","coordinates":[[102.859,-8.523],[103.026,-8.943],[103.194,-9.363],[103.362,-9.782],[103.531,-10.202],[103.79,-10.528],[104.051,-10.855],[104.312,-11.181],[104.573,-11.507],[104.835,-11.832],[105.055,-12.258],[105.274,-12.684],[105.495,-13.109],[105.717,-13.535],[105.939,-13.96],[106.162,-14.384],[106.354,-14.83],[106.548,-15.275],[106.742,-15.72],[106.937,-16.165],[107.133,-16.61],[107.33,-17.054],[107.527,-17.499],[107.726,-17.943],[107.926,-18.387],[108.126,-18.83],[108.328,-19.274],[108.531,-19.717],[108.735,-20.16],[108.94,-20.603],[109.147,-21.046],[109.354,-21.488],[109.563,-21.93],[109.773,-22.372],[109.985,-22.813],[110.324,-23.193],[110.665,-23.572],[111.008,-23.95],[111.353,-24.328],[111.701,-24.705],[112.05,-25.08],[112.401,-25.456],[112.755,-25.83]]}},{"type":"Feature","properties":{"boundary_type":"transform","feature_type":"gpml:Transform","polarity":null,"overriding_plate_id":null,"subducting_plate_id":null,"plate_ids":[302,466],"name":"Transform between Baltica and ?? plates"},"geometry":{"type":"LineString","coordinates":[[-5.956,-34.98],[-5.944,-35.116],[-5.717,-35.561],[-5.487,-36.006],[-5.254,-36.45],[-5.019,-36.894],[-4.781,-37.337],[-4.54,-37.78],[-4.296,-38.222],[-4.049,-38.664],[-3.8,-39.105],[-3.547,-39.546],[-3.184,-39.932],[-2.817,-40.317],[-2.446,-40.701],[-2.071,-41.084],[-1.691,-41.466],[-1.307,-41.846],[-0.918,-42.225],[-0.525,-42.603],[-0.127,-42.979],[0.277,-43.354],[0.822,-43.643],[1.373,-43.93],[1.929,-44.214],[2.49,-44.495],[3.057,-44.773],[3.629,-45.048],[4.207,-45.321],[4.791,-45.591],[5.379,-45.857],[5.974,-46.121],[6.574,-46.381],[7.18,-46.639],[7.792,-46.893],[8.41,-47.143],[9.103,-47.212],[9.798,-47.277],[10.495,-47.337],[11.194,-47.393],[11.894,-47.445],[12.595,-47.492]]}},{"type":"Feature","properties":{"boundary_type":"transform","feature_type":"gpml:Transform","polarity":null,"overriding_plate_id":null,"subducting_plate_id":null,"plate_ids":[401,4100],"name":"Siberia-CMT transform"},"geometry":{"type":"LineString","coordinates":[[-36.736,-0.466],[-36.917,-0.883],[-37.099,-1.3],[-37.28,-1.717]]}},{"type":"Feature","properties":{"boundary_type":"transform","feature_type":"gpml:Transform","polarity":null,"overriding_plate_id":null,"subducting_plate_id":null,"plate_ids":[302,401],"name":"Transform between Baltica and Siberia plates"},"geometry":{"type":"LineString","coordinates":[[-51.906,-35.115],[-51.541,-34.804],[-51.179,-34.492],[-50.82,-34.179],[-50.464,-33.865],[-50.11,-33.55],[-49.759,-33.234],[-49.274,-32.976],[-48.793,-32.716],[-48.314,-32.455],[-47.838,-32.192],[-47.365,-31.926],[-46.894,-31.66],[-46.427,-31.391],[-45.962,-31.121],[-45.499,-30.849],[-45.039,-30.575],[-44.582,-30.3],[-44.048,-30.133],[-43.516,-29.963],[-42.986,-29.791],[-42.458,-29.617],[-41.932,-29.441],[-41.407,-29.263],[-40.884,-29.083],[-40.364,-28.901],[-39.845,-28.717],[-39.327,-28.531],[-38.812,-28.343],[-38.266,-28.284],[-37.721,-28.222]]}},{"type":"Feature","properties":{"boundary_type":"transform","feature_type":"gpml:Transform","polarity":null,"overriding_plate_id":null,"subducting_plate_id":null,"plate_ids":[580,701],"name":"Tarim-Gondwana transform"},"geometry":{"type":"LineString","coordinates":[[72.369,-48.254],[71.784,-48.381],[71.197,-48.505],[70.607,-48.626],[70.014,-48.744],[69.418,-48.859],[68.715,-48.963],[68.009,-49.063],[67.3,-49.159],[66.588,-49.25],[65.874,-49.337],[65.157,-49.419],[64.438,-49.497],[63.716,-49.57],[62.993,-49.639],[62.268,-49.704],[61.54,-49.764],[60.811,-49.819],[60.214,-49.671],[59.621,-49.521],[59.032,-49.367],[58.446,-49.211],[57.864,-49.051],[57.417,-48.748],[56.976,-48.442],[56.54,-48.136],[56.109,-47.827],[55.683,-47.517],[55.208,-47.198],[54.739,-46.877],[54.275,-46.554],[53.817,-46.229],[53.364,-45.903],[52.917,-45.574],[52.474,-45.244],[52.016,-44.882],[51.563,-44.519],[51.115,-44.154],[50.674,-43.787],[50.237,-43.418],[49.806,-43.048]]}},{"type":"Feature","properties":{"boundary_type":"transform","feature_type":"gpml:Transform","polarity":null,"overriding_plate_id":null,"subducting_plate_id":null,"plate_ids":[601,6013],"name":"Qinling transform"},"geometry":{"type":"LineString","coordinates":[[59.879,-5.746],[60.038,-5.479],[60.284,-5.305],[60.53,-5.131],[60.93,-5.021],[61.396,-4.909],[61.862,-4.796]]}},{"type":"Feature","properties":{"boundary_type":"transform","feature_type":"gpml:Transform","polarity":null,"overriding_plate_id":null,"subducting_plate_id":null,"plate_ids":[926,6026],"name":""},"geometry":{"type":"LineString","coordinates":[[90.741,5.348],[90.414,5.005],[90.088,4.661],[89.763,4.316],[89.437,3.972],[89.112,3.628],[88.787,3.283],[88.462,2.939],[88.138,2.594],[87.813,2.249],[87.489,1.904],[87.165,1.559],[86.841,1.214],[86.517,0.869],[86.193,0.524],[85.798,0.221],[85.403,-0.083],[85.008,-0.386],[84.613,-0.689],[84.218,-0.993],[83.823,-1.296],[83.428,-1.599],[83.033,-1.902],[82.637,-2.205],[82.241,-2.508]]}},{"type":"Feature","properties":{"boundary_type":"transform","feature_type":"gpml:Transform","polarity":null,"overriding_plate_id":null,"subducting_plate_id":null,"plate_ids":[184,302],"name":"Baltica-greater Avalonia transform"},"geometry":{"type":"LineString","coordinates":[[-47.061,-61.189],[-46.491,-61.53],[-45.908,-61.869],[-45.313,-62.206],[-44.704,-62.54],[-44.081,-62.871],[-43.445,-63.199],[-42.73,-63.548],[-41.997,-63.894],[-41.246,-64.235],[-40.476,-64.573],[-39.688,-64.907],[-38.879,-65.236],[-38.05,-65.561],[-37.201,-65.881],[-36.311,-66.147],[-35.402,-66.407],[-34.475,-66.662],[-33.528,-66.911],[-32.562,-67.154],[-31.577,-67.392],[-30.572,-67.623]]}},{"type":"Feature","properties":{"boundary_type":"transform","feature_type":"gpml:Transform","polarity":null,"overriding_plate_id":null,"subducting_plate_id":null,"plate_ids":[302,404],"name":"Kara-Baltica transform"},"geometry":{"type":"LineString","coordinates":[[-37.468,-32.301],[-37.346,-31.935],[-37.319,-31.538],[-37.292,-31.141],[-37.265,-30.743],[-37.295,-30.359],[-37.324,-29.975],[-37.353,-29.59],[-37.43,-29.197],[-37.507,-28.804]]}},{"type":"Feature","properties":{"boundary_type":"transform","feature_type":"gpml:Transform","polarity":null,"overriding_plate_id":null,"subducting_plate_id":null,"plate_ids":[302,4041],"name":"Kara-Baltica transform"},"geometry":{"type":"LineString","coordinates":[[-37.507,-28.804],[-37.514,-28.767],[-37.618,-28.495],[-37.721,-28.222]]}},{"type":"Feature","properties":{"boundary_type":"transform","feature_type":"gpml:Transform","polarity":null,"overriding_plate_id":null,"subducting_plate_id":null,"plate_ids":[401,4041],"name":"Kara-Baltica transform"},"geometry":{"type":"LineString","coordinates":[[-37.721,-28.222],[-37.887,-27.781],[-38.142,-27.385],[-38.395,-26.988],[-38.647,-26.591],[-38.896,-26.193],[-39.132,-25.903],[-39.367,-25.612],[-39.601,-25.32]]}},{"type":"Feature","properties":{"boundary_type":"transform","feature_type":"gpml:Transform","polarity":null,"overriding_plate_id":null,"subducting_plate_id":null,"plate_ids":[459,466],"name":"North Tianshan Ocean transform"},"geometry":{"type":"LineString","coordinates":[[7.172,-10.559],[7.181,-10.907],[7.196,-11.39],[7.211,-11.874],[7.226,-12.357],[7.241,-12.84],[7.257,-13.324],[7.272,-13.807],[7.287,-14.291],[7.303,-14.774],[7.318,-15.258],[7.334,-15.741],[7.349,-16.225],[7.365,-16.708],[7.381,-17.192],[7.397,-17.675],[7.413,-18.158],[7.429,-18.642],[7.493,-19.107],[7.558,-19.571],[7.623,-20.036],[7.688,-20.501],[7.754,-20.966],[7.82,-21.43],[7.887,-21.895],[7.954,-22.359],[8.022,-22.824],[8.09,-23.289],[8.158,-23.753],[8.227,-24.218],[8.415,-24.665],[8.604,-25.112],[8.794,-25.559],[8.986,-26.005],[9.179,-26.452],[9.374,-26.898],[9.57,-27.344],[9.768,-27.789],[9.968,-28.234],[10.169,-28.679],[10.372,-29.124],[10.577,-29.568],[10.908,-29.918],[11.242,-30.268],[11.578,-30.616],[11.917,-30.964],[12.258,-31.31]]}},{"type":"Feature","properties":{"boundary_type":"transform","feature_type":"gpml:Transform","polarity":null,"overriding_plate_id":null,"subducting_plate_id":null,"plate_ids":[580,4511],"name":"Alxa backarc transform"},"geometry":{"type":"LineString","coordinates":[[49.193,-17.712],[49.651,-17.746],[50.109,-17.779],[50.568,-17.811],[51.026,-17.841]]}},{"type":"Feature","properties":{"boundary_type":"transform","feature_type":"gpml:Transform","polarity":null,"overriding_plate_id":null,"subducting_plate_id":null,"plate_ids":[580,4511],"name":"Alxa backarc transform"},"geometry":{"type":"LineString","coordinates":[[50.656,-9.992],[51.108,-10.099],[51.561,-10.206],[52.013,-10.312]]}},{"type":"Feature","properties":{"boundary_type":"transform","feature_type":"gpml:Transform","polarity":null,"overriding_plate_id":null,"subducting_plate_id":null,"plate_ids":[451,580],"name":"Alxa transform"},"geometry":{"type":"LineString","coordinates":[[49.188,-17.761],[48.751,-17.776],[48.315,-17.789],[47.878,-17.801],[47.476,-17.788],[47.074,-17.774],[46.672,-17.759],[46.27,-17.743],[45.889,-17.655],[45.508,-17.567],[45.128,-17.478]]}},{"type":"Feature","properties":{"boundary_type":"transform","feature_type":"gpml:Transform","polarity":null,"overriding_plate_id":null,"subducting_plate_id":null,"plate_ids":[451,580],"name":"Alxa transform"},"geometry":{"type":"LineString","coordinates":[[50.664,-9.951],[50.275,-9.78],[49.862,-9.648],[49.448,-9.516],[49.035,-9.384],[48.622,-9.251],[48.21,-9.117],[47.798,-8.983],[47.349,-8.889],[46.9,-8.794],[46.451,-8.698],[45.963,-8.618],[45.476,-8.537],[44.989,-8.455],[44.502,-8.373]]}},{"type":"Feature","properties":{"boundary_type":"transform","feature_type":"gpml:Transform","polarity":null,"overriding_plate_id":null,"subducting_plate_id":null,"plate_ids":[580,5801],"name":"Tarim-South Tianshan transform"},"geometry":{"type":"LineString","coordinates":[[45.099,-18.317],[44.788,-18.498],[44.476,-18.679],[44.163,-18.859],[43.698,-18.853],[43.232,-18.845],[42.767,-18.836],[42.302,-18.826],[41.784,-18.766],[41.267,-18.705],[40.75,-18.642],[40.234,-18.578],[39.718,-18.512],[39.202,-18.445],[38.698,-18.354],[38.193,-18.262]]}},{"type":"Feature","properties":{"boundary_type":"transform","feature_type":"gpml:Transform","polarity":null,"overriding_plate_id":null,"subducting_plate_id":null,"plate_ids":[466,5801],"name":"South Tianshan transform"},"geometry":{"type":"LineString","coordinates":[[38.296,-19.485],[37.823,-19.413],[37.35,-19.34],[36.878,-19.266],[36.406,-19.19],[35.934,-19.114],[35.463,-19.036],[34.974,-18.928],[34.486,-18.82],[33.998,-18.71],[33.512,-18.598],[33.025,-18.486],[32.54,-18.372],[32.055,-18.257],[31.651,-18.035],[31.248,-17.812],[30.846,-17.588]]}},{"type":"Feature","properties":{"boundary_type":"transform","feature_type":"gpml:Transform","polarity":null,"overriding_plate_id":null,"subducting_plate_id":null,"plate_ids":[466,580],"name":"Tarim transform"},"geometry":{"type":"LineString","coordinates":[[35.938,-35.774],[36.514,-35.95],[37.093,-36.124],[37.674,-36.294],[38.258,-36.462],[38.844,-36.627],[39.376,-36.848],[39.911,-37.066],[40.449,-37.282],[40.989,-37.495],[41.533,-37.706],[42.081,-37.914],[42.631,-38.12],[43.054,-38.431],[43.482,-38.741],[43.913,-39.049],[44.348,-39.355],[44.786,-39.66],[45.229,-39.963],[45.675,-40.264],[46.126,-40.563],[46.525,-40.919],[46.929,-41.272],[47.337,-41.625],[47.75,-41.976],[48.167,-42.325],[48.589,-42.673],[49.016,-43.02],[49.447,-43.364]]}},{"type":"Feature","properties":{"boundary_type":"transform","feature_type":"gpml:Transform","polarity":null,"overriding_plate_id":null,"subducting_plate_id":null,"plate_ids":[457,580],"name":"Kunlun transform"},"geometry":{"type":"LineString","coordinates":[[70.904,-42.713],[71.322,-42.642],[71.788,-42.501],[72.253,-42.358]]}},{"type":"Feature","properties":{"boundary_type":"transform","feature_type":"gpml:Transform","polarity":null,"overriding_plate_id":null,"subducting_plate_id":null,"plate_ids":[457,6013],"name":"Qinling transform"},"geometry":{"type":"LineString","coordinates":[[66.449,-14.166],[66.632,-14.228],[67.122,-14.104],[67.383,-14.03],[67.644,-13.955],[68.016,-13.679],[68.098,-13.517]]}},{"type":"Feature","properties":{"boundary_type":"transform","feature_type":"gpml:Transform","polarity":null,"overriding_plate_id":null,"subducting_plate_id":null,"plate_ids":[459,5801],"name":"North Tianshan Ocean transform"},"geometry":{"type":"LineString","coordinates":[[24.805,-6.0],[24.943,-6.39],[25.082,-6.781],[25.221,-7.172],[25.36,-7.562],[25.5,-7.953],[25.723,-8.4],[25.946,-8.848],[26.17,-9.295],[26.395,-9.742],[26.62,-10.19],[26.846,-10.637],[27.052,-10.994],[27.259,-11.351],[27.466,-11.708],[27.804,-12.062],[28.142,-12.416],[28.481,-12.77],[28.822,-13.123],[29.198,-13.387],[29.576,-13.649],[29.954,-13.911],[30.333,-14.173],[30.713,-14.433],[31.142,-14.52],[31.57,-14.606]]}},{"type":"Feature","properties":{"boundary_type":"transform","feature_type":"gpml:Transform","polarity":null,"overriding_plate_id":null,"subducting_plate_id":null,"plate_ids":[460,466],"name":"Chu-Yili transform"},"geometry":{"type":"LineString","coordinates":[[-4.166,-10.897],[-4.227,-10.492],[-4.287,-10.087],[-4.348,-9.683],[-4.337,-9.193],[-4.326,-8.703],[-4.315,-8.213],[-4.304,-7.724],[-4.293,-7.234],[-4.282,-6.744],[-4.271,-6.255]]}},{"type":"Feature","properties":{"boundary_type":"transform","feature_type":"gpml:Transform","polarity":null,"overriding_plate_id":null,"subducting_plate_id":null,"plate_ids":[466,902],"name":"Chu-Yili transform"},"geometry":{"type":"LineString","coordinates":[[-4.271,-6.255],[-4.264,-5.901],[-4.256,-5.548]]}},{"type":"Feature","properties":{"boundary_type":"transform","feature_type":"gpml:Transform","polarity":null,"overriding_plate_id":null,"subducting_plate_id":null,"plate_ids":[460,5801],"name":"Chu-Yili transform"},"geometry":{"type":"LineString","coordinates":[[25.374,-5.668],[25.336,-5.247],[25.298,-4.827],[25.26,-4.407],[25.222,-3.986],[25.184,-3.566],[25.147,-3.146],[25.076,-2.771],[25.005,-2.395],[24.934,-2.02],[24.864,-1.645]]}},{"type":"Feature","properties":{"boundary_type":"transform","feature_type":"gpml:Transform","polarity":null,"overriding_plate_id":null,"subducting_plate_id":null,"plate_ids":[460,926],"name":"Chu-Yili transform"},"geometry":{"type":"LineString","coordinates":[[24.864,-1.645],[24.802,-1.315],[24.74,-0.984],[24.677,-0.654],[24.549,-0.219],[24.421,0.216],[24.293,0.651],[24.165,1.086]]}},{"type":"Feature","properties":{"boundary_type":"transform","feature_type":"gpml:Transform","polarity":null,"overriding_plate_id":null,"subducting_plate_id":null,"plate_ids":[401,4100],"name":"Siberia transform"},"geometry":{"type":"LineString","coordinates":[[-63.042,13.73],[-63.256,13.351],[-63.469,12.972],[-63.682,12.593],[-63.894,12.214],[-64.106,11.835],[-64.317,11.455],[-64.528,11.076],[-64.575,10.582],[-64.621,10.088],[-64.668,9.594],[-64.714,9.1],[-64.761,8.606],[-64.807,8.112],[-64.853,7.618],[-64.899,7.124]]}},{"type":"Feature","properties":{"boundary_type":"transform","feature_type":"gpml:Transform","polarity":null,"overriding_plate_id":null,"subducting_plate_id":null,"plate_ids":[101,919],"name":"outboard laurentian transform"},"geometry":{"type":"LineString","coordinates":[[-146.259,25.066],[-146.754,24.972],[-147.249,24.876],[-147.744,24.779],[-148.237,24.68],[-148.73,24.579],[-149.222,24.477],[-149.713,24.373],[-150.183,24.17],[-150.652,23.965],[-151.12,23.759],[-151.586,23.551],[-152.05,23.342],[-152.513,23.132],[-152.975,22.92],[-153.435,22.707],[-153.894,22.493],[-154.351,22.277],[-154.807,22.06],[-155.261,21.842],[-155.714,21.622],[-156.166,21.402],[-156.616,21.18],[-157.065,20.957],[-157.513,20.732],[-157.924,20.445],[-158.334,20.156],[-158.742,19.866],[-159.148,19.576],[-159.553,19.284],[-159.957,18.992],[-160.359,18.698],[-160.76,18.404],[-161.16,18.109],[-161.558,17.813],[-161.955,17.517],[-162.35,17.22],[-162.744,16.921],[-163.137,16.622],[-163.529,16.323],[-163.92,16.022],[-164.309,15.721],[-164.615,15.339],[-164.919,14.956],[-165.222,14.573],[-165.525,14.19],[-165.826,13.806],[-166.126,13.421],[-166.426,13.037],[-166.724,12.652],[-167.021,12.266],[-167.318,11.881],[-167.614,11.495]]}},{"type":"Feature","properties":{"boundary_type":"transform","feature_type":"gpml:Transform","polarity":null,"overriding_plate_id":null,"subducting_plate_id":null,"plate_ids":[601,926],"name":"North China transform"},"geometry":{"type":"LineString","coordinates":[[65.629,4.977],[65.403,4.612],[65.177,4.246],[64.952,3.881],[64.727,3.515],[64.502,3.149],[64.277,2.783],[64.025,2.368],[63.774,1.952],[63.523,1.536],[63.272,1.12],[63.021,0.704],[62.77,0.289],[62.583,0.008],[62.397,-0.272],[62.21,-0.552]]}},{"type":"Feature","properties":{"boundary_type":"transform","feature_type":"gpml:Transform","polarity":null,"overriding_plate_id":null,"subducting_plate_id":null,"plate_ids":[580,601],"name":"North China transform"},"geometry":{"type":"LineString","coordinates":[[62.21,-0.552],[61.971,-0.911],[61.731,-1.271],[61.491,-1.631],[61.252,-1.99],[61.012,-2.35],[60.717,-2.71],[60.422,-3.07],[60.127,-3.43],[59.832,-3.79],[59.536,-4.15],[59.24,-4.51],[58.886,-4.801],[58.532,-5.093]]}},{"type":"Feature","properties":{"boundary_type":"transform","feature_type":"gpml:Transform","polarity":null,"overriding_plate_id":null,"subducting_plate_id":null,"plate_ids":[457,580],"name":"Kunlun transform"},"geometry":{"type":"LineString","coordinates":[[72.253,-42.358],[72.835,-42.116],[73.412,-41.871],[73.939,-41.649],[74.462,-41.424],[74.981,-41.196],[75.497,-40.966],[76.009,-40.734],[76.517,-40.5],[77.022,-40.263],[77.524,-40.025],[78.021,-39.784],[78.516,-39.541]]}},{"type":"Feature","properties":{"boundary_type":"transform","feature_type":"gpml:Transform","polarity":null,"overriding_plate_id":null,"subducting_plate_id":null,"plate_ids":[457,601],"name":"South China transform"},"geometry":{"type":"LineString","coordinates":[[77.796,-19.971],[78.065,-19.636],[78.333,-19.301],[78.6,-18.965],[78.866,-18.63],[79.13,-18.293],[79.389,-17.998],[79.647,-17.702],[79.905,-17.406],[80.161,-17.109],[80.579,-16.845],[80.995,-16.58]]}},{"type":"Feature","properties":{"boundary_type":"transform","feature_type":"gpml:Transform","polarity":null,"overriding_plate_id":null,"subducting_plate_id":null,"plate_ids":[457,602],"name":"South China Transform"},"geometry":{"type":"LineString","coordinates":[[82.354,-22.225],[82.645,-22.169]]}},{"type":"Feature","properties":{"boundary_type":"transform","feature_type":"gpml:Transform","polarity":null,"overriding_plate_id":null,"subducting_plate_id":null,"plate_ids":[457,580],"name":"Kunlun transform"},"geometry":{"type":"LineString","coordinates":[[68.86,-18.855],[69.222,-18.865],[69.583,-18.875]]}}]}