{"type":"FeatureCollection","meta":{"model":"Cao2024","reconstruction_time_ma":95.0,"anchor_plate_id":0,"pygplates_version":"1.0.0","tessellate_degrees":0.5,"polarity_convention":"gpml:subductionPolarity. 'Left'/'Right' names the side of the line, in vertex order, on which the OVERRIDING plate lies. Triangles are drawn on that side.","antimeridian":"Lines are NOT split at +/-180 deg. The renderer works in 3D unit vectors where the dateline is not special; splitting would only add spurious breaks. Do not treat this as RFC 7946 GIS-ready 2D data."},"features":[{"type":"Feature","properties":{"boundary_type":"other","feature_type":"gpml:ContinentalRift","polarity":null,"overriding_plate_id":null,"subducting_plate_id":null,"plate_ids":[802,806],"name":"Australia - Antarctica rift"},"geometry":{"type":"LineString","coordinates":[[-110.599,-68.864],[-111.487,-69.078],[-112.392,-69.287],[-113.315,-69.492],[-114.453,-69.712],[-115.615,-69.925],[-116.799,-70.129],[-118.007,-70.326],[-119.238,-70.514],[-120.492,-70.694],[-121.767,-70.866],[-122.941,-71.112],[-124.144,-71.352],[-125.377,-71.583],[-126.639,-71.806],[-127.932,-72.021],[-129.253,-72.227],[-130.448,-72.486],[-131.676,-72.738],[-132.939,-72.981],[-134.238,-73.217],[-135.204,-73.615],[-136.217,-74.007],[-137.28,-74.395],[-138.394,-74.777],[-139.549,-75.111],[-140.756,-75.439],[-142.016,-75.761],[-143.333,-76.075],[-144.708,-76.382],[-146.067,-76.726],[-147.495,-77.062],[-148.998,-77.39],[-150.578,-77.709],[-152.136,-77.884],[-153.738,-78.05],[-155.612,-78.166],[-157.521,-78.268],[-159.381,-78.305],[-161.251,-78.33],[-163.127,-78.342],[-164.608,-78.087],[-166.027,-77.824]]}},{"type":"Feature","properties":{"boundary_type":"other","feature_type":"gpml:ContinentalRift","polarity":null,"overriding_plate_id":null,"subducting_plate_id":null,"plate_ids":[801,802],"name":"Australia - Antarctica rift"},"geometry":{"type":"LineString","coordinates":[[-166.027,-77.824],[-167.245,-77.584],[-168.416,-77.337],[-170.413,-77.142],[-172.348,-76.933],[-174.221,-76.709],[-176.032,-76.472],[-177.78,-76.223],[-179.466,-75.961],[178.911,-75.689],[177.347,-75.405],[175.843,-75.112],[174.397,-74.809],[172.924,-74.591],[171.493,-74.364],[170.102,-74.128],[168.751,-73.882],[167.441,-73.629],[166.17,-73.368],[164.938,-73.099],[163.527,-72.926],[162.144,-72.743],[160.79,-72.551],[159.465,-72.349],[158.169,-72.14],[156.904,-71.921],[155.668,-71.695],[154.461,-71.461],[153.144,-71.273],[151.852,-71.076],[150.587,-70.87],[149.348,-70.655],[148.136,-70.433],[146.928,-70.219],[145.745,-69.997],[144.588,-69.768],[143.456,-69.531],[142.349,-69.287],[141.261,-69.175],[140.279,-69.04],[139.534,-68.952],[138.795,-68.86],[137.717,-68.761],[136.689,-68.671],[136.047,-68.632],[134.829,-68.572],[134.191,-68.499],[133.495,-68.482],[132.206,-68.452],[131.392,-68.436],[130.604,-68.395],[129.763,-68.321],[129.206,-68.214],[128.907,-68.112],[128.389,-67.937],[127.943,-67.71],[127.254,-67.475],[126.705,-67.345],[126.169,-67.252],[125.282,-67.196],[124.636,-67.177],[124.222,-67.151],[123.523,-67.119],[122.981,-67.077],[122.286,-67.041],[121.152,-66.955],[120.379,-66.931],[119.216,-66.923],[118.229,-66.907],[117.451,-66.933],[116.722,-66.975],[115.905,-67.03],[115.091,-67.105],[114.348,-67.153],[113.794,-67.141],[112.939,-67.053],[112.188,-67.048],[111.372,-66.965],[110.156,-66.851],[109.688,-66.776],[108.757,-66.731],[107.936,-66.718],[107.315,-66.696],[106.488,-66.715],[105.784,-66.724],[104.782,-66.714],[103.685,-66.701],[103.124,-66.675],[101.889,-66.579],[101.16,-66.467],[100.587,-66.299],[99.865,-66.167],[99.376,-66.095],[98.791,-65.95],[98.27,-65.781],[97.666,-65.605],[97.36,-65.494],[97.14,-65.431],[96.3,-65.242],[95.514,-65.086],[94.737,-64.925],[94.158,-64.623],[93.814,-64.403],[93.475,-64.182],[93.155,-63.884],[92.842,-63.586],[92.189,-63.273],[91.55,-62.958],[90.924,-62.64],[90.191,-62.373],[89.47,-62.103],[88.762,-61.829],[88.067,-61.551],[87.243,-61.292],[86.432,-61.029],[85.635,-60.76],[84.851,-60.487],[84.081,-60.209],[83.323,-59.927],[82.763,-59.563],[82.215,-59.197],[81.679,-58.829],[81.154,-58.458],[80.64,-58.086],[80.136,-57.711],[79.643,-57.335],[79.16,-56.956],[78.687,-56.576],[78.223,-56.194],[77.768,-55.81],[77.156,-55.459],[76.555,-55.106],[75.964,-54.75],[75.384,-54.391],[74.813,-54.029],[74.253,-53.664],[73.702,-53.297],[73.161,-52.927],[72.629,-52.555],[72.106,-52.181],[71.591,-51.804],[71.085,-51.425],[70.588,-51.044],[70.099,-50.661],[69.758,-50.401],[69.422,-50.14]]}},{"type":"Feature","properties":{"boundary_type":"transform","feature_type":"gpml:Transform","polarity":null,"overriding_plate_id":null,"subducting_plate_id":null,"plate_ids":[501,701],"name":"Proto Owen Fracture Zone - transform boundary"},"geometry":{"type":"LineString","coordinates":[[56.928,-9.235],[57.095,-8.873],[57.262,-8.511]]}},{"type":"Feature","properties":{"boundary_type":"transform","feature_type":"gpml:Transform","polarity":null,"overriding_plate_id":null,"subducting_plate_id":null,"plate_ids":[501,715],"name":"Proto Owen Fracture Zone - transform boundary"},"geometry":{"type":"LineString","coordinates":[[57.262,-8.511],[57.453,-8.094],[57.644,-7.677],[57.835,-7.26],[58.025,-6.842],[58.215,-6.425],[58.404,-6.008],[58.594,-5.59],[58.783,-5.173],[58.972,-4.755],[59.16,-4.338],[59.402,-3.937],[59.643,-3.536],[59.883,-3.134],[60.124,-2.733],[60.365,-2.332],[60.605,-1.931],[60.845,-1.53],[61.086,-1.128],[61.326,-0.727],[61.566,-0.326],[61.81,0.054],[62.054,0.433],[62.298,0.813],[62.542,1.192],[62.786,1.572],[63.031,1.951],[63.275,2.33],[63.52,2.71],[63.765,3.089],[64.009,3.468]]}},{"type":"Feature","properties":{"boundary_type":"transform","feature_type":"gpml:Transform","polarity":null,"overriding_plate_id":null,"subducting_plate_id":null,"plate_ids":[501,530],"name":"Proto Owen Fracture Zone - transform boundary"},"geometry":{"type":"LineString","coordinates":[[64.009,3.468],[64.133,3.66],[64.33,3.926]]}},{"type":"Feature","properties":{"boundary_type":"transform","feature_type":"gpml:Transform","polarity":null,"overriding_plate_id":null,"subducting_plate_id":null,"plate_ids":[529,530],"name":"Proto Owen Fracture Zone - transform boundary"},"geometry":{"type":"LineString","coordinates":[[64.33,3.926],[64.617,4.315],[64.905,4.703],[65.193,5.092],[65.481,5.48],[65.769,5.868],[66.058,6.256],[66.348,6.644],[66.638,7.032],[66.928,7.42],[67.219,7.807],[67.511,8.194],[67.803,8.581],[68.095,8.968],[68.388,9.355],[68.682,9.741],[68.977,10.127],[69.272,10.513],[69.568,10.898],[69.865,11.283],[70.162,11.668],[70.461,12.053],[70.76,12.437],[71.032,12.837],[71.304,13.237],[71.577,13.636],[71.851,14.035],[72.126,14.434],[72.402,14.832],[72.679,15.231],[72.958,15.628]]}},{"type":"Feature","properties":{"boundary_type":"transform","feature_type":"gpml:Transform","polarity":null,"overriding_plate_id":null,"subducting_plate_id":null,"plate_ids":[528,530],"name":"Proto Owen Fracture Zone - transform boundary"},"geometry":{"type":"LineString","coordinates":[[72.958,15.628],[73.146,15.896],[73.334,16.164]]}},{"type":"Feature","properties":{"boundary_type":"transform","feature_type":"gpml:Transform","polarity":null,"overriding_plate_id":null,"subducting_plate_id":null,"plate_ids":[301,528],"name":"Proto Owen Fracture Zone - transform boundary"},"geometry":{"type":"LineString","coordinates":[[73.334,16.164],[73.451,16.329],[73.744,16.711],[74.038,17.093],[74.333,17.474],[74.629,17.855],[74.927,18.235],[75.226,18.615],[75.526,18.994],[75.828,19.373],[76.131,19.751],[76.436,20.129],[76.742,20.506],[77.049,20.883],[77.358,21.259],[77.669,21.635],[77.981,22.01],[78.295,22.385],[78.611,22.758],[78.928,23.132]]}},{"type":"Feature","properties":{"boundary_type":"other","feature_type":"gpml:InferredPaleoBoundary","polarity":null,"overriding_plate_id":null,"subducting_plate_id":null,"plate_ids":[714,715],"name":"Morocco"},"geometry":{"type":"LineString","coordinates":[[20.208,20.297],[20.617,20.051],[21.024,19.803],[21.43,19.555],[21.836,19.305],[22.239,19.055],[22.642,18.804],[23.043,18.552],[23.444,18.299],[23.843,18.045],[24.241,17.791],[24.665,17.563],[25.089,17.334],[25.511,17.104],[25.932,16.874],[26.353,16.643],[26.772,16.41],[27.19,16.177],[27.608,15.943]]}},{"type":"Feature","properties":{"boundary_type":"other","feature_type":"gpml:InferredPaleoBoundary","polarity":null,"overriding_plate_id":null,"subducting_plate_id":null,"plate_ids":[101],"name":"NAM EUR 115 090 lom"},"geometry":{"type":"LineString","coordinates":[[14.378,70.411],[15.014,70.804],[15.674,71.194],[16.362,71.582],[17.078,71.967],[17.824,72.35]]}},{"type":"Feature","properties":{"boundary_type":"other","feature_type":"gpml:InferredPaleoBoundary","polarity":null,"overriding_plate_id":null,"subducting_plate_id":null,"plate_ids":[806,983],"name":"SS ThroughSthNewZealand EmeraldFZ"},"geometry":{"type":"LineString","coordinates":[[-149.768,-69.078],[-149.751,-69.125]]}},{"type":"Feature","properties":{"boundary_type":"other","feature_type":"gpml:InferredPaleoBoundary","polarity":null,"overriding_plate_id":null,"subducting_plate_id":null,"plate_ids":[801,806],"name":"SS ThroughSthNewZealand EmeraldFZ"},"geometry":{"type":"LineString","coordinates":[[-149.751,-69.125],[-149.592,-69.568],[-149.427,-70.012],[-149.254,-70.455],[-149.073,-70.898],[-148.884,-71.341],[-148.687,-71.784],[-148.48,-72.226],[-148.262,-72.669],[-148.86,-72.99],[-149.48,-73.31],[-150.536,-73.653],[-151.636,-73.99],[-152.781,-74.321],[-153.975,-74.646],[-155.218,-74.964],[-156.537,-75.307],[-157.917,-75.642],[-159.361,-75.969],[-160.872,-76.287],[-161.856,-76.587],[-162.885,-76.884],[-163.959,-77.177],[-165.083,-77.464],[-166.027,-77.824]]}},{"type":"Feature","properties":{"boundary_type":"transform","feature_type":"gpml:Transform","polarity":null,"overriding_plate_id":null,"subducting_plate_id":null,"plate_ids":[501,701],"name":""},"geometry":{"type":"LineString","coordinates":[[51.329,-14.9],[51.253,-15.377],[51.177,-15.854],[51.1,-16.33],[51.023,-16.807],[50.945,-17.283],[50.867,-17.76],[50.789,-18.236],[50.708,-18.696],[50.626,-19.156],[50.544,-19.615],[50.462,-20.075],[50.379,-20.534],[50.295,-20.994],[50.211,-21.453],[50.127,-21.913],[50.062,-22.373],[49.997,-22.832],[49.931,-23.292],[49.865,-23.752],[49.799,-24.211],[49.732,-24.671],[49.664,-25.131],[49.572,-25.591],[49.478,-26.051],[49.384,-26.51],[49.289,-26.97],[49.194,-27.43],[49.097,-27.889],[49.0,-28.349],[48.902,-28.809],[48.803,-29.268],[48.703,-29.727],[48.602,-30.187],[48.5,-30.646],[48.443,-31.129],[48.385,-31.612],[48.326,-32.095],[48.267,-32.578],[48.207,-33.061],[48.146,-33.544],[48.085,-34.027],[48.023,-34.51],[47.96,-34.993],[47.897,-35.476],[47.833,-35.959],[47.768,-36.442],[47.547,-36.891],[47.323,-37.34],[47.097,-37.788],[46.868,-38.236],[46.637,-38.684],[46.402,-39.131],[46.165,-39.578],[45.924,-40.024],[45.68,-40.469],[45.433,-40.914],[45.182,-41.359],[44.928,-41.803],[44.671,-42.246],[44.41,-42.689],[44.145,-43.132],[43.876,-43.573],[43.604,-44.014],[43.327,-44.455],[43.046,-44.894],[42.761,-45.333],[42.471,-45.771],[42.177,-46.209],[41.878,-46.646],[41.574,-47.082],[40.997,-47.302],[40.416,-47.52],[39.83,-47.735],[39.24,-47.947],[38.644,-48.156],[38.044,-48.361],[37.439,-48.564],[36.829,-48.763],[36.214,-48.959]]}},{"type":"Feature","properties":{"boundary_type":"transform","feature_type":"gpml:Transform","polarity":null,"overriding_plate_id":null,"subducting_plate_id":null,"plate_ids":[701,802],"name":""},"geometry":{"type":"LineString","coordinates":[[36.214,-48.959],[35.565,-49.161],[34.911,-49.359],[34.252,-49.553],[33.588,-49.744],[33.402,-50.182],[33.213,-50.621],[33.02,-51.058],[32.823,-51.496],[32.623,-51.933],[32.418,-52.37]]}},{"type":"Feature","properties":{"boundary_type":"ridge","feature_type":"gpml:MidOceanRidge","polarity":null,"overriding_plate_id":null,"subducting_plate_id":null,"plate_ids":[701,802],"name":"Ridge from iso cg04 from Antarctica at 99.0Ma"},"geometry":{"type":"LineString","coordinates":[[4.784,-56.043],[5.425,-56.354],[6.077,-56.662],[6.74,-56.966],[7.414,-57.267],[8.098,-57.564],[8.794,-57.857],[9.501,-58.147],[10.086,-57.761],[10.658,-57.372],[11.219,-56.981],[11.767,-56.588],[12.304,-56.192],[12.965,-56.454],[13.636,-56.713],[14.315,-56.968],[15.004,-57.219],[15.702,-57.466],[16.41,-57.709],[16.826,-57.318],[17.234,-56.925],[17.633,-56.531],[18.024,-56.136],[18.533,-56.28],[19.046,-56.422],[19.365,-56.069],[19.678,-55.715],[19.985,-55.36],[20.744,-55.503],[21.508,-55.64],[21.777,-55.268],[22.04,-54.894],[22.298,-54.52],[22.552,-54.146],[22.802,-53.771],[23.53,-53.903],[24.263,-54.03],[25.0,-54.154],[25.742,-54.272],[25.988,-53.845],[26.23,-53.418],[26.466,-52.99],[26.698,-52.561],[26.926,-52.132],[27.149,-51.703],[27.892,-51.812],[28.638,-51.917],[29.388,-52.017],[30.141,-52.113],[30.897,-52.203],[31.656,-52.289],[32.418,-52.37]]}},{"type":"Feature","properties":{"boundary_type":"ridge","feature_type":"gpml:MidOceanRidge","polarity":null,"overriding_plate_id":null,"subducting_plate_id":null,"plate_ids":[201,701],"name":"Malvinas Ridge Jump"},"geometry":{"type":"LineString","coordinates":[[-8.302,-51.519],[-8.05,-51.959],[-7.794,-52.398],[-7.532,-52.837],[-7.266,-53.275],[-6.993,-53.713],[-6.715,-54.15],[-6.431,-54.586],[-6.24,-55.034],[-6.045,-55.482],[-5.846,-55.93],[-5.642,-56.378],[-5.746,-56.83],[-5.852,-57.282],[-5.961,-57.734],[-6.072,-58.186],[-6.141,-58.667],[-6.213,-59.149]]}},{"type":"Feature","properties":{"boundary_type":"subduction","feature_type":"gpml:SubductionZone","polarity":"Right","overriding_plate_id":802,"subducting_plate_id":919,"plate_ids":[802,919],"name":"ANT tr f Antarcticar COB MG-4-22-07"},"geometry":{"type":"LineString","coordinates":[[-78.315,-69.491],[-77.311,-69.325],[-76.322,-69.153],[-75.247,-68.904],[-74.196,-68.649],[-73.21,-68.345],[-72.25,-68.034],[-71.413,-67.873],[-70.588,-67.708],[-69.459,-67.488],[-68.352,-67.261],[-67.914,-66.991],[-67.487,-66.721],[-66.865,-66.313],[-66.263,-65.902],[-65.873,-65.56],[-65.493,-65.217],[-65.123,-64.872],[-64.521,-64.607],[-63.931,-64.339],[-63.353,-64.068],[-62.766,-63.721],[-62.193,-63.371],[-61.829,-63.069],[-61.473,-62.767],[-61.124,-62.464],[-60.69,-62.062],[-60.267,-61.66],[-59.856,-61.256],[-59.225,-61.006],[-58.605,-60.754],[-57.825,-60.547],[-57.056,-60.335],[-56.449,-60.008],[-55.854,-59.679],[-55.049,-59.405],[-54.258,-59.127],[-53.479,-58.843],[-52.905,-58.521],[-52.342,-58.195],[-51.789,-57.868],[-51.117,-57.964],[-50.44,-58.056],[-49.645,-58.147],[-48.846,-58.233],[-48.041,-58.051],[-47.244,-57.864],[-46.502,-57.646],[-45.769,-57.423],[-45.046,-57.197],[-44.331,-56.966]]}},{"type":"Feature","properties":{"boundary_type":"subduction","feature_type":"gpml:SubductionZone","polarity":"Right","overriding_plate_id":301,"subducting_plate_id":926,"plate_ids":[301,926],"name":"Japan sub zone fromEarthByte cob MG 4-20-07"},"geometry":{"type":"LineString","coordinates":[[152.731,59.205],[152.9,58.773],[153.065,58.341],[153.226,57.909],[153.383,57.476],[153.536,57.043],[153.686,56.61],[153.754,56.153],[153.82,55.695],[153.884,55.237],[153.947,54.779],[154.009,54.321],[153.992,53.881],[153.976,53.44],[153.961,52.999],[153.945,52.558],[153.93,52.118],[153.835,51.658],[153.741,51.199],[153.65,50.739],[153.668,50.302],[153.685,49.865],[153.702,49.428],[153.719,48.991],[153.736,48.554],[153.63,48.144],[153.526,47.734],[153.423,47.323],[153.322,46.913],[153.21,46.585],[153.099,46.256],[152.989,45.928],[152.751,45.539],[152.516,45.149],[152.284,44.759],[151.917,44.364],[151.554,43.967],[151.332,43.565],[151.113,43.163],[150.518,43.025],[149.926,42.884],[149.337,42.74],[148.75,42.594],[148.316,42.337],[147.885,42.08],[147.458,41.82],[147.034,41.559],[146.614,41.297],[146.124,41.012],[145.638,40.726],[145.156,40.438],[144.834,40.297],[144.514,40.156],[144.097,39.975],[143.683,39.793],[143.271,39.609],[142.848,39.342],[142.429,39.074],[142.054,38.784],[141.683,38.493],[141.315,38.201],[141.026,38.088],[140.739,37.975]]}},{"type":"Feature","properties":{"boundary_type":"subduction","feature_type":"gpml:SubductionZone","polarity":"Left","overriding_plate_id":301,"subducting_plate_id":926,"plate_ids":[301,926],"name":"Junction Subduction Zone"},"geometry":{"type":"LineString","coordinates":[[130.976,17.812],[131.04,18.303],[131.104,18.794],[131.168,19.284],[131.232,19.775],[131.515,20.155],[131.799,20.535],[132.085,20.915],[132.372,21.294],[132.66,21.673],[132.95,22.051],[133.242,22.428],[133.482,22.837],[133.725,23.244],[133.968,23.652],[134.213,24.059],[134.46,24.466],[134.708,24.872],[134.958,25.278],[135.21,25.683],[135.45,26.12],[135.692,26.556],[135.936,26.992],[136.182,27.427],[136.429,27.862],[136.679,28.297],[136.931,28.731],[137.185,29.165],[137.441,29.598],[137.699,30.031]]}},{"type":"Feature","properties":{"boundary_type":"subduction","feature_type":"gpml:SubductionZone","polarity":"Left","overriding_plate_id":308,"subducting_plate_id":530,"plate_ids":[308,530],"name":"Tethyan subduction after Afgan block accretion"},"geometry":{"type":"LineString","coordinates":[[54.597,30.997],[54.646,30.936]]}},{"type":"Feature","properties":{"boundary_type":"subduction","feature_type":"gpml:SubductionZone","polarity":"Left","overriding_plate_id":301,"subducting_plate_id":530,"plate_ids":[301,530],"name":"Tethyan subduction after Afgan block accretion"},"geometry":{"type":"LineString","coordinates":[[54.646,30.936],[54.91,30.599],[55.173,30.262],[55.529,30.004],[55.883,29.744],[56.236,29.484],[56.591,29.214],[56.944,28.943],[57.296,28.671],[57.646,28.398],[58.042,28.189],[58.437,27.979],[58.831,27.767],[59.222,27.555],[59.666,27.368],[60.108,27.18],[60.549,26.991],[60.988,26.8],[61.426,26.607],[61.88,26.334],[62.333,26.06],[62.783,25.784],[63.231,25.507],[63.677,25.228],[64.121,24.948],[64.526,24.653],[64.929,24.357],[65.33,24.06],[65.729,23.762],[65.912,23.423],[66.096,23.085],[66.278,22.746],[66.459,22.407],[66.677,22.036],[66.894,21.665],[67.11,21.293],[67.324,20.921],[67.538,20.549],[67.908,20.208],[68.277,19.866],[68.644,19.523],[69.01,19.179],[69.374,18.835],[69.737,18.49],[70.142,18.188],[70.546,17.885],[70.949,17.581],[71.35,17.277],[71.75,16.971],[72.148,16.665],[72.546,16.358],[72.94,16.262],[73.334,16.164]]}},{"type":"Feature","properties":{"boundary_type":"subduction","feature_type":"gpml:SubductionZone","polarity":"Right","overriding_plate_id":101,"subducting_plate_id":902,"plate_ids":[101,902],"name":"Western NAM subduction"},"geometry":{"type":"LineString","coordinates":[[-63.043,21.314],[-63.444,21.53],[-63.846,21.744],[-64.227,22.043],[-64.609,22.341],[-64.993,22.638],[-65.379,22.934],[-65.766,23.229],[-66.155,23.523],[-66.546,23.816],[-66.699,24.288],[-66.853,24.759],[-67.008,25.23],[-67.164,25.701],[-67.321,26.172],[-67.48,26.642],[-67.749,27.026],[-68.02,27.41],[-68.293,27.792],[-68.568,28.175],[-68.845,28.556],[-69.123,28.938],[-69.337,29.237],[-69.552,29.536],[-69.768,29.835],[-69.956,30.204],[-70.145,30.573],[-70.336,30.942],[-70.528,31.311],[-70.664,31.636],[-70.8,31.962],[-70.938,32.287],[-71.135,32.65],[-71.333,33.014],[-71.533,33.377],[-71.634,33.723],[-71.734,34.069],[-71.836,34.415],[-71.966,34.798],[-72.096,35.181],[-72.228,35.563],[-72.361,35.946],[-72.461,36.412],[-72.562,36.877],[-72.893,37.268],[-73.227,37.658],[-73.564,38.047],[-73.905,38.435],[-74.223,38.667],[-74.544,38.899],[-74.866,39.13],[-75.272,39.391],[-75.681,39.652],[-76.093,39.911],[-76.343,40.199],[-76.594,40.487],[-76.973,40.821],[-77.357,41.154],[-77.74,41.34],[-78.125,41.526],[-78.513,41.71],[-78.661,42.073],[-78.81,42.435],[-78.961,42.797],[-79.294,43.23],[-79.633,43.662],[-79.975,44.094],[-80.247,44.463],[-80.522,44.831],[-80.8,45.199],[-81.082,45.565],[-81.367,45.932],[-81.519,46.352],[-81.673,46.772],[-81.829,47.192],[-81.987,47.612],[-82.142,47.984],[-82.3,48.355],[-82.46,48.727],[-82.622,49.098],[-82.506,49.558],[-82.389,50.018],[-82.269,50.478],[-82.146,50.938],[-81.87,51.406],[-81.589,51.874],[-81.301,52.341],[-81.008,52.808],[-80.665,53.253],[-80.316,53.696],[-79.959,54.139],[-79.595,54.581],[-79.43,55.013],[-79.261,55.444],[-79.089,55.876],[-78.913,56.307],[-78.733,56.738],[-78.549,57.169],[-78.968,57.537],[-79.397,57.905],[-79.834,58.27],[-80.28,58.635],[-80.794,58.918],[-81.315,59.199],[-81.845,59.478],[-82.384,59.756],[-82.653,60.139],[-82.928,60.522],[-83.368,60.937],[-83.821,61.35],[-84.162,61.647],[-84.51,61.943],[-84.865,62.239],[-85.217,62.632],[-85.641,63.082],[-86.079,63.531],[-86.27,63.883],[-86.466,64.236],[-86.666,64.588],[-86.744,65.018],[-86.825,65.448],[-86.949,65.779],[-87.076,66.11],[-87.206,66.442],[-87.509,66.812],[-87.334,67.283],[-87.653,67.65],[-87.751,68.004],[-88.17,68.461],[-88.859,68.885],[-89.16,69.072],[-89.533,69.435],[-90.056,69.759],[-90.456,70.12],[-90.847,70.566],[-91.043,70.811],[-91.244,71.055],[-91.309,71.317],[-91.376,71.579],[-91.573,72.012],[-91.779,72.445]]}},{"type":"Feature","properties":{"boundary_type":"other","feature_type":"gpml:TerraneBoundary","polarity":null,"overriding_plate_id":null,"subducting_plate_id":null,"plate_ids":[201,802],"name":"E/W ANT"},"geometry":{"type":"LineString","coordinates":[[-44.574,-60.236],[-44.188,-59.94],[-43.809,-59.643],[-43.368,-59.298],[-42.935,-58.951],[-42.512,-58.604],[-42.193,-58.416],[-41.878,-58.228]]}},{"type":"Feature","properties":{"boundary_type":"other","feature_type":"gpml:TerraneBoundary","polarity":null,"overriding_plate_id":null,"subducting_plate_id":null,"plate_ids":[101],"name":"North Greenland boundary"},"geometry":{"type":"LineString","coordinates":[[14.378,70.411],[14.404,70.409]]}},{"type":"Feature","properties":{"boundary_type":"other","feature_type":"gpml:TerraneBoundary","polarity":null,"overriding_plate_id":null,"subducting_plate_id":null,"plate_ids":[101,301],"name":"North Greenland boundary"},"geometry":{"type":"LineString","coordinates":[[14.404,70.409],[14.795,70.377],[15.628,70.335],[16.457,70.29],[17.427,69.99],[18.369,69.685],[19.447,69.38],[20.493,69.069],[21.271,68.773],[22.027,68.475],[22.503,68.126],[22.964,67.775],[23.412,67.423],[23.847,67.07],[24.241,66.623],[24.621,66.175],[24.988,65.726],[25.343,65.276],[25.686,64.826],[26.017,64.375],[26.04,64.352]]}},{"type":"Feature","properties":{"boundary_type":"other","feature_type":"gpml:TerraneBoundary","polarity":null,"overriding_plate_id":null,"subducting_plate_id":null,"plate_ids":[201,714],"name":"Northwest Africa-Benue Trough"},"geometry":{"type":"LineString","coordinates":[[0.636,-6.594],[1.131,-6.502],[1.625,-6.409],[2.12,-6.317],[2.614,-6.223],[2.921,-6.135]]}},{"type":"Feature","properties":{"boundary_type":"other","feature_type":"gpml:TerraneBoundary","polarity":null,"overriding_plate_id":null,"subducting_plate_id":null,"plate_ids":[701,714],"name":"Northwest Africa-Benue Trough"},"geometry":{"type":"LineString","coordinates":[[2.921,-6.135],[3.372,-6.005],[3.822,-5.875],[4.272,-5.744],[4.722,-5.613],[5.111,-5.489],[5.5,-5.364],[5.888,-5.238],[6.277,-5.113],[6.665,-4.987],[7.0,-4.878],[7.336,-4.769],[7.796,-4.647],[8.255,-4.524],[8.595,-4.452],[8.934,-4.381],[9.356,-4.281],[9.64,-4.152],[9.961,-4.086],[10.282,-4.019],[10.67,-3.95],[11.058,-3.881],[11.4,-3.862],[11.742,-3.843],[12.085,-3.823],[12.447,-3.828],[12.808,-3.833]]}},{"type":"Feature","properties":{"boundary_type":"other","feature_type":"gpml:TerraneBoundary","polarity":null,"overriding_plate_id":null,"subducting_plate_id":null,"plate_ids":[714,715],"name":"Northwest Africa-Benue Trough"},"geometry":{"type":"LineString","coordinates":[[12.808,-3.833],[13.122,-3.855],[13.436,-3.876],[13.817,-3.861],[14.199,-3.845],[14.58,-3.829]]}},{"type":"Feature","properties":{"boundary_type":"other","feature_type":"gpml:TerraneBoundary","polarity":null,"overriding_plate_id":null,"subducting_plate_id":null,"plate_ids":[201,701],"name":"Parana Basin-Patagonia"},"geometry":{"type":"LineString","coordinates":[[-9.132,-51.528],[-8.955,-51.529],[-8.302,-51.519]]}},{"type":"Feature","properties":{"boundary_type":"subduction","feature_type":"gpml:SubductionZone","polarity":"Right","overriding_plate_id":806,"subducting_plate_id":983,"plate_ids":[806,983],"name":"West Ant SZ"},"geometry":{"type":"LineString","coordinates":[[-116.206,-68.709],[-115.092,-68.755],[-113.973,-68.793],[-112.851,-68.824],[-111.726,-68.848],[-110.599,-68.864]]}},{"type":"Feature","properties":{"boundary_type":"subduction","feature_type":"gpml:SubductionZone","polarity":"Right","overriding_plate_id":802,"subducting_plate_id":983,"plate_ids":[802,983],"name":"West Ant SZ"},"geometry":{"type":"LineString","coordinates":[[-110.599,-68.864],[-109.457,-68.872],[-108.314,-68.873],[-107.113,-68.973],[-105.902,-69.065],[-104.68,-69.147],[-103.45,-69.221],[-102.213,-69.287]]}},{"type":"Feature","properties":{"boundary_type":"subduction","feature_type":"gpml:SubductionZone","polarity":"Right","overriding_plate_id":802,"subducting_plate_id":919,"plate_ids":[802,919],"name":"West Ant SZ"},"geometry":{"type":"LineString","coordinates":[[-102.213,-69.287],[-100.991,-69.342],[-99.764,-69.389],[-98.457,-69.46],[-97.141,-69.521],[-95.819,-69.572],[-94.492,-69.613],[-93.068,-69.651],[-91.64,-69.678],[-90.209,-69.693],[-88.777,-69.696],[-87.345,-69.687],[-85.915,-69.667],[-84.641,-69.661],[-83.369,-69.645],[-82.099,-69.62],[-80.833,-69.586],[-79.571,-69.543],[-78.315,-69.491]]}},{"type":"Feature","properties":{"boundary_type":"other","feature_type":"gpml:InferredPaleoBoundary","polarity":null,"overriding_plate_id":null,"subducting_plate_id":null,"plate_ids":[301],"name":"NAM EUR 115 090 lom"},"geometry":{"type":"LineString","coordinates":[[14.404,70.409],[15.035,70.802],[15.69,71.193],[16.373,71.581],[17.084,71.967],[17.824,72.35]]}},{"type":"Feature","properties":{"boundary_type":"other","feature_type":"gpml:InferredPaleoBoundary","polarity":null,"overriding_plate_id":null,"subducting_plate_id":null,"plate_ids":[101,301],"name":"NAM EUR 115 090 lom"},"geometry":{"type":"LineString","coordinates":[[17.824,72.35],[18.913,72.725],[20.048,73.094],[21.232,73.457],[22.176,73.758],[23.156,74.055],[24.171,74.347],[25.223,74.635],[26.661,74.881],[28.145,75.119],[29.675,75.346],[30.645,75.632],[31.652,75.913],[32.7,76.191],[33.789,76.464],[35.13,76.844],[36.548,77.216],[38.049,77.581],[39.553,77.758],[41.099,77.927],[42.688,78.088],[44.633,78.256],[46.633,78.411],[48.683,78.553],[50.624,78.678],[52.605,78.79],[54.624,78.889],[56.45,79.111],[58.349,79.322],[60.322,79.52],[62.368,79.706],[64.686,79.778],[67.032,79.833],[69.4,79.871],[71.781,79.892],[74.062,79.983],[76.38,80.058],[78.73,80.118],[81.104,80.161],[83.921,80.123],[86.71,80.061],[89.458,79.978],[92.156,79.871],[94.793,79.744],[97.302,79.686],[99.778,79.609],[102.213,79.513],[104.125,79.248],[105.943,78.97],[107.672,78.683],[109.315,78.386],[110.876,78.08],[112.359,77.766]]}},{"type":"Feature","properties":{"boundary_type":"other","feature_type":"gpml:InferredPaleoBoundary","polarity":null,"overriding_plate_id":null,"subducting_plate_id":null,"plate_ids":[301,409],"name":"NAM EUR 115 090 lom"},"geometry":{"type":"LineString","coordinates":[[112.359,77.766],[113.401,77.531],[114.858,77.244],[116.251,76.95],[117.583,76.648],[118.857,76.34],[120.075,76.025],[121.24,75.705],[121.693,75.223],[122.117,74.74],[122.516,74.256],[122.892,73.772],[123.247,73.287],[123.582,72.801],[124.529,72.476],[125.443,72.147],[126.324,71.813],[127.175,71.476],[127.996,71.135],[128.788,70.79],[129.554,70.442],[130.937,70.274],[132.297,70.095],[133.633,69.906],[134.944,69.707],[136.23,69.499],[137.491,69.281],[138.812,69.237],[140.127,69.183],[141.434,69.119],[142.734,69.045],[144.024,68.962],[145.303,68.868],[146.572,68.766],[147.923,68.718],[149.269,68.66],[150.607,68.591],[151.935,68.512],[153.254,68.422],[154.563,68.322],[155.443,67.974],[156.298,67.621],[157.128,67.264],[157.932,66.902],[158.714,66.537],[159.472,66.168],[160.209,65.795],[160.925,65.419],[161.62,65.039],[162.102,64.716],[162.572,64.391],[163.032,64.065]]}},{"type":"Feature","properties":{"boundary_type":"subduction","feature_type":"gpml:SubductionZone","polarity":"Right","overriding_plate_id":101,"subducting_plate_id":902,"plate_ids":[101,902],"name":"Alaska Subduction GS"},"geometry":{"type":"LineString","coordinates":[[-91.779,72.445],[-93.301,72.383],[-94.812,72.31],[-96.31,72.226],[-97.823,72.266],[-99.342,72.295],[-100.865,72.312],[-102.389,72.318],[-103.914,72.312],[-105.436,72.294],[-106.954,72.264],[-108.467,72.223],[-109.972,72.17],[-111.467,72.105],[-112.951,72.03],[-113.647,72.066]]}},{"type":"Feature","properties":{"boundary_type":"subduction","feature_type":"gpml:SubductionZone","polarity":"Right","overriding_plate_id":101,"subducting_plate_id":926,"plate_ids":[101,926],"name":"Alaska Subduction GS"},"geometry":{"type":"LineString","coordinates":[[-113.647,72.066],[-114.989,72.129],[-116.339,72.182],[-117.697,72.227],[-119.06,72.261],[-120.428,72.287],[-121.729,72.476],[-123.057,72.657],[-124.411,72.829],[-125.792,72.991],[-127.197,73.144],[-128.627,73.287],[-130.079,73.421],[-131.197,73.62]]}},{"type":"Feature","properties":{"boundary_type":"subduction","feature_type":"gpml:SubductionZone","polarity":"Right","overriding_plate_id":409,"subducting_plate_id":926,"plate_ids":[409,926],"name":"Alaska Subduction GS"},"geometry":{"type":"LineString","coordinates":[[-131.197,73.62],[-132.637,73.863],[-134.119,74.095],[-135.642,74.316],[-137.207,74.527],[-138.813,74.727],[-140.459,74.915],[-142.237,75.104],[-144.057,75.278],[-145.918,75.439],[-147.818,75.584],[-149.754,75.714],[-151.608,75.765],[-153.475,75.802],[-155.348,75.824],[-157.226,75.832],[-159.104,75.825],[-160.978,75.804],[-162.744,75.681],[-164.479,75.546],[-166.181,75.398],[-167.849,75.238],[-169.48,75.066],[-171.074,74.883],[-172.63,74.69],[-174.147,74.485],[-175.624,74.271],[-177.316,74.101],[-178.972,73.918],[179.409,73.723]]}},{"type":"Feature","properties":{"boundary_type":"other","feature_type":"gpml:Fault","polarity":null,"overriding_plate_id":null,"subducting_plate_id":null,"plate_ids":[101,409],"name":"Alaska"},"geometry":{"type":"LineString","coordinates":[[-131.197,73.62],[-131.428,74.096],[-131.672,74.571],[-131.932,75.046],[-132.208,75.521],[-132.502,75.995],[-132.817,76.469],[-133.154,76.942],[-134.7,77.281],[-136.329,77.611],[-138.043,77.93],[-139.847,78.238],[-141.745,78.534],[-143.74,78.818],[-145.835,79.087],[-147.693,79.287],[-149.618,79.476],[-151.611,79.653],[-153.67,79.818],[-155.794,79.969],[-158.457,80.083],[-161.177,80.177],[-163.941,80.248],[-166.74,80.296],[-169.56,80.322],[-172.388,80.325],[-175.211,80.304],[-177.834,80.291],[179.554,80.258],[176.965,80.206],[174.409,80.134],[171.894,80.043],[169.429,79.934],[167.02,79.807],[164.674,79.662],[162.095,79.674],[159.516,79.665],[156.947,79.636],[154.396,79.586],[151.874,79.517],[149.39,79.428],[146.951,79.319],[144.343,79.338],[141.732,79.335],[139.127,79.31],[136.539,79.264],[133.978,79.196],[131.454,79.108],[128.974,79.0],[126.546,78.872],[124.368,78.659],[122.272,78.432],[120.259,78.189],[118.327,77.934],[116.321,77.892],[114.33,77.836],[112.359,77.766]]}},{"type":"Feature","properties":{"boundary_type":"subduction","feature_type":"gpml:SubductionZone","polarity":"Left","overriding_plate_id":301,"subducting_plate_id":926,"plate_ids":[301,926],"name":"OCVB Subduction Zone GS (DNSC, Layer et al., 2001)"},"geometry":{"type":"LineString","coordinates":[[152.731,59.205],[153.361,59.529],[154.002,59.849],[154.656,60.167],[155.323,60.481],[156.002,60.792],[156.695,61.099],[157.401,61.403],[158.121,61.703],[158.855,61.999],[159.604,62.291],[160.256,62.652],[160.925,63.01],[161.61,63.365],[162.312,63.717],[163.032,64.065]]}},{"type":"Feature","properties":{"boundary_type":"subduction","feature_type":"gpml:SubductionZone","polarity":"Left","overriding_plate_id":409,"subducting_plate_id":926,"plate_ids":[409,926],"name":"OCVB Subduction Zone GS (DNSC, Layer et al., 2001)"},"geometry":{"type":"LineString","coordinates":[[163.032,64.065],[163.76,64.405],[164.507,64.742],[165.064,65.149],[165.639,65.555],[166.231,65.958],[166.843,66.359],[167.474,66.757],[168.127,67.153],[168.8,67.546],[169.497,67.936],[170.17,68.309],[170.865,68.679],[171.584,69.047],[172.327,69.411],[173.096,69.772],[173.891,70.129],[174.274,70.484],[174.672,70.838],[175.146,71.271],[175.642,71.702],[176.161,72.132],[176.919,72.535],[177.712,72.934],[178.541,73.33],[179.409,73.723]]}},{"type":"Feature","properties":{"boundary_type":"ridge","feature_type":"gpml:MidOceanRidge","polarity":null,"overriding_plate_id":null,"subducting_plate_id":null,"plate_ids":[901,926],"name":"IZA-PAC MOR"},"geometry":{"type":"LineString","coordinates":[[163.534,-15.341],[163.523,-15.331],[163.022,-15.317],[162.521,-15.302],[162.02,-15.286],[161.52,-15.269],[161.019,-15.251],[160.519,-15.232],[160.019,-15.211],[159.518,-15.19],[159.018,-15.167],[158.518,-15.143],[158.018,-15.119],[157.519,-15.093]]}},{"type":"Feature","properties":{"boundary_type":"ridge","feature_type":"gpml:MidOceanRidge","polarity":null,"overriding_plate_id":null,"subducting_plate_id":null,"plate_ids":[901,926],"name":"IZA-PAC MOR"},"geometry":{"type":"LineString","coordinates":[[162.844,-2.256],[162.833,-2.267],[162.899,-2.743],[162.966,-3.219],[163.032,-3.695],[163.098,-4.171],[163.165,-4.647],[163.231,-5.122],[163.298,-5.598],[163.365,-6.074],[163.431,-6.55],[163.498,-7.026],[163.565,-7.501],[163.564,-7.992],[163.563,-8.483],[163.562,-8.973],[163.561,-9.464],[163.559,-9.955],[163.558,-10.445],[163.557,-10.936],[163.556,-11.427],[163.554,-11.917],[163.553,-12.408],[163.552,-12.899],[163.551,-13.389],[163.549,-13.88],[163.548,-14.37],[163.547,-14.861],[163.545,-15.352],[163.534,-15.341]]}},{"type":"Feature","properties":{"boundary_type":"ridge","feature_type":"gpml:MidOceanRidge","polarity":null,"overriding_plate_id":null,"subducting_plate_id":null,"plate_ids":[901,926],"name":"IZA-PAC MOR"},"geometry":{"type":"LineString","coordinates":[[172.128,-0.209],[172.136,-0.213],[171.648,-0.32],[171.16,-0.428],[170.672,-0.536],[170.183,-0.643],[169.695,-0.75],[169.207,-0.858],[168.718,-0.965],[168.23,-1.072],[167.741,-1.18],[167.253,-1.287],[166.764,-1.394],[166.276,-1.501],[165.787,-1.607],[165.298,-1.714],[164.81,-1.821],[164.321,-1.927],[163.832,-2.033],[163.343,-2.139],[162.854,-2.245],[162.844,-2.256]]}},{"type":"Feature","properties":{"boundary_type":"ridge","feature_type":"gpml:MidOceanRidge","polarity":null,"overriding_plate_id":null,"subducting_plate_id":null,"plate_ids":[901,926],"name":"IZA-PAC MOR"},"geometry":{"type":"LineString","coordinates":[[176.656,7.086],[176.675,7.093],[176.222,6.955],[175.769,6.817],[175.317,6.678],[174.865,6.539],[174.413,6.399],[173.961,6.259],[173.51,6.119],[173.058,5.978],[172.607,5.837],[172.157,5.695],[171.706,5.554],[171.256,5.411],[170.806,5.269],[170.916,4.813],[171.025,4.357],[171.135,3.901],[171.245,3.445],[171.354,2.988],[171.464,2.532],[171.573,2.076],[171.682,1.62],[171.791,1.164],[171.901,0.708],[172.01,0.252],[172.119,-0.205],[172.128,-0.209]]}},{"type":"Feature","properties":{"boundary_type":"ridge","feature_type":"gpml:MidOceanRidge","polarity":null,"overriding_plate_id":null,"subducting_plate_id":null,"plate_ids":[901,926],"name":"IZA-PAC MOR"},"geometry":{"type":"LineString","coordinates":[[-176.413,10.799],[-176.422,10.803],[-176.861,10.68],[-177.3,10.557],[-177.738,10.433],[-178.176,10.309],[-178.072,9.914],[-177.968,9.519],[-177.865,9.124],[-177.762,8.728],[-178.23,8.594],[-178.699,8.459],[-179.167,8.323],[-179.634,8.187],[179.899,8.051],[179.432,7.913],[178.965,7.776],[178.499,7.637],[178.033,7.499],[177.567,7.36],[177.102,7.22],[176.636,7.08],[176.656,7.086]]}},{"type":"Feature","properties":{"boundary_type":"ridge","feature_type":"gpml:MidOceanRidge","polarity":null,"overriding_plate_id":null,"subducting_plate_id":null,"plate_ids":[901,926],"name":"IZA-PAC MOR"},"geometry":{"type":"LineString","coordinates":[[-171.517,12.088],[-172.008,11.963],[-172.498,11.836],[-172.988,11.709],[-173.477,11.58],[-173.966,11.451],[-174.455,11.322],[-174.943,11.191],[-175.431,11.059],[-175.918,10.927],[-176.405,10.794],[-176.413,10.799]]}},{"type":"Feature","properties":{"boundary_type":"ridge","feature_type":"gpml:MidOceanRidge","polarity":null,"overriding_plate_id":null,"subducting_plate_id":null,"plate_ids":[901,926],"name":"IZA-PAC MOR"},"geometry":{"type":"LineString","coordinates":[[-155.05,24.633],[-155.025,24.643],[-155.122,25.098],[-155.22,25.552],[-155.318,26.007],[-155.417,26.462],[-155.518,26.916],[-155.619,27.371],[-155.72,27.825],[-155.823,28.279],[-156.368,28.189],[-156.912,28.097],[-157.456,28.002],[-157.998,27.906],[-158.54,27.807],[-159.08,27.706],[-159.62,27.603],[-160.158,27.498],[-160.695,27.391],[-161.232,27.282],[-161.767,27.171],[-162.301,27.058],[-162.834,26.943],[-163.366,26.825],[-163.897,26.706],[-164.427,26.585],[-164.955,26.462],[-165.483,26.337],[-166.009,26.21],[-165.873,25.727],[-165.739,25.243],[-165.605,24.759],[-165.472,24.276],[-165.341,23.792],[-165.21,23.308],[-165.08,22.824],[-164.951,22.34],[-164.823,21.855],[-164.696,21.371],[-164.57,20.886],[-164.445,20.402],[-164.32,19.917],[-164.196,19.432],[-164.073,18.947],[-163.951,18.463],[-163.829,17.978],[-163.708,17.492],[-163.588,17.007],[-163.468,16.522],[-163.961,16.406],[-164.453,16.288],[-164.945,16.17],[-165.436,16.05],[-165.927,15.929],[-166.417,15.807],[-166.906,15.684],[-166.79,15.219],[-166.674,14.754],[-166.559,14.289],[-166.444,13.824],[-166.33,13.359],[-166.804,13.248],[-167.277,13.136],[-167.75,13.023],[-168.222,12.909],[-168.694,12.794],[-169.165,12.679],[-169.637,12.562],[-170.107,12.445],[-170.577,12.327],[-171.047,12.208],[-171.517,12.088]]}},{"type":"Feature","properties":{"boundary_type":"ridge","feature_type":"gpml:MidOceanRidge","polarity":null,"overriding_plate_id":null,"subducting_plate_id":null,"plate_ids":[901,926],"name":"IZA-PAC MOR"},"geometry":{"type":"LineString","coordinates":[[-139.453,26.403],[-139.81,26.37],[-140.166,26.337],[-140.705,26.302],[-141.244,26.265],[-141.782,26.226],[-142.32,26.186],[-142.857,26.143],[-143.394,26.098],[-143.931,26.051],[-144.467,26.003],[-145.003,25.952],[-145.538,25.899],[-146.073,25.845],[-146.607,25.788],[-147.141,25.73],[-147.674,25.669],[-148.207,25.607],[-148.739,25.543],[-149.271,25.476],[-149.802,25.408],[-150.332,25.338],[-150.862,25.266],[-151.391,25.192],[-151.919,25.117],[-152.447,25.039],[-152.974,24.96],[-153.501,24.878],[-154.026,24.795],[-154.551,24.71],[-155.076,24.623],[-155.05,24.633]]}},{"type":"Feature","properties":{"boundary_type":"ridge","feature_type":"gpml:MidOceanRidge","polarity":null,"overriding_plate_id":null,"subducting_plate_id":null,"plate_ids":[901,926],"name":"IZA-PAC MOR"},"geometry":{"type":"LineString","coordinates":[[-133.019,26.608],[-133.335,26.599],[-133.651,26.59],[-134.179,26.582],[-134.707,26.573],[-135.235,26.562],[-135.763,26.549],[-136.29,26.534],[-136.818,26.517],[-137.345,26.498],[-137.872,26.477],[-138.399,26.454],[-138.926,26.43],[-139.453,26.403]]}},{"type":"Feature","properties":{"boundary_type":"ridge","feature_type":"gpml:MidOceanRidge","polarity":null,"overriding_plate_id":null,"subducting_plate_id":null,"plate_ids":[101,714],"name":"Ridge from iso M0 from NAM at 120.4Ma"},"geometry":{"type":"LineString","coordinates":[[-2.763,31.902],[-3.038,31.743],[-3.312,31.583],[-3.769,31.456],[-4.224,31.328],[-4.679,31.198],[-4.896,31.439],[-5.294,31.218],[-5.69,30.995],[-6.084,30.771],[-6.476,30.546],[-6.867,30.32],[-7.041,30.461],[-7.516,30.218],[-7.987,29.974],[-8.457,29.728],[-8.924,29.48],[-9.389,29.231],[-9.852,28.98],[-10.313,28.728],[-10.405,28.795],[-10.859,28.66],[-11.312,28.524],[-11.764,28.386],[-11.913,28.52],[-12.268,28.354],[-12.622,28.188],[-12.975,28.02],[-13.291,28.303],[-13.691,28.013],[-14.088,27.722],[-14.205,27.826],[-14.576,27.544],[-14.944,27.261],[-15.094,27.403],[-15.407,27.15],[-15.719,26.897],[-15.713,26.888],[-15.988,26.633],[-16.262,26.378],[-16.535,26.122],[-16.778,26.337],[-17.021,26.551],[-17.331,26.336],[-17.64,26.121],[-17.948,25.905],[-18.154,26.087],[-18.508,25.793],[-18.861,25.498],[-19.212,25.203],[-19.562,24.906],[-19.91,24.609],[-20.256,24.311],[-19.984,24.043],[-20.316,23.719],[-20.647,23.395],[-20.977,23.07],[-20.85,22.946],[-21.097,22.732],[-21.343,22.516],[-21.173,22.348],[-21.345,21.958],[-21.516,21.569],[-21.686,21.179],[-21.855,20.789],[-21.732,20.659],[-22.03,20.302],[-22.327,19.946],[-22.622,19.588],[-22.408,19.408],[-22.72,19.08],[-23.032,18.751],[-23.341,18.422],[-23.19,18.292],[-23.423,18.007],[-23.656,17.721],[-23.887,17.436],[-23.789,17.359],[-24.047,17.054],[-24.305,16.75],[-24.561,16.444],[-24.329,16.205],[-24.649,15.873],[-24.517,15.769],[-24.795,15.464],[-25.072,15.159],[-24.731,14.818],[-24.39,14.476],[-24.051,14.134],[-24.301,13.833],[-24.55,13.532],[-24.798,13.231]]}},{"type":"Feature","properties":{"boundary_type":"subduction","feature_type":"gpml:SubductionZone","polarity":"Left","overriding_plate_id":301,"subducting_plate_id":926,"plate_ids":[301,926],"name":"Barito Sea Subduction"},"geometry":{"type":"LineString","coordinates":[[123.461,-3.695],[123.935,-3.839],[124.409,-3.983],[124.884,-4.127],[125.358,-4.27],[125.833,-4.413],[126.25,-4.291],[126.667,-4.17],[127.084,-4.048],[127.501,-3.926],[127.924,-3.767],[128.347,-3.609],[128.77,-3.45],[129.193,-3.29],[129.616,-3.131],[130.039,-2.972],[130.461,-2.812],[130.883,-2.652],[131.306,-2.493],[131.782,-2.388],[132.259,-2.283],[132.735,-2.178],[133.212,-2.072],[133.688,-1.967],[134.165,-1.861],[134.641,-1.755],[135.117,-1.65],[135.594,-1.544]]}},{"type":"Feature","properties":{"boundary_type":"subduction","feature_type":"gpml:SubductionZone","polarity":"Left","overriding_plate_id":301,"subducting_plate_id":926,"plate_ids":[301,926],"name":"North Borneo subduction"},"geometry":{"type":"LineString","coordinates":[[135.264,-0.846],[134.775,-0.778],[134.286,-0.709],[133.85,-0.712],[133.413,-0.715],[132.977,-0.719],[132.54,-0.722],[132.104,-0.725],[131.667,-0.728],[131.23,-0.731],[130.803,-0.478],[130.375,-0.224],[129.947,0.029],[129.52,0.282],[129.092,0.536],[128.881,0.987],[128.67,1.438],[128.459,1.889],[128.368,2.327],[128.277,2.765],[128.186,3.202],[128.192,3.561],[128.198,3.919],[128.144,4.401],[128.09,4.883],[128.036,5.365],[127.981,5.847],[127.828,6.285],[127.674,6.723],[127.52,7.161]]}},{"type":"Feature","properties":{"boundary_type":"subduction","feature_type":"gpml:SubductionZone","polarity":"Left","overriding_plate_id":301,"subducting_plate_id":926,"plate_ids":[301,926],"name":"Proto South China Sea opening"},"geometry":{"type":"LineString","coordinates":[[127.52,7.161],[127.724,7.564],[127.929,7.966],[128.135,8.369],[128.341,8.771],[128.547,9.173],[128.754,9.575],[128.961,9.977],[129.168,10.379],[129.249,10.793],[129.331,11.207],[129.412,11.621],[129.494,12.035],[129.576,12.448],[129.658,12.862],[129.775,13.33],[129.892,13.797],[130.009,14.265],[130.127,14.732],[130.245,15.2],[130.364,15.667],[130.458,16.131],[130.552,16.595],[130.647,17.059],[130.742,17.523],[130.976,17.812]]}},{"type":"Feature","properties":{"boundary_type":"subduction","feature_type":"gpml:SubductionZone","polarity":"Left","overriding_plate_id":787,"subducting_plate_id":501,"plate_ids":[501,787],"name":"Sunda Jurassic-Cretaceous subduction"},"geometry":{"type":"LineString","coordinates":[[95.047,0.33],[95.159,0.242],[95.522,0.012],[95.885,-0.217],[96.248,-0.447],[96.611,-0.677],[96.974,-0.906],[97.338,-1.136],[97.722,-1.416],[98.107,-1.697],[98.492,-1.977],[98.877,-2.257],[99.262,-2.537],[99.648,-2.817],[100.034,-3.072],[100.42,-3.326],[100.806,-3.579],[101.193,-3.833],[101.579,-4.087],[101.966,-4.34],[102.353,-4.593],[102.773,-4.786],[103.194,-4.978],[103.614,-5.171],[104.035,-5.363],[104.456,-5.555],[104.877,-5.746],[105.298,-5.937],[105.72,-6.128],[106.188,-6.23],[106.656,-6.331],[107.124,-6.432],[107.592,-6.533],[108.061,-6.633],[108.53,-6.733],[108.998,-6.832],[109.478,-6.955],[109.959,-7.078],[110.439,-7.2],[110.92,-7.321],[111.401,-7.442],[111.883,-7.563],[112.364,-7.682],[112.846,-7.802],[113.328,-7.921],[113.811,-8.039],[114.293,-8.157],[114.683,-8.396],[115.073,-8.635],[115.464,-8.873],[115.855,-9.111],[116.247,-9.349],[116.639,-9.586],[117.032,-9.823]]}},{"type":"Feature","properties":{"boundary_type":"subduction","feature_type":"gpml:SubductionZone","polarity":"Left","overriding_plate_id":926,"subducting_plate_id":501,"plate_ids":[501,926],"name":"Sunda Jurassic-Cretaceous subduction"},"geometry":{"type":"LineString","coordinates":[[117.032,-9.823],[117.088,-9.857],[117.542,-10.067],[117.997,-10.276],[118.453,-10.485],[118.909,-10.694],[119.366,-10.901],[119.824,-11.108],[120.282,-11.314],[120.741,-11.52],[121.201,-11.725],[121.621,-11.916],[122.043,-12.106],[122.465,-12.296],[122.887,-12.486],[123.31,-12.674],[123.734,-12.862],[124.159,-13.049],[124.584,-13.236],[125.029,-13.053],[125.473,-12.87],[125.917,-12.686],[126.361,-12.501],[126.803,-12.315],[127.245,-12.129],[127.524,-11.821],[127.803,-11.514],[128.081,-11.206],[128.359,-10.897],[128.636,-10.589]]}},{"type":"Feature","properties":{"boundary_type":"transform","feature_type":"gpml:Transform","polarity":null,"overriding_plate_id":null,"subducting_plate_id":null,"plate_ids":[501,787],"name":"Proto Andaman transform"},"geometry":{"type":"LineString","coordinates":[[95.047,0.33],[95.218,0.616],[95.388,0.902]]}},{"type":"Feature","properties":{"boundary_type":"transform","feature_type":"gpml:Transform","polarity":null,"overriding_plate_id":null,"subducting_plate_id":null,"plate_ids":[529,787],"name":"Proto Andaman transform"},"geometry":{"type":"LineString","coordinates":[[95.388,0.902],[95.605,1.267],[95.823,1.632],[96.04,1.996],[96.258,2.361],[96.476,2.726],[96.711,3.123],[96.946,3.52],[97.182,3.916],[97.417,4.313],[97.653,4.71],[97.89,5.107],[98.126,5.503],[98.363,5.899],[98.6,6.296],[98.838,6.692],[99.076,7.088],[99.205,7.329],[99.334,7.57]]}},{"type":"Feature","properties":{"boundary_type":"transform","feature_type":"gpml:Transform","polarity":null,"overriding_plate_id":null,"subducting_plate_id":null,"plate_ids":[528,787],"name":"Proto Andaman transform"},"geometry":{"type":"LineString","coordinates":[[99.334,7.57],[99.561,7.991],[99.788,8.412],[100.016,8.832],[100.244,9.253],[100.472,9.673],[100.701,10.093],[100.931,10.513],[101.162,10.933],[101.393,11.353],[101.564,11.667],[101.736,11.98],[101.909,12.294]]}},{"type":"Feature","properties":{"boundary_type":"transform","feature_type":"gpml:Transform","polarity":null,"overriding_plate_id":null,"subducting_plate_id":null,"plate_ids":[301,787],"name":"Proto Andaman transform"},"geometry":{"type":"LineString","coordinates":[[101.909,12.294],[102.148,12.727],[102.388,13.16],[102.628,13.593],[102.87,14.026],[103.112,14.458],[103.356,14.89],[103.6,15.322],[103.62,15.361]]}},{"type":"Feature","properties":{"boundary_type":"subduction","feature_type":"gpml:SubductionZone","polarity":"Left","overriding_plate_id":801,"subducting_plate_id":901,"plate_ids":[801,901],"name":"Philippines Late Cretaceous back-arc"},"geometry":{"type":"LineString","coordinates":[[161.899,-30.581],[161.715,-30.125],[161.532,-29.668],[161.352,-29.211],[161.172,-28.754],[160.995,-28.297],[160.892,-27.889],[160.789,-27.48],[160.688,-27.072],[160.587,-26.663],[160.487,-26.255],[160.387,-25.846],[160.319,-25.364],[160.251,-24.881],[160.184,-24.399],[160.118,-23.917],[160.051,-23.434],[159.955,-23.012],[159.86,-22.591],[159.765,-22.169],[159.67,-21.747],[159.501,-21.281],[159.332,-20.814],[159.165,-20.348],[158.998,-19.881],[158.832,-19.415],[158.668,-18.948],[158.535,-18.486],[158.402,-18.025],[158.271,-17.564],[158.14,-17.102],[158.009,-16.641],[157.88,-16.179],[157.751,-15.717],[157.622,-15.255]]}},{"type":"Feature","properties":{"boundary_type":"subduction","feature_type":"gpml:SubductionZone","polarity":"Left","overriding_plate_id":529,"subducting_plate_id":501,"plate_ids":[501,529],"name":"Kohistan instra-oceanic subduction"},"geometry":{"type":"LineString","coordinates":[[64.33,3.926],[64.72,3.728],[65.111,3.53],[65.501,3.331],[65.944,3.11],[66.387,2.889],[66.829,2.667],[67.272,2.446],[67.714,2.224],[68.156,2.002],[68.598,1.78],[69.039,1.558],[69.481,1.336],[69.839,1.125],[70.198,0.915],[70.556,0.704],[70.915,0.494],[71.273,0.283],[71.651,0.082],[72.029,-0.12],[72.408,-0.322],[72.786,-0.523],[73.164,-0.725],[73.597,-0.913],[74.03,-1.102],[74.462,-1.291],[74.895,-1.479],[75.328,-1.667],[75.761,-1.856],[76.194,-2.044],[76.627,-2.232],[77.06,-2.42],[77.494,-2.607],[77.946,-2.699],[78.398,-2.79],[78.85,-2.881],[79.303,-2.971],[79.755,-3.062],[80.207,-3.152],[80.66,-3.242],[81.117,-3.303],[81.575,-3.363],[82.032,-3.423],[82.489,-3.483],[82.947,-3.542],[83.404,-3.601],[83.853,-3.541],[84.302,-3.481],[84.751,-3.42],[85.199,-3.359],[85.648,-3.298],[86.097,-3.206],[86.546,-3.114],[86.994,-3.022],[87.443,-2.929],[87.891,-2.836],[88.34,-2.743],[88.788,-2.65],[89.177,-2.489],[89.566,-2.328],[89.955,-2.167],[90.343,-2.006],[90.732,-1.845],[91.12,-1.684],[91.5,-1.483],[91.879,-1.283],[92.258,-1.082],[92.637,-0.882],[93.016,-0.681],[93.395,-0.48],[93.794,-0.204],[94.192,0.073],[94.591,0.349],[94.989,0.626],[95.388,0.902]]}},{"type":"Feature","properties":{"boundary_type":"ridge","feature_type":"gpml:MidOceanRidge","polarity":null,"overriding_plate_id":null,"subducting_plate_id":null,"plate_ids":[528,529],"name":"Kohistan back-arc MOR"},"geometry":{"type":"LineString","coordinates":[[72.958,15.628],[73.431,15.512],[73.904,15.394],[74.376,15.275],[74.848,15.155],[75.32,15.035],[75.791,14.913],[76.261,14.79],[76.731,14.667],[77.2,14.542],[77.669,14.416],[77.596,14.067],[77.524,13.718],[77.451,13.369],[77.935,13.242],[78.418,13.115],[78.901,12.987],[79.383,12.858],[79.864,12.728],[80.345,12.597],[80.274,12.211],[80.204,11.825],[80.133,11.439],[80.538,11.354],[80.943,11.269],[81.347,11.184],[81.751,11.098],[81.676,10.687],[81.601,10.276],[82.04,10.175],[82.478,10.074],[82.916,9.972],[83.354,9.869],[83.289,9.544],[83.224,9.219],[83.681,9.126],[84.138,9.032],[84.594,8.937],[85.05,8.842],[85.506,8.746],[85.962,8.65],[86.417,8.553],[86.873,8.456],[87.327,8.358],[87.782,8.26],[88.237,8.161],[88.691,8.061],[89.043,7.999],[89.394,7.937]]}},{"type":"Feature","properties":{"boundary_type":"ridge","feature_type":"gpml:MidOceanRidge","polarity":null,"overriding_plate_id":null,"subducting_plate_id":null,"plate_ids":[528,529],"name":"Kohistan back-arc MOR"},"geometry":{"type":"LineString","coordinates":[[89.394,7.937],[89.486,8.41],[89.974,8.338],[90.461,8.265],[90.948,8.192],[91.435,8.119],[91.922,8.044],[92.409,7.97],[92.895,7.894],[93.382,7.818],[93.451,8.218],[93.52,8.618],[93.997,8.531],[94.475,8.444],[94.952,8.356],[95.429,8.267],[95.905,8.178],[96.382,8.088],[96.858,7.998],[97.354,7.914],[97.849,7.829],[98.345,7.743],[98.84,7.657],[99.334,7.57]]}},{"type":"Feature","properties":{"boundary_type":"transform","feature_type":"gpml:Transform","polarity":null,"overriding_plate_id":null,"subducting_plate_id":null,"plate_ids":[801,926],"name":"Tethys-Izanagi Transform"},"geometry":{"type":"LineString","coordinates":[[153.839,-9.509],[154.095,-9.87],[154.352,-10.231],[154.609,-10.591],[154.867,-10.951],[155.125,-11.311],[155.384,-11.67],[155.619,-12.052],[155.853,-12.432],[156.089,-12.813],[156.325,-13.194],[156.563,-13.574],[156.8,-13.954],[157.039,-14.334],[157.278,-14.713],[157.519,-15.093]]}},{"type":"Feature","properties":{"boundary_type":"transform","feature_type":"gpml:Transform","polarity":null,"overriding_plate_id":null,"subducting_plate_id":null,"plate_ids":[801,901],"name":"Tethys-Izanagi Transform"},"geometry":{"type":"LineString","coordinates":[[157.519,-15.093],[157.622,-15.255]]}},{"type":"Feature","properties":{"boundary_type":"subduction","feature_type":"gpml:SubductionZone","polarity":"Right","overriding_plate_id":301,"subducting_plate_id":528,"plate_ids":[301,528],"name":"Subduction zone to close the Tethyan/Lhasa back-arc basin, southward jump after accretion"},"geometry":{"type":"LineString","coordinates":[[101.909,12.294],[101.564,12.434],[101.185,12.661],[100.805,12.887],[100.425,13.113],[100.044,13.338],[99.662,13.563],[99.28,13.787],[99.01,14.005],[98.74,14.223],[98.384,14.33],[98.028,14.436],[97.597,14.412],[97.165,14.388],[96.734,14.363],[96.303,14.337],[95.872,14.31],[95.441,14.283],[94.986,14.304],[94.531,14.325],[94.076,14.345],[93.621,14.364],[93.166,14.382],[92.711,14.399],[92.234,14.561],[91.757,14.722],[91.279,14.883],[90.8,15.042],[90.32,15.2],[89.84,15.357],[89.359,15.513],[88.877,15.668],[88.485,15.925],[88.092,16.181],[87.698,16.437],[87.303,16.692],[86.906,16.946],[86.509,17.2],[86.111,17.452],[85.711,17.704],[85.31,17.955],[84.909,18.206],[84.652,18.558],[84.395,18.91],[84.136,19.261],[83.876,19.613],[83.615,19.964],[83.216,20.238],[82.816,20.512],[82.414,20.785],[82.01,21.057],[81.606,21.328],[81.199,21.598],[80.792,21.867],[80.382,22.135],[79.971,22.402],[79.625,22.646],[79.277,22.889],[78.928,23.132]]}},{"type":"Feature","properties":{"boundary_type":"ridge","feature_type":"gpml:MidOceanRidge","polarity":null,"overriding_plate_id":null,"subducting_plate_id":null,"plate_ids":[501,801],"name":"Indian Ocean MOR"},"geometry":{"type":"LineString","coordinates":[[81.202,-48.676],[81.501,-48.23],[81.796,-47.783],[82.085,-47.335],[82.37,-46.886],[82.65,-46.436],[82.925,-45.986],[83.196,-45.535],[83.463,-45.084],[83.725,-44.632],[83.983,-44.179],[84.238,-43.726],[84.488,-43.272],[84.735,-42.818],[84.979,-42.363],[85.218,-41.908],[85.455,-41.452],[85.688,-40.996],[85.918,-40.539],[86.144,-40.082],[86.368,-39.624],[86.589,-39.166],[86.807,-38.708],[87.365,-38.819],[87.926,-38.927],[88.488,-39.032],[89.052,-39.135],[89.617,-39.235],[90.184,-39.332],[90.753,-39.427],[90.925,-38.991],[91.094,-38.555],[91.262,-38.119],[91.427,-37.683],[91.591,-37.246],[91.753,-36.81],[91.913,-36.372],[92.071,-35.935],[92.227,-35.498],[92.382,-35.06],[92.535,-34.622],[93.102,-34.71],[93.67,-34.794],[94.239,-34.877],[94.81,-34.956],[95.381,-35.033],[95.954,-35.107],[96.528,-35.178],[97.102,-35.247],[97.678,-35.313],[98.254,-35.376],[98.832,-35.437],[99.41,-35.494],[99.989,-35.549],[100.098,-35.096],[100.206,-34.643],[100.312,-34.189],[100.417,-33.736],[100.522,-33.282],[100.625,-32.828],[100.727,-32.375],[100.828,-31.921],[100.928,-31.467],[101.028,-31.013],[101.126,-30.559],[101.223,-30.104],[101.769,-30.138],[102.314,-30.17],[102.861,-30.199],[103.407,-30.226],[103.954,-30.251],[104.501,-30.274],[105.048,-30.294],[105.595,-30.312],[106.143,-30.328],[106.691,-30.341],[107.239,-30.353],[107.787,-30.361],[108.335,-30.368],[108.883,-30.372],[109.431,-30.374],[109.98,-30.374],[110.044,-29.896],[110.107,-29.418],[110.17,-28.94],[110.232,-28.462],[110.294,-27.984],[110.355,-27.505],[110.416,-27.027],[110.476,-26.549],[110.536,-26.071],[110.595,-25.592],[110.654,-25.114],[110.712,-24.636],[110.77,-24.157],[110.827,-23.679],[110.884,-23.2],[111.402,-23.192],[111.92,-23.183],[112.437,-23.172],[112.954,-23.159],[113.472,-23.144],[113.989,-23.127],[114.506,-23.109],[115.023,-23.09],[115.54,-23.068],[116.056,-23.045],[116.572,-23.02],[117.089,-22.994],[117.605,-22.966],[118.12,-22.936],[118.636,-22.904],[119.151,-22.871],[119.185,-22.469],[119.219,-22.066],[119.253,-21.664],[119.286,-21.261],[119.815,-21.234],[120.344,-21.204],[120.872,-21.174],[121.401,-21.141],[121.929,-21.107],[122.456,-21.071],[122.984,-21.034],[123.511,-20.994],[124.038,-20.954],[124.565,-20.911],[124.543,-20.489],[124.52,-20.067],[124.498,-19.645],[124.476,-19.222],[124.454,-18.8],[124.924,-18.768],[125.393,-18.734],[125.862,-18.699],[126.331,-18.664],[126.799,-18.627],[127.268,-18.588],[127.736,-18.549],[128.204,-18.509],[128.671,-18.467],[128.645,-17.997],[128.619,-17.526],[128.593,-17.056],[128.567,-16.586],[128.541,-16.116],[128.515,-15.645],[128.49,-15.175],[128.464,-14.705],[128.439,-14.234],[128.414,-13.764],[128.873,-13.717],[129.333,-13.668],[129.792,-13.619],[130.252,-13.569],[130.711,-13.519],[131.169,-13.467],[131.13,-12.988],[131.091,-12.509],[131.053,-12.029],[131.014,-11.55],[130.976,-11.071]]}},{"type":"Feature","properties":{"boundary_type":"subduction","feature_type":"gpml:SubductionZone","polarity":"Left","overriding_plate_id":801,"subducting_plate_id":901,"plate_ids":[801,901],"name":"Proto Philippine transform"},"geometry":{"type":"LineString","coordinates":[[160.772,-31.612],[161.15,-31.27],[161.526,-30.926],[161.899,-30.581]]}},{"type":"Feature","properties":{"boundary_type":"subduction","feature_type":"gpml:SubductionZone","polarity":"Left","overriding_plate_id":301,"subducting_plate_id":787,"plate_ids":[301,787],"name":"Woyla and Proto Andaman Sea Subduction"},"geometry":{"type":"LineString","coordinates":[[103.62,15.361],[104.027,15.147],[104.433,14.932],[104.839,14.716],[105.114,14.332],[105.388,13.947],[105.661,13.562],[105.933,13.177],[106.205,12.791],[106.475,12.405],[106.745,12.019],[107.014,11.633],[107.282,11.246],[107.591,10.86],[107.899,10.474],[108.206,10.088],[108.513,9.701],[108.819,9.314],[109.124,8.927],[109.428,8.539],[109.732,8.151],[110.035,7.763],[110.27,7.395],[110.505,7.027],[110.896,6.731],[111.286,6.434],[111.676,6.137]]}},{"type":"Feature","properties":{"boundary_type":"subduction","feature_type":"gpml:SubductionZone","polarity":"Left","overriding_plate_id":301,"subducting_plate_id":787,"plate_ids":[301,787],"name":"Woyla and Proto Andaman Sea Subduction"},"geometry":{"type":"LineString","coordinates":[[111.676,6.137],[112.004,5.994],[112.332,5.85],[112.749,5.644],[113.165,5.437],[113.582,5.23],[113.998,5.023],[114.413,4.816],[114.829,4.608],[115.244,4.401],[115.578,4.177],[115.912,3.954],[116.245,3.73],[116.579,3.506],[116.912,3.282],[117.292,3.061],[117.671,2.841],[118.05,2.62],[118.43,2.399],[118.809,2.177],[119.188,1.956],[119.567,1.735],[119.945,1.513],[120.273,1.183],[120.601,0.853],[120.929,0.522],[121.256,0.192],[121.584,-0.139],[121.912,-0.469],[122.114,-0.848],[122.316,-1.227],[122.518,-1.606],[122.72,-1.985],[122.922,-2.364],[123.052,-2.686],[123.182,-3.008]]}},{"type":"Feature","properties":{"boundary_type":"subduction","feature_type":"gpml:SubductionZone","polarity":"Left","overriding_plate_id":301,"subducting_plate_id":926,"plate_ids":[301,926],"name":"Woyla and Proto Andaman Sea Subduction"},"geometry":{"type":"LineString","coordinates":[[123.182,-3.008],[123.322,-3.352],[123.461,-3.695]]}},{"type":"Feature","properties":{"boundary_type":"ridge","feature_type":"gpml:MidOceanRidge","polarity":null,"overriding_plate_id":null,"subducting_plate_id":null,"plate_ids":[501,701],"name":"MOR Fracture (SS) between NE Africa and India"},"geometry":{"type":"LineString","coordinates":[[56.928,-9.235],[56.563,-9.571],[56.197,-9.907],[55.831,-10.242],[55.464,-10.577],[55.096,-10.911],[54.727,-11.245],[54.357,-11.578],[54.053,-11.93],[53.748,-12.283],[53.442,-12.634],[53.135,-12.986],[52.828,-13.337],[52.519,-13.688],[52.21,-14.038],[51.9,-14.388],[51.615,-14.644],[51.329,-14.9]]}},{"type":"Feature","properties":{"boundary_type":"ridge","feature_type":"gpml:MidOceanRidge","polarity":null,"overriding_plate_id":null,"subducting_plate_id":null,"plate_ids":[701,802],"name":"MOR Weddell Sea"},"geometry":{"type":"LineString","coordinates":[[4.784,-56.043],[4.142,-56.216],[3.495,-56.385],[2.812,-56.592],[2.121,-56.795],[1.423,-56.995],[0.717,-57.191],[0.004,-57.382],[-0.739,-57.619],[-1.492,-57.852],[-2.254,-58.08],[-3.027,-58.303],[-3.809,-58.522],[-4.6,-58.736],[-5.402,-58.945],[-6.213,-59.149]]}},{"type":"Feature","properties":{"boundary_type":"ridge","feature_type":"gpml:MidOceanRidge","polarity":null,"overriding_plate_id":null,"subducting_plate_id":null,"plate_ids":[201,802],"name":"MOR Weddell Sea"},"geometry":{"type":"LineString","coordinates":[[-6.213,-59.149],[-7.057,-59.353],[-7.912,-59.552],[-8.776,-59.745],[-9.514,-59.923],[-10.26,-60.096],[-11.014,-60.265],[-11.776,-60.43],[-12.424,-60.587],[-13.078,-60.742],[-13.736,-60.843],[-14.399,-60.942],[-14.931,-61.053],[-15.325,-61.19],[-15.987,-61.34],[-16.716,-61.46],[-17.575,-61.618],[-18.444,-61.77],[-19.051,-61.854],[-19.662,-61.935],[-20.347,-62.024],[-21.344,-62.119],[-21.739,-62.175],[-22.371,-62.263],[-23.006,-62.347],[-23.59,-62.422],[-24.177,-62.494],[-24.877,-62.576],[-25.581,-62.655],[-26.173,-62.727],[-26.768,-62.796],[-27.535,-62.878],[-28.306,-62.957],[-28.99,-63.014],[-29.485,-63.053],[-30.097,-63.099],[-30.787,-63.148],[-31.265,-63.127],[-31.853,-63.128],[-32.921,-63.083],[-33.871,-63.025],[-34.571,-63.02],[-35.272,-63.011],[-35.826,-62.943],[-36.529,-62.893],[-37.229,-62.84],[-38.086,-62.716],[-38.68,-62.394],[-39.331,-62.226],[-39.862,-62.055],[-40.238,-61.864],[-40.795,-61.637],[-41.343,-61.408],[-42.173,-61.122],[-42.988,-60.831],[-43.788,-60.536],[-44.574,-60.236]]}},{"type":"Feature","properties":{"boundary_type":"ridge","feature_type":"gpml:MidOceanRidge","polarity":null,"overriding_plate_id":null,"subducting_plate_id":null,"plate_ids":[501,802],"name":"MOR India-Elan"},"geometry":{"type":"LineString","coordinates":[[36.214,-48.959],[36.418,-49.422],[36.626,-49.885],[36.838,-50.348],[37.055,-50.81],[37.275,-51.272],[37.5,-51.733],[37.73,-52.194],[37.964,-52.654],[38.204,-53.114],[38.449,-53.573],[38.699,-54.032],[38.954,-54.491],[39.772,-54.383],[40.585,-54.27],[41.393,-54.152],[42.197,-54.028],[42.996,-53.899],[43.79,-53.765],[44.579,-53.626],[45.362,-53.481],[46.14,-53.331],[46.913,-53.177],[47.68,-53.017],[48.441,-52.852],[49.196,-52.683],[49.945,-52.509],[50.689,-52.33],[51.426,-52.146],[52.157,-51.958],[52.882,-51.766],[53.601,-51.569],[54.314,-51.367],[55.02,-51.162],[55.72,-50.952],[56.413,-50.738],[56.843,-50.962],[57.278,-51.185],[57.716,-51.407],[58.486,-51.283],[59.251,-51.155],[60.012,-51.022],[60.768,-50.884],[61.52,-50.741],[62.267,-50.593],[63.01,-50.441],[63.748,-50.283],[64.48,-50.122],[65.208,-49.955],[65.931,-49.784],[66.252,-50.103],[66.577,-50.421],[66.906,-50.739],[67.541,-50.594],[68.172,-50.446],[68.799,-50.295],[69.422,-50.14]]}},{"type":"Feature","properties":{"boundary_type":"ridge","feature_type":"gpml:MidOceanRidge","polarity":null,"overriding_plate_id":null,"subducting_plate_id":null,"plate_ids":[501,801],"name":"MOR India-Elan"},"geometry":{"type":"LineString","coordinates":[[69.422,-50.14],[69.478,-50.126]]}},{"type":"Feature","properties":{"boundary_type":"ridge","feature_type":"gpml:MidOceanRidge","polarity":null,"overriding_plate_id":null,"subducting_plate_id":null,"plate_ids":[501,801],"name":"MOR Cuvvee Antarctica-India"},"geometry":{"type":"LineString","coordinates":[[81.202,-48.676],[80.788,-48.485],[80.075,-48.39],[79.365,-48.29],[78.658,-48.186],[77.968,-48.026],[77.282,-47.863],[76.6,-47.695],[75.923,-47.524],[75.25,-47.349],[74.581,-47.169],[73.917,-46.986],[73.258,-46.799],[72.862,-47.175],[72.46,-47.549],[72.053,-47.922],[71.639,-48.293],[71.22,-48.663],[70.794,-49.031],[70.362,-49.398],[69.924,-49.763],[69.478,-50.126]]}},{"type":"Feature","properties":{"boundary_type":"ridge","feature_type":"gpml:MidOceanRidge","polarity":null,"overriding_plate_id":null,"subducting_plate_id":null,"plate_ids":[101,201],"name":"Ridge from iso A34 from Africa at 83.5Ma"},"geometry":{"type":"LineString","coordinates":[[-31.968,20.805],[-31.665,20.429],[-31.363,20.052],[-31.063,19.675],[-30.764,19.298],[-30.467,18.92],[-30.171,18.541],[-29.876,18.162],[-29.583,17.783],[-29.291,17.403],[-29.0,17.023],[-28.71,16.642],[-28.422,16.261],[-27.992,16.03],[-27.563,15.799],[-27.136,15.566],[-26.709,15.333],[-26.283,15.098],[-26.444,14.769],[-26.604,14.439],[-26.764,14.109],[-26.366,13.955],[-25.969,13.799],[-25.573,13.643],[-25.177,13.486],[-24.781,13.329],[-24.798,13.231]]}},{"type":"Feature","properties":{"boundary_type":"ridge","feature_type":"gpml:MidOceanRidge","polarity":null,"overriding_plate_id":null,"subducting_plate_id":null,"plate_ids":[201,714],"name":"Ridge from iso A34 from Africa at 83.5Ma"},"geometry":{"type":"LineString","coordinates":[[-24.798,13.231],[-24.842,12.97],[-24.886,12.708],[-24.544,12.581],[-24.616,12.242],[-24.688,11.902],[-24.76,11.563],[-24.312,11.419],[-23.863,11.274],[-23.416,11.128],[-22.968,10.982],[-22.522,10.835],[-22.075,10.687],[-22.156,10.334],[-22.237,9.981],[-22.032,9.925],[-22.089,9.639],[-22.146,9.354],[-21.958,9.3],[-22.012,9.023],[-22.067,8.745],[-21.586,8.609],[-21.636,8.316],[-21.686,8.023],[-21.224,7.907],[-20.763,7.79],[-20.302,7.673],[-19.841,7.555],[-19.915,7.122],[-19.478,7.033],[-19.042,6.943],[-18.605,6.854],[-18.645,6.593],[-18.265,6.508],[-17.884,6.423],[-17.952,6.014],[-17.617,5.938],[-17.282,5.862],[-17.348,5.475],[-16.926,5.386],[-16.504,5.296],[-16.081,5.207],[-15.659,5.117],[-15.738,4.636],[-15.658,4.625],[-15.691,4.371],[-15.724,4.117],[-15.233,4.05],[-15.288,3.655],[-15.343,3.261],[-15.397,2.866],[-15.452,2.472],[-14.989,2.375],[-14.526,2.278],[-14.063,2.181],[-13.6,2.084],[-13.653,1.607],[-13.706,1.13],[-13.76,0.653],[-13.813,0.176],[-13.866,-0.301],[-13.519,-0.366],[-13.172,-0.431],[-13.198,-0.854],[-13.224,-1.278],[-12.734,-1.325],[-12.245,-1.372],[-11.755,-1.419],[-11.266,-1.465],[-10.777,-1.512],[-10.287,-1.559],[-9.798,-1.605],[-9.77,-1.946],[-9.742,-2.288],[-9.32,-2.335],[-8.897,-2.382],[-8.474,-2.429],[-8.455,-2.865],[-8.435,-3.301],[-8.416,-3.736],[-8.396,-4.172],[-8.376,-4.608],[-8.006,-4.615],[-7.635,-4.622],[-7.279,-4.611],[-6.923,-4.599],[-6.488,-4.587],[-6.054,-4.574],[-5.667,-4.561],[-5.281,-4.547],[-4.895,-4.505],[-4.509,-4.462],[-4.073,-4.422],[-3.637,-4.382],[-3.258,-4.354],[-2.879,-4.326],[-2.499,-4.298],[-2.001,-4.247],[-1.503,-4.196],[-1.204,-4.16],[-0.905,-4.124],[-0.565,-4.078],[-0.225,-4.032],[-0.181,-4.444],[-0.137,-4.857],[-0.092,-5.269],[0.146,-5.277],[0.185,-5.602],[0.224,-5.926],[0.506,-5.918],[0.562,-6.217],[0.619,-6.515],[0.636,-6.594]]}},{"type":"Feature","properties":{"boundary_type":"subduction","feature_type":"gpml:SubductionZone","polarity":"Right","overriding_plate_id":801,"subducting_plate_id":901,"plate_ids":[801,901],"name":"Northern cont. of Eastern Gondwanaland Active Margin"},"geometry":{"type":"LineString","coordinates":[[160.772,-31.612],[160.892,-31.753],[161.218,-32.119],[161.547,-32.484],[161.879,-32.848],[162.214,-33.212],[162.551,-33.574],[162.891,-33.936],[163.235,-34.296],[163.465,-34.644],[163.697,-34.991],[163.931,-35.337],[164.167,-35.684],[164.408,-36.077],[164.653,-36.47],[164.899,-36.863],[165.148,-37.255],[165.4,-37.647],[165.615,-38.105],[165.833,-38.563],[166.053,-39.02],[166.277,-39.476],[166.503,-39.933],[166.659,-40.334],[166.817,-40.735],[166.977,-41.136],[167.139,-41.537],[167.303,-41.938],[167.289,-42.421],[167.276,-42.904],[167.262,-43.387],[167.248,-43.87],[167.232,-44.024]]}},{"type":"Feature","properties":{"boundary_type":"subduction","feature_type":"gpml:SubductionZone","polarity":"Right","overriding_plate_id":806,"subducting_plate_id":983,"plate_ids":[806,983],"name":"Chatham Rise subduction KM"},"geometry":{"type":"LineString","coordinates":[[-149.768,-69.078],[-148.674,-69.297],[-148.009,-69.404],[-147.336,-69.508],[-146.593,-69.646],[-145.841,-69.78],[-144.797,-69.882],[-143.743,-69.979],[-142.449,-69.969],[-141.157,-69.949],[-139.868,-69.919],[-138.565,-69.942],[-137.259,-69.954],[-135.952,-69.958],[-134.646,-69.951],[-133.341,-69.935],[-132.038,-69.91],[-130.678,-69.825],[-129.329,-69.729],[-127.993,-69.624],[-126.671,-69.508],[-125.478,-69.447],[-124.291,-69.378],[-123.113,-69.301],[-121.944,-69.216],[-120.776,-69.131],[-119.617,-69.037],[-118.469,-68.935],[-117.332,-68.826],[-116.206,-68.709]]}},{"type":"Feature","properties":{"boundary_type":"transform","feature_type":"gpml:Transform","polarity":null,"overriding_plate_id":null,"subducting_plate_id":null,"plate_ids":[301,926],"name":"Borneo transform"},"geometry":{"type":"LineString","coordinates":[[135.264,-0.846],[135.429,-1.195],[135.594,-1.544]]}},{"type":"Feature","properties":{"boundary_type":"subduction","feature_type":"gpml:SubductionZone","polarity":"Left","overriding_plate_id":787,"subducting_plate_id":926,"plate_ids":[787,926],"name":"Barito Sea Subduction"},"geometry":{"type":"LineString","coordinates":[[117.032,-9.823],[117.412,-9.509],[117.791,-9.194],[118.17,-8.879],[118.549,-8.564],[118.851,-8.304],[119.153,-8.044],[119.455,-7.783],[119.756,-7.523],[119.96,-7.101],[120.164,-6.68],[120.368,-6.258],[120.571,-5.836],[120.773,-5.414],[120.976,-4.992],[121.178,-4.57],[121.496,-4.299],[121.814,-4.028],[122.132,-3.756],[122.449,-3.484],[122.767,-3.213],[123.182,-3.008]]}},{"type":"Feature","properties":{"boundary_type":"ridge","feature_type":"gpml:MidOceanRidge","polarity":null,"overriding_plate_id":null,"subducting_plate_id":null,"plate_ids":[801,926],"name":"Tethys-Izanagi MOR"},"geometry":{"type":"LineString","coordinates":[[140.393,-13.984],[140.685,-13.808],[141.116,-13.639],[141.547,-13.47],[141.977,-13.3],[142.406,-13.13],[142.835,-12.959],[143.263,-12.787],[143.691,-12.614],[144.148,-12.437],[144.604,-12.259],[145.059,-12.08],[145.514,-11.901],[145.969,-11.721],[146.423,-11.54],[146.876,-11.358],[147.329,-11.176],[147.781,-10.993],[148.232,-10.81],[148.683,-10.625],[149.134,-10.441],[149.432,-10.801],[149.732,-11.162],[150.186,-10.982],[150.64,-10.803],[151.093,-10.622],[151.546,-10.441],[151.998,-10.259],[152.45,-10.077],[152.901,-9.894],[153.352,-9.71],[153.802,-9.526],[153.839,-9.509]]}},{"type":"Feature","properties":{"boundary_type":"transform","feature_type":"gpml:Transform","polarity":null,"overriding_plate_id":null,"subducting_plate_id":null,"plate_ids":[801,926],"name":"Australia-Izanagi transform"},"geometry":{"type":"LineString","coordinates":[[140.393,-13.984],[140.018,-13.834],[139.643,-13.684],[139.269,-13.534],[138.895,-13.383],[138.418,-13.231],[137.941,-13.079],[137.465,-12.926],[136.989,-12.772],[136.514,-12.618],[136.04,-12.462],[135.566,-12.306],[135.093,-12.149],[134.62,-11.991],[134.148,-11.832],[133.677,-11.672],[133.206,-11.512],[132.759,-11.425],[132.313,-11.337],[131.867,-11.249],[131.421,-11.16],[130.976,-11.071]]}},{"type":"Feature","properties":{"boundary_type":"transform","feature_type":"gpml:Transform","polarity":null,"overriding_plate_id":null,"subducting_plate_id":null,"plate_ids":[501,926],"name":"Australia-Izanagi transform"},"geometry":{"type":"LineString","coordinates":[[130.976,-11.071],[130.507,-10.976],[130.039,-10.88],[129.571,-10.784],[129.103,-10.687],[128.636,-10.589]]}},{"type":"Feature","properties":{"boundary_type":"ridge","feature_type":"gpml:MidOceanRidge","polarity":null,"overriding_plate_id":null,"subducting_plate_id":null,"plate_ids":[101,201],"name":"TBD: Proto-Caribbean spreading"},"geometry":{"type":"LineString","coordinates":[[-50.127,11.236],[-49.723,11.507],[-49.318,11.777],[-48.912,12.046],[-48.506,12.315],[-48.099,12.583],[-47.691,12.85],[-47.282,13.117],[-46.872,13.383],[-46.461,13.649],[-46.05,13.914],[-45.637,14.178],[-45.224,14.442],[-44.809,14.704],[-44.394,14.967],[-43.977,15.228],[-43.559,15.488],[-43.141,15.748],[-42.721,16.007],[-42.3,16.265],[-41.878,16.522],[-41.455,16.779],[-41.193,16.436],[-40.932,16.093],[-40.672,15.749],[-40.413,15.405],[-39.997,15.682],[-39.581,15.959],[-39.163,16.234],[-38.744,16.509],[-38.323,16.783],[-37.902,17.056],[-37.479,17.329],[-37.055,17.6],[-36.63,17.87],[-36.203,18.14],[-35.776,18.408],[-35.346,18.676],[-34.916,18.943],[-34.499,19.212],[-34.081,19.48],[-33.661,19.747],[-33.24,20.013],[-32.817,20.278],[-32.393,20.542],[-31.968,20.805]]}},{"type":"Feature","properties":{"boundary_type":"subduction","feature_type":"gpml:SubductionZone","polarity":"Right","overriding_plate_id":224,"subducting_plate_id":902,"plate_ids":[224,902],"name":"TBD"},"geometry":{"type":"LineString","coordinates":[[-62.148,14.264],[-61.761,14.263],[-61.383,14.242],[-61.005,14.222]]}},{"type":"Feature","properties":{"boundary_type":"subduction","feature_type":"gpml:SubductionZone","polarity":"Right","overriding_plate_id":224,"subducting_plate_id":101,"plate_ids":[101,224],"name":"TBD"},"geometry":{"type":"LineString","coordinates":[[-61.005,14.222],[-60.587,14.198],[-60.169,14.173],[-59.752,14.148],[-59.335,14.122],[-58.918,14.095],[-58.473,14.007],[-58.029,13.919],[-57.585,13.83],[-57.142,13.74],[-56.699,13.649],[-56.256,13.557],[-55.814,13.465],[-55.351,13.317],[-54.888,13.169],[-54.426,13.02],[-53.965,12.87],[-53.503,12.719],[-53.043,12.568],[-52.583,12.415],[-52.124,12.262],[-51.723,12.058],[-51.323,11.854],[-50.924,11.648],[-50.525,11.443],[-50.127,11.236]]}},{"type":"Feature","properties":{"boundary_type":"subduction","feature_type":"gpml:SubductionZone","polarity":"Right","overriding_plate_id":224,"subducting_plate_id":201,"plate_ids":[201,224],"name":"TBD"},"geometry":{"type":"LineString","coordinates":[[-50.127,11.236],[-49.764,11.047],[-49.401,10.858],[-49.039,10.669],[-48.678,10.479],[-48.317,10.288],[-47.985,9.984],[-47.654,9.679],[-47.324,9.374],[-46.994,9.068],[-46.665,8.762],[-46.336,8.456],[-46.008,8.15],[-45.68,7.843],[-45.353,7.537],[-45.121,7.2],[-44.889,6.863],[-44.657,6.526],[-44.418,6.228],[-44.179,5.931],[-43.94,5.633],[-43.892,5.547]]}},{"type":"Feature","properties":{"boundary_type":"transform","feature_type":"gpml:Transform","polarity":null,"overriding_plate_id":null,"subducting_plate_id":null,"plate_ids":[224,902],"name":"TBD: Transform"},"geometry":{"type":"LineString","coordinates":[[-71.115,4.936],[-70.654,5.128],[-70.192,5.32],[-69.73,5.512],[-69.268,5.703],[-68.806,5.894],[-68.343,6.084],[-67.88,6.274],[-67.416,6.464],[-66.953,6.653],[-66.489,6.842],[-66.024,7.031],[-65.559,7.219],[-65.094,7.406],[-64.628,7.593],[-64.162,7.78],[-63.696,7.966],[-63.229,8.151],[-63.147,8.622],[-63.065,9.092],[-62.983,9.562],[-62.901,10.032],[-62.818,10.503],[-62.736,10.973],[-62.653,11.443],[-62.569,11.913],[-62.486,12.384],[-62.402,12.854],[-62.318,13.324],[-62.233,13.794],[-62.148,14.264]]}},{"type":"Feature","properties":{"boundary_type":"other","feature_type":"gpml:UnclassifiedFeature","polarity":null,"overriding_plate_id":null,"subducting_plate_id":null,"plate_ids":[224,902],"name":"TBD: Unknown Boundary"},"geometry":{"type":"LineString","coordinates":[[-57.509,-13.735],[-57.979,-13.577],[-58.449,-13.418],[-58.917,-13.258],[-59.385,-13.097],[-59.853,-12.935],[-60.319,-12.773],[-60.786,-12.609],[-61.251,-12.445],[-61.612,-12.133],[-61.972,-11.821],[-62.33,-11.508],[-62.689,-11.194],[-63.046,-10.881],[-63.402,-10.566],[-63.758,-10.252],[-64.113,-9.937],[-64.468,-9.621],[-64.822,-9.306],[-65.175,-8.99],[-65.527,-8.673],[-65.879,-8.356],[-66.231,-8.039],[-66.309,-7.581],[-66.388,-7.123],[-66.466,-6.665],[-66.544,-6.206],[-66.623,-5.748],[-66.7,-5.29],[-66.778,-4.831],[-66.856,-4.373],[-66.934,-3.914],[-67.011,-3.456],[-67.089,-2.998],[-67.166,-2.539],[-67.243,-2.081],[-67.494,-1.667],[-67.744,-1.254],[-67.995,-0.84],[-68.245,-0.426],[-68.496,-0.012],[-68.746,0.401],[-68.996,0.815],[-69.247,1.229],[-69.497,1.642],[-69.748,2.056],[-69.998,2.47],[-70.249,2.883],[-70.5,3.297],[-70.654,3.707],[-70.807,4.116],[-70.961,4.526],[-71.115,4.936]]}},{"type":"Feature","properties":{"boundary_type":"transform","feature_type":"gpml:Transform","polarity":null,"overriding_plate_id":null,"subducting_plate_id":null,"plate_ids":[224,902],"name":"TBD: Transform"},"geometry":{"type":"LineString","coordinates":[[-57.509,-13.735],[-57.147,-13.461],[-56.785,-13.186],[-56.425,-12.91],[-56.065,-12.634],[-55.705,-12.357],[-55.347,-12.08],[-54.989,-11.803],[-54.615,-11.527],[-54.241,-11.25],[-53.867,-10.973],[-53.495,-10.695],[-53.123,-10.417],[-52.752,-10.138],[-52.382,-9.859],[-52.012,-9.58],[-51.678,-9.238],[-51.345,-8.896],[-51.012,-8.554],[-50.68,-8.211],[-50.348,-7.868],[-50.018,-7.525],[-49.687,-7.181],[-49.357,-6.838],[-49.028,-6.494]]}},{"type":"Feature","properties":{"boundary_type":"transform","feature_type":"gpml:Transform","polarity":null,"overriding_plate_id":null,"subducting_plate_id":null,"plate_ids":[201,224],"name":"TBD: Transform"},"geometry":{"type":"LineString","coordinates":[[-49.028,-6.494],[-48.96,-6.423],[-48.716,-5.989],[-48.472,-5.554],[-48.228,-5.12],[-47.985,-4.685],[-47.742,-4.25],[-47.499,-3.815],[-47.257,-3.381],[-47.014,-2.946],[-46.772,-2.511],[-46.53,-2.076],[-46.289,-1.64],[-46.047,-1.205],[-45.838,-0.821],[-45.628,-0.437],[-45.419,-0.053],[-45.21,0.331],[-45.0,0.716],[-44.791,1.1],[-44.701,1.544],[-44.612,1.989],[-44.522,2.434],[-44.432,2.879],[-44.343,3.323],[-44.253,3.768],[-44.163,4.213],[-44.073,4.657],[-43.983,5.102],[-43.892,5.547]]}},{"type":"Feature","properties":{"boundary_type":"subduction","feature_type":"gpml:SubductionZone","polarity":"Left","overriding_plate_id":101,"subducting_plate_id":902,"plate_ids":[101,902],"name":""},"geometry":{"type":"LineString","coordinates":[[-63.043,21.314],[-62.947,20.943],[-62.852,20.572],[-62.726,20.145],[-62.601,19.718],[-62.476,19.29],[-62.352,18.862],[-62.229,18.435],[-62.106,18.007],[-61.984,17.579],[-61.862,17.151],[-61.722,16.755],[-61.583,16.358],[-61.444,15.962],[-61.306,15.565],[-61.168,15.168],[-61.03,14.771],[-61.017,14.496],[-61.005,14.222]]}},{"type":"Feature","properties":{"boundary_type":"ridge","feature_type":"gpml:MidOceanRidge","polarity":null,"overriding_plate_id":null,"subducting_plate_id":null,"plate_ids":[908,919],"name":"Northeast Manihiki-Southeast Manihiki"},"geometry":{"type":"LineString","coordinates":[[-97.068,-50.479],[-96.513,-50.819],[-95.95,-51.157],[-95.379,-51.492],[-94.8,-51.825],[-94.209,-51.502],[-93.628,-51.176],[-93.054,-50.847],[-92.488,-50.516],[-91.931,-50.182],[-91.381,-49.845],[-90.839,-49.506],[-90.304,-49.164],[-89.776,-48.819],[-89.256,-48.473],[-88.743,-48.124],[-88.237,-47.773],[-87.738,-47.419],[-87.226,-47.73],[-86.708,-48.039],[-86.184,-48.345],[-85.653,-48.649],[-85.116,-48.951],[-84.573,-49.249],[-84.023,-49.546],[-83.466,-49.84],[-82.903,-50.131],[-82.332,-50.419],[-81.755,-50.704],[-81.171,-50.987],[-80.579,-51.266],[-79.981,-51.543],[-79.559,-51.164],[-79.145,-50.783],[-78.737,-50.401],[-78.336,-50.017],[-77.941,-49.632],[-77.552,-49.246],[-77.17,-48.859],[-76.793,-48.47],[-76.422,-48.08],[-76.057,-47.689],[-75.697,-47.296],[-75.342,-46.903],[-74.673,-47.106],[-73.998,-47.304],[-73.318,-47.499],[-72.634,-47.689],[-71.944,-47.876],[-71.249,-48.058],[-70.55,-48.236],[-69.846,-48.41],[-69.137,-48.579],[-68.423,-48.744],[-67.704,-48.905],[-66.981,-49.061],[-66.254,-49.213],[-65.522,-49.36],[-64.786,-49.502],[-64.046,-49.64],[-63.301,-49.773],[-62.552,-49.901],[-61.8,-50.024],[-61.044,-50.143],[-60.979,-49.695],[-60.916,-49.247],[-60.854,-48.799],[-60.793,-48.35],[-60.733,-47.902],[-60.674,-47.454],[-60.616,-47.006],[-60.559,-46.557],[-59.835,-46.55],[-59.111,-46.538],[-58.387,-46.521],[-57.664,-46.5],[-56.941,-46.474],[-56.219,-46.444],[-55.498,-46.409],[-54.778,-46.369],[-54.059,-46.326],[-53.341,-46.277],[-52.625,-46.224],[-51.91,-46.167],[-51.196,-46.105],[-50.484,-46.039],[-49.774,-45.968],[-49.066,-45.893],[-48.36,-45.814],[-47.656,-45.73],[-46.954,-45.642],[-46.254,-45.55],[-45.557,-45.453],[-44.862,-45.352]]}},{"type":"Feature","properties":{"boundary_type":"ridge","feature_type":"gpml:MidOceanRidge","polarity":null,"overriding_plate_id":null,"subducting_plate_id":null,"plate_ids":[919,982],"name":"Manihiki-Southeast Manihiki MOR"},"geometry":{"type":"LineString","coordinates":[[-103.715,-53.189],[-103.15,-52.981],[-102.59,-52.771],[-102.035,-52.558],[-101.486,-52.342],[-100.869,-52.099],[-100.258,-51.854],[-99.655,-51.605],[-99.057,-51.353],[-98.467,-51.098],[-97.883,-50.84],[-97.305,-50.579]]}},{"type":"Feature","properties":{"boundary_type":"ridge","feature_type":"gpml:MidOceanRidge","polarity":null,"overriding_plate_id":null,"subducting_plate_id":null,"plate_ids":[908,919],"name":"Manihiki-Southeast Manihiki MOR"},"geometry":{"type":"LineString","coordinates":[[-97.305,-50.579],[-97.214,-50.537],[-97.068,-50.479]]}},{"type":"Feature","properties":{"boundary_type":"ridge","feature_type":"gpml:MidOceanRidge","polarity":null,"overriding_plate_id":null,"subducting_plate_id":null,"plate_ids":[901,983],"name":"Manihiki MOR"},"geometry":{"type":"LineString","coordinates":[[-137.7,-45.926],[-137.118,-46.015],[-136.533,-46.101],[-135.946,-46.183]]}},{"type":"Feature","properties":{"boundary_type":"ridge","feature_type":"gpml:MidOceanRidge","polarity":null,"overriding_plate_id":null,"subducting_plate_id":null,"plate_ids":[982,983],"name":"Manihiki MOR"},"geometry":{"type":"LineString","coordinates":[[-135.946,-46.183],[-135.284,-46.273],[-134.619,-46.359],[-133.952,-46.441],[-133.283,-46.519],[-132.612,-46.593],[-131.939,-46.664],[-131.265,-46.73],[-130.589,-46.792],[-129.912,-46.851],[-129.233,-46.905],[-128.553,-46.956],[-127.871,-47.002],[-127.189,-47.044],[-127.182,-47.515],[-127.176,-47.985],[-127.17,-48.456],[-127.163,-48.926],[-127.157,-49.397],[-127.15,-49.867],[-127.143,-50.338],[-127.136,-50.808],[-127.129,-51.279],[-126.332,-51.304],[-125.535,-51.323],[-124.738,-51.337],[-123.94,-51.345],[-123.141,-51.348],[-122.343,-51.345],[-121.545,-51.338],[-120.748,-51.324],[-120.672,-51.758],[-120.594,-52.191],[-120.515,-52.624],[-120.435,-53.058],[-120.352,-53.491],[-120.268,-53.924],[-120.183,-54.357],[-119.434,-54.317],[-118.686,-54.272],[-117.94,-54.223],[-117.197,-54.168],[-116.455,-54.11],[-115.685,-54.052],[-114.918,-53.989],[-114.154,-53.921],[-113.392,-53.848],[-112.632,-53.77],[-112.526,-54.105],[-112.417,-54.439],[-111.655,-54.362],[-110.896,-54.28],[-110.141,-54.193],[-109.388,-54.101],[-108.639,-54.005],[-107.893,-53.904],[-107.151,-53.799],[-106.413,-53.689],[-105.732,-53.596],[-105.054,-53.499],[-104.38,-53.398],[-103.708,-53.293]]}},{"type":"Feature","properties":{"boundary_type":"ridge","feature_type":"gpml:MidOceanRidge","polarity":null,"overriding_plate_id":null,"subducting_plate_id":null,"plate_ids":[919,982],"name":"South Pacific Triangle"},"geometry":{"type":"LineString","coordinates":[[-103.715,-53.189],[-103.708,-53.293]]}},{"type":"Feature","properties":{"boundary_type":"ridge","feature_type":"gpml:MidOceanRidge","polarity":null,"overriding_plate_id":null,"subducting_plate_id":null,"plate_ids":[919,983],"name":"South Pacific Triangle"},"geometry":{"type":"LineString","coordinates":[[-103.708,-53.293],[-103.678,-53.756],[-103.648,-54.219],[-103.616,-54.681],[-103.584,-55.144],[-103.552,-55.607],[-103.518,-56.069],[-103.484,-56.532],[-103.449,-56.995],[-103.413,-57.457],[-103.376,-57.92],[-103.338,-58.383],[-102.672,-58.325],[-102.008,-58.265],[-101.346,-58.201],[-101.282,-58.645],[-101.216,-59.09],[-101.149,-59.534],[-101.079,-59.979],[-101.008,-60.423],[-100.935,-60.867],[-100.859,-61.312],[-100.782,-61.756],[-100.702,-62.2],[-101.486,-62.277],[-102.274,-62.349],[-102.243,-62.793],[-102.212,-63.236],[-102.179,-63.679],[-102.146,-64.123],[-102.111,-64.566],[-102.075,-65.009],[-102.038,-65.453],[-102.0,-65.896],[-102.027,-66.38],[-102.055,-66.865],[-102.084,-67.349],[-102.114,-67.834],[-102.145,-68.318],[-102.178,-68.802],[-102.213,-69.287]]}},{"type":"Feature","properties":{"boundary_type":"ridge","feature_type":"gpml:MidOceanRidge","polarity":null,"overriding_plate_id":null,"subducting_plate_id":null,"plate_ids":[901,926],"name":"MOR Pacific-Farallon"},"geometry":{"type":"LineString","coordinates":[[-133.019,26.608],[-132.804,26.336]]}},{"type":"Feature","properties":{"boundary_type":"ridge","feature_type":"gpml:MidOceanRidge","polarity":null,"overriding_plate_id":null,"subducting_plate_id":null,"plate_ids":[901,902],"name":"MOR Pacific-Farallon"},"geometry":{"type":"LineString","coordinates":[[-132.804,26.336],[-132.492,25.937],[-132.181,25.537],[-131.872,25.137],[-131.545,24.741],[-131.219,24.345],[-130.896,23.948],[-130.575,23.55],[-130.255,23.151],[-129.938,22.752],[-129.622,22.353],[-129.308,21.952],[-128.996,21.551],[-128.686,21.15],[-128.377,20.748],[-128.07,20.345],[-127.764,19.942],[-127.46,19.539],[-127.158,19.134],[-126.857,18.73],[-126.558,18.325],[-126.259,17.919],[-125.963,17.513],[-125.667,17.107],[-125.373,16.7],[-125.08,16.292],[-124.789,15.885],[-124.498,15.477],[-124.209,15.068],[-123.921,14.659],[-123.633,14.25],[-123.347,13.84],[-123.062,13.431],[-122.778,13.02],[-122.495,12.61],[-122.213,12.199],[-121.931,11.788],[-121.651,11.377],[-121.371,10.965],[-121.092,10.553],[-120.814,10.141],[-120.536,9.729],[-120.259,9.316],[-119.983,8.903],[-119.708,8.49],[-119.433,8.077],[-119.158,7.664],[-118.884,7.25],[-118.611,6.836],[-118.188,7.072],[-117.765,7.308],[-117.341,7.543],[-116.917,7.777],[-116.493,8.011],[-116.259,7.575],[-116.026,7.139],[-115.793,6.703],[-115.56,6.266],[-115.328,5.83],[-115.097,5.393],[-114.865,4.956],[-114.634,4.52],[-114.403,4.083],[-114.173,3.646],[-113.943,3.209],[-113.712,2.772],[-113.483,2.335],[-113.253,1.897],[-113.645,1.668],[-114.038,1.438],[-114.431,1.208],[-114.823,0.978],[-115.216,0.748],[-115.608,0.519],[-115.338,0.116],[-115.068,-0.286],[-114.797,-0.688],[-114.527,-1.09],[-114.257,-1.492],[-113.986,-1.894],[-113.715,-2.296],[-113.445,-2.698],[-113.174,-3.1],[-112.903,-3.502],[-112.631,-3.904],[-112.36,-4.305],[-112.088,-4.707],[-111.815,-5.108],[-111.543,-5.51],[-111.27,-5.911],[-110.837,-5.681],[-110.405,-5.45],[-109.973,-5.219],[-109.542,-4.988],[-109.111,-4.756],[-108.68,-4.525],[-108.249,-4.293],[-107.819,-4.06],[-107.565,-4.452],[-107.311,-4.844],[-107.057,-5.235],[-106.802,-5.627],[-106.547,-6.018],[-106.292,-6.409],[-106.036,-6.8],[-105.78,-7.191],[-105.524,-7.582],[-105.267,-7.973],[-105.009,-8.363],[-104.751,-8.754],[-104.493,-9.144],[-104.088,-8.963],[-103.684,-8.781],[-103.28,-8.598],[-102.877,-8.416],[-102.474,-8.233],[-102.071,-8.049],[-101.669,-7.865],[-101.39,-8.271],[-101.11,-8.676],[-100.83,-9.081],[-100.549,-9.486],[-100.268,-9.89],[-99.986,-10.295],[-99.703,-10.699],[-99.419,-11.103],[-99.135,-11.507],[-98.849,-11.91],[-98.563,-12.313],[-98.276,-12.716],[-97.989,-13.118],[-97.7,-13.52],[-97.41,-13.922],[-97.119,-14.324],[-96.718,-14.132],[-96.317,-13.94],[-95.917,-13.748],[-95.517,-13.555],[-95.329,-13.996],[-95.14,-14.438],[-94.951,-14.88],[-94.76,-15.321],[-94.569,-15.762],[-94.377,-16.203],[-94.184,-16.644],[-93.99,-17.084],[-93.795,-17.525],[-93.599,-17.965],[-93.403,-18.405],[-93.205,-18.845],[-93.006,-19.285],[-92.807,-19.724],[-92.606,-20.163],[-92.404,-20.602],[-92.263,-20.925],[-92.122,-21.247]]}},{"type":"Feature","properties":{"boundary_type":"ridge","feature_type":"gpml:MidOceanRidge","polarity":null,"overriding_plate_id":null,"subducting_plate_id":null,"plate_ids":[901,983],"name":"MOR Ontong Java-Hikurangi"},"geometry":{"type":"LineString","coordinates":[[-137.7,-45.926],[-137.622,-46.404],[-137.542,-46.881],[-137.46,-47.359],[-137.377,-47.836],[-137.292,-48.313],[-137.206,-48.791],[-137.118,-49.268],[-137.029,-49.745],[-136.938,-50.222],[-136.844,-50.7],[-136.749,-51.176],[-136.652,-51.653],[-137.413,-51.721],[-138.175,-51.783],[-138.94,-51.841],[-139.706,-51.894],[-140.475,-51.941],[-140.558,-52.39],[-140.644,-52.838],[-140.731,-53.286],[-140.82,-53.735],[-140.911,-54.183],[-141.738,-54.174],[-142.564,-54.159],[-143.39,-54.139],[-144.215,-54.113],[-145.038,-54.081],[-145.861,-54.044],[-146.681,-54.001],[-147.5,-53.953],[-148.317,-53.899],[-149.132,-53.839],[-149.944,-53.774],[-149.788,-53.379],[-149.636,-52.983],[-149.486,-52.587],[-149.339,-52.191],[-150.132,-52.162],[-150.924,-52.129],[-151.715,-52.09],[-152.505,-52.045],[-153.292,-51.996],[-154.078,-51.941],[-154.862,-51.881],[-155.644,-51.816],[-156.423,-51.745],[-157.2,-51.67],[-157.974,-51.589],[-158.745,-51.503],[-159.513,-51.413],[-160.279,-51.317],[-161.04,-51.216],[-161.799,-51.111],[-162.218,-51.515],[-162.645,-51.918],[-163.08,-52.319],[-163.522,-52.719],[-163.973,-53.117],[-164.432,-53.514],[-165.181,-53.293],[-165.922,-53.067],[-166.656,-52.836],[-167.381,-52.601],[-168.099,-52.362],[-168.809,-52.119],[-169.511,-51.871],[-170.205,-51.619],[-170.892,-51.363],[-171.571,-51.103],[-172.242,-50.839],[-172.905,-50.571],[-173.562,-50.3],[-174.223,-50.037],[-174.878,-49.77],[-175.525,-49.5],[-176.165,-49.225],[-176.798,-48.948],[-177.423,-48.667],[-178.042,-48.382],[-178.654,-48.095],[-179.259,-47.804],[-179.858,-47.51],[179.533,-47.748],[178.918,-47.982],[178.297,-48.213],[177.67,-48.441],[177.039,-48.666],[176.401,-48.887],[175.758,-49.104],[175.109,-49.318],[174.455,-49.528],[173.795,-49.734],[173.129,-49.937],[172.458,-50.136],[171.781,-50.331]]}},{"type":"Feature","properties":{"boundary_type":"ridge","feature_type":"gpml:MidOceanRidge","polarity":null,"overriding_plate_id":null,"subducting_plate_id":null,"plate_ids":[902,908],"name":"MOR Chazca-Farallon"},"geometry":{"type":"LineString","coordinates":[[-75.898,-14.141],[-75.432,-14.082],[-74.965,-14.022],[-74.499,-13.96],[-74.033,-13.898],[-73.568,-13.835],[-73.102,-13.771],[-72.637,-13.706],[-72.172,-13.641],[-71.707,-13.574],[-71.243,-13.507],[-71.186,-14.001],[-71.128,-14.495],[-71.07,-14.989],[-71.012,-15.483],[-70.954,-15.977],[-70.895,-16.471],[-70.836,-16.965],[-70.777,-17.459],[-70.717,-17.953],[-70.203,-17.933],[-69.69,-17.912],[-69.176,-17.889],[-68.662,-17.865],[-68.149,-17.84],[-67.636,-17.813],[-67.122,-17.785],[-66.61,-17.755],[-66.097,-17.725],[-65.584,-17.693],[-65.072,-17.659],[-64.56,-17.624],[-64.047,-17.588],[-63.536,-17.551],[-63.024,-17.512],[-62.513,-17.472],[-62.002,-17.431],[-61.491,-17.389],[-60.98,-17.345],[-60.47,-17.299],[-59.959,-17.253],[-59.449,-17.205],[-58.94,-17.156],[-58.43,-17.106],[-57.921,-17.054],[-57.413,-17.001],[-57.311,-17.447],[-57.209,-17.893],[-57.106,-18.339],[-57.003,-18.784],[-56.899,-19.23],[-56.795,-19.675],[-56.69,-20.121],[-56.584,-20.566],[-56.478,-21.012],[-55.953,-20.942],[-55.427,-20.871],[-54.903,-20.798],[-54.379,-20.723],[-53.855,-20.647],[-53.332,-20.57],[-52.809,-20.491],[-52.287,-20.41],[-51.766,-20.328],[-51.245,-20.244],[-50.725,-20.158],[-50.205,-20.072],[-49.686,-19.983],[-49.167,-19.893],[-48.649,-19.802],[-48.132,-19.709],[-47.615,-19.615],[-47.099,-19.519],[-46.583,-19.421],[-46.068,-19.323],[-45.554,-19.222],[-45.04,-19.121],[-44.867,-19.559],[-44.694,-19.998],[-44.519,-20.436],[-44.055,-20.342],[-43.593,-20.247],[-43.13,-20.151],[-42.669,-20.054],[-42.208,-19.955],[-41.747,-19.855],[-41.288,-19.754],[-40.828,-19.652]]}},{"type":"Feature","properties":{"boundary_type":"ridge","feature_type":"gpml:MidOceanRidge","polarity":null,"overriding_plate_id":null,"subducting_plate_id":null,"plate_ids":[901,982],"name":"Ontong Java-Manihiki Ellice Basin"},"geometry":{"type":"LineString","coordinates":[[-100.175,-34.213],[-100.759,-34.162],[-101.342,-34.107],[-101.924,-34.05],[-102.506,-33.99],[-103.087,-33.927],[-103.666,-33.861],[-104.245,-33.793],[-104.795,-33.724],[-105.344,-33.652],[-105.892,-33.578],[-106.439,-33.502],[-106.985,-33.423],[-107.53,-33.341],[-108.074,-33.258],[-108.617,-33.172],[-109.159,-33.083],[-109.7,-32.992],[-110.239,-32.899],[-110.778,-32.804],[-111.315,-32.706],[-111.427,-33.076],[-111.541,-33.446],[-111.655,-33.816],[-111.77,-34.186],[-112.337,-34.33],[-112.906,-34.472],[-113.477,-34.612],[-114.049,-34.749],[-114.624,-34.883],[-115.2,-35.014],[-115.779,-35.143],[-116.359,-35.268],[-116.94,-35.391],[-117.524,-35.512],[-118.104,-35.613],[-118.685,-35.711],[-119.268,-35.806],[-119.852,-35.899],[-120.438,-35.989],[-121.025,-36.075],[-121.613,-36.159],[-122.202,-36.241],[-122.793,-36.319],[-123.385,-36.394],[-123.977,-36.467],[-124.571,-36.536],[-124.521,-36.858],[-124.943,-36.921],[-125.365,-36.982],[-125.788,-37.043],[-125.697,-37.43],[-125.605,-37.817],[-125.512,-38.204],[-125.418,-38.591],[-125.949,-38.671],[-126.481,-38.749],[-127.014,-38.824],[-127.548,-38.897],[-128.083,-38.968],[-128.619,-39.036],[-128.57,-39.344],[-128.52,-39.651],[-129.158,-39.709],[-129.797,-39.765],[-130.437,-39.816],[-131.078,-39.864],[-131.018,-40.254],[-130.959,-40.644],[-130.898,-41.033],[-130.837,-41.423],[-131.455,-41.479],[-132.074,-41.531],[-132.694,-41.58],[-133.315,-41.625],[-133.294,-42.063],[-133.273,-42.501],[-133.252,-42.939],[-133.792,-42.98],[-134.333,-43.018],[-134.875,-43.053],[-135.417,-43.086],[-135.399,-43.543],[-135.381,-43.999],[-135.362,-44.456],[-135.344,-44.912],[-135.324,-45.369],[-135.305,-45.825],[-135.625,-46.005],[-135.946,-46.183]]}},{"type":"Feature","properties":{"boundary_type":"ridge","feature_type":"gpml:MidOceanRidge","polarity":null,"overriding_plate_id":null,"subducting_plate_id":null,"plate_ids":[901,908],"name":"MOR Pacific-Chazca"},"geometry":{"type":"LineString","coordinates":[[-102.314,-25.924],[-101.788,-25.813],[-101.262,-25.701],[-100.738,-25.586],[-100.214,-25.47],[-99.692,-25.351],[-99.17,-25.231],[-98.65,-25.109],[-98.13,-24.986],[-97.612,-24.86],[-97.095,-24.733],[-96.579,-24.604],[-96.063,-24.473],[-95.549,-24.34],[-95.036,-24.206],[-94.524,-24.07],[-94.014,-23.932],[-93.504,-23.793],[-93.609,-23.45],[-93.714,-23.108],[-93.818,-22.765],[-93.981,-22.346],[-94.143,-21.926],[-93.636,-21.758],[-93.13,-21.589],[-92.625,-21.419],[-92.122,-21.247]]}},{"type":"Feature","properties":{"boundary_type":"ridge","feature_type":"gpml:MidOceanRidge","polarity":null,"overriding_plate_id":null,"subducting_plate_id":null,"plate_ids":[902,908],"name":"MOR Pacific-Chazca"},"geometry":{"type":"LineString","coordinates":[[-92.122,-21.247],[-91.688,-21.097],[-91.254,-20.946],[-90.821,-20.794],[-90.39,-20.641],[-89.975,-20.476],[-89.561,-20.309],[-89.148,-20.142],[-88.735,-19.974],[-88.324,-19.804],[-87.847,-19.62],[-87.371,-19.434],[-86.896,-19.248],[-86.422,-19.06],[-85.949,-18.87],[-85.478,-18.68],[-85.007,-18.488],[-84.538,-18.296],[-84.069,-18.102],[-83.602,-17.907],[-83.135,-17.711],[-82.67,-17.513],[-82.205,-17.315],[-81.742,-17.116],[-81.279,-16.915],[-80.818,-16.714],[-80.357,-16.511],[-79.907,-16.278],[-79.457,-16.045],[-79.009,-15.81],[-78.562,-15.574],[-78.115,-15.337],[-77.67,-15.1],[-77.226,-14.862],[-76.782,-14.622],[-76.34,-14.382],[-75.898,-14.141]]}},{"type":"Feature","properties":{"boundary_type":"ridge","feature_type":"gpml:MidOceanRidge","polarity":null,"overriding_plate_id":null,"subducting_plate_id":null,"plate_ids":[901,908],"name":"Northwest Manihiki MOR"},"geometry":{"type":"LineString","coordinates":[[-102.314,-25.924],[-102.188,-26.364],[-102.061,-26.803],[-101.933,-27.243],[-101.804,-27.682],[-101.674,-28.121],[-101.543,-28.56],[-101.411,-28.999],[-101.277,-29.438],[-101.143,-29.876],[-101.067,-30.25],[-100.99,-30.624],[-100.912,-30.998],[-100.81,-31.457],[-100.707,-31.917],[-100.603,-32.376],[-100.498,-32.836],[-100.391,-33.295],[-100.284,-33.754],[-100.175,-34.213]]}},{"type":"Feature","properties":{"boundary_type":"ridge","feature_type":"gpml:MidOceanRidge","polarity":null,"overriding_plate_id":null,"subducting_plate_id":null,"plate_ids":[908,982],"name":"Northwest Manihiki MOR"},"geometry":{"type":"LineString","coordinates":[[-100.175,-34.213],[-100.092,-34.563],[-100.008,-34.913],[-100.439,-35.041],[-100.872,-35.168],[-101.306,-35.293],[-101.741,-35.416],[-101.535,-35.873],[-101.327,-36.329],[-101.116,-36.785],[-100.903,-37.241],[-101.374,-37.37],[-101.847,-37.498],[-101.643,-37.94],[-101.436,-38.383],[-101.227,-38.824],[-101.015,-39.266],[-100.8,-39.707],[-100.583,-40.148],[-100.363,-40.588],[-100.139,-41.028],[-100.653,-41.201],[-101.17,-41.371],[-100.902,-41.826],[-100.629,-42.281],[-100.353,-42.735],[-100.073,-43.188],[-99.788,-43.641],[-99.499,-44.093],[-99.206,-44.544],[-98.908,-44.994],[-98.605,-45.444],[-98.298,-45.893],[-97.985,-46.341],[-98.533,-46.532],[-99.084,-46.721],[-99.639,-46.907],[-100.198,-47.09],[-99.876,-47.527],[-99.547,-47.963],[-99.214,-48.398],[-98.874,-48.833],[-98.529,-49.266],[-98.177,-49.698],[-97.89,-49.992],[-97.599,-50.286],[-97.305,-50.579]]}},{"type":"Feature","properties":{"boundary_type":"ridge","feature_type":"gpml:MidOceanRidge","polarity":null,"overriding_plate_id":null,"subducting_plate_id":null,"plate_ids":[902,926],"name":"MOR Farallon-Izanagi"},"geometry":{"type":"LineString","coordinates":[[-132.804,26.336],[-132.492,26.67],[-132.178,27.003],[-131.862,27.336],[-131.544,27.667],[-131.225,27.998],[-130.903,28.329],[-130.598,28.728],[-130.291,29.126],[-129.981,29.524],[-129.669,29.921],[-129.355,30.317],[-129.038,30.712],[-128.718,31.107],[-128.396,31.501],[-128.071,31.894],[-127.743,32.286],[-127.413,32.678],[-127.079,33.068],[-126.743,33.458],[-127.092,33.807],[-127.444,34.155],[-127.799,34.502],[-128.158,34.849],[-128.519,35.194],[-128.184,35.587],[-127.846,35.978],[-127.505,36.369],[-127.16,36.759],[-126.812,37.148],[-126.46,37.536],[-126.105,37.923],[-125.746,38.309],[-125.382,38.694],[-125.015,39.077],[-124.644,39.459],[-124.269,39.841],[-123.89,40.221],[-124.271,40.512],[-124.655,40.801],[-125.042,41.089],[-125.433,41.376],[-125.827,41.662],[-125.751,42.142],[-125.674,42.622],[-125.595,43.102],[-125.515,43.582],[-125.434,44.061],[-125.352,44.541],[-125.268,45.021],[-125.183,45.5],[-125.096,45.98],[-125.008,46.459],[-124.918,46.939],[-124.827,47.418],[-124.734,47.897],[-124.639,48.376],[-124.542,48.856],[-124.444,49.335],[-124.343,49.813],[-124.241,50.292],[-124.136,50.771],[-124.841,50.877],[-125.549,50.978],[-126.26,51.075],[-126.973,51.167],[-127.69,51.256],[-128.409,51.34],[-129.131,51.419],[-129.855,51.494],[-129.706,51.968],[-129.554,52.441],[-129.398,52.914],[-129.239,53.386],[-129.076,53.859],[-128.909,54.331],[-128.739,54.803],[-128.565,55.275],[-128.386,55.747],[-128.203,56.218],[-128.016,56.689],[-127.824,57.16],[-127.626,57.63],[-127.424,58.1],[-127.216,58.57],[-127.003,59.04],[-126.784,59.509],[-126.558,59.977],[-126.326,60.446],[-126.087,60.914],[-125.842,61.381],[-125.588,61.848],[-125.327,62.315],[-125.058,62.781],[-124.78,63.246],[-124.492,63.711],[-124.09,64.165],[-123.674,64.619],[-123.243,65.071],[-122.798,65.522],[-122.338,65.971],[-121.861,66.419],[-121.366,66.866],[-120.853,67.311],[-120.321,67.754],[-119.768,68.196],[-119.194,68.635],[-118.597,69.073],[-117.975,69.508],[-117.328,69.941],[-116.653,70.372],[-115.95,70.8],[-115.215,71.225],[-114.448,71.647],[-113.647,72.066]]}},{"type":"Feature","properties":{"boundary_type":"ridge","feature_type":"gpml:MidOceanRidge","polarity":null,"overriding_plate_id":null,"subducting_plate_id":null,"plate_ids":[101,304],"name":"IB_NFLND_Exhumed_Mantle"},"geometry":{"type":"LineString","coordinates":[[-2.549,31.803],[-2.211,32.084],[-1.872,32.364],[-1.56,32.733],[-1.227,33.089],[-0.999,33.489],[-0.79,33.801],[-0.626,34.221],[-0.427,34.643],[-0.291,34.728],[-0.132,34.977],[0.059,35.17],[0.313,35.377],[0.595,35.657],[0.988,35.938],[1.186,36.171],[1.258,36.23],[1.37,36.427],[1.442,36.55],[1.539,36.657],[1.737,36.86],[1.91,37.11],[2.032,37.207],[2.099,37.29],[2.26,37.406],[2.405,37.427],[2.528,37.563],[2.641,37.65],[2.831,37.905],[2.866,37.931]]}},{"type":"Feature","properties":{"boundary_type":"ridge","feature_type":"gpml:MidOceanRidge","polarity":null,"overriding_plate_id":null,"subducting_plate_id":null,"plate_ids":[101,301],"name":"PorucpineMOR"},"geometry":{"type":"LineString","coordinates":[[-3.523,44.935],[-3.515,44.918],[-3.387,44.783],[-3.276,44.625],[-3.115,44.51],[-2.925,44.394],[-2.742,44.26],[-2.476,44.174],[-2.184,44.114],[-1.978,44.036],[-1.525,43.921],[-1.131,43.689],[-0.799,43.529],[-0.392,43.307],[-0.06,43.074],[0.208,42.822],[0.421,42.558],[0.619,42.237],[0.85,41.914],[1.048,41.643],[1.245,41.397],[1.389,41.25],[1.571,41.056],[1.679,40.87],[1.835,40.651],[1.942,40.357],[2.083,39.998],[2.118,39.715],[2.108,39.387],[2.162,39.136],[2.213,38.988],[2.263,38.839],[2.352,38.657],[2.581,38.442],[2.705,38.176],[2.866,37.931]]}},{"type":"Feature","properties":{"boundary_type":"ridge","feature_type":"gpml:MidOceanRidge","polarity":null,"overriding_plate_id":null,"subducting_plate_id":null,"plate_ids":[301,304],"name":"PorucpineMOR"},"geometry":{"type":"LineString","coordinates":[[2.866,37.931],[3.083,37.597],[3.298,37.263],[3.449,37.12]]}},{"type":"Feature","properties":{"boundary_type":"subduction","feature_type":"gpml:SubductionZone","polarity":"Right","overriding_plate_id":201,"subducting_plate_id":802,"plate_ids":[201,802],"name":"South America trench taken from COB file"},"geometry":{"type":"LineString","coordinates":[[-41.878,-58.228],[-42.603,-57.97],[-42.589,-57.945],[-42.653,-57.922],[-42.921,-57.802],[-43.05,-57.714],[-43.251,-57.592],[-43.599,-57.374],[-43.825,-57.234],[-44.065,-57.056],[-44.331,-56.966]]}},{"type":"Feature","properties":{"boundary_type":"subduction","feature_type":"gpml:SubductionZone","polarity":"Right","overriding_plate_id":201,"subducting_plate_id":919,"plate_ids":[201,919],"name":"South America trench taken from COB file"},"geometry":{"type":"LineString","coordinates":[[-44.331,-56.966],[-44.435,-56.931],[-45.04,-56.75],[-45.302,-56.693],[-45.787,-56.53],[-46.069,-56.301],[-46.347,-56.072],[-46.651,-55.614],[-46.947,-55.155],[-47.079,-54.874],[-47.209,-54.592],[-47.298,-54.321],[-47.385,-54.049],[-47.415,-53.764],[-47.445,-53.479],[-47.335,-53.063],[-47.227,-52.648],[-47.121,-52.232],[-47.183,-51.856],[-47.244,-51.479],[-47.359,-51.115],[-47.472,-50.75],[-47.305,-50.296],[-47.141,-49.842],[-46.71,-49.573],[-46.283,-49.302],[-45.629,-49.135],[-45.475,-48.696],[-45.302,-48.335],[-45.207,-48.075],[-45.112,-47.814],[-45.059,-47.499],[-45.101,-47.279],[-45.185,-47.012],[-45.234,-46.765],[-45.301,-46.424],[-45.144,-46.087],[-45.013,-45.726],[-44.924,-45.5],[-44.862,-45.352]]}},{"type":"Feature","properties":{"boundary_type":"subduction","feature_type":"gpml:SubductionZone","polarity":"Right","overriding_plate_id":201,"subducting_plate_id":908,"plate_ids":[201,908],"name":"South America trench taken from COB file"},"geometry":{"type":"LineString","coordinates":[[-44.862,-45.352],[-44.763,-45.117],[-44.713,-44.9],[-44.64,-44.636],[-44.578,-44.39],[-44.491,-44.047],[-44.405,-43.703],[-44.32,-43.359],[-44.261,-43.033],[-44.189,-42.771],[-44.118,-42.508],[-44.044,-42.207],[-44.034,-41.938],[-44.023,-41.669],[-44.012,-41.438],[-43.884,-41.049],[-43.736,-40.645],[-43.64,-40.403],[-43.545,-40.161],[-43.485,-39.682],[-43.346,-39.248],[-43.19,-38.891],[-43.037,-38.534],[-42.884,-38.176],[-42.733,-37.819],[-42.509,-37.427],[-42.287,-37.034],[-42.068,-36.641],[-41.851,-36.248],[-41.636,-35.854],[-41.423,-35.46],[-41.212,-35.066],[-41.121,-34.588],[-41.031,-34.109],[-40.942,-33.63],[-40.854,-33.152],[-40.767,-32.673],[-40.681,-32.194],[-40.596,-31.715],[-40.511,-31.236],[-40.428,-30.757],[-40.282,-30.364],[-40.137,-29.97],[-39.993,-29.576],[-39.851,-29.182],[-39.709,-28.788],[-39.631,-28.329],[-39.553,-27.87],[-39.476,-27.411],[-39.4,-26.952],[-39.324,-26.493],[-39.249,-26.034],[-39.174,-25.575],[-39.1,-25.115],[-39.042,-24.706],[-38.984,-24.296],[-38.927,-23.886],[-39.003,-23.448],[-39.078,-23.011],[-39.072,-22.669],[-39.066,-22.327],[-39.214,-21.899],[-39.362,-21.471],[-39.636,-21.045],[-39.908,-20.619],[-40.216,-20.297],[-40.523,-19.975],[-40.828,-19.652]]}},{"type":"Feature","properties":{"boundary_type":"subduction","feature_type":"gpml:SubductionZone","polarity":"Right","overriding_plate_id":201,"subducting_plate_id":902,"plate_ids":[201,902],"name":"South America trench taken from COB file"},"geometry":{"type":"LineString","coordinates":[[-40.828,-19.652],[-41.176,-19.282],[-41.522,-18.912],[-41.975,-18.681],[-42.427,-18.45],[-42.759,-18.105],[-43.089,-17.76],[-43.418,-17.414],[-43.746,-17.067],[-44.073,-16.72],[-44.398,-16.373],[-44.722,-16.025],[-45.045,-15.677],[-45.367,-15.328],[-45.602,-14.924],[-45.836,-14.521],[-46.069,-14.117],[-46.301,-13.713],[-46.533,-13.309],[-46.764,-12.904],[-46.993,-12.5],[-47.223,-12.095],[-47.451,-11.69],[-47.679,-11.284],[-47.906,-10.879],[-48.063,-10.422],[-48.22,-9.964],[-48.375,-9.506],[-48.531,-9.049],[-48.686,-8.591],[-48.841,-8.133],[-48.995,-7.675],[-49.149,-7.217],[-49.089,-6.855],[-49.028,-6.494]]}},{"type":"Feature","properties":{"boundary_type":"other","feature_type":"gpml:ContinentalRift","polarity":null,"overriding_plate_id":null,"subducting_plate_id":null,"plate_ids":[101,301],"name":"North America - Greenland rift"},"geometry":{"type":"LineString","coordinates":[[26.04,64.352],[25.893,64.274],[25.517,63.925],[25.149,63.575],[24.79,63.224],[24.441,62.872],[23.879,62.468],[23.333,62.061],[22.801,61.653],[22.283,61.242],[21.968,60.886],[21.66,60.53],[21.359,60.173],[21.065,59.815],[21.124,59.437],[21.181,59.058],[21.059,58.649],[20.94,58.239],[20.824,57.829],[20.575,57.493],[20.331,57.157],[20.091,56.82],[19.583,56.476],[19.084,56.13],[18.594,55.781],[17.994,55.549],[17.401,55.314],[16.815,55.076],[16.242,54.838],[15.676,54.597],[15.117,54.353],[14.564,54.107],[13.971,53.958],[13.383,53.805],[12.798,53.649],[12.218,53.491],[11.435,53.447],[10.653,53.399],[9.873,53.345],[9.095,53.286],[8.621,53.029],[8.152,52.77],[7.689,52.51],[7.232,52.247],[6.668,51.917],[6.113,51.585],[5.566,51.249],[5.028,50.912],[4.549,50.61],[4.077,50.307],[3.611,50.001],[3.151,49.694],[2.771,49.436],[2.394,49.176],[2.022,48.916],[1.673,48.582],[1.328,48.248],[0.827,47.96],[0.415,47.677],[0.008,47.393],[-0.395,47.107],[-0.794,46.82],[-1.259,46.48],[-1.718,46.138],[-2.171,45.794],[-2.626,45.509],[-3.077,45.223],[-3.523,44.935]]}},{"type":"Feature","properties":{"boundary_type":"other","feature_type":"gpml:ExtendedContinentalCrust","polarity":null,"overriding_plate_id":null,"subducting_plate_id":null,"plate_ids":[714,715],"name":"North African Basins, Eastern Boundary"},"geometry":{"type":"LineString","coordinates":[[14.58,-3.829],[14.581,-3.679],[14.578,-3.255],[14.576,-2.831],[14.574,-2.407],[14.572,-1.983],[14.876,-1.822],[15.181,-1.661],[15.485,-1.5],[15.747,-1.292],[16.01,-1.084],[16.272,-0.876],[16.495,-0.588],[16.718,-0.3],[16.743,0.033],[16.768,0.367],[16.793,0.7],[16.71,1.107],[16.628,1.513],[16.546,1.92],[16.459,2.281],[16.373,2.643],[16.286,3.004],[16.206,3.476],[16.126,3.948],[16.046,4.42],[16.208,4.843],[16.371,5.266],[16.254,5.54],[16.136,5.813],[16.139,6.213],[16.141,6.612],[16.143,7.012],[16.078,7.438],[16.014,7.864],[15.948,8.289],[16.385,8.418],[16.822,8.547],[17.259,8.675],[17.661,8.605],[18.062,8.535],[18.464,8.464],[18.841,8.556],[19.218,8.648],[19.596,8.739],[19.974,8.83],[20.478,8.795],[20.982,8.76],[21.462,8.643],[21.943,8.525],[22.423,8.407],[22.903,8.288],[23.281,8.394],[23.66,8.499],[24.039,8.603],[24.418,8.708],[24.818,8.644],[25.218,8.579],[25.655,8.701],[26.093,8.822],[26.532,8.943],[26.676,9.359],[26.821,9.776],[26.966,10.192],[27.112,10.608],[27.257,11.025],[27.034,11.311],[26.809,11.597],[26.584,11.883],[26.462,12.296],[26.339,12.709],[26.216,13.122],[26.35,13.542],[26.485,13.963],[26.62,14.384],[26.756,14.805],[26.892,15.225],[27.249,15.585],[27.608,15.943]]}},{"type":"Feature","properties":{"boundary_type":"other","feature_type":"gpml:ExtendedContinentalCrust","polarity":null,"overriding_plate_id":null,"subducting_plate_id":null,"plate_ids":[701,715],"name":"Central African Rifts, Southern Boundary"},"geometry":{"type":"LineString","coordinates":[[20.129,-6.737],[20.625,-6.731],[21.12,-6.724],[21.616,-6.717],[22.112,-6.709],[22.58,-6.635],[23.048,-6.56],[23.515,-6.485],[23.983,-6.41],[24.45,-6.334],[24.865,-6.44],[25.28,-6.545],[25.696,-6.65],[26.111,-6.755],[26.401,-7.107],[26.691,-7.459],[26.981,-7.81],[27.272,-8.162],[27.563,-8.513],[27.855,-8.864],[28.148,-9.215],[28.441,-9.565],[28.534,-9.9],[28.627,-10.234],[28.915,-10.419],[29.203,-10.603],[29.491,-10.788],[29.496,-11.248],[29.502,-11.709],[29.829,-12.049],[30.157,-12.39],[30.486,-12.73],[30.816,-13.069],[31.199,-13.218],[31.582,-13.366],[31.966,-13.514],[32.351,-13.66],[32.735,-13.807],[33.139,-13.984],[33.544,-14.161],[33.949,-14.337],[34.355,-14.512],[34.762,-14.687],[35.169,-14.861],[35.571,-14.765],[35.973,-14.668],[36.375,-14.57],[36.776,-14.472],[37.115,-14.15],[37.454,-13.828],[37.791,-13.505],[38.128,-13.181],[38.463,-12.857],[38.798,-12.533],[39.138,-12.303],[39.477,-12.073],[39.816,-11.843],[40.154,-11.612],[40.525,-11.37],[40.895,-11.127],[41.265,-10.884],[41.756,-10.817],[42.247,-10.749],[42.737,-10.681],[43.228,-10.611],[43.718,-10.542],[44.173,-10.502],[44.628,-10.462],[45.083,-10.421],[45.538,-10.38],[45.993,-10.338],[46.448,-10.295],[46.902,-10.234],[47.357,-10.172],[47.811,-10.11],[48.265,-10.047],[48.719,-9.984],[49.172,-9.92],[49.598,-9.828],[50.023,-9.737],[50.449,-9.644],[50.874,-9.551],[51.298,-9.458],[51.723,-9.364],[52.167,-9.301],[52.612,-9.238],[53.056,-9.174],[53.5,-9.109],[53.944,-9.044],[54.388,-8.979],[54.831,-8.912],[55.318,-8.833],[55.804,-8.754],[56.29,-8.673],[56.776,-8.592],[57.262,-8.511]]}},{"type":"Feature","properties":{"boundary_type":"other","feature_type":"gpml:TerraneBoundary","polarity":null,"overriding_plate_id":null,"subducting_plate_id":null,"plate_ids":[701,715],"name":"Northeast Africa-South Africa"},"geometry":{"type":"LineString","coordinates":[[20.129,-6.737],[20.035,-6.637],[19.77,-6.589],[19.506,-6.542],[19.226,-6.545],[18.947,-6.548],[18.472,-6.549],[17.998,-6.55],[17.657,-6.505],[17.317,-6.46],[16.976,-6.415],[16.702,-6.304],[16.428,-6.194],[16.283,-6.137]]}},{"type":"Feature","properties":{"boundary_type":"other","feature_type":"gpml:UnclassifiedFeature","polarity":null,"overriding_plate_id":null,"subducting_plate_id":null,"plate_ids":[301,304],"name":""},"geometry":{"type":"LineString","coordinates":[[3.449,37.12],[3.6,36.977],[4.149,36.756],[4.696,36.532],[5.239,36.305],[5.779,36.076],[6.316,35.845],[6.605,35.649],[6.902,35.324],[7.269,35.17],[7.723,35.136],[8.049,35.203],[8.481,35.136],[8.694,35.102],[8.911,35.067],[9.389,35.109],[9.618,35.128],[9.944,35.098],[10.168,35.077],[10.554,35.037],[10.88,35.002],[11.272,34.943],[11.664,34.884],[12.05,34.847],[12.435,34.809],[12.472,34.796]]}},{"type":"Feature","properties":{"boundary_type":"other","feature_type":"gpml:UnclassifiedFeature","polarity":null,"overriding_plate_id":null,"subducting_plate_id":null,"plate_ids":[301,304],"name":"Boundary_Deform_BoB"},"geometry":{"type":"LineString","coordinates":[[13.116,35.24],[12.793,35.018],[12.472,34.796]]}},{"type":"Feature","properties":{"boundary_type":"ridge","feature_type":"gpml:MidOceanRidge","polarity":null,"overriding_plate_id":null,"subducting_plate_id":null,"plate_ids":[201,701],"name":"SAM MOR and boundary"},"geometry":{"type":"LineString","coordinates":[[2.921,-6.135],[2.918,-6.634],[2.915,-7.133],[2.912,-7.632],[3.084,-7.968],[3.255,-8.305],[3.427,-8.641],[3.6,-8.978],[3.632,-9.457],[3.665,-9.935],[3.568,-10.281],[3.471,-10.626],[3.374,-10.971],[3.084,-11.306],[2.794,-11.64],[2.503,-11.975],[2.212,-12.308],[1.92,-12.642],[1.627,-12.975],[1.442,-13.352],[1.256,-13.729],[1.07,-14.105],[0.884,-14.482],[0.696,-14.858],[0.515,-15.206],[0.333,-15.554],[0.151,-15.902],[-0.032,-16.249],[0.072,-16.718],[0.177,-17.187],[0.283,-17.655],[0.35,-18.081],[0.416,-18.506],[0.484,-18.931],[0.551,-19.356],[0.507,-19.76],[0.462,-20.163],[0.417,-20.566],[0.372,-20.969],[0.327,-21.372],[0.248,-21.773],[0.169,-22.175],[0.089,-22.576],[0.009,-22.978],[-0.041,-23.382],[-0.091,-23.785],[-0.141,-24.189],[-0.192,-24.593],[-0.243,-24.997],[-0.519,-25.386],[-0.798,-25.775],[-1.078,-26.163],[-1.36,-26.55],[-1.644,-26.937],[-1.983,-27.26],[-2.323,-27.581],[-2.666,-27.901],[-3.011,-28.221],[-3.358,-28.54],[-3.706,-28.858],[-4.057,-29.175],[-4.411,-29.491],[-4.643,-29.913],[-4.877,-30.334],[-5.113,-30.755],[-5.351,-31.176],[-5.602,-31.577],[-5.856,-31.978],[-6.112,-32.378],[-6.37,-32.777],[-6.631,-33.176],[-6.894,-33.575],[-7.159,-33.973],[-7.427,-34.37],[-7.698,-34.767],[-7.826,-35.215],[-7.955,-35.664],[-8.086,-36.112],[-8.218,-36.56],[-8.352,-37.007],[-8.487,-37.455],[-8.624,-37.903],[-8.763,-38.35],[-8.903,-38.797],[-9.046,-39.244],[-9.234,-39.633],[-9.425,-40.021],[-9.617,-40.409],[-9.812,-40.796],[-10.01,-41.184],[-10.222,-41.578],[-10.178,-42.067],[-10.134,-42.557],[-10.089,-43.046],[-10.043,-43.536],[-9.997,-44.025],[-9.95,-44.515],[-9.902,-45.004],[-9.853,-45.494],[-9.803,-45.983],[-9.752,-46.473],[-9.712,-46.95],[-9.67,-47.427],[-9.628,-47.904],[-9.586,-48.381],[-9.542,-48.858],[-9.497,-49.335],[-9.452,-49.812],[-9.374,-50.241],[-9.295,-50.67],[-9.214,-51.099],[-9.132,-51.528]]}},{"type":"Feature","properties":{"boundary_type":"subduction","feature_type":"gpml:SubductionZone","polarity":"Left","overriding_plate_id":801,"subducting_plate_id":983,"plate_ids":[801,983],"name":"boundary LHR"},"geometry":{"type":"LineString","coordinates":[[-169.906,-67.11],[-170.846,-67.301],[-171.8,-67.487],[-172.77,-67.343],[-173.728,-67.193],[-174.683,-67.079],[-175.629,-66.959],[-176.565,-66.833],[-177.491,-66.702],[-178.244,-66.462],[-178.983,-66.219],[-179.321,-65.781],[-179.647,-65.342],[-179.963,-64.903],[179.923,-64.476],[179.812,-64.049],[179.164,-63.672],[178.534,-63.291],[177.991,-62.958],[177.461,-62.622],[177.95,-62.295],[178.428,-61.965],[178.895,-61.634],[179.006,-61.193],[179.113,-60.752],[178.963,-60.489],[178.815,-60.226],[179.056,-59.768],[179.29,-59.31],[179.518,-58.852],[179.687,-58.474],[179.851,-58.097],[-179.988,-57.72],[-179.83,-57.342]]}},{"type":"Feature","properties":{"boundary_type":"subduction","feature_type":"gpml:SubductionZone","polarity":"Left","overriding_plate_id":801,"subducting_plate_id":983,"plate_ids":[801,983],"name":"boundary LHR"},"geometry":{"type":"LineString","coordinates":[[-179.83,-57.342],[179.938,-57.063],[179.71,-56.784],[179.272,-56.577],[178.84,-56.369],[178.359,-56.086],[177.886,-55.802],[177.347,-55.431],[176.818,-55.058],[176.494,-54.692],[176.174,-54.325],[175.754,-53.898],[175.342,-53.469],[175.208,-53.099],[175.076,-52.729],[174.947,-52.358],[174.578,-51.964],[174.216,-51.569],[173.8,-51.358],[173.388,-51.146],[172.922,-50.895],[172.461,-50.642],[172.12,-50.487],[171.781,-50.331]]}},{"type":"Feature","properties":{"boundary_type":"subduction","feature_type":"gpml:SubductionZone","polarity":"Left","overriding_plate_id":801,"subducting_plate_id":901,"plate_ids":[801,901],"name":"boundary LHR"},"geometry":{"type":"LineString","coordinates":[[171.781,-50.331],[171.285,-50.099],[170.76,-49.886],[170.24,-49.671],[169.813,-49.309],[169.826,-48.95],[169.839,-48.592],[169.437,-48.29],[169.04,-47.987],[169.233,-47.711],[169.425,-47.434],[169.637,-47.104],[169.847,-46.773],[170.054,-46.442],[169.89,-46.026],[169.729,-45.609],[169.353,-45.257],[168.981,-44.903],[168.539,-44.686],[168.1,-44.467],[167.665,-44.247],[167.232,-44.024]]}},{"type":"Feature","properties":{"boundary_type":"subduction","feature_type":"gpml:SubductionZone","polarity":"Left","overriding_plate_id":301,"subducting_plate_id":926,"plate_ids":[301,926],"name":"Okinawa Trough (Ryuku) from EarthByte cob MG 4-20-07"},"geometry":{"type":"LineString","coordinates":[[137.699,30.031],[138.023,30.23],[138.286,30.517],[138.55,30.804],[138.816,31.09],[139.011,31.513],[139.207,31.936],[139.406,32.359],[139.606,32.781],[139.808,33.203],[139.96,33.588],[140.114,33.973],[140.268,34.358],[140.425,34.743],[140.504,35.095],[140.584,35.448],[140.628,35.888],[140.672,36.328],[140.64,36.766],[140.607,37.204],[140.673,37.589],[140.739,37.975]]}},{"type":"Feature","properties":{"boundary_type":"subduction","feature_type":"gpml:SubductionZone","polarity":"Right","overriding_plate_id":801,"subducting_plate_id":983,"plate_ids":[801,983],"name":"Challenger Plateau NE margin"},"geometry":{"type":"LineString","coordinates":[[-169.906,-67.11],[-168.65,-67.121],[-167.392,-67.122],[-166.473,-67.146],[-165.553,-67.165],[-164.688,-67.212],[-163.82,-67.253],[-163.004,-67.404],[-162.178,-67.551],[-161.676,-67.72],[-161.167,-67.887],[-160.392,-68.079],[-159.604,-68.267],[-158.803,-68.451],[-157.642,-68.567],[-156.469,-68.676],[-155.484,-68.706],[-154.497,-68.73],[-153.508,-68.748],[-152.27,-68.883],[-151.018,-69.008],[-149.751,-69.125]]}},{"type":"Feature","properties":{"boundary_type":"other","feature_type":"gpml:TerraneBoundary","polarity":null,"overriding_plate_id":null,"subducting_plate_id":null,"plate_ids":[701,715],"name":"Benue Trough-Northeast Africa"},"geometry":{"type":"LineString","coordinates":[[16.283,-6.137],[15.829,-5.956],[15.47,-5.762],[15.11,-5.567],[14.718,-5.39],[14.326,-5.212],[14.053,-5.014],[13.78,-4.815],[13.508,-4.617],[13.235,-4.418],[13.022,-4.125],[12.808,-3.833]]}},{"type":"Feature","properties":{"boundary_type":"subduction","feature_type":"gpml:SubductionZone","polarity":"Left","overriding_plate_id":301,"subducting_plate_id":308,"plate_ids":[301,308],"name":"Vardar Sea Subduction"},"geometry":{"type":"LineString","coordinates":[[34.539,35.732],[34.574,35.354],[34.609,34.976],[34.644,34.598],[35.028,34.22],[35.408,33.842],[35.785,33.463],[36.158,33.082],[36.509,32.755],[36.858,32.427],[37.204,32.098],[37.547,31.768],[37.968,31.643],[38.388,31.516],[38.806,31.388],[39.224,31.259],[39.663,31.252],[40.101,31.244],[40.642,31.246],[41.184,31.245],[41.725,31.242],[42.266,31.237],[42.266,31.237],[42.821,31.279],[43.376,31.319],[43.932,31.357],[44.488,31.392],[45.045,31.425],[45.602,31.455],[46.159,31.483],[46.717,31.508],[47.275,31.531],[47.833,31.552],[48.391,31.57],[48.95,31.586],[49.509,31.599],[50.011,31.625],[50.514,31.649],[51.016,31.671],[51.519,31.691],[52.044,31.571],[52.567,31.448],[53.089,31.323],[53.609,31.196],[54.128,31.067],[54.646,30.936]]}},{"type":"Feature","properties":{"boundary_type":"transform","feature_type":"gpml:Transform","polarity":null,"overriding_plate_id":null,"subducting_plate_id":null,"plate_ids":[308,715],"name":"South DFZ"},"geometry":{"type":"LineString","coordinates":[[23.926,25.205],[24.427,25.137],[24.928,25.068],[25.428,24.996],[25.927,24.923],[26.426,24.849],[26.924,24.772],[27.422,24.695],[27.919,24.615],[28.415,24.534],[28.91,24.451],[29.405,24.367],[29.801,24.236],[30.197,24.105],[30.591,23.972],[30.89,23.633],[31.188,23.294],[31.484,22.954],[31.779,22.614],[31.737,22.274],[31.695,21.933],[31.653,21.593],[31.782,21.146],[31.91,20.698],[32.038,20.25],[32.164,19.802],[32.29,19.354],[32.686,19.142],[33.081,18.929],[33.475,18.716],[33.867,18.501],[34.259,18.286],[34.58,18.126],[34.901,17.966]]}},{"type":"Feature","properties":{"boundary_type":"other","feature_type":"gpml:Fault","polarity":null,"overriding_plate_id":null,"subducting_plate_id":null,"plate_ids":[301,304],"name":"NPF"},"geometry":{"type":"LineString","coordinates":[[13.116,35.24],[13.57,35.114],[14.022,34.986],[14.473,34.857],[15.019,34.813],[15.564,34.767],[16.108,34.718],[16.525,34.687],[16.941,34.654],[17.357,34.619]]}},{"type":"Feature","properties":{"boundary_type":"transform","feature_type":"gpml:Transform","polarity":null,"overriding_plate_id":null,"subducting_plate_id":null,"plate_ids":[101,714],"name":"South Iberia"},"geometry":{"type":"LineString","coordinates":[[-2.763,31.902],[-2.549,31.803]]}},{"type":"Feature","properties":{"boundary_type":"transform","feature_type":"gpml:Transform","polarity":null,"overriding_plate_id":null,"subducting_plate_id":null,"plate_ids":[304,714],"name":"South Iberia"},"geometry":{"type":"LineString","coordinates":[[-2.549,31.803],[-2.103,31.594],[-1.66,31.384],[-1.218,31.172],[-0.75,30.914],[-0.284,30.654],[0.18,30.392],[0.641,30.129],[1.099,29.864],[1.555,29.597],[2.009,29.329],[2.46,29.059],[2.909,28.788],[3.356,28.516],[3.8,28.242],[4.34,28.178],[4.88,28.112],[5.419,28.045],[5.958,27.975],[6.496,27.903],[7.033,27.829],[7.569,27.753],[8.105,27.674],[8.639,27.594],[9.173,27.512],[9.707,27.427],[10.239,27.341],[10.785,27.318],[11.331,27.292],[11.876,27.265],[12.422,27.235],[12.967,27.203],[13.404,27.199],[13.842,27.194],[14.279,27.187]]}},{"type":"Feature","properties":{"boundary_type":"transform","feature_type":"gpml:Transform","polarity":null,"overriding_plate_id":null,"subducting_plate_id":null,"plate_ids":[308,714],"name":"South Iberia"},"geometry":{"type":"LineString","coordinates":[[14.279,27.187],[14.79,27.167],[15.301,27.144],[15.811,27.12],[16.322,27.094],[16.832,27.066],[17.342,27.037],[17.851,27.005],[18.383,26.86],[18.913,26.713],[19.442,26.564],[19.969,26.413],[20.495,26.26],[21.02,26.105],[21.543,25.948],[22.065,25.789],[22.586,25.629]]}},{"type":"Feature","properties":{"boundary_type":"transform","feature_type":"gpml:Transform","polarity":null,"overriding_plate_id":null,"subducting_plate_id":null,"plate_ids":[308,715],"name":"South Iberia"},"geometry":{"type":"LineString","coordinates":[[22.586,25.629],[23.034,25.489],[23.481,25.348],[23.926,25.205]]}},{"type":"Feature","properties":{"boundary_type":"ridge","feature_type":"gpml:MidOceanRidge","polarity":null,"overriding_plate_id":null,"subducting_plate_id":null,"plate_ids":[308,715],"name":"Mendere-Tores MOR"},"geometry":{"type":"LineString","coordinates":[[34.901,17.966],[35.377,18.061],[35.853,18.156],[36.33,18.249],[36.667,18.058],[37.004,17.867],[37.32,17.673],[37.636,17.479],[37.948,17.302],[38.259,17.126],[38.535,16.992],[38.811,16.859],[39.223,16.895],[39.636,16.931],[40.049,16.966],[40.47,17.045],[40.892,17.123],[41.314,17.2],[41.704,17.259],[42.094,17.317],[42.484,17.374],[42.874,17.431],[42.919,17.167],[43.414,17.226],[43.91,17.284],[44.406,17.341],[44.796,17.395],[45.187,17.448],[45.578,17.5],[45.663,17.247],[46.071,17.298],[46.479,17.347]]}},{"type":"Feature","properties":{"boundary_type":"transform","feature_type":"gpml:Transform","polarity":null,"overriding_plate_id":null,"subducting_plate_id":null,"plate_ids":[308,715],"name":"Neotethys transform 100Ma"},"geometry":{"type":"LineString","coordinates":[[46.479,17.347],[46.308,17.647],[46.136,17.948],[45.964,18.248],[45.88,18.694],[45.797,19.14],[45.712,19.585],[45.921,19.983],[46.131,20.38],[46.341,20.777],[46.553,21.173],[46.766,21.569],[47.141,21.898],[47.517,22.226],[47.894,22.554],[48.274,22.88]]}},{"type":"Feature","properties":{"boundary_type":"transform","feature_type":"gpml:Transform","polarity":null,"overriding_plate_id":null,"subducting_plate_id":null,"plate_ids":[308,530],"name":"Neotethys transform 100Ma"},"geometry":{"type":"LineString","coordinates":[[48.274,22.88],[48.602,23.16],[48.931,23.44],[49.262,23.719],[49.601,24.084],[49.942,24.448],[50.286,24.812],[50.631,25.174],[50.978,25.536],[51.327,25.897],[51.679,26.258],[51.934,26.691],[52.191,27.124],[52.449,27.556],[52.71,27.988],[52.973,28.42],[53.238,28.851],[53.505,29.281],[53.775,29.711],[54.047,30.14],[54.321,30.569],[54.597,30.997]]}},{"type":"Feature","properties":{"boundary_type":"other","feature_type":"gpml:InferredPaleoBoundary","polarity":null,"overriding_plate_id":null,"subducting_plate_id":null,"plate_ids":[714,715],"name":""},"geometry":{"type":"LineString","coordinates":[[22.586,25.629],[22.514,25.378],[22.442,25.127],[22.304,24.647],[22.167,24.167],[22.031,23.687],[21.798,23.264],[21.567,22.842],[21.337,22.418],[21.108,21.995],[20.881,21.571],[20.655,21.147],[20.431,20.722],[20.208,20.297]]}},{"type":"Feature","properties":{"boundary_type":"subduction","feature_type":"gpml:SubductionZone","polarity":"Right","overriding_plate_id":308,"subducting_plate_id":301,"plate_ids":[301,308],"name":"Alpine Subduction"},"geometry":{"type":"LineString","coordinates":[[21.752,33.544],[22.319,33.515],[22.886,33.483],[23.453,33.448],[24.02,33.411],[24.585,33.371],[25.151,33.329],[25.697,33.426],[26.244,33.52],[26.793,33.613],[27.343,33.702],[27.894,33.79],[28.446,33.874],[28.999,33.957],[29.331,34.146],[29.665,34.335],[30.0,34.523],[30.56,34.683],[31.122,34.841],[31.686,34.996],[32.253,35.149],[32.821,35.298],[33.392,35.446],[33.964,35.59],[34.539,35.732]]}},{"type":"Feature","properties":{"boundary_type":"subduction","feature_type":"gpml:SubductionZone","polarity":"Left","overriding_plate_id":304,"subducting_plate_id":308,"plate_ids":[304,308],"name":"Sub. East Ligurian Ocean"},"geometry":{"type":"LineString","coordinates":[[14.279,27.187],[14.677,27.323],[15.076,27.458],[15.475,27.591],[15.876,27.724],[16.364,27.925],[16.853,28.123],[17.344,28.321],[17.837,28.516],[18.364,28.553],[18.892,28.588],[19.42,28.622],[19.948,28.653],[20.477,28.682],[21.005,28.709],[21.113,29.196],[21.222,29.684],[21.332,30.172],[21.444,30.659],[21.557,31.139],[21.671,31.619],[21.786,32.099],[21.903,32.579],[21.828,33.061],[21.752,33.544]]}},{"type":"Feature","properties":{"boundary_type":"subduction","feature_type":"gpml:SubductionZone","polarity":"Left","overriding_plate_id":304,"subducting_plate_id":301,"plate_ids":[301,304],"name":"Sub. East Ligurian Ocean"},"geometry":{"type":"LineString","coordinates":[[21.752,33.544],[21.208,33.687],[20.664,33.827],[20.117,33.966],[19.568,34.101],[19.018,34.234],[18.466,34.365],[17.913,34.493],[17.357,34.619]]}},{"type":"Feature","properties":{"boundary_type":"subduction","feature_type":"gpml:SubductionZone","polarity":"Right","overriding_plate_id":530,"subducting_plate_id":715,"plate_ids":[530,715],"name":"MesoTethys subduction zone from 150 Ma"},"geometry":{"type":"LineString","coordinates":[[64.009,3.468],[63.833,3.819],[63.656,4.169],[63.48,4.52],[63.303,4.87],[63.005,5.236],[62.707,5.603],[62.409,5.969],[62.11,6.335],[61.811,6.701],[61.511,7.067],[61.211,7.432],[60.91,7.797],[60.62,8.196],[60.329,8.595],[60.038,8.994],[59.746,9.392],[59.454,9.79],[59.161,10.188],[58.867,10.585],[58.572,10.982],[58.258,11.362],[57.943,11.74],[57.627,12.119],[57.31,12.497],[56.993,12.875],[56.674,13.252],[56.354,13.629],[56.034,14.006],[55.712,14.382],[55.389,14.758],[55.066,15.133],[54.74,15.508],[54.414,15.882],[54.087,16.256],[53.758,16.629],[53.428,17.002],[53.097,17.375],[52.764,17.746],[52.43,18.117],[52.095,18.488],[51.758,18.858],[51.42,19.228],[51.08,19.596],[50.774,19.963],[50.467,20.33],[50.158,20.696],[49.848,21.062],[49.536,21.426],[49.223,21.791],[48.908,22.155],[48.592,22.518],[48.274,22.88]]}}]}