{"type":"FeatureCollection","meta":{"model":"Cao2024","reconstruction_time_ma":20.0,"anchor_plate_id":0,"pygplates_version":"1.0.0","tessellate_degrees":0.5,"polarity_convention":"gpml:subductionPolarity. 'Left'/'Right' names the side of the line, in vertex order, on which the OVERRIDING plate lies. Triangles are drawn on that side.","antimeridian":"Lines are NOT split at +/-180 deg. The renderer works in 3D unit vectors where the dateline is not special; splitting would only add spurious breaks. Do not treat this as RFC 7946 GIS-ready 2D data."},"features":[{"type":"Feature","properties":{"boundary_type":"other","feature_type":"gpml:ContinentalRift","polarity":null,"overriding_plate_id":null,"subducting_plate_id":null,"plate_ids":[701,709],"name":"Arabia - Somalia (Torsvik 2010)"},"geometry":{"type":"LineString","coordinates":[[39.433,4.49],[39.894,4.655],[40.356,4.82],[40.723,4.957],[41.091,5.093],[41.458,5.23]]}},{"type":"Feature","properties":{"boundary_type":"other","feature_type":"gpml:ContinentalRift","polarity":null,"overriding_plate_id":null,"subducting_plate_id":null,"plate_ids":[503,709],"name":"Arabia - Somalia (Torsvik 2010)"},"geometry":{"type":"LineString","coordinates":[[41.458,5.23],[41.815,5.362],[42.172,5.494],[42.529,5.626],[42.887,5.757],[43.343,5.914],[43.799,6.07],[44.256,6.225],[44.713,6.38],[45.17,6.535],[45.628,6.689],[46.086,6.843],[46.545,6.999],[47.004,7.155],[47.464,7.31],[47.923,7.465],[48.384,7.62],[48.844,7.773],[49.305,7.927],[49.766,8.08],[50.235,8.19],[50.703,8.299],[51.172,8.408],[51.641,8.516],[52.111,8.624],[52.58,8.731],[53.05,8.838],[53.521,8.944],[53.977,9.08],[54.433,9.215],[54.89,9.349],[55.347,9.483],[55.805,9.616],[56.284,9.739],[56.763,9.861],[57.242,9.983],[57.722,10.104],[58.203,10.224]]}},{"type":"Feature","properties":{"boundary_type":"other","feature_type":"gpml:ContinentalRift","polarity":null,"overriding_plate_id":null,"subducting_plate_id":null,"plate_ids":[503,701],"name":"Red Sea Rift (Chorowicz 2005)"},"geometry":{"type":"LineString","coordinates":[[31.998,21.358],[32.14,21.13],[32.282,20.902],[32.472,20.651],[32.661,20.4],[32.883,19.966],[33.104,19.532],[33.324,19.098],[33.54,18.722],[33.755,18.347],[33.97,17.971],[34.183,17.596],[34.507,17.29],[34.83,16.984],[35.152,16.677],[35.473,16.37],[35.576,15.962],[35.679,15.554],[35.781,15.146],[35.882,14.738],[35.984,14.33],[36.085,13.922],[36.258,13.609],[36.43,13.296],[36.602,12.983],[36.906,12.774],[37.21,12.564],[37.513,12.353],[37.734,11.926],[37.954,11.5],[38.174,11.072],[38.393,10.645],[38.611,10.218],[38.829,9.79],[39.046,9.363],[39.263,8.935],[39.481,8.553],[39.698,8.171],[39.914,7.788],[40.131,7.406],[40.346,7.023],[40.56,6.665],[40.773,6.307],[40.986,5.949],[41.257,5.551],[41.458,5.23]]}},{"type":"Feature","properties":{"boundary_type":"other","feature_type":"gpml:ContinentalRift","polarity":null,"overriding_plate_id":null,"subducting_plate_id":null,"plate_ids":[701,709],"name":"Somalia Africa boundary from PB03 GS"},"geometry":{"type":"LineString","coordinates":[[39.433,4.49],[39.166,4.154],[38.899,3.818],[38.633,3.481],[38.377,3.102],[38.122,2.723],[37.866,2.344],[37.611,1.965],[37.356,1.586],[37.223,1.251],[37.089,0.916],[36.956,0.581],[36.624,0.555],[36.293,0.53],[36.106,0.209],[35.919,-0.113],[35.732,-0.434],[35.274,-0.392],[34.817,-0.35],[34.359,-0.308],[33.902,-0.266],[33.444,-0.223],[32.987,-0.181],[32.529,-0.139],[32.072,-0.097],[31.615,-0.054],[31.409,-0.375],[31.203,-0.695],[30.997,-1.015],[30.791,-1.335],[30.414,-1.487],[30.037,-1.639],[30.046,-2.101],[30.055,-2.564],[30.064,-3.026],[30.435,-3.1],[30.806,-3.174],[31.177,-3.249],[31.245,-3.275],[30.93,-3.654],[30.614,-4.033],[30.298,-4.412],[30.136,-4.762],[29.974,-5.112],[29.812,-5.463],[29.65,-5.813],[29.516,-6.28],[29.382,-6.747],[29.247,-7.215],[29.091,-7.561],[28.935,-7.907],[28.778,-8.254],[28.823,-8.662],[28.869,-9.071],[28.914,-9.48],[28.96,-9.889],[29.201,-10.253],[29.443,-10.618],[29.685,-10.982],[29.713,-11.47],[29.74,-11.959],[29.99,-12.297],[30.241,-12.636],[30.492,-12.974],[30.744,-13.312],[31.129,-13.384],[31.514,-13.456],[31.899,-13.528],[32.262,-13.762],[32.627,-13.995],[32.992,-14.228],[33.47,-14.3],[33.949,-14.37],[34.109,-14.783],[34.269,-15.196],[34.43,-15.609],[34.591,-16.021],[34.937,-16.3],[35.283,-16.577],[35.136,-17.045],[34.988,-17.513],[34.839,-17.981],[34.815,-18.368],[34.791,-18.755],[35.015,-19.082],[35.24,-19.41],[35.466,-19.737],[35.693,-20.064],[35.643,-20.504],[35.594,-20.944],[35.544,-21.384],[35.771,-21.701],[35.998,-22.019],[36.227,-22.336],[36.262,-22.71],[36.296,-23.084],[36.331,-23.459],[36.029,-23.677],[35.726,-23.895],[35.416,-24.246],[35.105,-24.597],[34.792,-24.946],[34.478,-25.295],[34.464,-25.71],[34.451,-26.126],[34.438,-26.541],[34.424,-26.956],[33.944,-27.138],[33.462,-27.318],[32.979,-27.496],[32.494,-27.673],[32.008,-27.848],[31.52,-28.021],[31.031,-28.192],[30.539,-28.362],[30.252,-28.701],[29.962,-29.039],[29.67,-29.377],[29.377,-29.714],[29.081,-30.05],[28.783,-30.385],[28.925,-30.823],[29.067,-31.26],[29.211,-31.697],[29.356,-32.133],[28.911,-32.354],[28.465,-32.572],[28.016,-32.789],[28.05,-33.251],[28.085,-33.712],[28.121,-34.174],[28.557,-34.452],[28.997,-34.729],[29.439,-35.005],[29.774,-35.378],[30.112,-35.751],[30.453,-36.123],[30.798,-36.494],[31.259,-36.8],[31.724,-37.104],[32.192,-37.407],[32.665,-37.707],[33.141,-38.006],[33.621,-38.302],[34.105,-38.597],[34.593,-38.89],[35.085,-39.18],[35.581,-39.469],[36.081,-39.755],[36.585,-40.04],[37.094,-40.322],[37.606,-40.601],[38.124,-40.879],[38.645,-41.154],[39.171,-41.427],[39.701,-41.697],[40.236,-41.965],[40.775,-42.231],[40.608,-42.709],[40.439,-43.186],[40.267,-43.664],[40.092,-44.141],[39.915,-44.618],[39.734,-45.094],[39.551,-45.57],[39.364,-46.046],[39.174,-46.522],[38.981,-46.997],[38.784,-47.472],[38.584,-47.947],[38.38,-48.421],[38.172,-48.895],[37.96,-49.369],[37.744,-49.842],[37.524,-50.315],[37.299,-50.787],[37.07,-51.259],[36.836,-51.731],[37.304,-51.835],[37.775,-51.939]]}},{"type":"Feature","properties":{"boundary_type":"other","feature_type":"gpml:Fault","polarity":null,"overriding_plate_id":null,"subducting_plate_id":null,"plate_ids":[101,406],"name":"Kamchatka"},"geometry":{"type":"LineString","coordinates":[[160.212,67.387],[159.192,67.141],[158.192,66.888],[157.328,66.657],[156.48,66.421],[155.793,66.119],[155.123,65.814],[154.469,65.507],[153.81,65.175],[153.167,64.842],[152.54,64.505],[151.928,64.166],[151.72,63.713],[151.517,63.26],[151.321,62.807],[151.131,62.353],[151.091,61.952],[151.051,61.55],[151.012,61.149],[150.975,60.747],[150.938,60.346],[150.982,59.907],[151.026,59.468],[151.068,59.029],[151.109,58.59],[151.11,58.127],[151.112,57.663],[151.113,57.2],[151.114,56.736],[151.115,56.272],[151.177,55.883],[151.237,55.494]]}},{"type":"Feature","properties":{"boundary_type":"other","feature_type":"gpml:Fault","polarity":null,"overriding_plate_id":null,"subducting_plate_id":null,"plate_ids":[406],"name":"Kamchatka"},"geometry":{"type":"LineString","coordinates":[[151.237,55.494],[151.239,55.481]]}},{"type":"Feature","properties":{"boundary_type":"other","feature_type":"gpml:Fault","polarity":null,"overriding_plate_id":null,"subducting_plate_id":null,"plate_ids":[101],"name":"Kamchatka"},"geometry":{"type":"LineString","coordinates":[[149.435,54.344],[149.716,54.539],[150.215,54.859],[150.722,55.178],[151.237,55.494]]}},{"type":"Feature","properties":{"boundary_type":"other","feature_type":"gpml:Fault","polarity":null,"overriding_plate_id":null,"subducting_plate_id":null,"plate_ids":[101,903],"name":"PAC-NAM SS bndy MG-5-5-07"},"geometry":{"type":"LineString","coordinates":[[-113.748,51.977],[-114.22,52.177],[-114.677,52.45],[-115.139,52.721],[-115.517,53.074]]}},{"type":"Feature","properties":{"boundary_type":"other","feature_type":"gpml:Fault","polarity":null,"overriding_plate_id":null,"subducting_plate_id":null,"plate_ids":[101,901],"name":"PAC-NAM SS bndy MG-5-5-07"},"geometry":{"type":"LineString","coordinates":[[-115.517,53.074],[-115.928,53.452],[-116.437,53.683],[-116.952,53.912],[-117.388,54.223],[-117.83,54.532],[-118.28,54.84],[-118.69,55.216],[-119.108,55.591],[-119.452,55.883],[-119.802,56.175],[-120.157,56.465],[-120.363,56.854],[-120.574,57.242],[-120.789,57.63],[-120.943,58.014],[-121.099,58.397],[-121.259,58.78],[-121.423,59.202],[-121.591,59.624],[-121.763,60.045],[-122.025,60.474],[-122.294,60.903],[-122.569,61.331],[-122.533,61.689],[-122.834,62.092],[-123.231,62.541],[-123.558,62.899],[-123.897,63.214],[-124.628,63.581],[-124.886,63.935],[-125.262,64.16],[-125.43,64.555],[-125.809,64.954],[-126.075,65.367]]}},{"type":"Feature","properties":{"boundary_type":"other","feature_type":"gpml:FractureZone","polarity":null,"overriding_plate_id":null,"subducting_plate_id":null,"plate_ids":[101],"name":"Continental def as ridge merges w california MG 5-5 07"},"geometry":{"type":"LineString","coordinates":[[-105.139,33.258],[-104.891,32.874],[-104.644,32.489],[-104.394,32.072]]}},{"type":"Feature","properties":{"boundary_type":"other","feature_type":"gpml:FractureZone","polarity":null,"overriding_plate_id":null,"subducting_plate_id":null,"plate_ids":[101,902],"name":"Continental def as ridge merges w california MG 5-5 07"},"geometry":{"type":"LineString","coordinates":[[-104.394,32.072],[-104.171,31.697],[-103.951,31.322],[-103.726,31.062]]}},{"type":"Feature","properties":{"boundary_type":"other","feature_type":"gpml:FractureZone","polarity":null,"overriding_plate_id":null,"subducting_plate_id":null,"plate_ids":[301,503],"name":"Dead Sea F& Arab-Turk Suture NUVEL file., DB 04-2007"},"geometry":{"type":"LineString","coordinates":[[39.43,34.465],[39.265,34.153],[39.102,33.841]]}},{"type":"Feature","properties":{"boundary_type":"other","feature_type":"gpml:FractureZone","polarity":null,"overriding_plate_id":null,"subducting_plate_id":null,"plate_ids":[503,701],"name":"Dead Sea F& Arab-Turk Suture NUVEL file., DB 04-2007"},"geometry":{"type":"LineString","coordinates":[[39.102,33.841],[38.944,33.536],[38.786,33.232],[38.493,32.919],[38.201,32.606],[37.912,32.292],[37.591,31.948],[37.272,31.604],[37.048,31.39],[36.824,31.176],[36.542,31.02],[36.261,30.864],[35.977,30.727],[35.694,30.589],[35.452,30.4],[35.212,30.211],[34.927,30.074],[34.642,29.937],[34.396,29.699],[34.151,29.46],[33.764,29.179],[33.609,28.936],[33.455,28.693],[33.627,28.484],[33.555,28.087],[33.483,27.69],[33.361,27.246],[33.241,26.801],[33.124,26.44],[33.008,26.078],[32.893,25.717],[32.774,25.322],[32.656,24.928],[32.631,24.528],[32.606,24.129],[32.544,23.882],[32.482,23.635],[32.457,23.235],[32.433,22.836],[32.418,22.586],[32.403,22.337],[32.293,22.092],[32.185,21.847],[32.091,21.602],[31.998,21.358]]}},{"type":"Feature","properties":{"boundary_type":"other","feature_type":"gpml:FractureZone","polarity":null,"overriding_plate_id":null,"subducting_plate_id":null,"plate_ids":[501,709],"name":"Owen FZ from NUVEL file, DB 04-2007"},"geometry":{"type":"LineString","coordinates":[[55.505,3.484],[55.677,3.932],[55.85,4.381],[56.022,4.829],[56.195,5.278],[56.368,5.726],[56.541,6.175],[56.714,6.623],[56.888,7.071],[57.075,7.522],[57.261,7.973],[57.449,8.423],[57.637,8.873],[57.825,9.324],[58.013,9.774],[58.203,10.224]]}},{"type":"Feature","properties":{"boundary_type":"other","feature_type":"gpml:FractureZone","polarity":null,"overriding_plate_id":null,"subducting_plate_id":null,"plate_ids":[501,503],"name":"Owen FZ from NUVEL file, DB 04-2007"},"geometry":{"type":"LineString","coordinates":[[58.203,10.224],[58.374,10.631],[58.546,11.038],[58.719,11.444],[58.892,11.851],[59.074,12.265],[59.257,12.679],[59.441,13.093],[59.625,13.507],[59.81,13.921],[59.995,14.335],[60.182,14.748],[60.368,15.161],[60.567,15.622],[60.767,16.083],[60.967,16.543],[61.169,17.003],[61.371,17.463],[61.575,17.923],[61.78,18.382],[61.985,18.842],[62.192,19.301],[62.366,19.731],[62.54,20.161],[62.715,20.591],[62.891,21.021],[63.069,21.45],[63.247,21.879],[63.426,22.309],[63.607,22.737],[63.801,23.186],[63.996,23.633],[64.192,24.081],[64.39,24.528]]}},{"type":"Feature","properties":{"boundary_type":"other","feature_type":"gpml:FractureZone","polarity":null,"overriding_plate_id":null,"subducting_plate_id":null,"plate_ids":[301,501],"name":"Owen FZ from NUVEL file, DB 04-2007"},"geometry":{"type":"LineString","coordinates":[[64.39,24.528],[64.586,24.968],[64.783,25.407],[64.982,25.845],[65.182,26.284],[65.32,26.64],[65.458,26.996],[65.598,27.352],[65.762,27.741],[65.928,28.131],[66.095,28.52],[66.264,28.909],[66.433,29.298]]}},{"type":"Feature","properties":{"boundary_type":"other","feature_type":"gpml:InferredPaleoBoundary","polarity":null,"overriding_plate_id":null,"subducting_plate_id":null,"plate_ids":[301,603],"name":"Indonesian bndy w IND-mg"},"geometry":{"type":"LineString","coordinates":[[94.878,31.114],[94.655,30.835],[94.433,30.556],[94.212,30.277]]}},{"type":"Feature","properties":{"boundary_type":"other","feature_type":"gpml:InferredPaleoBoundary","polarity":null,"overriding_plate_id":null,"subducting_plate_id":null,"plate_ids":[301,607],"name":"Indonesian bndy w IND-mg"},"geometry":{"type":"LineString","coordinates":[[94.212,30.277],[94.012,30.022],[93.813,29.767],[93.59,29.343],[93.37,28.92],[93.151,28.496],[92.934,28.071],[92.718,27.646],[92.558,27.331],[92.398,27.015],[92.24,26.699]]}},{"type":"Feature","properties":{"boundary_type":"other","feature_type":"gpml:InferredPaleoBoundary","polarity":null,"overriding_plate_id":null,"subducting_plate_id":null,"plate_ids":[501,607],"name":"Indonesian bndy w IND-mg"},"geometry":{"type":"LineString","coordinates":[[92.24,26.699],[92.045,26.308],[91.851,25.917],[91.659,25.526],[91.509,25.159],[91.36,24.792],[91.212,24.424],[91.065,24.057],[90.895,23.665],[90.726,23.273],[90.559,22.881],[90.392,22.488],[90.226,22.096],[90.219,21.679],[90.212,21.262],[90.204,20.844],[90.197,20.427],[90.19,20.01],[90.227,19.531],[90.264,19.052],[90.3,18.573],[90.336,18.095],[90.345,17.639],[90.353,17.183],[90.361,16.728],[90.369,16.272],[90.377,15.816],[90.401,15.318],[90.424,14.819],[90.447,14.321],[90.47,13.823],[90.493,13.324],[90.516,12.826],[90.527,12.335],[90.537,11.844],[90.547,11.353],[90.558,10.862],[90.568,10.371],[90.578,9.88],[90.588,9.389],[90.598,8.898],[90.609,8.407]]}},{"type":"Feature","properties":{"boundary_type":"other","feature_type":"gpml:InferredPaleoBoundary","polarity":null,"overriding_plate_id":null,"subducting_plate_id":null,"plate_ids":[301,701],"name":"Morocco"},"geometry":{"type":"LineString","coordinates":[[-29.266,29.636],[-28.722,29.642],[-28.179,29.646],[-27.636,29.647],[-27.092,29.647],[-26.549,29.644],[-26.026,29.645],[-25.504,29.644],[-24.981,29.64],[-24.459,29.635],[-23.936,29.628],[-23.414,29.619],[-22.848,29.632],[-22.281,29.643],[-21.715,29.651],[-21.148,29.658],[-20.582,29.661],[-20.048,29.673],[-19.514,29.682],[-18.979,29.69],[-18.445,29.695],[-17.911,29.698],[-17.376,29.698],[-16.873,29.722],[-16.37,29.743],[-15.866,29.762],[-15.362,29.779],[-14.858,29.795],[-14.354,29.808],[-13.842,29.869],[-13.328,29.928],[-12.814,29.985],[-12.3,30.04],[-11.785,30.093],[-11.269,30.144],[-10.753,30.193],[-10.236,30.24],[-9.826,30.254],[-9.416,30.268],[-9.006,30.28],[-8.544,30.196],[-8.083,30.111],[-7.623,30.024],[-7.163,29.936],[-6.669,29.909],[-6.175,29.88],[-5.682,29.849],[-5.188,29.816],[-4.696,29.781],[-4.203,29.745],[-3.649,29.778],[-3.095,29.81],[-2.541,29.839],[-1.986,29.865],[-1.432,29.889],[-0.876,29.911]]}},{"type":"Feature","properties":{"boundary_type":"other","feature_type":"gpml:InferredPaleoBoundary","polarity":null,"overriding_plate_id":null,"subducting_plate_id":null,"plate_ids":[801,901],"name":"NZ AlpineFault SthrnExtension DiCaprio"},"geometry":{"type":"LineString","coordinates":[[-178.766,-39.985],[-178.871,-40.383],[-178.978,-40.782],[-179.058,-41.18],[-179.139,-41.579],[-179.328,-42.01],[-179.519,-42.441],[-179.724,-42.7],[-179.931,-42.958],[179.789,-43.268],[179.507,-43.577],[179.062,-43.828],[178.613,-44.077],[178.26,-44.298],[177.904,-44.517],[177.725,-44.749],[177.544,-44.981],[177.176,-45.271],[176.804,-45.56],[176.618,-45.887],[176.429,-46.215],[176.239,-46.542],[176.143,-46.839],[176.047,-47.136]]}},{"type":"Feature","properties":{"boundary_type":"other","feature_type":"gpml:InferredPaleoBoundary","polarity":null,"overriding_plate_id":null,"subducting_plate_id":null,"plate_ids":[653,801],"name":"Philippine Plate from NUVEL"},"geometry":{"type":"LineString","coordinates":[[143.426,-1.817],[143.44,-1.789],[143.492,-1.568]]}},{"type":"Feature","properties":{"boundary_type":"other","feature_type":"gpml:InferredPaleoBoundary","polarity":null,"overriding_plate_id":null,"subducting_plate_id":null,"plate_ids":[608,653],"name":"WestCaroline DiCaprio"},"geometry":{"type":"LineString","coordinates":[[147.181,8.547],[147.136,8.331],[146.842,7.963],[146.549,7.596],[146.255,7.228],[145.957,6.972],[145.658,6.717],[145.36,6.461],[145.148,6.079],[144.936,5.697],[144.725,5.315],[144.514,4.933],[144.4,4.529],[144.286,4.125],[144.172,3.721],[144.058,3.317],[143.945,2.913],[143.831,2.509],[143.664,2.116],[143.497,1.722],[143.329,1.329],[143.162,0.935],[142.995,0.542],[142.858,0.19],[142.721,-0.163],[142.584,-0.515],[142.399,-0.893],[142.215,-1.271],[142.204,-1.293]]}},{"type":"Feature","properties":{"boundary_type":"ridge","feature_type":"gpml:MidOceanRidge","polarity":null,"overriding_plate_id":null,"subducting_plate_id":null,"plate_ids":[511,709],"name":"Ridge f iso A5 on AUS at 10.9Ma"},"geometry":{"type":"LineString","coordinates":[[68.406,-28.472],[68.488,-28.515],[68.8,-28.824],[69.115,-29.132]]}},{"type":"Feature","properties":{"boundary_type":"ridge","feature_type":"gpml:MidOceanRidge","polarity":null,"overriding_plate_id":null,"subducting_plate_id":null,"plate_ids":[511,802],"name":"Ridge f iso A5 on AUS at 10.9Ma"},"geometry":{"type":"LineString","coordinates":[[69.115,-29.132],[69.146,-29.162],[69.499,-29.362],[69.852,-29.561],[70.208,-29.759],[70.383,-29.627],[70.751,-29.909],[71.121,-30.19],[71.493,-30.469],[71.868,-30.748],[72.244,-31.026],[72.54,-30.897],[72.911,-31.231],[73.284,-31.564],[73.66,-31.897],[74.039,-32.228],[73.693,-32.522],[74.056,-32.772],[74.422,-33.021],[74.789,-33.27],[74.618,-33.517],[74.447,-33.764],[74.859,-34.066],[75.273,-34.367],[75.691,-34.667],[76.112,-34.965],[75.936,-35.186],[75.76,-35.406],[76.236,-35.716],[76.715,-36.024],[77.198,-36.33],[77.685,-36.634],[77.335,-37.001],[76.981,-37.366],[76.624,-37.73],[77.006,-37.958],[77.39,-38.185],[77.776,-38.41],[78.165,-38.635],[78.026,-38.87],[78.377,-39.1],[78.731,-39.329],[79.087,-39.556],[78.78,-39.84],[78.471,-40.124],[78.16,-40.406],[78.445,-40.647]]}},{"type":"Feature","properties":{"boundary_type":"ridge","feature_type":"gpml:MidOceanRidge","polarity":null,"overriding_plate_id":null,"subducting_plate_id":null,"plate_ids":[801,802],"name":"Ridge f iso A5 on AUS at 10.9Ma"},"geometry":{"type":"LineString","coordinates":[[78.445,-40.647],[78.685,-40.848],[78.926,-41.048],[78.57,-41.406],[78.209,-41.764],[77.845,-42.12],[77.476,-42.475],[77.103,-42.829],[76.726,-43.181],[77.204,-43.471],[77.688,-43.758],[78.176,-44.044],[78.668,-44.327],[79.165,-44.608],[79.668,-44.887],[80.175,-45.164],[80.582,-44.828],[80.986,-44.491],[81.464,-44.745],[81.946,-44.997],[82.433,-45.247],[82.924,-45.495],[83.42,-45.741],[83.919,-45.985],[84.301,-45.568],[84.678,-45.15],[85.048,-44.731],[85.414,-44.311],[85.972,-44.565],[86.534,-44.816],[87.102,-45.064],[87.674,-45.31],[88.251,-45.552],[88.511,-45.246],[88.768,-44.939],[89.346,-45.16],[89.929,-45.378],[90.516,-45.594],[91.107,-45.806],[91.703,-46.015],[92.303,-46.221],[92.908,-46.424],[93.517,-46.624],[94.135,-46.847],[94.757,-47.067],[95.385,-47.284],[96.017,-47.497],[96.655,-47.706],[97.298,-47.913],[97.946,-48.115],[97.705,-48.506],[97.459,-48.897],[97.21,-49.287],[96.957,-49.677],[97.603,-49.878],[98.255,-50.077],[98.912,-50.271],[99.575,-50.462],[100.243,-50.649],[100.916,-50.832],[101.159,-50.515],[101.399,-50.197],[102.059,-50.346],[102.723,-50.49],[103.392,-50.631],[104.064,-50.768],[104.74,-50.901],[105.42,-51.03],[106.173,-51.181],[106.932,-51.327],[107.695,-51.468],[108.463,-51.603],[108.455,-51.618],[108.603,-51.387],[109.324,-51.498],[110.049,-51.604],[110.777,-51.706],[111.508,-51.804],[112.243,-51.897],[112.98,-51.985],[113.72,-52.069],[114.463,-52.148],[115.209,-52.222],[115.957,-52.292],[116.707,-52.357],[116.823,-52.078],[116.938,-51.799],[117.629,-51.853],[118.322,-51.902],[119.016,-51.947],[119.082,-51.605],[119.148,-51.263],[119.667,-51.354],[120.187,-51.442],[120.71,-51.528],[121.344,-51.531],[121.978,-51.531],[122.613,-51.527],[123.247,-51.52],[123.45,-51.536],[123.493,-51.205],[123.535,-50.875],[123.943,-50.933],[124.352,-50.989],[124.319,-51.395],[125.081,-51.38],[125.842,-51.361],[126.603,-51.336],[126.664,-51.029],[126.725,-50.722],[127.325,-50.847],[127.928,-50.968],[128.535,-51.086],[129.092,-51.056],[129.068,-50.576],[129.648,-50.584],[130.228,-50.589],[130.26,-51.015],[130.293,-51.44],[130.326,-51.866],[131.027,-51.87],[131.728,-51.869],[132.429,-51.865],[133.13,-51.856],[133.885,-51.829],[134.639,-51.798],[135.392,-51.762],[136.144,-51.721],[136.894,-51.675],[137.636,-51.636],[138.377,-51.591],[139.117,-51.543],[139.854,-51.489],[140.59,-51.431],[141.389,-51.397],[142.187,-51.358],[142.984,-51.314],[143.105,-51.718],[143.227,-52.123],[143.352,-52.527],[143.48,-52.931],[143.609,-53.335],[144.115,-53.276],[144.619,-53.215],[144.873,-53.69],[145.132,-54.164],[145.397,-54.638],[146.136,-54.549],[146.872,-54.456],[147.604,-54.357],[147.805,-54.725],[148.008,-55.091],[148.216,-55.458],[148.9,-55.348],[149.58,-55.234],[150.256,-55.117],[150.928,-54.996],[151.179,-55.414],[151.436,-55.831],[151.698,-56.248],[151.966,-56.664],[152.24,-57.079],[152.52,-57.494],[152.807,-57.908],[153.314,-57.793],[153.818,-57.677],[154.173,-58.123],[154.537,-58.568],[154.91,-59.011],[155.293,-59.454],[155.686,-59.896],[156.089,-60.336],[156.444,-60.747],[156.807,-61.156],[157.18,-61.565],[158.05,-61.375],[158.909,-61.18],[159.757,-60.979],[160.31,-61.396],[160.878,-61.811],[161.461,-62.223],[162.06,-62.632],[162.999,-62.384],[163.921,-62.129],[164.829,-61.867],[165.72,-61.601],[166.597,-61.328],[167.165,-61.075],[167.724,-60.819],[168.275,-60.561]]}},{"type":"Feature","properties":{"boundary_type":"ridge","feature_type":"gpml:MidOceanRidge","polarity":null,"overriding_plate_id":null,"subducting_plate_id":null,"plate_ids":[511,709],"name":"Ridge f iso A5 on IND at 10.9Ma"},"geometry":{"type":"LineString","coordinates":[[66.857,-11.383],[66.84,-11.316],[67.074,-11.073],[67.308,-10.829],[67.13,-10.62],[66.954,-10.412],[67.163,-10.111],[67.372,-9.81],[67.061,-9.501],[67.177,-9.22]]}},{"type":"Feature","properties":{"boundary_type":"ridge","feature_type":"gpml:MidOceanRidge","polarity":null,"overriding_plate_id":null,"subducting_plate_id":null,"plate_ids":[501,709],"name":"Ridge f iso A5 on IND at 10.9Ma"},"geometry":{"type":"LineString","coordinates":[[67.177,-9.22],[67.236,-9.077],[67.005,-8.822],[66.774,-8.568],[66.543,-8.314],[66.761,-7.884],[66.473,-7.536],[66.185,-7.188],[65.897,-6.84],[66.127,-6.474],[65.792,-6.251],[65.456,-6.029],[65.603,-5.811],[65.255,-5.487],[65.516,-5.102],[65.267,-4.885],[65.019,-4.668],[65.191,-4.372],[64.834,-4.119],[65.054,-3.737],[65.274,-3.356],[64.873,-3.1],[64.472,-2.845],[64.071,-2.588],[63.67,-2.332],[63.541,-2.565],[63.07,-2.411],[62.6,-2.257],[62.129,-2.103],[61.718,-1.867],[61.308,-1.632],[60.897,-1.397],[60.565,-1.092],[60.234,-0.787],[59.903,-0.482],[59.572,-0.177],[59.241,0.128],[58.876,0.409],[58.512,0.69],[58.148,0.971],[58.238,1.166],[57.878,1.497],[57.518,1.828],[57.157,2.158],[56.864,2.35],[56.571,2.542],[56.277,2.734],[56.02,2.984],[55.763,3.234],[55.505,3.484]]}},{"type":"Feature","properties":{"boundary_type":"ridge","feature_type":"gpml:MidOceanRidge","polarity":null,"overriding_plate_id":null,"subducting_plate_id":null,"plate_ids":[511,709],"name":"Ridge f iso A5 on IND-AUS at 10.9Ma"},"geometry":{"type":"LineString","coordinates":[[68.406,-28.472],[68.275,-28.089],[68.146,-27.705],[68.017,-27.321],[67.889,-26.937],[67.997,-26.722],[67.745,-26.286],[67.495,-25.849],[67.247,-25.412],[67.001,-24.975],[66.57,-25.204],[66.315,-24.991],[66.062,-24.778],[65.599,-24.899],[65.287,-24.543],[64.976,-24.185],[64.667,-23.827],[64.359,-23.468],[64.054,-23.109],[63.75,-22.749],[64.108,-22.522],[64.465,-22.294],[64.82,-22.065],[65.175,-21.836],[65.529,-21.606],[65.364,-21.355],[65.2,-21.105],[65.618,-20.844],[66.034,-20.581],[65.736,-20.184],[65.439,-19.786],[65.143,-19.388],[64.849,-18.99],[64.557,-18.59],[64.983,-18.341],[65.408,-18.091],[65.149,-17.74],[64.892,-17.389],[64.635,-17.038],[64.379,-16.686],[64.703,-16.465],[65.027,-16.244],[64.755,-15.873],[65.163,-15.572],[65.005,-15.348],[64.848,-15.124],[65.202,-14.854],[65.554,-14.584],[65.906,-14.313],[65.675,-13.964],[65.99,-13.692],[66.303,-13.421],[66.616,-13.148],[66.928,-12.876],[66.688,-12.612],[66.449,-12.349],[66.211,-12.085],[66.443,-11.816],[66.675,-11.547],[66.857,-11.383]]}},{"type":"Feature","properties":{"boundary_type":"ridge","feature_type":"gpml:MidOceanRidge","polarity":null,"overriding_plate_id":null,"subducting_plate_id":null,"plate_ids":[901,911],"name":"BELLINGHAUSEN SEA, MARIE BYRD LAND-PACIFIC"},"geometry":{"type":"LineString","coordinates":[[-103.594,-41.997],[-103.634,-42.089],[-103.634,-42.089]]}},{"type":"Feature","properties":{"boundary_type":"ridge","feature_type":"gpml:MidOceanRidge","polarity":null,"overriding_plate_id":null,"subducting_plate_id":null,"plate_ids":[802,901],"name":"BELLINGHAUSEN SEA, MARIE BYRD LAND-PACIFIC"},"geometry":{"type":"LineString","coordinates":[[-103.634,-42.089],[-103.858,-42.541],[-104.085,-42.993],[-104.315,-43.444],[-104.549,-43.895],[-104.787,-44.345],[-105.028,-44.795],[-105.273,-45.245],[-105.522,-45.693],[-105.775,-46.142],[-106.032,-46.589],[-106.293,-47.036],[-106.559,-47.483],[-106.829,-47.929],[-107.104,-48.374],[-107.384,-48.818],[-107.669,-49.262],[-107.959,-49.705],[-108.254,-50.148],[-108.555,-50.589],[-108.861,-51.03],[-109.174,-51.47],[-109.818,-51.349],[-110.459,-51.224],[-111.096,-51.096],[-111.729,-50.964],[-112.359,-50.829],[-112.637,-51.226],[-112.92,-51.623],[-113.207,-52.018],[-113.5,-52.413],[-113.798,-52.808],[-114.101,-53.201],[-114.41,-53.594],[-113.852,-53.745],[-113.289,-53.893],[-113.584,-54.301],[-113.885,-54.707],[-114.192,-55.113],[-114.505,-55.518],[-114.825,-55.923],[-115.571,-55.791],[-116.312,-55.655],[-116.639,-56.08],[-116.973,-56.503],[-117.315,-56.926],[-117.664,-57.347],[-118.367,-57.209],[-119.064,-57.067],[-119.755,-56.92],[-120.441,-56.771],[-121.122,-56.617],[-121.288,-56.815],[-122.096,-56.657],[-122.897,-56.494],[-123.691,-56.326],[-124.478,-56.153],[-125.258,-55.975],[-126.03,-55.793],[-126.795,-55.605],[-127.553,-55.413],[-128.304,-55.216],[-129.047,-55.014],[-129.782,-54.808],[-130.51,-54.598],[-131.231,-54.383],[-131.943,-54.164],[-132.326,-54.6],[-132.717,-55.036],[-133.116,-55.469],[-133.524,-55.902],[-133.941,-56.333],[-134.368,-56.763],[-134.805,-57.191],[-135.252,-57.617],[-136.058,-57.413],[-136.856,-57.204],[-137.644,-56.99],[-138.423,-56.771],[-139.193,-56.547],[-139.954,-56.319],[-140.706,-56.085],[-141.448,-55.848],[-142.182,-55.606],[-142.697,-56.013],[-143.224,-56.418],[-143.761,-56.821],[-144.311,-57.221],[-144.76,-57.088],[-145.222,-57.443],[-145.693,-57.797],[-146.173,-58.149],[-146.663,-58.499],[-147.162,-58.847],[-147.672,-59.193],[-148.477,-58.928],[-148.853,-59.201],[-149.235,-59.473],[-149.622,-59.744],[-148.875,-59.967],[-149.486,-60.349],[-150.112,-60.727],[-150.753,-61.103],[-151.408,-61.476],[-152.08,-61.845],[-152.768,-62.211],[-153.473,-62.574],[-154.389,-62.314],[-155.29,-62.048],[-156.175,-61.776],[-157.044,-61.499],[-157.897,-61.216],[-158.263,-61.481],[-158.903,-61.278],[-159.534,-61.072],[-160.03,-61.373],[-160.536,-61.672],[-161.052,-61.969],[-161.763,-61.754],[-162.463,-61.536],[-163.154,-61.315],[-163.835,-61.09],[-164.446,-61.394],[-165.07,-61.696],[-165.705,-61.994],[-166.354,-62.29],[-167.015,-62.583],[-167.689,-62.872],[-168.529,-62.635],[-169.355,-62.393],[-170.059,-62.742],[-170.779,-63.088],[-171.517,-63.43],[-172.273,-63.769],[-173.108,-63.506],[-173.928,-63.238],[-174.538,-63.502],[-175.159,-63.762],[-175.792,-64.021],[-175.788,-64.018]]}},{"type":"Feature","properties":{"boundary_type":"ridge","feature_type":"gpml:MidOceanRidge","polarity":null,"overriding_plate_id":null,"subducting_plate_id":null,"plate_ids":[802,901],"name":"MOR extended for closure AT"},"geometry":{"type":"LineString","coordinates":[[-175.788,-64.018],[-175.783,-64.016],[-176.607,-64.321],[-177.45,-64.62],[-178.312,-64.915],[-179.192,-65.205],[179.908,-65.489],[178.989,-65.768],[178.05,-66.041],[177.091,-66.309],[176.111,-66.57],[175.11,-66.826],[174.817,-66.896]]}},{"type":"Feature","properties":{"boundary_type":"ridge","feature_type":"gpml:MidOceanRidge","polarity":null,"overriding_plate_id":null,"subducting_plate_id":null,"plate_ids":[101,301],"name":"Porcupine MOR"},"geometry":{"type":"LineString","coordinates":[[-25.364,45.899],[-25.364,45.887],[-25.347,45.631],[-25.342,45.365],[-25.337,45.099],[-25.245,44.998],[-25.026,44.774],[-24.809,44.551],[-24.533,44.207],[-24.26,43.863],[-24.042,43.535],[-23.826,43.207],[-23.64,42.799],[-23.456,42.39],[-23.41,42.184],[-23.395,42.021],[-23.012,41.959],[-22.937,41.57],[-22.863,41.18],[-22.79,40.791],[-22.861,40.349],[-22.931,39.907],[-23.0,39.466],[-23.217,39.087],[-23.431,38.707],[-23.644,38.327]]}},{"type":"Feature","properties":{"boundary_type":"ridge","feature_type":"gpml:MidOceanRidge","polarity":null,"overriding_plate_id":null,"subducting_plate_id":null,"plate_ids":[201,701],"name":"Ridge from iso A5 from South America at 10.9Ma"},"geometry":{"type":"LineString","coordinates":[[-42.98,10.317],[-42.569,10.206],[-42.159,10.094],[-41.749,9.982],[-41.339,9.87],[-41.344,9.39],[-41.349,8.91],[-41.354,8.43],[-41.36,7.95],[-41.365,7.47],[-40.978,7.424],[-40.59,7.377],[-40.603,6.946],[-40.236,6.903],[-40.261,6.53],[-40.286,6.157],[-40.311,5.784],[-39.849,5.726],[-39.388,5.667],[-38.927,5.607],[-38.466,5.547],[-38.005,5.487],[-37.544,5.427],[-37.56,5.033],[-37.576,4.638],[-37.346,4.627],[-37.359,4.347],[-37.372,4.067],[-37.155,4.041],[-37.168,3.753],[-37.182,3.465],[-36.925,3.447],[-36.667,3.428],[-36.682,3.127],[-36.696,2.827],[-36.224,2.79],[-35.753,2.753],[-35.281,2.717],[-34.809,2.68],[-34.8,2.299],[-34.362,2.264],[-33.925,2.23],[-33.488,2.195],[-33.468,1.959],[-33.09,1.925],[-32.711,1.89],[-32.692,1.557],[-32.358,1.507],[-32.025,1.458],[-32.02,1.118],[-31.591,1.105],[-31.161,1.091],[-30.731,1.078],[-30.301,1.064],[-30.285,0.584],[-30.268,0.103],[-29.976,0.092],[-29.684,0.082],[-29.662,-0.343],[-29.64,-0.768],[-29.617,-1.193],[-29.595,-1.618],[-29.128,-1.61],[-28.66,-1.601],[-28.193,-1.593],[-27.725,-1.584],[-27.686,-2.069],[-27.646,-2.554],[-27.607,-3.039],[-27.567,-3.523],[-27.528,-4.008],[-27.19,-3.997],[-26.852,-3.985],[-26.773,-4.402],[-26.694,-4.819],[-26.205,-4.778],[-25.717,-4.737],[-25.229,-4.695],[-24.741,-4.653],[-24.253,-4.61],[-23.765,-4.568],[-23.277,-4.524],[-23.195,-4.864],[-23.113,-5.203],[-22.692,-5.165],[-22.271,-5.126],[-21.851,-5.087],[-21.74,-5.545],[-21.629,-6.004],[-21.517,-6.462],[-21.405,-6.921],[-20.926,-6.841],[-20.447,-6.761],[-19.968,-6.68],[-19.489,-6.599],[-19.01,-6.517],[-18.532,-6.435],[-18.054,-6.353],[-17.575,-6.27],[-17.097,-6.186],[-16.619,-6.102],[-16.142,-6.018],[-15.664,-5.933],[-15.187,-5.848],[-14.709,-5.763],[-14.232,-5.677],[-13.755,-5.59],[-13.278,-5.504],[-13.16,-5.897],[-13.042,-6.291],[-12.819,-6.261],[-12.709,-6.569],[-12.6,-6.876],[-12.338,-6.82],[-12.194,-7.144],[-11.74,-7.039],[-11.287,-6.934],[-10.833,-6.828],[-10.38,-6.722],[-9.927,-6.615],[-9.76,-7.024],[-9.593,-7.432],[-9.425,-7.84],[-9.258,-8.248],[-9.09,-8.656],[-8.976,-8.918],[-8.863,-9.18]]}},{"type":"Feature","properties":{"boundary_type":"ridge","feature_type":"gpml:MidOceanRidge","polarity":null,"overriding_plate_id":null,"subducting_plate_id":null,"plate_ids":[201,701],"name":"Ridge from iso A6 from Antarctica at 20.1Ma"},"geometry":{"type":"LineString","coordinates":[[2.859,-59.609],[3.638,-59.58],[4.415,-59.547],[5.191,-59.509]]}},{"type":"Feature","properties":{"boundary_type":"ridge","feature_type":"gpml:MidOceanRidge","polarity":null,"overriding_plate_id":null,"subducting_plate_id":null,"plate_ids":[701,802],"name":"Ridge from iso A6 from Antarctica at 20.1Ma"},"geometry":{"type":"LineString","coordinates":[[5.191,-59.509],[5.229,-59.507],[5.795,-59.745],[6.368,-59.98],[6.95,-60.213],[7.373,-59.935],[7.98,-60.27],[8.568,-59.896],[9.143,-59.52],[9.761,-59.735],[10.387,-59.947],[10.886,-59.607],[11.375,-59.264],[11.855,-58.92],[12.325,-58.573],[12.786,-58.226],[13.546,-58.484],[14.317,-58.737],[14.718,-58.386],[15.112,-58.034],[15.497,-57.681],[15.876,-57.327],[16.574,-57.52],[17.279,-57.709],[17.5,-57.481],[17.719,-57.253],[18.251,-57.421],[18.789,-57.587],[19.038,-57.32],[19.284,-57.052],[20.014,-57.208],[20.75,-57.359],[21.492,-57.506],[22.35,-57.618],[23.214,-57.725],[24.082,-57.826],[24.955,-57.92],[25.833,-58.009],[26.715,-58.092],[27.601,-58.168],[28.49,-58.238],[29.383,-58.302],[30.279,-58.36],[30.448,-58.033],[30.613,-57.706],[30.776,-57.378],[31.392,-57.456],[32.011,-57.53],[32.632,-57.602],[32.782,-57.125],[33.331,-57.178],[33.882,-57.228],[34.035,-56.804],[34.184,-56.379],[34.33,-55.953],[34.844,-56.005],[35.36,-56.054],[35.504,-55.639],[35.645,-55.224],[35.784,-54.808],[35.919,-54.392],[36.052,-53.977],[36.182,-53.561],[36.694,-53.582],[37.205,-53.601],[37.352,-53.186],[37.496,-52.77],[37.636,-52.354],[37.775,-51.939]]}},{"type":"Feature","properties":{"boundary_type":"ridge","feature_type":"gpml:MidOceanRidge","polarity":null,"overriding_plate_id":null,"subducting_plate_id":null,"plate_ids":[709,802],"name":"Ridge from iso A6 from Antarctica at 20.1Ma"},"geometry":{"type":"LineString","coordinates":[[37.775,-51.939],[37.914,-51.511],[38.051,-51.084],[38.185,-50.657],[38.317,-50.229],[38.956,-50.267],[39.596,-50.301],[39.731,-49.829],[39.864,-49.358],[39.994,-48.886],[40.702,-48.782],[41.407,-48.674],[42.108,-48.561],[42.807,-48.445],[43.223,-48.216],[43.635,-47.985],[44.044,-47.753],[44.68,-47.766],[45.316,-47.775],[45.952,-47.781],[46.588,-47.783],[46.666,-47.312],[46.743,-46.842],[46.818,-46.371],[46.892,-45.9],[46.964,-45.429],[47.036,-44.958],[47.106,-44.487],[47.675,-44.267],[48.239,-44.044],[48.8,-43.819],[49.356,-43.591],[49.908,-43.361],[50.455,-43.127],[50.475,-42.748],[50.495,-42.37],[51.002,-42.305],[51.508,-42.239],[51.538,-41.979],[51.567,-41.72],[52.124,-41.546],[52.677,-41.369],[53.228,-41.189],[53.776,-41.007],[54.32,-40.822],[54.862,-40.635],[55.4,-40.445],[55.936,-40.253],[56.468,-40.058],[56.462,-39.774],[56.455,-39.489],[57.027,-39.355],[57.598,-39.218],[57.625,-38.765],[57.653,-38.313],[58.073,-38.005],[58.489,-37.695],[58.902,-37.384],[59.312,-37.071],[59.718,-36.757],[60.12,-36.442],[60.52,-36.125],[60.916,-35.807],[60.908,-35.422],[60.9,-35.037],[60.892,-34.652],[60.884,-34.267],[61.349,-33.959],[61.811,-33.65],[62.269,-33.339],[62.724,-33.026],[63.176,-32.711],[63.625,-32.395],[64.07,-32.077],[64.092,-31.714],[64.113,-31.351],[64.593,-31.331],[64.64,-30.864],[65.03,-30.824],[65.421,-30.784],[65.418,-30.401],[65.955,-30.279],[65.917,-30.042],[66.391,-29.955],[66.431,-29.758],[66.949,-29.696],[67.466,-29.633],[67.983,-29.567],[68.498,-29.499],[68.47,-29.173],[68.793,-29.153],[69.115,-29.132]]}},{"type":"Feature","properties":{"boundary_type":"ridge","feature_type":"gpml:MidOceanRidge","polarity":null,"overriding_plate_id":null,"subducting_plate_id":null,"plate_ids":[101,201],"name":"SouthAmerica North America BOUNDARY from BIRD 2002 model"},"geometry":{"type":"LineString","coordinates":[[-42.896,10.63],[-43.275,10.679],[-43.653,10.727],[-44.032,10.775],[-44.412,10.823],[-44.882,10.989],[-45.353,11.154],[-45.825,11.318],[-46.297,11.482],[-46.752,11.688],[-47.207,11.892],[-47.664,12.096],[-48.12,12.3],[-48.578,12.502],[-49.036,12.704],[-49.444,12.905],[-49.853,13.106],[-50.263,13.306],[-50.673,13.506],[-51.083,13.705],[-51.554,13.828],[-52.026,13.95],[-52.498,14.071],[-52.97,14.192],[-53.443,14.311],[-53.923,14.271],[-54.402,14.23],[-54.882,14.188],[-55.361,14.145],[-55.84,14.101],[-56.318,14.056]]}},{"type":"Feature","properties":{"boundary_type":"ridge","feature_type":"gpml:MidOceanRidge","polarity":null,"overriding_plate_id":null,"subducting_plate_id":null,"plate_ids":[201,701],"name":"SOUTH ATLANTIC, SOUTH AMERICA-AFRICA"},"geometry":{"type":"LineString","coordinates":[[-8.863,-9.18],[-8.956,-9.21],[-9.265,-9.305],[-9.134,-9.732],[-9.002,-10.159],[-8.87,-10.586],[-8.738,-11.013],[-8.605,-11.44],[-8.472,-11.867],[-8.338,-12.294],[-8.204,-12.721],[-8.686,-12.824],[-9.169,-12.926],[-9.652,-13.027],[-10.136,-13.127],[-10.62,-13.226],[-10.514,-13.691],[-10.408,-14.155],[-10.301,-14.619],[-10.194,-15.084],[-10.568,-15.17],[-10.463,-15.605],[-10.358,-16.039],[-10.252,-16.473],[-10.146,-16.908],[-10.039,-17.342],[-10.518,-17.441],[-10.997,-17.539],[-11.476,-17.635],[-11.956,-17.731],[-11.812,-18.197],[-11.667,-18.664],[-11.521,-19.13],[-11.374,-19.597],[-11.227,-20.063],[-10.911,-20.04],[-10.8,-20.448],[-10.688,-20.856],[-10.576,-21.264],[-10.463,-21.673],[-10.349,-22.081],[-10.602,-22.188],[-10.499,-22.56],[-10.396,-22.932],[-10.293,-23.304],[-10.188,-23.676],[-9.896,-23.67],[-9.604,-23.664],[-9.474,-24.136],[-9.343,-24.608],[-9.212,-25.08],[-9.079,-25.552],[-8.946,-26.024],[-8.811,-26.496],[-8.675,-26.967],[-8.538,-27.439],[-8.4,-27.91],[-8.779,-27.996],[-9.158,-28.081],[-9.538,-28.166],[-9.473,-28.471],[-9.989,-28.585],[-10.505,-28.696],[-10.472,-29.185],[-10.438,-29.675],[-10.404,-30.164],[-10.369,-30.653],[-10.661,-30.744],[-10.635,-31.154],[-10.609,-31.565],[-10.583,-31.975],[-10.556,-32.385],[-10.175,-32.37],[-10.039,-32.778],[-9.902,-33.187],[-9.763,-33.595],[-9.623,-34.003],[-9.296,-33.967],[-9.166,-34.343],[-9.034,-34.718],[-9.605,-34.824],[-10.177,-34.928],[-10.75,-35.029],[-10.624,-35.515],[-10.497,-36.002],[-10.367,-36.488],[-10.236,-36.974],[-10.104,-37.46],[-9.97,-37.946],[-10.397,-38.026],[-10.826,-38.104],[-11.255,-38.181],[-11.186,-38.514],[-11.117,-38.847],[-11.047,-39.181],[-11.534,-39.264],[-12.022,-39.345],[-12.033,-39.657],[-12.043,-39.969],[-12.645,-40.057],[-13.248,-40.142],[-13.217,-40.486],[-13.185,-40.83],[-13.153,-41.173],[-13.691,-41.261],[-14.23,-41.347],[-14.77,-41.43],[-14.699,-41.901],[-14.627,-42.372],[-14.553,-42.843],[-14.479,-43.314],[-14.403,-43.785],[-14.326,-44.256],[-13.82,-44.221],[-13.315,-44.184],[-13.264,-44.443],[-12.953,-44.469],[-12.867,-44.817],[-12.779,-45.164],[-12.691,-45.512],[-13.095,-45.547],[-13.069,-45.817],[-13.043,-46.087],[-13.708,-46.163],[-14.374,-46.235],[-14.292,-46.697],[-14.208,-47.159],[-14.123,-47.621],[-14.037,-48.083],[-13.949,-48.545],[-13.859,-49.007],[-13.768,-49.469],[-13.675,-49.931],[-13.58,-50.393],[-13.483,-50.854],[-13.384,-51.316],[-12.922,-51.262],[-12.462,-51.207],[-12.34,-51.47],[-12.218,-51.732],[-11.701,-51.689],[-11.186,-51.644],[-11.066,-52.071],[-10.945,-52.497],[-10.82,-52.923],[-10.694,-53.35],[-9.934,-53.277],[-9.176,-53.2],[-8.422,-53.118],[-7.67,-53.031],[-6.921,-52.939],[-6.828,-53.342],[-6.734,-53.744],[-6.637,-54.146],[-6.539,-54.548],[-6.438,-54.95],[-5.654,-54.86],[-4.874,-54.766],[-4.097,-54.666],[-3.325,-54.562],[-3.131,-54.913],[-2.935,-55.264],[-2.734,-55.615],[-2.417,-55.561],[-2.266,-55.858],[-2.114,-56.154],[-1.659,-56.116],[-1.453,-56.535],[-1.242,-56.955],[-1.027,-57.373],[-0.807,-57.792],[-0.582,-58.21],[-0.351,-58.627],[-0.115,-59.045],[0.755,-58.909],[1.619,-58.768],[2.475,-58.621],[2.601,-58.951],[2.729,-59.28],[2.859,-59.609]]}},{"type":"Feature","properties":{"boundary_type":"ridge","feature_type":"gpml:MidOceanRidge","polarity":null,"overriding_plate_id":null,"subducting_plate_id":null,"plate_ids":[301,604],"name":"South China Sea MOR"},"geometry":{"type":"LineString","coordinates":[[114.753,19.898],[114.534,19.609],[114.316,19.321],[114.508,19.154],[114.247,18.845],[113.986,18.536],[114.089,18.446],[113.802,18.187],[113.517,17.928],[113.232,17.668],[113.082,17.807],[112.872,17.624],[112.662,17.44],[112.854,17.286],[112.528,16.9],[112.203,16.514],[111.915,16.213],[111.627,15.913],[111.341,15.611],[111.055,15.31],[110.736,14.983],[110.419,14.655],[110.103,14.327],[109.788,13.999],[109.473,13.67],[109.159,13.34],[108.847,13.011]]}},{"type":"Feature","properties":{"boundary_type":"ridge","feature_type":"gpml:MidOceanRidge","polarity":null,"overriding_plate_id":null,"subducting_plate_id":null,"plate_ids":[301,604],"name":"South China Sea MOR"},"geometry":{"type":"LineString","coordinates":[[114.753,19.898],[115.007,19.918],[114.999,20.007],[115.425,20.048],[115.851,20.087],[116.277,20.125],[116.703,20.162],[116.692,20.293],[117.184,20.333],[117.609,20.365],[118.034,20.395],[118.395,20.425],[118.903,20.446],[119.411,20.466],[119.92,20.484],[120.428,20.501],[120.937,20.517],[121.446,20.53],[121.955,20.543]]}},{"type":"Feature","properties":{"boundary_type":"subduction","feature_type":"gpml:SubductionZone","polarity":"Right","overriding_plate_id":101,"subducting_plate_id":901,"plate_ids":[101,901],"name":"Aleutian and Bering Sea Masking Polygon"},"geometry":{"type":"LineString","coordinates":[[-126.075,65.367],[-127.081,65.197],[-128.073,65.019],[-129.052,64.836],[-130.018,64.646],[-130.97,64.449],[-131.908,64.247],[-132.832,64.039],[-133.743,63.824],[-134.639,63.605],[-135.522,63.379],[-136.341,63.144],[-137.147,62.903],[-137.939,62.659],[-138.718,62.409],[-139.485,62.156],[-140.238,61.898],[-140.979,61.636],[-141.527,61.454],[-142.068,61.269],[-142.518,61.107],[-142.964,60.944],[-143.595,60.835],[-144.223,60.722],[-145.026,60.518],[-145.507,60.386],[-145.984,60.252],[-146.526,60.122],[-147.064,59.99],[-147.869,59.821],[-148.726,59.714],[-149.577,59.601],[-150.423,59.482],[-151.262,59.358],[-152.096,59.229],[-152.923,59.094],[-153.829,58.995],[-154.73,58.889],[-155.625,58.777],[-156.514,58.659],[-157.397,58.535],[-158.274,58.404],[-159.144,58.268],[-160.044,58.171],[-160.939,58.067],[-161.829,57.957],[-162.713,57.841],[-163.591,57.718],[-164.463,57.59],[-165.355,57.582],[-166.246,57.567],[-167.136,57.547],[-168.025,57.52],[-168.913,57.487],[-169.799,57.447],[-170.683,57.402],[-171.565,57.35],[-172.309,57.421],[-173.057,57.487],[-173.808,57.549],[-174.56,57.606],[-175.437,57.724],[-176.319,57.835],[-177.206,57.94],[-178.099,58.039],[-178.854,58.254],[-179.618,58.465],[179.609,58.672],[178.827,58.873],[178.035,59.07],[177.235,59.262],[176.498,59.52],[175.749,59.774],[174.989,60.024],[174.218,60.269],[173.435,60.509],[172.641,60.745],[171.834,60.976],[171.476,61.112]]}},{"type":"Feature","properties":{"boundary_type":"subduction","feature_type":"gpml:SubductionZone","polarity":"Right","overriding_plate_id":101,"subducting_plate_id":406,"plate_ids":[101,406],"name":"Aleutian and Bering Sea Masking Polygon"},"geometry":{"type":"LineString","coordinates":[[171.476,61.112],[170.656,61.413],[169.82,61.71],[168.968,62.001],[168.1,62.287]]}},{"type":"Feature","properties":{"boundary_type":"subduction","feature_type":"gpml:SubductionZone","polarity":"Right","overriding_plate_id":802,"subducting_plate_id":904,"plate_ids":[802,904],"name":"ANT NAZ 060 015 TF"},"geometry":{"type":"LineString","coordinates":[[-83.842,-69.415],[-83.205,-69.269],[-82.046,-68.999],[-80.915,-68.721],[-80.113,-68.471],[-79.328,-68.217],[-78.363,-67.909],[-77.423,-67.597],[-76.495,-67.261],[-75.592,-66.921],[-74.711,-66.762],[-73.841,-66.599],[-72.81,-66.497],[-71.788,-66.389],[-70.775,-66.275],[-70.116,-66.149],[-69.464,-66.02],[-68.646,-65.902],[-67.836,-65.779],[-67.034,-65.652],[-66.24,-65.52],[-65.884,-65.409]]}},{"type":"Feature","properties":{"boundary_type":"subduction","feature_type":"gpml:SubductionZone","polarity":"Right","overriding_plate_id":101,"subducting_plate_id":902,"plate_ids":[101,902],"name":"COCOS - NORTH AMERICA TRENCH 1"},"geometry":{"type":"LineString","coordinates":[[-89.307,14.371],[-89.56,14.439],[-89.813,14.507],[-90.073,14.578],[-90.333,14.648],[-90.765,14.832],[-91.198,15.016],[-91.308,15.27],[-91.418,15.525],[-91.694,15.711],[-91.972,15.897],[-92.206,16.027],[-92.44,16.157],[-92.816,16.356],[-93.192,16.554],[-93.519,16.746],[-93.846,16.938],[-94.172,17.131],[-94.499,17.323],[-94.869,17.571],[-95.239,17.819],[-95.524,18.049],[-95.811,18.279],[-96.069,18.533],[-96.328,18.787],[-96.615,18.991],[-96.904,19.195],[-97.281,19.537],[-97.557,19.871],[-97.658,20.165],[-97.759,20.459],[-97.747,20.875],[-97.735,21.29],[-97.65,21.674],[-97.564,22.057],[-97.601,22.39],[-97.638,22.722],[-97.675,23.055],[-97.673,23.132]]}},{"type":"Feature","properties":{"boundary_type":"subduction","feature_type":"gpml:SubductionZone","polarity":"Left","overriding_plate_id":607,"subducting_plate_id":501,"plate_ids":[501,607],"name":"Indonesian bndy w AUS-mg"},"geometry":{"type":"LineString","coordinates":[[90.609,8.407],[90.809,8.023],[91.008,7.638],[91.208,7.254]]}},{"type":"Feature","properties":{"boundary_type":"subduction","feature_type":"gpml:SubductionZone","polarity":"Left","overriding_plate_id":607,"subducting_plate_id":511,"plate_ids":[511,607],"name":"Indonesian bndy w AUS-mg"},"geometry":{"type":"LineString","coordinates":[[91.208,7.254],[91.403,6.877],[91.597,6.5],[91.792,6.123],[91.986,5.746],[92.18,5.368],[92.287,5.261]]}},{"type":"Feature","properties":{"boundary_type":"subduction","feature_type":"gpml:SubductionZone","polarity":"Left","overriding_plate_id":686,"subducting_plate_id":511,"plate_ids":[511,686],"name":"Indonesian bndy w AUS-mg"},"geometry":{"type":"LineString","coordinates":[[92.287,5.261],[92.613,4.935],[92.938,4.608],[93.264,4.282],[93.589,3.955],[93.913,3.628],[94.238,3.301],[94.626,3.018],[95.014,2.735],[95.402,2.452],[95.789,2.169],[96.177,1.885],[96.564,1.602],[96.951,1.319],[97.338,1.035],[97.732,0.73],[98.126,0.425],[98.52,0.12],[98.913,-0.185],[99.307,-0.49],[99.701,-0.795],[100.094,-1.1],[100.488,-1.404],[100.872,-1.692],[101.255,-1.98],[101.639,-2.267],[102.022,-2.555],[102.406,-2.842],[102.79,-3.129],[103.175,-3.416],[103.495,-3.615],[103.815,-3.814],[104.136,-4.013],[104.457,-4.212]]}},{"type":"Feature","properties":{"boundary_type":"subduction","feature_type":"gpml:SubductionZone","polarity":"Left","overriding_plate_id":659,"subducting_plate_id":901,"plate_ids":[659,901],"name":"Izu Bonin Mariana Trench"},"geometry":{"type":"LineString","coordinates":[[148.319,31.305],[148.017,31.724],[147.805,32.018],[147.593,32.311],[147.379,32.604],[147.2,32.977],[147.02,33.349],[146.838,33.721],[146.655,34.092],[146.47,34.463],[146.287,34.94],[146.101,35.416],[145.913,35.892],[145.723,36.368],[145.508,36.747],[145.291,37.126],[145.073,37.504],[144.852,37.881],[144.671,38.241],[144.488,38.601],[144.303,38.96],[144.121,39.334],[143.937,39.708],[143.751,40.082],[143.563,40.455],[143.371,40.854],[143.177,41.253],[142.98,41.652],[142.781,42.051],[142.55,42.413],[142.315,42.776],[142.078,43.137],[141.838,43.498],[141.596,43.859],[141.475,44.164],[141.353,44.469]]}},{"type":"Feature","properties":{"boundary_type":"subduction","feature_type":"gpml:SubductionZone","polarity":"Right","overriding_plate_id":301,"subducting_plate_id":901,"plate_ids":[301,901],"name":"Japan sub zone fromEarthByte cob MG 4-20-07"},"geometry":{"type":"LineString","coordinates":[[142.319,51.302],[142.297,50.856],[142.275,50.409],[142.175,49.95],[142.077,49.491],[141.982,49.033],[141.992,48.595],[142.002,48.158],[142.012,47.721],[142.022,47.284],[142.032,46.847],[141.923,46.438],[141.816,46.028],[141.711,45.618],[141.607,45.208],[141.479,44.839],[141.353,44.469]]}},{"type":"Feature","properties":{"boundary_type":"subduction","feature_type":"gpml:SubductionZone","polarity":"Right","overriding_plate_id":301,"subducting_plate_id":659,"plate_ids":[301,659],"name":"Japan sub zone fromEarthByte cob MG 4-20-07"},"geometry":{"type":"LineString","coordinates":[[141.353,44.469],[141.271,44.225],[141.034,43.838],[140.8,43.45],[140.569,43.062],[140.206,42.669],[139.848,42.276],[139.626,41.875],[139.407,41.475],[138.826,41.342],[138.247,41.206],[137.671,41.067],[137.098,40.926],[136.585,40.623],[136.078,40.319]]}},{"type":"Feature","properties":{"boundary_type":"subduction","feature_type":"gpml:SubductionZone","polarity":"Right","overriding_plate_id":null,"subducting_plate_id":null,"plate_ids":[301],"name":"Japan sub zone fromEarthByte cob MG 4-20-07"},"geometry":{"type":"LineString","coordinates":[[136.078,40.319],[135.714,40.097],[135.352,39.874],[134.992,39.65],[134.509,39.371],[134.029,39.089],[133.553,38.806],[133.237,38.669],[132.921,38.532],[132.511,38.356],[132.103,38.178],[131.696,37.999],[131.278,37.737],[130.862,37.474],[130.49,37.189],[130.121,36.902],[129.754,36.615],[129.288,36.436],[128.824,36.256],[128.362,36.073],[127.903,35.889],[127.445,35.703]]}},{"type":"Feature","properties":{"boundary_type":"subduction","feature_type":"gpml:SubductionZone","polarity":"Right","overriding_plate_id":406,"subducting_plate_id":901,"plate_ids":[406,901],"name":"Kamchatka SZ from EarthByte COB at 0Ma -- MG 4/20/07"},"geometry":{"type":"LineString","coordinates":[[159.728,59.965],[159.143,59.61],[158.569,59.253],[158.008,58.893],[157.589,58.619],[157.177,58.343],[156.772,58.066],[156.323,57.827],[155.881,57.586],[155.445,57.344],[154.783,57.078],[154.13,56.81],[153.487,56.537],[152.853,56.262],[152.228,55.983],[151.612,55.701],[151.239,55.481]]}},{"type":"Feature","properties":{"boundary_type":"subduction","feature_type":"gpml:SubductionZone","polarity":"Right","overriding_plate_id":null,"subducting_plate_id":null,"plate_ids":[901],"name":"Kamchatka SZ from EarthByte COB at 0Ma -- MG 4/20/07"},"geometry":{"type":"LineString","coordinates":[[151.239,55.481],[150.787,55.209],[150.342,54.935],[149.903,54.66],[149.444,54.33]]}},{"type":"Feature","properties":{"boundary_type":"subduction","feature_type":"gpml:SubductionZone","polarity":"Right","overriding_plate_id":301,"subducting_plate_id":901,"plate_ids":[301,901],"name":"Kamchatka SZ from EarthByte COB at 0Ma -- MG 4/20/07"},"geometry":{"type":"LineString","coordinates":[[149.444,54.33],[149.035,54.031],[148.422,53.743],[147.818,53.453],[147.222,53.159],[146.634,52.863],[145.969,52.667],[145.311,52.467],[144.659,52.263],[144.085,52.03],[143.517,51.794],[142.955,51.555],[142.319,51.302]]}},{"type":"Feature","properties":{"boundary_type":"subduction","feature_type":"gpml:SubductionZone","polarity":"Right","overriding_plate_id":839,"subducting_plate_id":901,"plate_ids":[839,901],"name":"Kermadec Trench DiCaprio"},"geometry":{"type":"LineString","coordinates":[[-175.0,-29.153],[-175.056,-29.449],[-175.111,-29.746],[-175.23,-30.173],[-175.35,-30.601],[-175.471,-31.027],[-175.593,-31.454],[-175.716,-31.881],[-175.84,-32.308],[-175.965,-32.734],[-176.092,-33.16],[-176.152,-33.61],[-176.213,-34.059],[-176.275,-34.509],[-176.337,-34.958],[-176.307,-35.334],[-176.276,-35.711],[-176.245,-36.087],[-176.444,-36.451],[-176.644,-36.814],[-176.847,-37.178],[-177.051,-37.54]]}},{"type":"Feature","properties":{"boundary_type":"subduction","feature_type":"gpml:SubductionZone","polarity":"Right","overriding_plate_id":801,"subducting_plate_id":901,"plate_ids":[801,901],"name":"Kermadec Trench DiCaprio"},"geometry":{"type":"LineString","coordinates":[[-177.051,-37.54],[-177.21,-37.82],[-177.37,-38.1],[-177.621,-38.462],[-177.875,-38.822],[-178.131,-39.183],[-178.39,-39.543],[-178.577,-39.764],[-178.766,-39.985]]}},{"type":"Feature","properties":{"boundary_type":"subduction","feature_type":"gpml:SubductionZone","polarity":"Left","overriding_plate_id":301,"subducting_plate_id":503,"plate_ids":[301,503],"name":"Mediterranean Subduction, DB 04-2007"},"geometry":{"type":"LineString","coordinates":[[39.43,34.465],[39.77,34.418],[40.109,34.371],[40.649,34.307],[41.188,34.242],[41.726,34.174],[41.995,33.994],[42.263,33.814],[42.563,33.607],[42.861,33.4],[43.193,33.201],[43.524,33.0],[43.852,32.799],[44.301,32.535],[44.747,32.269],[45.19,32.002],[45.678,31.749],[46.164,31.494],[46.647,31.238],[47.127,30.979],[47.604,30.719],[48.087,30.455],[48.566,30.188],[49.043,29.92],[49.518,29.651],[49.99,29.379],[50.459,29.106],[50.891,28.818],[51.32,28.528],[51.747,28.236],[52.172,27.943],[52.594,27.649],[52.995,27.372],[53.393,27.093],[53.79,26.813],[54.185,26.532],[54.578,26.249],[54.968,25.966],[55.41,25.826],[55.85,25.685],[56.289,25.542],[56.727,25.399],[57.164,25.254],[57.601,25.107],[58.066,24.964],[58.53,24.82],[58.992,24.674],[59.454,24.526],[59.93,24.449],[60.405,24.371],[60.88,24.291],[61.354,24.21],[61.828,24.127],[62.285,24.204],[62.743,24.28],[63.201,24.354],[63.66,24.427],[64.119,24.499],[64.39,24.528]]}},{"type":"Feature","properties":{"boundary_type":"subduction","feature_type":"gpml:SubductionZone","polarity":"Left","overriding_plate_id":645,"subducting_plate_id":801,"plate_ids":[645,801],"name":"Sulawesi subduction"},"geometry":{"type":"LineString","coordinates":[[119.953,-4.924],[120.347,-4.908],[120.742,-4.892],[121.136,-4.876],[121.554,-4.824],[121.971,-4.773],[122.389,-4.721],[122.806,-4.669],[123.278,-4.728],[123.751,-4.788],[124.224,-4.846],[124.696,-4.905],[125.169,-4.963],[125.642,-5.021],[126.072,-4.983],[126.502,-4.944],[126.932,-4.905],[127.362,-4.866],[127.792,-4.827],[128.221,-4.787],[128.651,-4.747],[129.11,-4.715],[129.57,-4.683],[130.029,-4.65],[130.488,-4.617],[130.947,-4.584],[131.406,-4.55],[131.865,-4.516],[132.324,-4.482],[132.783,-4.448]]}},{"type":"Feature","properties":{"boundary_type":"subduction","feature_type":"gpml:SubductionZone","polarity":"Right","overriding_plate_id":839,"subducting_plate_id":901,"plate_ids":[839,901],"name":"Tonga Trench DiCaprio"},"geometry":{"type":"LineString","coordinates":[[-178.229,-13.197],[-178.049,-13.647],[-177.868,-14.097],[-177.686,-14.547],[-177.503,-14.996],[-177.298,-15.397],[-177.092,-15.797],[-176.885,-16.197],[-176.677,-16.597],[-176.469,-16.996],[-176.384,-17.389],[-176.3,-17.782],[-176.215,-18.174],[-176.129,-18.567],[-176.043,-18.959],[-175.924,-19.426],[-175.805,-19.893],[-175.684,-20.359],[-175.563,-20.826],[-175.442,-21.292],[-175.458,-21.791],[-175.475,-22.289],[-175.492,-22.787],[-175.509,-23.285],[-175.526,-23.783],[-175.544,-24.281],[-175.544,-24.66],[-175.544,-25.04],[-175.544,-25.419],[-175.544,-25.799],[-175.506,-26.282],[-175.469,-26.766],[-175.43,-27.249],[-175.392,-27.733],[-175.262,-28.206],[-175.132,-28.679],[-175.0,-29.153]]}},{"type":"Feature","properties":{"boundary_type":"subduction","feature_type":"gpml:SubductionZone","polarity":"Right","overriding_plate_id":101,"subducting_plate_id":902,"plate_ids":[101,902],"name":"Trench Baja California COB MG 4-30-07"},"geometry":{"type":"LineString","coordinates":[[-97.673,23.132],[-97.707,23.156],[-97.859,23.203],[-98.112,23.396],[-98.174,23.44],[-98.319,23.628],[-98.465,23.808],[-98.576,23.945],[-98.791,24.21],[-98.987,24.465],[-99.15,24.661],[-99.276,24.872],[-99.402,25.091],[-99.57,25.368],[-99.69,25.511],[-99.808,25.712],[-100.061,25.897],[-100.315,26.082],[-100.45,26.274],[-100.614,26.443],[-100.772,26.554],[-100.961,26.756],[-101.142,26.949],[-101.319,27.206],[-101.334,27.279],[-101.392,27.402],[-101.49,27.693],[-101.619,27.848],[-101.802,28.035],[-101.985,28.222],[-102.081,28.433],[-102.123,28.611],[-102.357,28.861],[-102.537,29.077],[-102.668,29.203],[-102.801,29.299],[-102.988,29.429],[-103.032,29.578],[-103.134,29.701],[-103.227,29.942],[-103.324,30.123],[-103.444,30.365],[-103.62,30.611],[-103.658,30.818],[-103.701,30.968],[-103.726,31.062]]}},{"type":"Feature","properties":{"boundary_type":"subduction","feature_type":"gpml:SubductionZone","polarity":"Right","overriding_plate_id":101,"subducting_plate_id":903,"plate_ids":[101,903],"name":"Western NAM subduction"},"geometry":{"type":"LineString","coordinates":[[-110.519,37.002],[-110.781,37.325],[-111.045,37.647],[-111.267,37.979],[-111.49,38.312],[-111.716,38.644],[-111.944,38.975],[-112.284,39.399],[-112.629,39.822],[-112.977,40.244],[-113.33,40.665],[-113.58,41.106],[-113.834,41.547],[-114.091,41.987],[-114.352,42.427],[-114.423,42.875],[-114.496,43.323],[-114.57,43.77],[-114.645,44.218],[-114.721,44.665],[-114.798,45.113],[-114.565,45.496],[-114.329,45.878],[-114.09,46.259],[-113.848,46.64],[-113.602,47.021],[-113.512,47.489],[-113.419,47.958],[-113.325,48.426],[-113.23,48.895],[-113.299,49.366],[-113.369,49.838],[-113.441,50.309],[-113.514,50.78],[-113.591,51.179],[-113.668,51.578],[-113.748,51.977]]}},{"type":"Feature","properties":{"boundary_type":"transform","feature_type":"gpml:Transform","polarity":null,"overriding_plate_id":null,"subducting_plate_id":null,"plate_ids":[673,801],"name":"West Sulawesi Transform"},"geometry":{"type":"LineString","coordinates":[[119.563,-7.355],[119.602,-7.062],[119.642,-6.769],[119.72,-6.308],[119.797,-5.847],[119.875,-5.385],[119.953,-4.924]]}},{"type":"Feature","properties":{"boundary_type":"transform","feature_type":"gpml:Transform","polarity":null,"overriding_plate_id":null,"subducting_plate_id":null,"plate_ids":[645,673],"name":"West Sulawesi Transform"},"geometry":{"type":"LineString","coordinates":[[119.953,-4.924],[119.955,-4.909],[120.061,-4.506],[120.166,-4.103],[120.271,-3.701],[120.377,-3.298],[120.482,-2.895],[120.493,-2.399],[120.503,-1.902],[120.514,-1.406],[120.525,-0.909],[120.536,-0.413],[120.546,0.084],[120.557,0.58],[120.568,1.076],[120.723,1.51],[120.879,1.943],[121.035,2.376],[120.981,2.789],[120.926,3.202],[120.872,3.614],[120.818,4.027],[121.152,4.341],[121.486,4.655],[121.821,4.969],[122.156,5.283],[122.276,5.557],[122.397,5.831]]}},{"type":"Feature","properties":{"boundary_type":"other","feature_type":"gpml:TerraneBoundary","polarity":null,"overriding_plate_id":null,"subducting_plate_id":null,"plate_ids":[501,511],"name":"Capricorn Boundary (Kreemer et al 2003)"},"geometry":{"type":"LineString","coordinates":[[67.177,-9.22],[67.522,-9.194],[67.866,-9.167],[68.211,-9.14],[68.713,-9.078],[69.215,-9.015],[69.716,-8.952],[70.218,-8.888],[70.719,-8.824],[71.22,-8.758],[71.721,-8.692],[72.199,-8.554],[72.677,-8.415],[73.154,-8.275],[73.631,-8.135],[74.108,-7.994],[74.584,-7.853],[75.061,-7.711],[75.536,-7.568],[76.012,-7.425],[76.487,-7.282],[76.962,-7.138],[77.436,-6.994],[77.89,-6.78],[78.343,-6.567],[78.796,-6.353],[79.249,-6.139],[79.701,-5.924],[80.023,-5.597],[80.344,-5.271],[80.664,-4.944],[80.985,-4.617],[81.255,-4.246],[81.524,-3.874],[81.794,-3.502],[82.063,-3.131],[82.332,-2.759],[82.6,-2.387],[82.998,-2.166],[83.396,-1.944],[83.793,-1.723],[84.191,-1.501],[84.588,-1.28],[84.986,-1.058],[85.238,-0.648],[85.491,-0.237],[85.743,0.173],[85.996,0.584],[86.248,0.994],[86.545,1.364],[86.842,1.733],[87.138,2.102],[87.435,2.472],[87.732,2.841],[88.03,3.21],[88.327,3.579],[88.625,3.948],[88.923,4.316],[89.221,4.685],[89.52,5.054],[89.8,5.421],[90.081,5.787],[90.362,6.154],[90.643,6.521],[90.925,6.887],[91.208,7.254]]}},{"type":"Feature","properties":{"boundary_type":"other","feature_type":"gpml:TerraneBoundary","polarity":null,"overriding_plate_id":null,"subducting_plate_id":null,"plate_ids":[511,801],"name":"Capricorn Boundary (Kreemer et al 2003)"},"geometry":{"type":"LineString","coordinates":[[78.445,-40.647],[78.772,-40.283],[79.097,-39.919],[79.506,-39.576],[79.911,-39.232],[80.312,-38.887],[80.71,-38.54],[81.103,-38.192],[81.493,-37.842],[81.78,-37.533],[82.065,-37.223],[82.348,-36.912],[82.628,-36.6],[82.948,-36.194],[83.265,-35.787],[83.578,-35.378],[83.888,-34.97],[84.195,-34.56],[84.499,-34.149],[84.88,-33.799],[85.257,-33.448],[85.632,-33.095],[86.004,-32.741],[86.373,-32.386],[86.739,-32.03],[87.102,-31.673],[87.462,-31.315],[87.82,-30.956],[88.189,-30.61],[88.555,-30.263],[88.919,-29.915],[89.281,-29.566],[89.639,-29.216],[89.96,-28.84],[90.278,-28.463],[90.593,-28.085],[90.907,-27.707],[91.218,-27.328],[91.528,-26.949],[91.835,-26.569],[92.14,-26.188],[92.443,-25.806],[92.732,-25.477],[93.02,-25.147],[93.306,-24.816],[93.59,-24.485],[93.873,-24.153],[94.155,-23.821],[94.402,-23.433],[94.648,-23.044],[94.893,-22.656],[95.136,-22.267],[95.377,-21.877],[95.618,-21.487],[95.905,-21.113],[96.19,-20.739],[96.474,-20.363],[96.757,-19.988],[97.077,-19.758],[97.395,-19.529],[97.713,-19.298],[98.03,-19.067],[98.476,-18.809],[98.921,-18.55],[99.365,-18.29],[99.807,-18.029],[100.248,-17.767],[100.687,-17.504],[101.126,-17.24],[101.495,-16.967],[101.863,-16.693],[102.231,-16.419],[102.597,-16.144],[102.962,-15.868],[103.326,-15.592],[103.69,-15.316],[104.052,-15.038],[104.413,-14.76],[104.812,-14.462],[105.21,-14.163],[105.608,-13.863],[106.004,-13.563],[106.399,-13.262],[106.793,-12.96],[107.186,-12.658],[107.578,-12.355],[107.97,-12.052],[108.36,-11.748],[108.75,-11.443],[109.138,-11.138],[109.526,-10.833],[109.913,-10.527],[110.3,-10.22],[110.685,-9.914],[111.07,-9.606],[111.454,-9.299],[111.838,-8.99],[112.221,-8.682],[112.603,-8.373],[112.985,-8.064],[113.366,-7.754],[113.746,-7.444],[114.08,-7.186],[114.413,-6.928],[114.746,-6.67],[115.079,-6.411],[115.411,-6.152]]}},{"type":"Feature","properties":{"boundary_type":"other","feature_type":"gpml:TerraneBoundary","polarity":null,"overriding_plate_id":null,"subducting_plate_id":null,"plate_ids":[802,901],"name":"E/W ANT"},"geometry":{"type":"LineString","coordinates":[[171.44,-65.1],[172.113,-65.414],[172.737,-65.721],[173.376,-66.027],[174.031,-66.329],[174.419,-66.613],[174.817,-66.896]]}},{"type":"Feature","properties":{"boundary_type":"transform","feature_type":"gpml:Transform","polarity":null,"overriding_plate_id":null,"subducting_plate_id":null,"plate_ids":[101,301],"name":"King's Trough"},"geometry":{"type":"LineString","coordinates":[[-23.644,38.327],[-23.549,38.306]]}},{"type":"Feature","properties":{"boundary_type":"transform","feature_type":"gpml:Transform","polarity":null,"overriding_plate_id":null,"subducting_plate_id":null,"plate_ids":[301,603],"name":"Red River Fault"},"geometry":{"type":"LineString","coordinates":[[94.878,31.114],[95.283,30.777],[95.685,30.439],[96.085,30.1],[96.481,29.76],[96.826,29.408],[97.168,29.055],[97.508,28.7],[97.846,28.346],[98.181,27.99],[98.52,27.712],[98.858,27.434],[99.193,27.155],[99.527,26.875],[99.911,26.674],[100.293,26.472],[100.674,26.268],[101.053,26.064]]}},{"type":"Feature","properties":{"boundary_type":"transform","feature_type":"gpml:Transform","polarity":null,"overriding_plate_id":null,"subducting_plate_id":null,"plate_ids":[301,604],"name":"Red River Fault"},"geometry":{"type":"LineString","coordinates":[[101.053,26.064],[101.292,25.935],[101.678,25.717],[102.062,25.497],[102.445,25.277],[102.827,25.055],[103.207,24.833],[103.592,24.538],[103.975,24.242],[104.356,23.945],[104.735,23.648],[105.113,23.349],[105.489,23.05],[105.863,22.749],[106.273,22.443],[106.682,22.136],[107.088,21.828],[107.493,21.518],[107.896,21.208],[108.298,20.897]]}},{"type":"Feature","properties":{"boundary_type":"transform","feature_type":"gpml:Transform","polarity":null,"overriding_plate_id":null,"subducting_plate_id":null,"plate_ids":[603,604],"name":"Three Pagodas Fault (inferred extent)"},"geometry":{"type":"LineString","coordinates":[[101.053,26.064],[101.007,25.808],[100.953,25.399],[100.899,24.99],[100.846,24.58],[100.792,24.171],[100.661,23.816],[100.53,23.462],[100.401,23.108],[100.194,22.663],[99.989,22.218],[99.784,21.772],[99.71,21.3],[99.635,20.828],[99.561,20.355],[99.488,19.883],[99.479,19.461],[99.471,19.039],[99.463,18.617],[99.455,18.194],[99.447,17.772],[99.439,17.35],[99.6,16.884],[99.761,16.417]]}},{"type":"Feature","properties":{"boundary_type":"transform","feature_type":"gpml:Transform","polarity":null,"overriding_plate_id":null,"subducting_plate_id":null,"plate_ids":[604,673],"name":"Three Pagodas Fault (inferred extent)"},"geometry":{"type":"LineString","coordinates":[[99.761,16.417],[99.919,15.953],[100.077,15.489],[100.234,15.025],[100.537,14.645],[100.839,14.265],[101.139,13.884],[101.439,13.503],[101.738,13.122],[102.035,12.74],[102.332,12.358],[102.628,11.976],[102.924,11.593],[103.218,11.21],[103.585,10.952],[103.952,10.692],[104.317,10.433],[104.683,10.172],[105.047,9.912],[105.411,9.651],[105.775,9.39],[106.138,9.128],[106.57,9.034],[107.002,8.94],[107.433,8.845],[107.864,8.75],[108.296,8.654],[108.727,8.557],[109.192,8.464],[109.657,8.37],[110.122,8.276],[110.587,8.181]]}},{"type":"Feature","properties":{"boundary_type":"other","feature_type":"gpml:UnclassifiedFeature","polarity":null,"overriding_plate_id":null,"subducting_plate_id":null,"plate_ids":[101,406],"name":"NE SIberia"},"geometry":{"type":"LineString","coordinates":[[168.1,62.287],[167.658,62.63],[167.206,62.972],[166.81,63.347],[166.403,63.721],[165.985,64.094],[165.313,64.496],[164.62,64.896],[163.906,65.292],[163.171,65.684],[162.619,66.024],[162.053,66.362],[161.471,66.698],[160.873,67.032],[160.258,67.363],[160.212,67.387]]}},{"type":"Feature","properties":{"boundary_type":"transform","feature_type":"gpml:Transform","polarity":null,"overriding_plate_id":null,"subducting_plate_id":null,"plate_ids":[801,853],"name":"Extend deforming zone"},"geometry":{"type":"LineString","coordinates":[[173.911,-38.086],[173.992,-38.055],[174.573,-38.042],[175.154,-38.027],[175.735,-38.008],[176.315,-37.987],[176.895,-37.963],[177.475,-37.936]]}},{"type":"Feature","properties":{"boundary_type":"transform","feature_type":"gpml:Transform","polarity":null,"overriding_plate_id":null,"subducting_plate_id":null,"plate_ids":[801,839],"name":"Extend deforming zone"},"geometry":{"type":"LineString","coordinates":[[177.475,-37.936],[178.086,-37.905],[178.696,-37.87],[179.306,-37.832],[179.915,-37.792],[-179.477,-37.748],[-178.869,-37.7],[-178.262,-37.65],[-177.656,-37.597],[-177.051,-37.54]]}},{"type":"Feature","properties":{"boundary_type":"subduction","feature_type":"gpml:SubductionZone","polarity":"Right","overriding_plate_id":406,"subducting_plate_id":901,"plate_ids":[406,901],"name":"Shirshov Ridge Subduction"},"geometry":{"type":"LineString","coordinates":[[171.476,61.112],[171.066,61.052],[170.572,60.784],[170.086,60.513],[169.608,60.241],[169.183,59.862],[168.547,59.625],[167.668,59.399],[167.071,59.402],[166.474,59.403],[165.731,59.461],[164.986,59.515],[164.487,59.597],[163.986,59.676],[163.141,59.745],[162.292,59.808],[161.44,59.866],[160.585,59.918],[159.728,59.965]]}},{"type":"Feature","properties":{"boundary_type":"ridge","feature_type":"gpml:MidOceanRidge","polarity":null,"overriding_plate_id":null,"subducting_plate_id":null,"plate_ids":[901,902],"name":"COCO-PAC MOR"},"geometry":{"type":"LineString","coordinates":[[-102.942,15.107],[-102.86,14.629],[-102.777,14.152],[-102.695,13.675],[-102.613,13.197],[-102.531,12.72],[-102.45,12.243],[-102.369,11.765],[-102.289,11.288],[-102.208,10.81],[-102.128,10.333],[-102.048,9.855],[-101.968,9.378],[-101.889,8.9],[-101.81,8.423],[-101.731,7.945],[-101.652,7.468],[-101.573,6.99],[-101.495,6.512],[-101.416,6.035],[-101.338,5.557],[-101.8,5.498],[-102.262,5.439],[-102.724,5.379],[-103.185,5.319],[-103.647,5.259],[-104.108,5.199],[-104.57,5.138],[-105.031,5.076],[-105.492,5.015],[-105.953,4.953],[-106.414,4.891],[-106.284,4.464],[-106.153,4.037],[-106.022,3.61],[-105.892,3.183],[-105.761,2.756],[-105.631,2.329],[-105.501,1.902],[-105.371,1.476],[-104.991,1.546],[-104.612,1.617],[-104.534,1.162],[-104.457,0.707],[-104.38,0.252],[-104.302,-0.202],[-104.225,-0.657],[-104.148,-1.112],[-104.07,-1.567],[-103.993,-2.022],[-103.568,-1.949],[-103.144,-1.876],[-102.72,-1.803],[-102.746,-2.235],[-102.772,-2.667],[-102.798,-3.099],[-102.824,-3.531],[-102.85,-3.963],[-102.876,-4.395]]}},{"type":"Feature","properties":{"boundary_type":"ridge","feature_type":"gpml:MidOceanRidge","polarity":null,"overriding_plate_id":null,"subducting_plate_id":null,"plate_ids":[901,902],"name":"NAZ-PAC MOR"},"geometry":{"type":"LineString","coordinates":[[-102.876,-4.395],[-102.897,-4.559],[-102.911,-4.668]]}},{"type":"Feature","properties":{"boundary_type":"ridge","feature_type":"gpml:MidOceanRidge","polarity":null,"overriding_plate_id":null,"subducting_plate_id":null,"plate_ids":[901,911],"name":"NAZ-PAC MOR"},"geometry":{"type":"LineString","coordinates":[[-102.911,-4.668],[-102.972,-5.151],[-103.033,-5.634],[-103.094,-6.117],[-103.156,-6.6],[-103.217,-7.083],[-103.279,-7.566],[-103.341,-8.049],[-103.403,-8.531],[-103.465,-9.014],[-103.527,-9.497],[-103.59,-9.98],[-103.652,-10.463],[-103.715,-10.945],[-103.778,-11.428],[-103.841,-11.911],[-103.905,-12.394],[-103.968,-12.876],[-104.032,-13.359],[-104.097,-13.842],[-104.161,-14.324],[-104.226,-14.807],[-104.291,-15.29],[-104.79,-15.245],[-105.288,-15.199],[-105.787,-15.151],[-106.285,-15.103],[-106.783,-15.053],[-107.281,-15.003],[-107.778,-14.951],[-108.275,-14.899],[-108.772,-14.845],[-109.269,-14.79],[-109.765,-14.734],[-109.767,-15.198],[-109.768,-15.663],[-109.77,-16.127],[-109.772,-16.592],[-109.773,-17.056],[-109.775,-17.521],[-109.776,-17.985],[-109.778,-18.45],[-109.779,-18.914],[-109.781,-19.378],[-109.782,-19.843],[-109.784,-20.328],[-109.786,-20.813],[-109.788,-21.298],[-109.79,-21.783],[-109.792,-22.268],[-109.794,-22.753],[-109.796,-23.238],[-109.798,-23.724],[-109.8,-24.209],[-109.802,-24.694],[-109.804,-25.179],[-110.282,-25.176],[-110.76,-25.171],[-111.237,-25.165],[-111.715,-25.157],[-112.192,-25.148],[-112.669,-25.137],[-112.685,-25.615],[-112.7,-26.094],[-112.716,-26.572],[-112.731,-27.05],[-112.747,-27.528],[-112.763,-28.006],[-112.779,-28.484],[-112.796,-28.963],[-112.812,-29.441],[-112.829,-29.919],[-112.846,-30.397],[-112.863,-30.875],[-112.88,-31.353],[-112.897,-31.832],[-112.914,-32.31],[-112.932,-32.788],[-112.95,-33.266],[-112.968,-33.744],[-112.986,-34.222],[-113.004,-34.7],[-113.023,-35.179],[-112.458,-35.351],[-111.89,-35.521],[-111.321,-35.689],[-110.748,-35.853],[-110.174,-36.015],[-109.597,-36.175],[-109.017,-36.331],[-108.436,-36.485],[-107.852,-36.635],[-107.266,-36.783],[-106.677,-36.928],[-106.086,-37.071],[-106.098,-37.546],[-106.11,-38.021],[-106.122,-38.497],[-106.135,-38.972],[-106.147,-39.448],[-106.16,-39.923],[-106.172,-40.398],[-106.185,-40.874],[-106.199,-41.349],[-105.682,-41.483],[-105.163,-41.615],[-104.642,-41.745],[-104.119,-41.872],[-103.594,-41.997]]}},{"type":"Feature","properties":{"boundary_type":"ridge","feature_type":"gpml:MidOceanRidge","polarity":null,"overriding_plate_id":null,"subducting_plate_id":null,"plate_ids":[101,301],"name":"Ridge from iso A6 from NorthAmerica 20.1Ma"},"geometry":{"type":"LineString","coordinates":[[-23.549,38.306],[-23.801,37.912],[-24.05,37.518],[-24.296,37.123],[-24.54,36.727],[-24.607,36.426],[-24.678,36.168],[-24.774,35.685],[-24.869,35.202],[-24.97,35.018],[-25.065,34.558],[-25.16,34.099],[-25.453,34.033],[-25.526,33.664],[-25.598,33.295],[-25.504,33.247],[-25.6,32.781],[-25.696,32.314],[-25.79,31.848],[-25.891,31.847],[-26.137,31.486],[-26.381,31.123],[-26.595,31.147],[-26.686,30.966],[-27.119,31.085],[-27.552,31.203],[-27.987,31.319],[-28.164,30.925],[-28.34,30.531],[-28.379,30.542],[-28.677,30.241],[-28.972,29.939],[-29.266,29.636]]}},{"type":"Feature","properties":{"boundary_type":"ridge","feature_type":"gpml:MidOceanRidge","polarity":null,"overriding_plate_id":null,"subducting_plate_id":null,"plate_ids":[101,701],"name":"Ridge from iso A6 from NorthAmerica 20.1Ma"},"geometry":{"type":"LineString","coordinates":[[-29.266,29.636],[-29.41,29.486],[-29.501,29.499],[-29.817,29.216],[-30.131,28.934],[-30.552,29.049],[-30.975,29.163],[-31.073,28.878],[-31.171,28.593],[-31.462,28.662],[-31.753,28.73],[-31.84,28.408],[-31.925,28.085],[-32.22,28.165],[-32.515,28.245],[-32.724,27.914],[-32.932,27.584],[-33.316,27.696],[-33.701,27.808],[-34.086,27.919],[-34.338,27.587],[-34.588,27.255],[-34.339,27.185],[-34.593,26.859],[-34.847,26.532],[-35.048,26.587],[-35.334,26.209],[-35.618,25.831],[-35.9,25.452],[-36.185,25.544],[-36.47,25.635],[-36.747,25.218],[-37.021,24.8],[-37.294,24.381],[-37.698,24.485],[-37.892,24.192],[-38.084,23.898],[-38.204,23.917],[-38.399,23.601],[-38.593,23.285],[-38.674,23.292],[-38.91,22.912],[-39.144,22.531],[-39.376,22.15],[-39.608,21.768],[-39.838,21.387],[-40.067,21.005],[-40.295,20.622],[-40.499,20.237],[-40.702,19.851],[-40.982,19.927],[-41.124,19.58],[-41.265,19.233],[-41.414,19.266],[-41.549,18.921],[-41.684,18.575],[-41.255,18.421],[-40.826,18.267],[-40.991,17.817],[-41.154,17.367],[-41.018,17.309],[-41.153,16.933],[-41.287,16.556],[-41.138,16.5],[-41.275,16.1],[-41.411,15.701],[-41.547,15.301],[-41.387,15.242],[-41.518,14.838],[-41.649,14.434],[-41.779,14.03],[-41.909,13.626],[-41.745,13.573],[-41.822,13.298],[-41.899,13.023],[-42.063,13.061],[-42.175,12.691],[-42.287,12.322],[-42.433,12.344],[-42.549,11.916],[-42.665,11.487],[-42.781,11.059],[-42.896,10.63]]}},{"type":"Feature","properties":{"boundary_type":"ridge","feature_type":"gpml:MidOceanRidge","polarity":null,"overriding_plate_id":null,"subducting_plate_id":null,"plate_ids":[201,701],"name":"Ridge from iso A6 from NorthAmerica 20.1Ma"},"geometry":{"type":"LineString","coordinates":[[-42.896,10.63],[-42.98,10.317]]}},{"type":"Feature","properties":{"boundary_type":"ridge","feature_type":"gpml:MidOceanRidge","polarity":null,"overriding_plate_id":null,"subducting_plate_id":null,"plate_ids":[101,301],"name":"Ridge from iso A6 from NorthAmerica 20.1Ma"},"geometry":{"type":"LineString","coordinates":[[-28.942,49.931],[-29.048,49.517],[-29.152,49.102],[-29.255,48.688],[-29.355,48.274],[-29.454,47.859],[-29.456,47.484],[-29.457,47.109],[-29.458,46.733],[-29.46,46.358],[-28.773,46.292],[-28.087,46.221],[-27.403,46.147],[-26.722,46.068],[-26.042,45.986],[-25.364,45.899]]}},{"type":"Feature","properties":{"boundary_type":"ridge","feature_type":"gpml:MidOceanRidge","polarity":null,"overriding_plate_id":null,"subducting_plate_id":null,"plate_ids":[301],"name":"Ridge from iso A6 from NorthAmerica 20.1Ma"},"geometry":{"type":"LineString","coordinates":[[149.444,54.33],[149.435,54.344]]}},{"type":"Feature","properties":{"boundary_type":"ridge","feature_type":"gpml:MidOceanRidge","polarity":null,"overriding_plate_id":null,"subducting_plate_id":null,"plate_ids":[101,301],"name":"Ridge from iso A6 from NorthAmerica 20.1Ma"},"geometry":{"type":"LineString","coordinates":[[149.435,54.344],[149.2,54.694],[148.96,55.043],[148.717,55.392],[148.362,55.811],[148.0,56.229],[147.629,56.645],[147.25,57.061],[146.863,57.475],[146.501,57.873],[146.131,58.27],[145.752,58.665],[145.365,59.06],[144.968,59.453],[144.563,59.845],[143.993,60.143],[143.413,60.438],[142.822,60.731],[142.534,61.205],[142.236,61.679],[141.93,62.152],[141.613,62.624],[141.286,63.096],[140.949,63.567],[140.6,64.037],[140.24,64.506],[139.866,64.974],[139.48,65.441],[139.079,65.907],[138.664,66.373],[138.232,66.837],[137.785,67.299],[137.319,67.761],[136.835,68.221],[136.331,68.68],[135.806,69.137],[135.259,69.592],[134.688,70.046],[134.091,70.498],[133.468,70.947],[132.815,71.395],[132.131,71.84],[131.415,72.283],[130.663,72.722],[129.873,73.159],[129.042,73.593],[128.168,74.023],[127.247,74.45],[126.275,74.873],[125.249,75.291],[124.165,75.704],[123.018,76.112],[121.803,76.515],[120.516,76.911],[119.151,77.301],[117.701,77.683],[116.161,78.057],[114.524,78.422],[112.784,78.778],[110.933,79.122],[108.964,79.455],[106.871,79.775],[104.648,80.081],[102.288,80.371],[99.787,80.644],[97.143,80.899],[95.715,81.221],[94.179,81.537],[92.527,81.847],[90.746,82.149],[87.625,82.405],[84.298,82.637],[80.768,82.843],[77.045,83.021],[73.146,83.168],[69.265,83.357],[65.176,83.515],[60.907,83.639],[56.496,83.726],[52.34,83.611],[48.35,83.465],[44.551,83.289],[40.961,83.085],[37.478,82.852],[34.224,82.595],[31.197,82.317],[28.387,82.018],[25.323,81.967],[22.307,81.893],[19.351,81.798],[16.471,81.682],[14.794,81.449],[13.206,81.208],[11.704,80.962],[10.233,80.565],[8.882,80.163],[7.636,79.756],[5.937,79.408],[4.347,79.052],[2.857,78.689],[1.459,78.318],[0.147,77.941],[-1.086,77.558],[-2.246,77.17],[-3.339,76.777],[-3.7,76.434],[-4.044,76.091],[-2.924,75.743],[-1.857,75.391],[-0.84,75.033],[0.131,74.672],[0.983,74.288],[1.795,73.901],[2.57,73.511],[3.31,73.119],[4.018,72.724],[4.694,72.327],[5.342,71.927],[5.963,71.525],[5.454,71.261],[4.958,70.995],[5.557,70.748],[6.141,70.499],[5.655,70.236],[5.182,69.972],[5.521,69.79],[5.086,69.446],[4.665,69.101],[4.257,68.755],[5.304,68.511],[6.329,68.26],[7.332,68.003],[7.089,67.68],[6.852,67.357],[6.102,67.07],[5.37,66.779],[4.655,66.486],[3.585,66.254],[2.534,66.016],[1.503,65.77],[0.491,65.518],[-0.5,65.259],[-1.317,65.101],[-2.125,64.938],[-2.923,64.772],[-3.71,64.601],[-4.373,64.379],[-5.025,64.153],[-5.645,64.227],[-6.268,64.298],[-6.908,63.914],[-7.841,64.05],[-8.783,64.181],[-9.734,64.305],[-10.693,64.424],[-10.982,64.019],[-11.262,63.615],[-11.535,63.209],[-11.8,62.804],[-12.421,62.487],[-13.029,62.168],[-13.35,61.745],[-13.663,61.322],[-13.967,60.898],[-14.216,60.437],[-14.459,59.975],[-14.694,59.513],[-14.831,59.353],[-14.908,59.232],[-14.995,59.111],[-15.069,59.0],[-15.549,58.827],[-15.73,58.743],[-15.997,58.679],[-16.22,58.596],[-16.39,58.523],[-16.647,58.422],[-17.118,58.165],[-17.583,57.906],[-18.04,57.646],[-18.315,57.396],[-18.593,57.155],[-18.867,56.913],[-19.341,56.576],[-19.784,56.294],[-20.22,56.011],[-20.65,55.726],[-21.085,55.449],[-21.513,55.171],[-21.935,54.891],[-22.349,54.571],[-22.757,54.25],[-23.159,53.927],[-23.544,53.665],[-23.924,53.403],[-24.3,53.139],[-24.657,52.851],[-25.009,52.562],[-25.356,52.272],[-25.718,52.009],[-26.076,51.746],[-26.32,51.77],[-26.46,51.515],[-26.599,51.26],[-26.784,51.263],[-27.048,50.91],[-27.308,50.556],[-27.814,50.579],[-28.321,50.599],[-28.634,50.265],[-28.942,49.931]]}},{"type":"Feature","properties":{"boundary_type":"subduction","feature_type":"gpml:SubductionZone","polarity":"Right","overriding_plate_id":null,"subducting_plate_id":null,"plate_ids":[608],"name":"Japan sub zone fromEarthByte cob MG 4-20-07 for IZA part 2"},"geometry":{"type":"LineString","coordinates":[[136.078,40.319],[135.714,40.097],[135.352,39.874],[134.992,39.65],[134.509,39.371],[134.029,39.089],[133.553,38.806],[133.237,38.669],[132.921,38.532],[132.511,38.356],[132.103,38.178],[131.696,37.999],[131.278,37.737],[130.862,37.474],[130.49,37.189],[130.121,36.902],[129.754,36.615],[129.288,36.436],[128.824,36.256],[128.362,36.073],[127.903,35.889],[127.445,35.703]]}},{"type":"Feature","properties":{"boundary_type":"subduction","feature_type":"gpml:SubductionZone","polarity":"Left","overriding_plate_id":608,"subducting_plate_id":645,"plate_ids":[608,645],"name":"East Philippine Isl Nthward Subduction DiCaprio"},"geometry":{"type":"LineString","coordinates":[[125.959,8.438],[126.38,8.265],[126.802,8.092],[127.223,7.918],[127.643,7.744]]}},{"type":"Feature","properties":{"boundary_type":"subduction","feature_type":"gpml:SubductionZone","polarity":"Left","overriding_plate_id":608,"subducting_plate_id":801,"plate_ids":[608,801],"name":"East Philippine Isl Nthward Subduction DiCaprio"},"geometry":{"type":"LineString","coordinates":[[127.643,7.744],[127.757,7.697],[128.167,7.505],[128.577,7.312],[128.987,7.119],[129.396,6.925],[129.805,6.731],[130.227,6.535],[130.648,6.338],[131.068,6.142],[131.489,5.944],[131.909,5.747],[132.329,5.549],[132.732,5.394],[133.136,5.238],[133.539,5.082],[133.943,4.926],[134.346,4.769],[134.801,4.605],[135.256,4.44],[135.712,4.275],[136.167,4.11],[136.541,3.875],[136.914,3.64],[137.288,3.405],[137.623,3.171],[137.958,2.938],[138.293,2.704],[138.528,2.444],[138.762,2.183],[138.997,1.923],[139.186,1.513],[139.375,1.103],[139.565,0.694],[139.754,0.284],[140.007,-0.032],[140.26,-0.348],[140.512,-0.664],[140.765,-0.98],[141.245,-1.084],[141.725,-1.188],[142.204,-1.293]]}},{"type":"Feature","properties":{"boundary_type":"subduction","feature_type":"gpml:SubductionZone","polarity":"Left","overriding_plate_id":653,"subducting_plate_id":801,"plate_ids":[653,801],"name":"East Philippine Isl Nthward Subduction DiCaprio"},"geometry":{"type":"LineString","coordinates":[[142.204,-1.293],[142.607,-1.38],[143.01,-1.467],[143.413,-1.555],[143.492,-1.568]]}},{"type":"Feature","properties":{"boundary_type":"subduction","feature_type":"gpml:SubductionZone","polarity":"Left","overriding_plate_id":653,"subducting_plate_id":801,"plate_ids":[653,801],"name":"Proto Caroline arc"},"geometry":{"type":"LineString","coordinates":[[143.426,-1.817],[143.827,-1.91],[144.261,-1.974],[144.694,-2.036],[145.127,-2.099],[145.561,-2.162],[145.994,-2.225],[146.428,-2.287],[146.861,-2.349],[147.295,-2.412],[147.712,-2.491],[148.129,-2.571],[148.546,-2.651],[148.962,-2.73]]}},{"type":"Feature","properties":{"boundary_type":"subduction","feature_type":"gpml:SubductionZone","polarity":"Left","overriding_plate_id":653,"subducting_plate_id":922,"plate_ids":[653,922],"name":"Proto Caroline arc"},"geometry":{"type":"LineString","coordinates":[[148.962,-2.73],[149.417,-2.816],[149.871,-2.902],[150.326,-2.988],[150.826,-2.981],[151.325,-2.974],[151.825,-2.967],[152.325,-2.959],[152.824,-2.951],[153.324,-2.943],[153.785,-2.814],[154.247,-2.686],[154.708,-2.557],[155.17,-2.427],[155.631,-2.298],[156.055,-2.158],[156.479,-2.018],[156.904,-1.877],[157.328,-1.737],[157.752,-1.596],[158.176,-1.456],[158.6,-1.315],[159.024,-1.174],[159.394,-0.908],[159.764,-0.641],[160.135,-0.375],[160.505,-0.109],[160.875,0.157],[161.245,0.424],[161.551,0.714],[161.856,1.005],[162.162,1.295],[162.468,1.586]]}},{"type":"Feature","properties":{"boundary_type":"transform","feature_type":"gpml:Transform","polarity":null,"overriding_plate_id":null,"subducting_plate_id":null,"plate_ids":[301,604],"name":"Continuation of RRF"},"geometry":{"type":"LineString","coordinates":[[108.298,20.897],[108.406,20.509],[108.514,20.12],[108.622,19.732],[108.729,19.344],[108.835,18.955],[108.868,18.508],[108.9,18.061],[108.932,17.614],[108.965,17.167],[108.997,16.72],[109.029,16.273],[109.002,15.807],[108.976,15.341],[108.95,14.875],[108.924,14.409],[108.898,13.943],[108.872,13.477],[108.847,13.011]]}},{"type":"Feature","properties":{"boundary_type":"transform","feature_type":"gpml:Transform","polarity":null,"overriding_plate_id":null,"subducting_plate_id":null,"plate_ids":[603,673],"name":"Three Pagodas and Sumatra Fault Zone"},"geometry":{"type":"LineString","coordinates":[[99.761,16.417],[99.591,15.985],[99.421,15.552],[99.253,15.12],[99.085,14.687],[98.918,14.254],[98.751,13.822],[98.585,13.389],[98.42,12.955],[98.348,12.488],[98.277,12.021],[98.206,11.553],[98.135,11.085],[98.064,10.618],[97.994,10.15],[97.924,9.683],[97.854,9.215],[97.912,8.722],[97.97,8.229],[98.027,7.736],[98.085,7.244],[98.142,6.751],[98.379,6.449]]}},{"type":"Feature","properties":{"boundary_type":"transform","feature_type":"gpml:Transform","polarity":null,"overriding_plate_id":null,"subducting_plate_id":null,"plate_ids":[673,686],"name":"Three Pagodas and Sumatra Fault Zone"},"geometry":{"type":"LineString","coordinates":[[98.379,6.449],[98.663,6.088],[98.947,5.726],[99.23,5.364],[99.513,5.002],[99.795,4.64],[100.144,4.319],[100.492,3.999],[100.84,3.678],[101.187,3.357],[101.535,3.036],[101.882,2.714],[102.229,2.393],[102.576,2.072],[102.923,1.75],[103.27,1.429],[103.666,1.128],[104.062,0.828],[104.459,0.528],[104.855,0.227],[105.169,-0.127],[105.483,-0.482],[105.796,-0.836],[105.897,-1.226],[105.997,-1.615],[106.097,-2.005],[106.112,-2.388],[106.127,-2.77],[106.141,-3.153],[106.208,-3.613],[106.274,-4.073],[106.285,-4.337]]}},{"type":"Feature","properties":{"boundary_type":"subduction","feature_type":"gpml:SubductionZone","polarity":"Right","overriding_plate_id":659,"subducting_plate_id":901,"plate_ids":[659,901],"name":"Proto Mariana Arc"},"geometry":{"type":"LineString","coordinates":[[151.599,25.585],[151.584,25.395],[151.707,24.951],[151.828,24.508],[151.949,24.064],[152.068,23.62],[152.187,23.176],[152.305,22.732],[152.423,22.287],[152.523,21.836],[152.622,21.385],[152.721,20.933],[152.819,20.482],[152.916,20.03],[153.013,19.579],[153.11,19.127],[153.206,18.675],[153.245,18.29],[153.283,17.905],[153.322,17.521]]}},{"type":"Feature","properties":{"boundary_type":"subduction","feature_type":"gpml:SubductionZone","polarity":"Right","overriding_plate_id":301,"subducting_plate_id":501,"plate_ids":[301,501],"name":"Subduction of Greater India"},"geometry":{"type":"LineString","coordinates":[[92.24,26.699],[92.022,26.874],[91.678,27.024],[91.334,27.173],[90.929,27.193],[90.523,27.213],[90.074,27.088],[89.626,26.962],[89.179,26.834],[88.733,26.705],[88.289,26.575],[87.845,26.443],[87.363,26.352],[86.881,26.26],[86.401,26.166],[85.921,26.07],[85.442,25.973],[84.964,25.874],[84.422,25.909],[83.879,25.942],[83.336,25.972],[82.793,26.001],[82.249,26.027],[81.705,26.052],[81.161,26.074],[80.617,26.095],[80.133,26.237],[79.649,26.377],[79.163,26.515],[78.676,26.652],[78.187,26.787],[77.698,26.921],[77.207,27.053],[76.715,27.183],[76.223,27.311],[75.729,27.438],[75.349,27.702],[74.967,27.965],[74.583,28.228],[74.198,28.489],[73.81,28.749],[73.307,28.897],[72.803,29.043],[72.297,29.187],[71.79,29.329],[71.281,29.469],[70.772,29.607],[70.26,29.743],[69.748,29.877],[69.233,30.01],[68.764,29.895],[68.296,29.779],[67.828,29.661],[67.362,29.542],[66.897,29.421],[66.433,29.298]]}},{"type":"Feature","properties":{"boundary_type":"subduction","feature_type":"gpml:SubductionZone","polarity":"Right","overriding_plate_id":673,"subducting_plate_id":604,"plate_ids":[604,673],"name":"Palawan Trench"},"geometry":{"type":"LineString","coordinates":[[110.587,8.181],[110.891,7.932],[111.195,7.683],[111.499,7.434],[111.802,7.184],[112.113,6.955],[112.424,6.726],[112.734,6.496],[113.044,6.267],[113.387,6.082],[113.73,5.896],[114.072,5.71],[114.416,5.542],[114.76,5.374],[115.103,5.205],[115.446,5.037],[115.899,5.067],[116.352,5.098],[116.804,5.128],[117.081,5.404],[117.358,5.681],[117.634,5.957],[117.905,6.332],[118.176,6.707],[118.447,7.081],[118.719,7.455],[118.992,7.83],[119.264,8.204],[119.473,8.61],[119.682,9.016],[119.892,9.421],[120.102,9.827],[120.313,10.233],[120.524,10.638],[120.722,10.807],[120.919,10.977]]}},{"type":"Feature","properties":{"boundary_type":"transform","feature_type":"gpml:Transform","polarity":null,"overriding_plate_id":null,"subducting_plate_id":null,"plate_ids":[603,607],"name":"Burma transform"},"geometry":{"type":"LineString","coordinates":[[94.212,30.277],[94.343,29.86],[94.472,29.443],[94.6,29.026],[94.727,28.609],[94.661,28.15],[94.595,27.691],[94.529,27.232],[94.464,26.773],[94.4,26.314],[94.336,25.855],[94.272,25.396],[94.209,24.937],[94.273,24.46],[94.336,23.982],[94.399,23.505],[94.461,23.028],[94.523,22.55],[94.675,22.071],[94.826,21.591],[94.976,21.112],[95.126,20.632],[95.274,20.152],[95.421,19.671],[95.538,19.186],[95.654,18.7],[95.77,18.214],[95.884,17.728],[95.999,17.243],[96.112,16.757],[96.225,16.27]]}},{"type":"Feature","properties":{"boundary_type":"transform","feature_type":"gpml:Transform","polarity":null,"overriding_plate_id":null,"subducting_plate_id":null,"plate_ids":[603,607],"name":"Burma transform"},"geometry":{"type":"LineString","coordinates":[[96.225,16.27],[96.047,15.883],[95.952,15.446],[95.858,15.01],[95.764,14.574],[95.67,14.138],[95.694,13.687],[95.718,13.236],[95.742,12.785],[95.766,12.334],[95.789,11.883],[95.86,11.468],[95.931,11.053],[96.001,10.638],[96.072,10.223],[96.142,9.808],[96.211,9.393],[96.279,9.211]]}},{"type":"Feature","properties":{"boundary_type":"transform","feature_type":"gpml:Transform","polarity":null,"overriding_plate_id":null,"subducting_plate_id":null,"plate_ids":[603,686],"name":"Burma transform"},"geometry":{"type":"LineString","coordinates":[[96.279,9.211],[96.435,8.789],[96.59,8.367],[96.745,7.944],[96.9,7.522],[97.271,7.254],[97.641,6.986],[98.01,6.718],[98.379,6.449]]}},{"type":"Feature","properties":{"boundary_type":"other","feature_type":"gpml:ContinentalRift","polarity":null,"overriding_plate_id":null,"subducting_plate_id":null,"plate_ids":[607,686],"name":"Proto Andaman Sea rifting"},"geometry":{"type":"LineString","coordinates":[[92.287,5.261],[92.703,5.458],[93.12,5.655],[93.538,5.852],[93.955,6.048],[94.373,6.244],[94.791,6.439],[94.6,6.864],[94.408,7.29],[94.216,7.715],[94.024,8.14],[94.474,8.355],[94.924,8.57],[95.375,8.784],[95.827,8.998],[96.279,9.211]]}},{"type":"Feature","properties":{"boundary_type":"transform","feature_type":"gpml:Transform","polarity":null,"overriding_plate_id":null,"subducting_plate_id":null,"plate_ids":[653,901],"name":"Sorol Trough"},"geometry":{"type":"LineString","coordinates":[[151.896,13.182],[152.306,12.932],[152.716,12.682],[153.125,12.431],[153.533,12.179],[153.94,11.927],[154.347,11.674],[154.753,11.42],[155.206,11.193],[155.659,10.966],[156.111,10.738],[156.563,10.509],[157.014,10.279],[157.464,10.049],[157.913,9.818],[158.362,9.587],[158.811,9.355],[159.258,9.122],[159.706,8.889],[160.152,8.656],[160.598,8.422],[161.044,8.187],[161.489,7.952],[161.745,7.937]]}},{"type":"Feature","properties":{"boundary_type":"subduction","feature_type":"gpml:SubductionZone","polarity":"Left","overriding_plate_id":608,"subducting_plate_id":653,"plate_ids":[608,653],"name":"South Proto Mariana Trench"},"geometry":{"type":"LineString","coordinates":[[147.181,8.547],[147.499,8.671],[147.818,8.794],[148.137,8.917]]}},{"type":"Feature","properties":{"boundary_type":"subduction","feature_type":"gpml:SubductionZone","polarity":"Left","overriding_plate_id":659,"subducting_plate_id":653,"plate_ids":[653,659],"name":"South Proto Mariana Trench"},"geometry":{"type":"LineString","coordinates":[[148.137,8.917],[148.465,9.043],[148.793,9.169],[149.085,9.539],[149.378,9.909],[149.671,10.278],[149.965,10.647],[150.26,11.016],[150.555,11.385],[150.851,11.753],[151.148,12.121],[151.446,12.489],[151.67,12.835],[151.896,13.182]]}},{"type":"Feature","properties":{"boundary_type":"subduction","feature_type":"gpml:SubductionZone","polarity":"Left","overriding_plate_id":659,"subducting_plate_id":901,"plate_ids":[659,901],"name":"South Proto Mariana Trench"},"geometry":{"type":"LineString","coordinates":[[151.896,13.182],[152.159,13.586],[152.424,13.99],[152.69,14.394],[152.956,14.798],[153.017,15.251],[153.077,15.705],[153.138,16.159],[153.199,16.613],[153.261,17.067],[153.322,17.521]]}},{"type":"Feature","properties":{"boundary_type":"subduction","feature_type":"gpml:SubductionZone","polarity":"Left","overriding_plate_id":922,"subducting_plate_id":901,"plate_ids":[901,922],"name":"Proto Mussau Trench"},"geometry":{"type":"LineString","coordinates":[[162.45,1.52],[162.468,1.586]]}},{"type":"Feature","properties":{"boundary_type":"subduction","feature_type":"gpml:SubductionZone","polarity":"Left","overriding_plate_id":653,"subducting_plate_id":901,"plate_ids":[653,901],"name":"Proto Mussau Trench"},"geometry":{"type":"LineString","coordinates":[[162.468,1.586],[162.57,1.956],[162.672,2.326],[162.775,2.697],[162.705,3.155],[162.636,3.614],[162.567,4.073],[162.497,4.532],[162.428,4.991],[162.358,5.449],[162.289,5.908],[162.219,6.367],[162.149,6.826],[162.014,7.196],[161.88,7.567],[161.745,7.937]]}},{"type":"Feature","properties":{"boundary_type":"subduction","feature_type":"gpml:SubductionZone","polarity":"Right","overriding_plate_id":659,"subducting_plate_id":901,"plate_ids":[659,901],"name":"Proto Mariana Arc"},"geometry":{"type":"LineString","coordinates":[[148.319,31.305],[148.527,30.877],[148.733,30.448],[148.937,30.019],[149.14,29.59],[149.412,29.198],[149.682,28.804],[149.949,28.411],[150.215,28.017],[150.479,27.622],[150.741,27.227],[151.002,26.831],[151.202,26.416],[151.401,26.001],[151.599,25.585]]}},{"type":"Feature","properties":{"boundary_type":"transform","feature_type":"gpml:Transform","polarity":null,"overriding_plate_id":null,"subducting_plate_id":null,"plate_ids":[604,673],"name":"Borneo transform"},"geometry":{"type":"LineString","coordinates":[[120.919,10.977],[120.99,10.762]]}},{"type":"Feature","properties":{"boundary_type":"transform","feature_type":"gpml:Transform","polarity":null,"overriding_plate_id":null,"subducting_plate_id":null,"plate_ids":[645,673],"name":"Borneo transform"},"geometry":{"type":"LineString","coordinates":[[120.99,10.762],[121.08,10.492],[121.221,10.024],[121.362,9.555],[121.502,9.087],[121.643,8.619],[121.782,8.15],[121.922,7.682],[122.061,7.213],[122.2,6.745],[122.298,6.288],[122.397,5.831]]}},{"type":"Feature","properties":{"boundary_type":"ridge","feature_type":"gpml:MidOceanRidge","polarity":null,"overriding_plate_id":null,"subducting_plate_id":null,"plate_ids":[608,659],"name":"Ridge f iso on EPV at 22.6Ma"},"geometry":{"type":"LineString","coordinates":[[146.718,26.902],[146.442,27.278],[146.163,27.653],[145.883,28.027],[145.6,28.401],[145.335,28.752],[145.069,29.103],[144.8,29.454],[144.53,29.804],[144.235,30.211],[143.938,30.618],[143.638,31.024],[143.336,31.43],[143.031,31.834],[142.792,32.171],[142.552,32.507],[142.309,32.843],[142.212,32.828],[141.914,33.198],[141.613,33.567],[141.309,33.935],[141.034,34.309],[140.756,34.683],[140.475,35.056],[140.192,35.428],[139.906,35.8],[139.617,36.171],[139.317,36.567],[139.014,36.963],[138.707,37.357],[138.397,37.752],[138.084,38.145],[137.768,38.537],[137.448,38.929],[137.111,39.278],[136.77,39.626],[136.426,39.973],[136.078,40.319]]}},{"type":"Feature","properties":{"boundary_type":"ridge","feature_type":"gpml:MidOceanRidge","polarity":null,"overriding_plate_id":null,"subducting_plate_id":null,"plate_ids":[608,659],"name":"Ridge f iso on EPV at 22.6Ma"},"geometry":{"type":"LineString","coordinates":[[146.718,26.902],[146.592,26.865],[146.759,26.486],[146.924,26.108],[147.089,25.729],[147.207,25.398],[147.324,25.067],[147.441,24.736],[147.558,24.291],[147.675,23.845],[147.791,23.399],[147.906,22.953],[147.705,22.886],[147.788,22.489],[147.871,22.092],[147.953,21.695],[148.035,21.298],[148.116,20.901],[147.966,20.87],[148.06,20.443],[148.153,20.017],[148.246,19.59],[148.338,19.163],[148.124,19.105],[148.213,18.654],[148.302,18.203],[148.39,17.751],[148.478,17.3],[148.566,16.848],[148.653,16.397],[148.739,15.945],[148.826,15.494],[148.912,15.042],[148.843,14.614],[148.775,14.187],[148.707,13.759],[148.639,13.332],[148.571,12.904],[148.504,12.476],[148.466,12.033],[148.428,11.589],[148.391,11.145],[148.353,10.701],[148.316,10.257],[148.279,9.813],[148.208,9.365],[148.137,8.917]]}},{"type":"Feature","properties":{"boundary_type":"subduction","feature_type":"gpml:SubductionZone","polarity":"Left","overriding_plate_id":802,"subducting_plate_id":901,"plate_ids":[802,901],"name":"Synthetic MRC Ridge"},"geometry":{"type":"LineString","coordinates":[[171.44,-65.1],[171.551,-64.84],[171.66,-64.58],[171.57,-64.143],[171.482,-63.707],[171.481,-63.385],[171.479,-63.064],[171.169,-62.654],[170.866,-62.242],[170.572,-61.831],[170.356,-61.659],[170.015,-61.328],[169.332,-61.131],[168.622,-60.802],[168.275,-60.561]]}},{"type":"Feature","properties":{"boundary_type":"subduction","feature_type":"gpml:SubductionZone","polarity":"Left","overriding_plate_id":801,"subducting_plate_id":901,"plate_ids":[801,901],"name":"Synthetic MRC Ridge"},"geometry":{"type":"LineString","coordinates":[[168.275,-60.561],[168.141,-60.466],[167.685,-60.04],[167.506,-59.719],[167.375,-59.389],[167.35,-59.131],[167.275,-58.941],[167.288,-58.891],[167.398,-58.778],[167.532,-58.56],[167.576,-58.308],[167.615,-58.096],[167.592,-57.914],[167.597,-57.802],[167.589,-57.737],[167.62,-57.679],[167.741,-57.655],[167.901,-57.634],[168.021,-57.604],[168.19,-57.506],[168.235,-57.484],[168.459,-57.373],[168.678,-57.299],[168.894,-57.048],[168.977,-56.869],[169.022,-56.685],[169.094,-56.42],[169.155,-56.133],[169.166,-55.819],[169.213,-55.485],[169.291,-55.255],[169.486,-54.993],[169.679,-54.73],[169.946,-54.407],[170.31,-54.106],[170.557,-53.863],[170.771,-53.642],[171.107,-53.332],[171.315,-53.166],[171.498,-52.84],[171.677,-52.479],[171.81,-52.203],[172.025,-51.811],[172.172,-51.59],[172.303,-51.391],[172.446,-51.215],[172.564,-51.068],[172.675,-50.964],[172.751,-50.872],[172.855,-50.778],[173.028,-50.641],[173.186,-50.425],[173.3,-50.229],[173.412,-49.941],[173.522,-49.7],[173.597,-49.502],[173.68,-49.279],[173.743,-49.049],[173.869,-48.608],[173.993,-48.166],[174.36,-47.826],[174.722,-47.486],[175.387,-47.313],[176.047,-47.136]]}},{"type":"Feature","properties":{"boundary_type":"ridge","feature_type":"gpml:MidOceanRidge","polarity":null,"overriding_plate_id":null,"subducting_plate_id":null,"plate_ids":[101,224],"name":"MOR from iso on CAR at 20Ma"},"geometry":{"type":"LineString","coordinates":[[-75.722,15.306],[-75.773,15.763],[-75.824,16.221]]}},{"type":"Feature","properties":{"boundary_type":"ridge","feature_type":"gpml:MidOceanRidge","polarity":null,"overriding_plate_id":null,"subducting_plate_id":null,"plate_ids":[901,903],"name":"MOR Pacific-Juan de Fuca"},"geometry":{"type":"LineString","coordinates":[[-118.181,52.876],[-118.18,52.864],[-118.118,52.426],[-118.058,51.988],[-117.999,51.55],[-117.941,51.112],[-118.038,50.794],[-118.133,50.476],[-118.099,50.076],[-118.065,49.676],[-118.031,49.275],[-117.998,48.875],[-117.966,48.475],[-118.012,48.145],[-118.057,47.814],[-117.966,47.363],[-117.877,46.911],[-117.79,46.459],[-117.703,46.007],[-117.619,45.555],[-117.535,45.103],[-116.865,45.116],[-116.845,44.864],[-116.825,44.612],[-116.693,44.259],[-116.562,43.905],[-116.59,43.516],[-116.617,43.126],[-116.643,42.736],[-116.868,42.321],[-116.875,41.831],[-116.882,41.342],[-116.889,40.852],[-116.896,40.363],[-117.073,40.28],[-117.03,39.824],[-116.987,39.369],[-116.945,38.914],[-116.903,38.459],[-116.862,38.003],[-116.822,37.548],[-116.782,37.093],[-116.778,37.084]]}},{"type":"Feature","properties":{"boundary_type":"ridge","feature_type":"gpml:MidOceanRidge","polarity":null,"overriding_plate_id":null,"subducting_plate_id":null,"plate_ids":[901,903],"name":"MOR Pacific-Juan de Fuca"},"geometry":{"type":"LineString","coordinates":[[-115.517,53.074],[-116.185,53.031],[-116.851,52.983],[-117.516,52.932],[-118.179,52.877],[-118.181,52.876]]}},{"type":"Feature","properties":{"boundary_type":"ridge","feature_type":"gpml:MidOceanRidge","polarity":null,"overriding_plate_id":null,"subducting_plate_id":null,"plate_ids":[901,903],"name":"MOR Pacific-Juan de Fuca"},"geometry":{"type":"LineString","coordinates":[[-116.778,37.084],[-116.775,37.074],[-116.202,37.079],[-115.629,37.08],[-115.056,37.079],[-114.483,37.075],[-113.911,37.068],[-113.338,37.059],[-112.774,37.053],[-112.21,37.044],[-111.646,37.033],[-111.083,37.019],[-110.519,37.002]]}},{"type":"Feature","properties":{"boundary_type":"ridge","feature_type":"gpml:MidOceanRidge","polarity":null,"overriding_plate_id":null,"subducting_plate_id":null,"plate_ids":[101,901],"name":"MOR Pacific-Juan de Fuca"},"geometry":{"type":"LineString","coordinates":[[-110.519,37.002],[-110.097,36.988]]}},{"type":"Feature","properties":{"boundary_type":"subduction","feature_type":"gpml:SubductionZone","polarity":"Left","overriding_plate_id":686,"subducting_plate_id":511,"plate_ids":[511,686],"name":"Java SZ"},"geometry":{"type":"LineString","coordinates":[[104.457,-4.212],[104.924,-4.242],[105.391,-4.272],[105.838,-4.304],[106.285,-4.337]]}},{"type":"Feature","properties":{"boundary_type":"subduction","feature_type":"gpml:SubductionZone","polarity":"Left","overriding_plate_id":673,"subducting_plate_id":511,"plate_ids":[511,673],"name":"Java SZ"},"geometry":{"type":"LineString","coordinates":[[106.285,-4.337],[106.706,-4.367],[107.127,-4.397],[107.607,-4.441],[108.086,-4.484],[108.566,-4.527],[109.045,-4.57],[109.465,-4.687],[109.885,-4.803],[110.305,-4.919],[110.725,-5.035],[111.146,-5.151],[111.567,-5.267],[111.995,-5.339],[112.423,-5.411],[112.852,-5.482],[113.281,-5.553],[113.709,-5.624],[114.135,-5.757],[114.56,-5.889],[114.986,-6.021],[115.411,-6.152]]}},{"type":"Feature","properties":{"boundary_type":"subduction","feature_type":"gpml:SubductionZone","polarity":"Left","overriding_plate_id":673,"subducting_plate_id":801,"plate_ids":[673,801],"name":"Java SZ"},"geometry":{"type":"LineString","coordinates":[[115.411,-6.152],[115.84,-6.284],[116.312,-6.44],[116.785,-6.595],[117.258,-6.75],[117.731,-6.905],[118.189,-7.018],[118.647,-7.131],[119.105,-7.243],[119.563,-7.355]]}},{"type":"Feature","properties":{"boundary_type":"subduction","feature_type":"gpml:SubductionZone","polarity":"Right","overriding_plate_id":645,"subducting_plate_id":604,"plate_ids":[604,645],"name":"Palawan SZ"},"geometry":{"type":"LineString","coordinates":[[120.99,10.762],[121.36,10.988],[121.73,11.214],[122.101,11.439],[122.472,11.664],[122.827,11.959],[123.181,12.254],[123.537,12.549],[123.894,12.843],[124.251,13.136],[124.609,13.43],[124.772,13.696]]}},{"type":"Feature","properties":{"boundary_type":"transform","feature_type":"gpml:Transform","polarity":null,"overriding_plate_id":null,"subducting_plate_id":null,"plate_ids":[645,801],"name":"SCS Transform"},"geometry":{"type":"LineString","coordinates":[[132.783,-4.448],[132.6,-3.993],[132.417,-3.538],[132.234,-3.083],[132.051,-2.628],[131.868,-2.172],[131.686,-1.717],[131.503,-1.262],[131.321,-0.807],[131.138,-0.352],[130.956,0.103],[130.774,0.559],[130.591,1.014],[130.409,1.469],[130.226,1.924],[130.044,2.379],[129.861,2.834],[129.678,3.289],[129.495,3.744],[129.312,4.199],[129.128,4.654],[128.944,5.109],[128.76,5.564],[128.538,6.0],[128.315,6.437],[128.091,6.873],[127.868,7.309],[127.643,7.744]]}},{"type":"Feature","properties":{"boundary_type":"subduction","feature_type":"gpml:SubductionZone","polarity":"Right","overriding_plate_id":301,"subducting_plate_id":608,"plate_ids":[301,608],"name":"Philippine TR from NUVEL-mg"},"geometry":{"type":"LineString","coordinates":[[120.66,27.943],[120.585,27.557],[120.455,27.247],[120.326,26.937],[120.469,26.496],[120.61,26.054],[120.691,25.585],[120.772,25.117],[120.852,24.648],[121.082,24.257],[121.311,23.866],[121.539,23.474],[121.558,23.089],[121.577,22.703],[121.597,22.318],[121.616,21.932],[121.676,21.594],[121.736,21.256],[121.796,20.918],[121.955,20.543]]}},{"type":"Feature","properties":{"boundary_type":"subduction","feature_type":"gpml:SubductionZone","polarity":"Right","overriding_plate_id":604,"subducting_plate_id":608,"plate_ids":[604,608],"name":"Philippine TR from NUVEL-mg"},"geometry":{"type":"LineString","coordinates":[[121.955,20.543],[122.129,20.127],[122.304,19.712],[122.366,19.325],[122.428,18.939],[122.49,18.553],[122.711,18.181],[122.932,17.809],[123.152,17.437],[123.37,17.064],[123.535,16.719],[123.699,16.374],[123.862,16.029],[124.025,15.684],[124.204,15.295],[124.381,14.905],[124.559,14.515],[124.735,14.126],[124.772,13.696]]}},{"type":"Feature","properties":{"boundary_type":"subduction","feature_type":"gpml:SubductionZone","polarity":"Right","overriding_plate_id":645,"subducting_plate_id":608,"plate_ids":[608,645],"name":"Philippine TR from NUVEL-mg"},"geometry":{"type":"LineString","coordinates":[[124.772,13.696],[124.811,13.243],[124.85,12.791],[124.889,12.338],[124.998,11.95],[125.107,11.562],[125.216,11.174],[125.324,10.786],[125.432,10.398],[125.553,9.945],[125.673,9.493],[125.793,9.041],[125.913,8.589],[125.959,8.438]]}},{"type":"Feature","properties":{"boundary_type":"subduction","feature_type":"gpml:SubductionZone","polarity":"Left","overriding_plate_id":101,"subducting_plate_id":902,"plate_ids":[101,902],"name":""},"geometry":{"type":"LineString","coordinates":[[-89.307,14.371],[-89.114,14.176]]}},{"type":"Feature","properties":{"boundary_type":"subduction","feature_type":"gpml:SubductionZone","polarity":"Left","overriding_plate_id":null,"subducting_plate_id":null,"plate_ids":[224,902],"name":""},"geometry":{"type":"LineString","coordinates":[[-89.114,14.176],[-88.881,13.939],[-88.649,13.703],[-88.323,13.392],[-87.998,13.082],[-87.674,12.771],[-87.35,12.459],[-87.028,12.147],[-86.706,11.835],[-86.385,11.523],[-86.065,11.21],[-85.745,10.933],[-85.426,10.656],[-85.107,10.378],[-84.789,10.1],[-84.471,9.822],[-84.154,9.544],[-83.902,9.152],[-83.651,8.76],[-83.4,8.368],[-83.149,7.976],[-82.839,7.61],[-82.528,7.244],[-82.219,6.877],[-81.91,6.511],[-81.601,6.144],[-81.273,5.798],[-80.945,5.452],[-80.617,5.106],[-80.29,4.759],[-79.963,4.412],[-79.637,4.066],[-79.311,3.719],[-78.985,3.371]]}},{"type":"Feature","properties":{"boundary_type":"subduction","feature_type":"gpml:SubductionZone","polarity":"Left","overriding_plate_id":224,"subducting_plate_id":902,"plate_ids":[224,902],"name":""},"geometry":{"type":"LineString","coordinates":[[-78.985,3.371],[-78.637,3.159],[-78.289,2.946],[-77.941,2.733],[-77.593,2.52],[-77.246,2.306],[-76.864,2.178],[-76.483,2.05],[-76.102,1.921]]}},{"type":"Feature","properties":{"boundary_type":"subduction","feature_type":"gpml:SubductionZone","polarity":"Left","overriding_plate_id":224,"subducting_plate_id":902,"plate_ids":[224,902],"name":""},"geometry":{"type":"LineString","coordinates":[[-76.102,1.921],[-75.939,1.585],[-75.776,1.248],[-75.712,0.881],[-75.649,0.513],[-75.585,0.145],[-75.598,-0.283],[-75.611,-0.711],[-75.624,-1.139],[-75.526,-1.462],[-75.429,-1.784],[-75.332,-2.107]]}},{"type":"Feature","properties":{"boundary_type":"subduction","feature_type":"gpml:SubductionZone","polarity":"Left","overriding_plate_id":224,"subducting_plate_id":911,"plate_ids":[224,911],"name":""},"geometry":{"type":"LineString","coordinates":[[-75.332,-2.107],[-75.214,-2.495],[-75.097,-2.884],[-74.979,-3.272],[-74.862,-3.66],[-74.798,-3.756]]}},{"type":"Feature","properties":{"boundary_type":"subduction","feature_type":"gpml:SubductionZone","polarity":"Right","overriding_plate_id":224,"subducting_plate_id":101,"plate_ids":[101,224],"name":""},"geometry":{"type":"LineString","coordinates":[[-57.435,15.317],[-57.154,15.002],[-56.875,14.687],[-56.596,14.372],[-56.318,14.056]]}},{"type":"Feature","properties":{"boundary_type":"subduction","feature_type":"gpml:SubductionZone","polarity":"Right","overriding_plate_id":224,"subducting_plate_id":201,"plate_ids":[201,224],"name":""},"geometry":{"type":"LineString","coordinates":[[-56.318,14.056],[-56.03,13.727],[-55.742,13.398],[-55.455,13.068],[-55.286,12.6],[-55.118,12.133],[-54.951,11.665],[-54.784,11.197],[-54.579,10.873],[-54.375,10.548],[-54.172,10.224],[-54.116,9.755],[-54.061,9.286],[-54.006,8.817],[-53.951,8.348],[-54.074,7.894],[-54.197,7.44],[-54.319,6.986],[-54.442,6.531],[-54.557,6.22],[-54.672,5.908]]}},{"type":"Feature","properties":{"boundary_type":"transform","feature_type":"gpml:Transform","polarity":null,"overriding_plate_id":null,"subducting_plate_id":null,"plate_ids":[101,224],"name":"FZ NORTH 1"},"geometry":{"type":"LineString","coordinates":[[-89.114,14.176],[-88.628,14.166],[-88.142,14.156],[-87.656,14.144],[-87.17,14.131],[-86.684,14.118],[-86.198,14.103],[-85.712,14.088],[-85.226,14.071],[-84.74,14.054],[-84.255,14.036],[-83.848,14.048],[-83.441,14.06],[-83.034,14.071],[-82.628,14.081],[-82.222,14.16],[-81.817,14.239],[-81.411,14.316],[-81.005,14.393],[-80.536,14.528],[-80.066,14.662],[-79.596,14.795],[-79.125,14.927],[-78.679,15.009],[-78.233,15.091],[-77.786,15.171],[-77.339,15.251],[-76.935,15.266],[-76.531,15.28],[-76.126,15.293],[-75.722,15.306]]}},{"type":"Feature","properties":{"boundary_type":"transform","feature_type":"gpml:Transform","polarity":null,"overriding_plate_id":null,"subducting_plate_id":null,"plate_ids":[201,224],"name":"TBD"},"geometry":{"type":"LineString","coordinates":[[-68.309,7.747],[-67.852,7.665],[-67.395,7.583],[-66.939,7.5],[-66.482,7.417],[-66.026,7.334],[-65.57,7.25],[-65.114,7.165],[-64.658,7.08],[-64.203,6.995],[-63.747,6.909],[-63.292,6.823],[-62.813,6.776],[-62.333,6.729],[-61.853,6.681],[-61.374,6.632],[-60.895,6.583],[-60.415,6.534],[-59.936,6.484],[-59.457,6.434],[-58.978,6.383],[-58.499,6.332],[-58.021,6.281],[-57.542,6.229],[-57.063,6.176],[-56.585,6.124],[-56.107,6.07],[-55.628,6.017],[-55.15,5.963],[-54.672,5.908]]}},{"type":"Feature","properties":{"boundary_type":"transform","feature_type":"gpml:Transform","polarity":null,"overriding_plate_id":null,"subducting_plate_id":null,"plate_ids":[101,224],"name":"FZ NORTH 2"},"geometry":{"type":"LineString","coordinates":[[-75.824,16.221],[-75.603,16.23],[-75.118,16.249],[-74.633,16.267],[-74.148,16.284],[-73.662,16.3],[-73.177,16.315],[-72.737,16.325],[-72.297,16.334],[-71.857,16.342],[-71.417,16.349],[-70.977,16.355],[-70.537,16.361],[-70.083,16.363],[-69.629,16.365],[-69.174,16.365],[-68.72,16.364],[-68.266,16.363],[-67.811,16.36],[-67.327,16.332],[-66.843,16.303],[-66.358,16.272],[-65.874,16.241],[-65.39,16.208],[-64.907,16.174],[-64.423,16.139],[-63.96,16.103],[-63.497,16.067],[-63.034,16.029],[-62.572,15.99],[-62.109,15.95],[-61.647,15.91],[-61.136,15.842],[-60.626,15.772],[-60.115,15.702],[-59.606,15.63],[-59.096,15.557],[-58.587,15.483],[-58.203,15.429],[-57.819,15.373],[-57.435,15.317]]}},{"type":"Feature","properties":{"boundary_type":"ridge","feature_type":"gpml:MidOceanRidge","polarity":null,"overriding_plate_id":null,"subducting_plate_id":null,"plate_ids":[802,911],"name":"Marie Byrd Land-Nazca MOR NW15"},"geometry":{"type":"LineString","coordinates":[[-103.634,-42.089],[-103.482,-42.112],[-102.966,-42.211],[-102.447,-42.307],[-102.496,-42.763],[-102.546,-43.218],[-102.596,-43.674],[-102.0,-43.726],[-101.403,-43.775],[-100.806,-43.821],[-100.207,-43.863],[-99.607,-43.903],[-99.007,-43.939],[-98.406,-43.972],[-98.48,-44.327],[-98.555,-44.682],[-98.058,-44.7],[-97.561,-44.717],[-97.064,-44.731],[-97.119,-45.171],[-97.175,-45.611],[-97.231,-46.051],[-97.289,-46.491],[-97.347,-46.931],[-96.666,-47.0],[-95.984,-47.065],[-95.3,-47.127],[-94.614,-47.184],[-93.928,-47.237],[-93.926,-47.657],[-93.925,-48.078],[-93.321,-48.098],[-92.717,-48.114],[-92.112,-48.128],[-91.508,-48.138],[-90.902,-48.145],[-90.882,-48.635],[-90.86,-49.126],[-90.839,-49.616],[-90.817,-50.106],[-90.057,-50.088],[-89.299,-50.064],[-88.541,-50.036],[-88.527,-50.409],[-88.514,-50.783],[-88.5,-51.156],[-87.777,-51.119],[-87.055,-51.077],[-86.335,-51.031],[-85.617,-50.981],[-84.9,-50.926],[-84.184,-50.866],[-83.471,-50.803],[-83.301,-51.23],[-83.128,-51.658],[-82.952,-52.085],[-82.773,-52.511],[-82.59,-52.938],[-82.403,-53.364],[-82.212,-53.79],[-82.015,-54.181],[-81.814,-54.572],[-81.609,-54.963],[-81.401,-55.353],[-81.277,-55.686],[-81.151,-56.018],[-81.022,-56.351],[-80.833,-56.665],[-80.641,-56.978],[-80.188,-57.326],[-79.726,-57.672],[-79.255,-58.016],[-78.859,-58.353],[-78.454,-58.689]]}},{"type":"Feature","properties":{"boundary_type":"ridge","feature_type":"gpml:MidOceanRidge","polarity":null,"overriding_plate_id":null,"subducting_plate_id":null,"plate_ids":[902,911],"name":"MOR Cocos-Nazca"},"geometry":{"type":"LineString","coordinates":[[-102.911,-4.668],[-102.511,-4.738],[-102.111,-4.806],[-101.711,-4.875],[-101.311,-4.944],[-100.833,-5.0],[-100.355,-5.057],[-99.878,-5.113],[-99.4,-5.168],[-98.922,-5.224],[-98.444,-5.279],[-97.965,-5.333],[-97.487,-5.387],[-97.124,-5.523],[-96.801,-5.517],[-96.334,-5.444],[-95.876,-5.399],[-95.532,-5.302],[-95.188,-5.205],[-95.003,-5.118],[-94.579,-4.994],[-94.142,-4.875],[-93.706,-4.755],[-93.27,-4.635],[-92.834,-4.515],[-92.347,-4.453],[-91.859,-4.391],[-91.372,-4.328],[-90.885,-4.265],[-90.398,-4.201],[-89.911,-4.137],[-89.424,-4.073],[-88.937,-4.009],[-88.45,-3.944],[-87.963,-3.879],[-87.477,-3.814],[-86.99,-3.749],[-86.504,-3.683],[-86.017,-3.617],[-85.531,-3.55],[-85.045,-3.484],[-84.558,-3.417],[-84.072,-3.35],[-83.586,-3.283],[-83.1,-3.215],[-82.614,-3.147],[-82.128,-3.08],[-81.642,-3.011],[-81.157,-2.943],[-80.671,-2.874],[-80.185,-2.805],[-79.7,-2.736],[-79.214,-2.667],[-78.729,-2.598],[-78.243,-2.528],[-77.758,-2.458],[-77.272,-2.388],[-76.787,-2.318],[-76.302,-2.248],[-75.817,-2.178],[-75.332,-2.107]]}},{"type":"Feature","properties":{"boundary_type":"ridge","feature_type":"gpml:MidOceanRidge","polarity":null,"overriding_plate_id":null,"subducting_plate_id":null,"plate_ids":[819,904],"name":"Marie Byrd Land - Aluk ridge NW15"},"geometry":{"type":"LineString","coordinates":[[-75.469,-57.028],[-75.621,-57.118]]}},{"type":"Feature","properties":{"boundary_type":"ridge","feature_type":"gpml:MidOceanRidge","polarity":null,"overriding_plate_id":null,"subducting_plate_id":null,"plate_ids":[904,911],"name":"Marie Byrd Land - Aluk ridge NW15"},"geometry":{"type":"LineString","coordinates":[[-75.621,-57.118],[-76.168,-57.437],[-76.725,-57.754],[-77.291,-58.068],[-77.867,-58.38],[-78.454,-58.689]]}},{"type":"Feature","properties":{"boundary_type":"ridge","feature_type":"gpml:MidOceanRidge","polarity":null,"overriding_plate_id":null,"subducting_plate_id":null,"plate_ids":[802,904],"name":"Marie Byrd Land - Aluk ridge NW15"},"geometry":{"type":"LineString","coordinates":[[-78.454,-58.689],[-78.503,-58.714],[-78.861,-58.948],[-79.223,-59.182],[-78.683,-59.437],[-78.135,-59.69],[-78.783,-60.048],[-79.446,-60.402],[-80.123,-60.753],[-79.563,-61.112],[-78.991,-61.469],[-78.405,-61.824],[-77.806,-62.176],[-77.193,-62.525],[-76.565,-62.872],[-75.923,-63.215],[-76.514,-63.445],[-77.115,-63.671],[-76.645,-63.944],[-76.166,-64.215],[-76.685,-64.426],[-77.212,-64.636],[-76.763,-64.908],[-76.304,-65.179],[-77.229,-65.473],[-76.545,-65.809],[-75.843,-66.142],[-76.566,-66.417],[-77.306,-66.689],[-78.061,-66.958],[-78.834,-67.222],[-79.623,-67.483],[-79.114,-67.692],[-79.879,-67.937],[-80.659,-68.177],[-81.457,-68.414],[-82.271,-68.647],[-81.796,-68.846],[-82.806,-69.133],[-83.842,-69.415]]}},{"type":"Feature","properties":{"boundary_type":"transform","feature_type":"gpml:Transform","polarity":null,"overriding_plate_id":null,"subducting_plate_id":null,"plate_ids":[839,922],"name":"West Torres Basin Transform"},"geometry":{"type":"LineString","coordinates":[[174.154,-6.401],[173.808,-6.746],[173.461,-7.091],[173.113,-7.436],[172.765,-7.78],[172.416,-8.124],[172.067,-8.467],[171.717,-8.811],[171.366,-9.154],[171.015,-9.497],[170.663,-9.839],[170.311,-10.181],[169.957,-10.522],[169.603,-10.864],[169.248,-11.205],[168.892,-11.545],[168.535,-11.885],[168.178,-12.224],[167.819,-12.563],[167.46,-12.902],[167.099,-13.24],[166.738,-13.578],[166.375,-13.915],[166.012,-14.251],[165.647,-14.587],[165.281,-14.922],[164.915,-15.257],[164.547,-15.592],[164.177,-15.925],[163.807,-16.258],[163.435,-16.59],[163.062,-16.922]]}},{"type":"Feature","properties":{"boundary_type":"transform","feature_type":"gpml:Transform","polarity":null,"overriding_plate_id":null,"subducting_plate_id":null,"plate_ids":[801,922],"name":"West Torres Basin Transform"},"geometry":{"type":"LineString","coordinates":[[163.062,-16.922],[162.815,-17.141],[162.567,-17.36]]}},{"type":"Feature","properties":{"boundary_type":"subduction","feature_type":"gpml:SubductionZone","polarity":"Right","overriding_plate_id":801,"subducting_plate_id":922,"plate_ids":[801,922],"name":"West Soloman Sea Subduction"},"geometry":{"type":"LineString","coordinates":[[148.962,-2.73],[148.964,-2.983],[148.966,-3.237],[148.978,-3.673],[148.99,-4.109],[149.002,-4.545],[149.013,-4.981],[149.025,-5.417],[149.037,-5.853],[149.049,-6.289],[149.072,-6.765],[149.095,-7.24],[149.119,-7.716],[149.142,-8.191],[149.165,-8.667],[149.189,-9.142],[149.297,-9.554],[149.404,-9.966],[149.513,-10.377],[149.621,-10.789],[149.73,-11.2],[149.976,-11.556],[150.224,-11.912],[150.472,-12.267],[150.72,-12.622],[150.969,-12.977],[151.373,-13.212],[151.778,-13.446],[152.183,-13.679],[152.589,-13.912],[152.996,-14.143],[153.33,-14.34],[153.666,-14.536],[154.002,-14.732],[154.339,-14.927],[154.744,-15.064],[155.149,-15.201],[155.556,-15.336],[155.962,-15.471],[156.37,-15.605],[156.775,-15.724],[157.182,-15.842],[157.588,-15.959],[158.042,-16.034],[158.496,-16.108],[158.951,-16.181],[159.31,-16.299],[159.669,-16.417],[160.029,-16.535],[160.501,-16.674],[160.973,-16.812],[161.386,-16.889],[161.799,-16.965],[162.182,-17.163],[162.567,-17.36]]}},{"type":"Feature","properties":{"boundary_type":"subduction","feature_type":"gpml:SubductionZone","polarity":"Right","overriding_plate_id":922,"subducting_plate_id":901,"plate_ids":[901,922],"name":"Pacific Melanesia Subduction Zone"},"geometry":{"type":"LineString","coordinates":[[162.45,1.52],[162.708,1.343],[162.966,1.166],[163.237,0.908],[163.508,0.651],[163.78,0.394],[164.036,0.168],[164.292,-0.058],[164.548,-0.285],[164.771,-0.557],[164.994,-0.829],[165.217,-1.101],[165.454,-1.42],[165.69,-1.739],[165.926,-2.059],[166.284,-2.399],[166.643,-2.738],[166.974,-2.937],[167.306,-3.137],[167.638,-3.336],[168.034,-3.445],[168.43,-3.553],[168.827,-3.662],[169.281,-3.844],[169.736,-4.026],[170.116,-4.323],[170.496,-4.619],[170.932,-4.825],[171.369,-5.031],[171.806,-5.237],[172.234,-5.433],[172.663,-5.628],[173.092,-5.823],[173.521,-6.018],[173.837,-6.21],[174.154,-6.401]]}},{"type":"Feature","properties":{"boundary_type":"subduction","feature_type":"gpml:SubductionZone","polarity":"Right","overriding_plate_id":839,"subducting_plate_id":901,"plate_ids":[839,901],"name":"Pacific Melanesia Subduction Zone"},"geometry":{"type":"LineString","coordinates":[[174.154,-6.401],[174.192,-6.424],[174.547,-6.676],[174.903,-6.927],[175.218,-7.068],[175.533,-7.208],[175.848,-7.349],[176.131,-7.457],[176.414,-7.564]]}},{"type":"Feature","properties":{"boundary_type":"subduction","feature_type":"gpml:SubductionZone","polarity":"Right","overriding_plate_id":839,"subducting_plate_id":901,"plate_ids":[839,901],"name":"Vitiaz Trench"},"geometry":{"type":"LineString","coordinates":[[176.414,-7.564],[176.726,-7.873],[177.038,-8.181],[177.351,-8.489],[177.664,-8.797],[177.978,-9.104],[178.292,-9.411],[178.607,-9.718],[178.935,-10.097],[179.265,-10.477],[179.595,-10.855],[179.927,-11.234],[-179.741,-11.612],[-179.44,-11.929],[-179.139,-12.247],[-178.836,-12.564],[-178.533,-12.881],[-178.229,-13.197]]}},{"type":"Feature","properties":{"boundary_type":"subduction","feature_type":"gpml:SubductionZone","polarity":"Right","overriding_plate_id":819,"subducting_plate_id":911,"plate_ids":[819,911],"name":"South America trench taken from COB file"},"geometry":{"type":"LineString","coordinates":[[-75.621,-57.118],[-75.698,-56.852],[-75.774,-56.587],[-75.79,-56.302],[-75.806,-56.016],[-75.698,-55.696],[-75.592,-55.376]]}},{"type":"Feature","properties":{"boundary_type":"subduction","feature_type":"gpml:SubductionZone","polarity":"Right","overriding_plate_id":201,"subducting_plate_id":911,"plate_ids":[201,911],"name":"South America trench taken from COB file"},"geometry":{"type":"LineString","coordinates":[[-75.592,-55.376],[-75.494,-55.076],[-75.398,-54.776],[-75.445,-54.398],[-75.492,-54.021],[-75.596,-53.655],[-75.699,-53.289],[-75.501,-52.838],[-75.308,-52.386],[-74.84,-52.124],[-74.379,-51.861],[-73.682,-51.705],[-73.501,-51.268],[-73.306,-50.91],[-73.195,-50.652],[-73.086,-50.393],[-73.018,-50.078],[-73.055,-49.858],[-73.134,-49.59],[-73.176,-49.342],[-73.235,-49.0],[-73.058,-48.665],[-72.908,-48.307],[-72.807,-48.082],[-72.626,-47.702],[-72.567,-47.485],[-72.482,-47.223],[-72.41,-46.978],[-72.308,-46.636],[-72.207,-46.293],[-72.108,-45.951],[-72.037,-45.626],[-71.954,-45.365],[-71.873,-45.103],[-71.787,-44.803],[-71.768,-44.534],[-71.75,-44.266],[-71.732,-44.035],[-71.588,-43.648],[-71.424,-43.246],[-71.317,-43.005],[-71.212,-42.765],[-71.138,-42.287],[-70.982,-41.854],[-70.812,-41.5],[-70.644,-41.145],[-70.477,-40.789],[-70.313,-40.434],[-70.072,-40.045],[-69.833,-39.656],[-69.597,-39.266],[-69.364,-38.875],[-69.134,-38.484],[-68.906,-38.093],[-68.68,-37.701],[-68.577,-37.224],[-68.475,-36.747],[-68.375,-36.269],[-68.275,-35.791],[-68.177,-35.314],[-68.08,-34.836],[-67.984,-34.358],[-67.89,-33.88],[-67.796,-33.402],[-67.639,-33.01],[-67.484,-32.618],[-67.331,-32.226],[-67.178,-31.834],[-67.027,-31.441],[-66.94,-30.983],[-66.854,-30.525],[-66.768,-30.067],[-66.684,-29.609],[-66.6,-29.151],[-66.517,-28.692],[-66.434,-28.234],[-66.353,-27.775],[-66.288,-27.366],[-66.223,-26.957],[-66.159,-26.548],[-66.231,-26.109],[-66.303,-25.671],[-66.293,-25.329],[-66.282,-24.988],[-66.428,-24.558],[-66.573,-24.129],[-66.847,-23.7],[-67.12,-23.271],[-67.447,-22.927],[-67.773,-22.582],[-68.096,-22.237],[-68.419,-21.891],[-68.739,-21.545],[-69.197,-21.309],[-69.653,-21.071],[-69.985,-20.722],[-70.316,-20.373],[-70.645,-20.022],[-70.972,-19.671],[-71.298,-19.32],[-71.623,-18.968],[-71.946,-18.615],[-72.268,-18.262],[-72.588,-17.908],[-72.82,-17.501],[-73.05,-17.094],[-73.279,-16.687],[-73.507,-16.279],[-73.734,-15.871],[-73.96,-15.463],[-74.186,-15.054],[-74.41,-14.646],[-74.634,-14.237],[-74.857,-13.828],[-75.079,-13.419],[-75.229,-12.959],[-75.378,-12.498],[-75.527,-12.038],[-75.676,-11.578],[-75.824,-11.117],[-75.971,-10.657],[-76.118,-10.196],[-76.265,-9.735],[-76.174,-9.251],[-76.083,-8.766],[-75.992,-8.282],[-75.902,-7.797],[-75.811,-7.313],[-75.721,-6.828],[-75.673,-6.548],[-75.636,-6.294],[-75.569,-6.014],[-75.496,-5.644],[-75.444,-5.437],[-75.407,-5.192],[-75.269,-4.807],[-75.153,-4.467],[-75.014,-4.193],[-74.799,-3.759],[-74.798,-3.756]]}},{"type":"Feature","properties":{"boundary_type":"subduction","feature_type":"gpml:SubductionZone","polarity":"Right","overriding_plate_id":201,"subducting_plate_id":224,"plate_ids":[201,224],"name":"South America trench taken from COB file"},"geometry":{"type":"LineString","coordinates":[[-74.798,-3.756],[-74.646,-3.412],[-74.477,-3.103],[-74.275,-2.705],[-74.032,-2.374],[-73.808,-2.051],[-73.648,-1.852],[-73.379,-1.523],[-73.08,-1.159],[-72.794,-0.849],[-72.553,-0.656],[-72.322,-0.351],[-72.148,-0.199],[-72.092,0.09],[-71.844,0.448],[-71.597,0.805],[-71.587,0.814],[-71.555,0.885],[-71.541,1.085],[-71.528,1.285],[-71.565,1.534],[-71.622,1.756],[-71.755,2.066],[-71.845,2.2],[-71.945,2.453],[-71.96,2.466]]}},{"type":"Feature","properties":{"boundary_type":"subduction","feature_type":"gpml:SubductionZone","polarity":"Right","overriding_plate_id":201,"subducting_plate_id":224,"plate_ids":[201,224],"name":"TBD"},"geometry":{"type":"LineString","coordinates":[[-71.96,2.466],[-71.939,2.869],[-71.917,3.271],[-71.896,3.674],[-71.626,3.996],[-71.355,4.318],[-71.084,4.64],[-70.813,4.962],[-70.542,5.292],[-70.27,5.621],[-69.998,5.951],[-69.726,6.28],[-69.453,6.609],[-69.18,6.938],[-68.89,7.208],[-68.6,7.477],[-68.309,7.747]]}},{"type":"Feature","properties":{"boundary_type":"ridge","feature_type":"gpml:MidOceanRidge","polarity":null,"overriding_plate_id":null,"subducting_plate_id":null,"plate_ids":[901,902],"name":"COCO-PAC MOR"},"geometry":{"type":"LineString","coordinates":[[-104.394,32.072],[-104.395,32.06],[-104.37,31.714],[-104.345,31.368],[-104.437,31.0],[-104.529,30.633],[-104.62,30.265],[-104.71,29.898],[-104.335,29.794],[-104.34,29.358],[-104.346,28.922],[-104.264,28.62],[-104.183,28.318],[-103.754,28.205],[-103.751,27.787],[-103.749,27.368],[-103.746,26.949],[-103.743,26.531],[-103.741,26.112],[-103.779,25.732],[-103.817,25.353],[-103.854,24.973],[-103.891,24.593],[-103.964,24.259],[-104.036,23.926],[-104.108,23.592],[-103.596,23.573],[-103.084,23.552],[-102.573,23.529],[-102.061,23.505],[-101.55,23.479],[-101.48,23.098],[-101.41,22.718],[-101.341,22.338],[-101.272,21.957],[-101.471,21.898],[-101.439,21.433],[-101.408,20.967],[-101.376,20.501],[-101.345,20.035],[-101.314,19.569],[-101.385,19.461],[-101.345,19.012],[-101.305,18.563],[-101.265,18.114],[-101.226,17.665],[-101.419,17.617],[-101.374,17.156],[-101.329,16.694],[-101.284,16.233],[-101.239,15.771],[-101.194,15.31],[-101.632,15.26],[-102.069,15.21],[-102.506,15.159],[-102.942,15.107]]}},{"type":"Feature","properties":{"boundary_type":"transform","feature_type":"gpml:Transform","polarity":null,"overriding_plate_id":null,"subducting_plate_id":null,"plate_ids":[818],"name":"Shackleton Fracture Zone"},"geometry":{"type":"LineString","coordinates":[[-70.556,-60.262],[-71.321,-59.998],[-72.074,-59.729],[-72.815,-59.457],[-73.545,-59.18],[-74.262,-58.899],[-74.968,-58.614],[-75.662,-58.326],[-76.345,-58.034],[-77.017,-57.738],[-76.56,-58.06],[-76.096,-58.38],[-75.623,-58.699],[-75.142,-59.016],[-74.651,-59.331],[-74.053,-59.656],[-73.443,-59.977],[-72.821,-60.296],[-72.187,-60.612],[-71.541,-60.925],[-70.881,-61.235],[-70.182,-61.457],[-69.472,-61.676]]}},{"type":"Feature","properties":{"boundary_type":"transform","feature_type":"gpml:Transform","polarity":null,"overriding_plate_id":null,"subducting_plate_id":null,"plate_ids":[818,819,904],"name":"Shackleton Fracture Zone"},"geometry":{"type":"LineString","coordinates":[[-69.472,-61.676],[-68.804,-61.876],[-68.126,-62.073],[-67.338,-62.406],[-66.532,-62.733],[-65.708,-63.057],[-64.866,-63.375],[-64.109,-63.726],[-63.333,-64.074],[-62.538,-64.417],[-61.723,-64.756],[-61.611,-64.827]]}},{"type":"Feature","properties":{"boundary_type":"transform","feature_type":"gpml:Transform","polarity":null,"overriding_plate_id":null,"subducting_plate_id":null,"plate_ids":[802,818,819],"name":"Shackleton Fracture Zone"},"geometry":{"type":"LineString","coordinates":[[-61.611,-64.827],[-61.521,-64.885]]}},{"type":"Feature","properties":{"boundary_type":"transform","feature_type":"gpml:Transform","polarity":null,"overriding_plate_id":null,"subducting_plate_id":null,"plate_ids":[819],"name":"Shackleton Fracture Zone"},"geometry":{"type":"LineString","coordinates":[[-61.521,-64.885],[-60.972,-65.231],[-60.409,-65.574],[-59.831,-65.915],[-59.237,-66.254],[-59.675,-65.876],[-60.1,-65.496],[-60.512,-65.116],[-60.914,-64.734],[-61.304,-64.351]]}},{"type":"Feature","properties":{"boundary_type":"transform","feature_type":"gpml:Transform","polarity":null,"overriding_plate_id":null,"subducting_plate_id":null,"plate_ids":[819,904],"name":"SHACKLETON TRANSFORM FAULT, SCOTIA SEA"},"geometry":{"type":"LineString","coordinates":[[-75.469,-57.028],[-75.363,-57.332],[-75.255,-57.636],[-74.91,-58.087],[-74.556,-58.537],[-74.193,-58.986],[-73.727,-59.237],[-73.255,-59.486]]}},{"type":"Feature","properties":{"boundary_type":"transform","feature_type":"gpml:Transform","polarity":null,"overriding_plate_id":null,"subducting_plate_id":null,"plate_ids":[201,818],"name":"NORTH SCOTIA RIDGE TRANSFORM FAULT"},"geometry":{"type":"LineString","coordinates":[[-35.967,-58.499],[-36.054,-58.485],[-36.737,-58.483],[-37.419,-58.476],[-38.101,-58.467],[-38.742,-58.381],[-39.381,-58.292],[-40.016,-58.199],[-40.71,-58.128],[-41.4,-58.053],[-42.119,-58.038],[-42.836,-58.019],[-43.387,-58.075],[-43.939,-58.129],[-43.989,-58.125]]}},{"type":"Feature","properties":{"boundary_type":"transform","feature_type":"gpml:Transform","polarity":null,"overriding_plate_id":null,"subducting_plate_id":null,"plate_ids":[201,819],"name":"NORTH SCOTIA RIDGE TRANSFORM FAULT"},"geometry":{"type":"LineString","coordinates":[[-43.989,-58.125],[-44.762,-58.057],[-45.532,-57.985],[-46.19,-58.002],[-46.848,-58.016],[-47.507,-58.027],[-48.305,-58.172],[-49.108,-58.312],[-49.918,-58.446],[-50.575,-58.595],[-51.237,-58.741],[-52.02,-58.752],[-52.803,-58.759],[-53.586,-58.761],[-54.286,-58.749],[-54.986,-58.734],[-55.685,-58.715],[-56.533,-58.694],[-57.38,-58.669],[-58.122,-58.689],[-58.863,-58.706],[-59.749,-58.874],[-60.643,-59.036],[-61.545,-59.192],[-62.468,-59.277],[-63.395,-59.354],[-64.261,-59.326],[-65.125,-59.292],[-65.988,-59.253],[-66.905,-59.134],[-67.816,-59.008],[-68.601,-58.801],[-69.377,-58.59],[-70.143,-58.374],[-70.787,-58.072],[-71.421,-57.767],[-72.044,-57.459],[-72.762,-57.17],[-73.468,-56.878],[-74.015,-56.506],[-74.551,-56.131],[-75.076,-55.755],[-75.592,-55.376]]}},{"type":"Feature","properties":{"boundary_type":"subduction","feature_type":"gpml:SubductionZone","polarity":"Right","overriding_plate_id":802,"subducting_plate_id":904,"plate_ids":[802,904],"name":"Ant-Aluk Subduction Zone"},"geometry":{"type":"LineString","coordinates":[[-65.884,-65.409],[-65.057,-65.285],[-64.238,-65.156],[-63.426,-65.023],[-62.515,-64.928],[-61.611,-64.827]]}},{"type":"Feature","properties":{"boundary_type":"ridge","feature_type":"gpml:MidOceanRidge","polarity":null,"overriding_plate_id":null,"subducting_plate_id":null,"plate_ids":[201,802],"name":"South America-Antarctica ridge based on c6o"},"geometry":{"type":"LineString","coordinates":[[5.191,-59.509],[4.678,-59.888],[4.154,-60.264],[3.564,-60.359],[2.971,-60.451],[2.326,-60.49],[1.678,-60.525],[1.717,-60.831],[1.757,-61.136],[0.873,-61.195],[-0.013,-61.249],[0.014,-61.613],[0.041,-61.977],[-0.97,-62.008],[-1.984,-62.032],[-2.034,-62.337],[-2.084,-62.642],[-3.058,-62.68],[-4.034,-62.712],[-5.012,-62.737],[-4.936,-63.176],[-5.893,-63.206],[-6.852,-63.229],[-7.717,-63.267],[-8.46,-63.272],[-9.202,-63.273],[-9.945,-63.27],[-10.098,-63.759],[-10.257,-64.247],[-11.147,-64.214],[-12.035,-64.175],[-12.141,-64.489],[-12.927,-64.474],[-12.972,-64.826],[-13.018,-65.178],[-13.655,-65.183],[-14.291,-65.185],[-14.346,-65.475],[-14.403,-65.766],[-15.595,-65.809],[-16.791,-65.843],[-17.908,-65.869],[-19.026,-65.887],[-20.146,-65.897],[-21.266,-65.898],[-22.386,-65.891],[-23.505,-65.877],[-24.622,-65.854],[-25.737,-65.822],[-26.849,-65.783],[-27.184,-66.12],[-27.528,-66.457],[-27.881,-66.792],[-29.009,-66.758],[-30.133,-66.715],[-30.89,-66.669],[-31.644,-66.619],[-32.14,-66.975],[-32.651,-67.33],[-33.058,-67.608],[-34.282,-67.478],[-34.857,-67.911],[-35.586,-67.777],[-36.306,-67.639],[-36.89,-67.998],[-37.816,-67.823],[-38.404,-68.094],[-39.005,-68.364],[-39.895,-68.128],[-40.767,-67.888],[-41.526,-67.668],[-42.27,-67.796],[-43.021,-67.921],[-43.311,-67.721],[-43.951,-67.865],[-44.664,-67.955],[-45.383,-68.042],[-45.993,-68.076],[-46.002,-68.077]]}},{"type":"Feature","properties":{"boundary_type":"transform","feature_type":"gpml:Transform","polarity":null,"overriding_plate_id":null,"subducting_plate_id":null,"plate_ids":[201,802],"name":"transform"},"geometry":{"type":"LineString","coordinates":[[-46.969,-67.601],[-46.49,-67.84],[-46.002,-68.077]]}},{"type":"Feature","properties":{"boundary_type":"ridge","feature_type":"gpml:MidOceanRidge","polarity":null,"overriding_plate_id":null,"subducting_plate_id":null,"plate_ids":[818],"name":"West Scotia Ridge NW15"},"geometry":{"type":"LineString","coordinates":[[-70.556,-60.262],[-69.778,-60.521],[-68.988,-60.776],[-68.185,-61.026],[-67.37,-61.272],[-66.542,-61.512],[-65.701,-61.748],[-64.847,-61.978],[-63.981,-62.202],[-63.101,-62.422]]}},{"type":"Feature","properties":{"boundary_type":"ridge","feature_type":"gpml:MidOceanRidge","polarity":null,"overriding_plate_id":null,"subducting_plate_id":null,"plate_ids":[819],"name":"West Scotia Ridge NW15"},"geometry":{"type":"LineString","coordinates":[[-61.304,-64.351],[-61.683,-63.967],[-62.052,-63.582],[-62.411,-63.196],[-62.761,-62.809],[-63.101,-62.422]]}},{"type":"Feature","properties":{"boundary_type":"ridge","feature_type":"gpml:MidOceanRidge","polarity":null,"overriding_plate_id":null,"subducting_plate_id":null,"plate_ids":[818,819],"name":"West Scotia Ridge NW15"},"geometry":{"type":"LineString","coordinates":[[-63.101,-62.422],[-62.409,-62.069],[-61.733,-61.712],[-61.378,-61.475],[-61.029,-61.237],[-60.766,-61.295],[-60.255,-60.976],[-59.754,-60.656],[-59.263,-60.334],[-58.642,-60.533],[-58.013,-60.729],[-57.545,-60.401],[-57.086,-60.072],[-56.637,-59.741],[-56.196,-59.408],[-55.543,-59.517],[-55.145,-59.201],[-54.754,-58.885],[-53.845,-59.042],[-52.927,-59.193],[-52.001,-59.337],[-51.067,-59.475],[-50.9,-59.179],[-50.735,-58.882],[-49.845,-59.023],[-48.947,-59.158],[-48.042,-59.286],[-47.131,-59.408],[-46.213,-59.524],[-45.896,-59.065],[-45.587,-58.606],[-45.285,-58.146],[-44.701,-58.239],[-44.114,-58.329],[-43.989,-58.125]]}},{"type":"Feature","properties":{"boundary_type":"transform","feature_type":"gpml:Transform","polarity":null,"overriding_plate_id":null,"subducting_plate_id":null,"plate_ids":[802,818],"name":"SOUTH SCOTIA RIDGE TRANSFORM FAULT"},"geometry":{"type":"LineString","coordinates":[[-41.488,-66.09],[-42.028,-65.694],[-42.552,-65.296],[-43.579,-65.369],[-44.612,-65.436],[-45.65,-65.495],[-45.901,-65.206],[-46.708,-65.032],[-47.284,-64.899],[-47.854,-64.764],[-48.247,-64.797],[-49.196,-64.737],[-50.147,-64.696],[-51.096,-64.649],[-52.215,-64.622],[-53.331,-64.587],[-53.945,-64.577],[-54.559,-64.565],[-55.385,-64.586],[-56.013,-64.593],[-56.641,-64.597],[-57.543,-64.624],[-58.17,-64.645],[-58.798,-64.662],[-59.432,-64.696],[-60.067,-64.727],[-60.417,-64.745],[-61.521,-64.885]]}},{"type":"Feature","properties":{"boundary_type":"subduction","feature_type":"gpml:SubductionZone","polarity":"Left","overriding_plate_id":802,"subducting_plate_id":201,"plate_ids":[201,802],"name":"South Sandwich trench"},"geometry":{"type":"LineString","coordinates":[[-46.969,-67.601],[-46.08,-67.415],[-45.205,-67.225],[-44.268,-66.964],[-43.352,-66.698],[-42.555,-66.431],[-41.774,-66.16],[-41.488,-66.09]]}},{"type":"Feature","properties":{"boundary_type":"subduction","feature_type":"gpml:SubductionZone","polarity":"Left","overriding_plate_id":818,"subducting_plate_id":201,"plate_ids":[201,818],"name":"South Sandwich trench"},"geometry":{"type":"LineString","coordinates":[[-41.488,-66.09],[-40.635,-65.877],[-39.797,-65.659],[-38.818,-65.45],[-37.854,-65.236],[-37.179,-65.042],[-36.513,-64.845],[-35.857,-64.645],[-35.282,-64.364],[-34.719,-64.08],[-34.321,-63.677],[-33.935,-63.272],[-33.858,-62.859],[-33.784,-62.446],[-33.711,-62.032],[-33.76,-61.552],[-33.808,-61.071],[-33.962,-60.612],[-34.111,-60.152],[-34.256,-59.693],[-34.552,-59.395],[-34.843,-59.096],[-35.129,-58.797],[-35.55,-58.649],[-35.967,-58.499]]}},{"type":"Feature","properties":{"boundary_type":"transform","feature_type":"gpml:Transform","polarity":null,"overriding_plate_id":null,"subducting_plate_id":null,"plate_ids":[819,904],"name":"Shackleton Fracture Zone for closure"},"geometry":{"type":"LineString","coordinates":[[-69.472,-61.676],[-70.126,-61.328],[-70.765,-60.977],[-71.39,-60.623],[-72.001,-60.266],[-72.6,-59.906],[-73.185,-59.544],[-73.255,-59.486]]}},{"type":"Feature","properties":{"boundary_type":"ridge","feature_type":"gpml:MidOceanRidge","polarity":null,"overriding_plate_id":null,"subducting_plate_id":null,"plate_ids":[801,853],"name":"Norfolk MOR"},"geometry":{"type":"LineString","coordinates":[[171.212,-29.644],[171.273,-30.129],[171.335,-30.613],[171.396,-31.098],[171.459,-31.582],[171.522,-32.066],[171.592,-32.544],[171.663,-33.021],[171.735,-33.499],[171.807,-33.976],[171.88,-34.454],[171.954,-34.931],[172.029,-35.408],[172.105,-35.885],[172.181,-36.362],[172.259,-36.839],[172.338,-37.316],[172.417,-37.793],[172.897,-37.796],[173.378,-37.797],[173.858,-37.796],[173.911,-38.086]]}},{"type":"Feature","properties":{"boundary_type":"transform","feature_type":"gpml:Transform","polarity":null,"overriding_plate_id":null,"subducting_plate_id":null,"plate_ids":[801,839],"name":"Cook Fracture Zone"},"geometry":{"type":"LineString","coordinates":[[170.084,-29.518],[170.648,-29.582],[171.212,-29.644]]}},{"type":"Feature","properties":{"boundary_type":"transform","feature_type":"gpml:Transform","polarity":null,"overriding_plate_id":null,"subducting_plate_id":null,"plate_ids":[839,853],"name":"Cook Fracture Zone"},"geometry":{"type":"LineString","coordinates":[[171.212,-29.644],[171.732,-29.699],[172.252,-29.752],[172.772,-29.803],[173.293,-29.852],[173.829,-29.899],[174.366,-29.944],[174.903,-29.987]]}},{"type":"Feature","properties":{"boundary_type":"transform","feature_type":"gpml:Transform","polarity":null,"overriding_plate_id":null,"subducting_plate_id":null,"plate_ids":[839,853],"name":"Three Kings Ridge Miocene subduction"},"geometry":{"type":"LineString","coordinates":[[174.903,-29.987],[175.015,-30.358],[175.128,-30.73],[175.282,-31.208],[175.437,-31.687],[175.593,-32.165],[175.751,-32.643],[175.9,-33.075],[176.051,-33.506],[176.203,-33.937],[176.357,-34.368],[176.485,-34.792],[176.614,-35.217],[176.745,-35.641],[176.877,-36.065],[177.024,-36.533],[177.172,-37.001],[177.322,-37.469],[177.475,-37.936]]}},{"type":"Feature","properties":{"boundary_type":"other","feature_type":"gpml:InferredPaleoBoundary","polarity":null,"overriding_plate_id":null,"subducting_plate_id":null,"plate_ids":[801,839],"name":"palaeo boundary around New Cal"},"geometry":{"type":"LineString","coordinates":[[163.062,-16.922],[163.446,-17.087],[163.831,-17.252],[164.216,-17.416],[164.603,-17.579],[164.675,-17.998],[164.747,-18.418],[164.82,-18.837],[164.482,-19.074],[164.144,-19.311],[163.804,-19.547],[163.603,-19.912],[163.402,-20.277],[163.2,-20.641],[162.996,-21.005],[163.187,-21.427],[163.379,-21.847],[163.572,-22.268],[163.903,-22.566],[164.237,-22.863],[164.572,-23.159],[164.908,-23.455],[165.246,-23.75],[165.585,-24.044],[165.991,-24.298],[166.398,-24.551],[166.807,-24.803],[167.218,-25.054],[167.63,-25.304],[168.044,-25.552],[168.46,-25.8],[168.878,-26.046],[169.025,-26.481],[169.172,-26.915],[169.321,-27.349],[169.471,-27.783],[169.623,-28.217],[169.775,-28.651],[169.929,-29.084],[170.084,-29.518]]}},{"type":"Feature","properties":{"boundary_type":"other","feature_type":"gpml:FractureZone","polarity":null,"overriding_plate_id":null,"subducting_plate_id":null,"plate_ids":[101,901],"name":"Continental def as ridge merges w california MG 5-5 07"},"geometry":{"type":"LineString","coordinates":[[-110.097,36.988],[-109.732,36.678],[-109.41,36.324],[-109.09,35.97],[-108.568,35.783],[-108.048,35.593],[-107.635,35.437],[-107.224,35.278],[-106.916,34.96],[-106.611,34.641],[-106.375,34.359],[-106.141,34.076],[-105.805,33.804],[-105.471,33.531],[-105.139,33.258]]}},{"type":"Feature","properties":{"boundary_type":"other","feature_type":"gpml:FractureZone","polarity":null,"overriding_plate_id":null,"subducting_plate_id":null,"plate_ids":[901],"name":"Continental def as ridge merges w california MG 5-5 07"},"geometry":{"type":"LineString","coordinates":[[-105.139,33.258],[-104.891,32.874],[-104.644,32.489],[-104.394,32.072]]}},{"type":"Feature","properties":{"boundary_type":"subduction","feature_type":"gpml:SubductionZone","polarity":"Left","overriding_plate_id":301,"subducting_plate_id":608,"plate_ids":[301,608],"name":"Okinawa Trough (Ryuku) from EarthByte cob MG 4-20-07"},"geometry":{"type":"LineString","coordinates":[[120.66,27.943],[121.165,28.118],[121.672,28.291],[122.181,28.463],[122.691,28.632],[123.127,28.883],[123.565,29.131],[124.005,29.379],[124.448,29.625],[124.725,29.9],[125.004,30.175],[125.284,30.45],[125.502,30.864],[125.722,31.278],[125.944,31.691],[126.168,32.104],[126.394,32.517],[126.568,32.895],[126.744,33.273],[126.921,33.651],[127.1,34.029],[127.2,34.377],[127.302,34.725],[127.373,35.163],[127.446,35.601],[127.445,35.703]]}},{"type":"Feature","properties":{"boundary_type":"other","feature_type":"gpml:Fault","polarity":null,"overriding_plate_id":null,"subducting_plate_id":null,"plate_ids":[334,701],"name":"DFZ"},"geometry":{"type":"LineString","coordinates":[[9.995,41.214],[10.448,41.001],[10.897,40.787],[11.344,40.57],[11.788,40.352],[12.229,40.133]]}},{"type":"Feature","properties":{"boundary_type":"other","feature_type":"gpml:Fault","polarity":null,"overriding_plate_id":null,"subducting_plate_id":null,"plate_ids":[337,701],"name":"DFZ"},"geometry":{"type":"LineString","coordinates":[[12.229,40.133],[12.82,39.968],[13.407,39.801],[13.992,39.63],[14.573,39.456],[15.152,39.28]]}},{"type":"Feature","properties":{"boundary_type":"other","feature_type":"gpml:Fault","polarity":null,"overriding_plate_id":null,"subducting_plate_id":null,"plate_ids":[340,701],"name":"DFZ"},"geometry":{"type":"LineString","coordinates":[[15.152,39.28],[15.581,39.079],[16.007,38.876],[16.431,38.672],[16.852,38.466]]}},{"type":"Feature","properties":{"boundary_type":"other","feature_type":"gpml:Fault","polarity":null,"overriding_plate_id":null,"subducting_plate_id":null,"plate_ids":[328,701],"name":"DFZ"},"geometry":{"type":"LineString","coordinates":[[16.852,38.466],[17.225,38.068],[17.594,37.669],[17.959,37.269],[18.32,36.868],[18.712,36.535],[19.101,36.2],[19.487,35.864],[19.869,35.527],[20.306,35.568],[20.744,35.607],[21.182,35.644]]}},{"type":"Feature","properties":{"boundary_type":"other","feature_type":"gpml:Fault","polarity":null,"overriding_plate_id":null,"subducting_plate_id":null,"plate_ids":[334,337],"name":"Fault"},"geometry":{"type":"LineString","coordinates":[[12.229,40.133],[12.299,40.596],[12.369,41.059],[12.44,41.521],[12.861,41.835],[13.286,42.147],[13.715,42.457],[14.316,42.635],[14.92,42.81],[15.528,42.982],[16.139,43.15],[16.753,43.315]]}},{"type":"Feature","properties":{"boundary_type":"other","feature_type":"gpml:Fault","polarity":null,"overriding_plate_id":null,"subducting_plate_id":null,"plate_ids":[337,340],"name":"Fault"},"geometry":{"type":"LineString","coordinates":[[15.152,39.28],[15.05,39.764],[14.947,40.247],[14.842,40.731],[15.237,41.012],[15.635,41.291],[16.037,41.57],[16.442,41.846],[16.873,42.184],[17.309,42.52],[17.75,42.855]]}},{"type":"Feature","properties":{"boundary_type":"other","feature_type":"gpml:Fault","polarity":null,"overriding_plate_id":null,"subducting_plate_id":null,"plate_ids":[328,340],"name":"Fault"},"geometry":{"type":"LineString","coordinates":[[16.852,38.466],[16.757,38.886],[16.66,39.307],[16.563,39.728],[16.464,40.148],[16.805,40.379],[17.149,40.609],[17.495,40.838],[17.92,40.969],[18.346,41.098],[18.774,41.225]]}},{"type":"Feature","properties":{"boundary_type":"subduction","feature_type":"gpml:SubductionZone","polarity":"Left","overriding_plate_id":301,"subducting_plate_id":328,"plate_ids":[301,328],"name":"Alpine Sub."},"geometry":{"type":"LineString","coordinates":[[18.774,41.225],[18.901,40.737],[19.027,40.249],[19.15,39.76],[19.272,39.272],[19.392,38.783],[19.511,38.294],[19.548,37.916],[19.584,37.538],[19.62,37.16],[20.016,36.783],[20.409,36.405],[20.797,36.025],[21.182,35.644]]}},{"type":"Feature","properties":{"boundary_type":"subduction","feature_type":"gpml:SubductionZone","polarity":"Left","overriding_plate_id":301,"subducting_plate_id":701,"plate_ids":[301,701],"name":"Alpine Sub."},"geometry":{"type":"LineString","coordinates":[[21.182,35.644],[21.526,35.305],[21.868,34.965],[22.207,34.624],[22.543,34.282],[22.876,33.939],[23.206,33.595],[23.534,33.251],[23.596,32.791],[23.658,32.332]]}},{"type":"Feature","properties":{"boundary_type":"subduction","feature_type":"gpml:SubductionZone","polarity":"Right","overriding_plate_id":301,"subducting_plate_id":701,"plate_ids":[301,701],"name":"Eastern Mediterranean Subduction"},"geometry":{"type":"LineString","coordinates":[[39.102,33.841],[38.719,33.959],[38.335,34.076],[37.826,33.999],[37.318,33.919],[36.811,33.838],[36.305,33.755],[35.8,33.669],[35.296,33.581],[34.793,33.492],[34.401,33.174],[34.012,32.854],[33.626,32.533],[33.261,32.228],[32.899,31.922],[32.539,31.615],[32.182,31.307],[31.827,30.998],[31.32,30.934],[30.813,30.867],[30.307,30.799],[29.802,30.729],[29.249,30.756],[28.695,30.781],[28.142,30.804],[27.599,30.888],[27.056,30.97],[26.512,31.05],[25.967,31.127],[25.421,31.202],[24.874,31.275],[24.327,31.345],[23.778,31.413],[23.718,31.873],[23.658,32.332]]}},{"type":"Feature","properties":{"boundary_type":"subduction","feature_type":"gpml:SubductionZone","polarity":"Right","overriding_plate_id":701,"subducting_plate_id":301,"plate_ids":[301,701],"name":"Alpine Subduction"},"geometry":{"type":"LineString","coordinates":[[7.714,37.601],[7.726,38.069],[7.738,38.536],[7.75,39.004],[7.762,39.471],[7.775,39.939],[7.788,40.406],[8.334,40.612],[8.885,40.815],[9.438,41.016],[9.995,41.214]]}},{"type":"Feature","properties":{"boundary_type":"subduction","feature_type":"gpml:SubductionZone","polarity":"Right","overriding_plate_id":334,"subducting_plate_id":301,"plate_ids":[301,334],"name":"Alpine Subduction"},"geometry":{"type":"LineString","coordinates":[[9.995,41.214],[10.343,41.494],[10.693,41.774],[11.047,42.053],[11.278,42.34],[11.511,42.626],[11.747,42.913],[12.219,43.175],[12.696,43.436],[13.268,43.648],[13.843,43.858],[14.423,44.065],[15.011,43.882],[15.595,43.696],[16.176,43.507],[16.753,43.315]]}},{"type":"Feature","properties":{"boundary_type":"subduction","feature_type":"gpml:SubductionZone","polarity":"Right","overriding_plate_id":337,"subducting_plate_id":301,"plate_ids":[301,337],"name":"Alpine Subduction"},"geometry":{"type":"LineString","coordinates":[[16.753,43.315],[17.253,43.086],[17.75,42.855]]}},{"type":"Feature","properties":{"boundary_type":"subduction","feature_type":"gpml:SubductionZone","polarity":"Right","overriding_plate_id":340,"subducting_plate_id":301,"plate_ids":[301,340],"name":"Alpine Subduction"},"geometry":{"type":"LineString","coordinates":[[17.75,42.855],[18.011,42.448],[18.268,42.041],[18.523,41.633],[18.774,41.225]]}},{"type":"Feature","properties":{"boundary_type":"subduction","feature_type":"gpml:SubductionZone","polarity":"Right","overriding_plate_id":301,"subducting_plate_id":701,"plate_ids":[301,701],"name":"Ligurian Subduction"},"geometry":{"type":"LineString","coordinates":[[7.714,37.601],[8.122,37.293],[8.527,36.983],[8.929,36.672],[9.327,36.359],[9.722,36.046],[10.114,35.73],[10.503,35.414],[10.889,35.096],[11.272,34.778],[11.127,34.332],[10.983,33.886],[10.841,33.439],[10.422,33.133],[10.007,32.826],[9.595,32.517],[9.185,32.207],[8.778,31.896],[8.374,31.583],[7.807,31.487],[7.242,31.389],[6.677,31.289],[6.114,31.185],[5.552,31.08],[4.991,30.972],[4.432,30.862],[3.873,30.749],[3.416,30.706],[2.959,30.662],[2.503,30.616],[2.017,30.521],[1.533,30.424],[1.049,30.325],[0.566,30.224],[0.084,30.122],[-0.397,30.017],[-0.876,29.911]]}}]}