{"type":"FeatureCollection","meta":{"model":"Cao2024","reconstruction_time_ma":100.0,"anchor_plate_id":0,"pygplates_version":"1.0.0","tessellate_degrees":0.5,"polarity_convention":"gpml:subductionPolarity. 'Left'/'Right' names the side of the line, in vertex order, on which the OVERRIDING plate lies. Triangles are drawn on that side.","antimeridian":"Lines are NOT split at +/-180 deg. The renderer works in 3D unit vectors where the dateline is not special; splitting would only add spurious breaks. Do not treat this as RFC 7946 GIS-ready 2D data."},"features":[{"type":"Feature","properties":{"boundary_type":"other","feature_type":"gpml:ContinentalRift","polarity":null,"overriding_plate_id":null,"subducting_plate_id":null,"plate_ids":[802,806],"name":"Australia - Antarctica rift"},"geometry":{"type":"LineString","coordinates":[[-107.566,-70.16],[-107.971,-70.264],[-109.087,-70.52],[-110.231,-70.769],[-111.403,-71.01],[-112.605,-71.244],[-113.834,-71.47],[-115.093,-71.688],[-116.38,-71.897],[-117.541,-72.178],[-118.737,-72.452],[-119.969,-72.719],[-121.238,-72.978],[-122.544,-73.229],[-123.888,-73.471],[-125.082,-73.762],[-126.319,-74.046],[-127.598,-74.323],[-128.921,-74.592],[-129.832,-75.012],[-130.794,-75.429],[-131.812,-75.842],[-132.888,-76.25],[-134.03,-76.61],[-135.232,-76.965],[-136.501,-77.314],[-137.839,-77.657],[-139.252,-77.993],[-140.635,-78.364],[-142.107,-78.728],[-143.675,-79.084],[-145.346,-79.432],[-147.07,-79.634],[-148.86,-79.827],[-151.005,-79.972],[-153.209,-80.103],[-155.393,-80.165],[-157.602,-80.213],[-159.829,-80.246],[-161.71,-80.0]]}},{"type":"Feature","properties":{"boundary_type":"other","feature_type":"gpml:ContinentalRift","polarity":null,"overriding_plate_id":null,"subducting_plate_id":null,"plate_ids":[801,802],"name":"Australia - Antarctica rift"},"geometry":{"type":"LineString","coordinates":[[-161.71,-80.0],[-163.321,-79.77],[-164.861,-79.533],[-166.332,-79.288],[-168.712,-79.105],[-171.01,-78.905],[-173.225,-78.687],[-175.354,-78.454],[-177.398,-78.206],[-179.356,-77.943],[178.77,-77.668],[176.978,-77.381],[175.267,-77.082],[173.633,-76.772],[171.97,-76.546],[170.362,-76.309],[168.809,-76.062],[167.31,-75.805],[165.865,-75.54],[164.471,-75.265],[163.127,-74.983],[161.574,-74.793],[160.059,-74.593],[158.583,-74.383],[157.146,-74.163],[155.749,-73.933],[154.39,-73.695],[153.07,-73.449],[151.789,-73.194],[150.38,-72.983],[149.006,-72.762],[147.667,-72.531],[146.362,-72.293],[145.091,-72.045],[143.826,-71.806],[142.593,-71.559],[141.393,-71.304],[140.224,-71.042],[139.086,-70.772],[137.944,-70.634],[136.923,-70.476],[136.146,-70.37],[135.377,-70.26],[134.251,-70.133],[133.178,-70.016],[132.505,-69.961],[131.227,-69.868],[130.568,-69.778],[129.836,-69.743],[128.482,-69.677],[127.628,-69.637],[126.808,-69.575],[125.94,-69.477],[125.379,-69.354],[125.088,-69.243],[124.583,-69.053],[124.166,-68.814],[123.495,-68.559],[122.949,-68.414],[122.41,-68.305],[121.497,-68.223],[120.828,-68.184],[120.403,-68.146],[119.683,-68.092],[119.13,-68.034],[118.417,-67.976],[117.26,-67.855],[116.465,-67.807],[115.265,-67.762],[114.251,-67.715],[113.444,-67.715],[112.684,-67.733],[111.831,-67.761],[110.979,-67.81],[110.207,-67.833],[109.642,-67.803],[108.785,-67.687],[108.019,-67.657],[107.204,-67.547],[105.989,-67.392],[105.529,-67.302],[104.592,-67.226],[103.76,-67.185],[103.135,-67.142],[102.292,-67.133],[101.577,-67.118],[100.566,-67.074],[99.46,-67.023],[98.9,-66.978],[97.677,-66.839],[96.968,-66.703],[96.427,-66.516],[95.731,-66.36],[95.256,-66.271],[94.699,-66.105],[94.212,-65.92],[93.644,-65.723],[93.36,-65.603],[93.153,-65.532],[92.35,-65.315],[91.595,-65.131],[90.852,-64.944],[90.332,-64.624],[90.03,-64.392],[89.733,-64.16],[89.468,-63.852],[89.209,-63.544],[88.613,-63.21],[88.03,-62.873],[87.461,-62.534],[86.775,-62.243],[86.102,-61.949],[85.443,-61.651],[84.796,-61.351],[84.018,-61.064],[83.254,-60.773],[82.504,-60.478],[81.767,-60.179],[81.044,-59.876],[80.334,-59.569],[79.829,-59.187],[79.336,-58.803],[78.853,-58.417],[78.381,-58.03],[77.919,-57.641],[77.466,-57.25],[77.023,-56.858],[76.59,-56.464],[76.165,-56.069],[75.749,-55.672],[75.341,-55.274],[74.774,-54.904],[74.218,-54.531],[73.671,-54.156],[73.135,-53.778],[72.608,-53.398],[72.09,-53.016],[71.582,-52.632],[71.082,-52.245],[70.591,-51.857],[70.109,-51.466],[69.634,-51.073],[69.168,-50.679],[68.709,-50.283],[68.258,-49.884],[68.052,-49.707]]}},{"type":"Feature","properties":{"boundary_type":"transform","feature_type":"gpml:Transform","polarity":null,"overriding_plate_id":null,"subducting_plate_id":null,"plate_ids":[715],"name":"Proto Owen Fracture Zone - transform boundary"},"geometry":{"type":"LineString","coordinates":[[57.283,-9.851],[57.296,-9.826]]}},{"type":"Feature","properties":{"boundary_type":"transform","feature_type":"gpml:Transform","polarity":null,"overriding_plate_id":null,"subducting_plate_id":null,"plate_ids":[501,715],"name":"Proto Owen Fracture Zone - transform boundary"},"geometry":{"type":"LineString","coordinates":[[57.296,-9.826],[57.5,-9.418],[57.704,-9.01],[57.907,-8.601],[58.11,-8.193],[58.312,-7.784],[58.514,-7.375],[58.716,-6.967],[58.917,-6.558],[59.118,-6.149],[59.319,-5.74],[59.573,-5.346],[59.827,-4.953],[60.081,-4.56],[60.334,-4.166],[60.587,-3.772],[60.84,-3.378],[61.092,-2.985],[61.345,-2.591],[61.597,-2.197],[61.849,-1.803],[62.117,-1.412],[62.385,-1.021],[62.654,-0.63],[62.922,-0.239],[63.19,0.152],[63.458,0.543],[63.726,0.933],[63.994,1.324],[64.262,1.715],[64.531,2.106],[64.829,2.487],[65.126,2.867],[65.424,3.247],[65.723,3.628]]}},{"type":"Feature","properties":{"boundary_type":"transform","feature_type":"gpml:Transform","polarity":null,"overriding_plate_id":null,"subducting_plate_id":null,"plate_ids":[529,715],"name":"Proto Owen Fracture Zone - transform boundary"},"geometry":{"type":"LineString","coordinates":[[65.723,3.628],[66.007,3.989],[66.291,4.351]]}},{"type":"Feature","properties":{"boundary_type":"transform","feature_type":"gpml:Transform","polarity":null,"overriding_plate_id":null,"subducting_plate_id":null,"plate_ids":[529,530],"name":"Proto Owen Fracture Zone - transform boundary"},"geometry":{"type":"LineString","coordinates":[[66.291,4.351],[66.586,4.726],[66.882,5.101],[67.178,5.475],[67.474,5.85],[67.771,6.225],[68.068,6.599],[68.365,6.973],[68.663,7.347],[68.962,7.72],[69.261,8.094],[69.56,8.467],[69.861,8.84],[70.161,9.213],[70.463,9.586],[70.765,9.958],[71.068,10.33],[71.371,10.702],[71.645,11.086],[71.919,11.469],[72.194,11.852],[72.469,12.235],[72.746,12.618],[73.023,13.0],[73.302,13.383],[73.581,13.764],[73.861,14.146],[74.142,14.527],[74.338,14.773]]}},{"type":"Feature","properties":{"boundary_type":"transform","feature_type":"gpml:Transform","polarity":null,"overriding_plate_id":null,"subducting_plate_id":null,"plate_ids":[528,530],"name":"Proto Owen Fracture Zone - transform boundary"},"geometry":{"type":"LineString","coordinates":[[74.338,14.773],[74.61,15.113],[74.884,15.452],[75.158,15.791],[75.433,16.13],[75.71,16.469]]}},{"type":"Feature","properties":{"boundary_type":"transform","feature_type":"gpml:Transform","polarity":null,"overriding_plate_id":null,"subducting_plate_id":null,"plate_ids":[301,528],"name":"Proto Owen Fracture Zone - transform boundary"},"geometry":{"type":"LineString","coordinates":[[75.71,16.469],[76.014,16.84],[76.32,17.211],[76.627,17.582],[76.935,17.952],[77.244,18.321],[77.555,18.691],[77.867,19.059],[78.181,19.427],[78.496,19.795],[78.812,20.161],[79.13,20.528],[79.45,20.894],[79.771,21.259],[80.093,21.623],[80.417,21.987],[80.743,22.351],[81.008,22.747],[81.275,23.142],[81.543,23.538]]}},{"type":"Feature","properties":{"boundary_type":"other","feature_type":"gpml:InferredPaleoBoundary","polarity":null,"overriding_plate_id":null,"subducting_plate_id":null,"plate_ids":[714,715],"name":"Morocco"},"geometry":{"type":"LineString","coordinates":[[21.445,20.243],[21.877,19.958],[22.307,19.671],[22.735,19.383],[23.162,19.095],[23.588,18.805],[24.012,18.514],[24.434,18.223],[24.856,17.931],[25.275,17.637],[25.689,17.393],[26.102,17.148],[26.514,16.902],[26.925,16.655],[27.334,16.407],[27.743,16.159],[28.15,15.91],[28.557,15.66]]}},{"type":"Feature","properties":{"boundary_type":"other","feature_type":"gpml:InferredPaleoBoundary","polarity":null,"overriding_plate_id":null,"subducting_plate_id":null,"plate_ids":[101],"name":"NAM EUR 115 090 lom"},"geometry":{"type":"LineString","coordinates":[[16.434,70.568],[17.062,70.962],[17.716,71.355],[18.396,71.745],[19.106,72.132],[19.845,72.517]]}},{"type":"Feature","properties":{"boundary_type":"other","feature_type":"gpml:InferredPaleoBoundary","polarity":null,"overriding_plate_id":null,"subducting_plate_id":null,"plate_ids":[801,806],"name":"SS ThroughSthNewZealand EmeraldFZ"},"geometry":{"type":"LineString","coordinates":[[-144.499,-72.054],[-144.199,-72.48],[-143.885,-72.905],[-143.555,-73.33],[-143.208,-73.754],[-142.844,-74.178],[-143.39,-74.514],[-143.961,-74.848],[-145.001,-75.216],[-146.093,-75.579],[-147.239,-75.937],[-148.444,-76.289],[-149.71,-76.635],[-151.057,-77.006],[-152.481,-77.37],[-153.987,-77.726],[-155.58,-78.073],[-156.585,-78.392],[-157.646,-78.707],[-158.767,-79.018],[-159.951,-79.325],[-160.802,-79.664],[-161.71,-80.0]]}},{"type":"Feature","properties":{"boundary_type":"transform","feature_type":"gpml:Transform","polarity":null,"overriding_plate_id":null,"subducting_plate_id":null,"plate_ids":[501,701],"name":""},"geometry":{"type":"LineString","coordinates":[[51.24,-15.355],[51.153,-15.8],[51.065,-16.245],[50.976,-16.69],[50.887,-17.134],[50.798,-17.579],[50.708,-18.024],[50.618,-18.468],[50.527,-18.913],[50.436,-19.357],[50.337,-19.814],[50.237,-20.27],[50.137,-20.727],[50.036,-21.183],[49.934,-21.64],[49.832,-22.096],[49.729,-22.552],[49.625,-23.008],[49.541,-23.466],[49.457,-23.923],[49.372,-24.38],[49.286,-24.837],[49.2,-25.294],[49.113,-25.751],[49.025,-26.208],[48.912,-26.664],[48.798,-27.121],[48.683,-27.577],[48.567,-28.033],[48.45,-28.489],[48.331,-28.945],[48.212,-29.401],[48.092,-29.856],[47.971,-30.312],[47.849,-30.767],[47.725,-31.223],[47.6,-31.678],[47.519,-32.159],[47.437,-32.639],[47.353,-33.12],[47.269,-33.6],[47.184,-34.081],[47.098,-34.561],[47.011,-35.042],[46.923,-35.522],[46.834,-36.002],[46.744,-36.482],[46.652,-36.963],[46.56,-37.443],[46.311,-37.884],[46.06,-38.324],[45.805,-38.764],[45.547,-39.203],[45.286,-39.642],[45.021,-40.08],[44.753,-40.518],[44.482,-40.955],[44.207,-41.391],[43.928,-41.827],[43.645,-42.262],[43.359,-42.696],[43.068,-43.129],[42.773,-43.562],[42.474,-43.994],[42.171,-44.425],[41.863,-44.856],[41.551,-45.285],[41.233,-45.714],[40.911,-46.142],[40.584,-46.569],[40.252,-46.995],[39.914,-47.42],[39.571,-47.844],[38.948,-48.049],[38.32,-48.251],[37.688,-48.45],[37.05,-48.646],[36.407,-48.837],[35.76,-49.026],[35.108,-49.21]]}},{"type":"Feature","properties":{"boundary_type":"transform","feature_type":"gpml:Transform","polarity":null,"overriding_plate_id":null,"subducting_plate_id":null,"plate_ids":[701,802],"name":""},"geometry":{"type":"LineString","coordinates":[[35.108,-49.21],[34.479,-49.383],[33.845,-49.553],[33.207,-49.719],[32.565,-49.882],[31.919,-50.041],[31.268,-50.197],[31.078,-50.556],[30.884,-50.915],[30.687,-51.274],[30.487,-51.632]]}},{"type":"Feature","properties":{"boundary_type":"ridge","feature_type":"gpml:MidOceanRidge","polarity":null,"overriding_plate_id":null,"subducting_plate_id":null,"plate_ids":[701,802],"name":"Ridge from iso cg04 from Antarctica at 99.0Ma"},"geometry":{"type":"LineString","coordinates":[[4.197,-55.093],[4.809,-55.41],[5.431,-55.723],[6.063,-56.034],[6.705,-56.341],[7.358,-56.645],[8.021,-56.946],[8.611,-56.57],[9.189,-56.193],[9.755,-55.812],[10.311,-55.429],[10.855,-55.044],[11.481,-55.318],[12.116,-55.589],[12.759,-55.857],[13.412,-56.122],[14.073,-56.383],[14.743,-56.64],[15.174,-56.258],[15.597,-55.874],[16.011,-55.488],[16.417,-55.101],[16.904,-55.256],[17.394,-55.409],[17.728,-55.062],[18.056,-54.715],[18.379,-54.367],[19.109,-54.526],[19.846,-54.68],[20.132,-54.313],[20.414,-53.946],[20.69,-53.578],[20.962,-53.209],[21.229,-52.84],[21.933,-52.988],[22.642,-53.133],[23.355,-53.272],[24.073,-53.408],[24.343,-52.987],[24.607,-52.565],[24.866,-52.143],[25.12,-51.72],[25.369,-51.297],[25.614,-50.873],[26.3,-50.994],[26.99,-51.11],[27.683,-51.223],[28.379,-51.332],[29.079,-51.436],[29.782,-51.536],[30.487,-51.632]]}},{"type":"Feature","properties":{"boundary_type":"ridge","feature_type":"gpml:MidOceanRidge","polarity":null,"overriding_plate_id":null,"subducting_plate_id":null,"plate_ids":[201,701],"name":"SAM - AFR"},"geometry":{"type":"LineString","coordinates":[[4.977,-49.392],[4.96,-49.838],[4.943,-50.285],[4.925,-50.732],[4.871,-51.121],[4.817,-51.511],[4.761,-51.901],[4.191,-51.957],[4.165,-52.389],[4.14,-52.822],[4.113,-53.254],[4.693,-53.202],[4.792,-53.676],[4.893,-54.15],[4.996,-54.624],[5.045,-54.834]]}},{"type":"Feature","properties":{"boundary_type":"subduction","feature_type":"gpml:SubductionZone","polarity":"Right","overriding_plate_id":802,"subducting_plate_id":919,"plate_ids":[802,919],"name":"ANT tr f Antarcticar COB MG-4-22-07"},"geometry":{"type":"LineString","coordinates":[[-75.597,-69.869],[-74.564,-69.736],[-73.445,-69.517],[-72.35,-69.291],[-71.277,-69.058],[-70.276,-68.775],[-69.3,-68.486],[-68.399,-68.15],[-67.525,-67.809],[-66.737,-67.621],[-65.961,-67.43],[-64.899,-67.174],[-63.86,-66.912],[-63.487,-66.629],[-63.123,-66.345],[-62.595,-65.919],[-62.084,-65.49],[-61.765,-65.137],[-61.455,-64.782],[-61.152,-64.427],[-60.608,-64.143],[-60.075,-63.856],[-59.553,-63.568],[-59.033,-63.203],[-58.527,-62.836],[-58.217,-62.524],[-57.913,-62.211],[-57.616,-61.898],[-57.248,-61.484],[-56.89,-61.069],[-56.541,-60.653],[-55.956,-60.384],[-55.382,-60.112],[-54.645,-59.882],[-53.919,-59.647],[-53.366,-59.302],[-52.823,-58.955],[-52.068,-58.658],[-51.327,-58.356],[-50.598,-58.05],[-50.072,-57.71],[-49.557,-57.369],[-49.051,-57.025],[-48.386,-57.102],[-47.717,-57.174],[-46.933,-57.242],[-46.146,-57.305],[-45.381,-57.1],[-44.624,-56.891],[-43.982,-56.672],[-43.348,-56.451],[-42.721,-56.226],[-42.101,-55.998]]}},{"type":"Feature","properties":{"boundary_type":"subduction","feature_type":"gpml:SubductionZone","polarity":"Right","overriding_plate_id":301,"subducting_plate_id":926,"plate_ids":[301,926],"name":"Japan sub zone fromEarthByte cob MG 4-20-07"},"geometry":{"type":"LineString","coordinates":[[155.75,59.215],[155.912,58.782],[156.07,58.349],[156.224,57.916],[156.374,57.483],[156.521,57.05],[156.665,56.616],[156.726,56.158],[156.786,55.7],[156.844,55.242],[156.901,54.784],[156.956,54.326],[156.935,53.885],[156.913,53.444],[156.892,53.004],[156.872,52.563],[156.851,52.122],[156.751,51.664],[156.652,51.204],[156.555,50.745],[156.569,50.308],[156.582,49.871],[156.594,49.434],[156.607,48.997],[156.619,48.56],[156.509,48.15],[156.401,47.741],[156.294,47.331],[156.189,46.92],[156.074,46.593],[155.96,46.265],[155.848,45.937],[155.606,45.549],[155.367,45.16],[155.132,44.771],[154.761,44.377],[154.395,43.982],[154.17,43.581],[153.947,43.18],[153.351,43.045],[152.758,42.906],[152.167,42.765],[151.579,42.621],[151.143,42.367],[150.71,42.111],[150.28,41.853],[149.854,41.594],[149.431,41.333],[148.939,41.051],[148.45,40.767],[147.966,40.481],[147.643,40.342],[147.322,40.202],[146.904,40.023],[146.488,39.842],[146.074,39.66],[145.649,39.395],[145.227,39.128],[144.851,38.84],[144.477,38.551],[144.106,38.26],[143.817,38.149],[143.529,38.037]]}},{"type":"Feature","properties":{"boundary_type":"subduction","feature_type":"gpml:SubductionZone","polarity":"Left","overriding_plate_id":301,"subducting_plate_id":926,"plate_ids":[301,926],"name":"Junction Subduction Zone"},"geometry":{"type":"LineString","coordinates":[[133.651,17.914],[133.717,18.405],[133.783,18.895],[133.849,19.385],[133.916,19.876],[134.201,20.255],[134.487,20.634],[134.774,21.012],[135.063,21.39],[135.353,21.768],[135.645,22.145],[135.939,22.521],[136.182,22.928],[136.426,23.335],[136.672,23.742],[136.919,24.148],[137.168,24.553],[137.418,24.959],[137.67,25.364],[137.924,25.768],[138.167,26.204],[138.411,26.639],[138.657,27.074],[138.905,27.508],[139.156,27.942],[139.408,28.376],[139.662,28.809],[139.918,29.241],[140.177,29.673],[140.438,30.105]]}},{"type":"Feature","properties":{"boundary_type":"subduction","feature_type":"gpml:SubductionZone","polarity":"Left","overriding_plate_id":301,"subducting_plate_id":308,"plate_ids":[301,308],"name":"Tethyan subduction after Afgan block accretion"},"geometry":{"type":"LineString","coordinates":[[57.22,31.181],[57.278,31.107]]}},{"type":"Feature","properties":{"boundary_type":"subduction","feature_type":"gpml:SubductionZone","polarity":"Left","overriding_plate_id":301,"subducting_plate_id":530,"plate_ids":[301,530],"name":"Tethyan subduction after Afgan block accretion"},"geometry":{"type":"LineString","coordinates":[[57.278,31.107],[57.514,30.807],[57.749,30.507],[58.106,30.249],[58.461,29.99],[58.815,29.73],[59.172,29.46],[59.526,29.189],[59.879,28.917],[60.23,28.645],[60.627,28.436],[61.023,28.226],[61.417,28.015],[61.81,27.802],[62.255,27.616],[62.698,27.428],[63.14,27.238],[63.58,27.048],[64.019,26.856],[64.475,26.583],[64.928,26.308],[65.379,26.033],[65.829,25.755],[66.276,25.477],[66.721,25.197],[67.126,24.902],[67.53,24.606],[67.931,24.309],[68.331,24.01],[68.515,23.672],[68.699,23.333],[68.881,22.995],[69.063,22.656],[69.281,22.285],[69.498,21.913],[69.714,21.542],[69.929,21.17],[70.143,20.798],[70.514,20.456],[70.883,20.114],[71.251,19.771],[71.617,19.428],[71.982,19.083],[72.345,18.738],[72.751,18.436],[73.155,18.133],[73.558,17.829],[73.96,17.524],[74.36,17.218],[74.759,16.912],[75.157,16.605],[75.433,16.537],[75.71,16.469]]}},{"type":"Feature","properties":{"boundary_type":"subduction","feature_type":"gpml:SubductionZone","polarity":"Right","overriding_plate_id":101,"subducting_plate_id":902,"plate_ids":[101,902],"name":"Western NAM subduction"},"geometry":{"type":"LineString","coordinates":[[-60.374,21.177],[-60.776,21.391],[-61.179,21.604],[-61.56,21.901],[-61.944,22.197],[-62.329,22.493],[-62.715,22.787],[-63.104,23.081],[-63.494,23.373],[-63.886,23.665],[-64.04,24.136],[-64.196,24.607],[-64.353,25.077],[-64.512,25.547],[-64.671,26.017],[-64.832,26.487],[-65.103,26.87],[-65.375,27.252],[-65.65,27.634],[-65.926,28.015],[-66.204,28.396],[-66.484,28.776],[-66.699,29.075],[-66.915,29.373],[-67.133,29.671],[-67.322,30.04],[-67.513,30.408],[-67.705,30.776],[-67.899,31.144],[-68.036,31.469],[-68.174,31.794],[-68.313,32.118],[-68.511,32.481],[-68.711,32.844],[-68.913,33.206],[-69.015,33.552],[-69.117,33.898],[-69.221,34.244],[-69.352,34.626],[-69.484,35.008],[-69.618,35.39],[-69.753,35.772],[-69.855,36.238],[-69.959,36.703],[-70.291,37.092],[-70.626,37.481],[-70.965,37.869],[-71.308,38.255],[-71.627,38.487],[-71.948,38.717],[-72.271,38.947],[-72.677,39.207],[-73.087,39.466],[-73.499,39.724],[-73.749,40.011],[-74.002,40.298],[-74.382,40.631],[-74.766,40.962],[-75.149,41.148],[-75.535,41.332],[-75.922,41.515],[-76.072,41.877],[-76.223,42.238],[-76.376,42.6],[-76.711,43.032],[-77.05,43.463],[-77.395,43.893],[-77.667,44.261],[-77.944,44.629],[-78.223,44.996],[-78.507,45.362],[-78.794,45.727],[-78.947,46.147],[-79.103,46.566],[-79.261,46.986],[-79.422,47.405],[-79.579,47.777],[-79.739,48.148],[-79.901,48.519],[-80.065,48.89],[-79.953,49.35],[-79.839,49.81],[-79.723,50.271],[-79.605,50.731],[-79.334,51.2],[-79.057,51.669],[-78.775,52.137],[-78.487,52.604],[-78.15,53.05],[-77.806,53.495],[-77.456,53.939],[-77.097,54.382],[-76.937,54.814],[-76.774,55.246],[-76.607,55.678],[-76.436,56.11],[-76.262,56.542],[-76.083,56.973],[-76.505,57.34],[-76.935,57.706],[-77.374,58.07],[-77.822,58.433],[-78.336,58.715],[-78.858,58.995],[-79.388,59.272],[-79.927,59.547],[-80.199,59.93],[-80.477,60.313],[-80.92,60.726],[-81.374,61.138],[-81.717,61.434],[-82.067,61.729],[-82.423,62.023],[-82.777,62.416],[-83.205,62.864],[-83.646,63.312],[-83.84,63.664],[-84.04,64.016],[-84.244,64.367],[-84.328,64.797],[-84.415,65.227],[-84.543,65.558],[-84.674,65.888],[-84.809,66.219],[-85.116,66.589],[-84.951,67.06],[-85.274,67.426],[-85.377,67.78],[-85.801,68.236],[-86.492,68.658],[-86.794,68.845],[-87.171,69.207],[-87.694,69.529],[-88.098,69.889],[-88.494,70.334],[-88.694,70.578],[-88.898,70.822],[-88.968,71.084],[-89.041,71.345],[-89.247,71.778],[-89.461,72.21]]}},{"type":"Feature","properties":{"boundary_type":"other","feature_type":"gpml:TerraneBoundary","polarity":null,"overriding_plate_id":null,"subducting_plate_id":null,"plate_ids":[701],"name":"Benue Trough-Northeast Africa"},"geometry":{"type":"LineString","coordinates":[[16.36,-5.958],[15.913,-5.76],[15.562,-5.551],[15.211,-5.343],[14.826,-5.15],[14.441,-4.957],[14.176,-4.748],[13.911,-4.539],[13.647,-4.33],[13.383,-4.121],[13.181,-3.82],[12.98,-3.52]]}},{"type":"Feature","properties":{"boundary_type":"other","feature_type":"gpml:TerraneBoundary","polarity":null,"overriding_plate_id":null,"subducting_plate_id":null,"plate_ids":[201,802],"name":"E/W ANT"},"geometry":{"type":"LineString","coordinates":[[-41.865,-59.249],[-41.486,-58.911],[-41.114,-58.572],[-40.722,-58.216],[-40.338,-57.858],[-39.961,-57.5],[-39.484,-57.177]]}},{"type":"Feature","properties":{"boundary_type":"other","feature_type":"gpml:TerraneBoundary","polarity":null,"overriding_plate_id":null,"subducting_plate_id":null,"plate_ids":[101],"name":"North Greenland boundary"},"geometry":{"type":"LineString","coordinates":[[16.434,70.568],[16.46,70.566]]}},{"type":"Feature","properties":{"boundary_type":"other","feature_type":"gpml:TerraneBoundary","polarity":null,"overriding_plate_id":null,"subducting_plate_id":null,"plate_ids":[101,301],"name":"North Greenland boundary"},"geometry":{"type":"LineString","coordinates":[[16.46,70.566],[16.855,70.534],[17.695,70.496],[18.533,70.454],[19.519,70.157],[20.477,69.854],[21.57,69.553],[22.633,69.245],[23.424,68.952],[24.194,68.656],[24.681,68.308],[25.153,67.958],[25.612,67.608],[26.056,67.256],[26.462,66.81],[26.853,66.363],[27.231,65.915],[27.595,65.467],[27.948,65.017],[28.288,64.567],[28.312,64.544]]}},{"type":"Feature","properties":{"boundary_type":"other","feature_type":"gpml:TerraneBoundary","polarity":null,"overriding_plate_id":null,"subducting_plate_id":null,"plate_ids":[201,714],"name":"Northwest Africa-Benue Trough"},"geometry":{"type":"LineString","coordinates":[[1.665,-5.674],[2.013,-5.622],[2.36,-5.57],[2.708,-5.518],[3.112,-5.418],[3.517,-5.317],[3.921,-5.217]]}},{"type":"Feature","properties":{"boundary_type":"other","feature_type":"gpml:TerraneBoundary","polarity":null,"overriding_plate_id":null,"subducting_plate_id":null,"plate_ids":[701,714],"name":"Northwest Africa-Benue Trough"},"geometry":{"type":"LineString","coordinates":[[3.921,-5.217],[4.378,-5.102],[4.836,-4.988],[5.229,-4.878],[5.622,-4.767],[6.014,-4.657],[6.407,-4.546],[6.799,-4.435],[7.138,-4.34],[7.477,-4.244],[7.941,-4.139],[8.405,-4.034],[8.747,-3.975],[9.088,-3.917],[9.514,-3.833],[9.802,-3.716],[10.126,-3.662],[10.449,-3.608],[10.839,-3.554],[11.229,-3.5],[11.572,-3.494],[11.914,-3.488],[12.257,-3.482],[12.618,-3.501],[12.98,-3.52]]}},{"type":"Feature","properties":{"boundary_type":"other","feature_type":"gpml:TerraneBoundary","polarity":null,"overriding_plate_id":null,"subducting_plate_id":null,"plate_ids":[714,715],"name":"Northwest Africa-Benue Trough"},"geometry":{"type":"LineString","coordinates":[[12.98,-3.52],[13.292,-3.554],[13.605,-3.588],[13.986,-3.587],[14.368,-3.586],[14.749,-3.585]]}},{"type":"Feature","properties":{"boundary_type":"other","feature_type":"gpml:TerraneBoundary","polarity":null,"overriding_plate_id":null,"subducting_plate_id":null,"plate_ids":[201,701],"name":"Parana Basin-Patagonia"},"geometry":{"type":"LineString","coordinates":[[-9.054,-50.396],[-8.595,-50.397],[-8.136,-50.397],[-7.448,-50.391],[-6.76,-50.381],[-6.072,-50.367],[-5.385,-50.349],[-4.699,-50.327],[-4.013,-50.301],[-3.328,-50.271],[-2.644,-50.237],[-1.913,-50.173],[-1.184,-50.104],[-0.457,-50.031],[0.267,-49.953],[0.949,-49.87],[1.629,-49.783],[2.306,-49.692],[2.98,-49.597],[3.648,-49.532],[4.313,-49.464],[4.977,-49.392]]}},{"type":"Feature","properties":{"boundary_type":"subduction","feature_type":"gpml:SubductionZone","polarity":"Right","overriding_plate_id":806,"subducting_plate_id":919,"plate_ids":[806,919],"name":"Jarrod"},"geometry":{"type":"LineString","coordinates":[[-110.275,-70.165],[-108.92,-70.168],[-107.566,-70.16]]}},{"type":"Feature","properties":{"boundary_type":"subduction","feature_type":"gpml:SubductionZone","polarity":"Right","overriding_plate_id":802,"subducting_plate_id":919,"plate_ids":[802,919],"name":"Jarrod"},"geometry":{"type":"LineString","coordinates":[[-107.566,-70.16],[-106.244,-70.142],[-104.925,-70.115],[-103.61,-70.078],[-102.327,-70.139],[-101.037,-70.192],[-99.74,-70.235],[-98.439,-70.269],[-97.134,-70.293],[-95.827,-70.308],[-94.518,-70.313],[-93.14,-70.34],[-91.758,-70.355],[-90.376,-70.36],[-88.993,-70.355],[-87.516,-70.343],[-86.041,-70.318],[-84.57,-70.282],[-83.106,-70.234],[-81.649,-70.174],[-80.201,-70.102],[-79.041,-70.055],[-77.886,-70.0],[-76.738,-69.938],[-75.597,-69.869]]}},{"type":"Feature","properties":{"boundary_type":"other","feature_type":"gpml:InferredPaleoBoundary","polarity":null,"overriding_plate_id":null,"subducting_plate_id":null,"plate_ids":[301],"name":"NAM EUR 115 090 lom"},"geometry":{"type":"LineString","coordinates":[[16.46,70.566],[17.083,70.961],[17.732,71.353],[18.407,71.744],[19.111,72.132],[19.845,72.517]]}},{"type":"Feature","properties":{"boundary_type":"other","feature_type":"gpml:InferredPaleoBoundary","polarity":null,"overriding_plate_id":null,"subducting_plate_id":null,"plate_ids":[101,301],"name":"NAM EUR 115 090 lom"},"geometry":{"type":"LineString","coordinates":[[19.845,72.517],[20.931,72.896],[22.063,73.269],[23.246,73.635],[24.189,73.939],[25.167,74.239],[26.182,74.534],[27.236,74.825],[28.682,75.075],[30.175,75.316],[31.716,75.547],[32.687,75.836],[33.698,76.12],[34.749,76.4],[35.844,76.675],[37.19,77.058],[38.615,77.434],[40.126,77.801],[41.649,77.982],[43.217,78.154],[44.829,78.317],[46.806,78.489],[48.84,78.647],[50.928,78.791],[52.906,78.918],[54.927,79.033],[56.988,79.134],[58.85,79.357],[60.79,79.569],[62.807,79.768],[64.9,79.955],[67.275,80.026],[69.679,80.081],[72.106,80.119],[74.547,80.139],[76.886,80.229],[79.264,80.302],[81.674,80.359],[84.108,80.4],[86.992,80.358],[89.844,80.292],[92.652,80.204],[95.403,80.092],[98.089,79.959],[100.645,79.896],[103.165,79.813],[105.64,79.711],[107.587,79.437],[109.435,79.151],[111.188,78.854],[112.849,78.549],[114.424,78.234],[115.917,77.911]]}},{"type":"Feature","properties":{"boundary_type":"other","feature_type":"gpml:InferredPaleoBoundary","polarity":null,"overriding_plate_id":null,"subducting_plate_id":null,"plate_ids":[301,409],"name":"NAM EUR 115 090 lom"},"geometry":{"type":"LineString","coordinates":[[115.917,77.911],[116.852,77.695],[118.308,77.404],[119.698,77.104],[121.025,76.798],[122.292,76.486],[123.503,76.167],[124.659,75.842],[125.088,75.359],[125.49,74.874],[125.867,74.389],[126.222,73.903],[126.557,73.417],[126.873,72.93],[127.813,72.602],[128.72,72.269],[129.593,71.932],[130.436,71.591],[131.249,71.247],[132.033,70.9],[132.79,70.549],[134.174,70.375],[135.534,70.191],[136.869,69.996],[138.179,69.792],[139.464,69.579],[140.722,69.356],[142.045,69.306],[143.362,69.247],[144.671,69.177],[145.971,69.098],[147.261,69.009],[148.54,68.91],[149.807,68.801],[151.159,68.748],[152.504,68.684],[153.841,68.61],[155.168,68.525],[156.485,68.429],[157.79,68.323],[158.66,67.971],[159.504,67.615],[160.322,67.254],[161.116,66.889],[161.887,66.52],[162.635,66.148],[163.361,65.772],[164.067,65.393],[164.752,65.01],[165.225,64.685],[165.688,64.358],[166.139,64.03]]}},{"type":"Feature","properties":{"boundary_type":"subduction","feature_type":"gpml:SubductionZone","polarity":"Right","overriding_plate_id":101,"subducting_plate_id":902,"plate_ids":[101,902],"name":"Alaska Subduction GS"},"geometry":{"type":"LineString","coordinates":[[-89.461,72.21],[-90.962,72.145],[-92.452,72.069],[-93.928,71.981],[-95.422,72.018],[-96.921,72.044],[-98.423,72.059],[-99.927,72.062],[-101.43,72.053],[-102.931,72.033],[-104.427,72.001],[-105.918,71.958],[-107.4,71.903],[-108.874,71.837],[-110.336,71.76],[-111.792,71.833],[-113.259,71.895],[-114.735,71.946],[-116.217,71.985],[-117.705,72.013],[-118.956,72.198],[-120.232,72.375],[-121.532,72.543]]}},{"type":"Feature","properties":{"boundary_type":"subduction","feature_type":"gpml:SubductionZone","polarity":"Right","overriding_plate_id":101,"subducting_plate_id":926,"plate_ids":[101,926],"name":"Alaska Subduction GS"},"geometry":{"type":"LineString","coordinates":[[-121.532,72.543],[-122.914,72.709],[-124.321,72.866],[-125.753,73.012],[-127.208,73.149],[-128.306,73.35]]}},{"type":"Feature","properties":{"boundary_type":"subduction","feature_type":"gpml:SubductionZone","polarity":"Right","overriding_plate_id":409,"subducting_plate_id":926,"plate_ids":[409,926],"name":"Alaska Subduction GS"},"geometry":{"type":"LineString","coordinates":[[-128.306,73.35],[-129.721,73.593],[-131.176,73.826],[-132.672,74.049],[-134.208,74.262],[-135.784,74.463],[-137.399,74.653],[-139.143,74.845],[-140.929,75.023],[-142.755,75.186],[-144.619,75.335],[-146.518,75.469],[-148.34,75.524],[-150.175,75.565],[-152.018,75.592],[-153.866,75.605],[-155.715,75.603],[-157.562,75.587],[-159.308,75.469],[-161.025,75.339],[-162.712,75.197],[-164.366,75.043],[-165.985,74.876],[-167.569,74.699],[-169.117,74.511],[-170.627,74.312],[-172.099,74.103],[-173.467,73.972],[-174.812,73.832],[-176.133,73.683],[-177.431,73.527]]}},{"type":"Feature","properties":{"boundary_type":"other","feature_type":"gpml:Fault","polarity":null,"overriding_plate_id":null,"subducting_plate_id":null,"plate_ids":[101,409],"name":"Alaska"},"geometry":{"type":"LineString","coordinates":[[-128.306,73.35],[-128.529,73.825],[-128.765,74.301],[-129.015,74.776],[-129.281,75.251],[-129.565,75.725],[-129.867,76.199],[-130.19,76.673],[-131.7,77.013],[-133.287,77.344],[-134.958,77.665],[-136.714,77.976],[-138.561,78.275],[-140.501,78.561],[-142.537,78.834],[-144.342,79.038],[-146.213,79.231],[-148.15,79.412],[-150.151,79.581],[-152.214,79.738],[-154.809,79.859],[-157.461,79.96],[-160.16,80.039],[-162.896,80.097],[-165.657,80.132],[-168.432,80.144],[-171.207,80.134],[-173.788,80.131],[-176.362,80.108],[-178.92,80.066],[178.548,80.005],[176.052,79.925],[173.599,79.826],[171.197,79.71],[168.852,79.576],[166.296,79.599],[163.733,79.602],[161.174,79.585],[158.628,79.547],[156.105,79.49],[153.614,79.413],[151.162,79.316],[148.557,79.347],[145.943,79.356],[143.329,79.344],[140.726,79.31],[138.144,79.255],[135.594,79.178],[133.084,79.081],[130.622,78.964],[128.4,78.762],[126.26,78.543],[124.201,78.31],[122.224,78.063],[120.105,78.028],[118.001,77.977],[115.917,77.911]]}},{"type":"Feature","properties":{"boundary_type":"subduction","feature_type":"gpml:SubductionZone","polarity":"Left","overriding_plate_id":301,"subducting_plate_id":926,"plate_ids":[301,926],"name":"OCVB Subduction Zone GS (DNSC, Layer et al., 2001)"},"geometry":{"type":"LineString","coordinates":[[155.75,59.215],[156.385,59.536],[157.032,59.854],[157.691,60.168],[158.363,60.479],[159.048,60.787],[159.747,61.092],[160.458,61.392],[161.184,61.689],[161.923,61.982],[162.677,62.271],[163.337,62.629],[164.012,62.984],[164.704,63.336],[165.413,63.685],[166.139,64.03]]}},{"type":"Feature","properties":{"boundary_type":"subduction","feature_type":"gpml:SubductionZone","polarity":"Left","overriding_plate_id":409,"subducting_plate_id":926,"plate_ids":[409,926],"name":"OCVB Subduction Zone GS (DNSC, Layer et al., 2001)"},"geometry":{"type":"LineString","coordinates":[[166.139,64.03],[166.875,64.367],[167.628,64.7],[168.194,65.105],[168.777,65.508],[169.379,65.909],[170.0,66.307],[170.64,66.703],[171.302,67.096],[171.985,67.486],[172.691,67.873],[173.374,68.244],[174.078,68.611],[174.807,68.975],[175.559,69.336],[176.337,69.694],[177.142,70.048],[177.536,70.402],[177.945,70.754],[178.434,71.185],[178.945,71.614],[179.479,72.042],[-179.796,72.417],[-179.041,72.79],[-178.253,73.16],[-177.431,73.527]]}},{"type":"Feature","properties":{"boundary_type":"ridge","feature_type":"gpml:MidOceanRidge","polarity":null,"overriding_plate_id":null,"subducting_plate_id":null,"plate_ids":[901,926],"name":"IZA-PAC MOR"},"geometry":{"type":"LineString","coordinates":[[166.515,-19.687],[166.504,-19.676],[165.977,-19.658],[165.451,-19.638],[164.925,-19.616],[164.399,-19.593],[163.874,-19.569],[163.348,-19.542],[162.822,-19.515],[162.297,-19.486],[161.772,-19.455],[161.247,-19.423],[160.723,-19.389],[160.198,-19.354],[159.674,-19.317],[159.15,-19.279],[158.627,-19.239]]}},{"type":"Feature","properties":{"boundary_type":"ridge","feature_type":"gpml:MidOceanRidge","polarity":null,"overriding_plate_id":null,"subducting_plate_id":null,"plate_ids":[901,926],"name":"IZA-PAC MOR"},"geometry":{"type":"LineString","coordinates":[[165.932,-6.597],[165.921,-6.608],[165.984,-7.084],[166.046,-7.56],[166.109,-8.037],[166.171,-8.513],[166.234,-8.99],[166.297,-9.466],[166.36,-9.942],[166.424,-10.419],[166.487,-10.895],[166.551,-11.371],[166.615,-11.848],[166.61,-12.338],[166.604,-12.829],[166.599,-13.319],[166.594,-13.81],[166.588,-14.301],[166.583,-14.791],[166.577,-15.282],[166.572,-15.773],[166.566,-16.263],[166.561,-16.754],[166.555,-17.244],[166.55,-17.735],[166.544,-18.226],[166.538,-18.716],[166.533,-19.207],[166.527,-19.698],[166.515,-19.687]]}},{"type":"Feature","properties":{"boundary_type":"ridge","feature_type":"gpml:MidOceanRidge","polarity":null,"overriding_plate_id":null,"subducting_plate_id":null,"plate_ids":[901,926],"name":"IZA-PAC MOR"},"geometry":{"type":"LineString","coordinates":[[175.264,-4.575],[175.273,-4.579],[174.783,-4.688],[174.293,-4.797],[173.804,-4.905],[173.314,-5.013],[172.823,-5.121],[172.333,-5.228],[171.843,-5.335],[171.352,-5.442],[170.861,-5.548],[170.37,-5.654],[169.879,-5.759],[169.388,-5.864],[168.896,-5.968],[168.404,-6.072],[167.912,-6.176],[167.42,-6.279],[166.928,-6.382],[166.436,-6.484],[165.943,-6.586],[165.932,-6.597]]}},{"type":"Feature","properties":{"boundary_type":"ridge","feature_type":"gpml:MidOceanRidge","polarity":null,"overriding_plate_id":null,"subducting_plate_id":null,"plate_ids":[901,926],"name":"IZA-PAC MOR"},"geometry":{"type":"LineString","coordinates":[[179.738,2.749],[179.757,2.756],[179.308,2.614],[178.859,2.472],[178.411,2.329],[177.962,2.187],[177.514,2.044],[177.065,1.902],[176.617,1.759],[176.169,1.616],[175.721,1.473],[175.273,1.329],[174.824,1.186],[174.376,1.043],[173.929,0.899],[174.039,0.444],[174.149,-0.012],[174.26,-0.468],[174.37,-0.924],[174.48,-1.38],[174.591,-1.836],[174.701,-2.292],[174.812,-2.747],[174.923,-3.203],[175.033,-3.659],[175.144,-4.115],[175.255,-4.571],[175.264,-4.575]]}},{"type":"Feature","properties":{"boundary_type":"ridge","feature_type":"gpml:MidOceanRidge","polarity":null,"overriding_plate_id":null,"subducting_plate_id":null,"plate_ids":[901,926],"name":"IZA-PAC MOR"},"geometry":{"type":"LineString","coordinates":[[-173.446,6.557],[-173.455,6.561],[-173.886,6.43],[-174.318,6.3],[-174.749,6.169],[-175.18,6.037],[-175.071,5.644],[-174.962,5.25],[-174.853,4.857],[-174.744,4.463],[-175.207,4.321],[-175.669,4.179],[-176.131,4.036],[-176.592,3.893],[-177.054,3.75],[-177.516,3.607],[-177.977,3.463],[-178.438,3.32],[-178.899,3.176],[-179.36,3.031],[-179.821,2.887],[179.718,2.742],[179.738,2.749]]}},{"type":"Feature","properties":{"boundary_type":"ridge","feature_type":"gpml:MidOceanRidge","polarity":null,"overriding_plate_id":null,"subducting_plate_id":null,"plate_ids":[901,926],"name":"IZA-PAC MOR"},"geometry":{"type":"LineString","coordinates":[[-168.637,7.951],[-169.119,7.813],[-169.6,7.675],[-170.081,7.537],[-170.561,7.397],[-171.041,7.258],[-171.521,7.118],[-172.0,6.977],[-172.48,6.836],[-172.959,6.695],[-173.437,6.553],[-173.446,6.557]]}},{"type":"Feature","properties":{"boundary_type":"ridge","feature_type":"gpml:MidOceanRidge","polarity":null,"overriding_plate_id":null,"subducting_plate_id":null,"plate_ids":[901,926],"name":"IZA-PAC MOR"},"geometry":{"type":"LineString","coordinates":[[-152.975,21.046],[-152.95,21.057],[-153.068,21.507],[-153.186,21.957],[-153.305,22.407],[-153.425,22.857],[-153.545,23.307],[-153.667,23.756],[-153.789,24.206],[-153.912,24.655],[-154.435,24.543],[-154.957,24.428],[-155.479,24.312],[-155.999,24.193],[-156.518,24.074],[-157.036,23.952],[-157.553,23.829],[-158.07,23.704],[-158.585,23.577],[-159.099,23.448],[-159.612,23.318],[-160.125,23.186],[-160.636,23.053],[-161.146,22.918],[-161.655,22.781],[-162.163,22.642],[-162.671,22.502],[-163.177,22.361],[-163.682,22.218],[-163.532,21.739],[-163.384,21.26],[-163.236,20.78],[-163.09,20.301],[-162.944,19.822],[-162.8,19.342],[-162.656,18.862],[-162.513,18.383],[-162.37,17.903],[-162.229,17.423],[-162.088,16.943],[-161.948,16.462],[-161.809,15.982],[-161.67,15.502],[-161.532,15.021],[-161.394,14.541],[-161.258,14.06],[-161.121,13.579],[-160.986,13.098],[-160.85,12.618],[-161.33,12.485],[-161.81,12.351],[-162.288,12.216],[-162.767,12.081],[-163.245,11.945],[-163.722,11.808],[-164.199,11.67],[-164.07,11.209],[-163.941,10.748],[-163.813,10.287],[-163.686,9.825],[-163.558,9.364],[-164.021,9.238],[-164.484,9.112],[-164.947,8.985],[-165.41,8.858],[-165.872,8.73],[-166.333,8.601],[-166.795,8.472],[-167.256,8.343],[-167.717,8.212],[-168.177,8.082],[-168.637,7.951]]}},{"type":"Feature","properties":{"boundary_type":"ridge","feature_type":"gpml:MidOceanRidge","polarity":null,"overriding_plate_id":null,"subducting_plate_id":null,"plate_ids":[901,926],"name":"IZA-PAC MOR"},"geometry":{"type":"LineString","coordinates":[[-137.891,23.604],[-138.237,23.551],[-138.583,23.497],[-139.106,23.431],[-139.628,23.364],[-140.151,23.295],[-140.672,23.225],[-141.193,23.153],[-141.713,23.079],[-142.233,23.003],[-142.752,22.925],[-143.271,22.846],[-143.789,22.766],[-144.306,22.683],[-144.823,22.599],[-145.339,22.513],[-145.855,22.426],[-146.369,22.337],[-146.884,22.246],[-147.397,22.154],[-147.91,22.06],[-148.422,21.965],[-148.933,21.868],[-149.444,21.769],[-149.954,21.669],[-150.463,21.567],[-150.972,21.464],[-151.48,21.359],[-151.987,21.253],[-152.493,21.145],[-152.999,21.035],[-152.975,21.046]]}},{"type":"Feature","properties":{"boundary_type":"ridge","feature_type":"gpml:MidOceanRidge","polarity":null,"overriding_plate_id":null,"subducting_plate_id":null,"plate_ids":[901,926],"name":"IZA-PAC MOR"},"geometry":{"type":"LineString","coordinates":[[-132.321,24.134],[-132.829,24.094],[-133.337,24.052],[-133.845,24.009],[-134.352,23.964],[-134.859,23.918],[-135.365,23.87],[-135.871,23.82],[-136.377,23.768],[-136.882,23.715],[-137.387,23.661],[-137.891,23.604]]}},{"type":"Feature","properties":{"boundary_type":"ridge","feature_type":"gpml:MidOceanRidge","polarity":null,"overriding_plate_id":null,"subducting_plate_id":null,"plate_ids":[101],"name":"Ridge from iso M0 from NAM at 120.4Ma"},"geometry":{"type":"LineString","coordinates":[[-0.391,32.369],[-0.096,32.652],[0.202,32.934],[-0.193,32.72],[-0.585,32.506]]}},{"type":"Feature","properties":{"boundary_type":"ridge","feature_type":"gpml:MidOceanRidge","polarity":null,"overriding_plate_id":null,"subducting_plate_id":null,"plate_ids":[101,714],"name":"Ridge from iso M0 from NAM at 120.4Ma"},"geometry":{"type":"LineString","coordinates":[[-0.585,32.506],[-0.884,32.34],[-1.182,32.174],[-1.645,32.055],[-2.106,31.934],[-2.566,31.812],[-2.78,32.056],[-3.186,31.841],[-3.589,31.625],[-3.99,31.407],[-4.39,31.188],[-4.788,30.968],[-4.96,31.111],[-5.443,30.876],[-5.923,30.639],[-6.4,30.4],[-6.876,30.159],[-7.349,29.917],[-7.82,29.673],[-8.288,29.428],[-8.38,29.497],[-8.84,29.368],[-9.298,29.238],[-9.755,29.107],[-9.903,29.243],[-10.264,29.082],[-10.623,28.921],[-10.981,28.758],[-11.295,29.046],[-11.702,28.761],[-12.108,28.476],[-12.224,28.581],[-12.602,28.304],[-12.978,28.027],[-13.126,28.17],[-13.446,27.922],[-13.764,27.673],[-13.758,27.664],[-14.04,27.413],[-14.32,27.161],[-14.599,26.909],[-14.84,27.127],[-15.081,27.344],[-15.397,27.133],[-15.712,26.922],[-16.025,26.71],[-16.229,26.895],[-16.591,26.605],[-16.951,26.315],[-17.309,26.024],[-17.665,25.732],[-18.02,25.439],[-18.373,25.146],[-18.103,24.874],[-18.443,24.555],[-18.781,24.235],[-19.117,23.914],[-18.991,23.788],[-19.242,23.577],[-19.493,23.364],[-19.324,23.194],[-19.503,22.806],[-19.68,22.419],[-19.857,22.031],[-20.032,21.644],[-19.91,21.511],[-20.215,21.159],[-20.518,20.805],[-20.82,20.452],[-20.607,20.268],[-20.925,19.944],[-21.242,19.619],[-21.558,19.294],[-21.407,19.162],[-21.645,18.879],[-21.883,18.597],[-22.119,18.314],[-22.022,18.236],[-22.285,17.934],[-22.547,17.632],[-22.808,17.33],[-22.578,17.088],[-22.904,16.76],[-22.772,16.654],[-23.055,16.352],[-23.337,16.05],[-22.998,15.705],[-22.661,15.36],[-22.324,15.014],[-22.618,14.67],[-22.91,14.325],[-23.202,13.98],[-23.331,13.82]]}},{"type":"Feature","properties":{"boundary_type":"subduction","feature_type":"gpml:SubductionZone","polarity":"Left","overriding_plate_id":301,"subducting_plate_id":926,"plate_ids":[301,926],"name":"Barito Sea Subduction"},"geometry":{"type":"LineString","coordinates":[[126.049,-3.565],[126.522,-3.71],[126.996,-3.856],[127.47,-4.001],[127.944,-4.146],[128.418,-4.291],[128.836,-4.171],[129.253,-4.051],[129.67,-3.931],[130.088,-3.81],[130.511,-3.653],[130.935,-3.496],[131.359,-3.339],[131.782,-3.181],[132.205,-3.024],[132.629,-2.866],[133.052,-2.708],[133.475,-2.55],[133.897,-2.392],[134.374,-2.289],[134.851,-2.186],[135.328,-2.082],[135.805,-1.979],[136.282,-1.876],[136.759,-1.772],[137.236,-1.668],[137.712,-1.564],[138.189,-1.46]]}},{"type":"Feature","properties":{"boundary_type":"subduction","feature_type":"gpml:SubductionZone","polarity":"Left","overriding_plate_id":301,"subducting_plate_id":926,"plate_ids":[301,926],"name":"North Borneo subduction"},"geometry":{"type":"LineString","coordinates":[[137.862,-0.762],[137.374,-0.691],[136.885,-0.62],[136.448,-0.622],[136.012,-0.623],[135.575,-0.625],[135.139,-0.626],[134.702,-0.627],[134.266,-0.629],[133.829,-0.63],[133.403,-0.375],[132.976,-0.12],[132.549,0.135],[132.123,0.39],[131.696,0.645],[131.487,1.097],[131.278,1.549],[131.068,2.001],[130.979,2.439],[130.89,2.877],[130.8,3.315],[130.808,3.674],[130.815,4.032],[130.763,4.514],[130.711,4.996],[130.658,5.478],[130.606,5.96],[130.454,6.399],[130.302,6.838],[130.149,7.277]]}},{"type":"Feature","properties":{"boundary_type":"subduction","feature_type":"gpml:SubductionZone","polarity":"Left","overriding_plate_id":301,"subducting_plate_id":926,"plate_ids":[301,926],"name":"Proto South China Sea opening"},"geometry":{"type":"LineString","coordinates":[[130.149,7.277],[130.355,7.678],[130.562,8.08],[130.769,8.482],[130.977,8.883],[131.185,9.285],[131.393,9.686],[131.602,10.087],[131.811,10.488],[131.894,10.902],[131.977,11.315],[132.06,11.729],[132.143,12.143],[132.227,12.556],[132.311,12.97],[132.43,13.437],[132.549,13.904],[132.668,14.371],[132.788,14.838],[132.908,15.305],[133.029,15.772],[133.125,16.235],[133.222,16.699],[133.318,17.162],[133.416,17.626],[133.651,17.914]]}},{"type":"Feature","properties":{"boundary_type":"subduction","feature_type":"gpml:SubductionZone","polarity":"Left","overriding_plate_id":787,"subducting_plate_id":501,"plate_ids":[501,787],"name":"Sunda Jurassic-Cretaceous subduction"},"geometry":{"type":"LineString","coordinates":[[95.887,-1.062],[96.177,-1.248],[96.492,-1.491],[96.807,-1.735],[97.122,-1.978],[97.437,-2.221],[97.801,-2.449],[98.166,-2.676],[98.531,-2.904],[98.896,-3.131],[99.262,-3.358],[99.627,-3.585],[100.015,-3.862],[100.403,-4.14],[100.791,-4.417],[101.179,-4.694],[101.568,-4.97],[101.957,-5.247],[102.347,-5.497],[102.737,-5.748],[103.127,-5.998],[103.517,-6.247],[103.908,-6.497],[104.299,-6.746],[104.691,-6.994],[105.115,-7.183],[105.539,-7.37],[105.964,-7.557],[106.389,-7.744],[106.814,-7.931],[107.24,-8.117],[107.666,-8.302],[108.093,-8.487],[108.565,-8.583],[109.036,-8.678],[109.509,-8.772],[109.981,-8.865],[110.454,-8.958],[110.926,-9.051],[111.4,-9.142],[111.884,-9.258],[112.369,-9.372],[112.855,-9.486],[113.34,-9.599],[113.827,-9.712],[114.313,-9.823],[114.8,-9.934],[115.287,-10.045],[115.774,-10.155],[116.262,-10.264],[116.75,-10.372],[117.144,-10.601],[117.538,-10.831],[117.933,-11.059]]}},{"type":"Feature","properties":{"boundary_type":"subduction","feature_type":"gpml:SubductionZone","polarity":"Left","overriding_plate_id":926,"subducting_plate_id":501,"plate_ids":[501,926],"name":"Sunda Jurassic-Cretaceous subduction"},"geometry":{"type":"LineString","coordinates":[[117.933,-11.059],[118.349,-11.299],[118.765,-11.537],[119.182,-11.776],[119.599,-12.013],[120.062,-12.214],[120.525,-12.413],[120.989,-12.612],[121.453,-12.809],[121.919,-13.007],[122.385,-13.203],[122.852,-13.398],[123.319,-13.593],[123.788,-13.786],[124.217,-13.967],[124.646,-14.147],[125.077,-14.326],[125.508,-14.505],[125.939,-14.683],[126.372,-14.859],[126.805,-15.036],[127.239,-15.211],[127.683,-15.016],[128.125,-14.821],[128.568,-14.625],[129.009,-14.428],[129.449,-14.23],[129.889,-14.032],[130.179,-13.696],[130.468,-13.36]]}},{"type":"Feature","properties":{"boundary_type":"transform","feature_type":"gpml:Transform","polarity":null,"overriding_plate_id":null,"subducting_plate_id":null,"plate_ids":[501,787],"name":"Proto Andaman transform"},"geometry":{"type":"LineString","coordinates":[[95.887,-1.062],[95.969,-0.933]]}},{"type":"Feature","properties":{"boundary_type":"transform","feature_type":"gpml:Transform","polarity":null,"overriding_plate_id":null,"subducting_plate_id":null,"plate_ids":[529,787],"name":"Proto Andaman transform"},"geometry":{"type":"LineString","coordinates":[[95.969,-0.933],[96.225,-0.535],[96.481,-0.136],[96.736,0.263],[96.992,0.661],[97.248,1.06],[97.503,1.458],[97.759,1.857],[98.015,2.255],[98.271,2.654],[98.512,3.031],[98.753,3.409],[98.994,3.786],[99.236,4.163],[99.477,4.541],[99.719,4.918],[99.961,5.295],[100.204,5.672],[100.446,6.048]]}},{"type":"Feature","properties":{"boundary_type":"transform","feature_type":"gpml:Transform","polarity":null,"overriding_plate_id":null,"subducting_plate_id":null,"plate_ids":[528,787],"name":"Proto Andaman transform"},"geometry":{"type":"LineString","coordinates":[[100.446,6.048],[100.636,6.342],[100.825,6.635],[101.015,6.928],[101.258,7.347],[101.502,7.766],[101.746,8.185],[101.991,8.604],[102.237,9.023],[102.483,9.442],[102.729,9.86],[102.977,10.278],[103.224,10.696],[103.473,11.114],[103.655,11.422],[103.838,11.73],[104.021,12.038]]}},{"type":"Feature","properties":{"boundary_type":"transform","feature_type":"gpml:Transform","polarity":null,"overriding_plate_id":null,"subducting_plate_id":null,"plate_ids":[301,787],"name":"Proto Andaman transform"},"geometry":{"type":"LineString","coordinates":[[104.021,12.038],[104.274,12.463],[104.529,12.888],[104.784,13.312],[105.04,13.737],[105.297,14.161],[105.555,14.585],[105.814,15.008],[105.98,15.313],[106.146,15.618]]}},{"type":"Feature","properties":{"boundary_type":"subduction","feature_type":"gpml:SubductionZone","polarity":"Left","overriding_plate_id":801,"subducting_plate_id":901,"plate_ids":[801,901],"name":"Philippines Late Cretaceous back-arc"},"geometry":{"type":"LineString","coordinates":[[162.333,-32.66],[162.147,-32.203],[161.964,-31.745],[161.782,-31.288],[161.603,-30.83],[161.425,-30.372],[161.322,-29.963],[161.22,-29.554],[161.12,-29.145],[161.02,-28.736],[160.92,-28.327],[160.822,-27.917],[160.756,-27.435],[160.69,-26.952],[160.625,-26.469],[160.561,-25.986],[160.497,-25.504],[160.402,-25.081],[160.308,-24.659],[160.215,-24.237],[160.122,-23.814],[159.953,-23.347],[159.785,-22.88],[159.618,-22.412],[159.453,-21.945],[159.288,-21.477],[159.125,-21.009],[158.999,-20.567],[158.874,-20.124],[158.75,-19.682],[158.627,-19.239]]}},{"type":"Feature","properties":{"boundary_type":"subduction","feature_type":"gpml:SubductionZone","polarity":"Left","overriding_plate_id":801,"subducting_plate_id":926,"plate_ids":[801,926],"name":"Philippines Late Cretaceous back-arc"},"geometry":{"type":"LineString","coordinates":[[158.627,-19.239],[158.493,-18.757],[158.36,-18.274],[158.227,-17.792],[158.095,-17.309]]}},{"type":"Feature","properties":{"boundary_type":"subduction","feature_type":"gpml:SubductionZone","polarity":"Left","overriding_plate_id":529,"subducting_plate_id":501,"plate_ids":[501,529],"name":"Kohistan instra-oceanic subduction"},"geometry":{"type":"LineString","coordinates":[[65.723,3.628],[66.067,3.44],[66.411,3.253],[66.754,3.066],[67.098,2.878],[67.534,2.645],[67.97,2.411],[68.405,2.176],[68.841,1.942],[69.276,1.708],[69.712,1.473],[70.147,1.239],[70.582,1.004],[71.017,0.77],[71.37,0.549],[71.722,0.329],[72.074,0.108],[72.426,-0.112],[72.779,-0.333],[73.151,-0.545],[73.524,-0.757],[73.896,-0.969],[74.269,-1.181],[74.642,-1.393],[75.069,-1.594],[75.496,-1.794],[75.924,-1.994],[76.351,-2.194],[76.779,-2.395],[77.207,-2.594],[77.635,-2.794],[78.063,-2.994],[78.491,-3.193],[78.92,-3.393],[79.37,-3.496],[79.82,-3.599],[80.27,-3.702],[80.72,-3.804],[81.17,-3.907],[81.621,-4.009],[82.071,-4.111],[82.527,-4.183],[82.983,-4.255],[83.439,-4.326],[83.896,-4.398],[84.352,-4.469],[84.808,-4.54],[85.259,-4.491],[85.71,-4.442],[86.16,-4.392],[86.611,-4.342],[87.061,-4.292],[87.513,-4.211],[87.964,-4.13],[88.415,-4.048],[88.867,-3.967],[89.318,-3.885],[89.769,-3.802],[90.22,-3.72],[90.613,-3.568],[91.006,-3.416],[91.398,-3.264],[91.791,-3.112],[92.184,-2.96],[92.576,-2.808],[92.96,-2.616],[93.344,-2.424],[93.727,-2.232],[94.111,-2.04],[94.495,-1.847],[94.878,-1.655],[95.242,-1.415],[95.606,-1.174],[95.969,-0.933]]}},{"type":"Feature","properties":{"boundary_type":"ridge","feature_type":"gpml:MidOceanRidge","polarity":null,"overriding_plate_id":null,"subducting_plate_id":null,"plate_ids":[528,529],"name":"Kohistan back-arc MOR"},"geometry":{"type":"LineString","coordinates":[[74.338,14.773],[74.684,14.673],[75.165,14.54],[75.645,14.405],[76.125,14.27],[76.605,14.134],[77.083,13.996],[77.562,13.858],[78.039,13.719],[78.516,13.579],[78.993,13.438],[79.469,13.296],[79.387,12.949],[79.305,12.601],[79.223,12.254],[79.701,12.115],[80.178,11.975],[80.655,11.834],[81.131,11.692],[81.606,11.55],[82.082,11.407],[82.001,11.023],[81.92,10.638],[81.84,10.254],[82.241,10.159],[82.641,10.064],[83.041,9.968],[83.441,9.872],[83.356,9.463],[83.271,9.055],[83.705,8.943],[84.139,8.83],[84.572,8.717],[85.006,8.604],[84.933,8.281],[84.861,7.957],[85.313,7.853],[85.766,7.748],[86.218,7.642],[86.671,7.536],[87.123,7.429],[87.574,7.322],[88.026,7.215],[88.477,7.107],[88.928,6.998],[89.379,6.889],[89.83,6.78],[90.28,6.671],[90.629,6.6],[90.978,6.53]]}},{"type":"Feature","properties":{"boundary_type":"ridge","feature_type":"gpml:MidOceanRidge","polarity":null,"overriding_plate_id":null,"subducting_plate_id":null,"plate_ids":[528,529],"name":"Kohistan back-arc MOR"},"geometry":{"type":"LineString","coordinates":[[90.978,6.53],[91.08,7.001],[91.565,6.918],[92.049,6.835],[92.533,6.752],[93.016,6.668],[93.5,6.583],[93.983,6.498],[94.466,6.413],[94.949,6.327],[95.026,6.725],[95.104,7.123],[95.578,7.027],[96.051,6.93],[96.525,6.832],[96.998,6.734],[97.472,6.636],[97.944,6.537],[98.417,6.438],[98.823,6.361],[99.229,6.283],[99.635,6.205],[100.041,6.127],[100.446,6.048]]}},{"type":"Feature","properties":{"boundary_type":"transform","feature_type":"gpml:Transform","polarity":null,"overriding_plate_id":null,"subducting_plate_id":null,"plate_ids":[801,926],"name":"Tethys-Izanagi Transform"},"geometry":{"type":"LineString","coordinates":[[151.357,-7.449],[151.647,-7.835],[151.937,-8.222],[152.228,-8.608],[152.52,-8.994],[152.812,-9.379],[153.105,-9.765],[153.378,-10.16],[153.652,-10.555],[153.926,-10.95],[154.201,-11.345],[154.477,-11.739],[154.753,-12.133],[155.03,-12.527],[155.308,-12.921],[155.587,-13.314],[155.867,-13.707],[156.111,-14.108],[156.356,-14.509],[156.601,-14.91],[156.848,-15.311],[157.095,-15.711],[157.344,-16.111],[157.593,-16.511],[157.844,-16.91],[158.095,-17.309]]}},{"type":"Feature","properties":{"boundary_type":"subduction","feature_type":"gpml:SubductionZone","polarity":"Right","overriding_plate_id":301,"subducting_plate_id":528,"plate_ids":[301,528],"name":"Subduction zone to close the Tethyan/Lhasa back-arc basin, southward jump after accretion"},"geometry":{"type":"LineString","coordinates":[[104.021,12.038],[103.681,12.188],[103.311,12.428],[102.939,12.666],[102.567,12.905],[102.195,13.142],[101.821,13.38],[101.447,13.616],[101.186,13.843],[100.923,14.07],[100.572,14.188],[100.22,14.306],[99.788,14.297],[99.356,14.287],[98.924,14.276],[98.493,14.264],[98.061,14.252],[97.629,14.238],[97.176,14.275],[96.722,14.311],[96.268,14.346],[95.814,14.38],[95.36,14.413],[94.905,14.445],[94.435,14.623],[93.963,14.8],[93.491,14.976],[93.017,15.151],[92.543,15.324],[92.069,15.497],[91.593,15.669],[91.117,15.84],[90.734,16.11],[90.35,16.379],[89.964,16.648],[89.578,16.916],[89.191,17.183],[88.802,17.449],[88.413,17.715],[88.022,17.979],[87.63,18.244],[87.237,18.507],[86.993,18.867],[86.748,19.227],[86.502,19.587],[86.254,19.947],[86.006,20.306],[85.617,20.593],[85.226,20.88],[84.833,21.166],[84.439,21.451],[84.044,21.735],[83.646,22.018],[83.248,22.3],[82.847,22.581],[82.445,22.861],[82.146,23.087],[81.845,23.313],[81.543,23.538]]}},{"type":"Feature","properties":{"boundary_type":"ridge","feature_type":"gpml:MidOceanRidge","polarity":null,"overriding_plate_id":null,"subducting_plate_id":null,"plate_ids":[501,801],"name":"Indian Ocean MOR"},"geometry":{"type":"LineString","coordinates":[[75.322,-49.388],[75.553,-49.105],[75.781,-48.822],[76.388,-48.994],[76.998,-49.163],[77.613,-49.328],[78.232,-49.49],[78.855,-49.649],[79.217,-49.211],[79.573,-48.771],[79.922,-48.33],[80.266,-47.888],[80.604,-47.446],[80.936,-47.002],[81.263,-46.557],[81.584,-46.111],[81.9,-45.665],[82.211,-45.217],[82.518,-44.769],[82.819,-44.32],[83.116,-43.87],[83.409,-43.42],[83.697,-42.969],[83.981,-42.517],[84.261,-42.064],[84.537,-41.61],[84.809,-41.156],[85.077,-40.702],[85.342,-40.246],[85.603,-39.791],[86.161,-39.927],[86.721,-40.061],[87.284,-40.191],[87.848,-40.32],[88.415,-40.445],[88.984,-40.568],[89.555,-40.688],[89.763,-40.26],[89.968,-39.833],[90.17,-39.405],[90.37,-38.976],[90.568,-38.548],[90.763,-38.119],[90.956,-37.69],[91.147,-37.26],[91.335,-36.83],[91.522,-36.4],[91.706,-35.969],[92.276,-36.081],[92.848,-36.191],[93.421,-36.297],[93.996,-36.401],[94.572,-36.503],[95.15,-36.601],[95.729,-36.696],[96.31,-36.789],[96.892,-36.879],[97.476,-36.966],[98.06,-37.051],[98.646,-37.132],[99.233,-37.21],[99.373,-36.762],[99.51,-36.314],[99.646,-35.865],[99.781,-35.416],[99.914,-34.967],[100.046,-34.518],[100.176,-34.069],[100.305,-33.62],[100.432,-33.17],[100.558,-32.721],[100.683,-32.271],[100.807,-31.821],[101.36,-31.877],[101.914,-31.93],[102.468,-31.98],[103.023,-32.028],[103.578,-32.074],[104.134,-32.118],[104.691,-32.159],[105.248,-32.197],[105.805,-32.233],[106.363,-32.267],[106.921,-32.298],[107.48,-32.327],[108.039,-32.353],[108.598,-32.377],[109.158,-32.398],[109.717,-32.417],[109.805,-31.942],[109.893,-31.466],[109.979,-30.991],[110.064,-30.515],[110.149,-30.039],[110.233,-29.563],[110.316,-29.088],[110.398,-28.612],[110.48,-28.136],[110.561,-27.66],[110.641,-27.184],[110.72,-26.708],[110.799,-26.232],[110.877,-25.756],[110.954,-25.28],[111.481,-25.289],[112.007,-25.297],[112.533,-25.303],[113.059,-25.307],[113.586,-25.309],[114.112,-25.309],[114.639,-25.307],[115.165,-25.304],[115.691,-25.298],[116.217,-25.291],[116.744,-25.282],[117.27,-25.271],[117.796,-25.258],[118.322,-25.243],[118.847,-25.227],[119.373,-25.208],[119.421,-24.807],[119.469,-24.406],[119.517,-24.004],[119.564,-23.603],[120.103,-23.59],[120.641,-23.575],[121.179,-23.559],[121.718,-23.541],[122.256,-23.52],[122.794,-23.498],[123.332,-23.474],[123.869,-23.449],[124.406,-23.421],[124.943,-23.392],[124.933,-22.969],[124.922,-22.546],[124.911,-22.123],[124.9,-21.701],[124.89,-21.278],[125.367,-21.257],[125.845,-21.235],[126.322,-21.211],[126.799,-21.186],[127.276,-21.159],[127.753,-21.132],[128.229,-21.103],[128.706,-21.072],[129.182,-21.041],[129.166,-20.57],[129.151,-20.099],[129.135,-19.628],[129.12,-19.158],[129.105,-18.687],[129.089,-18.216],[129.074,-17.746],[129.059,-17.275],[129.044,-16.804],[129.029,-16.333],[129.496,-16.296],[129.962,-16.257],[130.428,-16.217],[130.893,-16.176],[131.359,-16.134],[131.824,-16.091],[131.798,-15.675],[131.773,-15.259],[131.747,-14.843],[131.721,-14.427],[131.696,-14.011],[131.671,-13.595]]}},{"type":"Feature","properties":{"boundary_type":"subduction","feature_type":"gpml:SubductionZone","polarity":"Left","overriding_plate_id":801,"subducting_plate_id":901,"plate_ids":[801,901],"name":"Proto Philippine transform"},"geometry":{"type":"LineString","coordinates":[[161.175,-33.684],[161.564,-33.344],[161.95,-33.003],[162.333,-32.66]]}},{"type":"Feature","properties":{"boundary_type":"subduction","feature_type":"gpml:SubductionZone","polarity":"Left","overriding_plate_id":301,"subducting_plate_id":787,"plate_ids":[301,787],"name":"Woyla and Proto Andaman Sea Subduction"},"geometry":{"type":"LineString","coordinates":[[106.146,15.618],[106.592,15.382],[107.038,15.145],[107.482,14.908],[107.756,14.523],[108.029,14.137],[108.302,13.751],[108.573,13.365],[108.843,12.979],[109.113,12.592],[109.382,12.205],[109.65,11.818],[109.917,11.431],[110.225,11.044],[110.532,10.657],[110.838,10.27],[111.144,9.882],[111.449,9.494],[111.753,9.106],[112.056,8.717],[112.359,8.329],[112.661,7.94],[112.895,7.571],[113.128,7.202],[113.518,6.904],[113.908,6.607],[114.297,6.309]]}},{"type":"Feature","properties":{"boundary_type":"subduction","feature_type":"gpml:SubductionZone","polarity":"Left","overriding_plate_id":301,"subducting_plate_id":787,"plate_ids":[301,787],"name":"Woyla and Proto Andaman Sea Subduction"},"geometry":{"type":"LineString","coordinates":[[114.297,6.309],[114.625,6.164],[114.952,6.019],[115.369,5.812],[115.785,5.604],[116.2,5.396],[116.616,5.187],[117.031,4.978],[117.446,4.769],[117.86,4.56],[118.194,4.336],[118.527,4.111],[118.86,3.886],[119.192,3.661],[119.525,3.436],[119.904,3.214],[120.283,2.992],[120.661,2.77],[121.04,2.547],[121.418,2.325],[121.796,2.102],[122.175,1.88],[122.553,1.657],[122.879,1.325],[123.206,0.994],[123.532,0.662],[123.859,0.331],[124.185,-0.001],[124.512,-0.333],[124.712,-0.712],[124.913,-1.092],[125.113,-1.472],[125.314,-1.852],[125.515,-2.231],[125.644,-2.554],[125.773,-2.876]]}},{"type":"Feature","properties":{"boundary_type":"subduction","feature_type":"gpml:SubductionZone","polarity":"Left","overriding_plate_id":301,"subducting_plate_id":926,"plate_ids":[301,926],"name":"Woyla and Proto Andaman Sea Subduction"},"geometry":{"type":"LineString","coordinates":[[125.773,-2.876],[125.911,-3.221],[126.049,-3.565]]}},{"type":"Feature","properties":{"boundary_type":"ridge","feature_type":"gpml:MidOceanRidge","polarity":null,"overriding_plate_id":null,"subducting_plate_id":null,"plate_ids":[501],"name":"MOR Fracture (SS) between NE Africa and India"},"geometry":{"type":"LineString","coordinates":[[57.296,-9.826],[57.262,-9.854]]}},{"type":"Feature","properties":{"boundary_type":"ridge","feature_type":"gpml:MidOceanRidge","polarity":null,"overriding_plate_id":null,"subducting_plate_id":null,"plate_ids":[501,701],"name":"MOR Fracture (SS) between NE Africa and India"},"geometry":{"type":"LineString","coordinates":[[57.262,-9.854],[57.18,-9.923],[56.838,-10.208],[56.496,-10.492],[56.154,-10.776],[55.81,-11.06],[55.466,-11.344],[55.121,-11.627],[54.776,-11.909],[54.43,-12.191],[54.107,-12.529],[53.784,-12.866],[53.46,-13.203],[53.136,-13.539],[52.81,-13.875],[52.483,-14.21],[52.155,-14.545],[51.827,-14.88],[51.534,-15.118],[51.24,-15.355]]}},{"type":"Feature","properties":{"boundary_type":"ridge","feature_type":"gpml:MidOceanRidge","polarity":null,"overriding_plate_id":null,"subducting_plate_id":null,"plate_ids":[201,701],"name":"MOR Weddell Sea"},"geometry":{"type":"LineString","coordinates":[[5.045,-54.834],[4.768,-54.91],[4.197,-55.093]]}},{"type":"Feature","properties":{"boundary_type":"ridge","feature_type":"gpml:MidOceanRidge","polarity":null,"overriding_plate_id":null,"subducting_plate_id":null,"plate_ids":[201,802],"name":"MOR Weddell Sea"},"geometry":{"type":"LineString","coordinates":[[4.197,-55.093],[3.514,-55.306],[2.824,-55.516],[2.126,-55.721],[1.421,-55.922],[0.705,-56.165],[-0.02,-56.404],[-0.755,-56.638],[-1.498,-56.867],[-2.251,-57.093],[-3.013,-57.313],[-3.784,-57.529],[-4.564,-57.741],[-5.353,-57.947],[-6.151,-58.149],[-6.958,-58.345],[-7.66,-58.529],[-8.37,-58.709],[-9.088,-58.885],[-9.812,-59.057],[-10.427,-59.221],[-11.049,-59.383],[-11.676,-59.491],[-12.308,-59.597],[-12.813,-59.714],[-13.185,-59.855],[-13.813,-60.012],[-14.506,-60.141],[-15.323,-60.31],[-16.148,-60.472],[-16.726,-60.563],[-17.308,-60.652],[-17.96,-60.75],[-18.912,-60.858],[-19.288,-60.92],[-19.889,-61.016],[-20.493,-61.11],[-21.049,-61.192],[-21.608,-61.273],[-22.275,-61.365],[-22.946,-61.455],[-23.51,-61.535],[-24.077,-61.614],[-24.808,-61.708],[-25.544,-61.799],[-26.197,-61.867],[-26.67,-61.914],[-27.255,-61.971],[-27.916,-62.031],[-28.377,-62.018],[-28.943,-62.029],[-29.976,-62.003],[-30.896,-61.961],[-31.572,-61.969],[-32.249,-61.973],[-32.789,-61.915],[-33.472,-61.878],[-34.154,-61.838],[-34.993,-61.731],[-35.596,-61.421],[-36.241,-61.265],[-36.77,-61.105],[-37.151,-60.922],[-37.71,-60.706],[-38.262,-60.488],[-39.004,-60.248],[-39.736,-60.004],[-40.456,-59.756],[-41.166,-59.505],[-41.865,-59.249]]}},{"type":"Feature","properties":{"boundary_type":"ridge","feature_type":"gpml:MidOceanRidge","polarity":null,"overriding_plate_id":null,"subducting_plate_id":null,"plate_ids":[501,802],"name":"MOR India-Elan"},"geometry":{"type":"LineString","coordinates":[[35.108,-49.21],[35.278,-49.68],[35.452,-50.149],[35.63,-50.618],[35.81,-51.087],[35.995,-51.556],[36.183,-52.024],[36.376,-52.492],[36.573,-52.96],[37.371,-52.884],[38.167,-52.803],[38.96,-52.717],[39.749,-52.625],[40.535,-52.528],[41.318,-52.426],[42.096,-52.319],[42.871,-52.207],[43.642,-52.09],[44.409,-51.968],[45.172,-51.841],[45.93,-51.709],[46.684,-51.572],[47.433,-51.43],[48.177,-51.283],[48.917,-51.132],[49.652,-50.976],[50.381,-50.816],[51.106,-50.651],[51.825,-50.482],[52.54,-50.308],[53.249,-50.13],[53.952,-49.948],[54.35,-50.191],[54.751,-50.433],[55.156,-50.673],[55.926,-50.585],[56.693,-50.492],[57.456,-50.394],[58.217,-50.291],[58.974,-50.183],[59.727,-50.07],[60.477,-49.952],[61.224,-49.829],[61.966,-49.702],[62.705,-49.57],[63.439,-49.433],[63.721,-49.766],[64.007,-50.099],[64.297,-50.431],[64.93,-50.318],[65.561,-50.203],[66.188,-50.084],[66.813,-49.962],[67.434,-49.836],[68.052,-49.707]]}},{"type":"Feature","properties":{"boundary_type":"ridge","feature_type":"gpml:MidOceanRidge","polarity":null,"overriding_plate_id":null,"subducting_plate_id":null,"plate_ids":[501,801],"name":"MOR India-Elan"},"geometry":{"type":"LineString","coordinates":[[68.052,-49.707],[68.741,-49.559],[69.426,-49.406],[70.107,-49.249],[70.783,-49.089],[71.455,-48.924],[72.123,-48.756],[72.786,-48.583],[73.444,-48.407],[74.098,-48.227],[74.5,-48.616],[74.908,-49.002],[75.322,-49.388]]}},{"type":"Feature","properties":{"boundary_type":"ridge","feature_type":"gpml:MidOceanRidge","polarity":null,"overriding_plate_id":null,"subducting_plate_id":null,"plate_ids":[101,201],"name":"Ridge from iso A34 from Africa at 83.5Ma"},"geometry":{"type":"LineString","coordinates":[[-29.904,21.193],[-29.595,20.801],[-29.287,20.408],[-28.981,20.015],[-28.677,19.621],[-28.374,19.227],[-28.072,18.833],[-27.772,18.438],[-27.473,18.042],[-27.176,17.646],[-26.745,17.412],[-26.315,17.177],[-25.886,16.941],[-25.458,16.704],[-25.032,16.467],[-25.196,16.139],[-25.361,15.81],[-25.524,15.482],[-25.125,15.324],[-24.727,15.165],[-24.33,15.006],[-23.933,14.845],[-23.537,14.685],[-23.592,14.375],[-23.647,14.065],[-23.305,13.935],[-23.331,13.82]]}},{"type":"Feature","properties":{"boundary_type":"ridge","feature_type":"gpml:MidOceanRidge","polarity":null,"overriding_plate_id":null,"subducting_plate_id":null,"plate_ids":[201,714],"name":"Ridge from iso A34 from Africa at 83.5Ma"},"geometry":{"type":"LineString","coordinates":[[-23.331,13.82],[-23.431,13.369],[-23.532,12.919],[-23.082,12.77],[-22.633,12.621],[-22.184,12.472],[-21.736,12.321],[-21.289,12.17],[-20.842,12.018],[-20.927,11.666],[-21.012,11.314],[-20.807,11.255],[-20.867,10.97],[-20.927,10.685],[-20.738,10.63],[-20.796,10.353],[-20.853,10.076],[-20.372,9.935],[-20.425,9.643],[-20.478,9.351],[-20.016,9.229],[-19.555,9.108],[-19.093,8.986],[-18.632,8.863],[-18.712,8.431],[-18.274,8.337],[-17.837,8.243],[-17.4,8.148],[-17.443,7.888],[-17.063,7.799],[-16.682,7.709],[-16.755,7.301],[-16.42,7.221],[-16.085,7.142],[-16.157,6.755],[-15.734,6.661],[-15.312,6.566],[-14.89,6.472],[-14.468,6.376],[-14.553,5.896],[-14.473,5.884],[-14.509,5.631],[-14.545,5.377],[-14.055,5.304],[-14.114,4.91],[-14.174,4.517],[-14.233,4.123],[-14.293,3.729],[-13.831,3.627],[-13.368,3.524],[-12.906,3.421],[-12.444,3.318],[-12.504,2.842],[-12.563,2.366],[-12.623,1.889],[-12.682,1.413],[-12.742,0.937],[-12.396,0.867],[-12.05,0.798],[-12.081,0.375],[-12.112,-0.048],[-11.624,-0.102],[-11.135,-0.156],[-10.647,-0.209],[-10.158,-0.263],[-9.669,-0.317],[-9.181,-0.37],[-8.692,-0.424],[-8.67,-0.765],[-8.647,-1.107],[-8.225,-1.161],[-7.804,-1.214],[-7.382,-1.267],[-7.369,-1.703],[-7.356,-2.139],[-7.343,-2.575],[-7.33,-3.011],[-7.317,-3.447],[-6.947,-3.46],[-6.577,-3.473],[-6.221,-3.467],[-5.865,-3.461],[-5.431,-3.455],[-4.998,-3.449],[-4.611,-3.442],[-4.225,-3.435],[-3.839,-3.398],[-3.453,-3.362],[-3.017,-3.329],[-2.581,-3.297],[-2.202,-3.275],[-1.823,-3.253],[-1.443,-3.231],[-0.945,-3.189],[-0.446,-3.147],[-0.147,-3.116],[0.152,-3.085],[0.492,-3.045],[0.832,-3.005],[0.869,-3.418],[0.906,-3.831],[0.943,-4.244],[1.181,-4.257],[1.214,-4.582],[1.247,-4.907],[1.529,-4.904],[1.58,-5.203],[1.631,-5.503],[1.665,-5.674]]}},{"type":"Feature","properties":{"boundary_type":"subduction","feature_type":"gpml:SubductionZone","polarity":"Right","overriding_plate_id":801,"subducting_plate_id":901,"plate_ids":[801,901],"name":"Northern cont. of Eastern Gondwanaland Active Margin"},"geometry":{"type":"LineString","coordinates":[[161.175,-33.684],[161.275,-33.8],[161.606,-34.168],[161.94,-34.535],[162.277,-34.901],[162.616,-35.267],[162.959,-35.631],[163.305,-35.994],[163.655,-36.356],[163.888,-36.705],[164.124,-37.053],[164.362,-37.401],[164.602,-37.748],[164.848,-38.143],[165.096,-38.537],[165.347,-38.93],[165.601,-39.323],[165.858,-39.716],[166.077,-40.175],[166.299,-40.633],[166.524,-41.091],[166.752,-41.548],[166.983,-42.005],[167.142,-42.407],[167.304,-42.809],[167.467,-43.21],[167.632,-43.611],[167.8,-44.012],[167.784,-44.495],[167.768,-44.978],[167.752,-45.461],[167.735,-45.944],[167.688,-46.366],[167.64,-46.788],[167.438,-47.018]]}},{"type":"Feature","properties":{"boundary_type":"subduction","feature_type":"gpml:SubductionZone","polarity":"Right","overriding_plate_id":null,"subducting_plate_id":null,"plate_ids":[901],"name":"Northern cont. of Eastern Gondwanaland Active Margin"},"geometry":{"type":"LineString","coordinates":[[167.438,-47.018],[167.399,-47.063]]}},{"type":"Feature","properties":{"boundary_type":"subduction","feature_type":"gpml:SubductionZone","polarity":"Right","overriding_plate_id":null,"subducting_plate_id":null,"plate_ids":[801,983,983],"name":"Chatham Rise subduction KM"},"geometry":{"type":"LineString","coordinates":[[-146.574,-72.044],[-145.59,-72.025],[-144.499,-72.054]]}},{"type":"Feature","properties":{"boundary_type":"subduction","feature_type":"gpml:SubductionZone","polarity":"Right","overriding_plate_id":null,"subducting_plate_id":null,"plate_ids":[806,983,983],"name":"Chatham Rise subduction KM"},"geometry":{"type":"LineString","coordinates":[[-144.499,-72.054],[-143.418,-72.076],[-142.335,-72.093],[-141.051,-72.167],[-139.759,-72.233],[-138.457,-72.291],[-136.953,-72.264],[-135.454,-72.226],[-133.963,-72.177],[-132.48,-72.117],[-131.008,-72.045],[-129.548,-71.963],[-128.056,-71.854],[-126.582,-71.734],[-125.127,-71.603],[-123.694,-71.461],[-122.394,-71.375],[-121.107,-71.281],[-119.833,-71.178],[-118.573,-71.066],[-117.146,-70.936],[-115.737,-70.796],[-114.35,-70.644],[-112.984,-70.483],[-111.64,-70.311],[-110.275,-70.165]]}},{"type":"Feature","properties":{"boundary_type":"subduction","feature_type":"gpml:SubductionZone","polarity":"Right","overriding_plate_id":null,"subducting_plate_id":null,"plate_ids":[919,983,983],"name":"Chatham Rise subduction KM"},"geometry":{"type":"LineString","coordinates":[[-110.275,-70.165],[-109.502,-70.077]]}},{"type":"Feature","properties":{"boundary_type":"transform","feature_type":"gpml:Transform","polarity":null,"overriding_plate_id":null,"subducting_plate_id":null,"plate_ids":[301,926],"name":"Borneo transform"},"geometry":{"type":"LineString","coordinates":[[137.862,-0.762],[138.025,-1.111],[138.189,-1.46]]}},{"type":"Feature","properties":{"boundary_type":"subduction","feature_type":"gpml:SubductionZone","polarity":"Left","overriding_plate_id":787,"subducting_plate_id":926,"plate_ids":[787,926],"name":"Barito Sea Subduction"},"geometry":{"type":"LineString","coordinates":[[117.933,-11.059],[118.262,-10.782],[118.589,-10.505],[118.916,-10.228],[119.285,-9.927],[119.653,-9.625],[120.021,-9.323],[120.388,-9.021],[120.754,-8.718],[121.12,-8.415],[121.424,-8.156],[121.726,-7.897],[122.029,-7.638],[122.331,-7.379],[122.537,-6.958],[122.742,-6.537],[122.947,-6.116],[123.151,-5.695],[123.356,-5.274],[123.56,-4.852],[123.764,-4.431],[124.083,-4.161],[124.401,-3.891],[124.72,-3.62],[125.038,-3.35],[125.356,-3.079],[125.773,-2.876]]}},{"type":"Feature","properties":{"boundary_type":"ridge","feature_type":"gpml:MidOceanRidge","polarity":null,"overriding_plate_id":null,"subducting_plate_id":null,"plate_ids":[801,926],"name":"Molucca Microplate MOR"},"geometry":{"type":"LineString","coordinates":[[140.682,-16.028],[141.125,-15.797],[141.566,-15.566],[142.007,-15.334],[142.446,-15.101],[142.885,-14.867],[143.323,-14.632],[143.759,-14.397],[144.195,-14.161],[144.63,-13.924],[145.064,-13.686],[144.987,-13.384],[144.91,-13.082],[145.286,-12.863],[145.662,-12.644],[146.037,-12.424],[145.932,-12.024],[145.827,-11.624],[146.242,-11.43],[146.655,-11.236],[147.068,-11.042],[146.925,-10.709],[146.783,-10.375],[147.202,-10.112],[147.62,-9.848],[148.038,-9.583],[148.454,-9.318],[148.871,-9.052],[149.287,-8.786],[149.702,-8.519],[150.116,-8.252],[150.53,-7.985],[150.944,-7.717],[151.357,-7.449]]}},{"type":"Feature","properties":{"boundary_type":"transform","feature_type":"gpml:Transform","polarity":null,"overriding_plate_id":null,"subducting_plate_id":null,"plate_ids":[801,926],"name":"Australia-Izanagi transform"},"geometry":{"type":"LineString","coordinates":[[140.682,-16.028],[140.198,-15.875],[139.714,-15.721],[139.232,-15.566],[138.75,-15.41],[138.268,-15.253],[137.788,-15.094],[137.308,-14.935],[136.829,-14.775],[136.35,-14.614],[135.873,-14.452],[135.404,-14.36],[134.936,-14.268],[134.468,-14.174],[134.001,-14.08],[133.534,-13.985],[133.068,-13.888],[132.602,-13.791],[132.136,-13.693],[131.671,-13.595]]}},{"type":"Feature","properties":{"boundary_type":"transform","feature_type":"gpml:Transform","polarity":null,"overriding_plate_id":null,"subducting_plate_id":null,"plate_ids":[501,926],"name":"Australia-Izanagi transform"},"geometry":{"type":"LineString","coordinates":[[131.671,-13.595],[131.269,-13.509],[130.867,-13.422],[130.468,-13.36]]}},{"type":"Feature","properties":{"boundary_type":"ridge","feature_type":"gpml:MidOceanRidge","polarity":null,"overriding_plate_id":null,"subducting_plate_id":null,"plate_ids":[101,201],"name":"TBD: Proto-Caribbean spreading"},"geometry":{"type":"LineString","coordinates":[[-49.125,10.673],[-48.725,10.95],[-48.325,11.225],[-47.924,11.501],[-47.523,11.776],[-47.12,12.05],[-46.717,12.323],[-46.313,12.596],[-45.908,12.869],[-45.502,13.141],[-45.095,13.412],[-44.687,13.682],[-44.278,13.952],[-43.869,14.221],[-43.458,14.49],[-43.047,14.758],[-42.634,15.025],[-42.22,15.291],[-41.806,15.556],[-41.39,15.821],[-40.973,16.085],[-40.555,16.348],[-40.136,16.611],[-39.716,16.872],[-39.294,17.133],[-39.028,16.792],[-38.763,16.451],[-38.499,16.11],[-38.236,15.769],[-37.822,16.05],[-37.408,16.33],[-36.992,16.609],[-36.575,16.888],[-36.156,17.166],[-35.737,17.443],[-35.316,17.719],[-34.894,17.994],[-34.47,18.268],[-34.045,18.542],[-33.619,18.814],[-33.191,19.085],[-32.762,19.356],[-32.358,19.621],[-31.953,19.885],[-31.546,20.149],[-31.138,20.411],[-30.728,20.673],[-30.317,20.933],[-29.904,21.193]]}},{"type":"Feature","properties":{"boundary_type":"subduction","feature_type":"gpml:SubductionZone","polarity":"Right","overriding_plate_id":224,"subducting_plate_id":902,"plate_ids":[224,902],"name":"TBD"},"geometry":{"type":"LineString","coordinates":[[-60.162,14.027],[-59.776,14.0],[-59.281,13.941],[-58.786,13.881],[-58.291,13.819]]}},{"type":"Feature","properties":{"boundary_type":"subduction","feature_type":"gpml:SubductionZone","polarity":"Right","overriding_plate_id":224,"subducting_plate_id":101,"plate_ids":[101,224],"name":"TBD"},"geometry":{"type":"LineString","coordinates":[[-58.291,13.819],[-57.845,13.763],[-57.4,13.706],[-56.955,13.649],[-56.519,13.533],[-56.083,13.416],[-55.647,13.298],[-55.212,13.18],[-54.777,13.06],[-54.343,12.941],[-53.909,12.82],[-53.458,12.643],[-53.007,12.466],[-52.557,12.287],[-52.108,12.108],[-51.659,11.929],[-51.211,11.748],[-50.764,11.567],[-50.317,11.385],[-49.919,11.148],[-49.522,10.911],[-49.125,10.673]]}},{"type":"Feature","properties":{"boundary_type":"subduction","feature_type":"gpml:SubductionZone","polarity":"Right","overriding_plate_id":224,"subducting_plate_id":201,"plate_ids":[201,224],"name":"TBD"},"geometry":{"type":"LineString","coordinates":[[-49.125,10.673],[-48.712,10.425],[-48.3,10.176],[-47.889,9.927],[-47.478,9.677],[-47.068,9.427],[-46.659,9.176],[-46.348,8.852],[-46.039,8.527],[-45.729,8.202],[-45.42,7.877],[-45.112,7.551],[-44.804,7.226],[-44.497,6.9],[-44.19,6.574],[-43.883,6.247],[-43.673,5.897],[-43.463,5.547],[-43.253,5.196],[-43.033,4.885],[-42.813,4.573],[-42.594,4.261],[-42.551,4.172]]}},{"type":"Feature","properties":{"boundary_type":"transform","feature_type":"gpml:Transform","polarity":null,"overriding_plate_id":null,"subducting_plate_id":null,"plate_ids":[224,902],"name":"TBD: Transform"},"geometry":{"type":"LineString","coordinates":[[-69.736,5.302],[-69.263,5.464],[-68.79,5.626],[-68.316,5.787],[-67.842,5.948],[-67.368,6.108],[-66.893,6.268],[-66.418,6.428],[-65.943,6.587],[-65.468,6.746],[-64.992,6.904],[-64.516,7.062],[-64.04,7.219],[-63.563,7.376],[-63.086,7.532],[-62.609,7.688],[-62.131,7.843],[-61.653,7.998],[-61.54,8.462],[-61.427,8.926],[-61.314,9.39],[-61.2,9.854],[-61.087,10.317],[-60.972,10.781],[-60.858,11.245],[-60.743,11.709],[-60.628,12.173],[-60.512,12.636],[-60.396,13.1],[-60.279,13.563],[-60.162,14.027]]}},{"type":"Feature","properties":{"boundary_type":"other","feature_type":"gpml:UnclassifiedFeature","polarity":null,"overriding_plate_id":null,"subducting_plate_id":null,"plate_ids":[224,902],"name":"TBD: Unknown Boundary"},"geometry":{"type":"LineString","coordinates":[[-57.386,-14.213],[-57.845,-14.025],[-58.303,-13.836],[-58.761,-13.646],[-59.217,-13.455],[-59.673,-13.263],[-60.129,-13.071],[-60.583,-12.877],[-61.037,-12.683],[-61.376,-12.348],[-61.714,-12.013],[-62.051,-11.678],[-62.387,-11.342],[-62.722,-11.005],[-63.057,-10.668],[-63.391,-10.331],[-63.724,-9.994],[-64.057,-9.656],[-64.389,-9.318],[-64.72,-8.98],[-65.051,-8.641],[-65.381,-8.302],[-65.71,-7.963],[-65.758,-7.5],[-65.806,-7.038],[-65.854,-6.575],[-65.902,-6.113],[-65.95,-5.651],[-65.997,-5.188],[-66.045,-4.726],[-66.092,-4.263],[-66.14,-3.801],[-66.187,-3.338],[-66.234,-2.876],[-66.282,-2.413],[-66.329,-1.951],[-66.552,-1.522],[-66.775,-1.093],[-66.998,-0.664],[-67.221,-0.234],[-67.444,0.195],[-67.667,0.624],[-67.89,1.053],[-68.113,1.482],[-68.336,1.911],[-68.559,2.34],[-68.782,2.769],[-69.006,3.198],[-69.229,3.627],[-69.356,4.046],[-69.482,4.465],[-69.609,4.884],[-69.736,5.302]]}},{"type":"Feature","properties":{"boundary_type":"transform","feature_type":"gpml:Transform","polarity":null,"overriding_plate_id":null,"subducting_plate_id":null,"plate_ids":[224,902],"name":"TBD: Transform"},"geometry":{"type":"LineString","coordinates":[[-57.386,-14.213],[-57.005,-13.963],[-56.624,-13.712],[-56.245,-13.46],[-55.866,-13.208],[-55.488,-12.955],[-55.111,-12.701],[-54.734,-12.448],[-54.341,-12.196],[-53.949,-11.944],[-53.557,-11.691],[-53.166,-11.438],[-52.775,-11.184],[-52.386,-10.93],[-51.997,-10.675],[-51.608,-10.42],[-51.244,-10.093],[-50.88,-9.765],[-50.517,-9.437],[-50.154,-9.109],[-49.793,-8.78],[-49.432,-8.451],[-49.071,-8.122],[-48.711,-7.792],[-48.352,-7.462],[-48.118,-7.103],[-47.885,-6.744],[-47.652,-6.384],[-47.419,-6.025],[-47.187,-5.665],[-46.955,-5.306]]}},{"type":"Feature","properties":{"boundary_type":"transform","feature_type":"gpml:Transform","polarity":null,"overriding_plate_id":null,"subducting_plate_id":null,"plate_ids":[201,224],"name":"TBD: Transform"},"geometry":{"type":"LineString","coordinates":[[-46.955,-5.306],[-46.691,-4.896],[-46.427,-4.486],[-46.164,-4.076],[-45.901,-3.666],[-45.638,-3.256],[-45.376,-2.846],[-45.113,-2.435],[-44.88,-2.065],[-44.648,-1.694],[-44.415,-1.324],[-44.183,-0.953],[-43.95,-0.582],[-43.718,-0.212],[-43.601,0.227],[-43.485,0.665],[-43.368,1.104],[-43.252,1.542],[-43.135,1.98],[-43.018,2.419],[-42.902,2.857],[-42.785,3.296],[-42.668,3.734],[-42.551,4.172]]}},{"type":"Feature","properties":{"boundary_type":"subduction","feature_type":"gpml:SubductionZone","polarity":"Left","overriding_plate_id":101,"subducting_plate_id":902,"plate_ids":[101,902],"name":""},"geometry":{"type":"LineString","coordinates":[[-60.374,21.177],[-60.277,20.807],[-60.18,20.436],[-60.052,20.009],[-59.925,19.582],[-59.798,19.155],[-59.672,18.728],[-59.547,18.301],[-59.423,17.874],[-59.299,17.447],[-59.175,17.019],[-59.034,16.623],[-58.892,16.227],[-58.752,15.831],[-58.612,15.435],[-58.472,15.039],[-58.333,14.642],[-58.312,14.231],[-58.291,13.819]]}},{"type":"Feature","properties":{"boundary_type":"ridge","feature_type":"gpml:MidOceanRidge","polarity":null,"overriding_plate_id":null,"subducting_plate_id":null,"plate_ids":[908,919],"name":"Northeast Manihiki-Southeast Manihiki"},"geometry":{"type":"LineString","coordinates":[[-100.939,-50.015],[-100.416,-50.35],[-99.886,-50.681],[-99.349,-51.011],[-98.804,-51.338],[-98.211,-51.022],[-97.626,-50.702],[-97.049,-50.38],[-96.48,-50.055],[-95.919,-49.727],[-95.365,-49.397],[-94.818,-49.064],[-94.279,-48.728],[-93.747,-48.39],[-93.222,-48.05],[-92.704,-47.707],[-92.193,-47.361],[-91.688,-47.014],[-91.188,-47.331],[-90.683,-47.646],[-90.171,-47.959],[-89.653,-48.269],[-89.128,-48.577],[-88.597,-48.883],[-88.06,-49.186],[-87.516,-49.486],[-86.966,-49.784],[-86.408,-50.08],[-85.844,-50.372],[-85.273,-50.662],[-84.695,-50.949],[-84.109,-51.233],[-83.678,-50.86],[-83.254,-50.484],[-82.837,-50.107],[-82.426,-49.729],[-82.022,-49.349],[-81.624,-48.968],[-81.232,-48.586],[-80.845,-48.202],[-80.465,-47.817],[-80.09,-47.431],[-79.721,-47.043],[-79.357,-46.655],[-78.696,-46.866],[-78.03,-47.073],[-77.359,-47.277],[-76.683,-47.477],[-76.002,-47.672],[-75.315,-47.864],[-74.624,-48.051],[-73.928,-48.235],[-73.226,-48.414],[-72.52,-48.589],[-71.809,-48.759],[-71.093,-48.925],[-70.373,-49.087],[-69.648,-49.244],[-68.918,-49.396],[-68.184,-49.544],[-67.445,-49.687],[-66.702,-49.826],[-65.955,-49.959],[-65.204,-50.088],[-65.125,-49.641],[-65.047,-49.194],[-64.97,-48.747],[-64.895,-48.3],[-64.821,-47.852],[-64.749,-47.405],[-64.677,-46.958],[-64.607,-46.51],[-63.884,-46.513],[-63.161,-46.511],[-62.437,-46.504],[-61.714,-46.493],[-60.992,-46.477],[-60.269,-46.457],[-59.548,-46.432],[-58.827,-46.403],[-58.107,-46.369],[-57.388,-46.331],[-56.67,-46.288],[-55.953,-46.241],[-55.237,-46.189],[-54.523,-46.133],[-53.811,-46.072],[-53.1,-46.007],[-52.39,-45.937],[-51.683,-45.863],[-50.977,-45.785],[-50.274,-45.703],[-49.573,-45.616],[-48.873,-45.525],[-48.177,-45.429],[-47.482,-45.33],[-46.79,-45.226],[-46.101,-45.118],[-45.414,-45.006],[-44.73,-44.889],[-44.049,-44.769],[-43.371,-44.645],[-42.696,-44.517],[-42.023,-44.384]]}},{"type":"Feature","properties":{"boundary_type":"ridge","feature_type":"gpml:MidOceanRidge","polarity":null,"overriding_plate_id":null,"subducting_plate_id":null,"plate_ids":[919,982],"name":"Manihiki-Southeast Manihiki MOR"},"geometry":{"type":"LineString","coordinates":[[-107.706,-52.569],[-107.038,-52.343],[-106.377,-52.114],[-105.723,-51.881],[-105.075,-51.645],[-104.435,-51.405],[-103.844,-51.183],[-103.258,-50.958],[-102.678,-50.73],[-102.104,-50.499],[-101.536,-50.266],[-100.973,-50.03]]}},{"type":"Feature","properties":{"boundary_type":"ridge","feature_type":"gpml:MidOceanRidge","polarity":null,"overriding_plate_id":null,"subducting_plate_id":null,"plate_ids":[908,919],"name":"Manihiki-Southeast Manihiki MOR"},"geometry":{"type":"LineString","coordinates":[[-100.973,-50.03],[-100.939,-50.015]]}},{"type":"Feature","properties":{"boundary_type":"ridge","feature_type":"gpml:MidOceanRidge","polarity":null,"overriding_plate_id":null,"subducting_plate_id":null,"plate_ids":[901,983,983],"name":"Manihiki MOR"},"geometry":{"type":"LineString","coordinates":[[-134.827,-45.138],[-134.154,-45.221],[-133.479,-45.299],[-132.802,-45.373]]}},{"type":"Feature","properties":{"boundary_type":"ridge","feature_type":"gpml:MidOceanRidge","polarity":null,"overriding_plate_id":null,"subducting_plate_id":null,"plate_ids":[982,983,983],"name":"Manihiki MOR"},"geometry":{"type":"LineString","coordinates":[[-132.802,-45.373],[-132.181,-45.438],[-131.558,-45.499],[-130.934,-45.556],[-130.308,-45.611],[-129.681,-45.662],[-129.053,-45.709],[-128.425,-45.753],[-127.795,-45.794],[-127.79,-46.264],[-127.785,-46.735],[-127.78,-47.205],[-127.776,-47.676],[-127.77,-48.147],[-127.765,-48.617],[-127.76,-49.088],[-127.755,-49.558],[-127.749,-50.029],[-126.974,-50.054],[-126.198,-50.075],[-125.421,-50.091],[-124.644,-50.101],[-123.867,-50.106],[-123.09,-50.106],[-122.312,-50.1],[-121.535,-50.09],[-121.465,-50.524],[-121.394,-50.957],[-121.322,-51.391],[-121.248,-51.824],[-121.172,-52.258],[-121.095,-52.691],[-121.017,-53.125],[-120.289,-53.088],[-119.562,-53.046],[-118.837,-53.0],[-118.114,-52.949],[-117.392,-52.895],[-116.644,-52.841],[-115.897,-52.782],[-115.153,-52.718],[-114.41,-52.65],[-113.671,-52.578],[-113.573,-52.913],[-113.474,-53.248],[-112.743,-53.177],[-112.015,-53.101],[-111.29,-53.022],[-110.567,-52.937],[-109.847,-52.849],[-109.13,-52.756],[-108.416,-52.659],[-107.705,-52.557]]}},{"type":"Feature","properties":{"boundary_type":"ridge","feature_type":"gpml:MidOceanRidge","polarity":null,"overriding_plate_id":null,"subducting_plate_id":null,"plate_ids":[982,983,983],"name":"South Pacific Triangle"},"geometry":{"type":"LineString","coordinates":[[-107.705,-52.557],[-107.706,-52.569]]}},{"type":"Feature","properties":{"boundary_type":"ridge","feature_type":"gpml:MidOceanRidge","polarity":null,"overriding_plate_id":null,"subducting_plate_id":null,"plate_ids":[919,983,983],"name":"South Pacific Triangle"},"geometry":{"type":"LineString","coordinates":[[-107.706,-52.569],[-107.716,-53.055],[-107.726,-53.541],[-107.737,-54.026],[-107.748,-54.512],[-107.759,-54.998],[-107.77,-55.484],[-107.149,-55.447],[-106.529,-55.407],[-105.91,-55.363],[-105.898,-55.809],[-105.886,-56.255],[-105.873,-56.701],[-105.861,-57.147],[-105.847,-57.592],[-105.834,-58.038],[-105.82,-58.484],[-105.806,-58.93],[-105.791,-59.375],[-106.517,-59.427],[-107.245,-59.475],[-107.275,-59.919],[-107.306,-60.362],[-107.338,-60.805],[-107.37,-61.249],[-107.404,-61.692],[-107.438,-62.135],[-107.474,-62.578],[-107.51,-63.022],[-107.612,-63.493],[-107.717,-63.964],[-107.825,-64.435],[-107.938,-64.905],[-108.054,-65.376],[-108.175,-65.847],[-108.3,-66.317],[-108.43,-66.788],[-108.565,-67.258],[-108.705,-67.728],[-108.852,-68.198],[-109.004,-68.668],[-109.163,-69.138],[-109.328,-69.608],[-109.502,-70.077]]}},{"type":"Feature","properties":{"boundary_type":"ridge","feature_type":"gpml:MidOceanRidge","polarity":null,"overriding_plate_id":null,"subducting_plate_id":null,"plate_ids":[901,926],"name":"MOR Pacific-Farallon"},"geometry":{"type":"LineString","coordinates":[[-132.321,24.134],[-132.238,24.03],[-132.23,24.021]]}},{"type":"Feature","properties":{"boundary_type":"ridge","feature_type":"gpml:MidOceanRidge","polarity":null,"overriding_plate_id":null,"subducting_plate_id":null,"plate_ids":[901,902],"name":"MOR Pacific-Farallon"},"geometry":{"type":"LineString","coordinates":[[-132.23,24.021],[-131.895,23.633],[-131.562,23.244],[-131.231,22.855],[-130.901,22.465],[-130.574,22.074],[-130.248,21.683],[-129.924,21.291],[-129.602,20.898],[-129.282,20.505],[-128.963,20.111],[-128.646,19.716],[-128.33,19.321],[-128.016,18.926],[-127.704,18.53],[-127.392,18.133],[-127.083,17.736],[-126.774,17.339],[-126.467,16.941],[-126.161,16.542],[-125.857,16.143],[-125.554,15.744],[-125.251,15.344],[-124.95,14.944],[-124.651,14.543],[-124.352,14.143],[-124.054,13.741],[-123.758,13.34],[-123.462,12.938],[-123.167,12.535],[-122.873,12.133],[-122.58,11.73],[-122.288,11.326],[-121.997,10.923],[-121.707,10.519],[-121.417,10.115],[-121.128,9.711],[-120.84,9.306],[-120.552,8.901],[-120.265,8.496],[-119.979,8.091],[-119.693,7.686],[-119.408,7.28],[-119.123,6.874],[-118.839,6.468],[-118.555,6.062],[-118.139,6.309],[-117.723,6.555],[-117.307,6.802],[-116.89,7.048],[-116.473,7.293],[-116.228,6.863],[-115.983,6.434],[-115.738,6.004],[-115.494,5.574],[-115.251,5.144],[-115.007,4.714],[-114.764,4.283],[-114.521,3.853],[-114.279,3.423],[-114.037,2.992],[-113.794,2.562],[-113.552,2.131],[-113.311,1.701],[-113.069,1.27],[-113.455,1.03],[-113.841,0.789],[-114.227,0.549],[-114.613,0.308],[-114.999,0.067],[-115.385,-0.173],[-115.104,-0.568],[-114.823,-0.962],[-114.542,-1.357],[-114.26,-1.751],[-113.979,-2.146],[-113.697,-2.541],[-113.416,-2.935],[-113.134,-3.329],[-112.852,-3.724],[-112.569,-4.118],[-112.286,-4.512],[-112.003,-4.906],[-111.72,-5.3],[-111.436,-5.693],[-111.152,-6.087],[-110.868,-6.48],[-110.441,-6.238],[-110.016,-5.995],[-109.59,-5.752],[-109.165,-5.509],[-108.74,-5.265],[-108.316,-5.021],[-107.892,-4.777],[-107.468,-4.532],[-107.203,-4.917],[-106.938,-5.301],[-106.672,-5.685],[-106.406,-6.069],[-106.14,-6.453],[-105.873,-6.837],[-105.606,-7.22],[-105.338,-7.604],[-105.07,-7.987],[-104.801,-8.37],[-104.532,-8.753],[-104.262,-9.136],[-103.992,-9.518],[-103.592,-9.325],[-103.193,-9.132],[-102.795,-8.938],[-102.397,-8.743],[-101.999,-8.548],[-101.602,-8.353],[-101.205,-8.158],[-100.913,-8.555],[-100.622,-8.952],[-100.329,-9.348],[-100.036,-9.745],[-99.742,-10.141],[-99.448,-10.537],[-99.152,-10.932],[-98.856,-11.328],[-98.56,-11.723],[-98.262,-12.117],[-97.963,-12.512],[-97.664,-12.906],[-97.363,-13.3],[-97.062,-13.693],[-96.759,-14.086],[-96.456,-14.479],[-96.06,-14.276],[-95.665,-14.072],[-95.271,-13.868],[-94.878,-13.663],[-94.676,-14.099],[-94.473,-14.535],[-94.269,-14.97],[-94.065,-15.406],[-93.859,-15.841],[-93.653,-16.276],[-93.446,-16.711],[-93.238,-17.146],[-93.029,-17.58],[-92.819,-18.014],[-92.607,-18.448],[-92.395,-18.882],[-92.182,-19.315],[-91.967,-19.749],[-91.752,-20.182],[-91.535,-20.614],[-91.345,-21.014]]}},{"type":"Feature","properties":{"boundary_type":"ridge","feature_type":"gpml:MidOceanRidge","polarity":null,"overriding_plate_id":null,"subducting_plate_id":null,"plate_ids":[901,983,983],"name":"MOR Ontong Java-Hikurangi"},"geometry":{"type":"LineString","coordinates":[[-134.827,-45.138],[-134.719,-45.618],[-134.609,-46.097],[-134.496,-46.576],[-134.382,-47.055]]}},{"type":"Feature","properties":{"boundary_type":"ridge","feature_type":"gpml:MidOceanRidge","polarity":null,"overriding_plate_id":null,"subducting_plate_id":null,"plate_ids":[901,983,983],"name":"MOR Ontong Java-Hikurangi"},"geometry":{"type":"LineString","coordinates":[[-134.382,-47.055],[-134.271,-47.513],[-134.158,-47.97],[-134.043,-48.427],[-133.926,-48.884],[-133.807,-49.341],[-133.685,-49.797],[-133.561,-50.254],[-134.294,-50.343],[-135.028,-50.428],[-135.766,-50.508],[-136.506,-50.584],[-137.248,-50.655],[-137.294,-51.105],[-137.341,-51.555],[-137.389,-52.006],[-137.438,-52.456],[-137.488,-52.906],[-138.29,-52.922],[-139.093,-52.933],[-139.896,-52.939],[-140.699,-52.939],[-141.502,-52.933],[-142.305,-52.923],[-143.107,-52.907],[-143.909,-52.885],[-144.709,-52.858],[-145.509,-52.826],[-146.307,-52.788],[-146.192,-52.388],[-146.08,-51.988],[-145.969,-51.587],[-145.86,-51.187],[-146.637,-51.185],[-147.415,-51.178],[-148.191,-51.166],[-148.968,-51.149],[-149.744,-51.126],[-150.518,-51.099],[-151.292,-51.066],[-152.065,-51.029],[-152.836,-50.986],[-153.606,-50.938],[-154.375,-50.885],[-155.141,-50.827],[-155.905,-50.764],[-156.668,-50.696],[-157.428,-50.623],[-158.185,-50.546],[-158.561,-50.965],[-158.944,-51.383],[-159.335,-51.799],[-159.732,-52.215],[-160.137,-52.629],[-160.549,-53.041],[-161.312,-52.848],[-162.067,-52.65],[-162.816,-52.448],[-163.557,-52.24],[-164.292,-52.028],[-165.02,-51.812],[-165.74,-51.591],[-166.454,-51.366],[-167.161,-51.136],[-167.86,-50.902],[-168.553,-50.664],[-169.238,-50.422],[-169.916,-50.176],[-170.6,-49.939],[-171.276,-49.697],[-171.946,-49.452],[-172.609,-49.202],[-173.265,-48.949],[-173.915,-48.693],[-174.558,-48.432],[-175.194,-48.168],[-175.824,-47.901],[-176.447,-47.63],[-177.044,-47.894],[-177.646,-48.154],[-178.255,-48.411],[-178.87,-48.665],[-179.491,-48.915],[179.881,-49.163],[179.248,-49.406],[178.608,-49.647],[177.962,-49.883],[177.309,-50.116],[176.65,-50.346],[175.985,-50.571],[175.314,-50.793],[174.636,-51.011],[173.951,-51.225],[173.261,-51.435],[172.564,-51.641],[171.861,-51.843],[171.151,-52.04],[170.436,-52.233],[169.714,-52.422]]}},{"type":"Feature","properties":{"boundary_type":"ridge","feature_type":"gpml:MidOceanRidge","polarity":null,"overriding_plate_id":null,"subducting_plate_id":null,"plate_ids":[901],"name":"MOR Ontong Java-Hikurangi"},"geometry":{"type":"LineString","coordinates":[[169.714,-52.422],[169.649,-52.439]]}},{"type":"Feature","properties":{"boundary_type":"ridge","feature_type":"gpml:MidOceanRidge","polarity":null,"overriding_plate_id":null,"subducting_plate_id":null,"plate_ids":[902,908],"name":"MOR Chazca-Farallon"},"geometry":{"type":"LineString","coordinates":[[-78.637,-15.153],[-78.159,-15.08],[-77.681,-15.006],[-77.203,-14.93],[-76.726,-14.854],[-76.249,-14.777],[-75.772,-14.699],[-75.296,-14.62],[-74.82,-14.54],[-74.344,-14.459],[-73.869,-14.377],[-73.797,-14.869],[-73.725,-15.361],[-73.652,-15.854],[-73.579,-16.346],[-73.506,-16.838],[-73.432,-17.33],[-73.358,-17.822],[-73.283,-18.315],[-73.209,-18.807],[-72.693,-18.772],[-72.177,-18.737],[-71.662,-18.7],[-71.147,-18.661],[-70.633,-18.621],[-70.118,-18.58],[-69.604,-18.538],[-69.09,-18.493],[-68.576,-18.448],[-68.063,-18.401],[-67.549,-18.353],[-67.037,-18.303],[-66.524,-18.253],[-66.012,-18.2],[-65.5,-18.147],[-64.988,-18.092],[-64.477,-18.035],[-63.966,-17.978],[-63.455,-17.918],[-62.945,-17.858],[-62.435,-17.796],[-61.925,-17.733],[-61.416,-17.669],[-60.907,-17.603],[-60.399,-17.537],[-59.891,-17.468],[-59.774,-17.911],[-59.657,-18.353],[-59.539,-18.796],[-59.42,-19.238],[-59.301,-19.68],[-59.181,-20.122],[-59.061,-20.564],[-58.94,-21.006],[-58.818,-21.448],[-58.293,-21.362],[-57.769,-21.275],[-57.246,-21.186],[-56.724,-21.096],[-56.202,-21.004],[-55.68,-20.91],[-55.16,-20.815],[-54.64,-20.718],[-54.121,-20.62],[-53.602,-20.52],[-53.084,-20.418],[-52.567,-20.316],[-52.05,-20.211],[-51.534,-20.105],[-51.019,-19.998],[-50.505,-19.889],[-49.991,-19.778],[-49.478,-19.666],[-48.966,-19.553],[-48.454,-19.438],[-47.943,-19.322],[-47.433,-19.204],[-47.245,-19.637],[-47.055,-20.07],[-46.865,-20.502],[-46.371,-20.386],[-45.878,-20.268],[-45.386,-20.149],[-44.894,-20.029],[-44.403,-19.907],[-43.913,-19.784],[-43.424,-19.659],[-42.935,-19.534],[-42.447,-19.406],[-41.96,-19.278],[-41.474,-19.148],[-40.989,-19.017],[-40.504,-18.885],[-40.02,-18.752],[-39.537,-18.617],[-39.054,-18.481]]}},{"type":"Feature","properties":{"boundary_type":"ridge","feature_type":"gpml:MidOceanRidge","polarity":null,"overriding_plate_id":null,"subducting_plate_id":null,"plate_ids":[901,982],"name":"Ontong Java-Manihiki Ellice Basin"},"geometry":{"type":"LineString","coordinates":[[-103.174,-33.224],[-103.735,-33.161],[-104.295,-33.096],[-104.854,-33.029],[-105.412,-32.959],[-105.969,-32.887],[-106.525,-32.812],[-107.081,-32.735],[-107.635,-32.655],[-108.189,-32.573],[-108.741,-32.489],[-109.292,-32.402],[-109.392,-32.774],[-109.492,-33.147],[-109.593,-33.519],[-109.695,-33.891],[-110.255,-34.05],[-110.817,-34.205],[-111.381,-34.358],[-111.947,-34.508],[-112.515,-34.656],[-113.085,-34.801],[-113.657,-34.943],[-114.23,-35.083],[-114.806,-35.22],[-115.384,-35.354],[-115.959,-35.469],[-116.536,-35.582],[-117.114,-35.691],[-117.694,-35.798],[-118.275,-35.902],[-118.858,-36.003],[-119.442,-36.101],[-120.028,-36.196],[-120.615,-36.289],[-121.203,-36.379],[-121.793,-36.465],[-122.384,-36.549],[-122.321,-36.869],[-122.741,-36.943],[-123.16,-37.015],[-123.581,-37.085],[-123.475,-37.47],[-123.368,-37.854],[-123.26,-38.239],[-123.151,-38.623],[-123.679,-38.717],[-124.207,-38.807],[-124.738,-38.896],[-125.269,-38.982],[-125.802,-39.065],[-126.336,-39.146],[-126.274,-39.452],[-126.212,-39.758],[-126.848,-39.832],[-127.486,-39.903],[-128.124,-39.97],[-128.764,-40.033],[-128.689,-40.422],[-128.613,-40.81],[-128.536,-41.198],[-128.458,-41.586],[-129.074,-41.656],[-129.693,-41.723],[-130.312,-41.787],[-130.933,-41.848],[-130.893,-42.285],[-130.853,-42.722],[-130.812,-43.159],[-131.352,-43.213],[-131.893,-43.264],[-132.436,-43.312],[-132.978,-43.358],[-132.944,-43.761],[-132.91,-44.164],[-132.874,-44.567],[-132.839,-44.97],[-132.802,-45.373]]}},{"type":"Feature","properties":{"boundary_type":"ridge","feature_type":"gpml:MidOceanRidge","polarity":null,"overriding_plate_id":null,"subducting_plate_id":null,"plate_ids":[901,908],"name":"MOR Pacific-Chazca"},"geometry":{"type":"LineString","coordinates":[[-104.003,-30.224],[-103.594,-30.089],[-103.186,-29.954],[-102.779,-29.817],[-102.808,-29.342],[-102.837,-28.867],[-102.865,-28.391],[-102.893,-27.916],[-102.921,-27.441],[-102.948,-26.966],[-102.976,-26.491],[-102.436,-26.363],[-101.898,-26.233],[-101.36,-26.101],[-100.824,-25.967],[-100.29,-25.831],[-99.756,-25.693],[-99.224,-25.553],[-98.693,-25.411],[-98.163,-25.268],[-97.635,-25.122],[-97.108,-24.975],[-96.582,-24.825],[-96.057,-24.674],[-95.534,-24.521],[-95.012,-24.366],[-94.491,-24.21],[-93.971,-24.052],[-93.453,-23.892],[-92.936,-23.73],[-93.056,-23.391],[-93.174,-23.053],[-93.293,-22.714],[-93.473,-22.301],[-93.653,-21.887],[-93.189,-21.715],[-92.726,-21.542],[-92.265,-21.367],[-91.804,-21.191],[-91.345,-21.014]]}},{"type":"Feature","properties":{"boundary_type":"ridge","feature_type":"gpml:MidOceanRidge","polarity":null,"overriding_plate_id":null,"subducting_plate_id":null,"plate_ids":[902,908],"name":"MOR Pacific-Chazca"},"geometry":{"type":"LineString","coordinates":[[-91.345,-21.014],[-90.881,-20.834],[-90.419,-20.653],[-89.958,-20.47],[-89.55,-20.29],[-89.144,-20.109],[-88.738,-19.927],[-88.334,-19.744],[-87.93,-19.56],[-87.461,-19.359],[-86.994,-19.157],[-86.527,-18.954],[-86.062,-18.749],[-85.598,-18.543],[-85.135,-18.336],[-84.673,-18.128],[-84.212,-17.919],[-83.753,-17.709],[-83.294,-17.498],[-82.836,-17.286],[-82.38,-17.072],[-81.924,-16.858],[-81.47,-16.643],[-81.017,-16.426],[-80.564,-16.209],[-80.113,-15.991],[-79.743,-15.782],[-79.373,-15.573],[-79.005,-15.363],[-78.637,-15.153]]}},{"type":"Feature","properties":{"boundary_type":"ridge","feature_type":"gpml:MidOceanRidge","polarity":null,"overriding_plate_id":null,"subducting_plate_id":null,"plate_ids":[901,908],"name":"Northwest Manihiki MOR"},"geometry":{"type":"LineString","coordinates":[[-104.003,-30.224],[-103.872,-30.62],[-103.741,-31.016],[-103.608,-31.412],[-103.522,-31.784],[-103.435,-32.157],[-103.348,-32.529],[-103.262,-32.876],[-103.174,-33.224]]}},{"type":"Feature","properties":{"boundary_type":"ridge","feature_type":"gpml:MidOceanRidge","polarity":null,"overriding_plate_id":null,"subducting_plate_id":null,"plate_ids":[908,982],"name":"Northwest Manihiki MOR"},"geometry":{"type":"LineString","coordinates":[[-103.174,-33.224],[-103.058,-33.682],[-102.941,-34.14],[-102.822,-34.598],[-102.702,-35.056],[-102.58,-35.513],[-102.457,-35.971],[-102.333,-36.429],[-102.769,-36.564],[-103.207,-36.698],[-103.646,-36.83],[-104.087,-36.96],[-103.866,-37.414],[-103.642,-37.867],[-103.415,-38.319],[-103.185,-38.771],[-103.663,-38.908],[-104.142,-39.043],[-103.922,-39.482],[-103.699,-39.921],[-103.473,-40.36],[-103.244,-40.798],[-103.012,-41.235],[-102.777,-41.672],[-102.538,-42.109],[-102.297,-42.545],[-102.818,-42.726],[-103.342,-42.905],[-103.053,-43.355],[-102.76,-43.805],[-102.462,-44.255],[-102.16,-44.703],[-101.853,-45.151],[-101.541,-45.597],[-101.224,-46.043],[-100.902,-46.488],[-100.575,-46.933],[-100.243,-47.376],[-99.904,-47.818],[-100.46,-48.019],[-101.019,-48.217],[-101.583,-48.413],[-102.152,-48.606],[-101.863,-48.963],[-101.571,-49.319],[-101.274,-49.675],[-100.973,-50.03]]}},{"type":"Feature","properties":{"boundary_type":"ridge","feature_type":"gpml:MidOceanRidge","polarity":null,"overriding_plate_id":null,"subducting_plate_id":null,"plate_ids":[902,926],"name":"MOR Farallon-Izanagi"},"geometry":{"type":"LineString","coordinates":[[-132.23,24.021],[-132.212,24.042],[-131.94,24.454],[-131.666,24.864],[-131.39,25.275],[-131.112,25.685],[-130.832,26.094],[-130.551,26.503],[-130.267,26.912],[-129.981,27.319],[-129.693,27.727],[-129.403,28.133],[-129.111,28.539],[-128.817,28.945],[-128.52,29.349],[-128.876,29.682],[-129.235,30.013],[-129.596,30.344],[-129.959,30.673],[-130.325,31.001],[-130.032,31.409],[-129.736,31.815],[-129.437,32.221],[-129.136,32.626],[-128.833,33.031],[-128.526,33.434],[-128.216,33.837],[-127.904,34.239],[-127.589,34.64],[-127.27,35.041],[-126.949,35.441],[-126.624,35.839],[-126.296,36.237],[-126.679,36.509],[-127.064,36.779],[-127.453,37.048],[-127.844,37.316],[-128.238,37.582],[-128.204,38.065],[-128.171,38.547],[-128.137,39.03],[-128.102,39.513],[-128.067,39.995],[-128.032,40.478],[-127.996,40.96],[-127.959,41.443],[-127.922,41.925],[-127.885,42.408],[-127.846,42.89],[-127.808,43.373],[-127.768,43.855],[-127.728,44.338],[-127.687,44.82],[-127.646,45.303],[-127.604,45.785],[-127.561,46.267],[-127.517,46.75],[-128.177,46.821],[-128.839,46.889],[-129.502,46.953],[-130.166,47.013],[-130.833,47.07],[-131.5,47.122],[-132.169,47.171],[-132.839,47.216],[-132.749,47.694],[-132.658,48.172],[-132.565,48.651],[-132.47,49.129],[-132.373,49.607],[-132.275,50.085],[-132.174,50.563],[-132.071,51.041],[-131.966,51.519],[-131.859,51.997],[-131.75,52.474],[-131.638,52.952],[-131.524,53.429],[-131.407,53.906],[-131.288,54.384],[-131.165,54.861],[-131.04,55.338],[-130.912,55.814],[-130.78,56.291],[-130.645,56.767],[-130.507,57.244],[-130.365,57.72],[-130.219,58.196],[-130.069,58.672],[-129.916,59.148],[-129.757,59.623],[-129.494,60.104],[-129.224,60.585],[-128.945,61.065],[-128.657,61.545],[-128.361,62.024],[-128.055,62.502],[-127.739,62.979],[-127.413,63.456],[-127.075,63.932],[-126.726,64.407],[-126.365,64.882],[-125.99,65.355],[-125.602,65.828],[-125.2,66.299],[-124.782,66.77],[-124.347,67.239],[-123.896,67.707],[-123.426,68.174],[-122.937,68.639],[-122.427,69.103],[-122.317,69.595],[-122.201,70.086],[-122.081,70.578],[-121.954,71.069],[-121.82,71.56],[-121.68,72.052],[-121.532,72.543]]}},{"type":"Feature","properties":{"boundary_type":"ridge","feature_type":"gpml:MidOceanRidge","polarity":null,"overriding_plate_id":null,"subducting_plate_id":null,"plate_ids":[101],"name":"IB_NFLND_Exhumed_Mantle"},"geometry":{"type":"LineString","coordinates":[[-0.391,32.369],[-0.685,32.086],[-0.977,31.802],[-0.636,32.08],[-0.293,32.357]]}},{"type":"Feature","properties":{"boundary_type":"ridge","feature_type":"gpml:MidOceanRidge","polarity":null,"overriding_plate_id":null,"subducting_plate_id":null,"plate_ids":[101,304],"name":"IB_NFLND_Exhumed_Mantle"},"geometry":{"type":"LineString","coordinates":[[-0.293,32.357],[0.006,32.595],[0.306,32.833],[0.627,33.197],[0.969,33.548],[1.207,33.945],[1.423,34.254],[1.597,34.671],[1.806,35.09],[1.945,35.173],[2.11,35.42],[2.306,35.61],[2.566,35.814],[2.856,36.089],[3.258,36.364],[3.462,36.594],[3.536,36.652],[3.653,36.847],[3.729,36.969],[3.828,37.075],[4.032,37.275],[4.212,37.522],[4.337,37.617],[4.406,37.699],[4.571,37.812],[4.717,37.832],[4.845,37.966],[4.96,38.051],[5.157,38.303],[5.202,38.334]]}},{"type":"Feature","properties":{"boundary_type":"ridge","feature_type":"gpml:MidOceanRidge","polarity":null,"overriding_plate_id":null,"subducting_plate_id":null,"plate_ids":[101,301],"name":"PorucpineMOR"},"geometry":{"type":"LineString","coordinates":[[-1.087,45.068],[-1.068,45.03],[-0.939,44.895],[-0.827,44.738],[-0.664,44.624],[-0.474,44.509],[-0.289,44.375],[-0.021,44.291],[0.272,44.232],[0.478,44.154],[0.933,44.041],[1.33,43.811],[1.663,43.652],[2.073,43.432],[2.408,43.2],[2.678,42.949],[2.893,42.686],[3.094,42.366],[3.328,42.044],[3.528,41.774],[3.728,41.529],[3.872,41.382],[4.056,41.189],[4.166,41.003],[4.323,40.785],[4.433,40.491],[4.577,40.132],[4.614,39.85],[4.606,39.522],[4.661,39.271],[4.713,39.123],[4.765,38.975],[4.855,38.793],[5.086,38.578],[5.202,38.334]]}},{"type":"Feature","properties":{"boundary_type":"ridge","feature_type":"gpml:MidOceanRidge","polarity":null,"overriding_plate_id":null,"subducting_plate_id":null,"plate_ids":[301,304],"name":"PorucpineMOR"},"geometry":{"type":"LineString","coordinates":[[5.202,38.334],[5.212,38.313],[5.463,37.934],[5.712,37.554]]}},{"type":"Feature","properties":{"boundary_type":"subduction","feature_type":"gpml:SubductionZone","polarity":"Right","overriding_plate_id":201,"subducting_plate_id":802,"plate_ids":[201,802],"name":"South America trench taken from COB file"},"geometry":{"type":"LineString","coordinates":[[-39.484,-57.177],[-39.739,-57.067],[-39.87,-56.98],[-40.073,-56.861],[-40.425,-56.649],[-40.653,-56.512],[-40.897,-56.338],[-41.266,-56.217],[-41.869,-56.045],[-42.101,-55.998]]}},{"type":"Feature","properties":{"boundary_type":"subduction","feature_type":"gpml:SubductionZone","polarity":"Right","overriding_plate_id":201,"subducting_plate_id":919,"plate_ids":[201,919],"name":"South America trench taken from COB file"},"geometry":{"type":"LineString","coordinates":[[-42.101,-55.998],[-42.128,-55.992],[-42.612,-55.837],[-42.9,-55.612],[-43.184,-55.387],[-43.504,-54.934],[-43.816,-54.48],[-43.959,-54.201],[-44.099,-53.921],[-44.198,-53.651],[-44.296,-53.38],[-44.338,-53.096],[-44.379,-52.811],[-44.288,-52.395],[-44.199,-51.978],[-44.112,-51.56],[-44.187,-51.185],[-44.262,-50.809],[-44.389,-50.447],[-44.515,-50.084],[-44.367,-49.628],[-44.222,-49.171],[-43.807,-48.895],[-43.396,-48.618],[-42.756,-48.442],[-42.619,-48.0],[-42.461,-47.637],[-42.375,-47.375],[-42.29,-47.113],[-42.248,-46.797],[-42.296,-46.579],[-42.388,-46.313],[-42.444,-46.066],[-42.521,-45.727],[-42.376,-45.387],[-42.257,-45.024],[-42.176,-44.797],[-42.029,-44.412],[-42.023,-44.384]]}},{"type":"Feature","properties":{"boundary_type":"subduction","feature_type":"gpml:SubductionZone","polarity":"Right","overriding_plate_id":201,"subducting_plate_id":908,"plate_ids":[201,908],"name":"South America trench taken from COB file"},"geometry":{"type":"LineString","coordinates":[[-42.023,-44.384],[-41.986,-44.194],[-41.921,-43.929],[-41.867,-43.683],[-41.791,-43.338],[-41.715,-42.993],[-41.64,-42.647],[-41.591,-42.321],[-41.527,-42.057],[-41.464,-41.794],[-41.399,-41.491],[-41.396,-41.223],[-41.392,-40.954],[-41.387,-40.723],[-41.27,-40.332],[-41.135,-39.925],[-41.046,-39.682],[-40.957,-39.439],[-40.91,-38.959],[-40.782,-38.523],[-40.637,-38.164],[-40.493,-37.804],[-40.351,-37.445],[-40.209,-37.085],[-39.996,-36.69],[-39.786,-36.295],[-39.577,-35.899],[-39.37,-35.502],[-39.166,-35.106],[-38.963,-34.709],[-38.762,-34.312],[-38.682,-33.832],[-38.603,-33.352],[-38.524,-32.872],[-38.446,-32.392],[-38.369,-31.912],[-38.293,-31.432],[-38.218,-30.952],[-38.143,-30.472],[-38.069,-29.992],[-37.932,-29.597],[-37.795,-29.201],[-37.66,-28.806],[-37.526,-28.41],[-37.392,-28.014],[-37.322,-27.554],[-37.253,-27.094],[-37.185,-26.634],[-37.117,-26.174],[-37.049,-25.714],[-36.982,-25.253],[-36.916,-24.793],[-36.85,-24.333],[-36.799,-23.923],[-36.748,-23.512],[-36.697,-23.101],[-36.78,-22.665],[-36.862,-22.228],[-36.861,-21.886],[-36.861,-21.545],[-37.015,-21.119],[-37.168,-20.693],[-37.448,-20.271],[-37.726,-19.848],[-38.06,-19.507],[-38.393,-19.166],[-38.724,-18.824],[-39.054,-18.481]]}},{"type":"Feature","properties":{"boundary_type":"subduction","feature_type":"gpml:SubductionZone","polarity":"Right","overriding_plate_id":201,"subducting_plate_id":902,"plate_ids":[201,902],"name":"South America trench taken from COB file"},"geometry":{"type":"LineString","coordinates":[[-39.054,-18.481],[-39.358,-18.164],[-39.813,-17.94],[-40.267,-17.715],[-40.602,-17.375],[-40.937,-17.034],[-41.27,-16.693],[-41.602,-16.351],[-41.933,-16.009],[-42.263,-15.667],[-42.591,-15.324],[-42.919,-14.98],[-43.246,-14.636],[-43.486,-14.236],[-43.726,-13.836],[-43.965,-13.436],[-44.203,-13.036],[-44.44,-12.635],[-44.676,-12.234],[-44.912,-11.833],[-45.147,-11.432],[-45.382,-11.03],[-45.616,-10.629],[-45.849,-10.227],[-46.013,-9.772],[-46.176,-9.317],[-46.339,-8.862],[-46.502,-8.406],[-46.664,-7.951],[-46.826,-7.496],[-46.987,-7.04],[-47.148,-6.585],[-47.084,-6.158],[-47.019,-5.732],[-46.955,-5.306]]}},{"type":"Feature","properties":{"boundary_type":"other","feature_type":"gpml:ContinentalRift","polarity":null,"overriding_plate_id":null,"subducting_plate_id":null,"plate_ids":[101,301],"name":"North America - Greenland rift"},"geometry":{"type":"LineString","coordinates":[[28.312,64.544],[28.165,64.466],[27.791,64.116],[27.426,63.765],[27.07,63.413],[26.723,63.06],[26.163,62.654],[25.619,62.246],[25.089,61.836],[24.573,61.424],[24.262,61.067],[23.957,60.71],[23.658,60.352],[23.367,59.993],[23.431,59.615],[23.493,59.237],[23.375,58.827],[23.26,58.417],[23.147,58.006],[22.901,57.67],[22.659,57.333],[22.421,56.995],[21.914,56.649],[21.417,56.302],[20.928,55.952],[20.328,55.718],[19.735,55.481],[19.149,55.241],[18.576,55.001],[18.01,54.758],[17.451,54.513],[16.899,54.265],[16.305,54.113],[15.716,53.958],[15.131,53.8],[14.55,53.64],[13.765,53.594],[12.98,53.542],[12.198,53.486],[11.418,53.424],[10.945,53.166],[10.478,52.905],[10.016,52.643],[9.56,52.379],[8.998,52.047],[8.445,51.712],[7.9,51.375],[7.362,51.035],[6.886,50.732],[6.416,50.426],[5.951,50.119],[5.493,49.81],[5.114,49.551],[4.739,49.29],[4.368,49.027],[4.021,48.693],[3.679,48.357],[3.179,48.067],[2.768,47.783],[2.363,47.497],[1.962,47.21],[1.565,46.921],[1.102,46.579],[0.645,46.235],[0.194,45.889],[-0.237,45.617],[-0.664,45.343],[-1.087,45.068]]}},{"type":"Feature","properties":{"boundary_type":"other","feature_type":"gpml:ExtendedContinentalCrust","polarity":null,"overriding_plate_id":null,"subducting_plate_id":null,"plate_ids":[714,715],"name":"North African Basins, Eastern Boundary"},"geometry":{"type":"LineString","coordinates":[[14.749,-3.585],[14.756,-3.436],[14.77,-3.012],[14.785,-2.588],[14.799,-2.164],[14.814,-1.741],[15.124,-1.592],[15.435,-1.442],[15.745,-1.293],[16.015,-1.096],[16.286,-0.898],[16.556,-0.701],[16.79,-0.422],[17.024,-0.143],[17.062,0.189],[17.1,0.522],[17.138,0.854],[17.072,1.263],[17.006,1.673],[16.94,2.082],[16.867,2.447],[16.795,2.811],[16.723,3.176],[16.662,3.651],[16.6,4.125],[16.539,4.6],[16.717,5.016],[16.897,5.432],[16.79,5.711],[16.684,5.989],[16.702,6.388],[16.72,6.787],[16.739,7.186],[16.691,7.614],[16.643,8.042],[16.595,8.47],[17.037,8.582],[17.479,8.693],[17.921,8.804],[18.319,8.718],[18.718,8.632],[19.116,8.546],[19.497,8.623],[19.878,8.7],[20.259,8.776],[20.64,8.852],[21.142,8.797],[21.644,8.742],[22.12,8.606],[22.595,8.47],[23.07,8.333],[23.544,8.195],[23.927,8.285],[24.309,8.376],[24.692,8.465],[25.075,8.555],[25.472,8.475],[25.868,8.395],[26.31,8.499],[26.753,8.603],[27.195,8.707],[27.356,9.117],[27.518,9.528],[27.679,9.938],[27.841,10.348],[28.004,10.758],[27.792,11.053],[27.58,11.348],[27.367,11.643],[27.262,12.06],[27.156,12.477],[27.05,12.894],[27.201,13.31],[27.353,13.725],[27.506,14.14],[27.659,14.555],[27.812,14.97],[28.184,15.315],[28.557,15.66]]}},{"type":"Feature","properties":{"boundary_type":"other","feature_type":"gpml:ExtendedContinentalCrust","polarity":null,"overriding_plate_id":null,"subducting_plate_id":null,"plate_ids":[701,715],"name":"Central African Rifts, Southern Boundary"},"geometry":{"type":"LineString","coordinates":[[20.178,-6.709],[20.673,-6.722],[21.169,-6.735],[21.665,-6.747],[22.16,-6.759],[22.631,-6.703],[23.101,-6.647],[23.572,-6.591],[24.042,-6.534],[24.512,-6.476],[24.923,-6.598],[25.333,-6.72],[25.744,-6.841],[26.156,-6.962],[26.431,-7.326],[26.707,-7.688],[26.983,-8.051],[27.26,-8.414],[27.537,-8.776],[27.815,-9.138],[28.093,-9.5],[28.372,-9.862],[28.452,-10.2],[28.532,-10.537],[28.812,-10.733],[29.093,-10.929],[29.373,-11.124],[29.36,-11.585],[29.347,-12.045],[29.66,-12.398],[29.975,-12.751],[30.29,-13.104],[30.606,-13.456],[30.983,-13.619],[31.361,-13.782],[31.739,-13.944],[32.118,-14.106],[32.497,-14.267],[32.895,-14.46],[33.293,-14.652],[33.691,-14.843],[34.091,-15.034],[34.491,-15.224],[34.891,-15.414],[35.298,-15.333],[35.705,-15.252],[36.111,-15.169],[36.517,-15.086],[36.87,-14.778],[37.223,-14.468],[37.574,-14.158],[37.924,-13.848],[38.273,-13.537],[38.621,-13.225],[38.971,-13.009],[39.32,-12.791],[39.668,-12.574],[40.016,-12.356],[40.397,-12.127],[40.777,-11.899],[41.157,-11.669],[41.652,-11.62],[42.146,-11.571],[42.641,-11.521],[43.135,-11.469],[43.629,-11.417],[44.087,-11.394],[44.544,-11.371],[45.002,-11.346],[45.46,-11.321],[45.917,-11.296],[46.374,-11.269],[46.832,-11.224],[47.29,-11.179],[47.748,-11.133],[48.206,-11.086],[48.663,-11.038],[49.12,-10.99],[49.55,-10.914],[49.98,-10.836],[50.41,-10.759],[50.84,-10.681],[51.269,-10.602],[51.698,-10.522],[52.146,-10.474],[52.594,-10.426],[53.042,-10.377],[53.489,-10.327],[53.937,-10.277],[54.384,-10.226],[54.831,-10.174],[55.318,-10.112],[55.804,-10.048],[56.29,-9.984],[56.776,-9.92],[57.262,-9.854]]}},{"type":"Feature","properties":{"boundary_type":"other","feature_type":"gpml:ExtendedContinentalCrust","polarity":null,"overriding_plate_id":null,"subducting_plate_id":null,"plate_ids":[715],"name":"Central African Rifts, Southern Boundary"},"geometry":{"type":"LineString","coordinates":[[57.262,-9.854],[57.283,-9.851]]}},{"type":"Feature","properties":{"boundary_type":"other","feature_type":"gpml:TerraneBoundary","polarity":null,"overriding_plate_id":null,"subducting_plate_id":null,"plate_ids":[701,715],"name":"Northeast Africa-South Africa"},"geometry":{"type":"LineString","coordinates":[[20.178,-6.709],[20.088,-6.605],[19.825,-6.547],[19.563,-6.489],[19.284,-6.481],[19.004,-6.473],[18.53,-6.456],[18.056,-6.438],[17.718,-6.38],[17.379,-6.321],[17.041,-6.263],[16.771,-6.142],[16.502,-6.021],[16.36,-5.958]]}},{"type":"Feature","properties":{"boundary_type":"other","feature_type":"gpml:UnclassifiedFeature","polarity":null,"overriding_plate_id":null,"subducting_plate_id":null,"plate_ids":[301,304],"name":""},"geometry":{"type":"LineString","coordinates":[[5.712,37.554],[6.236,37.321],[6.757,37.086],[7.274,36.849],[7.788,36.609],[8.299,36.367],[8.579,36.161],[8.86,35.826],[9.221,35.659],[9.675,35.609],[10.007,35.666],[10.437,35.583],[10.65,35.542],[10.866,35.5],[11.348,35.524],[11.579,35.535],[11.905,35.494],[12.128,35.465],[12.514,35.411],[12.839,35.364],[13.23,35.292],[13.62,35.218],[14.004,35.168],[14.388,35.117],[14.892,34.916]]}},{"type":"Feature","properties":{"boundary_type":"other","feature_type":"gpml:UnclassifiedFeature","polarity":null,"overriding_plate_id":null,"subducting_plate_id":null,"plate_ids":[301,304],"name":"Boundary_Deform_BoB"},"geometry":{"type":"LineString","coordinates":[[15.578,35.392],[15.234,35.155],[14.892,34.916]]}},{"type":"Feature","properties":{"boundary_type":"ridge","feature_type":"gpml:MidOceanRidge","polarity":null,"overriding_plate_id":null,"subducting_plate_id":null,"plate_ids":[201,701],"name":"SAM MOR and boundary"},"geometry":{"type":"LineString","coordinates":[[3.921,-5.217],[3.912,-5.598],[3.902,-5.979],[3.893,-6.361],[3.884,-6.742],[4.049,-7.082],[4.214,-7.421],[4.379,-7.761],[4.545,-8.1],[4.568,-8.579],[4.591,-9.059],[4.488,-9.402],[4.385,-9.746],[4.282,-10.089],[3.987,-10.419],[3.691,-10.748],[3.395,-11.076],[3.098,-11.405],[2.801,-11.733],[2.503,-12.061],[2.312,-12.435],[2.12,-12.808],[1.928,-13.181],[1.735,-13.555],[1.541,-13.928],[1.354,-14.272],[1.167,-14.617],[0.979,-14.961],[0.79,-15.306],[0.885,-15.776],[0.981,-16.247],[1.077,-16.717],[1.135,-17.143],[1.193,-17.57],[1.252,-17.996],[1.311,-18.422],[1.259,-18.825],[1.206,-19.227],[1.154,-19.629],[1.101,-20.031],[1.048,-20.433],[0.962,-20.833],[0.875,-21.234],[0.788,-21.634],[0.7,-22.034],[0.642,-22.437],[0.584,-22.839],[0.526,-23.242],[0.468,-23.645],[0.409,-24.048],[0.126,-24.432],[-0.158,-24.816],[-0.444,-25.2],[-0.732,-25.582],[-1.022,-25.964],[-1.364,-26.281],[-1.709,-26.597],[-2.055,-26.911],[-2.403,-27.225],[-2.753,-27.538],[-3.105,-27.851],[-3.46,-28.162],[-3.816,-28.472],[-4.054,-28.89],[-4.295,-29.308],[-4.537,-29.725],[-4.782,-30.142],[-5.039,-30.539],[-5.298,-30.936],[-5.56,-31.332],[-5.824,-31.727],[-6.09,-32.122],[-6.358,-32.517],[-6.629,-32.911],[-6.902,-33.304],[-7.178,-33.697],[-7.314,-34.143],[-7.452,-34.589],[-7.59,-35.036],[-7.731,-35.481],[-7.873,-35.927],[-8.017,-36.373],[-8.162,-36.818],[-8.309,-37.263],[-8.458,-37.709],[-8.608,-38.153],[-8.803,-38.539],[-9.0,-38.925],[-9.199,-39.31],[-9.4,-39.695],[-9.604,-40.079],[-9.822,-40.47],[-9.791,-40.96],[-9.76,-41.45],[-9.728,-41.94],[-9.696,-42.43],[-9.664,-42.92],[-9.63,-43.41],[-9.597,-43.901],[-9.562,-44.391],[-9.527,-44.881],[-9.492,-45.371],[-9.466,-45.848],[-9.44,-46.326],[-9.413,-46.803],[-9.386,-47.281],[-9.358,-47.758],[-9.33,-48.236],[-9.302,-48.713],[-9.241,-49.134],[-9.18,-49.555],[-9.117,-49.975],[-9.054,-50.396]]}},{"type":"Feature","properties":{"boundary_type":"subduction","feature_type":"gpml:SubductionZone","polarity":"Right","overriding_plate_id":null,"subducting_plate_id":null,"plate_ids":[801],"name":"East Gondwana active margin"},"geometry":{"type":"LineString","coordinates":[[167.438,-47.018],[167.806,-47.249],[168.177,-47.479],[168.504,-47.807],[168.834,-48.135],[168.984,-48.565],[169.137,-48.996],[168.97,-49.229],[168.802,-49.462],[168.553,-49.795],[168.301,-50.127],[168.045,-50.459],[168.412,-50.74],[168.784,-51.02],[168.747,-51.417],[168.709,-51.813],[169.151,-52.189],[169.714,-52.422]]}},{"type":"Feature","properties":{"boundary_type":"subduction","feature_type":"gpml:SubductionZone","polarity":"Right","overriding_plate_id":null,"subducting_plate_id":null,"plate_ids":[801,983,983],"name":"East Gondwana active margin"},"geometry":{"type":"LineString","coordinates":[[169.714,-52.422],[170.213,-52.624],[170.819,-52.945],[171.433,-53.263],[172.057,-53.578],[172.691,-53.889],[173.334,-54.197],[173.663,-54.588],[173.999,-54.979],[174.112,-55.352],[174.226,-55.725],[174.343,-56.099],[174.629,-56.402],[174.92,-56.704],[175.215,-57.006],[175.539,-57.361],[175.869,-57.716],[176.324,-58.042],[176.788,-58.365],[177.273,-58.706],[177.769,-59.045],[178.213,-59.269],[178.663,-59.492],[178.91,-59.735],[179.162,-59.977],[179.086,-60.27],[179.101,-60.488],[178.952,-60.774],[178.851,-61.097],[178.748,-61.42],[178.436,-61.857],[178.116,-62.292],[177.976,-62.658],[177.833,-63.023],[177.747,-63.441],[177.658,-63.859],[177.564,-64.296],[177.019,-64.576],[176.464,-64.853],[175.897,-65.127],[176.123,-65.389],[176.38,-65.734],[176.643,-66.079],[177.288,-66.346],[177.947,-66.61],[178.239,-67.009],[178.327,-67.4],[178.418,-67.791],[178.585,-68.086],[178.755,-68.38],[179.285,-68.755],[179.608,-69.076],[179.941,-69.397],[-178.832,-69.609],[-177.582,-69.811],[-176.88,-69.906],[-176.172,-69.999],[-175.406,-70.045],[-174.637,-70.088],[-173.619,-70.178],[-172.592,-70.262],[-172.268,-70.345],[-171.371,-70.174],[-170.489,-69.999],[-169.06,-70.021],[-167.629,-70.032],[-166.584,-70.061],[-165.536,-70.085],[-164.553,-70.135],[-163.565,-70.18],[-162.636,-70.333],[-161.694,-70.482],[-161.122,-70.651],[-160.541,-70.818],[-159.652,-71.01],[-158.746,-71.197],[-157.823,-71.38],[-156.484,-71.494],[-155.13,-71.597],[-153.994,-71.623],[-152.856,-71.641],[-151.716,-71.652],[-150.473,-71.761],[-149.216,-71.862],[-147.946,-71.954],[-146.664,-72.038],[-146.574,-72.044]]}},{"type":"Feature","properties":{"boundary_type":"subduction","feature_type":"gpml:SubductionZone","polarity":"Left","overriding_plate_id":null,"subducting_plate_id":null,"plate_ids":[901],"name":"boundary LHR"},"geometry":{"type":"LineString","coordinates":[[169.649,-52.439],[169.122,-52.214],[168.696,-51.841],[168.733,-51.482],[168.77,-51.124],[168.365,-50.812],[167.967,-50.499],[168.188,-50.228],[168.406,-49.957],[168.649,-49.632],[168.889,-49.308],[169.126,-48.982],[168.978,-48.562],[168.832,-48.141],[168.459,-47.779],[168.09,-47.416],[167.743,-47.24],[167.399,-47.063]]}},{"type":"Feature","properties":{"boundary_type":"subduction","feature_type":"gpml:SubductionZone","polarity":"Left","overriding_plate_id":301,"subducting_plate_id":926,"plate_ids":[301,926],"name":"Okinawa Trough (Ryuku) from EarthByte cob MG 4-20-07"},"geometry":{"type":"LineString","coordinates":[[140.438,30.105],[140.764,30.303],[141.028,30.589],[141.294,30.875],[141.561,31.16],[141.759,31.582],[141.958,32.004],[142.159,32.426],[142.362,32.847],[142.567,33.268],[142.721,33.653],[142.877,34.038],[143.034,34.422],[143.193,34.806],[143.275,35.158],[143.357,35.51],[143.403,35.95],[143.451,36.39],[143.421,36.828],[143.392,37.266],[143.46,37.651],[143.529,38.037]]}},{"type":"Feature","properties":{"boundary_type":"other","feature_type":"gpml:TerraneBoundary","polarity":null,"overriding_plate_id":null,"subducting_plate_id":null,"plate_ids":[715],"name":"Benue Trough-Northeast Africa"},"geometry":{"type":"LineString","coordinates":[[16.36,-5.958],[15.913,-5.76],[15.562,-5.551],[15.211,-5.343],[14.826,-5.15],[14.441,-4.957],[14.176,-4.748],[13.911,-4.539],[13.647,-4.33],[13.383,-4.121],[13.181,-3.82],[12.98,-3.52]]}},{"type":"Feature","properties":{"boundary_type":"subduction","feature_type":"gpml:SubductionZone","polarity":"Left","overriding_plate_id":301,"subducting_plate_id":308,"plate_ids":[301,308],"name":"Vardar Sea Subduction"},"geometry":{"type":"LineString","coordinates":[[37.049,35.946],[37.085,35.568],[37.122,35.19],[37.158,34.812],[37.544,34.435],[37.926,34.058],[38.305,33.679],[38.681,33.3],[39.034,32.973],[39.384,32.646],[39.732,32.317],[40.077,31.988],[40.499,31.864],[40.92,31.738],[41.34,31.611],[41.759,31.482],[42.199,31.477],[42.639,31.469],[43.181,31.472],[43.723,31.472],[44.266,31.47],[44.808,31.466],[44.808,31.466],[45.364,31.509],[45.921,31.55],[46.478,31.589],[47.036,31.625],[47.594,31.658],[48.152,31.689],[48.711,31.718],[49.27,31.744],[49.829,31.768],[50.389,31.789],[50.949,31.808],[51.509,31.825],[52.069,31.839],[52.572,31.865],[53.076,31.89],[53.58,31.912],[54.084,31.933],[54.61,31.813],[55.135,31.691],[55.658,31.566],[56.18,31.44],[56.701,31.311],[57.22,31.181]]}},{"type":"Feature","properties":{"boundary_type":"transform","feature_type":"gpml:Transform","polarity":null,"overriding_plate_id":null,"subducting_plate_id":null,"plate_ids":[308,715],"name":"South DFZ"},"geometry":{"type":"LineString","coordinates":[[25.422,25.109],[25.928,25.001],[26.432,24.892],[26.936,24.781],[27.439,24.668],[27.941,24.554],[28.441,24.437],[28.941,24.32],[29.44,24.2],[29.939,24.079],[30.436,23.957],[30.932,23.833],[31.317,23.681],[31.701,23.528],[32.085,23.374],[32.36,23.019],[32.634,22.665],[32.906,22.309],[33.177,21.953],[33.006,21.55],[32.835,21.147],[32.943,20.695],[33.051,20.243],[33.158,19.79],[33.265,19.338],[33.371,18.886],[33.775,18.61],[34.177,18.333],[34.578,18.056],[34.978,17.777],[35.377,17.498],[35.811,17.25]]}},{"type":"Feature","properties":{"boundary_type":"other","feature_type":"gpml:Fault","polarity":null,"overriding_plate_id":null,"subducting_plate_id":null,"plate_ids":[301,304],"name":"NPF"},"geometry":{"type":"LineString","coordinates":[[15.578,35.392],[16.034,35.268],[16.487,35.142],[16.94,35.014],[17.487,34.972],[18.033,34.928],[18.579,34.881],[18.996,34.851],[19.414,34.819],[19.831,34.786]]}},{"type":"Feature","properties":{"boundary_type":"transform","feature_type":"gpml:Transform","polarity":null,"overriding_plate_id":null,"subducting_plate_id":null,"plate_ids":[714],"name":"South Iberia"},"geometry":{"type":"LineString","coordinates":[[-0.585,32.506],[-0.293,32.357]]}},{"type":"Feature","properties":{"boundary_type":"transform","feature_type":"gpml:Transform","polarity":null,"overriding_plate_id":null,"subducting_plate_id":null,"plate_ids":[304,714],"name":"South Iberia"},"geometry":{"type":"LineString","coordinates":[[-0.293,32.357],[0.095,32.157],[0.482,31.956],[0.942,31.682],[1.399,31.407],[1.854,31.129],[2.306,30.851],[2.756,30.57],[3.203,30.289],[3.647,30.005],[4.089,29.72],[4.528,29.434],[4.965,29.146],[5.399,28.857],[5.939,28.775],[6.479,28.691],[7.018,28.605],[7.555,28.516],[8.092,28.425],[8.628,28.333],[9.163,28.238],[9.697,28.141],[10.23,28.042],[10.762,27.941],[11.293,27.838],[11.823,27.733],[12.369,27.69],[12.916,27.646],[13.461,27.599],[14.006,27.55],[14.551,27.499],[14.989,27.479],[15.427,27.458],[15.865,27.435]]}},{"type":"Feature","properties":{"boundary_type":"transform","feature_type":"gpml:Transform","polarity":null,"overriding_plate_id":null,"subducting_plate_id":null,"plate_ids":[308,714],"name":"South Iberia"},"geometry":{"type":"LineString","coordinates":[[15.865,27.435],[16.376,27.397],[16.886,27.356],[17.396,27.314],[17.905,27.269],[18.415,27.223],[18.923,27.175],[19.431,27.126],[19.957,26.961],[20.48,26.795],[21.002,26.628],[21.523,26.458],[22.042,26.286],[22.559,26.112],[23.075,25.937],[23.59,25.76],[24.102,25.581]]}},{"type":"Feature","properties":{"boundary_type":"transform","feature_type":"gpml:Transform","polarity":null,"overriding_plate_id":null,"subducting_plate_id":null,"plate_ids":[308,715],"name":"South Iberia"},"geometry":{"type":"LineString","coordinates":[[24.102,25.581],[24.544,25.425],[24.984,25.268],[25.422,25.109]]}},{"type":"Feature","properties":{"boundary_type":"ridge","feature_type":"gpml:MidOceanRidge","polarity":null,"overriding_plate_id":null,"subducting_plate_id":null,"plate_ids":[308,715],"name":"Mendere-Tores MOR"},"geometry":{"type":"LineString","coordinates":[[35.811,17.25],[36.208,17.312],[36.605,17.373],[37.003,17.433],[37.401,17.492],[37.727,17.286],[38.052,17.08],[38.357,16.872],[38.661,16.663],[38.962,16.473],[39.264,16.282],[39.531,16.137],[39.799,15.991],[40.211,16.009],[40.623,16.026],[41.035,16.042],[41.458,16.102],[41.881,16.162],[42.304,16.22],[42.694,16.261],[43.084,16.302],[43.475,16.342],[43.865,16.382],[43.897,16.116],[44.392,16.154],[44.887,16.19],[45.382,16.225],[45.773,16.262],[46.163,16.298],[46.553,16.334],[46.627,16.078],[47.034,16.11],[47.441,16.142]]}},{"type":"Feature","properties":{"boundary_type":"transform","feature_type":"gpml:Transform","polarity":null,"overriding_plate_id":null,"subducting_plate_id":null,"plate_ids":[308,715],"name":"Neotethys transform 100Ma"},"geometry":{"type":"LineString","coordinates":[[47.441,16.142],[47.285,16.45],[47.129,16.757],[46.972,17.064],[46.91,17.513],[46.848,17.962],[46.786,18.411],[47.012,18.799],[47.239,19.187],[47.467,19.574],[47.696,19.961],[47.926,20.348],[48.29,20.642],[48.655,20.936],[49.021,21.228],[49.389,21.52],[49.758,21.811],[50.129,22.101],[50.502,22.391],[50.764,22.651],[51.027,22.911]]}},{"type":"Feature","properties":{"boundary_type":"transform","feature_type":"gpml:Transform","polarity":null,"overriding_plate_id":null,"subducting_plate_id":null,"plate_ids":[308,530],"name":"Neotethys transform 100Ma"},"geometry":{"type":"LineString","coordinates":[[51.027,22.911],[51.354,23.233],[51.683,23.553],[52.014,23.873],[52.346,24.192],[52.68,24.511],[53.015,24.829],[53.293,25.259],[53.573,25.689],[53.855,26.118],[54.139,26.547],[54.426,26.975],[54.714,27.403],[55.005,27.83],[55.298,28.257],[55.593,28.682],[55.891,29.108],[56.191,29.532],[56.46,29.927],[56.73,30.321],[57.003,30.714],[57.278,31.107]]}},{"type":"Feature","properties":{"boundary_type":"other","feature_type":"gpml:InferredPaleoBoundary","polarity":null,"overriding_plate_id":null,"subducting_plate_id":null,"plate_ids":[714,715],"name":""},"geometry":{"type":"LineString","coordinates":[[24.102,25.581],[24.019,25.333],[23.936,25.085],[23.778,24.61],[23.62,24.135],[23.464,23.66],[23.206,23.234],[22.95,22.808],[22.695,22.382],[22.442,21.955],[22.191,21.527],[21.941,21.1],[21.692,20.672],[21.445,20.243]]}},{"type":"Feature","properties":{"boundary_type":"subduction","feature_type":"gpml:SubductionZone","polarity":"Right","overriding_plate_id":308,"subducting_plate_id":301,"plate_ids":[301,308],"name":"Alpine Subduction"},"geometry":{"type":"LineString","coordinates":[[23.646,33.519],[24.177,33.453],[24.707,33.385],[25.237,33.315],[25.766,33.242],[26.293,33.167],[26.82,33.091],[27.346,33.011],[27.897,33.078],[28.448,33.142],[29.0,33.204],[29.553,33.263],[30.107,33.32],[30.662,33.374],[31.217,33.426],[31.561,33.597],[31.907,33.767],[32.254,33.936],[32.775,34.169],[33.299,34.399],[33.826,34.627],[34.356,34.853],[34.889,35.076],[35.424,35.297],[35.963,35.516],[36.504,35.732],[37.049,35.946]]}},{"type":"Feature","properties":{"boundary_type":"subduction","feature_type":"gpml:SubductionZone","polarity":"Left","overriding_plate_id":304,"subducting_plate_id":308,"plate_ids":[304,308],"name":"Sub. East Ligurian Ocean"},"geometry":{"type":"LineString","coordinates":[[15.865,27.435],[16.269,27.557],[16.675,27.677],[17.081,27.797],[17.488,27.915],[17.985,28.098],[18.484,28.279],[18.985,28.458],[19.487,28.636],[20.016,28.654],[20.545,28.67],[21.074,28.684],[21.604,28.697],[22.134,28.707],[22.663,28.714],[22.794,29.198],[22.926,29.681],[23.059,30.165],[23.194,30.648],[23.33,31.123],[23.468,31.599],[23.607,32.074],[23.748,32.549],[23.697,33.034],[23.646,33.519]]}},{"type":"Feature","properties":{"boundary_type":"subduction","feature_type":"gpml:SubductionZone","polarity":"Left","overriding_plate_id":304,"subducting_plate_id":301,"plate_ids":[301,304],"name":"Sub. East Ligurian Ocean"},"geometry":{"type":"LineString","coordinates":[[23.646,33.519],[23.108,33.707],[22.568,33.893],[22.025,34.076],[21.48,34.257],[20.933,34.436],[20.383,34.612],[19.831,34.786]]}},{"type":"Feature","properties":{"boundary_type":"subduction","feature_type":"gpml:SubductionZone","polarity":"Right","overriding_plate_id":530,"subducting_plate_id":715,"plate_ids":[530,715],"name":"MesoTethys subduction zone from 150 Ma"},"geometry":{"type":"LineString","coordinates":[[66.291,4.351],[66.097,4.735],[65.903,5.119],[65.606,5.485],[65.307,5.851],[65.009,6.217],[64.71,6.583],[64.41,6.949],[64.11,7.315],[63.81,7.68],[63.509,8.046],[63.219,8.444],[62.928,8.843],[62.636,9.241],[62.344,9.64],[62.051,10.037],[61.757,10.435],[61.463,10.832],[61.168,11.23],[60.853,11.609],[60.538,11.987],[60.221,12.366],[59.904,12.744],[59.586,13.121],[59.267,13.498],[58.947,13.875],[58.625,14.251],[58.303,14.627],[57.98,15.003],[57.655,15.378],[57.329,15.753],[57.002,16.127],[56.674,16.5],[56.345,16.873],[56.014,17.246],[55.682,17.618],[55.349,17.989],[55.014,18.36],[54.677,18.73],[54.34,19.1],[54.0,19.469],[53.659,19.838],[53.336,20.224],[53.012,20.61],[52.685,20.995],[52.357,21.379],[52.027,21.763],[51.696,22.147],[51.362,22.529],[51.027,22.911]]}}]}