{"type":"FeatureCollection","meta":{"model":"Cao2024","reconstruction_time_ma":80.0,"anchor_plate_id":0,"pygplates_version":"1.0.0","tessellate_degrees":0.5,"polarity_convention":"gpml:subductionPolarity. 'Left'/'Right' names the side of the line, in vertex order, on which the OVERRIDING plate lies. Triangles are drawn on that side.","antimeridian":"Lines are NOT split at +/-180 deg. The renderer works in 3D unit vectors where the dateline is not special; splitting would only add spurious breaks. Do not treat this as RFC 7946 GIS-ready 2D data."},"features":[{"type":"Feature","properties":{"boundary_type":"other","feature_type":"gpml:FractureZone","polarity":null,"overriding_plate_id":null,"subducting_plate_id":null,"plate_ids":[501,701],"name":"Owen Fracture Zone, DB 04-2007"},"geometry":{"type":"LineString","coordinates":[[48.115,-29.029],[48.472,-28.68],[48.827,-28.33],[49.179,-27.979],[49.528,-27.627],[49.876,-27.274],[50.221,-26.921],[50.56,-26.557],[50.897,-26.192],[51.232,-25.826],[51.565,-25.46],[51.896,-25.093],[52.225,-24.725],[52.552,-24.357],[52.876,-23.987],[53.2,-23.618],[53.521,-23.247],[53.84,-22.876],[54.158,-22.504],[54.474,-22.131],[54.789,-21.758],[55.101,-21.385],[55.068,-20.954],[55.035,-20.523],[55.002,-20.092],[54.969,-19.661],[54.937,-19.229],[54.904,-18.798],[54.919,-18.32],[54.934,-17.841],[54.949,-17.362],[54.964,-16.883],[54.978,-16.404],[54.993,-15.925],[55.008,-15.446],[55.022,-14.968],[55.037,-14.489],[55.051,-14.01],[55.065,-13.531],[55.079,-13.052],[55.094,-12.573],[55.069,-12.092],[55.044,-11.61],[55.019,-11.129],[54.994,-10.647],[54.969,-10.166],[54.945,-9.684],[54.92,-9.203],[54.896,-8.721],[54.871,-8.24],[54.847,-7.758],[55.15,-7.402],[55.453,-7.045],[55.755,-6.688],[56.057,-6.33],[56.358,-5.973],[56.659,-5.615],[56.96,-5.257],[57.26,-4.899],[57.56,-4.541],[57.86,-4.183],[58.159,-3.824],[58.459,-3.466],[58.758,-3.107],[59.048,-2.706],[59.339,-2.304],[59.629,-1.902],[59.92,-1.5],[60.21,-1.098],[60.5,-0.696],[60.79,-0.294],[61.08,0.108],[61.37,0.51],[61.66,0.912],[61.951,1.314],[62.241,1.716],[62.397,2.094],[62.553,2.472],[62.709,2.85],[62.866,3.228]]}},{"type":"Feature","properties":{"boundary_type":"other","feature_type":"gpml:FractureZone","polarity":null,"overriding_plate_id":null,"subducting_plate_id":null,"plate_ids":[529,701],"name":"Owen Fracture Zone, DB 04-2007"},"geometry":{"type":"LineString","coordinates":[[62.866,3.228],[63.046,3.663],[63.226,4.098],[63.406,4.532],[63.587,4.967],[63.767,5.401],[63.949,5.836],[64.13,6.27],[64.312,6.704],[64.494,7.139],[64.676,7.573],[64.859,8.007],[65.042,8.441],[65.225,8.875],[65.409,9.309],[65.629,9.757],[65.85,10.206],[66.072,10.654],[66.294,11.102],[66.517,11.55],[66.741,11.998],[66.966,12.445],[67.191,12.893],[67.417,13.34],[67.644,13.787],[67.871,14.233],[68.1,14.68],[68.33,15.126],[68.584,15.56],[68.839,15.993],[69.096,16.425],[69.354,16.858],[69.612,17.29],[69.872,17.722],[70.134,18.153],[70.396,18.584],[70.66,19.015],[70.926,19.445],[71.192,19.875],[71.409,20.202],[71.627,20.529]]}},{"type":"Feature","properties":{"boundary_type":"other","feature_type":"gpml:FractureZone","polarity":null,"overriding_plate_id":null,"subducting_plate_id":null,"plate_ids":[301,529],"name":"Owen Fracture Zone, DB 04-2007"},"geometry":{"type":"LineString","coordinates":[[71.627,20.529],[71.78,20.757],[71.933,20.986]]}},{"type":"Feature","properties":{"boundary_type":"other","feature_type":"gpml:InferredPaleoBoundary","polarity":null,"overriding_plate_id":null,"subducting_plate_id":null,"plate_ids":[101,301],"name":"NAM EUR 090 055"},"geometry":{"type":"LineString","coordinates":[[12.142,68.707],[12.24,68.772],[12.786,69.078],[13.348,69.381],[13.98,69.788],[14.638,70.193],[15.451,70.538],[16.292,70.878],[17.162,71.215],[18.063,71.548],[18.641,71.885],[19.241,72.221],[19.862,72.555],[21.382,72.764],[22.937,72.961],[24.526,73.146],[25.867,73.434],[27.253,73.714],[28.685,73.985],[29.615,74.253],[30.575,74.517],[31.568,74.776],[32.634,75.093],[33.744,75.404],[34.901,75.709],[36.494,75.847],[38.117,75.975],[39.797,76.051],[41.493,76.115],[43.203,76.167],[44.613,76.348],[46.058,76.52],[47.539,76.684],[49.055,76.839],[50.77,77.117],[52.558,77.383],[54.42,77.637],[56.561,77.762],[58.742,77.871],[60.96,77.963],[63.313,78.005],[65.679,78.027],[68.049,78.029],[70.096,78.083],[72.159,78.123],[74.234,78.147],[76.313,78.156],[78.394,78.151],[80.585,78.1],[82.754,78.032],[84.896,77.948],[87.006,77.847],[89.324,77.766],[91.608,77.666],[93.852,77.547],[96.051,77.41],[97.953,77.339],[99.833,77.255],[101.686,77.158],[103.51,77.048]]}},{"type":"Feature","properties":{"boundary_type":"other","feature_type":"gpml:InferredPaleoBoundary","polarity":null,"overriding_plate_id":null,"subducting_plate_id":null,"plate_ids":[301,409],"name":"NAM EUR 090 055"},"geometry":{"type":"LineString","coordinates":[[103.51,77.048],[105.364,76.921],[107.181,76.781],[108.959,76.629],[110.606,76.458],[112.211,76.276],[113.775,76.083],[115.295,75.882],[116.772,75.671],[118.564,75.472],[120.306,75.26],[121.999,75.035],[123.641,74.799],[125.233,74.55],[126.775,74.291],[128.267,74.022],[129.71,73.742],[131.105,73.453],[132.439,73.143],[133.726,72.825],[134.967,72.499],[136.164,72.166],[137.317,71.825],[138.217,71.506],[139.087,71.183],[139.928,70.855],[140.742,70.524],[141.53,70.189],[142.48,69.828],[143.398,69.463],[144.285,69.092],[145.142,68.717],[145.751,68.361],[146.342,68.002],[146.914,67.641],[147.47,67.279],[148.179,66.944],[148.869,66.605],[149.541,66.264],[150.194,65.92],[150.83,65.574],[151.449,65.224],[151.988,64.916],[152.515,64.606]]}},{"type":"Feature","properties":{"boundary_type":"other","feature_type":"gpml:InferredPaleoBoundary","polarity":null,"overriding_plate_id":null,"subducting_plate_id":null,"plate_ids":[841,901],"name":"SS ThroughSthNewZealand EmeraldFZ"},"geometry":{"type":"LineString","coordinates":[[-156.75,-57.033],[-156.449,-57.373],[-156.142,-57.713],[-155.83,-58.052]]}},{"type":"Feature","properties":{"boundary_type":"other","feature_type":"gpml:InferredPaleoBoundary","polarity":null,"overriding_plate_id":null,"subducting_plate_id":null,"plate_ids":[833,901],"name":"SS ThroughSthNewZealand EmeraldFZ"},"geometry":{"type":"LineString","coordinates":[[-155.83,-58.052],[-155.627,-58.268],[-155.534,-58.691],[-155.438,-59.114]]}},{"type":"Feature","properties":{"boundary_type":"other","feature_type":"gpml:InferredPaleoBoundary","polarity":null,"overriding_plate_id":null,"subducting_plate_id":null,"plate_ids":[833,901],"name":"SS ThroughSthNewZealand EmeraldFZ"},"geometry":{"type":"LineString","coordinates":[[-155.438,-59.114],[-155.339,-59.546],[-155.236,-59.978],[-155.131,-60.41],[-155.023,-60.842],[-154.912,-61.274],[-154.798,-61.706],[-154.681,-62.137],[-155.074,-62.455],[-155.475,-62.772],[-156.142,-63.112],[-156.825,-63.449],[-157.524,-63.782],[-158.24,-64.112],[-158.973,-64.438],[-159.735,-64.792],[-160.517,-65.142],[-161.32,-65.488],[-162.144,-65.829],[-162.652,-66.147],[-163.172,-66.463],[-163.706,-66.777],[-164.254,-67.09],[-164.631,-67.44],[-165.019,-67.79],[-165.42,-68.138],[-165.832,-68.486],[-165.943,-68.834],[-166.058,-69.183],[-166.176,-69.531]]}},{"type":"Feature","properties":{"boundary_type":"ridge","feature_type":"gpml:MidOceanRidge","polarity":null,"overriding_plate_id":null,"subducting_plate_id":null,"plate_ids":[101,701],"name":"Ridge from iso A25 from NorthAmerica 55.9Ma"},"geometry":{"type":"LineString","coordinates":[[-8.182,29.044],[-8.282,28.879],[-8.709,29.04],[-9.137,29.199],[-9.567,29.357],[-9.998,29.514],[-10.253,29.227],[-10.506,28.94],[-10.956,29.045],[-11.406,29.149],[-11.688,28.812],[-11.967,28.475],[-12.244,28.137],[-12.52,27.799],[-12.997,27.896],[-13.476,27.991],[-13.726,27.675],[-13.976,27.358],[-14.223,27.041],[-14.47,26.723],[-14.927,26.823],[-15.384,26.922],[-15.564,26.729],[-15.744,26.535],[-16.284,26.651],[-16.825,26.765],[-17.367,26.876],[-17.683,26.515],[-17.996,26.153],[-18.236,26.211],[-18.514,25.875],[-18.79,25.539],[-19.064,25.202],[-19.337,24.864],[-19.609,24.526],[-20.105,24.626],[-20.602,24.724],[-21.1,24.821],[-21.485,24.494],[-21.869,24.167],[-22.25,23.838],[-22.63,23.508],[-23.008,23.178],[-23.318,22.768],[-23.626,22.358],[-23.932,21.948],[-24.236,21.537],[-24.539,21.125],[-24.84,20.713],[-25.2,20.786],[-25.56,20.859],[-25.778,20.53],[-25.994,20.2],[-26.209,19.87],[-25.761,19.786],[-25.314,19.702],[-25.57,19.293],[-25.824,18.884],[-26.076,18.475],[-26.328,18.066],[-26.578,17.656],[-26.827,17.246],[-27.075,16.835],[-26.833,16.777],[-27.048,16.415],[-27.261,16.053],[-27.474,15.691],[-27.686,15.328],[-27.821,15.356],[-28.049,14.922],[-28.276,14.489],[-28.502,14.055],[-28.727,13.621],[-28.951,13.187],[-29.174,12.753],[-29.397,12.318],[-29.619,11.883],[-29.752,11.665],[-29.885,11.446]]}},{"type":"Feature","properties":{"boundary_type":"ridge","feature_type":"gpml:MidOceanRidge","polarity":null,"overriding_plate_id":null,"subducting_plate_id":null,"plate_ids":[201,701],"name":"Ridge from iso A34 from Africa at 83.5Ma"},"geometry":{"type":"LineString","coordinates":[[0.541,-12.346],[0.129,-12.437],[-0.282,-12.528],[-0.694,-12.618],[-1.106,-12.708],[-0.953,-12.81],[-0.879,-13.256],[-0.804,-13.702],[-0.735,-14.037],[-0.666,-14.372],[-0.596,-14.707],[-0.513,-15.127],[-0.43,-15.547],[-0.41,-15.841],[-0.39,-16.136],[-0.864,-16.204],[-1.338,-16.271],[-1.812,-16.337],[-2.287,-16.401],[-2.304,-16.878],[-2.321,-17.354],[-2.339,-17.83],[-2.356,-18.307],[-2.373,-18.783],[-2.649,-18.822],[-2.677,-19.287],[-2.705,-19.752],[-2.733,-20.217],[-2.762,-20.682],[-3.256,-20.722],[-3.75,-20.761],[-4.245,-20.798],[-4.185,-21.253],[-4.124,-21.708],[-4.063,-22.163],[-4.001,-22.618],[-3.939,-23.072],[-3.877,-23.527],[-3.814,-23.982],[-3.75,-24.437],[-3.687,-24.891],[-3.628,-25.32],[-3.569,-25.748],[-3.51,-26.177],[-3.45,-26.605],[-3.39,-27.034],[-3.33,-27.462],[-3.268,-27.891],[-3.202,-28.332],[-3.134,-28.774],[-3.067,-29.216],[-2.998,-29.657],[-2.729,-29.645],[-2.688,-30.078],[-2.647,-30.511],[-3.128,-30.574],[-3.609,-30.635],[-3.697,-31.005],[-3.785,-31.374],[-3.875,-31.744],[-4.249,-31.795],[-4.624,-31.846],[-4.655,-32.269],[-4.685,-32.691],[-4.716,-33.114],[-4.747,-33.537],[-4.779,-33.959],[-4.81,-34.382],[-5.307,-34.41],[-5.804,-34.437],[-6.301,-34.462],[-6.798,-34.485],[-7.296,-34.506],[-7.185,-34.971],[-7.073,-35.436],[-6.575,-35.426],[-6.076,-35.414],[-5.578,-35.4],[-5.08,-35.384],[-4.582,-35.365],[-4.554,-35.804],[-4.525,-36.243],[-4.496,-36.681],[-4.467,-37.12],[-4.961,-37.159],[-5.456,-37.196],[-5.951,-37.231],[-6.059,-37.671],[-6.169,-38.111],[-6.552,-38.311],[-6.938,-38.509],[-7.325,-38.706],[-7.355,-38.982],[-7.695,-39.01],[-8.036,-39.036],[-8.125,-39.383],[-8.214,-39.731],[-8.839,-39.754],[-9.465,-39.775],[-10.092,-39.792],[-10.43,-40.156],[-10.773,-40.52],[-10.868,-40.82],[-10.964,-41.119],[-11.465,-41.121],[-11.966,-41.121],[-12.123,-41.592],[-12.284,-42.064],[-12.446,-42.534],[-12.611,-43.005],[-12.779,-43.476],[-13.043,-43.505],[-13.06,-43.995],[-13.077,-44.486],[-13.095,-44.976],[-13.113,-45.467],[-13.132,-45.957],[-13.15,-46.447],[-13.169,-46.938],[-13.189,-47.428],[-13.208,-47.918],[-13.229,-48.409],[-13.249,-48.899],[-13.84,-48.932],[-13.92,-49.331],[-14.001,-49.729],[-14.083,-50.127],[-14.167,-50.526],[-14.253,-50.924],[-14.786,-50.919],[-14.939,-51.354],[-15.096,-51.789],[-15.256,-52.224],[-15.419,-52.659],[-15.585,-53.093],[-15.285,-53.131],[-15.289,-53.525],[-15.293,-53.919],[-15.297,-54.313],[-14.889,-54.742],[-14.472,-55.169],[-13.638,-55.2],[-12.803,-55.225],[-11.967,-55.244],[-11.565,-55.268]]}},{"type":"Feature","properties":{"boundary_type":"ridge","feature_type":"gpml:MidOceanRidge","polarity":null,"overriding_plate_id":null,"subducting_plate_id":null,"plate_ids":[101,201],"name":"Ridge from iso A34 from Africa at 83.5Ma"},"geometry":{"type":"LineString","coordinates":[[-39.188,18.753],[-38.94,18.534],[-38.693,18.314],[-38.29,18.012],[-37.889,17.709],[-37.488,17.406],[-37.089,17.101],[-36.691,16.796],[-36.295,16.49],[-35.899,16.183],[-35.505,15.876],[-35.112,15.567],[-34.721,15.259],[-34.33,14.949],[-33.941,14.639],[-33.553,14.328],[-33.165,14.016],[-32.779,13.704],[-32.394,13.391],[-32.08,13.038],[-31.766,12.684],[-31.454,12.329],[-31.061,12.109],[-30.668,11.889],[-30.276,11.668],[-29.885,11.446]]}},{"type":"Feature","properties":{"boundary_type":"ridge","feature_type":"gpml:MidOceanRidge","polarity":null,"overriding_plate_id":null,"subducting_plate_id":null,"plate_ids":[201,701],"name":"Ridge from iso A34 from Africa at 83.5Ma"},"geometry":{"type":"LineString","coordinates":[[-29.885,11.446],[-29.623,11.297],[-29.362,11.148],[-29.523,10.819],[-29.683,10.491],[-29.843,10.163],[-29.453,10.005],[-29.063,9.846],[-28.673,9.687],[-28.284,9.528],[-27.895,9.368],[-27.948,9.058],[-28.001,8.749],[-27.665,8.62],[-27.738,8.281],[-27.811,7.942],[-27.884,7.602],[-27.442,7.456],[-26.999,7.308],[-26.557,7.161],[-26.115,7.013],[-25.674,6.864],[-25.233,6.715],[-25.314,6.363],[-25.395,6.01],[-25.192,5.953],[-25.25,5.668],[-25.307,5.382],[-25.12,5.328],[-25.175,5.051],[-25.229,4.774],[-24.752,4.637],[-24.803,4.344],[-24.853,4.051],[-24.395,3.934],[-23.937,3.816],[-23.479,3.699],[-23.022,3.581],[-23.095,3.148],[-22.661,3.059],[-22.227,2.97],[-21.793,2.881],[-21.832,2.62],[-21.454,2.536],[-21.075,2.452],[-21.142,2.042],[-20.808,1.967],[-20.474,1.893],[-20.539,1.505],[-20.118,1.417],[-19.697,1.33],[-19.276,1.242],[-18.855,1.154],[-18.931,0.672],[-18.852,0.662],[-18.883,0.407],[-18.914,0.153],[-18.425,0.089],[-18.477,-0.306],[-18.529,-0.701],[-18.582,-1.095],[-18.634,-1.49],[-18.171,-1.584],[-17.707,-1.678],[-17.244,-1.772],[-16.78,-1.865],[-16.83,-2.343],[-16.88,-2.82],[-16.929,-3.297],[-16.979,-3.775],[-17.029,-4.252],[-16.68,-4.315],[-16.332,-4.377],[-16.354,-4.8],[-16.377,-5.224],[-15.885,-5.267],[-15.393,-5.31],[-14.901,-5.352],[-14.409,-5.393],[-13.918,-5.435],[-13.425,-5.476],[-12.933,-5.516],[-12.901,-5.857],[-12.869,-6.198],[-12.444,-6.24],[-12.019,-6.282],[-11.593,-6.323],[-11.567,-6.759],[-11.541,-7.194],[-11.516,-7.629],[-11.49,-8.065],[-11.463,-8.5],[-11.09,-8.502],[-10.717,-8.504],[-10.358,-8.487],[-9.999,-8.47],[-9.562,-8.45],[-9.124,-8.43],[-8.735,-8.411],[-8.346,-8.391],[-7.958,-8.341],[-7.57,-8.291],[-7.131,-8.243],[-6.693,-8.195],[-6.312,-8.159],[-5.93,-8.123],[-5.549,-8.087],[-5.048,-8.026],[-4.548,-7.964],[-4.248,-7.922],[-3.947,-7.879],[-3.606,-7.825],[-3.265,-7.771],[-3.211,-8.182],[-3.157,-8.593],[-3.102,-9.004],[-2.861,-9.007],[-2.814,-9.331],[-2.767,-9.654],[-2.483,-9.639],[-2.418,-9.936],[-2.354,-10.233],[-1.894,-10.134],[-1.434,-10.035],[-0.974,-9.934],[-0.515,-9.834],[-0.056,-9.732],[0.043,-10.168],[0.142,-10.603],[0.241,-11.039],[0.341,-11.475],[0.44,-11.91],[0.541,-12.346]]}},{"type":"Feature","properties":{"boundary_type":"ridge","feature_type":"gpml:MidOceanRidge","polarity":null,"overriding_plate_id":null,"subducting_plate_id":null,"plate_ids":[201,802],"name":"Ridge from iso from ANT at 83.5Ma"},"geometry":{"type":"LineString","coordinates":[[2.966,-60.92],[2.09,-61.177],[1.2,-61.429],[0.45,-61.629],[-0.31,-61.825],[-1.079,-62.016],[-1.246,-61.959],[-1.915,-62.113],[-2.591,-62.264],[-2.935,-62.019],[-3.853,-62.226],[-4.784,-62.427],[-5.727,-62.622],[-6.683,-62.81],[-7.555,-62.982],[-8.438,-63.149],[-9.33,-63.31],[-9.016,-63.558],[-8.696,-63.805],[-9.6,-64.056],[-10.521,-64.302],[-11.458,-64.541],[-12.411,-64.775],[-13.38,-65.002],[-14.366,-65.223],[-15.086,-64.841],[-15.786,-64.455],[-16.466,-64.065],[-17.331,-64.243],[-18.207,-64.416],[-19.094,-64.584],[-19.347,-64.434],[-20.3,-64.547],[-21.26,-64.654],[-22.228,-64.755],[-22.991,-64.842],[-23.76,-64.924],[-24.533,-65.003],[-24.627,-64.906],[-25.548,-64.982]]}},{"type":"Feature","properties":{"boundary_type":"ridge","feature_type":"gpml:MidOceanRidge","polarity":null,"overriding_plate_id":null,"subducting_plate_id":null,"plate_ids":[201,701],"name":"Agulhas Ridge Jump"},"geometry":{"type":"LineString","coordinates":[[4.516,-54.268],[4.607,-54.6],[4.7,-54.931],[4.837,-55.418],[4.978,-55.905],[5.122,-56.392],[5.27,-56.879],[4.723,-56.934],[4.827,-57.412],[4.933,-57.89],[4.424,-57.936],[3.913,-57.981],[4.037,-58.38],[4.164,-58.779],[4.294,-59.178],[4.427,-59.577],[4.3,-59.593],[4.573,-59.819],[4.85,-60.044],[4.968,-60.442],[5.088,-60.84]]}},{"type":"Feature","properties":{"boundary_type":"ridge","feature_type":"gpml:MidOceanRidge","polarity":null,"overriding_plate_id":null,"subducting_plate_id":null,"plate_ids":[101,317],"name":"Porcupine MOR"},"geometry":{"type":"LineString","coordinates":[[-5.9,43.001],[-5.783,42.767],[-5.563,42.574],[-5.254,42.226],[-4.949,41.877],[-4.647,41.527],[-4.563,41.213],[-4.479,40.898],[-4.283,40.551],[-4.09,40.204],[-3.898,39.856],[-3.77,39.603],[-3.643,39.351],[-3.584,38.918],[-3.527,38.485],[-3.47,38.052],[-3.414,37.619],[-3.277,37.203],[-3.141,36.788],[-3.008,36.372],[-2.875,35.957],[-2.849,35.863]]}},{"type":"Feature","properties":{"boundary_type":"ridge","feature_type":"gpml:MidOceanRidge","polarity":null,"overriding_plate_id":null,"subducting_plate_id":null,"plate_ids":[101,304],"name":"Porcupine MOR"},"geometry":{"type":"LineString","coordinates":[[-2.849,35.863],[-2.737,35.459]]}},{"type":"Feature","properties":{"boundary_type":"ridge","feature_type":"gpml:MidOceanRidge","polarity":null,"overriding_plate_id":null,"subducting_plate_id":null,"plate_ids":[201,802],"name":"Ridge from iso at 83.5 at ANT"},"geometry":{"type":"LineString","coordinates":[[2.966,-60.92],[3.674,-60.897],[4.382,-60.87],[5.088,-60.84]]}},{"type":"Feature","properties":{"boundary_type":"ridge","feature_type":"gpml:MidOceanRidge","polarity":null,"overriding_plate_id":null,"subducting_plate_id":null,"plate_ids":[701,802],"name":"Ridge from iso at 83.5 at ANT"},"geometry":{"type":"LineString","coordinates":[[5.088,-60.84],[6.006,-60.795],[6.403,-61.137],[6.808,-61.479],[7.223,-61.819],[7.646,-62.158],[7.232,-62.387],[7.724,-62.711],[8.227,-63.033],[8.741,-63.353],[9.471,-63.132],[10.19,-62.907],[10.778,-63.265],[11.382,-63.621],[12.0,-63.974],[12.887,-63.782],[13.265,-64.047],[13.856,-63.821],[14.439,-63.593],[15.011,-63.362],[15.695,-63.533],[16.13,-63.4],[16.633,-63.72],[17.086,-63.529],[17.534,-63.337],[17.985,-63.48],[18.748,-63.121],[19.494,-62.758],[20.22,-62.391],[20.93,-62.02],[21.622,-61.646],[22.297,-61.268],[22.956,-60.887],[23.6,-60.503],[24.229,-60.116],[24.842,-59.726],[25.442,-59.333],[26.028,-58.938],[26.601,-58.54],[27.16,-58.139],[27.708,-57.736],[28.243,-57.331],[28.766,-56.923],[29.278,-56.514],[29.779,-56.102],[30.285,-56.259],[30.855,-55.912],[31.526,-56.04],[32.202,-56.165],[32.881,-56.286],[33.249,-55.913],[33.609,-55.538],[33.963,-55.163],[34.31,-54.787],[34.65,-54.41],[35.357,-54.601],[36.07,-54.789],[36.789,-54.972],[37.515,-55.15],[37.871,-54.81],[38.221,-54.469],[38.566,-54.126],[38.904,-53.783],[39.612,-53.835],[40.322,-53.883],[41.034,-53.927],[41.746,-53.967],[42.077,-53.526],[42.621,-53.566],[43.165,-53.604],[43.517,-53.172],[43.863,-52.738],[44.202,-52.303],[44.896,-52.144]]}},{"type":"Feature","properties":{"boundary_type":"ridge","feature_type":"gpml:MidOceanRidge","polarity":null,"overriding_plate_id":null,"subducting_plate_id":null,"plate_ids":[501,701],"name":"Ridge from iso at 83.5 at ANT"},"geometry":{"type":"LineString","coordinates":[[44.896,-52.144],[45.298,-52.05],[45.698,-51.954]]}},{"type":"Feature","properties":{"boundary_type":"subduction","feature_type":"gpml:SubductionZone","polarity":"Right","overriding_plate_id":804,"subducting_plate_id":904,"plate_ids":[804,904],"name":"ANT NAZ 060 015 TF"},"geometry":{"type":"LineString","coordinates":[[-85.196,-66.196],[-84.627,-66.169],[-84.013,-65.963],[-83.409,-65.755],[-82.556,-65.407],[-81.725,-65.055],[-80.916,-64.699],[-80.127,-64.44],[-79.354,-64.178],[-78.596,-63.911],[-77.726,-63.602],[-76.876,-63.287],[-76.28,-63.012],[-75.694,-62.734],[-74.968,-62.398],[-74.258,-62.059],[-73.556,-61.699],[-72.87,-61.335],[-72.173,-61.154],[-71.483,-60.97],[-70.653,-60.845],[-69.829,-60.715],[-69.012,-60.58],[-68.485,-60.442],[-67.963,-60.301],[-67.302,-60.169],[-66.647,-60.034],[-65.998,-59.895],[-65.353,-59.752],[-64.767,-59.514],[-64.188,-59.272],[-63.547,-59.093]]}},{"type":"Feature","properties":{"boundary_type":"subduction","feature_type":"gpml:SubductionZone","polarity":"Right","overriding_plate_id":301,"subducting_plate_id":926,"plate_ids":[301,926],"name":"Japan sub zone fromEarthByte cob MG 4-20-07"},"geometry":{"type":"LineString","coordinates":[[143.012,59.469],[143.241,59.045],[143.464,58.619],[143.682,58.194],[143.895,57.768],[144.103,57.342],[144.306,56.915],[144.428,56.461],[144.547,56.006],[144.663,55.552],[144.777,55.097],[144.888,54.642],[144.918,54.202],[144.947,53.761],[144.976,53.321],[145.004,52.88],[145.032,52.44],[144.979,51.978],[144.928,51.516],[144.878,51.054],[144.935,50.618],[144.991,50.182],[145.046,49.747],[145.1,49.311],[145.153,48.875],[145.08,48.462],[145.008,48.048],[144.937,47.635],[144.868,47.221],[144.78,46.889],[144.694,46.557],[144.609,46.225],[144.398,45.828],[144.191,45.431],[143.986,45.033],[143.645,44.625],[143.31,44.216],[143.115,43.806],[142.923,43.396],[142.336,43.237],[141.752,43.075],[141.172,42.91],[140.594,42.743],[140.176,42.471],[139.762,42.198],[139.352,41.923],[138.945,41.647],[138.541,41.37],[138.069,41.068],[137.601,40.765],[137.138,40.46],[136.825,40.308],[136.514,40.155],[136.11,39.959],[135.707,39.762],[135.307,39.563],[134.901,39.281],[134.499,38.998],[134.142,38.695],[133.789,38.391],[133.439,38.086],[133.158,37.963],[132.878,37.84]]}},{"type":"Feature","properties":{"boundary_type":"subduction","feature_type":"gpml:SubductionZone","polarity":"Left","overriding_plate_id":301,"subducting_plate_id":926,"plate_ids":[301,926],"name":"Junction Subduction Zone"},"geometry":{"type":"LineString","coordinates":[[124.087,17.345],[124.131,17.838],[124.175,18.33],[124.22,18.823],[124.265,19.315],[124.531,19.706],[124.799,20.095],[125.068,20.485],[125.339,20.874],[125.611,21.262],[125.885,21.65],[126.159,22.038],[126.382,22.455],[126.607,22.871],[126.832,23.286],[127.059,23.702],[127.288,24.117],[127.518,24.532],[127.749,24.946],[127.982,25.36],[128.202,25.805],[128.424,26.25],[128.648,26.694],[128.873,27.138],[129.1,27.582],[129.329,28.025],[129.56,28.467],[129.792,28.91],[130.027,29.352],[130.264,29.793]]}},{"type":"Feature","properties":{"boundary_type":"subduction","feature_type":"gpml:SubductionZone","polarity":"Right","overriding_plate_id":854,"subducting_plate_id":901,"plate_ids":[854,901],"name":"MelanesiaVityaz DiCaprio"},"geometry":{"type":"LineString","coordinates":[[154.341,-28.173],[154.745,-28.485],[155.152,-28.795],[155.561,-29.103],[155.973,-29.411],[156.257,-29.767],[156.542,-30.124],[156.83,-30.479],[157.11,-30.772],[157.392,-31.065],[157.675,-31.356],[158.081,-31.51],[158.488,-31.663],[158.897,-31.814],[159.471,-31.874],[160.046,-31.932],[160.621,-31.988],[161.021,-32.176],[161.422,-32.364],[161.824,-32.55],[162.228,-32.735],[162.678,-32.849],[163.129,-32.961],[163.581,-33.072],[163.869,-33.293],[164.158,-33.514],[164.583,-33.593],[165.009,-33.67],[165.435,-33.745],[165.807,-33.892],[166.18,-34.039],[166.429,-34.284],[166.68,-34.528]]}},{"type":"Feature","properties":{"boundary_type":"subduction","feature_type":"gpml:SubductionZone","polarity":"Right","overriding_plate_id":101,"subducting_plate_id":902,"plate_ids":[101,902],"name":"Western NAM subduction"},"geometry":{"type":"LineString","coordinates":[[-70.061,22.682],[-70.455,22.914],[-70.851,23.145],[-71.221,23.459],[-71.592,23.772],[-71.966,24.085],[-72.341,24.396],[-72.718,24.707],[-73.097,25.016],[-73.478,25.325],[-73.609,25.802],[-73.742,26.279],[-73.876,26.756],[-74.01,27.232],[-74.146,27.709],[-74.284,28.185],[-74.537,28.58],[-74.792,28.973],[-75.049,29.367],[-75.308,29.759],[-75.569,30.151],[-75.833,30.543],[-76.034,30.851],[-76.237,31.158],[-76.441,31.465],[-76.612,31.841],[-76.785,32.217],[-76.959,32.593],[-77.135,32.968],[-77.256,33.299],[-77.377,33.629],[-77.499,33.959],[-77.68,34.33],[-77.862,34.7],[-78.046,35.07],[-78.129,35.42],[-78.213,35.77],[-78.297,36.12],[-78.407,36.507],[-78.518,36.894],[-78.631,37.281],[-78.744,37.668],[-78.819,38.137],[-78.895,38.606],[-79.209,39.009],[-79.527,39.411],[-79.849,39.812],[-80.175,40.212],[-80.487,40.456],[-80.801,40.699],[-81.117,40.941],[-81.518,41.217],[-81.921,41.492],[-82.328,41.765],[-82.566,42.062],[-82.807,42.359],[-83.176,42.706],[-83.549,43.052],[-83.932,43.252],[-84.317,43.45],[-84.704,43.648],[-84.834,44.015],[-84.964,44.382],[-85.097,44.749],[-85.413,45.193],[-85.733,45.636],[-86.059,46.078],[-86.315,46.456],[-86.574,46.833],[-86.837,47.209],[-87.104,47.585],[-87.374,47.96],[-87.502,48.385],[-87.631,48.81],[-87.763,49.234],[-87.897,49.659],[-88.031,50.035],[-88.167,50.411],[-88.305,50.788],[-88.445,51.164],[-88.288,51.62],[-88.128,52.075],[-87.965,52.531],[-87.798,52.986],[-87.485,53.422]]}},{"type":"Feature","properties":{"boundary_type":"subduction","feature_type":"gpml:SubductionZone","polarity":"Right","overriding_plate_id":101,"subducting_plate_id":918,"plate_ids":[101,918],"name":"Western NAM subduction"},"geometry":{"type":"LineString","coordinates":[[-87.485,53.422],[-87.23,53.771],[-86.97,54.12],[-86.706,54.468],[-86.437,54.816],[-86.036,55.248],[-85.625,55.68],[-85.206,56.109],[-84.777,56.538],[-84.557,56.963],[-84.332,57.389],[-84.101,57.813],[-83.866,58.238],[-83.624,58.661],[-83.377,59.085],[-83.772,59.467],[-84.177,59.849],[-84.591,60.229],[-85.015,60.607],[-85.52,60.908],[-86.035,61.206],[-86.56,61.502],[-87.094,61.796],[-87.327,62.188],[-87.565,62.579],[-87.975,63.008],[-88.397,63.434],[-88.718,63.742],[-89.045,64.048],[-89.38,64.354],[-89.696,64.758],[-90.081,65.22],[-90.479,65.681],[-90.625,66.038],[-90.775,66.396],[-90.93,66.753],[-90.936,67.185],[-90.943,67.616],[-91.013,67.95],[-91.085,68.284],[-91.159,68.618],[-91.413,68.997],[-91.118,69.461],[-91.384,69.836],[-91.409,70.192],[-91.761,70.661],[-92.418,71.104],[-92.704,71.299],[-93.025,71.672],[-93.521,72.01],[-93.869,72.381],[-94.182,72.837],[-94.331,73.086],[-94.484,73.335],[-94.477,73.597],[-94.471,73.86],[-94.552,74.297],[-94.637,74.734]]}},{"type":"Feature","properties":{"boundary_type":"other","feature_type":"gpml:TerraneBoundary","polarity":null,"overriding_plate_id":null,"subducting_plate_id":null,"plate_ids":[802,901],"name":"E/W ANT"},"geometry":{"type":"LineString","coordinates":[[-172.281,-72.102],[-172.469,-72.278],[-172.888,-72.693],[-173.276,-72.936],[-173.382,-73.114],[-173.451,-73.481],[-173.44,-73.685],[-173.454,-73.898],[-173.769,-74.106],[-173.831,-74.325],[-173.97,-74.607],[-174.05,-74.838]]}},{"type":"Feature","properties":{"boundary_type":"other","feature_type":"gpml:TerraneBoundary","polarity":null,"overriding_plate_id":null,"subducting_plate_id":null,"plate_ids":[802,804],"name":"E/W ANT"},"geometry":{"type":"LineString","coordinates":[[-174.05,-74.838],[-174.089,-74.946],[-174.208,-75.125],[-174.261,-75.319],[-174.255,-75.633],[-174.238,-75.869],[-174.343,-76.097],[-174.067,-76.301],[-173.843,-76.618],[-173.575,-76.867],[-173.255,-77.246],[-173.002,-77.506],[-172.739,-77.766],[-172.397,-78.104],[-172.211,-78.48],[-171.437,-78.787],[-170.745,-79.097],[-170.013,-79.426],[-168.694,-79.625],[-167.287,-79.819],[-165.827,-80.006],[-164.967,-80.162],[-162.973,-80.522],[-161.642,-80.598],[-160.102,-80.756],[-158.51,-80.906],[-156.865,-81.065],[-155.029,-81.183],[-153.146,-81.293],[-150.77,-81.42],[-148.306,-81.545],[-147.452,-81.59],[-145.637,-81.675],[-144.454,-81.732],[-142.786,-81.759],[-139.34,-81.788],[-136.964,-81.774],[-135.279,-81.753],[-133.105,-81.671],[-131.13,-81.584],[-129.197,-81.488],[-126.614,-81.344],[-124.317,-81.177],[-122.802,-81.063],[-121.277,-80.95],[-119.79,-80.831],[-117.805,-80.676],[-116.555,-80.56],[-116.296,-80.499],[-116.073,-80.427],[-115.908,-80.374],[-115.588,-80.281],[-115.324,-80.194],[-114.985,-80.159],[-113.232,-80.105],[-112.114,-80.177],[-111.375,-80.254],[-110.593,-80.34],[-109.714,-80.435],[-109.034,-80.514],[-108.203,-80.603],[-107.149,-80.736],[-106.357,-80.772],[-105.945,-80.811],[-105.411,-80.857],[-104.708,-80.961],[-104.142,-81.04],[-103.391,-81.161],[-102.747,-81.317],[-102.196,-81.379],[-100.754,-81.457],[-99.519,-81.482],[-98.416,-81.453],[-97.282,-81.347],[-96.638,-81.179],[-95.865,-80.965],[-94.925,-80.669],[-94.294,-80.461],[-93.639,-80.268],[-93.754,-80.067],[-93.366,-79.909],[-92.79,-79.75],[-91.978,-79.666],[-91.009,-79.676],[-89.934,-79.491],[-89.123,-79.077],[-88.857,-78.867],[-88.514,-78.698],[-88.284,-78.484],[-88.325,-78.101],[-87.81,-77.933],[-87.309,-77.764],[-86.756,-77.558],[-86.352,-77.405],[-86.092,-77.291],[-85.564,-77.121],[-85.415,-77.012],[-85.086,-76.819],[-84.875,-76.669],[-84.754,-76.586],[-84.712,-76.41],[-84.602,-76.201],[-84.13,-76.005],[-83.708,-75.813],[-83.215,-75.543],[-82.212,-75.307],[-81.536,-75.112],[-80.877,-74.916],[-79.935,-74.711],[-79.22,-74.582],[-78.413,-74.434],[-77.62,-74.283],[-76.423,-74.048],[-75.605,-73.914],[-74.8,-73.777],[-73.604,-73.544],[-73.339,-73.502],[-72.019,-73.26],[-71.015,-73.0],[-70.102,-72.741],[-69.231,-72.456],[-68.726,-72.176],[-68.49,-72.048],[-68.305,-71.82],[-67.974,-71.448],[-67.814,-71.12],[-67.659,-70.792],[-67.464,-70.388],[-67.37,-69.897],[-67.309,-69.544],[-67.17,-69.441],[-66.977,-69.292],[-66.217,-69.029],[-65.509,-68.714],[-64.82,-68.396],[-64.411,-68.066],[-64.014,-67.734],[-63.627,-67.402],[-63.527,-67.089],[-63.43,-66.777],[-62.983,-66.573],[-62.584,-66.248],[-62.715,-65.908],[-62.515,-65.537],[-62.07,-65.109],[-61.596,-64.794],[-61.133,-64.477],[-60.723,-64.179],[-60.321,-63.88],[-59.963,-63.519],[-59.471,-63.232],[-58.99,-62.943],[-58.201,-62.668],[-57.635,-62.43],[-57.077,-62.19],[-56.528,-61.947]]}},{"type":"Feature","properties":{"boundary_type":"other","feature_type":"gpml:TerraneBoundary","polarity":null,"overriding_plate_id":null,"subducting_plate_id":null,"plate_ids":[201,804],"name":"E/W ANT"},"geometry":{"type":"LineString","coordinates":[[-56.528,-61.947],[-55.92,-61.672],[-55.296,-61.388],[-54.684,-61.101],[-54.082,-60.811],[-53.299,-60.535],[-52.529,-60.254]]}},{"type":"Feature","properties":{"boundary_type":"other","feature_type":"gpml:TerraneBoundary","polarity":null,"overriding_plate_id":null,"subducting_plate_id":null,"plate_ids":[101,301],"name":"North Greenland boundary"},"geometry":{"type":"LineString","coordinates":[[0.268,68.109],[1.313,68.354],[2.652,68.413],[3.997,68.462],[5.347,68.499],[6.287,68.611],[7.236,68.717],[8.194,68.817],[8.953,68.943],[9.72,69.066],[10.573,68.873],[11.243,68.8],[11.908,68.724],[12.142,68.707]]}},{"type":"Feature","properties":{"boundary_type":"transform","feature_type":"gpml:Transform","polarity":null,"overriding_plate_id":null,"subducting_plate_id":null,"plate_ids":[101,301],"name":"North Porcupine Transform"},"geometry":{"type":"LineString","coordinates":[[-7.354,42.788],[-6.813,42.851],[-6.31,42.956],[-5.9,43.001]]}},{"type":"Feature","properties":{"boundary_type":"transform","feature_type":"gpml:Transform","polarity":null,"overriding_plate_id":null,"subducting_plate_id":null,"plate_ids":[301,317],"name":"North Porcupine Transform"},"geometry":{"type":"LineString","coordinates":[[-5.9,43.001],[-5.551,43.038],[-5.005,43.024],[-4.671,42.782],[-4.34,42.538],[-4.148,42.31],[-3.957,42.081],[-3.771,41.808],[-3.588,41.534],[-3.43,41.275],[-3.273,41.016],[-3.091,40.711],[-2.91,40.406],[-2.746,40.128],[-2.584,39.849],[-2.273,39.484],[-1.966,39.117],[-1.661,38.749],[-1.173,38.571],[-0.687,38.39],[-0.203,38.208],[0.278,38.023],[0.757,37.837],[1.233,37.649],[1.727,37.391],[2.218,37.131],[2.706,36.87],[3.19,36.606],[3.671,36.341],[4.148,36.073],[4.623,35.804],[5.094,35.532],[5.562,35.259],[5.863,34.938],[6.162,34.617],[6.458,34.294],[6.752,33.971]]}},{"type":"Feature","properties":{"boundary_type":"subduction","feature_type":"gpml:SubductionZone","polarity":"Left","overriding_plate_id":525,"subducting_plate_id":701,"plate_ids":[525,701],"name":"Tethyan Subduction after Afghan block Accretion AG 2012"},"geometry":{"type":"LineString","coordinates":[[47.791,28.872],[48.25,28.896]]}},{"type":"Feature","properties":{"boundary_type":"subduction","feature_type":"gpml:SubductionZone","polarity":"Left","overriding_plate_id":301,"subducting_plate_id":701,"plate_ids":[301,701],"name":"Tethyan Subduction after Afghan block Accretion AG 2012"},"geometry":{"type":"LineString","coordinates":[[48.25,28.896],[48.67,28.916],[49.205,28.848],[49.74,28.779],[50.274,28.708],[50.807,28.635],[51.151,28.42],[51.495,28.205],[51.836,27.989],[52.23,27.681],[52.62,27.371],[53.009,27.061],[53.461,26.933],[53.911,26.804],[54.361,26.673],[54.775,26.38],[55.187,26.086],[55.597,25.791],[56.002,25.619],[56.405,25.446],[56.792,25.225],[57.178,25.004],[57.439,24.754],[57.698,24.504],[57.956,24.253],[58.329,24.152],[58.701,24.05],[59.072,23.947],[59.449,23.588],[59.824,23.229],[60.098,22.934],[60.37,22.639],[60.642,22.344],[61.047,22.184],[61.528,22.274],[62.01,22.362],[62.271,22.201],[62.532,22.039],[62.672,21.675],[62.812,21.311],[62.95,20.947],[63.462,20.819],[63.974,20.69],[64.484,20.559],[64.993,20.427],[65.247,20.457]]}},{"type":"Feature","properties":{"boundary_type":"subduction","feature_type":"gpml:SubductionZone","polarity":"Left","overriding_plate_id":301,"subducting_plate_id":701,"plate_ids":[301,701],"name":"Subduction Zone - A Gibbons Phd 2012"},"geometry":{"type":"LineString","coordinates":[[65.247,20.457],[65.608,20.185],[65.967,19.912],[66.326,19.638],[66.805,19.726],[67.285,19.812],[67.765,19.897],[68.246,19.98],[68.728,20.063],[69.21,20.144],[69.692,20.223],[70.175,20.302],[70.659,20.379],[71.143,20.454],[71.627,20.529]]}},{"type":"Feature","properties":{"boundary_type":"ridge","feature_type":"gpml:MidOceanRidge","polarity":null,"overriding_plate_id":null,"subducting_plate_id":null,"plate_ids":[501,801],"name":"MOR India Australia A Gibbons 2012"},"geometry":{"type":"LineString","coordinates":[[122.955,-14.997],[122.469,-15.054],[121.983,-15.11],[121.496,-15.165],[121.009,-15.218],[120.521,-15.271],[120.034,-15.323],[119.546,-15.373],[119.058,-15.423],[118.554,-15.505],[118.051,-15.585],[117.546,-15.664],[117.041,-15.742],[116.536,-15.819],[116.031,-15.895],[115.525,-15.97],[115.019,-16.043],[114.512,-16.115],[114.005,-16.186],[113.498,-16.256],[112.99,-16.325],[112.482,-16.392],[111.974,-16.458],[111.465,-16.523],[111.452,-17.008],[111.44,-17.492],[111.427,-17.977],[111.414,-18.461],[111.402,-18.945],[111.389,-19.43],[111.376,-19.914],[111.363,-20.399],[111.35,-20.883],[111.336,-21.368],[111.323,-21.852],[111.31,-22.336],[111.296,-22.821],[111.283,-23.305],[110.756,-23.379],[110.229,-23.45],[109.702,-23.52],[109.173,-23.588],[108.645,-23.654],[108.116,-23.718],[107.586,-23.781],[107.056,-23.841],[106.525,-23.9],[105.994,-23.958],[105.462,-24.013],[104.93,-24.066],[104.397,-24.118],[103.864,-24.168],[103.331,-24.216],[103.296,-24.708],[103.26,-25.201],[103.224,-25.694],[103.188,-26.186],[103.152,-26.679],[103.115,-27.171],[103.078,-27.664],[103.04,-28.157],[103.002,-28.649],[102.964,-29.142],[102.926,-29.635],[102.364,-29.608],[101.803,-29.58],[101.242,-29.549],[100.682,-29.515],[100.122,-29.48],[99.562,-29.442],[99.003,-29.401],[98.914,-29.858],[98.825,-30.314],[98.735,-30.77],[98.644,-31.226],[98.552,-31.682],[98.459,-32.138],[98.365,-32.594],[98.27,-33.05],[98.175,-33.505],[97.614,-33.524],[97.054,-33.541],[96.493,-33.554],[95.932,-33.566],[95.371,-33.574],[94.809,-33.58],[94.248,-33.584],[93.687,-33.585],[93.569,-34.068],[93.45,-34.551],[93.329,-35.034],[93.207,-35.516],[93.084,-35.999],[92.959,-36.481],[92.39,-36.389],[91.823,-36.295],[91.257,-36.198],[90.692,-36.098],[90.549,-36.582],[90.405,-37.065],[90.259,-37.548],[90.11,-38.031],[89.96,-38.514],[89.808,-38.996],[89.653,-39.479],[89.497,-39.961],[89.338,-40.443],[89.177,-40.925],[89.014,-41.406],[88.848,-41.887],[88.68,-42.369],[88.509,-42.849],[88.335,-43.33],[88.159,-43.81],[87.979,-44.29],[87.797,-44.77],[87.145,-44.743],[86.493,-44.712],[85.842,-44.677],[85.191,-44.639],[84.542,-44.597],[84.135,-44.952],[83.724,-45.306],[83.307,-45.659],[82.885,-46.01],[82.457,-46.359],[82.024,-46.707],[81.586,-47.053],[81.142,-47.398],[80.537,-47.326],[79.933,-47.251],[79.331,-47.173],[78.731,-47.092],[78.577,-47.487],[78.421,-47.882],[78.262,-48.276],[78.101,-48.671],[77.56,-48.664],[77.02,-48.656],[76.48,-48.645],[76.24,-49.046],[75.996,-49.447],[75.748,-49.848],[75.496,-50.247],[75.24,-50.647],[74.98,-51.045],[74.282,-50.905],[73.589,-50.761],[72.9,-50.613],[72.215,-50.461],[71.535,-50.304],[70.859,-50.144],[70.188,-49.98],[70.07,-50.12]]}},{"type":"Feature","properties":{"boundary_type":"ridge","feature_type":"gpml:MidOceanRidge","polarity":null,"overriding_plate_id":null,"subducting_plate_id":null,"plate_ids":[501,802],"name":"MOR India Australia A Gibbons 2012"},"geometry":{"type":"LineString","coordinates":[[70.07,-50.12],[69.704,-50.546],[69.332,-50.971],[68.953,-51.394],[68.566,-51.817],[68.173,-52.238],[67.772,-52.658],[67.363,-53.077],[66.946,-53.494],[66.521,-53.91],[66.088,-54.324],[65.645,-54.736],[65.194,-55.147],[64.806,-55.515]]}},{"type":"Feature","properties":{"boundary_type":"subduction","feature_type":"gpml:SubductionZone","polarity":"Right","overriding_plate_id":101,"subducting_plate_id":918,"plate_ids":[101,918],"name":"Alaska Subduction GS"},"geometry":{"type":"LineString","coordinates":[[-94.637,74.734],[-96.397,74.715],[-98.151,74.681],[-99.895,74.635],[-101.623,74.711],[-103.367,74.774],[-105.123,74.823],[-106.889,74.859],[-108.662,74.881],[-110.438,74.889],[-112.214,74.883],[-113.987,74.864],[-115.754,74.831],[-117.512,74.783],[-119.258,74.723],[-120.547,74.789],[-121.847,74.848]]}},{"type":"Feature","properties":{"boundary_type":"subduction","feature_type":"gpml:SubductionZone","polarity":"Right","overriding_plate_id":101,"subducting_plate_id":926,"plate_ids":[101,926],"name":"Alaska Subduction GS"},"geometry":{"type":"LineString","coordinates":[[-121.847,74.848],[-123.376,74.907],[-124.915,74.956],[-126.464,74.995],[-128.019,75.023],[-129.549,75.214],[-131.117,75.395],[-132.722,75.565],[-134.364,75.725],[-136.04,75.872],[-137.75,76.008],[-139.491,76.131],[-140.846,76.322]]}},{"type":"Feature","properties":{"boundary_type":"subduction","feature_type":"gpml:SubductionZone","polarity":"Right","overriding_plate_id":409,"subducting_plate_id":926,"plate_ids":[409,926],"name":"Alaska Subduction GS"},"geometry":{"type":"LineString","coordinates":[[-140.846,76.322],[-142.598,76.551],[-144.408,76.767],[-146.275,76.97],[-148.198,77.159],[-150.175,77.334],[-152.205,77.494],[-154.398,77.649],[-156.643,77.787],[-158.935,77.906],[-161.269,78.006],[-163.637,78.086],[-165.864,78.087],[-168.089,78.071],[-170.304,78.037],[-172.504,77.986],[-174.683,77.918],[-176.834,77.834],[-178.705,77.658],[179.478,77.47],[177.716,77.27],[176.008,77.058],[174.356,76.836],[172.759,76.604],[171.217,76.362]]}},{"type":"Feature","properties":{"boundary_type":"other","feature_type":"gpml:Fault","polarity":null,"overriding_plate_id":null,"subducting_plate_id":null,"plate_ids":[101,409],"name":"Alaska"},"geometry":{"type":"LineString","coordinates":[[-140.846,76.322],[-141.185,76.796],[-141.549,77.268],[-141.941,77.741],[-142.364,78.212],[-142.821,78.683],[-143.317,79.153],[-143.858,79.623],[-145.901,79.943],[-148.074,80.25],[-150.382,80.542],[-152.833,80.818],[-155.429,81.077],[-158.173,81.316],[-161.065,81.535],[-163.617,81.687],[-166.257,81.822],[-168.98,81.939],[-171.776,82.038],[-174.635,82.118],[-178.103,82.139],[178.423,82.132],[174.968,82.096],[171.556,82.033],[168.209,81.941],[164.947,81.824],[161.787,81.681],[158.886,81.551],[156.079,81.401],[153.374,81.231],[150.777,81.042],[148.29,80.837],[145.916,80.615],[143.654,80.378],[141.502,80.127],[138.899,80.015],[136.358,79.883],[133.887,79.733],[131.49,79.564],[129.172,79.378],[126.937,79.175],[124.786,78.957],[122.331,78.855],[119.924,78.734],[117.572,78.593],[115.279,78.435],[113.052,78.258],[110.892,78.066],[108.803,77.857],[106.786,77.633],[105.111,77.345],[103.51,77.048]]}},{"type":"Feature","properties":{"boundary_type":"subduction","feature_type":"gpml:SubductionZone","polarity":"Left","overriding_plate_id":301,"subducting_plate_id":926,"plate_ids":[301,926],"name":"OCVB Subduction Zone GS (DNSC, Layer et al., 2001)"},"geometry":{"type":"LineString","coordinates":[[143.012,59.469],[143.6,59.815],[144.199,60.158],[144.812,60.498],[145.437,60.835],[146.076,61.17],[146.729,61.501],[147.395,61.829],[148.076,62.153],[148.771,62.475],[149.481,62.793],[150.057,63.16],[150.648,63.525],[151.254,63.888],[151.876,64.248],[152.515,64.606]]}},{"type":"Feature","properties":{"boundary_type":"subduction","feature_type":"gpml:SubductionZone","polarity":"Left","overriding_plate_id":409,"subducting_plate_id":926,"plate_ids":[409,926],"name":"OCVB Subduction Zone GS (DNSC, Layer et al., 2001)"},"geometry":{"type":"LineString","coordinates":[[152.515,64.606],[153.01,64.875],[153.515,65.142],[154.03,65.408],[154.519,65.833],[155.025,66.257],[155.547,66.679],[156.088,67.1],[156.648,67.518],[157.228,67.935],[157.829,68.349],[158.452,68.761],[159.054,69.155],[159.678,69.547],[160.325,69.937],[160.996,70.324],[161.694,70.709],[162.418,71.091],[162.711,71.457],[163.016,71.822],[163.372,72.268],[163.746,72.713],[164.14,73.158],[164.786,73.58],[165.466,74.001],[166.182,74.419],[166.935,74.835],[167.731,75.248],[168.834,75.625],[169.995,75.996],[171.217,76.362]]}},{"type":"Feature","properties":{"boundary_type":"ridge","feature_type":"gpml:MidOceanRidge","polarity":null,"overriding_plate_id":null,"subducting_plate_id":null,"plate_ids":[901,926],"name":"IZA-PAC MOR"},"geometry":{"type":"LineString","coordinates":[[152.083,11.811],[152.078,11.808],[152.273,11.378],[152.466,10.949],[152.659,10.519],[152.852,10.089],[153.043,9.659],[153.235,9.229],[153.426,8.799],[153.616,8.369],[153.806,7.939],[153.996,7.508],[154.112,7.088],[154.228,6.668],[154.343,6.248],[154.458,5.828],[154.573,5.408],[154.688,4.988],[154.803,4.568]]}},{"type":"Feature","properties":{"boundary_type":"ridge","feature_type":"gpml:MidOceanRidge","polarity":null,"overriding_plate_id":null,"subducting_plate_id":null,"plate_ids":[901,926],"name":"IZA-PAC MOR"},"geometry":{"type":"LineString","coordinates":[[157.763,14.939],[157.775,14.957],[157.332,14.72],[156.89,14.482],[156.449,14.243],[156.009,14.004],[155.57,13.763],[155.131,13.522],[154.694,13.28],[154.257,13.038],[153.822,12.794],[153.387,12.55],[152.953,12.306],[152.519,12.06],[152.087,11.814],[152.083,11.811]]}},{"type":"Feature","properties":{"boundary_type":"ridge","feature_type":"gpml:MidOceanRidge","polarity":null,"overriding_plate_id":null,"subducting_plate_id":null,"plate_ids":[901,926],"name":"IZA-PAC MOR"},"geometry":{"type":"LineString","coordinates":[[164.028,24.302],[163.581,24.078],[163.136,23.852],[162.693,23.625],[162.251,23.397],[161.811,23.167],[161.372,22.937],[160.935,22.705],[160.499,22.472],[160.065,22.237],[159.632,22.002],[159.201,21.765],[158.771,21.528],[158.342,21.289],[158.589,20.865],[158.834,20.442],[159.078,20.017],[159.321,19.593],[159.562,19.168],[159.802,18.743],[160.041,18.317],[160.279,17.892],[160.515,17.466],[160.751,17.039],[160.985,16.613],[160.578,16.404],[160.172,16.194],[159.766,15.984],[159.362,15.773],[158.958,15.561],[158.555,15.348],[158.153,15.135],[157.751,14.921],[157.763,14.939]]}},{"type":"Feature","properties":{"boundary_type":"ridge","feature_type":"gpml:MidOceanRidge","polarity":null,"overriding_plate_id":null,"subducting_plate_id":null,"plate_ids":[201,802],"name":"Weddell Sea"},"geometry":{"type":"LineString","coordinates":[[-25.548,-64.982],[-25.714,-65.026],[-26.331,-65.069],[-27.431,-65.23],[-27.891,-65.243],[-28.271,-65.219],[-29.109,-65.22],[-29.483,-65.244],[-30.525,-65.362],[-31.575,-65.473],[-32.485,-65.532],[-33.398,-65.587],[-34.279,-65.627],[-35.162,-65.662],[-36.048,-65.692],[-37.096,-65.702],[-38.145,-65.705],[-38.799,-65.745],[-39.698,-65.735],[-40.536,-65.731],[-41.374,-65.723],[-42.032,-65.696],[-42.689,-65.666],[-43.707,-65.622],[-44.265,-65.699],[-45.121,-65.588],[-45.69,-65.516],[-46.276,-65.44],[-46.859,-65.362],[-47.791,-65.189],[-48.314,-65.128],[-49.149,-65.082],[-49.62,-64.95],[-50.12,-64.803],[-50.615,-64.655],[-51.224,-64.417],[-51.822,-64.177],[-52.41,-63.935],[-53.237,-63.6],[-53.925,-63.276],[-54.598,-62.948],[-55.256,-62.618],[-55.899,-62.284],[-56.528,-61.947]]}},{"type":"Feature","properties":{"boundary_type":"subduction","feature_type":"gpml:SubductionZone","polarity":"Left","overriding_plate_id":301,"subducting_plate_id":926,"plate_ids":[301,926],"name":"North Borneo subduction"},"geometry":{"type":"LineString","coordinates":[[129.05,-1.149],[128.559,-1.098],[128.068,-1.047],[127.632,-1.065],[127.195,-1.084],[126.759,-1.103],[126.323,-1.122],[125.887,-1.14],[125.451,-1.159],[125.014,-1.177],[124.578,-0.939],[124.142,-0.701],[123.705,-0.463],[123.269,-0.225],[122.833,0.013],[122.606,0.457],[122.38,0.9],[122.153,1.344],[122.047,1.778],[121.94,2.213],[121.834,2.647],[121.828,3.005],[121.821,3.364],[121.75,3.843],[121.679,4.323],[121.608,4.803],[121.537,5.282],[121.368,5.715],[121.199,6.148],[121.03,6.58]]}},{"type":"Feature","properties":{"boundary_type":"subduction","feature_type":"gpml:SubductionZone","polarity":"Left","overriding_plate_id":301,"subducting_plate_id":926,"plate_ids":[301,926],"name":"Proto South China Sea opening"},"geometry":{"type":"LineString","coordinates":[[121.03,6.58],[121.22,6.989],[121.41,7.399],[121.601,7.808],[121.792,8.217],[121.984,8.626],[122.175,9.035],[122.368,9.444],[122.56,9.853],[122.626,10.269],[122.692,10.686],[122.758,11.102],[122.825,11.519],[122.891,11.935],[122.958,12.352],[123.057,12.823],[123.157,13.294],[123.256,13.766],[123.356,14.237],[123.457,14.708],[123.558,15.179],[123.634,15.646],[123.71,16.113],[123.787,16.58],[123.864,17.047],[124.087,17.345]]}},{"type":"Feature","properties":{"boundary_type":"subduction","feature_type":"gpml:SubductionZone","polarity":"Left","overriding_plate_id":787,"subducting_plate_id":501,"plate_ids":[501,787],"name":"Sunda Jurassic-Cretaceous subduction"},"geometry":{"type":"LineString","coordinates":[[113.626,-3.752],[113.895,-3.965],[114.164,-4.177],[114.433,-4.39],[114.803,-4.621],[115.173,-4.853],[115.543,-5.084],[115.914,-5.315]]}},{"type":"Feature","properties":{"boundary_type":"subduction","feature_type":"gpml:SubductionZone","polarity":"Left","overriding_plate_id":301,"subducting_plate_id":501,"plate_ids":[301,501],"name":"Sunda Jurassic-Cretaceous subduction"},"geometry":{"type":"LineString","coordinates":[[115.914,-5.315],[116.298,-5.554],[116.683,-5.793],[117.069,-6.032],[117.455,-6.27],[117.841,-6.509],[118.227,-6.747],[118.614,-6.989],[119.001,-7.231],[119.388,-7.473],[119.776,-7.715],[120.164,-7.956],[120.553,-8.196],[120.943,-8.437],[121.332,-8.677],[121.792,-8.554],[122.25,-8.43],[122.709,-8.306],[123.167,-8.182],[123.625,-8.057],[124.083,-7.931],[124.453,-7.618],[124.823,-7.304],[125.192,-6.99],[125.56,-6.676],[125.928,-6.362],[126.296,-6.047],[126.663,-5.732],[127.03,-5.417],[127.396,-5.102],[127.762,-4.786],[128.128,-4.471],[128.493,-4.155],[128.858,-3.839],[129.223,-3.522],[129.587,-3.206],[129.951,-2.889]]}},{"type":"Feature","properties":{"boundary_type":"transform","feature_type":"gpml:Transform","polarity":null,"overriding_plate_id":null,"subducting_plate_id":null,"plate_ids":[501,787],"name":"Proto Andaman transform"},"geometry":{"type":"LineString","coordinates":[[92.857,3.018],[93.058,3.471],[93.258,3.923],[93.459,4.375],[93.66,4.827],[93.861,5.279],[94.063,5.731]]}},{"type":"Feature","properties":{"boundary_type":"transform","feature_type":"gpml:Transform","polarity":null,"overriding_plate_id":null,"subducting_plate_id":null,"plate_ids":[529,787],"name":"Proto Andaman transform"},"geometry":{"type":"LineString","coordinates":[[94.063,5.731],[94.238,6.124],[94.414,6.516],[94.589,6.908],[94.766,7.359],[94.943,7.81],[95.12,8.261],[95.297,8.712],[95.475,9.163],[95.654,9.614],[95.833,10.064],[96.012,10.515],[96.192,10.965],[96.373,11.415],[96.505,11.747],[96.637,12.079],[96.77,12.411]]}},{"type":"Feature","properties":{"boundary_type":"transform","feature_type":"gpml:Transform","polarity":null,"overriding_plate_id":null,"subducting_plate_id":null,"plate_ids":[301,787],"name":"Proto Andaman transform"},"geometry":{"type":"LineString","coordinates":[[96.77,12.411],[96.912,12.766],[97.055,13.12],[97.198,13.475],[97.341,13.83]]}},{"type":"Feature","properties":{"boundary_type":"subduction","feature_type":"gpml:SubductionZone","polarity":"Left","overriding_plate_id":529,"subducting_plate_id":501,"plate_ids":[501,529],"name":"Kohistan instra-oceanic subduction"},"geometry":{"type":"LineString","coordinates":[[62.866,3.228],[63.314,3.056],[63.763,2.883],[64.212,2.71],[64.66,2.537],[65.108,2.364],[65.556,2.191],[66.005,2.018],[66.382,1.843],[66.759,1.668],[67.136,1.493],[67.513,1.318],[67.89,1.143],[68.286,0.979],[68.682,0.814],[69.078,0.65],[69.474,0.485],[69.87,0.321],[70.318,0.174],[70.767,0.028],[71.215,-0.119],[71.664,-0.265],[72.113,-0.411],[72.561,-0.558],[73.01,-0.704],[73.458,-0.851],[73.907,-0.997],[74.356,-1.143],[74.814,-1.192],[75.273,-1.24],[75.731,-1.288],[76.189,-1.336],[76.648,-1.385],[77.106,-1.433],[77.565,-1.481],[78.025,-1.499],[78.485,-1.516],[78.945,-1.534],[79.406,-1.552],[79.866,-1.569],[80.326,-1.587],[80.767,-1.486],[81.208,-1.386],[81.649,-1.285],[82.089,-1.184],[82.53,-1.083],[82.968,-0.952],[83.406,-0.82],[83.844,-0.688],[84.283,-0.556],[84.721,-0.424],[85.159,-0.293],[85.597,-0.161],[85.97,0.033],[86.343,0.227],[86.716,0.421],[87.089,0.615],[87.462,0.809],[87.835,1.003],[88.196,1.235],[88.557,1.467],[88.918,1.699],[89.279,1.931],[89.64,2.162],[90.001,2.394],[90.353,2.684],[90.705,2.974],[91.057,3.264],[91.409,3.554],[91.762,3.843],[92.115,4.132],[92.468,4.422],[92.821,4.711],[93.131,4.966],[93.442,5.221],[93.752,5.476],[94.063,5.731]]}},{"type":"Feature","properties":{"boundary_type":"subduction","feature_type":"gpml:SubductionZone","polarity":"Right","overriding_plate_id":301,"subducting_plate_id":529,"plate_ids":[301,529],"name":"Subduction zone to close the Tethyan/Lhasa back-arc basin, southward jump after accretion"},"geometry":{"type":"LineString","coordinates":[[96.77,12.411],[96.41,12.508],[96.006,12.689],[95.601,12.869],[95.195,13.048],[94.789,13.227],[94.382,13.405],[93.975,13.583],[93.681,13.767],[93.386,13.952],[93.019,14.016],[92.653,14.08],[92.228,14.005],[91.804,13.93],[91.38,13.855],[90.956,13.778],[90.533,13.701],[90.109,13.623],[89.657,13.591],[89.204,13.559],[88.752,13.525],[88.299,13.491],[87.847,13.456],[87.395,13.42],[86.904,13.526],[86.412,13.63],[85.92,13.733],[85.427,13.836],[84.934,13.937],[84.441,14.038],[83.947,14.137],[83.453,14.236],[83.034,14.446],[82.615,14.656],[82.195,14.865],[81.775,15.073],[81.353,15.28],[80.931,15.486],[80.507,15.692],[80.083,15.897],[79.658,16.101],[79.233,16.304],[78.937,16.625],[78.64,16.946],[78.343,17.266],[78.044,17.585],[77.744,17.904],[77.319,18.133],[76.892,18.36],[76.464,18.587],[76.035,18.812],[75.605,19.036],[75.174,19.26],[74.742,19.482],[74.308,19.704],[73.873,19.924],[73.487,20.138],[73.1,20.351],[72.712,20.564],[72.323,20.775],[71.933,20.986]]}},{"type":"Feature","properties":{"boundary_type":"subduction","feature_type":"gpml:SubductionZone","polarity":"Left","overriding_plate_id":301,"subducting_plate_id":787,"plate_ids":[301,787],"name":"Woyla and Proto Andaman Sea Subduction"},"geometry":{"type":"LineString","coordinates":[[97.341,13.83],[97.764,13.621],[98.185,13.41],[98.47,13.034],[98.754,12.657],[99.037,12.28],[99.32,11.903],[99.601,11.525],[99.882,11.147],[100.162,10.769],[100.441,10.39],[100.72,10.011],[101.039,9.635],[101.357,9.258],[101.675,8.88],[101.992,8.503],[102.308,8.125],[102.624,7.747],[102.939,7.369],[103.254,6.99],[103.568,6.611],[103.814,6.251],[104.059,5.89],[104.458,5.605],[104.856,5.321],[105.254,5.036]]}},{"type":"Feature","properties":{"boundary_type":"subduction","feature_type":"gpml:SubductionZone","polarity":"Left","overriding_plate_id":301,"subducting_plate_id":787,"plate_ids":[301,787],"name":"Woyla and Proto Andaman Sea Subduction"},"geometry":{"type":"LineString","coordinates":[[105.254,5.036],[105.586,4.902],[105.918,4.769],[106.34,4.576],[106.762,4.382],[107.184,4.188],[107.606,3.994],[108.027,3.8],[108.449,3.606],[108.87,3.411],[109.21,3.199],[109.551,2.986],[109.891,2.773],[110.231,2.56],[110.571,2.347],[110.957,2.139],[111.344,1.93],[111.73,1.722],[112.116,1.513],[112.502,1.305],[112.888,1.096],[113.274,0.887],[113.659,0.678],[113.998,0.359],[114.336,0.04],[114.675,-0.28],[115.013,-0.599],[115.352,-0.918],[115.691,-1.237],[115.905,-1.609],[116.12,-1.981],[116.335,-2.353],[116.549,-2.725],[116.764,-3.097],[116.941,-3.495]]}},{"type":"Feature","properties":{"boundary_type":"transform","feature_type":"gpml:Transform","polarity":null,"overriding_plate_id":null,"subducting_plate_id":null,"plate_ids":[732,926],"name":"Tethys-Izanagi Transform"},"geometry":{"type":"LineString","coordinates":[[144.261,2.809],[144.429,2.431],[144.597,2.053]]}},{"type":"Feature","properties":{"boundary_type":"transform","feature_type":"gpml:Transform","polarity":null,"overriding_plate_id":null,"subducting_plate_id":null,"plate_ids":[678,732],"name":"Tethys-Izanagi Transform"},"geometry":{"type":"LineString","coordinates":[[144.597,2.053],[144.798,1.601],[144.999,1.148],[145.2,0.696],[145.401,0.244],[145.602,-0.208],[145.745,-0.685],[145.889,-1.161],[146.033,-1.637],[146.177,-2.113],[146.321,-2.59],[146.465,-3.066],[146.609,-3.542],[146.753,-4.018],[146.897,-4.494],[147.042,-4.971],[147.187,-5.447],[147.384,-5.894],[147.582,-6.341],[147.78,-6.788],[147.979,-7.235],[148.178,-7.682],[148.377,-8.129],[148.577,-8.576],[148.777,-9.022],[148.978,-9.469],[149.099,-9.813],[149.221,-10.157],[149.342,-10.501]]}},{"type":"Feature","properties":{"boundary_type":"subduction","feature_type":"gpml:SubductionZone","polarity":"Right","overriding_plate_id":901,"subducting_plate_id":780,"plate_ids":[780,901],"name":"Proto Molucca Plate subduction"},"geometry":{"type":"LineString","coordinates":[[154.329,-27.548],[154.129,-27.399]]}},{"type":"Feature","properties":{"boundary_type":"subduction","feature_type":"gpml:SubductionZone","polarity":"Right","overriding_plate_id":678,"subducting_plate_id":780,"plate_ids":[678,780],"name":"Proto Molucca Plate subduction"},"geometry":{"type":"LineString","coordinates":[[154.129,-27.399],[153.812,-27.16],[153.582,-26.714],[153.354,-26.268],[153.128,-25.822],[152.904,-25.375],[152.915,-24.954],[152.926,-24.533],[152.937,-24.112],[152.947,-23.691],[152.958,-23.269],[152.917,-22.78],[152.876,-22.291],[152.836,-21.801],[152.795,-21.312],[152.755,-20.822],[152.697,-20.342],[152.639,-19.861],[152.582,-19.38],[152.525,-18.899],[152.468,-18.418],[152.411,-17.937],[152.355,-17.457],[152.299,-16.976],[152.154,-16.506],[152.01,-16.035],[151.867,-15.565],[151.724,-15.095],[151.582,-14.625],[151.44,-14.154],[151.299,-13.684],[151.112,-13.296],[150.925,-12.909],[150.74,-12.522],[150.554,-12.134],[150.369,-11.747],[150.112,-11.436],[149.855,-11.124],[149.598,-10.813],[149.342,-10.501]]}},{"type":"Feature","properties":{"boundary_type":"subduction","feature_type":"gpml:SubductionZone","polarity":"Right","overriding_plate_id":732,"subducting_plate_id":780,"plate_ids":[732,780],"name":"Proto Molucca Plate subduction"},"geometry":{"type":"LineString","coordinates":[[149.342,-10.501],[149.056,-10.151],[148.77,-9.802],[148.485,-9.451],[148.253,-9.057],[148.021,-8.662]]}},{"type":"Feature","properties":{"boundary_type":"ridge","feature_type":"gpml:MidOceanRidge","polarity":null,"overriding_plate_id":null,"subducting_plate_id":null,"plate_ids":[901,926],"name":"IZA-PSP"},"geometry":{"type":"LineString","coordinates":[[154.803,4.568],[154.481,4.197],[154.16,3.826],[153.839,3.454],[153.519,3.082],[153.198,2.711],[152.878,2.339],[152.558,1.967],[152.238,1.595],[151.918,1.223],[151.599,0.851],[151.279,0.479],[150.959,0.107]]}},{"type":"Feature","properties":{"boundary_type":"ridge","feature_type":"gpml:MidOceanRidge","polarity":null,"overriding_plate_id":null,"subducting_plate_id":null,"plate_ids":[678,926],"name":"IZA-PSP"},"geometry":{"type":"LineString","coordinates":[[144.597,2.053],[145.051,1.921],[145.504,1.789],[145.957,1.656],[146.41,1.524],[146.864,1.392],[147.317,1.259],[147.77,1.127],[148.223,0.994],[148.676,0.861],[149.129,0.729],[149.582,0.596],[150.035,0.463],[150.487,0.33],[150.94,0.197]]}},{"type":"Feature","properties":{"boundary_type":"ridge","feature_type":"gpml:MidOceanRidge","polarity":null,"overriding_plate_id":null,"subducting_plate_id":null,"plate_ids":[732,926],"name":"Molucca-Izanagi"},"geometry":{"type":"LineString","coordinates":[[132.637,-3.826],[133.019,-3.631],[133.401,-3.437],[133.784,-3.242],[134.165,-3.047],[134.547,-2.853],[134.909,-2.589],[135.271,-2.325],[135.633,-2.061],[135.995,-1.797],[136.356,-1.533],[136.718,-1.269],[137.079,-1.005],[137.441,-0.741],[137.802,-0.477],[138.202,-0.18],[138.603,0.118],[139.003,0.415],[139.403,0.713],[139.804,1.01],[140.204,1.307],[140.582,1.006],[140.961,0.704],[141.37,0.964],[141.779,1.225],[142.188,1.485],[142.597,1.745],[143.007,2.005],[143.425,2.274],[143.842,2.541],[144.261,2.809]]}},{"type":"Feature","properties":{"boundary_type":"ridge","feature_type":"gpml:MidOceanRidge","polarity":null,"overriding_plate_id":null,"subducting_plate_id":null,"plate_ids":[678,926],"name":"Philippine Cretaceous MOR"},"geometry":{"type":"LineString","coordinates":[[150.94,0.197],[150.959,0.107]]}},{"type":"Feature","properties":{"boundary_type":"ridge","feature_type":"gpml:MidOceanRidge","polarity":null,"overriding_plate_id":null,"subducting_plate_id":null,"plate_ids":[678,901],"name":"Philippine Cretaceous MOR"},"geometry":{"type":"LineString","coordinates":[[150.959,0.107],[151.05,-0.321],[151.141,-0.749],[151.232,-1.178],[151.323,-1.606],[151.757,-1.464],[152.191,-1.322],[152.625,-1.18],[153.059,-1.038],[153.42,-0.919],[153.78,-0.801],[154.141,-0.682],[154.213,-1.156],[154.286,-1.63],[154.358,-2.104],[154.43,-2.578],[154.503,-3.052],[154.575,-3.526],[154.648,-4.0],[154.72,-4.474],[154.793,-4.948],[154.866,-5.421],[154.939,-5.895],[155.012,-6.369],[155.085,-6.843],[155.538,-6.725],[155.551,-7.21],[155.563,-7.695],[155.576,-8.181],[155.589,-8.666],[155.601,-9.152],[155.614,-9.637],[155.627,-10.123],[155.64,-10.608],[155.652,-11.094],[155.665,-11.579],[155.678,-12.065],[155.691,-12.55],[155.704,-13.035],[155.717,-13.521],[155.73,-14.006],[155.743,-14.492],[155.757,-14.977],[155.77,-15.463],[155.783,-15.948],[155.797,-16.434],[155.81,-16.919],[155.827,-17.31],[155.844,-17.701],[155.862,-18.092],[155.879,-18.483],[155.949,-18.972],[156.019,-19.461],[156.089,-19.95],[156.16,-20.439],[156.232,-20.928],[156.304,-21.417],[156.376,-21.907],[156.449,-22.396],[156.522,-22.884],[156.596,-23.373],[156.908,-23.774],[157.222,-24.175]]}},{"type":"Feature","properties":{"boundary_type":"transform","feature_type":"gpml:Transform","polarity":null,"overriding_plate_id":null,"subducting_plate_id":null,"plate_ids":[801],"name":"Proto Philippine transform"},"geometry":{"type":"LineString","coordinates":[[149.371,-31.905],[149.424,-31.873]]}},{"type":"Feature","properties":{"boundary_type":"transform","feature_type":"gpml:Transform","polarity":null,"overriding_plate_id":null,"subducting_plate_id":null,"plate_ids":[678,901],"name":"Proto Philippine transform"},"geometry":{"type":"LineString","coordinates":[[154.129,-27.399],[154.455,-27.055],[154.778,-26.712],[155.1,-26.367],[155.459,-26.004],[155.816,-25.64],[156.17,-25.275],[156.523,-24.909],[156.873,-24.542],[157.222,-24.175]]}},{"type":"Feature","properties":{"boundary_type":"ridge","feature_type":"gpml:MidOceanRidge","polarity":null,"overriding_plate_id":null,"subducting_plate_id":null,"plate_ids":[501,780],"name":"MOR India Australia A Gibbons 2012"},"geometry":{"type":"LineString","coordinates":[[128.608,-5.047],[128.67,-5.536],[128.733,-6.025],[128.796,-6.515],[128.859,-7.004],[128.922,-7.493],[128.985,-7.982],[129.048,-8.471],[129.111,-8.96],[129.175,-9.449],[129.239,-9.938],[129.302,-10.427],[129.367,-10.916],[129.431,-11.405],[129.496,-11.894],[129.077,-11.959],[128.658,-12.024],[128.239,-12.088],[127.82,-12.152],[127.401,-12.214]]}},{"type":"Feature","properties":{"boundary_type":"ridge","feature_type":"gpml:MidOceanRidge","polarity":null,"overriding_plate_id":null,"subducting_plate_id":null,"plate_ids":[501,801],"name":"MOR India Australia A Gibbons 2012"},"geometry":{"type":"LineString","coordinates":[[127.401,-12.214],[126.924,-12.285],[126.447,-12.355],[125.97,-12.424],[125.493,-12.492],[125.015,-12.559],[124.537,-12.626],[124.059,-12.691],[124.111,-13.115],[124.163,-13.538],[124.216,-13.962],[124.268,-14.385],[124.321,-14.809],[123.866,-14.872],[123.411,-14.935],[122.955,-14.997]]}},{"type":"Feature","properties":{"boundary_type":"transform","feature_type":"gpml:Transform","polarity":null,"overriding_plate_id":null,"subducting_plate_id":null,"plate_ids":[780,801],"name":"PNG transform"},"geometry":{"type":"LineString","coordinates":[[136.967,-30.286],[136.741,-29.871],[136.517,-29.456],[136.295,-29.04],[136.075,-28.624],[135.857,-28.208],[135.565,-27.811],[135.275,-27.414],[134.987,-27.016],[134.701,-26.618],[134.418,-26.219],[134.136,-25.819],[133.856,-25.419],[133.578,-25.019],[133.302,-24.618],[133.027,-24.216],[132.773,-23.82],[132.521,-23.424],[132.27,-23.027],[132.02,-22.63],[131.772,-22.233],[131.525,-21.835],[131.28,-21.437],[131.036,-21.038],[130.793,-20.639],[130.551,-20.24],[130.287,-19.812],[130.024,-19.384],[129.763,-18.955],[129.503,-18.526],[129.244,-18.097],[128.986,-17.667],[128.73,-17.237],[128.474,-16.807],[128.22,-16.376],[128.128,-15.914],[128.036,-15.451],[127.944,-14.989],[127.852,-14.527],[127.761,-14.064],[127.671,-13.602],[127.58,-13.139],[127.49,-12.677],[127.401,-12.214]]}},{"type":"Feature","properties":{"boundary_type":"subduction","feature_type":"gpml:SubductionZone","polarity":"Left","overriding_plate_id":926,"subducting_plate_id":780,"plate_ids":[780,926],"name":"Molucca subduction"},"geometry":{"type":"LineString","coordinates":[[132.426,-3.667],[132.637,-3.826]]}},{"type":"Feature","properties":{"boundary_type":"subduction","feature_type":"gpml:SubductionZone","polarity":"Left","overriding_plate_id":732,"subducting_plate_id":780,"plate_ids":[732,780],"name":"Molucca subduction"},"geometry":{"type":"LineString","coordinates":[[132.637,-3.826],[132.983,-4.085],[133.33,-4.345],[133.747,-4.473],[134.164,-4.601],[134.58,-4.728],[134.998,-4.856],[135.415,-4.983],[135.832,-5.109],[136.25,-5.236],[136.654,-5.515],[137.059,-5.795],[137.465,-6.073],[137.871,-6.352],[138.277,-6.63],[138.684,-6.908],[139.091,-7.186],[139.499,-7.463],[139.947,-7.514],[140.395,-7.565],[140.843,-7.616],[141.291,-7.666],[141.74,-7.716],[142.188,-7.765],[142.634,-7.808],[143.079,-7.85],[143.525,-7.892],[143.971,-7.933],[144.416,-7.974],[144.901,-7.93],[145.385,-7.885],[145.869,-7.84],[146.353,-7.794],[146.769,-8.012],[147.186,-8.229],[147.603,-8.446],[148.021,-8.662]]}},{"type":"Feature","properties":{"boundary_type":"other","feature_type":"gpml:ContinentalRift","polarity":null,"overriding_plate_id":null,"subducting_plate_id":null,"plate_ids":[780,801],"name":"Sepik rifting"},"geometry":{"type":"LineString","coordinates":[[136.967,-30.286],[137.486,-30.364],[138.006,-30.439],[138.527,-30.512],[139.049,-30.584],[139.524,-30.519],[139.998,-30.453],[140.471,-30.386],[140.828,-30.374],[141.185,-30.362],[141.635,-30.442],[142.087,-30.521],[142.539,-30.598],[143.069,-30.686],[143.6,-30.771],[144.132,-30.855],[144.666,-30.937],[145.2,-31.016],[145.669,-31.05],[146.139,-31.082],[146.61,-31.113],[147.08,-31.142],[147.551,-31.169],[147.982,-31.316],[148.413,-31.462],[148.847,-31.606],[149.281,-31.749],[149.392,-31.845]]}},{"type":"Feature","properties":{"boundary_type":"other","feature_type":"gpml:ContinentalRift","polarity":null,"overriding_plate_id":null,"subducting_plate_id":null,"plate_ids":[801],"name":"Sepik rifting"},"geometry":{"type":"LineString","coordinates":[[149.392,-31.845],[149.424,-31.873]]}},{"type":"Feature","properties":{"boundary_type":"ridge","feature_type":"gpml:MidOceanRidge","polarity":null,"overriding_plate_id":null,"subducting_plate_id":null,"plate_ids":[101,301],"name":"Ridge from iso A25 from NAM 55.9Ma"},"geometry":{"type":"LineString","coordinates":[[0.268,68.109],[-0.955,68.183],[-2.186,68.248],[-3.423,68.303],[-4.666,68.35],[-5.914,68.387],[-6.181,67.961],[-6.439,67.536],[-6.688,67.109],[-6.928,66.683],[-7.16,66.256],[-7.384,65.829],[-7.485,65.336],[-7.582,64.842],[-7.676,64.349],[-7.534,63.878],[-7.396,63.407],[-7.263,62.936],[-7.135,62.465],[-7.294,62.072],[-7.449,61.678],[-7.6,61.285],[-7.748,60.891],[-7.892,60.497],[-8.008,60.043],[-8.121,59.59],[-8.231,59.136],[-8.338,58.682],[-8.638,58.302],[-8.931,57.921],[-9.218,57.54],[-9.499,57.158],[-9.645,56.804],[-9.789,56.451],[-9.93,56.097],[-10.379,55.78],[-10.821,55.461],[-11.255,55.14],[-11.545,54.783],[-11.829,54.424],[-12.109,54.065],[-12.194,53.672],[-12.278,53.278],[-12.361,52.885],[-12.266,52.587],[-12.173,52.289],[-12.274,51.848],[-12.374,51.407],[-12.372,50.982],[-12.371,50.558],[-12.369,50.134],[-12.181,49.679],[-11.997,49.224],[-11.863,48.737],[-11.731,48.25],[-11.736,47.853],[-11.741,47.457],[-11.39,47.15],[-11.133,46.782],[-10.639,46.614],[-10.148,46.443],[-9.661,46.271],[-9.181,45.949]]}},{"type":"Feature","properties":{"boundary_type":"ridge","feature_type":"gpml:MidOceanRidge","polarity":null,"overriding_plate_id":null,"subducting_plate_id":null,"plate_ids":[801,901],"name":"Australia-Antarctica Rift SEIR 1 DiCaprio"},"geometry":{"type":"LineString","coordinates":[[-163.002,-70.444],[-163.751,-70.792],[-164.526,-71.138],[-165.329,-71.48],[-166.16,-71.818],[-167.318,-72.079],[-168.507,-72.332],[-169.73,-72.578],[-171.022,-72.344],[-172.281,-72.102]]}},{"type":"Feature","properties":{"boundary_type":"ridge","feature_type":"gpml:MidOceanRidge","polarity":null,"overriding_plate_id":null,"subducting_plate_id":null,"plate_ids":[801,802],"name":"Australia-Antarctica Rift SEIR 1 DiCaprio"},"geometry":{"type":"LineString","coordinates":[[-172.281,-72.102],[-173.479,-71.859],[-174.646,-71.608],[-175.782,-71.35],[-176.888,-71.085],[-178.132,-70.912],[-179.355,-70.73],[179.446,-70.541],[178.269,-70.344],[177.114,-70.139],[175.983,-69.927],[174.741,-69.758],[173.519,-69.581],[172.318,-69.396],[171.138,-69.202],[169.978,-69.001],[168.871,-68.77],[167.787,-68.532],[166.725,-68.288],[165.686,-68.037],[164.59,-67.858],[163.51,-67.673],[162.447,-67.48],[161.402,-67.281],[160.233,-67.157],[159.076,-67.025],[157.933,-66.885],[156.802,-66.736],[155.686,-66.58],[154.583,-66.415],[153.496,-66.243],[152.424,-66.064],[151.37,-65.943],[150.327,-65.815],[149.294,-65.68],[148.272,-65.538],[147.262,-65.389],[146.263,-65.233],[145.272,-65.06],[144.295,-64.88],[143.33,-64.694],[142.379,-64.501],[141.28,-64.394],[140.189,-64.279],[139.108,-64.155],[138.004,-64.149],[136.902,-64.134],[135.8,-64.111],[134.701,-64.079],[133.602,-64.106],[132.501,-64.124],[131.399,-64.134],[130.573,-64.258],[129.739,-64.376],[128.899,-64.49],[128.054,-64.581],[127.204,-64.668],[126.349,-64.749],[125.381,-64.8],[124.409,-64.845],[123.435,-64.883],[122.346,-64.986],[121.249,-65.08],[120.144,-65.167],[119.104,-65.252],[118.058,-65.33],[117.006,-65.4],[115.877,-65.528],[114.737,-65.648],[113.587,-65.68],[112.435,-65.703],[111.401,-65.632],[110.372,-65.553],[109.351,-65.468],[108.319,-65.317],[107.299,-65.158],[106.291,-64.993],[105.296,-64.821],[104.604,-64.447],[103.931,-64.071],[103.277,-63.691],[102.651,-63.467],[102.035,-63.239],[101.272,-63.109],[100.516,-62.975],[99.657,-63.004],[98.797,-63.028],[97.936,-63.047],[97.092,-62.92],[96.256,-62.789],[95.428,-62.652],[94.672,-62.44],[93.927,-62.224],[93.247,-62.049],[92.575,-61.87],[91.91,-61.688],[91.183,-61.339],[90.473,-60.987],[89.778,-60.631],[89.098,-60.271],[88.433,-59.908],[87.764,-59.54],[87.11,-59.17],[86.47,-58.796],[85.843,-58.419],[85.23,-58.039],[84.63,-57.656],[84.042,-57.271],[83.287,-57.024],[82.541,-56.774],[81.806,-56.518],[81.08,-56.259],[80.364,-55.995],[79.658,-55.727],[78.962,-55.455],[78.275,-55.18],[77.628,-54.86],[76.991,-54.537],[76.364,-54.211],[75.746,-53.881],[75.139,-53.549],[74.541,-53.213],[73.952,-52.875],[73.373,-52.533],[72.802,-52.189],[72.329,-51.849],[71.864,-51.506],[71.405,-51.162],[70.953,-50.816],[70.508,-50.469],[70.07,-50.12]]}},{"type":"Feature","properties":{"boundary_type":"transform","feature_type":"gpml:Transform","polarity":null,"overriding_plate_id":null,"subducting_plate_id":null,"plate_ids":[201,701],"name":"South America-Africa Transform"},"geometry":{"type":"LineString","coordinates":[[-11.565,-55.268],[-10.705,-55.269],[-9.845,-55.264],[-8.985,-55.253],[-8.126,-55.236],[-7.268,-55.213],[-6.411,-55.184],[-5.556,-55.148],[-4.702,-55.107],[-3.85,-55.06],[-3.0,-55.007],[-2.152,-54.948],[-1.307,-54.883],[-0.465,-54.813],[0.374,-54.736],[1.21,-54.654],[2.042,-54.566],[2.87,-54.472],[3.695,-54.373],[4.516,-54.268]]}},{"type":"Feature","properties":{"boundary_type":"subduction","feature_type":"gpml:SubductionZone","polarity":"Right","overriding_plate_id":841,"subducting_plate_id":901,"plate_ids":[841,901],"name":"West-dipping SZ that opens South Loyalty Basin"},"geometry":{"type":"LineString","coordinates":[[171.152,-33.577],[171.249,-33.658],[171.484,-33.86],[171.719,-34.06],[171.957,-34.214],[172.137,-34.508],[172.36,-34.899],[172.531,-35.336],[172.836,-35.681],[173.017,-36.084],[173.224,-36.413],[173.434,-36.742],[173.721,-36.974],[174.01,-37.206],[174.245,-37.487],[174.482,-37.767],[174.917,-38.115],[175.337,-38.35],[175.76,-38.583],[176.066,-38.728],[176.374,-38.872],[176.676,-39.064],[176.979,-39.255],[177.441,-39.545],[177.905,-39.773],[178.241,-40.0],[178.579,-40.226],[178.949,-40.407],[179.321,-40.587],[179.64,-40.772],[179.961,-40.956],[-179.728,-41.2],[-179.414,-41.443],[-178.993,-41.754],[-178.569,-42.063],[-178.184,-42.421],[-177.795,-42.777],[-177.539,-43.011],[-177.282,-43.244],[-177.048,-43.523],[-176.812,-43.802],[-176.502,-44.077],[-176.19,-44.351],[-175.982,-44.763],[-175.771,-45.175],[-175.78,-45.438],[-175.79,-45.702],[-175.94,-46.177],[-175.985,-46.442],[-176.031,-46.707],[-175.888,-47.181],[-175.743,-47.655],[-175.628,-47.999],[-175.511,-48.343],[-175.392,-48.687],[-175.334,-48.961],[-175.275,-49.236],[-175.17,-49.399],[-175.191,-49.566],[-175.164,-49.764],[-175.121,-49.956],[-175.071,-50.113],[-175.042,-50.383],[-175.191,-50.738],[-175.343,-51.093],[-175.497,-51.448]]}},{"type":"Feature","properties":{"boundary_type":"subduction","feature_type":"gpml:SubductionZone","polarity":"Right","overriding_plate_id":841,"subducting_plate_id":901,"plate_ids":[841,901],"name":"West-dipping SZ that opens South Loyalty Basin"},"geometry":{"type":"LineString","coordinates":[[-169.5,-55.64],[-169.468,-55.631],[-168.816,-55.503],[-167.954,-55.422],[-167.182,-55.306],[-166.393,-55.297],[-165.605,-55.284],[-165.123,-55.29],[-164.642,-55.294],[-163.798,-55.365],[-162.984,-55.467],[-162.463,-55.585],[-161.939,-55.702],[-161.251,-55.913],[-160.555,-56.121],[-159.966,-56.303],[-159.37,-56.482],[-158.861,-56.593],[-158.349,-56.703],[-157.856,-56.8],[-157.361,-56.894],[-156.75,-57.033]]}},{"type":"Feature","properties":{"boundary_type":"transform","feature_type":"gpml:Transform","polarity":null,"overriding_plate_id":null,"subducting_plate_id":null,"plate_ids":[780,836],"name":"Transform northeast of PNG to connect PSP to SWPAC"},"geometry":{"type":"LineString","coordinates":[[152.496,-33.268],[152.615,-32.92],[152.795,-32.47],[152.974,-32.021],[153.151,-31.57]]}},{"type":"Feature","properties":{"boundary_type":"transform","feature_type":"gpml:Transform","polarity":null,"overriding_plate_id":null,"subducting_plate_id":null,"plate_ids":[780,854],"name":"Transform northeast of PNG to connect PSP to SWPAC"},"geometry":{"type":"LineString","coordinates":[[153.151,-31.57],[153.315,-31.15],[153.478,-30.729],[153.655,-30.325],[153.831,-29.921],[154.006,-29.517],[154.179,-29.112],[154.351,-28.707],[154.346,-28.44],[154.341,-28.173]]}},{"type":"Feature","properties":{"boundary_type":"transform","feature_type":"gpml:Transform","polarity":null,"overriding_plate_id":null,"subducting_plate_id":null,"plate_ids":[780,901],"name":"Transform northeast of PNG to connect PSP to SWPAC"},"geometry":{"type":"LineString","coordinates":[[154.341,-28.173],[154.335,-27.861],[154.329,-27.548]]}},{"type":"Feature","properties":{"boundary_type":"transform","feature_type":"gpml:Transform","polarity":null,"overriding_plate_id":null,"subducting_plate_id":null,"plate_ids":[833,836],"name":"Transform boundary Mellish Rise region"},"geometry":{"type":"LineString","coordinates":[[164.924,-38.601],[165.231,-38.171]]}},{"type":"Feature","properties":{"boundary_type":"transform","feature_type":"gpml:Transform","polarity":null,"overriding_plate_id":null,"subducting_plate_id":null,"plate_ids":[833,836],"name":"Transform boundary Mellish Rise region"},"geometry":{"type":"LineString","coordinates":[[165.231,-38.171],[165.245,-38.152]]}},{"type":"Feature","properties":{"boundary_type":"transform","feature_type":"gpml:Transform","polarity":null,"overriding_plate_id":null,"subducting_plate_id":null,"plate_ids":[833,854],"name":"Transform boundary Mellish Rise region"},"geometry":{"type":"LineString","coordinates":[[165.245,-38.152],[165.47,-37.833],[165.693,-37.513],[165.43,-37.124],[165.17,-36.734],[165.259,-36.608]]}},{"type":"Feature","properties":{"boundary_type":"transform","feature_type":"gpml:Transform","polarity":null,"overriding_plate_id":null,"subducting_plate_id":null,"plate_ids":[841,854],"name":"Transform boundary Mellish Rise region"},"geometry":{"type":"LineString","coordinates":[[165.259,-36.608],[165.549,-36.194],[165.836,-35.778],[166.121,-35.362],[166.402,-34.946],[166.68,-34.528]]}},{"type":"Feature","properties":{"boundary_type":"transform","feature_type":"gpml:Transform","polarity":null,"overriding_plate_id":null,"subducting_plate_id":null,"plate_ids":[841,901],"name":"Transform boundary Mellish Rise region"},"geometry":{"type":"LineString","coordinates":[[166.68,-34.528],[166.94,-34.135],[167.197,-33.741],[167.452,-33.347],[167.704,-32.952],[167.954,-32.556],[168.158,-32.318]]}},{"type":"Feature","properties":{"boundary_type":"subduction","feature_type":"gpml:SubductionZone","polarity":"Right","overriding_plate_id":841,"subducting_plate_id":901,"plate_ids":[841,901],"name":"SW-dipping SZ southeast of PNG to open BAB"},"geometry":{"type":"LineString","coordinates":[[168.158,-32.318],[168.399,-32.357],[168.74,-32.412],[169.031,-32.516],[169.418,-32.671],[169.758,-32.776],[170.144,-32.981],[170.577,-33.286],[170.864,-33.432],[171.152,-33.577]]}},{"type":"Feature","properties":{"boundary_type":"subduction","feature_type":"gpml:SubductionZone","polarity":"Right","overriding_plate_id":841,"subducting_plate_id":901,"plate_ids":[841,901],"name":"West-dipping SZ that opens the South Loyalty Basin"},"geometry":{"type":"LineString","coordinates":[[-175.497,-51.448],[-175.478,-51.481],[-175.292,-51.759],[-175.118,-51.894],[-174.849,-52.143],[-174.625,-52.367],[-174.401,-52.592],[-174.204,-52.818],[-174.005,-53.036],[-173.849,-53.344],[-173.715,-53.585],[-173.58,-53.826],[-173.415,-54.107],[-173.087,-54.513],[-172.753,-54.918],[-172.585,-55.029],[-171.981,-55.219],[-171.233,-55.377],[-170.48,-55.53],[-169.991,-55.586],[-169.5,-55.64]]}},{"type":"Feature","properties":{"boundary_type":"transform","feature_type":"gpml:Transform","polarity":null,"overriding_plate_id":null,"subducting_plate_id":null,"plate_ids":[301,926],"name":"Borneo transform"},"geometry":{"type":"LineString","coordinates":[[129.05,-1.149],[129.275,-1.584],[129.5,-2.019],[129.726,-2.454],[129.951,-2.889]]}},{"type":"Feature","properties":{"boundary_type":"transform","feature_type":"gpml:Transform","polarity":null,"overriding_plate_id":null,"subducting_plate_id":null,"plate_ids":[501,926],"name":"Borneo transform"},"geometry":{"type":"LineString","coordinates":[[129.951,-2.889],[130.136,-3.246],[130.322,-3.602],[130.507,-3.958],[130.692,-4.315]]}},{"type":"Feature","properties":{"boundary_type":"transform","feature_type":"gpml:Transform","polarity":null,"overriding_plate_id":null,"subducting_plate_id":null,"plate_ids":[301,787],"name":"East Woyla transform"},"geometry":{"type":"LineString","coordinates":[[115.914,-5.315],[116.064,-5.098],[116.284,-4.697],[116.503,-4.296],[116.722,-3.896],[116.941,-3.495]]}},{"type":"Feature","properties":{"boundary_type":"subduction","feature_type":"gpml:SubductionZone","polarity":"Left","overriding_plate_id":787,"subducting_plate_id":501,"plate_ids":[501,787],"name":"Sundra Jurassic-Cretaceous subduction"},"geometry":{"type":"LineString","coordinates":[[92.857,3.018],[93.254,2.838],[93.65,2.658],[94.046,2.478],[94.442,2.298],[94.838,2.117],[95.234,1.937],[95.63,1.756],[96.058,1.594],[96.486,1.431],[96.914,1.269],[97.342,1.107],[97.769,0.944],[98.197,0.782],[98.625,0.619],[99.052,0.456],[99.462,0.326],[99.871,0.196],[100.28,0.065],[100.69,-0.065],[101.099,-0.195],[101.508,-0.326],[101.918,-0.456],[102.364,-0.595],[102.811,-0.735],[103.257,-0.874],[103.704,-1.014],[104.15,-1.153],[104.597,-1.292],[105.043,-1.431],[105.49,-1.57],[105.937,-1.709],[106.384,-1.848],[106.831,-1.986],[107.278,-2.125],[107.75,-2.23],[108.222,-2.334],[108.695,-2.438],[109.168,-2.542],[109.64,-2.646],[110.113,-2.75],[110.586,-2.853],[111.059,-2.957],[111.532,-3.06],[112.005,-3.163],[112.478,-3.265],[112.861,-3.428],[113.243,-3.59],[113.626,-3.752]]}},{"type":"Feature","properties":{"boundary_type":"ridge","feature_type":"gpml:MidOceanRidge","polarity":null,"overriding_plate_id":null,"subducting_plate_id":null,"plate_ids":[780,926],"name":"MOR India Australia A Gibbons 2012"},"geometry":{"type":"LineString","coordinates":[[132.426,-3.667],[131.967,-3.863],[131.542,-4.014],[131.117,-4.164],[130.692,-4.315]]}},{"type":"Feature","properties":{"boundary_type":"ridge","feature_type":"gpml:MidOceanRidge","polarity":null,"overriding_plate_id":null,"subducting_plate_id":null,"plate_ids":[501,780],"name":"MOR India Australia A Gibbons 2012"},"geometry":{"type":"LineString","coordinates":[[130.692,-4.315],[130.276,-4.462],[129.859,-4.608],[129.442,-4.755],[129.025,-4.901],[128.608,-5.047]]}},{"type":"Feature","properties":{"boundary_type":"ridge","feature_type":"gpml:MidOceanRidge","polarity":null,"overriding_plate_id":null,"subducting_plate_id":null,"plate_ids":[101,201],"name":"TBD: Proto-Caribbean spreading"},"geometry":{"type":"LineString","coordinates":[[-52.053,13.554],[-51.623,13.795],[-51.192,14.035],[-50.759,14.274],[-50.327,14.512],[-49.893,14.75],[-49.458,14.987],[-49.022,15.223],[-48.585,15.458],[-48.147,15.692],[-47.709,15.925],[-47.269,16.158],[-47.03,15.8],[-46.792,15.442],[-46.555,15.084],[-46.319,14.725],[-45.888,14.978],[-45.456,15.229],[-45.023,15.48],[-44.589,15.73],[-44.154,15.979],[-43.718,16.227],[-43.28,16.474],[-42.842,16.721],[-42.402,16.966],[-41.962,17.211],[-41.52,17.454],[-41.077,17.697],[-40.633,17.938],[-40.273,18.143],[-39.912,18.347],[-39.55,18.55],[-39.188,18.753]]}},{"type":"Feature","properties":{"boundary_type":"transform","feature_type":"gpml:Transform","polarity":null,"overriding_plate_id":null,"subducting_plate_id":null,"plate_ids":[224,902],"name":"TBD: Transform"},"geometry":{"type":"LineString","coordinates":[[-59.838,-10.747],[-59.826,-10.736],[-59.482,-10.402],[-59.138,-10.068],[-58.795,-9.733],[-58.453,-9.397],[-58.111,-9.062],[-57.77,-8.726],[-57.43,-8.39],[-57.09,-8.054],[-56.758,-7.741],[-56.427,-7.428],[-56.096,-7.116],[-55.766,-6.802],[-55.436,-6.489],[-55.106,-6.175],[-54.777,-5.862]]}},{"type":"Feature","properties":{"boundary_type":"transform","feature_type":"gpml:Transform","polarity":null,"overriding_plate_id":null,"subducting_plate_id":null,"plate_ids":[201,224],"name":"TBD: Transform"},"geometry":{"type":"LineString","coordinates":[[-54.777,-5.862],[-54.596,-5.688],[-54.414,-5.515],[-54.117,-5.131],[-53.82,-4.746],[-53.523,-4.361],[-53.226,-3.976],[-52.93,-3.591],[-52.634,-3.206],[-52.338,-2.82],[-52.042,-2.435],[-51.747,-2.049],[-51.551,-1.592],[-51.356,-1.134],[-51.16,-0.676],[-50.965,-0.219],[-50.77,0.239],[-50.574,0.697],[-50.379,1.155],[-50.183,1.612],[-49.988,2.07],[-49.792,2.528],[-49.596,2.985],[-49.4,3.443],[-49.231,3.847],[-49.061,4.25],[-48.892,4.654],[-48.722,5.057],[-48.552,5.46],[-48.381,5.864],[-48.336,6.326],[-48.29,6.789],[-48.245,7.251],[-48.199,7.714],[-48.153,8.176]]}},{"type":"Feature","properties":{"boundary_type":"subduction","feature_type":"gpml:SubductionZone","polarity":"Left","overriding_plate_id":101,"subducting_plate_id":902,"plate_ids":[101,902],"name":""},"geometry":{"type":"LineString","coordinates":[[-70.061,22.682],[-69.982,22.308],[-69.904,21.933],[-69.798,21.501],[-69.692,21.069],[-69.587,20.636],[-69.482,20.204],[-69.378,19.772],[-69.274,19.339],[-69.171,18.906],[-69.069,18.474],[-68.946,18.072],[-68.824,17.67],[-68.703,17.268],[-68.582,16.865],[-68.461,16.463],[-68.341,16.061],[-68.34,15.597],[-68.34,15.133],[-68.339,14.669],[-68.338,14.205],[-68.27,13.731],[-68.202,13.257],[-68.135,12.784],[-68.067,12.31],[-68.001,11.837],[-67.921,11.447],[-67.842,11.058],[-67.763,10.669],[-67.685,10.28]]}},{"type":"Feature","properties":{"boundary_type":"transform","feature_type":"gpml:Transform","polarity":null,"overriding_plate_id":null,"subducting_plate_id":null,"plate_ids":[224,902],"name":"TBD"},"geometry":{"type":"LineString","coordinates":[[-76.193,6.631],[-75.749,6.688],[-75.305,6.744],[-74.861,6.8],[-74.416,6.855],[-73.972,6.91],[-73.527,6.965],[-73.083,7.019],[-72.638,7.073],[-72.258,7.324],[-71.877,7.575],[-71.496,7.826],[-71.115,8.076],[-70.733,8.326],[-70.351,8.576],[-69.968,8.825],[-69.624,9.161],[-69.279,9.496],[-68.934,9.831],[-68.588,10.166],[-68.136,10.223],[-67.685,10.28]]}},{"type":"Feature","properties":{"boundary_type":"transform","feature_type":"gpml:Transform","polarity":null,"overriding_plate_id":null,"subducting_plate_id":null,"plate_ids":[101,224],"name":"TBD"},"geometry":{"type":"LineString","coordinates":[[-67.685,10.28],[-67.258,10.333],[-66.831,10.385],[-66.404,10.437],[-65.977,10.488],[-65.55,10.539],[-65.133,10.806],[-64.716,11.073],[-64.297,11.339],[-63.878,11.554],[-63.458,11.768],[-63.037,11.982],[-62.616,12.195],[-62.193,12.407],[-61.771,12.619],[-61.347,12.83],[-61.489,13.25],[-61.632,13.67],[-61.775,14.089],[-61.918,14.509],[-62.062,14.928],[-62.207,15.348],[-62.352,15.767],[-61.887,15.817],[-61.421,15.866],[-60.955,15.913],[-60.489,15.96],[-60.023,16.005],[-59.556,16.05],[-59.09,16.094],[-58.623,16.136],[-58.156,16.178],[-57.688,16.218]]}},{"type":"Feature","properties":{"boundary_type":"subduction","feature_type":"gpml:SubductionZone","polarity":"Right","overriding_plate_id":224,"subducting_plate_id":101,"plate_ids":[101,224],"name":"TBD"},"geometry":{"type":"LineString","coordinates":[[-57.688,16.218],[-57.388,16.146],[-57.087,16.073],[-56.666,15.885],[-56.246,15.695],[-55.826,15.505],[-55.407,15.314],[-54.989,15.122],[-54.572,14.929],[-54.156,14.736],[-53.74,14.541],[-53.325,14.346],[-52.9,14.083],[-52.476,13.819],[-52.053,13.554]]}},{"type":"Feature","properties":{"boundary_type":"subduction","feature_type":"gpml:SubductionZone","polarity":"Right","overriding_plate_id":224,"subducting_plate_id":201,"plate_ids":[201,224],"name":"TBD"},"geometry":{"type":"LineString","coordinates":[[-52.053,13.554],[-51.623,13.284],[-51.193,13.012],[-50.765,12.74],[-50.337,12.468],[-49.911,12.194],[-49.62,11.912],[-49.33,11.63],[-49.041,11.348],[-48.874,10.956],[-48.707,10.565],[-48.541,10.173],[-48.375,9.782],[-48.32,9.38],[-48.264,8.979],[-48.208,8.578],[-48.153,8.176]]}},{"type":"Feature","properties":{"boundary_type":"subduction","feature_type":"gpml:SubductionZone","polarity":"Left","overriding_plate_id":224,"subducting_plate_id":902,"plate_ids":[224,902],"name":""},"geometry":{"type":"LineString","coordinates":[[-76.193,6.631],[-75.921,6.236],[-75.649,5.841],[-75.377,5.446],[-75.105,5.051],[-74.834,4.655],[-74.564,4.26],[-74.293,3.864],[-73.996,3.49],[-73.7,3.115],[-73.403,2.74],[-73.107,2.366],[-72.811,1.991],[-72.515,1.616],[-72.18,1.32],[-71.846,1.025],[-71.511,0.729],[-71.177,0.433],[-70.842,0.137],[-70.508,-0.158],[-70.173,-0.454],[-69.794,-0.66],[-69.416,-0.865],[-69.037,-1.071]]}},{"type":"Feature","properties":{"boundary_type":"subduction","feature_type":"gpml:SubductionZone","polarity":"Left","overriding_plate_id":224,"subducting_plate_id":902,"plate_ids":[224,902],"name":""},"geometry":{"type":"LineString","coordinates":[[-69.037,-1.071],[-68.894,-1.389],[-68.752,-1.706],[-68.609,-2.024],[-68.556,-2.393],[-68.502,-2.763],[-68.449,-3.132],[-68.474,-3.56],[-68.499,-3.987],[-68.524,-4.415],[-68.398,-4.878],[-68.271,-5.341],[-68.145,-5.803],[-68.018,-6.266],[-67.891,-6.729]]}},{"type":"Feature","properties":{"boundary_type":"subduction","feature_type":"gpml:SubductionZone","polarity":"Left","overriding_plate_id":224,"subducting_plate_id":902,"plate_ids":[224,902],"name":""},"geometry":{"type":"LineString","coordinates":[[-67.891,-6.729],[-67.542,-6.935],[-67.192,-7.141],[-66.842,-7.346],[-66.492,-7.552],[-66.141,-7.757],[-65.725,-8.024],[-65.309,-8.291],[-64.892,-8.557],[-64.474,-8.823],[-64.056,-9.089],[-63.637,-9.354],[-63.218,-9.618],[-62.797,-9.882],[-62.376,-10.007],[-61.953,-10.132],[-61.531,-10.256],[-61.108,-10.38],[-60.685,-10.503],[-60.261,-10.625],[-59.838,-10.747]]}},{"type":"Feature","properties":{"boundary_type":"ridge","feature_type":"gpml:MidOceanRidge","polarity":null,"overriding_plate_id":null,"subducting_plate_id":null,"plate_ids":[902,904],"name":"Aluk-Farallon MOR NW15"},"geometry":{"type":"LineString","coordinates":[[-91.375,-53.03],[-90.818,-52.956],[-90.262,-52.879],[-89.709,-52.8],[-89.062,-52.509],[-88.423,-52.215],[-87.793,-51.917],[-87.172,-51.616],[-86.558,-51.312],[-85.953,-51.004],[-85.355,-50.694],[-84.766,-50.38],[-84.184,-50.064],[-83.61,-49.745],[-83.044,-49.423],[-82.485,-49.098],[-81.933,-48.77],[-81.388,-48.44],[-80.851,-48.108],[-80.32,-47.772],[-79.796,-47.435],[-79.279,-47.095],[-78.769,-46.753],[-78.265,-46.408],[-77.767,-46.062],[-77.162,-46.309],[-76.552,-46.553],[-75.936,-46.793],[-75.315,-47.03],[-74.688,-47.264],[-74.056,-47.494],[-73.418,-47.721],[-72.775,-47.944],[-72.126,-48.164],[-71.472,-48.38],[-70.812,-48.592],[-70.444,-48.174],[-70.083,-47.755],[-69.727,-47.334],[-69.377,-46.913],[-69.032,-46.49],[-68.693,-46.067],[-68.359,-45.642],[-68.03,-45.217],[-67.705,-44.79],[-67.386,-44.363],[-67.071,-43.935],[-66.761,-43.506],[-66.455,-43.076],[-66.153,-42.645],[-65.856,-42.213],[-65.562,-41.781],[-65.273,-41.348],[-64.987,-40.914],[-64.705,-40.48],[-64.427,-40.045],[-64.152,-39.609],[-63.88,-39.173],[-63.612,-38.736],[-63.348,-38.298],[-63.086,-37.86],[-62.478,-37.986],[-61.867,-38.108],[-61.255,-38.227],[-60.641,-38.343],[-60.024,-38.456],[-59.406,-38.565],[-58.786,-38.672],[-58.164,-38.775],[-57.541,-38.874],[-56.915,-38.971],[-56.288,-39.064],[-55.66,-39.153],[-55.03,-39.24],[-54.398,-39.322],[-54.03,-38.939],[-53.667,-38.554],[-53.307,-38.168],[-52.951,-37.781],[-52.599,-37.393],[-52.25,-37.003],[-51.905,-36.613],[-51.564,-36.222],[-51.226,-35.83],[-50.891,-35.437],[-50.559,-35.043],[-50.231,-34.648],[-49.906,-34.252],[-49.584,-33.856],[-49.265,-33.458],[-48.948,-33.06],[-48.635,-32.661]]}},{"type":"Feature","properties":{"boundary_type":"ridge","feature_type":"gpml:MidOceanRidge","polarity":null,"overriding_plate_id":null,"subducting_plate_id":null,"plate_ids":[901,902],"name":"Pacific-Farallon MOR NW15"},"geometry":{"type":"LineString","coordinates":[[-112.898,18.202],[-112.819,17.864],[-112.74,17.526],[-112.661,17.188],[-112.266,17.259],[-111.871,17.329],[-111.475,17.399],[-111.079,17.467],[-110.961,16.992],[-110.843,16.516],[-110.725,16.041],[-110.608,15.565],[-110.492,15.089],[-110.376,14.613],[-110.261,14.137],[-110.146,13.661],[-110.463,13.562],[-110.346,13.118],[-110.229,12.674],[-110.113,12.23],[-109.997,11.785],[-109.881,11.341],[-109.766,10.897],[-110.235,10.766],[-110.704,10.635],[-111.172,10.503],[-111.64,10.37],[-112.107,10.237],[-112.574,10.102],[-113.041,9.968],[-113.507,9.832],[-113.972,9.696],[-114.438,9.56],[-114.903,9.422],[-114.789,8.946],[-114.676,8.47],[-114.563,7.993],[-114.45,7.516],[-114.338,7.04],[-114.226,6.563],[-114.113,6.087],[-114.002,5.61],[-113.89,5.133],[-113.778,4.657],[-113.425,4.756],[-113.071,4.854],[-112.949,4.423],[-112.828,3.991],[-112.706,3.56],[-112.585,3.128],[-112.464,2.697],[-112.343,2.265],[-111.88,2.416],[-111.417,2.566],[-110.954,2.716],[-110.491,2.866],[-110.028,3.016],[-109.565,3.165],[-109.101,3.315],[-108.638,3.464],[-108.174,3.613],[-107.71,3.761],[-107.246,3.91],[-107.158,3.42],[-107.07,2.929],[-106.982,2.439],[-106.894,1.949],[-106.807,1.459],[-106.719,0.968],[-106.631,0.478],[-106.543,-0.012],[-106.456,-0.503],[-106.368,-0.993],[-106.28,-1.483],[-106.192,-1.973],[-105.772,-1.9],[-105.352,-1.827],[-104.931,-1.754],[-104.511,-1.681],[-104.426,-2.127],[-104.341,-2.574],[-104.256,-3.021],[-104.171,-3.467],[-104.086,-3.914],[-104.506,-4.025],[-104.927,-4.135],[-105.348,-4.245],[-105.769,-4.355],[-106.19,-4.464],[-106.612,-4.574],[-106.444,-5.03],[-106.276,-5.486],[-106.108,-5.942],[-105.94,-6.399],[-105.772,-6.855],[-105.603,-7.311],[-105.434,-7.767],[-105.264,-8.223],[-105.094,-8.678],[-104.924,-9.134],[-104.753,-9.59],[-104.582,-10.045],[-104.41,-10.501],[-104.238,-10.956],[-104.065,-11.411],[-103.891,-11.867],[-103.717,-12.322],[-103.543,-12.777],[-103.368,-13.232],[-103.192,-13.686],[-103.015,-14.141],[-102.838,-14.595],[-103.26,-14.77],[-103.682,-14.944],[-104.104,-15.118],[-104.528,-15.29],[-104.952,-15.462],[-105.377,-15.633],[-105.802,-15.803],[-105.634,-16.249],[-105.466,-16.695],[-105.297,-17.141],[-105.127,-17.587],[-104.956,-18.033],[-104.784,-18.478],[-104.611,-18.923],[-104.438,-19.369],[-104.263,-19.814],[-104.088,-20.259],[-103.911,-20.703],[-103.733,-21.148],[-103.555,-21.592],[-103.375,-22.036],[-103.194,-22.48],[-103.012,-22.924],[-102.829,-23.367],[-102.645,-23.811],[-102.236,-23.695],[-101.828,-23.579],[-101.421,-23.461],[-101.249,-23.916],[-101.075,-24.37],[-100.9,-24.824],[-100.724,-25.278],[-100.547,-25.732],[-100.368,-26.185],[-100.188,-26.638],[-100.006,-27.092],[-99.823,-27.544],[-99.639,-27.997],[-99.453,-28.449],[-99.265,-28.901],[-99.075,-29.353],[-98.884,-29.805],[-98.691,-30.256],[-98.497,-30.707],[-98.3,-31.158],[-98.799,-31.344],[-99.3,-31.529],[-99.802,-31.712],[-100.307,-31.892],[-100.813,-32.071],[-101.322,-32.248],[-101.832,-32.422],[-102.345,-32.595],[-102.859,-32.765],[-103.375,-32.934],[-103.168,-33.401],[-102.959,-33.868],[-102.747,-34.334],[-102.533,-34.8],[-102.316,-35.266],[-102.097,-35.731],[-101.876,-36.196],[-101.652,-36.661],[-101.425,-37.125],[-101.195,-37.589],[-100.962,-38.052],[-100.727,-38.515],[-100.488,-38.977],[-100.246,-39.439],[-100.001,-39.9],[-99.753,-40.361],[-99.501,-40.821],[-99.246,-41.281],[-98.987,-41.74],[-98.725,-42.198],[-99.236,-42.379],[-99.751,-42.557],[-100.269,-42.733],[-99.972,-43.17],[-99.672,-43.608],[-99.367,-44.044],[-99.057,-44.479],[-98.743,-44.914],[-98.424,-45.348],[-98.101,-45.781],[-97.772,-46.213],[-97.438,-46.644],[-97.098,-47.074],[-96.753,-47.503],[-96.403,-47.931],[-96.046,-48.358],[-95.684,-48.783],[-95.315,-49.208],[-94.94,-49.632],[-94.558,-50.054],[-94.164,-50.478],[-93.763,-50.901],[-93.354,-51.322],[-92.938,-51.742],[-92.514,-52.161],[-92.139,-52.452],[-91.76,-52.742],[-91.375,-53.03]]}},{"type":"Feature","properties":{"boundary_type":"ridge","feature_type":"gpml:MidOceanRidge","polarity":null,"overriding_plate_id":null,"subducting_plate_id":null,"plate_ids":[901,904],"name":"Pacific-Farallon MOR NW15"},"geometry":{"type":"LineString","coordinates":[[-91.375,-53.03],[-91.096,-53.236],[-90.814,-53.442]]}},{"type":"Feature","properties":{"boundary_type":"ridge","feature_type":"gpml:MidOceanRidge","polarity":null,"overriding_plate_id":null,"subducting_plate_id":null,"plate_ids":[804,904],"name":"Aluk-Bellingshausen MOR NW15"},"geometry":{"type":"LineString","coordinates":[[-99.587,-59.529],[-99.077,-59.751],[-98.559,-59.97],[-98.035,-60.188],[-97.417,-60.57],[-96.785,-60.949],[-96.138,-61.325],[-95.475,-61.699],[-94.796,-62.068],[-94.1,-62.435],[-93.387,-62.798],[-92.657,-63.157],[-91.908,-63.512],[-91.14,-63.863],[-90.354,-64.211],[-89.547,-64.553],[-88.72,-64.892],[-87.871,-65.225],[-87.002,-65.554],[-86.11,-65.878],[-85.196,-66.196]]}},{"type":"Feature","properties":{"boundary_type":"ridge","feature_type":"gpml:MidOceanRidge","polarity":null,"overriding_plate_id":null,"subducting_plate_id":null,"plate_ids":[804,901],"name":"MOR Bellinghausen Sea, Marie Byrd Land-Pacific"},"geometry":{"type":"LineString","coordinates":[[-174.05,-74.838],[-172.197,-74.785],[-170.902,-74.734],[-169.616,-74.675],[-167.885,-74.64],[-166.83,-74.624],[-165.778,-74.603],[-164.578,-74.612],[-163.377,-74.615],[-162.182,-74.581],[-160.993,-74.541],[-159.666,-74.494],[-158.348,-74.438],[-157.182,-74.351],[-156.028,-74.257],[-154.929,-74.156],[-153.844,-74.05],[-152.803,-73.989],[-151.771,-73.923],[-150.781,-73.835],[-149.802,-73.743],[-148.903,-73.593],[-148.021,-73.439],[-147.477,-73.161],[-147.222,-72.762],[-146.57,-72.451],[-145.563,-72.294],[-144.422,-72.07],[-143.845,-71.815],[-142.999,-71.429],[-141.823,-71.265],[-140.526,-71.029],[-139.761,-70.877],[-139.008,-70.722],[-137.66,-70.546],[-136.917,-70.385],[-136.186,-70.221],[-135.125,-69.991],[-134.087,-69.755],[-134.758,-69.454],[-135.411,-69.151],[-136.045,-68.845]]}},{"type":"Feature","properties":{"boundary_type":"ridge","feature_type":"gpml:MidOceanRidge","polarity":null,"overriding_plate_id":null,"subducting_plate_id":null,"plate_ids":[804,901],"name":"Pacific-Aluk MOR NW15"},"geometry":{"type":"LineString","coordinates":[[-104.935,-59.997],[-105.311,-59.824],[-105.684,-59.649],[-105.027,-59.315],[-104.382,-58.977],[-103.751,-58.637],[-103.131,-58.293],[-102.526,-58.592],[-101.911,-58.888],[-101.285,-59.181],[-100.648,-59.471],[-100.0,-59.757],[-99.587,-59.529]]}},{"type":"Feature","properties":{"boundary_type":"ridge","feature_type":"gpml:MidOceanRidge","polarity":null,"overriding_plate_id":null,"subducting_plate_id":null,"plate_ids":[901,904],"name":"Pacific-Aluk MOR NW15"},"geometry":{"type":"LineString","coordinates":[[-99.587,-59.529],[-98.951,-59.168],[-98.327,-58.804],[-97.717,-58.437],[-97.119,-58.068],[-96.534,-57.695],[-95.96,-57.32],[-95.399,-56.942],[-94.848,-56.562],[-94.308,-56.18],[-93.779,-55.795],[-93.261,-55.408],[-92.753,-55.019],[-92.254,-54.627],[-91.765,-54.234],[-91.285,-53.839],[-90.814,-53.442]]}},{"type":"Feature","properties":{"boundary_type":"ridge","feature_type":"gpml:MidOceanRidge","polarity":null,"overriding_plate_id":null,"subducting_plate_id":null,"plate_ids":[804,901],"name":"Pacific-Antarctic MOR NW15"},"geometry":{"type":"LineString","coordinates":[[-136.045,-68.845],[-135.525,-68.694],[-134.237,-68.548],[-132.966,-68.392],[-131.713,-68.227],[-130.479,-68.052],[-129.263,-67.868],[-128.067,-67.675],[-126.891,-67.474],[-125.735,-67.265],[-124.599,-67.047],[-123.484,-66.821],[-122.431,-66.597],[-121.397,-66.366],[-120.382,-66.128],[-119.386,-65.883],[-118.409,-65.632],[-117.451,-65.375],[-116.512,-65.113],[-115.839,-65.431],[-115.149,-65.745],[-114.361,-65.458],[-113.591,-65.167],[-112.838,-64.873],[-112.101,-64.574],[-112.674,-64.281],[-113.235,-63.986],[-113.784,-63.689],[-113.003,-63.348],[-112.24,-63.003],[-111.495,-62.654],[-110.767,-62.302],[-110.057,-61.945],[-109.525,-62.154],[-108.763,-61.812],[-108.017,-61.466],[-107.289,-61.116],[-106.61,-60.807],[-105.944,-60.494],[-105.291,-60.178],[-104.935,-59.997]]}},{"type":"Feature","properties":{"boundary_type":"ridge","feature_type":"gpml:MidOceanRidge","polarity":null,"overriding_plate_id":null,"subducting_plate_id":null,"plate_ids":[901,902],"name":"Pacific-Vancouver/Farallon MOR NW15"},"geometry":{"type":"LineString","coordinates":[[-112.898,18.202],[-113.334,18.11],[-113.77,18.017],[-113.966,18.42],[-114.163,18.823],[-114.662,18.725],[-115.161,18.625],[-115.66,18.524],[-116.157,18.422],[-116.655,18.319],[-117.151,18.214],[-117.647,18.108],[-118.143,18.001],[-118.638,17.892],[-119.132,17.783],[-119.625,17.672],[-120.118,17.559],[-120.611,17.446],[-121.103,17.331],[-121.594,17.215],[-122.084,17.098],[-122.574,16.98],[-123.063,16.861],[-123.552,16.74],[-123.616,17.196],[-123.679,17.651],[-123.743,18.106],[-123.808,18.561],[-123.873,19.016],[-123.938,19.472],[-124.007,19.959],[-124.076,20.446],[-124.146,20.932],[-124.217,21.419],[-124.288,21.906],[-124.359,22.393],[-124.431,22.88],[-124.503,23.366],[-124.576,23.853],[-124.65,24.34],[-124.724,24.826],[-124.799,25.313]]}},{"type":"Feature","properties":{"boundary_type":"ridge","feature_type":"gpml:MidOceanRidge","polarity":null,"overriding_plate_id":null,"subducting_plate_id":null,"plate_ids":[902,918],"name":"Pacific-Vancouver/Farallon MOR NW15"},"geometry":{"type":"LineString","coordinates":[[-124.799,25.313],[-124.812,25.401],[-124.838,25.548]]}},{"type":"Feature","properties":{"boundary_type":"ridge","feature_type":"gpml:MidOceanRidge","polarity":null,"overriding_plate_id":null,"subducting_plate_id":null,"plate_ids":[901,926],"name":"IZA-PAC MOR"},"geometry":{"type":"LineString","coordinates":[[-144.638,46.9],[-145.338,46.91],[-146.038,46.916],[-146.738,46.917],[-147.438,46.914],[-148.138,46.907],[-148.838,46.896],[-149.538,46.88],[-150.237,46.861],[-150.935,46.836],[-151.633,46.808],[-152.33,46.775],[-153.026,46.739],[-153.722,46.698],[-154.416,46.652],[-155.108,46.603],[-155.8,46.549],[-156.506,46.501],[-157.21,46.449],[-157.913,46.392],[-158.615,46.331],[-159.314,46.266],[-160.013,46.196],[-160.709,46.123],[-161.403,46.045],[-162.096,45.962],[-162.786,45.876],[-163.474,45.786],[-164.16,45.691],[-164.843,45.592],[-164.986,46.045],[-165.132,46.498],[-165.28,46.95],[-165.43,47.402],[-165.584,47.854],[-165.739,48.306],[-165.898,48.757],[-166.059,49.209],[-166.793,49.103],[-167.523,48.993],[-168.251,48.878],[-168.974,48.759],[-169.695,48.635],[-170.411,48.507],[-171.124,48.375],[-171.834,48.238],[-172.539,48.096],[-173.241,47.951],[-173.938,47.801],[-174.631,47.647],[-175.321,47.488],[-176.006,47.326],[-176.687,47.16],[-177.363,46.989],[-178.035,46.815],[-178.703,46.637],[-179.367,46.455],[-179.113,46.005],[-178.863,45.555],[-178.617,45.105],[-178.376,44.654],[-178.138,44.202],[-177.903,43.75],[-177.672,43.298],[-177.444,42.845],[-177.22,42.392],[-176.999,41.938],[-176.781,41.484],[-176.566,41.029],[-176.354,40.574],[-176.145,40.119],[-175.939,39.663],[-175.736,39.207],[-175.535,38.75],[-175.336,38.293],[-175.14,37.836],[-174.947,37.379],[-175.469,37.218],[-175.989,37.055],[-176.506,36.89],[-177.022,36.723],[-177.535,36.553],[-178.046,36.381],[-178.554,36.207],[-179.061,36.031],[-178.845,35.573],[-178.633,35.115],[-178.422,34.656],[-178.215,34.196],[-178.009,33.737],[-177.805,33.277],[-178.352,33.104],[-178.897,32.929],[-179.439,32.752],[-179.979,32.572],[179.483,32.39],[178.947,32.205],[178.413,32.019],[177.882,31.83],[177.352,31.639],[176.825,31.445],[176.3,31.25],[175.778,31.052],[175.257,30.853],[174.739,30.651],[174.222,30.447],[173.708,30.241],[173.196,30.034],[172.686,29.824],[172.179,29.612],[171.673,29.399],[171.17,29.183],[170.669,28.966],[170.17,28.746],[169.673,28.525],[169.178,28.302],[169.414,27.887],[169.648,27.471],[169.88,27.055],[169.382,26.835],[168.886,26.613],[168.391,26.389],[167.899,26.164],[167.409,25.937],[166.92,25.708],[166.433,25.478],[165.949,25.246],[165.466,25.012],[164.984,24.777],[164.505,24.54],[164.028,24.302]]}},{"type":"Feature","properties":{"boundary_type":"ridge","feature_type":"gpml:MidOceanRidge","polarity":null,"overriding_plate_id":null,"subducting_plate_id":null,"plate_ids":[101,701],"name":"IB_NFLND_Exhumed_Mantle"},"geometry":{"type":"LineString","coordinates":[[-8.182,29.044],[-7.904,29.293]]}},{"type":"Feature","properties":{"boundary_type":"ridge","feature_type":"gpml:MidOceanRidge","polarity":null,"overriding_plate_id":null,"subducting_plate_id":null,"plate_ids":[101,304],"name":"IB_NFLND_Exhumed_Mantle"},"geometry":{"type":"LineString","coordinates":[[-7.904,29.293],[-7.617,29.548],[-7.329,29.802],[-7.039,30.055],[-6.742,30.429],[-6.425,30.789],[-6.21,31.193],[-6.013,31.508],[-5.863,31.93],[-5.679,32.356],[-5.547,32.443],[-5.399,32.694],[-5.217,32.89],[-4.975,33.102],[-4.707,33.385],[-4.331,33.673],[-4.145,33.909],[-4.076,33.969],[-3.972,34.168],[-3.905,34.293],[-3.814,34.401],[-3.626,34.607],[-3.465,34.86],[-3.349,34.959],[-3.286,35.043],[-3.132,35.162],[-2.992,35.186],[-2.876,35.324],[-2.769,35.413],[-2.737,35.459]]}},{"type":"Feature","properties":{"boundary_type":"ridge","feature_type":"gpml:MidOceanRidge","polarity":null,"overriding_plate_id":null,"subducting_plate_id":null,"plate_ids":[101,301],"name":"PorucpineMOR"},"geometry":{"type":"LineString","coordinates":[[-9.181,45.949],[-9.194,45.866],[-9.223,45.786],[-9.264,45.71],[-9.297,45.636],[-9.282,45.567],[-9.269,45.508],[-9.249,45.415],[-9.19,45.239],[-9.134,45.043],[-9.038,44.804],[-9.011,44.609],[-8.858,44.301],[-8.799,44.168],[-8.739,43.983],[-8.695,43.803],[-8.633,43.652],[-8.517,43.512],[-8.419,43.351],[-8.269,43.23],[-8.092,43.108],[-7.922,42.967],[-7.667,42.873],[-7.386,42.802],[-7.354,42.788]]}},{"type":"Feature","properties":{"boundary_type":"ridge","feature_type":"gpml:MidOceanRidge","polarity":null,"overriding_plate_id":null,"subducting_plate_id":null,"plate_ids":[304,317],"name":"MOR-IB-EUR"},"geometry":{"type":"LineString","coordinates":[[1.631,35.376],[1.132,35.41],[0.718,35.442],[0.305,35.473],[-0.081,35.587],[-0.468,35.699],[-0.845,35.728],[-1.223,35.756],[-1.548,35.807],[-1.875,35.857],[-2.362,35.861],[-2.849,35.863]]}},{"type":"Feature","properties":{"boundary_type":"ridge","feature_type":"gpml:MidOceanRidge","polarity":null,"overriding_plate_id":null,"subducting_plate_id":null,"plate_ids":[902,918],"name":"Farallon-Kula MOR c34y NW15"},"geometry":{"type":"LineString","coordinates":[[-124.838,25.548],[-124.733,25.726],[-124.468,26.14],[-124.201,26.554],[-123.933,26.967],[-123.662,27.379],[-123.389,27.791],[-123.115,28.203],[-122.838,28.613],[-122.558,29.024],[-122.277,29.433],[-121.994,29.843],[-121.708,30.251],[-121.419,30.659],[-121.129,31.066],[-120.835,31.473],[-120.539,31.879],[-120.241,32.284],[-119.94,32.688],[-119.636,33.092],[-119.329,33.495],[-119.02,33.897],[-118.707,34.299],[-118.392,34.7],[-117.869,34.552],[-117.349,34.403],[-116.83,34.251],[-116.313,34.097],[-115.798,33.941],[-115.519,34.377],[-115.237,34.813],[-114.951,35.249],[-114.663,35.683],[-114.372,36.117],[-114.077,36.55],[-113.779,36.983],[-113.478,37.415],[-113.173,37.846],[-112.865,38.276],[-112.552,38.705],[-112.237,39.134],[-111.917,39.561],[-111.593,39.988],[-111.265,40.414],[-110.933,40.839],[-110.597,41.263],[-110.257,41.685],[-109.912,42.107],[-109.562,42.528],[-109.207,42.948],[-108.848,43.367],[-108.484,43.784],[-108.114,44.201],[-107.74,44.616],[-107.464,44.915],[-107.185,45.214],[-106.56,44.99],[-105.939,44.763],[-105.323,44.532],[-104.712,44.298],[-104.106,44.061],[-103.505,43.821],[-102.909,43.577],[-102.469,43.947],[-102.025,44.315],[-101.574,44.682],[-101.118,45.046],[-100.656,45.409],[-100.188,45.77],[-99.714,46.129],[-99.234,46.486],[-98.747,46.841],[-98.254,47.194],[-97.755,47.545],[-97.248,47.894],[-96.735,48.24],[-96.215,48.584],[-95.688,48.926],[-95.153,49.265],[-94.611,49.602],[-94.062,49.936],[-93.505,50.267],[-92.94,50.596],[-92.368,50.922],[-91.787,51.245],[-91.198,51.566],[-90.601,51.883],[-89.995,52.197],[-89.381,52.508],[-88.758,52.816],[-88.126,53.121],[-87.485,53.422]]}},{"type":"Feature","properties":{"boundary_type":"ridge","feature_type":"gpml:MidOceanRidge","polarity":null,"overriding_plate_id":null,"subducting_plate_id":null,"plate_ids":[901,918],"name":"Pacific-Kula MOR c34y NW15"},"geometry":{"type":"LineString","coordinates":[[-137.85,22.11],[-137.382,22.218],[-136.913,22.326],[-136.444,22.431],[-135.974,22.536],[-135.491,22.65],[-135.007,22.763],[-134.522,22.874],[-134.037,22.983],[-133.621,23.07],[-133.204,23.155],[-132.787,23.24],[-132.32,23.309],[-131.853,23.376],[-131.385,23.442],[-130.916,23.507],[-130.478,23.555],[-130.04,23.602],[-129.601,23.648],[-129.591,24.144],[-129.581,24.64],[-129.056,24.664],[-128.53,24.687],[-128.005,24.708],[-127.98,25.186],[-127.458,25.203],[-126.936,25.218],[-126.414,25.231],[-125.892,25.242],[-125.345,25.279],[-124.799,25.313]]}},{"type":"Feature","properties":{"boundary_type":"ridge","feature_type":"gpml:MidOceanRidge","polarity":null,"overriding_plate_id":null,"subducting_plate_id":null,"plate_ids":[901,918],"name":"MOR Kula-Pacific-Izanagi"},"geometry":{"type":"LineString","coordinates":[[-137.85,22.11],[-138.001,22.543],[-138.154,22.976],[-138.307,23.409],[-138.461,23.843],[-138.617,24.275],[-138.742,24.733],[-138.869,25.191],[-138.997,25.649],[-139.125,26.107],[-139.255,26.564],[-139.386,27.022],[-139.517,27.479],[-139.65,27.936],[-139.784,28.393],[-139.948,28.867],[-140.114,29.341],[-140.281,29.814],[-140.45,30.287],[-140.62,30.76],[-140.792,31.233],[-140.966,31.706],[-141.141,32.178],[-141.319,32.65],[-141.498,33.122],[-141.679,33.594],[-141.862,34.065],[-141.978,34.507],[-142.095,34.95],[-142.213,35.392],[-142.333,35.834],[-142.454,36.275],[-142.576,36.717],[-142.7,37.159],[-142.825,37.6],[-142.951,38.041],[-143.077,38.518],[-143.205,38.994],[-143.334,39.47],[-143.465,39.946],[-143.598,40.421],[-143.733,40.897],[-143.87,41.372],[-144.009,41.848],[-144.149,42.323],[-144.195,42.78],[-144.241,43.238],[-144.288,43.696],[-144.335,44.154],[-144.384,44.612],[-144.433,45.069],[-144.483,45.527],[-144.534,45.985],[-144.585,46.443],[-144.638,46.9]]}},{"type":"Feature","properties":{"boundary_type":"ridge","feature_type":"gpml:MidOceanRidge","polarity":null,"overriding_plate_id":null,"subducting_plate_id":null,"plate_ids":[918,926],"name":"MOR Kula-Pacific-Izanagi"},"geometry":{"type":"LineString","coordinates":[[-144.638,46.9],[-144.692,47.365],[-144.747,47.831],[-144.803,48.296],[-144.86,48.761],[-144.919,49.226],[-144.978,49.691],[-145.039,50.156],[-145.1,50.621],[-145.163,51.086],[-145.166,51.557],[-145.169,52.028],[-145.172,52.499],[-145.175,52.97],[-145.178,53.441],[-145.181,53.912],[-145.185,54.383],[-145.188,54.854],[-145.191,55.325],[-145.195,55.795],[-145.198,56.266],[-145.202,56.737],[-145.206,57.208],[-145.21,57.679],[-145.214,58.15],[-145.218,58.621],[-145.041,59.092],[-144.859,59.563],[-144.672,60.033],[-144.479,60.503],[-144.281,60.973],[-144.077,61.442],[-143.866,61.912],[-143.65,62.381],[-143.426,62.849],[-143.195,63.317],[-142.904,63.791],[-142.603,64.263],[-142.292,64.735],[-141.97,65.206],[-141.636,65.677],[-141.29,66.146],[-140.931,66.615],[-140.558,67.083],[-140.17,67.551],[-139.767,68.017],[-139.183,68.431],[-138.577,68.844],[-137.949,69.254],[-137.296,69.661],[-136.618,70.067],[-135.913,70.469],[-135.18,70.869],[-134.416,71.266],[-133.621,71.659],[-132.793,72.049],[-131.929,72.436],[-131.027,72.818],[-129.85,73.131],[-128.631,73.437],[-127.367,73.736],[-126.058,74.027],[-124.702,74.309],[-123.299,74.583],[-121.847,74.848]]}},{"type":"Feature","properties":{"boundary_type":"ridge","feature_type":"gpml:MidOceanRidge","polarity":null,"overriding_plate_id":null,"subducting_plate_id":null,"plate_ids":[836,854],"name":"MOR Melanesian Arc"},"geometry":{"type":"LineString","coordinates":[[165.245,-38.152],[164.826,-37.925],[164.411,-37.697],[163.997,-37.467],[163.925,-37.728],[163.455,-37.499],[162.988,-37.269],[162.523,-37.037],[162.062,-36.803],[161.603,-36.568],[161.687,-36.307],[161.257,-36.091],[160.83,-35.873],[160.406,-35.654],[159.983,-35.433],[159.563,-35.211],[159.496,-35.476],[159.076,-35.251],[158.659,-35.024],[158.244,-34.796],[157.832,-34.567],[157.421,-34.336],[157.544,-34.054],[157.04,-33.796],[156.539,-33.536],[156.041,-33.274],[155.545,-33.01],[155.448,-33.297],[155.023,-33.058],[154.6,-32.819],[154.18,-32.577],[153.762,-32.335],[153.346,-32.091],[153.5,-31.758],[153.151,-31.57]]}},{"type":"Feature","properties":{"boundary_type":"other","feature_type":"gpml:ContinentalRift","polarity":null,"overriding_plate_id":null,"subducting_plate_id":null,"plate_ids":[780],"name":"Northward Continuation of Tasman Sea rifting"},"geometry":{"type":"LineString","coordinates":[[149.392,-31.845],[149.371,-31.905]]}},{"type":"Feature","properties":{"boundary_type":"other","feature_type":"gpml:ContinentalRift","polarity":null,"overriding_plate_id":null,"subducting_plate_id":null,"plate_ids":[780,801],"name":"Northward Continuation of Tasman Sea rifting"},"geometry":{"type":"LineString","coordinates":[[149.371,-31.905],[149.267,-32.204],[149.776,-32.391],[150.287,-32.575],[150.801,-32.758],[151.316,-32.939],[151.834,-33.117],[152.165,-33.193],[152.496,-33.268]]}},{"type":"Feature","properties":{"boundary_type":"other","feature_type":"gpml:ContinentalRift","polarity":null,"overriding_plate_id":null,"subducting_plate_id":null,"plate_ids":[801,836],"name":"Northward Continuation of Tasman Sea rifting"},"geometry":{"type":"LineString","coordinates":[[152.496,-33.268],[152.938,-33.366],[153.305,-33.567],[153.674,-33.767],[154.044,-33.966],[154.529,-34.175],[155.016,-34.382],[155.506,-34.587],[155.92,-34.824],[156.337,-35.059],[156.756,-35.293],[157.178,-35.526],[157.61,-35.836],[158.045,-36.145],[158.484,-36.453],[158.927,-36.758],[159.373,-37.062],[159.878,-37.261],[160.385,-37.457],[160.895,-37.65],[161.408,-37.842],[161.923,-38.031],[162.377,-38.194],[162.833,-38.354],[163.29,-38.513],[163.835,-38.704],[164.106,-38.876],[164.41,-39.02]]}},{"type":"Feature","properties":{"boundary_type":"subduction","feature_type":"gpml:SubductionZone","polarity":"Right","overriding_plate_id":201,"subducting_plate_id":804,"plate_ids":[201,804],"name":"South America trench taken from COB file"},"geometry":{"type":"LineString","coordinates":[[-52.529,-60.254],[-52.692,-60.201],[-53.027,-60.081],[-53.401,-59.955],[-54.11,-59.693],[-54.583,-59.48],[-55.049,-59.266],[-55.029,-59.243],[-55.087,-59.215],[-55.331,-59.077],[-55.44,-58.98],[-55.613,-58.844],[-55.913,-58.603],[-56.108,-58.447],[-56.307,-58.254],[-56.654,-58.102],[-57.227,-57.878],[-57.479,-57.802],[-57.675,-57.717]]}},{"type":"Feature","properties":{"boundary_type":"subduction","feature_type":"gpml:SubductionZone","polarity":"Right","overriding_plate_id":201,"subducting_plate_id":904,"plate_ids":[201,904],"name":"South America trench taken from COB file"},"geometry":{"type":"LineString","coordinates":[[-57.675,-57.717],[-57.933,-57.605],[-58.164,-57.357],[-58.391,-57.109],[-58.588,-56.632],[-58.781,-56.156],[-58.85,-55.867],[-58.918,-55.578],[-58.947,-55.302],[-58.975,-55.026],[-58.942,-54.741],[-58.91,-54.456],[-58.71,-54.052],[-58.514,-53.648],[-58.321,-53.243],[-58.308,-52.864],[-58.295,-52.486],[-58.341,-52.116],[-58.386,-51.746],[-58.131,-51.307],[-57.881,-50.868],[-57.395,-50.632],[-56.913,-50.395],[-56.218,-50.278],[-55.984,-49.852],[-55.747,-49.507],[-55.605,-49.255],[-55.465,-49.003],[-55.359,-48.693],[-55.365,-48.472],[-55.407,-48.2],[-55.417,-47.951],[-55.432,-47.607],[-55.218,-47.283],[-55.029,-46.934],[-54.904,-46.716],[-54.682,-46.347],[-54.599,-46.134],[-54.485,-45.877],[-54.387,-45.638],[-54.248,-45.302],[-54.111,-44.966],[-53.975,-44.63],[-53.869,-44.31],[-53.76,-44.055],[-53.652,-43.799],[-53.535,-43.504],[-53.488,-43.238],[-53.442,-42.971],[-53.4,-42.742],[-53.218,-42.364],[-53.016,-41.972],[-52.887,-41.739],[-52.759,-41.505],[-52.639,-41.032],[-52.443,-40.61],[-52.241,-40.265],[-52.042,-39.921],[-51.844,-39.576],[-51.648,-39.231],[-51.375,-38.857],[-51.104,-38.482],[-50.836,-38.107],[-50.571,-37.731],[-50.308,-37.354],[-50.049,-36.977],[-49.791,-36.599],[-49.657,-36.162],[-49.525,-35.725],[-49.393,-35.288],[-49.264,-34.85],[-49.135,-34.412],[-49.008,-33.975],[-48.883,-33.537],[-48.758,-33.099],[-48.635,-32.661]]}},{"type":"Feature","properties":{"boundary_type":"subduction","feature_type":"gpml:SubductionZone","polarity":"Right","overriding_plate_id":201,"subducting_plate_id":902,"plate_ids":[201,902],"name":"South America trench taken from COB file"},"geometry":{"type":"LineString","coordinates":[[-48.635,-32.661],[-48.551,-32.362],[-48.365,-31.98],[-48.18,-31.598],[-47.997,-31.215],[-47.815,-30.833],[-47.635,-30.45],[-47.513,-29.998],[-47.392,-29.546],[-47.272,-29.094],[-47.154,-28.641],[-47.036,-28.189],[-46.919,-27.737],[-46.803,-27.284],[-46.688,-26.831],[-46.594,-26.427],[-46.5,-26.022],[-46.407,-25.618],[-46.447,-25.176],[-46.486,-24.734],[-46.452,-24.394],[-46.417,-24.054],[-46.532,-23.617],[-46.645,-23.179],[-46.887,-22.736],[-47.128,-22.291],[-47.429,-21.929],[-47.728,-21.566],[-48.025,-21.203],[-48.321,-20.839],[-48.616,-20.475],[-49.054,-20.213],[-49.491,-19.95],[-49.797,-19.582],[-50.101,-19.214],[-50.405,-18.846],[-50.707,-18.477],[-51.007,-18.107],[-51.307,-17.737],[-51.605,-17.367],[-51.902,-16.996],[-52.198,-16.625],[-52.402,-16.206],[-52.605,-15.786],[-52.808,-15.367],[-53.009,-14.947],[-53.21,-14.527],[-53.41,-14.107],[-53.609,-13.687],[-53.808,-13.266],[-54.005,-12.845],[-54.203,-12.425],[-54.399,-12.004],[-54.521,-11.536],[-54.643,-11.068],[-54.764,-10.6],[-54.885,-10.133],[-55.006,-9.665],[-55.126,-9.197],[-55.246,-8.729],[-55.366,-8.261],[-55.248,-7.781],[-55.13,-7.301],[-55.012,-6.821],[-54.894,-6.342],[-54.777,-5.862]]}},{"type":"Feature","properties":{"boundary_type":"other","feature_type":"gpml:InferredPaleoBoundary","polarity":null,"overriding_plate_id":null,"subducting_plate_id":null,"plate_ids":[833,833],"name":"Western margin of South Loyalty Basin"},"geometry":{"type":"LineString","coordinates":[[165.231,-38.171],[165.529,-38.288],[165.833,-38.435],[166.195,-38.655],[166.56,-38.873],[166.877,-39.182],[167.198,-39.49],[167.373,-39.911],[167.551,-40.331],[167.434,-40.573],[167.316,-40.815],[167.141,-41.16],[166.964,-41.505],[166.785,-41.849],[167.131,-42.109],[167.48,-42.368],[167.495,-42.764],[167.511,-43.161],[167.929,-43.512],[168.4,-43.702],[168.873,-43.89],[169.475,-44.026],[170.079,-44.159],[170.686,-44.289],[171.295,-44.415],[171.908,-44.538],[172.383,-44.761],[172.862,-44.981],[173.345,-45.2],[173.814,-45.292],[174.284,-45.382],[174.712,-45.528],[175.142,-45.672],[175.573,-45.814],[176.012,-46.068],[176.454,-46.32],[176.967,-46.518],[177.484,-46.715],[178.024,-46.923],[178.57,-47.129],[179.01,-47.241],[179.451,-47.352],[179.766,-47.524],[-179.918,-47.695],[-179.792,-47.978],[-179.649,-48.174],[-179.572,-48.465],[-179.438,-48.779],[-179.303,-49.094],[-179.227,-49.552],[-179.15,-50.01],[-178.996,-50.368],[-178.839,-50.725],[-178.604,-51.118],[-178.365,-51.51],[-178.11,-51.92],[-178.328,-52.261],[-178.549,-52.601],[-178.363,-52.855],[-178.149,-53.192],[-177.931,-53.529],[-177.463,-53.779],[-176.991,-54.027],[-176.756,-54.418],[-176.658,-54.806],[-176.559,-55.195],[-176.42,-55.486],[-176.279,-55.777],[-175.898,-56.14],[-175.466,-56.424],[-174.676,-56.622],[-173.878,-56.815],[-173.434,-56.906],[-172.987,-56.996],[-172.506,-57.041],[-172.024,-57.084],[-171.387,-57.176],[-170.747,-57.265],[-170.549,-57.351],[-169.892,-57.435],[-169.232,-57.515],[-168.324,-57.48],[-167.419,-57.439],[-166.754,-57.434],[-166.089,-57.425],[-165.462,-57.448],[-164.834,-57.467],[-164.231,-57.598],[-163.625,-57.727],[-163.25,-57.884],[-162.872,-58.041],[-162.304,-58.219],[-161.731,-58.394],[-161.153,-58.566],[-160.329,-58.668],[-159.5,-58.764],[-158.808,-58.786],[-158.116,-58.805],[-157.423,-58.819],[-156.765,-58.921],[-156.104,-59.019],[-155.438,-59.114]]}},{"type":"Feature","properties":{"boundary_type":"other","feature_type":"gpml:InferredPaleoBoundary","polarity":null,"overriding_plate_id":null,"subducting_plate_id":null,"plate_ids":[801,833],"name":"Boundary north of Tasman Sea"},"geometry":{"type":"LineString","coordinates":[[160.931,-41.036],[161.446,-40.786],[161.958,-40.535],[162.466,-40.281],[162.97,-40.024],[163.47,-39.766],[163.785,-39.518],[164.099,-39.269],[164.41,-39.02]]}},{"type":"Feature","properties":{"boundary_type":"other","feature_type":"gpml:InferredPaleoBoundary","polarity":null,"overriding_plate_id":null,"subducting_plate_id":null,"plate_ids":[833,836],"name":"Boundary north of Tasman Sea"},"geometry":{"type":"LineString","coordinates":[[164.41,-39.02],[164.668,-38.811],[164.924,-38.601]]}},{"type":"Feature","properties":{"boundary_type":"other","feature_type":"gpml:UnclassifiedFeature","polarity":null,"overriding_plate_id":null,"subducting_plate_id":null,"plate_ids":[801,901],"name":"East Australia Hinge during Tasman Opening"},"geometry":{"type":"LineString","coordinates":[[-163.002,-70.444],[-164.076,-70.149],[-165.118,-69.847],[-166.131,-69.54],[-166.176,-69.531]]}},{"type":"Feature","properties":{"boundary_type":"other","feature_type":"gpml:UnclassifiedFeature","polarity":null,"overriding_plate_id":null,"subducting_plate_id":null,"plate_ids":[801,833],"name":"East Australia Hinge during Tasman Opening"},"geometry":{"type":"LineString","coordinates":[[-166.176,-69.531],[-167.391,-69.289],[-168.579,-69.039],[-169.74,-68.78],[-170.873,-68.514],[-171.98,-68.24],[-173.06,-67.959],[-174.114,-67.671],[-175.024,-67.382],[-175.911,-67.087],[-176.778,-66.788],[-177.623,-66.484],[-178.448,-66.176],[-179.253,-65.864],[179.962,-65.547],[179.196,-65.226],[178.448,-64.902],[177.683,-64.538],[176.938,-64.171],[176.213,-63.8],[175.506,-63.426],[174.818,-63.048],[174.148,-62.666],[173.49,-62.347],[172.846,-62.024],[172.215,-61.699],[171.598,-61.371],[170.994,-61.04],[170.402,-60.706],[169.822,-60.37],[169.254,-60.031],[168.969,-59.812],[168.687,-59.593],[168.412,-59.313],[168.141,-59.032],[168.013,-58.726],[167.888,-58.42],[167.753,-58.102],[167.621,-57.785],[167.777,-57.385],[167.931,-56.985],[167.938,-56.559],[167.909,-56.263],[167.921,-55.788],[167.933,-55.313],[168.017,-54.976],[168.1,-54.64],[168.175,-54.212],[168.248,-53.783],[168.019,-53.385],[167.794,-52.987],[167.687,-52.661],[167.582,-52.335],[167.67,-51.965],[167.756,-51.595],[167.841,-51.224],[167.786,-50.938],[167.732,-50.652],[167.474,-50.422],[167.219,-50.192],[167.076,-49.869],[166.934,-49.546],[166.656,-49.292],[166.381,-49.037],[166.259,-48.576],[166.139,-48.114],[165.805,-47.681],[165.478,-47.247],[165.263,-46.906],[165.052,-46.564],[165.253,-46.182],[165.452,-45.799],[165.352,-45.479],[165.253,-45.158],[165.113,-44.737],[164.976,-44.316],[164.771,-44.107],[164.567,-43.898],[164.115,-43.66],[163.667,-43.42],[163.217,-43.148],[162.772,-42.875],[162.477,-42.574],[162.185,-42.272],[161.848,-41.927],[161.514,-41.581],[161.221,-41.309],[160.931,-41.036]]}},{"type":"Feature","properties":{"boundary_type":"ridge","feature_type":"gpml:MidOceanRidge","polarity":null,"overriding_plate_id":null,"subducting_plate_id":null,"plate_ids":[833,841],"name":"South Loyalty BAB ridge"},"geometry":{"type":"LineString","coordinates":[[174.023,-43.01],[174.213,-42.776],[173.823,-42.579],[173.436,-42.381],[173.004,-42.199],[172.576,-42.016],[172.15,-41.831],[171.712,-41.49],[171.279,-41.148],[170.85,-40.803],[170.426,-40.458],[170.006,-40.111],[169.687,-39.804],[169.372,-39.496],[169.059,-39.187],[168.748,-38.877],[168.282,-38.537],[167.819,-38.196],[167.552,-37.917],[167.286,-37.638],[167.023,-37.359],[166.579,-37.174],[166.137,-36.987],[165.697,-36.798],[165.259,-36.608]]}},{"type":"Feature","properties":{"boundary_type":"ridge","feature_type":"gpml:MidOceanRidge","polarity":null,"overriding_plate_id":null,"subducting_plate_id":null,"plate_ids":[833,841],"name":"South Loyalty BAB ridge"},"geometry":{"type":"LineString","coordinates":[[-177.491,-50.931],[-177.048,-50.734],[-176.61,-50.536],[-176.873,-50.165],[-177.132,-49.794],[-177.387,-49.422],[-177.605,-49.054],[-177.82,-48.685],[-178.032,-48.316],[-178.24,-47.946],[-178.39,-47.599],[-178.537,-47.251],[-178.682,-46.904],[-179.005,-46.534],[-179.581,-46.313],[179.849,-46.089],[179.283,-45.862],[178.721,-45.633],[178.165,-45.401],[177.684,-45.185],[177.208,-44.967],[176.734,-44.748],[176.265,-44.526],[175.841,-44.259],[175.42,-43.991],[174.95,-43.666],[174.484,-43.339],[174.023,-43.01]]}},{"type":"Feature","properties":{"boundary_type":"ridge","feature_type":"gpml:MidOceanRidge","polarity":null,"overriding_plate_id":null,"subducting_plate_id":null,"plate_ids":[833,841],"name":"South Loyalty BAB ridge"},"geometry":{"type":"LineString","coordinates":[[-177.491,-50.931],[-177.227,-51.274],[-176.959,-51.615],[-176.687,-51.957],[-176.394,-52.342],[-176.096,-52.727],[-175.792,-53.111],[-175.483,-53.494],[-175.169,-53.876],[-174.919,-54.239],[-174.664,-54.602],[-174.405,-54.964],[-174.14,-55.325]]}},{"type":"Feature","properties":{"boundary_type":"ridge","feature_type":"gpml:MidOceanRidge","polarity":null,"overriding_plate_id":null,"subducting_plate_id":null,"plate_ids":[833,841],"name":"South Loyalty BAB ridge"},"geometry":{"type":"LineString","coordinates":[[-174.14,-55.325],[-173.387,-55.574],[-172.623,-55.819],[-171.916,-55.962],[-171.204,-56.102],[-170.486,-56.237],[-169.768,-56.331],[-169.046,-56.421],[-168.321,-56.506],[-167.538,-56.501],[-166.754,-56.49],[-165.939,-56.53],[-165.123,-56.563],[-164.305,-56.592],[-163.641,-56.771],[-162.972,-56.946],[-162.296,-57.118],[-161.613,-57.286],[-160.93,-57.396],[-160.242,-57.503],[-159.55,-57.606],[-158.854,-57.705],[-158.104,-57.798],[-157.349,-57.887],[-156.591,-57.972],[-155.83,-58.052]]}},{"type":"Feature","properties":{"boundary_type":"subduction","feature_type":"gpml:SubductionZone","polarity":"Right","overriding_plate_id":804,"subducting_plate_id":904,"plate_ids":[804,904],"name":"Antarctic-Aluk subduction zone"},"geometry":{"type":"LineString","coordinates":[[-63.547,-59.093],[-63.379,-59.026],[-62.696,-58.877],[-62.019,-58.726],[-61.347,-58.57],[-60.682,-58.412],[-59.98,-58.244],[-59.286,-58.073],[-58.598,-57.899],[-57.917,-57.72],[-57.675,-57.717]]}},{"type":"Feature","properties":{"boundary_type":"ridge","feature_type":"gpml:MidOceanRidge","polarity":null,"overriding_plate_id":null,"subducting_plate_id":null,"plate_ids":[501,701],"name":"MOR India-Africa"},"geometry":{"type":"LineString","coordinates":[[45.698,-51.954],[46.084,-51.604],[46.465,-51.253],[46.84,-50.9],[47.209,-50.547],[47.572,-50.192],[47.931,-49.836],[47.775,-49.442],[47.622,-49.047],[47.471,-48.652],[47.322,-48.257],[47.751,-47.966],[48.175,-47.672],[48.595,-47.378],[49.01,-47.081],[49.42,-46.784],[49.099,-46.337],[48.783,-45.889],[48.473,-45.441],[48.167,-44.992],[47.866,-44.542],[48.302,-44.212],[48.734,-43.881],[49.16,-43.548],[49.582,-43.214],[50.0,-42.878],[49.754,-42.518],[49.512,-42.158],[49.273,-41.797],[49.036,-41.436],[49.443,-41.059],[49.846,-40.68],[50.244,-40.299],[50.08,-40.011],[49.917,-39.723],[50.273,-39.308],[50.625,-38.891],[50.3,-38.589],[49.978,-38.286],[50.278,-37.994],[50.575,-37.7],[50.87,-37.407],[51.162,-37.112],[50.981,-36.776],[50.802,-36.439],[50.625,-36.102],[50.766,-35.752],[50.907,-35.401],[51.046,-35.05],[50.995,-34.637],[50.945,-34.225],[50.895,-33.812],[50.845,-33.399],[50.796,-32.986],[50.518,-32.593],[50.242,-32.199],[49.968,-31.805],[49.697,-31.41],[49.428,-31.014],[49.161,-30.618],[48.897,-30.222],[48.634,-29.825],[48.374,-29.427],[48.115,-29.029]]}},{"type":"Feature","properties":{"boundary_type":"ridge","feature_type":"gpml:MidOceanRidge","polarity":null,"overriding_plate_id":null,"subducting_plate_id":null,"plate_ids":[501,802],"name":"CuvveeAP DiCaprio"},"geometry":{"type":"LineString","coordinates":[[64.806,-55.515],[64.127,-55.203],[63.459,-54.888],[62.802,-54.569],[62.392,-54.995],[61.974,-55.419],[61.547,-55.841],[61.11,-56.262],[60.524,-56.071],[59.943,-55.877],[59.369,-55.681],[58.834,-56.074],[58.289,-56.464],[57.732,-56.852],[57.164,-57.237],[56.584,-57.62],[55.991,-58.0],[55.386,-58.378],[54.768,-58.752],[54.136,-59.123],[53.491,-59.491],[52.831,-59.856],[52.157,-60.218],[51.468,-60.576],[50.847,-60.28],[50.238,-59.982],[49.639,-59.681],[49.051,-59.377],[48.67,-59.043],[48.296,-58.708],[47.929,-58.373],[48.289,-57.998],[48.642,-57.623],[48.987,-57.247],[48.457,-56.957],[47.935,-56.665],[47.422,-56.371],[47.62,-55.927],[47.813,-55.482],[47.403,-55.179],[46.999,-54.874],[46.601,-54.568],[46.91,-54.313],[47.215,-54.057],[46.707,-53.732],[46.208,-53.405],[45.716,-53.076],[45.231,-52.745],[45.063,-52.445],[44.896,-52.144]]}},{"type":"Feature","properties":{"boundary_type":"subduction","feature_type":"gpml:SubductionZone","polarity":"Left","overriding_plate_id":301,"subducting_plate_id":926,"plate_ids":[301,926],"name":"Okinawa Trough (Ryuku) from EarthByte cob MG 4-20-07"},"geometry":{"type":"LineString","coordinates":[[130.264,29.793],[130.578,30.004],[130.826,30.301],[131.075,30.597],[131.326,30.892],[131.5,31.322],[131.675,31.752],[131.851,32.181],[132.03,32.61],[132.21,33.038],[132.341,33.429],[132.474,33.819],[132.609,34.21],[132.744,34.6],[132.804,34.955],[132.865,35.309],[132.884,35.751],[132.904,36.192],[132.848,36.628],[132.791,37.065],[132.834,37.452],[132.878,37.84]]}},{"type":"Feature","properties":{"boundary_type":"subduction","feature_type":"gpml:SubductionZone","polarity":"Left","overriding_plate_id":301,"subducting_plate_id":307,"plate_ids":[301,307],"name":"Vardar Sea Subduction"},"geometry":{"type":"LineString","coordinates":[[28.755,33.77],[28.783,33.392],[28.811,33.013],[28.839,32.635],[29.207,32.253],[29.573,31.871],[29.936,31.487],[30.296,31.103],[30.634,30.772],[30.971,30.44],[31.305,30.108],[31.637,29.774],[32.048,29.645],[32.457,29.515],[32.865,29.383],[33.273,29.25],[33.703,29.239],[34.132,29.227]]}},{"type":"Feature","properties":{"boundary_type":"subduction","feature_type":"gpml:SubductionZone","polarity":"Left","overriding_plate_id":301,"subducting_plate_id":525,"plate_ids":[301,525],"name":"Vardar Sea Subduction"},"geometry":{"type":"LineString","coordinates":[[34.132,29.227],[34.662,29.224],[35.192,29.22],[35.722,29.213],[36.252,29.204],[36.252,29.204],[36.796,29.242],[37.341,29.279],[37.885,29.313],[38.43,29.345],[38.976,29.374],[39.521,29.402],[40.067,29.427],[40.613,29.45],[41.16,29.47],[41.706,29.489],[42.253,29.505],[42.8,29.519],[43.347,29.531],[43.839,29.556],[44.331,29.579],[44.823,29.6],[45.315,29.619],[45.807,29.503],[46.298,29.385],[46.788,29.265],[47.276,29.144],[47.764,29.021],[48.25,28.896]]}},{"type":"Feature","properties":{"boundary_type":"subduction","feature_type":"gpml:SubductionZone","polarity":"Left","overriding_plate_id":525,"subducting_plate_id":307,"plate_ids":[307,525],"name":"Kirsehir Sub."},"geometry":{"type":"LineString","coordinates":[[34.132,29.227],[34.423,28.837],[34.71,28.447],[34.996,28.056],[35.28,27.664],[35.399,27.209],[35.516,26.755],[35.633,26.3],[35.749,25.845],[35.864,25.39],[35.978,24.935],[36.091,24.479],[36.204,24.024],[36.625,23.709],[37.045,23.392],[37.462,23.075],[37.996,23.098],[38.53,23.119],[39.065,23.139],[39.599,23.156],[40.133,23.172],[40.668,23.186],[41.203,23.198],[41.738,23.209],[42.07,23.559],[42.404,23.909],[42.739,24.258],[43.077,24.606],[43.416,24.954],[43.757,25.301],[44.101,25.647],[44.446,25.992],[44.793,26.337],[45.143,26.68],[45.494,27.023],[45.848,27.365],[46.204,27.706],[46.631,27.761],[47.059,27.814]]}},{"type":"Feature","properties":{"boundary_type":"subduction","feature_type":"gpml:SubductionZone","polarity":"Left","overriding_plate_id":317,"subducting_plate_id":304,"plate_ids":[304,317],"name":"Pyrenean Subduction"},"geometry":{"type":"LineString","coordinates":[[1.631,35.376],[2.12,35.266],[2.607,35.154],[3.093,35.04],[3.577,34.924],[4.155,34.785],[4.731,34.644],[5.305,34.501],[5.877,34.354],[6.315,34.163],[6.752,33.971]]}},{"type":"Feature","properties":{"boundary_type":"subduction","feature_type":"gpml:SubductionZone","polarity":"Left","overriding_plate_id":301,"subducting_plate_id":304,"plate_ids":[301,304],"name":"Pyrenean Subduction"},"geometry":{"type":"LineString","coordinates":[[6.752,33.971],[7.235,33.755],[7.704,33.629],[8.171,33.501],[8.636,33.371],[9.101,33.24],[9.634,33.184],[10.167,33.126],[10.699,33.065],[11.107,33.025],[11.514,32.983],[11.921,32.94],[12.443,32.954],[12.964,32.966],[13.491,32.912],[14.017,32.855],[14.554,32.764],[15.089,32.671],[15.624,32.576],[16.157,32.478],[16.689,32.378],[17.22,32.276]]}},{"type":"Feature","properties":{"boundary_type":"transform","feature_type":"gpml:Transform","polarity":null,"overriding_plate_id":null,"subducting_plate_id":null,"plate_ids":[307,701],"name":"South DFZ"},"geometry":{"type":"LineString","coordinates":[[20.297,24.165],[20.837,24.16],[21.377,24.153],[21.917,24.144],[22.456,24.134],[22.996,24.121],[23.535,24.106],[24.075,24.09],[24.614,24.072],[25.153,24.051],[25.565,23.975],[25.976,23.897],[26.387,23.818],[26.788,23.609],[27.187,23.4],[27.585,23.189],[27.982,22.977],[28.139,22.588],[28.294,22.199],[28.448,21.809],[28.602,21.419],[28.779,20.986],[28.955,20.553],[29.13,20.119],[29.304,19.686],[29.478,19.252],[29.896,19.204],[30.315,19.155],[30.733,19.106],[31.151,19.055]]}},{"type":"Feature","properties":{"boundary_type":"transform","feature_type":"gpml:Transform","polarity":null,"overriding_plate_id":null,"subducting_plate_id":null,"plate_ids":[307,701],"name":"South DFZ"},"geometry":{"type":"LineString","coordinates":[[31.151,19.055],[31.594,18.91],[32.037,18.765],[32.478,18.618]]}},{"type":"Feature","properties":{"boundary_type":"transform","feature_type":"gpml:Transform","polarity":null,"overriding_plate_id":null,"subducting_plate_id":null,"plate_ids":[304,701],"name":"South Iberia"},"geometry":{"type":"LineString","coordinates":[[-7.904,29.293],[-7.394,29.1],[-6.886,28.906],[-6.38,28.71],[-5.875,28.511],[-5.373,28.311],[-4.872,28.109],[-4.395,27.885],[-3.92,27.658],[-3.447,27.43],[-2.976,27.201],[-2.507,26.97],[-2.04,26.737],[-1.574,26.503],[-1.111,26.267],[-0.65,26.03],[-0.19,25.792],[0.268,25.551],[0.8,25.529],[1.332,25.504],[1.863,25.477],[2.394,25.448],[2.926,25.418],[3.456,25.385],[3.987,25.351],[4.517,25.315],[5.047,25.276],[5.576,25.236],[6.105,25.194],[6.634,25.151],[7.17,25.171],[7.706,25.189],[8.243,25.206],[8.779,25.22],[9.316,25.233],[9.712,25.262],[10.108,25.29],[10.505,25.317]]}},{"type":"Feature","properties":{"boundary_type":"transform","feature_type":"gpml:Transform","polarity":null,"overriding_plate_id":null,"subducting_plate_id":null,"plate_ids":[307,701],"name":"South Iberia"},"geometry":{"type":"LineString","coordinates":[[10.505,25.317],[10.603,25.324],[11.106,25.345],[11.609,25.365],[12.112,25.383],[12.616,25.4],[13.119,25.414],[13.623,25.427],[14.126,25.439],[14.645,25.342],[15.164,25.244],[15.681,25.144],[16.197,25.042],[16.713,24.939],[17.228,24.834],[17.742,24.726],[18.254,24.618],[18.767,24.507],[19.278,24.395],[19.788,24.281],[20.297,24.165]]}},{"type":"Feature","properties":{"boundary_type":"ridge","feature_type":"gpml:MidOceanRidge","polarity":null,"overriding_plate_id":null,"subducting_plate_id":null,"plate_ids":[307,701],"name":"Mendere-Tores MOR"},"geometry":{"type":"LineString","coordinates":[[32.478,18.618],[32.935,18.767],[33.393,18.915],[33.754,18.766],[34.115,18.616],[34.455,18.461],[34.795,18.305],[35.129,18.168],[35.463,18.029],[35.756,17.93],[36.048,17.83],[36.455,17.915],[36.862,17.999],[37.27,18.082],[37.68,18.21],[38.092,18.338],[38.503,18.464],[38.885,18.568],[39.268,18.672],[39.65,18.774],[40.033,18.876],[40.112,18.62],[40.6,18.736],[41.089,18.851],[41.579,18.965],[41.963,19.064],[42.348,19.162],[42.733,19.26],[42.851,19.019],[43.254,19.116],[43.657,19.212]]}},{"type":"Feature","properties":{"boundary_type":"transform","feature_type":"gpml:Transform","polarity":null,"overriding_plate_id":null,"subducting_plate_id":null,"plate_ids":[307,701],"name":"Neotethys transform 100Ma"},"geometry":{"type":"LineString","coordinates":[[43.657,19.212],[43.446,19.49],[43.235,19.769],[43.023,20.046],[42.882,20.479],[42.739,20.912],[42.596,21.345],[42.753,21.764],[42.911,22.182],[43.069,22.6],[43.229,23.018],[43.39,23.436],[43.702,23.783],[44.015,24.13],[44.33,24.477],[44.647,24.822],[44.966,25.167],[45.287,25.511],[45.609,25.855],[45.895,26.248],[46.183,26.641],[46.473,27.032],[46.765,27.424],[47.059,27.814]]}},{"type":"Feature","properties":{"boundary_type":"transform","feature_type":"gpml:Transform","polarity":null,"overriding_plate_id":null,"subducting_plate_id":null,"plate_ids":[525,701],"name":"Neotethys transform 100Ma"},"geometry":{"type":"LineString","coordinates":[[47.059,27.814],[47.27,28.093],[47.483,28.371],[47.696,28.649],[47.791,28.872]]}},{"type":"Feature","properties":{"boundary_type":"subduction","feature_type":"gpml:SubductionZone","polarity":"Left","overriding_plate_id":307,"subducting_plate_id":307,"plate_ids":[307,307],"name":"Dinaride Sub. Eo Alpine"},"geometry":{"type":"LineString","coordinates":[[19.445,32.355],[19.746,32.027],[20.045,31.699],[20.341,31.37],[20.636,31.04],[20.928,30.71],[21.479,30.605],[22.028,30.499],[22.432,30.525],[22.835,30.551],[23.239,30.575],[23.585,30.363],[23.931,30.15],[24.274,29.936],[24.609,29.604],[24.941,29.272],[25.271,28.939],[25.493,28.594],[25.713,28.249],[25.932,27.903],[26.15,27.557],[26.474,27.158],[26.797,26.759],[27.117,26.359],[27.423,25.989],[27.726,25.618],[28.027,25.247],[28.277,24.828],[28.524,24.409],[28.851,24.028],[29.176,23.648],[29.404,23.267],[29.631,22.886],[29.856,22.505],[30.021,22.074],[30.186,21.643],[30.349,21.212],[30.511,20.781],[30.672,20.35],[30.833,19.918],[30.992,19.487],[31.151,19.055]]}},{"type":"Feature","properties":{"boundary_type":"subduction","feature_type":"gpml:SubductionZone","polarity":"Right","overriding_plate_id":307,"subducting_plate_id":301,"plate_ids":[301,307],"name":"Alpine Subduction"},"geometry":{"type":"LineString","coordinates":[[17.22,32.276],[17.776,32.3],[18.332,32.32],[18.889,32.339],[19.445,32.355]]}},{"type":"Feature","properties":{"boundary_type":"subduction","feature_type":"gpml:SubductionZone","polarity":"Right","overriding_plate_id":307,"subducting_plate_id":301,"plate_ids":[301,307],"name":"Alpine Subduction"},"geometry":{"type":"LineString","coordinates":[[19.445,32.355],[19.961,32.521],[20.479,32.686],[20.999,32.849],[21.521,33.01],[22.044,33.168],[22.57,33.324],[23.097,33.478],[23.387,33.709],[23.679,33.939],[23.972,34.169],[24.459,34.33],[24.949,34.489],[25.502,34.584],[26.057,34.677],[26.613,34.768],[27.045,34.571],[27.476,34.373],[27.904,34.174],[28.331,33.973],[28.755,33.77]]}},{"type":"Feature","properties":{"boundary_type":"subduction","feature_type":"gpml:SubductionZone","polarity":"Left","overriding_plate_id":304,"subducting_plate_id":307,"plate_ids":[304,307],"name":"Sub. East Ligurian Ocean"},"geometry":{"type":"LineString","coordinates":[[10.505,25.317],[10.905,25.487],[11.307,25.655],[11.709,25.823],[12.113,25.99],[12.57,26.23],[13.029,26.469],[13.49,26.706],[13.953,26.942],[14.466,27.023],[14.98,27.102],[15.495,27.18],[16.011,27.256],[16.527,27.329],[17.044,27.401],[17.096,27.896],[17.149,28.391],[17.203,28.885],[17.257,29.38],[17.313,29.867],[17.369,30.355],[17.426,30.842],[17.484,31.329],[17.353,31.803],[17.22,32.276]]}}]}