{"type":"FeatureCollection","meta":{"model":"Cao2024","reconstruction_time_ma":10.0,"anchor_plate_id":0,"pygplates_version":"1.0.0","tessellate_degrees":0.5,"polarity_convention":"gpml:subductionPolarity. 'Left'/'Right' names the side of the line, in vertex order, on which the OVERRIDING plate lies. Triangles are drawn on that side.","antimeridian":"Lines are NOT split at +/-180 deg. The renderer works in 3D unit vectors where the dateline is not special; splitting would only add spurious breaks. Do not treat this as RFC 7946 GIS-ready 2D data."},"features":[{"type":"Feature","properties":{"boundary_type":"other","feature_type":"gpml:ContinentalRift","polarity":null,"overriding_plate_id":null,"subducting_plate_id":null,"plate_ids":[701,709],"name":"Somalia Africa boundary from PB03 GS"},"geometry":{"type":"LineString","coordinates":[[40.178,5.783],[40.114,5.631],[39.814,5.271],[39.514,4.912],[39.215,4.552],[38.916,4.193],[38.652,3.819],[38.388,3.446],[38.124,3.073],[37.86,2.7],[37.596,2.326],[37.455,1.994],[37.314,1.662],[37.173,1.33],[36.842,1.312],[36.51,1.294],[36.316,0.977],[36.121,0.66],[35.927,0.342],[35.471,0.395],[35.014,0.447],[34.558,0.499],[34.101,0.551],[33.645,0.603],[33.189,0.655],[32.732,0.707],[32.276,0.759],[31.819,0.811],[31.606,0.495],[31.394,0.179],[31.181,-0.137],[30.969,-0.453],[30.589,-0.597],[30.21,-0.741],[30.209,-1.204],[30.209,-1.666],[30.208,-2.128],[30.577,-2.21],[30.946,-2.292],[31.315,-2.374],[31.383,-2.402],[31.06,-2.774],[30.736,-3.146],[30.413,-3.519],[30.244,-3.866],[30.075,-4.213],[29.906,-4.559],[29.737,-4.906],[29.593,-5.371],[29.45,-5.835],[29.306,-6.3],[29.143,-6.643],[28.98,-6.986],[28.817,-7.329],[28.853,-7.738],[28.89,-8.148],[28.927,-8.558],[28.964,-8.967],[29.197,-9.337],[29.431,-9.706],[29.665,-10.075],[29.682,-10.564],[29.699,-11.053],[29.941,-11.396],[30.184,-11.74],[30.427,-12.083],[30.67,-12.426],[31.052,-12.506],[31.434,-12.586],[31.816,-12.666],[32.173,-12.907],[32.531,-13.148],[32.889,-13.389],[33.365,-13.471],[33.84,-13.552],[33.99,-13.968],[34.14,-14.384],[34.29,-14.8],[34.442,-15.216],[34.779,-15.502],[35.117,-15.787],[34.96,-16.251],[34.801,-16.716],[34.642,-17.18],[34.609,-17.566],[34.576,-17.953],[34.791,-18.285],[35.007,-18.617],[35.224,-18.949],[35.441,-19.281],[35.381,-19.72],[35.321,-20.159],[35.26,-20.597],[35.478,-20.92],[35.696,-21.243],[35.916,-21.565],[35.94,-21.94],[35.965,-22.314],[35.99,-22.689],[35.684,-22.901],[35.377,-23.113],[35.061,-23.457],[34.742,-23.8],[34.423,-24.143],[34.101,-24.485],[34.077,-24.9],[34.053,-25.314],[34.028,-25.729],[34.004,-26.144],[33.522,-26.315],[33.039,-26.485],[32.555,-26.653],[32.07,-26.82],[31.582,-26.984],[31.094,-27.147],[30.604,-27.309],[30.113,-27.469],[29.818,-27.801],[29.522,-28.134],[29.224,-28.465],[28.924,-28.796],[28.623,-29.126],[28.319,-29.456],[28.447,-29.896],[28.576,-30.335],[28.707,-30.775],[28.838,-31.215],[28.392,-31.426],[27.944,-31.636],[27.494,-31.844],[27.515,-32.306],[27.537,-32.768],[27.559,-33.23],[27.982,-33.517],[28.409,-33.802],[28.838,-34.087],[29.158,-34.467],[29.481,-34.847],[29.807,-35.225],[30.136,-35.603],[30.582,-35.919],[31.032,-36.232],[31.485,-36.544],[31.942,-36.854],[32.403,-37.163],[32.867,-37.47],[33.336,-37.775],[33.808,-38.077],[34.284,-38.379],[34.764,-38.678],[35.248,-38.975],[35.736,-39.27],[36.228,-39.563],[36.725,-39.854],[37.225,-40.143],[37.73,-40.43],[38.239,-40.714],[38.753,-40.996],[39.271,-41.276],[39.793,-41.554],[39.608,-42.028],[39.421,-42.501],[39.231,-42.974],[39.037,-43.447],[38.841,-43.92],[38.642,-44.392],[38.439,-44.864],[38.233,-45.336],[38.024,-45.807],[37.811,-46.278],[37.594,-46.748],[37.373,-47.218],[37.149,-47.687],[36.92,-48.157],[36.688,-48.625],[36.45,-49.093],[36.209,-49.561],[35.963,-50.028],[35.711,-50.495],[35.455,-50.961],[35.886,-51.07],[36.319,-51.177]]}},{"type":"Feature","properties":{"boundary_type":"other","feature_type":"gpml:Fault","polarity":null,"overriding_plate_id":null,"subducting_plate_id":null,"plate_ids":[801,901],"name":"Alpine Fault thru Sth Isl LT"},"geometry":{"type":"LineString","coordinates":[[172.079,-46.035],[172.078,-46.02],[172.067,-45.75],[172.329,-45.374],[172.588,-44.998],[172.843,-44.622],[173.194,-44.287],[173.464,-44.071],[173.852,-43.798],[174.181,-43.553],[174.511,-43.318],[174.779,-43.153],[175.335,-42.919],[175.887,-42.682],[176.165,-42.546],[176.522,-42.373],[176.614,-42.331]]}},{"type":"Feature","properties":{"boundary_type":"other","feature_type":"gpml:Fault","polarity":null,"overriding_plate_id":null,"subducting_plate_id":null,"plate_ids":[101,406],"name":"Kamchatka"},"geometry":{"type":"LineString","coordinates":[[157.268,64.893],[156.763,64.67],[156.108,64.37],[155.468,64.067],[155.001,63.713],[154.545,63.357],[154.101,63.001],[153.658,62.621],[153.227,62.24],[152.806,61.857],[152.396,61.473],[152.387,61.011],[152.378,60.549],[152.369,60.087],[152.361,59.625],[152.465,59.227],[152.566,58.829],[152.665,58.43],[152.762,58.031],[152.857,57.633],[153.034,57.204],[153.207,56.775],[153.377,56.345],[153.542,55.916],[153.676,55.458],[153.806,55.001],[153.933,54.543],[154.058,54.085],[154.18,53.627],[154.339,53.241],[154.494,52.855]]}},{"type":"Feature","properties":{"boundary_type":"other","feature_type":"gpml:OrogenicBelt","polarity":null,"overriding_plate_id":null,"subducting_plate_id":null,"plate_ids":[501,503],"name":"After Bird (2001), DB 04-2007"},"geometry":{"type":"LineString","coordinates":[[65.603,21.693],[65.637,21.944],[65.612,22.371],[65.587,22.798],[65.562,23.224],[65.536,23.651]]}},{"type":"Feature","properties":{"boundary_type":"other","feature_type":"gpml:OrogenicBelt","polarity":null,"overriding_plate_id":null,"subducting_plate_id":null,"plate_ids":[301,501],"name":"After Bird (2001), DB 04-2007"},"geometry":{"type":"LineString","coordinates":[[65.536,23.651],[65.513,24.047],[65.489,24.442],[65.464,24.7],[65.439,24.958],[65.409,25.241],[65.379,25.523],[65.38,25.938],[65.381,26.352],[65.342,26.844],[65.225,27.004],[65.203,27.406],[65.18,27.808],[65.162,28.226],[65.416,28.386],[65.671,28.546],[66.144,28.388],[66.36,28.069],[66.575,27.75],[66.985,27.67],[67.367,27.784],[67.749,27.898],[67.827,28.195],[67.905,28.491],[67.913,28.784],[67.921,29.078],[67.929,29.371],[67.938,29.664],[67.735,30.104],[67.531,30.543],[67.746,30.82],[67.962,31.098],[68.179,31.375],[68.398,31.652],[68.588,31.933],[68.78,32.215],[68.973,32.496],[69.167,32.777],[69.427,33.138],[69.689,33.5],[69.999,33.271],[70.308,33.042],[70.615,32.811],[70.921,32.58],[71.305,32.357],[71.688,32.133],[72.086,32.027],[72.483,31.919],[72.811,31.599],[73.138,31.278],[73.192,31.003],[73.246,30.729],[73.668,30.523],[74.087,30.316],[74.351,30.129],[74.613,29.942],[74.936,29.879],[75.259,29.815],[75.492,29.668],[75.725,29.52],[76.104,29.211],[76.611,29.043],[76.924,28.783],[77.231,28.683],[77.538,28.583],[77.976,28.569],[78.305,28.478],[78.817,28.335],[79.173,27.986],[79.603,27.899],[80.032,27.81],[80.412,27.699],[80.792,27.587],[81.17,27.474],[81.548,27.361],[82.052,27.261],[82.555,27.16],[83.046,27.132],[83.537,27.102],[83.854,27.091],[84.171,27.079],[84.437,26.743],[84.783,26.702],[84.962,26.895],[85.142,27.088],[85.678,27.019],[85.966,27.031],[86.254,27.043],[86.726,27.154],[87.199,27.264],[87.707,27.126],[87.98,27.194],[88.254,27.262],[88.713,27.336],[89.174,27.409],[89.694,27.478],[90.215,27.545],[90.676,27.614],[91.138,27.682],[91.476,27.703],[91.764,27.924],[92.054,28.144],[92.352,28.378],[92.65,28.612],[92.955,28.771],[93.261,28.929],[93.649,28.937],[94.037,28.944],[94.599,28.965],[95.161,28.983],[95.324,28.615],[95.248,28.145],[95.075,27.708],[94.989,27.434],[94.904,27.159],[94.774,26.827],[94.644,26.495],[94.534,26.228],[94.425,25.962],[94.361,25.628],[94.297,25.295],[94.258,24.93],[94.22,24.566],[94.225,24.274]]}},{"type":"Feature","properties":{"boundary_type":"other","feature_type":"gpml:FractureZone","polarity":null,"overriding_plate_id":null,"subducting_plate_id":null,"plate_ids":[301,701],"name":"Dead Sea F& Arab-Turk Suture NUVEL file., DB 04-2007"},"geometry":{"type":"LineString","coordinates":[[39.265,34.845],[39.027,34.578],[38.791,34.311]]}},{"type":"Feature","properties":{"boundary_type":"other","feature_type":"gpml:FractureZone","polarity":null,"overriding_plate_id":null,"subducting_plate_id":null,"plate_ids":[503,701],"name":"Dead Sea F& Arab-Turk Suture NUVEL file., DB 04-2007"},"geometry":{"type":"LineString","coordinates":[[38.791,34.311],[38.715,34.224],[38.4,33.872],[38.088,33.519],[37.867,33.299],[37.647,33.079],[37.365,32.916],[37.085,32.752],[36.801,32.607],[36.517,32.461],[36.278,32.265],[36.04,32.069],[35.755,31.924],[35.471,31.779],[35.229,31.534],[34.989,31.288],[34.606,30.995],[34.458,30.748],[34.311,30.501],[34.493,30.297],[34.435,29.898],[34.378,29.499],[34.271,29.051],[34.165,28.603],[34.06,28.239],[33.956,27.874],[33.852,27.51],[33.747,27.112],[33.642,26.714],[33.631,26.314],[33.62,25.914],[33.566,25.665],[33.512,25.416],[33.502,25.016],[33.491,24.616],[33.479,24.117],[33.377,23.869],[33.275,23.621],[33.171,23.323],[33.068,23.025],[32.918,22.779],[32.768,22.532],[32.762,22.299]]}},{"type":"Feature","properties":{"boundary_type":"other","feature_type":"gpml:UnclassifiedFeature","polarity":null,"overriding_plate_id":null,"subducting_plate_id":null,"plate_ids":[801,901],"name":"MACQUARIE"},"geometry":{"type":"LineString","coordinates":[[167.511,-59.28],[167.373,-58.966],[167.237,-58.652],[167.075,-58.471],[166.829,-58.126],[166.247,-57.897],[165.663,-57.538],[165.285,-57.181],[164.944,-56.736],[164.834,-56.409],[164.767,-56.074],[164.785,-55.815],[164.747,-55.623],[164.766,-55.574],[164.883,-55.467],[165.039,-55.255],[165.117,-55.006],[165.184,-54.796],[165.19,-54.614],[165.211,-54.503],[165.214,-54.437],[165.25,-54.382],[165.364,-54.363],[165.514,-54.349],[165.628,-54.325],[165.797,-54.235],[165.841,-54.215],[166.063,-54.115],[166.275,-54.051],[166.51,-53.812],[166.612,-53.637],[166.679,-53.455],[166.784,-53.195],[166.88,-52.912],[166.933,-52.599],[167.023,-52.268],[167.126,-52.044],[167.342,-51.791],[167.555,-51.538],[167.845,-51.229],[168.222,-50.947],[168.484,-50.717],[168.71,-50.507],[169.062,-50.214],[169.278,-50.059],[169.49,-49.744],[169.703,-49.392],[169.861,-49.124],[170.11,-48.745],[170.275,-48.531],[170.422,-48.34],[170.577,-48.171],[170.705,-48.032],[170.821,-47.933],[170.904,-47.845],[171.013,-47.757],[171.192,-47.629],[171.366,-47.422],[171.496,-47.232],[171.636,-46.951],[171.767,-46.717],[171.861,-46.524],[171.965,-46.305],[172.05,-46.08],[172.079,-46.035]]}},{"type":"Feature","properties":{"boundary_type":"other","feature_type":"gpml:FractureZone","polarity":null,"overriding_plate_id":null,"subducting_plate_id":null,"plate_ids":[101,901],"name":"Northern most NAN PAC f NUMVEL file MG 4-28-07"},"geometry":{"type":"LineString","coordinates":[[-135.167,64.787],[-134.219,64.598],[-133.284,64.403],[-132.363,64.201],[-131.704,63.974],[-130.994,63.745],[-130.295,63.513],[-129.729,63.249],[-128.966,62.89],[-128.478,62.607],[-127.998,62.323],[-127.791,62.058],[-127.587,61.792],[-127.456,61.447],[-127.328,61.103],[-127.202,60.758],[-127.142,60.418],[-127.083,60.078],[-127.026,59.738],[-126.738,59.383],[-126.456,59.028],[-126.18,58.673],[-126.039,58.328],[-125.901,57.982],[-125.766,57.637],[-125.438,57.28],[-125.116,56.922],[-124.801,56.563],[-124.38,56.179],[-123.967,55.793],[-123.562,55.406],[-123.211,55.161],[-122.865,54.915],[-122.741,54.847]]}},{"type":"Feature","properties":{"boundary_type":"other","feature_type":"gpml:FractureZone","polarity":null,"overriding_plate_id":null,"subducting_plate_id":null,"plate_ids":[501,503],"name":"Owen FZ from NUVEL file, DB 04-2007"},"geometry":{"type":"LineString","coordinates":[[56.005,7.48],[56.28,7.837],[56.555,8.193],[56.765,8.576],[56.976,8.958],[57.187,9.341],[57.399,9.723],[57.611,10.105],[57.857,10.471],[58.104,10.837],[58.352,11.203],[58.6,11.568],[58.849,11.934],[59.072,12.302],[59.294,12.671],[59.518,13.039],[59.742,13.407],[59.967,13.774],[60.192,14.142],[60.418,14.55],[60.644,14.958],[60.872,15.366],[61.1,15.773],[61.33,16.181],[61.56,16.588],[61.815,16.954],[62.072,17.32],[62.329,17.686],[62.587,18.052],[62.847,18.417],[63.086,18.718],[63.327,19.019],[63.568,19.32],[63.81,19.62],[64.066,19.971],[64.322,20.322],[64.594,20.601],[64.866,20.88],[65.14,21.158],[65.371,21.426],[65.603,21.693]]}},{"type":"Feature","properties":{"boundary_type":"other","feature_type":"gpml:InferredPaleoBoundary","polarity":null,"overriding_plate_id":null,"subducting_plate_id":null,"plate_ids":[801,824],"name":"Hunter FractureZone DiCaprio"},"geometry":{"type":"LineString","coordinates":[[-179.212,-13.956],[-179.307,-14.073]]}},{"type":"Feature","properties":{"boundary_type":"other","feature_type":"gpml:InferredPaleoBoundary","polarity":null,"overriding_plate_id":null,"subducting_plate_id":null,"plate_ids":[301,607],"name":"Indonesian bndy w IND-mg"},"geometry":{"type":"LineString","coordinates":[[94.798,25.066],[94.51,24.67],[94.225,24.274]]}},{"type":"Feature","properties":{"boundary_type":"other","feature_type":"gpml:InferredPaleoBoundary","polarity":null,"overriding_plate_id":null,"subducting_plate_id":null,"plate_ids":[501,607],"name":"Indonesian bndy w IND-mg"},"geometry":{"type":"LineString","coordinates":[[94.225,24.274],[93.932,23.863],[93.641,23.453],[93.542,23.046],[93.445,22.638],[93.347,22.231],[93.25,21.823],[93.154,21.416],[93.089,20.94],[93.024,20.463],[92.959,19.987],[92.895,19.511],[92.809,19.062],[92.723,18.614],[92.637,18.166],[92.552,17.717],[92.468,17.269],[92.39,16.775],[92.313,16.282],[92.236,15.788],[92.16,15.295],[92.083,14.802],[92.008,14.308],[91.921,13.824],[91.835,13.34],[91.75,12.856],[91.665,12.372],[91.58,11.888],[91.495,11.404],[91.411,10.92],[91.327,10.436],[91.243,9.952]]}},{"type":"Feature","properties":{"boundary_type":"other","feature_type":"gpml:InferredPaleoBoundary","polarity":null,"overriding_plate_id":null,"subducting_plate_id":null,"plate_ids":[301,701],"name":"Morocco"},"geometry":{"type":"LineString","coordinates":[[-31.221,31.066],[-31.168,31.06],[-30.606,31.077],[-30.044,31.091],[-29.481,31.103],[-28.919,31.113],[-28.356,31.12],[-27.793,31.124],[-27.231,31.126],[-26.668,31.126],[-26.137,31.129],[-25.607,31.13],[-25.076,31.129],[-24.546,31.126],[-24.015,31.12],[-23.485,31.112],[-22.91,31.127],[-22.335,31.14],[-21.76,31.15],[-21.185,31.157],[-20.609,31.162],[-20.067,31.174],[-19.524,31.184],[-18.982,31.192],[-18.439,31.198],[-17.897,31.201],[-17.354,31.202],[-16.843,31.225],[-16.332,31.246],[-15.82,31.265],[-15.309,31.282],[-14.797,31.297],[-14.285,31.31],[-13.764,31.37],[-13.242,31.429],[-12.72,31.485],[-12.197,31.538],[-11.674,31.59],[-11.15,31.64],[-10.626,31.687],[-10.101,31.733],[-9.684,31.746],[-9.268,31.758],[-8.851,31.768],[-8.382,31.683],[-7.915,31.596],[-7.448,31.508],[-6.982,31.417],[-6.48,31.388],[-5.979,31.356],[-5.478,31.323],[-4.977,31.287],[-4.477,31.25],[-3.977,31.21],[-3.458,31.238],[-2.938,31.264],[-2.418,31.288],[-1.897,31.31],[-1.377,31.33],[-0.856,31.347],[-0.335,31.362],[0.186,31.376],[0.708,31.387],[1.148,31.343],[1.587,31.297]]}},{"type":"Feature","properties":{"boundary_type":"other","feature_type":"gpml:InferredPaleoBoundary","polarity":null,"overriding_plate_id":null,"subducting_plate_id":null,"plate_ids":[801,821],"name":"PB between NZ Havre"},"geometry":{"type":"LineString","coordinates":[[178.513,-37.087],[178.969,-37.19],[179.427,-37.291],[179.885,-37.39],[-179.574,-37.439],[-179.032,-37.486],[-178.49,-37.53],[-177.947,-37.572],[-177.726,-37.548]]}},{"type":"Feature","properties":{"boundary_type":"other","feature_type":"gpml:InferredPaleoBoundary","polarity":null,"overriding_plate_id":null,"subducting_plate_id":null,"plate_ids":[615,849],"name":"Philippine Plate from NUVEL"},"geometry":{"type":"LineString","coordinates":[[138.606,-4.268],[138.77,-3.933],[138.933,-3.598],[139.097,-3.262],[139.255,-2.841],[139.413,-2.421],[139.571,-2.0],[139.729,-1.579],[139.741,-1.489]]}},{"type":"Feature","properties":{"boundary_type":"other","feature_type":"gpml:InferredPaleoBoundary","polarity":null,"overriding_plate_id":null,"subducting_plate_id":null,"plate_ids":[608,653],"name":"Philippine Plate from NUVEL"},"geometry":{"type":"LineString","coordinates":[[139.741,-1.489],[139.804,-1.055],[139.866,-0.621],[139.928,-0.188],[139.99,0.246],[140.097,0.679],[140.204,1.111],[140.311,1.544],[140.418,1.976],[140.498,2.43],[140.578,2.884],[140.658,3.339],[140.668,3.823],[140.678,4.307],[140.689,4.791],[140.901,5.219],[141.114,5.647],[141.327,6.074],[141.541,6.501],[141.657,6.901],[141.774,7.3],[141.89,7.699],[142.007,8.098],[142.11,8.524],[142.212,8.951],[142.315,9.377],[142.418,9.803],[142.522,10.23],[142.929,10.458],[143.337,10.686]]}},{"type":"Feature","properties":{"boundary_type":"other","feature_type":"gpml:InferredPaleoBoundary","polarity":null,"overriding_plate_id":null,"subducting_plate_id":null,"plate_ids":[653,659],"name":"Philippine Plate from NUVEL"},"geometry":{"type":"LineString","coordinates":[[143.337,10.686],[143.691,10.883],[143.882,11.101],[144.074,11.32]]}},{"type":"Feature","properties":{"boundary_type":"other","feature_type":"gpml:InferredPaleoBoundary","polarity":null,"overriding_plate_id":null,"subducting_plate_id":null,"plate_ids":[801,849],"name":"SthSolSS"},"geometry":{"type":"LineString","coordinates":[[155.488,-12.572],[155.668,-12.291],[155.988,-12.08],[156.308,-11.868],[156.746,-11.755],[157.185,-11.642],[157.684,-11.589],[158.184,-11.536],[158.567,-11.483],[158.949,-11.428],[159.332,-11.374],[159.715,-11.319],[160.127,-11.233],[160.539,-11.147],[160.951,-11.06],[161.363,-10.972],[161.787,-10.772],[162.21,-10.571],[162.632,-10.369],[163.054,-10.167],[163.399,-10.019],[163.743,-9.871],[164.153,-9.822],[164.562,-9.772],[164.971,-9.722],[165.38,-9.672],[165.789,-9.621],[166.237,-9.539],[166.685,-9.456],[167.133,-9.373],[167.606,-9.367],[168.078,-9.36],[168.447,-9.277],[168.815,-9.195],[169.183,-9.111]]}},{"type":"Feature","properties":{"boundary_type":"other","feature_type":"gpml:InferredPaleoBoundary","polarity":null,"overriding_plate_id":null,"subducting_plate_id":null,"plate_ids":[821,824],"name":"LauColville LT"},"geometry":{"type":"LineString","coordinates":[[-179.376,-13.243],[-179.299,-13.587],[-179.221,-13.93],[-179.212,-13.956]]}},{"type":"Feature","properties":{"boundary_type":"other","feature_type":"gpml:InferredPaleoBoundary","polarity":null,"overriding_plate_id":null,"subducting_plate_id":null,"plate_ids":[801,821],"name":"LauColville LT"},"geometry":{"type":"LineString","coordinates":[[-179.212,-13.956],[-179.051,-14.386],[-178.89,-14.815],[-178.729,-15.244],[-178.566,-15.673],[-178.403,-16.102],[-178.24,-16.531],[-178.075,-16.96],[-177.91,-17.388],[-177.744,-17.817],[-177.578,-18.245],[-177.41,-18.673],[-177.404,-19.129],[-177.397,-19.584],[-177.39,-20.04],[-177.383,-20.495],[-177.377,-20.951],[-177.37,-21.406],[-177.363,-21.862],[-177.388,-22.334],[-177.413,-22.806],[-177.438,-23.279],[-177.464,-23.751],[-177.49,-24.223],[-177.516,-24.696],[-177.542,-25.168],[-177.568,-25.64],[-177.595,-26.113],[-177.622,-26.585],[-177.649,-27.057],[-177.676,-27.53],[-177.703,-28.002],[-177.731,-28.474],[-177.759,-28.946],[-177.787,-29.419],[-177.816,-29.891],[-178.014,-30.342],[-178.214,-30.793],[-178.417,-31.243],[-178.621,-31.693],[-178.827,-32.143],[-179.035,-32.592],[-179.246,-33.042],[-179.458,-33.49],[-179.673,-33.939],[-179.89,-34.387],[179.891,-34.834],[179.67,-35.281],[179.445,-35.728],[179.219,-36.175],[178.985,-36.479],[178.75,-36.783],[178.513,-37.087]]}},{"type":"Feature","properties":{"boundary_type":"ridge","feature_type":"gpml:MidOceanRidge","polarity":null,"overriding_plate_id":null,"subducting_plate_id":null,"plate_ids":[511,709],"name":"Ridge f iso A5 on AUS at 10.9Ma"},"geometry":{"type":"LineString","coordinates":[[70.085,-28.349],[70.202,-28.458]]}},{"type":"Feature","properties":{"boundary_type":"ridge","feature_type":"gpml:MidOceanRidge","polarity":null,"overriding_plate_id":null,"subducting_plate_id":null,"plate_ids":[511,802],"name":"Ridge f iso A5 on AUS at 10.9Ma"},"geometry":{"type":"LineString","coordinates":[[70.202,-28.458],[70.225,-28.48],[70.581,-28.672],[70.938,-28.863],[71.296,-29.054],[71.467,-28.918],[71.84,-29.192],[72.215,-29.465],[72.592,-29.737],[72.972,-30.008],[73.353,-30.277],[73.643,-30.143],[74.02,-30.469],[74.4,-30.794],[74.782,-31.119],[75.167,-31.442],[74.832,-31.743],[75.199,-31.986],[75.569,-32.227],[75.94,-32.468],[75.778,-32.719],[75.615,-32.969],[76.032,-33.263],[76.451,-33.556],[76.874,-33.847],[77.299,-34.137],[77.132,-34.361],[76.964,-34.585],[77.444,-34.885],[77.928,-35.183],[78.414,-35.48],[78.905,-35.774],[78.57,-36.147],[78.231,-36.519],[77.89,-36.89],[78.274,-37.111],[78.661,-37.33],[79.05,-37.548],[79.441,-37.764],[79.311,-38.002],[79.665,-38.225],[80.022,-38.447],[80.38,-38.668],[80.087,-38.958],[79.791,-39.247],[79.493,-39.535],[79.753,-39.747]]}},{"type":"Feature","properties":{"boundary_type":"ridge","feature_type":"gpml:MidOceanRidge","polarity":null,"overriding_plate_id":null,"subducting_plate_id":null,"plate_ids":[801,802],"name":"Ridge f iso A5 on AUS at 10.9Ma"},"geometry":{"type":"LineString","coordinates":[[79.753,-39.747],[80.011,-39.955],[80.271,-40.162],[79.931,-40.527],[79.588,-40.892],[79.24,-41.255],[78.889,-41.617],[78.534,-41.978],[78.175,-42.338],[78.657,-42.618],[79.144,-42.896],[79.636,-43.171],[80.131,-43.445],[80.631,-43.717],[81.136,-43.986],[81.645,-44.253],[82.034,-43.91],[82.419,-43.566],[82.899,-43.811],[83.382,-44.054],[83.87,-44.295],[84.362,-44.534],[84.858,-44.771],[85.358,-45.005],[85.718,-44.582],[86.073,-44.158],[86.423,-43.732],[86.768,-43.306],[87.325,-43.55],[87.886,-43.791],[88.451,-44.03],[89.022,-44.266],[89.596,-44.499],[89.842,-44.188],[90.084,-43.877],[90.659,-44.089],[91.237,-44.298],[91.819,-44.504],[92.406,-44.707],[92.997,-44.907],[93.592,-45.104],[94.19,-45.297],[94.793,-45.488],[95.405,-45.702],[96.021,-45.913],[96.641,-46.121],[97.267,-46.325],[97.897,-46.526],[98.531,-46.724],[99.171,-46.918],[98.946,-47.312],[98.718,-47.706],[98.486,-48.099],[98.251,-48.492],[98.889,-48.685],[99.531,-48.875],[100.178,-49.061],[100.829,-49.243],[101.486,-49.422],[102.147,-49.597],[102.375,-49.277],[102.6,-48.956],[103.247,-49.097],[103.898,-49.234],[104.553,-49.367],[105.211,-49.497],[105.873,-49.623],[106.538,-49.745],[107.275,-49.888],[108.016,-50.026],[108.762,-50.159],[109.511,-50.288],[109.504,-50.303],[109.643,-50.07],[110.346,-50.175],[111.053,-50.275],[111.763,-50.371],[112.475,-50.462],[113.19,-50.55],[113.908,-50.632],[114.628,-50.711],[115.35,-50.785],[116.075,-50.854],[116.802,-50.919],[117.531,-50.98],[117.639,-50.7],[117.747,-50.421],[118.418,-50.47],[119.091,-50.516],[119.765,-50.558],[119.825,-50.215],[119.885,-49.873],[120.389,-49.961],[120.896,-50.047],[121.404,-50.131],[122.019,-50.132],[122.635,-50.129],[123.25,-50.123],[123.866,-50.113],[124.063,-50.129],[124.102,-49.798],[124.14,-49.467],[124.537,-49.524],[124.934,-49.58],[124.905,-49.986],[125.644,-49.969],[126.383,-49.947],[127.121,-49.921],[127.179,-49.614],[127.236,-49.308],[127.82,-49.431],[128.406,-49.551],[128.995,-49.668],[129.536,-49.639],[129.511,-49.158],[130.075,-49.166],[130.638,-49.171],[130.669,-49.597],[130.701,-50.022],[130.734,-50.448],[131.414,-50.452],[132.093,-50.451],[132.773,-50.447],[133.453,-50.439],[134.185,-50.413],[134.917,-50.383],[135.647,-50.348],[136.377,-50.309],[137.105,-50.265],[137.825,-50.227],[138.544,-50.185],[139.262,-50.139],[139.978,-50.088],[140.693,-50.033],[141.469,-50.003],[142.244,-49.967],[143.018,-49.927],[143.13,-50.332],[143.244,-50.737],[143.359,-51.142],[143.477,-51.547],[143.597,-51.951],[144.088,-51.895],[144.577,-51.836],[144.815,-52.313],[145.059,-52.789],[145.308,-53.265],[146.024,-53.18],[146.738,-53.091],[147.449,-52.998],[147.635,-53.367],[147.825,-53.735],[148.018,-54.103],[148.682,-53.998],[149.342,-53.89],[149.999,-53.778],[150.652,-53.662],[150.885,-54.082],[151.122,-54.501],[151.365,-54.92],[151.613,-55.338],[151.866,-55.756],[152.124,-56.173],[152.389,-56.59],[152.882,-56.48],[153.372,-56.368],[153.7,-56.817],[154.035,-57.265],[154.38,-57.713],[154.732,-58.159],[155.094,-58.605],[155.465,-59.049],[155.789,-59.463],[156.121,-59.876],[156.462,-60.288],[157.306,-60.108],[158.141,-59.923],[158.966,-59.732],[159.478,-60.155],[160.003,-60.576],[160.542,-60.995],[161.095,-61.412],[161.918,-61.199],[162.73,-60.982],[163.531,-60.759],[164.321,-60.532],[165.099,-60.301]]}},{"type":"Feature","properties":{"boundary_type":"ridge","feature_type":"gpml:MidOceanRidge","polarity":null,"overriding_plate_id":null,"subducting_plate_id":null,"plate_ids":[801,901],"name":"Ridge f iso A5 on AUS at 10.9Ma"},"geometry":{"type":"LineString","coordinates":[[165.099,-60.301],[165.535,-60.168],[166.205,-59.875],[166.864,-59.579],[167.511,-59.28]]}},{"type":"Feature","properties":{"boundary_type":"ridge","feature_type":"gpml:MidOceanRidge","polarity":null,"overriding_plate_id":null,"subducting_plate_id":null,"plate_ids":[511,709],"name":"Ridge f iso A5 on IND-AUS at 10.9Ma"},"geometry":{"type":"LineString","coordinates":[[70.085,-28.349],[70.113,-28.318],[69.956,-27.891],[69.801,-27.463],[69.646,-27.036],[69.493,-26.608],[69.341,-26.181],[69.19,-25.753],[69.292,-25.536],[69.033,-25.104],[68.777,-24.672],[68.522,-24.239],[68.269,-23.806],[67.846,-24.043],[67.59,-23.834],[67.334,-23.625],[66.879,-23.755],[66.561,-23.404],[66.245,-23.052],[65.931,-22.7],[65.619,-22.347],[65.308,-21.993],[64.998,-21.639],[65.349,-21.405],[65.698,-21.171],[66.046,-20.936],[66.393,-20.7],[66.739,-20.463],[66.571,-20.216],[66.403,-19.968],[66.812,-19.7],[67.22,-19.43],[66.916,-19.038],[66.613,-18.646],[66.312,-18.253],[66.012,-17.86],[65.713,-17.466],[66.131,-17.209],[66.549,-16.951],[66.285,-16.605],[66.022,-16.259],[65.759,-15.912],[65.498,-15.565],[65.816,-15.339],[66.133,-15.111],[65.856,-14.745],[66.255,-14.437],[66.094,-14.216],[65.934,-13.995],[66.28,-13.719],[66.626,-13.442],[66.971,-13.165],[66.734,-12.82],[67.042,-12.543],[67.349,-12.266],[67.655,-11.988],[67.961,-11.71],[67.718,-11.451],[67.475,-11.192],[67.232,-10.932],[67.54,-10.561]]}},{"type":"Feature","properties":{"boundary_type":"ridge","feature_type":"gpml:MidOceanRidge","polarity":null,"overriding_plate_id":null,"subducting_plate_id":null,"plate_ids":[802,911],"name":"Ridge from iso 5 at 10.9Ma on Antarctica Plate"},"geometry":{"type":"LineString","coordinates":[[-107.663,-35.076],[-107.089,-35.203],[-106.513,-35.327],[-105.935,-35.448],[-105.356,-35.567],[-104.774,-35.683],[-104.191,-35.796],[-103.607,-35.906],[-103.021,-36.014],[-102.433,-36.119],[-101.844,-36.22],[-101.86,-36.704],[-101.402,-36.741],[-100.943,-36.777],[-100.484,-36.811],[-100.525,-37.225],[-100.566,-37.638],[-100.608,-38.051],[-100.183,-38.089],[-99.758,-38.125],[-99.791,-38.42],[-99.824,-38.714],[-99.384,-38.767],[-98.943,-38.819],[-98.968,-39.265],[-98.992,-39.711],[-99.017,-40.157],[-99.537,-40.139],[-100.056,-40.118],[-100.068,-40.53],[-100.08,-40.941],[-99.554,-40.972],[-99.027,-41.001],[-98.5,-41.026],[-98.467,-41.505],[-97.88,-41.521],[-97.294,-41.534],[-96.708,-41.544],[-96.121,-41.552],[-95.534,-41.556],[-95.562,-41.827],[-95.036,-41.832],[-94.509,-41.835],[-93.982,-41.835],[-93.456,-41.833],[-93.448,-42.084],[-92.988,-42.087],[-92.528,-42.088],[-92.068,-42.087],[-92.07,-42.492],[-92.072,-42.897],[-92.074,-43.302],[-92.076,-43.707],[-91.473,-43.689],[-90.871,-43.667],[-90.865,-44.133],[-90.858,-44.6],[-90.851,-45.066],[-90.844,-45.533],[-90.837,-45.999],[-90.122,-45.965],[-89.407,-45.926],[-88.694,-45.883],[-87.981,-45.836],[-87.27,-45.784],[-87.234,-46.231],[-87.198,-46.678],[-87.161,-47.126],[-86.483,-47.099],[-85.806,-47.067],[-85.13,-47.032],[-84.455,-46.992],[-84.377,-47.377],[-83.826,-47.335],[-83.765,-47.669],[-83.703,-48.002],[-83.264,-47.961],[-83.22,-48.202],[-82.495,-48.193],[-81.77,-48.18],[-81.046,-48.162],[-81.037,-48.608],[-81.028,-49.054],[-81.019,-49.5],[-81.009,-49.946],[-81.0,-50.392],[-80.99,-50.838],[-80.813,-51.265],[-80.632,-51.691],[-80.448,-52.117],[-80.261,-52.543],[-80.034,-52.964],[-79.802,-53.384],[-79.566,-53.804]]}},{"type":"Feature","properties":{"boundary_type":"ridge","feature_type":"gpml:MidOceanRidge","polarity":null,"overriding_plate_id":null,"subducting_plate_id":null,"plate_ids":[802,819],"name":"Ridge from iso 5 at 10.9Ma on Antarctica Plate"},"geometry":{"type":"LineString","coordinates":[[-79.566,-53.804],[-79.448,-54.011],[-79.082,-54.227]]}},{"type":"Feature","properties":{"boundary_type":"ridge","feature_type":"gpml:MidOceanRidge","polarity":null,"overriding_plate_id":null,"subducting_plate_id":null,"plate_ids":[101,301],"name":"Ridge from iso A5 from NorthAmerica 10.9Ma"},"geometry":{"type":"LineString","coordinates":[[-24.965,39.887],[-25.089,39.558],[-25.169,39.403],[-25.431,39.453],[-25.567,39.086],[-25.701,38.718],[-25.732,38.438],[-25.792,38.096],[-25.77,37.921],[-25.757,37.69],[-25.81,37.445],[-25.868,37.222],[-25.999,36.962],[-26.059,36.809],[-26.084,36.649],[-25.914,36.588],[-26.031,36.272],[-26.081,36.075],[-26.276,36.093],[-26.356,35.645],[-26.434,35.197],[-26.512,34.748],[-26.686,34.784],[-26.872,34.452],[-27.057,34.119],[-27.241,33.776],[-27.377,33.778],[-27.594,33.416],[-27.809,33.053],[-28.119,33.099],[-28.256,32.768],[-28.813,32.921],[-29.372,33.07],[-29.538,32.679],[-29.689,32.706],[-29.831,32.298],[-29.912,32.31],[-30.075,32.033],[-30.304,32.089],[-30.48,31.849],[-30.631,31.538],[-30.781,31.228],[-31.109,31.303],[-31.221,31.066]]}},{"type":"Feature","properties":{"boundary_type":"ridge","feature_type":"gpml:MidOceanRidge","polarity":null,"overriding_plate_id":null,"subducting_plate_id":null,"plate_ids":[101,701],"name":"Ridge from iso A5 from NorthAmerica 10.9Ma"},"geometry":{"type":"LineString","coordinates":[[-31.221,31.066],[-31.409,30.664],[-31.803,30.767],[-32.198,30.87],[-32.594,30.971],[-32.709,30.673],[-32.823,30.375],[-33.381,30.509],[-33.498,30.2],[-33.615,29.892],[-33.936,29.979],[-34.118,29.65],[-34.298,29.321],[-34.357,29.33],[-34.85,29.451],[-35.344,29.57],[-35.839,29.687],[-36.059,29.384],[-36.277,29.079],[-36.11,29.024],[-36.415,28.667],[-36.718,28.308],[-37.02,27.949],[-37.319,27.589],[-37.616,27.228],[-37.752,27.26],[-38.073,26.872],[-38.198,26.896],[-38.534,26.514],[-38.867,26.13],[-39.271,26.219],[-39.43,25.913],[-39.587,25.607],[-39.74,25.645],[-39.937,25.327],[-40.133,25.008],[-40.417,25.083],[-40.611,24.69],[-40.804,24.297],[-40.996,23.904],[-41.187,23.511],[-41.376,23.117],[-41.565,22.724],[-41.752,22.33],[-41.835,22.337],[-42.046,21.945],[-42.255,21.552],[-42.593,21.633],[-42.756,21.292],[-42.919,20.95],[-43.218,21.032],[-43.368,20.692],[-43.517,20.351],[-43.122,20.23],[-42.727,20.107],[-42.334,19.984],[-42.382,19.651],[-42.431,19.317],[-42.479,18.983],[-42.516,18.985],[-42.581,18.59],[-42.646,18.195],[-42.949,18.267],[-43.074,17.878],[-43.197,17.489],[-43.32,17.1],[-43.024,17.001],[-43.149,16.603],[-43.273,16.204],[-43.309,16.215],[-43.402,15.775],[-43.495,15.334],[-43.594,15.068],[-43.692,14.802],[-43.774,14.822],[-43.898,14.446],[-44.021,14.069],[-43.971,14.05],[-44.1,13.622],[-44.229,13.194],[-44.357,12.767],[-44.485,12.339]]}},{"type":"Feature","properties":{"boundary_type":"ridge","feature_type":"gpml:MidOceanRidge","polarity":null,"overriding_plate_id":null,"subducting_plate_id":null,"plate_ids":[201,701],"name":"Ridge from iso A5 from NorthAmerica 10.9Ma"},"geometry":{"type":"LineString","coordinates":[[-44.485,12.339],[-44.584,12.007],[-44.587,11.997]]}},{"type":"Feature","properties":{"boundary_type":"ridge","feature_type":"gpml:MidOceanRidge","polarity":null,"overriding_plate_id":null,"subducting_plate_id":null,"plate_ids":[501,709],"name":"Ridge from iso A5 on ARB at 10.9Ma"},"geometry":{"type":"LineString","coordinates":[[55.217,5.366],[55.482,5.732],[55.747,6.098],[56.013,6.464],[56.279,6.829],[56.546,7.195],[56.275,7.337],[56.005,7.48]]}},{"type":"Feature","properties":{"boundary_type":"ridge","feature_type":"gpml:MidOceanRidge","polarity":null,"overriding_plate_id":null,"subducting_plate_id":null,"plate_ids":[503,709],"name":"Ridge from iso A5 on ARB at 10.9Ma"},"geometry":{"type":"LineString","coordinates":[[56.005,7.48],[55.719,7.631],[55.433,7.781],[55.626,8.161],[55.819,8.541],[55.423,8.698],[55.027,8.854],[54.631,9.01],[54.728,9.275],[54.825,9.539],[54.401,9.642],[53.976,9.745],[53.552,9.846],[53.127,9.948],[52.969,9.714],[52.812,9.481],[52.488,9.619],[52.279,9.231],[51.947,9.333],[51.87,9.198],[51.431,9.27],[50.992,9.342],[50.553,9.414],[50.113,9.484],[49.917,9.118],[49.721,8.751],[49.526,8.385],[49.331,8.018],[49.137,7.651],[48.656,7.724],[48.174,7.796],[47.692,7.868],[47.29,7.714],[46.887,7.561],[46.485,7.406],[46.083,7.252],[45.681,7.097],[45.209,7.0],[44.738,6.903],[44.266,6.805],[43.795,6.707],[43.324,6.608],[42.853,6.509]]}},{"type":"Feature","properties":{"boundary_type":"ridge","feature_type":"gpml:MidOceanRidge","polarity":null,"overriding_plate_id":null,"subducting_plate_id":null,"plate_ids":[701,709],"name":"Ridge from iso A5 on ARB at 10.9Ma"},"geometry":{"type":"LineString","coordinates":[[42.853,6.509],[42.773,6.492],[42.363,6.387],[41.953,6.282],[41.544,6.176],[41.134,6.07],[40.725,5.964],[40.451,5.874],[40.178,5.783]]}},{"type":"Feature","properties":{"boundary_type":"ridge","feature_type":"gpml:MidOceanRidge","polarity":null,"overriding_plate_id":null,"subducting_plate_id":null,"plate_ids":[901,911],"name":"BELLINGHAUSEN SEA, MARIE BYRD LAND-PACIFIC"},"geometry":{"type":"LineString","coordinates":[[-107.605,-34.877],[-107.663,-35.076]]}},{"type":"Feature","properties":{"boundary_type":"ridge","feature_type":"gpml:MidOceanRidge","polarity":null,"overriding_plate_id":null,"subducting_plate_id":null,"plate_ids":[802,901],"name":"BELLINGHAUSEN SEA, MARIE BYRD LAND-PACIFIC"},"geometry":{"type":"LineString","coordinates":[[-107.663,-35.076],[-107.681,-35.135],[-107.818,-35.621],[-107.957,-36.108],[-108.098,-36.595],[-108.24,-37.081],[-108.384,-37.567],[-108.531,-38.053],[-108.679,-38.539],[-108.829,-39.025],[-108.349,-39.104],[-107.867,-39.18],[-107.385,-39.255],[-107.583,-39.724],[-107.783,-40.193],[-107.987,-40.661],[-108.193,-41.129],[-108.402,-41.597],[-108.614,-42.064],[-108.83,-42.531],[-109.048,-42.998],[-109.27,-43.464],[-109.495,-43.93],[-109.724,-44.395],[-109.957,-44.86],[-110.193,-45.324],[-110.434,-45.788],[-110.678,-46.251],[-110.926,-46.714],[-111.179,-47.176],[-111.436,-47.637],[-111.698,-48.099],[-111.965,-48.559],[-112.236,-49.019],[-112.513,-49.478],[-113.184,-49.359],[-113.853,-49.236],[-114.517,-49.109],[-115.179,-48.979],[-115.837,-48.844],[-116.095,-49.301],[-116.358,-49.756],[-116.627,-50.211],[-116.9,-50.666],[-117.179,-51.119],[-117.463,-51.572],[-117.753,-52.025],[-117.233,-52.119],[-117.497,-52.544],[-117.767,-52.969],[-118.042,-53.393],[-118.322,-53.817],[-118.895,-53.7],[-119.166,-54.114],[-119.443,-54.529],[-119.725,-54.942],[-120.013,-55.356],[-120.718,-55.207],[-121.419,-55.055],[-122.114,-54.898],[-122.804,-54.738],[-123.488,-54.574],[-124.167,-54.406],[-124.348,-54.641],[-124.532,-54.876],[-125.294,-54.715],[-126.05,-54.55],[-126.799,-54.38],[-127.543,-54.205],[-128.28,-54.026],[-129.011,-53.842],[-129.735,-53.654],[-130.453,-53.461],[-131.164,-53.265],[-131.868,-53.064],[-132.566,-52.859],[-133.258,-52.65],[-133.942,-52.437],[-134.62,-52.22],[-134.931,-52.625],[-135.248,-53.029],[-135.571,-53.433],[-135.9,-53.835],[-136.236,-54.237],[-136.578,-54.638],[-136.927,-55.038],[-137.282,-55.436],[-137.646,-55.834],[-138.383,-55.644],[-139.114,-55.45],[-139.837,-55.252],[-140.553,-55.049],[-141.262,-54.842],[-141.964,-54.631],[-142.658,-54.416],[-143.345,-54.198],[-144.025,-53.975],[-144.424,-54.343],[-144.83,-54.71],[-145.244,-55.076],[-145.666,-55.441],[-146.095,-55.803],[-146.696,-55.625],[-147.075,-55.998],[-147.462,-56.37],[-147.857,-56.741],[-148.259,-57.11],[-148.67,-57.479],[-149.088,-57.845],[-149.54,-57.707],[-149.989,-57.567],[-150.445,-58.0],[-150.912,-58.431],[-150.085,-58.667],[-150.576,-59.071],[-151.079,-59.473],[-151.594,-59.873],[-152.121,-60.271],[-152.662,-60.666],[-153.215,-61.06],[-153.783,-61.451],[-154.633,-61.225],[-155.471,-60.995],[-156.297,-60.759],[-157.111,-60.518],[-157.912,-60.272],[-158.324,-60.585],[-158.953,-60.367],[-159.574,-60.146],[-160.186,-59.922],[-160.7,-60.269],[-161.226,-60.614],[-161.763,-60.956],[-162.467,-60.743],[-163.161,-60.526],[-163.846,-60.305],[-164.522,-60.081],[-165.071,-60.431],[-165.632,-60.778],[-166.206,-61.123],[-166.791,-61.465],[-167.39,-61.805],[-168.003,-62.142],[-168.75,-61.908],[-169.485,-61.669],[-170.145,-62.055],[-170.821,-62.438],[-171.515,-62.818],[-172.226,-63.194],[-172.953,-62.956],[-173.668,-62.714],[-174.309,-63.119],[-174.968,-63.522]]}},{"type":"Feature","properties":{"boundary_type":"ridge","feature_type":"gpml:MidOceanRidge","polarity":null,"overriding_plate_id":null,"subducting_plate_id":null,"plate_ids":[802,901],"name":"MOR extended for closure AT"},"geometry":{"type":"LineString","coordinates":[[-174.968,-63.522],[-174.926,-63.572],[-175.71,-63.904],[-176.514,-64.231],[-177.336,-64.554],[-178.178,-64.872],[-179.04,-65.185],[-179.922,-65.493],[179.175,-65.796],[178.251,-66.094],[177.304,-66.386],[176.336,-66.672]]}},{"type":"Feature","properties":{"boundary_type":"ridge","feature_type":"gpml:MidOceanRidge","polarity":null,"overriding_plate_id":null,"subducting_plate_id":null,"plate_ids":[901],"name":"MOR Nazca-Pacific"},"geometry":{"type":"LineString","coordinates":[[-100.477,1.265],[-100.941,1.119],[-101.405,0.972],[-101.869,0.826],[-102.333,0.679],[-102.435,0.24],[-102.538,-0.199],[-102.64,-0.637],[-102.742,-1.076],[-102.845,-1.515],[-102.947,-1.954],[-103.05,-2.393],[-103.152,-2.832],[-103.255,-3.271],[-103.358,-3.709]]}},{"type":"Feature","properties":{"boundary_type":"ridge","feature_type":"gpml:MidOceanRidge","polarity":null,"overriding_plate_id":null,"subducting_plate_id":null,"plate_ids":[972],"name":"MOR Nazca-Pacific"},"geometry":{"type":"LineString","coordinates":[[-103.358,-3.709],[-103.401,-3.893],[-103.025,-4.094],[-102.65,-4.295],[-102.274,-4.496],[-101.898,-4.697],[-101.522,-4.897],[-101.145,-5.097]]}},{"type":"Feature","properties":{"boundary_type":"ridge","feature_type":"gpml:MidOceanRidge","polarity":null,"overriding_plate_id":null,"subducting_plate_id":null,"plate_ids":[911,972],"name":"NAZ-PAC MOR"},"geometry":{"type":"LineString","coordinates":[[-101.584,-13.602],[-102.081,-13.588],[-102.578,-13.573],[-103.076,-13.558],[-103.573,-13.541],[-104.07,-13.523],[-104.567,-13.504],[-105.063,-13.484],[-105.56,-13.463],[-106.057,-13.441],[-106.537,-13.541],[-107.018,-13.64],[-107.5,-13.738],[-107.982,-13.835],[-108.464,-13.931],[-108.947,-14.027],[-109.43,-14.121],[-109.913,-14.214],[-110.397,-14.306],[-110.881,-14.398],[-111.366,-14.488],[-111.47,-14.856],[-111.573,-15.224]]}},{"type":"Feature","properties":{"boundary_type":"ridge","feature_type":"gpml:MidOceanRidge","polarity":null,"overriding_plate_id":null,"subducting_plate_id":null,"plate_ids":[901,911],"name":"NAZ-PAC MOR"},"geometry":{"type":"LineString","coordinates":[[-111.573,-15.224],[-111.706,-15.694],[-111.84,-16.164],[-111.975,-16.634],[-112.11,-17.103],[-112.245,-17.573],[-112.382,-18.042],[-112.519,-18.512],[-112.657,-18.981],[-112.796,-19.451],[-112.935,-19.92],[-113.075,-20.389],[-113.216,-20.858],[-113.359,-21.326],[-113.502,-21.795],[-113.645,-22.264],[-113.79,-22.732],[-113.936,-23.2],[-114.083,-23.669],[-114.231,-24.137],[-114.38,-24.605],[-114.53,-25.072],[-114.682,-25.54],[-114.268,-25.643],[-113.855,-25.745],[-113.44,-25.845],[-113.5,-26.325],[-113.561,-26.805],[-113.622,-27.285],[-113.684,-27.765],[-113.746,-28.245],[-113.809,-28.725],[-113.872,-29.205],[-113.936,-29.685],[-114.001,-30.165],[-114.066,-30.645],[-114.132,-31.124],[-114.198,-31.604],[-114.266,-32.084],[-114.334,-32.563],[-114.402,-33.043],[-114.472,-33.522],[-113.908,-33.65],[-113.343,-33.775],[-112.776,-33.897],[-112.208,-34.016],[-111.638,-34.133],[-111.066,-34.248],[-110.493,-34.359],[-109.918,-34.468],[-109.342,-34.575],[-108.765,-34.678],[-108.186,-34.779],[-107.605,-34.877]]}},{"type":"Feature","properties":{"boundary_type":"ridge","feature_type":"gpml:MidOceanRidge","polarity":null,"overriding_plate_id":null,"subducting_plate_id":null,"plate_ids":[970],"name":"PAC NAM spreading GulfCalifornia NUVEL MG 4-30-07 mod COB"},"geometry":{"type":"LineString","coordinates":[[-106.18,30.532],[-106.368,30.994],[-106.557,31.457],[-106.748,31.918],[-106.941,32.38],[-107.137,32.841],[-107.334,33.302],[-107.533,33.763],[-107.734,34.223],[-107.938,34.683],[-108.144,35.142],[-108.352,35.602],[-108.562,36.06],[-108.776,36.519],[-108.991,36.977],[-108.976,36.536],[-108.961,36.096],[-108.957,35.671],[-108.953,35.246],[-108.92,34.931],[-108.887,34.617],[-108.829,34.336],[-108.745,34.049],[-108.709,33.754],[-108.673,33.458],[-108.908,33.282],[-109.142,33.105]]}},{"type":"Feature","properties":{"boundary_type":"ridge","feature_type":"gpml:MidOceanRidge","polarity":null,"overriding_plate_id":null,"subducting_plate_id":null,"plate_ids":[101,901,970],"name":"PAC NAM spreading GulfCalifornia NUVEL MG 4-30-07 mod COB"},"geometry":{"type":"LineString","coordinates":[[-109.142,33.105],[-109.169,33.084],[-108.876,32.693],[-108.689,32.401],[-108.504,32.109],[-108.364,31.86],[-108.123,31.622],[-107.985,31.28],[-107.814,31.086],[-107.593,30.904],[-107.575,30.674],[-107.381,30.486],[-107.261,30.187],[-106.991,29.923],[-106.83,29.657],[-106.495,29.524],[-106.303,29.149],[-106.068,28.714],[-105.892,28.475],[-105.805,28.355],[-105.624,28.094],[-105.443,27.74],[-105.209,27.467],[-105.025,27.276],[-104.865,27.08],[-104.634,26.871],[-104.402,26.532],[-104.287,26.395],[-104.083,26.319],[-103.994,26.21],[-103.735,25.785],[-103.566,25.469],[-103.398,25.152],[-103.274,24.889],[-103.15,24.627],[-102.835,24.244],[-102.523,23.861],[-102.23,23.673],[-101.938,23.486],[-101.507,23.246],[-101.231,23.101],[-101.095,22.912]]}},{"type":"Feature","properties":{"boundary_type":"ridge","feature_type":"gpml:MidOceanRidge","polarity":null,"overriding_plate_id":null,"subducting_plate_id":null,"plate_ids":[901],"name":"PAC NAM spreading GulfCalifornia NUVEL MG 4-30-07 mod COB"},"geometry":{"type":"LineString","coordinates":[[-101.095,22.912],[-101.012,22.795],[-100.952,22.543],[-100.892,22.29],[-100.903,22.167],[-101.251,22.403],[-101.6,22.639],[-101.951,22.873],[-102.303,23.107]]}},{"type":"Feature","properties":{"boundary_type":"ridge","feature_type":"gpml:MidOceanRidge","polarity":null,"overriding_plate_id":null,"subducting_plate_id":null,"plate_ids":[101,301],"name":"Porcupine MOR"},"geometry":{"type":"LineString","coordinates":[[-25.96,47.757],[-25.99,47.599],[-26.051,47.144],[-26.111,46.688],[-25.856,46.596],[-25.862,46.177],[-25.868,45.757],[-25.234,45.629],[-24.603,45.497],[-24.549,45.163],[-24.495,44.83],[-24.43,44.719],[-24.323,44.584],[-24.212,44.415],[-24.119,44.245],[-24.099,44.107],[-24.125,43.931],[-23.95,43.892],[-23.972,43.695],[-23.903,43.583],[-23.847,43.499],[-23.805,43.401],[-23.735,43.037],[-23.665,42.672],[-23.716,42.199],[-23.794,41.921],[-23.871,41.643],[-24.05,41.262],[-24.228,40.88],[-24.442,40.544],[-24.653,40.207],[-24.863,39.87],[-24.965,39.887]]}},{"type":"Feature","properties":{"boundary_type":"ridge","feature_type":"gpml:MidOceanRidge","polarity":null,"overriding_plate_id":null,"subducting_plate_id":null,"plate_ids":[503,701],"name":"Red sea rift from NUVEL file (MG)"},"geometry":{"type":"LineString","coordinates":[[32.762,22.299],[32.934,22.036],[33.129,21.788],[33.324,21.54],[33.556,21.109],[33.786,20.678],[34.014,20.247],[34.238,19.875],[34.461,19.503],[34.682,19.131],[34.903,18.758],[35.104,18.401],[35.303,18.044],[35.502,17.687],[35.701,17.329],[35.898,16.971],[36.116,16.608],[36.334,16.245],[36.551,15.882],[36.767,15.519],[36.982,15.155],[37.197,14.791],[37.425,14.37],[37.652,13.949],[37.879,13.528],[38.105,13.106],[38.329,12.691],[38.553,12.275],[38.776,11.859],[38.999,11.443],[39.221,11.027],[39.444,10.691],[39.668,10.356],[39.891,10.02],[40.113,9.685],[40.335,9.349],[40.638,8.989],[40.941,8.629],[41.244,8.268],[41.58,7.943],[41.916,7.617],[42.252,7.291],[42.456,6.996],[42.655,6.753],[42.853,6.509]]}},{"type":"Feature","properties":{"boundary_type":"ridge","feature_type":"gpml:MidOceanRidge","polarity":null,"overriding_plate_id":null,"subducting_plate_id":null,"plate_ids":[701,802],"name":"Ridge from iso A5 from Antarctica at 10.9Ma"},"geometry":{"type":"LineString","coordinates":[[-0.97,-58.913],[-0.687,-58.914],[-0.141,-59.101],[0.41,-59.286],[0.967,-59.469],[1.451,-59.108],[1.884,-59.249],[2.321,-59.388],[2.746,-59.135],[3.164,-58.88],[3.576,-58.623],[4.173,-58.833],[4.777,-59.041],[5.388,-59.245],[5.949,-58.88],[6.782,-59.112],[7.078,-58.888],[7.371,-58.664],[8.084,-58.879],[8.807,-59.091],[9.277,-58.771],[9.739,-58.45],[10.192,-58.126],[10.637,-57.802],[11.075,-57.476],[11.803,-57.721],[12.542,-57.962],[12.942,-57.613],[13.334,-57.264],[13.719,-56.913],[14.097,-56.561],[14.78,-56.792],[15.471,-57.019],[15.712,-56.788],[15.95,-56.557],[16.506,-56.724],[17.067,-56.889],[17.305,-56.588],[17.54,-56.287],[18.265,-56.483],[18.997,-56.675],[19.737,-56.863],[20.484,-57.046],[21.238,-57.225],[22.001,-57.309],[22.767,-57.389],[23.536,-57.464],[24.309,-57.534],[25.084,-57.6],[25.862,-57.661],[26.648,-57.726],[27.436,-57.786],[28.227,-57.842],[28.447,-57.493],[28.663,-57.144],[29.279,-57.223],[29.897,-57.298],[30.517,-57.371],[30.667,-57.107],[30.815,-56.842],[31.321,-56.91],[31.83,-56.976],[31.965,-56.57],[32.098,-56.163],[32.596,-56.257],[33.097,-56.348],[33.301,-55.915],[33.499,-55.482],[33.694,-55.048],[33.884,-54.615],[34.07,-54.18],[34.253,-53.746],[34.431,-53.311],[34.898,-53.359],[35.366,-53.406],[35.564,-52.961],[35.759,-52.515],[35.949,-52.07],[36.136,-51.624],[36.319,-51.177]]}},{"type":"Feature","properties":{"boundary_type":"ridge","feature_type":"gpml:MidOceanRidge","polarity":null,"overriding_plate_id":null,"subducting_plate_id":null,"plate_ids":[709,802],"name":"Ridge from iso A5 from Antarctica at 10.9Ma"},"geometry":{"type":"LineString","coordinates":[[36.319,-51.177],[36.49,-50.752],[36.658,-50.326],[36.823,-49.899],[37.408,-49.966],[37.994,-50.03],[38.149,-49.667],[38.302,-49.303],[38.452,-48.938],[38.601,-48.574],[39.305,-48.529],[40.009,-48.479],[40.564,-48.316],[41.116,-48.15],[41.665,-47.982],[42.21,-47.811],[42.369,-47.399],[42.525,-46.987],[43.081,-47.109],[43.108,-47.465],[43.658,-47.518],[44.208,-47.568],[44.76,-47.615],[44.899,-47.161],[45.035,-46.707],[45.169,-46.253],[45.301,-45.798],[45.431,-45.344],[45.558,-44.889],[45.684,-44.434],[46.27,-44.236],[46.852,-44.034],[47.43,-43.829],[48.004,-43.622],[48.574,-43.412],[49.14,-43.198],[49.203,-42.805],[49.265,-42.412],[49.81,-42.238],[50.351,-42.061],[50.314,-41.826],[50.783,-41.669],[51.25,-41.511],[51.714,-41.35],[52.176,-41.188],[52.265,-40.917],[52.873,-40.801],[53.478,-40.682],[54.082,-40.56],[54.683,-40.435],[55.283,-40.307],[55.302,-39.95],[55.321,-39.594],[55.929,-39.524],[56.536,-39.452],[56.549,-39.081],[56.562,-38.71],[56.575,-38.339],[56.847,-38.072],[57.116,-37.803],[57.383,-37.535],[57.503,-37.25],[57.934,-37.174],[58.364,-37.096],[58.427,-36.847],[58.489,-36.598],[58.926,-36.472],[59.362,-36.343],[59.797,-36.213],[59.803,-35.748],[59.809,-35.284],[59.815,-34.819],[60.204,-34.618],[60.592,-34.415],[60.978,-34.211],[61.047,-33.762],[61.357,-33.673],[61.666,-33.583],[61.765,-33.157],[62.337,-33.09],[62.909,-33.021],[63.162,-33.007],[63.209,-32.595],[63.256,-32.184],[63.303,-31.772],[63.724,-31.484],[64.142,-31.194],[64.558,-30.904],[64.971,-30.612],[65.334,-30.462],[65.697,-30.312],[66.058,-30.16],[66.61,-30.068],[67.161,-29.974],[67.531,-29.867],[67.901,-29.76],[68.27,-29.652],[68.798,-29.469],[69.324,-29.284],[69.451,-28.932],[69.747,-28.821],[69.734,-28.6],[70.099,-28.547],[70.202,-28.458]]}},{"type":"Feature","properties":{"boundary_type":"ridge","feature_type":"gpml:MidOceanRidge","polarity":null,"overriding_plate_id":null,"subducting_plate_id":null,"plate_ids":[201,701],"name":"Ridge from iso A5 from South America at 10.9Ma"},"geometry":{"type":"LineString","coordinates":[[-44.587,11.997],[-44.587,11.997],[-44.141,11.872],[-43.694,11.747],[-43.248,11.621],[-42.803,11.495],[-42.814,11.015],[-42.824,10.535],[-42.835,10.055],[-42.845,9.575],[-42.856,9.095],[-42.467,9.045],[-42.079,8.993],[-42.097,8.563],[-41.729,8.516],[-41.758,8.143],[-41.787,7.771],[-41.817,7.398],[-41.354,7.334],[-40.892,7.27],[-40.431,7.205],[-39.969,7.14],[-39.507,7.074],[-39.046,7.008],[-39.067,6.613],[-39.088,6.219],[-38.857,6.205],[-38.874,5.925],[-38.89,5.646],[-38.673,5.617],[-38.69,5.329],[-38.708,5.041],[-38.45,5.02],[-38.193,4.998],[-38.211,4.697],[-38.229,4.397],[-37.757,4.354],[-37.285,4.311],[-36.813,4.268],[-36.342,4.224],[-36.337,3.843],[-35.9,3.803],[-35.462,3.762],[-35.025,3.722],[-35.009,3.485],[-34.63,3.445],[-34.252,3.405],[-34.237,3.071],[-33.904,3.017],[-33.571,2.962],[-33.572,2.623],[-33.142,2.603],[-32.712,2.583],[-32.282,2.562],[-31.852,2.542],[-31.844,2.061],[-31.835,1.58],[-31.543,1.565],[-31.251,1.55],[-31.236,1.124],[-31.22,0.699],[-31.205,0.274],[-31.19,-0.151],[-30.722,-0.151],[-30.255,-0.15],[-29.788,-0.149],[-29.32,-0.149],[-29.289,-0.634],[-29.258,-1.119],[-29.227,-1.605],[-29.196,-2.09],[-29.164,-2.576],[-28.827,-2.57],[-28.49,-2.564],[-28.418,-2.983],[-28.346,-3.401],[-27.858,-3.368],[-27.37,-3.336],[-26.882,-3.303],[-26.394,-3.269],[-25.906,-3.236],[-25.418,-3.202],[-24.93,-3.168],[-24.855,-3.509],[-24.779,-3.85],[-24.358,-3.82],[-23.938,-3.789],[-23.518,-3.758],[-23.416,-4.219],[-23.314,-4.679],[-23.211,-5.14],[-23.109,-5.601],[-22.63,-5.53],[-22.15,-5.46],[-21.671,-5.389],[-21.191,-5.317],[-20.712,-5.245],[-20.233,-5.173],[-19.754,-5.101],[-19.275,-5.028],[-18.797,-4.954],[-18.318,-4.881],[-17.84,-4.807],[-17.361,-4.732],[-16.883,-4.658],[-16.405,-4.583],[-15.927,-4.508],[-15.449,-4.432],[-14.971,-4.356],[-14.862,-4.752],[-14.753,-5.148],[-14.53,-5.124],[-14.428,-5.434],[-14.325,-5.744],[-14.063,-5.694],[-13.927,-6.021],[-13.472,-5.927],[-13.017,-5.832],[-12.562,-5.737],[-12.107,-5.642],[-11.653,-5.546],[-11.496,-5.958],[-11.339,-6.37],[-11.182,-6.782],[-11.025,-7.194],[-10.867,-7.606],[-10.832,-7.692]]}},{"type":"Feature","properties":{"boundary_type":"ridge","feature_type":"gpml:MidOceanRidge","polarity":null,"overriding_plate_id":null,"subducting_plate_id":null,"plate_ids":[201,701],"name":"Ridge from iso A5 from South America at 10.9Ma"},"geometry":{"type":"LineString","coordinates":[[-10.832,-7.692],[-10.905,-7.719],[-11.025,-7.753],[-10.899,-8.237],[-10.773,-8.72],[-10.646,-9.203],[-10.519,-9.687],[-10.392,-10.17],[-10.264,-10.653],[-10.136,-11.137],[-10.007,-11.62],[-10.502,-11.731],[-10.998,-11.842],[-11.494,-11.952],[-11.99,-12.061],[-12.487,-12.169],[-12.406,-12.621],[-12.325,-13.073],[-12.244,-13.525],[-12.162,-13.977],[-12.426,-14.059],[-12.342,-14.484],[-12.257,-14.908],[-12.172,-15.333],[-12.087,-15.757],[-12.002,-16.182],[-12.487,-16.294],[-12.974,-16.405],[-13.46,-16.515],[-13.948,-16.624],[-13.85,-17.087],[-13.751,-17.551],[-13.653,-18.014],[-13.553,-18.477],[-13.453,-18.94],[-13.049,-18.886],[-12.645,-18.831],[-12.542,-19.249],[-12.439,-19.668],[-12.335,-20.086],[-12.231,-20.504],[-12.126,-20.923],[-12.519,-21.002],[-12.912,-21.081],[-13.305,-21.159],[-13.209,-21.543],[-13.112,-21.928],[-13.015,-22.312],[-12.917,-22.697],[-12.52,-22.637],[-12.122,-22.576],[-11.726,-22.514],[-11.61,-22.995],[-11.493,-23.476],[-11.376,-23.957],[-11.257,-24.438],[-11.138,-24.919],[-11.018,-25.4],[-10.896,-25.88],[-10.774,-26.361],[-10.651,-26.842],[-11.023,-26.915],[-11.396,-26.987],[-11.77,-27.058],[-11.738,-27.407],[-12.283,-27.478],[-12.828,-27.547],[-12.741,-28.025],[-12.654,-28.503],[-12.565,-28.98],[-12.476,-29.458],[-12.827,-29.579],[-12.753,-29.946],[-12.679,-30.314],[-12.986,-30.382],[-13.294,-30.449],[-13.212,-30.865],[-13.129,-31.28],[-12.82,-31.271],[-12.679,-31.692],[-12.536,-32.113],[-12.392,-32.534],[-12.247,-32.955],[-11.851,-32.896],[-11.724,-33.264],[-11.596,-33.632],[-12.107,-33.726],[-12.62,-33.819],[-13.133,-33.91],[-13.041,-34.4],[-12.948,-34.891],[-12.854,-35.381],[-12.759,-35.871],[-12.662,-36.362],[-12.565,-36.852],[-13.108,-36.957],[-13.652,-37.059],[-13.699,-37.406],[-13.747,-37.752],[-13.796,-38.099],[-14.106,-38.167],[-14.417,-38.235],[-14.469,-38.531],[-14.523,-38.826],[-15.1,-38.878],[-15.069,-39.229],[-15.038,-39.579],[-15.006,-39.929],[-15.565,-40.002],[-16.125,-40.073],[-16.685,-40.14],[-17.247,-40.205],[-17.161,-40.637],[-17.074,-41.069],[-16.985,-41.501],[-16.896,-41.932],[-17.332,-41.99],[-17.768,-42.045],[-17.687,-42.411],[-17.605,-42.776],[-17.522,-43.141],[-16.979,-43.098],[-16.436,-43.054],[-16.285,-43.486],[-16.132,-43.917],[-15.976,-44.349],[-16.396,-44.413],[-16.354,-44.672],[-16.311,-44.931],[-16.848,-45.015],[-16.792,-45.483],[-16.735,-45.951],[-16.676,-46.42],[-16.617,-46.888],[-16.557,-47.356],[-16.495,-47.824],[-16.433,-48.292],[-16.369,-48.761],[-16.304,-49.229],[-16.238,-49.697],[-16.17,-50.165],[-15.575,-50.114],[-14.982,-50.061],[-14.909,-50.327],[-14.836,-50.593],[-14.265,-50.53],[-13.696,-50.464],[-13.621,-50.904],[-13.544,-51.344],[-13.466,-51.784],[-13.386,-52.223],[-12.607,-52.142],[-11.832,-52.056],[-11.06,-51.965],[-10.291,-51.868],[-10.123,-52.279],[-9.951,-52.69],[-9.776,-53.1],[-9.598,-53.51],[-9.416,-53.92],[-8.72,-53.827],[-8.027,-53.729],[-7.337,-53.628],[-6.65,-53.522],[-6.509,-53.917],[-6.364,-54.312],[-6.218,-54.706],[-5.946,-54.677],[-5.793,-54.917],[-5.638,-55.157],[-5.07,-55.079],[-4.505,-54.998],[-4.303,-55.385],[-4.097,-55.772],[-3.888,-56.158],[-3.673,-56.544],[-3.455,-56.93],[-3.241,-56.893],[-3.046,-57.247],[-2.848,-57.6],[-2.645,-57.952],[-2.135,-57.886],[-1.627,-57.817],[-1.412,-58.183],[-1.194,-58.548],[-0.97,-58.913]]}},{"type":"Feature","properties":{"boundary_type":"ridge","feature_type":"gpml:MidOceanRidge","polarity":null,"overriding_plate_id":null,"subducting_plate_id":null,"plate_ids":[201,802],"name":"Ridge from iso A5 from South America at 10.9Ma"},"geometry":{"type":"LineString","coordinates":[[-0.97,-58.913],[-0.942,-58.959],[-0.722,-59.284],[-0.497,-59.609],[-0.268,-59.934]]}},{"type":"Feature","properties":{"boundary_type":"ridge","feature_type":"gpml:MidOceanRidge","polarity":null,"overriding_plate_id":null,"subducting_plate_id":null,"plate_ids":[101,201],"name":"SouthAmerica North America BOUNDARY from BIRD 2002 model"},"geometry":{"type":"LineString","coordinates":[[-44.485,12.339],[-44.884,12.449],[-45.284,12.559],[-45.774,12.629],[-46.264,12.698],[-46.755,12.766],[-47.245,12.833],[-47.717,13.004],[-48.19,13.175],[-48.663,13.344],[-49.137,13.513],[-49.594,13.724],[-50.05,13.933],[-50.508,14.142],[-50.967,14.349],[-51.426,14.556],[-51.887,14.762],[-52.297,14.967],[-52.707,15.171],[-53.119,15.375],[-53.531,15.578],[-53.944,15.78],[-54.418,15.906],[-54.893,16.032],[-55.369,16.157],[-55.845,16.28],[-56.322,16.403],[-56.717,16.372],[-57.111,16.341],[-57.506,16.31],[-57.9,16.277]]}},{"type":"Feature","properties":{"boundary_type":"subduction","feature_type":"gpml:SubductionZone","polarity":"Right","overriding_plate_id":101,"subducting_plate_id":901,"plate_ids":[101,901],"name":"Aleutian and Bering Sea Masking Polygon"},"geometry":{"type":"LineString","coordinates":[[-135.167,64.787],[-136.099,64.57],[-137.016,64.346],[-137.918,64.117],[-138.805,63.882],[-139.677,63.642],[-140.535,63.397],[-141.377,63.147],[-142.206,62.891],[-142.969,62.628],[-143.719,62.361],[-144.456,62.09],[-145.179,61.815],[-145.889,61.536],[-146.587,61.254],[-147.273,60.968],[-147.781,60.768],[-148.284,60.565],[-148.7,60.389],[-149.112,60.212],[-149.714,60.082],[-150.31,59.949],[-151.066,59.719],[-151.517,59.572],[-151.964,59.423],[-152.475,59.276],[-152.981,59.127],[-153.743,58.933],[-154.563,58.798],[-155.377,58.659],[-156.184,58.514],[-156.984,58.364],[-157.777,58.21],[-158.564,58.05],[-159.43,57.924],[-160.291,57.791],[-161.145,57.653],[-161.993,57.509],[-162.834,57.36],[-163.667,57.205],[-164.494,57.044],[-165.353,56.922],[-166.207,56.793],[-167.054,56.659],[-167.896,56.519],[-168.731,56.374],[-169.559,56.223],[-170.417,56.191],[-171.273,56.154],[-172.127,56.111],[-172.98,56.063],[-173.83,56.008],[-174.678,55.947],[-175.522,55.881],[-176.364,55.809],[-177.084,55.863],[-177.805,55.912],[-178.529,55.957],[-179.254,55.998],[179.899,56.097],[179.048,56.189],[178.192,56.276],[177.333,56.357],[176.598,56.558],[175.855,56.754],[175.105,56.945],[174.347,57.133],[173.581,57.315],[172.808,57.493],[172.23,57.691],[171.646,57.886],[171.056,58.079]]}},{"type":"Feature","properties":{"boundary_type":"subduction","feature_type":"gpml:SubductionZone","polarity":"Right","overriding_plate_id":null,"subducting_plate_id":null,"plate_ids":[101],"name":"Aleutian and Bering Sea Masking Polygon"},"geometry":{"type":"LineString","coordinates":[[171.056,58.079],[170.378,58.295],[169.692,58.507],[168.998,58.715],[168.296,58.919],[167.585,59.12],[166.888,59.379],[166.18,59.635],[165.461,59.887],[164.731,60.135],[163.99,60.38]]}},{"type":"Feature","properties":{"boundary_type":"subduction","feature_type":"gpml:SubductionZone","polarity":"Right","overriding_plate_id":802,"subducting_plate_id":904,"plate_ids":[802,904],"name":"ANT NAZ 060 015 TF"},"geometry":{"type":"LineString","coordinates":[[-74.265,-65.216],[-73.873,-65.137],[-72.9,-65.035],[-71.934,-64.926],[-70.976,-64.811],[-70.354,-64.685],[-69.737,-64.557],[-68.962,-64.439],[-68.195,-64.317],[-67.434,-64.191],[-66.681,-64.061],[-66.343,-63.951]]}},{"type":"Feature","properties":{"boundary_type":"subduction","feature_type":"gpml:SubductionZone","polarity":"Right","overriding_plate_id":101,"subducting_plate_id":909,"plate_ids":[101,909],"name":"COCOS - NORTH AMERICA TRENCH 1"},"geometry":{"type":"LineString","coordinates":[[-94.567,16.372],[-94.679,16.609],[-94.963,16.787],[-95.248,16.964],[-95.488,17.087],[-95.728,17.21],[-96.112,17.397],[-96.497,17.583],[-96.832,17.766],[-97.167,17.947],[-97.472,18.113],[-97.778,18.279]]}},{"type":"Feature","properties":{"boundary_type":"subduction","feature_type":"gpml:SubductionZone","polarity":"Right","overriding_plate_id":101,"subducting_plate_id":970,"plate_ids":[101,970],"name":"COCOS - NORTH AMERICA TRENCH 1"},"geometry":{"type":"LineString","coordinates":[[-97.778,18.279],[-97.837,18.311],[-98.217,18.548],[-98.597,18.784],[-98.893,19.004],[-99.189,19.225],[-99.457,19.471],[-99.726,19.716],[-100.023,19.912],[-100.32,20.106],[-100.712,20.436],[-101.001,20.761],[-101.113,21.051],[-101.226,21.342],[-101.229,21.758],[-101.233,22.173],[-101.164,22.542],[-101.095,22.912]]}},{"type":"Feature","properties":{"boundary_type":"subduction","feature_type":"gpml:SubductionZone","polarity":"Left","overriding_plate_id":608,"subducting_plate_id":615,"plate_ids":[608,615],"name":"Halmahera Subduction"},"geometry":{"type":"LineString","coordinates":[[136.658,4.196],[136.681,3.775],[136.704,3.355],[136.727,2.935],[136.75,2.514],[136.87,2.078],[136.991,1.642],[137.112,1.205],[137.246,0.862],[137.38,0.518],[137.514,0.175],[137.736,-0.169],[137.958,-0.513],[138.18,-0.857],[138.401,-1.202],[138.408,-1.207]]}},{"type":"Feature","properties":{"boundary_type":"subduction","feature_type":"gpml:SubductionZone","polarity":"Left","overriding_plate_id":801,"subducting_plate_id":901,"plate_ids":[801,901],"name":"Hikurangi& Kermadec TR"},"geometry":{"type":"LineString","coordinates":[[176.614,-42.331],[176.96,-42.241],[177.533,-42.104],[177.86,-42.038],[178.186,-41.971],[178.693,-41.87],[179.246,-41.674],[179.817,-41.467],[-179.76,-41.343],[-179.308,-41.145],[-178.937,-40.803],[-178.724,-40.394],[-178.509,-39.995],[-178.327,-39.648],[-178.224,-39.228],[-178.233,-38.753],[-178.062,-38.352],[-177.893,-37.95],[-177.726,-37.548]]}},{"type":"Feature","properties":{"boundary_type":"subduction","feature_type":"gpml:SubductionZone","polarity":"Left","overriding_plate_id":821,"subducting_plate_id":901,"plate_ids":[821,901],"name":"Hikurangi& Kermadec TR"},"geometry":{"type":"LineString","coordinates":[[-177.726,-37.548],[-177.533,-37.077],[-177.342,-36.607],[-177.153,-36.136],[-176.967,-35.664],[-176.783,-35.193],[-176.666,-34.711],[-176.551,-34.23],[-176.437,-33.748],[-176.324,-33.266],[-176.213,-32.785],[-176.103,-32.303],[-175.994,-31.821],[-175.886,-31.338],[-175.779,-30.856],[-175.673,-30.374],[-175.568,-29.892],[-175.465,-29.409],[-175.362,-28.926],[-175.26,-28.444],[-175.159,-27.961],[-175.059,-27.478],[-175.013,-27.072],[-174.968,-26.666],[-174.923,-26.26]]}},{"type":"Feature","properties":{"boundary_type":"subduction","feature_type":"gpml:SubductionZone","polarity":"Left","overriding_plate_id":607,"subducting_plate_id":501,"plate_ids":[501,607],"name":"Indonesian bndy w AUS-mg"},"geometry":{"type":"LineString","coordinates":[[91.243,9.952],[91.358,9.567],[91.473,9.181],[91.588,8.796],[91.702,8.411],[91.817,8.025]]}},{"type":"Feature","properties":{"boundary_type":"subduction","feature_type":"gpml:SubductionZone","polarity":"Left","overriding_plate_id":607,"subducting_plate_id":511,"plate_ids":[511,607],"name":"Indonesian bndy w AUS-mg"},"geometry":{"type":"LineString","coordinates":[[91.817,8.025],[91.95,7.575],[92.083,7.125],[92.216,6.675],[92.43,6.36],[92.643,6.046],[92.857,5.732],[93.07,5.417]]}},{"type":"Feature","properties":{"boundary_type":"subduction","feature_type":"gpml:SubductionZone","polarity":"Left","overriding_plate_id":686,"subducting_plate_id":511,"plate_ids":[511,686],"name":"Indonesian bndy w AUS-mg"},"geometry":{"type":"LineString","coordinates":[[93.07,5.417],[93.331,5.031],[93.592,4.646],[93.852,4.26],[94.181,3.909],[94.509,3.559],[94.837,3.208],[95.165,2.858],[95.493,2.507],[95.82,2.156],[96.148,1.805],[96.475,1.454],[96.805,1.081],[97.134,0.708],[97.464,0.334],[97.793,-0.039],[98.123,-0.412],[98.453,-0.786],[98.782,-1.159],[99.112,-1.532],[99.435,-1.887],[99.757,-2.241],[100.08,-2.595],[100.403,-2.949],[100.727,-3.303],[101.05,-3.657],[101.374,-4.011],[101.737,-4.345],[102.1,-4.679],[102.463,-5.013],[102.827,-5.346],[103.191,-5.679],[103.437,-5.743],[103.683,-5.806]]}},{"type":"Feature","properties":{"boundary_type":"subduction","feature_type":"gpml:SubductionZone","polarity":"Left","overriding_plate_id":301,"subducting_plate_id":511,"plate_ids":[301,511],"name":"Indonesian bndy w AUS-mg"},"geometry":{"type":"LineString","coordinates":[[103.683,-5.806],[104.102,-5.914],[104.522,-6.022],[104.942,-6.129],[105.362,-6.236],[105.783,-6.342],[106.216,-6.489],[106.649,-6.635],[107.082,-6.781]]}},{"type":"Feature","properties":{"boundary_type":"subduction","feature_type":"gpml:SubductionZone","polarity":"Left","overriding_plate_id":659,"subducting_plate_id":901,"plate_ids":[659,901],"name":"Izu Bonin Trench"},"geometry":{"type":"LineString","coordinates":[[144.714,28.187],[144.617,28.495],[144.519,28.803],[144.401,29.12],[144.282,29.437],[144.163,29.754],[144.108,30.089],[144.052,30.424],[143.996,30.76],[143.874,31.076],[143.75,31.392],[143.626,31.708],[143.371,31.987],[143.114,32.265],[142.855,32.543],[142.63,32.831],[142.403,33.118],[142.175,33.405],[141.947,33.692],[141.717,33.979],[141.486,34.265],[141.288,34.632],[141.088,34.998],[140.885,35.364],[140.681,35.729],[140.475,36.094],[140.336,36.408],[140.195,36.722],[140.053,37.035],[139.91,37.348],[139.766,37.661],[139.62,37.974],[139.372,38.362],[139.121,38.749]]}},{"type":"Feature","properties":{"boundary_type":"subduction","feature_type":"gpml:SubductionZone","polarity":"Right","overriding_plate_id":301,"subducting_plate_id":901,"plate_ids":[301,901],"name":"Japan sub zone fromEarthByte cob MG 4-20-07"},"geometry":{"type":"LineString","coordinates":[[142.26,45.1],[142.292,44.842],[142.324,44.584],[142.275,44.18],[142.227,43.775],[142.179,43.371],[142.132,42.966],[142.03,42.617],[141.93,42.267],[141.831,41.917],[141.643,41.53],[141.458,41.143],[141.276,40.756],[141.046,40.441],[140.818,40.126],[140.592,39.81],[140.47,39.523],[140.35,39.237],[140.253,39.107],[140.019,39.047],[139.466,38.848],[139.121,38.749]]}},{"type":"Feature","properties":{"boundary_type":"subduction","feature_type":"gpml:SubductionZone","polarity":"Right","overriding_plate_id":301,"subducting_plate_id":659,"plate_ids":[301,659],"name":"Japan sub zone fromEarthByte cob MG 4-20-07"},"geometry":{"type":"LineString","coordinates":[[139.121,38.749],[138.615,38.6],[138.112,38.45],[137.806,38.235],[137.503,38.02],[137.149,37.776],[136.798,37.532],[136.392,37.259],[135.988,36.985],[135.587,36.71],[135.19,36.433],[134.795,36.155],[134.439,35.979],[134.084,35.803],[133.731,35.625]]}},{"type":"Feature","properties":{"boundary_type":"subduction","feature_type":"gpml:SubductionZone","polarity":"Right","overriding_plate_id":301,"subducting_plate_id":608,"plate_ids":[301,608],"name":"Japan sub zone fromEarthByte cob MG 4-20-07"},"geometry":{"type":"LineString","coordinates":[[133.731,35.625],[133.212,35.36],[132.774,35.053],[132.34,34.745],[131.998,34.446],[131.659,34.145],[131.323,33.843],[130.821,33.615],[130.323,33.385],[129.826,33.153],[129.333,32.919],[128.842,32.682],[128.405,32.48],[127.971,32.275],[127.538,32.069],[127.108,31.862],[126.679,31.653]]}},{"type":"Feature","properties":{"boundary_type":"subduction","feature_type":"gpml:SubductionZone","polarity":"Right","overriding_plate_id":645,"subducting_plate_id":301,"plate_ids":[301,645],"name":"Kalimantan subduction boundary (inferred)"},"geometry":{"type":"LineString","coordinates":[[119.321,8.092],[119.456,8.212]]}},{"type":"Feature","properties":{"boundary_type":"subduction","feature_type":"gpml:SubductionZone","polarity":"Right","overriding_plate_id":645,"subducting_plate_id":646,"plate_ids":[645,646],"name":"Kalimantan subduction boundary (inferred)"},"geometry":{"type":"LineString","coordinates":[[119.456,8.212],[119.761,8.484],[120.067,8.756],[120.373,9.028],[120.68,9.299],[120.956,9.667],[121.233,10.035],[121.51,10.403],[121.789,10.77],[122.126,10.949],[122.463,11.127],[122.801,11.305]]}},{"type":"Feature","properties":{"boundary_type":"subduction","feature_type":"gpml:SubductionZone","polarity":"Right","overriding_plate_id":406,"subducting_plate_id":901,"plate_ids":[406,901],"name":"Kamchatka SZ from EarthByte COB at 0Ma -- MG 4/20/07"},"geometry":{"type":"LineString","coordinates":[[160.132,57.123],[159.822,56.813],[159.519,56.506],[159.221,56.198],[158.927,55.889],[158.581,55.613],[158.24,55.337],[157.904,55.059],[157.364,54.739],[156.832,54.417],[156.308,54.092],[155.793,53.765],[155.285,53.436],[154.785,53.105],[154.494,52.855]]}},{"type":"Feature","properties":{"boundary_type":"subduction","feature_type":"gpml:SubductionZone","polarity":"Right","overriding_plate_id":101,"subducting_plate_id":901,"plate_ids":[101,901],"name":"Kamchatka SZ from EarthByte COB at 0Ma -- MG 4/20/07"},"geometry":{"type":"LineString","coordinates":[[154.494,52.855],[154.143,52.548],[153.796,52.24],[153.453,51.931],[153.121,51.583],[152.794,51.235],[152.289,50.899],[151.792,50.561],[151.302,50.222],[150.819,49.88],[150.243,49.631],[149.674,49.38],[149.11,49.126],[148.623,48.849],[148.143,48.57],[147.667,48.289],[147.16,48.007],[146.657,47.724],[146.161,47.438],[145.622,47.135],[145.09,46.829],[144.563,46.52],[144.043,46.21],[143.657,46.009],[143.274,45.808],[142.893,45.605],[142.575,45.353],[142.26,45.1]]}},{"type":"Feature","properties":{"boundary_type":"subduction","feature_type":"gpml:SubductionZone","polarity":"Right","overriding_plate_id":101,"subducting_plate_id":301,"plate_ids":[101,301],"name":"Kamchatka SZ from EarthByte COB at 0Ma -- MG 4/20/07"},"geometry":{"type":"LineString","coordinates":[[142.26,45.1],[142.217,45.065]]}},{"type":"Feature","properties":{"boundary_type":"subduction","feature_type":"gpml:SubductionZone","polarity":"Right","overriding_plate_id":801,"subducting_plate_id":849,"plate_ids":[801,849],"name":"Maramuni Trench"},"geometry":{"type":"LineString","coordinates":[[145.446,-6.266],[145.451,-6.27],[145.81,-6.482],[146.168,-6.693],[146.527,-6.905],[146.887,-7.116],[147.246,-7.326],[147.676,-7.551],[148.107,-7.776],[148.538,-8.0],[148.873,-8.265],[149.209,-8.531],[149.545,-8.795],[149.882,-9.06],[150.185,-9.423],[150.489,-9.786],[150.788,-10.066],[151.088,-10.346],[151.458,-10.625],[151.829,-10.903],[152.2,-11.181],[152.544,-11.356],[152.888,-11.53],[153.233,-11.705],[153.578,-11.879],[153.973,-12.029],[154.369,-12.179],[154.765,-12.328],[155.161,-12.477],[155.488,-12.572]]}},{"type":"Feature","properties":{"boundary_type":"subduction","feature_type":"gpml:SubductionZone","polarity":"Left","overriding_plate_id":659,"subducting_plate_id":901,"plate_ids":[659,901],"name":"Marianas Trench-NUVEL"},"geometry":{"type":"LineString","coordinates":[[146.875,14.768],[147.292,14.99],[147.709,15.212],[148.127,15.433],[148.462,15.782],[148.798,16.13],[149.135,16.477],[149.473,16.824],[149.812,17.17],[149.952,17.608],[150.093,18.045],[150.235,18.482],[150.377,18.92],[150.337,19.393],[150.296,19.866],[150.254,20.34],[150.213,20.813],[150.175,21.245],[150.137,21.677],[150.098,22.109],[150.062,22.508],[150.026,22.906],[149.99,23.305],[149.858,23.629],[149.726,23.954],[149.593,24.278],[149.291,24.589],[148.987,24.9],[148.682,25.211],[148.244,25.512],[147.803,25.812],[147.361,26.111],[146.989,26.417],[146.616,26.722],[146.24,27.026],[145.868,27.331],[145.493,27.636],[145.117,27.939],[144.714,28.187]]}},{"type":"Feature","properties":{"boundary_type":"subduction","feature_type":"gpml:SubductionZone","polarity":"Left","overriding_plate_id":301,"subducting_plate_id":503,"plate_ids":[301,503],"name":"Mediterranean Subduction, DB 04-2007"},"geometry":{"type":"LineString","coordinates":[[38.791,34.311],[39.378,34.359],[39.967,34.404],[40.389,34.334],[40.81,34.262],[41.231,34.189],[41.766,34.108],[42.3,34.025],[42.833,33.94],[43.093,33.751],[43.351,33.562],[43.641,33.347],[43.929,33.13],[44.25,32.92],[44.57,32.709],[44.888,32.497],[45.323,32.219],[45.755,31.939],[46.185,31.658],[46.659,31.39],[47.131,31.12],[47.601,30.848],[48.068,30.575],[48.532,30.299],[49.0,30.02],[49.466,29.739],[49.93,29.456],[50.39,29.171],[50.849,28.885],[51.304,28.598],[51.722,28.296],[52.137,27.993],[52.55,27.688],[52.961,27.382],[53.369,27.075],[53.756,26.785],[54.142,26.494],[54.525,26.202],[54.907,25.909],[55.287,25.615],[55.665,25.32],[56.098,25.167],[56.531,25.013],[56.962,24.857],[57.392,24.7],[57.821,24.542],[58.249,24.382],[58.706,24.226],[59.162,24.067],[59.616,23.908],[60.07,23.747],[60.54,23.656],[61.009,23.564],[61.478,23.47],[61.946,23.375],[62.413,23.278],[62.87,23.342],[63.327,23.405],[63.784,23.466],[64.242,23.526],[64.701,23.584],[65.118,23.618],[65.536,23.651]]}},{"type":"Feature","properties":{"boundary_type":"transform","feature_type":"gpml:Transform","polarity":null,"overriding_plate_id":null,"subducting_plate_id":null,"plate_ids":[801,849],"name":"North New Guinea TF"},"geometry":{"type":"LineString","coordinates":[[145.446,-6.266],[145.277,-6.2],[144.967,-6.033],[144.658,-5.866],[144.349,-5.699],[143.984,-5.511],[143.619,-5.324],[143.263,-5.071],[142.906,-4.818],[142.55,-4.565],[142.172,-4.495],[141.793,-4.425],[141.415,-4.354],[141.037,-4.283],[140.604,-4.272],[140.172,-4.261],[139.739,-4.249],[139.307,-4.238],[138.874,-4.225],[138.606,-4.268]]}},{"type":"Feature","properties":{"boundary_type":"transform","feature_type":"gpml:Transform","polarity":null,"overriding_plate_id":null,"subducting_plate_id":null,"plate_ids":[615,801],"name":"North New Guinea TF"},"geometry":{"type":"LineString","coordinates":[[138.606,-4.268],[138.341,-4.311],[137.904,-4.272],[137.466,-4.234],[137.028,-4.195],[136.563,-4.16],[136.099,-4.125],[135.715,-4.078],[135.296,-4.051],[134.878,-4.024],[134.521,-3.976],[134.164,-3.927],[133.792,-3.81],[133.421,-3.692]]}},{"type":"Feature","properties":{"boundary_type":"subduction","feature_type":"gpml:SubductionZone","polarity":"Left","overriding_plate_id":901,"subducting_plate_id":801,"plate_ids":[801,901],"name":"NewHebrides VanuatuTrench DiCaprio"},"geometry":{"type":"LineString","coordinates":[[174.17,-8.923],[174.395,-9.127],[174.728,-9.417],[175.063,-9.708],[175.398,-9.998],[175.733,-10.288],[176.069,-10.577],[176.406,-10.866],[176.749,-11.165],[177.092,-11.463],[177.436,-11.761],[177.781,-12.059],[178.126,-12.356],[178.473,-12.653],[178.811,-12.874],[179.151,-13.094]]}},{"type":"Feature","properties":{"boundary_type":"subduction","feature_type":"gpml:SubductionZone","polarity":"Left","overriding_plate_id":824,"subducting_plate_id":801,"plate_ids":[801,824],"name":"NewHebrides VanuatuTrench DiCaprio"},"geometry":{"type":"LineString","coordinates":[[179.151,-13.094],[179.565,-13.362],[179.98,-13.629],[-179.604,-13.895],[-179.307,-14.073]]}},{"type":"Feature","properties":{"boundary_type":"subduction","feature_type":"gpml:SubductionZone","polarity":"Right","overriding_plate_id":615,"subducting_plate_id":645,"plate_ids":[615,645],"name":"North Sulawesi Subduction"},"geometry":{"type":"LineString","coordinates":[[120.667,0.462],[121.059,0.57],[121.45,0.678],[121.842,0.787],[122.272,0.778],[122.702,0.769],[123.132,0.76],[123.623,0.698],[124.114,0.637],[124.605,0.575],[125.096,0.513],[125.571,0.507],[126.047,0.501],[126.522,0.495],[126.997,0.489],[127.472,0.483],[127.947,0.477],[128.427,0.457],[128.906,0.437],[129.244,0.754],[129.582,1.07]]}},{"type":"Feature","properties":{"boundary_type":"subduction","feature_type":"gpml:SubductionZone","polarity":"Right","overriding_plate_id":901,"subducting_plate_id":801,"plate_ids":[801,901],"name":"SanCristobalTrench DiCaprio"},"geometry":{"type":"LineString","coordinates":[[174.17,-8.923],[173.892,-8.98],[173.614,-9.037],[173.182,-9.169],[172.75,-9.3],[172.317,-9.431],[171.885,-9.561],[171.442,-9.541],[170.999,-9.52],[170.556,-9.499],[170.148,-9.404],[169.74,-9.309],[169.332,-9.213],[169.183,-9.111]]}},{"type":"Feature","properties":{"boundary_type":"subduction","feature_type":"gpml:SubductionZone","polarity":"Right","overriding_plate_id":901,"subducting_plate_id":849,"plate_ids":[849,901],"name":"SanCristobalTrench DiCaprio"},"geometry":{"type":"LineString","coordinates":[[169.183,-9.111],[168.828,-8.867],[168.473,-8.623],[168.119,-8.378],[167.739,-8.22],[167.359,-8.062],[166.98,-7.903],[166.601,-7.744],[166.154,-7.53],[165.708,-7.315],[165.262,-7.1],[164.817,-6.884],[164.511,-6.59],[164.206,-6.297],[163.901,-6.003],[163.597,-5.709],[163.293,-5.415],[162.848,-5.22],[162.404,-5.025],[161.959,-4.829],[161.515,-4.633],[161.215,-4.387],[160.914,-4.141],[160.614,-3.894],[160.314,-3.648],[159.88,-3.478],[159.445,-3.308],[159.011,-3.138],[158.654,-2.891],[158.297,-2.644],[157.941,-2.397],[157.584,-2.15],[157.228,-1.903],[157.016,-1.67],[156.805,-1.438],[156.496,-1.288],[156.188,-1.139]]}},{"type":"Feature","properties":{"boundary_type":"subduction","feature_type":"gpml:SubductionZone","polarity":"Right","overriding_plate_id":824,"subducting_plate_id":901,"plate_ids":[824,901],"name":"Tonga-Kermadec-MG"},"geometry":{"type":"LineString","coordinates":[[179.151,-13.094],[179.43,-13.109],[179.709,-13.123],[-179.834,-13.183],[-179.376,-13.243]]}},{"type":"Feature","properties":{"boundary_type":"subduction","feature_type":"gpml:SubductionZone","polarity":"Right","overriding_plate_id":821,"subducting_plate_id":901,"plate_ids":[821,901],"name":"Tonga-Kermadec-MG"},"geometry":{"type":"LineString","coordinates":[[-179.376,-13.243],[-179.11,-13.277],[-178.672,-13.297],[-178.234,-13.316],[-177.796,-13.335],[-177.405,-13.569],[-177.014,-13.802],[-176.814,-14.143],[-176.614,-14.483],[-176.436,-14.792],[-176.257,-15.1],[-176.078,-15.409],[-176.04,-15.75],[-176.001,-16.092],[-175.963,-16.434],[-176.08,-16.779],[-176.198,-17.124],[-176.124,-17.49],[-176.049,-17.856],[-175.975,-18.222],[-175.921,-18.692],[-175.868,-19.162],[-175.815,-19.632],[-175.761,-20.102],[-175.791,-20.569],[-175.822,-21.035],[-175.853,-21.502],[-175.885,-21.969],[-175.916,-22.435],[-175.853,-22.895],[-175.788,-23.355],[-175.724,-23.815],[-175.609,-24.227],[-175.493,-24.639],[-175.352,-25.044],[-175.21,-25.45],[-175.067,-25.855],[-174.923,-26.26]]}},{"type":"Feature","properties":{"boundary_type":"transform","feature_type":"gpml:Transform","polarity":null,"overriding_plate_id":null,"subducting_plate_id":null,"plate_ids":[301,801],"name":"West Sulawesi Transform"},"geometry":{"type":"LineString","coordinates":[[121.144,-7.826],[121.525,-7.594],[121.905,-7.362],[122.285,-7.129],[122.237,-6.709],[122.189,-6.29],[122.141,-5.87],[122.093,-5.45],[121.982,-5.056],[121.871,-4.662],[121.76,-4.268],[121.648,-3.81],[121.537,-3.352],[121.425,-2.893],[121.313,-2.435],[121.251,-2.024],[121.189,-1.612],[121.128,-1.2],[121.066,-0.789],[121.004,-0.377],[120.836,0.042],[120.667,0.462]]}},{"type":"Feature","properties":{"boundary_type":"transform","feature_type":"gpml:Transform","polarity":null,"overriding_plate_id":null,"subducting_plate_id":null,"plate_ids":[301,615,645,801],"name":"West Sulawesi Transform"},"geometry":{"type":"LineString","coordinates":[[120.667,0.462],[120.603,0.623]]}},{"type":"Feature","properties":{"boundary_type":"transform","feature_type":"gpml:Transform","polarity":null,"overriding_plate_id":null,"subducting_plate_id":null,"plate_ids":[301,645],"name":"West Sulawesi Transform"},"geometry":{"type":"LineString","coordinates":[[120.603,0.623],[120.423,1.07],[120.243,1.518],[120.062,1.966],[119.882,2.413],[119.702,2.861],[119.521,3.309],[119.494,3.768],[119.466,4.228],[119.439,4.687],[119.226,5.045],[119.012,5.403],[118.799,5.761],[118.585,6.119],[118.768,6.539],[118.951,6.959],[119.135,7.38],[119.319,7.8],[119.321,8.092]]}},{"type":"Feature","properties":{"boundary_type":"other","feature_type":"gpml:TerraneBoundary","polarity":null,"overriding_plate_id":null,"subducting_plate_id":null,"plate_ids":[501,511],"name":"Capricorn Boundary (Kreemer et al 2003)"},"geometry":{"type":"LineString","coordinates":[[67.245,-6.733],[67.706,-6.698],[68.167,-6.663],[68.628,-6.627],[69.089,-6.591],[69.55,-6.554],[70.011,-6.517],[70.51,-6.455],[71.009,-6.392],[71.507,-6.329],[72.006,-6.265],[72.504,-6.201],[73.002,-6.137],[73.5,-6.072],[73.976,-5.934],[74.451,-5.796],[74.926,-5.658],[75.401,-5.519],[75.876,-5.38],[76.35,-5.24],[76.824,-5.1],[77.298,-4.96],[77.772,-4.82],[78.246,-4.679],[78.719,-4.538],[79.192,-4.396],[79.646,-4.186],[80.099,-3.976],[80.551,-3.765],[81.004,-3.554],[81.456,-3.343],[81.779,-3.019],[82.102,-2.695],[82.425,-2.371],[82.747,-2.047],[83.02,-1.678],[83.292,-1.309],[83.565,-0.94],[83.837,-0.571],[84.109,-0.202],[84.382,0.167],[84.781,0.384],[85.181,0.601],[85.581,0.818],[85.981,1.035],[86.381,1.252],[86.781,1.468],[87.039,1.876],[87.297,2.283],[87.555,2.69],[87.813,3.097],[88.071,3.505],[88.373,3.87],[88.676,4.235],[88.978,4.6],[89.281,4.965],[89.584,5.33],[89.888,5.695],[90.192,6.059],[90.496,6.424],[90.801,6.788],[91.106,7.152],[91.412,7.516],[91.614,7.77],[91.817,8.025]]}},{"type":"Feature","properties":{"boundary_type":"other","feature_type":"gpml:TerraneBoundary","polarity":null,"overriding_plate_id":null,"subducting_plate_id":null,"plate_ids":[511,801],"name":"Capricorn Boundary (Kreemer et al 2003)"},"geometry":{"type":"LineString","coordinates":[[79.753,-39.747],[80.119,-39.389],[80.48,-39.029],[80.838,-38.668],[81.193,-38.306],[81.544,-37.943],[81.826,-37.57],[82.105,-37.197],[82.381,-36.822],[82.745,-36.46],[83.106,-36.097],[83.464,-35.733],[83.818,-35.368],[84.169,-35.002],[84.517,-34.635],[84.77,-34.312],[85.021,-33.989],[85.271,-33.666],[85.518,-33.342],[85.797,-32.922],[86.074,-32.501],[86.348,-32.079],[86.619,-31.657],[86.888,-31.234],[87.155,-30.81],[87.5,-30.444],[87.842,-30.076],[88.182,-29.708],[88.519,-29.338],[88.854,-28.968],[89.186,-28.597],[89.517,-28.225],[89.844,-27.853],[90.17,-27.479],[90.508,-27.119],[90.844,-26.757],[91.177,-26.394],[91.508,-26.031],[91.838,-25.667],[92.129,-25.279],[92.418,-24.89],[92.706,-24.501],[92.992,-24.111],[93.276,-23.721],[93.558,-23.33],[93.839,-22.939],[94.118,-22.547],[94.396,-22.155],[94.662,-21.815],[94.927,-21.475],[95.192,-21.134],[95.454,-20.793],[95.716,-20.451],[95.976,-20.109],[96.202,-19.713],[96.426,-19.317],[96.649,-18.92],[96.871,-18.523],[97.092,-18.126],[97.312,-17.728],[97.578,-17.345],[97.843,-16.961],[98.107,-16.577],[98.37,-16.192],[98.675,-15.953],[98.978,-15.713],[99.282,-15.473],[99.584,-15.232],[100.012,-14.961],[100.44,-14.688],[100.866,-14.415],[101.291,-14.142],[101.715,-13.867],[102.138,-13.592],[102.561,-13.316],[102.915,-13.033],[103.269,-12.75],[103.622,-12.466],[103.974,-12.182],[104.325,-11.898],[104.676,-11.612],[105.026,-11.327],[105.375,-11.041],[105.724,-10.755],[106.115,-10.443],[106.506,-10.13],[106.896,-9.817],[107.285,-9.503],[107.673,-9.19],[108.061,-8.875],[108.448,-8.561],[108.834,-8.245],[109.22,-7.93],[109.605,-7.614],[109.99,-7.298],[110.374,-6.981]]}},{"type":"Feature","properties":{"boundary_type":"other","feature_type":"gpml:TerraneBoundary","polarity":null,"overriding_plate_id":null,"subducting_plate_id":null,"plate_ids":[802,901],"name":"E/W ANT"},"geometry":{"type":"LineString","coordinates":[[165.099,-60.301],[165.636,-60.709],[166.186,-61.116],[166.751,-61.52],[167.331,-61.922],[167.926,-62.322],[168.537,-62.719],[169.164,-63.113],[169.809,-63.504],[170.472,-63.892],[171.153,-64.277],[171.632,-64.555],[172.12,-64.831],[172.618,-65.105],[173.344,-65.422],[174.086,-65.735],[174.847,-66.045],[175.582,-66.36],[176.336,-66.672]]}},{"type":"Feature","properties":{"boundary_type":"transform","feature_type":"gpml:Transform","polarity":null,"overriding_plate_id":null,"subducting_plate_id":null,"plate_ids":[101,301],"name":"Japan transform adapted from cob Subduction GS"},"geometry":{"type":"LineString","coordinates":[[140.65,59.318],[140.818,58.831],[140.982,58.343],[141.14,57.855],[141.295,57.367],[141.446,56.879],[141.592,56.391],[141.735,55.903],[141.875,55.414],[141.926,54.926],[141.976,54.438],[142.024,53.949],[142.072,53.461],[142.119,52.973],[142.164,52.485],[142.209,51.996],[142.193,51.518],[142.178,51.04],[142.163,50.561],[142.148,50.083],[142.134,49.605],[142.12,49.126],[142.106,48.648],[142.092,48.17],[142.079,47.691],[142.102,47.261],[142.124,46.832],[142.145,46.402],[142.167,45.972],[142.188,45.542],[142.209,45.112],[142.217,45.065]]}},{"type":"Feature","properties":{"boundary_type":"transform","feature_type":"gpml:Transform","polarity":null,"overriding_plate_id":null,"subducting_plate_id":null,"plate_ids":[101,301],"name":"North Porcupine Transform"},"geometry":{"type":"LineString","coordinates":[[-30.624,48.265],[-30.433,48.246],[-29.727,48.148],[-29.025,48.047],[-28.326,47.941],[-27.629,47.831],[-27.097,47.81],[-26.566,47.787],[-26.035,47.761],[-25.96,47.757]]}},{"type":"Feature","properties":{"boundary_type":"transform","feature_type":"gpml:Transform","polarity":null,"overriding_plate_id":null,"subducting_plate_id":null,"plate_ids":[615,801],"name":"South Sulawesi transform"},"geometry":{"type":"LineString","coordinates":[[133.421,-3.692],[133.125,-3.428],[132.83,-3.164],[132.535,-2.899],[132.18,-2.764],[131.825,-2.629],[131.47,-2.493],[131.115,-2.357],[130.637,-2.258],[130.158,-2.158],[129.68,-2.058],[129.201,-1.958],[128.723,-1.858],[128.244,-1.757],[127.866,-1.679],[127.488,-1.601],[127.11,-1.523],[126.676,-1.365],[126.242,-1.207],[125.808,-1.049],[125.374,-0.891],[124.94,-0.733],[124.543,-0.607],[124.145,-0.481],[123.748,-0.355],[123.351,-0.228],[122.954,-0.102],[122.512,0.032],[122.07,0.166],[121.628,0.3],[121.187,0.434],[120.745,0.568],[120.603,0.623]]}},{"type":"Feature","properties":{"boundary_type":"other","feature_type":"gpml:UnclassifiedFeature","polarity":null,"overriding_plate_id":null,"subducting_plate_id":null,"plate_ids":[406],"name":"NE SIberia"},"geometry":{"type":"LineString","coordinates":[[163.991,60.379],[163.99,60.38]]}},{"type":"Feature","properties":{"boundary_type":"other","feature_type":"gpml:UnclassifiedFeature","polarity":null,"overriding_plate_id":null,"subducting_plate_id":null,"plate_ids":[101,406],"name":"NE SIberia"},"geometry":{"type":"LineString","coordinates":[[163.99,60.38],[163.556,60.717],[163.113,61.053],[162.721,61.424],[162.32,61.793],[161.908,62.16],[161.258,62.555],[160.589,62.947],[159.903,63.336],[159.198,63.721],[158.573,64.114],[157.93,64.505],[157.268,64.893]]}},{"type":"Feature","properties":{"boundary_type":"subduction","feature_type":"gpml:SubductionZone","polarity":"Right","overriding_plate_id":null,"subducting_plate_id":null,"plate_ids":[406],"name":"Aleutian and Bering Sea Masking Polygon"},"geometry":{"type":"LineString","coordinates":[[171.056,58.079],[170.378,58.295],[169.692,58.507],[168.998,58.715],[168.296,58.919],[167.585,59.12],[166.887,59.379],[166.18,59.635],[165.461,59.887],[164.731,60.135],[163.991,60.379]]}},{"type":"Feature","properties":{"boundary_type":"subduction","feature_type":"gpml:SubductionZone","polarity":"Right","overriding_plate_id":null,"subducting_plate_id":null,"plate_ids":[406],"name":"Shirshov Ridge Subduction"},"geometry":{"type":"LineString","coordinates":[[171.056,58.079],[171.056,58.079]]}},{"type":"Feature","properties":{"boundary_type":"subduction","feature_type":"gpml:SubductionZone","polarity":"Right","overriding_plate_id":406,"subducting_plate_id":901,"plate_ids":[406,901],"name":"Shirshov Ridge Subduction"},"geometry":{"type":"LineString","coordinates":[[171.056,58.079],[170.211,57.949],[169.497,57.899],[168.786,57.845],[168.287,57.852],[167.788,57.858],[166.877,57.797],[165.968,57.73],[165.064,57.657],[164.163,57.577],[163.266,57.49],[162.374,57.398],[161.623,57.31],[160.876,57.219],[160.132,57.123]]}},{"type":"Feature","properties":{"boundary_type":"ridge","feature_type":"gpml:MidOceanRidge","polarity":null,"overriding_plate_id":null,"subducting_plate_id":null,"plate_ids":[511,709],"name":"Ridge f iso A5 on IND at 10.9Ma"},"geometry":{"type":"LineString","coordinates":[[67.54,-10.561],[67.472,-10.302],[67.405,-10.043],[67.636,-9.798],[67.867,-9.553],[67.69,-9.345],[67.512,-9.138],[67.719,-8.835],[67.925,-8.533],[67.614,-8.226],[67.786,-7.801],[67.554,-7.548],[67.322,-7.295],[67.09,-7.042],[67.245,-6.733]]}},{"type":"Feature","properties":{"boundary_type":"ridge","feature_type":"gpml:MidOceanRidge","polarity":null,"overriding_plate_id":null,"subducting_plate_id":null,"plate_ids":[501,709],"name":"Ridge f iso A5 on IND at 10.9Ma"},"geometry":{"type":"LineString","coordinates":[[67.245,-6.733],[67.305,-6.611],[67.016,-6.265],[66.726,-5.918],[66.437,-5.572],[66.664,-5.204],[66.328,-4.984],[65.992,-4.764],[66.137,-4.545],[65.788,-4.223],[66.045,-3.837],[65.796,-3.621],[65.546,-3.406],[65.716,-3.109],[65.358,-2.858],[65.576,-2.475],[65.793,-2.093],[65.39,-1.839],[64.987,-1.586],[64.585,-1.333],[64.183,-1.08],[64.055,-1.313],[63.584,-1.162],[63.113,-1.012],[62.641,-0.861],[62.229,-0.63],[61.816,-0.398],[61.404,-0.165],[61.07,0.137],[60.736,0.439],[60.402,0.741],[60.068,1.043],[59.735,1.346],[59.368,1.623],[59.001,1.901],[58.633,2.178],[58.722,2.374],[58.359,2.701],[57.995,3.029],[57.631,3.356],[57.336,3.545],[57.04,3.734],[56.744,3.923],[56.401,4.25],[56.057,4.577],[55.713,4.903],[55.368,5.229],[55.217,5.366]]}},{"type":"Feature","properties":{"boundary_type":"ridge","feature_type":"gpml:MidOceanRidge","polarity":null,"overriding_plate_id":null,"subducting_plate_id":null,"plate_ids":[911,972],"name":"MOR Nazca-Bauer"},"geometry":{"type":"LineString","coordinates":[[-101.145,-5.097],[-101.148,-5.174],[-101.178,-5.534],[-101.208,-5.893],[-101.253,-6.307],[-101.298,-6.721],[-101.343,-7.135],[-101.388,-7.549],[-101.433,-7.963],[-101.044,-8.137],[-100.655,-8.312],[-100.266,-8.485],[-99.876,-8.659],[-99.857,-9.102],[-99.839,-9.545],[-99.51,-9.647],[-99.18,-9.749],[-98.851,-9.851],[-99.002,-10.274],[-99.153,-10.697],[-99.305,-11.12],[-99.457,-11.543],[-99.61,-11.966],[-99.872,-12.285],[-100.134,-12.603],[-100.397,-12.921],[-100.661,-13.239],[-101.058,-12.926],[-101.321,-13.264],[-101.584,-13.602]]}},{"type":"Feature","properties":{"boundary_type":"ridge","feature_type":"gpml:MidOceanRidge","polarity":null,"overriding_plate_id":null,"subducting_plate_id":null,"plate_ids":[101,224],"name":"Ridge from iso on CAR at 10Ma"},"geometry":{"type":"LineString","coordinates":[[-77.96,16.943],[-78.001,17.401],[-78.041,17.859]]}},{"type":"Feature","properties":{"boundary_type":"ridge","feature_type":"gpml:MidOceanRidge","polarity":null,"overriding_plate_id":null,"subducting_plate_id":null,"plate_ids":[901,972],"name":"Bauer Microplate MOR"},"geometry":{"type":"LineString","coordinates":[[-111.573,-15.224],[-111.72,-15.214],[-111.837,-14.807],[-111.954,-14.4],[-112.071,-13.994],[-112.187,-13.587],[-111.754,-13.499],[-111.321,-13.41],[-110.888,-13.321],[-110.455,-13.231],[-110.023,-13.14],[-109.591,-13.048],[-109.585,-12.563],[-109.579,-12.078],[-109.574,-11.593],[-109.568,-11.108],[-109.562,-10.623],[-109.556,-10.138],[-109.551,-9.653],[-109.187,-9.658],[-108.823,-9.663],[-108.46,-9.667],[-108.448,-9.193],[-108.435,-8.718],[-108.423,-8.244],[-108.411,-7.769],[-108.399,-7.295],[-108.387,-6.821],[-108.375,-6.346],[-108.363,-5.872],[-108.351,-5.397],[-108.339,-4.923],[-108.327,-4.448],[-107.875,-4.383],[-107.423,-4.316],[-106.971,-4.25],[-106.519,-4.183],[-106.067,-4.116],[-105.615,-4.049],[-105.164,-3.982],[-104.712,-3.914],[-104.261,-3.846],[-103.809,-3.778],[-103.358,-3.709]]}},{"type":"Feature","properties":{"boundary_type":"subduction","feature_type":"gpml:SubductionZone","polarity":"Left","overriding_plate_id":608,"subducting_plate_id":615,"plate_ids":[608,615],"name":"Proto Caroline arc"},"geometry":{"type":"LineString","coordinates":[[138.408,-1.207],[138.704,-1.29],[139.05,-1.356],[139.396,-1.423],[139.741,-1.489]]}},{"type":"Feature","properties":{"boundary_type":"subduction","feature_type":"gpml:SubductionZone","polarity":"Left","overriding_plate_id":653,"subducting_plate_id":849,"plate_ids":[653,849],"name":"Proto Caroline arc"},"geometry":{"type":"LineString","coordinates":[[139.741,-1.489],[140.222,-1.58],[140.703,-1.672],[141.183,-1.763],[141.664,-1.855],[142.145,-1.946],[142.574,-2.048],[143.002,-2.15],[143.431,-2.252],[143.859,-2.354],[144.288,-2.456],[144.717,-2.557],[145.146,-2.659],[145.645,-2.674],[146.144,-2.69],[146.644,-2.705],[147.143,-2.72],[147.643,-2.735],[148.142,-2.749],[148.609,-2.642],[149.076,-2.534],[149.543,-2.426],[150.009,-2.318],[150.476,-2.21],[150.857,-2.103],[151.239,-1.996],[151.62,-1.889],[152.002,-1.782]]}},{"type":"Feature","properties":{"boundary_type":"transform","feature_type":"gpml:Transform","polarity":null,"overriding_plate_id":null,"subducting_plate_id":null,"plate_ids":[301,686],"name":"Three Pagodas and Sumatra Fault Zone"},"geometry":{"type":"LineString","coordinates":[[97.638,5.725],[97.635,5.677],[97.841,5.281],[98.047,4.884],[98.252,4.488],[98.458,4.092],[98.663,3.696],[98.868,3.3],[99.151,2.921],[99.434,2.542],[99.717,2.163],[100.0,1.784],[100.282,1.405],[100.565,1.026],[100.847,0.647],[101.13,0.268],[101.412,-0.111],[101.695,-0.49],[102.03,-0.857],[102.366,-1.224],[102.701,-1.591],[103.037,-1.958],[103.282,-2.364],[103.527,-2.769],[103.772,-3.174],[103.801,-3.575],[103.829,-3.977],[103.858,-4.378],[103.803,-4.757],[103.748,-5.136],[103.694,-5.515],[103.683,-5.806]]}},{"type":"Feature","properties":{"boundary_type":"transform","feature_type":"gpml:Transform","polarity":null,"overriding_plate_id":null,"subducting_plate_id":null,"plate_ids":[301,607],"name":"Burma transform"},"geometry":{"type":"LineString","coordinates":[[94.798,25.066],[94.74,24.623],[94.684,24.18],[94.627,23.738],[94.571,23.295],[94.638,22.819],[94.704,22.342],[94.77,21.865],[94.836,21.388],[94.901,20.911],[95.056,20.433],[95.209,19.955],[95.362,19.476],[95.514,18.997],[95.665,18.518],[95.815,18.039],[95.935,17.555],[96.054,17.07],[96.173,16.585],[96.291,16.1],[96.408,15.615],[96.525,15.13],[96.642,14.645]]}},{"type":"Feature","properties":{"boundary_type":"transform","feature_type":"gpml:Transform","polarity":null,"overriding_plate_id":null,"subducting_plate_id":null,"plate_ids":[301,607],"name":"Burma transform"},"geometry":{"type":"LineString","coordinates":[[96.642,14.645],[96.469,14.256],[96.387,13.86]]}},{"type":"Feature","properties":{"boundary_type":"transform","feature_type":"gpml:Transform","polarity":null,"overriding_plate_id":null,"subducting_plate_id":null,"plate_ids":[301,686],"name":"Burma transform"},"geometry":{"type":"LineString","coordinates":[[96.387,13.86],[96.294,13.409],[96.201,12.959],[96.109,12.508],[96.137,12.057],[96.164,11.606],[96.192,11.156],[96.219,10.705],[96.247,10.254],[96.32,9.84],[96.394,9.426],[96.468,9.011],[96.541,8.597],[96.614,8.182],[96.687,7.768],[96.864,7.302],[97.039,6.835],[97.215,6.369],[97.39,5.903],[97.638,5.725]]}},{"type":"Feature","properties":{"boundary_type":"subduction","feature_type":"gpml:SubductionZone","polarity":"Left","overriding_plate_id":659,"subducting_plate_id":653,"plate_ids":[653,659],"name":"South Proto Mariana Trench"},"geometry":{"type":"LineString","coordinates":[[144.074,11.32],[144.474,11.526],[144.875,11.731]]}},{"type":"Feature","properties":{"boundary_type":"subduction","feature_type":"gpml:SubductionZone","polarity":"Left","overriding_plate_id":659,"subducting_plate_id":901,"plate_ids":[659,901],"name":"South Proto Mariana Trench"},"geometry":{"type":"LineString","coordinates":[[144.875,11.731],[144.979,11.784],[145.214,12.158],[145.449,12.532],[145.685,12.905],[145.921,13.278],[146.158,13.651],[146.396,14.023],[146.635,14.396],[146.875,14.768]]}},{"type":"Feature","properties":{"boundary_type":"subduction","feature_type":"gpml:SubductionZone","polarity":"Left","overriding_plate_id":653,"subducting_plate_id":901,"plate_ids":[653,901],"name":"Proto Mussau Trench"},"geometry":{"type":"LineString","coordinates":[[156.763,-0.851],[156.917,-0.379],[157.071,0.093],[157.224,0.565],[157.378,1.037],[157.532,1.51],[157.686,1.982],[157.84,2.454],[157.791,2.915],[157.743,3.377],[157.695,3.838],[157.646,4.3],[157.598,4.761],[157.55,5.223],[157.501,5.684],[157.452,6.145],[157.404,6.607],[157.276,7.015],[157.149,7.424],[157.021,7.832]]}},{"type":"Feature","properties":{"boundary_type":"transform","feature_type":"gpml:Transform","polarity":null,"overriding_plate_id":null,"subducting_plate_id":null,"plate_ids":[653,849],"name":"Toricelli transform"},"geometry":{"type":"LineString","coordinates":[[152.002,-1.782],[152.471,-1.773],[152.939,-1.765],[153.361,-1.733],[153.782,-1.701],[154.204,-1.669],[154.67,-1.588],[155.136,-1.507],[155.602,-1.425],[155.895,-1.282],[156.188,-1.139]]}},{"type":"Feature","properties":{"boundary_type":"transform","feature_type":"gpml:Transform","polarity":null,"overriding_plate_id":null,"subducting_plate_id":null,"plate_ids":[653,901],"name":"Toricelli transform"},"geometry":{"type":"LineString","coordinates":[[156.188,-1.139],[156.451,-1.01],[156.714,-0.882],[156.763,-0.851]]}},{"type":"Feature","properties":{"boundary_type":"subduction","feature_type":"gpml:SubductionZone","polarity":"Left","overriding_plate_id":901,"subducting_plate_id":653,"plate_ids":[653,901],"name":"Sorol Trough"},"geometry":{"type":"LineString","coordinates":[[144.875,11.731],[145.219,11.543],[145.562,11.354],[145.905,11.164],[146.247,10.975],[146.712,10.772],[147.176,10.568],[147.639,10.364],[148.102,10.159],[148.564,9.954],[149.026,9.748],[149.487,9.541],[149.948,9.334],[150.408,9.126],[150.867,8.918],[151.326,8.708],[151.784,8.499],[152.242,8.289],[152.7,8.078],[153.157,7.867],[153.64,7.865],[154.123,7.862],[154.606,7.858],[155.089,7.854],[155.572,7.849],[156.055,7.844],[156.538,7.839],[157.021,7.832]]}},{"type":"Feature","properties":{"boundary_type":"subduction","feature_type":"gpml:SubductionZone","polarity":"Right","overriding_plate_id":615,"subducting_plate_id":608,"plate_ids":[608,615],"name":"Philippine trench"},"geometry":{"type":"LineString","coordinates":[[125.488,12.684],[125.808,12.468],[126.128,12.252],[126.552,12.149],[126.976,12.045],[127.399,11.941],[127.855,11.728],[128.31,11.514],[128.764,11.3],[129.217,11.085],[129.67,10.869],[130.122,10.653],[130.574,10.436],[131.024,10.218],[131.377,9.91],[131.73,9.601],[132.081,9.292],[132.432,8.982],[132.783,8.672],[133.133,8.362],[133.482,8.051],[133.831,7.741],[134.179,7.429],[134.456,7.071],[134.733,6.712],[135.009,6.353],[135.285,5.994],[135.56,5.634],[135.835,5.275],[136.11,4.915],[136.384,4.555],[136.658,4.196]]}},{"type":"Feature","properties":{"boundary_type":"subduction","feature_type":"gpml:SubductionZone","polarity":"Left","overriding_plate_id":608,"subducting_plate_id":301,"plate_ids":[301,608],"name":"Luzon subduction"},"geometry":{"type":"LineString","coordinates":[[119.495,25.792],[119.432,25.341],[119.369,24.89],[119.307,24.439],[119.245,23.989],[119.183,23.538],[119.204,23.11],[119.225,22.682],[119.245,22.254],[119.266,21.827],[119.286,21.399],[119.101,21.048],[118.916,20.697]]}},{"type":"Feature","properties":{"boundary_type":"subduction","feature_type":"gpml:SubductionZone","polarity":"Left","overriding_plate_id":615,"subducting_plate_id":301,"plate_ids":[301,615],"name":"Luzon subduction"},"geometry":{"type":"LineString","coordinates":[[118.916,20.697],[118.715,20.311],[118.514,19.925],[118.559,19.491],[118.603,19.057],[118.647,18.623],[118.691,18.189],[118.735,17.755],[118.879,17.402],[119.022,17.049],[119.164,16.695],[119.306,16.342],[119.414,16.29]]}},{"type":"Feature","properties":{"boundary_type":"subduction","feature_type":"gpml:SubductionZone","polarity":"Left","overriding_plate_id":615,"subducting_plate_id":677,"plate_ids":[615,677],"name":"Luzon subduction"},"geometry":{"type":"LineString","coordinates":[[119.414,16.29],[119.769,16.121],[120.123,15.952],[120.423,15.808],[120.722,15.664],[120.826,15.422],[120.929,15.181]]}},{"type":"Feature","properties":{"boundary_type":"subduction","feature_type":"gpml:SubductionZone","polarity":"Left","overriding_plate_id":615,"subducting_plate_id":646,"plate_ids":[615,646],"name":"Luzon subduction"},"geometry":{"type":"LineString","coordinates":[[120.929,15.181],[121.064,14.864],[121.199,14.547],[121.348,14.196],[121.496,13.844],[121.644,13.492],[121.711,13.026],[121.777,12.56],[122.045,12.138],[122.312,11.716],[122.556,11.511],[122.801,11.305]]}},{"type":"Feature","properties":{"boundary_type":"subduction","feature_type":"gpml:SubductionZone","polarity":"Left","overriding_plate_id":615,"subducting_plate_id":645,"plate_ids":[615,645],"name":"Luzon subduction"},"geometry":{"type":"LineString","coordinates":[[122.801,11.305],[123.133,11.025],[123.328,10.835]]}},{"type":"Feature","properties":{"boundary_type":"subduction","feature_type":"gpml:SubductionZone","polarity":"Left","overriding_plate_id":645,"subducting_plate_id":615,"plate_ids":[615,645],"name":"East Sunda subduction"},"geometry":{"type":"LineString","coordinates":[[129.582,1.07],[129.494,1.457],[129.406,1.843],[129.318,2.229],[129.077,2.634],[128.836,3.039],[128.584,3.44],[128.332,3.842],[128.08,4.243],[127.828,4.644],[127.575,5.045],[127.322,5.446],[127.069,5.847],[126.823,6.201],[126.576,6.555],[126.33,6.908],[126.082,7.262],[125.835,7.615],[125.54,7.813],[125.245,8.01],[124.949,8.207],[124.574,8.507],[124.199,8.806],[123.823,9.105],[123.705,9.512],[123.587,9.919],[123.469,10.325],[123.35,10.732],[123.328,10.835]]}},{"type":"Feature","properties":{"boundary_type":"other","feature_type":"gpml:OrogenicBelt","polarity":null,"overriding_plate_id":null,"subducting_plate_id":null,"plate_ids":[301,677],"name":"Borneo deformation"},"geometry":{"type":"LineString","coordinates":[[116.829,11.447],[117.043,11.765],[117.257,12.083],[117.472,12.401],[117.687,12.718],[117.918,13.125],[118.15,13.531],[118.382,13.938],[118.615,14.344],[118.85,14.75],[119.085,15.155],[119.176,15.513],[119.267,15.87],[119.359,16.227],[119.414,16.29]]}},{"type":"Feature","properties":{"boundary_type":"ridge","feature_type":"gpml:MidOceanRidge","polarity":null,"overriding_plate_id":null,"subducting_plate_id":null,"plate_ids":[607,686],"name":"Andaman Sea MOR"},"geometry":{"type":"LineString","coordinates":[[93.07,5.417],[93.379,5.647],[93.687,5.876],[93.541,6.09],[93.394,6.305],[93.271,6.559],[93.149,6.813],[93.013,7.123],[92.933,7.419],[93.183,7.513],[93.032,7.896],[92.877,8.319],[92.782,8.749],[93.107,8.844],[93.042,9.189],[93.365,9.278],[93.688,9.365],[93.964,9.438],[94.241,9.511],[94.168,10.004],[94.095,10.497],[94.048,10.84],[94.001,11.183],[94.476,11.259],[94.438,11.742],[94.597,11.745],[94.568,12.016],[94.54,12.287],[94.738,12.307],[94.7,12.774],[94.662,13.241],[94.624,13.709],[95.029,13.742],[95.434,13.775],[95.839,13.807],[96.113,13.834],[96.387,13.86]]}},{"type":"Feature","properties":{"boundary_type":"subduction","feature_type":"gpml:SubductionZone","polarity":"Left","overriding_plate_id":615,"subducting_plate_id":608,"plate_ids":[608,615],"name":"Luzon East subduction"},"geometry":{"type":"LineString","coordinates":[[125.488,12.684],[125.395,13.018],[125.059,13.361],[124.723,13.703],[124.386,14.046],[124.047,14.387],[123.708,14.728],[123.368,15.069],[123.026,15.409],[122.684,15.749],[122.34,16.088],[122.078,16.369],[121.815,16.651],[121.552,16.932],[121.288,17.212],[121.042,17.591],[120.795,17.97],[120.547,18.348],[120.297,18.726],[120.047,19.104],[119.795,19.481],[119.542,19.858],[119.334,20.138],[119.126,20.417],[118.916,20.697]]}},{"type":"Feature","properties":{"boundary_type":"ridge","feature_type":"gpml:MidOceanRidge","polarity":null,"overriding_plate_id":null,"subducting_plate_id":null,"plate_ids":[646,677],"name":"Sulu Sea"},"geometry":{"type":"LineString","coordinates":[[118.001,10.074],[118.241,10.5],[118.482,10.927],[118.723,11.353],[118.965,11.78],[119.207,12.205],[119.451,12.631],[119.695,13.057],[119.94,13.482],[120.186,13.907],[120.433,14.332],[120.68,14.756],[120.929,15.181]]}},{"type":"Feature","properties":{"boundary_type":"transform","feature_type":"gpml:Transform","polarity":null,"overriding_plate_id":null,"subducting_plate_id":null,"plate_ids":[301,677],"name":"Borneo transform"},"geometry":{"type":"LineString","coordinates":[[116.829,11.447],[117.123,11.104],[117.417,10.761],[117.709,10.418],[118.001,10.074]]}},{"type":"Feature","properties":{"boundary_type":"transform","feature_type":"gpml:Transform","polarity":null,"overriding_plate_id":null,"subducting_plate_id":null,"plate_ids":[301,646],"name":"Borneo transform"},"geometry":{"type":"LineString","coordinates":[[118.001,10.074],[118.26,9.769],[118.517,9.464],[118.774,9.159],[119.002,8.844],[119.229,8.528],[119.456,8.212]]}},{"type":"Feature","properties":{"boundary_type":"ridge","feature_type":"gpml:MidOceanRidge","polarity":null,"overriding_plate_id":null,"subducting_plate_id":null,"plate_ids":[608,659],"name":"Ridge f iso on EPV at 22.6Ma"},"geometry":{"type":"LineString","coordinates":[[140.651,27.919],[140.343,28.277],[140.034,28.635],[139.723,28.991],[139.409,29.347],[139.115,29.682],[138.818,30.016],[138.52,30.35],[138.22,30.682],[137.89,31.071],[137.557,31.459],[137.222,31.846],[136.884,32.232],[136.543,32.617],[136.274,32.938],[136.003,33.259],[135.73,33.579],[135.634,33.558],[135.301,33.908],[134.966,34.258],[134.628,34.607],[134.332,34.947],[134.033,35.286],[133.731,35.625]]}},{"type":"Feature","properties":{"boundary_type":"ridge","feature_type":"gpml:MidOceanRidge","polarity":null,"overriding_plate_id":null,"subducting_plate_id":null,"plate_ids":[608,659],"name":"Ridge f iso on EPV at 22.6Ma"},"geometry":{"type":"LineString","coordinates":[[140.651,27.919],[140.526,27.874],[140.723,27.507],[140.918,27.139],[141.111,26.771],[141.255,26.448],[141.397,26.124],[141.539,25.801],[141.69,25.363],[141.839,24.925],[141.988,24.487],[142.135,24.049],[141.937,23.97],[142.049,23.579],[142.16,23.188],[142.27,22.797],[142.38,22.406],[142.489,22.014],[142.34,21.974],[142.463,21.554],[142.586,21.134],[142.708,20.713],[142.829,20.293],[142.618,20.222],[142.738,19.777],[142.857,19.332],[142.975,18.887],[143.093,18.441],[143.21,17.996],[143.327,17.55],[143.443,17.105],[143.559,16.659],[143.673,16.213],[143.632,15.782],[143.59,15.352],[143.549,14.921],[143.507,14.49],[143.466,14.059],[143.425,13.628],[143.415,13.183],[143.405,12.738],[143.394,12.292],[143.384,11.847],[143.374,11.402],[143.364,10.957],[143.337,10.686]]}},{"type":"Feature","properties":{"boundary_type":"ridge","feature_type":"gpml:MidOceanRidge","polarity":null,"overriding_plate_id":null,"subducting_plate_id":null,"plate_ids":[970],"name":"MOR Pacific-Rivera"},"geometry":{"type":"LineString","coordinates":[[-106.18,30.532],[-105.995,30.069],[-105.811,29.607],[-105.628,29.143],[-105.448,28.68],[-105.269,28.216],[-105.091,27.753],[-104.915,27.289],[-104.741,26.824],[-104.568,26.36],[-104.396,25.895],[-104.225,25.43],[-104.056,24.965],[-103.889,24.5],[-103.722,24.034]]}},{"type":"Feature","properties":{"boundary_type":"ridge","feature_type":"gpml:MidOceanRidge","polarity":null,"overriding_plate_id":null,"subducting_plate_id":null,"plate_ids":[901],"name":"MOR Pacific-Rivera"},"geometry":{"type":"LineString","coordinates":[[-102.303,23.107],[-102.656,23.34],[-103.01,23.572],[-103.365,23.804],[-103.722,24.034]]}},{"type":"Feature","properties":{"boundary_type":"ridge","feature_type":"gpml:MidOceanRidge","polarity":null,"overriding_plate_id":null,"subducting_plate_id":null,"plate_ids":[901,970],"name":"MOR Pacific-Rivera"},"geometry":{"type":"LineString","coordinates":[[-103.722,24.034],[-103.852,23.697],[-103.981,23.359],[-104.11,23.021],[-104.221,22.559],[-104.331,22.096],[-104.441,21.633],[-104.534,21.29],[-104.568,20.875],[-104.602,20.459],[-104.6,20.181],[-104.525,20.042],[-104.523,19.553]]}},{"type":"Feature","properties":{"boundary_type":"ridge","feature_type":"gpml:MidOceanRidge","polarity":null,"overriding_plate_id":null,"subducting_plate_id":null,"plate_ids":[901,969],"name":"MOR Pacific-Rivera"},"geometry":{"type":"LineString","coordinates":[[-104.523,19.553],[-104.521,19.202],[-104.519,18.851],[-104.517,18.5],[-105.035,18.499],[-105.553,18.496],[-105.563,18.023],[-105.573,17.549],[-105.582,17.076],[-105.592,16.603],[-105.602,16.129],[-105.611,15.656],[-105.238,15.371],[-104.866,15.086],[-104.496,14.8],[-104.318,14.562],[-104.142,14.324]]}},{"type":"Feature","properties":{"boundary_type":"ridge","feature_type":"gpml:MidOceanRidge","polarity":null,"overriding_plate_id":null,"subducting_plate_id":null,"plate_ids":[101,301],"name":"MOR NAM-Eurasia"},"geometry":{"type":"LineString","coordinates":[[-30.624,48.265],[-30.649,48.407],[-30.571,48.885],[-30.492,49.363],[-30.46,49.704],[-30.428,50.045],[-30.527,50.502],[-30.507,50.729],[-30.109,51.15],[-29.703,51.569],[-29.383,51.886],[-29.059,52.203],[-28.769,52.491],[-28.476,52.779],[-28.179,53.067],[-27.785,53.299],[-27.386,53.529],[-26.979,53.791],[-26.566,54.051],[-26.249,54.232],[-25.929,54.413],[-25.554,54.705],[-25.175,54.996],[-24.685,55.362],[-24.186,55.725],[-23.687,56.054],[-23.359,56.278],[-23.026,56.501],[-22.729,56.692],[-22.429,56.884],[-22.087,57.104],[-21.74,57.323],[-21.455,57.531],[-21.167,57.738],[-20.773,57.968],[-20.374,58.196],[-20.031,58.43],[-19.685,58.663],[-19.164,58.91],[-18.636,59.155],[-18.319,59.355],[-17.997,59.554],[-17.468,59.83],[-16.93,60.104],[-16.359,60.356],[-15.779,60.605],[-15.291,60.797],[-14.797,60.987],[-14.452,61.17]]}},{"type":"Feature","properties":{"boundary_type":"ridge","feature_type":"gpml:MidOceanRidge","polarity":null,"overriding_plate_id":null,"subducting_plate_id":null,"plate_ids":[101,301],"name":"MOR NAM-Eurasia"},"geometry":{"type":"LineString","coordinates":[[-14.452,61.17],[-14.456,61.188],[-14.398,61.504],[-14.407,61.787],[-14.415,62.07],[-14.306,62.466],[-14.036,62.885],[-13.684,63.271],[-13.323,63.656],[-12.726,64.009],[-12.205,64.373],[-11.748,64.636],[-11.312,64.99],[-11.041,65.259],[-10.683,65.559],[-10.121,65.652],[-9.554,65.744],[-8.761,65.954],[-8.093,65.936],[-7.426,65.915],[-7.169,65.997],[-6.575,65.994],[-5.449,65.994],[-4.789,66.045],[-4.738,66.04]]}},{"type":"Feature","properties":{"boundary_type":"ridge","feature_type":"gpml:MidOceanRidge","polarity":null,"overriding_plate_id":null,"subducting_plate_id":null,"plate_ids":[101,301],"name":"MOR NAM-Eurasia"},"geometry":{"type":"LineString","coordinates":[[-4.738,66.04],[-4.033,66.127],[-3.323,66.211],[-2.464,66.378],[-1.594,66.539],[-0.712,66.696],[0.18,66.847],[0.983,67.02],[1.796,67.188],[2.621,67.353],[3.227,67.497],[4.049,67.662],[4.882,67.823],[5.661,68.007],[6.452,68.187],[6.963,68.456],[7.486,68.723],[7.844,69.193],[7.698,69.418],[7.276,69.756],[6.84,70.093],[6.592,70.36],[6.338,70.628],[6.344,70.951],[6.35,71.275],[6.622,71.739],[6.103,71.969],[6.248,72.321],[6.398,72.673],[5.439,72.905],[4.454,73.131],[4.645,73.473],[4.844,73.815],[3.777,74.02],[2.683,74.219],[2.819,74.646],[1.268,74.936],[-0.34,75.215],[-0.257,75.479],[-0.17,75.743],[-0.892,75.853],[-1.131,76.165],[-1.381,76.478],[-2.234,76.575],[-2.015,76.777],[-2.866,76.903]]}},{"type":"Feature","properties":{"boundary_type":"other","feature_type":"gpml:InferredPaleoBoundary","polarity":null,"overriding_plate_id":null,"subducting_plate_id":null,"plate_ids":[101,301],"name":"Arctic NAM-Eurasia"},"geometry":{"type":"LineString","coordinates":[[-2.866,76.903],[-2.625,77.273],[-2.371,77.644],[-2.086,77.893],[-1.789,78.141],[-0.999,78.373],[-0.178,78.603],[0.821,78.876],[1.868,79.145],[2.968,79.411],[4.324,79.649],[5.742,79.882],[6.936,80.134],[8.191,80.382],[9.679,80.607],[11.239,80.825],[12.392,81.035],[13.599,81.24],[14.767,81.445],[15.991,81.647],[17.049,81.898],[18.174,82.146],[19.931,82.407],[21.81,82.661],[23.522,82.787],[26.262,82.888],[28.761,82.893],[31.317,82.898],[33.871,82.889],[37.348,82.984],[39.197,83.097],[41.105,83.203],[43.767,83.34],[46.534,83.461],[48.84,83.548],[51.204,83.623],[53.623,83.688],[56.087,83.741],[59.141,83.814],[62.259,83.869],[64.758,83.852],[67.238,83.822],[69.408,83.736],[71.516,83.642],[74.896,83.456],[78.08,83.249],[81.066,83.023],[83.626,82.821],[86.042,82.606],[88.117,82.379],[90.07,82.143],[91.908,81.898],[93.948,81.709],[95.895,81.509],[97.751,81.301],[99.46,81.085],[101.086,80.862],[102.941,80.544],[104.674,80.218],[106.296,79.884],[107.813,79.542],[109.38,79.206],[110.852,78.862],[112.236,78.511],[113.538,78.155],[115.089,77.795],[116.551,77.426],[117.93,77.051],[119.232,76.668],[120.462,76.279],[121.293,75.881],[122.078,75.48],[122.822,75.076],[123.527,74.67],[124.197,74.262],[124.834,73.852],[125.44,73.441],[126.139,73.08],[126.81,72.717],[127.454,72.352],[128.073,71.985],[128.668,71.616],[129.209,71.155],[129.724,70.693],[130.216,70.229],[130.687,69.765],[131.137,69.298],[131.568,68.831],[132.05,68.428],[132.514,68.024],[132.963,67.619],[133.396,67.212],[133.783,66.783],[134.157,66.352],[134.518,65.921],[134.868,65.489],[135.206,65.056],[135.533,64.623],[135.849,64.188],[136.26,63.806],[136.661,63.423],[137.05,63.039],[137.43,62.654],[137.799,62.267],[138.104,61.849],[138.401,61.43],[138.69,61.01],[138.972,60.59],[139.246,60.169],[139.722,59.887],[140.19,59.603],[140.65,59.318]]}},{"type":"Feature","properties":{"boundary_type":"subduction","feature_type":"gpml:SubductionZone","polarity":"Left","overriding_plate_id":301,"subducting_plate_id":511,"plate_ids":[301,511],"name":"Java SZ"},"geometry":{"type":"LineString","coordinates":[[107.082,-6.781],[107.456,-6.752],[107.829,-6.723],[108.253,-6.767],[108.677,-6.81],[109.101,-6.854],[109.526,-6.897],[109.95,-6.939],[110.374,-6.981]]}},{"type":"Feature","properties":{"boundary_type":"subduction","feature_type":"gpml:SubductionZone","polarity":"Left","overriding_plate_id":301,"subducting_plate_id":801,"plate_ids":[301,801],"name":"Java SZ"},"geometry":{"type":"LineString","coordinates":[[110.374,-6.981],[110.441,-6.988],[110.877,-6.987],[111.313,-6.986],[111.749,-6.984],[112.185,-6.982],[112.621,-6.98],[113.064,-7.039],[113.507,-7.097],[113.951,-7.155],[114.394,-7.212],[114.838,-7.269],[115.331,-7.343],[115.824,-7.416],[116.318,-7.488],[116.811,-7.56],[117.276,-7.593],[117.741,-7.626],[118.207,-7.658],[118.672,-7.69],[119.137,-7.722],[119.602,-7.752],[120.068,-7.783],[120.533,-7.812],[120.999,-7.842],[121.144,-7.826]]}},{"type":"Feature","properties":{"boundary_type":"subduction","feature_type":"gpml:SubductionZone","polarity":"Left","overriding_plate_id":224,"subducting_plate_id":909,"plate_ids":[224,909],"name":""},"geometry":{"type":"LineString","coordinates":[[-91.784,15.584],[-91.495,15.351],[-91.206,15.119],[-90.918,14.886],[-90.557,14.612],[-90.197,14.339],[-89.838,14.064],[-89.479,13.789],[-89.122,13.514],[-88.765,13.238],[-88.409,12.962],[-88.054,12.685],[-87.703,12.444],[-87.354,12.202],[-87.004,11.96],[-86.656,11.718],[-86.308,11.475],[-85.961,11.232],[-85.666,10.869],[-85.372,10.505],[-85.079,10.142],[-84.786,9.778],[-84.436,9.447],[-84.087,9.116],[-83.739,8.784],[-83.391,8.452],[-83.044,8.119],[-82.684,7.813],[-82.325,7.507],[-81.966,7.2]]}},{"type":"Feature","properties":{"boundary_type":"subduction","feature_type":"gpml:SubductionZone","polarity":"Left","overriding_plate_id":224,"subducting_plate_id":909,"plate_ids":[224,909],"name":""},"geometry":{"type":"LineString","coordinates":[[-81.966,7.2],[-81.716,6.898],[-81.466,6.596],[-81.083,6.274],[-80.701,5.951],[-80.32,5.628],[-79.939,5.305],[-79.558,4.982]]}},{"type":"Feature","properties":{"boundary_type":"subduction","feature_type":"gpml:SubductionZone","polarity":"Left","overriding_plate_id":224,"subducting_plate_id":911,"plate_ids":[224,911],"name":""},"geometry":{"type":"LineString","coordinates":[[-79.558,4.982],[-79.316,4.776],[-79.075,4.57],[-78.688,4.369],[-78.302,4.168],[-77.916,3.966]]}},{"type":"Feature","properties":{"boundary_type":"subduction","feature_type":"gpml:SubductionZone","polarity":"Left","overriding_plate_id":224,"subducting_plate_id":911,"plate_ids":[224,911],"name":""},"geometry":{"type":"LineString","coordinates":[[-77.916,3.966],[-77.895,3.717],[-77.968,3.351],[-78.04,2.984],[-78.113,2.618],[-78.278,2.223],[-78.444,1.828],[-78.609,1.433],[-78.641,0.995],[-78.673,0.557],[-78.705,0.12],[-78.737,-0.318],[-78.769,-0.756],[-78.801,-1.194],[-78.715,-1.577],[-78.629,-1.96],[-78.543,-2.344]]}},{"type":"Feature","properties":{"boundary_type":"subduction","feature_type":"gpml:SubductionZone","polarity":"Right","overriding_plate_id":224,"subducting_plate_id":101,"plate_ids":[101,224],"name":""},"geometry":{"type":"LineString","coordinates":[[-58.504,16.947],[-58.201,16.612],[-57.9,16.277]]}},{"type":"Feature","properties":{"boundary_type":"subduction","feature_type":"gpml:SubductionZone","polarity":"Right","overriding_plate_id":224,"subducting_plate_id":201,"plate_ids":[201,224],"name":""},"geometry":{"type":"LineString","coordinates":[[-57.9,16.277],[-57.599,15.941],[-57.299,15.604],[-56.999,15.267],[-56.701,14.93],[-56.53,14.463],[-56.359,13.996],[-56.188,13.528],[-56.019,13.061],[-55.812,12.737],[-55.605,12.414],[-55.399,12.09],[-55.342,11.621],[-55.286,11.152],[-55.229,10.683],[-55.173,10.215],[-55.295,9.76],[-55.418,9.305],[-55.539,8.851],[-55.661,8.396],[-55.83,7.937]]}},{"type":"Feature","properties":{"boundary_type":"transform","feature_type":"gpml:Transform","polarity":null,"overriding_plate_id":null,"subducting_plate_id":null,"plate_ids":[101,909],"name":"FZ NORTH 1"},"geometry":{"type":"LineString","coordinates":[[-94.567,16.372],[-94.201,16.201],[-93.835,16.029],[-93.377,15.919],[-92.92,15.808],[-92.462,15.696],[-92.006,15.583],[-91.784,15.584]]}},{"type":"Feature","properties":{"boundary_type":"transform","feature_type":"gpml:Transform","polarity":null,"overriding_plate_id":null,"subducting_plate_id":null,"plate_ids":[101,224],"name":"FZ NORTH 1"},"geometry":{"type":"LineString","coordinates":[[-91.784,15.584],[-91.27,15.584],[-90.756,15.583],[-90.242,15.581],[-89.728,15.578],[-89.214,15.574],[-88.7,15.569],[-88.186,15.562],[-87.672,15.554],[-87.158,15.545],[-86.644,15.535],[-86.235,15.554],[-85.825,15.573],[-85.416,15.591],[-85.007,15.608],[-84.6,15.694],[-84.193,15.779],[-83.786,15.864],[-83.378,15.947],[-82.908,16.089],[-82.437,16.23],[-81.965,16.371],[-81.493,16.51],[-81.045,16.599],[-80.597,16.687],[-80.148,16.774],[-79.699,16.861],[-79.264,16.883],[-78.829,16.903],[-78.395,16.924],[-77.96,16.943]]}},{"type":"Feature","properties":{"boundary_type":"transform","feature_type":"gpml:Transform","polarity":null,"overriding_plate_id":null,"subducting_plate_id":null,"plate_ids":[201,224],"name":"TBD"},"geometry":{"type":"LineString","coordinates":[[-71.377,10.29],[-70.918,10.202],[-70.46,10.113],[-70.001,10.024],[-69.543,9.934],[-69.085,9.844],[-68.627,9.753],[-68.17,9.661],[-67.713,9.569],[-67.256,9.476],[-66.799,9.383],[-66.343,9.289],[-65.84,9.231],[-65.338,9.173],[-64.836,9.114],[-64.335,9.054],[-63.833,8.993],[-63.331,8.932],[-62.83,8.87],[-62.329,8.808],[-61.828,8.745],[-61.327,8.681],[-60.827,8.616],[-60.326,8.551],[-59.826,8.485],[-59.326,8.419],[-58.826,8.352],[-58.326,8.284],[-57.827,8.216],[-57.327,8.147],[-56.828,8.078],[-56.329,8.007],[-55.83,7.937]]}},{"type":"Feature","properties":{"boundary_type":"transform","feature_type":"gpml:Transform","polarity":null,"overriding_plate_id":null,"subducting_plate_id":null,"plate_ids":[101,224],"name":"FZ NORTH 2"},"geometry":{"type":"LineString","coordinates":[[-78.041,17.859],[-77.962,17.863],[-77.473,17.889],[-76.984,17.913],[-76.495,17.937],[-76.006,17.959],[-75.516,17.98],[-75.073,17.995],[-74.629,18.009],[-74.185,18.022],[-73.741,18.034],[-73.297,18.046],[-72.853,18.056],[-72.395,18.063],[-71.936,18.069],[-71.478,18.074],[-71.019,18.078],[-70.561,18.081],[-70.102,18.083],[-69.613,18.059],[-69.124,18.034],[-68.635,18.008],[-68.146,17.981],[-67.657,17.952],[-67.169,17.922],[-66.68,17.891],[-66.213,17.858],[-65.745,17.825],[-65.278,17.791],[-64.81,17.755],[-64.343,17.718],[-63.877,17.68],[-63.36,17.615],[-62.845,17.549],[-62.329,17.481],[-61.814,17.412],[-61.3,17.342],[-60.785,17.27],[-60.329,17.208],[-59.872,17.144],[-59.416,17.08],[-58.96,17.014],[-58.504,16.947]]}},{"type":"Feature","properties":{"boundary_type":"ridge","feature_type":"gpml:MidOceanRidge","polarity":null,"overriding_plate_id":null,"subducting_plate_id":null,"plate_ids":[802,819],"name":"Marie Byrd Land - Aluk ridge NW15"},"geometry":{"type":"LineString","coordinates":[[-73.111,-58.327],[-73.539,-58.511]]}},{"type":"Feature","properties":{"boundary_type":"ridge","feature_type":"gpml:MidOceanRidge","polarity":null,"overriding_plate_id":null,"subducting_plate_id":null,"plate_ids":[802,904],"name":"Marie Byrd Land - Aluk ridge NW15"},"geometry":{"type":"LineString","coordinates":[[-73.539,-58.511],[-73.976,-58.694],[-74.418,-58.876],[-74.827,-59.088],[-75.242,-59.298],[-74.763,-59.584],[-74.275,-59.868],[-75.007,-60.184],[-75.754,-60.496],[-76.515,-60.803],[-76.05,-61.194],[-75.574,-61.582],[-75.085,-61.969],[-74.584,-62.354],[-74.07,-62.737],[-73.543,-63.119],[-73.001,-63.498],[-73.662,-63.69],[-74.331,-63.878],[-73.946,-64.176],[-73.554,-64.473],[-74.141,-64.652],[-74.735,-64.827],[-74.265,-65.216]]}},{"type":"Feature","properties":{"boundary_type":"ridge","feature_type":"gpml:MidOceanRidge","polarity":null,"overriding_plate_id":null,"subducting_plate_id":null,"plate_ids":[901,969],"name":"Mathematician-Pacific MOR c5n2o NW15"},"geometry":{"type":"LineString","coordinates":[[-103.904,15.113],[-104.023,14.719],[-104.142,14.324]]}},{"type":"Feature","properties":{"boundary_type":"transform","feature_type":"gpml:Transform","polarity":null,"overriding_plate_id":null,"subducting_plate_id":null,"plate_ids":[901,969],"name":"West O'Gorman FZ NW15"},"geometry":{"type":"LineString","coordinates":[[-103.904,15.113],[-103.544,14.917],[-103.184,14.721],[-102.825,14.525],[-102.36,14.326],[-101.895,14.126],[-101.431,13.926],[-100.968,13.725],[-100.506,13.523],[-100.044,13.32],[-99.583,13.116]]}},{"type":"Feature","properties":{"boundary_type":"ridge","feature_type":"gpml:MidOceanRidge","polarity":null,"overriding_plate_id":null,"subducting_plate_id":null,"plate_ids":[901,903],"name":"Pacific-Juan de Fuca MOR c5n2o NW15"},"geometry":{"type":"LineString","coordinates":[[-121.973,54.141],[-122.056,53.7],[-122.137,53.259],[-122.217,52.819],[-122.276,52.405],[-122.334,51.992],[-122.469,51.666],[-122.602,51.341],[-122.625,50.96],[-122.647,50.579],[-122.669,50.198],[-122.593,49.814],[-122.518,49.43],[-122.539,48.999],[-122.558,48.568],[-122.578,48.136],[-122.597,47.705],[-122.616,47.274],[-122.433,47.139],[-122.37,46.685],[-122.308,46.232],[-122.247,45.778],[-121.824,45.593],[-121.404,45.406],[-121.372,45.072],[-121.34,44.738],[-121.306,44.472],[-121.272,44.207],[-120.939,44.042],[-120.926,43.542],[-120.914,43.043],[-120.901,42.544],[-120.889,42.045],[-120.877,41.545],[-120.865,41.046],[-120.853,40.547],[-120.841,40.048]]}},{"type":"Feature","properties":{"boundary_type":"ridge","feature_type":"gpml:MidOceanRidge","polarity":null,"overriding_plate_id":null,"subducting_plate_id":null,"plate_ids":[901,909],"name":"Pacific-Cocos 10 Ma MOR NW15"},"geometry":{"type":"LineString","coordinates":[[-100.477,1.265],[-100.52,1.403],[-100.601,1.556],[-100.749,2.033],[-100.897,2.511],[-101.046,2.988],[-101.194,3.466],[-101.343,3.943],[-101.492,4.42],[-101.641,4.898],[-101.791,5.375],[-102.114,5.414],[-102.437,5.452],[-102.561,5.837],[-102.686,6.222],[-102.812,6.607],[-102.958,6.962],[-103.104,7.317],[-103.25,7.672],[-103.412,8.102],[-103.574,8.531],[-103.736,8.96],[-103.904,9.373],[-104.072,9.786],[-103.632,9.887],[-103.192,9.987],[-102.752,10.087],[-102.311,10.186],[-101.87,10.284],[-101.429,10.382],[-100.988,10.479],[-100.546,10.576],[-100.085,10.663],[-99.624,10.748],[-99.609,10.789],[-99.285,10.912],[-98.961,11.035],[-99.084,11.451],[-99.209,11.867],[-99.333,12.283],[-99.458,12.7],[-99.583,13.116]]}},{"type":"Feature","properties":{"boundary_type":"ridge","feature_type":"gpml:MidOceanRidge","polarity":null,"overriding_plate_id":null,"subducting_plate_id":null,"plate_ids":[909,969],"name":"Pacific-Cocos 10 Ma MOR NW15"},"geometry":{"type":"LineString","coordinates":[[-99.583,13.116],[-99.709,13.532],[-99.836,13.949],[-99.963,14.366],[-100.162,14.7],[-100.363,15.035],[-100.564,15.369],[-100.766,15.703],[-100.917,16.178],[-101.068,16.654],[-101.221,17.129],[-101.374,17.605],[-101.528,18.08],[-101.683,18.555],[-101.839,19.03],[-101.898,19.197]]}},{"type":"Feature","properties":{"boundary_type":"transform","feature_type":"gpml:Transform","polarity":null,"overriding_plate_id":null,"subducting_plate_id":null,"plate_ids":[969,970],"name":"Clarion FZ, Rivera-Mathematican boundary NW15"},"geometry":{"type":"LineString","coordinates":[[-104.523,19.553],[-103.998,19.518],[-103.535,19.441],[-103.073,19.363],[-102.611,19.285],[-102.255,19.241],[-101.898,19.197]]}},{"type":"Feature","properties":{"boundary_type":"transform","feature_type":"gpml:Transform","polarity":null,"overriding_plate_id":null,"subducting_plate_id":null,"plate_ids":[909,970],"name":"Clarion FZ, Rivera-Mathematican boundary NW15"},"geometry":{"type":"LineString","coordinates":[[-101.898,19.197],[-101.413,19.136],[-100.927,19.022],[-100.442,18.907],[-99.997,18.805],[-99.552,18.702],[-99.107,18.598],[-98.664,18.492],[-98.22,18.386],[-97.778,18.279]]}},{"type":"Feature","properties":{"boundary_type":"ridge","feature_type":"gpml:MidOceanRidge","polarity":null,"overriding_plate_id":null,"subducting_plate_id":null,"plate_ids":[909,911],"name":"MOR Cocos-Nazca"},"geometry":{"type":"LineString","coordinates":[[-99.936,1.456],[-99.447,1.378],[-98.957,1.299],[-98.468,1.22],[-97.979,1.141],[-97.541,1.069],[-97.103,0.998],[-96.666,0.926],[-96.228,0.854],[-96.131,0.441],[-96.035,0.027],[-95.938,-0.386]]}},{"type":"Feature","properties":{"boundary_type":"ridge","feature_type":"gpml:MidOceanRidge","polarity":null,"overriding_plate_id":null,"subducting_plate_id":null,"plate_ids":[909,911],"name":"MOR Cocos-Nazca"},"geometry":{"type":"LineString","coordinates":[[-95.938,-0.386],[-95.936,-0.386],[-95.459,-0.5],[-94.983,-0.614],[-94.507,-0.727],[-94.031,-0.841],[-93.555,-0.954],[-93.078,-1.068],[-92.651,-1.169],[-92.223,-1.27],[-91.796,-1.37],[-91.368,-1.471],[-90.941,-1.571],[-90.513,-1.672],[-90.085,-1.772],[-89.948,-1.296],[-89.811,-0.82],[-89.433,-0.917],[-89.055,-1.013],[-88.677,-1.11],[-88.299,-1.206],[-88.213,-0.874],[-88.127,-0.542],[-88.041,-0.211],[-87.655,-0.296],[-87.269,-0.382],[-86.883,-0.468],[-86.763,-0.184],[-86.642,0.1],[-86.232,-0.023],[-85.823,-0.145],[-85.414,-0.268],[-85.045,0.065],[-84.677,0.398],[-84.308,0.731],[-83.94,1.063],[-83.571,1.396],[-83.228,1.704],[-82.886,2.011],[-82.543,2.318],[-82.2,2.625],[-81.857,2.932],[-81.53,3.226],[-81.202,3.519],[-80.873,3.811],[-80.545,4.104],[-80.216,4.397],[-79.887,4.689],[-79.558,4.982]]}},{"type":"Feature","properties":{"boundary_type":"ridge","feature_type":"gpml:MidOceanRidge","polarity":null,"overriding_plate_id":null,"subducting_plate_id":null,"plate_ids":[909,911],"name":"MOR Nazca-Pacific"},"geometry":{"type":"LineString","coordinates":[[-99.936,1.456],[-99.983,1.445],[-100.373,1.297],[-100.477,1.265]]}},{"type":"Feature","properties":{"boundary_type":"ridge","feature_type":"gpml:MidOceanRidge","polarity":null,"overriding_plate_id":null,"subducting_plate_id":null,"plate_ids":[911],"name":"MOR Nazca-Pacific"},"geometry":{"type":"LineString","coordinates":[[-100.477,1.265],[-100.941,1.119],[-101.405,0.972],[-101.869,0.826],[-102.333,0.679],[-102.44,0.222],[-102.546,-0.235],[-102.653,-0.693],[-102.76,-1.15],[-102.866,-1.607],[-102.973,-2.064],[-103.08,-2.522],[-103.187,-2.979],[-103.294,-3.436],[-103.401,-3.893],[-103.025,-4.094],[-102.65,-4.295],[-102.274,-4.496],[-101.898,-4.697],[-101.522,-4.897],[-101.145,-5.097]]}},{"type":"Feature","properties":{"boundary_type":"subduction","feature_type":"gpml:SubductionZone","polarity":"Right","overriding_plate_id":819,"subducting_plate_id":911,"plate_ids":[819,911],"name":"South America trench taken from COB file"},"geometry":{"type":"LineString","coordinates":[[-79.566,-53.804],[-79.579,-53.393],[-79.471,-53.073],[-79.365,-52.753]]}},{"type":"Feature","properties":{"boundary_type":"subduction","feature_type":"gpml:SubductionZone","polarity":"Right","overriding_plate_id":201,"subducting_plate_id":911,"plate_ids":[201,911],"name":"South America trench taken from COB file"},"geometry":{"type":"LineString","coordinates":[[-79.365,-52.753],[-79.267,-52.454],[-79.17,-52.155],[-79.207,-51.777],[-79.243,-51.399],[-79.334,-51.033],[-79.424,-50.666],[-79.229,-50.216],[-79.038,-49.766],[-78.592,-49.508],[-78.15,-49.248],[-77.487,-49.099],[-77.307,-48.663],[-77.114,-48.307],[-77.004,-48.049],[-76.895,-47.791],[-76.824,-47.478],[-76.854,-47.257],[-76.923,-46.988],[-76.959,-46.739],[-77.008,-46.398],[-76.833,-46.064],[-76.683,-45.707],[-76.582,-45.483],[-76.402,-45.105],[-76.341,-44.889],[-76.255,-44.627],[-76.181,-44.383],[-76.077,-44.042],[-75.974,-43.701],[-75.872,-43.359],[-75.798,-43.035],[-75.714,-42.774],[-75.631,-42.514],[-75.542,-42.214],[-75.52,-41.946],[-75.497,-41.678],[-75.476,-41.447],[-75.33,-41.062],[-75.165,-40.661],[-75.058,-40.422],[-74.952,-40.183],[-74.872,-39.706],[-74.714,-39.275],[-74.544,-38.922],[-74.375,-38.569],[-74.208,-38.216],[-74.043,-37.862],[-73.803,-37.476],[-73.565,-37.089],[-73.33,-36.702],[-73.097,-36.315],[-72.867,-35.927],[-72.639,-35.538],[-72.413,-35.149],[-72.304,-34.673],[-72.196,-34.197],[-72.09,-33.721],[-71.984,-33.245],[-71.88,-32.768],[-71.777,-32.292],[-71.675,-31.815],[-71.574,-31.339],[-71.474,-30.862],[-71.314,-30.473],[-71.156,-30.083],[-70.999,-29.693],[-70.843,-29.302],[-70.689,-28.912],[-70.595,-28.455],[-70.503,-27.998],[-70.411,-27.542],[-70.32,-27.085],[-70.229,-26.628],[-70.14,-26.171],[-70.051,-25.713],[-69.963,-25.256],[-69.892,-24.848],[-69.821,-24.44],[-69.751,-24.031],[-69.814,-23.592],[-69.876,-23.153],[-69.86,-22.811],[-69.844,-22.47],[-69.98,-22.038],[-70.115,-21.607],[-70.377,-21.174],[-70.637,-20.741],[-70.953,-20.393],[-71.268,-20.044],[-71.581,-19.694],[-71.892,-19.344],[-72.203,-18.994],[-72.649,-18.752],[-73.095,-18.509],[-73.417,-18.156],[-73.738,-17.802],[-74.057,-17.448],[-74.375,-17.094],[-74.692,-16.739],[-75.008,-16.383],[-75.322,-16.027],[-75.636,-15.671],[-75.948,-15.314],[-76.172,-14.904],[-76.395,-14.495],[-76.617,-14.086],[-76.838,-13.676],[-77.059,-13.266],[-77.278,-12.856],[-77.498,-12.445],[-77.716,-12.035],[-77.934,-11.624],[-78.151,-11.213],[-78.367,-10.802],[-78.512,-10.341],[-78.656,-9.88],[-78.8,-9.418],[-78.944,-8.957],[-79.087,-8.495],[-79.23,-8.034],[-79.372,-7.572],[-79.515,-7.11],[-79.421,-6.626],[-79.327,-6.143],[-79.233,-5.659],[-79.14,-5.175],[-79.046,-4.691],[-78.953,-4.207],[-78.903,-3.927],[-78.864,-3.673],[-78.795,-3.394],[-78.719,-3.024],[-78.666,-2.818],[-78.628,-2.573],[-78.543,-2.344]]}},{"type":"Feature","properties":{"boundary_type":"subduction","feature_type":"gpml:SubductionZone","polarity":"Right","overriding_plate_id":201,"subducting_plate_id":224,"plate_ids":[201,224],"name":"South America trench taken from COB file"},"geometry":{"type":"LineString","coordinates":[[-78.543,-2.344],[-78.487,-2.19],[-78.368,-1.85],[-78.227,-1.577],[-78.009,-1.145],[-77.854,-0.8],[-77.683,-0.492],[-77.477,-0.096],[-77.232,0.233],[-77.005,0.554],[-76.844,0.752],[-76.571,1.079],[-76.269,1.44],[-75.98,1.746],[-75.737,1.938],[-75.503,2.24],[-75.327,2.39],[-75.267,2.678],[-75.016,3.033],[-74.764,3.388],[-74.755,3.397],[-74.722,3.467],[-74.706,3.667],[-74.69,3.867],[-74.724,4.116],[-74.779,4.34],[-74.909,4.651],[-74.998,4.786],[-75.096,5.04],[-75.111,5.053]]}},{"type":"Feature","properties":{"boundary_type":"subduction","feature_type":"gpml:SubductionZone","polarity":"Right","overriding_plate_id":201,"subducting_plate_id":224,"plate_ids":[201,224],"name":"TBD"},"geometry":{"type":"LineString","coordinates":[[-75.111,5.053],[-75.085,5.455],[-75.059,5.858],[-75.034,6.261],[-74.759,6.58],[-74.483,6.899],[-74.208,7.218],[-73.932,7.536],[-73.655,7.863],[-73.378,8.189],[-73.101,8.515],[-72.823,8.841],[-72.544,9.167],[-72.265,9.492],[-71.97,9.758],[-71.674,10.024],[-71.377,10.29]]}},{"type":"Feature","properties":{"boundary_type":"other","feature_type":"gpml:Fault","polarity":null,"overriding_plate_id":null,"subducting_plate_id":null,"plate_ids":[101,901],"name":"PAC NAM 2 SAF MG 4-28-07"},"geometry":{"type":"LineString","coordinates":[[-115.015,38.173],[-114.93,37.962],[-114.799,37.688],[-114.67,37.413],[-114.463,37.109],[-114.258,36.805],[-113.778,36.566],[-113.301,36.324],[-113.074,36.14],[-112.849,35.956],[-112.526,35.674],[-112.206,35.39],[-111.746,35.079],[-111.29,34.766],[-110.931,34.498],[-110.676,34.338],[-110.423,34.179],[-110.234,33.957],[-110.046,33.735],[-109.772,33.543],[-109.499,33.35],[-109.142,33.105]]}},{"type":"Feature","properties":{"boundary_type":"subduction","feature_type":"gpml:SubductionZone","polarity":"Left","overriding_plate_id":101,"subducting_plate_id":901,"plate_ids":[101,901],"name":"NAM subduction COB"},"geometry":{"type":"LineString","coordinates":[[-122.741,54.847],[-122.44,54.562],[-122.143,54.277],[-121.973,54.141]]}},{"type":"Feature","properties":{"boundary_type":"subduction","feature_type":"gpml:SubductionZone","polarity":"Left","overriding_plate_id":101,"subducting_plate_id":903,"plate_ids":[101,903],"name":"NAM subduction COB"},"geometry":{"type":"LineString","coordinates":[[-121.973,54.141],[-121.959,54.13]]}},{"type":"Feature","properties":{"boundary_type":"subduction","feature_type":"gpml:SubductionZone","polarity":"Left","overriding_plate_id":101,"subducting_plate_id":903,"plate_ids":[101,903],"name":"NAM subduction COB"},"geometry":{"type":"LineString","coordinates":[[-121.959,54.13],[-121.598,53.838],[-121.235,53.562],[-120.877,53.285],[-120.523,53.008],[-120.19,52.633],[-119.862,52.257],[-119.581,51.909],[-119.304,51.56],[-118.942,51.174],[-118.586,50.787],[-118.512,50.434],[-118.438,50.08],[-118.366,49.727],[-118.29,49.32],[-118.215,48.913],[-118.141,48.506],[-118.206,48.076],[-118.27,47.646],[-118.385,47.285],[-118.498,46.924],[-118.61,46.563],[-118.633,46.088],[-118.655,45.614],[-118.677,45.139],[-118.624,44.676],[-118.572,44.212],[-118.521,43.749],[-118.555,43.357],[-118.589,42.965],[-118.623,42.573],[-118.656,42.182],[-118.37,41.869],[-118.087,41.556],[-117.807,41.243],[-117.529,40.928],[-117.286,40.618],[-117.045,40.307],[-116.807,39.995]]}},{"type":"Feature","properties":{"boundary_type":"subduction","feature_type":"gpml:SubductionZone","polarity":"Left","overriding_plate_id":101,"subducting_plate_id":901,"plate_ids":[101,901],"name":"NAM subduction COB"},"geometry":{"type":"LineString","coordinates":[[-116.807,39.995],[-116.566,39.678],[-116.328,39.361],[-115.982,39.053],[-115.64,38.745],[-115.3,38.435]]}},{"type":"Feature","properties":{"boundary_type":"subduction","feature_type":"gpml:SubductionZone","polarity":"Left","overriding_plate_id":101,"subducting_plate_id":901,"plate_ids":[101,901],"name":"NAM subduction COB"},"geometry":{"type":"LineString","coordinates":[[-115.3,38.435],[-115.015,38.173]]}},{"type":"Feature","properties":{"boundary_type":"ridge","feature_type":"gpml:MidOceanRidge","polarity":null,"overriding_plate_id":null,"subducting_plate_id":null,"plate_ids":[815,818],"name":"East Scotia Ridge"},"geometry":{"type":"LineString","coordinates":[[-36.749,-59.447],[-36.944,-59.464],[-36.973,-59.573],[-36.995,-59.658],[-37.008,-59.76],[-37.013,-59.843],[-37.047,-59.998],[-37.12,-60.149],[-37.501,-60.139],[-37.517,-60.201],[-37.545,-60.259],[-37.591,-60.547],[-37.286,-60.551],[-37.227,-60.797],[-36.955,-60.809]]}},{"type":"Feature","properties":{"boundary_type":"ridge","feature_type":"gpml:MidOceanRidge","polarity":null,"overriding_plate_id":null,"subducting_plate_id":null,"plate_ids":[815,818],"name":"East Scotia Ridge"},"geometry":{"type":"LineString","coordinates":[[-36.955,-60.809],[-36.96,-61.062],[-36.966,-61.314],[-36.724,-61.322],[-36.776,-61.653],[-36.83,-61.984],[-37.013,-61.987],[-37.029,-62.254],[-37.046,-62.521],[-36.614,-62.549],[-36.673,-62.897],[-36.733,-63.244],[-37.354,-63.222],[-37.35,-63.645],[-37.299,-63.747]]}},{"type":"Feature","properties":{"boundary_type":"ridge","feature_type":"gpml:MidOceanRidge","polarity":null,"overriding_plate_id":null,"subducting_plate_id":null,"plate_ids":[802,815],"name":"East Scotia Ridge"},"geometry":{"type":"LineString","coordinates":[[-37.299,-63.747],[-37.228,-63.888],[-37.111,-64.008]]}},{"type":"Feature","properties":{"boundary_type":"ridge","feature_type":"gpml:MidOceanRidge","polarity":null,"overriding_plate_id":null,"subducting_plate_id":null,"plate_ids":[201,802],"name":"East Scotia Ridge"},"geometry":{"type":"LineString","coordinates":[[-37.111,-64.008],[-37.013,-64.108]]}},{"type":"Feature","properties":{"boundary_type":"ridge","feature_type":"gpml:MidOceanRidge","polarity":null,"overriding_plate_id":null,"subducting_plate_id":null,"plate_ids":[201,802],"name":"Ridge from iso A5 from Antarctica at 10.9Ma"},"geometry":{"type":"LineString","coordinates":[[-37.013,-64.108],[-35.966,-64.147],[-34.916,-64.178],[-33.864,-64.202],[-32.811,-64.219],[-31.756,-64.227],[-30.638,-64.282],[-29.515,-64.329],[-28.389,-64.367],[-27.259,-64.396],[-26.207,-64.57],[-25.141,-64.736],[-24.212,-64.78],[-23.28,-64.819],[-22.346,-64.852],[-21.549,-64.891],[-20.75,-64.926],[-19.95,-64.957],[-19.806,-64.698],[-19.664,-64.438],[-18.827,-64.413],[-18.676,-64.06],[-18.528,-63.707],[-18.174,-63.681],[-18.076,-63.326],[-17.596,-63.306],[-16.754,-63.288],[-16.188,-63.293],[-15.959,-62.965],[-15.689,-62.661],[-15.66,-62.642],[-14.787,-62.609],[-13.915,-62.571],[-13.046,-62.528],[-11.974,-62.491],[-10.905,-62.445],[-9.84,-62.392],[-8.988,-62.348],[-8.138,-62.3],[-7.29,-62.246],[-6.697,-62.217],[-6.105,-62.186],[-5.437,-62.129],[-5.437,-61.863],[-5.422,-61.575],[-4.904,-61.528],[-4.437,-61.496],[-4.397,-61.212],[-4.358,-60.928],[-3.66,-60.881],[-2.817,-60.844],[-2.802,-60.472],[-2.825,-60.06],[-1.971,-60.023],[-1.119,-59.981],[-0.268,-59.934]]}},{"type":"Feature","properties":{"boundary_type":"transform","feature_type":"gpml:Transform","polarity":null,"overriding_plate_id":null,"subducting_plate_id":null,"plate_ids":[819,904],"name":"Shackleton Fracture Zone"},"geometry":{"type":"LineString","coordinates":[[-73.539,-58.511],[-72.941,-58.83],[-72.331,-59.147],[-71.71,-59.46],[-71.077,-59.771],[-70.432,-59.986],[-69.779,-60.198],[-69.118,-60.406],[-68.448,-60.611],[-68.01,-60.807],[-67.567,-61.002]]}},{"type":"Feature","properties":{"boundary_type":"transform","feature_type":"gpml:Transform","polarity":null,"overriding_plate_id":null,"subducting_plate_id":null,"plate_ids":[818,904],"name":"Shackleton Fracture Zone"},"geometry":{"type":"LineString","coordinates":[[-67.567,-61.002],[-66.843,-61.312],[-66.104,-61.617],[-65.351,-61.919],[-64.636,-62.272],[-63.903,-62.622],[-63.153,-62.968],[-62.385,-63.31],[-62.28,-63.382]]}},{"type":"Feature","properties":{"boundary_type":"transform","feature_type":"gpml:Transform","polarity":null,"overriding_plate_id":null,"subducting_plate_id":null,"plate_ids":[802,818],"name":"Shackleton Fracture Zone"},"geometry":{"type":"LineString","coordinates":[[-62.28,-63.382],[-61.85,-63.676],[-61.411,-63.968]]}},{"type":"Feature","properties":{"boundary_type":"transform","feature_type":"gpml:Transform","polarity":null,"overriding_plate_id":null,"subducting_plate_id":null,"plate_ids":[802,819],"name":"SHACKLETON TRANSFORM FAULT, SCOTIA SEA"},"geometry":{"type":"LineString","coordinates":[[-79.082,-54.227],[-79.021,-54.444],[-78.724,-54.9],[-78.42,-55.355],[-78.11,-55.809],[-77.511,-56.179],[-76.901,-56.547],[-76.279,-56.912],[-75.645,-57.273],[-75.025,-57.541],[-74.396,-57.806],[-73.758,-58.068],[-73.111,-58.327]]}},{"type":"Feature","properties":{"boundary_type":"transform","feature_type":"gpml:Transform","polarity":null,"overriding_plate_id":null,"subducting_plate_id":null,"plate_ids":[201,818],"name":"NORTH SCOTIA RIDGE TRANSFORM FAULT"},"geometry":{"type":"LineString","coordinates":[[-42.725,-56.673],[-43.496,-56.64],[-44.266,-56.602],[-44.865,-56.496],[-45.461,-56.387],[-46.053,-56.275],[-46.703,-56.182],[-47.349,-56.086],[-47.94,-56.054]]}},{"type":"Feature","properties":{"boundary_type":"transform","feature_type":"gpml:Transform","polarity":null,"overriding_plate_id":null,"subducting_plate_id":null,"plate_ids":[201,819],"name":"NORTH SCOTIA RIDGE TRANSFORM FAULT"},"geometry":{"type":"LineString","coordinates":[[-47.94,-56.054],[-48.704,-56.009],[-49.23,-56.049],[-49.757,-56.088],[-50.505,-55.995],[-51.248,-55.898],[-51.871,-55.897],[-52.494,-55.893],[-53.116,-55.886],[-53.881,-56.01],[-54.65,-56.129],[-55.424,-56.243],[-56.054,-56.375],[-56.689,-56.504],[-57.425,-56.497],[-58.16,-56.485],[-58.895,-56.469],[-59.551,-56.442],[-60.206,-56.411],[-60.859,-56.377],[-61.652,-56.339],[-62.444,-56.296],[-63.139,-56.302],[-63.835,-56.304],[-64.674,-56.455],[-65.519,-56.601],[-66.371,-56.741],[-67.238,-56.81],[-68.107,-56.872],[-68.912,-56.831],[-69.716,-56.784],[-70.518,-56.732],[-71.366,-56.6],[-72.209,-56.463],[-72.932,-56.246],[-73.646,-56.026],[-74.353,-55.801],[-74.943,-55.493],[-75.524,-55.181],[-76.096,-54.867],[-76.758,-54.571],[-77.41,-54.272],[-77.912,-53.896],[-78.405,-53.517],[-78.889,-53.136],[-79.365,-52.753]]}},{"type":"Feature","properties":{"boundary_type":"ridge","feature_type":"gpml:MidOceanRidge","polarity":null,"overriding_plate_id":null,"subducting_plate_id":null,"plate_ids":[818,819],"name":"West Scotia Ridge (W1-W7)"},"geometry":{"type":"LineString","coordinates":[[-67.567,-61.002],[-66.745,-60.812],[-66.23,-60.603],[-65.722,-60.393],[-65.816,-60.351],[-65.412,-60.164],[-65.012,-59.977],[-64.587,-60.119],[-64.157,-60.261],[-63.782,-60.073],[-63.41,-59.885],[-62.939,-59.999],[-62.394,-59.64],[-61.861,-59.28],[-61.2,-59.462],[-60.641,-59.083],[-60.094,-58.702],[-59.422,-58.897],[-58.741,-59.088],[-58.053,-59.275],[-57.358,-59.459],[-57.027,-59.143],[-56.702,-58.827],[-55.949,-59.012],[-55.188,-59.192],[-54.42,-59.368],[-53.643,-59.539],[-52.858,-59.706],[-52.066,-59.867],[-51.723,-59.464],[-51.389,-59.059],[-51.063,-58.654],[-50.386,-58.768],[-49.705,-58.879],[-49.523,-58.471],[-49.345,-58.063],[-48.881,-58.103],[-48.694,-57.677],[-48.511,-57.25],[-48.094,-57.003],[-47.684,-56.756],[-48.027,-56.315],[-47.94,-56.054]]}},{"type":"Feature","properties":{"boundary_type":"subduction","feature_type":"gpml:SubductionZone","polarity":"Right","overriding_plate_id":802,"subducting_plate_id":904,"plate_ids":[802,904],"name":"Ant-Aluk Subduction Zone"},"geometry":{"type":"LineString","coordinates":[[-66.343,-63.951],[-65.557,-63.829],[-64.778,-63.702],[-64.007,-63.571],[-63.141,-63.479],[-62.28,-63.382]]}},{"type":"Feature","properties":{"boundary_type":"transform","feature_type":"gpml:Transform","polarity":null,"overriding_plate_id":null,"subducting_plate_id":null,"plate_ids":[802,818],"name":"South Scotia Ridge Transform Fault"},"geometry":{"type":"LineString","coordinates":[[-61.411,-63.968],[-60.824,-63.985],[-60.096,-63.788],[-59.378,-63.589],[-58.76,-63.48],[-58.158,-63.371],[-57.084,-63.249],[-56.261,-63.232],[-55.438,-63.211],[-54.617,-63.185],[-53.867,-63.194],[-53.115,-63.199],[-52.364,-63.2],[-51.626,-63.224],[-50.681,-63.303],[-49.974,-63.392],[-49.263,-63.477],[-48.394,-63.626],[-47.797,-63.873],[-47.189,-64.118],[-46.479,-64.138],[-45.768,-64.154],[-45.075,-64.085],[-44.386,-64.012],[-43.738,-64.343],[-43.075,-64.671],[-42.395,-64.996],[-41.735,-64.918],[-41.078,-64.838],[-40.637,-64.8],[-40.176,-64.491],[-39.234,-64.288],[-38.307,-64.079],[-37.393,-63.865],[-37.299,-63.747]]}},{"type":"Feature","properties":{"boundary_type":"subduction","feature_type":"gpml:SubductionZone","polarity":"Left","overriding_plate_id":815,"subducting_plate_id":201,"plate_ids":[201,815],"name":"Sandwich Trench"},"geometry":{"type":"LineString","coordinates":[[-37.111,-64.008],[-36.349,-63.726],[-35.957,-63.443],[-35.573,-63.159],[-35.278,-62.935],[-34.986,-62.71],[-34.842,-62.351],[-34.7,-61.991],[-34.828,-61.602],[-34.952,-61.213],[-35.036,-60.958],[-35.27,-60.732],[-35.5,-60.504],[-35.727,-60.277],[-35.951,-60.049],[-36.243,-59.814],[-36.531,-59.578],[-36.749,-59.447]]}},{"type":"Feature","properties":{"boundary_type":"subduction","feature_type":"gpml:SubductionZone","polarity":"Left","overriding_plate_id":818,"subducting_plate_id":201,"plate_ids":[201,818],"name":"Sandwich Trench"},"geometry":{"type":"LineString","coordinates":[[-36.749,-59.447],[-37.249,-59.141],[-37.868,-58.928],[-38.523,-58.77],[-38.84,-58.712],[-39.183,-58.419],[-39.521,-58.125],[-39.853,-57.83],[-40.494,-57.515],[-41.123,-57.197],[-41.664,-57.005],[-42.199,-56.811],[-42.725,-56.673]]}},{"type":"Feature","properties":{"boundary_type":"ridge","feature_type":"gpml:MidOceanRidge","polarity":null,"overriding_plate_id":null,"subducting_plate_id":null,"plate_ids":[901,903],"name":"Pacific-Juan de Fuca MOR c5n2o NW15"},"geometry":{"type":"LineString","coordinates":[[-120.841,40.048],[-120.264,40.049],[-119.688,40.047],[-119.111,40.042],[-118.535,40.035],[-117.959,40.024],[-117.382,40.011],[-116.807,39.995]]}},{"type":"Feature","properties":{"boundary_type":"subduction","feature_type":"gpml:SubductionZone","polarity":"Left","overriding_plate_id":301,"subducting_plate_id":608,"plate_ids":[301,608],"name":"Okinawa Trough (Ryuku) from EarthByte cob MG 4-20-07"},"geometry":{"type":"LineString","coordinates":[[119.495,25.792],[119.924,25.896],[120.354,25.999],[120.798,26.156],[121.244,26.311],[121.691,26.465],[122.139,26.617],[122.589,26.768],[123.018,27.018],[123.448,27.266],[123.881,27.513],[124.316,27.759],[124.588,28.034],[124.862,28.309],[125.137,28.584],[125.351,28.998],[125.567,29.412],[125.784,29.825],[126.004,30.238],[126.225,30.651],[126.375,30.985],[126.526,31.319],[126.679,31.653]]}},{"type":"Feature","properties":{"boundary_type":"other","feature_type":"gpml:Fault","polarity":null,"overriding_plate_id":null,"subducting_plate_id":null,"plate_ids":[334,701],"name":"DFZ"},"geometry":{"type":"LineString","coordinates":[[12.297,42.368],[12.696,41.972],[13.09,41.575],[13.479,41.177]]}},{"type":"Feature","properties":{"boundary_type":"other","feature_type":"gpml:Fault","polarity":null,"overriding_plate_id":null,"subducting_plate_id":null,"plate_ids":[337,701],"name":"DFZ"},"geometry":{"type":"LineString","coordinates":[[13.479,41.177],[14.07,40.995],[14.657,40.809],[15.241,40.621],[15.822,40.43],[16.399,40.236]]}},{"type":"Feature","properties":{"boundary_type":"other","feature_type":"gpml:Fault","polarity":null,"overriding_plate_id":null,"subducting_plate_id":null,"plate_ids":[340,701],"name":"DFZ"},"geometry":{"type":"LineString","coordinates":[[16.399,40.236],[16.823,40.022],[17.244,39.806],[17.663,39.589],[18.079,39.37]]}},{"type":"Feature","properties":{"boundary_type":"other","feature_type":"gpml:Fault","polarity":null,"overriding_plate_id":null,"subducting_plate_id":null,"plate_ids":[328,701],"name":"DFZ"},"geometry":{"type":"LineString","coordinates":[[18.079,39.37],[18.436,38.961],[18.789,38.551],[19.138,38.14],[19.483,37.728],[19.863,37.383],[20.239,37.036],[20.612,36.688],[20.982,36.34],[21.439,36.253],[21.895,36.164],[22.351,36.074]]}},{"type":"Feature","properties":{"boundary_type":"other","feature_type":"gpml:Fault","polarity":null,"overriding_plate_id":null,"subducting_plate_id":null,"plate_ids":[334,337],"name":"Fault"},"geometry":{"type":"LineString","coordinates":[[13.479,41.177],[13.97,41.472],[14.465,41.764],[14.965,42.055],[15.469,42.343],[15.978,42.63],[16.443,42.913],[16.913,43.195],[17.387,43.475],[18.018,43.611],[18.651,43.744],[19.288,43.873],[19.927,43.998],[20.569,44.12]]}},{"type":"Feature","properties":{"boundary_type":"other","feature_type":"gpml:Fault","polarity":null,"overriding_plate_id":null,"subducting_plate_id":null,"plate_ids":[337,340],"name":"Fault"},"geometry":{"type":"LineString","coordinates":[[16.399,40.236],[16.775,40.527],[17.154,40.817],[17.537,41.106],[17.922,41.393],[18.312,41.679],[18.745,41.931],[19.182,42.182],[19.622,42.432],[20.065,42.679],[20.381,42.967],[20.699,43.254],[21.02,43.54]]}},{"type":"Feature","properties":{"boundary_type":"other","feature_type":"gpml:Fault","polarity":null,"overriding_plate_id":null,"subducting_plate_id":null,"plate_ids":[328,340],"name":"Fault"},"geometry":{"type":"LineString","coordinates":[[18.079,39.37],[18.415,39.758],[18.756,40.144],[19.1,40.529],[19.449,40.913],[19.815,41.124],[20.185,41.334],[20.556,41.543],[20.997,41.65],[21.439,41.754],[21.883,41.857]]}},{"type":"Feature","properties":{"boundary_type":"subduction","feature_type":"gpml:SubductionZone","polarity":"Left","overriding_plate_id":301,"subducting_plate_id":328,"plate_ids":[301,328],"name":"Alpine Sub."},"geometry":{"type":"LineString","coordinates":[[21.883,41.857],[21.723,41.417],[21.564,40.977],[21.408,40.537],[21.254,40.097],[21.102,39.656],[20.951,39.215],[20.803,38.774],[20.821,38.396],[20.838,38.017],[20.855,37.638],[21.235,37.249],[21.611,36.858],[21.982,36.467],[22.351,36.074]]}},{"type":"Feature","properties":{"boundary_type":"subduction","feature_type":"gpml:SubductionZone","polarity":"Left","overriding_plate_id":301,"subducting_plate_id":701,"plate_ids":[301,701],"name":"Alpine Sub."},"geometry":{"type":"LineString","coordinates":[[22.351,36.074],[22.68,35.724],[23.007,35.373],[23.331,35.022],[23.652,34.669],[23.97,34.316],[24.286,33.962],[24.599,33.607],[24.505,33.229]]}},{"type":"Feature","properties":{"boundary_type":"subduction","feature_type":"gpml:SubductionZone","polarity":"Right","overriding_plate_id":301,"subducting_plate_id":701,"plate_ids":[301,701],"name":"Eastern Mediterranean Subduction"},"geometry":{"type":"LineString","coordinates":[[39.265,34.845],[38.756,34.786],[38.248,34.725],[37.741,34.661],[37.235,34.596],[36.729,34.528],[36.225,34.459],[35.811,34.155],[35.401,33.851],[34.993,33.545],[34.609,33.253],[34.227,32.961],[33.848,32.667],[33.471,32.373],[33.097,32.077],[32.581,32.031],[32.065,31.983],[31.55,31.933],[31.036,31.88],[30.478,31.927],[29.919,31.972],[29.36,32.014],[28.815,32.117],[28.268,32.217],[27.721,32.315],[27.172,32.41],[26.623,32.504],[26.072,32.594],[25.52,32.683],[24.967,32.769],[24.412,32.852],[24.505,33.229]]}},{"type":"Feature","properties":{"boundary_type":"subduction","feature_type":"gpml:SubductionZone","polarity":"Right","overriding_plate_id":701,"subducting_plate_id":301,"plate_ids":[301,701],"name":"Alpine Subduction"},"geometry":{"type":"LineString","coordinates":[[9.116,38.418],[9.014,38.897],[8.911,39.376],[8.806,39.854],[8.7,40.333],[8.592,40.812],[8.482,41.29],[8.371,41.768],[9.02,41.878],[9.672,41.983],[10.325,42.085],[10.98,42.183],[11.638,42.278],[12.297,42.368]]}},{"type":"Feature","properties":{"boundary_type":"subduction","feature_type":"gpml:SubductionZone","polarity":"Right","overriding_plate_id":334,"subducting_plate_id":301,"plate_ids":[301,334],"name":"Alpine Subduction"},"geometry":{"type":"LineString","coordinates":[[12.297,42.368],[12.678,42.629],[13.063,42.888],[13.45,43.147],[13.714,43.42],[13.981,43.693],[14.25,43.965],[14.758,44.2],[15.269,44.433],[15.872,44.613],[16.478,44.789],[17.088,44.962],[17.675,44.829],[18.26,44.694],[18.841,44.555],[19.42,44.413],[19.996,44.268],[20.569,44.12]]}},{"type":"Feature","properties":{"boundary_type":"subduction","feature_type":"gpml:SubductionZone","polarity":"Right","overriding_plate_id":337,"subducting_plate_id":301,"plate_ids":[301,337],"name":"Alpine Subduction"},"geometry":{"type":"LineString","coordinates":[[20.569,44.12],[20.795,43.83],[21.02,43.54]]}},{"type":"Feature","properties":{"boundary_type":"subduction","feature_type":"gpml:SubductionZone","polarity":"Right","overriding_plate_id":340,"subducting_plate_id":301,"plate_ids":[301,340],"name":"Alpine Subduction"},"geometry":{"type":"LineString","coordinates":[[21.02,43.54],[21.24,43.12],[21.457,42.699],[21.672,42.278],[21.883,41.857]]}},{"type":"Feature","properties":{"boundary_type":"subduction","feature_type":"gpml:SubductionZone","polarity":"Right","overriding_plate_id":301,"subducting_plate_id":701,"plate_ids":[301,701],"name":"Ligurian Subduction"},"geometry":{"type":"LineString","coordinates":[[9.116,38.418],[9.525,38.106],[9.93,37.793],[10.332,37.478],[10.73,37.162],[11.125,36.845],[11.517,36.526],[11.905,36.207],[12.291,35.885],[12.673,35.563],[12.52,35.119],[12.369,34.674],[12.219,34.229],[11.793,33.927],[11.37,33.623],[10.95,33.318],[10.533,33.011],[10.119,32.704],[9.707,32.394],[9.163,32.316],[8.62,32.235],[8.077,32.152],[7.536,32.066],[6.996,31.979],[6.457,31.889],[5.918,31.797],[5.381,31.702],[4.845,31.605],[4.377,31.594],[3.909,31.581],[3.44,31.566],[2.976,31.501],[2.512,31.435],[2.049,31.367],[1.587,31.297]]}}]}