{"type":"FeatureCollection","meta":{"model":"Cao2024","reconstruction_time_ma":40.0,"anchor_plate_id":0,"pygplates_version":"1.0.0","tessellate_degrees":0.5,"polarity_convention":"gpml:subductionPolarity. 'Left'/'Right' names the side of the line, in vertex order, on which the OVERRIDING plate lies. Triangles are drawn on that side.","antimeridian":"Lines are NOT split at +/-180 deg. The renderer works in 3D unit vectors where the dateline is not special; splitting would only add spurious breaks. Do not treat this as RFC 7946 GIS-ready 2D data."},"features":[{"type":"Feature","properties":{"boundary_type":"other","feature_type":"gpml:Fault","polarity":null,"overriding_plate_id":null,"subducting_plate_id":null,"plate_ids":[101,406],"name":"Kamchatka"},"geometry":{"type":"LineString","coordinates":[[154.659,71.705],[153.612,71.62],[152.576,71.529],[151.549,71.433],[150.323,71.306],[149.113,71.172],[148.044,70.954],[146.999,70.731],[145.977,70.502],[144.939,70.249],[143.927,69.991],[142.94,69.727],[141.978,69.458],[141.44,69.037],[140.921,68.614],[140.423,68.19],[139.942,67.765],[139.678,67.376],[139.423,66.987],[139.175,66.597],[138.936,66.207],[138.703,65.816],[138.556,65.381],[138.413,64.945],[138.275,64.51],[138.142,64.074],[137.949,63.598],[137.763,63.121],[137.583,62.645]]}},{"type":"Feature","properties":{"boundary_type":"other","feature_type":"gpml:FractureZone","polarity":null,"overriding_plate_id":null,"subducting_plate_id":null,"plate_ids":[701,801],"name":"Owen FZ from NUVEL file, DB 04-2007"},"geometry":{"type":"LineString","coordinates":[[55.285,-5.368],[55.475,-4.959],[55.665,-4.551],[55.854,-4.142],[56.043,-3.733],[56.232,-3.324],[56.421,-2.915],[56.61,-2.506],[56.798,-2.097],[56.987,-1.688],[57.175,-1.279],[57.352,-0.827],[57.529,-0.375],[57.706,0.077],[57.883,0.528],[58.06,0.98],[58.237,1.432],[58.414,1.884],[58.591,2.335],[58.769,2.787],[58.946,3.239],[59.124,3.69],[59.282,4.15],[59.441,4.61],[59.599,5.07],[59.758,5.53],[59.918,5.99],[60.077,6.449],[60.237,6.909],[60.397,7.369],[60.557,7.828],[60.718,8.288],[60.879,8.747],[61.034,9.185],[61.189,9.623],[61.345,10.061],[61.501,10.498],[61.657,10.936],[61.814,11.374],[61.972,11.811],[62.13,12.248],[62.288,12.686],[62.447,13.123],[62.607,13.56],[62.767,13.997],[62.912,14.454],[63.057,14.912],[63.202,15.369],[63.349,15.826],[63.496,16.284],[63.643,16.741],[63.792,17.197],[63.941,17.654],[64.091,18.111],[64.241,18.568],[64.393,19.024],[64.545,19.48],[64.622,19.769],[64.699,20.058]]}},{"type":"Feature","properties":{"boundary_type":"other","feature_type":"gpml:FractureZone","polarity":null,"overriding_plate_id":null,"subducting_plate_id":null,"plate_ids":[301,701],"name":"Owen FZ from NUVEL file, DB 04-2007"},"geometry":{"type":"LineString","coordinates":[[64.699,20.058],[64.818,20.497],[64.937,20.937]]}},{"type":"Feature","properties":{"boundary_type":"transform","feature_type":"gpml:Transform","polarity":null,"overriding_plate_id":null,"subducting_plate_id":null,"plate_ids":[224],"name":"FZ NORTH 2"},"geometry":{"type":"LineString","coordinates":[[-69.891,16.594],[-69.754,16.588]]}},{"type":"Feature","properties":{"boundary_type":"transform","feature_type":"gpml:Transform","polarity":null,"overriding_plate_id":null,"subducting_plate_id":null,"plate_ids":[673,801],"name":"Kalimantan (Bornea) - mg"},"geometry":{"type":"LineString","coordinates":[[121.654,-3.778],[121.881,-3.426],[122.108,-3.074],[122.334,-2.723],[122.56,-2.371],[122.786,-2.019],[123.047,-1.726],[123.308,-1.434],[123.569,-1.141],[123.83,-0.849]]}},{"type":"Feature","properties":{"boundary_type":"transform","feature_type":"gpml:Transform","polarity":null,"overriding_plate_id":null,"subducting_plate_id":null,"plate_ids":[665,673],"name":"Kalimantan (Bornea) - mg"},"geometry":{"type":"LineString","coordinates":[[123.83,-0.849],[124.122,-0.521],[124.414,-0.194],[124.705,0.133],[124.997,0.461]]}},{"type":"Feature","properties":{"boundary_type":"other","feature_type":"gpml:InferredPaleoBoundary","polarity":null,"overriding_plate_id":null,"subducting_plate_id":null,"plate_ids":[801,861],"name":"NewCal Obd Oph"},"geometry":{"type":"LineString","coordinates":[[167.116,-27.934],[167.425,-28.327],[167.69,-28.573],[167.955,-28.819],[168.045,-28.942]]}},{"type":"Feature","properties":{"boundary_type":"other","feature_type":"gpml:InferredPaleoBoundary","polarity":null,"overriding_plate_id":null,"subducting_plate_id":null,"plate_ids":[801,855],"name":"NewCal Obd Oph"},"geometry":{"type":"LineString","coordinates":[[168.045,-28.942],[168.231,-29.194],[168.417,-29.446],[168.768,-29.721],[169.12,-29.995],[169.567,-30.178],[170.016,-30.36],[170.425,-30.537],[170.836,-30.712],[171.249,-30.887],[171.646,-30.993],[172.044,-31.099],[172.442,-31.203],[172.841,-31.29],[173.241,-31.375],[173.641,-31.459],[174.067,-31.599],[174.494,-31.737],[174.978,-31.9],[175.463,-32.061],[175.832,-32.264],[176.203,-32.466],[176.63,-32.741],[177.059,-33.014],[177.462,-33.261],[177.867,-33.506],[178.361,-33.751],[178.857,-33.993],[179.384,-34.186],[179.678,-34.329],[179.974,-34.471],[-179.553,-34.707],[-179.125,-34.772],[-178.697,-34.834],[-178.329,-35.037],[-177.959,-35.239],[-177.587,-35.44]]}},{"type":"Feature","properties":{"boundary_type":"other","feature_type":"gpml:InferredPaleoBoundary","polarity":null,"overriding_plate_id":null,"subducting_plate_id":null,"plate_ids":[801,901],"name":"PB North NZ"},"geometry":{"type":"LineString","coordinates":[[-166.507,-41.332],[-167.001,-41.207],[-167.493,-41.079],[-168.134,-41.015],[-168.774,-40.946],[-169.412,-40.875],[-170.049,-40.799],[-170.684,-40.72],[-171.318,-40.638],[-171.951,-40.552],[-172.581,-40.463],[-173.21,-40.371],[-173.837,-40.275],[-174.463,-40.175],[-175.086,-40.072],[-175.527,-40.112],[-175.968,-40.149],[-176.41,-40.185]]}},{"type":"Feature","properties":{"boundary_type":"other","feature_type":"gpml:InferredPaleoBoundary","polarity":null,"overriding_plate_id":null,"subducting_plate_id":null,"plate_ids":[801,901],"name":"SS ThroughSthNewZealand EmeraldFZ"},"geometry":{"type":"LineString","coordinates":[[-166.507,-41.332],[-166.464,-41.779],[-166.421,-42.226],[-166.377,-42.673],[-166.332,-43.121],[-166.287,-43.568],[-166.24,-44.015],[-166.194,-44.462],[-166.473,-44.77],[-166.755,-45.078],[-167.207,-45.403],[-167.665,-45.727],[-168.128,-46.049],[-168.596,-46.369],[-169.07,-46.688],[-169.557,-47.036],[-170.051,-47.381],[-170.552,-47.725],[-171.058,-48.066],[-171.366,-48.385],[-171.678,-48.703],[-171.994,-49.02],[-172.313,-49.336],[-172.526,-49.69],[-172.742,-50.043],[-172.961,-50.395],[-173.183,-50.748],[-173.242,-51.208],[-173.303,-51.669],[-173.365,-52.13],[-173.428,-52.59],[-173.731,-53.024],[-174.039,-53.458],[-174.355,-53.89],[-174.677,-54.322],[-175.005,-54.752],[-175.341,-55.182],[-175.684,-55.611],[-176.012,-56.047],[-176.348,-56.482],[-176.691,-56.916],[-177.042,-57.349],[-177.402,-57.781],[-178.102,-58.041],[-178.813,-58.297],[-179.533,-58.548],[179.736,-58.796],[179.162,-59.124],[178.452,-59.441],[178.011,-59.597],[177.583,-59.85],[177.148,-60.101]]}},{"type":"Feature","properties":{"boundary_type":"ridge","feature_type":"gpml:MidOceanRidge","polarity":null,"overriding_plate_id":null,"subducting_plate_id":null,"plate_ids":[801,804],"name":"Ridge f iso A18 on AUS at 40.1Ma"},"geometry":{"type":"LineString","coordinates":[[-178.801,-61.315],[-179.45,-61.644],[179.887,-61.971],[179.21,-62.294],[178.518,-62.614]]}},{"type":"Feature","properties":{"boundary_type":"ridge","feature_type":"gpml:MidOceanRidge","polarity":null,"overriding_plate_id":null,"subducting_plate_id":null,"plate_ids":[801,802],"name":"Ridge f iso A18 on AUS at 40.1Ma"},"geometry":{"type":"LineString","coordinates":[[178.518,-62.614],[177.836,-62.919],[177.141,-63.22],[176.43,-63.519],[175.724,-63.239],[175.032,-62.957],[174.353,-62.671],[173.687,-62.382],[173.033,-62.089],[172.393,-61.794],[171.626,-62.124],[170.842,-62.45],[170.041,-62.772],[169.222,-63.089],[168.386,-63.401],[167.702,-63.045],[167.035,-62.685],[166.385,-62.323],[165.749,-61.958],[165.129,-61.589],[164.523,-61.219],[163.932,-60.845],[163.354,-60.469],[162.79,-60.09],[162.238,-59.709],[161.699,-59.326],[161.172,-58.941],[160.657,-58.554],[160.153,-58.164],[159.659,-57.773],[159.177,-57.379],[158.463,-57.58],[157.741,-57.777],[157.011,-57.97],[156.613,-57.632],[156.224,-57.293],[155.516,-57.471],[154.801,-57.644],[154.079,-57.813],[153.73,-57.485],[153.388,-57.156],[153.051,-56.826],[152.721,-56.495],[152.287,-56.586],[151.85,-56.675],[151.327,-56.339],[150.812,-56.0],[150.306,-55.66],[149.81,-55.318],[149.321,-54.973],[148.523,-55.166],[147.718,-55.353],[147.162,-55.485],[146.601,-55.615],[146.037,-55.743],[145.402,-55.809],[144.765,-55.871],[144.126,-55.93],[143.324,-56.001],[142.519,-56.068],[141.711,-56.129],[141.065,-56.184],[140.417,-56.237],[139.768,-56.286],[138.91,-56.385],[138.048,-56.478],[137.182,-56.565],[136.36,-56.694],[135.531,-56.817],[134.697,-56.935],[133.869,-57.13],[133.032,-57.318],[132.187,-57.501],[131.377,-57.679],[130.559,-57.852],[129.734,-58.02],[128.934,-58.168],[128.127,-58.311],[127.314,-58.448],[126.578,-58.603],[125.836,-58.754],[125.088,-58.901],[124.334,-59.043],[123.551,-59.191],[122.761,-59.335],[121.965,-59.475],[121.167,-59.55],[120.365,-59.621],[119.56,-59.687],[118.601,-59.676],[117.643,-59.657],[117.013,-59.444],[116.391,-59.229],[115.776,-59.011],[114.981,-58.781],[114.196,-58.546],[113.422,-58.307],[112.701,-58.157],[111.986,-58.002],[111.197,-58.043],[110.406,-58.079],[109.613,-58.11],[108.782,-58.206],[107.946,-58.297],[107.107,-58.383],[106.201,-58.473],[105.292,-58.557],[104.378,-58.635],[103.641,-58.379],[102.915,-58.118],[102.199,-57.854],[101.467,-57.605],[100.746,-57.351],[100.035,-57.093],[99.437,-56.906],[98.846,-56.716],[98.261,-56.523],[97.681,-56.328],[97.059,-56.136],[96.442,-55.942],[95.832,-55.745],[95.228,-55.545],[94.668,-55.375],[94.113,-55.203],[93.564,-55.028],[92.938,-54.824],[92.319,-54.617],[91.706,-54.408],[91.1,-54.195],[90.468,-53.969],[89.843,-53.741],[89.225,-53.509],[88.613,-53.274],[87.847,-53.088],[87.088,-52.898],[86.335,-52.702],[85.59,-52.502],[84.91,-52.394],[84.234,-52.282],[83.561,-52.166],[82.892,-52.047],[82.227,-51.923],[81.543,-51.887],[80.86,-51.848],[80.178,-51.804],[79.498,-51.756],[78.82,-51.705],[78.142,-51.649],[77.502,-51.414],[76.867,-51.175],[76.24,-50.933],[75.619,-50.688],[75.004,-50.439],[74.396,-50.187]]}},{"type":"Feature","properties":{"boundary_type":"ridge","feature_type":"gpml:MidOceanRidge","polarity":null,"overriding_plate_id":null,"subducting_plate_id":null,"plate_ids":[101,304],"name":"Ridge from iso A18 from NorthAmerica 40.1Ma"},"geometry":{"type":"LineString","coordinates":[[-16.648,33.895],[-16.791,33.649],[-16.933,33.402],[-17.128,32.95],[-17.32,32.498],[-17.511,32.046],[-17.699,31.593],[-17.886,31.14],[-18.097,30.721],[-18.307,30.301],[-18.515,29.881],[-18.721,29.46],[-18.925,29.039],[-19.059,29.052],[-19.261,28.623],[-19.462,28.194]]}},{"type":"Feature","properties":{"boundary_type":"ridge","feature_type":"gpml:MidOceanRidge","polarity":null,"overriding_plate_id":null,"subducting_plate_id":null,"plate_ids":[101,701],"name":"Ridge from iso A18 from NorthAmerica 40.1Ma"},"geometry":{"type":"LineString","coordinates":[[-19.462,28.194],[-19.637,27.819],[-20.147,27.961],[-20.658,28.101],[-21.171,28.24],[-21.376,27.804],[-21.578,27.368],[-21.779,26.932],[-22.223,27.066],[-22.415,26.686],[-22.605,26.306],[-22.794,25.926],[-23.31,26.088],[-23.828,26.249],[-24.347,26.407],[-24.583,25.991],[-24.818,25.574],[-25.051,25.157],[-25.283,24.74],[-25.75,24.903],[-26.218,25.066],[-26.688,25.226],[-27.158,25.386],[-27.389,25.103],[-27.618,24.82],[-27.822,24.87],[-28.058,24.586],[-28.293,24.302],[-28.527,24.018],[-28.859,24.122],[-29.202,23.746],[-29.543,23.369],[-29.882,22.991],[-30.219,22.612],[-30.555,22.233],[-30.972,22.373],[-31.391,22.512],[-31.684,22.132],[-31.976,21.752],[-32.266,21.371],[-32.42,21.432],[-32.689,21.07],[-32.958,20.708],[-33.225,20.345],[-33.491,19.982],[-33.755,19.618],[-34.019,19.255],[-34.281,18.89],[-34.472,18.575],[-34.662,18.26],[-34.852,17.945],[-35.197,18.05],[-35.445,17.678],[-35.507,17.706],[-35.684,17.395],[-35.86,17.083],[-35.616,16.981],[-35.372,16.879],[-35.507,16.444],[-35.64,16.008],[-35.773,15.573],[-35.906,15.137],[-35.956,15.15],[-36.114,14.747],[-36.272,14.344],[-36.43,13.941],[-36.233,13.861],[-36.385,13.464],[-36.536,13.068],[-36.621,13.107],[-36.785,12.713],[-36.949,12.32],[-37.163,12.412],[-37.352,11.971],[-37.54,11.53],[-37.727,11.088],[-37.914,10.647],[-38.101,10.205],[-37.673,10.03],[-37.802,9.703],[-37.93,9.375],[-38.058,9.047],[-38.113,8.939]]}},{"type":"Feature","properties":{"boundary_type":"ridge","feature_type":"gpml:MidOceanRidge","polarity":null,"overriding_plate_id":null,"subducting_plate_id":null,"plate_ids":[101,201],"name":"Ridge from iso A18 from NorthAmerica 40.1Ma"},"geometry":{"type":"LineString","coordinates":[[-38.113,8.939],[-38.138,8.891]]}},{"type":"Feature","properties":{"boundary_type":"ridge","feature_type":"gpml:MidOceanRidge","polarity":null,"overriding_plate_id":null,"subducting_plate_id":null,"plate_ids":[101,301],"name":"Arctic"},"geometry":{"type":"LineString","coordinates":[[3.286,70.874],[4.071,71.238],[4.886,71.599],[5.733,71.956],[6.612,72.31],[7.526,72.659],[8.475,73.004],[8.981,73.171],[9.484,73.303],[9.731,73.493],[10.126,73.743],[10.569,73.942],[11.531,74.187],[12.165,74.343],[12.953,74.524],[13.659,74.545],[14.718,74.803],[15.393,74.928],[16.116,75.244],[16.801,75.623],[17.082,76.024],[17.884,76.203],[18.212,76.446],[18.272,76.594],[18.439,76.785],[19.119,76.844],[20.438,76.826],[21.742,76.923],[22.635,76.977],[23.688,77.096],[24.877,77.181],[26.744,77.377],[28.018,77.553],[29.866,77.841],[31.282,78.065],[32.174,78.236],[33.091,78.404],[34.005,78.579],[34.946,78.751],[36.494,78.954],[38.097,79.149],[40.157,79.348],[41.32,79.539],[42.818,79.576],[44.325,79.606],[46.153,79.655],[48.374,79.693],[49.795,79.689],[51.214,79.679],[53.866,79.681],[55.66,79.734],[57.469,79.776],[59.512,79.751],[62.284,79.84],[64.128,79.869],[66.149,79.831],[67.667,79.753],[69.393,79.652],[71.183,79.535],[73.119,79.468],[75.028,79.389]]}},{"type":"Feature","properties":{"boundary_type":"ridge","feature_type":"gpml:MidOceanRidge","polarity":null,"overriding_plate_id":null,"subducting_plate_id":null,"plate_ids":[102,301],"name":"Greenland - Eurasia"},"geometry":{"type":"LineString","coordinates":[[10.394,67.083],[10.592,66.673],[10.784,66.263],[10.969,65.853],[11.162,65.519],[11.274,65.313],[11.131,65.147],[11.308,64.876],[11.399,64.622],[11.366,64.251],[11.578,63.94],[11.664,63.6],[11.606,63.244],[11.674,63.116],[11.922,62.97],[11.83,62.766],[11.812,62.628],[11.778,62.281],[12.045,61.948],[12.34,61.58],[11.781,61.432],[11.229,61.281],[10.929,61.195],[10.366,61.037],[9.651,60.876],[8.985,60.727],[8.213,60.587],[7.35,60.417],[6.846,60.282],[6.434,60.177],[5.964,59.957],[5.406,59.83],[4.898,59.754],[4.441,59.609],[3.998,59.475],[3.439,59.37],[2.978,59.283]]}},{"type":"Feature","properties":{"boundary_type":"ridge","feature_type":"gpml:MidOceanRidge","polarity":null,"overriding_plate_id":null,"subducting_plate_id":null,"plate_ids":[102,301],"name":"Greenland - Eurasia"},"geometry":{"type":"LineString","coordinates":[[-6.494,54.267],[-6.726,54.126],[-7.121,53.942],[-7.64,53.784],[-8.084,53.645],[-8.546,53.482],[-9.052,53.348],[-9.47,53.139],[-10.008,52.789],[-10.253,52.539],[-10.562,52.295],[-10.849,52.044],[-11.194,51.864],[-11.535,51.683],[-11.946,51.472],[-12.352,51.259],[-12.919,50.969],[-13.478,50.677],[-13.923,50.422],[-14.363,50.165],[-14.798,49.906],[-15.228,49.646],[-15.638,49.377],[-16.044,49.107],[-16.445,48.835],[-16.834,48.594],[-17.221,48.351],[-17.603,48.107],[-18.039,47.893],[-18.471,47.677],[-18.779,47.47],[-19.085,47.262],[-19.585,47.033],[-20.08,46.801],[-20.353,46.63]]}},{"type":"Feature","properties":{"boundary_type":"ridge","feature_type":"gpml:MidOceanRidge","polarity":null,"overriding_plate_id":null,"subducting_plate_id":null,"plate_ids":[101,301],"name":"Greenland - Eurasia"},"geometry":{"type":"LineString","coordinates":[[-20.353,46.63],[-20.505,46.535]]}},{"type":"Feature","properties":{"boundary_type":"ridge","feature_type":"gpml:MidOceanRidge","polarity":null,"overriding_plate_id":null,"subducting_plate_id":null,"plate_ids":[102,301],"name":"Jan Mayen"},"geometry":{"type":"LineString","coordinates":[[2.978,59.283],[2.624,59.015],[2.224,58.607],[1.976,58.403],[1.858,58.221],[1.574,57.841],[1.457,57.588],[1.487,57.36],[1.723,57.113],[1.955,56.866],[2.183,56.686]]}},{"type":"Feature","properties":{"boundary_type":"ridge","feature_type":"gpml:MidOceanRidge","polarity":null,"overriding_plate_id":null,"subducting_plate_id":null,"plate_ids":[102,301],"name":"Jan Mayen MOR"},"geometry":{"type":"LineString","coordinates":[[2.183,56.686],[2.138,56.669],[1.942,56.561],[1.75,56.492],[1.53,56.456],[1.516,56.294],[1.25,56.241],[1.324,55.901]]}},{"type":"Feature","properties":{"boundary_type":"ridge","feature_type":"gpml:MidOceanRidge","polarity":null,"overriding_plate_id":null,"subducting_plate_id":null,"plate_ids":[102,301],"name":"Jan Mayen MOR"},"geometry":{"type":"LineString","coordinates":[[1.324,55.901],[1.272,55.89],[0.747,55.734],[0.81,55.45],[0.314,55.27],[0.298,55.201],[0.338,55.069],[-0.21,54.943],[-0.289,54.809],[-0.597,54.77],[-0.95,54.583],[-1.014,54.468],[-1.409,54.358],[-1.801,54.248],[-1.913,54.134],[-2.228,54.042],[-2.691,54.054],[-3.154,54.063],[-3.986,54.123],[-4.82,54.177],[-5.656,54.225],[-6.494,54.267]]}},{"type":"Feature","properties":{"boundary_type":"ridge","feature_type":"gpml:MidOceanRidge","polarity":null,"overriding_plate_id":null,"subducting_plate_id":null,"plate_ids":[101,317],"name":"Porcupine MOR"},"geometry":{"type":"LineString","coordinates":[[-17.484,42.032],[-17.412,41.788],[-17.302,41.414],[-17.194,41.04],[-17.113,40.577],[-17.077,40.165],[-16.514,40.094],[-16.314,39.792],[-16.116,39.49],[-15.906,39.218],[-15.698,38.945],[-15.655,38.668],[-15.612,38.39],[-15.61,37.981],[-15.446,37.606],[-15.36,37.221],[-15.385,36.822],[-15.407,36.496],[-15.428,36.17],[-15.45,35.915],[-15.473,35.66],[-15.376,35.355],[-15.427,35.104],[-15.478,34.853],[-15.658,34.578],[-15.837,34.304],[-16.082,33.952],[-16.165,33.598]]}},{"type":"Feature","properties":{"boundary_type":"ridge","feature_type":"gpml:MidOceanRidge","polarity":null,"overriding_plate_id":null,"subducting_plate_id":null,"plate_ids":[201,701],"name":"Ridge from iso A13 from SouthAmerica at 33.1Ma"},"geometry":{"type":"LineString","coordinates":[[-38.113,8.939],[-37.735,8.819],[-37.357,8.699],[-36.979,8.578],[-36.602,8.457],[-36.647,7.998],[-36.691,7.538],[-36.736,7.079],[-36.78,6.619],[-36.825,6.159],[-36.464,6.01],[-36.103,5.861],[-36.192,5.496],[-35.825,5.353],[-35.902,4.917],[-35.978,4.482],[-35.53,4.324],[-35.082,4.166],[-34.635,4.008],[-34.187,3.849],[-33.74,3.69],[-33.293,3.531],[-33.332,3.226],[-33.37,2.921],[-33.156,2.854],[-33.201,2.599],[-33.246,2.344],[-33.04,2.27],[-33.061,2.012],[-33.082,1.753],[-32.838,1.673],[-32.594,1.594],[-32.672,1.157],[-32.212,1.013],[-31.753,0.869],[-31.294,0.725],[-30.835,0.58],[-30.847,0.362],[-30.425,0.257],[-30.003,0.151],[-29.581,0.045],[-29.591,-0.055],[-29.185,-0.169],[-28.778,-0.284],[-28.796,-0.635],[-28.465,-0.702],[-28.133,-0.768],[-28.145,-0.981],[-27.726,-1.087],[-27.306,-1.192],[-26.887,-1.298],[-26.467,-1.403],[-26.5,-1.801],[-26.533,-2.199],[-26.23,-2.261],[-25.927,-2.322],[-25.939,-2.714],[-25.952,-3.106],[-25.964,-3.498],[-25.976,-3.89],[-25.51,-3.987],[-25.044,-4.083],[-24.578,-4.178],[-24.112,-4.274],[-24.119,-4.724],[-24.126,-5.173],[-24.133,-5.623],[-24.141,-6.073],[-24.148,-6.523],[-23.803,-6.574],[-23.459,-6.624],[-23.444,-6.911],[-23.429,-7.199],[-22.983,-7.268],[-22.537,-7.336],[-22.092,-7.404],[-21.646,-7.472],[-21.2,-7.54],[-20.753,-7.606],[-20.307,-7.673],[-19.861,-7.739],[-19.795,-8.118],[-19.368,-8.169],[-18.942,-8.221],[-18.515,-8.272],[-18.446,-8.713],[-18.377,-9.154],[-18.308,-9.595],[-17.81,-9.609],[-17.312,-9.623],[-16.814,-9.636],[-16.315,-9.648],[-15.817,-9.66],[-15.319,-9.671],[-14.821,-9.681],[-14.322,-9.691],[-13.824,-9.7],[-13.326,-9.708],[-12.827,-9.715],[-12.329,-9.722],[-11.83,-9.728],[-11.332,-9.733],[-10.833,-9.737],[-10.335,-9.741],[-9.836,-9.744],[-9.784,-9.992],[-9.564,-9.995],[-9.479,-10.292],[-9.394,-10.588],[-9.079,-10.577],[-9.019,-10.832],[-8.532,-10.819],[-8.045,-10.806],[-7.558,-10.792],[-7.072,-10.777],[-6.585,-10.762],[-6.451,-11.166],[-6.317,-11.57],[-6.183,-11.974],[-6.048,-12.378],[-5.913,-12.782],[-5.777,-13.186],[-5.667,-13.361]]}},{"type":"Feature","properties":{"boundary_type":"ridge","feature_type":"gpml:MidOceanRidge","polarity":null,"overriding_plate_id":null,"subducting_plate_id":null,"plate_ids":[701,802],"name":"Ridge from iso A18 from Antarctica at 40.1Ma"},"geometry":{"type":"LineString","coordinates":[[3.228,-65.401],[4.075,-65.123],[4.905,-64.84],[5.717,-64.552],[6.512,-64.26],[7.29,-63.964],[8.052,-63.664],[8.791,-63.355],[9.515,-63.043],[10.223,-62.727],[10.916,-62.408],[11.893,-62.439],[12.872,-62.464],[13.851,-62.481],[14.832,-62.492],[15.814,-62.496],[16.734,-62.742],[17.669,-62.982],[18.62,-63.216],[19.586,-63.444],[20.567,-63.665],[21.563,-63.879],[22.575,-64.086],[23.157,-63.754],[23.971,-63.919],[24.794,-64.079],[25.26,-63.647],[26.062,-63.816],[26.376,-63.456],[26.683,-63.095],[27.414,-63.238],[28.152,-63.377],[28.631,-62.973],[29.369,-63.112],[30.113,-63.247],[30.44,-63.03],[30.762,-62.812],[31.522,-63.004],[31.832,-62.667],[32.619,-62.786],[33.098,-62.348],[33.563,-61.909],[34.015,-61.468],[34.454,-61.025],[34.881,-60.581],[35.297,-60.136],[35.701,-59.69],[36.095,-59.242],[36.479,-58.793],[36.853,-58.343],[37.217,-57.892],[37.572,-57.44],[37.919,-56.987],[38.257,-56.533],[38.588,-56.078],[39.454,-56.122],[39.72,-55.713],[39.981,-55.303],[40.702,-55.214],[41.419,-55.121],[42.133,-55.023],[42.843,-54.921],[43.453,-54.672],[44.054,-54.42],[44.415,-53.979],[45.092,-53.985],[45.768,-53.987],[46.445,-53.986],[47.121,-53.981],[47.251,-53.539],[47.378,-53.097],[47.502,-52.655],[47.624,-52.213],[47.743,-51.77],[47.86,-51.328],[47.975,-50.885],[48.087,-50.443],[48.626,-50.462],[48.756,-50.118],[48.884,-49.773],[49.547,-49.599],[50.206,-49.421],[50.86,-49.239],[51.509,-49.053],[51.658,-48.778],[51.804,-48.501],[52.27,-48.405],[52.735,-48.307],[52.866,-47.816],[53.489,-47.65],[54.108,-47.481],[54.724,-47.309],[55.335,-47.133],[55.942,-46.954],[56.545,-46.772],[57.144,-46.586],[57.739,-46.398],[58.33,-46.206],[58.35,-45.785],[58.37,-45.363],[58.854,-45.221],[59.335,-45.076],[59.418,-44.695],[59.5,-44.314],[59.904,-44.048],[60.304,-43.78],[60.701,-43.511],[61.094,-43.24],[61.495,-42.919],[61.891,-42.596],[62.283,-42.272],[62.671,-41.947],[63.056,-41.62],[63.079,-41.282],[63.103,-40.944],[63.126,-40.605],[63.533,-40.327],[63.936,-40.047],[64.336,-39.766],[64.732,-39.483],[65.126,-39.199],[65.135,-38.779],[65.551,-38.491],[65.965,-38.201],[66.375,-37.91],[66.782,-37.617],[66.846,-37.296]]}},{"type":"Feature","properties":{"boundary_type":"ridge","feature_type":"gpml:MidOceanRidge","polarity":null,"overriding_plate_id":null,"subducting_plate_id":null,"plate_ids":[201,701],"name":"South America-Africa"},"geometry":{"type":"LineString","coordinates":[[-5.667,-13.361],[-5.755,-13.359],[-6.012,-13.375],[-5.898,-13.817],[-5.783,-14.26],[-5.669,-14.702],[-5.553,-15.145],[-5.438,-15.587],[-5.321,-16.029],[-5.205,-16.471],[-5.087,-16.913],[-5.525,-16.948],[-5.963,-16.981],[-6.4,-17.014],[-6.838,-17.046],[-7.277,-17.076],[-7.715,-17.106],[-7.708,-17.557],[-7.701,-18.009],[-7.694,-18.46],[-7.687,-18.912],[-7.68,-19.363],[-7.673,-19.814],[-7.666,-20.266],[-7.659,-20.717],[-7.652,-21.169],[-7.645,-21.62],[-8.105,-21.646],[-8.565,-21.671],[-9.025,-21.695],[-9.486,-21.717],[-9.526,-22.113],[-9.566,-22.509],[-9.606,-22.904],[-10.113,-22.957],[-10.135,-23.442],[-10.157,-23.927],[-10.179,-24.412],[-9.78,-24.408],[-9.381,-24.404],[-8.983,-24.399],[-8.957,-24.813],[-8.932,-25.227],[-8.906,-25.641],[-8.881,-26.056],[-9.132,-26.069],[-9.018,-26.463],[-8.903,-26.856],[-8.787,-27.249],[-8.67,-27.642],[-8.192,-27.615],[-8.09,-28.038],[-7.987,-28.46],[-7.884,-28.883],[-7.779,-29.305],[-7.674,-29.727],[-7.567,-30.15],[-7.46,-30.572],[-7.124,-30.565],[-6.789,-30.558],[-6.758,-30.974],[-6.726,-31.389],[-6.695,-31.805],[-6.663,-32.221],[-7.033,-32.26],[-7.404,-32.298],[-7.375,-32.717],[-7.841,-32.744],[-8.307,-32.769],[-8.774,-32.793],[-9.24,-32.815],[-9.255,-33.157],[-9.271,-33.499],[-9.286,-33.841],[-9.595,-33.856],[-9.636,-34.341],[-9.678,-34.826],[-9.895,-34.797],[-9.868,-35.24],[-9.84,-35.683],[-9.812,-36.126],[-9.783,-36.569],[-9.368,-36.544],[-8.953,-36.518],[-8.538,-36.491],[-8.551,-36.904],[-8.563,-37.316],[-8.576,-37.729],[-8.589,-38.142],[-8.299,-38.139],[-8.242,-38.523],[-8.183,-38.908],[-8.631,-38.911],[-9.078,-38.913],[-9.045,-39.375],[-9.012,-39.838],[-8.979,-40.301],[-8.945,-40.764],[-8.911,-41.226],[-8.876,-41.689],[-9.477,-41.714],[-10.078,-41.735],[-10.68,-41.753],[-10.767,-42.234],[-10.855,-42.714],[-10.945,-43.195],[-11.53,-43.217],[-12.115,-43.236],[-12.231,-43.586],[-12.349,-43.937],[-12.743,-43.958],[-13.138,-43.978],[-13.189,-44.336],[-13.242,-44.694],[-13.295,-45.053],[-13.986,-45.103],[-14.678,-45.149],[-14.675,-45.582],[-14.672,-46.016],[-14.669,-46.45],[-14.666,-46.884],[-14.663,-47.318],[-14.66,-47.752],[-14.657,-48.186],[-14.15,-48.163],[-14.2,-48.606],[-14.251,-49.049],[-14.303,-49.492],[-14.357,-49.935],[-14.975,-49.947],[-15.594,-49.956],[-16.213,-49.962],[-16.102,-50.385],[-15.989,-50.809],[-15.874,-51.232],[-15.756,-51.655],[-15.636,-52.078],[-15.207,-52.074],[-15.195,-52.547],[-15.183,-53.02],[-15.17,-53.493],[-15.157,-53.966],[-15.144,-54.439],[-15.13,-54.913],[-14.544,-54.925],[-13.958,-54.935],[-13.371,-54.941],[-13.359,-55.384],[-13.346,-55.827],[-13.334,-56.269],[-13.321,-56.712],[-13.307,-57.154],[-12.396,-57.157],[-11.486,-57.153],[-10.575,-57.142],[-9.665,-57.125],[-8.756,-57.101],[-8.739,-57.516],[-8.721,-57.931],[-8.703,-58.346],[-8.07,-58.35],[-8.043,-58.666],[-8.017,-58.981],[-7.334,-58.971],[-6.652,-58.957],[-5.97,-58.939],[-5.856,-59.354],[-5.739,-59.769],[-5.62,-60.184],[-5.497,-60.599],[-4.645,-60.601],[-4.67,-61.012],[-4.697,-61.424],[-4.724,-61.835],[-3.913,-61.808],[-3.896,-62.224],[-3.878,-62.641],[-3.861,-63.058],[-3.159,-63.003],[-2.46,-62.946],[-2.429,-63.268],[-2.397,-63.591],[-1.427,-63.535],[-0.461,-63.473],[-0.339,-63.814],[-0.214,-64.154],[0.723,-64.104],[1.656,-64.048],[1.766,-64.475],[1.88,-64.901],[1.997,-65.328]]}},{"type":"Feature","properties":{"boundary_type":"ridge","feature_type":"gpml:MidOceanRidge","polarity":null,"overriding_plate_id":null,"subducting_plate_id":null,"plate_ids":[101,201],"name":"SouthAmerica North America BOUNDARY from BIRD 2002 model"},"geometry":{"type":"LineString","coordinates":[[-38.138,8.891],[-38.422,9.014],[-38.706,9.136],[-39.141,9.373],[-39.577,9.61],[-40.013,9.846],[-40.45,10.081],[-40.888,10.316],[-41.326,10.551],[-41.715,10.781],[-42.104,11.011],[-42.494,11.241],[-42.884,11.47],[-43.275,11.698],[-43.732,11.856],[-44.189,12.013],[-44.646,12.169],[-45.104,12.324],[-45.562,12.479],[-46.072,12.474],[-46.582,12.469],[-47.092,12.463],[-47.602,12.456],[-48.112,12.448],[-48.621,12.439],[-49.069,12.464],[-49.516,12.487],[-49.963,12.511],[-50.411,12.533],[-50.859,12.555]]}},{"type":"Feature","properties":{"boundary_type":"subduction","feature_type":"gpml:SubductionZone","polarity":"Right","overriding_plate_id":101,"subducting_plate_id":901,"plate_ids":[101,901],"name":"Aleutian and Bering Sea Masking Polygon"},"geometry":{"type":"LineString","coordinates":[[-109.945,70.158],[-111.308,70.059],[-112.658,69.951],[-113.993,69.832],[-115.313,69.703],[-116.616,69.564],[-117.902,69.416],[-119.169,69.259],[-120.418,69.092],[-121.647,68.917],[-122.857,68.732],[-123.936,68.54],[-124.996,68.342],[-126.038,68.136],[-127.061,67.925],[-128.065,67.707],[-129.051,67.482],[-130.018,67.253],[-130.728,67.092],[-131.429,66.929],[-132.011,66.785],[-132.587,66.639],[-133.379,66.553],[-134.165,66.462],[-135.181,66.285],[-135.788,66.168],[-136.39,66.049],[-137.07,65.935],[-137.744,65.818],[-138.747,65.671],[-139.804,65.585],[-140.855,65.491],[-141.897,65.39],[-142.931,65.283],[-143.956,65.168],[-144.973,65.046],[-146.081,64.959],[-147.183,64.864],[-148.276,64.76],[-149.361,64.649],[-150.436,64.53],[-151.502,64.403],[-152.557,64.268],[-153.647,64.17],[-154.729,64.064],[-155.802,63.95],[-156.866,63.829],[-157.921,63.699],[-158.966,63.562],[-160.039,63.544],[-161.11,63.517],[-162.178,63.482],[-163.244,63.44],[-164.306,63.389],[-165.365,63.331],[-166.418,63.265],[-167.467,63.191],[-168.365,63.241],[-169.265,63.286],[-170.169,63.325],[-171.074,63.359],[-172.136,63.447],[-173.203,63.526],[-174.277,63.598],[-175.356,63.662],[-176.291,63.846],[-177.239,64.025],[-178.199,64.196],[-179.171,64.362],[179.846,64.521],[178.852,64.673],[177.916,64.893],[176.964,65.107],[175.997,65.314],[175.015,65.516],[174.018,65.711],[173.006,65.899],[171.979,66.081],[171.038,66.305],[170.08,66.524],[169.106,66.736],[168.115,66.942],[167.107,67.142]]}},{"type":"Feature","properties":{"boundary_type":"subduction","feature_type":"gpml:SubductionZone","polarity":"Right","overriding_plate_id":406,"subducting_plate_id":901,"plate_ids":[406,901],"name":"Aleutian and Bering Sea Masking Polygon"},"geometry":{"type":"LineString","coordinates":[[167.107,67.142],[166.045,67.343],[164.966,67.536],[164.008,67.705],[163.035,67.867],[162.05,68.024],[161.051,68.175],[160.039,68.32]]}},{"type":"Feature","properties":{"boundary_type":"subduction","feature_type":"gpml:SubductionZone","polarity":"Right","overriding_plate_id":802,"subducting_plate_id":904,"plate_ids":[802,904],"name":"ANT NAZ 060 015 TF"},"geometry":{"type":"LineString","coordinates":[[-105.727,-68.082],[-105.416,-68.083],[-104.517,-68.083],[-103.619,-68.078],[-102.722,-68.068],[-101.422,-67.981],[-100.352,-68.027],[-99.279,-68.067],[-98.441,-68.12],[-97.599,-68.168],[-96.808,-68.036],[-96.027,-67.9],[-94.889,-67.656],[-93.774,-67.404],[-92.683,-67.144],[-91.678,-66.976],[-90.688,-66.802],[-89.712,-66.622],[-88.592,-66.411],[-87.492,-66.193],[-86.691,-65.985],[-85.903,-65.774],[-84.934,-65.519],[-83.983,-65.259],[-83.034,-64.977],[-82.104,-64.688],[-81.252,-64.579],[-80.406,-64.466],[-79.431,-64.423],[-78.46,-64.374],[-77.492,-64.319],[-76.845,-64.232],[-76.202,-64.143],[-75.408,-64.074],[-74.618,-64.0],[-73.832,-63.922],[-73.05,-63.84],[-72.295,-63.657],[-71.55,-63.47],[-70.759,-63.35]]}},{"type":"Feature","properties":{"boundary_type":"subduction","feature_type":"gpml:SubductionZone","polarity":"Left","overriding_plate_id":603,"subducting_plate_id":801,"plate_ids":[603,801],"name":"Indonesian bndy w AUS-mg"},"geometry":{"type":"LineString","coordinates":[[93.674,7.417],[94.017,7.201],[94.361,6.985],[94.704,6.769],[95.046,6.553],[95.389,6.336],[95.658,6.036],[95.927,5.737],[96.195,5.436],[96.464,5.136],[96.851,4.831],[97.238,4.526],[97.625,4.221],[98.012,3.915],[98.398,3.609],[98.828,3.442],[99.257,3.275],[99.687,3.108],[100.116,2.941],[100.545,2.773],[100.974,2.605],[101.403,2.437],[101.832,2.269],[102.261,2.101],[102.689,1.933],[103.085,1.679],[103.481,1.426],[103.877,1.172],[104.272,0.919],[104.668,0.665],[105.063,0.412],[105.459,0.158],[105.854,-0.096],[106.25,-0.349],[106.67,-0.434],[107.091,-0.52],[107.512,-0.605],[107.932,-0.69],[108.353,-0.775],[108.774,-0.86],[109.262,-0.856],[109.75,-0.852],[110.241,-0.917],[110.731,-0.982],[111.221,-1.046],[111.712,-1.111],[112.202,-1.176],[112.586,-1.048],[112.969,-0.919],[113.412,-0.951],[113.683,-0.89]]}},{"type":"Feature","properties":{"boundary_type":"subduction","feature_type":"gpml:SubductionZone","polarity":"Left","overriding_plate_id":673,"subducting_plate_id":801,"plate_ids":[673,801],"name":"Indonesian bndy w AUS-mg"},"geometry":{"type":"LineString","coordinates":[[113.683,-0.89],[114.08,-0.801],[114.525,-0.962],[114.969,-1.124],[115.414,-1.285],[115.859,-1.447],[116.304,-1.608],[116.748,-1.769],[117.193,-1.93],[117.639,-2.091],[118.084,-2.252],[118.53,-2.444],[118.975,-2.635],[119.422,-2.826],[119.868,-3.016],[120.314,-3.207],[120.761,-3.397],[121.208,-3.588],[121.654,-3.778]]}},{"type":"Feature","properties":{"boundary_type":"subduction","feature_type":"gpml:SubductionZone","polarity":"Left","overriding_plate_id":688,"subducting_plate_id":901,"plate_ids":[688,901],"name":"Izu Bonin Mariana Trench"},"geometry":{"type":"LineString","coordinates":[[159.479,6.635],[159.197,6.984],[158.914,7.333],[158.632,7.682],[158.348,8.03],[158.065,8.378],[157.78,8.726],[157.496,9.074],[157.21,9.422],[156.961,9.819],[156.712,10.216],[156.461,10.614],[156.257,10.953]]}},{"type":"Feature","properties":{"boundary_type":"subduction","feature_type":"gpml:SubductionZone","polarity":"Left","overriding_plate_id":609,"subducting_plate_id":901,"plate_ids":[609,901],"name":"Izu Bonin Mariana Trench"},"geometry":{"type":"LineString","coordinates":[[156.257,10.953],[156.056,11.288],[155.854,11.623],[155.678,11.881],[155.503,12.139],[155.161,12.509],[154.818,12.878],[154.563,13.21],[154.306,13.541],[154.049,13.872],[153.81,14.113],[153.571,14.352],[153.332,14.592],[153.074,14.843],[152.816,15.093],[152.558,15.344],[152.327,15.607],[152.097,15.87],[151.865,16.134],[151.635,16.397],[151.404,16.661],[151.172,16.924],[150.959,17.27],[150.746,17.616],[150.532,17.962],[150.317,18.308],[150.101,18.653],[149.947,18.953],[149.793,19.253],[149.639,19.553],[149.484,19.852],[149.328,20.152],[149.172,20.451],[148.932,20.802],[148.692,21.152],[148.45,21.502],[148.207,21.851],[148.001,22.188],[147.794,22.525],[147.586,22.861],[147.378,23.212],[147.169,23.563],[146.959,23.914],[146.748,24.264],[146.531,24.641],[146.312,25.016],[146.092,25.392],[145.871,25.767],[145.629,26.104],[145.385,26.441],[145.14,26.777],[144.893,27.112],[144.645,27.448],[144.442,27.867],[144.237,28.286],[144.031,28.705],[143.822,29.124],[143.612,29.542],[143.336,29.959],[143.056,30.376],[142.775,30.792],[142.491,31.207],[142.204,31.622],[141.915,32.036],[141.624,32.449],[141.333,32.856],[141.039,33.263],[140.743,33.668],[140.443,34.073],[140.141,34.478],[139.801,34.821],[139.458,35.164],[139.113,35.506],[138.764,35.847],[138.412,36.186],[138.057,36.525],[137.699,36.863],[137.285,37.14],[136.868,37.416],[136.447,37.691],[136.024,37.964],[135.597,38.236],[135.167,38.506],[134.734,38.774],[134.286,39.036],[133.835,39.296],[133.381,39.554],[132.923,39.811],[132.432,40.014],[131.938,40.215],[131.441,40.413],[130.942,40.61],[130.439,40.804],[130.239,40.891]]}},{"type":"Feature","properties":{"boundary_type":"subduction","feature_type":"gpml:SubductionZone","polarity":"Right","overriding_plate_id":301,"subducting_plate_id":901,"plate_ids":[301,901],"name":"Japan sub zone fromEarthByte cob MG 4-20-07"},"geometry":{"type":"LineString","coordinates":[[136.862,60.892],[137.113,60.441],[137.358,59.989],[137.596,59.537],[137.828,59.085],[138.054,58.632],[138.273,58.179],[138.488,57.725],[138.606,57.27],[138.722,56.815],[138.835,56.36],[138.945,55.905],[139.053,55.45],[139.078,55.009],[139.103,54.569],[139.127,54.128],[139.15,53.687],[139.174,53.247],[139.115,52.785],[139.058,52.323],[139.002,51.861],[139.055,51.425],[139.108,50.99],[139.159,50.554],[139.21,50.118],[139.259,49.682],[139.181,49.269],[139.104,48.855],[139.029,48.442],[138.954,48.029],[138.863,47.697],[138.772,47.366],[138.683,47.034],[138.466,46.638],[138.252,46.241],[138.041,45.844],[137.693,45.437],[137.349,45.029],[137.149,44.621],[136.951,44.211],[136.355,44.054],[135.762,43.895],[135.173,43.731],[134.587,43.565],[134.162,43.295],[133.741,43.023],[133.323,42.75],[132.91,42.475],[132.5,42.198],[132.02,41.898],[131.545,41.595],[131.075,41.291],[130.758,41.14],[130.442,40.987],[130.239,40.891]]}},{"type":"Feature","properties":{"boundary_type":"subduction","feature_type":"gpml:SubductionZone","polarity":"Right","overriding_plate_id":301,"subducting_plate_id":609,"plate_ids":[301,609],"name":"Japan sub zone fromEarthByte cob MG 4-20-07"},"geometry":{"type":"LineString","coordinates":[[130.239,40.891],[129.727,40.646],[129.218,40.398],[128.807,40.117],[128.399,39.834],[128.037,39.532],[127.679,39.228],[127.324,38.923],[127.04,38.801],[126.756,38.678]]}},{"type":"Feature","properties":{"boundary_type":"subduction","feature_type":"gpml:SubductionZone","polarity":"Right","overriding_plate_id":406,"subducting_plate_id":901,"plate_ids":[406,901],"name":"Kamchatka SZ from EarthByte COB at 0Ma -- MG 4/20/07"},"geometry":{"type":"LineString","coordinates":[[160.039,68.32],[159.001,68.03],[157.989,67.733],[157.003,67.431],[156.042,67.122],[155.105,66.808],[154.193,66.488],[153.303,66.163],[152.412,65.84],[151.543,65.511],[150.695,65.178],[149.769,64.891],[148.862,64.598],[147.975,64.3],[147.107,63.997],[146.258,63.689],[145.656,63.464],[145.064,63.236],[144.481,63.006],[143.867,62.817],[143.262,62.625],[142.664,62.431],[141.785,62.232],[140.918,62.027],[140.062,61.817]]}},{"type":"Feature","properties":{"boundary_type":"subduction","feature_type":"gpml:SubductionZone","polarity":"Right","overriding_plate_id":301,"subducting_plate_id":901,"plate_ids":[301,901],"name":"Kamchatka SZ from EarthByte COB at 0Ma -- MG 4/20/07"},"geometry":{"type":"LineString","coordinates":[[140.062,61.817],[139.248,61.61],[138.444,61.398],[137.652,61.181],[136.862,60.892]]}},{"type":"Feature","properties":{"boundary_type":"subduction","feature_type":"gpml:SubductionZone","polarity":"Right","overriding_plate_id":855,"subducting_plate_id":901,"plate_ids":[855,901],"name":"Kermadec Trench DiCaprio"},"geometry":{"type":"LineString","coordinates":[[-177.899,-33.328],[-177.809,-33.79],[-177.718,-34.251],[-177.675,-34.647],[-177.631,-35.043],[-177.587,-35.44]]}},{"type":"Feature","properties":{"boundary_type":"subduction","feature_type":"gpml:SubductionZone","polarity":"Right","overriding_plate_id":801,"subducting_plate_id":901,"plate_ids":[801,901],"name":"Kermadec Trench DiCaprio"},"geometry":{"type":"LineString","coordinates":[[-177.587,-35.44],[-177.535,-35.902],[-177.483,-36.364],[-177.43,-36.827],[-177.376,-37.289],[-177.322,-37.751],[-177.192,-38.192],[-177.061,-38.632],[-176.929,-39.073],[-176.795,-39.513],[-176.603,-39.849],[-176.41,-40.185]]}},{"type":"Feature","properties":{"boundary_type":"subduction","feature_type":"gpml:SubductionZone","polarity":"Right","overriding_plate_id":922,"subducting_plate_id":901,"plate_ids":[901,922],"name":"MelanesiaVityaz DiCaprio"},"geometry":{"type":"LineString","coordinates":[[153.067,-4.873],[153.52,-4.931],[153.972,-4.989],[154.425,-5.046],[154.878,-5.103],[155.327,-5.247],[155.776,-5.39],[156.1,-5.509],[156.424,-5.628],[156.748,-5.747],[157.119,-5.992],[157.49,-6.236],[157.862,-6.481],[158.234,-6.725],[158.606,-6.969],[158.959,-7.205],[159.312,-7.44],[159.665,-7.676],[160.018,-7.911],[160.372,-8.146],[160.662,-8.472],[160.951,-8.797],[161.242,-9.123],[161.517,-9.388],[161.792,-9.652],[162.069,-9.916],[162.435,-10.033],[162.801,-10.15],[163.167,-10.265],[163.667,-10.279],[164.166,-10.291],[164.665,-10.303],[165.025,-10.462],[165.384,-10.621],[165.744,-10.779],[166.104,-10.937],[166.497,-11.022],[166.89,-11.107],[167.283,-11.191],[167.543,-11.396],[167.803,-11.601],[168.169,-11.657],[168.535,-11.713],[168.901,-11.768],[169.225,-11.898],[169.548,-12.028],[169.829,-12.323],[170.111,-12.618],[170.393,-12.912],[170.676,-13.207],[170.966,-13.452],[171.256,-13.697],[171.547,-13.942],[171.694,-14.252],[171.842,-14.563],[171.989,-14.874],[172.304,-15.246],[172.621,-15.617],[172.938,-15.988],[173.221,-16.331],[173.506,-16.673],[173.791,-17.014],[173.969,-17.38],[174.147,-17.746],[174.326,-18.111],[174.506,-18.477],[174.687,-18.842],[174.705,-18.89]]}},{"type":"Feature","properties":{"boundary_type":"subduction","feature_type":"gpml:SubductionZone","polarity":"Right","overriding_plate_id":861,"subducting_plate_id":901,"plate_ids":[861,901],"name":"MelanesiaVityaz DiCaprio"},"geometry":{"type":"LineString","coordinates":[[174.705,-18.89],[174.868,-19.319],[175.033,-19.749],[175.199,-20.178],[175.361,-20.485],[175.525,-20.791]]}},{"type":"Feature","properties":{"boundary_type":"subduction","feature_type":"gpml:SubductionZone","polarity":"Right","overriding_plate_id":861,"subducting_plate_id":901,"plate_ids":[861,901],"name":"MelanesiaVityaz DiCaprio"},"geometry":{"type":"LineString","coordinates":[[175.525,-20.791],[175.709,-21.134],[175.834,-21.469],[175.96,-21.803],[176.204,-22.173],[176.449,-22.543]]}},{"type":"Feature","properties":{"boundary_type":"subduction","feature_type":"gpml:SubductionZone","polarity":"Right","overriding_plate_id":855,"subducting_plate_id":901,"plate_ids":[855,901],"name":"MelanesiaVityaz DiCaprio"},"geometry":{"type":"LineString","coordinates":[[176.449,-22.543],[176.467,-22.57],[176.602,-23.016],[176.738,-23.462],[176.875,-23.908],[176.976,-24.39],[177.078,-24.873],[177.181,-25.355],[177.179,-25.498]]}},{"type":"Feature","properties":{"boundary_type":"subduction","feature_type":"gpml:SubductionZone","polarity":"Left","overriding_plate_id":665,"subducting_plate_id":801,"plate_ids":[665,801],"name":"SulawesiTrench"},"geometry":{"type":"LineString","coordinates":[[123.83,-0.849],[124.201,-0.772],[124.441,-0.685],[124.681,-0.599],[125.055,-0.369],[125.439,-0.625],[125.736,-0.731],[126.034,-0.837],[126.264,-0.934],[126.494,-1.032],[126.822,-1.176],[127.149,-1.319],[127.371,-1.485],[127.593,-1.65],[127.984,-1.835],[128.375,-2.02],[128.787,-2.036],[129.2,-2.051],[129.567,-1.864],[129.934,-1.678],[130.301,-1.491],[130.712,-1.228],[131.122,-0.966],[131.369,-0.725],[131.615,-0.485],[131.862,-0.245],[132.168,-0.104],[132.474,0.037],[132.91,0.181],[133.347,0.325],[133.783,0.469],[133.951,0.528]]}},{"type":"Feature","properties":{"boundary_type":"subduction","feature_type":"gpml:SubductionZone","polarity":"Right","overriding_plate_id":855,"subducting_plate_id":901,"plate_ids":[855,901],"name":"Tonga Trench DiCaprio"},"geometry":{"type":"LineString","coordinates":[[177.179,-25.498],[177.468,-25.841],[177.758,-26.183],[178.05,-26.525],[178.26,-26.987],[178.471,-27.448],[178.684,-27.909],[178.899,-28.37],[179.116,-28.831],[179.335,-29.291],[179.515,-29.636],[179.697,-29.981],[179.88,-30.326],[-179.936,-30.671],[-179.663,-31.096],[-179.388,-31.519],[-179.111,-31.943],[-178.831,-32.365],[-178.523,-32.687],[-178.212,-33.008],[-177.899,-33.328]]}},{"type":"Feature","properties":{"boundary_type":"subduction","feature_type":"gpml:SubductionZone","polarity":"Right","overriding_plate_id":101,"subducting_plate_id":902,"plate_ids":[101,902],"name":"Western NAM subduction"},"geometry":{"type":"LineString","coordinates":[[-84.908,18.769],[-85.282,18.984],[-85.656,19.198],[-86.032,19.412],[-86.409,19.624],[-86.787,19.836],[-87.157,20.141],[-87.529,20.445],[-87.903,20.748],[-88.278,21.05],[-88.654,21.352],[-89.032,21.652],[-89.412,21.952],[-89.553,22.426],[-89.695,22.9],[-89.838,23.374],[-89.982,23.847],[-90.127,24.321],[-90.273,24.794],[-90.529,25.182],[-90.787,25.571],[-91.047,25.958],[-91.309,26.345],[-91.572,26.732],[-91.837,27.118],[-92.04,27.422],[-92.244,27.725],[-92.449,28.027],[-92.625,28.4],[-92.801,28.773],[-92.979,29.145],[-93.158,29.517],[-93.283,29.845],[-93.408,30.173],[-93.534,30.501],[-93.718,30.868],[-93.903,31.236],[-94.089,31.602],[-94.177,31.951],[-94.266,32.299],[-94.356,32.647],[-94.484,33.072],[-94.613,33.497]]}},{"type":"Feature","properties":{"boundary_type":"subduction","feature_type":"gpml:SubductionZone","polarity":"Right","overriding_plate_id":101,"subducting_plate_id":903,"plate_ids":[101,903],"name":"Western NAM subduction"},"geometry":{"type":"LineString","coordinates":[[-94.613,33.497],[-94.718,33.842],[-94.825,34.187],[-94.909,34.655],[-94.993,35.123],[-95.304,35.52],[-95.618,35.916],[-95.935,36.312],[-96.256,36.707],[-96.559,36.946],[-96.864,37.185],[-97.171,37.422],[-97.558,37.693],[-97.948,37.962],[-98.341,38.23],[-98.573,38.523],[-98.808,38.817],[-99.165,39.159],[-99.527,39.5],[-99.893,39.695],[-100.261,39.89],[-100.632,40.083],[-100.761,40.448],[-100.892,40.814],[-101.024,41.179],[-101.33,41.62],[-101.641,42.06],[-101.955,42.499],[-102.203,42.875],[-102.453,43.249],[-102.707,43.623],[-102.964,43.997],[-103.223,44.37],[-103.35,44.794],[-103.478,45.217],[-103.608,45.641],[-103.74,46.064],[-103.871,46.44],[-104.004,46.815],[-104.138,47.19],[-104.275,47.565],[-104.137,48.022],[-103.996,48.479],[-103.853,48.936],[-103.707,49.392],[-103.412,49.853],[-103.111,50.314],[-102.804,50.774],[-102.492,51.232],[-102.133,51.669],[-101.768,52.104],[-101.395,52.538],[-101.015,52.971],[-100.828,53.398],[-100.636,53.826],[-100.441,54.253],[-100.241,54.68],[-100.037,55.106],[-99.829,55.532],[-100.203,55.91],[-100.585,56.287],[-100.974,56.662],[-101.371,57.037],[-101.837,57.332],[-102.311,57.625],[-102.793,57.917],[-103.282,58.207],[-103.451,58.505]]}},{"type":"Feature","properties":{"boundary_type":"subduction","feature_type":"gpml:SubductionZone","polarity":"Right","overriding_plate_id":101,"subducting_plate_id":901,"plate_ids":[101,901],"name":"Western NAM subduction"},"geometry":{"type":"LineString","coordinates":[[-103.451,58.505],[-103.589,58.746],[-103.728,58.986],[-104.107,59.411],[-104.496,59.835],[-104.79,60.14],[-105.09,60.445],[-105.395,60.749],[-105.685,61.151],[-106.036,61.611],[-106.397,62.07],[-106.534,62.427],[-106.674,62.784],[-106.818,63.141],[-106.833,63.572],[-106.849,64.003],[-106.918,64.337],[-106.988,64.671],[-107.06,65.004],[-107.288,65.383],[-107.046,65.847],[-107.284,66.222],[-107.315,66.578],[-107.626,67.045],[-108.192,67.486],[-108.438,67.681],[-108.715,68.053],[-109.137,68.389],[-109.433,68.76],[-109.697,69.216],[-109.823,69.465],[-109.951,69.713],[-109.945,70.158]]}},{"type":"Feature","properties":{"boundary_type":"other","feature_type":"gpml:TerraneBoundary","polarity":null,"overriding_plate_id":null,"subducting_plate_id":null,"plate_ids":[802,804],"name":"E/W ANT"},"geometry":{"type":"LineString","coordinates":[[178.518,-62.614],[179.124,-62.856],[179.77,-63.13],[-179.572,-63.401],[-178.901,-63.67],[-178.445,-63.951],[-177.979,-64.23],[-177.354,-64.495],[-176.961,-64.637],[-176.636,-64.833],[-176.775,-65.18],[-176.985,-65.461],[-177.253,-65.77],[-177.501,-66.048],[-177.855,-66.346],[-178.181,-66.632],[-178.614,-66.966],[-178.903,-67.162],[-179.091,-67.476],[-179.197,-67.746],[-179.306,-68.046],[-179.613,-68.272],[-179.864,-68.607],[179.938,-68.957],[179.71,-69.219],[179.48,-69.604],[179.323,-70.001],[179.515,-70.426],[179.967,-70.721],[-179.626,-70.957],[-179.209,-71.191],[-178.727,-71.414],[-178.233,-71.636],[-177.473,-71.905],[-176.692,-72.17],[-175.773,-72.41],[-174.829,-72.645],[-173.804,-72.863],[-172.753,-73.076],[-171.5,-73.349],[-170.207,-73.614],[-169.054,-73.94],[-167.854,-74.26],[-166.927,-74.52],[-165.97,-74.775],[-164.981,-75.027],[-163.842,-75.323],[-162.657,-75.613],[-161.425,-75.897],[-159.954,-76.186],[-158.423,-76.466],[-156.97,-76.666],[-155.475,-76.858],[-153.937,-77.041],[-152.004,-77.249],[-150.01,-77.442],[-147.957,-77.62],[-145.735,-77.709],[-143.485,-77.779],[-141.701,-77.787],[-139.916,-77.783],[-138.134,-77.768],[-136.589,-77.7],[-135.063,-77.623],[-133.556,-77.538],[-131.635,-77.339],[-129.775,-77.127],[-127.976,-76.902],[-126.314,-76.697],[-124.703,-76.481],[-123.309,-76.238],[-121.963,-75.988],[-120.664,-75.731],[-119.333,-75.461],[-118.049,-75.184],[-116.813,-74.901],[-115.413,-74.64],[-114.06,-74.371],[-112.753,-74.093],[-111.508,-73.733],[-110.316,-73.365],[-109.51,-73.108],[-108.727,-72.848],[-107.967,-72.584],[-107.117,-72.16],[-106.305,-71.731],[-105.751,-71.387],[-105.216,-71.042],[-104.73,-70.615],[-104.264,-70.188],[-104.083,-69.713],[-103.911,-69.238]]}},{"type":"Feature","properties":{"boundary_type":"transform","feature_type":"gpml:Transform","polarity":null,"overriding_plate_id":null,"subducting_plate_id":null,"plate_ids":[603,801],"name":"Inferred transform"},"geometry":{"type":"LineString","coordinates":[[93.674,7.417],[93.5,7.873],[93.327,8.328],[93.152,8.783],[92.978,9.239],[92.803,9.694],[92.627,10.149],[92.451,10.604],[92.275,11.059],[92.118,11.485],[91.961,11.91],[91.803,12.336],[91.644,12.762],[91.486,13.187],[91.326,13.612],[91.166,14.037],[91.005,14.462],[90.844,14.887],[90.72,15.321],[90.595,15.755],[90.47,16.189],[90.344,16.622],[90.217,17.056],[90.09,17.489],[89.963,17.922],[89.834,18.355],[89.75,18.816],[89.666,19.277],[89.581,19.737],[89.496,20.198],[89.41,20.659],[89.323,21.119],[89.236,21.58]]}},{"type":"Feature","properties":{"boundary_type":"transform","feature_type":"gpml:Transform","polarity":null,"overriding_plate_id":null,"subducting_plate_id":null,"plate_ids":[301,603],"name":"Inferred transform"},"geometry":{"type":"LineString","coordinates":[[89.236,21.58],[89.181,21.87],[89.165,22.288],[89.15,22.705],[89.134,23.123],[89.118,23.54],[89.101,23.957],[89.137,24.43],[89.172,24.903],[89.208,25.375],[89.244,25.848],[89.281,26.32],[89.317,26.792],[89.354,27.265],[89.392,27.737],[89.429,28.21],[89.467,28.682],[89.506,29.155]]}},{"type":"Feature","properties":{"boundary_type":"transform","feature_type":"gpml:Transform","polarity":null,"overriding_plate_id":null,"subducting_plate_id":null,"plate_ids":[101,304],"name":"King's Trough"},"geometry":{"type":"LineString","coordinates":[[-16.648,33.895],[-16.193,33.635],[-16.165,33.598]]}},{"type":"Feature","properties":{"boundary_type":"transform","feature_type":"gpml:Transform","polarity":null,"overriding_plate_id":null,"subducting_plate_id":null,"plate_ids":[304,317],"name":"King's Trough"},"geometry":{"type":"LineString","coordinates":[[-16.165,33.598],[-15.985,33.359],[-15.805,33.12],[-15.478,32.948],[-15.152,32.774],[-14.654,32.637],[-14.216,32.517],[-14.142,32.506]]}},{"type":"Feature","properties":{"boundary_type":"transform","feature_type":"gpml:Transform","polarity":null,"overriding_plate_id":null,"subducting_plate_id":null,"plate_ids":[101,301],"name":"North Porcupine Transform"},"geometry":{"type":"LineString","coordinates":[[-20.975,42.423],[-20.928,42.419],[-20.392,42.375],[-19.857,42.328],[-19.323,42.278],[-18.79,42.226],[-18.136,42.131],[-17.484,42.032]]}},{"type":"Feature","properties":{"boundary_type":"transform","feature_type":"gpml:Transform","polarity":null,"overriding_plate_id":null,"subducting_plate_id":null,"plate_ids":[301,317],"name":"North Porcupine Transform"},"geometry":{"type":"LineString","coordinates":[[-17.484,42.032],[-17.203,41.988],[-16.631,41.973],[-16.06,41.954],[-15.488,41.933],[-14.862,42.028],[-14.233,42.119],[-13.603,42.206],[-13.11,42.322],[-12.736,42.372],[-12.362,42.42],[-11.821,42.418],[-11.481,42.183],[-11.143,41.947],[-10.944,41.723],[-10.746,41.498],[-10.551,41.229],[-10.359,40.959],[-10.193,40.704],[-10.027,40.448],[-9.835,40.148],[-9.644,39.847],[-9.471,39.572],[-9.3,39.297],[-8.979,38.938],[-8.66,38.579],[-8.345,38.218],[-7.854,38.05],[-7.365,37.881],[-6.878,37.709],[-6.394,37.536],[-5.911,37.36],[-5.431,37.183],[-4.931,36.936],[-4.434,36.688],[-3.94,36.437],[-3.45,36.185],[-2.962,35.931],[-2.478,35.674],[-1.997,35.416],[-1.518,35.156],[-1.043,34.893],[-0.673,34.518],[-0.305,34.142],[0.059,33.765],[0.42,33.386]]}},{"type":"Feature","properties":{"boundary_type":"transform","feature_type":"gpml:Transform","polarity":null,"overriding_plate_id":null,"subducting_plate_id":null,"plate_ids":[301,603],"name":"Red River Fault"},"geometry":{"type":"LineString","coordinates":[[89.506,29.155],[90.01,29.336],[90.516,29.516],[91.024,29.694],[91.534,29.869],[91.958,30.019],[92.384,30.168],[92.811,30.315],[93.335,30.292],[93.858,30.268],[94.382,30.242],[94.813,29.944],[95.241,29.645],[95.667,29.345],[96.09,29.043]]}},{"type":"Feature","properties":{"boundary_type":"transform","feature_type":"gpml:Transform","polarity":null,"overriding_plate_id":null,"subducting_plate_id":null,"plate_ids":[301,604],"name":"Red River Fault"},"geometry":{"type":"LineString","coordinates":[[96.09,29.043],[96.314,28.881],[96.538,28.719],[96.915,28.396],[97.289,28.071],[97.66,27.746],[98.03,27.419],[98.397,27.092],[98.76,26.842],[99.122,26.592],[99.482,26.341],[99.84,26.088],[100.302,25.892],[100.763,25.694],[101.222,25.495],[101.68,25.295],[102.084,25.108],[102.487,24.921],[102.889,24.732],[103.289,24.542],[103.688,24.351],[104.099,24.089],[104.508,23.825],[104.915,23.561],[105.32,23.295],[105.724,23.028],[106.127,22.761],[106.528,22.492],[106.814,22.314],[107.1,22.135]]}},{"type":"Feature","properties":{"boundary_type":"transform","feature_type":"gpml:Transform","polarity":null,"overriding_plate_id":null,"subducting_plate_id":null,"plate_ids":[603,604],"name":"Three Pagodas Fault (inferred extent)"},"geometry":{"type":"LineString","coordinates":[[96.09,29.043],[96.203,28.62],[96.315,28.197],[96.426,27.775],[96.536,27.352],[96.646,26.929],[96.754,26.506],[96.862,26.083],[96.982,25.685],[97.101,25.287],[97.219,24.888],[97.337,24.49],[97.358,24.117],[97.379,23.743],[97.4,23.37],[97.385,22.886],[97.37,22.402],[97.354,21.919],[97.469,21.453],[97.583,20.988],[97.696,20.522],[97.809,20.057],[97.962,19.66],[98.115,19.263],[98.267,18.866],[98.418,18.469],[98.568,18.071],[98.718,17.674],[99.041,17.293],[99.363,16.912],[99.683,16.531],[100.002,16.149],[100.319,15.766],[100.607,15.594]]}},{"type":"Feature","properties":{"boundary_type":"transform","feature_type":"gpml:Transform","polarity":null,"overriding_plate_id":null,"subducting_plate_id":null,"plate_ids":[604,673],"name":"Three Pagodas Fault (inferred extent)"},"geometry":{"type":"LineString","coordinates":[[100.607,15.594],[101.044,15.331],[101.48,15.067],[101.915,14.802],[102.348,14.537],[102.781,14.271],[103.213,14.004],[103.643,13.736],[104.073,13.467],[104.502,13.198],[104.94,13.079],[105.379,12.959],[105.817,12.839],[106.254,12.717],[106.691,12.595],[107.128,12.473],[107.564,12.349],[108.0,12.225],[108.443,12.282],[108.887,12.338],[109.33,12.393],[109.774,12.448],[110.218,12.501],[110.662,12.554],[111.166,12.626],[111.67,12.696]]}},{"type":"Feature","properties":{"boundary_type":"transform","feature_type":"gpml:Transform","polarity":null,"overriding_plate_id":null,"subducting_plate_id":null,"plate_ids":[902,903],"name":"Vancouver Transform"},"geometry":{"type":"LineString","coordinates":[[-103.028,33.294],[-102.434,33.336],[-101.839,33.375],[-101.244,33.412],[-100.745,33.412],[-100.247,33.411],[-99.748,33.408],[-99.249,33.403],[-98.75,33.395],[-98.196,33.41],[-97.642,33.422],[-97.088,33.432],[-96.534,33.44],[-96.054,33.457],[-95.573,33.472],[-95.093,33.485],[-94.613,33.497]]}},{"type":"Feature","properties":{"boundary_type":"other","feature_type":"gpml:UnclassifiedFeature","polarity":null,"overriding_plate_id":null,"subducting_plate_id":null,"plate_ids":[101,406],"name":"NE SIberia"},"geometry":{"type":"LineString","coordinates":[[167.107,67.142],[166.453,67.452],[165.782,67.759],[165.159,68.102],[164.516,68.443],[163.854,68.781],[162.866,69.129],[161.847,69.472],[160.794,69.808],[159.708,70.138],[158.861,70.429],[157.989,70.716],[157.092,70.999],[156.169,71.277],[155.219,71.551],[154.659,71.705]]}},{"type":"Feature","properties":{"boundary_type":"subduction","feature_type":"gpml:SubductionZone","polarity":"Left","overriding_plate_id":301,"subducting_plate_id":701,"plate_ids":[301,701],"name":"Subduction Zone - A Gibbons Phd 2012"},"geometry":{"type":"LineString","coordinates":[[58.797,20.826],[59.163,20.558],[59.527,20.29],[59.89,20.021],[60.392,20.119],[60.895,20.216],[61.398,20.311],[61.902,20.405],[62.406,20.497],[62.911,20.588],[63.417,20.678],[63.923,20.765],[64.43,20.852],[64.937,20.937]]}},{"type":"Feature","properties":{"boundary_type":"ridge","feature_type":"gpml:MidOceanRidge","polarity":null,"overriding_plate_id":null,"subducting_plate_id":null,"plate_ids":[101,301],"name":"Ridge from iso A18 from NorthAmerica at 40.1Ma"},"geometry":{"type":"LineString","coordinates":[[-20.505,46.535],[-20.645,46.142],[-20.783,45.748],[-20.881,45.421],[-20.977,45.094],[-21.073,44.767],[-21.18,44.288],[-21.286,43.808],[-21.391,43.328],[-21.425,43.015],[-21.459,42.703],[-20.977,42.62],[-20.975,42.423]]}},{"type":"Feature","properties":{"boundary_type":"subduction","feature_type":"gpml:SubductionZone","polarity":"Left","overriding_plate_id":608,"subducting_plate_id":801,"plate_ids":[608,801],"name":"East Philippine Isl Nthward Subduction DiCaprio"},"geometry":{"type":"LineString","coordinates":[[134.024,0.317],[134.335,0.118],[134.645,-0.081],[134.955,-0.279],[135.347,-0.525],[135.738,-0.771],[136.129,-1.017],[136.521,-1.263],[136.913,-1.508],[137.304,-1.754],[137.685,-1.956],[138.067,-2.157],[138.448,-2.358],[138.83,-2.56],[139.211,-2.761],[139.644,-2.975],[140.078,-3.189],[140.511,-3.403],[140.945,-3.617],[141.291,-3.891],[141.637,-4.165],[141.984,-4.439],[142.293,-4.707],[142.602,-4.974],[142.911,-5.242],[143.118,-5.525],[143.326,-5.808],[143.533,-6.091],[143.68,-6.518],[143.828,-6.945],[143.976,-7.372],[144.123,-7.799],[144.345,-8.139],[144.568,-8.478],[144.79,-8.818],[145.013,-9.157],[145.44,-9.294],[145.867,-9.429],[146.295,-9.565],[146.723,-9.699],[147.151,-9.834],[147.58,-9.967]]}},{"type":"Feature","properties":{"boundary_type":"subduction","feature_type":"gpml:SubductionZone","polarity":"Left","overriding_plate_id":608,"subducting_plate_id":901,"plate_ids":[608,901],"name":"Proto Caroline arc"},"geometry":{"type":"LineString","coordinates":[[153.4,-1.739],[153.759,-1.516],[154.117,-1.294],[154.477,-0.953],[154.836,-0.612]]}},{"type":"Feature","properties":{"boundary_type":"subduction","feature_type":"gpml:SubductionZone","polarity":"Left","overriding_plate_id":688,"subducting_plate_id":901,"plate_ids":[688,901],"name":"Proto Caroline arc"},"geometry":{"type":"LineString","coordinates":[[154.836,-0.612],[155.127,-0.337],[155.418,-0.062],[155.709,0.214],[156.0,0.489],[156.291,0.765],[156.545,1.171],[156.798,1.577],[157.051,1.983],[157.305,2.389],[157.559,2.795],[157.778,3.184],[157.998,3.573],[158.218,3.963],[158.438,4.351],[158.658,4.74],[158.878,5.129],[159.099,5.518],[159.32,5.907],[159.399,6.271],[159.479,6.635]]}},{"type":"Feature","properties":{"boundary_type":"transform","feature_type":"gpml:Transform","polarity":null,"overriding_plate_id":null,"subducting_plate_id":null,"plate_ids":[301,604],"name":"Continuation of RRF"},"geometry":{"type":"LineString","coordinates":[[107.1,22.135],[107.322,21.69],[107.541,21.243],[107.76,20.797],[107.977,20.35],[108.193,19.903],[108.33,19.49],[108.466,19.077],[108.602,18.663]]}},{"type":"Feature","properties":{"boundary_type":"transform","feature_type":"gpml:Transform","polarity":null,"overriding_plate_id":null,"subducting_plate_id":null,"plate_ids":[604,617],"name":"Continuation of RRF"},"geometry":{"type":"LineString","coordinates":[[108.602,18.663],[108.739,18.242],[108.876,17.821],[109.012,17.4],[109.148,16.979],[109.282,16.557],[109.417,16.136],[109.55,15.714],[109.817,15.341],[110.083,14.968],[110.348,14.594],[110.612,14.22],[110.875,13.846],[111.137,13.471],[111.398,13.097],[111.659,12.722],[111.67,12.696]]}},{"type":"Feature","properties":{"boundary_type":"transform","feature_type":"gpml:Transform","polarity":null,"overriding_plate_id":null,"subducting_plate_id":null,"plate_ids":[617,673],"name":"Continuation of RRF"},"geometry":{"type":"LineString","coordinates":[[111.67,12.696],[111.705,12.611]]}},{"type":"Feature","properties":{"boundary_type":"transform","feature_type":"gpml:Transform","polarity":null,"overriding_plate_id":null,"subducting_plate_id":null,"plate_ids":[663,673],"name":"Continuation of RRF"},"geometry":{"type":"LineString","coordinates":[[111.705,12.611],[111.875,12.202],[112.045,11.793],[112.214,11.385],[112.38,10.97],[112.546,10.556],[112.712,10.142]]}},{"type":"Feature","properties":{"boundary_type":"transform","feature_type":"gpml:Transform","polarity":null,"overriding_plate_id":null,"subducting_plate_id":null,"plate_ids":[608,688],"name":"Proto Caroline transform"},"geometry":{"type":"LineString","coordinates":[[152.123,2.325],[152.463,1.958],[152.802,1.591],[153.141,1.224],[153.48,0.856],[153.819,0.489],[154.158,0.122],[154.497,-0.245],[154.836,-0.612]]}},{"type":"Feature","properties":{"boundary_type":"ridge","feature_type":"gpml:MidOceanRidge","polarity":null,"overriding_plate_id":null,"subducting_plate_id":null,"plate_ids":[608,609],"name":"Philippine Sea MOR"},"geometry":{"type":"LineString","coordinates":[[131.24,17.468],[131.716,17.603],[132.193,17.738],[132.67,17.871],[133.148,18.003],[133.627,18.134],[134.107,18.264],[134.2,17.792],[134.292,17.319],[134.384,16.847],[134.476,16.375],[134.567,15.902],[134.658,15.43],[134.748,14.957],[134.838,14.485],[134.928,14.012],[135.353,14.15],[135.778,14.287],[136.204,14.424],[136.63,14.559],[137.057,14.694],[137.485,14.828],[137.562,14.363],[137.638,13.899],[137.715,13.434],[137.79,12.97],[137.866,12.505],[137.942,12.04],[138.017,11.576],[138.092,11.111],[138.097,11.08]]}},{"type":"Feature","properties":{"boundary_type":"ridge","feature_type":"gpml:MidOceanRidge","polarity":null,"overriding_plate_id":null,"subducting_plate_id":null,"plate_ids":[608,609],"name":"Philippine Sea MOR"},"geometry":{"type":"LineString","coordinates":[[138.097,11.08],[138.564,11.064],[139.03,11.047],[139.082,10.604],[139.132,10.161],[139.335,10.094],[139.352,9.717],[139.76,9.665],[140.168,9.612],[140.575,9.558],[140.924,9.505],[141.272,9.451],[141.62,9.397],[141.582,9.0],[141.949,8.948],[142.316,8.896],[142.683,8.843],[142.69,8.497],[143.113,8.447],[143.535,8.397],[143.958,8.346],[144.38,8.294],[144.802,8.242],[144.812,7.992],[144.822,7.741],[145.194,7.677],[145.565,7.613],[145.937,7.548],[145.914,7.149],[146.245,7.108],[146.577,7.067],[146.539,6.823],[146.981,6.806],[147.422,6.789],[147.864,6.771],[147.848,6.428],[148.309,6.379],[148.769,6.329],[149.23,6.279],[149.69,6.229],[149.685,6.076],[150.158,6.046],[150.631,6.015],[151.104,5.984],[151.577,5.952],[152.05,5.92],[152.025,5.478],[152.001,5.036],[151.976,4.593],[151.952,4.151],[152.272,4.006],[152.592,3.862]]}},{"type":"Feature","properties":{"boundary_type":"subduction","feature_type":"gpml:SubductionZone","polarity":"Right","overriding_plate_id":645,"subducting_plate_id":663,"plate_ids":[645,663],"name":"Palawan Trench"},"geometry":{"type":"LineString","coordinates":[[122.286,7.076],[122.644,7.397],[123.003,7.717],[123.363,8.037],[123.723,8.357],[124.083,8.676],[124.453,8.965],[124.824,9.253],[125.195,9.541],[125.567,9.828],[125.94,10.115],[126.313,10.402],[126.687,10.688],[127.044,11.018],[127.401,11.348],[127.759,11.677],[128.118,12.006],[128.478,12.334],[128.839,12.662],[129.063,12.939],[129.288,13.216],[129.514,13.492]]}},{"type":"Feature","properties":{"boundary_type":"transform","feature_type":"gpml:Transform","polarity":null,"overriding_plate_id":null,"subducting_plate_id":null,"plate_ids":[603,673],"name":"Three Pagodas and Sumatra Fault Zone"},"geometry":{"type":"LineString","coordinates":[[100.607,15.594],[100.6,15.151],[100.592,14.707],[100.585,14.264],[100.577,13.821],[100.57,13.378],[100.562,12.934],[100.654,12.47],[100.746,12.006],[100.837,11.542],[100.928,11.078],[101.018,10.614],[101.109,10.149],[101.199,9.685],[101.289,9.221],[101.507,8.774],[101.726,8.327],[101.943,7.88],[102.16,7.433],[102.377,6.986],[102.754,6.743],[103.131,6.501],[103.507,6.258],[103.883,6.014],[104.259,5.771],[104.634,5.527],[105.069,5.337],[105.503,5.147],[105.938,4.956],[106.372,4.765],[106.805,4.574],[107.239,4.383],[107.672,4.191],[108.105,3.999],[108.538,3.807],[108.971,3.615],[109.444,3.458],[109.917,3.302],[110.389,3.145],[110.862,2.988],[111.273,2.753],[111.685,2.518],[112.096,2.283],[112.316,1.946],[112.536,1.609],[112.756,1.272],[112.892,0.914],[113.028,0.556],[113.165,0.198],[113.375,-0.217],[113.585,-0.631],[113.683,-0.89]]}},{"type":"Feature","properties":{"boundary_type":"subduction","feature_type":"gpml:SubductionZone","polarity":"Left","overriding_plate_id":9923,"subducting_plate_id":801,"plate_ids":[801,9923],"name":"Sepik Subduction"},"geometry":{"type":"LineString","coordinates":[[136.325,-18.074],[136.8,-17.96],[137.274,-17.844],[137.747,-17.728],[138.22,-17.61],[138.692,-17.491],[139.207,-17.401],[139.72,-17.31],[140.234,-17.217],[140.746,-17.123],[141.258,-17.028],[141.77,-16.932],[142.281,-16.834],[142.792,-16.735],[143.263,-16.741],[143.733,-16.746],[144.204,-16.749],[144.675,-16.752],[145.146,-16.753],[145.617,-16.754],[146.088,-16.753],[146.559,-16.752],[147.03,-16.749],[147.474,-16.907],[147.92,-17.064],[148.366,-17.22],[148.812,-17.375],[149.26,-17.529],[149.708,-17.682],[150.157,-17.834],[150.512,-18.054],[150.868,-18.274],[151.225,-18.493],[151.583,-18.711],[151.942,-18.929],[152.366,-19.108],[152.792,-19.287],[153.218,-19.465],[153.645,-19.642],[154.073,-19.818],[154.502,-19.993],[154.857,-20.181],[155.213,-20.367],[155.569,-20.553],[155.926,-20.739],[156.318,-20.882],[156.71,-21.024],[157.104,-21.165],[157.498,-21.305],[157.971,-21.419]]}},{"type":"Feature","properties":{"boundary_type":"transform","feature_type":"gpml:Transform","polarity":null,"overriding_plate_id":null,"subducting_plate_id":null,"plate_ids":[801,9923],"name":"Torricelli Arc transform"},"geometry":{"type":"LineString","coordinates":[[136.325,-18.074],[136.54,-17.623],[136.753,-17.171],[136.966,-16.72],[137.244,-16.388],[137.522,-16.057],[137.799,-15.725],[138.075,-15.393],[138.35,-15.06],[138.624,-14.728],[139.009,-14.442],[139.392,-14.156],[139.774,-13.869],[140.155,-13.581],[140.552,-13.369],[140.948,-13.156],[141.344,-12.943],[141.707,-12.774],[142.07,-12.605],[142.433,-12.435],[142.787,-12.247],[143.14,-12.058],[143.493,-11.868],[143.846,-11.678],[144.199,-11.476],[144.553,-11.274],[144.905,-11.071],[145.258,-10.868],[145.623,-10.71],[145.988,-10.552],[146.352,-10.393],[146.717,-10.234],[147.14,-10.104],[147.562,-9.973]]}},{"type":"Feature","properties":{"boundary_type":"transform","feature_type":"gpml:Transform","polarity":null,"overriding_plate_id":null,"subducting_plate_id":null,"plate_ids":[801,922],"name":"Torricelli Arc transform"},"geometry":{"type":"LineString","coordinates":[[147.562,-9.973],[147.58,-9.967]]}},{"type":"Feature","properties":{"boundary_type":"transform","feature_type":"gpml:Transform","polarity":null,"overriding_plate_id":null,"subducting_plate_id":null,"plate_ids":[608,922],"name":"Torricelli Arc transform"},"geometry":{"type":"LineString","coordinates":[[147.58,-9.967],[147.889,-9.871],[148.198,-9.775],[148.669,-9.646],[149.14,-9.516],[149.611,-9.386],[150.081,-9.256],[150.544,-9.115],[151.006,-8.973],[151.468,-8.831],[151.93,-8.689],[152.21,-8.632],[152.49,-8.576]]}},{"type":"Feature","properties":{"boundary_type":"subduction","feature_type":"gpml:SubductionZone","polarity":"Right","overriding_plate_id":608,"subducting_plate_id":901,"plate_ids":[608,901],"name":"Proto Mariana Arc"},"geometry":{"type":"LineString","coordinates":[[153.4,-1.739],[153.387,-2.145],[153.374,-2.551],[153.361,-2.957],[153.347,-3.363],[153.334,-3.769],[153.245,-4.137],[153.156,-4.505],[153.067,-4.873]]}},{"type":"Feature","properties":{"boundary_type":"subduction","feature_type":"gpml:SubductionZone","polarity":"Right","overriding_plate_id":608,"subducting_plate_id":922,"plate_ids":[608,922],"name":"Proto Mariana Arc"},"geometry":{"type":"LineString","coordinates":[[153.067,-4.873],[152.965,-5.295],[152.862,-5.718],[152.759,-6.141],[152.656,-6.563],[152.553,-6.986],[152.45,-7.409],[152.463,-7.798],[152.476,-8.187],[152.49,-8.576]]}},{"type":"Feature","properties":{"boundary_type":"other","feature_type":"gpml:ContinentalRift","polarity":null,"overriding_plate_id":null,"subducting_plate_id":null,"plate_ids":[301,617],"name":"South China Sea rifting"},"geometry":{"type":"LineString","coordinates":[[108.602,18.663],[108.966,18.965],[109.332,19.266],[109.699,19.566],[110.067,19.866],[110.366,20.258],[110.667,20.65],[110.968,21.041],[111.272,21.432],[111.577,21.822],[111.898,22.165],[112.22,22.507],[112.544,22.849],[112.869,23.19],[113.196,23.53],[113.551,23.781],[113.908,24.032],[114.266,24.282],[114.693,24.447],[115.12,24.61],[115.549,24.772],[115.98,24.933],[116.411,25.093],[116.838,25.252],[117.266,25.409],[117.695,25.565],[118.125,25.72],[118.557,25.874],[118.987,26.119],[119.42,26.362],[119.854,26.604],[120.29,26.844],[120.728,27.084],[121.168,27.322]]}},{"type":"Feature","properties":{"boundary_type":"ridge","feature_type":"gpml:MidOceanRidge","polarity":null,"overriding_plate_id":null,"subducting_plate_id":null,"plate_ids":[301,406],"name":"MOR NAM-Eurasia from iso A18 from NAM 40.1Ma"},"geometry":{"type":"LineString","coordinates":[[140.062,61.817],[139.251,62.098],[138.425,62.374],[137.583,62.645]]}},{"type":"Feature","properties":{"boundary_type":"ridge","feature_type":"gpml:MidOceanRidge","polarity":null,"overriding_plate_id":null,"subducting_plate_id":null,"plate_ids":[101,301],"name":"MOR NAM-Eurasia from iso A18 from NAM 40.1Ma"},"geometry":{"type":"LineString","coordinates":[[137.583,62.645],[136.769,62.897],[135.94,63.145],[135.097,63.389],[134.485,63.805],[133.854,64.22],[133.205,64.631],[132.535,65.039],[131.844,65.445],[131.132,65.847],[130.398,66.245],[129.639,66.64],[128.857,67.032],[128.049,67.419],[127.214,67.802],[126.352,68.181],[125.46,68.555],[124.539,68.925],[123.587,69.289],[122.603,69.647],[121.585,70.0],[120.532,70.347],[119.443,70.688],[118.317,71.022],[117.153,71.349],[115.949,71.669],[114.704,71.98],[113.418,72.284],[112.088,72.579],[110.716,72.864],[109.298,73.141],[107.836,73.407],[106.329,73.662],[104.776,73.907],[103.177,74.14],[101.533,74.361],[99.845,74.57],[98.113,74.765],[96.338,74.947],[94.523,75.114],[92.669,75.267],[90.779,75.405],[88.856,75.528],[86.903,75.634],[84.923,75.725],[84.081,76.147],[83.187,76.567],[82.237,76.983],[81.225,77.396],[80.147,77.804],[78.995,78.209],[77.763,78.608],[76.443,79.001],[75.028,79.389]]}},{"type":"Feature","properties":{"boundary_type":"other","feature_type":"gpml:InferredPaleoBoundary","polarity":null,"overriding_plate_id":null,"subducting_plate_id":null,"plate_ids":[101,102],"name":"Greenland northern boundary"},"geometry":{"type":"LineString","coordinates":[[-29.588,68.139],[-29.34,68.192],[-28.952,68.502],[-28.553,68.811],[-28.142,69.12],[-27.843,69.445],[-27.535,69.77],[-27.217,70.095],[-26.091,70.183],[-24.956,70.264],[-23.812,70.337],[-22.923,70.465],[-22.023,70.588],[-20.916,70.644],[-19.804,70.694],[-18.686,70.737],[-17.341,70.942],[-15.969,71.138],[-15.053,71.335],[-14.118,71.527],[-13.165,71.714],[-12.112,71.775],[-11.052,71.83],[-9.986,71.88],[-8.884,71.862],[-7.783,71.839],[-6.686,71.809],[-5.243,71.936],[-3.781,72.053],[-2.607,72.112],[-1.426,72.164],[-0.238,72.208],[0.703,71.871],[1.611,71.53],[2.463,71.204],[3.286,70.874]]}},{"type":"Feature","properties":{"boundary_type":"other","feature_type":"gpml:InferredPaleoBoundary","polarity":null,"overriding_plate_id":null,"subducting_plate_id":null,"plate_ids":[102,301],"name":"Greenland northern boundary"},"geometry":{"type":"LineString","coordinates":[[3.286,70.874],[3.949,70.597],[4.595,70.318],[5.223,70.036],[5.8,69.747],[6.361,69.457],[6.907,69.164],[7.721,68.77],[8.506,68.373],[9.065,68.037],[9.608,67.699],[10.136,67.359],[10.394,67.083]]}},{"type":"Feature","properties":{"boundary_type":"ridge","feature_type":"gpml:MidOceanRidge","polarity":null,"overriding_plate_id":null,"subducting_plate_id":null,"plate_ids":[101,102],"name":"MOR NAM-Greenland"},"geometry":{"type":"LineString","coordinates":[[-30.282,56.518],[-30.904,56.78],[-30.45,57.103],[-29.988,57.424],[-29.518,57.743],[-28.863,58.083],[-28.196,58.42],[-27.908,58.854],[-27.613,59.287],[-27.573,59.593],[-27.533,59.899],[-27.268,60.258],[-26.997,60.616],[-27.111,60.929],[-27.227,61.241],[-27.324,61.574],[-27.422,61.907],[-27.35,62.244],[-27.277,62.581],[-27.377,62.98],[-27.479,63.378],[-27.139,63.846],[-26.788,64.313],[-27.256,64.616],[-27.734,64.917],[-27.831,65.316],[-27.932,65.715],[-28.281,66.035],[-28.639,66.355],[-29.082,66.769],[-29.54,67.182],[-29.564,67.66],[-29.588,68.139]]}},{"type":"Feature","properties":{"boundary_type":"ridge","feature_type":"gpml:MidOceanRidge","polarity":null,"overriding_plate_id":null,"subducting_plate_id":null,"plate_ids":[101,102],"name":"MOR NAM-Greenland"},"geometry":{"type":"LineString","coordinates":[[-32.791,53.749],[-32.718,53.775],[-32.506,54.201],[-32.289,54.626],[-31.923,54.969],[-31.551,55.312],[-31.328,55.67],[-31.101,56.028],[-30.716,56.26],[-30.327,56.491],[-30.282,56.518]]}},{"type":"Feature","properties":{"boundary_type":"ridge","feature_type":"gpml:MidOceanRidge","polarity":null,"overriding_plate_id":null,"subducting_plate_id":null,"plate_ids":[101,102],"name":"MOR NAM-Greenland"},"geometry":{"type":"LineString","coordinates":[[-20.353,46.63],[-20.788,46.784],[-21.224,46.935],[-21.76,47.074],[-22.298,47.21],[-22.786,47.275],[-23.276,47.338],[-23.885,47.424],[-24.495,47.506],[-25.108,47.586],[-25.549,47.944],[-25.997,48.301],[-26.578,48.461],[-27.174,48.541],[-27.773,48.618],[-28.038,48.924],[-28.306,49.229],[-28.57,49.611],[-28.837,49.991],[-29.045,50.307],[-29.255,50.622],[-29.585,51.017],[-29.92,51.41],[-30.122,51.676],[-30.327,51.942],[-30.762,52.242],[-31.202,52.54],[-31.474,52.742],[-31.749,52.944],[-32.206,53.238],[-32.67,53.53],[-32.791,53.749]]}},{"type":"Feature","properties":{"boundary_type":"ridge","feature_type":"gpml:MidOceanRidge","polarity":null,"overriding_plate_id":null,"subducting_plate_id":null,"plate_ids":[609,688],"name":"Ridge f iso on caroline at 30.1Ma"},"geometry":{"type":"LineString","coordinates":[[156.257,10.953],[156.083,10.656],[155.909,10.36],[155.735,10.062],[155.478,9.733],[155.222,9.404],[155.479,9.065],[155.151,8.704],[154.824,8.344],[154.497,7.983],[154.171,7.622],[154.376,7.416],[154.581,7.21],[154.322,6.876],[154.065,6.543],[153.807,6.209],[153.55,5.875],[153.293,5.541],[153.036,5.207],[153.398,4.876],[153.129,4.538],[152.86,4.2],[152.592,3.862]]}},{"type":"Feature","properties":{"boundary_type":"ridge","feature_type":"gpml:MidOceanRidge","polarity":null,"overriding_plate_id":null,"subducting_plate_id":null,"plate_ids":[608,688],"name":"Ridge f iso on caroline at 30.1Ma"},"geometry":{"type":"LineString","coordinates":[[152.592,3.862],[152.408,3.629],[152.643,3.413],[152.879,3.196],[152.627,2.906],[152.375,2.615],[152.123,2.325]]}},{"type":"Feature","properties":{"boundary_type":"ridge","feature_type":"gpml:MidOceanRidge","polarity":null,"overriding_plate_id":null,"subducting_plate_id":null,"plate_ids":[645,665],"name":"MOR South Celebes-Proto South China iso at 41.5Ma"},"geometry":{"type":"LineString","coordinates":[[133.178,2.76],[132.779,2.683],[132.381,2.606],[131.982,2.529],[131.583,2.451],[131.282,2.495],[130.982,2.472],[130.683,2.449],[130.417,2.548],[130.151,2.646],[129.873,2.678],[129.524,2.689],[129.175,2.699],[128.783,2.694],[128.391,2.688],[127.999,2.683],[127.624,2.655],[127.166,2.818],[126.709,2.981],[126.251,3.144],[125.793,3.306],[125.334,3.468],[124.846,3.38],[124.359,3.291],[124.192,3.214]]}},{"type":"Feature","properties":{"boundary_type":"ridge","feature_type":"gpml:MidOceanRidge","polarity":null,"overriding_plate_id":null,"subducting_plate_id":null,"plate_ids":[608,609],"name":"Philippine Sea MOR"},"geometry":{"type":"LineString","coordinates":[[126.077,19.12],[126.573,19.204],[127.069,19.286],[127.565,19.368],[128.062,19.448],[128.559,19.527],[129.057,19.604],[129.556,19.68],[130.055,19.755],[130.554,19.828],[130.693,19.356],[130.831,18.884],[130.968,18.412],[131.105,17.94],[131.24,17.468]]}},{"type":"Feature","properties":{"boundary_type":"ridge","feature_type":"gpml:MidOceanRidge","polarity":null,"overriding_plate_id":null,"subducting_plate_id":null,"plate_ids":[855,861],"name":"MOR Loyalty Basin"},"geometry":{"type":"LineString","coordinates":[[168.045,-28.942],[168.419,-28.594],[168.79,-28.245],[169.158,-27.896],[169.525,-27.545],[169.922,-27.695],[170.303,-27.393],[170.682,-27.09],[171.059,-26.786],[171.434,-26.481],[171.806,-26.175],[172.177,-25.869],[172.546,-25.561],[172.913,-25.252],[173.298,-24.911],[173.68,-24.569],[174.06,-24.225],[174.438,-23.881],[174.732,-23.649],[175.024,-23.417],[175.315,-23.184],[175.694,-22.972],[176.072,-22.758],[176.449,-22.543]]}},{"type":"Feature","properties":{"boundary_type":"ridge","feature_type":"gpml:MidOceanRidge","polarity":null,"overriding_plate_id":null,"subducting_plate_id":null,"plate_ids":[101],"name":"MOR NAM-Caribbean from iso on CAR at 42Ma"},"geometry":{"type":"LineString","coordinates":[[-69.899,15.675],[-69.897,16.111],[-69.894,16.548],[-69.891,16.594]]}},{"type":"Feature","properties":{"boundary_type":"subduction","feature_type":"gpml:SubductionZone","polarity":"Right","overriding_plate_id":301,"subducting_plate_id":801,"plate_ids":[301,801],"name":"Collision of Greater India"},"geometry":{"type":"LineString","coordinates":[[89.236,21.58],[88.793,21.38],[88.351,21.18],[87.911,20.979],[87.471,20.776],[87.027,20.627],[86.584,20.477],[86.142,20.326],[85.701,20.174],[85.26,20.02],[84.82,19.866],[84.301,19.837],[83.782,19.806],[83.263,19.773],[82.745,19.739],[82.227,19.704],[81.708,19.667],[81.191,19.629],[80.673,19.589],[80.197,19.677],[79.721,19.764],[79.244,19.849],[78.767,19.933],[78.289,20.016],[77.811,20.097],[77.332,20.177],[76.853,20.256],[76.373,20.334],[75.893,20.41],[75.504,20.635],[75.113,20.859],[74.722,21.082],[74.329,21.304],[73.936,21.526],[73.448,21.625],[72.959,21.722],[72.469,21.819],[71.979,21.913],[71.488,22.007],[70.997,22.099],[70.505,22.189],[70.012,22.278],[69.519,22.365],[69.04,22.192],[68.562,22.017],[68.086,21.841],[67.611,21.664],[67.137,21.485],[66.664,21.305],[66.269,21.058],[65.874,20.809],[65.481,20.559],[65.09,20.309],[64.699,20.058]]}},{"type":"Feature","properties":{"boundary_type":"subduction","feature_type":"gpml:SubductionZone","polarity":"Left","overriding_plate_id":301,"subducting_plate_id":701,"plate_ids":[301,701],"name":"Tethyan Subduction after Afghan block Accretion AG 2012"},"geometry":{"type":"LineString","coordinates":[[44.04,28.876],[44.19,28.802],[44.539,28.593],[44.887,28.382],[45.233,28.171],[45.633,27.869],[46.03,27.565],[46.425,27.26],[46.879,27.139],[47.333,27.016],[47.786,26.892],[48.206,26.605],[48.624,26.316],[49.04,26.027],[49.448,25.86],[49.855,25.693],[50.247,25.478],[50.638,25.262],[50.903,25.016],[51.167,24.769],[51.43,24.522],[51.805,24.426],[52.179,24.329],[52.553,24.232],[52.936,23.878],[53.318,23.524],[53.597,23.233],[53.875,22.942],[54.152,22.65],[54.561,22.496],[55.041,22.592],[55.523,22.687],[55.787,22.53],[56.052,22.372],[56.198,22.009],[56.343,21.647],[56.488,21.285],[57.003,21.164],[57.517,21.041],[58.03,20.917],[58.543,20.792],[58.797,20.826]]}},{"type":"Feature","properties":{"boundary_type":"transform","feature_type":"gpml:Transform","polarity":null,"overriding_plate_id":null,"subducting_plate_id":null,"plate_ids":[665,673],"name":"Sunda Transform near Sulawesi"},"geometry":{"type":"LineString","coordinates":[[124.997,0.461],[124.89,0.865],[124.783,1.269],[124.675,1.673],[124.568,2.076],[124.461,2.48],[124.353,2.884],[124.192,3.214]]}},{"type":"Feature","properties":{"boundary_type":"transform","feature_type":"gpml:Transform","polarity":null,"overriding_plate_id":null,"subducting_plate_id":null,"plate_ids":[645,673],"name":"Sunda Transform near Sulawesi"},"geometry":{"type":"LineString","coordinates":[[124.192,3.214],[123.974,3.656],[123.757,4.099],[123.539,4.541],[123.322,4.984],[123.103,5.426]]}},{"type":"Feature","properties":{"boundary_type":"transform","feature_type":"gpml:Transform","polarity":null,"overriding_plate_id":null,"subducting_plate_id":null,"plate_ids":[645,663],"name":"Sunda Transform near Sulawesi"},"geometry":{"type":"LineString","coordinates":[[123.103,5.426],[122.9,5.839],[122.695,6.251],[122.491,6.664],[122.286,7.076]]}},{"type":"Feature","properties":{"boundary_type":"ridge","feature_type":"gpml:MidOceanRidge","polarity":null,"overriding_plate_id":null,"subducting_plate_id":null,"plate_ids":[617,663],"name":"Proto South China Sea MOR"},"geometry":{"type":"LineString","coordinates":[[111.705,12.611],[112.173,12.526],[112.641,12.44],[113.108,12.354],[113.575,12.267],[114.042,12.179],[114.508,12.09],[114.974,12.0],[115.437,11.909],[115.899,11.816],[116.361,11.723],[116.823,11.63],[117.284,11.535],[117.745,11.44],[118.206,11.344],[118.666,11.247],[119.126,11.15],[119.449,11.413],[119.943,11.332],[120.437,11.25],[120.931,11.166],[121.425,11.083],[121.918,10.998],[122.211,10.957],[122.505,10.916],[122.416,11.324],[122.327,11.732],[122.238,12.14],[122.149,12.548],[122.059,12.956],[121.937,13.366],[121.814,13.777]]}},{"type":"Feature","properties":{"boundary_type":"ridge","feature_type":"gpml:MidOceanRidge","polarity":null,"overriding_plate_id":null,"subducting_plate_id":null,"plate_ids":[617,663],"name":"Proto South China Sea MOR"},"geometry":{"type":"LineString","coordinates":[[121.814,13.777],[122.119,13.932],[122.554,14.168],[122.99,14.403],[123.427,14.638],[123.865,14.871],[124.304,15.104],[124.351,15.557],[124.398,16.011],[124.446,16.464],[124.841,16.661],[125.237,16.858],[125.634,17.053],[126.032,17.248],[126.43,17.442],[126.83,17.635],[127.021,17.724]]}},{"type":"Feature","properties":{"boundary_type":"transform","feature_type":"gpml:Transform","polarity":null,"overriding_plate_id":null,"subducting_plate_id":null,"plate_ids":[608,801],"name":"PSCS transform"},"geometry":{"type":"LineString","coordinates":[[134.024,0.317],[133.951,0.528]]}},{"type":"Feature","properties":{"boundary_type":"transform","feature_type":"gpml:Transform","polarity":null,"overriding_plate_id":null,"subducting_plate_id":null,"plate_ids":[608,665],"name":"PSCS transform"},"geometry":{"type":"LineString","coordinates":[[133.951,0.528],[133.797,0.974],[133.642,1.421],[133.487,1.867],[133.333,2.314],[133.178,2.76]]}},{"type":"Feature","properties":{"boundary_type":"transform","feature_type":"gpml:Transform","polarity":null,"overriding_plate_id":null,"subducting_plate_id":null,"plate_ids":[608,645],"name":"PSCS transform"},"geometry":{"type":"LineString","coordinates":[[133.178,2.76],[133.023,3.205],[132.869,3.65],[132.714,4.094],[132.559,4.539],[132.404,4.984],[132.249,5.429],[132.093,5.873],[131.938,6.318],[131.782,6.762],[131.625,7.207],[131.469,7.651],[131.312,8.096],[131.164,8.546],[131.016,8.996],[130.868,9.446],[130.719,9.896],[130.57,10.345],[130.421,10.795],[130.271,11.245],[130.121,11.695],[129.97,12.144],[129.818,12.594],[129.666,13.043],[129.514,13.492]]}},{"type":"Feature","properties":{"boundary_type":"transform","feature_type":"gpml:Transform","polarity":null,"overriding_plate_id":null,"subducting_plate_id":null,"plate_ids":[608,663],"name":"PSCS transform"},"geometry":{"type":"LineString","coordinates":[[129.514,13.492],[129.379,13.887],[129.244,14.283],[129.001,14.666],[128.757,15.049],[128.512,15.432],[128.266,15.815],[128.019,16.197],[127.771,16.579],[127.522,16.961],[127.272,17.343],[127.021,17.724]]}},{"type":"Feature","properties":{"boundary_type":"transform","feature_type":"gpml:Transform","polarity":null,"overriding_plate_id":null,"subducting_plate_id":null,"plate_ids":[608,617],"name":"PSCS transform"},"geometry":{"type":"LineString","coordinates":[[127.021,17.724],[126.77,18.103],[126.518,18.482],[126.298,18.801],[126.077,19.12]]}},{"type":"Feature","properties":{"boundary_type":"transform","feature_type":"gpml:Transform","polarity":null,"overriding_plate_id":null,"subducting_plate_id":null,"plate_ids":[609,617],"name":"PSCS transform"},"geometry":{"type":"LineString","coordinates":[[126.077,19.12],[125.796,19.523],[125.514,19.926],[125.23,20.329],[124.945,20.731],[124.658,21.132],[124.37,21.533],[124.08,21.934],[123.846,22.335],[123.611,22.736],[123.375,23.137],[123.137,23.537],[122.898,23.937],[122.658,24.337],[122.416,24.736],[122.172,25.135],[121.974,25.573],[121.775,26.01],[121.574,26.448],[121.372,26.885],[121.168,27.322]]}},{"type":"Feature","properties":{"boundary_type":"transform","feature_type":"gpml:Transform","polarity":null,"overriding_plate_id":null,"subducting_plate_id":null,"plate_ids":[301,609],"name":"PSCS transform"},"geometry":{"type":"LineString","coordinates":[[121.168,27.322],[121.001,27.677],[120.832,28.032],[120.663,28.388],[120.492,28.742]]}},{"type":"Feature","properties":{"boundary_type":"subduction","feature_type":"gpml:SubductionZone","polarity":"Right","overriding_plate_id":673,"subducting_plate_id":663,"plate_ids":[663,673],"name":"Kalimantan subduction boundary (inferred)"},"geometry":{"type":"LineString","coordinates":[[112.712,10.142],[113.106,9.877],[113.5,9.612],[113.893,9.347],[114.285,9.081],[114.677,8.815],[115.068,8.548],[115.459,8.281],[115.849,8.013],[116.239,7.746],[116.628,7.477],[117.016,7.209],[117.405,6.94],[117.792,6.671],[118.202,6.435],[118.611,6.199],[119.02,5.963],[119.428,5.727],[119.836,5.49],[120.331,5.439],[120.825,5.388],[121.32,5.336],[121.814,5.284],[122.308,5.232],[122.706,5.329],[123.103,5.426]]}},{"type":"Feature","properties":{"boundary_type":"subduction","feature_type":"gpml:SubductionZone","polarity":"Left","overriding_plate_id":101,"subducting_plate_id":902,"plate_ids":[101,902],"name":""},"geometry":{"type":"LineString","coordinates":[[-84.908,18.769],[-84.754,18.373],[-84.602,17.977],[-84.45,17.58],[-84.288,17.198],[-84.127,16.815],[-83.966,16.431],[-83.806,16.048],[-83.646,15.665]]}},{"type":"Feature","properties":{"boundary_type":"subduction","feature_type":"gpml:SubductionZone","polarity":"Left","overriding_plate_id":2035,"subducting_plate_id":902,"plate_ids":[902,2035],"name":""},"geometry":{"type":"LineString","coordinates":[[-83.646,15.665],[-83.456,15.206],[-83.267,14.747],[-83.078,14.288],[-82.895,13.909],[-82.712,13.53],[-82.53,13.151],[-82.348,12.772],[-82.167,12.393],[-81.986,12.013],[-81.911,11.555],[-81.837,11.097],[-81.762,10.638],[-81.688,10.18],[-81.547,9.723],[-81.407,9.265],[-81.267,8.807],[-81.127,8.349],[-80.988,7.892],[-80.83,7.466]]}},{"type":"Feature","properties":{"boundary_type":"subduction","feature_type":"gpml:SubductionZone","polarity":"Left","overriding_plate_id":2035,"subducting_plate_id":902,"plate_ids":[902,2035],"name":""},"geometry":{"type":"LineString","coordinates":[[-80.83,7.466],[-80.652,7.293]]}},{"type":"Feature","properties":{"boundary_type":"subduction","feature_type":"gpml:SubductionZone","polarity":"Left","overriding_plate_id":224,"subducting_plate_id":902,"plate_ids":[224,902],"name":""},"geometry":{"type":"LineString","coordinates":[[-80.652,7.293],[-80.327,6.977],[-80.001,6.66],[-79.676,6.343],[-79.352,6.026],[-79.028,5.709],[-78.704,5.391],[-78.38,5.074],[-78.016,4.763],[-77.652,4.452],[-77.289,4.141],[-76.926,3.83],[-76.563,3.519],[-76.2,3.207],[-75.815,2.981],[-75.429,2.755],[-75.044,2.528],[-74.659,2.302],[-74.274,2.075],[-73.89,1.848],[-73.505,1.622],[-73.067,1.483],[-72.63,1.344]]}},{"type":"Feature","properties":{"boundary_type":"subduction","feature_type":"gpml:SubductionZone","polarity":"Left","overriding_plate_id":224,"subducting_plate_id":902,"plate_ids":[224,902],"name":""},"geometry":{"type":"LineString","coordinates":[[-72.63,1.344],[-72.424,1.028],[-72.218,0.713],[-72.011,0.397],[-71.901,0.04],[-71.791,-0.317],[-71.681,-0.673],[-71.639,-1.1],[-71.597,-1.526],[-71.556,-1.952],[-71.376,-2.353],[-71.196,-2.753],[-71.016,-3.154],[-70.836,-3.554],[-70.656,-3.954],[-70.476,-4.355],[-70.179,-4.695],[-69.883,-5.036],[-69.585,-5.376],[-69.288,-5.716],[-68.99,-6.056],[-68.692,-6.396]]}},{"type":"Feature","properties":{"boundary_type":"subduction","feature_type":"gpml:SubductionZone","polarity":"Right","overriding_plate_id":224,"subducting_plate_id":101,"plate_ids":[101,224],"name":""},"geometry":{"type":"LineString","coordinates":[[-52.1,14.254],[-51.818,13.919],[-51.537,13.583],[-51.257,13.247],[-50.978,12.91],[-50.859,12.555]]}},{"type":"Feature","properties":{"boundary_type":"subduction","feature_type":"gpml:SubductionZone","polarity":"Right","overriding_plate_id":224,"subducting_plate_id":201,"plate_ids":[201,224],"name":""},"geometry":{"type":"LineString","coordinates":[[-50.859,12.555],[-50.731,12.172],[-50.604,11.79],[-50.477,11.407],[-50.35,11.025],[-50.153,10.696],[-49.956,10.367],[-49.76,10.039],[-49.716,9.569],[-49.671,9.099],[-49.627,8.628],[-49.582,8.158],[-49.715,7.707],[-49.848,7.256],[-49.981,6.804],[-50.113,6.353],[-50.283,5.923],[-50.452,5.494],[-50.622,5.065],[-50.79,4.635]]}},{"type":"Feature","properties":{"boundary_type":"transform","feature_type":"gpml:Transform","polarity":null,"overriding_plate_id":null,"subducting_plate_id":null,"plate_ids":[101,2035],"name":"FZ NORTH 1"},"geometry":{"type":"LineString","coordinates":[[-83.646,15.665],[-83.14,15.615],[-82.635,15.564],[-82.129,15.512],[-81.624,15.459],[-81.119,15.404],[-80.615,15.349],[-80.111,15.292],[-79.607,15.234],[-79.103,15.175],[-78.599,15.115],[-78.191,15.094],[-77.783,15.073],[-77.375,15.051],[-76.967,15.028],[-76.554,15.073],[-76.142,15.118],[-75.729,15.162],[-75.316,15.206],[-74.835,15.301],[-74.354,15.396],[-73.872,15.489],[-73.39,15.582],[-72.937,15.627],[-72.483,15.671],[-72.03,15.715],[-71.576,15.757],[-71.157,15.738],[-70.738,15.718],[-70.318,15.697],[-69.899,15.675]]}},{"type":"Feature","properties":{"boundary_type":"transform","feature_type":"gpml:Transform","polarity":null,"overriding_plate_id":null,"subducting_plate_id":null,"plate_ids":[224,2035],"name":"FZ NORTH 1"},"geometry":{"type":"LineString","coordinates":[[-69.899,15.675],[-69.609,15.659],[-69.227,15.61],[-68.845,15.56]]}},{"type":"Feature","properties":{"boundary_type":"transform","feature_type":"gpml:Transform","polarity":null,"overriding_plate_id":null,"subducting_plate_id":null,"plate_ids":[201,224],"name":"TBD"},"geometry":{"type":"LineString","coordinates":[[-60.709,6.63],[-60.259,6.522],[-59.809,6.414],[-59.359,6.306],[-58.909,6.197],[-58.459,6.087],[-58.01,5.978],[-57.561,5.868],[-57.112,5.757],[-56.663,5.646],[-56.215,5.535],[-55.766,5.424],[-55.313,5.354],[-54.861,5.283],[-54.408,5.213],[-53.955,5.141],[-53.503,5.07],[-53.051,4.998],[-52.598,4.926],[-52.146,4.854],[-51.694,4.781],[-51.242,4.708],[-50.79,4.635]]}},{"type":"Feature","properties":{"boundary_type":"transform","feature_type":"gpml:Transform","polarity":null,"overriding_plate_id":null,"subducting_plate_id":null,"plate_ids":[224,2035],"name":"TBD"},"geometry":{"type":"LineString","coordinates":[[-80.652,7.293],[-80.187,7.439],[-79.722,7.584],[-79.256,7.728],[-78.791,7.872],[-78.324,8.016],[-77.858,8.159],[-77.463,8.469],[-77.067,8.778],[-76.671,9.087],[-76.275,9.395],[-75.877,9.703],[-75.479,10.011],[-75.08,10.318],[-74.756,10.697],[-74.43,11.075],[-74.104,11.453],[-73.777,11.831],[-73.449,12.209],[-73.121,12.586],[-72.64,12.702],[-72.158,12.817],[-71.677,12.931],[-71.194,13.044],[-70.712,13.156],[-70.363,13.516],[-70.013,13.874],[-69.662,14.232],[-69.31,14.59],[-68.957,14.947],[-68.901,15.254],[-68.845,15.56]]}},{"type":"Feature","properties":{"boundary_type":"transform","feature_type":"gpml:Transform","polarity":null,"overriding_plate_id":null,"subducting_plate_id":null,"plate_ids":[101],"name":"FZ NORTH 2"},"geometry":{"type":"LineString","coordinates":[[-69.891,16.594],[-69.754,16.588]]}},{"type":"Feature","properties":{"boundary_type":"transform","feature_type":"gpml:Transform","polarity":null,"overriding_plate_id":null,"subducting_plate_id":null,"plate_ids":[101,224],"name":"FZ NORTH 2"},"geometry":{"type":"LineString","coordinates":[[-69.754,16.588],[-69.269,16.567],[-68.783,16.545],[-68.298,16.521],[-67.812,16.497],[-67.327,16.471],[-66.888,16.444],[-66.449,16.416],[-66.009,16.388],[-65.57,16.358],[-65.131,16.328],[-64.693,16.297],[-64.24,16.261],[-63.788,16.225],[-63.335,16.187],[-62.883,16.149],[-62.431,16.11],[-61.98,16.069],[-61.5,16.001],[-61.021,15.931],[-60.542,15.861],[-60.064,15.789],[-59.586,15.716],[-59.108,15.643],[-58.631,15.568],[-58.174,15.494],[-57.718,15.419],[-57.262,15.343],[-56.806,15.267],[-56.35,15.189],[-55.895,15.111],[-55.394,15.001],[-54.893,14.89],[-54.393,14.778],[-53.894,14.665],[-53.395,14.551],[-52.896,14.436],[-52.498,14.346],[-52.1,14.254]]}},{"type":"Feature","properties":{"boundary_type":"ridge","feature_type":"gpml:MidOceanRidge","polarity":null,"overriding_plate_id":null,"subducting_plate_id":null,"plate_ids":[224],"name":"MOR NAM-Caribbean from iso on CAR at 42Ma"},"geometry":{"type":"LineString","coordinates":[[-69.899,15.675],[-69.897,16.111],[-69.894,16.548],[-69.891,16.594]]}},{"type":"Feature","properties":{"boundary_type":"ridge","feature_type":"gpml:MidOceanRidge","polarity":null,"overriding_plate_id":null,"subducting_plate_id":null,"plate_ids":[902],"name":"Marie Byrd Land-Farallon MOR NW15"},"geometry":{"type":"LineString","coordinates":[[-104.5,-48.014],[-104.439,-48.035]]}},{"type":"Feature","properties":{"boundary_type":"ridge","feature_type":"gpml:MidOceanRidge","polarity":null,"overriding_plate_id":null,"subducting_plate_id":null,"plate_ids":[804,902],"name":"Marie Byrd Land-Farallon MOR NW15"},"geometry":{"type":"LineString","coordinates":[[-104.439,-48.035],[-104.255,-48.098],[-103.662,-48.288],[-103.064,-48.474],[-102.461,-48.657],[-102.87,-49.038],[-103.284,-49.418],[-102.689,-49.715],[-102.087,-50.009],[-101.477,-50.3],[-100.86,-50.587],[-100.235,-50.872],[-99.602,-51.153],[-98.962,-51.43],[-98.542,-51.702],[-98.117,-51.973],[-97.687,-52.242],[-97.252,-52.509],[-97.578,-52.78],[-97.909,-53.051],[-97.389,-53.32],[-96.863,-53.586],[-97.255,-53.92],[-96.805,-54.175],[-96.35,-54.428],[-95.889,-54.679],[-96.177,-55.043],[-96.469,-55.407],[-95.837,-55.676],[-95.197,-55.942],[-94.548,-56.204],[-93.889,-56.463],[-93.222,-56.718],[-92.546,-56.97],[-91.861,-57.218],[-91.166,-57.462],[-90.451,-57.684],[-89.711,-57.973],[-88.96,-58.258],[-88.922,-58.267]]}},{"type":"Feature","properties":{"boundary_type":"ridge","feature_type":"gpml:MidOceanRidge","polarity":null,"overriding_plate_id":null,"subducting_plate_id":null,"plate_ids":[902,904],"name":"Marie Byrd Land-Farallon MOR NW15"},"geometry":{"type":"LineString","coordinates":[[-88.922,-58.267],[-88.83,-58.291]]}},{"type":"Feature","properties":{"boundary_type":"ridge","feature_type":"gpml:MidOceanRidge","polarity":null,"overriding_plate_id":null,"subducting_plate_id":null,"plate_ids":[804,904],"name":"Marie Byrd Land-Aluk MOR NW15"},"geometry":{"type":"LineString","coordinates":[[-88.922,-58.267],[-89.307,-58.446],[-89.86,-58.707],[-90.422,-58.966],[-90.991,-59.223],[-90.438,-59.564],[-89.874,-59.902],[-90.55,-60.18],[-91.236,-60.455],[-91.935,-60.725],[-92.645,-60.993],[-93.367,-61.256],[-94.102,-61.515],[-94.885,-61.803],[-95.683,-62.086],[-96.496,-62.365],[-97.324,-62.639],[-98.167,-62.907],[-97.602,-63.243],[-97.024,-63.576],[-96.433,-63.907],[-95.827,-64.236],[-96.752,-64.517],[-97.695,-64.793],[-98.657,-65.063],[-99.639,-65.326],[-100.641,-65.583],[-101.662,-65.833],[-102.703,-66.077],[-103.764,-66.313],[-104.844,-66.541],[-105.945,-66.762],[-107.065,-66.976],[-107.2,-67.006]]}},{"type":"Feature","properties":{"boundary_type":"ridge","feature_type":"gpml:MidOceanRidge","polarity":null,"overriding_plate_id":null,"subducting_plate_id":null,"plate_ids":[804,904],"name":"Marie Byrd Land-Aluk MOR NW15"},"geometry":{"type":"LineString","coordinates":[[-107.2,-67.006],[-106.724,-67.366],[-106.233,-67.725],[-105.727,-68.082]]}},{"type":"Feature","properties":{"boundary_type":"ridge","feature_type":"gpml:MidOceanRidge","polarity":null,"overriding_plate_id":null,"subducting_plate_id":null,"plate_ids":[802,804],"name":"Marie Byrd Land-Aluk MOR NW15"},"geometry":{"type":"LineString","coordinates":[[-105.727,-68.082],[-105.26,-68.401],[-104.78,-68.718],[-104.286,-69.034],[-103.911,-69.238]]}},{"type":"Feature","properties":{"boundary_type":"ridge","feature_type":"gpml:MidOceanRidge","polarity":null,"overriding_plate_id":null,"subducting_plate_id":null,"plate_ids":[901,903],"name":"MOR Kula-Vancouver"},"geometry":{"type":"LineString","coordinates":[[-113.198,55.501],[-112.527,55.819],[-111.846,56.133],[-111.154,56.443],[-110.451,56.75],[-109.736,57.052],[-109.113,56.717],[-108.501,56.379],[-107.9,56.038],[-107.3,56.4],[-106.689,56.759],[-106.066,57.115],[-105.431,57.467],[-104.784,57.817],[-104.124,58.163],[-103.451,58.505]]}},{"type":"Feature","properties":{"boundary_type":"ridge","feature_type":"gpml:MidOceanRidge","polarity":null,"overriding_plate_id":null,"subducting_plate_id":null,"plate_ids":[804],"name":"Marie Byrd Land-Pacific MOR NW15"},"geometry":{"type":"LineString","coordinates":[[-104.439,-48.035],[-104.481,-48.075]]}},{"type":"Feature","properties":{"boundary_type":"ridge","feature_type":"gpml:MidOceanRidge","polarity":null,"overriding_plate_id":null,"subducting_plate_id":null,"plate_ids":[804,901],"name":"Marie Byrd Land-Pacific MOR NW15"},"geometry":{"type":"LineString","coordinates":[[-104.481,-48.075],[-104.626,-48.213],[-104.928,-48.568],[-105.235,-48.923],[-105.547,-49.276],[-105.863,-49.628],[-106.183,-49.98],[-106.668,-49.776],[-107.148,-49.571],[-107.278,-49.701],[-107.67,-49.549],[-108.059,-49.397],[-108.434,-49.78],[-108.814,-50.162],[-109.201,-50.542],[-109.594,-50.921],[-109.993,-51.299],[-110.399,-51.676],[-110.812,-52.051],[-111.232,-52.424],[-110.64,-52.701],[-110.041,-52.974],[-110.443,-53.344],[-110.851,-53.712],[-111.267,-54.078],[-111.69,-54.444],[-112.364,-54.138],[-113.028,-53.828],[-113.473,-54.187],[-113.927,-54.544],[-114.388,-54.9],[-114.857,-55.253],[-115.335,-55.605],[-115.821,-55.955],[-116.484,-55.69],[-117.138,-55.421],[-117.784,-55.149],[-118.42,-54.873],[-119.048,-54.594],[-119.667,-54.312],[-120.277,-54.027],[-120.756,-54.313],[-121.242,-54.597],[-121.734,-54.88],[-122.385,-54.614],[-123.027,-54.345],[-123.661,-54.072],[-124.287,-53.797],[-124.904,-53.518],[-125.513,-53.235],[-126.114,-52.95],[-126.707,-52.662],[-127.293,-52.371],[-127.85,-52.707],[-128.416,-53.041],[-128.99,-53.372],[-129.574,-53.701],[-130.166,-54.026],[-130.768,-54.349],[-131.379,-54.668],[-132.0,-54.984],[-132.631,-55.297],[-133.272,-55.607],[-133.949,-55.315],[-134.616,-55.02],[-135.273,-54.721],[-135.92,-54.419],[-136.558,-54.113],[-137.187,-53.804],[-137.763,-54.17],[-138.349,-54.535],[-138.947,-54.896],[-139.554,-55.254],[-140.173,-55.609],[-140.804,-55.961],[-141.445,-56.31],[-142.099,-56.656],[-142.764,-56.998],[-143.442,-57.336],[-143.789,-57.127],[-144.133,-56.917],[-144.588,-57.178],[-145.05,-57.437],[-145.518,-57.695],[-145.159,-57.914],[-144.795,-58.133],[-145.539,-58.429],[-146.296,-58.72],[-147.065,-59.007],[-147.847,-59.289],[-148.642,-59.566],[-149.45,-59.838],[-150.272,-60.106],[-150.786,-59.837],[-151.293,-59.565],[-151.791,-59.292],[-152.405,-59.538],[-153.029,-59.78],[-153.661,-60.02],[-154.136,-59.748],[-154.604,-59.474],[-155.308,-59.748],[-156.023,-60.019],[-156.751,-60.286],[-157.352,-59.948],[-157.942,-59.608],[-158.65,-59.885],[-159.37,-60.158],[-160.101,-60.427],[-160.845,-60.692],[-161.601,-60.953],[-162.369,-61.21],[-162.989,-60.882],[-163.596,-60.551],[-164.362,-60.787],[-165.138,-61.018],[-165.926,-61.244],[-165.635,-61.489],[-166.254,-61.733],[-166.882,-61.974],[-167.52,-62.213],[-167.793,-62.068],[-168.747,-62.287],[-169.715,-62.5],[-170.453,-62.646],[-171.198,-62.788],[-171.95,-62.927],[-172.846,-62.744],[-173.731,-62.556],[-174.605,-62.362],[-175.467,-62.163],[-176.318,-61.959],[-177.157,-61.749],[-177.985,-61.535],[-178.801,-61.315]]}},{"type":"Feature","properties":{"boundary_type":"ridge","feature_type":"gpml:MidOceanRidge","polarity":null,"overriding_plate_id":null,"subducting_plate_id":null,"plate_ids":[801,901],"name":"Marie Byrd Land-Pacific MOR NW15"},"geometry":{"type":"LineString","coordinates":[[-178.801,-61.315],[-179.636,-61.082],[179.542,-60.844],[178.732,-60.601],[177.934,-60.354],[177.148,-60.101]]}},{"type":"Feature","properties":{"boundary_type":"ridge","feature_type":"gpml:MidOceanRidge","polarity":null,"overriding_plate_id":null,"subducting_plate_id":null,"plate_ids":[901,902],"name":"Pacific-Farallon MOR NW15"},"geometry":{"type":"LineString","coordinates":[[-103.316,-5.631],[-103.264,-6.038],[-103.212,-6.446],[-103.159,-6.925],[-103.106,-7.404],[-103.052,-7.883],[-102.999,-8.362],[-102.945,-8.842],[-102.892,-9.321],[-102.838,-9.8],[-102.784,-10.279],[-102.73,-10.758],[-102.676,-11.237],[-102.621,-11.717],[-102.566,-12.196],[-102.512,-12.675],[-102.456,-13.154],[-102.401,-13.633],[-102.346,-14.112],[-102.833,-14.196],[-103.32,-14.278],[-103.807,-14.36],[-104.295,-14.44],[-104.783,-14.52],[-105.272,-14.598],[-105.761,-14.676],[-106.25,-14.752],[-106.74,-14.828],[-107.23,-14.902],[-107.72,-14.975],[-108.211,-15.048],[-108.702,-15.119],[-109.193,-15.189],[-109.685,-15.258],[-110.177,-15.326],[-110.669,-15.393],[-110.69,-15.857],[-110.711,-16.321],[-110.731,-16.785],[-110.752,-17.249],[-110.774,-17.713],[-110.795,-18.176],[-110.816,-18.64],[-110.838,-19.104],[-110.859,-19.568],[-110.881,-20.032],[-110.903,-20.496],[-110.925,-20.959],[-110.947,-21.423],[-111.418,-21.493],[-111.889,-21.561],[-112.361,-21.627],[-112.834,-21.693],[-113.306,-21.757],[-113.183,-22.213],[-113.059,-22.67],[-112.934,-23.127],[-112.809,-23.583],[-112.682,-24.04],[-112.555,-24.496],[-112.427,-24.952],[-112.95,-25.044],[-113.473,-25.133],[-113.998,-25.221],[-114.523,-25.307],[-115.049,-25.392],[-114.997,-25.875],[-114.945,-26.359],[-114.892,-26.842],[-114.839,-27.325],[-114.785,-27.809],[-114.731,-28.292],[-114.676,-28.775],[-114.62,-29.259],[-114.565,-29.742],[-114.508,-30.225],[-114.451,-30.709],[-114.394,-31.192],[-114.336,-31.675],[-114.277,-32.158],[-114.218,-32.641],[-114.158,-33.124],[-114.097,-33.608],[-114.036,-34.091],[-113.974,-34.574],[-113.911,-35.057],[-113.848,-35.54],[-113.783,-36.023],[-113.718,-36.505],[-113.652,-36.988],[-113.586,-37.471],[-113.07,-37.391],[-112.556,-37.309],[-112.043,-37.225],[-111.532,-37.138],[-111.021,-37.049],[-110.545,-36.993],[-110.069,-36.934],[-109.594,-36.874],[-109.523,-37.34],[-109.452,-37.807],[-109.379,-38.273],[-109.305,-38.74],[-109.231,-39.206],[-109.155,-39.672],[-109.079,-40.138],[-109.001,-40.605],[-108.922,-41.071],[-108.842,-41.537],[-108.761,-42.003],[-108.679,-42.469],[-108.596,-42.935],[-108.511,-43.401],[-107.958,-43.339],[-107.405,-43.275],[-106.854,-43.208],[-106.304,-43.138],[-106.153,-43.581],[-106.0,-44.023],[-105.844,-44.466],[-105.686,-44.908],[-105.525,-45.349],[-105.362,-45.791],[-105.196,-46.232],[-105.028,-46.673],[-104.857,-47.114],[-104.683,-47.555],[-104.506,-47.995],[-104.5,-48.014]]}},{"type":"Feature","properties":{"boundary_type":"ridge","feature_type":"gpml:MidOceanRidge","polarity":null,"overriding_plate_id":null,"subducting_plate_id":null,"plate_ids":[901],"name":"Pacific-Farallon MOR NW15"},"geometry":{"type":"LineString","coordinates":[[-104.5,-48.014],[-104.481,-48.075]]}},{"type":"Feature","properties":{"boundary_type":"ridge","feature_type":"gpml:MidOceanRidge","polarity":null,"overriding_plate_id":null,"subducting_plate_id":null,"plate_ids":[901,902],"name":"Pacific-Farallon MOR NW15"},"geometry":{"type":"LineString","coordinates":[[-105.936,12.839],[-105.915,12.627],[-105.862,12.143],[-105.81,11.659],[-105.759,11.175],[-105.707,10.691],[-105.656,10.206],[-105.604,9.722],[-105.553,9.238],[-105.502,8.754],[-105.451,8.27],[-105.401,7.785],[-105.35,7.301],[-105.3,6.817],[-105.249,6.333],[-105.199,5.849],[-105.149,5.364],[-105.099,4.88],[-105.049,4.396],[-104.999,3.912],[-104.949,3.427],[-104.899,2.943],[-104.849,2.459],[-105.3,2.409],[-105.752,2.359],[-106.203,2.309],[-106.655,2.259],[-107.106,2.209],[-107.558,2.158],[-108.009,2.107],[-108.461,2.057],[-108.912,2.006],[-109.363,1.955],[-109.278,1.467],[-109.194,0.979],[-109.109,0.492],[-109.025,0.004],[-108.94,-0.484],[-108.855,-0.971],[-108.771,-1.459],[-108.686,-1.947],[-108.601,-2.435],[-108.516,-2.922],[-108.432,-3.41],[-108.347,-3.898],[-108.262,-4.385],[-108.176,-4.873],[-108.091,-5.361],[-108.006,-5.848],[-107.92,-6.336],[-107.464,-6.268],[-107.008,-6.199],[-106.552,-6.13],[-106.096,-6.06],[-105.641,-5.991],[-105.185,-5.92],[-104.73,-5.85],[-104.274,-5.779],[-103.819,-5.708],[-103.364,-5.636],[-103.316,-5.631]]}},{"type":"Feature","properties":{"boundary_type":"ridge","feature_type":"gpml:MidOceanRidge","polarity":null,"overriding_plate_id":null,"subducting_plate_id":null,"plate_ids":[901,903],"name":"Pacific-Farallon MOR NW15"},"geometry":{"type":"LineString","coordinates":[[-105.814,35.789],[-105.825,35.336],[-105.836,34.884],[-105.847,34.431],[-105.299,34.419],[-104.751,34.404],[-104.203,34.387],[-103.656,34.368],[-103.108,34.346],[-103.076,33.943],[-103.076,33.575],[-103.028,33.294]]}},{"type":"Feature","properties":{"boundary_type":"ridge","feature_type":"gpml:MidOceanRidge","polarity":null,"overriding_plate_id":null,"subducting_plate_id":null,"plate_ids":[901,902],"name":"Pacific-Farallon MOR NW15"},"geometry":{"type":"LineString","coordinates":[[-103.028,33.294],[-103.025,33.279],[-102.977,33.137],[-102.917,32.951],[-102.691,32.783],[-102.503,32.644],[-102.446,32.468],[-102.398,32.315],[-102.378,32.194],[-102.366,32.029],[-102.375,31.89],[-102.382,31.696],[-102.378,31.405],[-102.434,31.26],[-102.571,31.148],[-102.694,30.681],[-102.71,30.329],[-102.742,30.005],[-102.753,29.679],[-102.758,29.37],[-102.762,29.06],[-103.266,29.025],[-103.77,28.988],[-104.273,28.949],[-104.776,28.908],[-105.279,28.866],[-105.781,28.821],[-105.727,28.326],[-105.673,27.83],[-105.619,27.334],[-105.567,26.839],[-106.106,26.793],[-106.645,26.745],[-107.184,26.695],[-107.722,26.643],[-108.26,26.589],[-108.797,26.533],[-108.719,26.073],[-108.641,25.614],[-108.564,25.155],[-108.487,24.695],[-108.411,24.236],[-108.336,23.776],[-108.261,23.317],[-108.187,22.857],[-108.113,22.398],[-108.039,21.938],[-107.966,21.479],[-107.894,21.019],[-107.379,21.052],[-106.863,21.084],[-106.348,21.115],[-105.832,21.143],[-105.316,21.171],[-104.8,21.196],[-104.283,21.22],[-103.767,21.243],[-103.25,21.264],[-102.733,21.283],[-102.216,21.301],[-102.154,20.925],[-102.092,20.549],[-102.03,20.173],[-101.928,19.89],[-101.825,19.608],[-101.676,19.157],[-101.513,18.84],[-101.344,18.466],[-101.209,18.167],[-101.073,17.881],[-100.946,17.639],[-100.842,17.442],[-100.619,17.06],[-100.36,16.732],[-100.19,16.515],[-100.05,16.313],[-99.898,16.057],[-99.73,15.768],[-99.586,15.462],[-99.523,15.137],[-99.458,14.816],[-99.423,14.426],[-99.401,14.075],[-99.358,13.739],[-99.865,13.676],[-100.371,13.611],[-100.878,13.546],[-101.384,13.48],[-101.89,13.413],[-102.396,13.345],[-102.901,13.276],[-103.406,13.206],[-103.911,13.135],[-104.416,13.063],[-104.92,12.989],[-105.424,12.915],[-105.927,12.84],[-105.936,12.839]]}},{"type":"Feature","properties":{"boundary_type":"ridge","feature_type":"gpml:MidOceanRidge","polarity":null,"overriding_plate_id":null,"subducting_plate_id":null,"plate_ids":[901,903],"name":"Pacific-Vancouver MOR NW15"},"geometry":{"type":"LineString","coordinates":[[-113.198,55.501],[-113.306,55.132],[-113.413,54.763],[-113.518,54.394],[-114.292,54.412],[-114.381,54.074],[-114.468,53.737],[-114.553,53.399],[-115.089,53.352],[-115.224,52.948],[-115.356,52.544],[-115.486,52.139],[-116.226,52.245],[-116.97,52.346],[-117.717,52.442],[-117.915,51.999],[-118.11,51.555],[-118.301,51.111],[-118.488,50.667],[-118.671,50.223],[-118.852,49.778],[-119.029,49.333],[-119.202,48.888],[-118.49,48.755],[-117.781,48.618],[-117.076,48.476],[-117.211,47.986],[-117.343,47.495],[-117.472,47.005],[-117.6,46.514],[-117.724,46.023],[-117.847,45.532],[-117.968,45.041],[-117.481,44.978],[-116.996,44.913],[-117.097,44.424],[-116.524,44.346],[-115.951,44.264],[-115.381,44.18],[-115.473,43.74],[-115.564,43.3],[-115.654,42.86],[-115.742,42.42],[-115.829,41.98],[-115.915,41.54],[-116.0,41.1],[-116.084,40.66],[-116.166,40.219],[-116.78,40.264],[-117.395,40.305],[-118.01,40.342],[-118.06,39.877],[-118.11,39.412],[-118.159,38.946],[-118.207,38.481],[-118.255,38.015],[-118.302,37.55],[-118.348,37.084],[-118.394,36.619],[-117.827,36.61],[-117.26,36.6],[-116.693,36.586],[-116.126,36.57],[-115.559,36.551],[-114.993,36.529],[-114.427,36.505],[-113.807,36.475],[-113.188,36.441],[-112.569,36.404],[-111.951,36.364],[-111.334,36.32],[-110.717,36.274],[-110.101,36.224],[-109.486,36.172],[-108.871,36.116],[-108.258,36.057],[-107.645,35.994],[-107.034,35.929],[-106.423,35.861],[-105.814,35.789]]}},{"type":"Feature","properties":{"boundary_type":"ridge","feature_type":"gpml:MidOceanRidge","polarity":null,"overriding_plate_id":null,"subducting_plate_id":null,"plate_ids":[902,904],"name":"Aluk-Farallon MOR NW15"},"geometry":{"type":"LineString","coordinates":[[-88.83,-58.291],[-87.914,-58.195],[-87.002,-58.092],[-86.095,-57.982],[-85.195,-57.866],[-84.3,-57.744],[-83.411,-57.615],[-82.529,-57.481],[-81.653,-57.34],[-80.785,-57.193],[-79.923,-57.04],[-79.068,-56.881],[-78.221,-56.717],[-77.382,-56.547],[-76.55,-56.371],[-75.725,-56.19],[-74.909,-56.003],[-74.1,-55.811],[-73.3,-55.614]]}},{"type":"Feature","properties":{"boundary_type":"ridge","feature_type":"gpml:MidOceanRidge","polarity":null,"overriding_plate_id":null,"subducting_plate_id":null,"plate_ids":[304,317],"name":"MOR-IB-EUR"},"geometry":{"type":"LineString","coordinates":[[-5.354,34.937],[-5.731,34.93],[-6.109,34.923],[-6.521,34.919],[-6.933,34.913],[-7.329,34.993],[-7.725,35.071],[-8.101,35.067],[-8.477,35.062],[-8.805,35.084],[-9.133,35.106],[-9.602,35.069],[-10.071,35.03],[-10.54,34.989],[-11.008,34.947],[-11.43,34.96],[-11.851,34.972],[-12.273,34.983]]}},{"type":"Feature","properties":{"boundary_type":"ridge","feature_type":"gpml:MidOceanRidge","polarity":null,"overriding_plate_id":null,"subducting_plate_id":null,"plate_ids":[304,701],"name":"SouthernIberia"},"geometry":{"type":"LineString","coordinates":[[-5.556,25.145],[-5.675,25.11],[-6.19,25.232],[-6.705,25.353],[-7.222,25.471],[-7.74,25.588],[-8.259,25.704],[-8.779,25.817],[-9.3,25.928],[-9.822,26.038],[-10.345,26.146],[-10.869,26.252],[-11.394,26.356],[-11.92,26.458],[-12.446,26.558],[-12.974,26.656],[-13.503,26.752],[-14.032,26.846],[-14.562,26.939],[-15.047,27.072],[-15.533,27.203],[-16.02,27.333],[-16.509,27.461],[-16.998,27.588],[-17.489,27.713],[-17.981,27.836],[-18.473,27.957],[-18.967,28.076],[-19.462,28.194]]}},{"type":"Feature","properties":{"boundary_type":"other","feature_type":"gpml:UnclassifiedFeature","polarity":null,"overriding_plate_id":null,"subducting_plate_id":null,"plate_ids":[304,317],"name":"Late_Iberia-Por_Bound"},"geometry":{"type":"LineString","coordinates":[[-12.273,34.983],[-12.539,34.645],[-12.803,34.307],[-13.057,33.912],[-13.307,33.517],[-13.587,33.289],[-13.864,33.059],[-14.003,32.783],[-14.142,32.506]]}},{"type":"Feature","properties":{"boundary_type":"subduction","feature_type":"gpml:SubductionZone","polarity":"Left","overriding_plate_id":861,"subducting_plate_id":861,"plate_ids":[861,861],"name":"SE/NE dipping subduction along d'Entrecasteaux"},"geometry":{"type":"LineString","coordinates":[[175.525,-20.791],[175.173,-20.914],[174.69,-21.119],[174.329,-21.275],[173.967,-21.429],[173.679,-21.637],[173.39,-21.845],[173.102,-22.002],[172.814,-22.158],[172.552,-22.368],[172.288,-22.577],[171.859,-22.787],[171.43,-22.997],[171.059,-23.178],[170.688,-23.358],[170.315,-23.538],[169.887,-23.827],[169.457,-24.115],[169.072,-24.31],[168.686,-24.504],[168.43,-24.651],[168.174,-24.797],[167.919,-24.943],[167.663,-25.09],[167.411,-25.332],[167.158,-25.574],[166.967,-25.926],[166.775,-26.279],[166.582,-26.631],[166.55,-27.06],[166.518,-27.489],[166.783,-27.864],[166.903,-28.079]]}},{"type":"Feature","properties":{"boundary_type":"ridge","feature_type":"gpml:MidOceanRidge","polarity":null,"overriding_plate_id":null,"subducting_plate_id":null,"plate_ids":[922,9923],"name":"MOR Late K South Loyalty Basin"},"geometry":{"type":"LineString","coordinates":[[147.562,-9.973],[147.94,-10.3],[148.318,-10.626],[148.697,-10.952],[149.077,-11.277],[149.458,-11.602],[149.84,-11.927],[150.223,-12.251],[150.606,-12.574],[150.991,-12.897],[151.376,-13.219],[151.763,-13.541],[152.151,-13.862],[152.539,-14.183],[152.788,-13.846],[153.037,-13.509],[153.284,-13.172],[153.531,-12.835],[153.942,-13.12],[154.354,-13.405],[154.767,-13.689],[155.181,-13.972],[155.596,-14.255],[156.012,-14.537],[156.429,-14.818],[156.848,-15.098],[157.267,-15.378],[157.688,-15.657],[158.109,-15.934],[158.532,-16.212],[158.956,-16.488],[159.381,-16.763],[159.808,-17.038],[160.075,-16.717],[160.341,-16.396],[160.607,-16.074],[160.872,-15.752],[161.136,-15.429],[161.564,-15.701],[161.994,-15.971],[162.425,-16.241],[162.857,-16.51],[163.29,-16.777],[163.672,-17.041],[164.054,-17.304],[164.437,-17.566],[164.822,-17.828],[165.208,-18.089],[165.595,-18.349]]}},{"type":"Feature","properties":{"boundary_type":"ridge","feature_type":"gpml:MidOceanRidge","polarity":null,"overriding_plate_id":null,"subducting_plate_id":null,"plate_ids":[861,922],"name":"MOR Late K South Loyalty Basin"},"geometry":{"type":"LineString","coordinates":[[165.595,-18.349],[165.679,-18.405],[166.053,-18.654],[166.429,-18.903],[166.805,-19.151]]}},{"type":"Feature","properties":{"boundary_type":"ridge","feature_type":"gpml:MidOceanRidge","polarity":null,"overriding_plate_id":null,"subducting_plate_id":null,"plate_ids":[801,861],"name":"Laperouse East/Laperouse West MOR"},"geometry":{"type":"LineString","coordinates":[[162.556,-30.887],[162.446,-30.41],[162.338,-29.933],[162.23,-29.457],[162.124,-28.98],[162.018,-28.502],[161.914,-28.025],[161.951,-27.577],[161.987,-27.13],[162.024,-26.682],[162.06,-26.234],[162.095,-25.786],[162.131,-25.338],[162.166,-24.89],[162.201,-24.442],[162.474,-24.568],[162.747,-24.694],[162.826,-24.264],[162.904,-23.834],[162.982,-23.404],[163.06,-22.975],[163.551,-23.063],[163.607,-22.837]]}},{"type":"Feature","properties":{"boundary_type":"ridge","feature_type":"gpml:MidOceanRidge","polarity":null,"overriding_plate_id":null,"subducting_plate_id":null,"plate_ids":[861,9923],"name":"Laperouse East/Laperouse West MOR"},"geometry":{"type":"LineString","coordinates":[[163.607,-22.837],[163.715,-22.396],[163.823,-21.955],[163.93,-21.514],[164.036,-21.073],[164.324,-21.299],[164.614,-21.524],[164.756,-21.071],[164.898,-20.617],[165.039,-20.164],[165.179,-19.71],[165.318,-19.257],[165.457,-18.803],[165.595,-18.349]]}},{"type":"Feature","properties":{"boundary_type":"ridge","feature_type":"gpml:MidOceanRidge","polarity":null,"overriding_plate_id":null,"subducting_plate_id":null,"plate_ids":[861,922],"name":"Melanesian Basin MOR"},"geometry":{"type":"LineString","coordinates":[[174.705,-18.89],[174.179,-18.918],[173.653,-18.944],[173.127,-18.969],[172.601,-18.992],[172.074,-19.014],[171.548,-19.034],[171.021,-19.053],[170.495,-19.071],[169.968,-19.087],[169.441,-19.101],[168.914,-19.114],[168.387,-19.125],[167.86,-19.135],[167.332,-19.144],[166.805,-19.151]]}},{"type":"Feature","properties":{"boundary_type":"transform","feature_type":"gpml:Transform","polarity":null,"overriding_plate_id":null,"subducting_plate_id":null,"plate_ids":[801,861],"name":"New Caledonian Transform"},"geometry":{"type":"LineString","coordinates":[[167.116,-27.934],[166.903,-28.079]]}},{"type":"Feature","properties":{"boundary_type":"transform","feature_type":"gpml:Transform","polarity":null,"overriding_plate_id":null,"subducting_plate_id":null,"plate_ids":[801,861],"name":"New Caledonian Transform"},"geometry":{"type":"LineString","coordinates":[[166.903,-28.079],[166.479,-28.366],[166.053,-28.651],[165.624,-28.936],[165.193,-29.219],[164.76,-29.5],[164.324,-29.781],[163.886,-30.06],[163.445,-30.337],[163.002,-30.613],[162.556,-30.887]]}},{"type":"Feature","properties":{"boundary_type":"transform","feature_type":"gpml:Transform","polarity":null,"overriding_plate_id":null,"subducting_plate_id":null,"plate_ids":[801,9923],"name":"Sepik Transform"},"geometry":{"type":"LineString","coordinates":[[163.607,-22.837],[163.186,-22.522],[162.767,-22.207],[162.349,-21.89],[161.934,-21.572],[161.52,-21.254],[161.108,-20.934],[160.698,-20.613],[160.29,-20.291],[159.883,-19.969],[159.504,-20.26],[159.123,-20.551],[158.74,-20.842],[158.356,-21.131],[157.971,-21.419]]}},{"type":"Feature","properties":{"boundary_type":"subduction","feature_type":"gpml:SubductionZone","polarity":"Right","overriding_plate_id":819,"subducting_plate_id":904,"plate_ids":[819,904],"name":"South America trench taken from COB file"},"geometry":{"type":"LineString","coordinates":[[-65.895,-62.742],[-65.951,-62.727],[-66.29,-62.609],[-66.585,-62.516],[-66.942,-62.415],[-67.305,-62.304],[-67.661,-62.182],[-68.058,-62.056],[-68.811,-61.79],[-69.312,-61.576],[-69.805,-61.36],[-69.783,-61.336],[-69.845,-61.308],[-70.101,-61.168],[-70.216,-61.071],[-70.398,-60.934],[-70.711,-60.692],[-70.916,-60.535],[-71.123,-60.34],[-71.489,-60.186],[-72.092,-59.959],[-72.358,-59.881],[-72.835,-59.681],[-73.073,-59.432],[-73.307,-59.182],[-73.505,-58.704],[-73.697,-58.226],[-73.762,-57.937],[-73.827,-57.647],[-73.85,-57.371],[-73.874,-57.095],[-73.833,-56.81],[-73.792,-56.525],[-73.621,-56.214],[-73.453,-55.901]]}},{"type":"Feature","properties":{"boundary_type":"subduction","feature_type":"gpml:SubductionZone","polarity":"Right","overriding_plate_id":201,"subducting_plate_id":904,"plate_ids":[201,904],"name":"South America trench taken from COB file"},"geometry":{"type":"LineString","coordinates":[[-73.453,-55.901],[-73.3,-55.614]]}},{"type":"Feature","properties":{"boundary_type":"subduction","feature_type":"gpml:SubductionZone","polarity":"Right","overriding_plate_id":201,"subducting_plate_id":902,"plate_ids":[201,902],"name":"South America trench taken from COB file"},"geometry":{"type":"LineString","coordinates":[[-73.3,-55.614],[-73.145,-55.317],[-73.124,-54.939],[-73.103,-54.56],[-73.144,-54.19],[-73.184,-53.819],[-72.908,-53.382],[-72.639,-52.945],[-72.125,-52.713],[-71.617,-52.478],[-70.888,-52.365],[-70.637,-51.941],[-70.384,-51.597],[-70.233,-51.346],[-70.084,-51.094],[-69.969,-50.786],[-69.973,-50.564],[-70.014,-50.292],[-70.021,-50.042],[-70.032,-49.699],[-69.806,-49.376],[-69.605,-49.028],[-69.472,-48.81],[-69.238,-48.442],[-69.149,-48.23],[-69.029,-47.974],[-68.924,-47.734],[-68.776,-47.399],[-68.631,-47.064],[-68.487,-46.729],[-68.375,-46.409],[-68.26,-46.154],[-68.146,-45.899],[-68.022,-45.604],[-67.972,-45.338],[-67.922,-45.072],[-67.876,-44.842],[-67.686,-44.465],[-67.474,-44.074],[-67.339,-43.841],[-67.205,-43.608],[-67.078,-43.135],[-66.873,-42.713],[-66.663,-42.37],[-66.455,-42.026],[-66.25,-41.682],[-66.046,-41.337],[-65.762,-40.964],[-65.482,-40.589],[-65.204,-40.215],[-64.93,-39.839],[-64.659,-39.463],[-64.39,-39.086],[-64.125,-38.709],[-63.975,-38.239],[-63.828,-37.768],[-63.683,-37.298],[-63.539,-36.827],[-63.397,-36.357],[-63.257,-35.886],[-63.118,-35.415],[-62.982,-34.944],[-62.846,-34.472],[-62.655,-34.09],[-62.466,-33.708],[-62.278,-33.326],[-62.092,-32.944],[-61.908,-32.561],[-61.783,-32.109],[-61.66,-31.657],[-61.538,-31.204],[-61.416,-30.752],[-61.297,-30.3],[-61.178,-29.847],[-61.06,-29.395],[-60.943,-28.942],[-60.847,-28.537],[-60.752,-28.132],[-60.658,-27.728],[-60.699,-27.286],[-60.74,-26.845],[-60.705,-26.504],[-60.67,-26.164],[-60.787,-25.727],[-60.903,-25.29],[-61.149,-24.846],[-61.394,-24.402],[-61.7,-24.04],[-62.004,-23.677],[-62.306,-23.314],[-62.606,-22.95],[-62.905,-22.586],[-63.349,-22.323],[-63.792,-22.06],[-64.102,-21.692],[-64.41,-21.323],[-64.717,-20.955],[-65.022,-20.585],[-65.326,-20.215],[-65.628,-19.844],[-65.929,-19.473],[-66.229,-19.102],[-66.527,-18.73],[-66.732,-18.31],[-66.936,-17.89],[-67.139,-17.47],[-67.342,-17.049],[-67.543,-16.629],[-67.743,-16.208],[-67.943,-15.787],[-68.142,-15.365],[-68.34,-14.944],[-68.537,-14.523],[-68.733,-14.101],[-68.854,-13.633],[-68.975,-13.164],[-69.095,-12.696],[-69.215,-12.228],[-69.334,-11.759],[-69.453,-11.291],[-69.571,-10.822],[-69.689,-10.353],[-69.568,-9.875],[-69.448,-9.397],[-69.327,-8.919],[-69.207,-8.441],[-69.088,-7.963],[-68.968,-7.484],[-68.903,-7.207],[-68.85,-6.956],[-68.767,-6.681],[-68.692,-6.396]]}},{"type":"Feature","properties":{"boundary_type":"subduction","feature_type":"gpml:SubductionZone","polarity":"Right","overriding_plate_id":201,"subducting_plate_id":224,"plate_ids":[201,224],"name":"South America trench taken from COB file"},"geometry":{"type":"LineString","coordinates":[[-68.692,-6.396],[-68.671,-6.315],[-68.606,-6.112],[-68.555,-5.869],[-68.394,-5.494],[-68.257,-5.161],[-68.102,-4.896],[-67.861,-4.475],[-67.688,-4.138],[-67.501,-3.84],[-67.275,-3.455],[-67.013,-3.139],[-66.77,-2.829],[-66.598,-2.64],[-66.31,-2.327],[-65.989,-1.982],[-65.686,-1.69],[-65.433,-1.511],[-65.185,-1.22],[-65.002,-1.078],[-64.929,-0.793],[-64.661,-0.451],[-64.393,-0.108],[-64.383,-0.101],[-64.347,-0.032],[-64.321,0.167],[-64.296,0.366],[-64.318,0.617],[-64.362,0.843],[-64.476,1.16],[-64.559,1.299],[-64.644,1.557],[-64.658,1.571]]}},{"type":"Feature","properties":{"boundary_type":"subduction","feature_type":"gpml:SubductionZone","polarity":"Right","overriding_plate_id":201,"subducting_plate_id":224,"plate_ids":[201,224],"name":"TBD"},"geometry":{"type":"LineString","coordinates":[[-64.658,1.571],[-64.613,1.971],[-64.568,2.372],[-64.523,2.773],[-64.234,3.079],[-63.945,3.384],[-63.656,3.69],[-63.367,3.995],[-63.077,4.308],[-62.787,4.622],[-62.497,4.935],[-62.206,5.248],[-61.915,5.56],[-61.624,5.873],[-61.319,6.126],[-61.014,6.378],[-60.709,6.63]]}},{"type":"Feature","properties":{"boundary_type":"subduction","feature_type":"gpml:SubductionZone","polarity":"Left","overriding_plate_id":802,"subducting_plate_id":201,"plate_ids":[201,802],"name":"Endurance Collision Zone"},"geometry":{"type":"LineString","coordinates":[[-62.7,-67.075],[-61.849,-66.976]]}},{"type":"Feature","properties":{"boundary_type":"subduction","feature_type":"gpml:SubductionZone","polarity":"Left","overriding_plate_id":818,"subducting_plate_id":201,"plate_ids":[201,818],"name":"Endurance Collision Zone"},"geometry":{"type":"LineString","coordinates":[[-61.849,-66.976],[-61.013,-66.875],[-60.015,-66.743],[-59.028,-66.604],[-58.051,-66.46],[-57.087,-66.31],[-56.133,-66.153],[-55.343,-66.052],[-54.559,-65.946],[-53.782,-65.836],[-52.761,-65.635],[-51.755,-65.426],[-50.765,-65.212],[-49.792,-64.991]]}},{"type":"Feature","properties":{"boundary_type":"ridge","feature_type":"gpml:MidOceanRidge","polarity":null,"overriding_plate_id":null,"subducting_plate_id":null,"plate_ids":[802,818],"name":"MOR"},"geometry":{"type":"LineString","coordinates":[[-63.963,-63.88],[-64.994,-63.88],[-66.025,-63.872],[-66.151,-64.184],[-66.28,-64.496],[-66.479,-64.918],[-66.499,-65.313],[-66.121,-65.609],[-65.733,-65.905],[-65.122,-66.128],[-64.499,-66.348],[-63.775,-66.504],[-63.042,-66.656],[-62.106,-66.889],[-61.849,-66.976]]}},{"type":"Feature","properties":{"boundary_type":"subduction","feature_type":"gpml:SubductionZone","polarity":"Right","overriding_plate_id":802,"subducting_plate_id":904,"plate_ids":[802,904],"name":"Antarctic-Aluk subduction zone"},"geometry":{"type":"LineString","coordinates":[[-70.759,-63.35],[-70.545,-63.297],[-69.718,-63.21],[-68.896,-63.118],[-68.079,-63.02],[-67.268,-62.919],[-66.822,-62.863]]}},{"type":"Feature","properties":{"boundary_type":"subduction","feature_type":"gpml:SubductionZone","polarity":"Right","overriding_plate_id":819,"subducting_plate_id":904,"plate_ids":[819,904],"name":"Antarctic-Aluk subduction zone"},"geometry":{"type":"LineString","coordinates":[[-66.822,-62.863],[-65.895,-62.742]]}},{"type":"Feature","properties":{"boundary_type":"ridge","feature_type":"gpml:MidOceanRidge","polarity":null,"overriding_plate_id":null,"subducting_plate_id":null,"plate_ids":[818,819],"name":"MOR in Dove Basin NW15"},"geometry":{"type":"LineString","coordinates":[[-55.674,-62.96],[-56.285,-63.238],[-56.683,-63.468],[-57.087,-63.697],[-57.538,-64.046],[-57.999,-64.393],[-58.731,-64.347],[-59.461,-64.296],[-59.975,-64.58],[-60.926,-64.434],[-61.866,-64.283],[-62.796,-64.126],[-63.715,-63.963],[-63.963,-63.88]]}},{"type":"Feature","properties":{"boundary_type":"ridge","feature_type":"gpml:MidOceanRidge","polarity":null,"overriding_plate_id":null,"subducting_plate_id":null,"plate_ids":[802,819],"name":"MOR in Dove Basin NW15"},"geometry":{"type":"LineString","coordinates":[[-63.963,-63.88],[-64.697,-63.631],[-65.418,-63.379],[-66.126,-63.123],[-66.822,-62.863]]}},{"type":"Feature","properties":{"boundary_type":"transform","feature_type":"gpml:Transform","polarity":null,"overriding_plate_id":null,"subducting_plate_id":null,"plate_ids":[201,819],"name":"Burdwood transform duplicate for closure"},"geometry":{"type":"LineString","coordinates":[[-67.641,-59.532],[-67.52,-59.639],[-66.786,-59.873],[-66.042,-60.102],[-65.288,-60.327],[-64.524,-60.548],[-63.749,-60.764],[-62.919,-60.974],[-62.079,-61.179],[-61.227,-61.379],[-60.365,-61.573],[-59.582,-61.811],[-58.787,-62.044],[-57.98,-62.273],[-57.237,-62.501],[-56.483,-62.724],[-55.718,-62.943],[-55.674,-62.96]]}},{"type":"Feature","properties":{"boundary_type":"transform","feature_type":"gpml:Transform","polarity":null,"overriding_plate_id":null,"subducting_plate_id":null,"plate_ids":[201,818],"name":"Burdwood transform duplicate for closure"},"geometry":{"type":"LineString","coordinates":[[-55.674,-62.96],[-54.987,-63.22],[-54.288,-63.477],[-53.575,-63.73],[-52.851,-63.98],[-52.167,-64.193],[-51.474,-64.404],[-50.769,-64.611],[-50.284,-64.801],[-49.792,-64.991]]}},{"type":"Feature","properties":{"boundary_type":"transform","feature_type":"gpml:Transform","polarity":null,"overriding_plate_id":null,"subducting_plate_id":null,"plate_ids":[201,819],"name":"NORTH SCOTIA RIDGE TRANSFORM FAULT"},"geometry":{"type":"LineString","coordinates":[[-67.641,-59.532],[-68.098,-59.371],[-68.551,-59.209],[-69.14,-58.871],[-69.718,-58.53],[-70.284,-58.186],[-70.95,-57.856],[-71.605,-57.523],[-72.082,-57.12],[-72.549,-56.716],[-73.006,-56.309],[-73.453,-55.901]]}},{"type":"Feature","properties":{"boundary_type":"ridge","feature_type":"gpml:MidOceanRidge","polarity":null,"overriding_plate_id":null,"subducting_plate_id":null,"plate_ids":[701,802],"name":"South America-Antarctica MOR based on c21o"},"geometry":{"type":"LineString","coordinates":[[3.228,-65.401],[2.612,-65.366],[1.997,-65.328]]}},{"type":"Feature","properties":{"boundary_type":"ridge","feature_type":"gpml:MidOceanRidge","polarity":null,"overriding_plate_id":null,"subducting_plate_id":null,"plate_ids":[201,802],"name":"South America-Antarctica MOR based on c21o"},"geometry":{"type":"LineString","coordinates":[[1.997,-65.328],[1.203,-65.275],[0.411,-65.218],[-0.444,-65.142],[-1.294,-65.062],[-2.139,-64.976],[-2.498,-65.33],[-2.867,-65.682],[-3.917,-65.527],[-4.954,-65.365],[-5.405,-65.8],[-5.873,-66.234],[-6.927,-66.002],[-7.962,-65.762],[-8.234,-66.066],[-8.513,-66.37],[-9.586,-66.229],[-10.646,-66.081],[-11.695,-65.926],[-12.278,-66.365],[-12.882,-66.801],[-13.502,-66.704],[-13.945,-67.068],[-14.401,-67.431],[-15.076,-67.852],[-15.776,-68.271],[-16.929,-68.098],[-18.065,-67.917],[-18.652,-68.348],[-19.782,-68.267],[-20.214,-68.588],[-21.303,-68.43],[-22.377,-68.264],[-23.436,-68.092],[-24.478,-67.912],[-25.191,-68.26],[-26.279,-68.106],[-27.352,-67.945],[-28.41,-67.777],[-29.209,-68.111],[-30.032,-68.441],[-30.878,-68.767],[-31.72,-68.549],[-32.659,-68.843],[-33.624,-69.132],[-34.826,-68.925],[-36.006,-68.71],[-36.709,-68.959],[-37.428,-69.206],[-38.164,-69.45],[-38.852,-69.645],[-39.691,-69.397],[-40.775,-69.447],[-41.864,-69.491],[-42.957,-69.528],[-44.247,-69.516],[-45.535,-69.495],[-46.82,-69.464],[-48.1,-69.424],[-49.38,-69.374],[-50.652,-69.315],[-51.918,-69.247],[-53.174,-69.169],[-54.422,-69.083],[-55.659,-68.987],[-56.885,-68.882],[-57.642,-68.635],[-58.383,-68.384],[-59.107,-68.131],[-59.654,-68.278],[-60.445,-67.983],[-61.216,-67.684],[-61.968,-67.381],[-62.7,-67.075]]}},{"type":"Feature","properties":{"boundary_type":"ridge","feature_type":"gpml:MidOceanRidge","polarity":null,"overriding_plate_id":null,"subducting_plate_id":null,"plate_ids":[701,801],"name":"Ridge f iso A18 on IND at 40.1Ma"},"geometry":{"type":"LineString","coordinates":[[63.804,-34.288],[63.732,-33.821],[63.661,-33.354],[63.59,-32.887],[63.52,-32.42],[63.451,-31.953],[63.383,-31.486],[63.315,-31.019],[63.494,-30.555],[63.672,-30.09],[63.848,-29.626],[64.022,-29.161],[64.195,-28.696],[64.366,-28.231],[64.536,-27.765],[64.705,-27.3],[64.872,-26.834],[65.037,-26.368],[65.201,-25.902],[65.366,-25.793],[64.891,-25.554],[64.417,-25.313],[63.946,-25.071],[63.476,-24.827],[63.708,-24.413],[63.938,-23.998],[64.167,-23.582],[64.394,-23.167],[64.62,-22.751],[64.845,-22.334],[65.068,-21.918],[65.29,-21.501],[65.511,-21.084],[65.73,-20.666],[65.948,-20.249],[66.165,-19.831],[66.381,-19.412],[65.928,-19.175],[65.476,-18.937],[65.67,-18.578],[65.863,-18.219],[66.055,-17.859],[66.247,-17.499],[65.805,-17.283],[65.364,-17.065],[64.924,-16.846],[64.485,-16.627],[64.684,-16.235],[64.882,-15.842],[65.08,-15.449],[64.671,-15.24],[64.263,-15.03],[63.856,-14.819],[63.449,-14.607],[63.665,-14.156],[63.879,-13.705],[64.093,-13.254],[64.306,-12.802],[63.91,-12.636],[63.515,-12.469],[63.12,-12.301],[62.725,-12.133],[62.859,-11.781],[62.992,-11.428],[63.125,-11.076],[63.257,-10.723],[62.826,-10.551],[62.396,-10.378],[61.965,-10.205],[61.536,-10.032],[61.106,-9.857],[60.678,-9.683],[60.726,-9.418],[60.774,-9.153],[60.388,-8.879],[60.002,-8.604],[59.617,-8.329],[59.232,-8.054],[58.848,-7.778],[58.586,-7.533],[58.324,-7.288],[58.062,-7.043],[57.652,-6.91],[57.243,-6.777],[57.182,-6.453],[57.122,-6.128],[56.663,-5.939],[56.203,-5.749],[55.744,-5.559],[55.285,-5.368]]}},{"type":"Feature","properties":{"boundary_type":"ridge","feature_type":"gpml:MidOceanRidge","polarity":null,"overriding_plate_id":null,"subducting_plate_id":null,"plate_ids":[701,801],"name":"Ridge f iso A18 on AUS at 40.1Ma"},"geometry":{"type":"LineString","coordinates":[[63.804,-34.288],[64.136,-34.485],[64.47,-34.681],[64.79,-35.063],[65.114,-35.445],[65.44,-35.826],[65.769,-36.205],[66.102,-36.584],[66.472,-36.941],[66.846,-37.296]]}},{"type":"Feature","properties":{"boundary_type":"ridge","feature_type":"gpml:MidOceanRidge","polarity":null,"overriding_plate_id":null,"subducting_plate_id":null,"plate_ids":[801,802],"name":"Ridge f iso A18 on AUS at 40.1Ma"},"geometry":{"type":"LineString","coordinates":[[66.846,-37.296],[67.116,-37.55],[67.388,-37.804],[67.101,-38.047],[67.512,-38.324],[67.926,-38.6],[68.344,-38.875],[68.764,-39.147],[69.188,-39.419],[69.616,-39.689],[69.875,-39.47],[70.318,-39.726],[70.764,-39.98],[70.568,-40.215],[70.371,-40.449],[70.686,-40.738],[71.003,-41.026],[71.323,-41.313],[71.089,-41.618],[70.853,-41.923],[71.177,-42.217],[71.504,-42.51],[71.835,-42.801],[72.169,-43.093],[71.902,-43.411],[72.308,-43.736],[72.719,-44.06],[73.134,-44.382],[73.553,-44.702],[73.331,-45.003],[73.105,-45.303],[73.693,-45.522],[74.285,-45.738],[74.882,-45.951],[75.484,-46.161],[75.265,-46.553],[75.044,-46.945],[75.662,-47.178],[76.285,-47.407],[76.033,-47.759],[75.778,-48.111],[75.52,-48.462],[75.246,-48.894],[74.968,-49.326],[74.684,-49.757],[74.396,-50.187]]}},{"type":"Feature","properties":{"boundary_type":"subduction","feature_type":"gpml:SubductionZone","polarity":"Left","overriding_plate_id":301,"subducting_plate_id":609,"plate_ids":[301,609],"name":"Okinawa Trough (Ryuku) from EarthByte cob MG 4-20-07"},"geometry":{"type":"LineString","coordinates":[[120.492,28.742],[120.558,28.764],[120.995,28.957],[121.434,29.149],[121.875,29.34],[122.317,29.529],[122.76,29.716],[123.173,30.0],[123.588,30.283],[124.005,30.564],[124.425,30.844],[124.675,31.14],[124.927,31.436],[125.181,31.732],[125.356,32.161],[125.533,32.591],[125.712,33.02],[125.892,33.449],[126.074,33.877],[126.208,34.268],[126.343,34.658],[126.479,35.048],[126.616,35.438],[126.677,35.793],[126.739,36.148],[126.76,36.589],[126.78,37.03],[126.724,37.466],[126.667,37.903],[126.711,38.29],[126.756,38.678]]}},{"type":"Feature","properties":{"boundary_type":"subduction","feature_type":"gpml:SubductionZone","polarity":"Right","overriding_plate_id":null,"subducting_plate_id":null,"plate_ids":[304],"name":"Ligurian Subduction"},"geometry":{"type":"LineString","coordinates":[[9.96,34.459],[10.171,34.085],[10.38,33.711],[10.588,33.337],[10.794,32.963],[10.998,32.588]]}},{"type":"Feature","properties":{"boundary_type":"subduction","feature_type":"gpml:SubductionZone","polarity":"Right","overriding_plate_id":304,"subducting_plate_id":701,"plate_ids":[304,701],"name":"Ligurian Subduction"},"geometry":{"type":"LineString","coordinates":[[10.998,32.588],[10.878,32.265],[10.759,31.942],[10.642,31.619],[10.694,31.124],[10.745,30.629],[10.796,30.134],[10.846,29.639],[10.342,29.486],[9.839,29.33],[9.338,29.173],[8.838,29.014],[8.34,28.853],[7.844,28.69],[7.43,28.384],[7.019,28.076],[6.61,27.767],[6.203,27.457],[5.859,27.233],[5.516,27.008],[5.175,26.783],[4.835,26.556]]}},{"type":"Feature","properties":{"boundary_type":"subduction","feature_type":"gpml:SubductionZone","polarity":"Right","overriding_plate_id":328,"subducting_plate_id":701,"plate_ids":[328,701],"name":"Eastern Mediterranean Subduction"},"geometry":{"type":"LineString","coordinates":[[39.568,27.788],[39.082,27.715],[38.597,27.641],[38.113,27.565],[37.63,27.488],[37.147,27.409],[36.665,27.328],[36.183,27.245],[35.828,26.916],[35.474,26.586],[35.123,26.255],[34.791,25.94],[34.461,25.625],[34.132,25.309],[33.805,24.993],[33.48,24.675],[33.004,24.599],[32.528,24.521],[32.053,24.442],[31.578,24.362],[31.055,24.378],[30.533,24.393],[30.01,24.406],[29.48,24.383],[28.949,24.358],[28.419,24.331],[27.889,24.303],[27.36,24.272],[26.831,24.24],[26.302,24.206]]}},{"type":"Feature","properties":{"boundary_type":"subduction","feature_type":"gpml:SubductionZone","polarity":"Left","overriding_plate_id":301,"subducting_plate_id":328,"plate_ids":[301,328],"name":"Vardar Sea Sub."},"geometry":{"type":"LineString","coordinates":[[22.121,34.725],[22.094,34.355],[22.066,33.986],[22.039,33.616],[22.075,33.238],[22.11,32.86],[22.146,32.482],[22.521,32.106],[22.894,31.729],[23.264,31.35],[23.631,30.971],[23.975,30.645],[24.318,30.318],[24.658,29.991],[24.996,29.662],[25.409,29.539],[25.82,29.414],[26.231,29.288],[26.64,29.161],[27.07,29.157],[27.499,29.151],[28.029,29.156],[28.559,29.159],[29.088,29.16],[29.618,29.159],[30.161,29.205],[30.704,29.25],[31.248,29.292],[31.792,29.332],[32.337,29.369],[32.882,29.405],[33.427,29.438],[33.973,29.469],[34.519,29.497],[35.066,29.524],[35.612,29.548],[36.159,29.57],[36.706,29.59],[37.198,29.622],[37.689,29.652],[38.181,29.681],[38.673,29.707],[39.022,29.66],[39.371,29.612]]}},{"type":"Feature","properties":{"boundary_type":"subduction","feature_type":"gpml:SubductionZone","polarity":"Left","overriding_plate_id":301,"subducting_plate_id":701,"plate_ids":[301,701],"name":"Vardar Sea Sub."},"geometry":{"type":"LineString","coordinates":[[39.371,29.612],[39.893,29.538],[40.414,29.462],[40.935,29.385],[41.454,29.305],[41.973,29.223],[42.491,29.139],[43.008,29.053],[43.524,28.966],[44.04,28.876]]}},{"type":"Feature","properties":{"boundary_type":"subduction","feature_type":"gpml:SubductionZone","polarity":"Left","overriding_plate_id":null,"subducting_plate_id":null,"plate_ids":[308],"name":"Dinaride Sub."},"geometry":{"type":"LineString","coordinates":[[10.484,33.524],[10.657,33.213],[10.828,32.901],[10.998,32.588]]}},{"type":"Feature","properties":{"boundary_type":"subduction","feature_type":"gpml:SubductionZone","polarity":"Left","overriding_plate_id":308,"subducting_plate_id":701,"plate_ids":[308,701],"name":"Dinaride Sub."},"geometry":{"type":"LineString","coordinates":[[10.998,32.588],[11.464,32.75],[11.932,32.911],[12.402,33.069],[12.874,33.226],[13.454,33.225],[14.033,33.22],[14.433,33.319],[14.833,33.417],[15.234,33.514],[15.638,33.369],[16.04,33.223],[16.441,33.076],[16.861,32.812],[17.279,32.546],[17.694,32.279],[18.002,31.981],[18.308,31.682],[18.612,31.383],[18.914,31.083],[19.336,30.75],[19.756,30.416],[20.172,30.08],[20.566,29.771],[20.958,29.461],[21.347,29.15],[21.693,28.783],[22.036,28.414],[22.451,28.098],[22.863,27.781],[23.176,27.447],[23.488,27.112],[23.797,26.777],[24.162,26.412],[24.524,26.047],[24.884,25.68],[25.241,25.313],[25.597,24.945],[25.95,24.576],[26.302,24.206]]}},{"type":"Feature","properties":{"boundary_type":"other","feature_type":"gpml:Fault","polarity":null,"overriding_plate_id":null,"subducting_plate_id":null,"plate_ids":[308,328],"name":"DFZ"},"geometry":{"type":"LineString","coordinates":[[16.035,33.973],[16.563,33.775],[17.088,33.575],[17.611,33.373],[18.132,33.168],[18.65,32.962],[19.029,32.739],[19.405,32.514],[19.78,32.289],[20.153,32.063],[20.468,31.647],[20.78,31.231],[21.089,30.814],[21.395,30.397],[21.736,30.046],[22.075,29.694],[22.411,29.341],[22.745,28.988],[23.11,28.654],[23.473,28.32],[23.834,27.984],[24.192,27.648],[24.548,27.31],[24.902,26.972],[25.106,26.578],[25.309,26.183],[25.51,25.788],[25.71,25.393],[25.908,24.997],[26.106,24.602],[26.302,24.206]]}},{"type":"Feature","properties":{"boundary_type":"transform","feature_type":"gpml:Transform","polarity":null,"overriding_plate_id":null,"subducting_plate_id":null,"plate_ids":[304,701],"name":"South Iberia"},"geometry":{"type":"LineString","coordinates":[[-5.556,25.145],[-5.41,25.097],[-4.884,25.161],[-4.358,25.223],[-3.831,25.284],[-3.303,25.342],[-2.775,25.398],[-2.246,25.453],[-1.717,25.506],[-1.188,25.556],[-0.658,25.605],[-0.127,25.652],[0.404,25.697],[0.935,25.74],[1.461,25.848],[1.988,25.953],[2.516,26.057],[3.045,26.158],[3.574,26.258],[3.994,26.359],[4.414,26.458],[4.835,26.556]]}},{"type":"Feature","properties":{"boundary_type":"subduction","feature_type":"gpml:SubductionZone","polarity":"Left","overriding_plate_id":308,"subducting_plate_id":328,"plate_ids":[308,328],"name":"East Alpine subduction"},"geometry":{"type":"LineString","coordinates":[[16.035,33.973],[15.449,34.034],[14.862,34.092],[14.275,34.147],[13.687,34.2],[13.098,34.25],[12.508,34.296]]}},{"type":"Feature","properties":{"boundary_type":"subduction","feature_type":"gpml:SubductionZone","polarity":"Left","overriding_plate_id":317,"subducting_plate_id":304,"plate_ids":[304,317],"name":"Pyrenean subduction"},"geometry":{"type":"LineString","coordinates":[[-5.354,34.937],[-4.778,34.815],[-4.204,34.69],[-3.631,34.563],[-3.061,34.433],[-2.484,34.302],[-1.909,34.167],[-1.335,34.031],[-0.764,33.891],[-0.368,33.724],[0.027,33.556],[0.42,33.386]]}},{"type":"Feature","properties":{"boundary_type":"subduction","feature_type":"gpml:SubductionZone","polarity":"Left","overriding_plate_id":301,"subducting_plate_id":304,"plate_ids":[301,304],"name":"Pyrenean subduction"},"geometry":{"type":"LineString","coordinates":[[0.42,33.386],[0.598,33.309],[1.066,33.189],[1.533,33.067],[1.999,32.943],[2.463,32.817],[2.995,32.768],[3.526,32.717],[4.057,32.663],[4.464,32.628],[4.87,32.591],[5.276,32.553],[5.795,32.574],[6.314,32.593],[6.749,32.661],[7.184,32.728],[7.533,32.766],[7.882,32.803],[8.182,32.906],[8.482,33.008],[8.847,33.372],[9.215,33.736],[9.586,34.098],[9.96,34.459]]}},{"type":"Feature","properties":{"boundary_type":"subduction","feature_type":"gpml:SubductionZone","polarity":"Right","overriding_plate_id":null,"subducting_plate_id":null,"plate_ids":[308],"name":"Alpine Subduction"},"geometry":{"type":"LineString","coordinates":[[10.484,33.524],[10.311,33.836],[10.136,34.147],[9.96,34.459]]}},{"type":"Feature","properties":{"boundary_type":"subduction","feature_type":"gpml:SubductionZone","polarity":"Right","overriding_plate_id":308,"subducting_plate_id":301,"plate_ids":[301,308],"name":"Alpine Subduction"},"geometry":{"type":"LineString","coordinates":[[9.96,34.459],[10.47,34.43],[10.98,34.4],[11.49,34.368],[11.999,34.333],[12.508,34.296]]}},{"type":"Feature","properties":{"boundary_type":"subduction","feature_type":"gpml:SubductionZone","polarity":"Right","overriding_plate_id":328,"subducting_plate_id":301,"plate_ids":[301,328],"name":"Alpine Subduction"},"geometry":{"type":"LineString","coordinates":[[12.508,34.296],[12.899,34.52],[13.293,34.742],[13.688,34.963],[14.085,35.183],[14.432,35.442],[14.781,35.699],[15.132,35.956],[15.371,36.229],[15.612,36.501],[15.855,36.772],[16.311,37.007],[16.77,37.24],[17.311,37.42],[17.853,37.598],[18.398,37.774],[18.915,37.56],[19.428,37.345],[19.939,37.127],[20.446,36.907],[20.881,36.654],[21.314,36.4],[21.519,35.982],[21.722,35.563],[21.923,35.145],[22.121,34.725]]}},{"type":"Feature","properties":{"boundary_type":"transform","feature_type":"gpml:Transform","polarity":null,"overriding_plate_id":null,"subducting_plate_id":null,"plate_ids":[328,701],"name":"Neotethys transform 40Ma"},"geometry":{"type":"LineString","coordinates":[[39.568,27.788],[39.323,28.222],[39.339,28.685],[39.355,29.149],[39.371,29.612]]}}]}