{"type":"FeatureCollection","meta":{"model":"Cao2024","reconstruction_time_ma":25.0,"anchor_plate_id":0,"pygplates_version":"1.0.0","tessellate_degrees":0.5,"polarity_convention":"gpml:subductionPolarity. 'Left'/'Right' names the side of the line, in vertex order, on which the OVERRIDING plate lies. Triangles are drawn on that side.","antimeridian":"Lines are NOT split at +/-180 deg. The renderer works in 3D unit vectors where the dateline is not special; splitting would only add spurious breaks. Do not treat this as RFC 7946 GIS-ready 2D data."},"features":[{"type":"Feature","properties":{"boundary_type":"other","feature_type":"gpml:ContinentalRift","polarity":null,"overriding_plate_id":null,"subducting_plate_id":null,"plate_ids":[701,709],"name":"Arabia - Somalia (Torsvik 2010)"},"geometry":{"type":"LineString","coordinates":[[39.482,3.359],[39.944,3.524],[40.405,3.688],[40.772,3.825],[41.138,3.961],[41.505,4.097]]}},{"type":"Feature","properties":{"boundary_type":"other","feature_type":"gpml:ContinentalRift","polarity":null,"overriding_plate_id":null,"subducting_plate_id":null,"plate_ids":[503,709],"name":"Arabia - Somalia (Torsvik 2010)"},"geometry":{"type":"LineString","coordinates":[[41.505,4.097],[41.862,4.229],[42.218,4.361],[42.575,4.493],[42.932,4.624],[43.387,4.781],[43.843,4.936],[44.299,5.092],[44.755,5.247],[45.211,5.402],[45.667,5.557],[46.124,5.711],[46.582,5.868],[47.04,6.024],[47.498,6.18],[47.957,6.336],[48.416,6.491],[48.875,6.645],[49.334,6.8],[49.794,6.954],[50.261,7.065],[50.728,7.175],[51.195,7.285],[51.663,7.395],[52.131,7.504],[52.599,7.613],[53.067,7.721],[53.535,7.828],[53.99,7.966],[54.444,8.102],[54.899,8.238],[55.355,8.374],[55.81,8.509],[56.287,8.634],[56.764,8.759],[57.242,8.882],[57.719,9.006],[58.197,9.128]]}},{"type":"Feature","properties":{"boundary_type":"other","feature_type":"gpml:ContinentalRift","polarity":null,"overriding_plate_id":null,"subducting_plate_id":null,"plate_ids":[503,701],"name":"Red Sea Rift (Chorowicz 2005)"},"geometry":{"type":"LineString","coordinates":[[32.127,20.247],[32.267,20.019],[32.407,19.79],[32.594,19.539],[32.781,19.287],[33.0,18.852],[33.218,18.417],[33.435,17.982],[33.648,17.606],[33.86,17.23],[34.072,16.854],[34.282,16.477],[34.604,16.171],[34.924,15.863],[35.243,15.556],[35.561,15.248],[35.663,14.84],[35.763,14.432],[35.864,14.023],[35.964,13.615],[36.064,13.207],[36.163,12.798],[36.334,12.485],[36.505,12.172],[36.675,11.858],[36.978,11.648],[37.28,11.437],[37.581,11.226],[37.8,10.799],[38.019,10.372],[38.237,9.944],[38.455,9.516],[38.671,9.089],[38.888,8.661],[39.104,8.233],[39.319,7.805],[39.536,7.422],[39.752,7.04],[39.967,6.657],[40.182,6.275],[40.397,5.892],[40.61,5.534],[40.822,5.175],[41.034,4.817],[41.305,4.419],[41.505,4.097]]}},{"type":"Feature","properties":{"boundary_type":"other","feature_type":"gpml:ContinentalRift","polarity":null,"overriding_plate_id":null,"subducting_plate_id":null,"plate_ids":[701,709],"name":"Somalia Africa boundary from PB03 GS"},"geometry":{"type":"LineString","coordinates":[[39.482,3.359],[39.215,3.024],[38.948,2.688],[38.682,2.352],[38.426,1.974],[38.17,1.595],[37.914,1.217],[37.658,0.838],[37.402,0.459],[37.268,0.124],[37.134,-0.21],[37.0,-0.545],[36.668,-0.57],[36.337,-0.594],[36.149,-0.915],[35.961,-1.236],[35.773,-1.557],[35.316,-1.514],[34.858,-1.47],[34.401,-1.427],[33.943,-1.383],[33.486,-1.339],[33.028,-1.295],[32.571,-1.252],[32.114,-1.208],[31.656,-1.163],[31.449,-1.483],[31.241,-1.802],[31.034,-2.122],[30.827,-2.441],[30.449,-2.591],[30.071,-2.742],[30.078,-3.204],[30.085,-3.666],[30.092,-4.128],[30.463,-4.204],[30.834,-4.28],[31.205,-4.356],[31.273,-4.383],[30.956,-4.76],[30.638,-5.138],[30.32,-5.515],[30.156,-5.865],[29.992,-6.214],[29.828,-6.564],[29.663,-6.913],[29.527,-7.38],[29.39,-7.847],[29.253,-8.313],[29.095,-8.659],[28.936,-9.004],[28.777,-9.35],[28.821,-9.759],[28.864,-10.168],[28.908,-10.577],[28.951,-10.986],[29.192,-11.351],[29.433,-11.717],[29.674,-12.082],[29.7,-12.571],[29.725,-13.06],[29.974,-13.399],[30.224,-13.739],[30.475,-14.078],[30.726,-14.417],[31.113,-14.491],[31.499,-14.565],[31.886,-14.638],[32.25,-14.873],[32.616,-15.108],[32.982,-15.342],[33.462,-15.416],[33.944,-15.488],[34.103,-15.901],[34.262,-16.315],[34.422,-16.728],[34.583,-17.141],[34.93,-17.42],[35.278,-17.699],[35.128,-18.166],[34.977,-18.634],[34.826,-19.101],[34.801,-19.488],[34.775,-19.875],[35.0,-20.203],[35.225,-20.531],[35.452,-20.859],[35.679,-21.186],[35.628,-21.626],[35.577,-22.066],[35.525,-22.506],[35.753,-22.824],[35.981,-23.143],[36.211,-23.46],[36.245,-23.835],[36.278,-24.209],[36.312,-24.583],[36.007,-24.801],[35.7,-25.018],[35.387,-25.368],[35.072,-25.718],[34.755,-26.066],[34.436,-26.414],[34.421,-26.829],[34.406,-27.245],[34.391,-27.66],[34.375,-28.075],[33.89,-28.255],[33.402,-28.433],[32.913,-28.61],[32.422,-28.785],[31.93,-28.958],[31.436,-29.129],[30.94,-29.299],[30.443,-29.466],[30.15,-29.804],[29.855,-30.141],[29.558,-30.477],[29.259,-30.812],[28.958,-31.147],[28.655,-31.481],[28.795,-31.919],[28.936,-32.357],[29.078,-32.795],[29.222,-33.232],[28.771,-33.45],[28.317,-33.666],[27.861,-33.881],[27.892,-34.343],[27.924,-34.804],[27.956,-35.266],[28.396,-35.547],[28.839,-35.826],[29.286,-36.104],[29.623,-36.479],[29.963,-36.853],[30.306,-37.227],[30.653,-37.599],[31.119,-37.907],[31.589,-38.213],[32.063,-38.518],[32.54,-38.82],[33.022,-39.12],[33.508,-39.419],[33.998,-39.715],[34.492,-40.009],[34.991,-40.301],[35.494,-40.591],[36.001,-40.879],[36.512,-41.164],[37.029,-41.448],[37.549,-41.729],[38.074,-42.007],[38.604,-42.283],[39.138,-42.557],[39.677,-42.828],[40.221,-43.097],[40.77,-43.363],[40.599,-43.84],[40.426,-44.318],[40.249,-44.795],[40.07,-45.272],[39.888,-45.748],[39.703,-46.225],[39.514,-46.701],[39.322,-47.177],[39.127,-47.652],[38.928,-48.127],[38.725,-48.602],[38.518,-49.076],[38.308,-49.55],[38.093,-50.024],[37.874,-50.497],[37.651,-50.969],[37.423,-51.442],[37.19,-51.914],[36.952,-52.385],[36.709,-52.856],[37.172,-52.958],[37.636,-53.058]]}},{"type":"Feature","properties":{"boundary_type":"other","feature_type":"gpml:Fault","polarity":null,"overriding_plate_id":null,"subducting_plate_id":null,"plate_ids":[101,406],"name":"Kamchatka"},"geometry":{"type":"LineString","coordinates":[[160.722,68.308],[159.87,68.156],[159.029,67.999],[158.199,67.838],[157.244,67.642],[156.305,67.44],[155.517,67.166],[154.748,66.888],[153.995,66.606],[153.235,66.301],[152.493,65.993],[151.769,65.681],[151.062,65.366],[150.754,64.922],[150.456,64.478],[150.168,64.033],[149.889,63.588],[149.777,63.189],[149.668,62.79],[149.561,62.392],[149.458,61.993],[149.357,61.594],[149.337,61.154],[149.316,60.715],[149.297,60.276],[149.278,59.836],[149.216,59.374],[149.156,58.911],[149.097,58.449],[149.04,57.986],[148.985,57.523],[149.001,57.133],[149.017,56.742]]}},{"type":"Feature","properties":{"boundary_type":"other","feature_type":"gpml:Fault","polarity":null,"overriding_plate_id":null,"subducting_plate_id":null,"plate_ids":[406],"name":"Kamchatka"},"geometry":{"type":"LineString","coordinates":[[149.017,56.742],[149.018,56.729]]}},{"type":"Feature","properties":{"boundary_type":"other","feature_type":"gpml:Fault","polarity":null,"overriding_plate_id":null,"subducting_plate_id":null,"plate_ids":[101],"name":"Kamchatka"},"geometry":{"type":"LineString","coordinates":[[148.787,56.622],[149.017,56.742]]}},{"type":"Feature","properties":{"boundary_type":"other","feature_type":"gpml:Fault","polarity":null,"overriding_plate_id":null,"subducting_plate_id":null,"plate_ids":[101,903],"name":"PAC-NAM SS bndy MG-5-5-07"},"geometry":{"type":"LineString","coordinates":[[-111.285,52.292],[-111.754,52.497],[-112.205,52.776],[-112.661,53.053],[-113.042,53.424],[-113.43,53.794],[-113.934,54.032],[-114.445,54.267],[-114.835,54.556],[-115.23,54.843]]}},{"type":"Feature","properties":{"boundary_type":"other","feature_type":"gpml:Fault","polarity":null,"overriding_plate_id":null,"subducting_plate_id":null,"plate_ids":[101,901],"name":"PAC-NAM SS bndy MG-5-5-07"},"geometry":{"type":"LineString","coordinates":[[-115.23,54.843],[-115.749,55.212],[-116.148,55.593],[-116.555,55.973],[-116.892,56.269],[-117.233,56.565],[-117.58,56.86],[-117.772,57.251],[-117.969,57.642],[-118.17,58.032],[-118.308,58.418],[-118.449,58.803],[-118.594,59.188],[-118.74,59.612],[-118.889,60.036],[-119.043,60.459],[-119.286,60.891],[-119.536,61.323],[-119.793,61.754],[-119.737,62.112],[-120.02,62.518],[-120.398,62.972],[-120.708,63.334],[-121.034,63.652],[-121.754,64.028],[-121.994,64.385],[-122.361,64.614],[-122.507,65.011],[-122.866,65.414],[-123.11,65.831]]}},{"type":"Feature","properties":{"boundary_type":"other","feature_type":"gpml:FractureZone","polarity":null,"overriding_plate_id":null,"subducting_plate_id":null,"plate_ids":[503,701],"name":"Dead Sea F& Arab-Turk Suture NUVEL file., DB 04-2007"},"geometry":{"type":"LineString","coordinates":[[39.269,32.841],[39.078,32.472],[38.889,32.102],[38.598,31.79],[38.309,31.477],[38.023,31.164],[37.705,30.821],[37.389,30.477],[37.167,30.264],[36.945,30.05],[36.666,29.895],[36.387,29.74],[36.106,29.604],[35.826,29.466],[35.586,29.278],[35.347,29.089],[35.065,28.953],[34.783,28.817],[34.539,28.58],[34.296,28.342],[33.911,28.061],[33.757,27.819],[33.604,27.577],[33.772,27.368],[33.699,26.971],[33.627,26.574],[33.504,26.13],[33.383,25.685],[33.266,25.325],[33.149,24.964],[33.034,24.603],[32.914,24.209],[32.796,23.814],[32.769,23.415],[32.743,23.016],[32.68,22.769],[32.617,22.522],[32.591,22.123],[32.565,21.723],[32.533,21.224],[32.424,20.98],[32.314,20.736],[32.22,20.491],[32.127,20.247]]}},{"type":"Feature","properties":{"boundary_type":"other","feature_type":"gpml:FractureZone","polarity":null,"overriding_plate_id":null,"subducting_plate_id":null,"plate_ids":[709,801],"name":"Owen FZ from NUVEL file, DB 04-2007"},"geometry":{"type":"LineString","coordinates":[[55.483,2.233],[55.66,2.7],[55.837,3.167],[56.014,3.634],[56.191,4.101],[56.368,4.568],[56.546,5.035],[56.724,5.502],[56.902,5.969],[57.086,6.421],[57.27,6.872],[57.455,7.324],[57.64,7.775],[57.825,8.226],[58.011,8.677],[58.197,9.128]]}},{"type":"Feature","properties":{"boundary_type":"other","feature_type":"gpml:FractureZone","polarity":null,"overriding_plate_id":null,"subducting_plate_id":null,"plate_ids":[503,801],"name":"Owen FZ from NUVEL file, DB 04-2007"},"geometry":{"type":"LineString","coordinates":[[58.197,9.128],[58.366,9.536],[58.536,9.944],[58.705,10.351],[58.875,10.759],[59.055,11.174],[59.235,11.589],[59.415,12.004],[59.596,12.419],[59.778,12.834],[59.96,13.248],[60.143,13.663],[60.327,14.077],[60.522,14.539],[60.717,15.001],[60.914,15.462],[61.111,15.924],[61.31,16.385],[61.509,16.846],[61.709,17.306],[61.91,17.767],[62.113,18.227],[62.282,18.659],[62.452,19.09],[62.623,19.521],[62.795,19.952],[62.968,20.382],[63.141,20.813],[63.316,21.243],[63.492,21.673],[63.685,22.133],[63.879,22.592],[64.075,23.051],[64.272,23.51],[64.47,23.968],[64.67,24.427]]}},{"type":"Feature","properties":{"boundary_type":"other","feature_type":"gpml:FractureZone","polarity":null,"overriding_plate_id":null,"subducting_plate_id":null,"plate_ids":[301,801],"name":"Owen FZ from NUVEL file, DB 04-2007"},"geometry":{"type":"LineString","coordinates":[[64.67,24.427],[64.846,24.829],[65.024,25.231],[65.157,25.588],[65.292,25.945],[65.426,26.301],[65.59,26.702],[65.754,27.102],[65.92,27.502],[66.087,27.902]]}},{"type":"Feature","properties":{"boundary_type":"other","feature_type":"gpml:InferredPaleoBoundary","polarity":null,"overriding_plate_id":null,"subducting_plate_id":null,"plate_ids":[653,688],"name":"Central WE Caroline Separation DiCaprio"},"geometry":{"type":"LineString","coordinates":[[153.984,4.962],[154.036,4.484],[154.088,4.007],[154.139,3.529],[154.191,3.052],[154.243,2.574]]}},{"type":"Feature","properties":{"boundary_type":"other","feature_type":"gpml:InferredPaleoBoundary","polarity":null,"overriding_plate_id":null,"subducting_plate_id":null,"plate_ids":[688,689],"name":"Central WE Caroline Separation DiCaprio"},"geometry":{"type":"LineString","coordinates":[[154.243,2.574],[154.282,2.211],[154.321,1.847],[154.405,1.393],[154.489,0.94],[154.573,0.486],[154.656,0.032],[154.74,-0.422],[154.824,-0.875],[154.908,-1.329],[154.991,-1.783],[155.075,-2.236],[155.159,-2.69],[155.177,-3.137],[155.195,-3.584]]}},{"type":"Feature","properties":{"boundary_type":"transform","feature_type":"gpml:Transform","polarity":null,"overriding_plate_id":null,"subducting_plate_id":null,"plate_ids":[673,801],"name":"Kalimantan (Bornea) - mg"},"geometry":{"type":"LineString","coordinates":[[120.059,-6.379],[120.167,-6.136],[120.275,-5.894],[120.278,-5.885]]}},{"type":"Feature","properties":{"boundary_type":"transform","feature_type":"gpml:Transform","polarity":null,"overriding_plate_id":null,"subducting_plate_id":null,"plate_ids":[645,673],"name":"Kalimantan (Bornea) - mg"},"geometry":{"type":"LineString","coordinates":[[120.278,-5.885],[120.429,-5.479],[120.581,-5.073],[120.732,-4.668],[120.882,-4.262],[121.033,-3.857],[121.273,-3.43],[121.513,-3.003],[121.753,-2.577],[121.993,-2.15],[122.233,-1.723],[122.472,-1.296],[122.711,-0.869],[122.951,-0.442],[123.19,-0.016],[123.429,0.411],[123.669,0.838],[123.908,1.265],[124.148,1.692],[124.387,2.119],[124.627,2.545],[124.867,2.972],[125.003,3.448],[125.139,3.924],[125.275,4.401],[125.188,4.791],[125.1,5.181],[125.013,5.571],[124.667,5.876],[124.321,6.181],[123.975,6.485],[123.628,6.789],[123.281,7.093],[123.07,7.534],[122.859,7.975],[122.648,8.416]]}},{"type":"Feature","properties":{"boundary_type":"other","feature_type":"gpml:InferredPaleoBoundary","polarity":null,"overriding_plate_id":null,"subducting_plate_id":null,"plate_ids":[301,701],"name":"Morocco"},"geometry":{"type":"LineString","coordinates":[[-27.905,29.287],[-27.405,29.281],[-26.905,29.272],[-26.405,29.262],[-25.905,29.25],[-25.384,29.241],[-24.864,29.231],[-24.344,29.218],[-23.824,29.203],[-23.304,29.187],[-22.784,29.168],[-22.22,29.171],[-21.656,29.172],[-21.093,29.17],[-20.529,29.166],[-19.965,29.16],[-19.434,29.162],[-18.902,29.162],[-18.37,29.16],[-17.839,29.156],[-17.307,29.149],[-16.776,29.141],[-16.275,29.155],[-15.774,29.168],[-15.273,29.179],[-14.772,29.188],[-14.271,29.195],[-13.769,29.2],[-13.258,29.252],[-12.747,29.303],[-12.235,29.351],[-11.723,29.398],[-11.21,29.442],[-10.697,29.485],[-10.183,29.526],[-9.669,29.564],[-9.261,29.572],[-8.854,29.579],[-8.447,29.585],[-7.99,29.494],[-7.534,29.402],[-7.079,29.308],[-6.624,29.213],[-6.216,29.184]]}},{"type":"Feature","properties":{"boundary_type":"other","feature_type":"gpml:InferredPaleoBoundary","polarity":null,"overriding_plate_id":null,"subducting_plate_id":null,"plate_ids":[801,901],"name":"NZ AlpineFault SthrnExtension DiCaprio"},"geometry":{"type":"LineString","coordinates":[[-176.633,-40.335],[-176.752,-40.647]]}},{"type":"Feature","properties":{"boundary_type":"other","feature_type":"gpml:InferredPaleoBoundary","polarity":null,"overriding_plate_id":null,"subducting_plate_id":null,"plate_ids":[901],"name":"NZ AlpineFault SthrnExtension DiCaprio"},"geometry":{"type":"LineString","coordinates":[[-176.752,-40.647],[-176.825,-40.942],[-176.899,-41.237],[-176.98,-41.673],[-177.062,-42.109],[-177.11,-42.511],[-177.159,-42.912],[-177.314,-43.351],[-177.472,-43.79],[-177.659,-44.058],[-177.847,-44.326],[-178.105,-44.648],[-178.366,-44.969],[-178.798,-45.24],[-179.235,-45.51],[-179.576,-45.746],[-179.92,-45.981],[179.918,-46.221],[179.754,-46.46],[179.404,-46.766],[179.049,-47.071],[178.891,-47.404],[178.731,-47.736],[178.568,-48.068]]}},{"type":"Feature","properties":{"boundary_type":"other","feature_type":"gpml:InferredPaleoBoundary","polarity":null,"overriding_plate_id":null,"subducting_plate_id":null,"plate_ids":[801],"name":"NZ AlpineFault SthrnExtension DiCaprio"},"geometry":{"type":"LineString","coordinates":[[-176.752,-40.647],[-176.825,-40.942],[-176.899,-41.237],[-176.98,-41.673],[-177.062,-42.109],[-177.11,-42.511],[-177.159,-42.912],[-177.314,-43.351],[-177.472,-43.79],[-177.659,-44.058],[-177.847,-44.326],[-178.105,-44.648],[-178.366,-44.969],[-178.798,-45.24],[-179.235,-45.51],[-179.576,-45.746],[-179.92,-45.981],[179.918,-46.221],[179.754,-46.46],[179.404,-46.766],[179.049,-47.071],[178.891,-47.404],[178.731,-47.736],[178.568,-48.068]]}},{"type":"Feature","properties":{"boundary_type":"other","feature_type":"gpml:InferredPaleoBoundary","polarity":null,"overriding_plate_id":null,"subducting_plate_id":null,"plate_ids":[801,901],"name":"PB North NZ"},"geometry":{"type":"LineString","coordinates":[[-176.633,-40.335],[-177.202,-40.161],[-177.768,-39.985],[-178.331,-39.806]]}},{"type":"Feature","properties":{"boundary_type":"other","feature_type":"gpml:InferredPaleoBoundary","polarity":null,"overriding_plate_id":null,"subducting_plate_id":null,"plate_ids":[608,653],"name":"WestCaroline DiCaprio"},"geometry":{"type":"LineString","coordinates":[[148.331,8.901],[148.319,8.613],[148.308,8.324],[148.262,7.919],[148.217,7.514],[148.172,7.108],[147.912,6.716],[147.653,6.324],[147.395,5.932],[147.121,5.652],[146.847,5.371],[146.573,5.09],[146.396,4.691],[146.219,4.292],[146.043,3.893],[145.867,3.494],[145.82,3.25]]}},{"type":"Feature","properties":{"boundary_type":"other","feature_type":"gpml:InferredPaleoBoundary","polarity":null,"overriding_plate_id":null,"subducting_plate_id":null,"plate_ids":[608,688],"name":"WestCaroline DiCaprio"},"geometry":{"type":"LineString","coordinates":[[145.82,3.25],[145.736,2.804],[145.652,2.358],[145.567,1.912],[145.483,1.466],[145.399,1.02],[145.267,0.613],[145.134,0.207],[145.002,-0.2],[144.87,-0.606],[144.737,-1.012],[144.631,-1.375],[144.525,-1.738],[144.419,-2.101],[144.267,-2.493],[144.116,-2.886],[144.027,-3.118]]}},{"type":"Feature","properties":{"boundary_type":"other","feature_type":"gpml:InferredPaleoBoundary","polarity":null,"overriding_plate_id":null,"subducting_plate_id":null,"plate_ids":[688],"name":"WestCaroline DiCaprio"},"geometry":{"type":"LineString","coordinates":[[144.027,-3.118],[144.023,-3.129]]}},{"type":"Feature","properties":{"boundary_type":"ridge","feature_type":"gpml:MidOceanRidge","polarity":null,"overriding_plate_id":null,"subducting_plate_id":null,"plate_ids":[709,801],"name":"Ridge f iso A5 on AUS at 10.9Ma"},"geometry":{"type":"LineString","coordinates":[[67.498,-29.38],[67.758,-29.52],[68.055,-29.824],[68.354,-30.128]]}},{"type":"Feature","properties":{"boundary_type":"ridge","feature_type":"gpml:MidOceanRidge","polarity":null,"overriding_plate_id":null,"subducting_plate_id":null,"plate_ids":[801,802],"name":"Ridge f iso A5 on AUS at 10.9Ma"},"geometry":{"type":"LineString","coordinates":[[68.354,-30.128],[68.406,-30.18],[68.757,-30.387],[69.109,-30.593],[69.463,-30.797],[69.644,-30.669],[70.008,-30.958],[70.375,-31.246],[70.744,-31.533],[71.115,-31.818],[71.489,-32.103],[71.792,-31.98],[72.158,-32.321],[72.527,-32.661],[72.899,-32.999],[73.274,-33.337],[72.916,-33.625],[73.278,-33.882],[73.641,-34.138],[74.007,-34.392],[73.828,-34.636],[73.648,-34.88],[74.057,-35.19],[74.469,-35.498],[74.885,-35.805],[75.304,-36.111],[75.12,-36.328],[74.936,-36.546],[75.41,-36.864],[75.888,-37.18],[76.37,-37.494],[76.856,-37.806],[76.491,-38.167],[76.122,-38.526],[75.749,-38.884],[76.131,-39.118],[76.515,-39.352],[76.901,-39.584],[77.29,-39.814],[77.143,-40.047],[77.493,-40.283],[77.847,-40.517],[78.202,-40.751],[77.882,-41.03],[77.56,-41.308],[77.235,-41.585],[77.614,-41.913],[77.997,-42.239],[77.623,-42.592],[77.245,-42.943],[76.862,-43.293],[76.476,-43.642],[76.084,-43.989],[75.688,-44.335],[76.167,-44.633],[76.65,-44.929],[77.138,-45.222],[77.631,-45.513],[78.13,-45.803],[78.633,-46.09],[79.142,-46.375],[79.57,-46.046],[79.992,-45.715],[80.473,-45.976],[80.958,-46.236],[81.448,-46.493],[81.943,-46.748],[82.442,-47.001],[82.946,-47.252],[83.349,-46.841],[83.746,-46.429],[84.138,-46.015],[84.524,-45.6],[85.087,-45.861],[85.655,-46.12],[86.229,-46.376],[86.809,-46.629],[87.393,-46.879],[87.668,-46.576],[87.939,-46.272],[88.525,-46.5],[89.116,-46.726],[89.712,-46.948],[90.313,-47.167],[90.919,-47.383],[91.53,-47.596],[92.146,-47.805],[92.766,-48.011],[93.395,-48.241],[94.03,-48.467],[94.67,-48.69],[95.315,-48.909],[95.967,-49.125],[96.624,-49.337],[97.286,-49.545],[97.03,-49.934],[96.769,-50.323],[96.504,-50.71],[96.235,-51.098],[96.896,-51.305],[97.564,-51.509],[98.238,-51.709],[98.917,-51.905],[99.603,-52.097],[100.294,-52.285],[100.551,-51.97],[100.804,-51.654],[101.483,-51.807],[102.166,-51.956],[102.854,-52.101],[103.546,-52.242],[104.242,-52.379],[104.943,-52.512],[105.72,-52.666],[106.502,-52.815],[107.289,-52.96],[108.082,-53.098],[108.074,-53.113],[108.229,-52.882],[108.974,-52.996],[109.723,-53.105],[110.476,-53.209],[111.232,-53.308],[111.991,-53.403],[112.754,-53.492],[113.52,-53.577],[114.289,-53.657],[115.061,-53.732],[115.835,-53.802],[116.612,-53.867],[116.733,-53.588],[116.852,-53.309],[117.567,-53.362],[118.284,-53.411],[119.002,-53.456],[119.07,-53.114],[119.137,-52.771],[119.673,-52.861],[120.212,-52.949],[120.753,-53.034],[121.41,-53.036],[122.066,-53.034],[122.722,-53.028],[123.378,-53.019],[123.588,-53.034],[123.629,-52.703],[123.67,-52.373],[124.092,-52.429],[124.515,-52.485],[124.485,-52.891],[125.273,-52.873],[126.061,-52.85],[126.847,-52.821],[126.906,-52.514],[126.964,-52.207],[127.586,-52.328],[128.211,-52.446],[128.84,-52.561],[129.415,-52.528],[129.383,-52.048],[129.981,-52.053],[130.58,-52.054],[130.621,-52.48],[130.662,-52.905],[130.704,-53.33],[131.429,-53.329],[132.153,-53.324],[132.878,-53.314],[133.602,-53.3],[134.381,-53.267],[135.16,-53.23],[135.937,-53.187],[136.712,-53.139],[137.486,-53.087],[138.251,-53.04],[139.014,-52.988],[139.776,-52.932],[140.535,-52.871],[141.292,-52.804],[142.115,-52.762],[142.937,-52.713],[143.756,-52.659],[143.894,-53.062],[144.033,-53.465],[144.176,-53.868],[144.322,-54.27],[144.47,-54.673],[144.989,-54.607],[145.507,-54.539],[145.787,-55.011],[146.073,-55.482],[146.367,-55.952],[147.127,-55.853],[147.883,-55.75],[148.634,-55.642],[148.857,-56.006],[149.084,-56.369],[149.315,-56.733],[150.016,-56.613],[150.713,-56.49],[151.405,-56.362],[152.093,-56.231],[152.373,-56.645],[152.659,-57.058],[152.951,-57.47],[153.25,-57.882],[153.556,-58.293],[153.87,-58.703],[154.19,-59.112],[154.708,-58.989],[155.222,-58.864],[155.616,-59.304],[156.02,-59.743],[156.435,-60.18],[156.861,-60.616],[157.299,-61.051],[157.749,-61.484],[158.147,-61.888],[158.556,-62.29],[158.975,-62.692],[159.861,-62.487],[160.735,-62.276],[161.597,-62.06],[162.204,-62.466],[162.828,-62.87],[163.469,-63.27],[164.128,-63.668],[165.075,-63.401],[166.004,-63.128],[166.917,-62.848],[167.811,-62.563],[168.689,-62.273],[169.365,-61.953],[170.026,-61.63],[170.674,-61.305]]}},{"type":"Feature","properties":{"boundary_type":"ridge","feature_type":"gpml:MidOceanRidge","polarity":null,"overriding_plate_id":null,"subducting_plate_id":null,"plate_ids":[709,801],"name":"Ridge f iso A5 on IND at 10.9Ma"},"geometry":{"type":"LineString","coordinates":[[66.487,-12.844],[66.466,-12.755],[66.706,-12.516],[66.946,-12.277],[66.772,-12.065],[66.598,-11.853],[66.814,-11.556],[67.03,-11.259],[66.724,-10.944],[66.909,-10.523],[66.681,-10.265],[66.454,-10.006],[66.227,-9.747],[66.455,-9.322],[66.172,-8.969],[65.89,-8.615],[65.609,-8.261],[65.847,-7.899],[65.514,-7.671],[65.182,-7.442],[65.334,-7.226],[64.992,-6.896],[65.26,-6.516],[65.016,-6.294],[64.771,-6.072],[64.949,-5.78],[64.598,-5.52],[64.826,-5.143],[65.053,-4.766],[64.656,-4.502],[64.26,-4.238],[63.864,-3.974],[63.468,-3.71],[63.334,-3.94],[62.866,-3.776],[62.398,-3.612],[61.93,-3.448],[61.524,-3.205],[61.118,-2.961],[60.712,-2.716],[60.387,-2.404],[60.062,-2.092],[59.737,-1.78],[59.413,-1.468],[59.089,-1.155],[58.731,-0.866],[58.373,-0.578],[58.015,-0.289],[58.11,-0.096],[57.757,0.243],[57.404,0.582],[57.052,0.921],[56.763,1.12],[56.475,1.318],[56.186,1.517],[55.952,1.756],[55.718,1.994],[55.483,2.233]]}},{"type":"Feature","properties":{"boundary_type":"ridge","feature_type":"gpml:MidOceanRidge","polarity":null,"overriding_plate_id":null,"subducting_plate_id":null,"plate_ids":[709,801],"name":"Ridge f iso A5 on IND-AUS at 10.9Ma"},"geometry":{"type":"LineString","coordinates":[[67.498,-29.38],[67.396,-29.056],[67.295,-28.733],[67.194,-28.409],[67.309,-28.196],[67.064,-27.755],[66.821,-27.314],[66.581,-26.872],[66.342,-26.43],[65.9,-26.651],[65.648,-26.433],[65.396,-26.215],[64.926,-26.327],[64.618,-25.964],[64.313,-25.6],[64.009,-25.236],[63.707,-24.871],[63.407,-24.506],[63.109,-24.14],[63.476,-23.92],[63.842,-23.699],[64.207,-23.478],[64.571,-23.256],[64.933,-23.033],[64.773,-22.779],[64.613,-22.526],[65.041,-22.272],[65.467,-22.018],[65.175,-21.615],[64.885,-21.212],[64.596,-20.808],[64.308,-20.403],[64.023,-19.998],[64.458,-19.758],[64.892,-19.516],[64.639,-19.16],[64.387,-18.804],[64.137,-18.448],[63.887,-18.091],[64.218,-17.877],[64.549,-17.662],[64.284,-17.285],[64.7,-16.993],[64.547,-16.766],[64.393,-16.539],[64.755,-16.276],[65.116,-16.013],[65.477,-15.749],[65.251,-15.395],[65.573,-15.13],[65.895,-14.865],[66.215,-14.599],[66.535,-14.332],[66.299,-14.064],[66.064,-13.796],[65.829,-13.528],[66.068,-13.264],[66.307,-12.999],[66.487,-12.844]]}},{"type":"Feature","properties":{"boundary_type":"ridge","feature_type":"gpml:MidOceanRidge","polarity":null,"overriding_plate_id":null,"subducting_plate_id":null,"plate_ids":[901,902],"name":"BELLINGHAUSEN SEA, MARIE BYRD LAND-PACIFIC"},"geometry":{"type":"LineString","coordinates":[[-100.284,-45.595],[-100.679,-45.98],[-101.079,-46.364],[-101.485,-46.746],[-101.897,-47.127],[-102.315,-47.506],[-102.739,-47.884]]}},{"type":"Feature","properties":{"boundary_type":"ridge","feature_type":"gpml:MidOceanRidge","polarity":null,"overriding_plate_id":null,"subducting_plate_id":null,"plate_ids":[802,901],"name":"BELLINGHAUSEN SEA, MARIE BYRD LAND-PACIFIC"},"geometry":{"type":"LineString","coordinates":[[-102.739,-47.884],[-103.084,-48.186],[-103.433,-48.487],[-103.782,-48.9],[-104.137,-49.312],[-104.498,-49.723],[-104.865,-50.132],[-105.239,-50.54],[-105.619,-50.948],[-106.005,-51.353],[-106.399,-51.758],[-106.799,-52.161],[-107.337,-51.95],[-107.869,-51.736],[-108.397,-51.52],[-108.821,-51.895],[-109.253,-52.268],[-109.692,-52.64],[-110.139,-53.01],[-110.593,-53.378],[-111.055,-53.745],[-111.526,-54.11],[-111.016,-54.346],[-110.5,-54.58],[-110.927,-54.943],[-111.362,-55.305],[-111.805,-55.666],[-112.256,-56.024],[-112.716,-56.381],[-113.281,-56.17],[-113.839,-55.956],[-114.288,-56.298],[-114.745,-56.639],[-115.21,-56.977],[-115.684,-57.314],[-116.167,-57.649],[-116.658,-57.982],[-117.406,-57.742],[-118.144,-57.498],[-118.872,-57.25],[-119.59,-56.998],[-120.298,-56.741],[-120.997,-56.481],[-121.686,-56.216],[-122.366,-55.948],[-122.759,-56.208],[-123.157,-56.467],[-123.561,-56.724],[-124.322,-56.452],[-125.072,-56.174],[-125.811,-55.893],[-126.539,-55.606],[-127.256,-55.316],[-127.963,-55.022],[-128.66,-54.723],[-129.269,-55.045],[-129.887,-55.364],[-130.516,-55.679],[-131.155,-55.992],[-131.804,-56.301],[-132.464,-56.606],[-133.134,-56.908],[-133.816,-57.207],[-134.508,-57.501],[-135.212,-57.792],[-135.935,-57.525],[-136.648,-57.253],[-137.35,-56.978],[-138.042,-56.699],[-138.724,-56.416],[-139.395,-56.129],[-140.008,-56.481],[-140.633,-56.83],[-141.269,-57.175],[-141.917,-57.518],[-142.578,-57.857],[-143.251,-58.192],[-143.937,-58.524],[-144.635,-58.852],[-145.347,-59.176],[-146.073,-59.496],[-146.546,-59.284],[-147.012,-59.07],[-147.669,-59.417],[-148.338,-59.761],[-147.674,-60.122],[-146.995,-60.479],[-147.773,-60.771],[-148.565,-61.058],[-149.371,-61.341],[-150.192,-61.618],[-151.028,-61.891],[-151.879,-62.158],[-152.744,-62.42],[-153.625,-62.677],[-154.287,-62.297],[-154.933,-61.915],[-155.563,-61.53],[-156.321,-61.779],[-157.09,-62.023],[-157.701,-61.717],[-158.457,-61.961],[-159.226,-62.202],[-160.007,-62.438],[-160.632,-62.115],[-161.244,-61.79],[-162.039,-62.052],[-162.848,-62.309],[-163.67,-62.561],[-164.507,-62.808],[-165.357,-63.05],[-166.222,-63.287],[-166.729,-63.005],[-167.608,-63.21],[-168.5,-63.41],[-169.404,-63.604],[-169.099,-63.853],[-169.807,-64.075],[-170.526,-64.293],[-171.256,-64.508],[-171.54,-64.344],[-172.601,-64.513],[-173.676,-64.674],[-174.658,-64.873],[-175.655,-65.065],[-176.666,-65.251],[-177.69,-65.43],[-178.729,-65.601],[-179.781,-65.766],[179.153,-65.923],[178.075,-66.073],[176.984,-66.215],[175.882,-66.349],[174.768,-66.476]]}},{"type":"Feature","properties":{"boundary_type":"ridge","feature_type":"gpml:MidOceanRidge","polarity":null,"overriding_plate_id":null,"subducting_plate_id":null,"plate_ids":[301],"name":"Porcupine MOR"},"geometry":{"type":"LineString","coordinates":[[-24.141,45.304],[-24.141,45.256]]}},{"type":"Feature","properties":{"boundary_type":"ridge","feature_type":"gpml:MidOceanRidge","polarity":null,"overriding_plate_id":null,"subducting_plate_id":null,"plate_ids":[101,301],"name":"Porcupine MOR"},"geometry":{"type":"LineString","coordinates":[[-24.141,45.256],[-24.139,44.817],[-24.137,44.379],[-24.039,43.998],[-23.942,43.616],[-23.847,43.235],[-23.454,43.192],[-23.146,42.835],[-22.842,42.476],[-22.542,42.117],[-22.245,41.757],[-22.272,41.404],[-22.3,41.051],[-21.973,41.028],[-21.995,40.768],[-22.017,40.508],[-22.143,40.058],[-22.207,39.713],[-21.902,39.306],[-22.078,38.868],[-22.252,38.431],[-22.423,37.993],[-22.592,37.555]]}},{"type":"Feature","properties":{"boundary_type":"ridge","feature_type":"gpml:MidOceanRidge","polarity":null,"overriding_plate_id":null,"subducting_plate_id":null,"plate_ids":[201,701],"name":"Ridge from iso A13 from SouthAmerica at 33.1Ma"},"geometry":{"type":"LineString","coordinates":[[-7.989,-9.711],[-8.111,-9.767],[-7.978,-10.204],[-7.844,-10.642],[-7.709,-11.079],[-7.575,-11.517],[-7.439,-11.955],[-7.304,-12.392],[-7.168,-12.829],[-7.031,-13.267],[-7.455,-13.332],[-7.879,-13.397],[-8.304,-13.462],[-8.728,-13.526],[-9.153,-13.589],[-9.578,-13.651],[-9.531,-14.148],[-9.485,-14.645],[-9.438,-15.142],[-9.39,-15.639],[-9.343,-16.136],[-9.295,-16.632],[-9.247,-17.129],[-9.199,-17.626],[-9.151,-18.123],[-9.624,-18.172],[-10.096,-18.22],[-10.57,-18.267],[-11.043,-18.313],[-11.0,-18.732],[-10.957,-19.151],[-10.914,-19.57],[-11.185,-19.594],[-11.455,-19.617],[-11.433,-20.106],[-11.41,-20.596],[-11.387,-21.085],[-10.995,-21.047],[-10.602,-21.009],[-10.21,-20.97],[-10.174,-21.382],[-10.138,-21.795],[-10.102,-22.207],[-10.066,-22.62],[-10.002,-23.003],[-9.938,-23.385],[-9.873,-23.768],[-9.808,-24.151],[-9.511,-24.159],[-9.214,-24.167],[-9.075,-24.647],[-8.936,-25.127],[-8.795,-25.607],[-8.654,-26.087],[-8.511,-26.566],[-8.367,-27.045],[-8.029,-27.02],[-7.69,-26.993],[-7.647,-27.403],[-7.603,-27.813],[-7.56,-28.223],[-7.516,-28.632],[-7.887,-28.657],[-8.258,-28.681],[-8.284,-28.94],[-8.309,-29.199],[-8.798,-29.242],[-9.287,-29.283],[-9.776,-29.322],[-9.769,-29.676],[-9.762,-30.03],[-9.755,-30.384],[-10.103,-30.449],[-10.045,-30.936],[-9.986,-31.423],[-10.268,-31.437],[-10.233,-31.862],[-10.198,-32.286],[-10.163,-32.711],[-10.127,-33.135],[-9.726,-33.094],[-9.325,-33.052],[-8.925,-33.009],[-8.871,-33.42],[-8.817,-33.83],[-8.761,-34.241],[-8.706,-34.651],[-8.386,-34.634],[-8.362,-35.012],[-8.338,-35.391],[-8.752,-35.458],[-9.167,-35.524],[-9.109,-35.976],[-9.05,-36.428],[-8.99,-36.88],[-8.929,-37.332],[-8.868,-37.783],[-8.806,-38.235],[-9.395,-38.287],[-9.986,-38.336],[-10.577,-38.383],[-10.527,-38.758],[-10.478,-39.133],[-10.427,-39.508],[-10.376,-39.883],[-10.812,-39.904],[-11.248,-39.924],[-11.684,-39.942],[-11.641,-40.32],[-11.598,-40.697],[-12.001,-40.72],[-12.405,-40.742],[-12.372,-41.129],[-12.339,-41.517],[-12.305,-41.904],[-12.93,-41.934],[-13.556,-41.96],[-13.535,-42.395],[-13.513,-42.831],[-13.49,-43.266],[-13.468,-43.701],[-13.445,-44.137],[-13.422,-44.572],[-13.398,-45.008],[-13.027,-44.996],[-12.657,-44.983],[-12.664,-45.442],[-12.671,-45.902],[-12.679,-46.362],[-12.686,-46.822],[-13.357,-46.841],[-14.028,-46.856],[-14.008,-47.279],[-13.987,-47.701],[-13.967,-48.124],[-13.945,-48.546],[-13.924,-48.969],[-13.441,-48.967],[-12.957,-48.964],[-12.944,-49.429],[-12.93,-49.894],[-12.915,-50.359],[-12.901,-50.824],[-12.886,-51.29],[-12.87,-51.755],[-12.19,-51.734],[-11.51,-51.708],[-10.831,-51.68],[-10.8,-52.106],[-10.768,-52.533],[-10.736,-52.96],[-10.702,-53.387],[-10.669,-53.814],[-9.942,-53.787],[-9.216,-53.755],[-8.491,-53.718],[-7.768,-53.678],[-7.046,-53.633],[-6.326,-53.583],[-6.242,-53.985],[-6.156,-54.386],[-6.068,-54.787],[-5.626,-54.751],[-5.185,-54.713],[-5.089,-55.067],[-4.991,-55.421],[-4.152,-55.317],[-3.318,-55.207],[-3.198,-55.605],[-3.076,-56.003],[-2.951,-56.401],[-2.824,-56.798],[-2.015,-56.691],[-1.864,-57.146],[-1.71,-57.602],[-1.551,-58.057],[-0.981,-57.999],[-0.819,-58.358],[-0.653,-58.718],[-0.485,-59.077],[0.076,-59.036],[0.181,-59.329],[0.289,-59.622],[1.157,-59.518],[2.019,-59.409],[2.875,-59.294],[3.039,-59.661],[3.208,-60.028],[3.799,-59.953],[4.388,-59.876],[4.472,-60.0]]}},{"type":"Feature","properties":{"boundary_type":"ridge","feature_type":"gpml:MidOceanRidge","polarity":null,"overriding_plate_id":null,"subducting_plate_id":null,"plate_ids":[201,802],"name":"Ridge from iso A13 from SouthAmerica at 33.1Ma"},"geometry":{"type":"LineString","coordinates":[[4.472,-60.0],[4.707,-60.339],[4.947,-60.677],[5.191,-61.014],[5.368,-61.318],[5.549,-61.622]]}},{"type":"Feature","properties":{"boundary_type":"ridge","feature_type":"gpml:MidOceanRidge","polarity":null,"overriding_plate_id":null,"subducting_plate_id":null,"plate_ids":[201,701],"name":"Ridge from iso A5 from South America at 10.9Ma"},"geometry":{"type":"LineString","coordinates":[[-42.048,10.01],[-41.635,9.895],[-41.221,9.779],[-40.808,9.664],[-40.395,9.547],[-40.404,9.067],[-40.413,8.587],[-40.421,8.108],[-40.43,7.628],[-40.438,7.148],[-40.051,7.098],[-39.665,7.049],[-39.681,6.618],[-39.314,6.573],[-39.341,6.2],[-39.369,5.827],[-39.396,5.455],[-38.935,5.393],[-38.475,5.331],[-38.014,5.269],[-37.554,5.206],[-37.094,5.143],[-36.634,5.079],[-36.652,4.685],[-36.67,4.291],[-36.44,4.278],[-36.455,3.998],[-36.47,3.719],[-36.253,3.692],[-36.268,3.403],[-36.284,3.115],[-36.027,3.095],[-35.77,3.075],[-35.786,2.775],[-35.802,2.474],[-35.331,2.434],[-34.859,2.395],[-34.388,2.355],[-33.917,2.315],[-33.91,1.934],[-33.473,1.897],[-33.035,1.86],[-32.598,1.823],[-32.58,1.587],[-32.202,1.55],[-31.824,1.514],[-31.806,1.18],[-31.473,1.129],[-31.14,1.077],[-31.138,0.737],[-30.708,0.721],[-30.278,0.706],[-29.849,0.69],[-29.419,0.674],[-29.405,0.193],[-29.392,-0.288],[-29.099,-0.3],[-28.807,-0.312],[-28.787,-0.737],[-28.768,-1.162],[-28.748,-1.587],[-28.728,-2.012],[-28.26,-2.006],[-27.793,-2.001],[-27.325,-1.995],[-26.857,-1.988],[-26.82,-2.473],[-26.784,-2.958],[-26.747,-3.443],[-26.709,-3.928],[-26.672,-4.413],[-26.334,-4.404],[-25.997,-4.394],[-25.919,-4.811],[-25.842,-5.229],[-25.353,-5.19],[-24.865,-5.151],[-24.376,-5.112],[-23.887,-5.072],[-23.399,-5.032],[-22.91,-4.991],[-22.422,-4.951],[-22.341,-5.29],[-22.261,-5.63],[-21.839,-5.594],[-21.418,-5.557],[-20.997,-5.519],[-20.888,-5.979],[-20.779,-6.438],[-20.669,-6.897],[-20.56,-7.356],[-20.08,-7.278],[-19.6,-7.2],[-19.12,-7.121],[-18.64,-7.042],[-18.161,-6.962],[-17.682,-6.882],[-17.202,-6.801],[-16.723,-6.72],[-16.245,-6.639],[-15.766,-6.557],[-15.288,-6.474],[-14.809,-6.391],[-14.331,-6.308],[-13.853,-6.224],[-13.375,-6.14],[-12.897,-6.055],[-12.42,-5.97],[-12.303,-6.364],[-12.186,-6.757],[-11.963,-6.729],[-11.854,-7.037],[-11.745,-7.345],[-11.484,-7.29],[-11.34,-7.614],[-10.886,-7.51],[-10.431,-7.406],[-9.977,-7.302],[-9.523,-7.197],[-9.069,-7.092],[-8.903,-7.5],[-8.737,-7.909],[-8.57,-8.318],[-8.404,-8.726],[-8.236,-9.134],[-8.113,-9.423],[-7.989,-9.711]]}},{"type":"Feature","properties":{"boundary_type":"ridge","feature_type":"gpml:MidOceanRidge","polarity":null,"overriding_plate_id":null,"subducting_plate_id":null,"plate_ids":[701,802],"name":"Ridge from iso A6 from Antarctica at 20.1Ma"},"geometry":{"type":"LineString","coordinates":[[4.472,-60.0],[4.67,-59.991],[5.237,-60.233],[5.812,-60.472],[6.396,-60.709],[6.834,-60.434],[7.44,-60.773],[8.048,-60.403],[8.642,-60.031],[9.264,-60.25],[9.894,-60.466],[10.409,-60.128],[10.915,-59.788],[11.41,-59.447],[11.895,-59.104],[12.37,-58.759],[13.136,-59.021],[13.914,-59.279],[14.329,-58.93],[14.735,-58.58],[15.134,-58.229],[15.525,-57.877],[16.23,-58.074],[16.943,-58.267],[17.172,-58.04],[17.397,-57.812],[17.935,-57.983],[18.478,-58.152],[18.736,-57.886],[18.99,-57.619],[19.729,-57.778],[20.474,-57.933],[21.226,-58.083],[22.096,-58.199],[22.972,-58.309],[23.854,-58.414],[24.74,-58.511],[25.632,-58.603],[26.527,-58.689],[27.427,-58.768],[28.331,-58.841],[29.239,-58.908],[30.15,-58.969],[30.325,-58.642],[30.497,-58.315],[30.666,-57.988],[31.291,-58.067],[31.92,-58.143],[32.551,-58.216],[32.707,-57.74],[33.265,-57.794],[33.825,-57.845],[33.984,-57.421],[34.138,-56.996],[34.289,-56.571],[34.812,-56.623],[35.335,-56.674],[35.484,-56.259],[35.63,-55.844],[35.773,-55.428],[35.912,-55.013],[36.049,-54.597],[36.183,-54.182],[36.702,-54.204],[37.222,-54.223],[37.362,-53.835],[37.5,-53.447],[37.636,-53.058]]}},{"type":"Feature","properties":{"boundary_type":"ridge","feature_type":"gpml:MidOceanRidge","polarity":null,"overriding_plate_id":null,"subducting_plate_id":null,"plate_ids":[709,802],"name":"Ridge from iso A6 from Antarctica at 20.1Ma"},"geometry":{"type":"LineString","coordinates":[[37.636,-53.058],[37.787,-52.618],[37.934,-52.177],[38.079,-51.736],[38.221,-51.295],[38.361,-50.853],[39.008,-50.891],[39.657,-50.926],[39.795,-50.455],[39.93,-49.983],[40.063,-49.511],[40.78,-49.408],[41.494,-49.3],[42.204,-49.188],[42.912,-49.072],[43.333,-48.843],[43.751,-48.613],[44.165,-48.381],[44.808,-48.394],[45.452,-48.403],[46.096,-48.408],[46.74,-48.41],[46.819,-47.939],[46.896,-47.468],[46.971,-46.998],[47.045,-46.527],[47.118,-46.056],[47.19,-45.584],[47.26,-45.113],[47.835,-44.893],[48.406,-44.671],[48.972,-44.445],[49.533,-44.216],[50.09,-43.985],[50.643,-43.751],[50.663,-43.372],[50.682,-42.993],[51.194,-42.928],[51.705,-42.861],[51.734,-42.602],[51.763,-42.343],[52.324,-42.168],[52.883,-41.99],[53.439,-41.809],[53.991,-41.626],[54.54,-41.44],[55.086,-41.252],[55.629,-41.061],[56.169,-40.867],[56.705,-40.671],[56.697,-40.387],[56.69,-40.103],[57.267,-39.967],[57.841,-39.828],[57.867,-39.376],[57.893,-38.924],[58.315,-38.615],[58.734,-38.304],[59.149,-37.991],[59.56,-37.678],[59.968,-37.362],[60.373,-37.046],[60.774,-36.728],[61.172,-36.409],[61.162,-36.024],[61.152,-35.639],[61.142,-35.254],[61.132,-34.869],[61.599,-34.559],[62.063,-34.248],[62.523,-33.936],[62.979,-33.621],[63.432,-33.305],[63.882,-32.987],[64.329,-32.668],[64.349,-32.305],[64.369,-31.942],[64.852,-31.92],[64.896,-31.452],[65.289,-31.411],[65.682,-31.37],[65.677,-30.986],[66.216,-30.862],[66.177,-30.626],[66.654,-30.536],[66.692,-30.339],[67.247,-30.271],[67.801,-30.201],[68.354,-30.128]]}},{"type":"Feature","properties":{"boundary_type":"ridge","feature_type":"gpml:MidOceanRidge","polarity":null,"overriding_plate_id":null,"subducting_plate_id":null,"plate_ids":[101,201],"name":"SouthAmerica North America BOUNDARY from BIRD 2002 model"},"geometry":{"type":"LineString","coordinates":[[-42.007,10.154],[-42.394,10.204],[-42.781,10.253],[-43.251,10.42],[-43.72,10.586],[-44.191,10.752],[-44.662,10.917],[-45.115,11.123],[-45.569,11.329],[-46.024,11.534],[-46.479,11.739],[-46.935,11.943],[-47.392,12.146],[-47.799,12.348],[-48.206,12.55],[-48.614,12.752],[-49.022,12.952],[-49.431,13.152],[-49.901,13.277],[-50.371,13.401],[-50.841,13.524],[-51.312,13.646],[-51.784,13.767],[-52.294,13.726],[-52.805,13.684],[-53.315,13.641],[-53.826,13.597],[-54.336,13.552],[-54.846,13.505],[-55.066,13.502]]}},{"type":"Feature","properties":{"boundary_type":"subduction","feature_type":"gpml:SubductionZone","polarity":"Right","overriding_plate_id":101,"subducting_plate_id":901,"plate_ids":[101,901],"name":"Aleutian and Bering Sea Masking Polygon"},"geometry":{"type":"LineString","coordinates":[[-123.11,65.831],[-124.144,65.672],[-125.167,65.506],[-126.175,65.333],[-127.171,65.154],[-128.153,64.968],[-129.121,64.776],[-130.075,64.578],[-131.015,64.373],[-131.941,64.163],[-132.853,63.947],[-133.7,63.72],[-134.534,63.487],[-135.354,63.25],[-136.161,63.009],[-136.954,62.762],[-137.734,62.512],[-138.501,62.257],[-139.068,62.079],[-139.628,61.899],[-140.093,61.742],[-140.554,61.583],[-141.203,61.479],[-141.847,61.372],[-142.674,61.174],[-143.169,61.046],[-143.661,60.917],[-144.218,60.791],[-144.772,60.663],[-145.598,60.501],[-146.477,60.4],[-147.349,60.293],[-148.216,60.181],[-149.077,60.063],[-149.932,59.939],[-150.78,59.81],[-151.708,59.716],[-152.631,59.616],[-153.548,59.51],[-154.459,59.397],[-155.364,59.278],[-156.262,59.153],[-157.154,59.021],[-158.075,58.928],[-158.992,58.829],[-159.903,58.723],[-160.808,58.611],[-161.707,58.492],[-162.6,58.367],[-163.512,58.363],[-164.423,58.352],[-165.333,58.334],[-166.242,58.31],[-167.15,58.279],[-168.056,58.243],[-168.96,58.199],[-169.862,58.15],[-170.623,58.222],[-171.387,58.29],[-172.154,58.353],[-172.924,58.411],[-173.82,58.53],[-174.721,58.642],[-175.629,58.748],[-176.542,58.848],[-177.314,59.064],[-178.096,59.275],[-178.887,59.481],[-179.689,59.683],[179.501,59.879],[178.681,60.071],[177.925,60.329],[177.157,60.582],[176.377,60.83],[175.585,61.075],[174.78,61.314],[173.964,61.549],[173.135,61.778],[172.392,62.047],[171.636,62.312],[170.866,62.572],[170.083,62.828],[169.287,63.08]]}},{"type":"Feature","properties":{"boundary_type":"subduction","feature_type":"gpml:SubductionZone","polarity":"Right","overriding_plate_id":null,"subducting_plate_id":null,"plate_ids":[901],"name":"Aleutian and Bering Sea Masking Polygon"},"geometry":{"type":"LineString","coordinates":[[169.287,63.08],[169.129,63.129]]}},{"type":"Feature","properties":{"boundary_type":"subduction","feature_type":"gpml:SubductionZone","polarity":"Right","overriding_plate_id":802,"subducting_plate_id":904,"plate_ids":[802,904],"name":"ANT NAZ 060 015 TF"},"geometry":{"type":"LineString","coordinates":[[-83.035,-69.136],[-81.973,-68.888],[-80.935,-68.634],[-80.133,-68.385],[-79.348,-68.132],[-78.383,-67.826],[-77.443,-67.515],[-76.514,-67.181],[-75.611,-66.842],[-74.73,-66.685],[-73.862,-66.523],[-72.833,-66.423],[-71.812,-66.317],[-70.801,-66.205],[-70.143,-66.08],[-69.491,-65.952],[-68.674,-65.835],[-67.865,-65.714],[-67.063,-65.588],[-66.269,-65.458],[-65.914,-65.348]]}},{"type":"Feature","properties":{"boundary_type":"subduction","feature_type":"gpml:SubductionZone","polarity":"Right","overriding_plate_id":101,"subducting_plate_id":902,"plate_ids":[101,902],"name":"COCOS - NORTH AMERICA TRENCH 1"},"geometry":{"type":"LineString","coordinates":[[-88.18,14.52],[-88.619,14.645],[-89.048,14.836],[-89.478,15.025],[-89.584,15.281],[-89.69,15.537],[-89.964,15.727],[-90.238,15.917],[-90.47,16.051],[-90.703,16.184],[-91.075,16.388],[-91.449,16.591],[-91.772,16.788],[-92.097,16.985],[-92.42,17.182],[-92.744,17.379],[-93.11,17.632],[-93.476,17.885],[-93.758,18.119],[-94.041,18.353],[-94.295,18.61],[-94.55,18.868],[-94.835,19.077],[-95.12,19.285],[-95.492,19.632],[-95.763,19.969],[-95.86,20.265],[-95.956,20.56],[-95.937,20.976],[-95.919,21.391],[-95.827,21.773],[-95.735,22.156],[-95.766,22.489],[-95.798,22.822],[-95.829,23.155],[-95.818,23.405]]}},{"type":"Feature","properties":{"boundary_type":"subduction","feature_type":"gpml:SubductionZone","polarity":"Left","overriding_plate_id":607,"subducting_plate_id":801,"plate_ids":[607,801],"name":"Indonesian bndy w AUS-mg"},"geometry":{"type":"LineString","coordinates":[[91.982,8.622],[92.22,8.333],[92.459,8.045],[92.763,7.671],[93.067,7.297],[93.37,6.923],[93.672,6.549],[93.975,6.175],[94.276,5.8],[94.578,5.426],[94.725,5.124],[94.872,4.822]]}},{"type":"Feature","properties":{"boundary_type":"subduction","feature_type":"gpml:SubductionZone","polarity":"Left","overriding_plate_id":686,"subducting_plate_id":801,"plate_ids":[686,801],"name":"Indonesian bndy w AUS-mg"},"geometry":{"type":"LineString","coordinates":[[94.872,4.822],[95.007,4.547],[95.141,4.272],[95.5,3.962],[95.859,3.652],[96.218,3.342],[96.577,3.032],[96.936,2.721],[97.37,2.542],[97.805,2.362],[98.24,2.182],[98.674,2.002],[99.108,1.822],[99.486,1.602],[99.864,1.383],[100.242,1.163],[100.62,0.943],[100.997,0.724],[101.352,0.464],[101.707,0.204],[102.062,-0.056],[102.469,-0.304],[102.876,-0.551],[103.282,-0.799],[103.689,-1.047],[104.096,-1.294],[104.503,-1.542],[104.91,-1.79],[105.317,-2.037],[105.724,-2.284],[106.132,-2.531],[106.539,-2.779]]}},{"type":"Feature","properties":{"boundary_type":"subduction","feature_type":"gpml:SubductionZone","polarity":"Left","overriding_plate_id":659,"subducting_plate_id":901,"plate_ids":[659,901],"name":"Izu Bonin Mariana Trench"},"geometry":{"type":"LineString","coordinates":[[153.17,22.807],[153.04,23.134],[152.781,23.572],[152.52,24.01],[152.339,24.39],[152.158,24.771],[151.975,25.151],[151.787,25.439],[151.599,25.726],[151.411,26.013],[151.206,26.314],[150.999,26.616],[150.792,26.917],[150.618,27.224],[150.443,27.532],[150.266,27.839],[150.091,28.146],[149.915,28.454],[149.737,28.761],[149.602,29.144],[149.465,29.528],[149.328,29.911],[149.189,30.294],[149.049,30.677],[148.922,31.165],[148.793,31.653],[148.663,32.14],[148.532,32.628],[148.367,33.02],[148.202,33.413],[148.035,33.805],[147.866,34.197],[147.734,34.568],[147.601,34.94],[147.467,35.311],[147.337,35.697],[147.206,36.082],[147.074,36.468],[146.94,36.853],[146.807,37.265],[146.673,37.676],[146.537,38.088],[146.399,38.499],[146.227,38.877],[146.053,39.254],[145.877,39.632],[145.699,40.009],[145.519,40.386],[145.415,40.836],[145.31,41.285],[145.203,41.735],[145.095,42.184],[144.986,42.633],[144.799,43.095],[144.61,43.556],[144.417,44.017],[144.222,44.478],[144.023,44.938],[143.822,45.398],[143.617,45.858],[143.41,46.311],[143.2,46.763],[142.987,47.216],[142.77,47.667],[142.549,48.119],[142.286,48.483],[142.02,48.847],[141.75,49.211]]}},{"type":"Feature","properties":{"boundary_type":"subduction","feature_type":"gpml:SubductionZone","polarity":"Right","overriding_plate_id":301,"subducting_plate_id":901,"plate_ids":[301,901],"name":"Japan sub zone fromEarthByte cob MG 4-20-07"},"geometry":{"type":"LineString","coordinates":[[142.345,53.865],[142.368,53.442],[142.319,53.003],[142.271,52.563],[142.224,52.123],[142.178,51.683],[142.133,51.243],[142.008,50.787],[141.886,50.33],[141.766,49.873],[141.757,49.542],[141.75,49.211]]}},{"type":"Feature","properties":{"boundary_type":"subduction","feature_type":"gpml:SubductionZone","polarity":"Right","overriding_plate_id":301,"subducting_plate_id":659,"plate_ids":[301,659],"name":"Japan sub zone fromEarthByte cob MG 4-20-07"},"geometry":{"type":"LineString","coordinates":[[141.75,49.211],[141.741,48.83],[141.732,48.449],[141.723,48.069],[141.714,47.688],[141.586,47.281],[141.459,46.874],[141.335,46.466],[141.212,46.059],[141.162,45.933]]}},{"type":"Feature","properties":{"boundary_type":"subduction","feature_type":"gpml:SubductionZone","polarity":"Right","overriding_plate_id":301,"subducting_plate_id":608,"plate_ids":[301,608],"name":"Japan sub zone fromEarthByte cob MG 4-20-07"},"geometry":{"type":"LineString","coordinates":[[141.162,45.933],[140.995,45.508],[140.831,45.083],[140.575,44.701],[140.322,44.318],[140.073,43.934],[139.691,43.549],[139.313,43.163],[139.073,42.767],[138.836,42.371],[138.242,42.249],[137.651,42.125],[137.062,41.998],[136.475,41.867],[136.033,41.623],[135.594,41.378],[135.159,41.13],[134.727,40.882],[134.298,40.631],[133.799,40.361],[133.304,40.089],[132.812,39.814],[132.487,39.683],[132.163,39.551],[131.742,39.382],[131.322,39.212],[130.905,39.04],[130.473,38.786],[130.044,38.53],[129.659,38.251],[129.277,37.971],[128.897,37.69],[128.362,37.498],[127.829,37.304]]}},{"type":"Feature","properties":{"boundary_type":"subduction","feature_type":"gpml:SubductionZone","polarity":"Right","overriding_plate_id":406,"subducting_plate_id":901,"plate_ids":[406,901],"name":"Kamchatka SZ from EarthByte COB at 0Ma -- MG 4/20/07"},"geometry":{"type":"LineString","coordinates":[[158.88,61.135],[158.25,60.826],[157.632,60.513],[157.026,60.198],[156.432,59.88],[155.962,59.622],[155.499,59.363],[155.043,59.103],[154.549,58.881],[154.062,58.658],[153.58,58.432],[152.864,58.193],[152.158,57.949],[151.461,57.701],[150.774,57.449],[150.097,57.194],[149.428,56.936],[149.018,56.729]]}},{"type":"Feature","properties":{"boundary_type":"subduction","feature_type":"gpml:SubductionZone","polarity":"Right","overriding_plate_id":null,"subducting_plate_id":null,"plate_ids":[901],"name":"Kamchatka SZ from EarthByte COB at 0Ma -- MG 4/20/07"},"geometry":{"type":"LineString","coordinates":[[149.018,56.729],[148.794,56.615]]}},{"type":"Feature","properties":{"boundary_type":"subduction","feature_type":"gpml:SubductionZone","polarity":"Right","overriding_plate_id":301,"subducting_plate_id":901,"plate_ids":[301,901],"name":"Kamchatka SZ from EarthByte COB at 0Ma -- MG 4/20/07"},"geometry":{"type":"LineString","coordinates":[[148.794,56.615],[148.165,56.288],[147.548,55.958],[147.063,55.66],[146.585,55.36],[145.923,55.095],[145.269,54.826],[144.624,54.553],[143.988,54.278],[143.437,54.143],[142.889,54.005],[142.345,53.865]]}},{"type":"Feature","properties":{"boundary_type":"subduction","feature_type":"gpml:SubductionZone","polarity":"Right","overriding_plate_id":839,"subducting_plate_id":901,"plate_ids":[839,901],"name":"Kermadec Trench DiCaprio"},"geometry":{"type":"LineString","coordinates":[[-175.782,-30.079],[-175.837,-30.425],[-175.892,-30.772],[-175.999,-31.201],[-176.107,-31.631],[-176.217,-32.06],[-176.327,-32.49],[-176.438,-32.919],[-176.551,-33.348],[-176.664,-33.777],[-176.779,-34.206],[-176.826,-34.657],[-176.874,-35.107],[-176.921,-35.558],[-176.97,-36.008],[-176.927,-36.384],[-176.883,-36.76],[-176.839,-37.135],[-177.043,-37.531],[-177.248,-37.927],[-177.456,-38.322],[-177.666,-38.717],[-177.878,-39.112]]}},{"type":"Feature","properties":{"boundary_type":"subduction","feature_type":"gpml:SubductionZone","polarity":"Right","overriding_plate_id":801,"subducting_plate_id":901,"plate_ids":[801,901],"name":"Kermadec Trench DiCaprio"},"geometry":{"type":"LineString","coordinates":[[-177.878,-39.112],[-177.911,-39.172],[-178.12,-39.489],[-178.331,-39.806]]}},{"type":"Feature","properties":{"boundary_type":"subduction","feature_type":"gpml:SubductionZone","polarity":"Left","overriding_plate_id":301,"subducting_plate_id":522,"plate_ids":[301,522],"name":"Mediterranean Subduction, DB 04-2007"},"geometry":{"type":"LineString","coordinates":[[35.583,33.737],[35.95,33.829],[36.318,33.92],[36.759,33.962],[37.201,34.002],[37.644,34.04],[38.024,34.088],[38.405,34.135]]}},{"type":"Feature","properties":{"boundary_type":"subduction","feature_type":"gpml:SubductionZone","polarity":"Left","overriding_plate_id":301,"subducting_plate_id":503,"plate_ids":[301,503],"name":"Mediterranean Subduction, DB 04-2007"},"geometry":{"type":"LineString","coordinates":[[38.405,34.135],[38.74,34.175],[39.076,34.215],[39.501,34.162],[39.925,34.107],[40.349,34.051],[40.888,33.992],[41.426,33.931],[41.963,33.868],[42.233,33.69],[42.502,33.512],[42.803,33.308],[43.103,33.103],[43.436,32.906],[43.768,32.709],[44.098,32.51],[44.548,32.25],[44.996,31.988],[45.441,31.724],[45.931,31.476],[46.418,31.225],[46.902,30.973],[47.384,30.719],[47.864,30.463],[48.348,30.203],[48.829,29.941],[49.309,29.677],[49.785,29.412],[50.259,29.145],[50.731,28.876],[51.165,28.591],[51.596,28.305],[52.026,28.017],[52.453,27.729],[52.878,27.438],[53.281,27.164],[53.682,26.889],[54.081,26.613],[54.479,26.335],[54.874,26.057],[55.268,25.777],[55.71,25.641],[56.151,25.504],[56.591,25.366],[57.03,25.226],[57.468,25.085],[57.906,24.943],[58.372,24.804],[58.837,24.664],[59.301,24.523],[59.763,24.38],[60.24,24.307],[60.715,24.234],[61.19,24.158],[61.665,24.081],[62.139,24.003],[62.595,24.085],[63.051,24.165],[63.508,24.244],[63.966,24.321],[64.424,24.397],[64.67,24.427]]}},{"type":"Feature","properties":{"boundary_type":"subduction","feature_type":"gpml:SubductionZone","polarity":"Right","overriding_plate_id":922,"subducting_plate_id":901,"plate_ids":[901,922],"name":"MelanesiaVityaz DiCaprio"},"geometry":{"type":"LineString","coordinates":[[163.767,1.462],[164.004,1.252],[164.241,1.042],[164.554,0.758],[164.866,0.475],[165.179,0.191],[165.491,-0.092],[165.804,-0.376],[166.039,-0.74],[166.275,-1.104],[166.51,-1.469],[166.739,-1.771],[166.969,-2.073],[167.198,-2.375],[167.537,-2.545],[167.877,-2.715],[168.216,-2.884],[168.7,-2.973],[169.184,-3.061],[169.668,-3.149],[169.993,-3.362],[170.317,-3.574],[170.642,-3.786],[170.967,-3.998],[171.335,-4.144],[171.703,-4.289],[172.072,-4.435],[172.291,-4.678],[172.51,-4.922],[172.862,-5.038]]}},{"type":"Feature","properties":{"boundary_type":"subduction","feature_type":"gpml:SubductionZone","polarity":"Left","overriding_plate_id":645,"subducting_plate_id":801,"plate_ids":[645,801],"name":"Sulawesi subduction"},"geometry":{"type":"LineString","coordinates":[[120.278,-5.885],[120.638,-5.927],[120.998,-5.968],[121.419,-5.983],[121.84,-5.997],[122.261,-6.011],[122.683,-6.025],[123.141,-6.157],[123.6,-6.289],[124.059,-6.42],[124.518,-6.552],[124.977,-6.682],[125.437,-6.813],[125.869,-6.841],[126.301,-6.869],[126.734,-6.897],[127.166,-6.924],[127.598,-6.951],[128.031,-6.978],[128.463,-7.004],[128.923,-7.042],[129.383,-7.08],[129.842,-7.117],[130.302,-7.154],[130.762,-7.191],[131.222,-7.227],[131.682,-7.262],[132.142,-7.297],[132.602,-7.332],[133.062,-7.366],[133.523,-7.4]]}},{"type":"Feature","properties":{"boundary_type":"subduction","feature_type":"gpml:SubductionZone","polarity":"Right","overriding_plate_id":839,"subducting_plate_id":901,"plate_ids":[839,901],"name":"Tonga Trench DiCaprio"},"geometry":{"type":"LineString","coordinates":[[179.868,-13.934],[179.955,-14.103],[-179.857,-14.509],[-179.669,-14.915],[-179.48,-15.321],[-179.29,-15.727],[-179.1,-16.132],[-178.872,-16.522],[-178.644,-16.912],[-178.415,-17.301],[-178.185,-17.691],[-177.954,-18.08],[-177.848,-18.468],[-177.742,-18.855],[-177.635,-19.243],[-177.527,-19.631],[-177.419,-20.019],[-177.274,-20.479],[-177.128,-20.939],[-176.98,-21.399],[-176.832,-21.859],[-176.683,-22.319],[-176.671,-22.817],[-176.659,-23.316],[-176.647,-23.814],[-176.635,-24.312],[-176.623,-24.81],[-176.611,-25.308],[-176.588,-25.687],[-176.565,-26.066],[-176.542,-26.445],[-176.519,-26.824],[-176.452,-27.305],[-176.383,-27.786],[-176.314,-28.267],[-176.245,-28.747],[-176.092,-29.191],[-175.937,-29.635],[-175.782,-30.079]]}},{"type":"Feature","properties":{"boundary_type":"subduction","feature_type":"gpml:SubductionZone","polarity":"Right","overriding_plate_id":null,"subducting_plate_id":null,"plate_ids":[101,902],"name":"Trench Baja California COB MG 4-30-07"},"geometry":{"type":"LineString","coordinates":[[-95.818,23.405],[-96.049,23.591],[-96.11,23.636],[-96.25,23.828],[-96.391,24.012],[-96.498,24.151],[-96.705,24.421],[-96.894,24.681],[-97.051,24.881],[-97.171,25.095],[-97.29,25.316],[-97.451,25.598],[-97.567,25.744],[-97.678,25.948],[-97.926,26.139],[-98.175,26.33],[-98.304,26.525],[-98.463,26.698],[-98.618,26.813],[-98.801,27.02],[-98.977,27.217],[-99.147,27.478],[-99.159,27.551],[-99.213,27.676],[-99.303,27.969],[-99.427,28.127],[-99.605,28.319],[-99.782,28.51],[-99.872,28.724],[-99.908,28.903],[-100.134,29.158],[-100.308,29.378],[-100.435,29.507],[-100.566,29.607],[-100.749,29.741],[-100.788,29.891],[-100.887,30.017],[-100.972,30.259],[-101.063,30.444],[-101.075,30.468]]}},{"type":"Feature","properties":{"boundary_type":"subduction","feature_type":"gpml:SubductionZone","polarity":"Right","overriding_plate_id":null,"subducting_plate_id":null,"plate_ids":[903],"name":"Western NAM subduction"},"geometry":{"type":"LineString","coordinates":[[-107.56,36.833],[-107.952,36.995],[-108.345,37.155],[-108.648,37.542],[-108.953,37.928],[-109.169,38.263],[-109.386,38.599],[-109.606,38.934],[-109.828,39.268],[-110.16,39.696],[-110.496,40.124],[-110.837,40.55],[-111.181,40.975],[-111.423,41.42],[-111.667,41.864],[-111.916,42.308],[-112.167,42.751],[-112.228,43.2],[-112.29,43.648],[-112.353,44.097],[-112.417,44.545],[-112.482,44.994],[-112.548,45.442],[-112.304,45.822],[-112.057,46.201],[-111.806,46.579],[-111.552,46.957],[-111.294,47.334],[-111.19,47.802],[-111.083,48.269],[-110.975,48.736],[-110.864,49.203],[-110.919,49.675],[-110.975,50.147],[-111.033,50.62],[-111.091,51.092],[-111.155,51.492],[-111.219,51.892],[-111.285,52.292]]}},{"type":"Feature","properties":{"boundary_type":"other","feature_type":"gpml:TerraneBoundary","polarity":null,"overriding_plate_id":null,"subducting_plate_id":null,"plate_ids":[802,901],"name":"E/W ANT"},"geometry":{"type":"LineString","coordinates":[[173.477,-65.802],[173.974,-66.035],[174.479,-66.266],[174.768,-66.476]]}},{"type":"Feature","properties":{"boundary_type":"transform","feature_type":"gpml:Transform","polarity":null,"overriding_plate_id":null,"subducting_plate_id":null,"plate_ids":[607,801],"name":"Inferred transform"},"geometry":{"type":"LineString","coordinates":[[91.982,8.622],[91.916,9.101],[91.85,9.58],[91.784,10.059],[91.717,10.538],[91.65,11.017],[91.583,11.496],[91.516,11.975],[91.449,12.454],[91.381,12.934],[91.326,13.383],[91.27,13.832],[91.215,14.282],[91.159,14.731],[91.103,15.181],[91.046,15.63],[90.99,16.08],[90.933,16.529],[90.875,16.978],[90.857,17.428],[90.839,17.878],[90.82,18.327],[90.802,18.777],[90.783,19.227],[90.764,19.677],[90.745,20.126],[90.726,20.576],[90.757,21.021],[90.787,21.466],[90.818,21.911],[90.849,22.356],[90.881,22.801],[90.912,23.246],[90.944,23.692],[90.976,24.137],[91.07,24.545],[91.164,24.954],[91.259,25.363],[91.355,25.772],[91.451,26.18],[91.498,26.309]]}},{"type":"Feature","properties":{"boundary_type":"transform","feature_type":"gpml:Transform","polarity":null,"overriding_plate_id":null,"subducting_plate_id":null,"plate_ids":[301,607],"name":"Inferred transform"},"geometry":{"type":"LineString","coordinates":[[91.498,26.309],[91.653,26.738],[91.809,27.166],[91.967,27.594],[92.126,28.022],[92.286,28.45],[92.447,28.877],[92.61,29.305]]}},{"type":"Feature","properties":{"boundary_type":"transform","feature_type":"gpml:Transform","polarity":null,"overriding_plate_id":null,"subducting_plate_id":null,"plate_ids":[101,301],"name":"King's Trough"},"geometry":{"type":"LineString","coordinates":[[-22.592,37.555],[-22.379,37.508]]}},{"type":"Feature","properties":{"boundary_type":"transform","feature_type":"gpml:Transform","polarity":null,"overriding_plate_id":null,"subducting_plate_id":null,"plate_ids":[301],"name":"North Porcupine Transform"},"geometry":{"type":"LineString","coordinates":[[-24.687,45.329],[-24.141,45.304]]}},{"type":"Feature","properties":{"boundary_type":"transform","feature_type":"gpml:Transform","polarity":null,"overriding_plate_id":null,"subducting_plate_id":null,"plate_ids":[301,603],"name":"Red River Fault"},"geometry":{"type":"LineString","coordinates":[[91.467,31.385],[91.784,31.468],[92.228,31.588],[92.673,31.706],[93.12,31.823],[93.648,31.765],[94.176,31.705],[94.703,31.642],[95.116,31.311],[95.525,30.978],[95.932,30.644],[96.337,30.309],[96.738,29.973],[97.088,29.623],[97.435,29.273],[97.78,28.922],[98.122,28.571],[98.463,28.218],[98.865,27.896],[99.265,27.572],[99.662,27.248]]}},{"type":"Feature","properties":{"boundary_type":"transform","feature_type":"gpml:Transform","polarity":null,"overriding_plate_id":null,"subducting_plate_id":null,"plate_ids":[301,604],"name":"Red River Fault"},"geometry":{"type":"LineString","coordinates":[[99.662,27.248],[99.824,27.115],[100.271,26.886],[100.717,26.656],[101.161,26.424],[101.603,26.191],[101.992,25.976],[102.379,25.76],[102.766,25.543],[103.151,25.325],[103.534,25.106],[103.923,24.814],[104.31,24.522],[104.695,24.228],[105.078,23.934],[105.459,23.639],[105.839,23.342],[106.217,23.045],[106.568,22.789],[106.918,22.531],[107.267,22.273],[107.614,22.014],[107.96,21.755]]}},{"type":"Feature","properties":{"boundary_type":"transform","feature_type":"gpml:Transform","polarity":null,"overriding_plate_id":null,"subducting_plate_id":null,"plate_ids":[603,604],"name":"Three Pagodas Fault (inferred extent)"},"geometry":{"type":"LineString","coordinates":[[99.662,27.248],[99.651,26.881],[99.64,26.514],[99.647,26.102],[99.653,25.689],[99.66,25.277],[99.666,24.865],[99.587,24.498],[99.507,24.131],[99.428,23.764],[99.286,23.298],[99.144,22.832],[99.003,22.366],[98.994,21.889],[98.985,21.412],[98.977,20.934],[98.968,20.457],[99.017,20.037],[99.066,19.617],[99.115,19.198],[99.163,18.778],[99.211,18.358],[99.259,17.939],[99.469,17.519],[99.678,17.098],[99.886,16.678],[100.093,16.257]]}},{"type":"Feature","properties":{"boundary_type":"transform","feature_type":"gpml:Transform","polarity":null,"overriding_plate_id":null,"subducting_plate_id":null,"plate_ids":[604,673],"name":"Three Pagodas Fault (inferred extent)"},"geometry":{"type":"LineString","coordinates":[[100.093,16.257],[100.224,15.992],[100.354,15.726],[100.704,15.386],[101.053,15.045],[101.401,14.703],[101.748,14.361],[102.094,14.018],[102.438,13.675],[102.782,13.331],[103.125,12.987],[103.467,12.642],[103.808,12.297],[104.206,12.084],[104.603,11.87],[105.0,11.655],[105.396,11.44],[105.791,11.225],[106.186,11.009],[106.58,10.792],[106.974,10.575],[107.416,10.533],[107.858,10.49],[108.3,10.446],[108.742,10.402],[109.184,10.357],[109.626,10.312],[110.056,10.277],[110.486,10.242],[110.916,10.206],[111.345,10.17],[111.775,10.133],[112.205,10.095]]}},{"type":"Feature","properties":{"boundary_type":"other","feature_type":"gpml:UnclassifiedFeature","polarity":null,"overriding_plate_id":null,"subducting_plate_id":null,"plate_ids":[101],"name":"NE SIberia"},"geometry":{"type":"LineString","coordinates":[[169.287,63.08],[169.173,63.166]]}},{"type":"Feature","properties":{"boundary_type":"other","feature_type":"gpml:UnclassifiedFeature","polarity":null,"overriding_plate_id":null,"subducting_plate_id":null,"plate_ids":[101,406],"name":"NE SIberia"},"geometry":{"type":"LineString","coordinates":[[169.173,63.166],[168.77,63.465],[168.358,63.762],[167.945,64.136],[167.52,64.509],[167.084,64.88],[166.384,65.28],[165.662,65.677],[164.918,66.07],[164.151,66.459],[163.573,66.797],[162.979,67.133],[162.369,67.466],[161.741,67.797],[161.096,68.125],[160.722,68.308]]}},{"type":"Feature","properties":{"boundary_type":"transform","feature_type":"gpml:Transform","polarity":null,"overriding_plate_id":null,"subducting_plate_id":null,"plate_ids":[801,853],"name":"Extend deforming zone"},"geometry":{"type":"LineString","coordinates":[[173.912,-40.389],[174.463,-40.163],[175.01,-39.935],[175.554,-39.704],[176.047,-39.673],[176.539,-39.639],[177.031,-39.604]]}},{"type":"Feature","properties":{"boundary_type":"transform","feature_type":"gpml:Transform","polarity":null,"overriding_plate_id":null,"subducting_plate_id":null,"plate_ids":[801,839],"name":"Extend deforming zone"},"geometry":{"type":"LineString","coordinates":[[177.031,-39.604],[177.671,-39.555],[178.31,-39.502],[178.948,-39.445],[179.585,-39.386],[-179.779,-39.322],[-179.144,-39.256],[-178.511,-39.186],[-177.878,-39.112]]}},{"type":"Feature","properties":{"boundary_type":"subduction","feature_type":"gpml:SubductionZone","polarity":"Right","overriding_plate_id":null,"subducting_plate_id":null,"plate_ids":[406],"name":"Shirshov Ridge Subduction"},"geometry":{"type":"LineString","coordinates":[[169.173,63.166],[169.129,63.129]]}},{"type":"Feature","properties":{"boundary_type":"subduction","feature_type":"gpml:SubductionZone","polarity":"Right","overriding_plate_id":406,"subducting_plate_id":901,"plate_ids":[406,901],"name":"Shirshov Ridge Subduction"},"geometry":{"type":"LineString","coordinates":[[169.129,63.129],[168.986,63.009],[168.569,62.73],[168.16,62.45],[167.758,62.169],[167.603,61.772],[167.452,61.374],[167.304,60.977],[166.77,60.629],[166.061,60.436],[165.108,60.271],[164.501,60.313],[163.892,60.353],[163.149,60.459],[162.4,60.562],[161.911,60.675],[161.418,60.786],[160.578,60.908],[159.732,61.024],[158.88,61.135]]}},{"type":"Feature","properties":{"boundary_type":"ridge","feature_type":"gpml:MidOceanRidge","polarity":null,"overriding_plate_id":null,"subducting_plate_id":null,"plate_ids":[101,224],"name":"Ridge from iso on CAR at 25Ma"},"geometry":{"type":"LineString","coordinates":[[-74.221,15.106],[-74.221,15.125],[-74.232,15.574],[-74.243,16.023]]}},{"type":"Feature","properties":{"boundary_type":"ridge","feature_type":"gpml:MidOceanRidge","polarity":null,"overriding_plate_id":null,"subducting_plate_id":null,"plate_ids":[101,301],"name":"Ridge from iso A6 from NorthAmerica 20.1Ma"},"geometry":{"type":"LineString","coordinates":[[-22.379,37.508],[-22.602,37.167],[-22.822,36.827],[-23.041,36.486],[-23.257,36.145],[-23.33,35.844],[-23.405,35.587],[-23.509,35.105],[-23.612,34.623],[-23.715,34.44],[-23.818,33.982],[-23.92,33.524],[-24.213,33.462],[-24.291,33.094],[-24.369,32.726],[-24.276,32.676],[-24.38,32.211],[-24.483,31.746],[-24.585,31.281],[-24.685,31.281],[-24.936,30.923],[-25.184,30.564],[-25.396,30.59],[-25.49,30.41],[-25.918,30.534],[-26.348,30.657],[-26.778,30.779],[-26.961,30.388],[-27.142,29.996],[-27.181,30.008],[-27.544,29.648],[-27.905,29.287]]}},{"type":"Feature","properties":{"boundary_type":"ridge","feature_type":"gpml:MidOceanRidge","polarity":null,"overriding_plate_id":null,"subducting_plate_id":null,"plate_ids":[101,701],"name":"Ridge from iso A6 from NorthAmerica 20.1Ma"},"geometry":{"type":"LineString","coordinates":[[-27.905,29.287],[-28.224,28.964],[-28.315,28.978],[-28.633,28.7],[-28.95,28.421],[-29.368,28.542],[-29.786,28.662],[-29.889,28.378],[-29.991,28.094],[-30.28,28.167],[-30.568,28.239],[-30.66,27.918],[-30.751,27.596],[-31.043,27.68],[-31.335,27.764],[-31.549,27.436],[-31.761,27.108],[-32.142,27.226],[-32.523,27.343],[-32.904,27.459],[-33.161,27.131],[-33.416,26.803],[-33.169,26.729],[-33.428,26.406],[-33.686,26.083],[-33.885,26.14],[-34.176,25.766],[-34.466,25.392],[-34.753,25.017],[-35.036,25.113],[-35.318,25.208],[-35.601,24.795],[-35.881,24.381],[-36.16,23.966],[-36.561,24.075],[-36.759,23.785],[-36.956,23.494],[-37.075,23.514],[-37.275,23.201],[-37.474,22.888],[-37.554,22.896],[-37.795,22.519],[-38.035,22.142],[-38.273,21.764],[-38.51,21.386],[-38.746,21.008],[-38.981,20.629],[-39.214,20.25],[-39.424,19.868],[-39.633,19.485],[-39.912,19.565],[-40.058,19.22],[-40.205,18.875],[-40.353,18.91],[-40.493,18.566],[-40.633,18.223],[-40.207,18.063],[-39.782,17.903],[-39.954,17.455],[-40.124,17.007],[-39.989,16.947],[-40.129,16.573],[-40.269,16.199],[-40.122,16.14],[-40.265,15.743],[-40.407,15.345],[-40.548,14.947],[-40.389,14.885],[-40.527,14.484],[-40.663,14.082],[-40.8,13.679],[-40.935,13.277],[-40.772,13.222],[-40.854,12.948],[-40.935,12.674],[-41.098,12.714],[-41.216,12.347],[-41.333,11.979],[-41.479,12.004],[-41.611,11.541],[-41.744,11.079],[-41.876,10.616],[-42.007,10.154]]}},{"type":"Feature","properties":{"boundary_type":"ridge","feature_type":"gpml:MidOceanRidge","polarity":null,"overriding_plate_id":null,"subducting_plate_id":null,"plate_ids":[201,701],"name":"Ridge from iso A6 from NorthAmerica 20.1Ma"},"geometry":{"type":"LineString","coordinates":[[-42.007,10.154],[-42.048,10.01]]}},{"type":"Feature","properties":{"boundary_type":"ridge","feature_type":"gpml:MidOceanRidge","polarity":null,"overriding_plate_id":null,"subducting_plate_id":null,"plate_ids":[101,301],"name":"Ridge from iso A6 from NorthAmerica 20.1Ma"},"geometry":{"type":"LineString","coordinates":[[-27.61,49.299],[-27.719,48.885],[-27.826,48.471],[-27.931,48.058],[-28.035,47.644],[-28.137,47.23],[-28.142,46.854],[-28.147,46.479],[-28.152,46.104],[-28.157,45.729],[-27.459,45.657],[-26.763,45.582],[-26.069,45.502],[-25.377,45.418],[-24.687,45.329]]}},{"type":"Feature","properties":{"boundary_type":"ridge","feature_type":"gpml:MidOceanRidge","polarity":null,"overriding_plate_id":null,"subducting_plate_id":null,"plate_ids":[101],"name":"Ridge from iso A6 from NorthAmerica 20.1Ma"},"geometry":{"type":"LineString","coordinates":[[-24.687,45.329],[-24.141,45.256]]}},{"type":"Feature","properties":{"boundary_type":"ridge","feature_type":"gpml:MidOceanRidge","polarity":null,"overriding_plate_id":null,"subducting_plate_id":null,"plate_ids":[301],"name":"Ridge from iso A6 from NorthAmerica 20.1Ma"},"geometry":{"type":"LineString","coordinates":[[148.794,56.615],[148.787,56.622]]}},{"type":"Feature","properties":{"boundary_type":"ridge","feature_type":"gpml:MidOceanRidge","polarity":null,"overriding_plate_id":null,"subducting_plate_id":null,"plate_ids":[101,301],"name":"Ridge from iso A6 from NorthAmerica 20.1Ma"},"geometry":{"type":"LineString","coordinates":[[148.787,56.622],[148.452,56.989],[148.111,57.355],[147.763,57.72],[147.408,58.084],[147.032,58.48],[146.647,58.875],[146.254,59.269],[145.851,59.661],[145.439,60.052],[145.017,60.442],[144.429,60.736],[143.831,61.028],[143.222,61.317],[142.916,61.789],[142.599,62.261],[142.273,62.732],[141.936,63.202],[141.588,63.672],[141.228,64.14],[140.856,64.608],[140.471,65.075],[140.073,65.54],[139.659,66.005],[139.231,66.468],[138.786,66.931],[138.324,67.392],[137.844,67.851],[137.344,68.309],[136.824,68.766],[136.283,69.221],[135.718,69.674],[135.129,70.125],[134.513,70.574],[133.87,71.021],[133.197,71.466],[132.492,71.908],[131.753,72.348],[130.978,72.784],[130.163,73.218],[129.307,73.648],[128.406,74.075],[127.457,74.497],[126.457,74.915],[125.401,75.329],[124.286,75.738],[123.106,76.141],[121.858,76.538],[120.537,76.929],[119.136,77.312],[117.65,77.688],[116.073,78.055],[114.398,78.413],[112.62,78.761],[110.732,79.097],[108.728,79.422],[106.601,79.732],[104.346,80.028],[101.958,80.308],[99.434,80.571],[96.772,80.815],[93.972,81.038],[92.368,81.342],[90.649,81.639],[88.806,81.928],[86.829,82.208],[83.535,82.426],[80.058,82.618],[76.412,82.781],[72.614,82.914],[68.688,83.015],[64.77,83.16],[60.703,83.272],[56.521,83.349],[52.265,83.39],[48.433,83.235],[44.787,83.052],[41.341,82.842],[38.101,82.608],[34.967,82.349],[32.046,82.068],[29.329,81.768],[26.808,81.451],[23.966,81.381],[21.177,81.291],[18.45,81.18],[15.796,81.051],[14.279,80.811],[12.839,80.564],[11.472,80.312],[10.147,79.911],[8.923,79.504],[7.789,79.094],[6.218,78.742],[4.742,78.382],[3.354,78.016],[2.048,77.642],[0.818,77.264],[-0.342,76.879],[-1.436,76.49],[-2.47,76.096],[-2.81,75.753],[-3.135,75.41],[-2.062,75.063],[-1.037,74.711],[-0.058,74.355],[0.878,73.994],[1.703,73.612],[2.491,73.226],[3.245,72.838],[3.966,72.447],[4.656,72.053],[5.318,71.658],[5.953,71.26],[6.562,70.859],[6.076,70.594],[5.603,70.327],[6.188,70.081],[6.759,69.834],[6.294,69.57],[5.84,69.304],[6.172,69.123],[5.757,68.778],[5.355,68.432],[4.965,68.085],[5.986,67.843],[6.986,67.595],[7.966,67.341],[7.735,67.017],[7.511,66.693],[6.786,66.404],[6.078,66.112],[5.386,65.817],[4.347,65.583],[3.326,65.342],[2.323,65.095],[1.34,64.841],[0.375,64.58],[-0.421,64.422],[-1.207,64.259],[-1.985,64.091],[-2.752,63.92],[-3.398,63.697],[-4.034,63.471],[-4.639,63.545],[-5.248,63.616],[-5.872,63.232],[-6.783,63.369],[-7.703,63.5],[-8.63,63.624],[-9.566,63.743],[-9.85,63.339],[-10.125,62.935],[-10.393,62.53],[-10.654,62.124],[-11.263,61.809],[-11.86,61.49],[-12.176,61.068],[-12.484,60.645],[-12.785,60.222],[-13.032,59.761],[-13.272,59.299],[-13.506,58.837],[-13.641,58.677],[-13.717,58.557],[-13.803,58.436],[-13.877,58.325],[-14.349,58.153],[-14.526,58.069],[-14.789,58.006],[-15.009,57.923],[-15.176,57.85],[-15.429,57.75],[-15.893,57.494],[-16.351,57.237],[-16.803,56.977],[-17.075,56.728],[-17.349,56.487],[-17.62,56.246],[-18.089,55.91],[-18.527,55.63],[-18.958,55.348],[-19.383,55.064],[-19.813,54.789],[-20.237,54.512],[-20.654,54.233],[-21.065,53.914],[-21.47,53.594],[-21.868,53.272],[-22.25,53.012],[-22.627,52.751],[-22.999,52.489],[-23.354,52.202],[-23.703,51.914],[-24.049,51.625],[-24.408,51.364],[-24.764,51.102],[-25.004,51.127],[-25.145,50.873],[-25.284,50.619],[-25.467,50.622],[-25.731,50.27],[-25.991,49.917],[-26.49,49.942],[-26.989,49.965],[-27.302,49.632],[-27.61,49.299]]}},{"type":"Feature","properties":{"boundary_type":"ridge","feature_type":"gpml:MidOceanRidge","polarity":null,"overriding_plate_id":null,"subducting_plate_id":null,"plate_ids":[901,903],"name":"VAN-PAC MOR"},"geometry":{"type":"LineString","coordinates":[[-115.23,54.843],[-115.155,54.418],[-115.08,53.993],[-115.007,53.568],[-115.564,53.454],[-115.919,53.193],[-116.27,52.931],[-116.616,52.668],[-116.657,52.228],[-116.697,51.788],[-116.736,51.348],[-117.516,51.354],[-118.297,51.355],[-119.077,51.351],[-119.113,50.879],[-119.148,50.406],[-119.182,49.933],[-119.215,49.46],[-119.248,48.987],[-119.281,48.514],[-119.312,48.041],[-119.343,47.568],[-118.641,47.556],[-117.939,47.539],[-117.237,47.519],[-117.23,47.062],[-117.222,46.605],[-117.215,46.149],[-117.208,45.692],[-117.202,45.236],[-117.195,44.779],[-117.188,44.322],[-117.182,43.866],[-117.175,43.409],[-116.504,43.431],[-115.833,43.45],[-115.161,43.464],[-114.488,43.474],[-114.478,43.011],[-114.468,42.547],[-114.458,42.083],[-114.448,41.62],[-114.438,41.156],[-114.428,40.692],[-114.802,40.673],[-115.196,40.297],[-115.585,39.919],[-115.97,39.54],[-116.35,39.16],[-116.362,38.725],[-116.374,38.289],[-116.385,37.854],[-116.397,37.419],[-116.408,36.983],[-116.419,36.548],[-116.43,36.113]]}},{"type":"Feature","properties":{"boundary_type":"subduction","feature_type":"gpml:SubductionZone","polarity":"Left","overriding_plate_id":608,"subducting_plate_id":801,"plate_ids":[608,801],"name":"East Philippine Isl Nthward Subduction DiCaprio"},"geometry":{"type":"LineString","coordinates":[[129.217,9.121],[129.615,8.832],[130.013,8.542],[130.41,8.252],[130.788,7.98],[131.165,7.708],[131.542,7.436],[131.918,7.163],[132.294,6.89],[132.669,6.617],[133.037,6.388],[133.404,6.159],[133.771,5.93],[134.138,5.7],[134.504,5.47],[134.921,5.223],[135.337,4.975],[135.752,4.727],[136.168,4.479],[136.491,4.177],[136.813,3.876],[137.135,3.574],[137.42,3.281],[137.705,2.989],[137.989,2.696],[138.17,2.396],[138.351,2.096],[138.532,1.795],[138.64,1.357],[138.749,0.919],[138.857,0.481],[138.965,0.043],[139.154,-0.315],[139.342,-0.673],[139.531,-1.031],[139.719,-1.389],[140.134,-1.567],[140.55,-1.744],[140.965,-1.922],[141.38,-2.099],[141.796,-2.277],[142.211,-2.454],[142.665,-2.62],[143.119,-2.786],[143.573,-2.952],[144.027,-3.118]]}},{"type":"Feature","properties":{"boundary_type":"subduction","feature_type":"gpml:SubductionZone","polarity":"Left","overriding_plate_id":null,"subducting_plate_id":null,"plate_ids":[801],"name":"East Philippine Isl Nthward Subduction DiCaprio"},"geometry":{"type":"LineString","coordinates":[[144.027,-3.118],[144.083,-3.138]]}},{"type":"Feature","properties":{"boundary_type":"subduction","feature_type":"gpml:SubductionZone","polarity":"Left","overriding_plate_id":null,"subducting_plate_id":null,"plate_ids":[688],"name":"Proto Caroline arc"},"geometry":{"type":"LineString","coordinates":[[144.023,-3.129],[144.083,-3.138]]}},{"type":"Feature","properties":{"boundary_type":"subduction","feature_type":"gpml:SubductionZone","polarity":"Left","overriding_plate_id":688,"subducting_plate_id":801,"plate_ids":[688,801],"name":"Proto Caroline arc"},"geometry":{"type":"LineString","coordinates":[[144.083,-3.138],[144.507,-3.199],[144.931,-3.261],[145.355,-3.322],[145.78,-3.383],[146.244,-3.41],[146.708,-3.436],[147.171,-3.462],[147.635,-3.488],[148.099,-3.514],[148.563,-3.539]]}},{"type":"Feature","properties":{"boundary_type":"subduction","feature_type":"gpml:SubductionZone","polarity":"Left","overriding_plate_id":688,"subducting_plate_id":922,"plate_ids":[688,922],"name":"Proto Caroline arc"},"geometry":{"type":"LineString","coordinates":[[148.563,-3.539],[148.923,-3.559],[149.282,-3.578],[149.721,-3.622],[150.16,-3.666],[150.599,-3.71],[151.038,-3.753],[151.477,-3.797],[151.916,-3.84],[152.356,-3.883],[152.829,-3.834],[153.302,-3.784],[153.775,-3.734],[154.249,-3.684],[154.722,-3.634],[155.195,-3.584]]}},{"type":"Feature","properties":{"boundary_type":"subduction","feature_type":"gpml:SubductionZone","polarity":"Left","overriding_plate_id":689,"subducting_plate_id":922,"plate_ids":[689,922],"name":"Proto Caroline arc"},"geometry":{"type":"LineString","coordinates":[[155.195,-3.584],[155.34,-3.568],[155.788,-3.399],[156.236,-3.229],[156.684,-3.059],[157.132,-2.888],[157.58,-2.718],[157.99,-2.54],[158.4,-2.362],[158.81,-2.183],[159.219,-2.005],[159.629,-1.827],[160.039,-1.648],[160.448,-1.469],[160.857,-1.291],[161.202,-0.992],[161.547,-0.693],[161.891,-0.395],[162.236,-0.096],[162.58,0.203],[162.925,0.502],[163.205,0.822],[163.486,1.142],[163.767,1.462]]}},{"type":"Feature","properties":{"boundary_type":"subduction","feature_type":"gpml:SubductionZone","polarity":"Left","overriding_plate_id":689,"subducting_plate_id":901,"plate_ids":[689,901],"name":"Proto Caroline arc"},"geometry":{"type":"LineString","coordinates":[[163.767,1.462],[164.037,1.77]]}},{"type":"Feature","properties":{"boundary_type":"transform","feature_type":"gpml:Transform","polarity":null,"overriding_plate_id":null,"subducting_plate_id":null,"plate_ids":[301,604],"name":"Continuation of RRF"},"geometry":{"type":"LineString","coordinates":[[107.96,21.755],[108.118,21.386],[108.276,21.016],[108.432,20.647],[108.524,20.207],[108.615,19.767],[108.706,19.327],[108.796,18.887],[108.886,18.447],[108.975,18.007],[109.003,17.616],[109.031,17.224],[109.059,16.832]]}},{"type":"Feature","properties":{"boundary_type":"transform","feature_type":"gpml:Transform","polarity":null,"overriding_plate_id":null,"subducting_plate_id":null,"plate_ids":[603,673],"name":"Three Pagodas and Sumatra Fault Zone"},"geometry":{"type":"LineString","coordinates":[[100.093,16.257],[99.977,15.813],[99.861,15.369],[99.746,14.925],[99.631,14.481],[99.516,14.036],[99.402,13.592],[99.289,13.148],[99.271,12.675],[99.254,12.203],[99.236,11.731],[99.219,11.258],[99.201,10.786],[99.184,10.313],[99.167,9.841],[99.15,9.369],[99.248,8.945],[99.347,8.522],[99.445,8.098],[99.543,7.674]]}},{"type":"Feature","properties":{"boundary_type":"transform","feature_type":"gpml:Transform","polarity":null,"overriding_plate_id":null,"subducting_plate_id":null,"plate_ids":[673,686],"name":"Three Pagodas and Sumatra Fault Zone"},"geometry":{"type":"LineString","coordinates":[[99.543,7.674],[99.627,7.312],[99.71,6.951],[100.024,6.631],[100.337,6.312],[100.65,5.992],[100.963,5.673],[101.275,5.353],[101.587,5.033],[101.968,4.752],[102.35,4.471],[102.731,4.19],[103.112,3.909],[103.492,3.627],[103.873,3.345],[104.253,3.064],[104.633,2.782],[105.013,2.5],[105.392,2.218],[105.819,1.962],[106.246,1.706],[106.672,1.45],[107.098,1.194],[107.449,0.876],[107.799,0.557],[108.149,0.239],[108.291,-0.138],[108.432,-0.515],[108.574,-0.892],[108.629,-1.27],[108.685,-1.649],[108.741,-2.028],[108.856,-2.479],[108.972,-2.929],[108.996,-3.09]]}},{"type":"Feature","properties":{"boundary_type":"subduction","feature_type":"gpml:SubductionZone","polarity":"Right","overriding_plate_id":659,"subducting_plate_id":901,"plate_ids":[659,901],"name":"Proto Mariana Arc"},"geometry":{"type":"LineString","coordinates":[[153.17,22.807],[152.993,22.381],[152.818,21.955],[152.643,21.529],[152.618,21.072],[152.593,20.615],[152.569,20.159],[152.544,19.702],[152.52,19.245],[152.495,18.788],[152.471,18.332],[152.431,17.883],[152.39,17.434],[152.35,16.985],[152.309,16.536],[152.269,16.088],[152.23,15.639],[152.19,15.19]]}},{"type":"Feature","properties":{"boundary_type":"subduction","feature_type":"gpml:SubductionZone","polarity":"Right","overriding_plate_id":659,"subducting_plate_id":653,"plate_ids":[653,659],"name":"Proto Mariana Arc"},"geometry":{"type":"LineString","coordinates":[[152.19,15.19],[152.167,14.925],[152.143,14.659],[152.069,14.279],[151.996,13.899],[151.922,13.519]]}},{"type":"Feature","properties":{"boundary_type":"subduction","feature_type":"gpml:SubductionZone","polarity":"Right","overriding_plate_id":301,"subducting_plate_id":801,"plate_ids":[301,801],"name":"Subduction of Greater India"},"geometry":{"type":"LineString","coordinates":[[91.498,26.309],[91.24,26.414],[90.837,26.426],[90.434,26.436],[89.992,26.301],[89.55,26.164],[89.11,26.027],[88.671,25.887],[88.233,25.747],[87.796,25.605],[87.32,25.504],[86.845,25.401],[86.371,25.296],[85.898,25.19],[85.425,25.082],[84.953,24.973],[84.414,24.996],[83.875,25.017],[83.335,25.036],[82.796,25.053],[82.256,25.068],[81.716,25.082],[81.176,25.093],[80.636,25.102],[80.153,25.234],[79.669,25.364],[79.183,25.493],[78.697,25.62],[78.21,25.746],[77.722,25.869],[77.233,25.992],[76.743,26.112],[76.251,26.231],[75.759,26.349],[75.377,26.606],[74.992,26.862],[74.607,27.117],[74.219,27.371],[73.829,27.624],[73.328,27.763],[72.826,27.899],[72.323,28.034],[71.818,28.167],[71.312,28.299],[70.805,28.428],[70.297,28.555],[69.787,28.681],[69.276,28.805],[68.757,28.667],[68.239,28.527],[67.723,28.386],[67.208,28.242],[66.694,28.097],[66.182,27.949],[66.087,27.902]]}},{"type":"Feature","properties":{"boundary_type":"subduction","feature_type":"gpml:SubductionZone","polarity":"Right","overriding_plate_id":673,"subducting_plate_id":604,"plate_ids":[604,673],"name":"Palawan Trench"},"geometry":{"type":"LineString","coordinates":[[112.205,10.095],[112.499,9.748],[112.794,9.401],[113.087,9.054],[113.38,8.706],[113.673,8.358],[113.965,8.01],[114.256,7.662],[114.52,7.38],[114.782,7.097],[115.045,6.815],[115.307,6.533],[115.61,6.288],[115.913,6.042],[116.215,5.797],[116.522,5.569],[116.828,5.34],[117.134,5.111],[117.44,4.883],[117.891,4.83],[118.341,4.776],[118.792,4.723],[119.114,4.944],[119.437,5.165],[119.76,5.386],[120.095,5.705],[120.431,6.024],[120.766,6.342],[121.103,6.66],[121.439,6.978],[121.776,7.296],[122.066,7.67],[122.357,8.043],[122.648,8.416]]}},{"type":"Feature","properties":{"boundary_type":"subduction","feature_type":"gpml:SubductionZone","polarity":"Right","overriding_plate_id":645,"subducting_plate_id":604,"plate_ids":[604,645],"name":"Palawan Trench"},"geometry":{"type":"LineString","coordinates":[[122.648,8.416],[122.917,8.76],[123.187,9.104],[123.457,9.447]]}},{"type":"Feature","properties":{"boundary_type":"transform","feature_type":"gpml:Transform","polarity":null,"overriding_plate_id":null,"subducting_plate_id":null,"plate_ids":[301,603],"name":"Burma transform"},"geometry":{"type":"LineString","coordinates":[[91.467,31.385],[91.7,30.97],[91.93,30.554],[92.159,30.138],[92.385,29.722],[92.61,29.305]]}},{"type":"Feature","properties":{"boundary_type":"transform","feature_type":"gpml:Transform","polarity":null,"overriding_plate_id":null,"subducting_plate_id":null,"plate_ids":[603,607],"name":"Burma transform"},"geometry":{"type":"LineString","coordinates":[[92.61,29.305],[92.809,28.932],[93.007,28.558],[93.032,28.096],[93.056,27.634],[93.08,27.172],[93.104,26.71],[93.127,26.247],[93.151,25.785],[93.174,25.323],[93.197,24.861],[93.347,24.4],[93.496,23.939],[93.645,23.478],[93.792,23.017],[93.938,22.555],[94.173,22.106],[94.407,21.655],[94.64,21.205],[94.871,20.754],[95.1,20.303],[95.328,19.851],[95.527,19.39],[95.724,18.928],[95.921,18.466],[96.116,18.004],[96.31,17.542],[96.503,17.079],[96.696,16.616]]}},{"type":"Feature","properties":{"boundary_type":"transform","feature_type":"gpml:Transform","polarity":null,"overriding_plate_id":null,"subducting_plate_id":null,"plate_ids":[603,607],"name":"Burma transform"},"geometry":{"type":"LineString","coordinates":[[96.696,16.616],[96.584,16.206],[96.561,15.761],[96.539,15.316],[96.517,14.871],[96.495,14.426],[96.592,13.984],[96.688,13.543],[96.784,13.101],[96.879,12.659],[96.975,12.217],[97.111,11.818],[97.246,11.419],[97.381,11.019],[97.516,10.62],[97.65,10.221],[97.784,9.821],[97.953,9.52],[98.122,9.218],[98.29,8.917]]}},{"type":"Feature","properties":{"boundary_type":"transform","feature_type":"gpml:Transform","polarity":null,"overriding_plate_id":null,"subducting_plate_id":null,"plate_ids":[603,686],"name":"Burma transform"},"geometry":{"type":"LineString","coordinates":[[98.29,8.917],[98.524,8.497],[98.757,8.077],[99.15,7.876],[99.543,7.674]]}},{"type":"Feature","properties":{"boundary_type":"other","feature_type":"gpml:ContinentalRift","polarity":null,"overriding_plate_id":null,"subducting_plate_id":null,"plate_ids":[607,686],"name":"Proto Andaman Sea rifting"},"geometry":{"type":"LineString","coordinates":[[94.872,4.822],[95.224,5.022],[95.576,5.221],[95.929,5.421],[96.281,5.62],[96.058,6.029],[95.835,6.439],[95.611,6.848],[95.387,7.257],[95.8,7.496],[96.214,7.733],[96.628,7.971],[97.043,8.208],[97.458,8.445],[97.874,8.681],[98.29,8.917]]}},{"type":"Feature","properties":{"boundary_type":"transform","feature_type":"gpml:Transform","polarity":null,"overriding_plate_id":null,"subducting_plate_id":null,"plate_ids":[653,901],"name":"Sorol Trough"},"geometry":{"type":"LineString","coordinates":[[152.19,15.19],[152.617,14.931],[153.042,14.671],[153.467,14.411],[153.89,14.15],[154.313,13.888],[154.735,13.625],[155.156,13.361],[155.575,13.097],[155.994,12.832],[156.412,12.567],[156.83,12.301],[157.246,12.034],[157.661,11.767],[158.076,11.499],[158.49,11.23],[158.903,10.961],[159.313,10.747],[159.722,10.531],[160.131,10.316],[160.539,10.099],[160.946,9.882],[161.354,9.665],[161.76,9.447],[162.166,9.229]]}},{"type":"Feature","properties":{"boundary_type":"subduction","feature_type":"gpml:SubductionZone","polarity":"Left","overriding_plate_id":608,"subducting_plate_id":653,"plate_ids":[608,653],"name":"South Proto Mariana Trench"},"geometry":{"type":"LineString","coordinates":[[148.331,8.901],[148.729,9.183],[149.062,9.477],[149.396,9.77],[149.73,10.063],[150.066,10.355]]}},{"type":"Feature","properties":{"boundary_type":"subduction","feature_type":"gpml:SubductionZone","polarity":"Left","overriding_plate_id":659,"subducting_plate_id":653,"plate_ids":[653,659],"name":"South Proto Mariana Trench"},"geometry":{"type":"LineString","coordinates":[[150.066,10.355],[150.436,10.678],[150.807,10.999],[150.992,11.42],[151.177,11.84],[151.362,12.26],[151.548,12.68],[151.735,13.1],[151.922,13.519]]}},{"type":"Feature","properties":{"boundary_type":"subduction","feature_type":"gpml:SubductionZone","polarity":"Left","overriding_plate_id":689,"subducting_plate_id":901,"plate_ids":[689,901],"name":"Proto Mussau Trench"},"geometry":{"type":"LineString","coordinates":[[164.037,1.77],[164.105,2.148],[164.173,2.526],[164.242,2.904],[164.133,3.345],[164.025,3.785],[163.917,4.226],[163.808,4.667],[163.7,5.107],[163.591,5.548],[163.482,5.988],[163.373,6.429],[163.263,6.869]]}},{"type":"Feature","properties":{"boundary_type":"subduction","feature_type":"gpml:SubductionZone","polarity":"Left","overriding_plate_id":653,"subducting_plate_id":901,"plate_ids":[653,901],"name":"Proto Mussau Trench"},"geometry":{"type":"LineString","coordinates":[[163.263,6.869],[163.241,6.959],[163.063,7.338],[162.884,7.716],[162.705,8.095],[162.526,8.473],[162.346,8.851],[162.166,9.229]]}},{"type":"Feature","properties":{"boundary_type":"ridge","feature_type":"gpml:MidOceanRidge","polarity":null,"overriding_plate_id":null,"subducting_plate_id":null,"plate_ids":[301,604],"name":"South China MOR"},"geometry":{"type":"LineString","coordinates":[[109.059,16.832],[109.443,17.166],[109.829,17.5],[110.216,17.833],[110.605,18.165],[110.995,18.496],[111.387,18.827],[111.781,19.156],[112.175,19.485],[112.572,19.813],[112.97,20.14],[113.37,20.466],[113.771,20.791],[114.175,21.116],[114.502,21.262],[114.83,21.407],[115.158,21.551],[115.68,21.585],[116.202,21.616],[116.265,21.621],[116.257,21.704],[116.785,21.753],[116.78,21.881],[117.211,21.921],[117.205,21.997],[117.597,22.025],[117.989,22.052],[117.968,22.191],[118.284,22.216],[118.601,22.24],[119.125,22.277],[119.65,22.311],[120.174,22.344],[120.699,22.376],[121.225,22.405],[121.75,22.433],[122.276,22.459],[122.322,22.843],[122.369,23.227],[122.416,23.611],[122.494,23.614]]}},{"type":"Feature","properties":{"boundary_type":"ridge","feature_type":"gpml:MidOceanRidge","polarity":null,"overriding_plate_id":null,"subducting_plate_id":null,"plate_ids":[653,688],"name":"MOR f iso on Caroline at 30.1Ma"},"geometry":{"type":"LineString","coordinates":[[153.984,4.962],[153.893,5.16],[153.731,5.523],[153.524,5.818],[153.317,6.112],[153.11,6.407],[152.667,6.196],[152.783,5.898],[152.408,5.719],[152.033,5.54],[151.69,5.386],[151.348,5.232],[151.006,5.078],[151.071,4.945],[150.616,4.734],[150.162,4.523],[149.708,4.312],[149.254,4.101],[149.098,4.394],[148.943,4.686],[148.62,4.531],[148.297,4.376],[147.974,4.22],[147.655,4.055],[147.337,3.89],[147.018,3.724],[146.618,3.566],[146.219,3.408],[145.82,3.25]]}},{"type":"Feature","properties":{"boundary_type":"ridge","feature_type":"gpml:MidOceanRidge","polarity":null,"overriding_plate_id":null,"subducting_plate_id":null,"plate_ids":[608,659],"name":"MOR f iso on EPV at 25.2Ma"},"geometry":{"type":"LineString","coordinates":[[150.752,19.751],[150.784,19.254],[150.667,19.249],[150.716,18.752],[150.741,18.367],[150.547,18.359],[150.556,18.002],[150.565,17.645],[150.573,17.288],[150.581,16.954],[150.589,16.619],[150.333,16.587],[150.352,16.136],[150.37,15.684],[150.368,15.247],[150.365,14.81],[150.362,14.373],[150.36,13.936],[150.357,13.499],[150.355,13.062],[150.352,12.624],[150.294,12.171],[150.237,11.717],[150.18,11.263],[150.123,10.809],[150.066,10.355]]}},{"type":"Feature","properties":{"boundary_type":"ridge","feature_type":"gpml:MidOceanRidge","polarity":null,"overriding_plate_id":null,"subducting_plate_id":null,"plate_ids":[608,659],"name":"MOR f iso on EPV at 25.2Ma"},"geometry":{"type":"LineString","coordinates":[[150.752,19.751],[150.676,20.133],[150.6,20.515],[150.523,20.897],[150.447,21.279],[150.329,21.729],[150.21,22.178],[150.09,22.628],[149.97,23.077],[149.863,23.487],[149.755,23.897],[149.647,24.307],[149.538,24.717],[149.428,25.126],[149.318,25.536],[149.187,25.985],[149.054,26.435],[148.921,26.884],[148.787,27.333],[148.644,27.745],[148.5,28.157],[148.355,28.569],[148.208,28.98],[148.061,29.392],[147.912,29.803],[147.796,30.224],[147.679,30.646],[147.562,31.067],[147.443,31.489],[147.323,31.91],[147.202,32.331],[147.116,32.519],[146.986,32.793],[146.905,32.974],[146.706,33.44],[146.505,33.907],[146.302,34.373],[146.097,34.838],[145.89,35.304],[145.68,35.768],[145.467,36.233],[145.293,36.662],[145.118,37.09],[144.94,37.518],[144.76,37.946],[144.578,38.374],[144.394,38.801],[144.207,39.228],[144.09,39.659],[143.971,40.09],[143.85,40.52],[143.728,40.951],[143.604,41.381],[143.479,41.811],[143.276,42.189],[143.07,42.565],[142.862,42.942],[142.652,43.318],[142.438,43.694],[142.24,44.108],[142.039,44.522],[141.869,44.859],[141.698,45.196],[141.524,45.533],[141.162,45.933]]}},{"type":"Feature","properties":{"boundary_type":"subduction","feature_type":"gpml:SubductionZone","polarity":"Left","overriding_plate_id":802,"subducting_plate_id":901,"plate_ids":[802,901],"name":"Synthetic MRC Ridge"},"geometry":{"type":"LineString","coordinates":[[173.477,-65.802],[173.609,-65.554],[173.738,-65.306],[173.682,-64.868],[173.629,-64.43],[173.653,-64.109],[173.677,-63.788],[173.389,-63.373],[173.11,-62.957],[172.839,-62.541],[172.631,-62.366],[172.305,-62.03],[171.621,-61.822],[170.918,-61.482],[170.674,-61.305]]}},{"type":"Feature","properties":{"boundary_type":"subduction","feature_type":"gpml:SubductionZone","polarity":"Left","overriding_plate_id":801,"subducting_plate_id":901,"plate_ids":[801,901],"name":"Synthetic MRC Ridge"},"geometry":{"type":"LineString","coordinates":[[170.674,-61.305],[170.45,-61.139],[170.013,-60.705],[169.851,-60.382],[169.739,-60.049],[169.73,-59.791],[169.666,-59.6],[169.682,-59.551],[169.801,-59.44],[169.951,-59.224],[170.011,-58.973],[170.063,-58.761],[170.05,-58.579],[170.063,-58.467],[170.058,-58.401],[170.093,-58.345],[170.217,-58.322],[170.382,-58.304],[170.505,-58.276],[170.683,-58.181],[170.73,-58.159],[170.965,-58.052],[171.192,-57.981],[171.426,-57.734],[171.52,-57.556],[171.576,-57.373],[171.664,-57.11],[171.74,-56.823],[171.768,-56.51],[171.833,-56.176],[171.923,-55.948],[172.135,-55.689],[172.344,-55.429],[172.631,-55.11],[173.015,-54.815],[173.278,-54.576],[173.505,-54.359],[173.861,-54.054],[174.079,-53.891],[174.28,-53.569],[174.477,-53.21],[174.623,-52.936],[174.858,-52.548],[175.016,-52.329],[175.157,-52.132],[175.309,-51.958],[175.435,-51.814],[175.552,-51.71],[175.633,-51.62],[175.742,-51.528],[175.923,-51.393],[176.091,-51.18],[176.214,-50.985],[176.339,-50.699],[176.459,-50.46],[176.543,-50.263],[176.635,-50.041],[176.707,-49.813],[176.85,-49.373],[176.991,-48.933],[177.375,-48.599],[177.754,-48.264],[178.162,-48.166],[178.568,-48.068]]}},{"type":"Feature","properties":{"boundary_type":"ridge","feature_type":"gpml:MidOceanRidge","polarity":null,"overriding_plate_id":null,"subducting_plate_id":null,"plate_ids":[653,689],"name":"East Caroline Basin MOR"},"geometry":{"type":"LineString","coordinates":[[163.263,6.869],[162.811,6.661],[162.358,6.452],[161.906,6.243],[161.455,6.033],[161.004,5.823],[160.553,5.612],[160.17,5.432],[159.787,5.251],[159.405,5.069],[159.023,4.888],[159.108,4.754],[158.745,4.595],[158.382,4.436],[158.02,4.277],[157.658,4.118],[157.23,3.925],[156.803,3.733],[156.376,3.54],[155.949,3.347],[155.522,3.154],[155.096,2.961],[154.669,2.768],[154.243,2.574]]}},{"type":"Feature","properties":{"boundary_type":"subduction","feature_type":"gpml:SubductionZone","polarity":"Left","overriding_plate_id":686,"subducting_plate_id":801,"plate_ids":[686,801],"name":"Java SZ"},"geometry":{"type":"LineString","coordinates":[[106.539,-2.779],[107.026,-2.838],[107.513,-2.897],[108.007,-2.962],[108.501,-3.026],[108.996,-3.09]]}},{"type":"Feature","properties":{"boundary_type":"subduction","feature_type":"gpml:SubductionZone","polarity":"Left","overriding_plate_id":673,"subducting_plate_id":801,"plate_ids":[673,801],"name":"Java SZ"},"geometry":{"type":"LineString","coordinates":[[108.996,-3.09],[109.236,-3.121],[109.712,-3.192],[110.187,-3.264],[110.662,-3.334],[111.138,-3.405],[111.55,-3.546],[111.962,-3.687],[112.374,-3.827],[112.786,-3.968],[113.198,-4.108],[113.61,-4.248],[114.033,-4.346],[114.456,-4.443],[114.879,-4.54],[115.302,-4.636],[115.725,-4.732],[116.141,-4.89],[116.558,-5.048],[116.974,-5.205],[117.391,-5.362],[117.808,-5.518],[118.27,-5.703],[118.731,-5.886],[119.193,-6.07],[119.656,-6.252],[120.059,-6.379]]}},{"type":"Feature","properties":{"boundary_type":"transform","feature_type":"gpml:Transform","polarity":null,"overriding_plate_id":null,"subducting_plate_id":null,"plate_ids":[645,801],"name":"PSCS transform"},"geometry":{"type":"LineString","coordinates":[[133.523,-7.4],[133.447,-7.005],[133.371,-6.61],[133.296,-6.215],[133.22,-5.82],[133.092,-5.349],[132.964,-4.879],[132.836,-4.408],[132.709,-3.937],[132.581,-3.467],[132.454,-2.996],[132.326,-2.526],[132.199,-2.055],[132.072,-1.584],[131.945,-1.114],[131.818,-0.643],[131.691,-0.172],[131.564,0.298],[131.437,0.769],[131.31,1.24],[131.182,1.71],[131.055,2.181],[130.928,2.652],[130.801,3.122],[130.673,3.593],[130.546,4.063],[130.418,4.534],[130.29,5.004],[130.162,5.475],[130.033,5.945],[129.905,6.416],[129.776,6.886],[129.665,7.333],[129.553,7.78],[129.441,8.227],[129.329,8.674],[129.217,9.121]]}},{"type":"Feature","properties":{"boundary_type":"transform","feature_type":"gpml:Transform","polarity":null,"overriding_plate_id":null,"subducting_plate_id":null,"plate_ids":[608,645],"name":"PSCS transform"},"geometry":{"type":"LineString","coordinates":[[129.217,9.121],[129.108,9.554],[128.998,9.988],[128.888,10.422],[128.778,10.855],[128.668,11.289],[128.557,11.722],[128.446,12.156],[128.334,12.589]]}},{"type":"Feature","properties":{"boundary_type":"transform","feature_type":"gpml:Transform","polarity":null,"overriding_plate_id":null,"subducting_plate_id":null,"plate_ids":[604,608],"name":"PSCS transform"},"geometry":{"type":"LineString","coordinates":[[128.334,12.589],[128.255,12.896],[128.175,13.203],[127.941,13.643],[127.707,14.082],[127.471,14.521],[127.235,14.959],[126.997,15.398],[126.759,15.836],[126.519,16.274],[126.279,16.712],[126.037,17.149],[125.794,17.586],[125.561,17.989],[125.327,18.392],[125.092,18.794],[124.856,19.197],[124.618,19.599],[124.38,20.0],[124.14,20.401],[123.899,20.802],[123.656,21.203],[123.465,21.605],[123.273,22.007],[123.08,22.409],[122.886,22.811],[122.69,23.212],[122.494,23.614]]}},{"type":"Feature","properties":{"boundary_type":"transform","feature_type":"gpml:Transform","polarity":null,"overriding_plate_id":null,"subducting_plate_id":null,"plate_ids":[301,608],"name":"PSCS transform"},"geometry":{"type":"LineString","coordinates":[[122.494,23.614],[122.343,23.92],[122.191,24.226],[122.039,24.532],[121.876,24.997],[121.712,25.463],[121.547,25.928],[121.381,26.392],[121.213,26.857],[121.044,27.322],[120.874,27.786],[120.702,28.25]]}},{"type":"Feature","properties":{"boundary_type":"subduction","feature_type":"gpml:SubductionZone","polarity":"Right","overriding_plate_id":645,"subducting_plate_id":604,"plate_ids":[604,645],"name":"Palawan SZ"},"geometry":{"type":"LineString","coordinates":[[123.457,9.447],[123.911,9.649],[124.367,9.85],[124.822,10.05],[125.279,10.249],[125.668,10.496],[126.058,10.741],[126.449,10.987],[126.841,11.231],[127.233,11.475],[127.626,11.719],[127.861,12.009],[128.097,12.299],[128.334,12.589]]}},{"type":"Feature","properties":{"boundary_type":"subduction","feature_type":"gpml:SubductionZone","polarity":"Left","overriding_plate_id":101,"subducting_plate_id":902,"plate_ids":[101,902],"name":""},"geometry":{"type":"LineString","coordinates":[[-88.18,14.52],[-88.012,14.322],[-87.844,14.124]]}},{"type":"Feature","properties":{"boundary_type":"subduction","feature_type":"gpml:SubductionZone","polarity":"Left","overriding_plate_id":224,"subducting_plate_id":902,"plate_ids":[224,902],"name":""},"geometry":{"type":"LineString","coordinates":[[-87.844,14.124],[-87.695,13.948],[-87.394,13.614],[-87.094,13.281],[-86.794,12.947],[-86.495,12.613],[-86.197,12.279],[-85.9,11.944],[-85.603,11.609],[-85.308,11.273],[-85.009,10.974],[-84.712,10.674],[-84.415,10.374],[-84.119,10.074],[-83.823,9.774],[-83.528,9.473],[-83.306,9.064],[-83.085,8.655],[-82.864,8.245],[-82.643,7.836],[-82.36,7.448],[-82.078,7.06],[-81.797,6.673],[-81.515,6.285],[-81.235,5.897],[-80.941,5.537],[-80.647,5.178],[-80.354,4.818],[-80.061,4.458],[-79.768,4.098],[-79.476,3.738],[-79.184,3.378]]}},{"type":"Feature","properties":{"boundary_type":"subduction","feature_type":"gpml:SubductionZone","polarity":"Left","overriding_plate_id":224,"subducting_plate_id":902,"plate_ids":[224,902],"name":""},"geometry":{"type":"LineString","coordinates":[[-79.184,3.378],[-78.895,3.179],[-78.607,2.98],[-78.199,2.796],[-77.792,2.612],[-77.385,2.428],[-76.978,2.243],[-76.572,2.059],[-76.165,1.874],[-75.758,1.689],[-75.403,1.617],[-75.047,1.545],[-74.692,1.472]]}},{"type":"Feature","properties":{"boundary_type":"subduction","feature_type":"gpml:SubductionZone","polarity":"Left","overriding_plate_id":224,"subducting_plate_id":902,"plate_ids":[224,902],"name":""},"geometry":{"type":"LineString","coordinates":[[-74.692,1.472],[-74.472,1.199],[-74.251,0.926],[-74.031,0.653],[-73.885,0.309],[-73.74,-0.034],[-73.595,-0.378],[-73.51,-0.798],[-73.426,-1.218],[-73.341,-1.638],[-73.118,-2.026],[-72.894,-2.415],[-72.67,-2.804],[-72.446,-3.192]]}},{"type":"Feature","properties":{"boundary_type":"subduction","feature_type":"gpml:SubductionZone","polarity":"Right","overriding_plate_id":224,"subducting_plate_id":101,"plate_ids":[101,224],"name":""},"geometry":{"type":"LineString","coordinates":[[-56.443,15.038],[-56.166,14.731],[-55.89,14.424],[-55.614,14.117],[-55.34,13.809],[-55.066,13.502]]}},{"type":"Feature","properties":{"boundary_type":"subduction","feature_type":"gpml:SubductionZone","polarity":"Right","overriding_plate_id":224,"subducting_plate_id":201,"plate_ids":[201,224],"name":""},"geometry":{"type":"LineString","coordinates":[[-55.066,13.502],[-54.771,13.17],[-54.478,12.837],[-54.306,12.371],[-54.134,11.905],[-53.963,11.438],[-53.792,10.972],[-53.585,10.649],[-53.379,10.326],[-53.173,10.003],[-53.114,9.535],[-53.055,9.066],[-52.996,8.598],[-52.937,8.129],[-53.057,7.674],[-53.176,7.219],[-53.295,6.764],[-53.413,6.309],[-53.58,5.848],[-53.745,5.388]]}},{"type":"Feature","properties":{"boundary_type":"transform","feature_type":"gpml:Transform","polarity":null,"overriding_plate_id":null,"subducting_plate_id":null,"plate_ids":[101,224],"name":"FZ NORTH 1"},"geometry":{"type":"LineString","coordinates":[[-87.844,14.124],[-87.374,14.11],[-86.904,14.095],[-86.435,14.08],[-85.965,14.064],[-85.495,14.046],[-85.026,14.028],[-84.556,14.009],[-84.087,13.989],[-83.618,13.968],[-83.148,13.947],[-82.679,13.924],[-82.273,13.932],[-81.866,13.94],[-81.459,13.946],[-81.053,13.953],[-80.647,14.028],[-80.241,14.102],[-79.834,14.175],[-79.428,14.248],[-78.958,14.378],[-78.487,14.507],[-78.015,14.635],[-77.544,14.762],[-77.097,14.84],[-76.65,14.917],[-76.203,14.994],[-75.756,15.069],[-75.244,15.083],[-74.732,15.095],[-74.221,15.106]]}},{"type":"Feature","properties":{"boundary_type":"transform","feature_type":"gpml:Transform","polarity":null,"overriding_plate_id":null,"subducting_plate_id":null,"plate_ids":[201,224],"name":"TBD"},"geometry":{"type":"LineString","coordinates":[[-66.605,7.107],[-66.148,7.026],[-65.692,6.945],[-65.236,6.863],[-64.78,6.781],[-64.324,6.698],[-63.869,6.615],[-63.413,6.531],[-62.958,6.447],[-62.503,6.363],[-62.048,6.278],[-61.593,6.192],[-61.102,6.145],[-60.611,6.098],[-60.12,6.05],[-59.629,6.002],[-59.138,5.953],[-58.648,5.903],[-58.157,5.854],[-57.667,5.804],[-57.176,5.753],[-56.686,5.702],[-56.195,5.651],[-55.705,5.599],[-55.215,5.547],[-54.725,5.494],[-54.235,5.441],[-53.745,5.388]]}},{"type":"Feature","properties":{"boundary_type":"transform","feature_type":"gpml:Transform","polarity":null,"overriding_plate_id":null,"subducting_plate_id":null,"plate_ids":[101,224],"name":"FZ NORTH 2"},"geometry":{"type":"LineString","coordinates":[[-74.243,16.023],[-74.01,16.03],[-73.526,16.045],[-73.041,16.058],[-72.556,16.07],[-72.071,16.082],[-71.587,16.092],[-71.147,16.097],[-70.708,16.102],[-70.268,16.106],[-69.829,16.109],[-69.389,16.111],[-68.95,16.112],[-68.496,16.11],[-68.042,16.107],[-67.588,16.103],[-67.135,16.098],[-66.681,16.093],[-66.228,16.086],[-65.744,16.053],[-65.261,16.019],[-64.777,15.984],[-64.294,15.948],[-63.812,15.911],[-63.329,15.873],[-62.847,15.833],[-62.385,15.793],[-61.923,15.752],[-61.461,15.711],[-61.0,15.668],[-60.538,15.624],[-60.077,15.579],[-59.568,15.507],[-59.059,15.433],[-58.55,15.358],[-58.042,15.282],[-57.534,15.205],[-57.026,15.127],[-56.734,15.082],[-56.443,15.038]]}},{"type":"Feature","properties":{"boundary_type":"ridge","feature_type":"gpml:MidOceanRidge","polarity":null,"overriding_plate_id":null,"subducting_plate_id":null,"plate_ids":[802,904],"name":"Marie Byrd Land-Aluk MOR NW15"},"geometry":{"type":"LineString","coordinates":[[-77.451,-61.864],[-78.017,-62.122],[-78.592,-62.377],[-77.942,-62.721],[-77.278,-63.061],[-77.786,-63.309],[-78.304,-63.555],[-77.743,-63.8],[-77.172,-64.043],[-77.977,-64.383],[-77.368,-64.687],[-76.745,-64.988],[-77.561,-65.345],[-78.4,-65.697],[-79.261,-66.045],[-80.146,-66.388],[-81.055,-66.725],[-81.657,-66.5],[-82.395,-66.797],[-83.15,-67.089],[-83.924,-67.379],[-83.194,-67.654],[-84.109,-68.0],[-85.052,-68.341],[-84.396,-68.608],[-83.723,-68.873],[-83.035,-69.136]]}},{"type":"Feature","properties":{"boundary_type":"ridge","feature_type":"gpml:MidOceanRidge","polarity":null,"overriding_plate_id":null,"subducting_plate_id":null,"plate_ids":[902,904],"name":"Aluk-Farallon MOR NW15"},"geometry":{"type":"LineString","coordinates":[[-80.79,-60.652],[-79.913,-60.605],[-79.038,-60.553],[-78.166,-60.495],[-77.298,-60.431],[-76.433,-60.362],[-75.572,-60.287],[-74.715,-60.207],[-74.02,-60.131],[-73.329,-60.052],[-72.642,-59.968]]}},{"type":"Feature","properties":{"boundary_type":"ridge","feature_type":"gpml:MidOceanRidge","polarity":null,"overriding_plate_id":null,"subducting_plate_id":null,"plate_ids":[819,902],"name":"Aluk-Farallon MOR NW15"},"geometry":{"type":"LineString","coordinates":[[-72.642,-59.968],[-72.019,-59.89]]}},{"type":"Feature","properties":{"boundary_type":"ridge","feature_type":"gpml:MidOceanRidge","polarity":null,"overriding_plate_id":null,"subducting_plate_id":null,"plate_ids":[901,902],"name":"Pacific-Farallon MOR NW15"},"geometry":{"type":"LineString","coordinates":[[-98.934,15.246],[-99.398,15.185],[-99.861,15.123],[-100.325,15.06],[-100.788,14.996],[-101.25,14.931],[-101.713,14.866],[-102.175,14.799],[-102.637,14.732],[-102.576,14.238],[-102.516,13.744],[-102.457,13.251],[-102.397,12.757],[-102.338,12.264],[-102.279,11.77],[-102.22,11.276],[-102.161,10.783],[-102.103,10.289],[-102.045,9.795],[-101.987,9.302],[-101.929,8.808],[-101.871,8.314],[-101.813,7.82],[-101.756,7.327],[-101.699,6.833],[-101.641,6.339],[-101.584,5.845],[-101.527,5.352],[-101.47,4.858],[-101.937,4.78],[-102.404,4.702],[-102.871,4.623],[-103.338,4.545],[-103.804,4.465],[-104.271,4.386],[-104.737,4.306],[-105.203,4.226],[-105.67,4.146],[-105.557,3.667],[-105.445,3.187],[-105.332,2.708],[-105.22,2.228],[-105.108,1.749],[-104.996,1.27],[-104.884,0.79],[-104.772,0.311],[-104.66,-0.169],[-104.548,-0.648],[-104.436,-1.128],[-104.324,-1.607],[-104.212,-2.086],[-104.1,-2.566],[-103.987,-3.045],[-103.584,-2.983],[-103.181,-2.921],[-102.778,-2.859],[-102.73,-3.085]]}},{"type":"Feature","properties":{"boundary_type":"transform","feature_type":"gpml:Transform","polarity":null,"overriding_plate_id":null,"subducting_plate_id":null,"plate_ids":[901,903],"name":"Vancouver-Farallon transform NW15"},"geometry":{"type":"LineString","coordinates":[[-116.43,36.113],[-116.266,36.118],[-115.667,36.155],[-115.066,36.189],[-114.465,36.22],[-113.864,36.248],[-113.263,36.273],[-112.661,36.295],[-112.058,36.314],[-111.456,36.33],[-111.016,36.348],[-110.576,36.364],[-110.034,36.402],[-109.491,36.438],[-108.948,36.471],[-108.404,36.502],[-107.86,36.53],[-107.316,36.556]]}},{"type":"Feature","properties":{"boundary_type":"ridge","feature_type":"gpml:MidOceanRidge","polarity":null,"overriding_plate_id":null,"subducting_plate_id":null,"plate_ids":[901,902],"name":"MOR Pacific-Farallon GS"},"geometry":{"type":"LineString","coordinates":[[-101.233,30.638],[-101.241,30.575],[-101.275,30.276],[-101.308,29.976],[-101.867,29.931],[-102.425,29.884],[-102.982,29.834],[-103.539,29.781],[-103.47,29.327],[-103.402,28.873],[-103.334,28.419],[-103.267,27.964],[-103.2,27.51],[-103.134,27.055],[-103.068,26.601],[-103.532,26.571],[-103.995,26.54],[-104.029,26.089],[-104.062,25.638],[-104.095,25.187],[-104.127,24.736],[-104.16,24.284],[-104.192,23.833],[-104.224,23.382],[-104.255,22.931],[-104.287,22.48],[-104.25,22.039],[-104.213,21.598],[-103.682,21.61],[-103.15,21.621],[-102.618,21.63],[-102.087,21.638],[-101.555,21.643],[-101.023,21.647],[-100.857,21.29],[-100.691,20.933],[-100.526,20.576],[-100.311,20.155],[-100.097,19.734],[-100.014,19.392],[-99.931,19.049],[-99.849,18.707],[-99.573,18.696],[-99.298,18.685],[-99.245,18.194],[-99.193,17.703],[-99.14,17.211],[-99.088,16.72],[-99.037,16.229],[-98.985,15.737],[-98.934,15.246]]}},{"type":"Feature","properties":{"boundary_type":"ridge","feature_type":"gpml:MidOceanRidge","polarity":null,"overriding_plate_id":null,"subducting_plate_id":null,"plate_ids":[901,902],"name":"MOR Pacific-Farallon NW"},"geometry":{"type":"LineString","coordinates":[[-102.73,-3.085],[-102.658,-3.507],[-102.585,-3.93],[-102.513,-4.352],[-102.44,-4.775],[-102.367,-5.198],[-102.294,-5.62],[-102.26,-6.107],[-102.227,-6.595],[-102.193,-7.082],[-102.159,-7.569],[-102.125,-8.056],[-102.091,-8.543],[-102.056,-9.03],[-102.022,-9.518],[-101.988,-10.005],[-101.953,-10.492],[-101.919,-10.979],[-101.884,-11.466],[-101.849,-11.953],[-101.814,-12.441],[-101.779,-12.928],[-101.744,-13.415],[-101.708,-13.902],[-102.187,-13.947],[-102.667,-13.992],[-103.146,-14.035],[-103.626,-14.078],[-104.105,-14.119],[-104.585,-14.16],[-105.066,-14.2],[-105.546,-14.239],[-106.026,-14.276],[-106.507,-14.313],[-106.988,-14.349],[-107.469,-14.384],[-107.95,-14.418],[-108.431,-14.451],[-108.912,-14.483],[-108.845,-14.973],[-108.778,-15.463],[-108.71,-15.954],[-108.642,-16.444],[-108.573,-16.934],[-108.505,-17.424],[-108.436,-17.914],[-108.366,-18.404],[-108.296,-18.894],[-108.226,-19.384],[-108.155,-19.874],[-108.084,-20.364],[-108.012,-20.854],[-107.94,-21.344],[-107.868,-21.834],[-107.795,-22.324],[-107.721,-22.814],[-107.647,-23.303],[-107.572,-23.793],[-108.057,-23.868],[-108.542,-23.941],[-109.027,-24.013],[-109.513,-24.083],[-110.0,-24.151],[-110.487,-24.218],[-110.975,-24.284],[-111.463,-24.348],[-111.952,-24.41],[-111.915,-24.895],[-111.877,-25.38],[-111.84,-25.865],[-111.802,-26.35],[-111.764,-26.835],[-111.726,-27.32],[-112.13,-27.381],[-112.534,-27.442],[-112.444,-27.918],[-112.352,-28.394],[-112.26,-28.87],[-112.167,-29.347],[-112.073,-29.823],[-111.978,-30.299],[-111.883,-30.774],[-111.786,-31.25],[-111.688,-31.726],[-111.59,-32.202],[-111.49,-32.677],[-111.389,-33.153],[-111.287,-33.628],[-111.185,-34.104],[-111.08,-34.579],[-110.975,-35.054],[-110.868,-35.529],[-110.761,-36.004],[-110.651,-36.479],[-110.183,-36.383],[-109.716,-36.286],[-109.25,-36.186],[-109.138,-36.653],[-109.024,-37.119],[-108.909,-37.586],[-108.792,-38.052],[-108.674,-38.518],[-108.554,-38.984],[-108.432,-39.45],[-108.309,-39.916],[-108.185,-40.381],[-108.058,-40.847],[-107.93,-41.312],[-107.8,-41.778],[-107.668,-42.243],[-107.534,-42.708],[-106.865,-42.645],[-106.198,-42.578],[-105.532,-42.507],[-104.867,-42.432],[-104.204,-42.354],[-103.543,-42.271],[-102.884,-42.185],[-102.227,-42.096],[-101.571,-42.002],[-101.418,-42.452],[-101.263,-42.902],[-101.106,-43.351],[-100.947,-43.8],[-100.785,-44.249],[-100.621,-44.698],[-100.454,-45.147],[-100.284,-45.595]]}},{"type":"Feature","properties":{"boundary_type":"ridge","feature_type":"gpml:MidOceanRidge","polarity":null,"overriding_plate_id":null,"subducting_plate_id":null,"plate_ids":[902],"name":"Marie Byrd Land-Farallon/Nazca MOR NW15"},"geometry":{"type":"LineString","coordinates":[[-102.739,-47.884],[-102.211,-48.142],[-101.678,-48.398],[-101.14,-48.652]]}},{"type":"Feature","properties":{"boundary_type":"ridge","feature_type":"gpml:MidOceanRidge","polarity":null,"overriding_plate_id":null,"subducting_plate_id":null,"plate_ids":[802,902],"name":"Marie Byrd Land-Farallon/Nazca MOR NW15"},"geometry":{"type":"LineString","coordinates":[[-101.14,-48.652],[-100.676,-48.965],[-100.206,-49.277],[-99.73,-49.587],[-99.248,-49.895],[-98.76,-50.2],[-98.266,-50.504],[-97.678,-50.75],[-97.084,-50.993],[-96.484,-51.233],[-95.877,-51.47],[-95.264,-51.703],[-94.645,-51.934],[-94.02,-52.161],[-94.331,-52.448],[-94.646,-52.734],[-94.094,-53.037],[-93.533,-53.338],[-92.965,-53.636],[-92.389,-53.931],[-91.804,-54.224],[-91.262,-54.461],[-90.713,-54.696],[-90.369,-54.422],[-90.03,-54.147],[-89.426,-54.451],[-88.812,-54.752],[-88.19,-55.05],[-87.558,-55.344],[-86.916,-55.635],[-87.411,-56.0],[-87.915,-56.363],[-87.197,-56.662],[-86.469,-56.958],[-86.689,-57.212],[-86.913,-57.466],[-86.452,-57.675],[-85.986,-57.883],[-86.339,-58.243],[-86.699,-58.603],[-86.053,-58.897],[-85.396,-59.188],[-84.727,-59.475],[-84.047,-59.759],[-83.356,-60.039],[-82.653,-60.316],[-81.938,-60.589],[-81.613,-60.324],[-81.203,-60.489],[-80.79,-60.652]]}},{"type":"Feature","properties":{"boundary_type":"ridge","feature_type":"gpml:MidOceanRidge","polarity":null,"overriding_plate_id":null,"subducting_plate_id":null,"plate_ids":[802,904],"name":"Marie Byrd Land-Farallon/Nazca MOR NW15"},"geometry":{"type":"LineString","coordinates":[[-80.79,-60.652],[-79.998,-60.956],[-79.192,-61.255],[-78.37,-61.549],[-77.532,-61.838],[-77.451,-61.864]]}},{"type":"Feature","properties":{"boundary_type":"ridge","feature_type":"gpml:MidOceanRidge","polarity":null,"overriding_plate_id":null,"subducting_plate_id":null,"plate_ids":[802],"name":"Marie Byrd Land-Farallon/Nazca MOR NW15"},"geometry":{"type":"LineString","coordinates":[[-102.739,-47.884],[-102.211,-48.142],[-101.678,-48.398],[-101.14,-48.652]]}},{"type":"Feature","properties":{"boundary_type":"transform","feature_type":"gpml:Transform","polarity":null,"overriding_plate_id":null,"subducting_plate_id":null,"plate_ids":[839,922],"name":"West Torres Basin Transform"},"geometry":{"type":"LineString","coordinates":[[174.673,-6.685],[174.327,-7.044],[173.98,-7.402],[173.633,-7.761],[173.286,-8.119],[172.937,-8.477],[172.588,-8.834],[172.238,-9.191],[171.888,-9.548],[171.537,-9.905],[171.185,-10.261],[170.832,-10.617],[170.479,-10.972],[170.124,-11.327],[169.769,-11.682],[169.413,-12.036],[169.056,-12.389],[168.698,-12.742],[168.339,-13.095],[167.979,-13.447],[167.618,-13.799],[167.255,-14.15],[166.892,-14.501],[166.527,-14.851],[166.162,-15.2],[165.795,-15.549],[165.427,-15.898],[165.057,-16.245],[164.687,-16.592],[164.314,-16.939],[163.941,-17.284],[163.566,-17.629],[163.19,-17.973],[162.812,-18.317],[162.67,-18.532],[162.528,-18.747]]}},{"type":"Feature","properties":{"boundary_type":"transform","feature_type":"gpml:Transform","polarity":null,"overriding_plate_id":null,"subducting_plate_id":null,"plate_ids":[801,922],"name":"West Torres Basin Transform"},"geometry":{"type":"LineString","coordinates":[[162.528,-18.747],[162.381,-18.97],[162.233,-19.192],[162.224,-19.207]]}},{"type":"Feature","properties":{"boundary_type":"subduction","feature_type":"gpml:SubductionZone","polarity":"Right","overriding_plate_id":801,"subducting_plate_id":922,"plate_ids":[801,922],"name":"West Soloman Sea Subduction"},"geometry":{"type":"LineString","coordinates":[[148.563,-3.539],[148.582,-3.804],[148.602,-4.069],[148.616,-4.501],[148.631,-4.933],[148.646,-5.365],[148.66,-5.797],[148.684,-6.233],[148.707,-6.668],[148.73,-7.104],[148.754,-7.54],[148.777,-7.975],[148.8,-8.411],[148.824,-8.846],[148.86,-9.321],[148.896,-9.796],[148.932,-10.27],[148.969,-10.745],[149.005,-11.22],[149.042,-11.694],[149.162,-12.103],[149.282,-12.512],[149.402,-12.921],[149.523,-13.329],[149.645,-13.738],[149.904,-14.087],[150.163,-14.435],[150.424,-14.784],[150.686,-15.132],[150.948,-15.48],[151.363,-15.703],[151.779,-15.925],[152.196,-16.147],[152.614,-16.368],[153.032,-16.588],[153.377,-16.774],[153.723,-16.96],[154.069,-17.146],[154.416,-17.331],[154.831,-17.456],[155.246,-17.579],[155.661,-17.702],[156.077,-17.824],[156.494,-17.945],[156.909,-18.051],[157.324,-18.156],[157.74,-18.26],[158.201,-18.319],[158.664,-18.378],[159.126,-18.435],[159.494,-18.542],[159.862,-18.648],[160.23,-18.753],[160.713,-18.875],[161.196,-18.996],[161.617,-19.059],[162.038,-19.12],[162.224,-19.207]]}},{"type":"Feature","properties":{"boundary_type":"subduction","feature_type":"gpml:SubductionZone","polarity":"Right","overriding_plate_id":922,"subducting_plate_id":901,"plate_ids":[901,922],"name":"Vitiaz Trench"},"geometry":{"type":"LineString","coordinates":[[172.862,-5.038],[173.224,-5.368],[173.585,-5.698],[173.948,-6.027],[174.31,-6.356],[174.673,-6.685]]}},{"type":"Feature","properties":{"boundary_type":"subduction","feature_type":"gpml:SubductionZone","polarity":"Right","overriding_plate_id":839,"subducting_plate_id":901,"plate_ids":[839,901],"name":"Vitiaz Trench"},"geometry":{"type":"LineString","coordinates":[[174.673,-6.685],[175.009,-6.989],[175.346,-7.292],[175.611,-7.661],[175.876,-8.029],[176.142,-8.398],[176.408,-8.766],[176.675,-9.134],[176.942,-9.502],[177.21,-9.869],[177.479,-10.237],[177.748,-10.604],[178.009,-11.032],[178.271,-11.459],[178.534,-11.887],[178.797,-12.314],[179.062,-12.741],[179.329,-13.139],[179.598,-13.536],[179.868,-13.934]]}},{"type":"Feature","properties":{"boundary_type":"subduction","feature_type":"gpml:SubductionZone","polarity":"Right","overriding_plate_id":819,"subducting_plate_id":902,"plate_ids":[819,902],"name":"South America trench taken from COB file"},"geometry":{"type":"LineString","coordinates":[[-72.019,-59.89],[-72.482,-59.738],[-72.776,-59.505],[-73.067,-59.271],[-73.37,-58.808],[-73.666,-58.344],[-73.793,-58.061],[-73.918,-57.777],[-73.999,-57.504],[-74.078,-57.231],[-74.094,-56.945],[-74.11,-56.66],[-74.0,-56.339],[-73.892,-56.019]]}},{"type":"Feature","properties":{"boundary_type":"subduction","feature_type":"gpml:SubductionZone","polarity":"Right","overriding_plate_id":201,"subducting_plate_id":902,"plate_ids":[201,902],"name":"South America trench taken from COB file"},"geometry":{"type":"LineString","coordinates":[[-73.892,-56.019],[-73.793,-55.719],[-73.695,-55.42],[-73.743,-55.042],[-73.79,-54.664],[-73.895,-54.298],[-74.0,-53.932],[-73.799,-53.481],[-73.602,-53.03],[-73.128,-52.768],[-72.66,-52.504],[-71.952,-52.349],[-71.77,-51.912],[-71.571,-51.554],[-71.46,-51.295],[-71.349,-51.036],[-71.281,-50.722],[-71.318,-50.502],[-71.398,-50.233],[-71.442,-49.985],[-71.502,-49.644],[-71.322,-49.308],[-71.171,-48.95],[-71.069,-48.725],[-70.886,-48.345],[-70.826,-48.128],[-70.74,-47.866],[-70.667,-47.621],[-70.565,-47.279],[-70.463,-46.936],[-70.363,-46.593],[-70.291,-46.268],[-70.208,-46.007],[-70.126,-45.746],[-70.039,-45.445],[-70.021,-45.177],[-70.003,-44.909],[-69.985,-44.677],[-69.84,-44.29],[-69.674,-43.888],[-69.567,-43.648],[-69.461,-43.407],[-69.387,-42.929],[-69.23,-42.496],[-69.059,-42.142],[-68.889,-41.786],[-68.722,-41.431],[-68.556,-41.076],[-68.313,-40.686],[-68.073,-40.297],[-67.836,-39.907],[-67.601,-39.516],[-67.369,-39.125],[-67.14,-38.733],[-66.913,-38.341],[-66.81,-37.864],[-66.708,-37.386],[-66.608,-36.909],[-66.508,-36.431],[-66.41,-35.953],[-66.314,-35.475],[-66.218,-34.997],[-66.123,-34.519],[-66.03,-34.041],[-65.873,-33.649],[-65.718,-33.257],[-65.564,-32.864],[-65.411,-32.472],[-65.26,-32.079],[-65.173,-31.621],[-65.087,-31.163],[-65.002,-30.704],[-64.918,-30.246],[-64.834,-29.788],[-64.752,-29.329],[-64.67,-28.871],[-64.589,-28.412],[-64.524,-28.003],[-64.46,-27.593],[-64.397,-27.184],[-64.47,-26.746],[-64.543,-26.307],[-64.533,-25.966],[-64.524,-25.624],[-64.671,-25.195],[-64.818,-24.765],[-65.094,-24.337],[-65.369,-23.908],[-65.698,-23.565],[-66.026,-23.221],[-66.352,-22.876],[-66.676,-22.531],[-66.999,-22.185],[-67.459,-21.949],[-67.917,-21.712],[-68.251,-21.364],[-68.583,-21.014],[-68.914,-20.664],[-69.243,-20.313],[-69.571,-19.962],[-69.897,-19.61],[-70.221,-19.258],[-70.545,-18.905],[-70.867,-18.551],[-71.099,-18.144],[-71.33,-17.737],[-71.56,-17.33],[-71.789,-16.922],[-72.017,-16.514],[-72.244,-16.106],[-72.47,-15.698],[-72.696,-15.289],[-72.92,-14.88],[-73.143,-14.471],[-73.366,-14.062],[-73.517,-13.602],[-73.666,-13.142],[-73.816,-12.681],[-73.964,-12.221],[-74.113,-11.761],[-74.26,-11.3],[-74.407,-10.839],[-74.554,-10.379],[-74.463,-9.894],[-74.372,-9.41],[-74.281,-8.925],[-74.19,-8.441],[-74.099,-7.956],[-74.009,-7.472],[-73.961,-7.191],[-73.923,-6.937],[-73.857,-6.658],[-73.783,-6.287],[-73.731,-6.08],[-73.695,-5.835],[-73.556,-5.451],[-73.439,-5.111],[-73.3,-4.836],[-73.085,-4.402],[-72.932,-4.056],[-72.764,-3.747],[-72.561,-3.349],[-72.446,-3.192]]}},{"type":"Feature","properties":{"boundary_type":"subduction","feature_type":"gpml:SubductionZone","polarity":"Right","overriding_plate_id":201,"subducting_plate_id":224,"plate_ids":[201,224],"name":"South America trench taken from COB file"},"geometry":{"type":"LineString","coordinates":[[-72.446,-3.192],[-72.318,-3.018],[-72.094,-2.694],[-71.934,-2.495],[-71.665,-2.166],[-71.366,-1.802],[-71.08,-1.492],[-70.839,-1.299],[-70.608,-0.994],[-70.434,-0.842],[-70.378,-0.553],[-70.131,-0.195],[-69.884,0.163],[-69.874,0.171],[-69.842,0.242],[-69.828,0.442],[-69.814,0.642],[-69.852,0.891],[-69.909,1.114],[-70.042,1.424],[-70.132,1.558],[-70.233,1.811],[-70.248,1.823]]}},{"type":"Feature","properties":{"boundary_type":"subduction","feature_type":"gpml:SubductionZone","polarity":"Right","overriding_plate_id":201,"subducting_plate_id":224,"plate_ids":[201,224],"name":"TBD"},"geometry":{"type":"LineString","coordinates":[[-70.248,1.823],[-70.227,2.226],[-70.205,2.629],[-70.184,3.032],[-69.914,3.354],[-69.644,3.676],[-69.374,3.998],[-69.103,4.32],[-68.832,4.65],[-68.561,4.98],[-68.29,5.309],[-68.018,5.639],[-67.746,5.968],[-67.474,6.298],[-67.185,6.568],[-66.895,6.838],[-66.605,7.107]]}},{"type":"Feature","properties":{"boundary_type":"transform","feature_type":"gpml:Transform","polarity":null,"overriding_plate_id":null,"subducting_plate_id":null,"plate_ids":[818],"name":"SHACKLETON TRANSFORM FAULT, SCOTIA SEA"},"geometry":{"type":"LineString","coordinates":[[-69.038,-58.938],[-69.625,-58.543],[-70.199,-58.145],[-70.76,-57.745],[-71.309,-57.342],[-71.846,-56.937],[-72.371,-56.53],[-72.885,-56.121],[-73.389,-55.709],[-73.882,-55.296],[-74.364,-54.88],[-74.837,-54.463],[-74.734,-54.888],[-74.629,-55.313],[-74.521,-55.738],[-74.412,-56.162],[-74.299,-56.587],[-74.185,-57.011],[-74.067,-57.435],[-73.879,-57.891],[-73.686,-58.346],[-73.488,-58.8],[-73.284,-59.255],[-72.967,-59.612],[-72.642,-59.968]]}},{"type":"Feature","properties":{"boundary_type":"transform","feature_type":"gpml:Transform","polarity":null,"overriding_plate_id":null,"subducting_plate_id":null,"plate_ids":[818,819,904],"name":"SHACKLETON TRANSFORM FAULT, SCOTIA SEA"},"geometry":{"type":"LineString","coordinates":[[-72.642,-59.968],[-72.356,-60.275],[-72.065,-60.581],[-71.328,-60.927],[-70.575,-61.269],[-69.806,-61.607],[-69.019,-61.94],[-68.229,-62.191],[-67.425,-62.437],[-66.608,-62.678],[-65.778,-62.915],[-64.934,-63.146],[-64.077,-63.373],[-63.061,-63.567],[-62.032,-63.754],[-61.194,-63.913],[-60.347,-64.068],[-59.49,-64.217],[-58.625,-64.362]]}},{"type":"Feature","properties":{"boundary_type":"transform","feature_type":"gpml:Transform","polarity":null,"overriding_plate_id":null,"subducting_plate_id":null,"plate_ids":[802,818,819],"name":"SHACKLETON TRANSFORM FAULT, SCOTIA SEA"},"geometry":{"type":"LineString","coordinates":[[-58.625,-64.362],[-57.96,-64.468],[-57.29,-64.572]]}},{"type":"Feature","properties":{"boundary_type":"transform","feature_type":"gpml:Transform","polarity":null,"overriding_plate_id":null,"subducting_plate_id":null,"plate_ids":[819],"name":"SHACKLETON TRANSFORM FAULT, SCOTIA SEA"},"geometry":{"type":"LineString","coordinates":[[-57.29,-64.572],[-56.842,-64.639],[-56.103,-64.853],[-55.352,-65.064],[-54.588,-65.271],[-53.813,-65.474],[-53.031,-65.726],[-52.233,-65.974],[-51.42,-66.218],[-50.803,-66.648],[-50.165,-67.075],[-49.595,-67.512],[-49.004,-67.946],[-48.391,-68.378],[-47.753,-68.808],[-47.091,-69.235],[-46.402,-69.66],[-47.477,-69.338],[-48.519,-69.009],[-49.53,-68.674],[-50.511,-68.333],[-51.463,-67.987],[-52.387,-67.635],[-53.284,-67.278],[-54.154,-66.917],[-54.998,-66.551]]}},{"type":"Feature","properties":{"boundary_type":"transform","feature_type":"gpml:Transform","polarity":null,"overriding_plate_id":null,"subducting_plate_id":null,"plate_ids":[201,818],"name":"NORTH SCOTIA RIDGE TRANSFORM FAULT"},"geometry":{"type":"LineString","coordinates":[[-37.339,-58.776],[-37.701,-58.726],[-38.406,-58.659],[-39.109,-58.588],[-39.839,-58.578],[-40.568,-58.563],[-41.125,-58.623],[-41.685,-58.68],[-42.497,-58.615],[-43.306,-58.545],[-43.974,-58.566],[-44.643,-58.584],[-45.313,-58.598],[-46.12,-58.747],[-46.934,-58.891],[-47.755,-59.029],[-48.421,-59.181],[-49.092,-59.33],[-49.888,-59.345],[-50.685,-59.355],[-51.482,-59.36],[-52.194,-59.351],[-52.906,-59.339],[-53.618,-59.322],[-54.482,-59.305],[-55.344,-59.282],[-56.099,-59.305],[-56.854,-59.324],[-57.509,-59.45],[-58.17,-59.572],[-58.835,-59.691]]}},{"type":"Feature","properties":{"boundary_type":"transform","feature_type":"gpml:Transform","polarity":null,"overriding_plate_id":null,"subducting_plate_id":null,"plate_ids":[201,819],"name":"NORTH SCOTIA RIDGE TRANSFORM FAULT"},"geometry":{"type":"LineString","coordinates":[[-58.835,-59.691],[-59.579,-59.819],[-60.518,-59.905],[-61.462,-59.985],[-62.345,-59.959],[-63.226,-59.927],[-64.105,-59.889],[-65.041,-59.771],[-65.97,-59.647],[-66.771,-59.441],[-67.562,-59.231],[-68.343,-59.016],[-69.001,-58.714],[-69.647,-58.41],[-70.282,-58.102],[-71.013,-57.814],[-71.732,-57.521],[-72.288,-57.149],[-72.834,-56.775],[-73.368,-56.398],[-73.892,-56.019]]}},{"type":"Feature","properties":{"boundary_type":"subduction","feature_type":"gpml:SubductionZone","polarity":"Right","overriding_plate_id":802,"subducting_plate_id":904,"plate_ids":[802,904],"name":"Ant-Aluk Subduction Zone"},"geometry":{"type":"LineString","coordinates":[[-65.914,-65.348],[-65.087,-65.225],[-64.268,-65.098],[-63.457,-64.966],[-62.326,-64.849],[-61.206,-64.724],[-60.344,-64.59],[-59.491,-64.45],[-58.625,-64.362]]}},{"type":"Feature","properties":{"boundary_type":"transform","feature_type":"gpml:Transform","polarity":null,"overriding_plate_id":null,"subducting_plate_id":null,"plate_ids":[818,819],"name":"transform"},"geometry":{"type":"LineString","coordinates":[[-54.432,-59.86],[-55.166,-59.849],[-55.898,-59.834],[-56.63,-59.814],[-57.367,-59.777],[-58.102,-59.736],[-58.835,-59.691]]}},{"type":"Feature","properties":{"boundary_type":"transform","feature_type":"gpml:Transform","polarity":null,"overriding_plate_id":null,"subducting_plate_id":null,"plate_ids":[802,818],"name":"SOUTH SCOTIA RIDGE TRANSFORM FAULT"},"geometry":{"type":"LineString","coordinates":[[-56.969,-64.562],[-57.29,-64.572]]}},{"type":"Feature","properties":{"boundary_type":"ridge","feature_type":"gpml:MidOceanRidge","polarity":null,"overriding_plate_id":null,"subducting_plate_id":null,"plate_ids":[802,818],"name":"Powell Basin"},"geometry":{"type":"LineString","coordinates":[[-56.969,-64.562],[-56.438,-64.912],[-55.892,-65.26],[-56.598,-65.468],[-57.316,-65.672],[-56.761,-66.039],[-56.191,-66.404],[-55.603,-66.768],[-54.999,-67.128],[-53.962,-67.186],[-52.92,-67.236],[-51.874,-67.28],[-50.825,-67.317],[-49.773,-67.347],[-49.408,-67.667],[-48.961,-67.964]]}},{"type":"Feature","properties":{"boundary_type":"ridge","feature_type":"gpml:MidOceanRidge","polarity":null,"overriding_plate_id":null,"subducting_plate_id":null,"plate_ids":[201,802],"name":"Powell Basin"},"geometry":{"type":"LineString","coordinates":[[-48.961,-67.964],[-48.309,-68.382]]}},{"type":"Feature","properties":{"boundary_type":"ridge","feature_type":"gpml:MidOceanRidge","polarity":null,"overriding_plate_id":null,"subducting_plate_id":null,"plate_ids":[201,802],"name":"South America-Antarctica ridge based on c13y"},"geometry":{"type":"LineString","coordinates":[[5.549,-61.622],[5.165,-61.629],[4.189,-61.712],[3.208,-61.788],[2.222,-61.856],[1.232,-61.918],[0.239,-61.973],[-0.6,-61.986],[-1.439,-61.995],[-2.279,-61.998],[-2.304,-62.347],[-2.329,-62.695],[-3.194,-62.681],[-4.057,-62.662],[-4.92,-62.637],[-5.082,-63.062],[-5.25,-63.487],[-6.188,-63.41],[-7.121,-63.326],[-7.246,-63.622],[-7.993,-63.552],[-8.735,-63.477],[-9.474,-63.399],[-9.693,-63.726],[-9.917,-64.052],[-10.146,-64.378],[-10.97,-64.3],[-11.789,-64.217],[-12.073,-64.64],[-12.366,-65.063],[-12.668,-65.485],[-13.253,-65.433],[-13.602,-65.833],[-14.608,-65.713],[-15.605,-65.586],[-16.592,-65.453],[-16.9,-65.91],[-17.738,-65.817],[-18.57,-65.72],[-18.825,-66.108],[-19.829,-66.016],[-20.827,-65.918],[-21.816,-65.814],[-22.797,-65.703],[-23.257,-66.075],[-24.004,-65.986],[-24.746,-65.893],[-25.185,-66.211],[-25.635,-66.528],[-26.097,-66.843],[-26.773,-66.684],[-27.302,-67.032],[-27.846,-67.38],[-28.407,-67.725],[-29.567,-67.539],[-30.709,-67.344],[-31.832,-67.142],[-32.401,-67.434],[-32.983,-67.724],[-33.581,-68.012],[-34.235,-67.895],[-34.883,-67.776],[-35.562,-68.047],[-36.33,-67.964],[-37.093,-67.877],[-37.651,-68.163],[-38.315,-68.088],[-38.975,-68.01],[-39.536,-68.283],[-40.143,-68.141],[-40.881,-68.405],[-41.607,-68.313],[-42.488,-68.551],[-43.115,-68.449],[-43.736,-68.345],[-44.877,-68.366],[-46.02,-68.379],[-47.164,-68.384],[-48.309,-68.382]]}},{"type":"Feature","properties":{"boundary_type":"subduction","feature_type":"gpml:SubductionZone","polarity":"Left","overriding_plate_id":818,"subducting_plate_id":201,"plate_ids":[201,818],"name":"South Sandwich trench"},"geometry":{"type":"LineString","coordinates":[[-48.961,-67.964],[-48.876,-67.952],[-47.83,-67.756],[-46.801,-67.553],[-45.829,-67.305],[-44.877,-67.051],[-44.045,-66.795],[-43.231,-66.534],[-42.198,-66.3],[-41.184,-66.059],[-40.174,-65.863],[-39.18,-65.661],[-38.479,-65.476],[-37.789,-65.287],[-37.109,-65.095],[-36.505,-64.821],[-35.913,-64.545],[-35.483,-64.146],[-35.066,-63.746],[-34.963,-63.334],[-34.864,-62.922],[-34.767,-62.51],[-34.79,-62.029],[-34.813,-61.548],[-34.945,-61.087],[-35.074,-60.626],[-35.199,-60.165],[-35.485,-59.863],[-35.765,-59.561],[-36.041,-59.258],[-36.694,-59.019],[-37.339,-58.776]]}},{"type":"Feature","properties":{"boundary_type":"ridge","feature_type":"gpml:MidOceanRidge","polarity":null,"overriding_plate_id":null,"subducting_plate_id":null,"plate_ids":[818],"name":"West Scotia Ridge NW15"},"geometry":{"type":"LineString","coordinates":[[-69.038,-58.938],[-68.438,-59.33],[-67.823,-59.72],[-67.194,-60.106],[-66.55,-60.49],[-65.891,-60.87],[-65.216,-61.247],[-64.525,-61.621],[-63.817,-61.991],[-63.091,-62.357],[-62.348,-62.719],[-61.586,-63.078]]}},{"type":"Feature","properties":{"boundary_type":"ridge","feature_type":"gpml:MidOceanRidge","polarity":null,"overriding_plate_id":null,"subducting_plate_id":null,"plate_ids":[819],"name":"West Scotia Ridge NW15"},"geometry":{"type":"LineString","coordinates":[[-54.998,-66.551],[-55.818,-66.18],[-56.614,-65.805],[-57.387,-65.426],[-58.137,-65.043],[-58.867,-64.657],[-59.576,-64.267],[-60.265,-63.874],[-60.935,-63.477],[-61.586,-63.078]]}},{"type":"Feature","properties":{"boundary_type":"ridge","feature_type":"gpml:MidOceanRidge","polarity":null,"overriding_plate_id":null,"subducting_plate_id":null,"plate_ids":[818,819],"name":"West Scotia Ridge NW15"},"geometry":{"type":"LineString","coordinates":[[-61.586,-63.078],[-60.901,-62.716],[-60.233,-62.351],[-59.885,-62.109],[-59.543,-61.866],[-59.271,-61.92],[-58.771,-61.559],[-58.282,-61.197],[-57.804,-60.833],[-57.117,-60.965],[-56.425,-61.095],[-55.982,-60.698],[-55.549,-60.299],[-55.019,-60.356],[-54.723,-60.108],[-54.432,-59.86]]}},{"type":"Feature","properties":{"boundary_type":"ridge","feature_type":"gpml:MidOceanRidge","polarity":null,"overriding_plate_id":null,"subducting_plate_id":null,"plate_ids":[801,853],"name":"Norfolk MOR"},"geometry":{"type":"LineString","coordinates":[[170.883,-31.332],[170.948,-31.791],[171.013,-32.25],[171.079,-32.709],[171.156,-33.186],[171.233,-33.663],[171.311,-34.14],[171.39,-34.616],[171.47,-35.093],[171.551,-35.57],[171.632,-36.046],[171.715,-36.523],[171.799,-36.999],[171.884,-37.475],[171.97,-37.952],[172.057,-38.428],[172.541,-38.426],[173.025,-38.423],[173.509,-38.417],[173.608,-38.91],[173.708,-39.403],[173.809,-39.896],[173.912,-40.389]]}},{"type":"Feature","properties":{"boundary_type":"transform","feature_type":"gpml:Transform","polarity":null,"overriding_plate_id":null,"subducting_plate_id":null,"plate_ids":[801,853],"name":"Cook Fracture Zone"},"geometry":{"type":"LineString","coordinates":[[170.883,-31.332],[171.032,-31.343]]}},{"type":"Feature","properties":{"boundary_type":"transform","feature_type":"gpml:Transform","polarity":null,"overriding_plate_id":null,"subducting_plate_id":null,"plate_ids":[839,853],"name":"Cook Fracture Zone"},"geometry":{"type":"LineString","coordinates":[[171.032,-31.343],[171.546,-31.38],[172.06,-31.415],[172.575,-31.448],[173.09,-31.478],[173.605,-31.507],[174.121,-31.533]]}},{"type":"Feature","properties":{"boundary_type":"transform","feature_type":"gpml:Transform","polarity":null,"overriding_plate_id":null,"subducting_plate_id":null,"plate_ids":[839,853],"name":"Three Kings Ridge Miocene subduction"},"geometry":{"type":"LineString","coordinates":[[174.121,-31.533],[174.262,-31.954],[174.43,-32.43],[174.6,-32.905],[174.771,-33.381],[174.944,-33.856],[175.107,-34.284],[175.272,-34.712],[175.438,-35.14],[175.607,-35.568],[175.748,-35.99],[175.892,-36.412],[176.037,-36.834],[176.184,-37.255],[176.349,-37.725],[176.516,-38.195],[176.685,-38.665],[176.857,-39.135],[177.031,-39.604]]}},{"type":"Feature","properties":{"boundary_type":"other","feature_type":"gpml:InferredPaleoBoundary","polarity":null,"overriding_plate_id":null,"subducting_plate_id":null,"plate_ids":[801,839],"name":"palaeo boundary around New Cal"},"geometry":{"type":"LineString","coordinates":[[162.528,-18.747],[163.005,-18.913],[163.477,-19.094],[163.95,-19.275],[164.423,-19.453],[164.898,-19.631],[164.989,-20.048],[165.08,-20.464],[165.171,-20.88],[164.84,-21.13],[164.507,-21.379],[164.173,-21.628],[163.985,-22.0],[163.797,-22.372],[163.607,-22.743],[163.416,-23.115],[163.628,-23.528],[163.84,-23.942],[164.054,-24.355],[164.404,-24.64],[164.756,-24.925],[165.109,-25.208],[165.464,-25.491],[165.821,-25.773],[166.179,-26.054],[166.603,-26.292],[167.029,-26.529],[167.456,-26.765],[167.886,-27.0],[168.317,-27.233],[168.75,-27.465],[169.185,-27.695],[169.621,-27.925],[169.792,-28.353],[169.965,-28.781],[170.139,-29.208],[170.315,-29.636],[170.491,-30.063],[170.67,-30.49],[170.85,-30.917],[171.032,-31.343]]}},{"type":"Feature","properties":{"boundary_type":"other","feature_type":"gpml:FractureZone","polarity":null,"overriding_plate_id":null,"subducting_plate_id":null,"plate_ids":[101,903],"name":"Continental def as ridge merges w california MG 5-5 07"},"geometry":{"type":"LineString","coordinates":[[-107.56,36.833],[-107.316,36.556]]}},{"type":"Feature","properties":{"boundary_type":"other","feature_type":"gpml:FractureZone","polarity":null,"overriding_plate_id":null,"subducting_plate_id":null,"plate_ids":[101,901],"name":"Continental def as ridge merges w california MG 5-5 07"},"geometry":{"type":"LineString","coordinates":[[-107.316,36.556],[-107.028,36.225],[-106.507,36.031],[-105.99,35.835],[-105.579,35.672],[-105.17,35.509],[-104.868,35.186],[-104.568,34.863],[-104.338,34.578],[-104.109,34.291],[-103.777,34.015],[-103.448,33.738],[-103.12,33.46],[-102.879,33.072],[-102.639,32.684],[-102.413,32.293],[-102.189,31.9],[-101.967,31.508],[-101.644,31.122],[-101.324,30.735],[-101.233,30.638]]}},{"type":"Feature","properties":{"boundary_type":"other","feature_type":"gpml:FractureZone","polarity":null,"overriding_plate_id":null,"subducting_plate_id":null,"plate_ids":[101,902],"name":"Continental def as ridge merges w california MG 5-5 07"},"geometry":{"type":"LineString","coordinates":[[-101.233,30.638],[-101.075,30.468]]}},{"type":"Feature","properties":{"boundary_type":"subduction","feature_type":"gpml:SubductionZone","polarity":"Right","overriding_plate_id":null,"subducting_plate_id":null,"plate_ids":[101],"name":"Western NAM subduction"},"geometry":{"type":"LineString","coordinates":[[-107.56,36.833],[-107.952,36.995],[-108.345,37.155],[-108.648,37.542],[-108.953,37.928],[-109.169,38.263],[-109.386,38.599],[-109.606,38.934],[-109.828,39.268],[-110.16,39.696],[-110.496,40.124],[-110.837,40.55],[-111.181,40.975],[-111.423,41.42],[-111.667,41.864],[-111.916,42.308],[-112.167,42.751],[-112.228,43.2],[-112.29,43.648],[-112.353,44.097],[-112.417,44.545],[-112.482,44.994],[-112.548,45.442],[-112.304,45.822],[-112.057,46.201],[-111.806,46.579],[-111.552,46.957],[-111.294,47.334],[-111.19,47.802],[-111.083,48.269],[-110.975,48.736],[-110.864,49.203],[-110.919,49.675],[-110.975,50.147],[-111.033,50.62],[-111.091,51.092],[-111.155,51.492],[-111.219,51.892],[-111.285,52.292]]}},{"type":"Feature","properties":{"boundary_type":"subduction","feature_type":"gpml:SubductionZone","polarity":"Left","overriding_plate_id":301,"subducting_plate_id":608,"plate_ids":[301,608],"name":"Okinawa Trough (Ryuku) from EarthByte cob MG 4-20-07"},"geometry":{"type":"LineString","coordinates":[[120.702,28.25],[120.769,28.266],[121.221,28.427],[121.674,28.587],[122.129,28.744],[122.585,28.901],[123.042,29.055],[123.477,29.309],[123.915,29.56],[124.355,29.81],[124.797,30.059],[125.073,30.336],[125.351,30.613],[125.63,30.889],[125.846,31.305],[126.063,31.72],[126.283,32.135],[126.504,32.549],[126.728,32.963],[126.899,33.342],[127.073,33.722],[127.248,34.101],[127.424,34.479],[127.522,34.828],[127.621,35.177],[127.689,35.615],[127.758,36.053],[127.751,36.492],[127.743,36.931],[127.829,37.304]]}},{"type":"Feature","properties":{"boundary_type":"subduction","feature_type":"gpml:SubductionZone","polarity":"Left","overriding_plate_id":301,"subducting_plate_id":701,"plate_ids":[301,701],"name":"Vardar Sea Sub."},"geometry":{"type":"LineString","coordinates":[[19.221,40.194],[19.343,39.721],[19.463,39.249],[19.582,38.776],[19.699,38.303],[19.814,37.83],[19.854,37.453],[19.894,37.075],[19.933,36.697],[20.33,36.322],[20.724,35.946],[21.113,35.569],[21.499,35.19],[21.862,34.865],[22.221,34.539],[22.578,34.211],[22.932,33.882],[23.336,33.767],[23.739,33.65],[24.141,33.532]]}},{"type":"Feature","properties":{"boundary_type":"subduction","feature_type":"gpml:SubductionZone","polarity":"Left","overriding_plate_id":301,"subducting_plate_id":522,"plate_ids":[301,522],"name":"Vardar Sea Sub."},"geometry":{"type":"LineString","coordinates":[[24.141,33.532],[24.651,33.38],[25.1,33.374],[25.549,33.367],[26.103,33.37],[26.657,33.371],[27.211,33.369],[27.765,33.365],[28.333,33.408],[28.902,33.448],[29.471,33.485],[30.04,33.52],[30.61,33.553],[31.181,33.583],[31.751,33.61],[32.323,33.634],[32.894,33.656],[33.466,33.676],[34.038,33.692],[34.61,33.706],[35.182,33.718],[35.583,33.737]]}},{"type":"Feature","properties":{"boundary_type":"other","feature_type":"gpml:ContinentalRift","polarity":null,"overriding_plate_id":null,"subducting_plate_id":null,"plate_ids":[301,306],"name":"Ligoro-Provincal Rift"},"geometry":{"type":"LineString","coordinates":[[4.7,33.259],[4.921,33.194],[5.1,33.078],[5.358,33.028]]}},{"type":"Feature","properties":{"boundary_type":"other","feature_type":"gpml:ContinentalRift","polarity":null,"overriding_plate_id":null,"subducting_plate_id":null,"plate_ids":[306,708],"name":"Ligoro-Provincal Rift"},"geometry":{"type":"LineString","coordinates":[[5.358,33.028],[5.864,32.927],[6.335,32.823],[6.805,32.716],[7.275,32.608],[7.743,32.498],[8.21,32.386]]}},{"type":"Feature","properties":{"boundary_type":"subduction","feature_type":"gpml:SubductionZone","polarity":"Right","overriding_plate_id":522,"subducting_plate_id":701,"plate_ids":[522,701],"name":"Eastern Mediterranean Subduction"},"geometry":{"type":"LineString","coordinates":[[38.904,33.29],[38.411,33.207],[37.908,33.125],[37.407,33.04],[36.906,32.953],[36.406,32.865],[35.908,32.774],[35.41,32.681],[34.914,32.587],[34.53,32.265],[34.149,31.941],[33.771,31.617],[33.414,31.308],[33.059,30.999],[32.707,30.689],[32.357,30.377],[32.009,30.065],[31.508,29.996],[31.007,29.925],[30.507,29.852],[30.007,29.778],[29.459,29.801],[28.911,29.821],[28.362,29.839],[27.808,29.922],[27.252,30.002],[26.695,30.079],[26.138,30.155],[25.58,30.228],[25.021,30.298],[24.461,30.367]]}},{"type":"Feature","properties":{"boundary_type":"subduction","feature_type":"gpml:SubductionZone","polarity":"Right","overriding_plate_id":701,"subducting_plate_id":306,"plate_ids":[306,701],"name":"Alpine Subduction"},"geometry":{"type":"LineString","coordinates":[[7.343,37.75],[7.585,38.163],[7.83,38.575]]}},{"type":"Feature","properties":{"boundary_type":"subduction","feature_type":"gpml:SubductionZone","polarity":"Right","overriding_plate_id":701,"subducting_plate_id":301,"plate_ids":[301,701],"name":"Alpine Subduction"},"geometry":{"type":"LineString","coordinates":[[7.83,38.575],[8.012,38.878],[8.196,39.18],[8.381,39.482],[8.924,39.682],[9.471,39.879],[10.02,40.073],[10.573,40.265],[10.921,40.542],[11.272,40.818],[11.625,41.093],[11.858,41.378],[12.093,41.662],[12.33,41.945],[12.801,42.203],[13.275,42.459],[13.841,42.666],[14.411,42.87],[14.985,43.072],[15.561,42.883],[16.132,42.692],[16.7,42.498],[17.265,42.301],[17.753,42.067],[18.238,41.832],[18.488,41.423],[18.736,41.014],[18.98,40.604],[19.221,40.194]]}},{"type":"Feature","properties":{"boundary_type":"subduction","feature_type":"gpml:SubductionZone","polarity":"Right","overriding_plate_id":306,"subducting_plate_id":701,"plate_ids":[306,701],"name":"Ligurian Subduction"},"geometry":{"type":"LineString","coordinates":[[7.343,37.75],[7.556,37.296],[7.766,36.841],[7.974,36.385],[8.18,35.929],[8.383,35.473],[8.672,35.04],[8.957,34.606],[9.24,34.171],[9.52,33.736],[9.796,33.3],[9.397,33.073],[8.999,32.845],[8.603,32.616],[8.21,32.386]]}},{"type":"Feature","properties":{"boundary_type":"subduction","feature_type":"gpml:SubductionZone","polarity":"Right","overriding_plate_id":708,"subducting_plate_id":701,"plate_ids":[701,708],"name":"Ligurian Subduction"},"geometry":{"type":"LineString","coordinates":[[8.21,32.386],[7.831,32.162],[7.454,31.937],[7.079,31.711],[6.518,31.616],[5.957,31.518],[5.398,31.418],[4.84,31.315],[4.283,31.21],[3.728,31.102],[3.313,30.974],[2.9,30.845],[2.487,30.714],[2.025,30.604],[1.563,30.492],[1.103,30.378],[0.644,30.263],[0.185,30.146],[-0.27,30.053],[-0.725,29.958],[-1.179,29.862],[-1.633,29.764],[-2.085,29.665],[-2.571,29.556],[-3.055,29.445],[-3.539,29.333]]}},{"type":"Feature","properties":{"boundary_type":"subduction","feature_type":"gpml:SubductionZone","polarity":"Right","overriding_plate_id":301,"subducting_plate_id":701,"plate_ids":[301,701],"name":"Ligurian Subduction"},"geometry":{"type":"LineString","coordinates":[[-3.539,29.333],[-3.901,29.247],[-4.262,29.161],[-4.655,29.214],[-5.048,29.266],[-5.441,29.317],[-5.829,29.251],[-6.216,29.184]]}},{"type":"Feature","properties":{"boundary_type":"transform","feature_type":"gpml:Transform","polarity":null,"overriding_plate_id":null,"subducting_plate_id":null,"plate_ids":[503,701],"name":"Neotethys transform 40Ma"},"geometry":{"type":"LineString","coordinates":[[39.269,32.841],[38.983,33.155],[38.904,33.29]]}},{"type":"Feature","properties":{"boundary_type":"transform","feature_type":"gpml:Transform","polarity":null,"overriding_plate_id":null,"subducting_plate_id":null,"plate_ids":[503,522],"name":"Neotethys transform 40Ma"},"geometry":{"type":"LineString","coordinates":[[38.904,33.29],[38.656,33.713],[38.405,34.135]]}},{"type":"Feature","properties":{"boundary_type":"other","feature_type":"gpml:InferredPaleoBoundary","polarity":null,"overriding_plate_id":null,"subducting_plate_id":null,"plate_ids":[522,701],"name":""},"geometry":{"type":"LineString","coordinates":[[24.141,33.532],[24.188,33.08],[24.235,32.628],[24.281,32.176],[24.327,31.723],[24.372,31.271],[24.417,30.819],[24.461,30.367]]}},{"type":"Feature","properties":{"boundary_type":"ridge","feature_type":"gpml:MidOceanRidge","polarity":null,"overriding_plate_id":null,"subducting_plate_id":null,"plate_ids":[301,306],"name":"Liguro-Provincal MOR"},"geometry":{"type":"LineString","coordinates":[[7.83,38.575],[7.416,38.267],[7.08,38.02],[6.746,37.773],[6.414,37.524],[6.026,37.295],[5.639,37.066],[5.255,36.835],[4.96,36.434],[4.668,36.033],[4.378,35.632],[4.275,35.458]]}},{"type":"Feature","properties":{"boundary_type":"ridge","feature_type":"gpml:MidOceanRidge","polarity":null,"overriding_plate_id":null,"subducting_plate_id":null,"plate_ids":[301,306],"name":"Liguro-Provincal MOR"},"geometry":{"type":"LineString","coordinates":[[4.275,35.458],[4.391,35.196],[4.506,34.935],[4.565,34.536],[4.623,34.138],[4.662,33.699],[4.7,33.259]]}},{"type":"Feature","properties":{"boundary_type":"ridge","feature_type":"gpml:MidOceanRidge","polarity":null,"overriding_plate_id":null,"subducting_plate_id":null,"plate_ids":[301,708],"name":"Liguro-Provincal MOR"},"geometry":{"type":"LineString","coordinates":[[-3.539,29.333],[-3.113,29.515],[-2.687,29.696],[-2.259,29.876],[-1.829,30.054],[-1.391,30.275],[-0.952,30.493],[-0.51,30.71],[-0.067,30.926],[0.379,31.14],[0.781,31.304],[1.185,31.466],[1.59,31.627],[1.96,31.804],[2.331,31.98],[2.704,32.154],[3.1,32.13],[3.495,32.105],[3.891,32.079],[4.398,32.3],[4.908,32.52],[5.132,32.774],[5.358,33.028]]}}]}