{"type":"FeatureCollection","meta":{"model":"Cao2024","reconstruction_time_ma":550.0,"anchor_plate_id":0,"pygplates_version":"1.0.0","tessellate_degrees":0.5,"polarity_convention":"gpml:subductionPolarity. 'Left'/'Right' names the side of the line, in vertex order, on which the OVERRIDING plate lies. Triangles are drawn on that side.","antimeridian":"Lines are NOT split at +/-180 deg. The renderer works in 3D unit vectors where the dateline is not special; splitting would only add spurious breaks. Do not treat this as RFC 7946 GIS-ready 2D data."},"features":[{"type":"Feature","properties":{"boundary_type":"subduction","feature_type":"gpml:SubductionZone","polarity":"Right","overriding_plate_id":302,"subducting_plate_id":98043,"plate_ids":[302,98043],"name":"Ocean-Ocean convergence baltica"},"geometry":{"type":"LineString","coordinates":[[-59.16,-3.152],[-58.821,-3.517],[-58.481,-3.882],[-58.141,-4.247],[-57.801,-4.611],[-57.46,-4.976],[-57.12,-5.34],[-56.778,-5.704],[-56.437,-6.068],[-56.094,-6.432],[-55.752,-6.795],[-55.408,-7.158],[-55.065,-7.521],[-54.72,-7.884],[-54.375,-8.246],[-54.03,-8.608],[-53.684,-8.97],[-53.337,-9.332],[-52.989,-9.693],[-52.641,-10.053],[-52.292,-10.414],[-51.942,-10.774],[-51.591,-11.134],[-51.239,-11.493],[-50.887,-11.852],[-50.533,-12.21],[-50.179,-12.568],[-49.823,-12.925],[-49.467,-13.282],[-49.109,-13.639],[-48.751,-13.995],[-48.391,-14.35],[-48.03,-14.705],[-47.668,-15.059],[-47.305,-15.413],[-46.94,-15.766],[-46.575,-16.119],[-46.207,-16.471],[-45.839,-16.822],[-45.469,-17.173],[-45.098,-17.523],[-44.726,-17.872],[-44.352,-18.22],[-43.976,-18.568],[-43.599,-18.915],[-43.22,-19.262],[-42.84,-19.607],[-42.512,-20.0],[-42.183,-20.391],[-41.852,-20.782],[-41.519,-21.173],[-41.184,-21.563],[-40.848,-21.952],[-40.51,-22.34],[-40.17,-22.728],[-39.828,-23.115],[-39.484,-23.501],[-39.138,-23.887],[-38.789,-24.272],[-38.439,-24.656],[-38.087,-25.039],[-37.732,-25.421],[-37.375,-25.803],[-37.016,-26.183],[-36.655,-26.563],[-36.291,-26.942],[-35.925,-27.32],[-35.556,-27.696],[-35.184,-28.072],[-34.81,-28.447],[-34.434,-28.821],[-34.054,-29.194],[-33.672,-29.565],[-33.287,-29.936],[-32.899,-30.306],[-32.509,-30.674],[-32.115,-31.041],[-31.718,-31.407]]}},{"type":"Feature","properties":{"boundary_type":"subduction","feature_type":"gpml:SubductionZone","polarity":"Right","overriding_plate_id":302,"subducting_plate_id":9804411,"plate_ids":[302,9804411],"name":"Ocean-Ocean convergence baltica"},"geometry":{"type":"LineString","coordinates":[[-31.718,-31.407],[-31.359,-31.734],[-30.998,-32.061],[-30.634,-32.386],[-30.267,-32.711],[-29.898,-33.034],[-29.526,-33.356],[-29.151,-33.677],[-28.774,-33.997],[-28.378,-34.36],[-27.979,-34.722],[-27.576,-35.083],[-27.17,-35.442],[-26.76,-35.8],[-26.347,-36.156],[-25.93,-36.511],[-25.509,-36.864],[-25.084,-37.216],[-24.655,-37.567],[-24.222,-37.916],[-23.784,-38.263],[-23.343,-38.609],[-22.897,-38.953],[-22.448,-39.295],[-21.993,-39.635],[-21.534,-39.974],[-21.124,-40.352],[-20.709,-40.729],[-20.29,-41.104],[-19.865,-41.478],[-19.436,-41.85],[-19.002,-42.22],[-18.562,-42.589],[-18.118,-42.956],[-17.668,-43.322],[-17.213,-43.685],[-16.752,-44.047],[-16.285,-44.407],[-15.813,-44.765],[-15.335,-45.121],[-14.85,-45.475],[-14.36,-45.827],[-13.864,-46.177],[-13.361,-46.524],[-12.851,-46.87],[-12.335,-47.213],[-11.813,-47.554],[-11.284,-47.892],[-10.747,-48.228],[-10.204,-48.561]]}},{"type":"Feature","properties":{"boundary_type":"subduction","feature_type":"gpml:SubductionZone","polarity":"Right","overriding_plate_id":8013,"subducting_plate_id":10191,"plate_ids":[8013,10191],"name":"Ross Orogen"},"geometry":{"type":"LineString","coordinates":[[116.142,20.197],[116.601,20.023],[117.059,19.849],[117.516,19.674],[117.972,19.497],[118.428,19.319],[118.882,19.14],[119.335,18.96],[119.787,18.779],[120.238,18.597],[120.689,18.414],[121.138,18.23],[121.586,18.044],[122.034,17.858],[122.387,17.522],[122.739,17.186],[123.09,16.85],[123.44,16.512],[123.788,16.174],[124.136,15.836],[124.482,15.497],[124.827,15.158],[125.17,14.817],[125.513,14.477],[125.855,14.136],[126.196,13.794],[126.535,13.452],[126.874,13.11],[127.212,12.767],[127.549,12.424],[127.885,12.08],[128.182,11.706],[128.478,11.332],[128.773,10.958],[129.068,10.584],[129.362,10.209],[129.655,9.834],[129.948,9.459],[130.239,9.083],[130.531,8.707],[130.821,8.331],[131.112,7.955],[131.401,7.579],[131.69,7.202],[131.979,6.825],[132.408,6.585],[132.838,6.344],[133.266,6.103],[133.694,5.862],[134.122,5.621],[134.439,5.314],[134.755,5.006],[135.072,4.699],[135.387,4.392],[135.703,4.084],[136.018,3.776],[136.333,3.469],[136.648,3.161],[136.946,2.855],[137.243,2.548],[137.539,2.242],[137.836,1.936],[138.133,1.63],[138.429,1.323],[138.812,1.108],[139.194,0.894],[139.577,0.679],[139.959,0.464],[140.342,0.249],[140.724,0.034],[141.107,-0.181],[141.56,-0.271],[142.014,-0.361],[142.468,-0.452],[142.921,-0.542],[143.375,-0.632],[143.83,-0.759],[144.285,-0.886],[144.74,-1.013],[145.194,-1.14],[145.649,-1.266],[145.896,-1.647],[146.143,-2.028],[146.391,-2.409],[146.638,-2.789],[146.815,-3.24],[146.993,-3.691],[147.171,-4.142],[147.349,-4.593],[147.528,-5.044],[147.706,-5.495],[147.885,-5.945],[148.064,-6.396],[148.244,-6.846],[148.424,-7.297],[148.604,-7.747],[148.785,-8.198],[148.966,-8.648],[149.147,-9.098],[149.372,-9.506],[149.598,-9.914],[149.825,-10.322],[150.052,-10.73],[150.28,-11.137],[150.508,-11.545],[150.737,-11.952],[150.967,-12.359],[151.197,-12.765],[151.541,-13.093],[151.886,-13.421]]}},{"type":"Feature","properties":{"boundary_type":"subduction","feature_type":"gpml:SubductionZone","polarity":"Right","overriding_plate_id":22041,"subducting_plate_id":22031,"plate_ids":[22031,22041],"name":"Pampean Belt (RDLP-Pampean SZ)"},"geometry":{"type":"LineString","coordinates":[[161.906,-29.746],[162.437,-29.738],[162.967,-29.728],[163.498,-29.716],[164.028,-29.702],[164.577,-29.606],[165.125,-29.508],[165.672,-29.407],[166.218,-29.305],[166.687,-29.254],[167.155,-29.202],[167.623,-29.148],[168.091,-29.092],[168.494,-29.294],[168.898,-29.495],[169.304,-29.695],[169.729,-29.893],[170.156,-30.09],[170.585,-30.286],[171.015,-30.48],[171.334,-30.894],[171.656,-31.307],[171.981,-31.719],[172.309,-32.13],[172.353,-32.541],[172.398,-32.951],[172.443,-33.361],[172.488,-33.771],[172.552,-34.126],[172.617,-34.482],[172.682,-34.838],[172.726,-35.261],[172.771,-35.683],[172.816,-36.106],[172.882,-36.485],[172.949,-36.863],[173.016,-37.242],[173.069,-37.443]]}},{"type":"Feature","properties":{"boundary_type":"subduction","feature_type":"gpml:SubductionZone","polarity":"Right","overriding_plate_id":701,"subducting_plate_id":701,"plate_ids":[701,701],"name":"Cadomian Terranes"},"geometry":{"type":"LineString","coordinates":[[12.77,-61.864],[13.583,-61.744],[14.391,-61.62],[15.191,-61.491],[15.985,-61.357],[16.379,-60.928],[16.762,-60.498],[17.136,-60.066],[17.499,-59.634],[17.854,-59.201],[18.434,-58.905],[19.005,-58.607],[19.566,-58.306],[20.117,-58.003],[20.659,-57.698],[21.551,-57.708],[22.443,-57.712],[23.334,-57.71],[24.226,-57.702],[25.117,-57.688],[25.884,-57.465],[26.642,-57.238],[27.39,-57.007],[27.934,-56.724],[28.471,-56.44],[28.999,-56.153],[29.587,-55.863],[30.166,-55.571],[30.737,-55.276],[31.299,-54.978],[31.853,-54.678],[32.398,-54.375],[32.936,-54.069],[33.351,-53.714],[33.759,-53.357],[34.16,-52.998],[34.555,-52.639],[35.066,-52.357],[35.571,-52.073]]}},{"type":"Feature","properties":{"boundary_type":"subduction","feature_type":"gpml:SubductionZone","polarity":"Left","overriding_plate_id":701,"subducting_plate_id":201,"plate_ids":[201,701],"name":"Araguaia Belt"},"geometry":{"type":"LineString","coordinates":[[-177.944,-79.045],[-178.677,-78.909],[-179.647,-78.493],[179.45,-78.074],[178.607,-77.652],[177.82,-77.228],[177.082,-76.801],[176.39,-76.373],[175.739,-75.943],[174.83,-75.63],[173.959,-75.313],[173.123,-74.994],[173.016,-74.55],[172.914,-74.107],[172.818,-73.663],[172.727,-73.219],[173.199,-72.764],[173.647,-72.307],[174.074,-71.849],[174.481,-71.39],[174.868,-70.931],[174.878,-70.478],[174.887,-70.026],[174.896,-69.573],[174.905,-69.121],[174.913,-68.668],[174.921,-68.215],[174.495,-67.755],[174.086,-67.294],[173.692,-66.832],[173.313,-66.369],[172.948,-65.905],[172.834,-65.517],[172.723,-65.129],[172.744,-64.871],[172.764,-64.612],[172.695,-64.135],[172.81,-63.765],[172.921,-63.394],[173.053,-63.015],[173.421,-62.809],[173.783,-62.603]]}},{"type":"Feature","properties":{"boundary_type":"subduction","feature_type":"gpml:SubductionZone","polarity":"Left","overriding_plate_id":701,"subducting_plate_id":201,"plate_ids":[201,701],"name":"SZ Parana Paraguay Belt"},"geometry":{"type":"LineString","coordinates":[[173.783,-62.603],[173.733,-62.44],[173.014,-62.072],[172.311,-61.7],[172.121,-61.324],[171.935,-60.948],[171.977,-60.497],[172.018,-60.046],[172.174,-59.655],[172.326,-59.264],[172.155,-58.986],[171.986,-58.708],[171.654,-58.389],[171.327,-58.069],[171.368,-57.622],[171.408,-57.174],[171.571,-56.739],[171.73,-56.305],[171.86,-55.94],[171.987,-55.574],[171.962,-55.24],[171.936,-54.906],[171.912,-54.572],[171.478,-54.347]]}},{"type":"Feature","properties":{"boundary_type":"subduction","feature_type":"gpml:SubductionZone","polarity":"Left","overriding_plate_id":701,"subducting_plate_id":22041,"plate_ids":[701,22041],"name":"SZ Parana Paraguay Belt"},"geometry":{"type":"LineString","coordinates":[[171.478,-54.347],[170.873,-54.027],[170.632,-53.796],[170.393,-53.564]]}},{"type":"Feature","properties":{"boundary_type":"subduction","feature_type":"gpml:SubductionZone","polarity":"Left","overriding_plate_id":701,"subducting_plate_id":701,"plate_ids":[701,701],"name":"ANS"},"geometry":{"type":"LineString","coordinates":[[42.521,-35.628],[42.76,-35.858],[42.952,-36.316],[43.145,-36.773],[43.341,-37.231],[43.539,-37.688],[43.739,-38.144],[43.943,-38.6],[44.148,-39.056],[44.088,-39.469],[44.027,-39.883],[43.965,-40.296],[43.903,-40.709],[43.918,-41.162],[43.934,-41.615],[43.95,-42.068],[43.966,-42.521],[43.64,-42.894],[43.31,-43.265],[42.977,-43.636],[42.639,-44.005],[42.297,-44.374],[41.95,-44.742],[41.599,-45.108],[41.244,-45.473],[40.83,-45.799],[40.412,-46.123],[39.989,-46.446],[39.561,-46.767],[39.127,-47.086],[38.689,-47.404],[38.245,-47.72],[37.999,-48.158],[37.748,-48.596],[37.493,-49.032],[37.233,-49.469],[36.968,-49.904],[36.699,-50.339],[36.425,-50.774],[36.146,-51.207],[35.861,-51.64],[35.571,-52.073]]}},{"type":"Feature","properties":{"boundary_type":"subduction","feature_type":"gpml:SubductionZone","polarity":"Right","overriding_plate_id":401,"subducting_plate_id":98043,"plate_ids":[401,98043],"name":"Central Taimyr Belt"},"geometry":{"type":"LineString","coordinates":[[-80.342,3.714],[-80.56,3.288],[-80.778,2.862],[-80.996,2.437],[-81.214,2.011]]}},{"type":"Feature","properties":{"boundary_type":"subduction","feature_type":"gpml:SubductionZone","polarity":"Right","overriding_plate_id":401,"subducting_plate_id":401,"plate_ids":[401,401],"name":"Central Taimyr Belt"},"geometry":{"type":"LineString","coordinates":[[-81.214,2.011],[-81.422,1.604],[-81.63,1.197],[-81.838,0.79],[-82.046,0.383],[-82.254,-0.024],[-82.68,-0.229],[-83.106,-0.434],[-83.532,-0.639],[-83.958,-0.844],[-84.385,-1.049],[-84.811,-1.254],[-85.237,-1.459],[-85.664,-1.664],[-86.09,-1.868],[-86.57,-1.993],[-87.051,-2.118],[-87.531,-2.243],[-88.011,-2.367],[-88.492,-2.491],[-88.972,-2.615],[-89.453,-2.739],[-89.934,-2.863],[-90.415,-2.987],[-90.896,-3.11],[-91.377,-3.233],[-91.858,-3.356],[-92.339,-3.479],[-92.821,-3.601],[-93.302,-3.723],[-93.784,-3.845],[-94.266,-3.967],[-94.748,-4.088],[-95.23,-4.209],[-95.712,-4.33],[-96.195,-4.45],[-96.677,-4.571],[-97.16,-4.69],[-97.643,-4.81],[-98.126,-4.929],[-98.609,-5.048],[-99.093,-5.166],[-99.376,-5.318],[-99.66,-5.47]]}},{"type":"Feature","properties":{"boundary_type":"subduction","feature_type":"gpml:SubductionZone","polarity":"Left","overriding_plate_id":701,"subducting_plate_id":22031,"plate_ids":[701,22031],"name":"Saldania Belt"},"geometry":{"type":"LineString","coordinates":[[155.722,-42.111],[155.195,-41.94],[154.672,-41.766],[154.152,-41.59],[153.634,-41.411],[153.12,-41.231],[152.656,-40.956],[152.196,-40.68],[151.741,-40.401],[151.288,-40.121],[150.84,-39.84],[150.395,-39.556],[149.954,-39.271],[149.504,-38.992],[149.057,-38.711],[148.613,-38.428],[148.173,-38.144],[147.736,-37.858],[147.303,-37.571],[146.873,-37.282],[146.3,-37.109],[145.729,-36.934],[145.161,-36.756],[144.596,-36.575],[144.033,-36.392],[143.623,-36.477],[143.212,-36.56]]}},{"type":"Feature","properties":{"boundary_type":"subduction","feature_type":"gpml:SubductionZone","polarity":"Left","overriding_plate_id":401,"subducting_plate_id":98043,"plate_ids":[401,98043],"name":"Kuznetsk-Alatau & North Sayan & Chingiz (?) subduction zone"},"geometry":{"type":"LineString","coordinates":[[-80.342,3.714],[-80.682,4.043],[-81.023,4.372],[-81.363,4.702],[-81.704,5.031],[-82.046,5.359],[-82.386,5.634],[-82.726,5.908],[-83.067,6.181],[-83.408,6.455],[-83.75,6.728],[-84.186,6.956],[-84.623,7.184],[-85.061,7.412],[-85.499,7.638],[-85.937,7.865],[-86.052,7.964]]}},{"type":"Feature","properties":{"boundary_type":"subduction","feature_type":"gpml:SubductionZone","polarity":"Right","overriding_plate_id":580,"subducting_plate_id":701,"plate_ids":[580,701],"name":"Central Tianshan SZ"},"geometry":{"type":"LineString","coordinates":[[56.574,-22.557],[56.462,-22.069],[56.35,-21.581],[56.239,-21.093],[56.129,-20.605],[56.02,-20.117],[55.911,-19.629],[55.803,-19.141],[55.695,-18.653],[55.589,-18.164],[55.619,-17.743],[55.65,-17.323],[55.68,-16.902],[55.71,-16.481],[55.741,-16.06],[55.771,-15.639],[55.575,-15.267]]}},{"type":"Feature","properties":{"boundary_type":"subduction","feature_type":"gpml:SubductionZone","polarity":"Right","overriding_plate_id":580,"subducting_plate_id":460,"plate_ids":[460,580],"name":"Central Tianshan SZ"},"geometry":{"type":"LineString","coordinates":[[55.575,-15.267],[55.342,-14.821],[55.111,-14.376],[54.88,-13.93],[54.559,-13.547],[54.24,-13.164],[53.921,-12.781],[53.604,-12.397],[53.288,-12.013],[52.972,-11.629],[52.657,-11.244],[52.343,-10.859],[52.03,-10.474],[51.718,-10.088],[51.406,-9.702],[51.096,-9.316],[50.762,-9.001],[50.428,-8.687],[50.096,-8.372],[49.763,-8.057],[49.432,-7.741],[49.1,-7.426],[48.77,-7.11],[48.439,-6.794],[47.998,-6.603],[47.556,-6.412],[47.115,-6.22],[46.675,-6.028],[46.439,-5.935],[46.203,-5.841]]}},{"type":"Feature","properties":{"boundary_type":"subduction","feature_type":"gpml:SubductionZone","polarity":"Right","overriding_plate_id":701,"subducting_plate_id":801,"plate_ids":[701,801],"name":"India-Antarctica suture"},"geometry":{"type":"LineString","coordinates":[[113.97,-20.625],[114.167,-20.878],[114.459,-21.261],[114.753,-21.643],[115.048,-22.025],[115.345,-22.406],[115.534,-22.807],[115.724,-23.208],[115.915,-23.609],[116.108,-24.009],[116.302,-24.409],[116.497,-24.809],[116.763,-25.149],[117.031,-25.489],[117.3,-25.828],[117.571,-26.166],[117.844,-26.504],[118.074,-26.895],[118.306,-27.285],[118.54,-27.675],[118.775,-28.064],[119.012,-28.453],[119.157,-28.848],[119.303,-29.242],[119.45,-29.636],[119.598,-30.029],[119.747,-30.423],[120.063,-30.677],[120.381,-30.929],[120.7,-31.181],[121.21,-31.399],[121.723,-31.614],[122.239,-31.828],[122.68,-31.799],[123.122,-31.769],[123.563,-31.737],[124.004,-31.704],[124.525,-31.724],[125.046,-31.742],[125.567,-31.758],[126.089,-31.772],[126.611,-31.783],[127.154,-31.948],[127.699,-32.11],[128.245,-32.27],[128.794,-32.427],[129.195,-32.646],[129.598,-32.863],[130.002,-33.079],[130.438,-32.915],[130.871,-32.749],[131.303,-32.582],[131.734,-32.414],[132.162,-32.244],[132.631,-32.049],[133.099,-31.852],[133.564,-31.654],[134.015,-31.672],[134.467,-31.689],[134.918,-31.704],[135.37,-31.717],[135.871,-31.666],[136.372,-31.613],[136.872,-31.558],[137.371,-31.501],[137.87,-31.443]]}},{"type":"Feature","properties":{"boundary_type":"subduction","feature_type":"gpml:SubductionZone","polarity":"Left","overriding_plate_id":602,"subducting_plate_id":801,"plate_ids":[602,801],"name":"South China intraoceanic arc"},"geometry":{"type":"LineString","coordinates":[[91.811,-20.613],[91.997,-20.27],[92.182,-19.927],[92.151,-19.458],[92.12,-18.989],[92.089,-18.52],[92.058,-18.051],[92.028,-17.582],[91.997,-17.113],[91.967,-16.644],[91.937,-16.175],[91.907,-15.706],[91.877,-15.237],[91.762,-14.817],[91.648,-14.398],[91.534,-13.979],[91.42,-13.559],[91.307,-13.14],[91.194,-12.721],[90.998,-12.279],[90.803,-11.838],[90.609,-11.396],[90.415,-10.954],[90.222,-10.512],[90.03,-10.07],[89.838,-9.628],[89.646,-9.186],[89.455,-8.744],[89.322,-8.279],[89.189,-7.815],[89.057,-7.35],[88.925,-6.886],[88.793,-6.421],[88.661,-5.957],[88.53,-5.492],[88.418,-5.005],[88.306,-4.518],[88.195,-4.03],[88.083,-3.543],[87.972,-3.056],[87.728,-2.651],[87.484,-2.247],[87.24,-1.843],[86.996,-1.438],[86.752,-1.034],[86.509,-0.629],[86.265,-0.225],[86.021,0.18],[85.778,0.584],[85.534,0.988],[85.29,1.393],[85.047,1.797]]}},{"type":"Feature","properties":{"boundary_type":"subduction","feature_type":"gpml:SubductionZone","polarity":"Left","overriding_plate_id":460,"subducting_plate_id":9804411,"plate_ids":[460,9804411],"name":"Urumbai, Selety and Erementau zones"},"geometry":{"type":"LineString","coordinates":[[42.679,-12.741],[42.297,-13.074],[41.914,-13.406],[41.531,-13.738],[41.146,-14.069],[40.76,-14.4],[40.372,-14.73],[39.984,-15.059],[39.594,-15.388],[39.204,-15.716],[38.812,-16.043],[38.418,-16.37],[38.024,-16.696],[37.628,-17.021],[37.23,-17.345],[36.831,-17.669],[36.431,-17.992],[36.03,-18.314],[35.626,-18.635],[35.222,-18.955],[34.815,-19.274],[34.455,-19.631],[34.094,-19.987],[33.731,-20.342],[33.366,-20.697],[33.0,-21.051],[32.632,-21.404],[32.262,-21.756],[31.89,-22.107],[31.516,-22.458],[31.14,-22.807],[30.763,-23.156],[30.384,-23.504],[30.002,-23.851],[29.619,-24.197],[29.233,-24.542],[29.091,-24.983],[28.947,-25.424],[28.803,-25.865],[28.657,-26.305],[28.511,-26.746],[28.363,-27.186],[28.214,-27.626],[27.901,-28.001],[27.587,-28.375],[27.27,-28.748],[26.951,-29.12],[26.629,-29.492],[26.305,-29.863],[25.979,-30.233],[25.65,-30.602],[25.319,-30.97],[24.985,-31.338],[24.564,-31.667],[24.139,-31.995],[23.712,-32.322],[23.281,-32.647],[22.848,-32.971],[22.411,-33.293],[21.971,-33.614],[21.528,-33.933],[21.081,-34.25],[20.631,-34.566],[20.178,-34.88],[19.721,-35.192],[19.26,-35.503],[18.796,-35.812],[18.329,-36.119],[17.858,-36.425],[17.383,-36.728],[16.904,-37.03],[16.421,-37.329],[15.935,-37.627],[15.511,-37.915],[15.084,-38.202],[14.653,-38.487],[14.219,-38.77],[13.782,-39.052],[13.341,-39.332],[12.896,-39.61],[12.448,-39.887],[11.948,-40.193],[11.444,-40.497],[10.935,-40.798],[10.422,-41.097],[9.904,-41.394],[9.381,-41.689],[8.853,-41.981],[8.321,-42.271],[7.783,-42.558],[7.241,-42.843],[6.786,-43.203],[6.325,-43.562],[5.859,-43.919],[5.388,-44.274],[4.91,-44.627],[4.427,-44.978],[3.938,-45.327],[3.443,-45.674],[2.941,-46.018],[2.434,-46.361],[1.92,-46.701],[1.399,-47.039],[1.098,-47.344],[0.793,-47.649],[0.484,-47.952]]}},{"type":"Feature","properties":{"boundary_type":"subduction","feature_type":"gpml:SubductionZone","polarity":"Right","overriding_plate_id":460,"subducting_plate_id":9804411,"plate_ids":[460,9804411],"name":"Subduction zone outboard of Tarim"},"geometry":{"type":"LineString","coordinates":[[42.679,-12.741],[42.815,-12.27],[42.95,-11.798],[43.085,-11.327],[43.219,-10.856],[43.353,-10.385],[43.486,-9.914],[43.619,-9.442],[43.752,-8.971],[43.884,-8.499],[44.016,-8.028],[44.148,-7.556],[44.279,-7.085]]}},{"type":"Feature","properties":{"boundary_type":"subduction","feature_type":"gpml:SubductionZone","polarity":"Right","overriding_plate_id":451,"subducting_plate_id":9804411,"plate_ids":[451,9804411],"name":"Subduction zone outboard of Tarim"},"geometry":{"type":"LineString","coordinates":[[44.279,-7.085],[44.409,-6.62],[44.538,-6.156],[44.65,-5.694],[44.763,-5.232],[44.876,-4.77],[44.988,-4.309],[45.1,-3.847],[45.212,-3.385],[45.513,-3.0],[45.814,-2.615],[46.115,-2.23],[46.416,-1.845],[46.716,-1.46],[47.017,-1.075],[47.317,-0.69],[47.618,-0.304],[47.918,0.081],[48.218,0.466],[48.518,0.851],[48.819,1.236],[49.119,1.621],[49.42,2.007],[49.749,2.339],[50.077,2.672],[50.406,3.004],[50.736,3.336],[51.065,3.669],[51.395,4.001],[51.725,4.333],[52.055,4.664],[52.409,4.946],[52.764,5.227],[53.118,5.508],[53.474,5.788],[53.829,6.069],[54.185,6.349],[54.541,6.629],[54.898,6.909],[55.283,7.174],[55.668,7.439],[56.054,7.704],[56.44,7.968],[56.827,8.232],[57.214,8.496],[57.602,8.759],[57.991,9.022],[58.38,9.284]]}},{"type":"Feature","properties":{"boundary_type":"subduction","feature_type":"gpml:SubductionZone","polarity":"Right","overriding_plate_id":601,"subducting_plate_id":9804411,"plate_ids":[601,9804411],"name":"Subduction zone outboard of Tarim"},"geometry":{"type":"LineString","coordinates":[[58.38,9.284],[58.651,9.467],[58.967,9.814],[59.283,10.162],[59.601,10.509],[59.918,10.855],[60.237,11.201],[60.557,11.547],[60.877,11.893],[61.198,12.238],[61.424,12.674],[61.65,13.109],[61.878,13.544],[62.106,13.979],[62.335,14.414],[62.565,14.848],[62.796,15.283],[63.028,15.717],[63.26,16.15],[63.494,16.584],[63.729,17.017],[63.552,17.381],[63.374,17.744],[63.195,18.107]]}},{"type":"Feature","properties":{"boundary_type":"subduction","feature_type":"gpml:SubductionZone","polarity":"Left","overriding_plate_id":201,"subducting_plate_id":22031,"plate_ids":[201,22031],"name":"Pampean Belt"},"geometry":{"type":"LineString","coordinates":[[-121.942,-52.381],[-122.51,-52.422],[-123.298,-52.369],[-124.084,-52.31],[-124.868,-52.247],[-125.649,-52.178],[-126.428,-52.103],[-127.204,-52.024],[-127.977,-51.94],[-128.748,-51.851],[-129.515,-51.756],[-130.279,-51.657],[-131.039,-51.552],[-131.689,-51.291],[-132.331,-51.026],[-132.965,-50.757],[-133.592,-50.485],[-134.212,-50.21],[-134.825,-49.931],[-135.431,-49.649],[-136.03,-49.364],[-136.621,-49.076],[-137.206,-48.785],[-137.784,-48.491],[-138.356,-48.194],[-138.853,-47.858],[-139.344,-47.519],[-139.828,-47.178],[-140.306,-46.835],[-140.778,-46.49],[-141.244,-46.144],[-141.704,-45.795],[-142.159,-45.445],[-142.686,-45.161],[-143.207,-44.874],[-143.82,-44.695],[-144.429,-44.512],[-145.056,-44.372],[-145.68,-44.228],[-146.301,-44.081],[-146.919,-43.93],[-147.534,-43.776],[-148.146,-43.619],[-148.754,-43.459],[-149.41,-43.446],[-150.066,-43.43],[-150.721,-43.41],[-151.376,-43.386],[-152.03,-43.359],[-152.683,-43.327],[-153.336,-43.292],[-153.988,-43.254],[-154.639,-43.211],[-155.289,-43.165],[-155.926,-43.282],[-156.566,-43.395],[-157.208,-43.505],[-157.852,-43.611],[-158.499,-43.713],[-159.147,-43.812],[-159.798,-43.907],[-160.451,-43.999],[-161.106,-44.086],[-161.762,-44.17],[-162.421,-44.25],[-163.081,-44.327],[-163.743,-44.399],[-164.406,-44.468],[-165.071,-44.533],[-165.738,-44.594],[-166.406,-44.651],[-167.075,-44.704],[-167.745,-44.753],[-168.416,-44.798],[-169.083,-44.91],[-169.753,-45.018],[-170.425,-45.121],[-171.099,-45.221],[-171.776,-45.317],[-172.455,-45.409],[-173.136,-45.496],[-173.819,-45.58],[-174.5,-45.717],[-175.183,-45.849],[-175.87,-45.977],[-176.56,-46.102],[-177.253,-46.222],[-177.815,-46.406],[-178.381,-46.588],[-178.95,-46.766],[-179.524,-46.942],[179.899,-47.115],[179.319,-47.286],[178.734,-47.453],[178.082,-47.69],[177.424,-47.923],[176.76,-48.152],[176.091,-48.377],[175.565,-48.591],[175.036,-48.802]]}},{"type":"Feature","properties":{"boundary_type":"subduction","feature_type":"gpml:SubductionZone","polarity":"Left","overriding_plate_id":201,"subducting_plate_id":22041,"plate_ids":[201,22041],"name":"Pampean Belt"},"geometry":{"type":"LineString","coordinates":[[175.036,-48.802],[174.615,-48.967],[174.192,-49.13],[173.587,-49.321],[172.977,-49.509],[172.362,-49.693],[171.743,-49.874]]}},{"type":"Feature","properties":{"boundary_type":"subduction","feature_type":"gpml:SubductionZone","polarity":"Right","overriding_plate_id":701,"subducting_plate_id":801,"plate_ids":[701,801],"name":"CLB/DML SZ"},"geometry":{"type":"LineString","coordinates":[[137.87,-31.443],[138.183,-31.766],[138.499,-32.089],[138.816,-32.411],[139.136,-32.733],[139.458,-33.053],[139.783,-33.373]]}},{"type":"Feature","properties":{"boundary_type":"subduction","feature_type":"gpml:SubductionZone","polarity":"Right","overriding_plate_id":701,"subducting_plate_id":22031,"plate_ids":[701,22031],"name":"CLB/DML SZ"},"geometry":{"type":"LineString","coordinates":[[139.783,-33.373],[140.151,-33.732],[140.522,-34.089],[140.896,-34.446],[141.274,-34.801],[141.655,-35.156],[142.039,-35.509],[142.426,-35.86],[142.817,-36.211],[143.212,-36.56]]}},{"type":"Feature","properties":{"boundary_type":"transform","feature_type":"gpml:Transform","polarity":null,"overriding_plate_id":null,"subducting_plate_id":null,"plate_ids":[460,9804411],"name":"Connecting transform"},"geometry":{"type":"LineString","coordinates":[[0.484,-47.952],[0.458,-47.557],[0.432,-47.161],[0.407,-46.765]]}},{"type":"Feature","properties":{"boundary_type":"subduction","feature_type":"gpml:SubductionZone","polarity":"Left","overriding_plate_id":98043,"subducting_plate_id":401,"plate_ids":[401,98043],"name":"Lake subduction zone"},"geometry":{"type":"LineString","coordinates":[[-85.349,16.33],[-85.326,16.076],[-85.303,15.821],[-85.228,15.541],[-85.153,15.261],[-84.83,15.018],[-84.508,14.774],[-84.126,14.71],[-83.744,14.645],[-83.363,14.58],[-82.999,14.315],[-82.636,14.05],[-82.273,13.783],[-81.912,13.517],[-81.551,13.249],[-81.157,13.04],[-80.799,12.976],[-80.432,13.024]]}},{"type":"Feature","properties":{"boundary_type":"subduction","feature_type":"gpml:SubductionZone","polarity":"Right","overriding_plate_id":401,"subducting_plate_id":98043,"plate_ids":[401,98043],"name":"South Siberia subduction zone"},"geometry":{"type":"LineString","coordinates":[[-116.816,35.022],[-116.33,34.726],[-115.848,34.427],[-115.369,34.126],[-114.893,33.824],[-114.421,33.52],[-113.952,33.214],[-113.487,32.906],[-113.025,32.596],[-112.565,32.285],[-112.109,31.972],[-111.656,31.658],[-111.207,31.342],[-110.76,31.024],[-110.316,30.705],[-109.875,30.384],[-109.437,30.062],[-109.002,29.739],[-108.574,29.461],[-108.148,29.183],[-107.725,28.902],[-107.303,28.621],[-106.885,28.338],[-106.468,28.054],[-106.053,27.769],[-105.641,27.483],[-105.231,27.195],[-104.823,26.906],[-104.417,26.616],[-104.013,26.325],[-103.611,26.032],[-103.155,25.805],[-102.701,25.576],[-102.249,25.345],[-101.798,25.114],[-101.35,24.881],[-100.902,24.646],[-100.457,24.41],[-100.013,24.173],[-99.571,23.935],[-99.13,23.695],[-98.692,23.454],[-98.254,23.212],[-97.818,22.969],[-97.362,22.786],[-96.908,22.602],[-96.454,22.417],[-96.002,22.231],[-95.55,22.043],[-95.1,21.854],[-94.652,21.664],[-94.204,21.473],[-93.758,21.28],[-93.312,21.086],[-92.906,20.859],[-92.5,20.631],[-92.096,20.401],[-91.693,20.171],[-91.291,19.94],[-90.891,19.708],[-90.491,19.475],[-90.093,19.241],[-89.755,18.945],[-89.418,18.648],[-89.082,18.35],[-88.748,18.052],[-88.414,17.754],[-88.082,17.454],[-87.697,17.328],[-87.313,17.201],[-86.929,17.073],[-86.539,17.024],[-86.149,16.974],[-85.759,16.924],[-85.369,16.873],[-85.05,16.975]]}},{"type":"Feature","properties":{"boundary_type":"subduction","feature_type":"gpml:SubductionZone","polarity":"Right","overriding_plate_id":701,"subducting_plate_id":22041,"plate_ids":[701,22041],"name":"Gariep Belt"},"geometry":{"type":"LineString","coordinates":[[155.374,-42.659],[155.586,-42.924],[155.799,-43.188],[156.184,-43.484],[156.573,-43.778],[156.965,-44.071],[157.272,-44.41],[157.582,-44.748],[157.896,-45.085],[157.84,-45.493],[157.784,-45.901],[157.727,-46.31],[157.669,-46.718],[157.485,-47.113],[157.299,-47.508],[157.11,-47.903],[156.918,-48.297],[156.963,-48.738],[157.009,-49.179],[157.056,-49.621],[157.045,-50.056],[157.033,-50.491],[157.021,-50.926],[156.948,-51.355],[156.874,-51.785],[156.798,-52.214],[156.837,-52.578],[156.877,-52.943],[157.28,-53.24],[157.688,-53.536],[158.103,-53.831],[158.591,-54.134],[159.086,-54.436],[159.589,-54.735],[160.099,-55.032],[160.83,-54.948],[161.559,-54.861],[162.284,-54.769],[163.006,-54.672],[163.725,-54.572],[164.439,-54.467],[165.271,-54.358],[166.099,-54.244],[166.921,-54.124],[167.739,-53.999],[168.408,-53.896],[169.073,-53.789],[169.735,-53.678],[170.393,-53.564]]}},{"type":"Feature","properties":{"boundary_type":"subduction","feature_type":"gpml:SubductionZone","polarity":"Right","overriding_plate_id":1019,"subducting_plate_id":10191,"plate_ids":[1019,10191],"name":"outboard Laurentia SZ"},"geometry":{"type":"LineString","coordinates":[[174.319,14.275],[174.762,14.53],[175.206,14.784],[175.651,15.037],[176.097,15.289],[176.544,15.541],[176.992,15.791],[177.441,16.041],[177.892,16.29],[178.343,16.538],[178.796,16.784],[179.25,17.03],[179.705,17.275],[-179.839,17.519],[-179.382,17.761],[-178.923,18.003],[-178.463,18.244],[-178.001,18.483],[-177.539,18.722],[-177.066,18.93],[-176.592,19.136],[-176.116,19.342],[-175.64,19.546],[-175.162,19.749],[-174.683,19.951],[-174.202,20.152],[-173.721,20.351],[-173.238,20.549],[-172.754,20.745],[-172.269,20.941],[-171.782,21.135],[-171.295,21.327],[-170.806,21.518],[-170.315,21.708],[-169.824,21.896],[-169.331,22.082],[-168.837,22.268],[-168.341,22.451],[-167.844,22.634],[-167.346,22.814],[-166.847,22.993],[-166.346,23.171],[-165.829,23.244],[-165.311,23.315],[-164.793,23.385],[-164.274,23.453],[-163.755,23.519],[-163.235,23.583],[-162.714,23.646],[-162.193,23.707],[-161.672,23.766],[-161.15,23.823],[-160.628,23.879],[-160.105,23.933],[-159.582,23.985],[-159.059,24.035],[-158.535,24.084],[-158.01,24.131],[-157.486,24.176],[-156.961,24.219],[-156.435,24.261],[-155.91,24.3],[-155.383,24.338],[-154.857,24.374],[-154.33,24.408],[-153.803,24.44],[-153.276,24.471],[-152.749,24.5]]}},{"type":"Feature","properties":{"boundary_type":"subduction","feature_type":"gpml:SubductionZone","polarity":"Right","overriding_plate_id":1019,"subducting_plate_id":98043,"plate_ids":[1019,98043],"name":"outboard Laurentia SZ"},"geometry":{"type":"LineString","coordinates":[[-152.749,24.5],[-152.244,24.525],[-151.74,24.549],[-151.235,24.572],[-150.693,24.555],[-150.151,24.537],[-149.609,24.516],[-149.067,24.494],[-148.526,24.47],[-147.984,24.444],[-147.443,24.416],[-146.902,24.385],[-146.362,24.354],[-145.822,24.32],[-145.282,24.284],[-144.742,24.246],[-144.203,24.207],[-143.664,24.165],[-143.125,24.122],[-142.587,24.076],[-142.049,24.029],[-141.511,23.98],[-140.974,23.929],[-140.438,23.877],[-139.901,23.822],[-139.366,23.766],[-138.83,23.707],[-138.296,23.647],[-137.761,23.585],[-137.228,23.521],[-136.694,23.456],[-136.162,23.388],[-135.63,23.319]]}},{"type":"Feature","properties":{"boundary_type":"subduction","feature_type":"gpml:SubductionZone","polarity":"Right","overriding_plate_id":801,"subducting_plate_id":10191,"plate_ids":[801,10191],"name":"Early onset Terra Australis?"},"geometry":{"type":"LineString","coordinates":[[101.732,22.859],[102.09,22.513],[102.445,22.166],[102.799,21.818],[103.151,21.47],[103.502,21.121],[103.891,20.826],[104.279,20.529],[104.665,20.232],[105.05,19.935],[105.433,19.636],[105.815,19.337],[106.195,19.036],[106.575,18.735],[106.952,18.434],[107.329,18.131],[107.687,17.774],[108.044,17.417],[108.4,17.059],[108.754,16.701],[109.107,16.342],[109.458,15.982],[109.808,15.622],[110.157,15.261],[110.464,14.933],[110.769,14.604],[111.073,14.275],[111.377,13.946],[111.68,13.617],[111.982,13.287]]}},{"type":"Feature","properties":{"boundary_type":"subduction","feature_type":"gpml:SubductionZone","polarity":"Right","overriding_plate_id":201,"subducting_plate_id":302,"plate_ids":[201,302],"name":"Cadomia Terranes"},"geometry":{"type":"LineString","coordinates":[[-121.455,-54.694],[-120.759,-54.969],[-120.053,-55.239],[-119.338,-55.505],[-118.613,-55.766],[-117.879,-56.024],[-117.134,-56.277],[-116.38,-56.525],[-115.616,-56.769],[-114.899,-57.043],[-114.17,-57.312],[-113.431,-57.578],[-112.682,-57.838],[-111.921,-58.095],[-111.15,-58.347],[-110.352,-58.46],[-109.549,-58.568],[-108.741,-58.671],[-107.928,-58.77]]}},{"type":"Feature","properties":{"boundary_type":"subduction","feature_type":"gpml:SubductionZone","polarity":"Right","overriding_plate_id":701,"subducting_plate_id":302,"plate_ids":[302,701],"name":"Cadomia Terranes"},"geometry":{"type":"LineString","coordinates":[[-107.928,-58.77],[-107.05,-58.869],[-106.167,-58.963],[-105.279,-59.051],[-104.387,-59.132],[-103.49,-59.208],[-102.59,-59.277],[-101.687,-59.34],[-100.78,-59.397],[-99.848,-59.46],[-98.913,-59.516],[-97.975,-59.565],[-97.034,-59.608],[-96.091,-59.643],[-95.147,-59.673],[-94.201,-59.695],[-93.253,-59.71],[-92.299,-59.821],[-91.338,-59.925],[-90.371,-60.022],[-89.399,-60.112],[-88.421,-60.194],[-87.439,-60.269],[-86.453,-60.338],[-85.462,-60.398],[-84.469,-60.452],[-83.517,-60.387],[-82.57,-60.315],[-81.627,-60.237],[-80.688,-60.152],[-79.755,-60.061],[-78.827,-59.963],[-77.904,-59.858],[-76.988,-59.748],[-76.078,-59.63],[-75.174,-59.507],[-74.277,-59.377],[-73.387,-59.241],[-72.504,-59.1],[-71.629,-58.952],[-70.761,-58.798],[-69.901,-58.639],[-69.007,-58.55],[-68.118,-58.455],[-67.234,-58.353],[-66.355,-58.246],[-65.481,-58.132],[-64.613,-58.013],[-63.751,-57.888],[-62.895,-57.757],[-62.045,-57.62],[-61.202,-57.477],[-60.366,-57.329],[-59.506,-57.254],[-58.649,-57.172],[-57.797,-57.085],[-56.949,-56.991],[-56.105,-56.892],[-55.265,-56.788],[-54.431,-56.678],[-53.601,-56.562],[-52.776,-56.441],[-51.957,-56.314],[-51.144,-56.182],[-50.336,-56.045],[-49.534,-55.902],[-48.738,-55.754],[-48.034,-55.664],[-47.334,-55.57],[-46.636,-55.472],[-45.943,-55.371],[-45.253,-55.265],[-44.42,-55.177],[-43.591,-55.084],[-42.765,-54.986],[-41.944,-54.881],[-41.127,-54.772],[-40.315,-54.657],[-39.548,-54.528],[-38.787,-54.395],[-38.03,-54.256],[-37.278,-54.114],[-36.532,-53.966],[-35.791,-53.814],[-35.056,-53.657],[-34.326,-53.496],[-33.551,-53.383],[-32.781,-53.266],[-32.015,-53.143],[-31.254,-53.016],[-30.497,-52.884],[-29.745,-52.747],[-28.997,-52.605],[-28.255,-52.459],[-27.517,-52.308],[-26.785,-52.152],[-26.058,-51.992],[-25.336,-51.827],[-24.619,-51.658],[-23.908,-51.485],[-23.234,-51.32],[-22.564,-51.151],[-21.899,-50.978],[-21.24,-50.801],[-20.585,-50.62],[-19.935,-50.436],[-19.291,-50.249],[-18.652,-50.058],[-18.017,-49.863],[-17.388,-49.665],[-16.672,-49.554],[-15.96,-49.438],[-15.251,-49.318],[-14.546,-49.194],[-13.844,-49.065],[-13.246,-48.971],[-12.649,-48.874],[-12.055,-48.773],[-11.464,-48.67],[-10.833,-48.617],[-10.204,-48.561]]}},{"type":"Feature","properties":{"boundary_type":"subduction","feature_type":"gpml:SubductionZone","polarity":"Right","overriding_plate_id":701,"subducting_plate_id":9804411,"plate_ids":[701,9804411],"name":"Cadomia Terranes"},"geometry":{"type":"LineString","coordinates":[[-10.204,-48.561],[-9.49,-48.493],[-8.779,-48.421],[-8.069,-48.344],[-7.362,-48.263],[-6.657,-48.178],[-5.955,-48.088],[-5.255,-47.995],[-4.557,-47.896],[-3.863,-47.794],[-3.171,-47.688],[-2.482,-47.577],[-1.795,-47.462],[-1.189,-47.268],[-0.587,-47.071],[0.01,-46.871]]}},{"type":"Feature","properties":{"boundary_type":"subduction","feature_type":"gpml:SubductionZone","polarity":"Right","overriding_plate_id":460,"subducting_plate_id":9804411,"plate_ids":[460,9804411],"name":"Cadomia Terranes"},"geometry":{"type":"LineString","coordinates":[[0.01,-46.871],[0.197,-46.807],[0.407,-46.765]]}},{"type":"Feature","properties":{"boundary_type":"subduction","feature_type":"gpml:SubductionZone","polarity":"Left","overriding_plate_id":701,"subducting_plate_id":201,"plate_ids":[201,701],"name":"Rockelide Belt"},"geometry":{"type":"LineString","coordinates":[[-111.405,-61.137],[-111.259,-61.61],[-111.108,-62.083],[-111.571,-62.481],[-112.047,-62.878],[-112.537,-63.272],[-113.039,-63.666],[-113.505,-64.101],[-113.985,-64.534],[-114.48,-64.966],[-114.992,-65.397],[-115.482,-65.794],[-115.988,-66.189],[-116.509,-66.583],[-117.047,-66.975],[-117.778,-67.377],[-118.534,-67.775],[-119.316,-68.17],[-120.124,-68.561],[-120.962,-68.948],[-121.829,-69.33],[-122.727,-69.708],[-123.658,-70.082],[-124.622,-70.45],[-125.622,-70.813],[-126.659,-71.171],[-127.734,-71.522],[-128.94,-71.802],[-130.183,-72.074],[-131.462,-72.338],[-132.778,-72.594],[-134.131,-72.841],[-135.522,-73.078],[-136.951,-73.306],[-138.417,-73.524],[-139.92,-73.731],[-141.46,-73.927],[-143.036,-74.112],[-144.647,-74.286],[-145.94,-74.612],[-147.288,-74.931],[-148.692,-75.242],[-150.153,-75.543],[-151.675,-75.836],[-153.259,-76.118],[-154.906,-76.39],[-156.617,-76.65],[-158.393,-76.899],[-160.235,-77.135],[-162.143,-77.357],[-163.872,-77.613],[-165.671,-77.858],[-167.542,-78.09],[-169.483,-78.31],[-171.496,-78.516],[-173.578,-78.707],[-175.728,-78.884],[-177.944,-79.045]]}},{"type":"Feature","properties":{"boundary_type":"ridge","feature_type":"gpml:MidOceanRidge","polarity":null,"overriding_plate_id":null,"subducting_plate_id":null,"plate_ids":[302,401],"name":"Siberia-Baltica Ridge"},"geometry":{"type":"LineString","coordinates":[[-113.623,-15.93],[-113.11,-15.866],[-112.597,-15.801],[-112.085,-15.734],[-111.574,-15.667],[-111.062,-15.598],[-110.923,-15.173],[-110.784,-14.749],[-110.646,-14.324],[-110.508,-13.9],[-110.371,-13.475],[-110.235,-13.05],[-110.098,-12.625],[-109.609,-12.619],[-109.12,-12.613],[-108.631,-12.605],[-108.142,-12.596],[-107.653,-12.587],[-107.164,-12.577],[-106.675,-12.566],[-106.187,-12.554],[-105.698,-12.541],[-105.209,-12.527],[-104.72,-12.512],[-104.232,-12.497],[-103.743,-12.48],[-103.262,-12.53],[-102.781,-12.578],[-102.299,-12.626],[-101.817,-12.673],[-101.335,-12.718],[-100.853,-12.764],[-100.371,-12.808],[-99.889,-12.851],[-99.406,-12.893],[-98.923,-12.935],[-98.441,-12.976],[-97.957,-13.015],[-97.808,-12.558],[-97.658,-12.1],[-97.509,-11.642],[-97.361,-11.184],[-97.213,-10.726],[-97.065,-10.268],[-96.918,-9.81],[-96.771,-9.352],[-96.625,-8.893],[-96.479,-8.435],[-96.333,-7.977],[-96.188,-7.518],[-96.043,-7.06],[-95.57,-7.117],[-95.096,-7.175],[-94.622,-7.231],[-94.148,-7.287],[-93.674,-7.343],[-93.2,-7.398],[-92.726,-7.453],[-92.252,-7.507],[-91.79,-7.633],[-91.328,-7.758],[-90.865,-7.882],[-90.403,-8.006],[-89.94,-8.13],[-89.477,-8.253],[-89.013,-8.375],[-88.549,-8.497],[-88.468,-8.197]]}},{"type":"Feature","properties":{"boundary_type":"ridge","feature_type":"gpml:MidOceanRidge","polarity":null,"overriding_plate_id":null,"subducting_plate_id":null,"plate_ids":[302,401],"name":"Siberia-Baltica Ridge"},"geometry":{"type":"LineString","coordinates":[[-88.468,-8.197],[-88.356,-7.787],[-88.244,-7.376],[-88.133,-6.965],[-88.021,-6.554],[-87.91,-6.143],[-87.799,-5.732],[-87.359,-5.892],[-86.919,-6.051],[-86.478,-6.21],[-86.037,-6.369],[-85.596,-6.527],[-85.154,-6.685],[-84.712,-6.842],[-84.27,-6.999],[-84.119,-6.529],[-83.967,-6.059],[-83.817,-5.589],[-83.666,-5.118],[-83.515,-4.648],[-83.365,-4.178],[-82.917,-4.384],[-82.468,-4.591],[-82.02,-4.797],[-81.571,-5.003],[-81.122,-5.209],[-80.672,-5.414],[-80.418,-5.033],[-80.165,-4.651],[-79.912,-4.269],[-79.659,-3.887],[-79.406,-3.505],[-79.153,-3.123],[-78.901,-2.74],[-78.484,-2.988],[-78.067,-3.235],[-77.65,-3.483],[-77.232,-3.73],[-76.814,-3.977],[-76.396,-4.224],[-75.978,-4.47],[-75.559,-4.716],[-75.14,-4.962],[-74.721,-5.208],[-74.488,-4.855],[-74.256,-4.502],[-74.024,-4.149],[-73.792,-3.796],[-73.56,-3.443],[-73.328,-3.089]]}},{"type":"Feature","properties":{"boundary_type":"ridge","feature_type":"gpml:MidOceanRidge","polarity":null,"overriding_plate_id":null,"subducting_plate_id":null,"plate_ids":[302,98043],"name":"Siberia-Baltica Ridge"},"geometry":{"type":"LineString","coordinates":[[-73.328,-3.089],[-73.088,-2.722],[-72.848,-2.355],[-72.414,-2.573],[-71.981,-2.791],[-71.547,-3.009],[-71.113,-3.226],[-70.679,-3.443],[-70.245,-3.66],[-69.81,-3.877],[-69.376,-4.094],[-68.941,-4.311],[-68.506,-4.527],[-68.07,-4.743],[-67.634,-4.958],[-67.198,-5.174],[-66.849,-5.512],[-66.499,-5.85],[-66.149,-6.188],[-65.798,-6.526],[-65.446,-6.864],[-65.095,-7.201],[-64.742,-7.538],[-64.389,-7.875],[-64.036,-8.211],[-63.682,-8.547],[-63.327,-8.883],[-62.972,-9.218],[-62.616,-9.554],[-62.383,-9.128],[-62.15,-8.701],[-61.917,-8.275],[-61.685,-7.849],[-61.454,-7.422],[-61.223,-6.996],[-60.992,-6.569],[-60.762,-6.142],[-60.532,-5.715],[-60.303,-5.288],[-60.074,-4.861],[-59.845,-4.434],[-59.616,-4.007],[-59.388,-3.579],[-59.16,-3.152]]}},{"type":"Feature","properties":{"boundary_type":"ridge","feature_type":"gpml:MidOceanRidge","polarity":null,"overriding_plate_id":null,"subducting_plate_id":null,"plate_ids":[101,98043],"name":"Siberia-Laurentia MOR"},"geometry":{"type":"LineString","coordinates":[[-132.676,17.652],[-132.379,17.274],[-132.721,17.148],[-133.062,17.021],[-133.404,16.894],[-133.1,16.514],[-132.797,16.133],[-132.495,15.752],[-132.195,15.371],[-131.896,14.989],[-131.597,14.606],[-131.3,14.224],[-131.004,13.841],[-130.709,13.457],[-130.415,13.074],[-130.708,12.759],[-131.0,12.445],[-131.292,12.13],[-131.583,11.814],[-131.873,11.499],[-131.502,11.174],[-131.131,10.849],[-130.76,10.524],[-130.391,10.198],[-130.022,9.871]]}},{"type":"Feature","properties":{"boundary_type":"ridge","feature_type":"gpml:MidOceanRidge","polarity":null,"overriding_plate_id":null,"subducting_plate_id":null,"plate_ids":[101,401],"name":"Siberia-Laurentia MOR"},"geometry":{"type":"LineString","coordinates":[[-130.022,9.871],[-129.661,9.551],[-129.301,9.23],[-128.941,8.908],[-128.582,8.586],[-128.223,8.264],[-127.865,7.941],[-127.507,7.619],[-127.15,7.296],[-126.794,6.972],[-126.438,6.649],[-126.083,6.325],[-125.728,6.0],[-125.373,5.676],[-125.019,5.351],[-124.665,5.027],[-124.312,4.702],[-123.958,4.377],[-123.606,4.051],[-123.858,3.69],[-124.11,3.328],[-124.362,2.966],[-124.614,2.605],[-124.866,2.243],[-125.118,1.881],[-124.711,1.593],[-124.305,1.304],[-123.899,1.016],[-123.493,0.728],[-123.086,0.439],[-122.68,0.151],[-122.274,-0.138],[-121.868,-0.426],[-121.462,-0.715],[-121.056,-1.003],[-120.65,-1.292],[-120.244,-1.58],[-119.837,-1.868],[-119.431,-2.156],[-119.024,-2.444],[-118.617,-2.732],[-118.892,-3.084],[-119.167,-3.436],[-119.442,-3.788],[-119.718,-4.14],[-119.994,-4.492],[-120.27,-4.843],[-120.546,-5.195],[-120.13,-5.451],[-119.714,-5.707],[-119.297,-5.963],[-118.88,-6.218],[-118.463,-6.473],[-118.045,-6.728],[-117.627,-6.982],[-117.208,-7.236],[-116.789,-7.49],[-116.369,-7.743],[-116.56,-8.149],[-116.75,-8.555],[-116.941,-8.961],[-117.133,-9.367],[-117.324,-9.772],[-117.517,-10.178]]}},{"type":"Feature","properties":{"boundary_type":"ridge","feature_type":"gpml:MidOceanRidge","polarity":null,"overriding_plate_id":null,"subducting_plate_id":null,"plate_ids":[580,602],"name":"MoR"},"geometry":{"type":"LineString","coordinates":[[65.36,-18.424],[65.213,-18.041],[65.067,-17.658],[64.921,-17.275],[64.776,-16.892],[64.631,-16.508],[65.056,-16.264],[64.898,-15.882],[64.74,-15.501],[64.583,-15.12],[64.426,-14.738],[64.27,-14.357],[64.578,-14.184],[64.885,-14.012],[64.729,-13.683],[64.574,-13.355]]}},{"type":"Feature","properties":{"boundary_type":"ridge","feature_type":"gpml:MidOceanRidge","polarity":null,"overriding_plate_id":null,"subducting_plate_id":null,"plate_ids":[451,580],"name":"MoR"},"geometry":{"type":"LineString","coordinates":[[64.574,-13.355],[64.41,-13.008],[64.247,-12.66],[64.387,-12.59]]}},{"type":"Feature","properties":{"boundary_type":"ridge","feature_type":"gpml:MidOceanRidge","polarity":null,"overriding_plate_id":null,"subducting_plate_id":null,"plate_ids":[701,801],"name":"SC-India MOR"},"geometry":{"type":"LineString","coordinates":[[93.0,-19.872],[92.605,-20.12],[92.209,-20.367],[91.811,-20.613]]}},{"type":"Feature","properties":{"boundary_type":"ridge","feature_type":"gpml:MidOceanRidge","polarity":null,"overriding_plate_id":null,"subducting_plate_id":null,"plate_ids":[602,701],"name":"SC-India MOR"},"geometry":{"type":"LineString","coordinates":[[91.811,-20.613],[91.375,-20.882],[90.937,-21.149],[90.498,-21.416],[90.056,-21.681],[89.614,-21.945],[89.169,-22.208],[88.723,-22.469],[88.809,-22.877],[88.896,-23.284],[88.983,-23.692],[89.07,-24.099],[89.159,-24.507],[88.666,-24.691],[88.171,-24.874],[87.676,-25.056],[87.178,-25.236],[86.68,-25.414],[86.179,-25.59],[85.678,-25.765],[85.834,-26.17],[85.992,-26.576],[85.472,-26.705],[84.951,-26.832],[84.428,-26.958],[83.905,-27.081],[83.38,-27.202],[82.854,-27.322],[82.327,-27.439],[81.799,-27.555],[81.27,-27.668],[80.74,-27.78],[80.209,-27.889],[79.676,-27.997],[79.638,-27.606],[79.149,-27.76],[78.658,-27.912],[78.166,-28.063],[77.672,-28.212],[77.178,-28.359],[76.681,-28.504],[76.184,-28.648],[75.685,-28.79],[75.185,-28.93],[74.683,-29.068],[74.639,-29.504],[74.595,-29.94],[74.551,-30.376],[74.047,-30.42],[73.542,-30.462],[73.037,-30.502],[72.531,-30.541],[72.025,-30.577],[71.519,-30.611],[71.539,-31.104],[71.56,-31.597],[71.054,-31.611],[70.548,-31.623],[70.042,-31.633],[69.535,-31.64],[69.029,-31.646],[68.522,-31.65],[68.016,-31.652],[67.986,-32.103],[67.955,-32.555],[67.489,-32.58]]}},{"type":"Feature","properties":{"boundary_type":"ridge","feature_type":"gpml:MidOceanRidge","polarity":null,"overriding_plate_id":null,"subducting_plate_id":null,"plate_ids":[459,460],"name":"Chu-Yili - North Tianshan Ocean"},"geometry":{"type":"LineString","coordinates":[[14.027,-48.431],[14.691,-48.254],[15.351,-48.073],[16.006,-47.889],[16.656,-47.7],[17.301,-47.509],[17.942,-47.313],[18.578,-47.114],[19.209,-46.912],[19.836,-46.706],[20.457,-46.496],[21.074,-46.284],[21.439,-46.565],[21.808,-46.845],[22.433,-46.602],[23.053,-46.356],[23.667,-46.106],[24.276,-45.853],[24.879,-45.597],[25.477,-45.338],[26.069,-45.075],[26.656,-44.81],[27.237,-44.542],[27.813,-44.27],[28.384,-43.996],[28.151,-43.7],[27.921,-43.404],[28.478,-43.19],[29.031,-42.973],[29.579,-42.754],[30.124,-42.532],[30.665,-42.308],[31.202,-42.081],[31.735,-41.851],[32.265,-41.619],[32.79,-41.385],[33.1,-41.787],[33.414,-42.188],[33.913,-41.892],[34.408,-41.594],[34.898,-41.293],[35.384,-40.991],[35.865,-40.687],[36.342,-40.381],[36.814,-40.073],[37.283,-39.762],[37.747,-39.451],[38.207,-39.137],[38.662,-38.821],[39.114,-38.504],[38.68,-38.155],[38.25,-37.804],[37.824,-37.452],[38.241,-37.125],[38.654,-36.796],[39.064,-36.466],[39.47,-36.134],[39.873,-35.801],[40.272,-35.467],[40.669,-35.131],[41.061,-34.794],[41.451,-34.456],[41.838,-34.117],[42.221,-33.776]]}},{"type":"Feature","properties":{"boundary_type":"ridge","feature_type":"gpml:MidOceanRidge","polarity":null,"overriding_plate_id":null,"subducting_plate_id":null,"plate_ids":[460,701],"name":"Tianshan Ocean"},"geometry":{"type":"LineString","coordinates":[[4.31,-55.646],[5.173,-55.558],[6.033,-55.463],[6.888,-55.362],[7.739,-55.256],[8.586,-55.143],[9.427,-55.025],[10.263,-54.901],[11.094,-54.771],[11.92,-54.636],[12.74,-54.495],[13.554,-54.349],[14.362,-54.197],[14.022,-53.768],[13.688,-53.339],[13.36,-52.909],[13.04,-52.477],[12.725,-52.045],[13.347,-51.972],[13.966,-51.895],[14.584,-51.815],[15.199,-51.732]]}},{"type":"Feature","properties":{"boundary_type":"ridge","feature_type":"gpml:MidOceanRidge","polarity":null,"overriding_plate_id":null,"subducting_plate_id":null,"plate_ids":[459,701],"name":"Tianshan Ocean"},"geometry":{"type":"LineString","coordinates":[[15.199,-51.732],[15.967,-51.623],[16.731,-51.51],[17.492,-51.391],[18.248,-51.267],[19.0,-51.139],[19.748,-51.006],[20.492,-50.868],[21.231,-50.725],[21.966,-50.578],[22.696,-50.426],[23.421,-50.269],[24.141,-50.109],[24.857,-49.943],[25.567,-49.773],[26.273,-49.599],[26.973,-49.421],[27.669,-49.239],[28.359,-49.052],[29.044,-48.861],[29.723,-48.667],[30.375,-48.447],[31.021,-48.223],[31.661,-47.996],[32.296,-47.765],[32.925,-47.531],[33.548,-47.293],[34.166,-47.053],[34.778,-46.808],[35.385,-46.561],[35.986,-46.31],[36.582,-46.057],[37.172,-45.8],[37.756,-45.54],[38.336,-45.277],[38.909,-45.011],[38.696,-44.645],[38.485,-44.279],[38.276,-43.912],[38.071,-43.545],[38.565,-43.3],[39.055,-43.053],[39.542,-42.804],[40.024,-42.553],[40.503,-42.3],[40.978,-42.045],[41.449,-41.788],[41.138,-41.434],[40.832,-41.078],[40.528,-40.722],[40.228,-40.365],[39.931,-40.008],[40.403,-39.692],[40.871,-39.376],[41.335,-39.057],[41.794,-38.736],[42.25,-38.414],[42.701,-38.089],[42.343,-37.748],[41.988,-37.404],[41.636,-37.06],[41.288,-36.715],[40.943,-36.369],[40.6,-36.022],[40.261,-35.674],[39.925,-35.325],[40.168,-35.151],[40.41,-34.978]]}},{"type":"Feature","properties":{"boundary_type":"ridge","feature_type":"gpml:MidOceanRidge","polarity":null,"overriding_plate_id":null,"subducting_plate_id":null,"plate_ids":[459,701],"name":"Tianshan Ocean"},"geometry":{"type":"LineString","coordinates":[[40.41,-34.978],[40.848,-34.66],[41.283,-34.341],[41.715,-34.02],[42.143,-33.698]]}},{"type":"Feature","properties":{"boundary_type":"ridge","feature_type":"gpml:MidOceanRidge","polarity":null,"overriding_plate_id":null,"subducting_plate_id":null,"plate_ids":[460,701],"name":"Tianshan Ocean"},"geometry":{"type":"LineString","coordinates":[[42.143,-33.698],[42.568,-33.374],[42.99,-33.049],[43.408,-32.723],[43.823,-32.395],[44.236,-32.066],[44.645,-31.736],[45.052,-31.404],[45.456,-31.071],[45.856,-30.737],[46.254,-30.402],[45.885,-30.062],[45.519,-29.722],[45.155,-29.381],[45.549,-29.054],[45.941,-28.727],[46.331,-28.398],[46.718,-28.068],[47.102,-27.737],[47.485,-27.405],[47.865,-27.072],[48.242,-26.738],[48.618,-26.403],[48.991,-26.067],[49.362,-25.73],[49.731,-25.392],[50.099,-25.053],[50.464,-24.713],[50.827,-24.372],[51.188,-24.031],[51.547,-23.689],[51.242,-23.308],[50.94,-22.927],[50.639,-22.546],[50.339,-22.164],[50.041,-21.781],[50.406,-21.475],[50.769,-21.168],[51.131,-20.86],[51.491,-20.551],[51.85,-20.242],[52.207,-19.932],[52.563,-19.621],[52.917,-19.31],[52.643,-18.917],[52.37,-18.524],[52.099,-18.13],[51.828,-17.736],[52.249,-17.465],[52.669,-17.193],[53.088,-16.921],[53.505,-16.647],[53.922,-16.372],[54.337,-16.097],[54.751,-15.821],[55.163,-15.544],[55.575,-15.267]]}},{"type":"Feature","properties":{"boundary_type":"ridge","feature_type":"gpml:MidOceanRidge","polarity":null,"overriding_plate_id":null,"subducting_plate_id":null,"plate_ids":[601,602],"name":"Australia-North China MoR"},"geometry":{"type":"LineString","coordinates":[[89.696,2.545],[89.545,2.736],[89.858,3.019],[90.171,3.302],[90.484,3.584],[90.797,3.867],[91.111,4.15],[90.812,4.482],[90.513,4.813],[90.213,5.145],[90.539,5.43],[90.866,5.714]]}},{"type":"Feature","properties":{"boundary_type":"ridge","feature_type":"gpml:MidOceanRidge","polarity":null,"overriding_plate_id":null,"subducting_plate_id":null,"plate_ids":[601,801],"name":"Australia-North China MoR"},"geometry":{"type":"LineString","coordinates":[[90.866,5.714],[91.162,5.972],[91.459,6.23],[91.289,6.416],[91.119,6.602],[91.458,6.899],[91.797,7.195],[92.137,7.492],[92.478,7.788],[92.819,8.083],[93.16,8.379],[93.502,8.674],[93.844,8.969],[93.569,9.326],[93.294,9.683],[93.653,9.992],[94.014,10.3],[94.375,10.608],[94.737,10.915],[95.1,11.222],[95.463,11.529],[95.213,11.843],[94.962,12.156],[94.711,12.47],[94.459,12.783],[94.809,13.067],[95.16,13.35],[95.511,13.633],[95.864,13.916],[96.217,14.198],[96.572,14.479],[96.927,14.76],[96.67,15.081],[96.412,15.402],[96.153,15.723],[95.894,16.043],[95.633,16.363],[95.939,16.622],[96.246,16.88],[96.554,17.138],[96.222,17.52],[95.889,17.901],[96.268,18.218],[96.648,18.535],[97.03,18.85],[97.414,19.165],[97.798,19.479],[98.185,19.793],[97.943,20.073],[97.7,20.353],[97.457,20.633]]}},{"type":"Feature","properties":{"boundary_type":"ridge","feature_type":"gpml:MidOceanRidge","polarity":null,"overriding_plate_id":null,"subducting_plate_id":null,"plate_ids":[601,10191],"name":"Australia-North China MoR"},"geometry":{"type":"LineString","coordinates":[[97.457,20.633],[97.125,21.013],[96.79,21.393],[96.455,21.771],[96.117,22.149],[95.778,22.527],[95.436,22.903],[95.093,23.279],[95.487,23.603],[95.882,23.926],[96.279,24.248],[96.679,24.569],[97.08,24.889],[97.484,25.208],[97.152,25.579],[96.818,25.949],[96.482,26.318],[96.144,26.686],[95.804,27.054],[95.461,27.421],[95.116,27.786],[94.769,28.151],[94.42,28.516],[94.068,28.879],[93.714,29.241],[93.357,29.602],[92.997,29.963],[92.663,29.654],[92.331,29.344],[92.001,29.034],[91.643,29.374],[91.283,29.713],[90.92,30.051],[90.555,30.387],[90.187,30.723],[89.817,31.058],[89.444,31.392],[89.069,31.725],[88.69,32.056]]}},{"type":"Feature","properties":{"boundary_type":"ridge","feature_type":"gpml:MidOceanRidge","polarity":null,"overriding_plate_id":null,"subducting_plate_id":null,"plate_ids":[451,602],"name":"Alxa-Q/Q MoR"},"geometry":{"type":"LineString","coordinates":[[65.81,-13.518],[65.801,-13.312],[66.146,-13.301],[66.122,-12.961],[66.098,-12.622],[66.334,-12.598],[66.318,-12.333],[66.302,-12.068],[66.607,-12.026],[66.594,-11.743],[66.582,-11.46],[66.899,-11.428],[66.896,-11.173],[66.892,-10.919],[67.304,-10.899],[67.302,-10.487],[67.3,-10.076],[67.571,-10.071],[67.56,-9.799],[67.549,-9.527],[67.865,-9.505],[67.862,-9.025],[67.859,-8.544],[68.112,-8.489],[68.136,-8.018],[68.16,-7.548],[68.184,-7.078],[68.208,-6.608],[68.651,-6.566],[68.636,-6.126],[68.622,-5.687],[68.607,-5.247],[68.593,-4.808],[68.578,-4.369],[69.008,-4.44],[69.065,-3.998],[69.121,-3.555],[69.177,-3.113],[69.234,-2.671]]}},{"type":"Feature","properties":{"boundary_type":"ridge","feature_type":"gpml:MidOceanRidge","polarity":null,"overriding_plate_id":null,"subducting_plate_id":null,"plate_ids":[451,601],"name":"Alxa-Q/Q MoR"},"geometry":{"type":"LineString","coordinates":[[69.234,-2.671],[69.28,-2.309],[69.326,-1.947]]}},{"type":"Feature","properties":{"boundary_type":"ridge","feature_type":"gpml:MidOceanRidge","polarity":null,"overriding_plate_id":null,"subducting_plate_id":null,"plate_ids":[580,701],"name":"Tarim-Kunlun MoR"},"geometry":{"type":"LineString","coordinates":[[59.519,-22.923],[59.695,-22.478],[59.87,-22.034],[60.229,-22.054],[60.588,-22.073],[60.947,-22.092],[61.034,-21.752],[61.12,-21.412],[61.206,-21.072],[61.692,-21.09],[62.179,-21.108],[62.251,-20.801],[62.322,-20.495],[62.641,-20.508],[62.96,-20.521]]}},{"type":"Feature","properties":{"boundary_type":"ridge","feature_type":"gpml:MidOceanRidge","polarity":null,"overriding_plate_id":null,"subducting_plate_id":null,"plate_ids":[580,602],"name":"Tarim-Kunlun MoR"},"geometry":{"type":"LineString","coordinates":[[62.96,-20.521],[63.394,-20.537],[63.828,-20.552],[63.896,-20.138],[63.963,-19.723],[64.457,-19.763],[64.951,-19.801],[65.088,-19.342],[65.224,-18.883],[65.36,-18.424]]}},{"type":"Feature","properties":{"boundary_type":"ridge","feature_type":"gpml:MidOceanRidge","polarity":null,"overriding_plate_id":null,"subducting_plate_id":null,"plate_ids":[801,8013],"name":"Tasmania-Antarctica MOR"},"geometry":{"type":"LineString","coordinates":[[111.985,13.297],[112.441,13.221],[112.897,13.144],[113.353,13.067],[113.808,12.989],[114.263,12.909],[114.717,12.829],[115.172,12.749],[115.626,12.667],[116.079,12.585],[116.533,12.502],[116.556,12.008],[116.58,11.513],[116.603,11.019],[116.626,10.525],[116.649,10.03],[116.672,9.536],[116.695,9.042],[116.718,8.547],[116.74,8.053],[116.763,7.559],[116.786,7.064],[117.266,6.951],[117.746,6.837],[118.226,6.723],[118.706,6.608],[119.185,6.493],[119.664,6.377],[120.143,6.261],[120.622,6.145],[121.101,6.028],[121.579,5.91],[122.057,5.792],[122.535,5.674],[123.013,5.556],[123.491,5.437],[123.471,4.96],[123.452,4.484],[123.432,4.008],[123.413,3.532],[123.393,3.055],[123.374,2.579],[123.354,2.103],[123.335,1.627],[123.802,1.481],[124.269,1.334],[124.737,1.188],[125.204,1.041],[125.671,0.895],[126.138,0.748],[126.605,0.601],[127.072,0.455],[127.538,0.308],[128.005,0.161],[128.472,0.015],[128.939,-0.132],[129.406,-0.279],[129.873,-0.426],[130.34,-0.572],[130.807,-0.719],[131.274,-0.866],[131.263,-1.308],[131.251,-1.751],[131.24,-2.193],[131.229,-2.636],[131.217,-3.078],[131.206,-3.52],[131.195,-3.963],[131.183,-4.405],[131.613,-4.528],[132.044,-4.651],[132.474,-4.773],[132.905,-4.895],[133.336,-5.017],[133.767,-5.138],[134.198,-5.26],[134.162,-5.663],[134.127,-6.066],[134.091,-6.469],[134.055,-6.872],[134.501,-7.076],[134.947,-7.281],[135.394,-7.485],[135.841,-7.689],[136.289,-7.892],[136.737,-8.095],[137.185,-8.297],[137.634,-8.499],[138.083,-8.7],[138.533,-8.901],[138.983,-9.101],[139.434,-9.3],[139.885,-9.499],[140.337,-9.698],[140.789,-9.896],[141.242,-10.093],[141.123,-10.555],[141.002,-11.016],[140.882,-11.478],[140.761,-11.939],[140.64,-12.401],[141.096,-12.624],[141.553,-12.846],[142.011,-13.068],[142.47,-13.289],[142.929,-13.509],[143.389,-13.728],[143.85,-13.946],[144.313,-14.163],[144.775,-14.38],[145.239,-14.595],[145.704,-14.81],[146.17,-15.024],[146.636,-15.237],[147.104,-15.448],[147.572,-15.659],[148.042,-15.869],[148.512,-16.078],[148.984,-16.286],[148.834,-16.678],[148.684,-17.069],[148.534,-17.461],[148.817,-17.637],[149.101,-17.814]]}},{"type":"Feature","properties":{"boundary_type":"ridge","feature_type":"gpml:MidOceanRidge","polarity":null,"overriding_plate_id":null,"subducting_plate_id":null,"plate_ids":[801,10191],"name":"Tasmania-Antarctica MOR"},"geometry":{"type":"LineString","coordinates":[[149.101,-17.814],[149.538,-18.083],[149.976,-18.352],[150.415,-18.619],[150.856,-18.886]]}},{"type":"Feature","properties":{"boundary_type":"ridge","feature_type":"gpml:MidOceanRidge","polarity":null,"overriding_plate_id":null,"subducting_plate_id":null,"plate_ids":[10191,22031],"name":"Tasmania-Antarctica MOR"},"geometry":{"type":"LineString","coordinates":[[150.856,-18.886],[151.279,-19.14],[151.703,-19.393],[152.129,-19.645],[152.556,-19.896],[152.984,-20.146],[153.414,-20.396],[153.297,-20.821],[153.179,-21.246],[153.061,-21.672],[153.501,-21.901],[153.942,-22.129],[154.384,-22.355],[154.828,-22.581],[155.273,-22.805],[155.719,-23.028],[156.167,-23.25],[156.617,-23.47]]}},{"type":"Feature","properties":{"boundary_type":"ridge","feature_type":"gpml:MidOceanRidge","polarity":null,"overriding_plate_id":null,"subducting_plate_id":null,"plate_ids":[101,302],"name":"Baltica-Laurentia MOR"},"geometry":{"type":"LineString","coordinates":[[-122.887,-47.08],[-122.549,-46.649],[-122.216,-46.216],[-121.888,-45.783],[-121.566,-45.349],[-121.248,-44.913],[-120.935,-44.477],[-120.627,-44.04],[-120.323,-43.602],[-120.024,-43.164],[-119.729,-42.724],[-119.438,-42.284],[-119.151,-41.843],[-118.868,-41.402],[-118.589,-40.96],[-118.314,-40.517],[-118.042,-40.073],[-117.774,-39.629],[-117.509,-39.184],[-117.247,-38.739],[-116.741,-38.924],[-116.233,-39.106],[-115.722,-39.287],[-115.208,-39.465],[-114.692,-39.641],[-114.173,-39.814],[-113.651,-39.986],[-113.435,-39.515],[-113.221,-39.044],[-113.011,-38.573],[-112.803,-38.102],[-112.598,-37.63],[-112.395,-37.157],[-112.195,-36.685],[-111.998,-36.212],[-111.802,-35.739],[-111.609,-35.265],[-111.419,-34.791],[-111.23,-34.317],[-111.68,-34.209],[-111.516,-33.748],[-111.353,-33.287],[-111.192,-32.826],[-111.033,-32.364],[-110.876,-31.903],[-110.72,-31.441],[-110.566,-30.979],[-111.082,-30.875],[-110.94,-30.468],[-110.799,-30.06],[-110.659,-29.653],[-110.52,-29.245],[-110.383,-28.837],[-110.246,-28.429],[-110.717,-28.287],[-111.187,-28.144],[-111.656,-27.999],[-112.124,-27.853],[-112.59,-27.705],[-113.055,-27.556],[-112.867,-27.093],[-112.68,-26.63],[-112.495,-26.167],[-112.312,-25.704],[-112.13,-25.24],[-111.949,-24.776],[-112.412,-24.533],[-112.872,-24.288],[-113.332,-24.043],[-113.789,-23.795],[-114.193,-23.548],[-114.596,-23.3],[-114.998,-23.05],[-115.398,-22.8],[-115.113,-22.388],[-114.83,-21.976],[-114.548,-21.563],[-114.268,-21.15],[-113.989,-20.736],[-113.712,-20.321],[-113.437,-19.907],[-113.163,-19.492],[-112.89,-19.076],[-112.619,-18.66],[-112.349,-18.244],[-112.672,-18.023],[-112.996,-17.801],[-113.318,-17.579],[-113.585,-17.25],[-113.851,-16.921],[-114.116,-16.591],[-113.869,-16.261],[-113.623,-15.93]]}},{"type":"Feature","properties":{"boundary_type":"ridge","feature_type":"gpml:MidOceanRidge","polarity":null,"overriding_plate_id":null,"subducting_plate_id":null,"plate_ids":[101,401],"name":"Baltica-Laurentia MOR"},"geometry":{"type":"LineString","coordinates":[[-113.623,-15.93],[-113.34,-15.549],[-113.058,-15.167],[-112.778,-14.785],[-112.498,-14.402],[-112.219,-14.019],[-111.942,-13.636],[-111.665,-13.252],[-111.389,-12.868],[-111.114,-12.484],[-111.465,-12.203],[-111.816,-11.92],[-112.166,-11.638],[-111.873,-11.337],[-111.582,-11.037],[-111.291,-10.736]]}},{"type":"Feature","properties":{"boundary_type":"ridge","feature_type":"gpml:MidOceanRidge","polarity":null,"overriding_plate_id":null,"subducting_plate_id":null,"plate_ids":[101,22031],"name":"Laurentia-Pampia MoR"},"geometry":{"type":"LineString","coordinates":[[-164.294,-30.472],[-164.64,-30.378],[-164.984,-30.283],[-164.913,-29.814],[-164.841,-29.344],[-164.771,-28.875],[-164.701,-28.405],[-164.632,-27.935],[-165.126,-27.787],[-165.62,-27.637],[-166.111,-27.485],[-166.602,-27.331],[-167.091,-27.175],[-167.579,-27.018],[-168.065,-26.86],[-168.061,-26.546],[-168.056,-26.233],[-168.551,-26.087],[-169.045,-25.94],[-169.537,-25.791],[-170.028,-25.64],[-170.518,-25.488],[-171.007,-25.333],[-171.494,-25.178],[-171.55,-25.523],[-171.986,-25.385],[-172.421,-25.244],[-172.855,-25.103],[-173.288,-24.96],[-173.72,-24.816],[-173.704,-24.469],[-173.688,-24.121],[-173.672,-23.774],[-174.15,-23.61],[-174.627,-23.445],[-175.103,-23.278],[-175.577,-23.11],[-176.051,-22.941],[-176.523,-22.77],[-176.994,-22.598],[-177.448,-22.446],[-177.9,-22.293],[-178.352,-22.139],[-178.803,-21.983],[-178.958,-22.43],[-179.113,-22.877],[-179.27,-23.324],[-179.428,-23.771],[-179.587,-24.217],[179.951,-24.028],[179.49,-23.837],[179.031,-23.645],[178.573,-23.451],[178.116,-23.256],[177.66,-23.06],[177.206,-22.863],[176.754,-22.664],[176.302,-22.464],[175.852,-22.262],[175.403,-22.06],[174.956,-21.856],[174.509,-21.651],[174.655,-21.214],[174.801,-20.776],[174.336,-20.573],[173.873,-20.368],[173.411,-20.162],[172.95,-19.955],[172.491,-19.747],[172.032,-19.538],[171.575,-19.327],[171.119,-19.115],[170.664,-18.903],[170.211,-18.689],[169.758,-18.474],[169.307,-18.258],[168.856,-18.041],[168.772,-18.397],[168.687,-18.754],[168.602,-19.11],[168.126,-18.969],[167.652,-18.827]]}},{"type":"Feature","properties":{"boundary_type":"ridge","feature_type":"gpml:MidOceanRidge","polarity":null,"overriding_plate_id":null,"subducting_plate_id":null,"plate_ids":[10191,22031],"name":"Laurentia-Pampia MoR"},"geometry":{"type":"LineString","coordinates":[[167.652,-18.827],[167.183,-18.685],[166.715,-18.542],[166.248,-18.399],[165.782,-18.253],[165.316,-18.107],[164.851,-17.96],[164.387,-17.811],[163.924,-17.662],[163.462,-17.511],[163.0,-17.359],[162.539,-17.207],[162.079,-17.053],[161.62,-16.898]]}},{"type":"Feature","properties":{"boundary_type":"ridge","feature_type":"gpml:MidOceanRidge","polarity":null,"overriding_plate_id":null,"subducting_plate_id":null,"plate_ids":[101,22031],"name":"Iapetus MoR"},"geometry":{"type":"LineString","coordinates":[[-130.463,-28.816],[-130.871,-29.144],[-131.283,-29.47],[-131.697,-29.795],[-132.114,-30.119],[-132.534,-30.441],[-132.956,-30.762],[-133.381,-31.082],[-133.809,-31.4],[-134.24,-31.717],[-134.674,-32.032],[-135.111,-32.346],[-135.551,-32.658],[-135.994,-32.969],[-136.365,-32.6],[-136.733,-32.23],[-137.098,-31.86],[-137.459,-31.488],[-137.889,-31.754],[-138.322,-32.02],[-138.756,-32.283],[-139.194,-32.546],[-139.634,-32.807],[-140.076,-33.066],[-140.521,-33.324],[-140.889,-32.973],[-141.254,-32.622],[-141.616,-32.269],[-141.975,-31.916],[-142.332,-31.561],[-142.686,-31.205],[-143.037,-30.849],[-143.386,-30.491],[-143.732,-30.133],[-144.137,-30.419],[-144.545,-30.704],[-144.955,-30.988],[-145.367,-31.271],[-145.783,-31.552],[-146.2,-31.832],[-146.62,-32.11],[-147.043,-32.387],[-147.368,-31.987],[-147.69,-31.586],[-148.009,-31.184],[-148.325,-30.782],[-148.639,-30.379],[-148.95,-29.974],[-149.259,-29.57],[-149.565,-29.164],[-149.869,-28.758],[-150.171,-28.351],[-150.639,-28.621],[-151.109,-28.889],[-151.582,-29.156],[-152.057,-29.421],[-152.535,-29.684],[-153.015,-29.946],[-153.498,-30.205],[-153.983,-30.463],[-154.471,-30.72],[-154.961,-30.974],[-155.454,-31.226],[-155.95,-31.477],[-156.448,-31.726],[-156.949,-31.973],[-157.453,-32.217],[-157.959,-32.46],[-158.468,-32.701],[-158.98,-32.939],[-159.235,-32.52],[-159.488,-32.099],[-159.739,-31.679],[-159.987,-31.257],[-160.233,-30.836],[-160.477,-30.413],[-160.719,-29.991],[-160.958,-29.568],[-161.196,-29.144],[-161.707,-29.37],[-162.22,-29.595],[-162.735,-29.817],[-163.252,-30.038],[-163.772,-30.256],[-164.294,-30.472]]}},{"type":"Feature","properties":{"boundary_type":"ridge","feature_type":"gpml:MidOceanRidge","polarity":null,"overriding_plate_id":null,"subducting_plate_id":null,"plate_ids":[451,601],"name":"Alxa-Qinling MoR"},"geometry":{"type":"LineString","coordinates":[[58.38,9.284],[58.746,9.006],[59.112,8.728],[59.477,8.449],[59.842,8.17],[60.206,7.891],[59.966,7.567],[59.727,7.242],[60.099,6.953],[60.472,6.663],[60.844,6.373],[61.215,6.083],[61.586,5.792],[61.957,5.502],[62.327,5.211],[62.697,4.92],[63.067,4.628],[63.436,4.337],[63.805,4.045],[64.174,3.753],[64.543,3.461],[64.911,3.169],[65.279,2.877],[64.988,2.555],[64.697,2.232],[65.06,1.89],[65.423,1.547],[65.786,1.205],[66.149,0.862],[66.512,0.52],[66.875,0.177],[67.238,-0.166],[67.6,-0.508],[67.963,-0.851],[68.326,-1.193],[68.689,-1.536],[69.052,-1.878]]}},{"type":"Feature","properties":{"boundary_type":"ridge","feature_type":"gpml:MidOceanRidge","polarity":null,"overriding_plate_id":null,"subducting_plate_id":null,"plate_ids":[101,10191],"name":"Missing-Link ridge"},"geometry":{"type":"LineString","coordinates":[[170.152,1.071],[170.605,1.269],[171.058,1.468],[171.511,1.666],[171.964,1.865],[172.417,2.063],[172.87,2.261],[173.324,2.459],[173.778,2.657],[173.642,3.066],[173.506,3.476],[173.369,3.885],[173.233,4.294],[173.097,4.703],[172.96,5.113],[172.823,5.522],[173.234,5.711],[173.645,5.901],[174.056,6.089],[174.467,6.278],[174.879,6.466],[175.291,6.654],[175.703,6.842],[176.115,7.029],[176.528,7.216]]}},{"type":"Feature","properties":{"boundary_type":"ridge","feature_type":"gpml:MidOceanRidge","polarity":null,"overriding_plate_id":null,"subducting_plate_id":null,"plate_ids":[101,1019],"name":"Missing-Link ridge"},"geometry":{"type":"LineString","coordinates":[[176.528,7.216],[176.956,7.409],[177.384,7.602],[177.813,7.794],[178.241,7.986],[178.671,8.177],[179.1,8.368],[179.53,8.559],[179.961,8.749],[-179.608,8.938],[-179.177,9.127],[-179.341,9.56],[-179.505,9.993],[-179.67,10.426],[-179.836,10.859],[179.998,11.292],[179.832,11.725],[179.665,12.158],[179.497,12.59],[179.963,12.779],[-179.57,12.967],[-179.102,13.154],[-178.634,13.34],[-178.165,13.525],[-177.695,13.709],[-177.225,13.893],[-176.753,14.076],[-176.281,14.257],[-175.809,14.438],[-175.335,14.618],[-174.861,14.797],[-174.386,14.975],[-173.91,15.152],[-173.433,15.328],[-172.956,15.503],[-172.478,15.676],[-171.999,15.849],[-171.519,16.021],[-171.038,16.192],[-170.556,16.361],[-170.074,16.53],[-169.591,16.697],[-169.107,16.864],[-168.622,17.029],[-168.136,17.193],[-167.65,17.356],[-167.162,17.518],[-166.674,17.678],[-166.184,17.837],[-165.694,17.995],[-165.203,18.152],[-164.712,18.308],[-164.219,18.462],[-164.009,18.029],[-163.8,17.596],[-163.592,17.162],[-163.384,16.729],[-163.178,16.295],[-162.973,15.861],[-162.769,15.427],[-162.27,15.541],[-161.77,15.655],[-161.27,15.767],[-160.77,15.878],[-160.269,15.988],[-159.767,16.097],[-159.265,16.205],[-158.762,16.311],[-158.259,16.417],[-157.755,16.521],[-157.251,16.624],[-156.746,16.725],[-156.24,16.826],[-155.734,16.925],[-155.228,17.023],[-154.721,17.12],[-154.213,17.215],[-153.705,17.31],[-153.197,17.403],[-152.687,17.494],[-152.178,17.585],[-151.668,17.674],[-151.157,17.761],[-150.646,17.848],[-150.134,17.933],[-149.622,18.016],[-149.11,18.099],[-148.597,18.18],[-148.083,18.26],[-147.569,18.338],[-147.055,18.415],[-146.54,18.49],[-146.024,18.564],[-145.509,18.637],[-144.992,18.708],[-144.476,18.778],[-143.959,18.847],[-143.441,18.914],[-142.923,18.98],[-142.405,19.044],[-141.886,19.106],[-141.367,19.168],[-141.246,18.69],[-141.126,18.212],[-141.007,17.735],[-140.888,17.257],[-140.77,16.779],[-140.286,16.841],[-139.802,16.901],[-139.317,16.96],[-138.832,17.018],[-138.347,17.075],[-137.862,17.131],[-137.376,17.186],[-136.89,17.239],[-136.403,17.292],[-135.917,17.343],[-135.43,17.393],[-134.943,17.441],[-134.455,17.489]]}},{"type":"Feature","properties":{"boundary_type":"ridge","feature_type":"gpml:MidOceanRidge","polarity":null,"overriding_plate_id":null,"subducting_plate_id":null,"plate_ids":[101,98043],"name":"Missing-Link ridge"},"geometry":{"type":"LineString","coordinates":[[-134.455,17.489],[-134.011,17.531],[-133.566,17.573],[-133.121,17.613],[-132.676,17.652]]}},{"type":"Feature","properties":{"boundary_type":"ridge","feature_type":"gpml:MidOceanRidge","polarity":null,"overriding_plate_id":null,"subducting_plate_id":null,"plate_ids":[98043,9804411],"name":"Mirovoi-Proto Pacific Ridge"},"geometry":{"type":"LineString","coordinates":[[76.465,64.972],[75.296,64.952],[74.128,64.923],[72.964,64.884],[71.803,64.837],[70.647,64.781],[69.496,64.715],[68.35,64.641],[67.212,64.558],[66.081,64.466],[64.957,64.366],[63.842,64.257],[62.737,64.14],[61.641,64.014],[60.555,63.88],[59.479,63.738],[58.415,63.588],[57.362,63.431],[56.321,63.266],[55.292,63.093],[54.275,62.913],[53.271,62.725],[52.28,62.531],[51.302,62.329],[50.338,62.121],[49.386,61.907],[48.449,61.685],[47.524,61.458],[46.613,61.224],[45.716,60.984],[44.833,60.739],[43.963,60.487],[43.106,60.231],[42.263,59.968],[41.434,59.701],[40.617,59.428],[39.814,59.15],[39.024,58.867],[38.247,58.58],[37.482,58.288],[36.731,57.992],[35.991,57.691],[35.264,57.386],[34.549,57.076],[33.846,56.763],[33.154,56.446],[32.474,56.125],[31.806,55.801],[31.148,55.472],[30.502,55.141],[29.866,54.806],[29.24,54.468],[28.625,54.126],[28.02,53.782],[27.425,53.434],[26.84,53.084],[26.264,52.731],[25.697,52.375],[25.14,52.016],[24.591,51.655],[24.051,51.291],[23.52,50.925],[22.997,50.556],[22.482,50.186],[21.975,49.812],[21.476,49.437],[20.984,49.06],[20.5,48.68],[20.023,48.299],[19.553,47.916],[19.09,47.53],[18.634,47.143],[18.185,46.754],[17.741,46.364],[17.305,45.971],[16.874,45.577],[16.45,45.182],[16.031,44.785],[15.618,44.386],[15.21,43.986],[14.809,43.584],[14.412,43.182],[14.021,42.777],[13.634,42.372],[13.253,41.965],[12.877,41.557],[12.505,41.148],[12.138,40.737],[11.775,40.325],[11.417,39.913],[11.063,39.499],[10.713,39.084],[10.368,38.668],[10.026,38.251],[9.688,37.833],[9.354,37.414],[9.024,36.994],[8.697,36.574],[8.192,36.844],[7.682,37.112],[7.169,37.377],[6.652,37.641],[6.132,37.902],[5.813,37.473],[5.497,37.044],[5.185,36.615],[4.877,36.184],[4.571,35.752],[4.269,35.32],[3.971,34.887],[3.675,34.454],[3.383,34.019],[3.093,33.584],[2.806,33.148],[2.523,32.712],[2.242,32.275],[1.963,31.837],[1.688,31.399],[1.414,30.96],[1.144,30.521],[0.876,30.081],[0.61,29.64],[0.346,29.199],[0.085,28.758],[-0.174,28.316],[-0.431,27.873],[-0.686,27.43],[-0.939,26.987],[-1.189,26.543],[-1.438,26.099],[-1.685,25.654],[-1.93,25.209],[-2.174,24.763],[-2.415,24.317],[-2.655,23.871],[-2.894,23.424],[-3.13,22.977],[-3.365,22.53],[-3.599,22.082],[-3.831,21.634],[-4.062,21.186],[-4.291,20.737],[-4.519,20.288],[-4.745,19.838],[-4.971,19.389],[-5.195,18.939],[-5.418,18.489],[-5.639,18.039],[-5.86,17.588],[-6.079,17.137],[-6.298,16.686],[-6.515,16.235],[-6.732,15.783],[-6.947,15.331],[-7.162,14.879],[-7.375,14.427],[-7.588,13.975],[-7.8,13.522],[-8.011,13.069],[-8.221,12.616],[-8.431,12.163],[-8.64,11.71],[-8.848,11.257],[-9.055,10.803],[-9.262,10.349],[-9.469,9.896],[-9.674,9.442],[-9.879,8.988],[-10.084,8.534],[-10.288,8.079],[-10.492,7.625],[-10.695,7.17],[-10.898,6.716],[-11.101,6.261],[-11.303,5.807],[-11.505,5.352],[-11.706,4.897],[-11.908,4.442],[-12.109,3.987],[-12.309,3.532],[-12.51,3.077],[-12.71,2.622],[-12.911,2.167],[-13.111,1.712],[-13.311,1.257],[-13.511,0.801],[-13.711,0.346],[-13.911,-0.109],[-14.111,-0.564],[-14.311,-1.019],[-14.511,-1.475],[-14.711,-1.93],[-14.911,-2.385],[-15.111,-2.84],[-15.312,-3.295],[-15.513,-3.75],[-15.713,-4.205],[-15.915,-4.66],[-16.116,-5.115],[-16.318,-5.57],[-16.52,-6.024],[-16.722,-6.479],[-17.136,-6.43],[-17.549,-6.38],[-17.963,-6.329],[-18.377,-6.279],[-18.584,-6.726],[-18.792,-7.173],[-19.0,-7.62],[-19.209,-8.066],[-19.418,-8.513],[-19.628,-8.959],[-19.838,-9.406],[-20.049,-9.852],[-20.26,-10.298],[-20.472,-10.744],[-20.685,-11.19],[-20.898,-11.636],[-21.112,-12.081],[-21.327,-12.527],[-21.542,-12.972],[-21.758,-13.417],[-21.975,-13.862],[-22.193,-14.306],[-22.411,-14.751],[-22.631,-15.195],[-22.851,-15.639],[-23.073,-16.083],[-23.295,-16.526],[-23.519,-16.97],[-23.743,-17.413],[-23.969,-17.856],[-24.195,-18.298],[-24.423,-18.74],[-24.652,-19.182],[-24.883,-19.624],[-25.114,-20.066],[-25.347,-20.507],[-25.581,-20.948],[-25.817,-21.388],[-26.054,-21.828],[-26.292,-22.268],[-26.532,-22.708],[-26.774,-23.147],[-27.017,-23.586],[-27.262,-24.024],[-27.508,-24.462],[-27.756,-24.9],[-28.006,-25.337],[-28.258,-25.774],[-28.512,-26.21],[-28.767,-26.646],[-29.024,-27.081],[-29.284,-27.516],[-29.545,-27.95],[-29.809,-28.384],[-30.075,-28.818],[-30.343,-29.251],[-30.613,-29.683],[-30.886,-30.115],[-31.161,-30.546],[-31.438,-30.977],[-31.718,-31.407]]}},{"type":"Feature","properties":{"boundary_type":"ridge","feature_type":"gpml:MidOceanRidge","polarity":null,"overriding_plate_id":null,"subducting_plate_id":null,"plate_ids":[10191,98043],"name":"Mirovoi-Proto Pacific Ridge"},"geometry":{"type":"LineString","coordinates":[[71.244,72.94],[72.488,73.283],[73.782,73.618],[75.128,73.945],[76.527,74.263],[77.982,74.572],[79.494,74.871],[81.064,75.159],[82.694,75.437],[84.385,75.703],[86.137,75.956],[87.95,76.197],[89.824,76.423],[91.759,76.635],[93.753,76.832],[95.803,77.014],[97.909,77.178],[100.065,77.326],[102.268,77.456],[104.513,77.567],[106.795,77.66],[109.107,77.733],[111.443,77.787],[113.796,77.821],[116.157,77.835],[118.521,77.829],[120.878,77.803],[123.221,77.757],[125.543,77.691],[127.838,77.606],[130.098,77.502],[132.318,77.379],[134.494,77.238],[136.619,77.08],[138.692,76.906],[140.708,76.715],[142.667,76.508],[144.565,76.287],[146.402,76.052],[148.178,75.804],[149.893,75.543],[151.546,75.27],[153.14,74.986],[154.675,74.691],[156.152,74.385],[157.573,74.071],[158.939,73.747],[160.253,73.415],[161.517,73.076],[162.731,72.728],[163.899,72.374],[165.021,72.013],[166.101,71.646],[167.139,71.273],[168.138,70.894],[169.099,70.511],[170.024,70.122],[170.915,69.729],[171.774,69.331],[172.601,68.93],[173.398,68.524],[174.168,68.115],[174.91,67.702],[175.626,67.287],[176.318,66.868],[176.987,66.446],[177.633,66.021],[178.258,65.594],[178.863,65.164],[179.448,64.732],[-179.985,64.298],[-179.178,64.589],[-178.354,64.876],[-177.513,65.158],[-176.654,65.435],[-175.776,65.707],[-174.88,65.974],[-173.966,66.235],[-173.032,66.491],[-172.517,66.042],[-172.02,65.591],[-171.54,65.138],[-171.076,64.684],[-170.628,64.229],[-170.194,63.772],[-169.774,63.314],[-169.367,62.854],[-168.972,62.394],[-168.59,61.932],[-168.219,61.47],[-167.859,61.006],[-167.509,60.542],[-167.169,60.076],[-166.839,59.61],[-166.517,59.143],[-166.204,58.675],[-165.9,58.207],[-165.604,57.737],[-165.315,57.267],[-165.033,56.797],[-164.758,56.326],[-164.49,55.854],[-164.229,55.382],[-163.974,54.909],[-163.724,54.435],[-163.481,53.961],[-163.242,53.487],[-163.009,53.012],[-162.782,52.537],[-162.559,52.061],[-162.34,51.585],[-162.127,51.108],[-161.917,50.631],[-161.712,50.154],[-161.511,49.676],[-161.314,49.198],[-161.12,48.72],[-160.93,48.242],[-160.744,47.763],[-160.561,47.283],[-160.382,46.804],[-160.205,46.324],[-160.032,45.844],[-159.862,45.364],[-159.694,44.883],[-159.529,44.402],[-159.367,43.921],[-159.208,43.44],[-159.051,42.958],[-158.897,42.477],[-158.744,41.995],[-158.595,41.513],[-158.447,41.03],[-158.302,40.548],[-158.158,40.065],[-158.017,39.582],[-157.877,39.099],[-157.74,38.616],[-157.604,38.133],[-157.47,37.649],[-157.338,37.166],[-157.208,36.682],[-157.079,36.198],[-156.581,36.296],[-156.081,36.392],[-155.581,36.485],[-155.079,36.577],[-154.576,36.666],[-154.493,36.18],[-154.411,35.694],[-154.33,35.208],[-154.25,34.722],[-154.171,34.235],[-154.093,33.749],[-154.015,33.262],[-153.939,32.776],[-153.863,32.289],[-153.789,31.803],[-153.715,31.316],[-153.641,30.83],[-153.569,30.343],[-153.497,29.856],[-153.426,29.369],[-153.355,28.883],[-153.286,28.396],[-153.216,27.909],[-153.148,27.422],[-153.08,26.935],[-153.013,26.448],[-152.946,25.961],[-152.88,25.474],[-152.814,24.987],[-152.749,24.5]]}},{"type":"Feature","properties":{"boundary_type":"ridge","feature_type":"gpml:MidOceanRidge","polarity":null,"overriding_plate_id":null,"subducting_plate_id":null,"plate_ids":[10191,98043],"name":"MoR triple junction"},"geometry":{"type":"LineString","coordinates":[[71.244,72.94],[71.677,72.476],[72.087,72.012],[72.478,71.547],[72.85,71.081],[73.205,70.614],[73.544,70.146],[73.868,69.678],[74.178,69.21],[74.474,68.741],[74.759,68.271],[75.032,67.801],[75.294,67.33],[75.546,66.859],[75.789,66.388],[76.023,65.916],[76.248,65.444],[76.465,64.972]]}},{"type":"Feature","properties":{"boundary_type":"ridge","feature_type":"gpml:MidOceanRidge","polarity":null,"overriding_plate_id":null,"subducting_plate_id":null,"plate_ids":[10191,9804411],"name":"MoR triple junction"},"geometry":{"type":"LineString","coordinates":[[76.465,64.972],[76.679,64.491],[76.884,64.01],[77.083,63.529],[77.276,63.047],[77.462,62.565],[77.642,62.083],[77.816,61.601],[78.608,61.726],[79.407,61.846],[80.211,61.961],[81.022,62.072],[81.11,61.585],[81.195,61.098],[81.278,60.611],[81.359,60.124],[81.437,59.637],[81.512,59.15],[81.586,58.663],[81.658,58.176],[81.728,57.689],[81.795,57.201],[81.861,56.714],[81.926,56.227],[81.989,55.74],[82.05,55.252],[82.11,54.765],[82.168,54.277],[82.225,53.79],[82.281,53.302],[82.335,52.815],[82.388,52.327],[82.44,51.84],[82.491,51.352],[82.541,50.864],[82.59,50.377],[82.638,49.889],[82.685,49.402],[82.731,48.914],[82.776,48.426],[82.82,47.938],[82.863,47.451],[82.906,46.963],[82.948,46.475],[82.989,45.987],[83.029,45.5],[83.069,45.012],[83.108,44.524],[83.146,44.036],[83.184,43.548],[83.643,43.66],[84.104,43.77],[84.567,43.878],[84.585,43.392],[84.603,42.906],[84.62,42.42],[84.637,41.934],[84.654,41.448],[84.671,40.962],[84.687,40.477],[84.703,39.991],[84.719,39.505],[84.735,39.019],[84.75,38.533],[84.765,38.047],[84.78,37.561],[84.795,37.075],[84.81,36.589],[84.824,36.103],[84.839,35.617],[84.853,35.131],[84.867,34.645],[84.881,34.159],[84.894,33.673],[84.908,33.187],[84.921,32.702],[84.934,32.216],[84.947,31.73],[84.96,31.244],[84.973,30.758],[84.986,30.272]]}},{"type":"Feature","properties":{"boundary_type":"transform","feature_type":"gpml:Transform","polarity":null,"overriding_plate_id":null,"subducting_plate_id":null,"plate_ids":[401,401],"name":"transform"},"geometry":{"type":"LineString","coordinates":[[-88.468,-8.197],[-88.957,-8.085],[-89.446,-7.971],[-89.935,-7.857],[-90.424,-7.743],[-90.912,-7.627],[-91.4,-7.512],[-91.888,-7.395],[-92.375,-7.279],[-92.863,-7.161],[-93.35,-7.044],[-93.837,-6.925],[-94.323,-6.806],[-94.809,-6.687],[-95.296,-6.567],[-95.781,-6.447],[-96.267,-6.327],[-96.752,-6.205],[-97.238,-6.084],[-97.723,-5.962],[-98.207,-5.839],[-98.692,-5.717],[-99.176,-5.593],[-99.66,-5.47]]}},{"type":"Feature","properties":{"boundary_type":"transform","feature_type":"gpml:Transform","polarity":null,"overriding_plate_id":null,"subducting_plate_id":null,"plate_ids":[602,701],"name":"transform"},"geometry":{"type":"LineString","coordinates":[[62.96,-20.521],[63.099,-20.604],[63.479,-20.864],[63.86,-21.123],[64.243,-21.381],[64.626,-21.638],[65.011,-21.894],[65.398,-22.149],[65.786,-22.404],[66.268,-22.547],[66.752,-22.689],[67.236,-22.829],[67.721,-22.968],[68.208,-23.106]]}},{"type":"Feature","properties":{"boundary_type":"transform","feature_type":"gpml:Transform","polarity":null,"overriding_plate_id":null,"subducting_plate_id":null,"plate_ids":[451,460],"name":"Tarim transform"},"geometry":{"type":"LineString","coordinates":[[44.279,-7.085],[44.642,-6.843],[45.004,-6.602],[45.366,-6.36],[45.785,-6.101],[46.203,-5.841]]}},{"type":"Feature","properties":{"boundary_type":"transform","feature_type":"gpml:Transform","polarity":null,"overriding_plate_id":null,"subducting_plate_id":null,"plate_ids":[451,580],"name":"Tarim transform"},"geometry":{"type":"LineString","coordinates":[[46.203,-5.841],[46.613,-5.586],[47.023,-5.331],[47.432,-5.075],[47.841,-4.82],[48.25,-4.564],[48.659,-4.307],[49.067,-4.051],[49.475,-3.794],[49.883,-3.537],[50.375,-3.495],[50.867,-3.451],[51.359,-3.408],[51.851,-3.364]]}},{"type":"Feature","properties":{"boundary_type":"transform","feature_type":"gpml:Transform","polarity":null,"overriding_plate_id":null,"subducting_plate_id":null,"plate_ids":[401,98043],"name":"Siberia-CMT transform"},"geometry":{"type":"LineString","coordinates":[[-80.432,13.024],[-80.645,12.59],[-80.858,12.156],[-81.111,11.771],[-81.363,11.385],[-81.615,11.0],[-81.999,10.75],[-82.381,10.5],[-82.764,10.25],[-83.145,9.999],[-83.526,9.748],[-83.907,9.496],[-84.266,9.242],[-84.624,8.987],[-84.982,8.732],[-85.339,8.476],[-85.696,8.221],[-86.052,7.964]]}},{"type":"Feature","properties":{"boundary_type":"transform","feature_type":"gpml:Transform","polarity":null,"overriding_plate_id":null,"subducting_plate_id":null,"plate_ids":[701,801],"name":"Aus-India transform"},"geometry":{"type":"LineString","coordinates":[[96.952,-15.508],[97.344,-15.653],[97.737,-15.797],[98.131,-15.94],[98.525,-16.083],[98.92,-16.225],[99.395,-16.423],[99.872,-16.621],[100.349,-16.817],[100.828,-17.013],[101.307,-17.207],[101.788,-17.4],[102.269,-17.592],[102.752,-17.783],[103.235,-17.972],[103.72,-18.161],[104.205,-18.348],[104.692,-18.534],[105.18,-18.719],[105.669,-18.902],[106.158,-19.084],[106.649,-19.265],[107.141,-19.445],[107.634,-19.623],[108.129,-19.8],[108.624,-19.975],[109.12,-20.149],[109.618,-20.322],[110.136,-20.435],[110.655,-20.547],[111.175,-20.657],[111.695,-20.765],[112.216,-20.872],[112.738,-20.977],[113.132,-20.919],[113.526,-20.861],[113.97,-20.625]]}},{"type":"Feature","properties":{"boundary_type":"transform","feature_type":"gpml:Transform","polarity":null,"overriding_plate_id":null,"subducting_plate_id":null,"plate_ids":[451,580],"name":"Tarim-Alxa transform"},"geometry":{"type":"LineString","coordinates":[[51.851,-3.364],[52.229,-3.657],[52.607,-3.95],[52.985,-4.243],[53.364,-4.535],[53.743,-4.828],[54.122,-5.12],[54.502,-5.412],[54.882,-5.703],[55.262,-5.995],[55.643,-6.286],[56.048,-6.57],[56.453,-6.853],[56.859,-7.136],[57.265,-7.419],[57.672,-7.701],[58.079,-7.983],[58.487,-8.265],[58.895,-8.546],[59.304,-8.827],[59.691,-9.119],[60.079,-9.411],[60.467,-9.702],[60.855,-9.993],[61.245,-10.284],[61.635,-10.574],[62.025,-10.864],[62.417,-11.153],[62.809,-11.441],[63.202,-11.73],[63.596,-12.017],[63.991,-12.304],[64.387,-12.59]]}},{"type":"Feature","properties":{"boundary_type":"transform","feature_type":"gpml:Transform","polarity":null,"overriding_plate_id":null,"subducting_plate_id":null,"plate_ids":[451,602],"name":"Q/Q-Alxa transform"},"geometry":{"type":"LineString","coordinates":[[65.81,-13.518],[65.376,-13.404],[64.909,-13.343],[64.574,-13.355]]}},{"type":"Feature","properties":{"boundary_type":"transform","feature_type":"gpml:Transform","polarity":null,"overriding_plate_id":null,"subducting_plate_id":null,"plate_ids":[601,602],"name":"transform"},"geometry":{"type":"LineString","coordinates":[[69.234,-2.671],[69.682,-2.618],[70.131,-2.566],[70.579,-2.514],[71.028,-2.461],[71.476,-2.408],[71.925,-2.355],[72.409,-2.273],[72.894,-2.19],[73.378,-2.107],[73.862,-2.024],[74.324,-1.919],[74.786,-1.814],[75.247,-1.708],[75.709,-1.603],[76.17,-1.497],[76.632,-1.392],[77.043,-1.279],[77.455,-1.167],[77.866,-1.054],[78.278,-0.942],[78.689,-0.829],[79.1,-0.717],[79.55,-0.578],[80.0,-0.439],[80.449,-0.3],[80.899,-0.161],[81.362,-0.019],[81.824,0.124],[82.287,0.267],[82.75,0.41],[83.213,0.553],[83.675,0.696],[84.138,0.838],[84.601,0.981],[85.064,1.124],[85.527,1.266],[85.99,1.409],[86.453,1.551],[86.916,1.693],[87.379,1.836],[87.842,1.978],[88.305,2.12],[88.769,2.261],[89.232,2.403],[89.696,2.545]]}},{"type":"Feature","properties":{"boundary_type":"transform","feature_type":"gpml:Transform","polarity":null,"overriding_plate_id":null,"subducting_plate_id":null,"plate_ids":[602,701],"name":"South China-Arabia transform"},"geometry":{"type":"LineString","coordinates":[[67.489,-32.58],[67.559,-32.255],[67.628,-31.929],[67.683,-31.457],[67.737,-30.985],[67.791,-30.513],[67.844,-30.041],[67.896,-29.569],[67.949,-29.097],[68.0,-28.625],[68.051,-28.153],[68.078,-27.662],[68.105,-27.172],[68.132,-26.681],[68.158,-26.191],[68.184,-25.701],[68.21,-25.21],[68.225,-24.756],[68.24,-24.301],[68.255,-23.847],[68.27,-23.393],[68.208,-23.106]]}},{"type":"Feature","properties":{"boundary_type":"transform","feature_type":"gpml:Transform","polarity":null,"overriding_plate_id":null,"subducting_plate_id":null,"plate_ids":[602,801],"name":"transform"},"geometry":{"type":"LineString","coordinates":[[85.047,1.797],[85.433,2.059],[85.82,2.322],[86.207,2.583],[86.594,2.845],[86.981,3.107],[87.368,3.369],[87.756,3.63],[88.143,3.891],[88.531,4.152],[88.92,4.413],[89.308,4.674],[89.697,4.934],[90.086,5.194],[90.476,5.454],[90.866,5.714]]}},{"type":"Feature","properties":{"boundary_type":"transform","feature_type":"gpml:Transform","polarity":null,"overriding_plate_id":null,"subducting_plate_id":null,"plate_ids":[580,701],"name":"South Tianshan-Tarim transform"},"geometry":{"type":"LineString","coordinates":[[56.574,-22.557],[57.064,-22.622],[57.554,-22.685],[58.045,-22.747],[58.536,-22.807],[59.027,-22.865],[59.519,-22.923]]}},{"type":"Feature","properties":{"boundary_type":"transform","feature_type":"gpml:Transform","polarity":null,"overriding_plate_id":null,"subducting_plate_id":null,"plate_ids":[401,98043],"name":"Siberia transform"},"geometry":{"type":"LineString","coordinates":[[-85.349,16.33],[-85.2,16.652],[-85.05,16.975]]}},{"type":"Feature","properties":{"boundary_type":"transform","feature_type":"gpml:Transform","polarity":null,"overriding_plate_id":null,"subducting_plate_id":null,"plate_ids":[22031,22041],"name":"transform"},"geometry":{"type":"LineString","coordinates":[[173.069,-37.443],[173.023,-37.841],[172.977,-38.24],[172.967,-38.62],[172.956,-38.999],[172.946,-39.379],[172.93,-39.819],[172.914,-40.259],[172.898,-40.7],[172.79,-41.124],[172.68,-41.549],[172.568,-41.973],[172.455,-42.398],[172.393,-42.723]]}},{"type":"Feature","properties":{"boundary_type":"transform","feature_type":"gpml:Transform","polarity":null,"overriding_plate_id":null,"subducting_plate_id":null,"plate_ids":[22031,22041],"name":"Iapetus Transform"},"geometry":{"type":"LineString","coordinates":[[172.393,-42.723],[172.544,-43.12],[172.696,-43.517],[172.881,-43.968],[173.069,-44.42],[173.259,-44.871],[173.453,-45.321],[173.65,-45.772],[173.85,-46.222],[174.053,-46.671],[174.243,-47.098],[174.437,-47.525],[174.633,-47.951],[174.833,-48.377],[175.036,-48.802]]}},{"type":"Feature","properties":{"boundary_type":"transform","feature_type":"gpml:Transform","polarity":null,"overriding_plate_id":null,"subducting_plate_id":null,"plate_ids":[22031,22041],"name":"RDLP-Gondwana transform"},"geometry":{"type":"LineString","coordinates":[[161.906,-29.746],[161.702,-30.198],[161.497,-30.651],[161.29,-31.103],[161.08,-31.554],[160.869,-32.005],[160.655,-32.456],[160.44,-32.907],[160.222,-33.357],[160.002,-33.807],[159.779,-34.256],[159.555,-34.705],[159.327,-35.154],[159.097,-35.602],[158.891,-36.039],[158.681,-36.475],[158.47,-36.911],[158.256,-37.347],[158.039,-37.782],[157.82,-38.217],[157.599,-38.652],[157.374,-39.086],[157.147,-39.519],[156.917,-39.952],[156.684,-40.385],[156.448,-40.817],[156.209,-41.249],[155.967,-41.68],[155.722,-42.111]]}},{"type":"Feature","properties":{"boundary_type":"transform","feature_type":"gpml:Transform","polarity":null,"overriding_plate_id":null,"subducting_plate_id":null,"plate_ids":[701,22041],"name":"RDLP-Gondwana transform"},"geometry":{"type":"LineString","coordinates":[[155.722,-42.111],[155.599,-42.324],[155.374,-42.659]]}},{"type":"Feature","properties":{"boundary_type":"transform","feature_type":"gpml:Transform","polarity":null,"overriding_plate_id":null,"subducting_plate_id":null,"plate_ids":[101,22031],"name":"transform"},"geometry":{"type":"LineString","coordinates":[[-130.463,-28.816],[-130.263,-29.255],[-130.062,-29.694],[-129.859,-30.133],[-129.654,-30.571],[-129.448,-31.009],[-129.239,-31.447],[-129.028,-31.884],[-128.848,-32.348],[-128.665,-32.811],[-128.481,-33.274],[-128.294,-33.736],[-128.106,-34.199],[-127.915,-34.661],[-127.723,-35.122],[-127.528,-35.584],[-127.331,-36.045],[-127.131,-36.506],[-126.93,-36.966],[-126.725,-37.426],[-126.519,-37.886],[-126.309,-38.345],[-126.097,-38.804],[-125.882,-39.263],[-125.665,-39.721],[-125.444,-40.179],[-125.22,-40.636],[-124.994,-41.093],[-124.764,-41.549],[-124.531,-42.005],[-124.295,-42.461],[-124.055,-42.916],[-123.811,-43.37],[-123.564,-43.824],[-123.313,-44.278],[-123.245,-44.745],[-123.176,-45.212],[-123.105,-45.679],[-123.034,-46.146],[-122.961,-46.613],[-122.887,-47.08]]}},{"type":"Feature","properties":{"boundary_type":"transform","feature_type":"gpml:Transform","polarity":null,"overriding_plate_id":null,"subducting_plate_id":null,"plate_ids":[302,22031],"name":"transform"},"geometry":{"type":"LineString","coordinates":[[-122.887,-47.08],[-122.809,-47.563],[-122.73,-48.045],[-122.649,-48.527],[-122.567,-49.009],[-122.483,-49.491],[-122.398,-49.972],[-122.31,-50.454],[-122.221,-50.936],[-122.13,-51.418],[-122.037,-51.899],[-121.942,-52.381]]}},{"type":"Feature","properties":{"boundary_type":"transform","feature_type":"gpml:Transform","polarity":null,"overriding_plate_id":null,"subducting_plate_id":null,"plate_ids":[201,302],"name":"transform"},"geometry":{"type":"LineString","coordinates":[[-121.942,-52.381],[-121.849,-52.844],[-121.754,-53.306],[-121.657,-53.769],[-121.557,-54.232],[-121.455,-54.694]]}},{"type":"Feature","properties":{"boundary_type":"transform","feature_type":"gpml:Transform","polarity":null,"overriding_plate_id":null,"subducting_plate_id":null,"plate_ids":[101,10191],"name":"Proto-pacific transform"},"geometry":{"type":"LineString","coordinates":[[167.652,-18.827],[167.806,-18.386],[167.959,-17.945],[168.111,-17.504],[168.263,-17.062],[168.414,-16.621],[168.564,-16.179],[168.714,-15.738],[168.863,-15.296],[169.011,-14.854],[169.159,-14.412],[169.306,-13.97],[169.452,-13.528],[169.498,-13.072],[169.544,-12.615],[169.589,-12.159],[169.634,-11.702],[169.679,-11.246],[169.724,-10.79],[169.769,-10.333],[169.814,-9.877],[169.868,-9.39],[169.923,-8.903],[169.977,-8.417],[170.031,-7.93],[170.085,-7.443],[170.139,-6.956],[170.193,-6.47],[170.246,-5.983],[170.3,-5.496],[170.353,-5.009],[170.407,-4.523],[170.46,-4.036],[170.513,-3.549],[170.567,-3.062],[170.62,-2.575],[170.561,-2.12],[170.503,-1.664],[170.444,-1.208],[170.386,-0.752],[170.327,-0.297],[170.269,0.159],[170.21,0.615],[170.152,1.071]]}},{"type":"Feature","properties":{"boundary_type":"transform","feature_type":"gpml:Transform","polarity":null,"overriding_plate_id":null,"subducting_plate_id":null,"plate_ids":[801,22031],"name":"Mawson-Antarctica transform"},"geometry":{"type":"LineString","coordinates":[[139.783,-33.373],[140.057,-33.076],[140.33,-32.779],[140.602,-32.482],[140.846,-32.129],[141.089,-31.777],[141.33,-31.423],[141.696,-31.153],[142.06,-30.881],[142.422,-30.609],[142.782,-30.335],[143.115,-29.975],[143.445,-29.613],[143.774,-29.251],[144.1,-28.889],[144.423,-28.525],[144.745,-28.161],[145.103,-27.778],[145.458,-27.394],[145.811,-27.009],[146.162,-26.623],[146.51,-26.237],[146.856,-25.85],[147.087,-25.486],[147.316,-25.121],[147.544,-24.757],[147.77,-24.392],[147.995,-24.026],[148.219,-23.661],[148.45,-23.252],[148.679,-22.844],[148.907,-22.435],[149.134,-22.026],[149.359,-21.616],[149.584,-21.207],[149.806,-20.797],[150.028,-20.386],[150.248,-19.976],[150.452,-19.613],[150.654,-19.249],[150.856,-18.886]]}},{"type":"Feature","properties":{"boundary_type":"transform","feature_type":"gpml:Transform","polarity":null,"overriding_plate_id":null,"subducting_plate_id":null,"plate_ids":[459,460],"name":"Tianshan transform"},"geometry":{"type":"LineString","coordinates":[[14.027,-48.431],[14.185,-48.903],[14.346,-49.375],[14.509,-49.847],[14.677,-50.319],[14.847,-50.79],[15.021,-51.261],[15.199,-51.732]]}},{"type":"Feature","properties":{"boundary_type":"transform","feature_type":"gpml:Transform","polarity":null,"overriding_plate_id":null,"subducting_plate_id":null,"plate_ids":[701,701],"name":"Cadomian Transform"},"geometry":{"type":"LineString","coordinates":[[12.77,-61.864],[12.145,-61.493],[11.535,-61.119],[10.939,-60.743],[10.358,-60.364],[9.789,-59.982],[9.234,-59.598],[8.691,-59.212],[8.16,-58.824],[7.642,-58.433],[7.134,-58.041],[6.638,-57.646],[6.152,-57.25],[5.677,-56.851],[5.212,-56.451],[4.756,-56.05],[4.31,-55.646]]}},{"type":"Feature","properties":{"boundary_type":"transform","feature_type":"gpml:Transform","polarity":null,"overriding_plate_id":null,"subducting_plate_id":null,"plate_ids":[460,701],"name":"Cadomian Transform"},"geometry":{"type":"LineString","coordinates":[[4.31,-55.646],[3.939,-55.303],[3.575,-54.959],[3.217,-54.614],[2.865,-54.268],[2.658,-53.808],[2.455,-53.348],[2.257,-52.887],[2.063,-52.426],[1.873,-51.964],[1.686,-51.503],[1.504,-51.041],[1.325,-50.578],[1.15,-50.116],[0.978,-49.653],[0.809,-49.19],[0.643,-48.727],[0.481,-48.263],[0.321,-47.799],[0.164,-47.335],[0.01,-46.871]]}},{"type":"Feature","properties":{"boundary_type":"transform","feature_type":"gpml:Transform","polarity":null,"overriding_plate_id":null,"subducting_plate_id":null,"plate_ids":[459,460],"name":"Tianshan transform"},"geometry":{"type":"LineString","coordinates":[[42.143,-33.698],[42.221,-33.776]]}},{"type":"Feature","properties":{"boundary_type":"transform","feature_type":"gpml:Transform","polarity":null,"overriding_plate_id":null,"subducting_plate_id":null,"plate_ids":[701,701],"name":"Transform"},"geometry":{"type":"LineString","coordinates":[[40.41,-34.978],[40.935,-35.144],[41.462,-35.307],[41.99,-35.469],[42.521,-35.628]]}},{"type":"Feature","properties":{"boundary_type":"transform","feature_type":"gpml:Transform","polarity":null,"overriding_plate_id":null,"subducting_plate_id":null,"plate_ids":[601,9804411],"name":"transform"},"geometry":{"type":"LineString","coordinates":[[69.73,19.34],[70.073,19.659],[70.418,19.977],[70.764,20.295],[71.112,20.612],[71.461,20.928],[71.811,21.243],[72.163,21.558],[72.517,21.872],[72.872,22.185],[73.271,22.477],[73.672,22.767],[74.075,23.057],[74.479,23.345],[74.885,23.633],[75.293,23.919],[75.703,24.204],[76.115,24.488],[76.528,24.771],[76.943,25.053],[77.361,25.334],[77.748,25.633],[78.137,25.93],[78.528,26.227],[78.921,26.522],[79.316,26.817],[79.713,27.11],[80.112,27.402],[80.514,27.693],[80.917,27.983],[81.323,28.272],[81.731,28.559],[82.189,28.809],[82.649,29.056],[83.112,29.303],[83.577,29.547],[84.044,29.791],[84.514,30.032],[84.986,30.272]]}},{"type":"Feature","properties":{"boundary_type":"transform","feature_type":"gpml:Transform","polarity":null,"overriding_plate_id":null,"subducting_plate_id":null,"plate_ids":[601,10191],"name":"transform"},"geometry":{"type":"LineString","coordinates":[[84.986,30.272],[85.441,30.501],[85.899,30.728],[86.359,30.953],[86.821,31.177],[87.285,31.4],[87.751,31.62],[88.22,31.839],[88.69,32.056]]}},{"type":"Feature","properties":{"boundary_type":"transform","feature_type":"gpml:Transform","polarity":null,"overriding_plate_id":null,"subducting_plate_id":null,"plate_ids":[601,9804411],"name":"transform"},"geometry":{"type":"LineString","coordinates":[[63.195,18.107],[63.3,18.11],[63.805,18.226],[64.312,18.34],[64.818,18.453],[65.326,18.565],[65.834,18.676],[66.319,18.763],[66.805,18.85],[67.291,18.935],[67.778,19.018],[68.265,19.101],[68.753,19.182],[69.241,19.262],[69.73,19.34]]}},{"type":"Feature","properties":{"boundary_type":"transform","feature_type":"gpml:Transform","polarity":null,"overriding_plate_id":null,"subducting_plate_id":null,"plate_ids":[401,98043],"name":"Laurentia-Siberia transform"},"geometry":{"type":"LineString","coordinates":[[-130.022,9.871],[-129.736,10.114],[-129.449,10.355],[-129.161,10.597],[-128.803,10.861],[-128.445,11.125],[-128.085,11.388],[-127.725,11.651],[-127.365,11.913],[-127.003,12.175],[-126.641,12.436],[-126.278,12.697],[-125.985,13.044],[-125.691,13.39],[-125.396,13.737],[-125.1,14.082],[-124.803,14.428],[-124.506,14.773],[-124.207,15.117],[-123.908,15.462],[-123.696,15.851],[-123.483,16.241],[-123.27,16.63],[-123.055,17.02],[-122.84,17.409],[-122.624,17.797],[-122.407,18.186],[-122.277,18.668],[-122.147,19.151],[-122.015,19.633],[-121.883,20.115],[-121.75,20.598],[-121.616,21.08],[-121.509,21.555],[-121.401,22.03],[-121.292,22.505],[-121.183,22.979],[-121.073,23.454],[-120.962,23.929],[-120.85,24.403],[-120.737,24.878],[-120.592,25.34],[-120.445,25.802],[-120.297,26.264],[-120.148,26.725],[-119.998,27.187],[-119.847,27.648],[-119.694,28.109],[-119.54,28.57],[-119.385,29.031],[-119.228,29.491],[-119.07,29.952],[-118.911,30.412],[-118.749,30.872],[-118.587,31.332],[-118.422,31.791],[-118.257,32.251],[-118.056,32.648],[-117.854,33.044],[-117.651,33.441],[-117.445,33.837],[-117.237,34.232],[-117.028,34.627],[-116.816,35.022]]}},{"type":"Feature","properties":{"boundary_type":"transform","feature_type":"gpml:Transform","polarity":null,"overriding_plate_id":null,"subducting_plate_id":null,"plate_ids":[801,10191],"name":"NAC transform"},"geometry":{"type":"LineString","coordinates":[[97.457,20.633],[97.879,20.861],[98.302,21.087],[98.726,21.312],[99.151,21.537],[99.578,21.76],[100.006,21.982],[100.436,22.203],[100.867,22.422],[101.299,22.641],[101.732,22.859]]}},{"type":"Feature","properties":{"boundary_type":"transform","feature_type":"gpml:Transform","polarity":null,"overriding_plate_id":null,"subducting_plate_id":null,"plate_ids":[101,401],"name":"Siberia-Laurentia transform"},"geometry":{"type":"LineString","coordinates":[[-117.517,-10.178],[-117.082,-10.053],[-116.648,-9.928],[-116.215,-9.803],[-115.781,-9.677],[-115.348,-9.551],[-114.921,-9.642],[-114.493,-9.732],[-114.064,-9.822],[-113.636,-9.912],[-113.207,-10.001],[-112.778,-10.089],[-112.349,-10.177],[-111.997,-10.364],[-111.644,-10.55],[-111.291,-10.736]]}},{"type":"Feature","properties":{"boundary_type":"transform","feature_type":"gpml:Transform","polarity":null,"overriding_plate_id":null,"subducting_plate_id":null,"plate_ids":[201,22041],"name":"Amazonia-RDLP Transform"},"geometry":{"type":"LineString","coordinates":[[171.743,-49.874],[171.681,-50.319],[171.619,-50.765],[171.602,-51.213],[171.585,-51.66],[171.568,-52.108],[171.551,-52.556],[171.533,-53.004],[171.515,-53.452],[171.497,-53.899],[171.478,-54.347]]}},{"type":"Feature","properties":{"boundary_type":"transform","feature_type":"gpml:Transform","polarity":null,"overriding_plate_id":null,"subducting_plate_id":null,"plate_ids":[801,10191],"name":"Aus transform"},"geometry":{"type":"LineString","coordinates":[[111.982,13.287],[111.985,13.297]]}},{"type":"Feature","properties":{"boundary_type":"transform","feature_type":"gpml:Transform","polarity":null,"overriding_plate_id":null,"subducting_plate_id":null,"plate_ids":[8013,10191],"name":"Aus transform"},"geometry":{"type":"LineString","coordinates":[[111.985,13.297],[112.148,13.742],[112.311,14.186],[112.536,14.593],[112.762,15.0],[112.989,15.407],[113.216,15.813],[113.445,16.219],[113.674,16.625],[113.905,17.031],[114.136,17.436],[114.419,17.832],[114.703,18.227],[114.988,18.622],[115.274,19.016],[115.562,19.41],[115.851,19.804],[116.142,20.197]]}},{"type":"Feature","properties":{"boundary_type":"transform","feature_type":"gpml:Transform","polarity":null,"overriding_plate_id":null,"subducting_plate_id":null,"plate_ids":[701,801],"name":"small transform between Lhasa and India"},"geometry":{"type":"LineString","coordinates":[[93.0,-19.872],[93.178,-19.641],[93.355,-19.411],[93.674,-19.119],[93.992,-18.827],[94.309,-18.534],[94.625,-18.24],[94.94,-17.946],[95.23,-17.599],[95.52,-17.252],[95.808,-16.904],[96.096,-16.555],[96.382,-16.207],[96.668,-15.857],[96.952,-15.508]]}},{"type":"Feature","properties":{"boundary_type":"transform","feature_type":"gpml:Transform","polarity":null,"overriding_plate_id":null,"subducting_plate_id":null,"plate_ids":[8013,10191],"name":"Aus transform"},"geometry":{"type":"LineString","coordinates":[[149.101,-17.814],[149.362,-17.386],[149.623,-16.957],[149.882,-16.528],[150.139,-16.099],[150.396,-15.67],[150.638,-15.309],[150.88,-14.948],[151.12,-14.587],[151.36,-14.225],[151.599,-13.863],[151.838,-13.501],[151.886,-13.421]]}},{"type":"Feature","properties":{"boundary_type":"transform","feature_type":"gpml:Transform","polarity":null,"overriding_plate_id":null,"subducting_plate_id":null,"plate_ids":[1019,10191],"name":"Transform closing west coast laurentia rift"},"geometry":{"type":"LineString","coordinates":[[176.528,7.216],[176.386,7.681],[176.243,8.146],[176.1,8.611],[175.957,9.076],[175.813,9.54],[175.669,10.005],[175.524,10.469],[175.379,10.934],[175.233,11.398],[175.088,11.863],[174.941,12.327],[174.794,12.791],[174.647,13.255],[174.498,13.719],[174.35,14.183],[174.319,14.275]]}},{"type":"Feature","properties":{"boundary_type":"transform","feature_type":"gpml:Transform","polarity":null,"overriding_plate_id":null,"subducting_plate_id":null,"plate_ids":[1019,98043],"name":"Transform closing west coast laurentia rift"},"geometry":{"type":"LineString","coordinates":[[-134.455,17.489],[-134.548,17.963],[-134.64,18.437],[-134.733,18.911],[-134.827,19.385],[-134.921,19.858],[-135.016,20.332],[-135.112,20.806],[-135.208,21.28],[-135.304,21.753],[-135.402,22.227],[-135.5,22.7],[-135.598,23.174],[-135.63,23.319]]}},{"type":"Feature","properties":{"boundary_type":"transform","feature_type":"gpml:Transform","polarity":null,"overriding_plate_id":null,"subducting_plate_id":null,"plate_ids":[10191,22031],"name":"Iapetus-Pacific Transform"},"geometry":{"type":"LineString","coordinates":[[156.617,-23.47],[156.977,-23.163],[157.335,-22.855],[157.631,-22.461],[157.926,-22.067],[158.219,-21.672],[158.51,-21.277],[158.8,-20.881],[159.088,-20.485],[159.375,-20.088],[159.66,-19.691],[159.944,-19.293],[160.226,-18.895],[160.508,-18.496],[160.788,-18.097],[161.066,-17.698],[161.344,-17.298],[161.62,-16.898]]}},{"type":"Feature","properties":{"boundary_type":"transform","feature_type":"gpml:Transform","polarity":null,"overriding_plate_id":null,"subducting_plate_id":null,"plate_ids":[401,98043],"name":"Siberia transform"},"geometry":{"type":"LineString","coordinates":[[-81.214,2.011],[-80.799,1.743],[-80.384,1.474],[-79.969,1.206],[-79.554,0.937],[-79.139,0.669],[-78.724,0.4],[-78.31,0.131],[-77.895,-0.137],[-77.48,-0.406],[-77.065,-0.675],[-76.651,-0.943],[-76.236,-1.212],[-75.821,-1.48],[-75.406,-1.749],[-74.991,-2.017],[-74.575,-2.285],[-74.16,-2.553],[-73.744,-2.821],[-73.328,-3.089]]}},{"type":"Feature","properties":{"boundary_type":"transform","feature_type":"gpml:Transform","polarity":null,"overriding_plate_id":null,"subducting_plate_id":null,"plate_ids":[451,601],"name":"Qinling transform"},"geometry":{"type":"LineString","coordinates":[[69.326,-1.947],[69.052,-1.878]]}},{"type":"Feature","properties":{"boundary_type":"transform","feature_type":"gpml:Transform","polarity":null,"overriding_plate_id":null,"subducting_plate_id":null,"plate_ids":[201,701],"name":"transform closing WAC plate"},"geometry":{"type":"LineString","coordinates":[[-107.928,-58.77],[-108.474,-59.17],[-109.033,-59.569],[-109.605,-59.965],[-110.19,-60.358],[-110.79,-60.749],[-111.405,-61.137]]}}]}