{"type":"FeatureCollection","meta":{"model":"Cao2024","reconstruction_time_ma":160.0,"anchor_plate_id":0,"pygplates_version":"1.0.0","tessellate_degrees":0.5,"polarity_convention":"gpml:subductionPolarity. 'Left'/'Right' names the side of the line, in vertex order, on which the OVERRIDING plate lies. Triangles are drawn on that side.","antimeridian":"Lines are NOT split at +/-180 deg. The renderer works in 3D unit vectors where the dateline is not special; splitting would only add spurious breaks. Do not treat this as RFC 7946 GIS-ready 2D data."},"features":[{"type":"Feature","properties":{"boundary_type":"other","feature_type":"gpml:ContinentalRift","polarity":null,"overriding_plate_id":null,"subducting_plate_id":null,"plate_ids":[701,802],"name":"Africa-East Antarctica Synthetic Boundary"},"geometry":{"type":"LineString","coordinates":[[12.933,-49.144],[13.43,-48.949],[13.924,-48.752],[14.413,-48.554],[14.899,-48.353],[15.331,-48.084],[15.759,-47.814],[16.183,-47.542],[16.602,-47.269],[17.171,-46.985],[17.735,-46.699],[18.292,-46.41]]}},{"type":"Feature","properties":{"boundary_type":"other","feature_type":"gpml:ContinentalRift","polarity":null,"overriding_plate_id":null,"subducting_plate_id":null,"plate_ids":[701,802],"name":"Africa-Madagascar Synthetic Boundary"},"geometry":{"type":"LineString","coordinates":[[27.681,-45.089],[27.865,-44.731]]}},{"type":"Feature","properties":{"boundary_type":"other","feature_type":"gpml:ContinentalRift","polarity":null,"overriding_plate_id":null,"subducting_plate_id":null,"plate_ids":[701,801],"name":"Africa-Madagascar Synthetic Boundary"},"geometry":{"type":"LineString","coordinates":[[27.865,-44.731],[28.066,-44.333],[28.265,-43.935],[28.461,-43.537],[28.654,-43.138],[28.845,-42.739],[29.033,-42.34],[29.17,-41.904],[29.304,-41.468],[29.437,-41.032],[29.569,-40.596],[29.698,-40.16],[29.826,-39.723],[29.952,-39.287],[30.077,-38.85],[30.2,-38.413],[30.396,-37.972],[30.59,-37.531],[30.781,-37.09],[30.97,-36.648],[31.213,-36.217],[31.452,-35.785],[31.689,-35.353],[31.924,-34.921],[32.156,-34.488],[32.386,-34.054],[32.613,-33.621]]}},{"type":"Feature","properties":{"boundary_type":"other","feature_type":"gpml:ContinentalRift","polarity":null,"overriding_plate_id":null,"subducting_plate_id":null,"plate_ids":[701,801],"name":"Africa-Madagascar Synthetic Boundary"},"geometry":{"type":"LineString","coordinates":[[32.613,-33.621],[33.061,-33.372],[33.507,-33.123],[33.95,-32.871],[34.391,-32.618],[34.829,-32.364],[35.264,-32.108],[35.787,-31.919],[36.308,-31.728],[36.827,-31.534],[37.344,-31.339],[37.858,-31.141],[38.371,-30.942],[38.881,-30.74],[39.389,-30.537],[39.895,-30.331],[40.399,-30.124],[40.9,-29.915],[41.4,-29.703],[41.897,-29.49],[42.393,-29.275],[42.886,-29.059],[43.377,-28.84],[43.866,-28.62],[44.353,-28.398],[44.838,-28.174],[45.264,-27.88],[45.687,-27.584],[46.108,-27.287],[46.527,-26.989],[46.944,-26.69],[47.358,-26.389],[47.77,-26.087],[48.181,-25.784],[48.589,-25.48],[48.995,-25.175],[49.398,-24.869],[49.8,-24.561],[50.2,-24.253],[50.598,-23.944],[50.994,-23.633],[51.433,-23.355],[51.869,-23.075],[52.304,-22.794],[52.737,-22.512],[53.168,-22.229],[53.598,-21.945],[54.025,-21.659],[54.452,-21.373],[54.876,-21.085],[55.299,-20.797],[55.72,-20.507],[56.139,-20.216],[56.557,-19.925],[56.974,-19.632]]}},{"type":"Feature","properties":{"boundary_type":"other","feature_type":"gpml:ContinentalRift","polarity":null,"overriding_plate_id":null,"subducting_plate_id":null,"plate_ids":[701,802],"name":"Africa-South America Synthetic Boundary"},"geometry":{"type":"LineString","coordinates":[[6.044,-50.125],[6.252,-50.525],[6.464,-50.924],[6.679,-51.323],[6.898,-51.721]]}},{"type":"Feature","properties":{"boundary_type":"other","feature_type":"gpml:ContinentalRift","polarity":null,"overriding_plate_id":null,"subducting_plate_id":null,"plate_ids":[801,802],"name":"Australia - Antarctica rift"},"geometry":{"type":"LineString","coordinates":[[-49.293,-76.401],[-48.984,-76.884],[-48.653,-77.367],[-48.296,-77.85],[-48.025,-78.3],[-47.734,-78.75],[-47.418,-79.199],[-47.075,-79.648],[-46.701,-80.097],[-46.293,-80.545],[-45.844,-80.993],[-44.743,-81.416],[-43.529,-81.835],[-42.185,-82.25],[-40.692,-82.661],[-39.023,-83.066],[-37.151,-83.465],[-34.521,-83.801],[-31.597,-84.123],[-28.346,-84.428],[-24.732,-84.713],[-19.534,-84.806],[-14.192,-84.856],[-8.794,-84.86],[-3.433,-84.819],[1.479,-84.765],[6.257,-84.674],[10.844,-84.548],[15.198,-84.388],[19.29,-84.198],[23.013,-83.934],[26.413,-83.646],[29.511,-83.338],[32.328,-83.013],[34.855,-82.808],[37.239,-82.591],[39.909,-82.389],[42.437,-82.172],[44.875,-81.995],[47.205,-81.805],[49.427,-81.602],[52.844,-81.648],[56.287,-81.664],[59.731,-81.651],[62.669,-81.437],[65.457,-81.202],[68.095,-80.947],[70.586,-80.674],[72.931,-80.385],[75.138,-80.081],[77.213,-79.764],[79.161,-79.434],[80.991,-79.093],[82.71,-78.742],[83.86,-78.359],[84.938,-77.973],[85.95,-77.582],[86.9,-77.188],[87.794,-76.79],[88.637,-76.39],[89.433,-75.987],[89.722,-75.545],[89.995,-75.103],[90.253,-74.661],[90.496,-74.218],[90.727,-73.776],[90.945,-73.333],[91.153,-72.889],[91.35,-72.446],[91.319,-71.985],[91.289,-71.524],[91.261,-71.063],[91.234,-70.602],[91.208,-70.141],[91.131,-69.682],[91.057,-69.224],[90.986,-68.765],[90.918,-68.306],[90.853,-67.847],[90.496,-67.469],[90.234,-67.108],[90.001,-66.842],[89.773,-66.576],[89.365,-66.208],[88.962,-65.861],[88.675,-65.656],[88.101,-65.275],[87.874,-65.05],[87.511,-64.846],[86.838,-64.469],[86.407,-64.235],[86.033,-63.992],[85.682,-63.713],[85.543,-63.489],[85.54,-63.338],[85.525,-63.077],[85.626,-62.799],[85.59,-62.446],[85.466,-62.206],[85.29,-61.994],[84.851,-61.715],[84.499,-61.527],[84.292,-61.398],[83.927,-61.188],[83.666,-61.014],[83.308,-60.804],[82.757,-60.442],[82.334,-60.222],[81.658,-59.915],[81.099,-59.649],[80.609,-59.47],[80.128,-59.317],[79.581,-59.154],[79.013,-59.009],[78.522,-58.862],[78.216,-58.717],[77.824,-58.439],[77.394,-58.253],[77.016,-57.991],[76.438,-57.61],[76.249,-57.439],[75.754,-57.183],[75.287,-56.98],[74.948,-56.817],[74.443,-56.641],[74.023,-56.488],[73.448,-56.252],[72.821,-55.995],[72.519,-55.848],[71.893,-55.495],[71.573,-55.243],[71.396,-54.977],[71.092,-54.71],[70.87,-54.543],[70.654,-54.294],[70.494,-54.039],[70.288,-53.76],[70.2,-53.6],[70.122,-53.499],[69.775,-53.159],[69.429,-52.859],[69.087,-52.557],[69.051,-52.434]]}},{"type":"Feature","properties":{"boundary_type":"other","feature_type":"gpml:ContinentalRift","polarity":null,"overriding_plate_id":null,"subducting_plate_id":null,"plate_ids":[801,802],"name":"India - Antarctica rift"},"geometry":{"type":"LineString","coordinates":[[27.865,-44.731],[28.323,-45.034],[28.785,-45.335],[29.253,-45.635],[29.585,-45.759],[29.919,-45.882],[30.304,-45.949],[30.689,-46.015],[31.335,-45.817],[31.977,-45.615],[32.613,-45.409],[33.084,-45.162],[33.551,-44.912],[34.014,-44.66],[34.501,-44.505],[34.986,-44.348],[35.468,-44.188],[35.904,-44.095],[36.338,-44.001],[36.994,-43.886],[37.646,-43.767],[38.214,-43.798],[38.781,-43.827],[39.348,-43.924],[39.916,-44.019],[40.486,-44.111],[40.964,-44.219],[41.444,-44.326],[41.898,-44.448],[42.353,-44.568],[43.013,-44.563],[43.673,-44.555],[44.333,-44.543],[44.954,-44.772],[45.58,-44.998],[46.019,-45.211],[46.46,-45.423],[46.905,-45.634],[47.449,-45.798],[47.996,-45.96],[48.546,-46.12],[49.06,-46.222],[49.576,-46.323],[50.121,-46.398],[50.669,-46.47],[51.05,-46.589],[51.433,-46.707],[51.968,-46.872],[52.506,-47.035],[52.797,-47.348],[53.091,-47.661],[53.389,-47.972],[53.743,-48.164],[54.1,-48.354],[54.596,-48.562],[55.095,-48.769],[55.598,-48.973],[56.177,-49.121],[56.759,-49.266],[57.345,-49.408],[57.912,-49.616],[58.483,-49.821],[59.158,-50.009],[59.838,-50.194],[60.523,-50.374],[61.213,-50.55],[61.908,-50.723],[62.609,-50.891],[63.314,-51.055],[64.024,-51.214],[64.74,-51.37],[65.46,-51.52],[66.184,-51.667],[66.914,-51.809],[67.619,-52.021],[68.332,-52.23],[69.051,-52.434]]}},{"type":"Feature","properties":{"boundary_type":"other","feature_type":"gpml:ContinentalRift","polarity":null,"overriding_plate_id":null,"subducting_plate_id":null,"plate_ids":[701,802],"name":"Mozambique-East Antarctica Synthetic Boundary"},"geometry":{"type":"LineString","coordinates":[[18.292,-46.41],[18.805,-46.33],[19.316,-46.247],[19.826,-46.162],[20.459,-46.052],[21.09,-45.939],[21.718,-45.822],[22.344,-45.702],[22.907,-45.725],[23.469,-45.745],[24.033,-45.763],[24.596,-45.778],[25.233,-45.646],[25.867,-45.511],[26.498,-45.372],[27.125,-45.23],[27.681,-45.089]]}},{"type":"Feature","properties":{"boundary_type":"other","feature_type":"gpml:ContinentalRift","polarity":null,"overriding_plate_id":null,"subducting_plate_id":null,"plate_ids":[301,41200],"name":"North America - Greenland rift"},"geometry":{"type":"LineString","coordinates":[[-5.186,82.797],[-3.896,82.329],[-2.754,81.857],[-1.736,81.383],[-0.824,80.906],[-0.003,80.427]]}},{"type":"Feature","properties":{"boundary_type":"other","feature_type":"gpml:ContinentalRift","polarity":null,"overriding_plate_id":null,"subducting_plate_id":null,"plate_ids":[301,18100],"name":"North America - Greenland rift"},"geometry":{"type":"LineString","coordinates":[[-0.003,80.427],[0.723,79.959],[1.384,79.49],[1.989,79.019],[2.545,78.547],[3.058,78.074],[3.576,77.613],[4.058,77.152],[4.507,76.689],[4.927,76.226],[5.319,75.762],[5.687,75.298],[6.034,74.833],[6.36,74.367],[6.667,73.901],[7.067,73.474],[7.448,73.046],[7.81,72.618],[8.155,72.188],[8.485,71.759],[7.977,71.469],[7.485,71.179],[7.77,70.73],[8.043,70.28],[8.304,69.83],[8.554,69.38],[8.794,68.929],[9.025,68.478],[9.246,68.027],[9.459,67.575]]}},{"type":"Feature","properties":{"boundary_type":"other","feature_type":"gpml:ContinentalRift","polarity":null,"overriding_plate_id":null,"subducting_plate_id":null,"plate_ids":[101,301],"name":"North America - Greenland rift"},"geometry":{"type":"LineString","coordinates":[[9.459,67.575],[9.639,67.178],[9.814,66.781],[9.983,66.384]]}},{"type":"Feature","properties":{"boundary_type":"other","feature_type":"gpml:ContinentalRift","polarity":null,"overriding_plate_id":null,"subducting_plate_id":null,"plate_ids":[701,802],"name":"South America - Antarctica inferred boundary"},"geometry":{"type":"LineString","coordinates":[[6.898,-51.721],[6.415,-51.954],[5.926,-52.185],[5.432,-52.414],[5.236,-52.518],[5.082,-52.598],[4.913,-52.64],[4.758,-52.72],[4.644,-52.801],[4.436,-52.952],[4.261,-53.018],[4.167,-53.088],[3.964,-53.189],[3.647,-53.346],[3.442,-53.446],[3.061,-53.585],[2.357,-53.852],[2.146,-53.95],[1.698,-54.155],[1.314,-54.339],[0.927,-54.521],[0.271,-54.806],[-0.394,-55.087],[-0.764,-55.229],[-1.137,-55.37],[-1.571,-55.555],[-2.008,-55.738],[-2.455,-55.868],[-2.905,-55.997],[-3.376,-56.173],[-3.958,-56.385],[-4.563,-56.579],[-5.175,-56.771],[-5.793,-56.959],[-6.209,-57.077],[-6.628,-57.193],[-6.963,-57.3],[-7.401,-57.418],[-7.897,-57.501],[-8.394,-57.582],[-9.195,-57.642],[-9.908,-57.787],[-10.459,-57.853],[-11.011,-57.917],[-11.813,-58.092],[-12.624,-58.262],[-13.442,-58.426],[-14.352,-58.578],[-15.269,-58.723],[-16.194,-58.861],[-17.115,-58.951],[-18.04,-59.034],[-18.969,-59.11],[-19.903,-59.18],[-20.839,-59.243],[-21.78,-59.299],[-22.723,-59.348],[-23.668,-59.391],[-24.616,-59.426],[-25.566,-59.455]]}},{"type":"Feature","properties":{"boundary_type":"transform","feature_type":"gpml:Transform","polarity":null,"overriding_plate_id":null,"subducting_plate_id":null,"plate_ids":[701,801],"name":"Proto Owen Fracture Zone - transform boundary"},"geometry":{"type":"LineString","coordinates":[[56.974,-19.632],[57.225,-19.254],[57.475,-18.875],[57.725,-18.495],[57.973,-18.116],[58.22,-17.736],[58.466,-17.356],[58.711,-16.975],[58.955,-16.595],[59.256,-16.227],[59.557,-15.859],[59.856,-15.491],[60.154,-15.122],[60.452,-14.753],[60.748,-14.384],[61.043,-14.014],[61.337,-13.644],[61.631,-13.273],[61.923,-12.902],[62.231,-12.536],[62.538,-12.168],[62.844,-11.801],[63.15,-11.433],[63.454,-11.065],[63.758,-10.697],[64.061,-10.329],[64.364,-9.96],[64.666,-9.591],[64.967,-9.221],[65.306,-8.853],[65.645,-8.484],[65.983,-8.115],[66.32,-7.746],[66.657,-7.377],[66.993,-7.007],[67.329,-6.637],[67.664,-6.267],[67.998,-5.896],[68.333,-5.526],[68.666,-5.155],[69.0,-4.784],[69.333,-4.413],[69.666,-4.042],[69.998,-3.67],[70.33,-3.299],[70.662,-2.927],[70.994,-2.556],[71.325,-2.184],[71.657,-1.812],[71.988,-1.44],[72.319,-1.068],[72.606,-0.698],[72.894,-0.328],[73.181,0.042],[73.468,0.412],[73.756,0.782],[74.043,1.152],[74.33,1.522],[74.618,1.891],[74.906,2.261],[75.194,2.631],[75.492,2.986],[75.79,3.341],[76.089,3.695],[76.387,4.05],[76.686,4.404],[76.986,4.758],[77.285,5.113],[77.585,5.467],[77.885,5.82],[78.186,6.174],[78.487,6.528]]}},{"type":"Feature","properties":{"boundary_type":"transform","feature_type":"gpml:Transform","polarity":null,"overriding_plate_id":null,"subducting_plate_id":null,"plate_ids":[530,701],"name":"Proto Owen Fracture Zone - transform boundary"},"geometry":{"type":"LineString","coordinates":[[78.487,6.528],[78.798,6.892],[79.11,7.256],[79.422,7.62],[79.734,7.984],[80.047,8.348],[80.361,8.711],[80.675,9.074],[80.99,9.437]]}},{"type":"Feature","properties":{"boundary_type":"transform","feature_type":"gpml:Transform","polarity":null,"overriding_plate_id":null,"subducting_plate_id":null,"plate_ids":[530,530],"name":"Proto Owen Fracture Zone - transform boundary"},"geometry":{"type":"LineString","coordinates":[[80.99,9.437],[81.232,9.715],[81.475,9.994],[81.718,10.272],[81.991,10.691],[82.265,11.11],[82.54,11.53],[82.815,11.948],[83.092,12.367],[83.369,12.785],[83.647,13.203],[83.927,13.621],[84.207,14.038],[84.488,14.455],[84.77,14.872],[85.054,15.288],[85.338,15.704],[85.624,16.12],[85.911,16.535],[86.199,16.95],[86.488,17.364],[86.779,17.778],[87.071,18.192],[87.364,18.605],[87.659,19.018],[87.955,19.43],[88.253,19.842],[88.553,20.253],[88.854,20.664],[89.156,21.074],[89.46,21.484],[89.724,21.863],[89.989,22.243],[90.255,22.622],[90.522,23.001],[90.792,23.379]]}},{"type":"Feature","properties":{"boundary_type":"other","feature_type":"gpml:InferredPaleoBoundary","polarity":null,"overriding_plate_id":null,"subducting_plate_id":null,"plate_ids":[101,706],"name":"Morocco"},"geometry":{"type":"LineString","coordinates":[[9.65,25.649],[9.703,25.611]]}},{"type":"Feature","properties":{"boundary_type":"other","feature_type":"gpml:InferredPaleoBoundary","polarity":null,"overriding_plate_id":null,"subducting_plate_id":null,"plate_ids":[301,706],"name":"Morocco"},"geometry":{"type":"LineString","coordinates":[[9.703,25.611],[10.069,25.346],[10.321,25.171],[10.572,24.995],[10.909,24.705],[11.245,24.414],[11.528,24.267],[11.811,24.119],[12.148,23.849],[12.484,23.579],[12.818,23.308],[13.053,23.131],[13.296,22.946],[13.538,22.761],[13.947,22.447],[14.36,22.126],[14.643,21.961],[14.885,21.819],[15.126,21.678],[15.382,21.526],[15.638,21.374]]}},{"type":"Feature","properties":{"boundary_type":"subduction","feature_type":"gpml:SubductionZone","polarity":"Right","overriding_plate_id":801,"subducting_plate_id":919,"plate_ids":[801,919],"name":"Eastern Gondwana Subduction Zone"},"geometry":{"type":"LineString","coordinates":[[126.154,-79.723],[127.209,-80.139],[128.356,-80.551],[129.606,-80.96],[130.973,-81.364],[132.471,-81.762],[134.12,-82.155],[135.94,-82.54],[137.954,-82.917],[140.19,-83.284],[142.293,-83.716],[144.701,-84.138],[147.476,-84.548],[150.692,-84.943],[154.437,-85.32],[158.814,-85.674],[163.933,-85.998],[169.896,-86.285],[176.765,-86.525],[-175.476,-86.709],[-166.977,-86.826],[-158.04,-86.869],[-149.076,-86.836],[-140.504,-86.727],[-132.643,-86.551],[-125.661,-86.317],[-119.59,-86.035],[-114.372,-85.715],[-109.91,-85.365],[-104.256,-85.211],[-99.003,-85.013],[-94.186,-84.777],[-89.812,-84.507],[-85.867,-84.209],[-82.322,-83.886],[-79.141,-83.542],[-76.289,-83.18],[-73.729,-82.804],[-71.425,-82.414],[-68.855,-82.056],[-66.51,-81.683],[-64.368,-81.298],[-62.408,-80.901],[-60.613,-80.496],[-58.965,-80.081],[-57.449,-79.659],[-56.051,-79.231],[-54.76,-78.797],[-53.695,-78.406],[-52.699,-78.011],[-51.766,-77.613],[-50.891,-77.211],[-50.067,-76.808],[-49.293,-76.401]]}},{"type":"Feature","properties":{"boundary_type":"subduction","feature_type":"gpml:SubductionZone","polarity":"Right","overriding_plate_id":802,"subducting_plate_id":919,"plate_ids":[802,919],"name":"Eastern Gondwana Subduction Zone"},"geometry":{"type":"LineString","coordinates":[[-49.293,-76.401],[-48.823,-76.141],[-48.37,-75.88],[-47.66,-75.451],[-46.99,-75.02],[-46.356,-74.588],[-45.757,-74.153],[-45.189,-73.717],[-44.65,-73.279],[-44.137,-72.84],[-43.638,-72.431],[-43.16,-72.02],[-42.704,-71.608],[-42.266,-71.195],[-41.847,-70.781],[-41.445,-70.366],[-41.059,-69.951],[-40.375,-69.546],[-39.717,-69.138],[-39.083,-68.728],[-38.472,-68.315],[-37.883,-67.901],[-37.315,-67.484],[-36.766,-67.066],[-36.179,-66.656],[-35.612,-66.243],[-35.063,-65.828],[-34.531,-65.412],[-34.016,-64.994],[-33.517,-64.574],[-33.034,-64.152],[-32.564,-63.729],[-32.109,-63.304],[-31.667,-62.878],[-31.484,-62.425],[-31.306,-61.972],[-31.134,-61.518],[-30.967,-61.064],[-30.805,-60.61],[-30.647,-60.156],[-30.493,-59.702],[-30.343,-59.247],[-30.198,-58.793],[-30.056,-58.338],[-29.918,-57.883],[-29.783,-57.427],[-29.493,-57.094],[-29.209,-56.761],[-28.93,-56.427]]}},{"type":"Feature","properties":{"boundary_type":"subduction","feature_type":"gpml:SubductionZone","polarity":"Right","overriding_plate_id":null,"subducting_plate_id":null,"plate_ids":[926],"name":"Japan sub zone fromEarthByte cob MG 4-20-07"},"geometry":{"type":"LineString","coordinates":[[-174.539,75.376],[-174.664,75.022],[-174.783,74.667],[-174.897,74.313]]}},{"type":"Feature","properties":{"boundary_type":"subduction","feature_type":"gpml:SubductionZone","polarity":"Right","overriding_plate_id":380,"subducting_plate_id":926,"plate_ids":[380,926],"name":"Japan sub zone fromEarthByte cob MG 4-20-07"},"geometry":{"type":"LineString","coordinates":[[-174.897,74.313],[-175.023,73.904],[-175.142,73.495],[-175.256,73.086],[-175.365,72.677],[-175.469,72.268],[-176.518,71.94],[-177.531,71.606],[-177.499,71.115],[-177.469,70.625],[-177.44,70.134],[-177.413,69.644],[-177.386,69.153],[-177.361,68.662],[-177.337,68.172],[-177.314,67.681],[-177.292,67.19],[-177.271,66.7],[-177.25,66.209],[-177.231,65.719],[-177.212,65.228],[-177.193,64.737],[-177.287,64.28],[-177.377,63.822],[-177.465,63.365],[-177.55,62.907],[-177.632,62.449],[-177.801,62.015],[-177.965,61.581],[-178.125,61.147],[-178.28,60.713],[-178.431,60.279],[-178.682,59.833],[-178.927,59.386],[-179.165,58.94],[-179.26,58.505],[-179.354,58.071],[-179.445,57.637],[-179.534,57.202],[-179.62,56.767],[-179.845,56.37],[179.935,55.972],[179.72,55.574],[179.508,55.175],[179.304,54.859],[179.103,54.543],[178.905,54.226],[178.545,53.859],[178.19,53.492],[177.842,53.124],[177.336,52.761],[176.838,52.395],[176.507,52.013],[176.181,51.63]]}},{"type":"Feature","properties":{"boundary_type":"transform","feature_type":"gpml:Transform","polarity":null,"overriding_plate_id":null,"subducting_plate_id":null,"plate_ids":[301,380],"name":"Monghol-Okosk Subduction transform"},"geometry":{"type":"LineString","coordinates":[[89.57,36.299],[90.033,36.553],[90.499,36.805],[90.968,37.055],[91.44,37.303],[91.916,37.549],[92.394,37.793],[92.643,38.204],[92.894,38.614],[93.149,39.024],[93.406,39.433],[93.666,39.842],[93.93,40.25],[94.197,40.657],[94.467,41.064],[94.74,41.47],[94.821,41.906],[94.904,42.341],[94.987,42.777],[95.072,43.212],[95.157,43.647],[95.054,44.027],[94.95,44.406],[94.844,44.786],[94.737,45.165],[94.712,45.603],[94.687,46.04],[94.662,46.478],[94.636,46.916],[95.086,47.277],[95.543,47.637],[96.006,47.994],[96.475,48.35],[96.951,48.704],[97.434,49.056],[97.923,49.406],[98.42,49.754],[98.924,50.1],[99.435,50.443],[99.944,50.699],[100.459,50.953],[100.979,51.204],[101.505,51.453],[102.037,51.699],[102.729,51.923],[103.428,52.142],[104.134,52.357],[104.847,52.568],[105.566,52.774],[106.292,52.976],[106.986,53.17],[107.685,53.359],[108.391,53.545],[109.103,53.726],[109.82,53.903],[110.544,54.076],[111.274,54.244],[111.849,54.461],[112.43,54.676],[113.017,54.887],[113.61,55.096],[113.829,55.466],[114.053,55.835],[114.281,56.203],[113.89,56.589],[113.49,56.973],[113.082,57.356],[112.666,57.738],[112.24,58.118],[111.806,58.497],[111.362,58.875],[111.108,59.294],[110.848,59.712],[110.582,60.131],[110.308,60.548],[110.028,60.965],[109.74,61.382],[109.444,61.797],[110.189,62.094],[110.949,62.386],[111.723,62.675],[112.512,62.959],[113.317,63.238],[114.137,63.513],[114.974,63.783]]}},{"type":"Feature","properties":{"boundary_type":"subduction","feature_type":"gpml:SubductionZone","polarity":"Left","overriding_plate_id":801,"subducting_plate_id":919,"plate_ids":[801,919],"name":"Panthalassa Subducting beneath Junction"},"geometry":{"type":"LineString","coordinates":[[153.59,-53.161],[153.081,-52.796],[152.58,-52.43],[152.088,-52.061],[151.604,-51.691],[151.128,-51.318],[150.66,-50.944],[150.199,-50.567],[149.745,-50.189],[149.187,-49.887],[148.637,-49.582],[148.093,-49.275],[147.556,-48.965],[147.157,-48.712],[146.761,-48.456],[146.37,-48.2],[146.157,-47.842],[145.948,-47.483],[145.741,-47.124],[145.554,-46.645],[145.371,-46.167],[145.19,-45.688],[144.948,-45.254],[144.709,-44.82],[144.474,-44.385],[144.242,-43.95],[144.014,-43.514],[143.789,-43.078],[143.567,-42.641],[143.348,-42.204]]}},{"type":"Feature","properties":{"boundary_type":"subduction","feature_type":"gpml:SubductionZone","polarity":"Left","overriding_plate_id":104,"subducting_plate_id":902,"plate_ids":[104,902],"name":"Subduction along NAM GS"},"geometry":{"type":"LineString","coordinates":[[-45.561,19.007],[-45.529,18.707],[-45.397,18.342],[-45.265,17.977]]}},{"type":"Feature","properties":{"boundary_type":"subduction","feature_type":"gpml:SubductionZone","polarity":"Left","overriding_plate_id":104,"subducting_plate_id":2035,"plate_ids":[104,2035],"name":"Subduction along NAM GS"},"geometry":{"type":"LineString","coordinates":[[-45.265,17.977],[-45.097,17.505],[-44.929,17.034],[-44.762,16.562],[-44.596,16.09],[-44.431,15.618],[-44.267,15.146],[-44.103,14.674],[-43.94,14.202],[-43.777,13.73],[-43.616,13.257],[-43.588,13.216]]}},{"type":"Feature","properties":{"boundary_type":"subduction","feature_type":"gpml:SubductionZone","polarity":"Left","overriding_plate_id":301,"subducting_plate_id":530,"plate_ids":[301,530],"name":"Tethyan subduction after Afgan block accretion"},"geometry":{"type":"LineString","coordinates":[[64.801,33.816],[65.255,33.71],[65.708,33.603],[66.262,33.422],[66.814,33.238],[67.144,33.016],[67.473,32.793],[67.801,32.57],[68.239,32.413],[68.677,32.254],[69.112,32.094],[69.554,31.925],[69.995,31.755],[70.433,31.583],[70.87,31.41],[71.332,31.309],[71.793,31.207],[72.252,31.103],[72.711,30.997],[73.213,30.929],[73.714,30.859],[74.215,30.787],[74.714,30.713],[75.213,30.637],[75.755,30.488],[76.295,30.336],[76.834,30.182],[77.371,30.026],[77.906,29.867],[78.439,29.707],[78.937,29.522],[79.434,29.335],[79.929,29.146],[80.422,28.955],[80.709,28.674],[80.995,28.391],[81.28,28.108],[81.563,27.825],[81.892,27.519],[82.219,27.213],[82.545,26.905],[82.869,26.597],[83.191,26.289],[83.661,26.047],[84.13,25.804],[84.597,25.559],[85.062,25.313],[85.526,25.065],[85.987,24.816],[86.479,24.618],[86.97,24.418],[87.459,24.217],[87.947,24.014],[88.433,23.81],[88.918,23.604],[89.401,23.397],[89.865,23.392],[90.328,23.386],[90.792,23.379]]}},{"type":"Feature","properties":{"boundary_type":"subduction","feature_type":"gpml:SubductionZone","polarity":"Left","overriding_plate_id":301,"subducting_plate_id":530,"plate_ids":[301,530],"name":"Tethyan subduction after Afgan block accretion"},"geometry":{"type":"LineString","coordinates":[[90.792,23.379],[91.276,23.37],[91.761,23.359],[92.245,23.347],[92.729,23.333],[93.019,23.743],[93.311,24.153],[93.605,24.562],[93.9,24.97],[94.198,25.378],[94.497,25.785]]}},{"type":"Feature","properties":{"boundary_type":"other","feature_type":"gpml:TerraneBoundary","polarity":null,"overriding_plate_id":null,"subducting_plate_id":null,"plate_ids":[701,706],"name":"Moroccan Meseta - Sahara Platform"},"geometry":{"type":"LineString","coordinates":[[13.306,17.887],[13.672,17.903],[14.038,17.919],[14.488,17.96],[14.938,18.0],[15.389,18.04],[15.787,18.005],[16.186,17.97],[16.651,17.952],[17.115,17.932],[17.526,17.822]]}},{"type":"Feature","properties":{"boundary_type":"other","feature_type":"gpml:TerraneBoundary","polarity":null,"overriding_plate_id":null,"subducting_plate_id":null,"plate_ids":[701,706],"name":"Moroccan Meseta - Sahara Platform"},"geometry":{"type":"LineString","coordinates":[[2.888,22.306],[3.268,22.006],[3.647,21.705],[4.025,21.487],[4.402,21.267],[4.778,21.047],[5.153,20.826],[5.527,20.605],[5.909,20.475],[6.104,20.407],[6.388,20.313],[6.748,20.172],[7.195,19.992],[7.514,19.851],[7.832,19.71],[8.215,19.557],[8.597,19.403],[8.926,19.305],[9.2,19.237],[9.475,19.167],[9.908,19.06],[10.393,18.931],[10.803,18.791],[11.214,18.65],[11.575,18.519],[12.042,18.349],[12.509,18.178],[12.907,18.033],[13.306,17.887]]}},{"type":"Feature","properties":{"boundary_type":"other","feature_type":"gpml:TerraneBoundary","polarity":null,"overriding_plate_id":null,"subducting_plate_id":null,"plate_ids":[701,706],"name":"Moroccan Meseta - Sahara Platform"},"geometry":{"type":"LineString","coordinates":[[17.526,17.822],[18.006,17.739],[18.459,17.679],[18.755,17.659],[19.16,17.814],[19.566,17.85],[20.032,17.824],[20.498,17.797],[20.898,17.751],[21.298,17.705],[21.682,17.699],[22.066,17.692],[22.505,17.658],[22.943,17.622],[23.29,17.607]]}},{"type":"Feature","properties":{"boundary_type":"other","feature_type":"gpml:TerraneBoundary","polarity":null,"overriding_plate_id":null,"subducting_plate_id":null,"plate_ids":[701,802],"name":"Parana Basin-Patagonia"},"geometry":{"type":"LineString","coordinates":[[6.044,-50.125],[6.804,-50.022],[7.561,-49.915],[8.315,-49.803],[9.065,-49.685],[9.811,-49.563],[10.553,-49.437],[11.292,-49.305],[12.026,-49.169],[12.48,-49.157],[12.933,-49.144]]}},{"type":"Feature","properties":{"boundary_type":"transform","feature_type":"gpml:Transform","polarity":null,"overriding_plate_id":null,"subducting_plate_id":null,"plate_ids":[530,801],"name":"MesoTethys Transform"},"geometry":{"type":"LineString","coordinates":[[129.236,-7.299],[129.4,-6.88],[129.563,-6.462],[129.726,-6.043],[129.888,-5.624],[130.051,-5.205],[130.213,-4.787],[130.375,-4.368],[130.537,-3.949],[130.77,-3.535],[131.003,-3.121],[131.236,-2.707],[131.468,-2.294],[131.7,-1.88],[131.933,-1.466],[132.165,-1.052],[132.397,-0.638],[132.629,-0.224],[132.861,0.19],[133.081,0.495],[133.301,0.8],[133.522,1.106],[133.742,1.411]]}},{"type":"Feature","properties":{"boundary_type":"transform","feature_type":"gpml:Transform","polarity":null,"overriding_plate_id":null,"subducting_plate_id":null,"plate_ids":[530,786],"name":"MesoTethys Transform"},"geometry":{"type":"LineString","coordinates":[[133.742,1.411],[134.03,1.809],[134.318,2.207],[134.606,2.605],[134.894,3.003],[135.183,3.401],[135.472,3.799],[135.76,4.197],[136.05,4.595],[136.339,4.992],[136.629,5.39],[136.92,5.787],[137.21,6.184],[137.502,6.581],[137.763,6.971],[138.024,7.361],[138.287,7.75],[138.549,8.139],[138.812,8.528],[139.076,8.917],[139.34,9.305],[139.605,9.694],[139.871,10.082],[140.137,10.47]]}},{"type":"Feature","properties":{"boundary_type":"transform","feature_type":"gpml:Transform","polarity":null,"overriding_plate_id":null,"subducting_plate_id":null,"plate_ids":[701,706],"name":"Transform Gondwana to Tethys"},"geometry":{"type":"LineString","coordinates":[[23.29,17.607],[23.428,17.934],[23.567,18.261],[23.706,18.588],[23.893,18.887],[24.08,19.186],[24.268,19.485],[24.411,19.6]]}},{"type":"Feature","properties":{"boundary_type":"subduction","feature_type":"gpml:SubductionZone","polarity":"Left","overriding_plate_id":380,"subducting_plate_id":301,"plate_ids":[301,380],"name":"Lhasa subduction zone 180-100Ma according to Ana's model MS12"},"geometry":{"type":"LineString","coordinates":[[89.562,29.147],[89.985,28.874],[90.406,28.599],[90.824,28.323],[91.241,28.046],[91.655,27.767],[92.067,27.488],[92.477,27.207],[92.885,26.925],[93.291,26.641],[93.695,26.357],[94.097,26.071],[94.497,25.785]]}},{"type":"Feature","properties":{"boundary_type":"subduction","feature_type":"gpml:SubductionZone","polarity":"Left","overriding_plate_id":380,"subducting_plate_id":530,"plate_ids":[380,530],"name":"Lhasa subduction zone 180-100Ma according to Ana's model MS12"},"geometry":{"type":"LineString","coordinates":[[94.497,25.785],[94.788,25.575],[95.078,25.364],[95.557,25.117],[96.034,24.869],[96.509,24.619],[96.982,24.368],[97.454,24.115],[97.923,23.861],[98.39,23.606],[98.856,23.436],[99.321,23.265],[99.785,23.093],[100.247,22.919],[100.708,22.745],[101.169,22.568],[101.627,22.391],[102.085,22.212],[102.523,22.054],[102.96,21.895],[103.396,21.734],[103.831,21.573],[104.265,21.41],[104.698,21.246],[105.131,21.081],[105.567,20.916],[106.002,20.75],[106.436,20.582],[106.869,20.414],[107.301,20.244],[107.732,20.073],[108.162,19.901],[108.592,19.729],[109.088,19.62],[109.583,19.51],[110.077,19.399],[110.571,19.286],[111.064,19.172],[111.557,19.057],[112.048,18.94],[112.539,18.823],[113.004,18.783],[113.468,18.742],[113.931,18.7],[114.395,18.657],[114.858,18.612],[115.321,18.567],[115.784,18.52],[116.247,18.473],[116.746,18.48],[117.246,18.487],[117.746,18.492],[118.246,18.496],[118.747,18.498],[119.247,18.499],[119.747,18.499],[120.261,18.472],[120.775,18.443],[121.288,18.413],[121.802,18.382],[122.315,18.349],[122.829,18.315],[123.336,18.431]]}},{"type":"Feature","properties":{"boundary_type":"ridge","feature_type":"gpml:MidOceanRidge","polarity":null,"overriding_plate_id":null,"subducting_plate_id":null,"plate_ids":[530,801],"name":"Eastern Tethys mid ocean ridge based on Ana's model MS12"},"geometry":{"type":"LineString","coordinates":[[78.487,6.528],[78.917,6.281],[79.346,6.034],[79.775,5.786],[80.203,5.539],[80.631,5.291],[81.059,5.042],[81.486,4.794],[81.913,4.545],[82.34,4.296],[82.767,4.046],[83.193,3.797],[83.619,3.547],[84.045,3.297],[84.47,3.047],[84.896,2.796],[85.321,2.546],[85.746,2.295],[86.171,2.044],[86.595,1.794],[87.02,1.543],[87.444,1.292],[87.869,1.04],[88.293,0.789],[88.718,0.538],[89.142,0.287],[89.566,0.035],[89.99,-0.216],[90.415,-0.467],[90.839,-0.718],[91.263,-0.97],[91.688,-1.221],[92.112,-1.472],[92.537,-1.723],[92.961,-1.974],[93.386,-2.225],[93.811,-2.475],[94.236,-2.726],[94.661,-2.976],[95.087,-3.226],[95.513,-3.476],[95.778,-3.146],[96.044,-2.815],[96.31,-2.483],[96.723,-2.75],[97.136,-3.015],[97.55,-3.281],[97.964,-3.547],[98.378,-3.812],[98.792,-4.077],[99.207,-4.342],[99.622,-4.607],[100.037,-4.872],[100.452,-5.136],[100.868,-5.4],[101.284,-5.664],[101.701,-5.927],[102.118,-6.19],[102.535,-6.453],[102.953,-6.715],[103.371,-6.977],[103.79,-7.239],[104.209,-7.5],[104.629,-7.761],[104.879,-7.443],[105.128,-7.125],[105.377,-6.806],[105.626,-6.487],[106.031,-6.704],[106.437,-6.92],[106.843,-7.136],[107.25,-7.352],[107.657,-7.567],[108.064,-7.782],[108.472,-7.996],[108.88,-8.21],[109.289,-8.424],[109.698,-8.637],[110.108,-8.85],[110.465,-8.537],[110.821,-8.224],[111.177,-7.91],[111.533,-7.597],[111.887,-7.283],[112.242,-6.968],[112.596,-6.654],[113.071,-6.688],[113.547,-6.723],[114.023,-6.757],[114.499,-6.79],[114.975,-6.823],[115.451,-6.856],[115.927,-6.888],[116.403,-6.919],[116.879,-6.95],[117.355,-6.981],[117.832,-7.011],[118.308,-7.041],[118.784,-7.07],[119.261,-7.099],[119.738,-7.127],[120.214,-7.154],[120.432,-6.794],[120.649,-6.433],[120.866,-6.072],[121.358,-6.148],[121.849,-6.223],[122.34,-6.298],[122.832,-6.373],[123.324,-6.447],[123.816,-6.521],[124.308,-6.594],[124.8,-6.667],[125.292,-6.739],[125.785,-6.811],[126.277,-6.882],[126.77,-6.953],[127.263,-7.023],[127.756,-7.093],[128.249,-7.162],[128.743,-7.231],[129.236,-7.299]]}},{"type":"Feature","properties":{"boundary_type":"subduction","feature_type":"gpml:SubductionZone","polarity":"Right","overriding_plate_id":801,"subducting_plate_id":919,"plate_ids":[801,919],"name":"Eastern Gondwanaland subduction until 145 Ma"},"geometry":{"type":"LineString","coordinates":[[153.59,-53.161],[153.496,-53.604],[153.4,-54.046],[153.302,-54.489],[153.202,-54.932],[153.1,-55.374],[153.021,-55.822],[152.94,-56.27],[152.858,-56.719],[152.773,-57.167],[152.686,-57.615],[152.598,-58.063],[152.507,-58.511],[152.413,-58.958],[152.317,-59.406],[152.133,-59.884],[151.944,-60.362],[151.75,-60.84],[151.549,-61.317],[151.342,-61.794],[151.129,-62.271],[150.908,-62.748],[150.681,-63.224],[150.446,-63.699],[150.496,-64.184],[150.548,-64.669],[150.602,-65.154],[150.658,-65.639],[150.716,-66.124],[150.777,-66.609],[150.84,-67.094],[150.905,-67.579],[150.973,-68.064],[151.044,-68.549],[151.037,-69.022],[151.029,-69.494],[151.021,-69.967],[151.012,-70.439],[151.003,-70.912],[150.994,-71.385],[150.984,-71.857],[150.581,-72.229],[150.161,-72.599],[149.723,-72.969],[148.913,-73.273],[148.075,-73.574],[147.206,-73.872],[145.869,-74.205],[144.476,-74.53],[143.026,-74.846],[141.516,-75.152],[139.909,-75.441],[138.24,-75.719],[136.508,-75.984],[134.712,-76.236],[133.877,-76.411],[133.021,-76.583],[132.757,-77.056],[132.472,-77.528],[131.577,-77.903],[130.626,-78.274],[129.614,-78.642],[128.536,-79.007],[127.384,-79.367],[126.154,-79.723]]}},{"type":"Feature","properties":{"boundary_type":"other","feature_type":"gpml:ContinentalRift","polarity":null,"overriding_plate_id":null,"subducting_plate_id":null,"plate_ids":[101,18100],"name":"Arctic rifting"},"geometry":{"type":"LineString","coordinates":[[-7.141,67.385],[-5.986,67.374],[-4.832,67.355],[-3.681,67.328],[-2.532,67.292],[-1.376,67.306],[-0.219,67.311],[0.832,67.33],[1.884,67.343],[2.937,67.348],[4.015,67.367],[5.095,67.378],[6.176,67.383],[7.138,67.443],[8.104,67.497],[9.075,67.545],[9.459,67.575]]}},{"type":"Feature","properties":{"boundary_type":"transform","feature_type":"gpml:Transform","polarity":null,"overriding_plate_id":null,"subducting_plate_id":null,"plate_ids":[101,18100],"name":"Arctic Transform"},"geometry":{"type":"LineString","coordinates":[[-7.141,67.385],[-6.874,67.061],[-6.614,66.737],[-6.361,66.412],[-6.199,66.107],[-6.04,65.802]]}},{"type":"Feature","properties":{"boundary_type":"other","feature_type":"gpml:ContinentalRift","polarity":null,"overriding_plate_id":null,"subducting_plate_id":null,"plate_ids":[101,18100],"name":"Arctic rifting"},"geometry":{"type":"LineString","coordinates":[[-17.574,66.848],[-16.807,66.844],[-15.67,66.756],[-14.542,66.659],[-13.423,66.555],[-12.314,66.443],[-11.215,66.323],[-10.127,66.195],[-9.05,66.06],[-8.04,65.98],[-7.036,65.895],[-6.04,65.802]]}},{"type":"Feature","properties":{"boundary_type":"transform","feature_type":"gpml:Transform","polarity":null,"overriding_plate_id":null,"subducting_plate_id":null,"plate_ids":[101,18100],"name":"TRANSFORM"},"geometry":{"type":"LineString","coordinates":[[-18.461,68.366],[-18.265,68.104],[-18.073,67.842],[-17.902,67.511],[-17.736,67.18],[-17.574,66.848]]}},{"type":"Feature","properties":{"boundary_type":"other","feature_type":"gpml:ContinentalRift","polarity":null,"overriding_plate_id":null,"subducting_plate_id":null,"plate_ids":[101,18100],"name":"Arctic Canada Basin Ridge"},"geometry":{"type":"LineString","coordinates":[[-28.337,62.317],[-28.191,62.789],[-28.04,63.261],[-27.818,63.68],[-27.501,63.964],[-27.177,64.247],[-27.192,64.605],[-26.577,64.855],[-26.64,65.316],[-25.987,65.727],[-25.762,66.032],[-25.532,66.337],[-25.139,66.553],[-24.74,66.768],[-23.827,67.057],[-22.892,67.341],[-22.046,67.585],[-21.183,67.824],[-20.301,68.059],[-19.387,68.215],[-18.461,68.366]]}},{"type":"Feature","properties":{"boundary_type":"subduction","feature_type":"gpml:SubductionZone","polarity":"Right","overriding_plate_id":41200,"subducting_plate_id":902,"plate_ids":[902,41200],"name":"Uda-Murgal Subduction Preferred model GS"},"geometry":{"type":"LineString","coordinates":[[-61.931,67.791],[-62.761,67.898],[-63.599,68.0],[-64.852,68.147],[-66.12,68.284],[-67.404,68.411],[-68.701,68.529],[-69.954,68.619],[-71.216,68.7],[-72.488,68.771],[-73.767,68.833],[-75.052,68.885],[-76.249,69.048],[-77.464,69.203],[-78.695,69.348],[-79.943,69.485],[-80.828,69.781],[-81.738,70.073],[-82.674,70.359],[-83.636,70.641]]}},{"type":"Feature","properties":{"boundary_type":"subduction","feature_type":"gpml:SubductionZone","polarity":"Left","overriding_plate_id":41200,"subducting_plate_id":902,"plate_ids":[902,41200],"name":"Gravina arc"},"geometry":{"type":"LineString","coordinates":[[-61.931,67.791],[-61.75,67.365],[-61.576,66.938],[-61.408,66.511],[-61.246,66.084],[-61.089,65.657],[-60.937,65.229],[-60.79,64.802],[-60.599,64.389],[-60.412,63.975],[-60.232,63.562],[-60.056,63.148]]}},{"type":"Feature","properties":{"boundary_type":"subduction","feature_type":"gpml:SubductionZone","polarity":"Left","overriding_plate_id":101,"subducting_plate_id":902,"plate_ids":[101,902],"name":"Gravina arc"},"geometry":{"type":"LineString","coordinates":[[-60.056,63.148],[-59.891,62.747],[-59.476,62.467],[-59.069,62.186],[-58.669,61.904]]}},{"type":"Feature","properties":{"boundary_type":"subduction","feature_type":"gpml:SubductionZone","polarity":"Left","overriding_plate_id":16111,"subducting_plate_id":902,"plate_ids":[902,16111],"name":"Gravina arc"},"geometry":{"type":"LineString","coordinates":[[-58.669,61.904],[-58.202,61.566],[-57.744,61.226],[-57.297,60.884],[-56.858,60.541],[-56.429,60.197],[-55.802,59.87],[-55.187,59.541],[-54.584,59.209],[-53.993,58.874],[-53.413,58.536],[-53.134,58.113],[-52.861,57.689],[-52.595,57.264],[-52.334,56.839],[-52.08,56.413],[-52.111,55.931],[-52.141,55.448],[-52.17,54.966],[-52.198,54.483],[-52.226,54.001],[-52.307,53.522],[-52.386,53.043],[-52.463,52.564],[-52.539,52.084],[-52.485,51.632],[-52.433,51.179],[-52.382,50.726],[-52.332,50.273],[-52.282,49.821],[-52.234,49.368],[-52.186,48.915],[-51.97,48.446],[-51.759,47.977],[-51.55,47.507],[-51.346,47.037],[-51.145,46.567],[-50.832,46.177],[-50.523,45.786],[-50.218,45.394],[-49.918,45.001],[-49.621,44.607],[-49.329,44.213],[-48.913,43.966],[-48.5,43.718],[-48.09,43.468]]}},{"type":"Feature","properties":{"boundary_type":"subduction","feature_type":"gpml:SubductionZone","polarity":"Left","overriding_plate_id":41200,"subducting_plate_id":18100,"plate_ids":[18100,41200],"name":"Koyukuk Arc pre-reversal Subduction Zone  GS"},"geometry":{"type":"LineString","coordinates":[[-45.172,64.86],[-45.548,65.266],[-45.935,65.671],[-46.335,66.075],[-46.748,66.478],[-47.027,66.909],[-47.317,67.339],[-47.617,67.769],[-47.928,68.198],[-48.251,68.626],[-48.586,69.054],[-48.935,69.481],[-49.298,69.907],[-49.676,70.333],[-49.619,70.788],[-49.558,71.243],[-49.494,71.697],[-49.428,72.152],[-49.358,72.607],[-49.284,73.062],[-49.207,73.516],[-49.125,73.971],[-49.038,74.426],[-48.947,74.88],[-48.746,75.372],[-48.531,75.863],[-48.301,76.354],[-48.054,76.845],[-47.789,77.336]]}},{"type":"Feature","properties":{"boundary_type":"subduction","feature_type":"gpml:SubductionZone","polarity":"Left","overriding_plate_id":18100,"subducting_plate_id":41200,"plate_ids":[18100,41200],"name":"Nutesyn Arc Subduction Zone  GS"},"geometry":{"type":"LineString","coordinates":[[-0.003,80.427],[-0.835,80.443],[-3.357,80.407],[-5.855,80.353],[-8.321,80.282],[-10.747,80.193],[-12.988,80.069],[-15.171,79.931],[-17.293,79.779],[-19.351,79.614],[-21.342,79.436],[-23.585,79.172],[-25.719,78.893],[-27.747,78.6],[-29.672,78.293],[-31.499,77.974],[-32.442,77.567],[-33.326,77.157],[-34.156,76.744],[-34.936,76.329],[-35.672,75.911]]}},{"type":"Feature","properties":{"boundary_type":"transform","feature_type":"gpml:Transform","polarity":null,"overriding_plate_id":null,"subducting_plate_id":null,"plate_ids":[18100,41200],"name":"Transform Nutesyn-Koyukuk subduction zones"},"geometry":{"type":"LineString","coordinates":[[-35.672,75.911],[-36.517,76.019],[-37.96,76.246],[-39.45,76.464],[-40.987,76.672],[-42.571,76.872],[-44.201,77.061],[-45.976,77.205],[-47.789,77.336]]}},{"type":"Feature","properties":{"boundary_type":"subduction","feature_type":"gpml:SubductionZone","polarity":"Right","overriding_plate_id":301,"subducting_plate_id":41200,"plate_ids":[301,41200],"name":"Oloy subduction zone  GS"},"geometry":{"type":"LineString","coordinates":[[-80.647,87.532],[-78.997,87.038],[-77.818,86.543],[-76.935,86.046],[-76.248,85.549],[-75.7,85.051],[-75.337,84.574],[-75.032,84.098]]}},{"type":"Feature","properties":{"boundary_type":"subduction","feature_type":"gpml:SubductionZone","polarity":"Right","overriding_plate_id":43200,"subducting_plate_id":41200,"plate_ids":[41200,43200],"name":"Oloy subduction zone  GS"},"geometry":{"type":"LineString","coordinates":[[-75.032,84.098],[-74.78,83.637],[-74.563,83.177],[-74.373,82.716],[-75.196,82.336],[-75.942,81.956],[-76.621,81.574],[-77.241,81.191],[-78.478,80.76],[-79.606,80.325],[-80.637,79.887],[-81.583,79.446],[-82.454,79.003],[-83.294,78.611],[-84.079,78.218],[-84.814,77.822],[-85.503,77.425],[-85.785,76.961],[-86.048,76.498],[-86.293,76.034],[-86.523,75.57],[-86.739,75.106],[-86.62,74.673],[-86.506,74.239],[-86.399,73.806],[-86.855,73.366],[-87.288,72.925],[-87.7,72.483],[-88.092,72.04],[-88.118,71.579],[-88.142,71.117],[-88.166,70.655]]}},{"type":"Feature","properties":{"boundary_type":"subduction","feature_type":"gpml:SubductionZone","polarity":"Left","overriding_plate_id":null,"subducting_plate_id":null,"plate_ids":[301],"name":"Uda-Murgal Subduction Zone Test GS"},"geometry":{"type":"LineString","coordinates":[[178.603,74.135],[-179.99,74.447],[-178.528,74.749],[-177.235,74.965],[-175.905,75.175],[-174.539,75.376]]}},{"type":"Feature","properties":{"boundary_type":"subduction","feature_type":"gpml:SubductionZone","polarity":"Left","overriding_plate_id":301,"subducting_plate_id":926,"plate_ids":[301,926],"name":"Uda-Murgal Subduction Zone Test GS"},"geometry":{"type":"LineString","coordinates":[[-174.539,75.376],[-173.477,75.523],[-172.039,75.727],[-170.561,75.922],[-169.044,76.108],[-167.487,76.285],[-165.891,76.451],[-164.13,76.528],[-162.351,76.592],[-160.557,76.643],[-158.75,76.682],[-156.935,76.707],[-155.115,76.72],[-153.215,76.735],[-151.313,76.735],[-149.412,76.721],[-147.518,76.693],[-145.633,76.651],[-143.761,76.596],[-141.907,76.526],[-140.092,76.409],[-138.309,76.28],[-136.56,76.137],[-134.848,75.983],[-133.173,75.816],[-131.538,75.639],[-129.944,75.45],[-128.722,75.32],[-127.522,75.184],[-126.343,75.042]]}},{"type":"Feature","properties":{"boundary_type":"subduction","feature_type":"gpml:SubductionZone","polarity":"Left","overriding_plate_id":43200,"subducting_plate_id":926,"plate_ids":[926,43200],"name":"Uda-Murgal Subduction Zone Test GS"},"geometry":{"type":"LineString","coordinates":[[-126.343,75.042],[-124.793,74.841],[-123.284,74.63],[-121.816,74.41],[-120.388,74.18],[-119.25,73.843],[-118.158,73.501],[-117.109,73.154],[-116.102,72.801],[-115.134,72.444],[-114.204,72.082],[-113.309,71.715],[-112.449,71.345]]}},{"type":"Feature","properties":{"boundary_type":"subduction","feature_type":"gpml:SubductionZone","polarity":"Left","overriding_plate_id":43200,"subducting_plate_id":926,"plate_ids":[926,43200],"name":"Uda-Murgal Subduction Zone Test GS"},"geometry":{"type":"LineString","coordinates":[[-112.449,71.345],[-111.35,71.268],[-110.259,71.185],[-109.178,71.096]]}},{"type":"Feature","properties":{"boundary_type":"subduction","feature_type":"gpml:SubductionZone","polarity":"Left","overriding_plate_id":43200,"subducting_plate_id":902,"plate_ids":[902,43200],"name":"Uda-Murgal Subduction Zone Test GS"},"geometry":{"type":"LineString","coordinates":[[-109.178,71.096],[-107.716,70.964],[-106.275,70.82],[-104.8,70.802],[-103.329,70.773],[-101.863,70.732],[-100.404,70.679],[-98.954,70.614],[-97.514,70.539],[-96.088,70.58],[-94.657,70.609],[-93.223,70.628],[-91.787,70.635],[-90.35,70.631],[-89.259,70.646],[-88.166,70.655]]}},{"type":"Feature","properties":{"boundary_type":"subduction","feature_type":"gpml:SubductionZone","polarity":"Left","overriding_plate_id":41200,"subducting_plate_id":902,"plate_ids":[902,41200],"name":"Uda-Murgal Subduction Zone Test GS"},"geometry":{"type":"LineString","coordinates":[[-88.166,70.655],[-87.038,70.658],[-85.91,70.654],[-84.784,70.642],[-83.636,70.641]]}},{"type":"Feature","properties":{"boundary_type":"subduction","feature_type":"gpml:SubductionZone","polarity":"Left","overriding_plate_id":43200,"subducting_plate_id":301,"plate_ids":[301,43200],"name":"Oimyakon Subduction GS"},"geometry":{"type":"LineString","coordinates":[[-75.032,84.098],[-79.366,84.32],[-84.022,84.508],[-88.972,84.657],[-94.165,84.765],[-98.879,84.951],[-103.915,85.101],[-109.226,85.211],[-114.011,85.172],[-118.689,85.101],[-123.205,84.998],[-125.651,84.742],[-127.867,84.476],[-129.877,84.204],[-128.779,83.846],[-127.801,83.487],[-126.925,83.126],[-126.136,82.764],[-124.628,82.375],[-123.267,81.981],[-122.032,81.583],[-120.909,81.182],[-121.075,80.776],[-121.227,80.37],[-121.367,79.964],[-121.497,79.558],[-121.616,79.152],[-122.21,78.743],[-122.762,78.332],[-123.277,77.921],[-123.759,77.508],[-124.211,77.095],[-124.634,76.682],[-125.036,76.307],[-125.417,75.932],[-125.779,75.556],[-126.123,75.18],[-126.343,75.042]]}},{"type":"Feature","properties":{"boundary_type":"subduction","feature_type":"gpml:SubductionZone","polarity":"Left","overriding_plate_id":380,"subducting_plate_id":926,"plate_ids":[380,926],"name":"North Borneo subduction"},"geometry":{"type":"LineString","coordinates":[[153.296,8.646],[152.815,8.649],[152.334,8.652],[151.853,8.654],[151.423,8.912],[150.992,9.169],[150.561,9.426],[150.129,9.682],[149.697,9.938],[149.484,10.39],[149.272,10.842],[149.058,11.294],[148.967,11.732],[148.875,12.17],[148.783,12.608],[148.79,12.966],[148.797,13.325],[148.743,13.807],[148.688,14.289],[148.633,14.771],[148.578,15.253],[148.421,15.691],[148.262,16.129],[148.103,16.567]]}},{"type":"Feature","properties":{"boundary_type":"subduction","feature_type":"gpml:SubductionZone","polarity":"Left","overriding_plate_id":380,"subducting_plate_id":926,"plate_ids":[380,926],"name":"Proto South China Sea opening"},"geometry":{"type":"LineString","coordinates":[[148.103,16.567],[148.316,16.97],[148.529,17.373],[148.743,17.775],[148.958,18.177],[149.174,18.579],[149.392,18.981],[149.61,19.382],[149.829,19.783],[149.916,20.197],[150.004,20.61],[150.092,21.023],[150.181,21.437],[150.27,21.85],[150.359,22.263],[150.486,22.73],[150.613,23.197],[150.742,23.663],[150.871,24.13],[151.001,24.596],[151.132,25.063],[151.237,25.526],[151.342,25.989],[151.448,26.451],[151.555,26.914],[151.828,27.222]]}},{"type":"Feature","properties":{"boundary_type":"subduction","feature_type":"gpml:SubductionZone","polarity":"Left","overriding_plate_id":380,"subducting_plate_id":530,"plate_ids":[380,530],"name":"Sunda Jurassic-Cretaceous subduction"},"geometry":{"type":"LineString","coordinates":[[124.682,20.892],[125.023,20.625],[125.362,20.357],[125.701,20.089],[126.038,19.82],[126.374,19.55],[126.735,19.217],[127.094,18.884],[127.452,18.55],[127.809,18.215],[128.164,17.88],[128.518,17.544],[128.875,17.232],[129.231,16.92],[129.586,16.608],[129.94,16.295],[130.292,15.981],[130.643,15.666],[130.994,15.352],[131.387,15.09],[131.779,14.827],[132.17,14.564],[132.56,14.3],[132.949,14.035],[133.337,13.77],[133.725,13.504],[134.111,13.238],[134.56,13.05],[135.008,12.86],[135.456,12.67],[135.903,12.479],[136.349,12.288],[136.795,12.095],[137.239,11.902],[137.655,11.699],[138.07,11.496],[138.485,11.292],[138.898,11.087],[139.312,10.882],[139.724,10.676],[140.137,10.47]]}},{"type":"Feature","properties":{"boundary_type":"subduction","feature_type":"gpml:SubductionZone","polarity":"Left","overriding_plate_id":380,"subducting_plate_id":786,"plate_ids":[380,786],"name":"Sunda Jurassic-Cretaceous subduction"},"geometry":{"type":"LineString","coordinates":[[140.137,10.47],[140.541,10.267],[140.944,10.064],[141.347,9.86],[141.75,9.655],[142.152,9.45],[142.481,9.12],[142.81,8.79],[143.138,8.46],[143.465,8.129],[143.792,7.798],[144.119,7.467],[144.445,7.135],[144.781,6.86],[145.116,6.585],[145.451,6.309],[145.786,6.034],[146.12,5.758],[146.454,5.481]]}},{"type":"Feature","properties":{"boundary_type":"transform","feature_type":"gpml:Transform","polarity":null,"overriding_plate_id":null,"subducting_plate_id":null,"plate_ids":[380,530],"name":"Proto Andaman Sea transform"},"geometry":{"type":"LineString","coordinates":[[123.336,18.431],[123.558,18.842],[123.78,19.252],[124.004,19.663],[124.229,20.073],[124.455,20.482],[124.682,20.892]]}},{"type":"Feature","properties":{"boundary_type":"subduction","feature_type":"gpml:SubductionZone","polarity":"Left","overriding_plate_id":801,"subducting_plate_id":919,"plate_ids":[801,919],"name":"Panthalassa Subducting beneath Junction"},"geometry":{"type":"LineString","coordinates":[[143.348,-42.204],[143.517,-41.731],[143.683,-41.258],[143.846,-40.784],[144.008,-40.311],[144.167,-39.837],[144.324,-39.363],[144.479,-38.888],[144.632,-38.414],[144.782,-37.939],[144.931,-37.464],[145.078,-36.989],[145.223,-36.514],[145.367,-36.038],[145.508,-35.563],[145.648,-35.087],[145.787,-34.611],[145.923,-34.135],[146.059,-33.658],[146.192,-33.182],[146.325,-32.705],[146.456,-32.229],[146.585,-31.752],[146.713,-31.275],[146.84,-30.798],[146.966,-30.321],[147.09,-29.843],[147.214,-29.366],[147.336,-28.888]]}},{"type":"Feature","properties":{"boundary_type":"subduction","feature_type":"gpml:SubductionZone","polarity":"Left","overriding_plate_id":801,"subducting_plate_id":919,"plate_ids":[801,919],"name":"Panthalassa Subducting beneath Junction"},"geometry":{"type":"LineString","coordinates":[[147.336,-28.888],[147.45,-28.419],[147.563,-27.95],[147.676,-27.481],[147.787,-27.011],[147.897,-26.541],[148.007,-26.072],[148.115,-25.602],[148.223,-25.132],[148.33,-24.662],[148.436,-24.192]]}},{"type":"Feature","properties":{"boundary_type":"subduction","feature_type":"gpml:SubductionZone","polarity":"Left","overriding_plate_id":801,"subducting_plate_id":926,"plate_ids":[801,926],"name":"Panthalassa Subducting beneath Junction"},"geometry":{"type":"LineString","coordinates":[[148.436,-24.192],[148.541,-23.724],[148.646,-23.256],[148.749,-22.788],[148.852,-22.32],[148.954,-21.852],[149.055,-21.383],[149.156,-20.915],[149.256,-20.447],[149.355,-19.978],[149.454,-19.51],[149.553,-19.041],[149.651,-18.573]]}},{"type":"Feature","properties":{"boundary_type":"subduction","feature_type":"gpml:SubductionZone","polarity":"Left","overriding_plate_id":786,"subducting_plate_id":926,"plate_ids":[786,926],"name":"Panthalassa Subducting beneath Junction"},"geometry":{"type":"LineString","coordinates":[[149.651,-18.573],[149.748,-18.105],[149.844,-17.637],[149.94,-17.169],[150.036,-16.701],[150.131,-16.233],[150.225,-15.765],[150.32,-15.297],[150.413,-14.829],[150.507,-14.361],[150.6,-13.893],[150.692,-13.425],[150.785,-12.957],[150.877,-12.488],[150.968,-12.02],[151.059,-11.552],[151.176,-11.1],[151.292,-10.649],[151.408,-10.198],[151.523,-9.746],[151.639,-9.294],[151.753,-8.843],[151.868,-8.391],[151.982,-7.94],[152.096,-7.488],[152.156,-7.075]]}},{"type":"Feature","properties":{"boundary_type":"subduction","feature_type":"gpml:SubductionZone","polarity":"Left","overriding_plate_id":380,"subducting_plate_id":786,"plate_ids":[380,786],"name":"East Borneo subduction"},"geometry":{"type":"LineString","coordinates":[[146.454,5.481],[146.89,5.54],[147.326,5.599],[147.762,5.657],[148.198,5.715],[148.634,5.772],[149.071,5.83]]}},{"type":"Feature","properties":{"boundary_type":"subduction","feature_type":"gpml:SubductionZone","polarity":"Left","overriding_plate_id":380,"subducting_plate_id":926,"plate_ids":[380,926],"name":"East Borneo subduction"},"geometry":{"type":"LineString","coordinates":[[149.071,5.83],[149.53,5.889],[149.989,5.949],[150.449,6.008],[150.908,6.067],[151.368,6.125],[151.642,6.486],[151.917,6.846],[152.191,7.206],[152.467,7.566],[152.743,7.926],[153.019,8.286],[153.296,8.646]]}},{"type":"Feature","properties":{"boundary_type":"subduction","feature_type":"gpml:SubductionZone","polarity":"Right","overriding_plate_id":786,"subducting_plate_id":926,"plate_ids":[786,926],"name":"Junction SZ"},"geometry":{"type":"LineString","coordinates":[[149.071,5.83],[149.272,5.417],[149.474,5.004],[149.675,4.592],[149.875,4.179],[150.076,3.766],[150.276,3.353],[150.477,2.94],[150.677,2.527],[150.735,2.033],[150.794,1.539],[150.852,1.045],[150.91,0.551],[150.968,0.057],[151.027,-0.437],[151.085,-0.931],[151.143,-1.426],[151.201,-1.92],[151.26,-2.414],[151.318,-2.908],[151.377,-3.402],[151.435,-3.896],[151.494,-4.39],[151.552,-4.884],[151.611,-5.378],[151.67,-5.872],[151.832,-6.273],[151.994,-6.674],[152.156,-7.075]]}},{"type":"Feature","properties":{"boundary_type":"ridge","feature_type":"gpml:MidOceanRidge","polarity":null,"overriding_plate_id":null,"subducting_plate_id":null,"plate_ids":[101,706],"name":"MOR NAM - Africa"},"geometry":{"type":"LineString","coordinates":[[9.65,25.649],[9.258,25.43],[8.867,25.209],[8.478,24.987],[8.077,24.715],[7.677,24.442],[7.279,24.167],[7.065,24.378],[6.85,24.588],[6.579,24.403],[6.309,24.217],[6.232,24.285],[5.821,23.982],[5.412,23.679],[5.005,23.374],[4.6,23.069],[4.197,22.762],[4.06,22.867],[3.641,22.563],[3.223,22.258],[3.115,22.345],[2.888,22.306]]}},{"type":"Feature","properties":{"boundary_type":"ridge","feature_type":"gpml:MidOceanRidge","polarity":null,"overriding_plate_id":null,"subducting_plate_id":null,"plate_ids":[101,701],"name":"MOR NAM - Africa"},"geometry":{"type":"LineString","coordinates":[[2.888,22.306],[2.436,22.228],[1.985,22.148],[1.535,22.068],[1.085,21.986],[0.636,21.903],[0.402,22.097],[0.053,21.859],[-0.295,21.62],[-0.642,21.381],[-0.987,21.14],[-1.332,20.9],[-1.591,21.115],[-1.958,20.927],[-2.325,20.738],[-2.69,20.548],[-3.054,20.358],[-3.1,20.392],[-3.484,20.139],[-3.866,19.885],[-4.248,19.631],[-4.546,19.879],[-4.855,19.616],[-5.163,19.351],[-5.118,19.301],[-5.4,18.951],[-5.682,18.6],[-5.963,18.249],[-6.242,17.897],[-6.54,17.567],[-6.837,17.237],[-7.133,16.906],[-6.871,16.692],[-7.113,16.348],[-7.355,16.004],[-7.595,15.659],[-7.805,15.313],[-8.015,14.967],[-8.224,14.62],[-8.432,14.273],[-8.313,14.167],[-8.633,13.85],[-8.951,13.533],[-9.269,13.216],[-9.11,13.085],[-9.339,12.851],[-9.569,12.616],[-9.266,12.37],[-9.569,12.042],[-9.872,11.713],[-10.174,11.384],[-10.475,11.055],[-10.775,10.725],[-11.075,10.395],[-10.786,10.171],[-10.498,9.947],[-10.709,9.671],[-10.921,9.395],[-11.132,9.12],[-10.798,8.847],[-10.465,8.574],[-10.132,8.3],[-10.383,7.963],[-10.633,7.626],[-10.884,7.288],[-11.185,7.034],[-11.486,6.78]]}},{"type":"Feature","properties":{"boundary_type":"ridge","feature_type":"gpml:MidOceanRidge","polarity":null,"overriding_plate_id":null,"subducting_plate_id":null,"plate_ids":[786,801],"name":"Junction MOR"},"geometry":{"type":"LineString","coordinates":[[133.742,1.411],[134.096,1.062],[134.449,0.713],[134.802,0.364],[135.155,0.016],[135.508,-0.333],[135.862,-0.682],[136.215,-1.031],[136.551,-1.361],[136.886,-1.692],[137.222,-2.022],[137.558,-2.353],[137.895,-2.683],[138.231,-3.013],[138.568,-3.343],[138.905,-3.673],[139.242,-4.003],[139.579,-4.333],[139.297,-4.581],[139.015,-4.83],[138.733,-5.079],[139.077,-5.416],[139.422,-5.753],[139.767,-6.09],[140.113,-6.427],[140.459,-6.764],[140.805,-7.1],[141.152,-7.436],[141.499,-7.772],[141.848,-8.107],[142.196,-8.442],[142.545,-8.777],[142.895,-9.112],[143.246,-9.446],[142.95,-9.73],[142.654,-10.013],[142.358,-10.296],[142.696,-10.627],[143.036,-10.957],[143.376,-11.286],[143.716,-11.615],[144.058,-11.944],[144.4,-12.273],[144.744,-12.6],[145.088,-12.928],[145.433,-13.255],[145.779,-13.582],[146.126,-13.908],[146.474,-14.233],[146.823,-14.559],[147.173,-14.883],[147.524,-15.207],[147.191,-15.497],[146.858,-15.786],[146.523,-16.075],[146.91,-16.39],[147.297,-16.704],[147.686,-17.017],[148.076,-17.33],[148.468,-17.642],[148.861,-17.953],[149.255,-18.263],[149.651,-18.573]]}},{"type":"Feature","properties":{"boundary_type":"transform","feature_type":"gpml:Transform","polarity":null,"overriding_plate_id":null,"subducting_plate_id":null,"plate_ids":[301,701],"name":"MezoTethys transform from 180Ma"},"geometry":{"type":"LineString","coordinates":[[52.28,13.214],[52.625,13.531],[52.971,13.848],[53.318,14.164],[53.666,14.48],[54.015,14.795],[54.365,15.11],[54.715,15.424],[55.067,15.738],[55.42,16.051],[55.775,16.363],[56.13,16.675],[56.486,16.986],[56.844,17.297],[57.054,17.738],[57.265,18.178],[57.477,18.618],[57.69,19.058],[57.904,19.498],[58.119,19.937],[58.336,20.376],[58.554,20.815],[58.773,21.253],[58.993,21.692],[59.215,22.13],[59.438,22.567]]}},{"type":"Feature","properties":{"boundary_type":"transform","feature_type":"gpml:Transform","polarity":null,"overriding_plate_id":null,"subducting_plate_id":null,"plate_ids":[301,530],"name":"MezoTethys transform from 180Ma"},"geometry":{"type":"LineString","coordinates":[[59.438,22.567],[59.642,22.965],[59.848,23.362],[60.054,23.759],[60.262,24.156],[60.471,24.552],[60.681,24.948],[60.893,25.344],[61.083,25.793],[61.275,26.241],[61.469,26.689],[61.664,27.137],[61.86,27.584],[62.058,28.031],[62.258,28.478],[62.459,28.925],[62.663,29.371],[62.868,29.817],[63.075,30.263],[63.283,30.708],[63.494,31.153],[63.707,31.598],[63.921,32.042],[64.138,32.486],[64.357,32.93],[64.578,33.373],[64.801,33.816]]}},{"type":"Feature","properties":{"boundary_type":"ridge","feature_type":"gpml:MidOceanRidge","polarity":null,"overriding_plate_id":null,"subducting_plate_id":null,"plate_ids":[530,701],"name":"Vardar Ocean"},"geometry":{"type":"LineString","coordinates":[[59.438,22.567],[59.766,22.367],[60.092,22.167],[60.513,21.898],[60.933,21.627],[61.351,21.356],[61.767,21.083],[62.182,20.81],[62.596,20.535],[63.008,20.26],[63.418,19.984],[63.827,19.706],[64.235,19.428],[64.641,19.149],[65.046,18.869],[65.449,18.588],[65.851,18.306],[66.252,18.023],[66.516,18.339],[66.781,18.655],[67.047,18.97],[67.315,19.284],[67.737,19.006],[68.159,18.727],[68.579,18.446],[68.998,18.165],[69.415,17.883],[69.831,17.6],[70.246,17.316],[70.66,17.032],[71.072,16.746],[71.483,16.46],[71.893,16.173],[72.301,15.885],[72.709,15.596],[73.115,15.307],[73.52,15.017],[73.924,14.726],[74.327,14.434],[74.729,14.142],[75.13,13.849],[75.53,13.556],[75.929,13.262],[76.327,12.967],[76.724,12.671],[77.12,12.375],[77.515,12.079],[77.909,11.782],[78.303,11.484],[78.695,11.186],[79.087,10.887],[79.478,10.588],[79.868,10.288],[80.258,9.988],[80.624,9.713],[80.99,9.437]]}},{"type":"Feature","properties":{"boundary_type":"other","feature_type":"gpml:ContinentalRift","polarity":null,"overriding_plate_id":null,"subducting_plate_id":null,"plate_ids":[101,16111],"name":"Alexander-NAM rift (Gravina Basin)"},"geometry":{"type":"LineString","coordinates":[[-58.669,61.904],[-57.745,61.827],[-56.827,61.743],[-55.913,61.654],[-55.005,61.558],[-54.102,61.456],[-53.206,61.349],[-52.316,61.235],[-51.568,60.982],[-50.832,60.725],[-50.108,60.464],[-49.396,60.199],[-49.074,59.786],[-48.76,59.372],[-48.454,58.957],[-48.155,58.542],[-48.093,58.155],[-48.031,57.768],[-47.971,57.381],[-47.913,56.994],[-47.872,56.544],[-47.832,56.094],[-47.793,55.645],[-47.754,55.195],[-47.717,54.745],[-47.68,54.295],[-47.645,53.846],[-47.582,53.402],[-47.52,52.959],[-47.46,52.516],[-47.4,52.072],[-47.342,51.629],[-47.285,51.186],[-47.23,50.742],[-47.175,50.299],[-47.016,49.831],[-46.861,49.364],[-46.708,48.896],[-46.558,48.427],[-46.411,47.959],[-46.266,47.491],[-46.204,47.051],[-46.143,46.611],[-46.083,46.17],[-46.023,45.73],[-45.965,45.29],[-45.907,44.85],[-45.851,44.41],[-46.183,44.089],[-46.511,43.768],[-46.943,43.547],[-47.371,43.325],[-47.831,43.238],[-48.289,43.15]]}},{"type":"Feature","properties":{"boundary_type":"other","feature_type":"gpml:Fault","polarity":null,"overriding_plate_id":null,"subducting_plate_id":null,"plate_ids":[101,41200],"name":"NW NAM-Arctic boundary"},"geometry":{"type":"LineString","coordinates":[[-60.056,63.148],[-59.114,63.362],[-58.158,63.57],[-57.189,63.772],[-56.206,63.967],[-55.209,64.155],[-54.199,64.336],[-53.175,64.51],[-52.058,64.611],[-50.932,64.703],[-49.8,64.787],[-48.66,64.862],[-47.515,64.928],[-46.364,64.985],[-45.767,64.924],[-45.172,64.86]]}},{"type":"Feature","properties":{"boundary_type":"other","feature_type":"gpml:Fault","polarity":null,"overriding_plate_id":null,"subducting_plate_id":null,"plate_ids":[101,18100],"name":"NW NAM-Arctic boundary"},"geometry":{"type":"LineString","coordinates":[[-45.172,64.86],[-44.043,64.732],[-42.925,64.595],[-41.818,64.45],[-40.724,64.297],[-39.642,64.136],[-38.572,63.966],[-37.516,63.789],[-36.473,63.605],[-35.418,63.47],[-34.373,63.327],[-33.339,63.177],[-32.316,63.019],[-31.304,62.854],[-30.303,62.682],[-29.314,62.503],[-28.337,62.317]]}},{"type":"Feature","properties":{"boundary_type":"transform","feature_type":"gpml:Transform","polarity":null,"overriding_plate_id":null,"subducting_plate_id":null,"plate_ids":[301,41200],"name":"Arctic-Siberian transform"},"geometry":{"type":"LineString","coordinates":[[-80.647,87.532],[-69.19,87.553],[-57.987,87.477],[-47.8,87.312],[-39.03,87.073],[-31.724,86.776],[-25.727,86.437],[-20.816,86.065],[-17.598,85.683],[-14.91,85.289],[-12.639,84.887],[-10.702,84.478],[-9.032,84.064],[-7.581,83.645],[-6.309,83.222],[-5.186,82.797]]}},{"type":"Feature","properties":{"boundary_type":"transform","feature_type":"gpml:Transform","polarity":null,"overriding_plate_id":null,"subducting_plate_id":null,"plate_ids":[301,380],"name":"Eurasia-Mongol Okhotsk transform"},"geometry":{"type":"LineString","coordinates":[[89.562,29.147],[89.671,29.586],[89.78,30.025],[89.891,30.464],[89.866,30.951],[89.841,31.437],[89.815,31.923],[89.789,32.409],[89.763,32.896],[89.736,33.382],[89.709,33.868],[89.682,34.354],[89.655,34.841],[89.627,35.327],[89.599,35.813],[89.57,36.299]]}},{"type":"Feature","properties":{"boundary_type":"subduction","feature_type":"gpml:SubductionZone","polarity":"Right","overriding_plate_id":380,"subducting_plate_id":926,"plate_ids":[380,926],"name":"East Asia subduction 250-150 Ma"},"geometry":{"type":"LineString","coordinates":[[176.181,51.63],[175.463,51.538],[174.748,51.442],[174.035,51.342],[173.326,51.238],[172.78,51.013],[172.238,50.785],[171.702,50.555],[171.172,50.323],[170.646,50.088],[170.038,49.835],[169.436,49.579],[168.84,49.32],[168.45,49.199],[168.061,49.076],[167.556,48.919],[167.055,48.759],[166.557,48.598],[166.039,48.353],[165.526,48.106],[165.011,47.834],[164.502,47.56],[163.997,47.283],[163.499,47.004],[163.423,46.537],[163.349,46.069],[163.276,45.602],[163.204,45.134],[163.134,44.667],[162.953,44.235],[162.775,43.804],[162.6,43.372],[162.427,42.94],[162.169,42.512],[161.915,42.083],[161.664,41.654],[161.416,41.224],[161.172,40.794],[160.922,40.457],[160.675,40.119],[160.317,39.773],[159.962,39.426],[159.478,39.193],[158.997,38.959],[158.52,38.722],[158.046,38.483],[157.648,38.351],[157.317,37.991],[156.989,37.631],[156.665,37.269],[156.343,36.907],[156.025,36.544],[155.709,36.18],[155.397,35.815],[155.27,35.362],[155.144,34.91],[155.02,34.457],[154.897,34.004],[154.775,33.55],[154.655,33.097],[154.536,32.644],[154.418,32.19],[154.301,31.736],[153.978,31.367],[153.657,30.996],[153.338,30.625],[153.022,30.253],[152.708,29.88],[152.397,29.506],[152.088,29.132],[152.022,28.655],[151.957,28.177],[151.892,27.7],[151.828,27.222]]}},{"type":"Feature","properties":{"boundary_type":"ridge","feature_type":"gpml:MidOceanRidge","polarity":null,"overriding_plate_id":null,"subducting_plate_id":null,"plate_ids":[902,926],"name":"MOR Farallon-Izanagi"},"geometry":{"type":"LineString","coordinates":[[-128.461,0.347],[-128.417,0.818],[-128.374,1.29],[-128.331,1.762],[-128.287,2.233],[-128.244,2.705],[-128.201,3.176],[-128.157,3.648],[-128.086,4.141],[-128.014,4.634],[-127.942,5.127],[-127.87,5.62],[-127.798,6.113],[-127.726,6.606],[-127.653,7.098],[-127.581,7.591],[-127.508,8.084],[-127.435,8.577],[-127.362,9.07],[-127.289,9.563],[-127.215,10.056],[-127.141,10.548],[-127.067,11.041],[-126.993,11.534],[-126.919,12.027],[-126.844,12.519],[-126.769,13.012],[-126.694,13.505],[-126.618,13.997],[-126.542,14.49],[-126.466,14.983],[-126.389,15.475],[-126.312,15.968],[-126.235,16.46],[-126.157,16.953],[-126.079,17.445],[-126.0,17.938],[-125.921,18.43],[-125.439,18.385],[-124.957,18.338],[-124.476,18.29],[-123.994,18.241],[-123.513,18.191],[-123.033,18.14],[-122.552,18.087],[-122.072,18.033],[-121.592,17.978],[-121.513,18.466],[-121.434,18.953],[-121.354,19.44],[-121.273,19.928],[-121.192,20.415],[-121.111,20.902],[-121.029,21.39],[-120.947,21.877],[-120.863,22.364],[-120.78,22.851],[-120.696,23.338],[-120.611,23.825],[-120.525,24.312],[-120.439,24.799],[-120.352,25.286],[-120.265,25.773],[-120.176,26.26],[-120.087,26.746],[-119.998,27.233],[-119.907,27.72],[-119.816,28.206],[-119.724,28.693],[-119.63,29.179],[-119.536,29.665],[-119.442,30.152],[-119.346,30.638],[-119.249,31.124],[-119.151,31.61],[-119.052,32.096],[-118.953,32.582],[-118.852,33.068],[-118.75,33.554],[-118.646,34.039],[-118.542,34.525],[-118.436,35.01],[-118.329,35.496],[-118.221,35.981],[-118.112,36.466],[-118.001,36.951],[-117.888,37.436],[-117.775,37.921],[-117.659,38.406],[-118.276,38.488],[-118.894,38.567],[-119.513,38.643],[-119.395,39.122],[-119.275,39.601],[-119.153,40.081],[-119.03,40.56],[-118.905,41.039],[-118.778,41.518],[-118.649,41.996],[-118.518,42.475],[-118.385,42.953],[-118.25,43.432],[-118.113,43.91],[-117.974,44.388],[-117.832,44.865],[-117.688,45.343],[-117.542,45.82],[-117.393,46.297],[-117.241,46.774],[-117.087,47.251],[-116.93,47.728],[-116.77,48.204],[-116.607,48.68],[-115.958,48.617],[-115.311,48.55],[-114.666,48.479],[-114.023,48.405],[-113.382,48.327],[-113.219,48.81],[-113.052,49.292],[-112.883,49.775],[-112.71,50.257],[-112.533,50.738],[-112.353,51.22],[-112.169,51.701],[-111.981,52.182],[-111.789,52.663],[-111.593,53.143],[-111.392,53.623],[-111.187,54.102],[-110.976,54.582],[-110.761,55.061],[-110.541,55.539],[-110.315,56.017],[-111.195,56.104],[-112.08,56.185],[-112.967,56.26],[-113.859,56.328],[-113.721,56.814],[-113.58,57.299],[-113.435,57.784],[-113.286,58.269],[-113.132,58.754],[-112.975,59.239],[-112.813,59.723],[-112.646,60.207],[-112.474,60.691],[-112.297,61.175],[-112.115,61.659],[-111.926,62.142],[-111.732,62.625],[-111.531,63.108],[-111.323,63.59],[-111.109,64.072],[-110.886,64.554],[-110.656,65.036],[-110.417,65.517],[-111.466,65.745],[-112.534,65.966],[-113.619,66.179],[-114.723,66.384],[-114.309,66.819],[-113.879,67.253],[-113.433,67.686],[-112.971,68.118],[-112.491,68.548],[-111.992,68.977],[-111.474,69.404],[-110.935,69.83],[-110.373,70.254],[-109.788,70.676],[-109.178,71.096]]}},{"type":"Feature","properties":{"boundary_type":"ridge","feature_type":"gpml:MidOceanRidge","polarity":null,"overriding_plate_id":null,"subducting_plate_id":null,"plate_ids":[919,926],"name":"PHX-IZA"},"geometry":{"type":"LineString","coordinates":[[-151.619,-21.583],[-151.758,-21.129],[-151.896,-20.675],[-152.033,-20.221],[-152.169,-19.766],[-152.655,-19.907],[-153.143,-20.046],[-153.631,-20.184],[-154.12,-20.321],[-154.611,-20.456],[-155.102,-20.59],[-155.593,-20.723],[-156.086,-20.854],[-156.58,-20.983],[-157.074,-21.112],[-157.569,-21.238],[-158.065,-21.364],[-158.562,-21.488],[-159.06,-21.61],[-159.559,-21.731],[-160.058,-21.85],[-160.558,-21.968],[-161.059,-22.085],[-161.561,-22.2],[-162.064,-22.313],[-162.568,-22.425],[-162.712,-21.952],[-162.855,-21.48],[-162.997,-21.007],[-163.138,-20.534],[-163.635,-20.697],[-164.133,-20.859],[-164.632,-21.02],[-165.132,-21.179],[-165.633,-21.337],[-166.135,-21.493],[-166.638,-21.648],[-167.143,-21.801],[-167.648,-21.953],[-168.155,-22.103],[-168.662,-22.251],[-169.171,-22.398],[-169.681,-22.544],[-170.191,-22.687],[-170.703,-22.83],[-171.216,-22.97],[-171.73,-23.109],[-172.245,-23.246],[-172.761,-23.382],[-173.278,-23.515],[-173.373,-23.023],[-173.467,-22.531],[-173.561,-22.038],[-173.654,-21.546],[-174.16,-21.705],[-174.667,-21.862],[-175.176,-22.018],[-175.686,-22.172],[-176.196,-22.325],[-176.708,-22.476],[-177.221,-22.625],[-177.735,-22.773],[-178.251,-22.919],[-178.767,-23.063],[-179.284,-23.206],[-179.803,-23.347],[179.677,-23.486],[179.157,-23.624],[178.635,-23.76],[178.112,-23.894],[177.588,-24.026],[177.063,-24.157],[176.537,-24.286],[176.01,-24.412],[175.482,-24.538],[174.952,-24.661],[174.422,-24.782],[173.891,-24.902],[173.358,-25.019],[172.825,-25.135],[172.29,-25.249],[171.755,-25.361],[171.219,-25.471],[171.17,-24.995],[171.121,-24.519],[171.073,-24.042],[171.026,-23.566],[170.978,-23.09],[170.458,-23.185],[169.937,-23.277],[169.415,-23.368],[168.892,-23.458],[168.369,-23.545],[167.845,-23.631],[167.321,-23.715],[166.795,-23.797],[166.269,-23.878],[165.743,-23.956],[165.215,-24.033],[164.688,-24.108],[164.159,-24.182],[163.63,-24.253],[163.1,-24.323],[162.57,-24.39],[162.039,-24.456],[161.508,-24.52],[160.976,-24.583],[160.444,-24.643],[159.911,-24.701],[159.378,-24.758],[158.844,-24.813],[158.309,-24.865],[157.775,-24.916],[157.239,-24.965],[156.704,-25.012],[156.168,-25.057],[155.631,-25.101],[155.094,-25.142],[154.557,-25.181],[154.02,-25.219],[153.988,-24.829],[153.957,-24.439],[153.926,-24.05],[153.895,-23.66],[153.4,-23.716],[152.906,-23.771],[152.411,-23.824],[151.915,-23.876],[151.419,-23.926],[150.923,-23.974],[150.426,-24.021],[149.929,-24.066],[149.432,-24.11],[148.934,-24.152],[148.436,-24.192]]}},{"type":"Feature","properties":{"boundary_type":"ridge","feature_type":"gpml:MidOceanRidge","polarity":null,"overriding_plate_id":null,"subducting_plate_id":null,"plate_ids":[901,902],"name":"MOR Pacific-Farallon"},"geometry":{"type":"LineString","coordinates":[[-128.925,-0.034],[-128.608,-0.286],[-128.291,-0.537],[-127.974,-0.788],[-127.658,-1.039],[-127.308,-1.389],[-126.959,-1.738],[-126.609,-2.088],[-126.259,-2.437],[-125.909,-2.786],[-125.559,-3.135],[-125.208,-3.484],[-124.858,-3.833],[-124.507,-4.181],[-124.155,-4.53],[-123.804,-4.878],[-123.452,-5.226],[-123.099,-5.574],[-122.746,-5.922],[-122.393,-6.269],[-122.039,-6.616],[-121.866,-6.465],[-121.601,-6.719],[-121.336,-6.973],[-121.07,-7.227],[-120.813,-7.0],[-120.455,-7.328],[-120.096,-7.655],[-119.737,-7.982],[-119.378,-8.309],[-119.018,-8.636],[-118.657,-8.962],[-118.295,-9.288],[-117.933,-9.614],[-117.57,-9.939],[-117.207,-10.264],[-116.842,-10.588],[-116.477,-10.912],[-116.111,-11.236],[-115.744,-11.559],[-115.377,-11.881],[-115.008,-12.204],[-114.639,-12.525],[-114.269,-12.846],[-113.898,-13.167],[-113.525,-13.487],[-113.152,-13.807],[-112.782,-14.154],[-112.41,-14.5],[-112.037,-14.846],[-111.663,-15.191],[-111.288,-15.536],[-110.911,-15.88],[-110.534,-16.223],[-110.154,-16.566],[-109.774,-16.908],[-109.392,-17.25],[-109.009,-17.59],[-108.624,-17.93],[-108.238,-18.269],[-107.85,-18.607]]}},{"type":"Feature","properties":{"boundary_type":"ridge","feature_type":"gpml:MidOceanRidge","polarity":null,"overriding_plate_id":null,"subducting_plate_id":null,"plate_ids":[902,919],"name":"MOR Pacific-Farallon"},"geometry":{"type":"LineString","coordinates":[[-107.85,-18.607],[-107.501,-18.91],[-107.151,-19.212]]}},{"type":"Feature","properties":{"boundary_type":"ridge","feature_type":"gpml:MidOceanRidge","polarity":null,"overriding_plate_id":null,"subducting_plate_id":null,"plate_ids":[901,919],"name":"MOR Pacific-Phoenix"},"geometry":{"type":"LineString","coordinates":[[-107.85,-18.607],[-108.356,-18.69],[-108.861,-18.771],[-109.368,-18.851],[-109.875,-18.93],[-110.382,-19.007],[-110.89,-19.083],[-111.407,-19.171],[-111.926,-19.257],[-112.445,-19.341],[-112.965,-19.424],[-113.485,-19.506],[-114.005,-19.586],[-114.526,-19.664],[-115.048,-19.741],[-115.57,-19.817],[-116.093,-19.891],[-116.59,-19.984],[-117.087,-20.075],[-117.585,-20.165],[-118.084,-20.254],[-118.583,-20.342],[-118.521,-20.747],[-118.457,-21.153],[-118.394,-21.559],[-118.852,-21.639],[-119.311,-21.719],[-119.77,-21.797],[-120.23,-21.873],[-120.172,-22.267],[-120.114,-22.661],[-120.055,-23.055],[-120.562,-23.137],[-121.071,-23.218],[-121.579,-23.297],[-122.088,-23.374],[-122.598,-23.45],[-123.109,-23.524],[-123.62,-23.597],[-124.131,-23.667],[-124.238,-23.271],[-124.344,-22.875],[-124.878,-22.907],[-125.413,-22.938],[-125.948,-22.966],[-126.484,-22.993],[-127.019,-23.019],[-127.555,-23.042],[-128.091,-23.064],[-128.627,-23.083],[-129.163,-23.101],[-129.699,-23.117],[-130.236,-23.132],[-130.772,-23.144],[-131.192,-23.153],[-131.612,-23.16],[-132.031,-23.166],[-132.451,-23.171],[-132.817,-23.175],[-133.182,-23.178],[-133.596,-23.18],[-134.01,-23.181],[-134.423,-23.181],[-134.837,-23.18],[-135.293,-23.177],[-135.749,-23.173],[-136.205,-23.168],[-136.661,-23.162],[-137.117,-23.154],[-137.635,-23.131],[-138.153,-23.107],[-138.67,-23.081],[-139.187,-23.054],[-139.704,-23.024],[-140.221,-22.993],[-140.738,-22.961],[-141.254,-22.927],[-141.77,-22.891],[-142.286,-22.853],[-142.801,-22.814],[-143.316,-22.773],[-143.831,-22.73],[-144.346,-22.686],[-144.86,-22.64],[-145.374,-22.593],[-145.887,-22.544],[-146.4,-22.493],[-146.913,-22.441],[-147.444,-22.434],[-147.976,-22.426],[-148.507,-22.416],[-149.038,-22.404],[-149.569,-22.391],[-150.099,-22.376],[-150.63,-22.359],[-151.161,-22.34],[-151.691,-22.32],[-152.071,-22.306],[-152.45,-22.291],[-152.83,-22.276]]}},{"type":"Feature","properties":{"boundary_type":"ridge","feature_type":"gpml:MidOceanRidge","polarity":null,"overriding_plate_id":null,"subducting_plate_id":null,"plate_ids":[902,926],"name":"IZA-PAC MOR"},"geometry":{"type":"LineString","coordinates":[[-128.461,0.347],[-128.693,0.156],[-128.925,-0.034]]}},{"type":"Feature","properties":{"boundary_type":"ridge","feature_type":"gpml:MidOceanRidge","polarity":null,"overriding_plate_id":null,"subducting_plate_id":null,"plate_ids":[901,926],"name":"IZA-PAC MOR"},"geometry":{"type":"LineString","coordinates":[[-128.925,-0.034],[-129.263,-0.311],[-129.6,-0.589],[-129.938,-0.866],[-130.276,-1.143],[-130.614,-1.42],[-130.987,-1.701],[-131.36,-1.981],[-131.733,-2.262],[-132.106,-2.542],[-132.479,-2.823],[-132.853,-3.103],[-133.227,-3.383],[-133.601,-3.663],[-133.975,-3.943],[-134.349,-4.223],[-134.724,-4.502],[-135.099,-4.782],[-135.474,-5.061],[-135.85,-5.34],[-135.54,-5.729],[-135.229,-6.119],[-134.918,-6.508],[-134.606,-6.896],[-134.293,-7.285],[-133.981,-7.674],[-133.667,-8.062],[-133.353,-8.45],[-133.039,-8.838],[-133.431,-9.135],[-133.824,-9.431],[-134.218,-9.727],[-134.612,-10.023],[-135.007,-10.319],[-135.403,-10.613],[-135.8,-10.908],[-136.197,-11.201],[-136.596,-11.495],[-136.995,-11.788],[-137.395,-12.08],[-137.795,-12.371],[-138.197,-12.662],[-138.6,-12.953],[-139.003,-13.243],[-139.408,-13.532],[-139.813,-13.82],[-140.22,-14.108],[-140.627,-14.395],[-141.036,-14.682],[-141.445,-14.967],[-141.856,-15.252],[-142.268,-15.537],[-142.595,-15.772],[-142.923,-16.006],[-143.252,-16.24],[-143.629,-16.508],[-144.007,-16.775],[-144.385,-17.041],[-144.797,-17.331],[-145.21,-17.619],[-145.625,-17.907],[-146.041,-18.194],[-146.462,-18.461],[-146.884,-18.726],[-147.307,-18.991],[-147.732,-19.255],[-148.158,-19.518],[-148.586,-19.78],[-149.015,-20.041],[-149.445,-20.3],[-149.877,-20.559],[-150.31,-20.817],[-150.745,-21.073],[-151.181,-21.329],[-151.619,-21.583]]}},{"type":"Feature","properties":{"boundary_type":"ridge","feature_type":"gpml:MidOceanRidge","polarity":null,"overriding_plate_id":null,"subducting_plate_id":null,"plate_ids":[901,919],"name":"IZA-PAC MOR"},"geometry":{"type":"LineString","coordinates":[[-151.619,-21.583],[-152.022,-21.815],[-152.425,-22.046],[-152.83,-22.276]]}},{"type":"Feature","properties":{"boundary_type":"other","feature_type":"gpml:ContinentalRift","polarity":null,"overriding_plate_id":null,"subducting_plate_id":null,"plate_ids":[701,2035],"name":"NAM - SAM rift"},"geometry":{"type":"LineString","coordinates":[[-44.772,0.493],[-44.326,0.642],[-43.881,0.79],[-43.435,0.939],[-42.989,1.088],[-42.544,1.236],[-42.098,1.385],[-41.652,1.533],[-41.206,1.682],[-40.76,1.83],[-40.314,1.978],[-39.878,2.067],[-39.443,2.155],[-39.007,2.244],[-38.571,2.332],[-38.135,2.421],[-37.699,2.509],[-37.263,2.597],[-36.827,2.685],[-36.52,3.044],[-36.212,3.403],[-35.905,3.762],[-35.8,4.19],[-35.695,4.619],[-35.59,5.047],[-35.485,5.476],[-35.38,5.904],[-35.064,6.161],[-34.747,6.417],[-34.43,6.674],[-34.113,6.93],[-33.716,7.002],[-33.319,7.073],[-32.922,7.145],[-32.525,7.216],[-32.128,7.286],[-31.959,7.279]]}},{"type":"Feature","properties":{"boundary_type":"other","feature_type":"gpml:ContinentalRift","polarity":null,"overriding_plate_id":null,"subducting_plate_id":null,"plate_ids":[205,701],"name":"NAM - SAM rift"},"geometry":{"type":"LineString","coordinates":[[-31.959,7.279],[-31.476,7.259],[-30.993,7.239],[-30.51,7.218],[-30.09,7.175],[-29.671,7.131],[-29.252,7.088],[-28.833,7.044],[-28.332,7.064],[-27.831,7.084],[-27.331,7.103],[-26.83,7.122],[-26.328,7.141],[-25.826,7.159],[-25.324,7.176],[-24.822,7.193],[-24.441,7.242],[-24.059,7.291],[-23.677,7.34],[-23.294,7.388],[-22.887,7.365],[-22.48,7.342],[-22.073,7.319],[-21.666,7.295],[-21.237,7.266],[-20.808,7.236],[-20.379,7.206],[-19.95,7.176],[-19.521,7.127],[-19.092,7.077],[-18.663,7.027]]}},{"type":"Feature","properties":{"boundary_type":"other","feature_type":"gpml:ContinentalRift","polarity":null,"overriding_plate_id":null,"subducting_plate_id":null,"plate_ids":[101,701],"name":"NAM - SAM rift"},"geometry":{"type":"LineString","coordinates":[[-18.663,7.027],[-18.2,6.973],[-17.736,6.918],[-17.317,6.88],[-16.898,6.841],[-16.479,6.802],[-16.06,6.763],[-15.641,6.723],[-15.242,6.722],[-14.844,6.721],[-14.446,6.719],[-14.048,6.716],[-13.67,6.714],[-13.291,6.712],[-12.913,6.709],[-12.534,6.706],[-12.185,6.731],[-11.835,6.756],[-11.486,6.78]]}},{"type":"Feature","properties":{"boundary_type":"transform","feature_type":"gpml:Transform","polarity":null,"overriding_plate_id":null,"subducting_plate_id":null,"plate_ids":[104,2035],"name":"TRANS-MEXICAN VOLCANIC BELT BET GUERRERO & MEXICO"},"geometry":{"type":"LineString","coordinates":[[-43.588,13.216],[-43.271,12.995],[-42.954,12.774],[-42.637,12.552],[-42.321,12.33],[-41.928,12.155],[-41.535,11.98],[-41.142,11.804],[-40.75,11.628],[-40.359,11.451],[-39.968,11.274],[-39.521,11.07],[-39.074,10.866],[-38.628,10.66],[-38.183,10.455],[-37.738,10.248],[-37.294,10.041],[-36.85,9.834],[-36.407,9.626],[-35.965,9.417],[-35.523,9.208],[-35.079,9.162],[-34.635,9.116],[-34.191,9.07],[-33.748,9.022],[-33.304,8.975],[-32.918,8.9],[-32.531,8.826],[-32.145,8.75]]}},{"type":"Feature","properties":{"boundary_type":"other","feature_type":"gpml:ContinentalRift","polarity":null,"overriding_plate_id":null,"subducting_plate_id":null,"plate_ids":[101,205],"name":"Gulf of Mexico Continental Extension (E side)"},"geometry":{"type":"LineString","coordinates":[[-20.605,13.208],[-20.444,12.78],[-20.283,12.351],[-20.122,11.923],[-19.974,11.48],[-19.827,11.038],[-19.681,10.595],[-19.529,10.194],[-19.378,9.792],[-19.227,9.391],[-19.163,9.027],[-19.099,8.663],[-19.036,8.299],[-18.922,7.919],[-18.808,7.538],[-18.694,7.158],[-18.663,7.027]]}},{"type":"Feature","properties":{"boundary_type":"other","feature_type":"gpml:ContinentalRift","polarity":null,"overriding_plate_id":null,"subducting_plate_id":null,"plate_ids":[205,2035],"name":"Gulf of Mexico Continental Extension (W side)"},"geometry":{"type":"LineString","coordinates":[[-31.959,7.279],[-32.057,7.768],[-32.155,8.256],[-32.145,8.75]]}},{"type":"Feature","properties":{"boundary_type":"other","feature_type":"gpml:ContinentalRift","polarity":null,"overriding_plate_id":null,"subducting_plate_id":null,"plate_ids":[104,205],"name":"Gulf of Mexico Continental Extension (W side)"},"geometry":{"type":"LineString","coordinates":[[-32.145,8.75],[-32.135,9.182],[-32.157,9.573],[-32.179,9.964],[-32.201,10.354],[-32.224,10.745],[-32.201,11.17],[-32.178,11.595],[-32.155,12.02],[-32.132,12.445],[-32.126,12.507]]}},{"type":"Feature","properties":{"boundary_type":"other","feature_type":"gpml:ContinentalRift","polarity":null,"overriding_plate_id":null,"subducting_plate_id":null,"plate_ids":[101,205],"name":"Gulf of Mexico Continental Extension (W side)"},"geometry":{"type":"LineString","coordinates":[[-32.126,12.507],[-32.09,12.9],[-32.053,13.292],[-32.016,13.684],[-31.979,14.077],[-31.975,14.098]]}},{"type":"Feature","properties":{"boundary_type":"transform","feature_type":"gpml:Transform","polarity":null,"overriding_plate_id":null,"subducting_plate_id":null,"plate_ids":[101,104],"name":"TBD: Fault"},"geometry":{"type":"LineString","coordinates":[[-48.534,26.338],[-48.127,26.108],[-47.722,25.876],[-47.296,25.559],[-46.872,25.242],[-46.45,24.923],[-46.03,24.602],[-45.612,24.281],[-45.196,23.959],[-44.783,23.635],[-44.372,23.31],[-43.962,22.985],[-43.555,22.658],[-43.149,22.33],[-42.745,22.001],[-42.344,21.671],[-41.944,21.341],[-41.566,21.026],[-41.189,20.71],[-40.814,20.393],[-40.441,20.076],[-40.069,19.758],[-39.698,19.439],[-39.35,19.137],[-39.003,18.834],[-38.657,18.531],[-38.312,18.227],[-37.968,17.923],[-37.626,17.617],[-37.292,17.319],[-36.96,17.019],[-36.628,16.719],[-36.298,16.419],[-35.968,16.118],[-35.603,15.782],[-35.239,15.446],[-34.876,15.109],[-34.514,14.772],[-34.153,14.434],[-33.813,14.114],[-33.474,13.794],[-33.136,13.473],[-32.798,13.151],[-32.462,12.829],[-32.126,12.507]]}},{"type":"Feature","properties":{"boundary_type":"subduction","feature_type":"gpml:SubductionZone","polarity":"Left","overriding_plate_id":16111,"subducting_plate_id":902,"plate_ids":[902,16111],"name":"NAM Subduction"},"geometry":{"type":"LineString","coordinates":[[-48.09,43.468],[-48.289,43.15]]}},{"type":"Feature","properties":{"boundary_type":"subduction","feature_type":"gpml:SubductionZone","polarity":"Left","overriding_plate_id":101,"subducting_plate_id":902,"plate_ids":[101,902],"name":"NAM Subduction"},"geometry":{"type":"LineString","coordinates":[[-48.289,43.15],[-48.52,42.777],[-48.748,42.403],[-48.973,42.029],[-49.195,41.654],[-49.436,41.223],[-49.674,40.792],[-49.909,40.361],[-50.141,39.928],[-50.37,39.496],[-50.597,39.063],[-50.82,38.629],[-51.041,38.195],[-51.143,37.723],[-51.244,37.251],[-51.344,36.779],[-51.442,36.306],[-51.539,35.834],[-51.635,35.362],[-51.73,34.889],[-51.824,34.416],[-51.917,33.944],[-51.743,33.526],[-51.571,33.109],[-51.401,32.691],[-51.232,32.273],[-51.065,31.855],[-50.9,31.436],[-50.735,31.018],[-50.527,30.594],[-50.32,30.17],[-50.115,29.745],[-49.912,29.32],[-49.71,28.895],[-49.51,28.47],[-49.312,28.044],[-49.115,27.618],[-48.92,27.192],[-48.726,26.765],[-48.534,26.338]]}},{"type":"Feature","properties":{"boundary_type":"subduction","feature_type":"gpml:SubductionZone","polarity":"Left","overriding_plate_id":104,"subducting_plate_id":902,"plate_ids":[104,902],"name":"NAM Subduction"},"geometry":{"type":"LineString","coordinates":[[-48.534,26.338],[-48.365,25.96],[-48.197,25.582],[-48.03,25.203],[-47.864,24.825],[-47.681,24.362],[-47.499,23.898],[-47.319,23.435],[-47.14,22.971],[-46.962,22.507],[-46.786,22.043],[-46.61,21.578],[-46.436,21.114],[-46.263,20.649],[-46.091,20.184],[-45.92,19.719],[-45.749,19.254],[-45.561,19.007]]}},{"type":"Feature","properties":{"boundary_type":"subduction","feature_type":"gpml:SubductionZone","polarity":"Left","overriding_plate_id":2035,"subducting_plate_id":902,"plate_ids":[902,2035],"name":"Western NAM subduction"},"geometry":{"type":"LineString","coordinates":[[-45.265,17.977],[-45.536,17.606],[-45.806,17.235],[-46.075,16.864],[-46.275,16.565],[-46.475,16.265],[-46.675,15.965],[-46.721,15.505],[-46.768,15.045],[-46.814,14.585],[-46.86,14.125],[-46.905,13.665],[-46.895,13.174],[-46.884,12.683],[-46.873,12.192],[-46.862,11.701],[-46.851,11.21],[-46.82,10.749],[-46.789,10.287],[-46.758,9.826],[-46.728,9.365],[-46.697,8.904],[-46.642,8.532],[-46.588,8.161],[-46.533,7.789],[-46.479,7.417],[-46.479,6.975],[-46.478,6.532],[-46.477,6.089],[-46.56,5.699],[-46.643,5.308],[-46.726,4.918],[-46.832,4.445],[-46.937,3.973],[-47.042,3.501],[-46.802,3.102],[-46.562,2.704],[-46.322,2.306],[-46.125,1.979],[-45.928,1.651],[-45.731,1.324],[-45.534,0.997],[-45.153,0.745],[-44.772,0.493]]}},{"type":"Feature","properties":{"boundary_type":"subduction","feature_type":"gpml:SubductionZone","polarity":"Left","overriding_plate_id":701,"subducting_plate_id":902,"plate_ids":[701,902],"name":"Western NAM subduction"},"geometry":{"type":"LineString","coordinates":[[-44.772,0.493],[-44.511,0.32],[-44.25,0.147],[-43.913,-0.076],[-43.576,-0.298],[-43.239,-0.521],[-42.902,-0.744],[-42.595,-1.114],[-42.288,-1.483],[-41.981,-1.853],[-41.73,-2.155],[-41.478,-2.458],[-41.226,-2.76],[-41.052,-3.128],[-40.879,-3.495],[-40.705,-3.863],[-40.539,-4.214],[-40.372,-4.566],[-40.206,-4.917],[-40.014,-5.328],[-39.821,-5.738],[-39.629,-6.149],[-39.471,-6.485],[-39.313,-6.822]]}},{"type":"Feature","properties":{"boundary_type":"subduction","feature_type":"gpml:SubductionZone","polarity":"Right","overriding_plate_id":701,"subducting_plate_id":919,"plate_ids":[701,919],"name":"SAM subduction zone prior to 150Ma"},"geometry":{"type":"LineString","coordinates":[[-32.096,-38.674],[-31.875,-38.258],[-31.657,-37.842],[-31.441,-37.425],[-31.228,-37.008],[-31.017,-36.59],[-30.808,-36.172],[-30.734,-35.692],[-30.659,-35.211],[-30.586,-34.731],[-30.514,-34.25],[-30.442,-33.769],[-30.372,-33.289],[-30.302,-32.808],[-30.232,-32.327],[-30.164,-31.846],[-30.029,-31.449],[-29.896,-31.052],[-29.764,-30.655],[-29.632,-30.258],[-29.502,-29.861],[-29.438,-29.4],[-29.374,-28.939],[-29.31,-28.478],[-29.248,-28.018],[-29.185,-27.557],[-29.124,-27.096],[-29.063,-26.635],[-29.002,-26.174],[-28.955,-25.763],[-28.909,-25.352],[-28.863,-24.941],[-28.951,-24.505],[-29.038,-24.068],[-29.044,-23.727],[-29.049,-23.386],[-29.211,-22.962],[-29.372,-22.538],[-29.66,-22.119],[-29.947,-21.699],[-30.267,-21.383]]}},{"type":"Feature","properties":{"boundary_type":"subduction","feature_type":"gpml:SubductionZone","polarity":"Right","overriding_plate_id":701,"subducting_plate_id":902,"plate_ids":[701,902],"name":"SAM subduction zone prior to 150Ma"},"geometry":{"type":"LineString","coordinates":[[-30.267,-21.383],[-30.607,-21.046],[-30.945,-20.709],[-31.282,-20.37],[-31.618,-20.031],[-32.08,-19.812],[-32.541,-19.591],[-32.884,-19.254],[-33.225,-18.916],[-33.565,-18.578],[-33.904,-18.239],[-34.241,-17.9],[-34.577,-17.56],[-34.912,-17.219],[-35.246,-16.878],[-35.578,-16.537],[-35.824,-16.139],[-36.069,-15.74],[-36.313,-15.342],[-36.556,-14.943],[-36.798,-14.544],[-37.039,-14.145],[-37.279,-13.745],[-37.519,-13.345],[-37.758,-12.945],[-37.995,-12.545],[-38.233,-12.145],[-38.4,-11.691],[-38.567,-11.236],[-38.734,-10.782],[-38.9,-10.328],[-39.066,-9.873],[-39.231,-9.419],[-39.395,-8.964],[-39.56,-8.51],[-39.498,-8.088],[-39.436,-7.666],[-39.374,-7.244],[-39.313,-6.822]]}},{"type":"Feature","properties":{"boundary_type":"other","feature_type":"gpml:ContinentalRift","polarity":null,"overriding_plate_id":null,"subducting_plate_id":null,"plate_ids":[101,205],"name":"Gulf of Mexico Continental Extension (E side)"},"geometry":{"type":"LineString","coordinates":[[-20.605,13.208],[-20.96,13.453],[-21.316,13.697],[-21.672,13.94],[-22.029,14.183],[-22.387,14.426],[-22.746,14.667],[-23.146,14.897],[-23.546,15.126],[-23.948,15.354],[-24.351,15.582],[-24.732,15.714],[-25.114,15.845],[-25.497,15.976],[-25.88,16.106],[-26.372,16.067],[-26.863,16.028],[-27.355,15.987],[-27.846,15.945],[-28.354,15.845],[-28.862,15.745],[-29.369,15.643],[-29.768,15.46],[-30.167,15.277],[-30.564,15.093],[-30.961,14.908],[-31.3,14.638],[-31.638,14.368],[-31.975,14.098]]}},{"type":"Feature","properties":{"boundary_type":"other","feature_type":"gpml:ContinentalRift","polarity":null,"overriding_plate_id":null,"subducting_plate_id":null,"plate_ids":[101,301],"name":"North America - Greenland rift"},"geometry":{"type":"LineString","coordinates":[[9.983,66.384],[9.81,65.894],[9.643,65.405],[9.483,64.915],[9.328,64.426],[9.179,63.936],[9.035,63.445],[8.896,62.955],[8.762,62.465],[9.614,62.308],[10.457,62.146],[11.291,61.978],[12.115,61.806],[12.931,61.629],[13.925,61.488],[14.91,61.339],[15.885,61.183],[16.851,61.02],[17.807,60.851],[18.656,60.937],[19.511,61.017],[20.369,61.092],[21.231,61.162],[22.008,60.917],[22.772,60.667],[23.524,60.413],[23.817,59.987],[24.103,59.561],[24.381,59.134],[24.653,58.706],[24.464,58.254],[24.281,57.802],[24.102,57.349],[24.127,56.963],[24.151,56.577],[24.174,56.192],[24.197,55.806],[24.098,55.33],[24.001,54.853],[23.906,54.377],[23.814,53.901],[23.826,53.514],[23.839,53.127],[23.851,52.74],[23.863,52.353],[24.151,52.017],[24.435,51.681],[24.597,51.279],[24.756,50.877],[24.912,50.474],[24.918,50.113],[24.923,49.752],[24.929,49.39],[24.725,48.968],[24.524,48.545],[24.326,48.121],[23.976,47.784],[23.631,47.446],[23.291,47.107],[22.958,46.77],[22.629,46.433],[22.304,46.094],[21.983,45.755],[21.584,45.499],[21.187,45.242],[20.795,44.983],[20.406,44.723],[19.803,44.535],[19.204,44.343],[18.609,44.148],[18.019,43.95],[17.675,43.525],[17.336,43.099],[17.002,42.672],[16.672,42.244],[16.347,41.815],[16.026,41.385],[15.71,40.955],[15.412,40.55],[15.117,40.145],[14.826,39.739],[14.539,39.332],[14.255,38.924],[13.974,38.516],[13.798,38.135],[13.624,37.754],[13.306,37.391],[13.582,37.001],[13.855,36.609],[14.126,36.217],[14.393,35.825],[14.659,35.432],[14.921,35.038],[15.287,35.207],[15.654,35.375],[15.966,35.0],[16.274,34.623],[16.581,34.247],[16.884,33.869],[17.185,33.491],[17.483,33.111],[17.778,32.732],[18.071,32.351],[17.741,31.984],[17.414,31.616],[17.09,31.248],[16.768,30.878],[16.448,30.508],[16.005,30.211],[15.565,29.913],[15.127,29.614],[14.691,29.313],[14.258,29.011],[13.828,28.707],[13.383,28.429],[12.941,28.15],[12.501,27.869],[12.063,27.586],[11.628,27.303],[11.195,27.017],[10.763,26.731],[10.335,26.443],[10.123,26.166],[9.912,25.889],[9.703,25.611]]}},{"type":"Feature","properties":{"boundary_type":"ridge","feature_type":"gpml:MidOceanRidge","polarity":null,"overriding_plate_id":null,"subducting_plate_id":null,"plate_ids":[301,701],"name":"Ligurian MOR East of Iberia 180Ma"},"geometry":{"type":"LineString","coordinates":[[29.007,20.022],[29.229,20.364],[29.452,20.705],[29.676,21.046],[29.406,21.233],[29.586,21.61],[29.766,21.987],[29.947,22.364],[30.129,22.741],[29.901,22.845],[30.016,23.206],[30.132,23.568],[30.248,23.929],[30.364,24.291],[30.593,24.207],[30.72,24.662],[30.846,25.117],[30.974,25.572],[31.103,26.026],[31.571,25.893]]}},{"type":"Feature","properties":{"boundary_type":"ridge","feature_type":"gpml:MidOceanRidge","polarity":null,"overriding_plate_id":null,"subducting_plate_id":null,"plate_ids":[301,706],"name":"Ligurian MOR 165Ma"},"geometry":{"type":"LineString","coordinates":[[15.638,21.374],[15.657,21.369],[15.925,21.1],[16.346,20.948],[16.765,20.794],[17.184,20.639],[17.592,20.397],[18.023,20.221],[18.39,20.061],[18.757,19.9],[18.869,19.774],[19.157,19.747],[19.445,19.72],[19.543,19.593],[19.96,19.512],[20.377,19.43],[20.793,19.347],[21.209,19.263],[21.595,18.954],[22.063,19.064],[22.531,19.174],[23.0,19.282],[23.47,19.389],[23.94,19.495],[24.411,19.6]]}},{"type":"Feature","properties":{"boundary_type":"ridge","feature_type":"gpml:MidOceanRidge","polarity":null,"overriding_plate_id":null,"subducting_plate_id":null,"plate_ids":[301,701],"name":"Ligurian MOR 165Ma"},"geometry":{"type":"LineString","coordinates":[[24.411,19.6],[24.538,19.627],[24.96,19.376],[25.401,19.489],[25.844,19.6],[26.286,19.71],[26.73,19.82],[27.174,19.928],[27.619,20.035],[28.064,20.141],[28.313,20.03],[28.561,19.918],[29.007,20.022]]}},{"type":"Feature","properties":{"boundary_type":"subduction","feature_type":"gpml:SubductionZone","polarity":"Left","overriding_plate_id":301,"subducting_plate_id":701,"plate_ids":[301,701],"name":"Vadar Sea subduction 170Ma geom"},"geometry":{"type":"LineString","coordinates":[[46.221,32.54],[45.99,32.189],[45.759,31.838],[45.531,31.486],[45.305,31.134],[45.08,30.781],[44.836,30.377],[44.593,29.972],[44.353,29.568],[44.115,29.162],[43.906,28.732],[43.699,28.301],[43.494,27.87],[43.29,27.439],[43.087,27.007],[42.887,26.576],[42.683,26.198],[42.48,25.82],[42.279,25.442],[42.079,25.064],[42.141,24.604],[42.203,24.144],[42.265,23.685],[42.326,23.225],[42.467,22.795],[42.606,22.366],[42.744,21.937],[42.882,21.507],[43.014,21.114],[43.145,20.72],[43.275,20.327],[43.405,19.933],[43.623,19.486],[43.84,19.039],[44.056,18.592],[44.26,18.217],[44.464,17.842],[44.666,17.467],[44.868,17.092],[45.069,16.716],[45.269,16.34],[45.681,16.119],[46.093,15.898],[46.503,15.675],[46.913,15.452],[47.379,15.277],[47.844,15.102],[48.308,14.925],[48.772,14.747],[49.213,14.559],[49.653,14.369],[50.093,14.178],[50.532,13.987],[50.97,13.795],[51.408,13.602],[51.844,13.408],[52.28,13.214]]}},{"type":"Feature","properties":{"boundary_type":"ridge","feature_type":"gpml:MidOceanRidge","polarity":null,"overriding_plate_id":null,"subducting_plate_id":null,"plate_ids":[301,701],"name":"Alpine Tethys MOR 165Ma"},"geometry":{"type":"LineString","coordinates":[[31.571,25.893],[31.681,26.018],[31.982,26.309],[32.284,26.599],[32.637,26.924],[32.992,27.247],[33.283,27.543],[33.576,27.837],[33.871,28.132],[34.243,27.872],[34.632,28.173],[35.023,28.473],[35.416,28.772],[35.811,29.07],[36.208,29.367],[36.608,29.662],[36.973,29.335]]}},{"type":"Feature","properties":{"boundary_type":"transform","feature_type":"gpml:Transform","polarity":null,"overriding_plate_id":null,"subducting_plate_id":null,"plate_ids":[301,701],"name":"Transform fault between Eurasia and Dinaride block"},"geometry":{"type":"LineString","coordinates":[[36.973,29.335],[37.361,29.586],[37.75,29.836],[38.142,30.085],[38.536,30.333],[38.931,30.58],[39.41,30.752],[39.889,30.922],[40.371,31.091],[40.854,31.257],[41.339,31.422],[41.826,31.585],[42.314,31.747],[42.868,31.867],[43.424,31.986],[43.98,32.102],[44.539,32.215],[45.098,32.326],[45.659,32.434],[46.221,32.54]]}},{"type":"Feature","properties":{"boundary_type":"subduction","feature_type":"gpml:SubductionZone","polarity":"Right","overriding_plate_id":701,"subducting_plate_id":802,"plate_ids":[701,802],"name":"South America trench taken from COB file and RUM"},"geometry":{"type":"LineString","coordinates":[[-25.566,-59.455],[-25.685,-59.419],[-26.239,-59.126],[-26.315,-59.07],[-26.674,-58.743],[-26.961,-58.411],[-27.236,-58.061],[-27.484,-57.757],[-27.587,-57.603],[-27.853,-57.321],[-28.297,-56.99],[-28.683,-56.673],[-28.93,-56.427]]}},{"type":"Feature","properties":{"boundary_type":"subduction","feature_type":"gpml:SubductionZone","polarity":"Right","overriding_plate_id":701,"subducting_plate_id":919,"plate_ids":[701,919],"name":"South America trench taken from COB file and RUM"},"geometry":{"type":"LineString","coordinates":[[-28.93,-56.427],[-28.983,-56.373],[-29.255,-56.111],[-29.43,-55.876],[-29.668,-55.58],[-29.905,-55.246],[-30.051,-54.804],[-30.057,-54.43],[-30.036,-54.2],[-30.019,-53.925],[-29.984,-53.606],[-29.947,-53.356],[-29.911,-53.105],[-29.821,-52.664],[-29.787,-52.3],[-29.806,-51.955],[-30.058,-51.544],[-30.19,-51.275],[-30.3,-51.052],[-30.328,-50.975],[-30.404,-50.722],[-30.496,-50.418],[-30.589,-50.056],[-30.647,-49.749],[-30.704,-49.418],[-30.761,-49.053],[-30.804,-48.787],[-30.856,-48.456],[-30.908,-48.125],[-30.97,-47.694],[-31.018,-47.283],[-31.05,-46.898],[-31.069,-46.63],[-31.089,-46.362],[-31.108,-46.067],[-31.171,-45.596],[-31.216,-45.306],[-31.266,-44.937],[-31.173,-44.619],[-31.159,-44.313],[-31.145,-44.007],[-31.145,-44.007],[-31.267,-43.534],[-31.288,-43.086],[-31.262,-42.71],[-31.237,-42.333],[-31.211,-41.957],[-31.186,-41.581],[-31.343,-41.097],[-31.498,-40.613],[-31.651,-40.128],[-31.801,-39.644],[-31.95,-39.159],[-32.096,-38.674]]}},{"type":"Feature","properties":{"boundary_type":"ridge","feature_type":"gpml:MidOceanRidge","polarity":null,"overriding_plate_id":null,"subducting_plate_id":null,"plate_ids":[902,919],"name":"Phoenix-Farallon ridge"},"geometry":{"type":"LineString","coordinates":[[-107.151,-19.212],[-106.699,-19.4],[-106.246,-19.586],[-105.793,-19.771],[-105.338,-19.954],[-104.882,-20.137],[-104.425,-20.319],[-103.967,-20.499],[-103.508,-20.678],[-103.618,-21.082],[-103.728,-21.486],[-103.839,-21.889],[-103.951,-22.293],[-104.063,-22.697],[-104.176,-23.1],[-103.657,-23.217],[-103.137,-23.333],[-102.616,-23.446],[-102.094,-23.558],[-101.572,-23.669],[-101.048,-23.777],[-100.524,-23.884],[-99.998,-23.989],[-99.472,-24.092],[-98.945,-24.193],[-98.418,-24.293],[-97.889,-24.39],[-97.36,-24.486],[-96.83,-24.58],[-96.299,-24.672],[-95.767,-24.762],[-95.234,-24.851],[-94.701,-24.937],[-94.167,-25.022],[-93.632,-25.105],[-93.097,-25.185],[-92.561,-25.264],[-92.024,-25.341],[-91.486,-25.416],[-91.545,-25.832],[-91.604,-26.248],[-91.663,-26.664],[-91.723,-27.08],[-91.783,-27.496],[-91.246,-27.562],[-90.708,-27.626],[-90.169,-27.689],[-89.63,-27.749],[-89.09,-27.807],[-88.55,-27.863],[-88.009,-27.917],[-87.467,-27.968],[-86.925,-28.018],[-86.382,-28.066],[-85.839,-28.111],[-85.296,-28.154],[-84.752,-28.195],[-84.208,-28.234],[-83.663,-28.271],[-83.118,-28.306],[-82.573,-28.338],[-82.027,-28.368],[-81.481,-28.396],[-80.935,-28.422],[-80.388,-28.446],[-79.842,-28.468],[-79.295,-28.487],[-78.747,-28.504],[-78.2,-28.519],[-78.172,-29.017],[-78.144,-29.515],[-78.116,-30.013],[-78.087,-30.511],[-78.058,-31.01],[-78.028,-31.508],[-77.467,-31.472],[-76.905,-31.433],[-76.345,-31.393],[-75.784,-31.349],[-75.225,-31.304],[-74.666,-31.256],[-74.107,-31.205],[-73.549,-31.152],[-72.992,-31.097],[-72.435,-31.039],[-71.879,-30.979],[-71.324,-30.917],[-70.769,-30.852],[-70.215,-30.785],[-69.662,-30.715],[-69.11,-30.644],[-68.559,-30.569],[-68.008,-30.493],[-67.459,-30.414],[-66.91,-30.333],[-66.362,-30.25],[-65.815,-30.164],[-65.269,-30.076],[-64.724,-29.986],[-64.18,-29.893],[-64.048,-30.317],[-63.915,-30.741],[-63.781,-31.165],[-63.645,-31.588],[-63.508,-32.012],[-63.37,-32.435],[-63.231,-32.858],[-62.668,-32.697],[-62.108,-32.534],[-61.549,-32.368],[-60.993,-32.199],[-60.439,-32.029],[-59.887,-31.856],[-59.336,-31.68],[-58.788,-31.502],[-58.243,-31.322],[-57.699,-31.139],[-57.157,-30.955],[-56.617,-30.768],[-56.08,-30.578],[-55.544,-30.387],[-55.011,-30.193],[-54.48,-29.998],[-53.951,-29.8],[-53.424,-29.6],[-53.187,-30.006],[-52.949,-30.411],[-52.708,-30.816],[-52.465,-31.221],[-52.22,-31.625],[-51.686,-31.433],[-51.153,-31.238],[-50.623,-31.042],[-50.095,-30.843],[-49.569,-30.642],[-49.045,-30.439],[-48.523,-30.234],[-48.004,-30.027],[-47.487,-29.818],[-46.972,-29.607],[-46.459,-29.394],[-45.948,-29.178],[-45.439,-28.961],[-44.933,-28.742],[-44.429,-28.522],[-43.926,-28.299],[-43.426,-28.074],[-42.928,-27.848],[-42.432,-27.62],[-41.938,-27.39],[-41.447,-27.159],[-40.957,-26.925],[-40.469,-26.69],[-39.983,-26.454],[-39.5,-26.215],[-39.018,-25.976],[-38.538,-25.734],[-38.06,-25.491],[-37.584,-25.246],[-37.11,-25.0],[-36.638,-24.753],[-36.168,-24.504],[-35.7,-24.253],[-35.233,-24.001],[-34.769,-23.748],[-34.312,-23.517],[-33.856,-23.285],[-33.402,-23.052],[-32.95,-22.817],[-32.499,-22.581],[-32.049,-22.344],[-31.602,-22.106],[-31.155,-21.866],[-30.711,-21.625],[-30.267,-21.383]]}},{"type":"Feature","properties":{"boundary_type":"subduction","feature_type":"gpml:SubductionZone","polarity":"Left","overriding_plate_id":301,"subducting_plate_id":380,"plate_ids":[301,380],"name":"Monghol-Okosk Subduction Zone MS"},"geometry":{"type":"LineString","coordinates":[[114.974,63.783],[115.813,64.04],[116.668,64.292],[117.538,64.539],[118.424,64.78],[119.327,65.017],[120.244,65.247],[121.178,65.472],[122.048,65.791],[122.939,66.105],[123.852,66.414],[124.787,66.717],[125.746,67.014],[126.728,67.305],[127.325,67.7],[127.943,68.093],[128.581,68.483],[129.243,68.871],[130.319,68.921],[131.4,68.963],[132.507,69.237],[133.641,69.504],[134.803,69.763],[135.994,70.014],[137.214,70.257],[138.048,70.625],[138.914,70.989],[139.812,71.349],[140.743,71.704],[141.71,72.054],[142.714,72.4],[143.757,72.74],[145.023,72.901],[146.312,73.053],[147.623,73.197],[148.584,73.39],[149.566,73.578],[150.57,73.762],[152.073,73.808],[153.584,73.843],[155.1,73.868],[156.62,73.882],[158.141,73.885],[159.662,73.877],[161.317,73.887],[162.973,73.885],[164.627,73.869],[166.276,73.841],[167.919,73.8],[169.553,73.747],[171.175,73.681],[172.626,73.792],[174.096,73.893],[175.583,73.984],[177.086,74.065],[178.603,74.135]]}},{"type":"Feature","properties":{"boundary_type":"subduction","feature_type":"gpml:SubductionZone","polarity":"Left","overriding_plate_id":null,"subducting_plate_id":null,"plate_ids":[380],"name":"Monghol-Okosk Subduction Zone MS"},"geometry":{"type":"LineString","coordinates":[[178.603,74.135],[-179.786,74.198],[-178.165,74.248],[-176.534,74.287],[-174.897,74.313]]}}]}