{"type":"FeatureCollection","meta":{"model":"Cao2024","reconstruction_time_ma":480.0,"anchor_plate_id":0,"pygplates_version":"1.0.0","tessellate_degrees":0.5,"polarity_convention":"gpml:subductionPolarity. 'Left'/'Right' names the side of the line, in vertex order, on which the OVERRIDING plate lies. Triangles are drawn on that side.","antimeridian":"Lines are NOT split at +/-180 deg. The renderer works in 3D unit vectors where the dateline is not special; splitting would only add spurious breaks. Do not treat this as RFC 7946 GIS-ready 2D data."},"features":[{"type":"Feature","properties":{"boundary_type":"subduction","feature_type":"gpml:SubductionZone","polarity":"Right","overriding_plate_id":401,"subducting_plate_id":466,"plate_ids":[401,466],"name":"Siberia-Chingiz inferred O-O SZ"},"geometry":{"type":"LineString","coordinates":[[-14.649,-14.234],[-14.72,-14.722],[-14.79,-15.211],[-14.861,-15.7],[-14.816,-16.18],[-14.77,-16.66],[-14.724,-17.141],[-14.678,-17.621],[-14.632,-18.101],[-14.534,-18.536],[-14.436,-18.972],[-14.337,-19.407],[-14.238,-19.842],[-14.138,-20.277],[-14.037,-20.712],[-13.936,-21.147],[-13.835,-21.582],[-13.732,-22.017],[-13.725,-22.033]]}},{"type":"Feature","properties":{"boundary_type":"subduction","feature_type":"gpml:SubductionZone","polarity":"Right","overriding_plate_id":4041,"subducting_plate_id":466,"plate_ids":[466,4041],"name":"Siberia-Chingiz inferred O-O SZ"},"geometry":{"type":"LineString","coordinates":[[-13.725,-22.033],[-13.536,-22.466],[-13.345,-22.898],[-13.152,-23.331],[-12.959,-23.763],[-12.764,-24.195]]}},{"type":"Feature","properties":{"boundary_type":"subduction","feature_type":"gpml:SubductionZone","polarity":"Right","overriding_plate_id":101,"subducting_plate_id":902,"plate_ids":[101,902],"name":"Ocean arc outboard of Laurentia"},"geometry":{"type":"LineString","coordinates":[[-142.667,23.616],[-142.136,23.722],[-141.603,23.826],[-141.07,23.929],[-140.536,24.03],[-140.001,24.128],[-139.466,24.225],[-138.929,24.321],[-138.392,24.414],[-137.854,24.505],[-137.315,24.595],[-136.775,24.682],[-136.235,24.768],[-135.693,24.851],[-135.152,24.933],[-134.609,25.013],[-134.066,25.09],[-133.522,25.166],[-132.977,25.234],[-132.433,25.299],[-131.887,25.363],[-131.341,25.424],[-130.795,25.484],[-130.248,25.542],[-129.7,25.597],[-129.152,25.65],[-128.604,25.702],[-128.055,25.751],[-127.505,25.798],[-126.955,25.844],[-126.405,25.887],[-125.854,25.928],[-125.303,25.967],[-124.752,26.004],[-124.2,26.038],[-123.648,26.071],[-123.095,26.102],[-122.543,26.13],[-121.99,26.157],[-121.437,26.181],[-120.883,26.203],[-120.33,26.223],[-119.776,26.241],[-119.222,26.257],[-118.668,26.27],[-118.114,26.282],[-117.56,26.291],[-117.005,26.299],[-116.451,26.304],[-115.896,26.307],[-115.354,26.203],[-114.812,26.098],[-114.271,25.99],[-113.732,25.88],[-113.193,25.769],[-112.655,25.655],[-112.119,25.54],[-111.583,25.422],[-111.049,25.303],[-110.515,25.181],[-109.983,25.058],[-109.451,24.933],[-108.921,24.806],[-108.392,24.677],[-107.864,24.546],[-107.337,24.414],[-106.811,24.279],[-106.287,24.143],[-105.763,24.005],[-105.241,23.865],[-104.719,23.724],[-104.199,23.581],[-103.68,23.436],[-103.162,23.289],[-102.645,23.14],[-102.13,22.99],[-101.615,22.839],[-101.102,22.685],[-100.59,22.53],[-100.189,22.209],[-99.789,21.888],[-99.391,21.565],[-98.996,21.241],[-98.601,20.917],[-98.209,20.592],[-97.818,20.265],[-97.429,19.938],[-97.041,19.61],[-96.656,19.281],[-96.271,18.952],[-95.888,18.621],[-95.507,18.29],[-95.127,17.958],[-94.748,17.625],[-94.371,17.292],[-93.996,16.958],[-93.621,16.623],[-93.248,16.288],[-92.876,15.952],[-92.506,15.615],[-92.136,15.277],[-91.637,15.153],[-91.138,15.028],[-90.639,14.902],[-90.142,14.775],[-89.645,14.647],[-89.148,14.517],[-88.652,14.387],[-88.157,14.255],[-87.68,14.302],[-87.203,14.348],[-86.726,14.394],[-86.249,14.438],[-85.772,14.481],[-85.295,14.523],[-84.817,14.564],[-84.339,14.605],[-83.861,14.644]]}},{"type":"Feature","properties":{"boundary_type":"subduction","feature_type":"gpml:SubductionZone","polarity":"Right","overriding_plate_id":185,"subducting_plate_id":173,"plate_ids":[173,185],"name":"Popelogan-Victoria subduction zone"},"geometry":{"type":"LineString","coordinates":[[-140.263,-24.349],[-139.726,-24.415],[-139.189,-24.479],[-138.651,-24.541],[-138.112,-24.602],[-137.573,-24.66],[-137.034,-24.717],[-136.494,-24.772],[-135.953,-24.824],[-135.412,-24.875],[-134.871,-24.924],[-134.343,-24.983],[-133.814,-25.041],[-133.284,-25.097],[-132.754,-25.151],[-132.224,-25.203],[-131.693,-25.253],[-131.162,-25.301],[-130.63,-25.347],[-130.098,-25.392],[-129.566,-25.434],[-129.033,-25.475],[-128.5,-25.513],[-127.966,-25.55],[-127.433,-25.585],[-126.917,-25.703],[-126.4,-25.819],[-125.882,-25.933],[-125.363,-26.046],[-124.843,-26.156],[-124.322,-26.265],[-123.801,-26.372],[-123.278,-26.477],[-122.754,-26.58],[-122.23,-26.681],[-121.704,-26.781],[-121.177,-26.878],[-120.65,-26.973],[-120.122,-27.066],[-119.593,-27.158],[-119.063,-27.247],[-118.532,-27.335],[-118.0,-27.42],[-117.468,-27.503],[-116.934,-27.585],[-116.4,-27.664],[-115.95,-27.949],[-115.497,-28.232],[-115.041,-28.514],[-114.584,-28.794],[-114.123,-29.073],[-113.66,-29.35],[-113.195,-29.625],[-112.727,-29.899],[-112.257,-30.172],[-111.784,-30.442],[-111.308,-30.711],[-110.83,-30.978],[-110.349,-31.243],[-109.865,-31.507],[-109.379,-31.768],[-108.89,-32.028],[-108.398,-32.286],[-107.903,-32.542],[-107.468,-32.841],[-107.03,-33.139],[-106.589,-33.434],[-106.144,-33.729],[-105.697,-34.021],[-105.247,-34.312],[-104.794,-34.602],[-104.337,-34.89],[-103.877,-35.176],[-103.414,-35.46],[-102.948,-35.742],[-102.478,-36.023],[-102.005,-36.302],[-101.529,-36.579]]}},{"type":"Feature","properties":{"boundary_type":"subduction","feature_type":"gpml:SubductionZone","polarity":"Right","overriding_plate_id":184,"subducting_plate_id":173,"plate_ids":[173,184],"name":"Popelogan-Victoria subduction zone"},"geometry":{"type":"LineString","coordinates":[[-101.529,-36.579],[-101.054,-36.851],[-100.575,-37.122],[-100.094,-37.39],[-99.608,-37.657],[-99.213,-37.953],[-98.814,-38.248],[-98.412,-38.542],[-98.007,-38.834],[-97.599,-39.125],[-97.187,-39.415],[-96.772,-39.703]]}},{"type":"Feature","properties":{"boundary_type":"subduction","feature_type":"gpml:SubductionZone","polarity":"Right","overriding_plate_id":184,"subducting_plate_id":173,"plate_ids":[173,184],"name":"Penobscot arc"},"geometry":{"type":"LineString","coordinates":[[-96.772,-39.703],[-96.486,-39.798],[-95.965,-40.046],[-95.44,-40.292],[-94.911,-40.536],[-94.379,-40.777],[-93.843,-41.015],[-93.303,-41.251],[-92.759,-41.485],[-92.211,-41.715],[-91.659,-41.944],[-91.103,-42.169],[-90.543,-42.392],[-90.044,-42.674],[-89.541,-42.955],[-89.033,-43.233],[-88.521,-43.508],[-88.003,-43.781],[-87.481,-44.052],[-86.954,-44.321],[-86.423,-44.587],[-85.886,-44.851],[-85.507,-45.176],[-85.124,-45.499],[-84.736,-45.821],[-84.344,-46.142],[-83.947,-46.462]]}},{"type":"Feature","properties":{"boundary_type":"subduction","feature_type":"gpml:SubductionZone","polarity":"Right","overriding_plate_id":101,"subducting_plate_id":173,"plate_ids":[101,173],"name":"Dashwoods subduction zone"},"geometry":{"type":"LineString","coordinates":[[-96.266,-22.901],[-96.551,-23.024],[-96.837,-23.147],[-97.272,-23.41],[-97.709,-23.672],[-98.147,-23.932],[-98.611,-24.13],[-99.077,-24.327],[-99.543,-24.522],[-100.012,-24.715],[-100.481,-24.907],[-100.953,-25.098],[-101.425,-25.287],[-101.868,-25.447],[-102.312,-25.605],[-102.757,-25.762],[-103.203,-25.917],[-103.651,-26.072],[-104.099,-26.225],[-104.549,-26.376],[-105.029,-26.393],[-105.51,-26.409],[-105.99,-26.423],[-106.471,-26.436],[-106.952,-26.447],[-107.433,-26.456],[-107.914,-26.464],[-108.422,-26.327],[-108.928,-26.188],[-109.434,-26.047],[-109.938,-25.904],[-110.441,-25.76],[-110.943,-25.614],[-111.472,-25.517],[-112.001,-25.419],[-112.529,-25.318],[-113.056,-25.216],[-113.583,-25.111],[-114.108,-25.005],[-114.632,-24.897],[-115.158,-24.836],[-115.684,-24.773],[-116.208,-24.708],[-116.733,-24.641],[-117.102,-24.455],[-117.469,-24.268],[-117.836,-24.079],[-118.202,-23.89],[-118.683,-23.737],[-119.163,-23.582],[-119.641,-23.425],[-120.119,-23.268],[-120.595,-23.108],[-121.071,-22.947],[-121.545,-22.785],[-122.018,-22.622],[-122.509,-22.52],[-123.0,-22.417],[-123.49,-22.313],[-123.979,-22.207],[-124.467,-22.1],[-124.955,-21.991],[-125.442,-21.881],[-125.928,-21.769],[-126.402,-21.706],[-126.876,-21.642],[-127.349,-21.576],[-127.821,-21.509],[-128.293,-21.441],[-128.765,-21.372],[-129.236,-21.301],[-129.707,-21.229],[-130.165,-21.175],[-130.622,-21.12],[-131.08,-21.063],[-131.068,-21.056]]}},{"type":"Feature","properties":{"boundary_type":"subduction","feature_type":"gpml:SubductionZone","polarity":"Right","overriding_plate_id":101,"subducting_plate_id":173,"plate_ids":[101,173],"name":"Dashwoods subduction zone"},"geometry":{"type":"LineString","coordinates":[[-131.068,-21.056],[-131.057,-21.048],[-131.557,-21.012],[-132.057,-20.975],[-132.556,-20.936],[-133.055,-20.895],[-133.565,-20.856],[-134.076,-20.815],[-134.586,-20.773],[-135.096,-20.729],[-135.606,-20.684],[-136.115,-20.637],[-136.624,-20.589],[-137.13,-20.543],[-137.635,-20.495],[-138.14,-20.446],[-138.645,-20.395],[-139.149,-20.343]]}},{"type":"Feature","properties":{"boundary_type":"subduction","feature_type":"gpml:SubductionZone","polarity":"Right","overriding_plate_id":173,"subducting_plate_id":302,"plate_ids":[173,302],"name":"Popelogan-Victoria subduction zone"},"geometry":{"type":"LineString","coordinates":[[-88.763,-44.863],[-88.176,-45.074],[-87.585,-45.282],[-86.99,-45.486],[-86.39,-45.688],[-85.786,-45.886],[-85.177,-46.081],[-84.565,-46.273],[-83.947,-46.462]]}},{"type":"Feature","properties":{"boundary_type":"subduction","feature_type":"gpml:SubductionZone","polarity":"Right","overriding_plate_id":184,"subducting_plate_id":302,"plate_ids":[184,302],"name":"Popelogan-Victoria subduction zone"},"geometry":{"type":"LineString","coordinates":[[-83.947,-46.462],[-83.473,-46.603],[-82.996,-46.743],[-82.437,-46.986],[-81.873,-47.225],[-81.304,-47.462],[-80.73,-47.696],[-80.15,-47.927],[-79.566,-48.155],[-78.976,-48.381],[-78.381,-48.603],[-77.781,-48.822],[-77.176,-49.038],[-76.583,-49.293],[-75.985,-49.545],[-75.38,-49.794],[-74.769,-50.04],[-74.151,-50.282],[-73.527,-50.521],[-72.897,-50.757],[-72.261,-50.99],[-71.618,-51.219],[-70.969,-51.444],[-70.314,-51.666],[-69.652,-51.884],[-68.984,-52.098],[-68.265,-52.335],[-67.539,-52.566],[-66.806,-52.793],[-66.064,-53.016],[-65.315,-53.234],[-64.559,-53.447],[-63.794,-53.656],[-63.023,-53.859],[-62.244,-54.058],[-61.457,-54.251],[-60.663,-54.439],[-59.992,-54.63],[-59.315,-54.818],[-58.631,-55.001],[-57.941,-55.181],[-57.244,-55.357],[-56.542,-55.529],[-55.834,-55.696]]}},{"type":"Feature","properties":{"boundary_type":"subduction","feature_type":"gpml:SubductionZone","polarity":"Right","overriding_plate_id":173,"subducting_plate_id":101,"plate_ids":[101,173],"name":"peri-Laurentian subduction zone"},"geometry":{"type":"LineString","coordinates":[[-96.266,-22.901],[-96.238,-22.405],[-96.209,-21.909],[-96.181,-21.413],[-96.154,-20.917],[-96.126,-20.42],[-96.099,-19.924],[-96.071,-19.428],[-95.934,-18.998],[-95.797,-18.568],[-95.661,-18.138],[-95.526,-17.707],[-95.391,-17.277],[-95.257,-16.846],[-95.124,-16.416],[-94.788,-16.114],[-94.452,-15.812],[-94.118,-15.51],[-93.784,-15.207],[-93.452,-14.903],[-93.121,-14.599],[-92.745,-14.298],[-92.371,-13.996],[-91.997,-13.694],[-91.624,-13.391],[-91.253,-13.087],[-90.882,-12.784],[-90.512,-12.479],[-90.143,-12.174],[-89.757,-11.883],[-89.372,-11.592],[-88.987,-11.3],[-88.603,-11.007],[-88.22,-10.714],[-87.838,-10.421],[-87.457,-10.127],[-87.076,-9.832],[-86.669,-9.588],[-86.262,-9.342],[-85.856,-9.097],[-85.451,-8.85],[-85.046,-8.604],[-84.642,-8.357],[-84.239,-8.109],[-83.808,-7.924],[-83.377,-7.739],[-82.947,-7.554],[-82.518,-7.368],[-82.088,-7.181],[-81.659,-6.995],[-81.231,-6.808],[-80.803,-6.62],[-80.375,-6.432],[-79.892,-6.453],[-79.409,-6.474],[-78.927,-6.494],[-78.444,-6.513],[-77.961,-6.532],[-77.478,-6.551],[-76.996,-6.569],[-76.513,-6.587],[-76.03,-6.604],[-75.547,-6.621]]}},{"type":"Feature","properties":{"boundary_type":"subduction","feature_type":"gpml:SubductionZone","polarity":"Left","overriding_plate_id":22601,"subducting_plate_id":919,"plate_ids":[919,22601],"name":"subduction zone outboard Cuyania"},"geometry":{"type":"LineString","coordinates":[[-170.065,7.616],[-170.418,7.286],[-170.77,6.955],[-171.122,6.624],[-171.473,6.292],[-171.824,5.961],[-172.174,5.629],[-172.524,5.297],[-172.874,4.964],[-173.223,4.632],[-173.572,4.299],[-173.921,3.966],[-174.27,3.634],[-174.618,3.3],[-174.966,2.967],[-175.313,2.634],[-175.572,2.25],[-175.831,1.866],[-176.09,1.482],[-176.348,1.097],[-176.607,0.713],[-176.866,0.329],[-177.124,-0.055],[-177.383,-0.44],[-177.641,-0.824],[-177.9,-1.208],[-178.188,-1.59],[-178.476,-1.971],[-178.764,-2.352],[-179.052,-2.733],[-179.341,-3.114],[-179.63,-3.496],[-179.919,-3.876],[-179.904,-4.363],[-179.889,-4.849],[-179.875,-5.336],[-179.86,-5.822],[-179.845,-6.309],[-179.83,-6.795],[-179.815,-7.282],[-179.492,-7.599],[-179.167,-7.916],[-178.843,-8.233],[-178.517,-8.55],[-178.192,-8.866],[-177.865,-9.182],[-177.538,-9.498],[-177.211,-9.814],[-176.883,-10.129],[-176.543,-10.466],[-176.202,-10.804],[-175.861,-11.141],[-175.519,-11.477],[-175.176,-11.813],[-174.832,-12.149],[-174.487,-12.484],[-174.142,-12.819],[-173.795,-13.153],[-173.448,-13.487],[-173.1,-13.821],[-172.75,-14.154],[-172.4,-14.486],[-172.088,-14.801],[-171.776,-15.115],[-171.462,-15.429],[-171.148,-15.743],[-170.833,-16.056],[-170.516,-16.368],[-170.238,-16.757],[-169.959,-17.146],[-169.678,-17.534],[-169.396,-17.922],[-169.113,-18.31],[-168.853,-18.674],[-168.591,-19.038],[-168.328,-19.402],[-168.064,-19.766],[-167.799,-20.129],[-167.533,-20.491],[-167.265,-20.854],[-167.145,-21.243],[-167.025,-21.632],[-166.905,-22.021],[-166.783,-22.409],[-166.662,-22.798],[-166.603,-23.145],[-166.543,-23.492],[-166.484,-23.839]]}},{"type":"Feature","properties":{"boundary_type":"subduction","feature_type":"gpml:SubductionZone","polarity":"Left","overriding_plate_id":701,"subducting_plate_id":919,"plate_ids":[701,919],"name":"New Zealand SZ (SE eastern Gondwanaland)"},"geometry":{"type":"LineString","coordinates":[[160.497,-10.372],[159.999,-10.368],[159.644,-10.05],[159.29,-9.731],[158.936,-9.412],[158.583,-9.093],[158.231,-8.773],[157.879,-8.453],[157.528,-8.132],[157.177,-7.812],[156.758,-7.54],[156.339,-7.268],[155.92,-6.996],[155.502,-6.724],[155.084,-6.451],[154.667,-6.177],[154.25,-5.904],[153.834,-5.63],[153.418,-5.356],[153.079,-5.018],[152.741,-4.681],[152.403,-4.343],[152.066,-4.005],[151.728,-3.667],[151.391,-3.329],[151.054,-2.991],[150.718,-2.653],[150.382,-2.314],[150.147,-1.917],[149.914,-1.52],[149.68,-1.123],[149.446,-0.726],[149.212,-0.328],[148.979,0.069],[148.745,0.466],[148.511,0.863],[148.277,1.26],[148.044,1.657],[147.81,2.054],[147.504,2.422],[147.198,2.789],[146.892,3.156],[146.585,3.523],[146.279,3.891],[145.972,4.257],[145.665,4.624],[145.357,4.991],[145.049,5.357],[144.741,5.724],[144.432,6.09],[144.123,6.456],[143.814,6.822],[143.504,7.188],[143.148,7.534],[142.792,7.879],[142.435,8.225],[142.078,8.57],[141.72,8.915],[141.361,9.259],[141.002,9.603],[140.641,9.947],[140.28,10.291],[139.919,10.634],[139.556,10.976],[139.193,11.318],[138.911,11.655],[138.629,11.992],[138.346,12.328],[138.062,12.664],[137.778,13.0],[137.493,13.336],[137.207,13.671],[136.972,13.776],[136.738,13.882]]}},{"type":"Feature","properties":{"boundary_type":"subduction","feature_type":"gpml:SubductionZone","polarity":"Left","overriding_plate_id":701,"subducting_plate_id":919,"plate_ids":[701,919],"name":"West Gondwana (Panthalassa) subduction zone"},"geometry":{"type":"LineString","coordinates":[[171.194,-16.036],[170.958,-15.899],[170.723,-15.763],[170.221,-15.672],[169.72,-15.581],[169.22,-15.489],[168.72,-15.395],[168.22,-15.301],[167.721,-15.205],[167.223,-15.108],[166.724,-15.01],[166.227,-14.911],[165.729,-14.811],[165.233,-14.71],[164.736,-14.607],[164.24,-14.504],[163.745,-14.4],[163.25,-14.295],[162.755,-14.188],[162.261,-14.081],[162.063,-13.669],[161.865,-13.258],[161.668,-12.846],[161.471,-12.434],[161.275,-12.022],[161.08,-11.609],[160.885,-11.197],[160.691,-10.785],[160.497,-10.372]]}},{"type":"Feature","properties":{"boundary_type":"subduction","feature_type":"gpml:SubductionZone","polarity":"Right","overriding_plate_id":701,"subducting_plate_id":302,"plate_ids":[302,701],"name":"ocean-ocean convergence"},"geometry":{"type":"LineString","coordinates":[[-2.902,-63.458],[-1.852,-63.412],[-0.805,-63.359],[0.237,-63.299],[1.275,-63.231],[2.308,-63.155],[3.335,-63.072],[4.157,-62.813],[4.965,-62.549],[5.759,-62.28],[6.538,-62.008],[7.303,-61.73],[8.055,-61.449],[8.793,-61.164],[9.27,-60.737],[9.735,-60.308],[10.188,-59.878],[10.629,-59.446],[11.059,-59.013],[11.478,-58.578],[11.887,-58.142],[12.069,-57.705],[12.247,-57.268],[12.42,-56.831],[12.59,-56.394],[12.755,-55.956],[12.917,-55.518],[12.908,-55.215],[12.898,-54.913]]}},{"type":"Feature","properties":{"boundary_type":"subduction","feature_type":"gpml:SubductionZone","polarity":"Right","overriding_plate_id":466,"subducting_plate_id":302,"plate_ids":[302,466],"name":"ocean-ocean convergence"},"geometry":{"type":"LineString","coordinates":[[12.898,-54.913],[12.884,-54.442],[12.87,-53.97],[12.856,-53.499],[12.843,-53.027],[12.83,-52.556],[12.817,-52.084],[12.618,-51.629],[12.423,-51.173],[12.232,-50.716],[12.045,-50.259],[11.861,-49.802],[11.681,-49.345],[11.504,-48.888],[11.151,-48.486],[10.804,-48.083],[10.462,-47.679],[10.126,-47.274],[9.794,-46.868],[9.468,-46.461],[9.146,-46.053],[8.829,-45.644],[8.517,-45.235],[8.209,-44.824],[7.684,-44.534],[7.164,-44.241],[6.649,-43.945],[6.139,-43.648],[5.634,-43.348],[5.134,-43.046],[4.639,-42.741]]}},{"type":"Feature","properties":{"boundary_type":"subduction","feature_type":"gpml:SubductionZone","polarity":"Right","overriding_plate_id":701,"subducting_plate_id":926,"plate_ids":[701,926],"name":"SZ along eastern Gondwanaland"},"geometry":{"type":"LineString","coordinates":[[87.191,6.413],[87.469,6.773],[87.748,7.132],[88.028,7.491],[88.308,7.85],[88.588,8.209],[88.869,8.568],[89.151,8.926],[89.43,9.336],[89.709,9.746],[89.989,10.156],[90.27,10.566],[90.552,10.975],[90.835,11.384],[91.118,11.793],[91.402,12.202],[91.687,12.61],[91.973,13.018],[92.26,13.425],[92.548,13.833],[92.837,14.24],[93.127,14.646],[93.418,15.053],[93.71,15.459],[94.003,15.864],[94.298,16.269],[94.594,16.674],[94.89,17.078],[95.189,17.482],[95.488,17.885],[95.789,18.288],[96.091,18.691],[96.395,19.093],[96.802,19.402],[97.211,19.711],[97.621,20.018],[98.033,20.325],[98.446,20.63],[98.861,20.935],[99.278,21.239],[99.696,21.541],[100.116,21.843],[100.538,22.143],[100.962,22.443],[101.421,22.691],[101.881,22.937],[102.342,23.182],[102.806,23.426],[103.271,23.668],[103.738,23.909],[104.207,24.148],[104.677,24.387],[105.149,24.623],[105.623,24.858],[106.118,25.026],[106.614,25.191],[107.111,25.355],[107.61,25.517],[108.11,25.678],[108.611,25.837],[109.114,25.994],[109.618,26.15],[110.123,26.303],[110.63,26.455],[111.138,26.605],[111.653,26.722],[112.168,26.837],[112.685,26.949],[113.203,27.06],[113.722,27.169],[114.241,27.276],[114.762,27.382],[115.284,27.485],[115.807,27.586],[116.33,27.686],[116.855,27.783],[117.38,27.878],[117.907,27.972],[118.434,28.063],[118.962,28.152],[119.491,28.24],[120.021,28.325],[120.552,28.408],[121.106,28.394],[121.66,28.377],[122.214,28.358],[122.768,28.336],[123.321,28.313],[123.874,28.287],[124.427,28.259],[124.98,28.228],[125.521,28.16],[126.062,28.09],[126.602,28.018],[127.142,27.943],[127.68,27.866],[128.218,27.788],[128.755,27.707],[129.291,27.624],[129.827,27.539],[130.335,27.384],[130.842,27.226],[131.347,27.067],[131.851,26.906],[132.354,26.744],[132.855,26.579],[133.355,26.413],[133.853,26.245],[134.35,26.075],[134.845,25.904],[135.339,25.731],[135.831,25.556],[136.322,25.379],[136.812,25.201],[137.3,25.022],[137.75,24.814],[138.198,24.605],[138.644,24.395]]}},{"type":"Feature","properties":{"boundary_type":"subduction","feature_type":"gpml:SubductionZone","polarity":"Right","overriding_plate_id":456,"subducting_plate_id":580,"plate_ids":[456,580],"name":"Qilian Subduction Zone"},"geometry":{"type":"LineString","coordinates":[[64.652,-31.793],[64.651,-31.734],[64.362,-31.377],[64.075,-31.02],[63.79,-30.662],[63.507,-30.303],[63.097,-29.965],[62.689,-29.625],[62.43,-29.372],[62.172,-29.119],[61.916,-28.865],[61.472,-28.65],[61.031,-28.434],[60.591,-28.216],[60.153,-27.997],[59.725,-27.792],[59.298,-27.586],[58.815,-27.353],[58.335,-27.118],[57.856,-26.881],[57.379,-26.642],[56.905,-26.402],[56.432,-26.161],[55.985,-25.951],[55.54,-25.74],[55.096,-25.528],[54.654,-25.314],[54.214,-25.099],[53.775,-24.883],[53.454,-24.673],[53.134,-24.462],[52.815,-24.251],[52.605,-23.846],[52.397,-23.441],[52.189,-23.036],[51.983,-22.631],[51.778,-22.225],[51.575,-21.819],[51.372,-21.413],[51.171,-21.006]]}},{"type":"Feature","properties":{"boundary_type":"subduction","feature_type":"gpml:SubductionZone","polarity":"Right","overriding_plate_id":457,"subducting_plate_id":580,"plate_ids":[457,580],"name":"West Kunlun SZ"},"geometry":{"type":"LineString","coordinates":[[70.735,-41.011],[70.558,-40.587],[70.384,-40.163],[70.211,-39.739],[70.041,-39.314],[69.873,-38.889],[69.707,-38.464],[69.542,-38.038],[69.38,-37.613],[69.294,-37.16],[69.208,-36.708],[69.067,-36.229],[68.929,-35.75],[68.644,-35.542],[68.36,-35.334],[67.902,-35.069],[67.447,-34.803],[66.994,-34.535],[66.545,-34.265],[66.099,-33.994],[65.821,-33.581],[65.545,-33.167]]}},{"type":"Feature","properties":{"boundary_type":"subduction","feature_type":"gpml:SubductionZone","polarity":"Right","overriding_plate_id":null,"subducting_plate_id":null,"plate_ids":[580],"name":"West Kunlun SZ"},"geometry":{"type":"LineString","coordinates":[[65.545,-33.167],[65.296,-32.788],[65.049,-32.408],[64.803,-32.028]]}},{"type":"Feature","properties":{"boundary_type":"subduction","feature_type":"gpml:SubductionZone","polarity":"Right","overriding_plate_id":456,"subducting_plate_id":580,"plate_ids":[456,580],"name":"West Kunlun SZ"},"geometry":{"type":"LineString","coordinates":[[64.803,-32.028],[64.652,-31.793]]}},{"type":"Feature","properties":{"boundary_type":"subduction","feature_type":"gpml:SubductionZone","polarity":"Right","overriding_plate_id":601,"subducting_plate_id":926,"plate_ids":[601,926],"name":"Bainaimiao-Ondor Sum subduction zone"},"geometry":{"type":"LineString","coordinates":[[59.894,1.185],[60.369,1.125],[60.845,1.066],[61.32,1.005],[61.795,0.945],[62.27,0.885],[62.745,0.825],[63.22,0.765],[63.681,0.671],[64.143,0.577],[64.604,0.483],[65.066,0.388],[65.527,0.294],[65.989,0.2],[66.451,0.106],[66.912,0.012],[67.406,-0.063],[67.899,-0.139],[68.392,-0.214],[68.886,-0.29],[69.379,-0.365],[69.873,-0.44],[70.366,-0.515],[70.86,-0.591],[71.353,-0.666],[71.831,-0.673],[72.309,-0.68],[72.787,-0.688],[73.265,-0.695],[73.744,-0.702],[74.222,-0.709],[74.7,-0.716],[75.156,-0.735],[75.611,-0.754],[76.067,-0.772],[76.523,-0.791],[76.979,-0.81],[77.435,-0.829],[77.891,-0.847],[78.347,-0.866],[78.802,-0.885],[79.299,-0.884],[79.796,-0.884],[80.293,-0.883],[80.79,-0.882],[81.287,-0.881],[81.784,-0.88]]}},{"type":"Feature","properties":{"boundary_type":"subduction","feature_type":"gpml:SubductionZone","polarity":"Left","overriding_plate_id":401,"subducting_plate_id":902,"plate_ids":[401,902],"name":"South 'Greater Siberia' subduction zone"},"geometry":{"type":"LineString","coordinates":[[-21.442,-2.459],[-21.45,-2.125],[-21.535,-1.66],[-21.62,-1.196],[-21.705,-0.731],[-21.791,-0.267],[-21.876,0.198],[-21.961,0.662],[-22.046,1.126],[-22.131,1.591],[-22.216,2.055],[-22.301,2.52],[-22.387,2.984],[-22.64,3.387],[-22.894,3.789],[-23.148,4.191],[-23.403,4.593],[-23.658,4.996],[-23.913,5.398],[-24.168,5.8],[-24.424,6.201],[-24.68,6.603],[-25.049,6.935],[-25.419,7.268],[-25.79,7.6],[-26.161,7.931],[-26.533,8.262],[-26.905,8.593],[-27.278,8.924],[-27.652,9.254],[-28.026,9.584],[-28.431,9.842],[-28.837,10.1],[-29.243,10.357],[-29.65,10.614],[-30.058,10.87],[-30.467,11.126],[-30.876,11.381],[-31.286,11.636],[-31.696,11.89],[-32.108,12.144],[-32.557,12.339],[-33.006,12.533],[-33.456,12.727],[-33.907,12.92],[-34.359,13.112],[-34.811,13.303],[-35.264,13.494],[-35.718,13.684],[-36.172,13.873],[-36.627,14.061],[-37.083,14.248],[-37.54,14.434],[-37.997,14.62],[-38.455,14.804],[-38.948,14.91],[-39.441,15.015],[-39.935,15.119],[-40.43,15.222],[-40.924,15.323],[-41.42,15.424],[-41.915,15.523],[-42.412,15.622],[-42.908,15.719],[-43.405,15.815],[-43.903,15.91],[-44.401,16.004],[-44.9,16.096],[-45.399,16.188],[-45.89,16.197],[-46.381,16.204],[-46.873,16.21],[-47.364,16.216],[-47.856,16.22],[-48.347,16.223],[-48.838,16.225],[-49.33,16.225],[-49.821,16.225],[-50.313,16.223],[-50.804,16.221],[-51.296,16.217],[-51.787,16.212],[-52.278,16.206],[-52.785,16.176],[-53.292,16.146],[-53.799,16.114],[-54.305,16.081],[-54.811,16.047],[-55.318,16.011],[-55.823,15.975],[-56.321,15.928],[-56.818,15.881],[-57.315,15.833],[-57.812,15.783],[-58.309,15.732],[-58.805,15.68],[-59.301,15.628],[-59.797,15.573],[-60.286,15.52],[-60.775,15.466],[-61.264,15.411],[-61.753,15.355],[-62.241,15.297],[-62.729,15.239],[-63.217,15.179],[-63.704,15.119],[-64.192,15.057],[-64.678,14.995],[-64.967,14.951],[-65.255,14.907]]}},{"type":"Feature","properties":{"boundary_type":"subduction","feature_type":"gpml:SubductionZone","polarity":"Right","overriding_plate_id":101,"subducting_plate_id":173,"plate_ids":[101,173],"name":"Laurentian subduction zone"},"geometry":{"type":"LineString","coordinates":[[-139.15,-18.765],[-139.548,-18.742],[-139.947,-18.719],[-140.473,-18.698],[-140.998,-18.675],[-141.523,-18.65],[-142.049,-18.624],[-142.574,-18.597],[-143.099,-18.568],[-143.623,-18.538],[-144.148,-18.507],[-144.661,-18.424],[-145.173,-18.339],[-145.685,-18.254],[-146.196,-18.166],[-146.707,-18.078],[-147.217,-17.988],[-147.727,-17.897],[-148.219,-17.834],[-148.711,-17.77],[-149.203,-17.705],[-149.694,-17.638]]}},{"type":"Feature","properties":{"boundary_type":"subduction","feature_type":"gpml:SubductionZone","polarity":"Left","overriding_plate_id":460,"subducting_plate_id":459,"plate_ids":[459,460],"name":"North Tianshan SZ"},"geometry":{"type":"LineString","coordinates":[[-3.598,-6.293],[-3.197,-6.375],[-2.796,-6.456],[-2.315,-6.556],[-1.834,-6.656],[-1.353,-6.755],[-0.871,-6.853],[-0.39,-6.951],[0.092,-7.049],[0.574,-7.146],[1.056,-7.243],[1.538,-7.339],[2.021,-7.434],[2.49,-7.458],[2.959,-7.482],[3.428,-7.505],[3.897,-7.527],[4.367,-7.549],[4.836,-7.571],[5.31,-7.691],[5.783,-7.811],[6.258,-7.931],[6.732,-8.05],[7.207,-8.168],[7.681,-8.286],[8.157,-8.404],[8.632,-8.52],[9.073,-8.608],[9.513,-8.694],[9.954,-8.78],[10.396,-8.866],[10.837,-8.951],[11.279,-9.036],[11.72,-9.12],[12.162,-9.203],[12.665,-9.185],[13.168,-9.165],[13.67,-9.145],[14.173,-9.124],[14.676,-9.103],[15.178,-9.081],[15.669,-9.149],[16.16,-9.216],[16.652,-9.282],[17.143,-9.348],[17.635,-9.414],[18.127,-9.478],[18.619,-9.542],[18.975,-9.526],[19.33,-9.509],[19.69,-9.27],[20.05,-9.03],[20.366,-8.744],[20.682,-8.458],[20.997,-8.128],[21.428,-7.988],[21.859,-7.849],[22.29,-7.709],[22.72,-7.568],[23.133,-7.433],[23.546,-7.298],[23.958,-7.163],[24.37,-7.027]]}},{"type":"Feature","properties":{"boundary_type":"subduction","feature_type":"gpml:SubductionZone","polarity":"Right","overriding_plate_id":580,"subducting_plate_id":451,"plate_ids":[451,580],"name":"Alxa back arc closure"},"geometry":{"type":"LineString","coordinates":[[45.367,-18.839],[45.374,-18.823]]}},{"type":"Feature","properties":{"boundary_type":"subduction","feature_type":"gpml:SubductionZone","polarity":"Right","overriding_plate_id":4511,"subducting_plate_id":451,"plate_ids":[451,4511],"name":"Alxa back arc closure"},"geometry":{"type":"LineString","coordinates":[[45.374,-18.823],[45.505,-18.519],[45.611,-18.046],[45.717,-17.572],[45.822,-17.098],[45.926,-16.625],[46.02,-16.254],[46.113,-15.883],[46.207,-15.512],[46.299,-15.142],[46.379,-14.675],[46.457,-14.209],[46.536,-13.742],[46.614,-13.276],[46.578,-12.896],[46.543,-12.517],[46.508,-12.137]]}},{"type":"Feature","properties":{"boundary_type":"subduction","feature_type":"gpml:SubductionZone","polarity":"Right","overriding_plate_id":602,"subducting_plate_id":601,"plate_ids":[601,602],"name":"Proto Japan"},"geometry":{"type":"LineString","coordinates":[[82.43,-8.214],[82.921,-8.097],[83.411,-7.979],[83.901,-7.861],[84.39,-7.742],[84.88,-7.623],[85.369,-7.503],[85.858,-7.383],[86.3,-7.271],[86.741,-7.159],[87.183,-7.047],[87.624,-6.934],[88.065,-6.821],[88.506,-6.708],[88.946,-6.594]]}},{"type":"Feature","properties":{"boundary_type":"subduction","feature_type":"gpml:SubductionZone","polarity":"Right","overriding_plate_id":602,"subducting_plate_id":701,"plate_ids":[602,701],"name":"Proto Japan"},"geometry":{"type":"LineString","coordinates":[[88.946,-6.594],[89.108,-6.552],[89.603,-6.559],[90.097,-6.565],[90.592,-6.571],[91.086,-6.576],[91.581,-6.581],[92.076,-6.585],[92.57,-6.589],[93.065,-6.592],[93.52,-6.644],[93.975,-6.696],[94.43,-6.747],[94.885,-6.797],[95.34,-6.847],[95.795,-6.897],[96.251,-6.946],[96.706,-6.995],[97.108,-7.07],[97.511,-7.144],[97.963,-7.32],[98.416,-7.496],[98.869,-7.671],[99.322,-7.845],[99.776,-8.02],[100.23,-8.193],[100.567,-8.391],[100.904,-8.589],[101.241,-8.786],[101.578,-8.984],[101.995,-9.152],[102.413,-9.32]]}},{"type":"Feature","properties":{"boundary_type":"subduction","feature_type":"gpml:SubductionZone","polarity":"Left","overriding_plate_id":460,"subducting_plate_id":926,"plate_ids":[460,926],"name":"Urumbai, Selety and Erementau zones"},"geometry":{"type":"LineString","coordinates":[[14.031,-1.789],[13.559,-1.899],[13.087,-2.01],[12.615,-2.12],[12.143,-2.23],[11.671,-2.34],[11.198,-2.45],[10.726,-2.56],[10.253,-2.67],[9.781,-2.779],[9.334,-2.874],[8.887,-2.969],[8.44,-3.064],[7.993,-3.159],[7.546,-3.254],[7.098,-3.348],[6.651,-3.443],[6.204,-3.537],[5.756,-3.63]]}},{"type":"Feature","properties":{"boundary_type":"subduction","feature_type":"gpml:SubductionZone","polarity":"Left","overriding_plate_id":460,"subducting_plate_id":902,"plate_ids":[460,902],"name":"Urumbai, Selety and Erementau zones"},"geometry":{"type":"LineString","coordinates":[[5.756,-3.63],[5.278,-3.73],[4.8,-3.83],[4.321,-3.93],[3.843,-4.029],[3.364,-4.128],[2.885,-4.226],[2.406,-4.325],[1.927,-4.423],[1.448,-4.52],[0.99,-4.683],[0.532,-4.846],[0.074,-5.008],[-0.384,-5.17],[-0.842,-5.331],[-1.301,-5.493],[-1.76,-5.653],[-2.219,-5.814],[-2.679,-5.974],[-3.138,-6.134],[-3.598,-6.293]]}},{"type":"Feature","properties":{"boundary_type":"subduction","feature_type":"gpml:SubductionZone","polarity":"Left","overriding_plate_id":459,"subducting_plate_id":902,"plate_ids":[459,902],"name":"Urumbai, Selety and Erementau zones"},"geometry":{"type":"LineString","coordinates":[[-3.598,-6.293],[-4.006,-6.434],[-4.414,-6.575],[-4.778,-6.868],[-5.143,-7.162],[-5.507,-7.455],[-5.873,-7.748],[-6.239,-8.04],[-6.605,-8.333],[-6.972,-8.624],[-7.339,-8.916]]}},{"type":"Feature","properties":{"boundary_type":"subduction","feature_type":"gpml:SubductionZone","polarity":"Left","overriding_plate_id":466,"subducting_plate_id":902,"plate_ids":[466,902],"name":"Urumbai, Selety and Erementau zones"},"geometry":{"type":"LineString","coordinates":[[-7.339,-8.916],[-7.732,-9.227],[-8.125,-9.537],[-8.391,-9.929],[-8.658,-10.322],[-8.926,-10.714],[-9.194,-11.106],[-9.463,-11.498],[-9.732,-11.89],[-10.003,-12.281],[-10.274,-12.672],[-10.546,-13.063],[-10.925,-13.361],[-11.305,-13.659],[-11.687,-13.957],[-12.069,-14.254],[-12.452,-14.55],[-12.836,-14.846],[-13.222,-15.141],[-13.608,-15.435],[-13.914,-15.701],[-14.22,-15.967]]}},{"type":"Feature","properties":{"boundary_type":"subduction","feature_type":"gpml:SubductionZone","polarity":"Left","overriding_plate_id":701,"subducting_plate_id":22601,"plate_ids":[701,22601],"name":"Famatina subduction zone"},"geometry":{"type":"LineString","coordinates":[[-136.597,-30.725],[-137.037,-30.887],[-137.479,-31.047],[-138.011,-31.078],[-138.543,-31.107],[-139.075,-31.134],[-139.608,-31.158],[-140.141,-31.18],[-140.674,-31.2],[-141.205,-31.295],[-141.738,-31.388],[-142.271,-31.479],[-142.806,-31.567],[-143.341,-31.653],[-143.878,-31.737],[-144.415,-31.819],[-144.894,-32.009],[-145.374,-32.198],[-145.856,-32.384],[-146.34,-32.569],[-146.826,-32.752],[-147.314,-32.933],[-147.825,-32.836],[-148.335,-32.736],[-148.843,-32.635],[-149.351,-32.532],[-149.857,-32.427],[-150.316,-32.148],[-150.773,-31.868],[-151.226,-31.585],[-151.677,-31.302],[-152.125,-31.016],[-152.571,-30.73],[-153.068,-30.511],[-153.563,-30.29],[-154.056,-30.067],[-154.547,-29.842],[-155.036,-29.616],[-155.522,-29.388],[-156.006,-29.158],[-156.488,-28.926],[-156.99,-28.773],[-157.49,-28.619],[-157.989,-28.462],[-158.486,-28.304],[-158.982,-28.144],[-159.476,-27.983],[-159.969,-27.819],[-160.423,-27.548],[-160.874,-27.276],[-161.324,-27.002],[-161.771,-26.727],[-162.217,-26.45],[-162.66,-26.172],[-163.101,-25.893],[-163.54,-25.612],[-163.976,-25.33],[-164.411,-25.047],[-164.844,-24.762],[-165.275,-24.476],[-165.679,-24.265],[-166.082,-24.052],[-166.484,-23.839]]}},{"type":"Feature","properties":{"boundary_type":"subduction","feature_type":"gpml:SubductionZone","polarity":"Left","overriding_plate_id":701,"subducting_plate_id":919,"plate_ids":[701,919],"name":"Famatina subduction zone"},"geometry":{"type":"LineString","coordinates":[[-166.484,-23.839],[-166.911,-23.61],[-167.337,-23.38],[-167.762,-23.148],[-168.185,-22.916],[-168.607,-22.682],[-169.027,-22.447],[-169.446,-22.212],[-169.887,-22.052],[-170.328,-21.891],[-170.768,-21.729],[-171.207,-21.566],[-171.645,-21.402],[-172.082,-21.236],[-172.518,-21.07],[-173.018,-20.894],[-173.517,-20.717],[-174.015,-20.538],[-174.511,-20.358],[-175.006,-20.176],[-175.501,-19.993],[-175.994,-19.809],[-176.485,-19.623],[-176.828,-19.325],[-177.169,-19.026],[-177.509,-18.727],[-177.847,-18.427],[-178.185,-18.126],[-178.521,-17.825],[-178.856,-17.523],[-179.334,-17.364],[-179.811,-17.203],[179.714,-17.041],[179.239,-16.878],[178.765,-16.713],[178.258,-16.677],[177.752,-16.639],[177.246,-16.6],[176.741,-16.559],[176.235,-16.518],[175.73,-16.475],[175.225,-16.431],[174.72,-16.386],[174.216,-16.339],[173.712,-16.292],[173.208,-16.243],[172.704,-16.193],[172.2,-16.142],[171.697,-16.089],[171.194,-16.036]]}},{"type":"Feature","properties":{"boundary_type":"subduction","feature_type":"gpml:SubductionZone","polarity":"Left","overriding_plate_id":601,"subducting_plate_id":456,"plate_ids":[456,601],"name":"Qinling SZ"},"geometry":{"type":"LineString","coordinates":[[56.428,-10.255],[56.799,-10.262],[57.17,-10.268],[57.541,-10.274],[57.806,-10.277],[58.071,-10.28]]}},{"type":"Feature","properties":{"boundary_type":"subduction","feature_type":"gpml:SubductionZone","polarity":"Left","overriding_plate_id":6013,"subducting_plate_id":456,"plate_ids":[456,6013],"name":"Qinling SZ"},"geometry":{"type":"LineString","coordinates":[[58.071,-10.28],[58.49,-10.285],[58.909,-10.289],[59.334,-10.384],[59.758,-10.478],[60.183,-10.572],[60.58,-10.83],[60.977,-11.088]]}},{"type":"Feature","properties":{"boundary_type":"subduction","feature_type":"gpml:SubductionZone","polarity":"Left","overriding_plate_id":6013,"subducting_plate_id":580,"plate_ids":[580,6013],"name":"Qinling SZ"},"geometry":{"type":"LineString","coordinates":[[60.977,-11.088],[61.207,-11.237],[61.611,-11.402],[62.016,-11.566],[62.421,-11.729],[62.744,-12.065],[63.068,-12.4],[63.393,-12.735],[63.718,-13.07],[64.045,-13.404],[64.372,-13.737],[64.7,-14.07],[65.024,-14.427],[65.35,-14.784],[65.676,-15.14],[66.003,-15.495],[66.331,-15.85],[66.695,-15.994],[67.06,-16.136],[67.124,-16.205]]}},{"type":"Feature","properties":{"boundary_type":"subduction","feature_type":"gpml:SubductionZone","polarity":"Left","overriding_plate_id":457,"subducting_plate_id":580,"plate_ids":[457,580],"name":"Kunlun subduction zone"},"geometry":{"type":"LineString","coordinates":[[72.453,-39.868],[72.41,-39.41],[72.367,-38.952],[72.325,-38.494],[72.283,-38.036],[72.242,-37.578],[72.201,-37.12],[72.161,-36.662],[72.121,-36.204],[71.841,-35.783],[71.565,-35.362],[71.291,-34.94],[71.02,-34.517],[70.752,-34.094],[70.486,-33.67],[70.223,-33.246],[69.963,-32.821],[69.705,-32.396],[69.449,-31.97],[69.19,-31.543],[68.933,-31.116],[68.678,-30.688],[68.426,-30.259],[68.176,-29.83],[67.928,-29.401],[67.682,-28.971],[67.527,-28.503],[67.374,-28.034],[67.222,-27.565],[67.072,-27.096],[66.923,-26.627],[66.774,-26.158],[66.628,-25.689],[66.482,-25.219],[66.337,-24.75],[66.194,-24.28],[66.051,-23.81],[65.91,-23.34],[65.77,-22.87],[65.63,-22.399],[65.492,-21.929],[65.354,-21.458],[65.217,-21.033],[65.081,-20.608]]}},{"type":"Feature","properties":{"boundary_type":"subduction","feature_type":"gpml:SubductionZone","polarity":"Right","overriding_plate_id":451,"subducting_plate_id":456,"plate_ids":[451,456],"name":"Qilian subductino zone"},"geometry":{"type":"LineString","coordinates":[[50.282,-1.169],[50.157,-1.592],[50.032,-2.016],[49.907,-2.439],[49.782,-2.863],[49.656,-3.286],[49.531,-3.71],[49.28,-4.079],[49.029,-4.447],[48.778,-4.816],[48.526,-5.185],[48.274,-5.553],[48.022,-5.922],[47.899,-6.351],[47.776,-6.781],[47.653,-7.211],[47.53,-7.641],[47.406,-8.071],[47.282,-8.501],[47.3,-8.967],[47.318,-9.434],[47.336,-9.9],[47.353,-10.367],[47.323,-10.84],[47.292,-11.313],[47.292,-11.321]]}},{"type":"Feature","properties":{"boundary_type":"subduction","feature_type":"gpml:SubductionZone","polarity":"Right","overriding_plate_id":4511,"subducting_plate_id":456,"plate_ids":[456,4511],"name":"Qilian subductino zone"},"geometry":{"type":"LineString","coordinates":[[47.292,-11.321],[47.3,-11.74],[47.307,-12.159],[47.315,-12.578],[47.322,-12.996],[47.33,-13.415],[47.291,-13.858],[47.252,-14.301],[47.213,-14.744],[47.173,-15.187],[47.134,-15.63],[47.002,-16.055],[46.87,-16.479],[46.737,-16.904],[46.603,-17.328],[46.469,-17.753],[46.378,-18.157],[46.287,-18.561],[46.195,-18.965]]}},{"type":"Feature","properties":{"boundary_type":"subduction","feature_type":"gpml:SubductionZone","polarity":"Right","overriding_plate_id":401,"subducting_plate_id":902,"plate_ids":[401,902],"name":"Chingiz subduction zone"},"geometry":{"type":"LineString","coordinates":[[-21.442,-2.459],[-21.068,-2.784],[-20.694,-3.108],[-20.319,-3.432],[-19.944,-3.756],[-19.569,-4.08],[-19.194,-4.403],[-18.937,-4.774],[-18.681,-5.144],[-18.424,-5.514],[-18.167,-5.884],[-17.909,-6.254],[-17.651,-6.624],[-17.392,-6.993],[-17.134,-7.363],[-16.874,-7.732],[-16.676,-8.154],[-16.477,-8.575],[-16.278,-8.997],[-16.079,-9.418],[-15.878,-9.84],[-15.757,-10.264],[-15.634,-10.687],[-15.512,-11.111],[-15.389,-11.535]]}},{"type":"Feature","properties":{"boundary_type":"subduction","feature_type":"gpml:SubductionZone","polarity":"Right","overriding_plate_id":401,"subducting_plate_id":902,"plate_ids":[401,902],"name":"Chingiz subduction zone"},"geometry":{"type":"LineString","coordinates":[[-15.389,-11.535],[-15.268,-11.951],[-15.146,-12.366],[-15.025,-12.782],[-14.902,-13.198],[-14.818,-13.543],[-14.734,-13.888],[-14.649,-14.234]]}},{"type":"Feature","properties":{"boundary_type":"subduction","feature_type":"gpml:SubductionZone","polarity":"Right","overriding_plate_id":466,"subducting_plate_id":902,"plate_ids":[466,902],"name":"Chingiz subduction zone"},"geometry":{"type":"LineString","coordinates":[[-14.649,-14.234],[-14.543,-14.667],[-14.436,-15.101],[-14.328,-15.534],[-14.22,-15.967]]}},{"type":"Feature","properties":{"boundary_type":"subduction","feature_type":"gpml:SubductionZone","polarity":"Right","overriding_plate_id":460,"subducting_plate_id":926,"plate_ids":[460,926],"name":"Subduction zone outboard of Tarim"},"geometry":{"type":"LineString","coordinates":[[14.031,-1.789],[14.489,-1.802],[14.947,-1.815],[15.405,-1.828],[15.863,-1.841],[16.321,-1.854],[16.779,-1.867],[17.237,-1.88],[17.695,-1.892],[18.153,-1.905],[18.611,-1.917],[19.069,-1.929],[19.549,-1.876],[20.03,-1.823],[20.51,-1.77],[20.99,-1.717],[21.47,-1.664],[21.951,-1.61],[22.431,-1.557],[22.911,-1.503],[23.391,-1.449],[23.871,-1.395],[24.351,-1.341],[24.831,-1.287],[25.311,-1.233],[25.791,-1.179],[26.271,-1.125],[26.764,-1.2],[27.258,-1.275],[27.751,-1.35],[28.244,-1.425],[28.738,-1.5],[29.231,-1.575],[29.724,-1.649],[30.218,-1.724],[30.711,-1.798],[31.205,-1.872],[31.698,-1.946],[32.192,-2.02],[32.686,-2.094],[33.159,-2.1],[33.633,-2.105],[34.107,-2.111],[34.581,-2.116],[35.055,-2.121],[35.529,-2.126],[36.002,-2.131],[36.476,-2.136],[36.95,-2.14],[37.424,-2.145],[37.898,-2.149],[38.372,-2.153],[38.846,-2.157],[39.32,-2.161],[39.793,-2.165],[40.267,-2.168],[40.679,-2.123],[41.091,-2.077],[41.503,-2.032],[41.914,-1.986],[42.326,-1.94]]}},{"type":"Feature","properties":{"boundary_type":"subduction","feature_type":"gpml:SubductionZone","polarity":"Right","overriding_plate_id":451,"subducting_plate_id":926,"plate_ids":[451,926],"name":"Subduction zone outboard of Tarim"},"geometry":{"type":"LineString","coordinates":[[42.326,-1.94],[42.787,-1.889],[43.249,-1.837],[43.71,-1.786],[44.171,-1.734],[44.632,-1.682],[45.093,-1.63],[45.555,-1.578],[46.016,-1.525],[46.477,-1.473],[46.938,-1.421],[47.399,-1.368],[47.86,-1.315],[48.344,-1.286],[48.829,-1.257],[49.313,-1.228],[49.798,-1.198],[50.282,-1.169]]}},{"type":"Feature","properties":{"boundary_type":"subduction","feature_type":"gpml:SubductionZone","polarity":"Right","overriding_plate_id":456,"subducting_plate_id":926,"plate_ids":[456,926],"name":"Subduction zone outboard of Tarim"},"geometry":{"type":"LineString","coordinates":[[50.282,-1.169],[50.689,-1.144],[51.095,-1.119],[51.502,-1.094],[51.909,-1.069],[52.315,-1.044],[52.785,-1.043],[53.255,-1.043],[53.724,-1.042],[54.194,-1.042],[54.663,-1.041],[55.133,-1.041],[55.602,-1.04],[56.072,-1.039],[56.542,-1.038],[57.011,-1.037],[57.481,-1.036],[57.95,-1.035],[58.42,-1.034],[58.89,-1.033],[59.359,-1.032]]}},{"type":"Feature","properties":{"boundary_type":"subduction","feature_type":"gpml:SubductionZone","polarity":"Left","overriding_plate_id":460,"subducting_plate_id":459,"plate_ids":[459,460],"name":"Tien Shan subduction"},"geometry":{"type":"LineString","coordinates":[[27.431,-11.844],[27.161,-12.136],[26.891,-12.428],[26.62,-12.719],[26.348,-13.01],[26.023,-13.338],[25.697,-13.665],[25.37,-13.992],[25.076,-14.356],[24.78,-14.719],[24.484,-15.082],[24.186,-15.445],[23.888,-15.807],[23.588,-16.169],[23.234,-16.443],[22.879,-16.715],[22.523,-16.987]]}},{"type":"Feature","properties":{"boundary_type":"subduction","feature_type":"gpml:SubductionZone","polarity":"Left","overriding_plate_id":466,"subducting_plate_id":459,"plate_ids":[459,466],"name":"Tien Shan subduction"},"geometry":{"type":"LineString","coordinates":[[22.523,-16.987],[22.365,-17.107],[21.986,-17.279],[21.607,-17.449],[21.226,-17.619],[20.846,-17.789],[20.464,-17.957],[20.075,-18.167],[19.686,-18.376],[19.296,-18.583],[18.892,-18.792],[18.487,-19.001],[18.081,-19.208],[17.673,-19.414],[17.265,-19.62],[16.856,-19.824],[16.413,-20.033],[15.969,-20.24],[15.524,-20.446],[15.077,-20.652],[14.629,-20.856],[14.203,-21.021],[13.776,-21.186],[13.347,-21.349],[12.918,-21.511],[12.488,-21.672],[12.057,-21.832],[11.55,-21.852],[11.043,-21.87],[10.536,-21.887],[10.029,-21.902],[9.522,-21.915],[9.015,-21.927],[8.508,-21.937],[8.001,-21.946],[7.493,-21.953],[6.986,-21.959],[6.507,-21.863],[6.029,-21.765],[5.552,-21.666],[5.075,-21.566],[4.599,-21.464],[4.123,-21.361],[3.649,-21.256],[3.184,-21.08],[2.72,-20.903],[2.258,-20.724],[1.796,-20.544],[1.336,-20.363],[0.877,-20.18],[0.419,-19.997],[-0.024,-19.78]]}},{"type":"Feature","properties":{"boundary_type":"subduction","feature_type":"gpml:SubductionZone","polarity":"Left","overriding_plate_id":580,"subducting_plate_id":451,"plate_ids":[451,580],"name":"Dunhuang-Hanshan subduction"},"geometry":{"type":"LineString","coordinates":[[39.515,-18.491],[39.485,-18.916],[39.455,-19.341],[39.468,-19.029],[39.482,-18.716]]}},{"type":"Feature","properties":{"boundary_type":"subduction","feature_type":"gpml:SubductionZone","polarity":"Left","overriding_plate_id":460,"subducting_plate_id":451,"plate_ids":[451,460],"name":"Dunhuang-Hanshan subduction"},"geometry":{"type":"LineString","coordinates":[[39.482,-18.716],[39.496,-18.364],[39.511,-18.011],[39.526,-17.659],[39.424,-17.266],[39.323,-16.873],[39.222,-16.48],[39.122,-16.087],[38.992,-15.648],[38.863,-15.209],[38.699,-14.789],[38.535,-14.369],[38.435,-13.963],[38.334,-13.558],[38.234,-13.152],[38.134,-12.747],[38.035,-12.341],[38.064,-11.931],[38.092,-11.52],[38.121,-11.11],[38.149,-10.7],[38.313,-10.304],[38.476,-9.907],[38.64,-9.511],[38.802,-9.114],[38.988,-8.676],[39.174,-8.237],[39.36,-7.798],[39.546,-7.343],[39.731,-6.887],[39.917,-6.431],[40.102,-5.975],[40.286,-5.519],[40.511,-5.086],[40.736,-4.654],[40.96,-4.221],[41.184,-3.788],[41.388,-3.433],[41.592,-3.078],[41.796,-2.723],[42.061,-2.332],[42.326,-1.94]]}},{"type":"Feature","properties":{"boundary_type":"subduction","feature_type":"gpml:SubductionZone","polarity":"Left","overriding_plate_id":457,"subducting_plate_id":456,"plate_ids":[456,457],"name":"Kunlun-Qaidam suture"},"geometry":{"type":"LineString","coordinates":[[61.239,-18.361],[61.312,-18.822],[61.385,-19.283],[61.459,-19.743],[61.533,-20.204],[61.607,-20.665],[61.682,-21.125],[61.758,-21.586],[61.834,-22.046],[62.014,-22.515],[62.196,-22.983],[62.379,-23.451],[62.563,-23.919],[62.831,-24.338],[63.102,-24.757],[63.374,-25.175],[63.648,-25.593],[63.923,-26.01],[64.201,-26.426],[64.272,-26.88],[64.344,-27.334],[64.417,-27.788],[64.49,-28.242],[64.563,-28.696],[64.637,-29.149],[64.712,-29.603],[64.788,-30.057],[64.864,-30.51],[64.849,-30.89],[64.834,-31.269],[64.819,-31.649],[64.803,-32.028]]}},{"type":"Feature","properties":{"boundary_type":"subduction","feature_type":"gpml:SubductionZone","polarity":"Left","overriding_plate_id":null,"subducting_plate_id":null,"plate_ids":[457],"name":"Kunlun-Qaidam suture"},"geometry":{"type":"LineString","coordinates":[[64.803,-32.028],[64.795,-32.228],[65.105,-32.541],[65.417,-32.854],[65.545,-33.167]]}},{"type":"Feature","properties":{"boundary_type":"subduction","feature_type":"gpml:SubductionZone","polarity":"Right","overriding_plate_id":6013,"subducting_plate_id":601,"plate_ids":[601,6013],"name":"Qinling SZ"},"geometry":{"type":"LineString","coordinates":[[59.09,-9.12],[59.558,-9.301],[60.026,-9.482],[60.495,-9.662],[60.964,-9.842],[61.433,-10.02],[61.796,-10.276],[62.159,-10.532],[62.523,-10.786],[62.887,-11.041],[63.252,-11.295],[63.617,-11.549],[63.918,-11.846],[64.219,-12.143],[64.52,-12.439],[64.823,-12.736],[65.126,-13.031],[65.43,-13.327],[65.84,-13.587],[66.251,-13.847],[66.663,-14.106],[67.076,-14.364],[67.425,-14.541],[67.775,-14.717],[68.126,-14.893],[68.477,-15.069],[68.477,-15.069]]}},{"type":"Feature","properties":{"boundary_type":"subduction","feature_type":"gpml:SubductionZone","polarity":"Right","overriding_plate_id":580,"subducting_plate_id":601,"plate_ids":[580,601],"name":"Qinling SZ"},"geometry":{"type":"LineString","coordinates":[[68.477,-15.069],[68.737,-15.308],[68.998,-15.547],[69.396,-15.647],[69.795,-15.747],[70.194,-15.845],[70.593,-15.943],[71.07,-16.01],[71.546,-16.077],[72.023,-16.142],[72.518,-16.215],[73.013,-16.287],[73.508,-16.358],[74.004,-16.428],[74.5,-16.497],[74.924,-16.628],[75.348,-16.759],[75.772,-16.888],[76.2,-17.0],[76.629,-17.111],[77.058,-17.22],[77.488,-17.329],[77.918,-17.437],[78.349,-17.544],[78.559,-17.56]]}},{"type":"Feature","properties":{"boundary_type":"subduction","feature_type":"gpml:SubductionZone","polarity":"Right","overriding_plate_id":404,"subducting_plate_id":4041,"plate_ids":[404,4041],"name":"North Kara subduction zone"},"geometry":{"type":"LineString","coordinates":[[-27.825,-29.382],[-27.427,-29.331],[-27.03,-29.279],[-26.633,-29.226],[-26.128,-29.077],[-25.625,-28.927],[-25.124,-28.774],[-24.623,-28.62],[-24.125,-28.464],[-23.628,-28.306],[-23.194,-28.182],[-22.762,-28.057],[-22.331,-27.93],[-21.901,-27.802],[-21.409,-27.586],[-20.919,-27.369],[-20.432,-27.15],[-19.946,-26.93],[-19.462,-26.708],[-18.979,-26.484],[-18.499,-26.259],[-18.021,-26.032],[-17.56,-25.874],[-17.1,-25.715],[-16.642,-25.555],[-16.184,-25.393],[-15.728,-25.229],[-15.274,-25.065],[-14.82,-24.899],[-14.371,-24.748]]}},{"type":"Feature","properties":{"boundary_type":"subduction","feature_type":"gpml:SubductionZone","polarity":"Right","overriding_plate_id":466,"subducting_plate_id":4041,"plate_ids":[466,4041],"name":"North Kara subduction zone"},"geometry":{"type":"LineString","coordinates":[[-14.371,-24.748],[-13.968,-24.611],[-13.566,-24.473],[-13.164,-24.335],[-12.764,-24.195]]}},{"type":"Feature","properties":{"boundary_type":"subduction","feature_type":"gpml:SubductionZone","polarity":"Right","overriding_plate_id":401,"subducting_plate_id":401,"plate_ids":[401,401],"name":"Guberlya subduction zone"},"geometry":{"type":"LineString","coordinates":[[-17.938,-14.773],[-18.057,-15.225],[-18.177,-15.676],[-18.298,-16.127],[-18.419,-16.578],[-18.695,-16.98],[-18.973,-17.381],[-19.252,-17.782],[-19.533,-18.183],[-19.815,-18.583],[-20.098,-18.983],[-20.382,-19.382],[-20.668,-19.781],[-20.955,-20.18],[-21.367,-20.425],[-21.78,-20.67],[-22.194,-20.913],[-22.61,-21.155],[-23.027,-21.397],[-23.446,-21.637],[-23.866,-21.877],[-24.287,-22.115],[-24.779,-22.269],[-25.273,-22.422],[-25.768,-22.574],[-26.264,-22.724],[-26.761,-22.872],[-27.259,-23.019],[-27.758,-23.165],[-28.258,-23.308],[-28.782,-23.336],[-29.306,-23.362],[-29.831,-23.386],[-30.356,-23.408],[-30.88,-23.428],[-31.405,-23.447],[-31.93,-23.464],[-32.456,-23.479],[-32.981,-23.492],[-33.492,-23.442],[-34.004,-23.39],[-34.514,-23.337],[-35.024,-23.282],[-35.534,-23.225],[-36.044,-23.167]]}},{"type":"Feature","properties":{"boundary_type":"ridge","feature_type":"gpml:MidOceanRidge","polarity":null,"overriding_plate_id":null,"subducting_plate_id":null,"plate_ids":[184,302],"name":"Baltica-greater Avalonia ridge"},"geometry":{"type":"LineString","coordinates":[[-26.393,-67.032],[-26.573,-67.426],[-26.76,-67.819],[-26.953,-68.213],[-27.153,-68.606],[-26.311,-68.662],[-25.464,-68.713],[-25.659,-69.113],[-25.861,-69.513]]}},{"type":"Feature","properties":{"boundary_type":"ridge","feature_type":"gpml:MidOceanRidge","polarity":null,"overriding_plate_id":null,"subducting_plate_id":null,"plate_ids":[173,302],"name":"Baltica-Laurentia MOR"},"geometry":{"type":"LineString","coordinates":[[-77.603,-37.382],[-77.738,-37.592],[-78.142,-37.481],[-78.545,-37.368],[-78.817,-37.8],[-79.092,-38.231],[-79.371,-38.662],[-79.653,-39.092],[-79.938,-39.522],[-80.33,-39.371],[-80.72,-39.22],[-81.108,-39.067],[-81.417,-39.428],[-81.73,-39.789],[-82.046,-40.149],[-82.365,-40.508],[-82.688,-40.866],[-83.014,-41.223],[-83.519,-40.998],[-84.021,-40.771],[-84.289,-41.119],[-84.561,-41.467],[-84.835,-41.815],[-85.112,-42.161],[-85.392,-42.507],[-85.972,-42.263],[-86.276,-42.686],[-86.584,-43.109],[-86.896,-43.53],[-87.145,-43.922],[-87.398,-44.313],[-87.654,-44.704],[-87.914,-45.094],[-88.339,-44.979],[-88.763,-44.863]]}},{"type":"Feature","properties":{"boundary_type":"ridge","feature_type":"gpml:MidOceanRidge","polarity":null,"overriding_plate_id":null,"subducting_plate_id":null,"plate_ids":[173,302],"name":""},"geometry":{"type":"LineString","coordinates":[[-68.598,-21.443],[-68.62,-21.625],[-69.077,-21.639],[-69.535,-21.651],[-69.993,-21.662],[-70.007,-22.117],[-70.02,-22.571],[-70.034,-23.025],[-70.048,-23.48],[-70.432,-23.513],[-70.817,-23.545],[-71.201,-23.576],[-71.17,-23.999],[-71.139,-24.421],[-71.107,-24.843],[-71.076,-25.265],[-71.044,-25.688],[-71.558,-25.729],[-72.072,-25.77],[-72.587,-25.808],[-72.534,-26.297],[-72.48,-26.787],[-72.426,-27.277],[-72.371,-27.766],[-72.834,-27.828],[-73.297,-27.887],[-73.761,-27.945],[-73.72,-28.381],[-73.678,-28.817],[-73.636,-29.254],[-73.593,-29.69],[-73.993,-29.743],[-74.393,-29.795],[-74.793,-29.847],[-74.706,-30.281],[-74.619,-30.715],[-74.531,-31.148],[-74.442,-31.582],[-74.353,-32.016],[-74.734,-32.101],[-75.115,-32.185],[-75.497,-32.267],[-75.432,-32.637],[-75.367,-33.008],[-75.926,-33.101],[-76.487,-33.192],[-77.049,-33.28],[-76.975,-33.701],[-76.901,-34.121],[-76.826,-34.542],[-76.75,-34.962],[-76.674,-35.382],[-77.091,-35.445],[-77.508,-35.506],[-77.926,-35.565],[-77.847,-36.02],[-77.766,-36.474],[-77.685,-36.928],[-77.603,-37.382]]}},{"type":"Feature","properties":{"boundary_type":"ridge","feature_type":"gpml:MidOceanRidge","polarity":null,"overriding_plate_id":null,"subducting_plate_id":null,"plate_ids":[302,401],"name":"Unnamed ridge between Baltica and Siberia plates"},"geometry":{"type":"LineString","coordinates":[[-46.0,-32.58],[-46.519,-32.487],[-47.036,-32.391],[-47.553,-32.293],[-48.068,-32.193],[-48.006,-31.743],[-47.944,-31.293],[-47.882,-30.843],[-48.432,-30.735],[-48.98,-30.626],[-49.527,-30.514],[-50.072,-30.4],[-50.001,-30.038],[-49.93,-29.677],[-49.86,-29.315],[-50.373,-29.276],[-50.885,-29.234],[-51.397,-29.191],[-51.909,-29.145],[-52.42,-29.098],[-52.931,-29.049],[-53.441,-28.997],[-53.31,-28.547],[-53.179,-28.097],[-53.05,-27.647],[-53.531,-27.551],[-54.012,-27.452],[-54.492,-27.352],[-54.97,-27.251],[-55.448,-27.148],[-55.925,-27.043],[-56.402,-26.936],[-56.29,-26.614],[-56.179,-26.291],[-56.068,-25.968],[-56.571,-25.861],[-57.073,-25.751],[-57.575,-25.64],[-58.075,-25.527],[-58.575,-25.412],[-59.073,-25.295],[-59.57,-25.177],[-59.457,-24.797],[-59.344,-24.416],[-59.822,-24.272],[-60.298,-24.127],[-60.774,-23.98],[-61.249,-23.832],[-61.722,-23.683],[-62.195,-23.532],[-62.666,-23.38],[-62.516,-22.964],[-62.367,-22.549],[-62.885,-22.467],[-63.403,-22.383],[-63.92,-22.297],[-64.437,-22.21],[-64.952,-22.121],[-65.468,-22.031],[-65.982,-21.938],[-66.496,-21.845],[-67.009,-21.749],[-67.522,-21.652],[-68.034,-21.554]]}},{"type":"Feature","properties":{"boundary_type":"ridge","feature_type":"gpml:MidOceanRidge","polarity":null,"overriding_plate_id":null,"subducting_plate_id":null,"plate_ids":[173,302],"name":"Unnamed ridge between Baltica and Siberia plates"},"geometry":{"type":"LineString","coordinates":[[-68.034,-21.554],[-68.316,-21.499],[-68.598,-21.443]]}},{"type":"Feature","properties":{"boundary_type":"ridge","feature_type":"gpml:MidOceanRidge","polarity":null,"overriding_plate_id":null,"subducting_plate_id":null,"plate_ids":[466,701],"name":"Tianshan-Gondwana MoR"},"geometry":{"type":"LineString","coordinates":[[12.898,-54.913],[13.227,-54.864],[13.336,-55.167],[13.447,-55.47],[14.187,-55.331],[14.922,-55.188],[15.652,-55.041],[16.376,-54.889],[17.095,-54.733],[17.808,-54.573],[18.516,-54.408],[19.218,-54.24],[19.483,-54.542],[19.753,-54.843],[20.535,-54.656],[21.311,-54.465],[22.079,-54.269],[22.84,-54.068],[23.593,-53.862],[24.339,-53.651],[25.077,-53.436],[25.808,-53.216],[26.532,-52.992],[26.22,-52.655],[25.913,-52.317],[26.536,-52.109],[27.154,-51.898],[27.765,-51.683],[28.371,-51.465],[28.971,-51.244],[29.565,-51.02],[29.872,-51.321],[30.526,-51.064],[31.172,-50.802],[31.812,-50.537],[32.444,-50.268],[33.069,-49.996],[33.688,-49.721],[33.505,-49.519],[34.106,-49.245],[34.7,-48.968],[35.287,-48.688],[35.868,-48.406],[36.442,-48.12],[37.01,-47.832],[37.572,-47.54],[38.127,-47.246],[38.676,-46.95],[39.22,-46.65],[39.532,-46.899],[40.048,-46.595],[40.557,-46.288],[41.061,-45.979],[41.56,-45.667],[42.053,-45.354],[42.54,-45.038],[43.022,-44.721],[43.499,-44.401],[43.971,-44.08]]}},{"type":"Feature","properties":{"boundary_type":"ridge","feature_type":"gpml:MidOceanRidge","polarity":null,"overriding_plate_id":null,"subducting_plate_id":null,"plate_ids":[580,701],"name":"Tianshan-Gondwana MoR"},"geometry":{"type":"LineString","coordinates":[[43.971,-44.08],[44.281,-43.865],[44.589,-43.65],[45.108,-43.347],[45.623,-43.042],[46.132,-42.734],[46.457,-42.515]]}},{"type":"Feature","properties":{"boundary_type":"ridge","feature_type":"gpml:MidOceanRidge","polarity":null,"overriding_plate_id":null,"subducting_plate_id":null,"plate_ids":[601,701],"name":"North China-Australia MoR"},"geometry":{"type":"LineString","coordinates":[[88.946,-6.594],[89.106,-6.153],[89.265,-5.711],[89.424,-5.27],[89.583,-4.829],[89.741,-4.387],[89.9,-3.946],[90.024,-3.636],[90.149,-3.327],[90.274,-3.017],[90.047,-2.891],[89.82,-2.765],[90.014,-2.367],[90.208,-1.968],[89.804,-1.791],[89.4,-1.614],[88.996,-1.437],[89.144,-1.073],[89.291,-0.709],[89.439,-0.345],[88.985,-0.158],[88.53,0.028],[88.661,0.394],[88.793,0.759],[88.924,1.124],[88.506,1.287],[88.088,1.45],[88.241,1.851],[88.395,2.253],[88.549,2.655],[88.703,3.057],[88.857,3.458],[89.012,3.86],[88.664,3.975],[88.316,4.09],[87.968,4.204],[88.089,4.572],[88.209,4.939],[88.329,5.307],[88.45,5.674],[88.017,5.812]]}},{"type":"Feature","properties":{"boundary_type":"ridge","feature_type":"gpml:MidOceanRidge","polarity":null,"overriding_plate_id":null,"subducting_plate_id":null,"plate_ids":[701,926],"name":"North China-Australia MoR"},"geometry":{"type":"LineString","coordinates":[[88.017,5.812],[87.562,5.957],[87.106,6.102],[87.191,6.413]]}},{"type":"Feature","properties":{"boundary_type":"ridge","feature_type":"gpml:MidOceanRidge","polarity":null,"overriding_plate_id":null,"subducting_plate_id":null,"plate_ids":[601,602],"name":"North China-South China MoR"},"geometry":{"type":"LineString","coordinates":[[82.43,-8.214],[82.378,-8.705],[82.326,-9.197],[82.274,-9.688],[82.016,-9.668],[81.758,-9.647],[81.73,-10.107],[81.702,-10.567],[81.674,-11.027],[81.646,-11.487],[81.617,-11.947],[81.589,-12.407],[81.56,-12.868],[81.532,-13.328],[81.255,-13.314],[80.978,-13.299],[80.939,-13.686],[80.901,-14.072],[80.862,-14.459],[80.823,-14.845],[80.442,-14.803]]}},{"type":"Feature","properties":{"boundary_type":"ridge","feature_type":"gpml:MidOceanRidge","polarity":null,"overriding_plate_id":null,"subducting_plate_id":null,"plate_ids":[580,601],"name":"North China-South China MoR"},"geometry":{"type":"LineString","coordinates":[[80.442,-14.803],[79.94,-14.747],[79.438,-14.69],[79.293,-15.169],[79.148,-15.648],[79.002,-16.126],[78.855,-16.604],[78.707,-17.082],[78.559,-17.56]]}},{"type":"Feature","properties":{"boundary_type":"ridge","feature_type":"gpml:MidOceanRidge","polarity":null,"overriding_plate_id":null,"subducting_plate_id":null,"plate_ids":[580,701],"name":""},"geometry":{"type":"LineString","coordinates":[[71.222,-50.792],[71.939,-50.882],[72.659,-50.968],[73.381,-51.049],[74.106,-51.126],[74.227,-50.647],[74.346,-50.169],[74.463,-49.69],[74.577,-49.211],[74.689,-48.732],[74.799,-48.253],[74.906,-47.774],[75.012,-47.294],[75.116,-46.815],[75.218,-46.335],[75.319,-45.856],[75.417,-45.376],[75.514,-44.896],[75.61,-44.416],[75.703,-43.936],[75.796,-43.456],[76.302,-43.486],[76.809,-43.513],[77.316,-43.538],[77.374,-43.044],[77.431,-42.55],[77.488,-42.057],[77.543,-41.563],[77.598,-41.069],[77.651,-40.576],[77.704,-40.082],[77.757,-39.588],[77.808,-39.094],[77.859,-38.601],[77.5,-38.562],[77.141,-38.522],[77.204,-38.048],[77.267,-37.575],[77.328,-37.101],[77.389,-36.628],[77.449,-36.154],[77.508,-35.681],[77.567,-35.207],[77.625,-34.733],[77.682,-34.26],[77.739,-33.786],[77.795,-33.312],[77.85,-32.838],[77.905,-32.364],[77.959,-31.891],[78.013,-31.417],[78.066,-30.943]]}},{"type":"Feature","properties":{"boundary_type":"ridge","feature_type":"gpml:MidOceanRidge","polarity":null,"overriding_plate_id":null,"subducting_plate_id":null,"plate_ids":[580,602],"name":""},"geometry":{"type":"LineString","coordinates":[[78.066,-30.943],[78.105,-30.593],[78.593,-30.648],[78.644,-30.18],[78.694,-29.712],[78.744,-29.244],[78.794,-28.776],[78.843,-28.307],[78.891,-27.839],[78.939,-27.371],[78.987,-26.903],[79.034,-26.434],[79.081,-25.966],[79.127,-25.498],[79.174,-25.029],[79.219,-24.561],[79.265,-24.093],[79.31,-23.624],[79.355,-23.156],[78.905,-23.138],[78.456,-23.119],[78.507,-22.765],[78.558,-22.412],[78.609,-22.058]]}},{"type":"Feature","properties":{"boundary_type":"ridge","feature_type":"gpml:MidOceanRidge","polarity":null,"overriding_plate_id":null,"subducting_plate_id":null,"plate_ids":[919,22601],"name":"Laurentia-Cuyania Ridge"},"geometry":{"type":"LineString","coordinates":[[-170.065,7.616],[-169.783,7.254],[-169.501,6.892],[-169.219,6.53],[-168.938,6.167],[-168.657,5.804],[-168.377,5.441],[-168.097,5.079]]}},{"type":"Feature","properties":{"boundary_type":"ridge","feature_type":"gpml:MidOceanRidge","polarity":null,"overriding_plate_id":null,"subducting_plate_id":null,"plate_ids":[101,22601],"name":"Laurentia-Cuyania Ridge"},"geometry":{"type":"LineString","coordinates":[[-168.097,5.079],[-167.832,4.735],[-167.567,4.391],[-167.303,4.046],[-167.039,3.702],[-166.775,3.358],[-166.511,3.013],[-166.84,2.64],[-167.169,2.266],[-166.867,1.887],[-166.565,1.508],[-166.263,1.129],[-165.962,0.75],[-165.66,0.371],[-165.359,-0.008],[-165.057,-0.387],[-164.755,-0.766],[-164.454,-1.145],[-164.152,-1.524],[-163.85,-1.903],[-163.548,-2.282],[-163.246,-2.661],[-162.944,-3.04],[-162.641,-3.418],[-162.338,-3.797],[-162.035,-4.175],[-161.732,-4.554],[-161.428,-4.932],[-161.124,-5.31],[-160.82,-5.688],[-160.515,-6.066],[-160.21,-6.444],[-159.904,-6.821],[-159.598,-7.198],[-159.292,-7.575],[-158.984,-7.952],[-158.677,-8.329],[-158.368,-8.705],[-158.059,-9.081],[-157.699,-8.85],[-157.34,-8.619],[-156.981,-8.388],[-156.687,-8.777],[-156.392,-9.166],[-156.097,-9.554],[-155.801,-9.942],[-155.504,-10.33],[-155.207,-10.718],[-154.909,-11.106],[-154.61,-11.493],[-154.31,-11.88],[-154.009,-12.266],[-153.708,-12.653],[-153.406,-13.038],[-153.102,-13.424],[-152.798,-13.809],[-152.493,-14.194],[-152.186,-14.578],[-151.879,-14.962],[-151.57,-15.346],[-151.261,-15.729],[-150.95,-16.112],[-150.638,-16.494],[-150.324,-16.876],[-150.01,-17.257],[-149.694,-17.638]]}},{"type":"Feature","properties":{"boundary_type":"ridge","feature_type":"gpml:MidOceanRidge","polarity":null,"overriding_plate_id":null,"subducting_plate_id":null,"plate_ids":[173,22601],"name":"Laurentia-Cuyania Ridge"},"geometry":{"type":"LineString","coordinates":[[-149.694,-17.638],[-149.453,-17.928],[-149.84,-18.209],[-150.229,-18.49],[-149.909,-18.872],[-149.588,-19.252],[-149.265,-19.633],[-148.941,-20.012],[-148.615,-20.391],[-148.288,-20.77],[-147.959,-21.147],[-147.628,-21.525],[-147.296,-21.901],[-146.961,-22.277],[-146.625,-22.652],[-146.287,-23.027],[-145.948,-23.4],[-145.606,-23.773],[-145.262,-24.145],[-144.917,-24.517],[-144.569,-24.888],[-144.262,-24.684],[-143.957,-24.48],[-143.652,-24.275],[-143.328,-24.634],[-143.003,-24.992],[-142.675,-25.35],[-142.345,-25.707],[-142.014,-26.063]]}},{"type":"Feature","properties":{"boundary_type":"ridge","feature_type":"gpml:MidOceanRidge","polarity":null,"overriding_plate_id":null,"subducting_plate_id":null,"plate_ids":[185,22601],"name":"Laurentia-Cuyania Ridge"},"geometry":{"type":"LineString","coordinates":[[-142.014,-26.063],[-141.684,-26.414],[-141.352,-26.765],[-141.018,-27.115],[-140.682,-27.464],[-140.344,-27.813],[-140.003,-28.16],[-139.66,-28.507],[-139.316,-28.853],[-138.968,-29.197],[-138.559,-29.516],[-138.147,-29.834],[-137.732,-30.15],[-137.315,-30.465],[-136.895,-30.779]]}},{"type":"Feature","properties":{"boundary_type":"ridge","feature_type":"gpml:MidOceanRidge","polarity":null,"overriding_plate_id":null,"subducting_plate_id":null,"plate_ids":[184,185],"name":"Carolinia-Ganderia MoR"},"geometry":{"type":"LineString","coordinates":[[-107.041,-43.698],[-106.359,-43.663],[-106.272,-43.906],[-105.774,-43.839],[-105.278,-43.77],[-104.782,-43.698],[-104.7,-43.903],[-104.106,-43.817],[-103.514,-43.728],[-102.923,-43.636],[-102.335,-43.541],[-102.434,-43.308],[-102.007,-43.232]]}},{"type":"Feature","properties":{"boundary_type":"ridge","feature_type":"gpml:MidOceanRidge","polarity":null,"overriding_plate_id":null,"subducting_plate_id":null,"plate_ids":[466,580],"name":"Tarim-Tianshan MoR"},"geometry":{"type":"LineString","coordinates":[[24.758,-34.728],[24.962,-34.279],[25.163,-33.83],[25.362,-33.38],[25.559,-32.93],[25.754,-32.48],[25.948,-32.029],[26.139,-31.578],[26.328,-31.127],[26.516,-30.675],[26.702,-30.223],[26.886,-29.771],[27.456,-29.836],[28.027,-29.897],[28.599,-29.956],[29.172,-30.013],[29.249,-29.535],[29.325,-29.058],[29.401,-28.58],[29.476,-28.102],[29.55,-27.624],[29.624,-27.147],[29.697,-26.669],[29.769,-26.191],[29.841,-25.713],[29.912,-25.235],[29.983,-24.757],[30.053,-24.279],[30.123,-23.801],[30.192,-23.323],[30.261,-22.845],[30.329,-22.366]]}},{"type":"Feature","properties":{"boundary_type":"ridge","feature_type":"gpml:MidOceanRidge","polarity":null,"overriding_plate_id":null,"subducting_plate_id":null,"plate_ids":[460,580],"name":"Tarim-Tianshan MoR"},"geometry":{"type":"LineString","coordinates":[[30.329,-22.366],[30.392,-21.921],[30.455,-21.476],[30.517,-21.03],[30.579,-20.585],[30.641,-20.14],[30.702,-19.694],[30.763,-19.249],[30.823,-18.803],[30.883,-18.358]]}},{"type":"Feature","properties":{"boundary_type":"ridge","feature_type":"gpml:MidOceanRidge","polarity":null,"overriding_plate_id":null,"subducting_plate_id":null,"plate_ids":[302,404],"name":"Kara-Baltica MoR"},"geometry":{"type":"LineString","coordinates":[[-29.611,-34.213],[-29.186,-34.548],[-28.758,-34.882],[-28.326,-35.214],[-27.891,-35.545],[-27.452,-35.874],[-27.01,-36.201],[-26.563,-36.527],[-26.686,-36.646],[-26.278,-36.926],[-25.867,-37.204],[-25.453,-37.481],[-25.036,-37.756],[-24.616,-38.03],[-24.192,-38.302],[-23.766,-38.573],[-23.551,-38.322],[-23.13,-38.6],[-22.707,-38.877],[-22.28,-39.152],[-21.849,-39.425],[-21.415,-39.697],[-20.978,-39.968],[-20.538,-40.236],[-20.693,-40.415],[-20.18,-40.721],[-19.663,-41.024],[-19.14,-41.325],[-18.613,-41.624],[-18.081,-41.92],[-17.544,-42.214],[-17.205,-41.846],[-16.871,-41.478],[-16.54,-41.108],[-16.212,-40.738],[-15.889,-40.367],[-15.568,-39.995],[-15.252,-39.621],[-14.938,-39.248],[-14.629,-38.873],[-14.361,-38.964]]}},{"type":"Feature","properties":{"boundary_type":"ridge","feature_type":"gpml:MidOceanRidge","polarity":null,"overriding_plate_id":null,"subducting_plate_id":null,"plate_ids":[302,466],"name":"Kara-Baltica MoR"},"geometry":{"type":"LineString","coordinates":[[-14.361,-38.964],[-13.822,-39.144],[-13.28,-39.321],[-12.735,-39.496],[-12.188,-39.669],[-11.637,-39.839]]}},{"type":"Feature","properties":{"boundary_type":"ridge","feature_type":"gpml:MidOceanRidge","polarity":null,"overriding_plate_id":null,"subducting_plate_id":null,"plate_ids":[580,602],"name":"South China-Qilian MoR"},"geometry":{"type":"LineString","coordinates":[[80.442,-14.803],[80.65,-15.182],[80.86,-15.56],[81.07,-15.939],[81.281,-16.317],[81.493,-16.694],[81.125,-16.896],[80.755,-17.097],[80.948,-17.491],[81.142,-17.885],[81.337,-18.279],[81.532,-18.673],[81.729,-19.066],[81.926,-19.46],[82.125,-19.853],[82.47,-19.728],[82.815,-19.604],[83.038,-20.007],[83.261,-20.41],[83.486,-20.813],[83.712,-21.216],[83.939,-21.618],[84.168,-22.02]]}},{"type":"Feature","properties":{"boundary_type":"ridge","feature_type":"gpml:MidOceanRidge","polarity":null,"overriding_plate_id":null,"subducting_plate_id":null,"plate_ids":[902,919],"name":"Panthalassa"},"geometry":{"type":"LineString","coordinates":[[-172.702,75.996],[-174.364,75.719],[-175.964,75.431],[-177.502,75.132],[-178.98,74.824],[179.601,74.506],[178.238,74.18],[176.929,73.845],[175.672,73.503],[174.466,73.154],[173.308,72.798],[172.196,72.435],[171.128,72.067],[170.101,71.693],[169.115,71.314],[168.167,70.929],[167.255,70.54],[166.378,70.147],[165.533,69.75],[164.72,69.348],[163.937,68.943],[163.182,68.535],[162.454,68.123],[161.752,67.708],[161.074,67.291],[160.419,66.87],[159.787,66.447],[159.176,66.021],[158.585,65.593],[158.013,65.163],[158.834,65.015],[159.646,64.863],[159.144,64.414],[158.659,63.964],[158.189,63.512],[157.734,63.058],[157.292,62.603],[156.864,62.147],[156.449,61.689],[156.046,61.23],[155.655,60.77],[155.274,60.309],[154.904,59.847],[154.545,59.383]]}},{"type":"Feature","properties":{"boundary_type":"ridge","feature_type":"gpml:MidOceanRidge","polarity":null,"overriding_plate_id":null,"subducting_plate_id":null,"plate_ids":[919,926],"name":"Panthalassa"},"geometry":{"type":"LineString","coordinates":[[154.545,59.383],[154.206,58.934],[153.875,58.483],[153.553,58.032],[153.239,57.58],[152.933,57.127],[152.634,56.673],[152.342,56.219],[152.057,55.764],[151.779,55.308],[151.507,54.852],[151.241,54.395],[150.981,53.937],[150.726,53.479],[150.477,53.021],[150.234,52.562],[149.995,52.102],[149.761,51.642],[149.532,51.182],[149.307,50.721],[149.087,50.259],[148.871,49.798],[148.659,49.335],[148.451,48.873],[148.247,48.41],[147.665,48.517],[147.081,48.621],[146.494,48.722],[145.904,48.821],[145.744,48.34],[145.588,47.858],[145.433,47.377],[145.282,46.895],[145.134,46.413],[144.988,45.931],[144.844,45.449],[144.703,44.967],[144.564,44.484],[144.428,44.001],[144.294,43.518],[144.162,43.035],[144.032,42.552],[143.904,42.069],[143.777,41.585],[143.653,41.102],[143.531,40.618],[143.41,40.134],[143.291,39.65],[143.174,39.166],[143.058,38.682],[142.944,38.197],[142.341,38.203],[141.737,38.205],[141.613,37.73],[141.49,37.256],[141.37,36.78],[141.25,36.305],[141.132,35.83],[141.016,35.355],[140.901,34.879],[140.787,34.403],[140.674,33.928],[140.563,33.452],[140.453,32.976],[140.344,32.5],[140.236,32.024],[140.13,31.548],[140.024,31.071],[139.92,30.595],[139.816,30.118],[139.714,29.642],[139.612,29.165],[139.511,28.688],[139.412,28.212],[139.313,27.735],[139.215,27.258],[139.118,26.781],[139.022,26.304],[138.926,25.827],[138.832,25.35],[138.738,24.872],[138.644,24.395]]}},{"type":"Feature","properties":{"boundary_type":"ridge","feature_type":"gpml:MidOceanRidge","polarity":null,"overriding_plate_id":null,"subducting_plate_id":null,"plate_ids":[701,919],"name":"Panthalassa"},"geometry":{"type":"LineString","coordinates":[[138.644,24.395],[138.552,23.918],[138.46,23.44],[138.369,22.963],[138.278,22.485],[138.188,22.008],[138.099,21.53],[138.01,21.052],[137.922,20.574],[137.834,20.097],[137.747,19.619],[137.661,19.141],[137.574,18.663],[137.489,18.185],[137.404,17.707],[137.319,17.229],[137.235,16.751],[137.151,16.273],[137.067,15.795],[136.984,15.316],[136.902,14.838],[136.82,14.36],[136.738,13.882]]}},{"type":"Feature","properties":{"boundary_type":"ridge","feature_type":"gpml:MidOceanRidge","polarity":null,"overriding_plate_id":null,"subducting_plate_id":null,"plate_ids":[902,926],"name":"Panthalassa"},"geometry":{"type":"LineString","coordinates":[[154.545,59.383],[153.871,59.746],[153.181,60.106],[152.477,60.462],[151.758,60.814],[151.022,61.162],[150.27,61.506],[149.501,61.845],[148.716,62.181],[147.912,62.512],[147.091,62.838],[146.252,63.159],[145.394,63.475],[144.517,63.786],[143.62,64.091],[142.704,64.391],[141.768,64.685],[140.811,64.973],[139.834,65.255],[138.836,65.53],[137.817,65.799],[136.777,66.06],[135.715,66.315],[134.632,66.562],[133.528,66.801],[132.402,67.033],[131.255,67.256],[130.087,67.472],[128.898,67.678],[127.688,67.876],[126.458,68.065],[125.209,68.244],[123.94,68.414],[122.652,68.574],[121.347,68.724],[120.024,68.864],[118.686,68.994],[117.332,69.113],[115.964,69.221],[114.583,69.318],[113.19,69.404],[111.786,69.479],[110.374,69.543],[108.954,69.595],[107.528,69.636],[106.097,69.665],[105.906,69.218],[105.723,68.771],[105.548,68.324],[105.379,67.876],[105.216,67.429],[105.059,66.981],[103.781,66.989],[102.502,66.987],[101.224,66.974],[99.948,66.951],[98.674,66.918],[97.405,66.874],[96.141,66.821],[94.882,66.757],[93.631,66.684],[92.388,66.6],[91.153,66.507],[89.928,66.404],[88.714,66.292],[87.511,66.17],[86.32,66.039],[85.141,65.899],[83.976,65.75],[82.824,65.592],[81.687,65.426],[80.564,65.251],[79.457,65.068],[78.365,64.877],[77.289,64.678],[76.228,64.471],[75.184,64.257],[74.156,64.035],[73.145,63.807],[72.15,63.571],[71.172,63.329],[70.21,63.08],[69.265,62.824],[68.336,62.562],[67.424,62.295],[66.528,62.021],[65.648,61.742],[64.784,61.457],[63.936,61.167],[63.104,60.872],[62.286,60.571],[61.484,60.266],[60.697,59.956],[59.925,59.641],[59.167,59.322],[58.423,58.999],[57.694,58.671],[56.978,58.339],[56.275,58.004],[55.585,57.664],[54.909,57.321],[54.244,56.975],[53.593,56.625],[52.953,56.271],[52.325,55.914],[51.708,55.555],[51.103,55.192],[50.509,54.826],[49.925,54.457],[49.352,54.086],[48.789,53.712],[48.236,53.335],[47.693,52.956],[47.159,52.574],[46.634,52.19],[46.119,51.804],[45.612,51.416],[45.114,51.025],[44.624,50.632],[44.142,50.238],[43.668,49.841],[43.202,49.442],[42.744,49.042],[42.293,48.64],[41.849,48.236],[41.411,47.83],[40.981,47.423],[40.558,47.014],[40.14,46.604],[39.729,46.192],[39.325,45.778],[38.926,45.364],[38.533,44.948],[38.145,44.53],[37.764,44.111],[37.387,43.691],[37.016,43.27],[36.65,42.848],[36.289,42.424],[35.933,42.0],[35.359,42.229],[34.782,42.456],[34.2,42.68],[33.615,42.901],[33.273,42.473],[32.936,42.043],[32.604,41.613],[32.276,41.182],[31.953,40.75],[31.633,40.316],[31.318,39.882],[31.006,39.448],[30.699,39.012],[30.395,38.576],[30.095,38.138],[29.799,37.7],[29.506,37.262],[29.216,36.822],[28.93,36.382],[28.647,35.941],[28.367,35.5],[28.09,35.058],[27.816,34.615],[27.545,34.172],[27.277,33.728],[27.011,33.284],[26.749,32.839],[26.489,32.393],[26.231,31.947],[25.976,31.5],[25.724,31.053],[25.473,30.606],[25.225,30.157],[24.98,29.709],[24.736,29.26],[24.495,28.811],[24.256,28.361],[24.018,27.91],[23.783,27.46],[23.55,27.009],[23.318,26.557],[23.088,26.105],[22.86,25.653],[22.634,25.201],[22.41,24.748],[22.187,24.295],[21.965,23.841],[21.746,23.387],[21.527,22.933],[21.311,22.479],[21.095,22.024],[20.65,22.137],[20.204,22.249],[19.757,22.36],[19.31,22.469],[19.071,22.021],[18.833,21.572],[18.597,21.124],[18.362,20.674],[18.128,20.225],[17.896,19.775],[17.666,19.325],[17.436,18.875],[17.208,18.424],[16.981,17.973],[16.755,17.522],[16.53,17.071],[16.306,16.619],[16.084,16.167],[15.862,15.715],[15.641,15.262],[15.422,14.81],[15.203,14.357],[14.985,13.904],[14.768,13.451],[14.552,12.997],[14.336,12.544],[14.121,12.09],[13.907,11.636],[13.694,11.182],[13.482,10.728],[13.27,10.274],[13.058,9.819],[12.847,9.365],[12.637,8.91],[12.428,8.455],[12.218,8.0],[12.01,7.545],[11.801,7.09],[11.593,6.635],[11.386,6.179],[11.179,5.724],[10.972,5.268],[10.765,4.813],[10.559,4.357],[10.353,3.901],[10.147,3.446],[9.942,2.99],[9.674,3.198],[9.407,3.407],[9.192,2.994],[8.977,2.581],[8.763,2.167],[8.549,1.754],[8.334,1.341],[8.12,0.928],[7.906,0.515],[7.692,0.101],[7.478,-0.312],[7.264,-0.725],[7.05,-1.138],[6.836,-1.551],[6.621,-1.965],[6.405,-2.381],[6.189,-2.798],[5.973,-3.214],[5.756,-3.63]]}},{"type":"Feature","properties":{"boundary_type":"ridge","feature_type":"gpml:MidOceanRidge","polarity":null,"overriding_plate_id":null,"subducting_plate_id":null,"plate_ids":[902,919],"name":"Panthalassa"},"geometry":{"type":"LineString","coordinates":[[-172.702,75.996],[-170.973,75.749],[-169.303,75.49],[-167.692,75.22],[-166.138,74.939],[-164.641,74.648],[-163.2,74.347],[-161.812,74.037],[-160.476,73.719],[-159.191,73.392],[-157.955,73.058],[-156.765,72.717],[-155.621,72.369],[-154.52,72.015],[-153.46,71.654],[-152.44,71.288],[-151.458,70.917],[-150.513,70.541],[-149.602,70.16],[-150.691,69.887],[-151.752,69.608],[-152.786,69.322],[-153.792,69.031],[-154.771,68.733],[-155.724,68.43],[-156.652,68.122],[-157.556,67.809],[-158.435,67.491],[-159.291,67.168],[-160.124,66.841],[-160.935,66.51],[-160.007,66.182],[-159.103,65.85],[-158.223,65.512],[-157.365,65.169],[-156.529,64.822],[-155.715,64.469],[-154.921,64.113],[-154.148,63.752],[-153.394,63.387],[-152.659,63.019],[-151.943,62.646],[-151.245,62.27],[-150.564,61.891],[-149.899,61.508],[-149.251,61.122],[-148.619,60.734],[-148.001,60.342],[-147.399,59.947],[-146.81,59.55],[-146.236,59.15],[-145.675,58.748],[-145.126,58.343],[-144.59,57.937],[-144.066,57.527],[-143.554,57.116],[-143.053,56.703],[-142.563,56.288],[-142.084,55.87],[-141.614,55.451],[-141.155,55.031],[-140.705,54.608],[-140.265,54.184],[-139.833,53.759],[-139.41,53.331],[-140.092,53.068],[-140.767,52.801],[-141.432,52.531],[-142.09,52.256],[-142.74,51.978],[-143.381,51.697],[-144.015,51.412],[-144.64,51.124],[-145.258,50.832],[-145.868,50.537],[-146.47,50.239],[-147.065,49.938],[-147.653,49.634],[-148.233,49.327],[-148.806,49.017],[-149.372,48.704],[-149.931,48.389],[-149.468,48.027],[-149.011,47.662],[-148.561,47.296],[-148.118,46.928],[-147.68,46.559],[-147.248,46.188],[-146.822,45.815],[-146.402,45.441],[-145.987,45.065],[-145.578,44.687],[-145.174,44.309],[-144.775,43.929],[-144.381,43.547],[-143.992,43.164],[-143.608,42.78],[-143.229,42.394],[-142.854,42.008],[-142.484,41.62],[-143.002,41.323],[-143.515,41.024],[-144.023,40.723],[-144.526,40.42],[-145.025,40.114],[-145.52,39.807],[-146.01,39.497],[-146.496,39.185],[-146.977,38.872],[-147.455,38.556],[-147.928,38.238],[-148.397,37.919],[-148.862,37.597],[-149.322,37.274],[-149.779,36.949],[-150.232,36.623],[-150.681,36.294],[-151.127,35.964],[-151.569,35.633],[-152.007,35.299],[-152.441,34.965],[-152.071,34.593],[-151.704,34.221],[-151.34,33.847],[-150.979,33.473],[-150.622,33.097],[-150.268,32.721],[-149.916,32.343],[-149.568,31.965],[-149.222,31.585],[-148.879,31.205],[-148.539,30.824],[-148.202,30.441],[-147.867,30.058],[-147.535,29.675],[-147.205,29.29],[-146.878,28.904],[-146.553,28.518],[-146.231,28.131],[-145.911,27.743],[-145.593,27.355],[-145.277,26.965],[-144.964,26.576],[-144.653,26.185]]}},{"type":"Feature","properties":{"boundary_type":"ridge","feature_type":"gpml:MidOceanRidge","polarity":null,"overriding_plate_id":null,"subducting_plate_id":null,"plate_ids":[101,902],"name":"Panthalassa"},"geometry":{"type":"LineString","coordinates":[[-144.653,26.185],[-144.364,25.819],[-144.077,25.454],[-143.792,25.087],[-143.508,24.72],[-143.226,24.352],[-142.946,23.984],[-142.667,23.616]]}},{"type":"Feature","properties":{"boundary_type":"ridge","feature_type":"gpml:MidOceanRidge","polarity":null,"overriding_plate_id":null,"subducting_plate_id":null,"plate_ids":[101,902],"name":"Siberia-Laurentia ridge"},"geometry":{"type":"LineString","coordinates":[[-83.861,14.644],[-84.165,14.42],[-84.468,14.196],[-84.77,13.971],[-84.482,13.592],[-84.194,13.213],[-83.908,12.833],[-83.622,12.453],[-83.337,12.073],[-83.052,11.692],[-82.769,11.312],[-82.486,10.931],[-82.204,10.549],[-81.923,10.168],[-82.293,9.968],[-82.663,9.768],[-83.032,9.568],[-83.401,9.368],[-83.132,8.988],[-82.863,8.608],[-82.595,8.228],[-82.327,7.848],[-82.06,7.468],[-81.794,7.087],[-81.527,6.707],[-81.262,6.326]]}},{"type":"Feature","properties":{"boundary_type":"ridge","feature_type":"gpml:MidOceanRidge","polarity":null,"overriding_plate_id":null,"subducting_plate_id":null,"plate_ids":[101,401],"name":"Siberia-Laurentia ridge"},"geometry":{"type":"LineString","coordinates":[[-81.262,6.326],[-80.989,5.934],[-80.716,5.543],[-80.444,5.151],[-80.173,4.759],[-79.901,4.367],[-80.292,4.122],[-80.033,3.728],[-79.775,3.334],[-79.516,2.94],[-79.258,2.546],[-79.0,2.152],[-78.742,1.758],[-78.484,1.364],[-78.226,0.97],[-77.968,0.576],[-77.71,0.181],[-77.453,-0.213],[-77.195,-0.607],[-76.937,-1.001],[-77.157,-1.137],[-77.376,-1.273],[-77.116,-1.697],[-76.855,-2.121],[-76.594,-2.545],[-76.333,-2.968],[-76.072,-3.392],[-75.811,-3.815],[-75.549,-4.239],[-75.287,-4.662],[-75.025,-5.085],[-74.762,-5.509],[-74.499,-5.932],[-74.859,-6.144],[-75.218,-6.356],[-75.578,-6.568],[-75.547,-6.621]]}},{"type":"Feature","properties":{"boundary_type":"ridge","feature_type":"gpml:MidOceanRidge","polarity":null,"overriding_plate_id":null,"subducting_plate_id":null,"plate_ids":[173,401],"name":"Siberia-Laurentia ridge"},"geometry":{"type":"LineString","coordinates":[[-75.547,-6.621],[-75.304,-7.029],[-75.06,-7.437],[-74.816,-7.845],[-74.572,-8.253],[-74.327,-8.661],[-74.081,-9.068],[-73.835,-9.476],[-73.589,-9.883],[-73.341,-10.29],[-73.094,-10.697],[-72.845,-11.104],[-72.596,-11.51],[-72.346,-11.917],[-72.095,-12.323],[-71.844,-12.728],[-71.591,-13.134],[-71.957,-13.361],[-72.323,-13.587],[-72.689,-13.812],[-73.057,-14.037],[-72.801,-14.455],[-72.544,-14.874],[-72.286,-15.292],[-72.028,-15.709],[-71.768,-16.126],[-71.507,-16.543],[-71.245,-16.96],[-70.982,-17.377],[-70.717,-17.793],[-70.451,-18.208],[-70.188,-18.581],[-69.923,-18.954],[-69.657,-19.327],[-69.39,-19.699],[-69.121,-20.071],[-68.851,-20.442],[-68.58,-20.813],[-68.308,-21.184],[-68.034,-21.554]]}},{"type":"Feature","properties":{"boundary_type":"ridge","feature_type":"gpml:MidOceanRidge","polarity":null,"overriding_plate_id":null,"subducting_plate_id":null,"plate_ids":[185,701],"name":"Rheic Ridge"},"geometry":{"type":"LineString","coordinates":[[-131.38,-29.064],[-130.935,-29.271],[-130.488,-29.477],[-130.038,-29.681],[-129.587,-29.884],[-129.451,-29.657],[-129.315,-29.43],[-128.829,-29.602],[-128.342,-29.771],[-127.853,-29.939],[-127.363,-30.105],[-126.87,-30.269],[-126.377,-30.431],[-126.237,-30.105],[-126.099,-29.78],[-125.962,-29.454],[-125.462,-29.652],[-124.961,-29.848],[-124.457,-30.042],[-123.951,-30.234],[-123.444,-30.424],[-122.934,-30.612],[-122.423,-30.799],[-122.592,-31.262],[-122.763,-31.725],[-122.936,-32.188],[-122.436,-32.352],[-121.935,-32.514],[-121.432,-32.673],[-120.926,-32.831],[-120.419,-32.986],[-119.911,-33.14],[-120.059,-33.552],[-120.208,-33.964],[-120.359,-34.376],[-120.511,-34.788],[-119.948,-34.964],[-119.384,-35.138],[-118.816,-35.309],[-118.247,-35.478],[-117.675,-35.644],[-117.823,-36.072],[-117.972,-36.5],[-118.123,-36.928],[-118.276,-37.355],[-118.43,-37.782],[-117.84,-37.931],[-117.247,-38.077],[-116.652,-38.22],[-116.055,-38.36],[-115.455,-38.496],[-114.853,-38.63],[-114.249,-38.761],[-114.371,-39.22],[-114.494,-39.68],[-114.619,-40.139],[-114.745,-40.598],[-114.874,-41.057],[-115.004,-41.516],[-115.136,-41.975],[-114.569,-42.17],[-113.998,-42.362],[-113.423,-42.552],[-112.845,-42.739],[-112.264,-42.922],[-111.679,-43.103],[-111.809,-43.548],[-111.94,-43.993],[-112.073,-44.437],[-112.209,-44.882],[-112.346,-45.326],[-112.486,-45.77],[-112.628,-46.214],[-112.772,-46.658],[-112.144,-46.894],[-111.51,-47.127],[-110.871,-47.357],[-110.227,-47.582],[-109.577,-47.805],[-108.921,-48.023],[-109.022,-48.425],[-109.125,-48.827],[-109.23,-49.229],[-109.336,-49.631],[-109.445,-50.032],[-108.787,-50.222],[-108.125,-50.407],[-107.457,-50.589]]}},{"type":"Feature","properties":{"boundary_type":"ridge","feature_type":"gpml:MidOceanRidge","polarity":null,"overriding_plate_id":null,"subducting_plate_id":null,"plate_ids":[184,701],"name":"Rheic Ridge"},"geometry":{"type":"LineString","coordinates":[[-107.457,-50.589],[-107.204,-50.657],[-107.298,-51.107],[-107.393,-51.558],[-107.49,-52.008],[-107.59,-52.458],[-107.691,-52.908],[-107.795,-53.359],[-107.9,-53.809],[-108.008,-54.259],[-107.25,-54.405],[-106.487,-54.547],[-105.719,-54.684],[-104.945,-54.817],[-104.167,-54.944],[-103.384,-55.066],[-102.596,-55.183],[-101.803,-55.296],[-101.006,-55.403],[-100.205,-55.504],[-99.4,-55.601],[-99.427,-56.089],[-99.455,-56.577],[-99.484,-57.065],[-99.513,-57.554],[-99.544,-58.042],[-98.787,-58.13],[-98.026,-58.213],[-97.262,-58.292],[-96.495,-58.366],[-95.724,-58.436],[-95.676,-58.918],[-95.627,-59.4],[-95.577,-59.882],[-95.525,-60.364],[-94.545,-60.422],[-93.563,-60.473],[-92.577,-60.517],[-91.589,-60.553],[-91.431,-61.036],[-91.268,-61.518],[-91.101,-62.0],[-90.927,-62.482],[-89.885,-62.529],[-88.84,-62.567],[-87.792,-62.598],[-86.743,-62.621],[-86.517,-63.093],[-86.284,-63.565],[-86.042,-64.036],[-85.793,-64.507],[-85.535,-64.977],[-85.329,-65.408],[-85.116,-65.839],[-84.897,-66.269],[-84.669,-66.7],[-84.433,-67.129],[-83.414,-67.075],[-82.4,-67.014],[-81.391,-66.946],[-80.388,-66.872],[-79.391,-66.792],[-78.994,-67.206],[-78.582,-67.618],[-78.156,-68.03],[-77.715,-68.441],[-77.258,-68.85],[-76.783,-69.258],[-76.29,-69.665],[-75.779,-70.111],[-75.245,-70.555],[-74.687,-70.998],[-74.104,-71.439],[-73.493,-71.878],[-72.853,-72.315],[-72.182,-72.75],[-70.927,-72.558],[-69.699,-72.359],[-68.498,-72.153],[-67.323,-71.939],[-66.176,-71.719],[-65.612,-72.018],[-65.03,-72.315],[-64.428,-72.61],[-63.165,-72.358],[-61.937,-72.099],[-60.744,-71.831],[-59.584,-71.557],[-58.458,-71.275],[-57.364,-70.987],[-56.302,-70.693],[-55.271,-70.393],[-54.27,-70.088],[-53.298,-69.776],[-52.355,-69.46],[-51.75,-69.686],[-51.132,-69.91],[-50.115,-69.597],[-49.128,-69.278],[-48.169,-68.953],[-47.239,-68.624],[-46.453,-68.864],[-45.65,-69.1],[-44.885,-68.77],[-44.143,-68.436],[-43.423,-68.099],[-42.723,-67.759]]}},{"type":"Feature","properties":{"boundary_type":"ridge","feature_type":"gpml:MidOceanRidge","polarity":null,"overriding_plate_id":null,"subducting_plate_id":null,"plate_ids":[302,401],"name":"Siberia-Baltica/Kara MoR"},"geometry":{"type":"LineString","coordinates":[[-36.932,-28.003],[-36.399,-27.93],[-35.868,-27.856],[-35.337,-27.779],[-34.807,-27.7],[-34.277,-27.619],[-33.749,-27.536],[-33.221,-27.451],[-32.694,-27.364],[-32.168,-27.275],[-31.643,-27.185],[-31.119,-27.092],[-30.595,-26.997],[-30.649,-26.737],[-30.702,-26.477],[-30.235,-26.325],[-29.77,-26.171],[-29.306,-26.015],[-28.843,-25.858]]}},{"type":"Feature","properties":{"boundary_type":"ridge","feature_type":"gpml:MidOceanRidge","polarity":null,"overriding_plate_id":null,"subducting_plate_id":null,"plate_ids":[401,4041],"name":"Siberia-Baltica/Kara MoR"},"geometry":{"type":"LineString","coordinates":[[-28.843,-25.858],[-28.346,-25.687],[-27.85,-25.515],[-27.356,-25.341],[-26.863,-25.165],[-26.371,-24.988],[-25.881,-24.809],[-25.393,-24.628],[-24.905,-24.446],[-24.42,-24.262],[-24.238,-24.576],[-24.056,-24.891],[-23.872,-25.205],[-23.389,-25.045],[-22.906,-24.884],[-22.425,-24.721],[-21.945,-24.556],[-21.466,-24.39],[-20.989,-24.223],[-21.077,-24.056],[-20.692,-23.922],[-20.307,-23.788],[-19.923,-23.652],[-19.54,-23.515],[-19.61,-23.362],[-19.107,-23.176],[-18.606,-22.989],[-18.106,-22.801],[-17.607,-22.611],[-17.11,-22.419],[-16.614,-22.226],[-16.12,-22.032],[-15.626,-21.836],[-15.441,-22.211],[-15.254,-22.586],[-14.871,-22.449],[-14.488,-22.311],[-14.106,-22.173],[-13.725,-22.033]]}},{"type":"Feature","properties":{"boundary_type":"transform","feature_type":"gpml:Transform","polarity":null,"overriding_plate_id":null,"subducting_plate_id":null,"plate_ids":[184,302],"name":"Baltica-greater Avalonia transform"},"geometry":{"type":"LineString","coordinates":[[-55.834,-55.696],[-55.556,-56.066],[-55.273,-56.435],[-54.984,-56.803],[-54.689,-57.17],[-54.389,-57.537],[-54.009,-57.963],[-53.621,-58.387],[-53.222,-58.81],[-52.814,-59.232],[-52.396,-59.653],[-51.967,-60.072],[-51.527,-60.49],[-51.075,-60.906],[-50.612,-61.321],[-49.982,-61.694],[-49.337,-62.063],[-48.676,-62.429],[-47.998,-62.793],[-47.304,-63.152],[-46.592,-63.509],[-45.863,-63.861],[-45.026,-64.116],[-44.174,-64.366],[-43.307,-64.611],[-42.424,-64.851],[-41.525,-65.085],[-40.611,-65.314],[-39.68,-65.537],[-38.734,-65.755],[-37.772,-65.966],[-36.795,-66.119],[-35.807,-66.266],[-34.807,-66.406],[-33.797,-66.54],[-32.775,-66.668],[-31.726,-66.746],[-30.67,-66.818],[-29.608,-66.882],[-28.54,-66.939],[-27.469,-66.989],[-26.393,-67.032]]}},{"type":"Feature","properties":{"boundary_type":"transform","feature_type":"gpml:Transform","polarity":null,"overriding_plate_id":null,"subducting_plate_id":null,"plate_ids":[173,185],"name":"Cuyania-Iapetus transform"},"geometry":{"type":"LineString","coordinates":[[-140.263,-24.349],[-140.609,-24.693],[-140.958,-25.037],[-141.308,-25.38],[-141.66,-25.722],[-142.014,-26.063]]}},{"type":"Feature","properties":{"boundary_type":"transform","feature_type":"gpml:Transform","polarity":null,"overriding_plate_id":null,"subducting_plate_id":null,"plate_ids":[184,701],"name":"Gondwana-Baltica Transform"},"geometry":{"type":"LineString","coordinates":[[-42.723,-67.759],[-41.572,-67.991],[-40.398,-68.214],[-39.202,-68.429],[-37.983,-68.635],[-36.741,-68.833],[-35.45,-68.999],[-34.139,-69.155],[-32.81,-69.302],[-31.464,-69.438],[-30.101,-69.563],[-28.723,-69.678],[-27.764,-69.628],[-26.81,-69.573],[-25.861,-69.513]]}},{"type":"Feature","properties":{"boundary_type":"transform","feature_type":"gpml:Transform","polarity":null,"overriding_plate_id":null,"subducting_plate_id":null,"plate_ids":[302,701],"name":"Gondwana-Baltica Transform"},"geometry":{"type":"LineString","coordinates":[[-25.861,-69.513],[-24.686,-69.43],[-23.519,-69.34],[-22.363,-69.242],[-20.992,-69.131],[-19.635,-69.009],[-18.294,-68.876],[-16.969,-68.733],[-15.662,-68.58],[-14.639,-68.308],[-13.641,-68.029],[-12.666,-67.745],[-11.715,-67.455],[-10.741,-67.147],[-9.792,-66.832],[-8.867,-66.513],[-7.965,-66.187],[-7.087,-65.857],[-6.231,-65.522],[-5.527,-65.119],[-4.844,-64.713],[-4.181,-64.304],[-3.538,-63.892],[-2.913,-63.478],[-2.902,-63.458]]}},{"type":"Feature","properties":{"boundary_type":"transform","feature_type":"gpml:Transform","polarity":null,"overriding_plate_id":null,"subducting_plate_id":null,"plate_ids":[602,701],"name":"transform between gondwana and South china"},"geometry":{"type":"LineString","coordinates":[[78.066,-30.943],[78.557,-31.097],[79.05,-31.25],[79.544,-31.401],[80.04,-31.55],[80.538,-31.697],[81.037,-31.842],[81.59,-31.943],[82.143,-32.042],[82.698,-32.138],[83.254,-32.232],[83.811,-32.323],[84.369,-32.412],[84.928,-32.499],[85.488,-32.583],[86.05,-32.664],[86.612,-32.743],[87.175,-32.82],[87.74,-32.894],[88.299,-32.921],[88.86,-32.946],[89.42,-32.968],[89.981,-32.988],[90.542,-33.005],[91.103,-33.02],[91.664,-33.033],[92.226,-33.042],[92.787,-33.05],[93.349,-33.054],[93.911,-33.056],[94.473,-33.056],[95.034,-33.053],[95.596,-33.048],[96.155,-33.023],[96.714,-32.996],[97.272,-32.966],[97.83,-32.934],[98.387,-32.899],[98.944,-32.861],[99.501,-32.822],[100.057,-32.78],[100.612,-32.735],[101.167,-32.688],[101.721,-32.638],[102.275,-32.586],[102.828,-32.532],[103.291,-32.242],[103.752,-31.95],[104.21,-31.657],[104.665,-31.362],[105.117,-31.065],[105.567,-30.767],[106.013,-30.467],[106.457,-30.166],[106.898,-29.863],[107.336,-29.559],[107.772,-29.253],[108.205,-28.946],[108.636,-28.638],[109.064,-28.328],[109.489,-28.017],[109.912,-27.705],[110.333,-27.391],[110.751,-27.076],[111.167,-26.76],[111.581,-26.443],[111.992,-26.124],[112.402,-25.804],[112.808,-25.484],[113.213,-25.162]]}},{"type":"Feature","properties":{"boundary_type":"transform","feature_type":"gpml:Transform","polarity":null,"overriding_plate_id":null,"subducting_plate_id":null,"plate_ids":[401,902],"name":"Transform closing Siberian plate"},"geometry":{"type":"LineString","coordinates":[[-65.255,14.907],[-65.679,14.671],[-66.102,14.433],[-66.525,14.196],[-66.946,13.957],[-67.367,13.718],[-67.787,13.478],[-68.206,13.237],[-68.651,13.015],[-69.095,12.793],[-69.538,12.57],[-69.981,12.347],[-70.423,12.123],[-70.864,11.898],[-71.304,11.672],[-71.744,11.446],[-72.183,11.219],[-72.621,10.991],[-73.058,10.763],[-73.495,10.534],[-73.931,10.305],[-74.367,10.074],[-74.802,9.844],[-75.236,9.613],[-75.67,9.381],[-76.103,9.149],[-76.536,8.916],[-76.968,8.683],[-77.4,8.449],[-77.831,8.215],[-78.261,7.98],[-78.691,7.745],[-79.121,7.51],[-79.55,7.274],[-79.978,7.037],[-80.406,6.8],[-80.834,6.563],[-81.262,6.326]]}},{"type":"Feature","properties":{"boundary_type":"transform","feature_type":"gpml:Transform","polarity":null,"overriding_plate_id":null,"subducting_plate_id":null,"plate_ids":[602,701],"name":""},"geometry":{"type":"LineString","coordinates":[[102.413,-9.32],[102.697,-9.641],[102.981,-9.961],[103.266,-10.28],[103.506,-10.694],[103.747,-11.108],[103.989,-11.522],[104.231,-11.935],[104.474,-12.349],[104.718,-12.762],[104.933,-13.197],[105.149,-13.631],[105.365,-14.066],[105.582,-14.501],[105.8,-14.935],[106.019,-15.369],[106.239,-15.803],[106.459,-16.237],[106.681,-16.67],[106.904,-17.103],[107.127,-17.536],[107.352,-17.969],[107.578,-18.401],[107.805,-18.834],[108.033,-19.265],[108.263,-19.697],[108.494,-20.128],[108.726,-20.559],[108.959,-20.99],[109.304,-21.342],[109.65,-21.693],[109.998,-22.043],[110.348,-22.393],[110.7,-22.742],[111.053,-23.09],[111.408,-23.437],[111.765,-23.784],[112.124,-24.13],[112.485,-24.474],[112.848,-24.818],[113.213,-25.162]]}},{"type":"Feature","properties":{"boundary_type":"transform","feature_type":"gpml:Transform","polarity":null,"overriding_plate_id":null,"subducting_plate_id":null,"plate_ids":[401,401],"name":"Transform b/w Siberia and Tarim plates"},"geometry":{"type":"LineString","coordinates":[[-15.389,-11.535],[-15.669,-11.896],[-15.95,-12.256],[-16.231,-12.617],[-16.514,-12.977],[-16.797,-13.337],[-17.081,-13.697],[-17.365,-14.056],[-17.651,-14.415],[-17.938,-14.773]]}},{"type":"Feature","properties":{"boundary_type":"transform","feature_type":"gpml:Transform","polarity":null,"overriding_plate_id":null,"subducting_plate_id":null,"plate_ids":[302,401],"name":"Transform between Baltica and Siberia plates"},"geometry":{"type":"LineString","coordinates":[[-36.681,-30.065],[-37.197,-30.17],[-37.713,-30.273],[-38.231,-30.373],[-38.749,-30.472],[-39.242,-30.609],[-39.736,-30.744],[-40.232,-30.877],[-40.729,-31.008],[-41.227,-31.137],[-41.727,-31.264],[-42.227,-31.39],[-42.73,-31.513],[-43.233,-31.635],[-43.69,-31.796],[-44.149,-31.957],[-44.61,-32.115],[-45.071,-32.272],[-45.535,-32.427],[-46.0,-32.58]]}},{"type":"Feature","properties":{"boundary_type":"transform","feature_type":"gpml:Transform","polarity":null,"overriding_plate_id":null,"subducting_plate_id":null,"plate_ids":[601,6013],"name":"Qinling transform"},"geometry":{"type":"LineString","coordinates":[[58.071,-10.28],[58.139,-9.977],[58.321,-9.735],[58.502,-9.494],[58.851,-9.266],[59.09,-9.12]]}},{"type":"Feature","properties":{"boundary_type":"transform","feature_type":"gpml:Transform","polarity":null,"overriding_plate_id":null,"subducting_plate_id":null,"plate_ids":[601,926],"name":""},"geometry":{"type":"LineString","coordinates":[[88.017,5.812],[87.707,5.446],[87.397,5.079],[87.087,4.712],[86.778,4.345],[86.469,3.978],[86.16,3.61],[85.851,3.243],[85.543,2.875],[85.235,2.507],[84.927,2.14],[84.619,1.772],[84.311,1.404],[84.004,1.036],[83.634,0.717],[83.264,0.397],[82.894,0.078],[82.524,-0.242],[82.154,-0.561],[81.784,-0.88]]}},{"type":"Feature","properties":{"boundary_type":"transform","feature_type":"gpml:Transform","polarity":null,"overriding_plate_id":null,"subducting_plate_id":null,"plate_ids":[466,580],"name":"Tarim transform"},"geometry":{"type":"LineString","coordinates":[[24.758,-34.728],[25.298,-34.876],[25.84,-35.021],[26.383,-35.163],[26.929,-35.303],[27.476,-35.441],[28.025,-35.576],[28.577,-35.709],[29.129,-35.839],[29.684,-35.967],[30.239,-36.143],[30.796,-36.317],[31.356,-36.488],[31.918,-36.656],[32.483,-36.822],[33.05,-36.986],[33.581,-37.21],[34.116,-37.432],[34.655,-37.651],[35.196,-37.868],[35.74,-38.082],[36.288,-38.294],[36.839,-38.504],[37.262,-38.818],[37.688,-39.13],[38.118,-39.44],[38.552,-39.749],[38.99,-40.057],[39.432,-40.362],[39.878,-40.667],[40.328,-40.969],[40.715,-41.32],[41.107,-41.67],[41.502,-42.018],[41.902,-42.366],[42.307,-42.711],[42.716,-43.056],[43.129,-43.398],[43.548,-43.74],[43.971,-44.08]]}},{"type":"Feature","properties":{"boundary_type":"transform","feature_type":"gpml:Transform","polarity":null,"overriding_plate_id":null,"subducting_plate_id":null,"plate_ids":[101,173],"name":"transform between Laurentia and Iapetus"},"geometry":{"type":"LineString","coordinates":[[-139.15,-18.765],[-139.15,-19.159],[-139.15,-19.554],[-139.15,-19.948],[-139.149,-20.343]]}},{"type":"Feature","properties":{"boundary_type":"transform","feature_type":"gpml:Transform","polarity":null,"overriding_plate_id":null,"subducting_plate_id":null,"plate_ids":[185,22601],"name":"Cuyania-greater Avalonia transform"},"geometry":{"type":"LineString","coordinates":[[-136.895,-30.779],[-136.597,-30.725]]}},{"type":"Feature","properties":{"boundary_type":"transform","feature_type":"gpml:Transform","polarity":null,"overriding_plate_id":null,"subducting_plate_id":null,"plate_ids":[185,701],"name":"Cuyania-greater Avalonia transform"},"geometry":{"type":"LineString","coordinates":[[-136.597,-30.725],[-136.537,-30.714],[-136.038,-30.631],[-135.54,-30.546],[-135.042,-30.459],[-134.546,-30.371],[-134.119,-30.207],[-133.694,-30.041],[-133.271,-29.874],[-132.848,-29.706],[-132.357,-29.494],[-131.868,-29.28],[-131.38,-29.064]]}},{"type":"Feature","properties":{"boundary_type":"transform","feature_type":"gpml:Transform","polarity":null,"overriding_plate_id":null,"subducting_plate_id":null,"plate_ids":[184,185],"name":"Ganderia transform"},"geometry":{"type":"LineString","coordinates":[[-107.041,-43.698],[-107.032,-44.112],[-107.022,-44.527],[-107.013,-44.941],[-107.004,-45.356],[-106.994,-45.77],[-107.006,-46.248],[-107.017,-46.726],[-107.029,-47.204],[-107.042,-47.681],[-107.054,-48.159],[-107.131,-48.644],[-107.21,-49.129],[-107.29,-49.614],[-107.372,-50.099],[-107.455,-50.584],[-107.457,-50.589]]}},{"type":"Feature","properties":{"boundary_type":"transform","feature_type":"gpml:Transform","polarity":null,"overriding_plate_id":null,"subducting_plate_id":null,"plate_ids":[184,185],"name":"Carolinia transform"},"geometry":{"type":"LineString","coordinates":[[-102.007,-43.232],[-102.17,-42.827],[-102.33,-42.422],[-102.407,-41.989],[-102.483,-41.555],[-102.493,-41.113],[-102.502,-40.67],[-102.512,-40.228],[-102.521,-39.786],[-102.53,-39.343],[-102.385,-38.895],[-102.242,-38.446],[-102.1,-37.997],[-101.96,-37.549],[-101.822,-37.099],[-101.675,-36.839],[-101.529,-36.579]]}},{"type":"Feature","properties":{"boundary_type":"transform","feature_type":"gpml:Transform","polarity":null,"overriding_plate_id":null,"subducting_plate_id":null,"plate_ids":[302,404],"name":"Kara-Baltica transform"},"geometry":{"type":"LineString","coordinates":[[-29.611,-34.213],[-29.359,-33.918],[-29.109,-33.622],[-28.861,-33.325],[-28.681,-32.957],[-28.501,-32.589],[-28.323,-32.22],[-28.206,-31.848],[-28.089,-31.476],[-27.973,-31.104],[-27.898,-30.691],[-27.824,-30.279],[-27.824,-29.83],[-27.825,-29.382]]}},{"type":"Feature","properties":{"boundary_type":"transform","feature_type":"gpml:Transform","polarity":null,"overriding_plate_id":null,"subducting_plate_id":null,"plate_ids":[302,4041],"name":"Kara-Baltica transform"},"geometry":{"type":"LineString","coordinates":[[-27.825,-29.382],[-27.825,-29.24],[-27.928,-28.792],[-28.031,-28.345],[-28.133,-27.898],[-28.234,-27.451],[-28.367,-27.089],[-28.5,-26.728],[-28.631,-26.366],[-28.761,-26.005],[-28.843,-25.858]]}},{"type":"Feature","properties":{"boundary_type":"transform","feature_type":"gpml:Transform","polarity":null,"overriding_plate_id":null,"subducting_plate_id":null,"plate_ids":[404,466],"name":"Kara-Baltica transform"},"geometry":{"type":"LineString","coordinates":[[-14.361,-38.964],[-14.224,-38.507],[-14.088,-38.051],[-13.954,-37.594],[-13.822,-37.137],[-13.692,-36.68],[-13.563,-36.223],[-13.435,-35.766],[-13.309,-35.309],[-13.185,-34.851],[-13.203,-34.415],[-13.221,-33.978],[-13.238,-33.542],[-13.256,-33.105],[-13.273,-32.669],[-13.29,-32.232],[-13.307,-31.796],[-13.357,-31.35],[-13.406,-30.904],[-13.455,-30.458],[-13.503,-30.012],[-13.551,-29.566],[-13.599,-29.12],[-13.646,-28.673],[-13.692,-28.227],[-13.779,-27.793],[-13.866,-27.358],[-13.952,-26.923],[-14.037,-26.488],[-14.121,-26.053],[-14.205,-25.618],[-14.288,-25.183],[-14.371,-24.748]]}},{"type":"Feature","properties":{"boundary_type":"transform","feature_type":"gpml:Transform","polarity":null,"overriding_plate_id":null,"subducting_plate_id":null,"plate_ids":[580,4511],"name":"N-Qilian transform"},"geometry":{"type":"LineString","coordinates":[[45.374,-18.823],[45.784,-18.894],[46.195,-18.965]]}},{"type":"Feature","properties":{"boundary_type":"transform","feature_type":"gpml:Transform","polarity":null,"overriding_plate_id":null,"subducting_plate_id":null,"plate_ids":[456,580],"name":"N-Qilian transform"},"geometry":{"type":"LineString","coordinates":[[46.195,-18.965],[46.374,-18.995],[46.743,-19.065],[47.112,-19.134],[47.481,-19.203],[47.871,-19.38],[48.262,-19.555],[48.654,-19.731],[49.047,-19.905],[49.505,-20.121],[49.964,-20.337],[50.425,-20.551],[50.797,-20.779],[51.171,-21.006]]}},{"type":"Feature","properties":{"boundary_type":"transform","feature_type":"gpml:Transform","polarity":null,"overriding_plate_id":null,"subducting_plate_id":null,"plate_ids":[459,466],"name":"Tianshan-Siberia Transform"},"geometry":{"type":"LineString","coordinates":[[-7.339,-8.916],[-7.092,-9.305],[-6.844,-9.694],[-6.595,-10.083],[-6.346,-10.472],[-6.097,-10.86],[-5.846,-11.248],[-5.595,-11.637],[-5.38,-12.073],[-5.164,-12.51],[-4.947,-12.946],[-4.729,-13.382],[-4.511,-13.818],[-4.262,-14.214],[-4.013,-14.61],[-3.762,-15.006],[-3.511,-15.402],[-3.259,-15.797],[-3.006,-16.192],[-2.706,-16.568],[-2.406,-16.942],[-2.104,-17.317],[-1.801,-17.691],[-1.497,-18.065],[-1.191,-18.438],[-0.884,-18.81],[-0.576,-19.182],[-0.3,-19.481],[-0.024,-19.78]]}},{"type":"Feature","properties":{"boundary_type":"transform","feature_type":"gpml:Transform","polarity":null,"overriding_plate_id":null,"subducting_plate_id":null,"plate_ids":[460,580],"name":"Tarim-South Tianshan transform"},"geometry":{"type":"LineString","coordinates":[[39.482,-18.716],[39.168,-18.896],[38.855,-19.075],[38.54,-19.253],[38.074,-19.244],[37.607,-19.233],[37.141,-19.221],[36.675,-19.208],[36.156,-19.144],[35.639,-19.08],[35.121,-19.014],[34.604,-18.946],[34.088,-18.877],[33.571,-18.807],[33.15,-18.728],[32.729,-18.648],[32.309,-18.568],[31.889,-18.486],[31.469,-18.404],[31.176,-18.381],[30.883,-18.358]]}},{"type":"Feature","properties":{"boundary_type":"transform","feature_type":"gpml:Transform","polarity":null,"overriding_plate_id":null,"subducting_plate_id":null,"plate_ids":[460,466],"name":"South Tianshan transform"},"geometry":{"type":"LineString","coordinates":[[30.329,-22.366],[29.877,-22.105],[29.428,-21.843],[28.979,-21.58],[28.533,-21.315],[28.088,-21.05],[27.644,-20.783],[27.202,-20.515],[26.762,-20.246],[26.323,-19.975],[25.886,-19.704],[25.482,-19.421],[25.078,-19.138],[24.677,-18.853],[24.276,-18.568],[23.877,-18.282],[23.479,-17.995],[23.083,-17.707],[22.802,-17.347],[22.523,-16.987]]}},{"type":"Feature","properties":{"boundary_type":"transform","feature_type":"gpml:Transform","polarity":null,"overriding_plate_id":null,"subducting_plate_id":null,"plate_ids":[451,580],"name":"Alxa-Tarim transform"},"geometry":{"type":"LineString","coordinates":[[39.515,-18.491],[39.544,-18.065],[39.574,-17.64],[40.044,-17.816],[40.516,-17.99],[40.988,-18.164],[41.51,-18.175],[42.032,-18.185],[42.553,-18.193],[43.075,-18.2],[43.491,-18.309],[43.907,-18.417],[44.324,-18.525],[44.741,-18.631],[45.158,-18.736],[45.367,-18.839]]}},{"type":"Feature","properties":{"boundary_type":"transform","feature_type":"gpml:Transform","polarity":null,"overriding_plate_id":null,"subducting_plate_id":null,"plate_ids":[451,4511],"name":"Qilian transform"},"geometry":{"type":"LineString","coordinates":[[46.508,-12.137],[46.687,-11.996],[47.062,-11.674],[47.292,-11.321]]}},{"type":"Feature","properties":{"boundary_type":"transform","feature_type":"gpml:Transform","polarity":null,"overriding_plate_id":null,"subducting_plate_id":null,"plate_ids":[457,580],"name":"Kunlun transform"},"geometry":{"type":"LineString","coordinates":[[70.735,-41.011],[71.093,-40.85],[71.468,-40.611],[71.84,-40.37],[72.148,-40.119],[72.453,-39.868]]}},{"type":"Feature","properties":{"boundary_type":"transform","feature_type":"gpml:Transform","polarity":null,"overriding_plate_id":null,"subducting_plate_id":null,"plate_ids":[580,701],"name":"Tarim-Gondwana transform"},"geometry":{"type":"LineString","coordinates":[[71.222,-50.792],[70.508,-50.697],[69.797,-50.598],[69.088,-50.495],[68.383,-50.387],[67.618,-50.309],[66.856,-50.225],[66.096,-50.136],[65.339,-50.043],[64.585,-49.944],[63.834,-49.841],[63.087,-49.733],[62.343,-49.62],[61.673,-49.46],[61.008,-49.296],[60.347,-49.128],[59.691,-48.956],[59.039,-48.781],[58.392,-48.602],[57.749,-48.42],[57.112,-48.234],[56.49,-48.016],[55.874,-47.796],[55.262,-47.572],[54.657,-47.345],[54.056,-47.114],[53.46,-46.881],[52.943,-46.601],[52.432,-46.32],[51.925,-46.035],[51.424,-45.749],[50.927,-45.461],[50.436,-45.17],[49.925,-44.85],[49.42,-44.527],[48.92,-44.203],[48.426,-43.876],[47.937,-43.547],[47.453,-43.216],[46.975,-42.883],[46.502,-42.548],[46.457,-42.515]]}},{"type":"Feature","properties":{"boundary_type":"transform","feature_type":"gpml:Transform","polarity":null,"overriding_plate_id":null,"subducting_plate_id":null,"plate_ids":[457,580],"name":"Kunlun transform"},"geometry":{"type":"LineString","coordinates":[[65.081,-20.608],[64.703,-20.326],[64.326,-20.043],[63.966,-19.759],[63.607,-19.474],[63.249,-19.189],[62.774,-18.971],[62.3,-18.751],[61.827,-18.531],[61.588,-18.462]]}},{"type":"Feature","properties":{"boundary_type":"transform","feature_type":"gpml:Transform","polarity":null,"overriding_plate_id":null,"subducting_plate_id":null,"plate_ids":[456,457],"name":"Kunlun transform"},"geometry":{"type":"LineString","coordinates":[[61.588,-18.462],[61.239,-18.361]]}},{"type":"Feature","properties":{"boundary_type":"transform","feature_type":"gpml:Transform","polarity":null,"overriding_plate_id":null,"subducting_plate_id":null,"plate_ids":[580,6013],"name":"Qinling transform"},"geometry":{"type":"LineString","coordinates":[[67.124,-16.205],[67.32,-16.205],[67.746,-15.933],[67.969,-15.78],[68.193,-15.628],[68.454,-15.249],[68.477,-15.069]]}},{"type":"Feature","properties":{"boundary_type":"transform","feature_type":"gpml:Transform","polarity":null,"overriding_plate_id":null,"subducting_plate_id":null,"plate_ids":[459,460],"name":"North Tianshan Ocean transform"},"geometry":{"type":"LineString","coordinates":[[24.37,-7.027],[24.472,-7.363],[24.573,-7.7],[24.675,-8.037],[24.919,-8.457],[25.164,-8.877],[25.41,-9.296],[25.656,-9.716],[25.914,-10.063],[26.174,-10.409],[26.433,-10.756],[26.694,-11.102],[26.955,-11.448],[27.193,-11.646],[27.431,-11.844]]}},{"type":"Feature","properties":{"boundary_type":"transform","feature_type":"gpml:Transform","polarity":null,"overriding_plate_id":null,"subducting_plate_id":null,"plate_ids":[302,401],"name":"Siberia transform"},"geometry":{"type":"LineString","coordinates":[[-36.681,-30.065],[-36.752,-29.752],[-36.797,-29.315],[-36.842,-28.878],[-36.887,-28.44],[-36.932,-28.003]]}},{"type":"Feature","properties":{"boundary_type":"transform","feature_type":"gpml:Transform","polarity":null,"overriding_plate_id":null,"subducting_plate_id":null,"plate_ids":[401,401],"name":"Siberia transform"},"geometry":{"type":"LineString","coordinates":[[-36.932,-28.003],[-36.958,-27.748],[-36.955,-27.355],[-36.952,-26.962],[-36.95,-26.568],[-36.947,-26.175],[-36.832,-25.703],[-36.718,-25.23],[-36.605,-24.758],[-36.492,-24.285],[-36.342,-23.913],[-36.192,-23.54],[-36.044,-23.167]]}},{"type":"Feature","properties":{"boundary_type":"transform","feature_type":"gpml:Transform","polarity":null,"overriding_plate_id":null,"subducting_plate_id":null,"plate_ids":[101,919],"name":"outboard laurentian transform"},"geometry":{"type":"LineString","coordinates":[[-144.653,26.185],[-145.134,26.052],[-145.614,25.918],[-146.094,25.782],[-146.572,25.645],[-147.049,25.506],[-147.525,25.365],[-147.999,25.223],[-148.473,25.08],[-148.946,24.935],[-149.394,24.69],[-149.84,24.444],[-150.285,24.197],[-150.728,23.949],[-151.169,23.699],[-151.608,23.448],[-152.046,23.196],[-152.482,22.942],[-152.917,22.687],[-153.35,22.432],[-153.781,22.175],[-154.211,21.917],[-154.639,21.657],[-155.066,21.397],[-155.491,21.136],[-155.915,20.873],[-156.337,20.61],[-156.716,20.286],[-157.094,19.962],[-157.47,19.637],[-157.845,19.311],[-158.218,18.985],[-158.59,18.657],[-158.96,18.329],[-159.329,18.001],[-159.696,17.671],[-160.063,17.341],[-160.428,17.01],[-160.791,16.679],[-161.153,16.347],[-161.514,16.014],[-161.874,15.681],[-162.233,15.347],[-162.591,15.012],[-162.854,14.609],[-163.117,14.205],[-163.379,13.802],[-163.64,13.397],[-163.9,12.993],[-164.159,12.588],[-164.417,12.183],[-164.675,11.778],[-164.932,11.373],[-165.188,10.967],[-165.443,10.561],[-165.698,10.155],[-165.952,9.749],[-166.205,9.342],[-166.458,8.935],[-166.71,8.529],[-166.962,8.122],[-167.125,7.687],[-167.288,7.252],[-167.45,6.818],[-167.612,6.383],[-167.774,5.948],[-167.936,5.513],[-168.097,5.079]]}},{"type":"Feature","properties":{"boundary_type":"transform","feature_type":"gpml:Transform","polarity":null,"overriding_plate_id":null,"subducting_plate_id":null,"plate_ids":[601,926],"name":"North China transform"},"geometry":{"type":"LineString","coordinates":[[59.894,1.185],[59.787,0.742],[59.68,0.299],[59.573,-0.145],[59.466,-0.588],[59.359,-1.032]]}},{"type":"Feature","properties":{"boundary_type":"transform","feature_type":"gpml:Transform","polarity":null,"overriding_plate_id":null,"subducting_plate_id":null,"plate_ids":[456,601],"name":"North China transform"},"geometry":{"type":"LineString","coordinates":[[59.359,-1.032],[59.29,-1.318],[59.179,-1.791],[59.068,-2.264],[58.957,-2.737],[58.846,-3.21],[58.735,-3.683],[58.624,-4.155],[58.501,-4.591],[58.377,-5.027],[58.253,-5.463],[58.129,-5.899],[58.005,-6.335],[57.881,-6.77],[57.756,-7.206],[57.585,-7.639],[57.413,-8.072],[57.241,-8.505],[57.068,-8.938],[56.895,-9.37],[56.722,-9.803],[56.575,-10.029],[56.428,-10.255]]}},{"type":"Feature","properties":{"boundary_type":"transform","feature_type":"gpml:Transform","polarity":null,"overriding_plate_id":null,"subducting_plate_id":null,"plate_ids":[456,580],"name":"Transform"},"geometry":{"type":"LineString","coordinates":[[61.588,-18.462],[61.542,-17.979],[61.497,-17.496],[61.452,-17.013],[61.411,-16.519],[61.371,-16.025],[61.331,-15.532],[61.291,-15.038],[61.251,-14.544],[61.211,-14.05],[61.172,-13.557],[61.132,-13.063],[61.093,-12.569],[61.054,-12.075],[61.015,-11.582],[60.977,-11.088]]}},{"type":"Feature","properties":{"boundary_type":"transform","feature_type":"gpml:Transform","polarity":null,"overriding_plate_id":null,"subducting_plate_id":null,"plate_ids":[302,466],"name":"Baltica transform"},"geometry":{"type":"LineString","coordinates":[[-11.637,-39.839],[-11.409,-40.2],[-11.178,-40.56],[-10.944,-40.92],[-10.708,-41.279],[-10.129,-41.441],[-9.547,-41.6],[-8.962,-41.756],[-8.374,-41.909],[-7.784,-42.059],[-7.19,-42.206],[-6.594,-42.349],[-5.995,-42.49],[-5.394,-42.628],[-4.79,-42.762],[-4.183,-42.894],[-3.574,-43.022],[-2.962,-43.146],[-2.325,-43.132],[-1.689,-43.114],[-1.053,-43.092],[-0.418,-43.067],[0.217,-43.039],[0.851,-43.007],[1.485,-42.971],[2.117,-42.932],[2.749,-42.89],[3.38,-42.844],[4.01,-42.794],[4.639,-42.741]]}},{"type":"Feature","properties":{"boundary_type":"transform","feature_type":"gpml:Transform","polarity":null,"overriding_plate_id":null,"subducting_plate_id":null,"plate_ids":[580,602],"name":"South China Transform"},"geometry":{"type":"LineString","coordinates":[[78.609,-22.058],[79.061,-22.237],[79.513,-22.415],[79.967,-22.592],[80.422,-22.767],[80.819,-22.843],[81.217,-22.918],[81.581,-22.846],[81.945,-22.774],[82.392,-22.632],[82.838,-22.489],[83.284,-22.346],[83.67,-22.214],[84.056,-22.082],[84.168,-22.02]]}}]}