{"type":"FeatureCollection","meta":{"model":"Cao2024","reconstruction_time_ma":50.0,"anchor_plate_id":0,"pygplates_version":"1.0.0","tessellate_degrees":0.5,"polarity_convention":"gpml:subductionPolarity. 'Left'/'Right' names the side of the line, in vertex order, on which the OVERRIDING plate lies. Triangles are drawn on that side.","antimeridian":"Lines are NOT split at +/-180 deg. The renderer works in 3D unit vectors where the dateline is not special; splitting would only add spurious breaks. Do not treat this as RFC 7946 GIS-ready 2D data."},"features":[{"type":"Feature","properties":{"boundary_type":"other","feature_type":"gpml:Fault","polarity":null,"overriding_plate_id":null,"subducting_plate_id":null,"plate_ids":[406,409],"name":"Kamchatka"},"geometry":{"type":"LineString","coordinates":[[155.652,71.56],[154.576,71.559],[153.275,71.548],[151.976,71.528],[150.738,71.415],[149.514,71.295],[148.306,71.167],[147.061,71.017],[145.835,70.859],[144.629,70.693],[143.444,70.52],[142.578,70.161],[141.742,69.799],[140.934,69.432],[140.153,69.062],[139.629,68.707],[139.121,68.351],[138.629,67.993],[138.151,67.634],[137.688,67.274],[137.296,66.862],[136.916,66.449],[136.549,66.035],[136.194,65.62],[135.764,65.169],[135.349,64.717],[134.947,64.264]]}},{"type":"Feature","properties":{"boundary_type":"other","feature_type":"gpml:FractureZone","polarity":null,"overriding_plate_id":null,"subducting_plate_id":null,"plate_ids":[501,701],"name":"Owen FZ from NUVEL file, DB 04-2007"},"geometry":{"type":"LineString","coordinates":[[54.708,-8.947],[54.886,-8.566],[55.064,-8.185],[55.275,-7.754],[55.485,-7.323],[55.695,-6.892],[55.904,-6.461],[56.113,-6.03],[56.322,-5.598],[56.53,-5.167],[56.738,-4.735],[56.946,-4.303],[57.154,-3.872],[57.361,-3.44],[57.546,-2.991],[57.73,-2.542],[57.914,-2.093],[58.098,-1.644],[58.282,-1.195],[58.466,-0.746],[58.649,-0.297],[58.833,0.152],[59.017,0.601],[59.201,1.05],[59.384,1.499],[59.549,1.957],[59.714,2.415],[59.878,2.872],[60.043,3.33],[60.209,3.787],[60.374,4.245],[60.539,4.702],[60.705,5.16],[60.871,5.617],[61.037,6.074],[61.204,6.531],[61.363,6.967],[61.524,7.403],[61.684,7.839],[61.845,8.275],[62.006,8.71],[62.167,9.146],[62.329,9.581],[62.492,10.017],[62.654,10.452],[62.818,10.887],[62.981,11.322],[63.145,11.757],[63.294,12.213],[63.444,12.669],[63.593,13.124],[63.744,13.58],[63.895,14.035],[64.046,14.491],[64.199,14.946],[64.352,15.401],[64.505,15.856],[64.659,16.311],[64.814,16.766],[64.97,17.221],[65.097,17.681],[65.225,18.141],[65.353,18.6],[65.482,19.06],[65.612,19.52],[65.743,19.979],[65.874,20.439],[66.006,20.898]]}},{"type":"Feature","properties":{"boundary_type":"other","feature_type":"gpml:FractureZone","polarity":null,"overriding_plate_id":null,"subducting_plate_id":null,"plate_ids":[301,501],"name":"Owen FZ from NUVEL file, DB 04-2007"},"geometry":{"type":"LineString","coordinates":[[66.006,20.898],[66.034,20.997],[66.115,21.294],[66.196,21.591]]}},{"type":"Feature","properties":{"boundary_type":"other","feature_type":"gpml:InferredPaleoBoundary","polarity":null,"overriding_plate_id":null,"subducting_plate_id":null,"plate_ids":[801,901],"name":"SS ThroughSthNewZealand EmeraldFZ"},"geometry":{"type":"LineString","coordinates":[[-163.412,-42.098],[-163.332,-42.216],[-163.253,-42.7],[-163.172,-43.184],[-163.091,-43.667],[-163.008,-44.151],[-162.924,-44.634],[-162.838,-45.118],[-162.751,-45.601],[-162.662,-46.085],[-162.926,-46.403],[-163.192,-46.721],[-163.632,-47.063],[-164.078,-47.403],[-164.53,-47.742],[-164.988,-48.078],[-165.451,-48.413],[-165.927,-48.778],[-166.41,-49.141],[-166.899,-49.502],[-167.396,-49.861],[-167.689,-50.19],[-167.985,-50.518],[-168.286,-50.846],[-168.591,-51.173],[-168.782,-51.533],[-168.976,-51.893],[-169.173,-52.252],[-169.373,-52.612],[-169.394,-53.074],[-169.415,-53.536],[-169.436,-53.998],[-169.458,-54.46],[-169.732,-54.903],[-170.012,-55.347],[-170.299,-55.789],[-170.592,-56.231],[-170.892,-56.672],[-171.199,-57.112],[-171.513,-57.551],[-171.81,-57.997],[-172.115,-58.442],[-172.428,-58.887],[-172.748,-59.33],[-173.078,-59.773],[-173.787,-60.055],[-174.509,-60.332],[-175.244,-60.605],[-175.99,-60.875],[-176.561,-61.22],[-177.279,-61.557],[-177.73,-61.725],[-178.3,-62.078],[-178.883,-62.429],[-179.48,-62.777],[179.909,-63.122],[179.283,-63.465]]}},{"type":"Feature","properties":{"boundary_type":"ridge","feature_type":"gpml:MidOceanRidge","polarity":null,"overriding_plate_id":null,"subducting_plate_id":null,"plate_ids":[501,802],"name":"Ridge f iso on ANT at 55.9Ma"},"geometry":{"type":"LineString","coordinates":[[64.131,-40.087],[64.167,-40.096],[64.789,-40.241],[65.415,-40.383],[66.043,-40.521],[66.673,-40.656],[66.494,-41.054],[66.313,-41.451],[66.129,-41.848],[66.679,-41.963],[67.231,-42.074],[67.785,-42.183],[67.668,-42.558],[67.549,-42.933],[67.428,-43.307],[67.306,-43.682],[67.797,-43.801],[68.291,-43.917],[68.786,-44.032],[68.639,-44.412],[68.49,-44.793],[68.338,-45.173],[68.99,-45.352],[69.645,-45.528],[70.305,-45.7],[70.968,-45.868],[71.635,-46.033],[72.307,-46.193],[72.982,-46.35],[73.661,-46.502],[74.344,-46.651],[75.031,-46.795],[75.721,-46.936],[76.296,-47.021],[76.873,-47.103],[77.452,-47.183]]}},{"type":"Feature","properties":{"boundary_type":"ridge","feature_type":"gpml:MidOceanRidge","polarity":null,"overriding_plate_id":null,"subducting_plate_id":null,"plate_ids":[101,304],"name":"Ridge from iso A18 from NorthAmerica 40.1Ma"},"geometry":{"type":"LineString","coordinates":[[-13.794,33.278],[-14.008,32.835],[-14.219,32.392],[-14.428,31.948],[-14.635,31.504],[-14.84,31.06],[-15.069,30.647],[-15.296,30.234],[-15.521,29.821],[-15.745,29.407],[-15.966,28.993],[-16.099,29.01],[-16.321,28.584],[-16.542,28.157]]}},{"type":"Feature","properties":{"boundary_type":"ridge","feature_type":"gpml:MidOceanRidge","polarity":null,"overriding_plate_id":null,"subducting_plate_id":null,"plate_ids":[101,701],"name":"Ridge from iso A18 from NorthAmerica 40.1Ma"},"geometry":{"type":"LineString","coordinates":[[-16.542,28.157],[-16.727,27.796],[-17.231,27.954],[-17.736,28.111],[-18.243,28.265],[-18.465,27.836],[-18.686,27.407],[-18.904,26.978],[-19.343,27.125],[-19.549,26.752],[-19.755,26.378],[-19.959,26.004],[-20.469,26.183],[-20.98,26.359],[-21.493,26.534],[-21.746,26.126],[-21.997,25.717],[-22.246,25.307],[-22.494,24.897],[-22.955,25.075],[-23.418,25.252],[-23.881,25.428],[-24.346,25.602],[-24.588,25.327],[-24.829,25.051],[-25.03,25.107],[-25.278,24.831],[-25.524,24.555],[-25.769,24.278],[-26.097,24.392],[-26.455,24.027],[-26.811,23.661],[-27.165,23.294],[-27.516,22.926],[-27.866,22.558],[-28.279,22.71],[-28.694,22.862],[-29.001,22.492],[-29.307,22.121],[-29.612,21.749],[-29.764,21.814],[-30.047,21.461],[-30.329,21.107],[-30.609,20.753],[-30.888,20.399],[-31.166,20.044],[-31.443,19.688],[-31.718,19.332],[-31.92,19.023],[-32.122,18.714],[-32.323,18.404],[-32.665,18.52],[-32.926,18.156],[-32.987,18.186],[-33.175,17.88],[-33.362,17.574],[-33.121,17.465],[-32.88,17.355],[-33.029,16.924],[-33.178,16.493],[-33.325,16.062],[-33.472,15.63],[-33.522,15.645],[-33.694,15.247],[-33.865,14.849],[-34.036,14.451],[-33.841,14.364],[-34.007,13.973],[-34.171,13.581],[-34.254,13.623],[-34.431,13.235],[-34.608,12.846],[-34.82,12.945],[-35.023,12.51],[-35.225,12.075],[-35.427,11.639],[-35.628,11.203],[-35.828,10.767],[-35.406,10.579],[-35.545,10.256],[-35.683,9.932],[-35.821,9.609],[-35.935,9.401]]}},{"type":"Feature","properties":{"boundary_type":"ridge","feature_type":"gpml:MidOceanRidge","polarity":null,"overriding_plate_id":null,"subducting_plate_id":null,"plate_ids":[701,802],"name":"Ridge from iso from ANT at 47.7Ma"},"geometry":{"type":"LineString","coordinates":[[1.593,-64.966],[0.692,-64.779]]}},{"type":"Feature","properties":{"boundary_type":"ridge","feature_type":"gpml:MidOceanRidge","polarity":null,"overriding_plate_id":null,"subducting_plate_id":null,"plate_ids":[201,802],"name":"Ridge from iso from ANT at 47.7Ma"},"geometry":{"type":"LineString","coordinates":[[0.692,-64.779],[0.146,-64.662],[-0.369,-65.043],[-0.898,-65.423],[-1.828,-65.206],[-2.743,-64.983],[-3.242,-65.298],[-3.754,-65.612],[-4.278,-65.923],[-4.932,-65.735],[-5.577,-65.543],[-6.062,-65.862],[-6.56,-66.18],[-7.071,-66.495],[-7.894,-66.299],[-8.703,-66.098],[-9.501,-65.893],[-10.285,-65.684],[-10.981,-66.072],[-11.698,-66.456],[-12.438,-66.837],[-13.201,-67.214],[-13.989,-67.588],[-13.745,-67.745],[-14.221,-67.957],[-14.705,-68.167],[-15.65,-67.942],[-16.577,-67.711],[-17.486,-67.475],[-18.377,-67.235],[-18.902,-67.508],[-19.439,-67.78],[-19.989,-68.049],[-20.643,-67.876],[-21.288,-67.7],[-22.059,-68.012],[-22.85,-68.321],[-23.919,-68.066],[-24.964,-67.805],[-25.986,-67.537],[-26.984,-67.263],[-27.96,-66.983],[-28.624,-67.344],[-29.309,-67.702],[-30.014,-68.057],[-30.717,-67.884],[-31.41,-67.708],[-31.973,-68.007],[-32.55,-68.305],[-33.143,-68.601],[-33.61,-68.467],[-34.315,-68.784],[-35.041,-69.098],[-35.788,-69.408],[-36.584,-69.212],[-37.365,-69.013],[-38.132,-68.809],[-39.304,-69.001],[-40.496,-69.184],[-41.522,-68.873],[-42.603,-68.904],[-43.686,-68.929],[-44.771,-68.946],[-45.5,-68.976],[-46.231,-69.003],[-47.592,-68.989],[-48.951,-68.964],[-50.306,-68.928],[-51.414,-68.873],[-52.517,-68.81],[-53.613,-68.741],[-54.628,-68.586],[-55.63,-68.426],[-56.616,-68.26],[-57.589,-68.088],[-58.567,-67.827],[-59.523,-67.56],[-60.458,-67.288],[-61.357,-67.038],[-62.237,-66.784],[-63.1,-66.524]]}},{"type":"Feature","properties":{"boundary_type":"ridge","feature_type":"gpml:MidOceanRidge","polarity":null,"overriding_plate_id":null,"subducting_plate_id":null,"plate_ids":[101,301],"name":"Arctic"},"geometry":{"type":"LineString","coordinates":[[6.461,69.94],[7.221,70.291],[8.008,70.64],[8.822,70.985],[9.665,71.326],[10.538,71.663],[11.442,71.996],[12.186,72.257],[12.951,72.515],[13.583,72.68],[13.9,72.879],[14.436,72.903],[14.926,73.012],[15.603,73.174],[16.126,73.344],[16.511,73.471],[17.04,73.622],[17.535,73.792],[17.871,73.904],[18.47,74.099],[18.995,74.265],[19.429,74.454],[19.722,74.619],[20.065,74.764],[20.431,74.923],[20.745,75.087],[21.496,75.318],[22.185,75.634],[22.455,75.974],[22.8,76.108],[24.032,76.09],[25.203,76.181],[26.546,76.306],[27.66,76.361],[28.886,76.421],[29.859,76.538],[30.848,76.652],[31.85,76.773],[33.181,76.96],[34.137,77.147],[35.121,77.33],[36.164,77.562],[37.246,77.79],[38.283,77.949],[39.346,78.104],[40.553,78.288],[41.797,78.466],[43.603,78.711],[44.639,78.767],[46.803,78.886],[48.242,78.904],[50.195,78.926],[52.153,78.935],[54.113,78.932],[56.41,78.99],[58.728,79.03],[60.168,79.09],[61.623,79.143],[63.047,79.103],[65.441,79.06],[67.812,78.999],[70.153,78.92],[72.458,78.823],[74.72,78.709],[76.934,78.578]]}},{"type":"Feature","properties":{"boundary_type":"ridge","feature_type":"gpml:MidOceanRidge","polarity":null,"overriding_plate_id":null,"subducting_plate_id":null,"plate_ids":[101,409],"name":"Arctic"},"geometry":{"type":"LineString","coordinates":[[76.934,78.578],[78.643,78.463],[80.317,78.338],[81.955,78.204]]}},{"type":"Feature","properties":{"boundary_type":"ridge","feature_type":"gpml:MidOceanRidge","polarity":null,"overriding_plate_id":null,"subducting_plate_id":null,"plate_ids":[804,901],"name":"BELLINGHAUSEN SEA, MARIE BYRD LAND-PACIFIC"},"geometry":{"type":"LineString","coordinates":[[-148.564,-61.511],[-148.562,-61.507],[-149.1,-61.114],[-149.625,-60.719],[-150.489,-60.907],[-151.363,-61.09],[-152.246,-61.267],[-152.579,-60.971],[-153.285,-61.174],[-154.0,-61.374],[-154.348,-61.114],[-155.178,-61.311],[-156.018,-61.503],[-156.868,-61.69],[-157.729,-61.871],[-158.6,-62.047],[-158.358,-62.352],[-159.073,-62.5],[-159.794,-62.643],[-160.523,-62.783],[-160.679,-62.526],[-160.832,-62.269],[-161.702,-62.386],[-162.578,-62.497],[-163.461,-62.603],[-163.309,-62.897],[-163.153,-63.19],[-164.027,-63.266],[-164.905,-63.336],[-165.787,-63.4],[-166.673,-63.46],[-167.563,-63.513],[-167.513,-63.423],[-168.189,-63.428],[-168.865,-63.43],[-169.05,-63.092],[-169.231,-62.755],[-170.225,-62.855],[-171.226,-62.948],[-172.233,-63.034],[-173.245,-63.113],[-174.263,-63.185],[-175.285,-63.249],[-176.312,-63.306],[-177.343,-63.356],[-178.377,-63.398],[-179.413,-63.432],[179.548,-63.46]]}},{"type":"Feature","properties":{"boundary_type":"ridge","feature_type":"gpml:MidOceanRidge","polarity":null,"overriding_plate_id":null,"subducting_plate_id":null,"plate_ids":[802,901],"name":"BELLINGHAUSEN SEA, MARIE BYRD LAND-PACIFIC"},"geometry":{"type":"LineString","coordinates":[[179.548,-63.46],[179.283,-63.465]]}},{"type":"Feature","properties":{"boundary_type":"ridge","feature_type":"gpml:MidOceanRidge","polarity":null,"overriding_plate_id":null,"subducting_plate_id":null,"plate_ids":[801,802],"name":"BELLINGHAUSEN SEA, MARIE BYRD LAND-PACIFIC"},"geometry":{"type":"LineString","coordinates":[[179.283,-63.465],[178.399,-63.481],[177.515,-63.491],[176.629,-63.495]]}},{"type":"Feature","properties":{"boundary_type":"ridge","feature_type":"gpml:MidOceanRidge","polarity":null,"overriding_plate_id":null,"subducting_plate_id":null,"plate_ids":[102,301],"name":"Greenland - Eurasia"},"geometry":{"type":"LineString","coordinates":[[15.895,60.931],[15.206,60.753],[14.524,60.572],[13.943,60.379],[13.355,60.223],[12.645,60.031],[12.141,59.867],[11.584,59.75],[11.102,59.629],[10.522,59.562],[10.082,59.484],[9.46,59.335],[8.995,59.19],[8.648,59.015],[8.188,58.894],[7.648,58.739],[7.258,58.663],[6.725,58.549],[6.086,58.267],[5.456,57.982],[4.837,57.693]]}},{"type":"Feature","properties":{"boundary_type":"ridge","feature_type":"gpml:MidOceanRidge","polarity":null,"overriding_plate_id":null,"subducting_plate_id":null,"plate_ids":[102,301],"name":"Greenland - Eurasia"},"geometry":{"type":"LineString","coordinates":[[-3.06,53.709],[-3.587,53.42],[-4.106,53.129],[-4.618,52.836],[-5.123,52.541],[-5.622,52.243],[-6.191,51.927],[-6.748,51.618],[-7.297,51.306],[-7.667,51.112],[-8.034,50.917],[-8.471,50.699],[-8.904,50.48],[-9.333,50.259],[-9.823,50.085],[-10.309,49.908],[-10.596,49.731],[-10.881,49.553],[-11.447,49.284],[-12.006,49.012],[-12.325,48.787],[-12.641,48.561],[-13.065,48.219],[-13.483,47.875],[-13.752,47.644],[-14.019,47.413],[-14.426,47.276],[-14.903,47.083],[-15.387,46.824],[-15.879,46.703],[-16.578,46.613],[-17.133,46.488]]}},{"type":"Feature","properties":{"boundary_type":"ridge","feature_type":"gpml:MidOceanRidge","polarity":null,"overriding_plate_id":null,"subducting_plate_id":null,"plate_ids":[102,301],"name":"Jan Mayen"},"geometry":{"type":"LineString","coordinates":[[4.837,57.693],[4.822,57.679],[4.575,57.476],[4.454,57.295],[4.166,56.918],[4.045,56.665],[4.067,56.438],[4.29,56.189],[4.51,55.939],[4.971,55.553],[5.423,55.166]]}},{"type":"Feature","properties":{"boundary_type":"ridge","feature_type":"gpml:MidOceanRidge","polarity":null,"overriding_plate_id":null,"subducting_plate_id":null,"plate_ids":[102,301],"name":"Jan Mayen MOR"},"geometry":{"type":"LineString","coordinates":[[5.423,55.166],[5.336,55.138],[4.656,55.027],[3.979,54.912],[3.307,54.793],[3.415,54.541],[3.212,54.507],[3.003,54.436],[2.739,54.34],[2.492,54.288],[2.211,54.225],[1.988,54.123],[1.733,54.061],[1.532,53.974],[1.044,53.838],[0.558,53.699],[-0.035,53.613],[-0.625,53.525],[-1.169,53.567],[-1.713,53.607],[-2.386,53.66],[-3.06,53.709]]}},{"type":"Feature","properties":{"boundary_type":"ridge","feature_type":"gpml:MidOceanRidge","polarity":null,"overriding_plate_id":null,"subducting_plate_id":null,"plate_ids":[101,317],"name":"Porcupine MOR"},"geometry":{"type":"LineString","coordinates":[[-14.815,41.914],[-14.503,41.512],[-14.196,41.109],[-13.892,40.705],[-14.058,40.586],[-13.758,40.253],[-13.462,39.919],[-13.382,39.948],[-13.141,39.611],[-12.903,39.273],[-12.667,38.934],[-12.433,38.595],[-12.403,38.142],[-12.374,37.688],[-12.346,37.235],[-12.318,36.781],[-12.29,36.328],[-12.521,35.9],[-12.75,35.472],[-12.976,35.044],[-13.2,34.615],[-13.422,34.186],[-13.642,33.757],[-13.859,33.327]]}},{"type":"Feature","properties":{"boundary_type":"ridge","feature_type":"gpml:MidOceanRidge","polarity":null,"overriding_plate_id":null,"subducting_plate_id":null,"plate_ids":[701,802],"name":"Ridge f iso at 47.9 at ANT-new"},"geometry":{"type":"LineString","coordinates":[[1.593,-64.966],[2.265,-64.666],[2.923,-64.364],[3.567,-64.058],[4.197,-63.75],[5.016,-63.971],[5.627,-63.664],[6.225,-63.354],[6.81,-63.042],[7.382,-62.728],[7.947,-62.651],[8.508,-62.572],[8.968,-62.699],[9.244,-62.498],[10.136,-62.532],[11.03,-62.56],[11.925,-62.583],[12.821,-62.599],[13.186,-62.392],[13.892,-62.612],[14.609,-62.827],[15.41,-63.091],[16.227,-63.351],[17.058,-63.605],[17.904,-63.855],[18.765,-64.1],[19.642,-64.34],[19.975,-64.116],[20.303,-63.892],[21.146,-64.07],[21.999,-64.244],[22.297,-63.963],[23.213,-64.126],[23.712,-63.749],[24.198,-63.37],[24.925,-63.534],[25.66,-63.695],[25.912,-63.407],[26.733,-63.475],[27.557,-63.538],[28.021,-63.224],[29.053,-63.34],[29.293,-63.098],[30.323,-63.204],[30.711,-62.814],[31.088,-62.423],[31.456,-62.031],[31.733,-61.653],[32.003,-61.274],[32.267,-60.895],[32.524,-60.515],[33.032,-60.608],[33.258,-60.243],[33.479,-59.878],[33.695,-59.512],[33.907,-59.146],[34.661,-59.135],[34.88,-58.688],[35.094,-58.242],[35.302,-57.794],[35.998,-57.893],[36.233,-57.455],[36.463,-57.016],[36.687,-56.576],[37.206,-56.586],[37.725,-56.593],[37.948,-56.176],[38.167,-55.758],[38.883,-55.699],[39.598,-55.636],[40.31,-55.569],[41.02,-55.498],[41.21,-55.217],[41.833,-55.233],[42.016,-54.952],[42.883,-54.955],[43.749,-54.952],[43.956,-54.835],[44.545,-54.804],[45.134,-54.77],[45.721,-54.734],[45.717,-54.298],[45.713,-53.862],[45.709,-53.426],[45.706,-52.99],[46.414,-53.003],[46.376,-52.59],[46.338,-52.177],[46.3,-51.764],[46.264,-51.35],[46.714,-51.257],[47.163,-51.162],[47.218,-50.835],[47.272,-50.509],[47.892,-50.489],[48.511,-50.466],[49.13,-50.44],[49.094,-50.079],[49.738,-50.047],[50.381,-50.011],[50.345,-49.624],[50.31,-49.238],[50.275,-48.851],[50.95,-48.759],[51.623,-48.663],[51.613,-48.347],[52.331,-48.219],[53.046,-48.088],[53.757,-47.952],[54.464,-47.811],[55.167,-47.667],[55.866,-47.518],[56.561,-47.364],[57.252,-47.207],[57.189,-46.731],[57.126,-46.254],[57.589,-46.138],[58.05,-46.019],[58.509,-45.899],[58.365,-45.52],[58.223,-45.14],[58.082,-44.76],[58.602,-44.643],[59.12,-44.524],[59.635,-44.402],[59.733,-44.131],[60.199,-44.021],[60.663,-43.91],[60.594,-43.668],[61.136,-43.538],[61.078,-43.217],[61.626,-43.003],[62.17,-42.787],[62.081,-42.41],[61.993,-42.033],[61.906,-41.655],[62.404,-41.459],[62.898,-41.261],[63.389,-41.06],[63.387,-40.616],[63.874,-40.484],[64.36,-40.351],[64.131,-40.087]]}},{"type":"Feature","properties":{"boundary_type":"ridge","feature_type":"gpml:MidOceanRidge","polarity":null,"overriding_plate_id":null,"subducting_plate_id":null,"plate_ids":[501,701],"name":"Ridge f iso at 47.9 at ANT-new"},"geometry":{"type":"LineString","coordinates":[[64.131,-40.087],[64.004,-39.94],[64.005,-39.939]]}},{"type":"Feature","properties":{"boundary_type":"ridge","feature_type":"gpml:MidOceanRidge","polarity":null,"overriding_plate_id":null,"subducting_plate_id":null,"plate_ids":[101,201],"name":"Ridge from iso A13 from SouthAmerica at 33.1Ma"},"geometry":{"type":"LineString","coordinates":[[-49.418,17.742],[-48.976,17.479],[-48.535,17.215],[-48.095,16.95],[-47.657,16.684],[-47.22,16.417],[-46.784,16.149],[-46.349,15.88],[-45.915,15.61],[-45.483,15.34],[-45.051,15.069],[-44.621,14.796],[-44.192,14.523],[-43.764,14.25],[-43.336,13.975],[-42.91,13.7],[-42.485,13.424],[-42.061,13.147],[-41.638,12.87],[-41.216,12.592],[-40.794,12.313],[-40.374,12.034],[-39.954,11.754],[-39.535,11.474],[-39.118,11.192],[-38.701,10.911],[-38.284,10.628],[-37.869,10.345],[-37.454,10.062],[-37.04,9.778],[-36.581,9.622],[-36.123,9.465],[-35.935,9.401]]}},{"type":"Feature","properties":{"boundary_type":"ridge","feature_type":"gpml:MidOceanRidge","polarity":null,"overriding_plate_id":null,"subducting_plate_id":null,"plate_ids":[201,701],"name":"Ridge from iso A13 from SouthAmerica at 33.1Ma"},"geometry":{"type":"LineString","coordinates":[[-35.935,9.401],[-35.496,9.252],[-35.057,9.103],[-34.618,8.953],[-34.672,8.494],[-34.726,8.036],[-34.78,7.577],[-34.834,7.118],[-34.888,6.66],[-34.53,6.503],[-34.172,6.347],[-34.268,5.984],[-33.904,5.833],[-33.99,5.399],[-34.075,4.965],[-33.63,4.799],[-33.185,4.631],[-32.741,4.464],[-32.296,4.297],[-31.852,4.129],[-31.408,3.961],[-31.453,3.656],[-31.498,3.352],[-31.285,3.281],[-31.335,3.026],[-31.386,2.772],[-31.181,2.695],[-31.208,2.436],[-31.234,2.178],[-30.991,2.094],[-30.749,2.009],[-30.836,1.574],[-30.38,1.42],[-29.923,1.267],[-29.467,1.113],[-29.011,0.959],[-29.028,0.742],[-28.608,0.627],[-28.188,0.512],[-27.769,0.398],[-27.781,0.298],[-27.377,0.175],[-26.973,0.052],[-26.998,-0.299],[-26.668,-0.372],[-26.338,-0.445],[-26.355,-0.658],[-25.938,-0.773],[-25.52,-0.887],[-25.103,-1.002],[-24.686,-1.116],[-24.727,-1.513],[-24.769,-1.91],[-24.468,-1.978],[-24.166,-2.046],[-24.187,-2.438],[-24.207,-2.83],[-24.228,-3.221],[-24.248,-3.613],[-23.785,-3.719],[-23.321,-3.825],[-22.857,-3.931],[-22.393,-4.036],[-22.41,-4.486],[-22.427,-4.935],[-22.444,-5.385],[-22.461,-5.834],[-22.478,-6.284],[-22.135,-6.342],[-21.792,-6.4],[-21.783,-6.687],[-21.774,-6.975],[-21.33,-7.053],[-20.886,-7.132],[-20.442,-7.209],[-19.998,-7.287],[-19.554,-7.364],[-19.109,-7.44],[-18.665,-7.516],[-18.22,-7.592],[-18.163,-7.972],[-17.738,-8.033],[-17.312,-8.094],[-16.887,-8.154],[-16.828,-8.597],[-16.769,-9.039],[-16.71,-9.481],[-16.212,-9.506],[-15.715,-9.531],[-15.217,-9.555],[-14.719,-9.578],[-14.222,-9.601],[-13.724,-9.623],[-13.226,-9.644],[-12.728,-9.664],[-12.23,-9.684],[-11.732,-9.703],[-11.234,-9.721],[-10.736,-9.738],[-10.237,-9.755],[-9.739,-9.771],[-9.241,-9.787],[-8.743,-9.801],[-8.244,-9.815],[-8.198,-10.065],[-7.977,-10.072],[-7.899,-10.37],[-7.821,-10.669],[-7.506,-10.665],[-7.451,-10.921],[-6.964,-10.919],[-6.477,-10.916],[-5.99,-10.913],[-5.502,-10.909],[-5.015,-10.904],[-4.891,-11.308],[-4.767,-11.713],[-4.642,-12.118],[-4.517,-12.522],[-4.392,-12.927],[-4.266,-13.332]]}},{"type":"Feature","properties":{"boundary_type":"ridge","feature_type":"gpml:MidOceanRidge","polarity":null,"overriding_plate_id":null,"subducting_plate_id":null,"plate_ids":[201,701],"name":"SOUTH ATLANTIC, SOUTH AMERICA-AFRICA"},"geometry":{"type":"LineString","coordinates":[[-4.266,-13.332],[-4.392,-13.337],[-4.718,-13.359],[-4.612,-13.812],[-4.506,-14.264],[-4.399,-14.717],[-4.291,-15.169],[-4.183,-15.621],[-4.075,-16.073],[-3.966,-16.525],[-3.857,-16.977],[-4.307,-17.001],[-4.756,-17.024],[-5.206,-17.046],[-5.656,-17.067],[-6.106,-17.088],[-6.556,-17.107],[-6.557,-17.563],[-6.558,-18.018],[-6.559,-18.474],[-6.56,-18.93],[-6.561,-19.386],[-6.562,-19.842],[-6.564,-20.298],[-6.565,-20.754],[-6.566,-21.21],[-6.567,-21.666],[-7.01,-21.673],[-7.452,-21.679],[-7.895,-21.684],[-8.338,-21.688],[-8.781,-21.691],[-8.809,-22.123],[-8.837,-22.556],[-8.866,-22.989],[-8.894,-23.422],[-8.923,-23.855],[-8.952,-24.288],[-8.515,-24.286],[-8.078,-24.282],[-7.641,-24.278],[-7.599,-24.538],[-7.556,-24.799],[-7.313,-24.781],[-7.299,-25.207],[-7.285,-25.632],[-7.271,-26.058],[-7.6,-26.172],[-7.494,-26.557],[-7.386,-26.942],[-7.279,-27.327],[-7.17,-27.711],[-6.846,-27.717],[-6.746,-28.177],[-6.645,-28.636],[-6.543,-29.095],[-6.44,-29.553],[-6.336,-30.012],[-6.232,-30.471],[-5.984,-30.49],[-5.988,-30.934],[-5.992,-31.379],[-5.996,-31.823],[-5.999,-32.267],[-6.349,-32.31],[-6.7,-32.351],[-6.71,-32.718],[-7.17,-32.747],[-7.63,-32.774],[-7.657,-33.123],[-7.684,-33.472],[-7.711,-33.821],[-8.097,-33.859],[-8.151,-34.185],[-8.205,-34.51],[-8.477,-34.501],[-8.51,-34.738],[-9.011,-34.789],[-9.512,-34.838],[-9.373,-35.252],[-9.233,-35.667],[-9.092,-36.081],[-8.949,-36.495],[-8.487,-36.534],[-8.023,-36.572],[-7.56,-36.607],[-7.495,-37.004],[-7.43,-37.4],[-7.364,-37.797],[-7.297,-38.193],[-7.106,-38.179],[-7.13,-38.548],[-7.153,-38.917],[-7.708,-38.889],[-8.262,-38.858],[-8.275,-39.237],[-8.288,-39.617],[-8.301,-39.996],[-8.315,-40.375],[-7.993,-40.397],[-8.01,-40.822],[-8.027,-41.246],[-8.044,-41.67],[-8.575,-41.697],[-9.107,-41.721],[-9.64,-41.743],[-9.748,-42.11],[-9.858,-42.476],[-10.519,-42.471],[-10.589,-42.794],[-10.66,-43.117],[-11.118,-43.131],[-11.577,-43.142],[-11.661,-43.637],[-11.747,-44.131],[-12.383,-44.129],[-13.019,-44.123],[-13.185,-44.561],[-13.355,-44.998],[-13.961,-45.006],[-14.568,-45.011],[-14.569,-45.465],[-14.571,-45.919],[-14.572,-46.373],[-14.573,-46.827],[-14.575,-47.28],[-14.576,-47.734],[-14.577,-48.188],[-15.024,-48.199],[-15.037,-48.592],[-15.049,-48.985],[-15.062,-49.378],[-15.075,-49.772],[-15.495,-49.798],[-15.561,-50.218],[-15.628,-50.637],[-15.696,-51.056],[-15.766,-51.475],[-15.837,-51.894],[-15.376,-51.924],[-14.916,-51.952],[-14.992,-52.346],[-15.069,-52.741],[-15.148,-53.135],[-15.229,-53.53],[-15.836,-53.513],[-15.916,-53.946],[-15.998,-54.378],[-16.081,-54.811],[-15.442,-54.812],[-14.804,-54.81],[-14.165,-54.804],[-14.139,-55.21],[-14.113,-55.617],[-14.086,-56.023],[-13.687,-56.008],[-13.687,-56.35],[-13.686,-56.691],[-13.686,-57.032],[-12.77,-57.071],[-11.852,-57.102],[-10.933,-57.127],[-10.402,-57.459],[-9.861,-57.789],[-9.31,-58.117],[-8.749,-58.442],[-8.178,-58.765],[-7.595,-59.086],[-7.226,-59.507],[-6.848,-59.927],[-6.46,-60.347],[-6.062,-60.765],[-6.0,-61.22],[-5.935,-61.674],[-5.869,-62.129],[-5.801,-62.584],[-5.782,-62.912],[-5.762,-63.24],[-4.924,-63.236],[-4.086,-63.228],[-3.248,-63.215],[-3.143,-63.511],[-3.035,-63.807],[-2.154,-63.772],[-1.276,-63.731],[-0.4,-63.685],[0.472,-63.633],[0.553,-63.976],[0.636,-64.32],[0.64,-64.445],[0.692,-64.779]]}},{"type":"Feature","properties":{"boundary_type":"subduction","feature_type":"gpml:SubductionZone","polarity":"Right","overriding_plate_id":804,"subducting_plate_id":904,"plate_ids":[804,904],"name":"ANT NAZ 060 015 TF"},"geometry":{"type":"LineString","coordinates":[[-102.723,-67.857],[-101.86,-67.842],[-100.999,-67.822]]}},{"type":"Feature","properties":{"boundary_type":"subduction","feature_type":"gpml:SubductionZone","polarity":"Right","overriding_plate_id":802,"subducting_plate_id":904,"plate_ids":[802,904],"name":"ANT NAZ 060 015 TF"},"geometry":{"type":"LineString","coordinates":[[-100.999,-67.822],[-100.073,-67.797],[-98.8,-67.688],[-97.74,-67.717],[-96.677,-67.739],[-95.846,-67.778],[-95.012,-67.813],[-94.249,-67.668],[-93.496,-67.52],[-92.404,-67.258],[-91.336,-66.988],[-90.291,-66.712],[-89.322,-66.529],[-88.367,-66.34],[-87.427,-66.145],[-86.35,-65.917],[-85.291,-65.683],[-84.525,-65.463],[-83.772,-65.24],[-82.843,-64.972],[-81.934,-64.699],[-81.027,-64.403],[-80.139,-64.102],[-79.313,-63.981],[-78.494,-63.856],[-77.545,-63.8],[-76.599,-63.738],[-75.657,-63.671],[-75.031,-63.576],[-74.409,-63.478],[-73.638,-63.399],[-72.872,-63.315],[-72.11,-63.228],[-71.353,-63.136],[-70.628,-62.944],[-69.912,-62.748],[-69.148,-62.618]]}},{"type":"Feature","properties":{"boundary_type":"subduction","feature_type":"gpml:SubductionZone","polarity":"Left","overriding_plate_id":604,"subducting_plate_id":501,"plate_ids":[501,604],"name":"Indonesian bndy w AUS-mg"},"geometry":{"type":"LineString","coordinates":[[95.289,7.653],[95.709,7.385],[96.128,7.116],[96.547,6.847],[96.965,6.578],[97.232,6.276],[97.498,5.973],[97.765,5.671],[98.03,5.369],[98.415,5.061],[98.8,4.752],[99.185,4.443],[99.569,4.135],[99.952,3.826],[100.381,3.655],[100.809,3.484],[101.237,3.313],[101.665,3.142],[102.093,2.971],[102.52,2.799],[102.948,2.628],[103.375,2.456],[103.803,2.284],[104.23,2.112],[104.624,1.855],[105.017,1.598],[105.411,1.341],[105.804,1.084],[106.197,0.827],[106.59,0.57],[106.984,0.313],[107.377,0.056],[107.77,-0.201],[108.19,-0.29],[108.61,-0.379],[109.03,-0.468],[109.45,-0.557],[109.87,-0.646],[110.29,-0.734],[110.778,-0.735],[111.266,-0.735],[111.685,-0.794],[112.104,-0.854],[112.523,-0.913]]}},{"type":"Feature","properties":{"boundary_type":"subduction","feature_type":"gpml:SubductionZone","polarity":"Left","overriding_plate_id":604,"subducting_plate_id":801,"plate_ids":[604,801],"name":"Indonesian bndy w AUS-mg"},"geometry":{"type":"LineString","coordinates":[[112.523,-0.913],[112.92,-0.969],[113.317,-1.026],[113.715,-1.082],[114.022,-0.982]]}},{"type":"Feature","properties":{"boundary_type":"subduction","feature_type":"gpml:SubductionZone","polarity":"Left","overriding_plate_id":609,"subducting_plate_id":901,"plate_ids":[609,901],"name":"Izu Bonin Mariana Trench"},"geometry":{"type":"LineString","coordinates":[[157.991,1.375],[157.814,1.614],[157.638,1.852],[157.412,2.172],[157.187,2.491],[156.961,2.81],[156.77,3.054],[156.577,3.297],[156.215,3.64],[155.852,3.982],[155.578,4.293],[155.303,4.605],[155.027,4.916],[154.778,5.138],[154.528,5.36],[154.278,5.582],[154.01,5.814],[153.742,6.046],[153.473,6.278],[153.232,6.525],[152.99,6.772],[152.748,7.019],[152.507,7.267],[152.266,7.514],[152.025,7.762],[151.796,8.094],[151.568,8.425],[151.339,8.757],[151.109,9.088],[150.879,9.419],[150.713,9.709],[150.546,9.999],[150.378,10.289],[150.211,10.579],[150.043,10.868],[149.875,11.158],[149.624,11.494],[149.373,11.83],[149.121,12.165],[148.869,12.5],[148.653,12.825],[148.436,13.149],[148.219,13.474],[148.001,13.813],[147.783,14.153],[147.565,14.492],[147.345,14.831],[147.119,15.195],[146.892,15.559],[146.664,15.924],[146.435,16.287],[146.189,16.612],[145.942,16.936],[145.695,17.26],[145.447,17.584],[145.197,17.907],[144.986,18.317],[144.773,18.727],[144.559,19.136],[144.344,19.545],[144.128,19.954],[143.851,20.359],[143.573,20.764],[143.293,21.168],[143.011,21.572],[142.728,21.975],[142.443,22.378],[142.157,22.78],[141.872,23.176],[141.585,23.572],[141.297,23.967],[141.007,24.362],[140.715,24.756],[140.392,25.088],[140.068,25.42],[139.741,25.751],[139.413,26.082],[139.083,26.412],[138.751,26.741],[138.417,27.069],[138.036,27.336],[137.652,27.602],[137.267,27.867],[136.88,28.131],[136.491,28.394],[136.1,28.655],[135.707,28.916],[135.302,29.17],[134.895,29.423],[134.486,29.675],[134.075,29.926],[133.636,30.123],[133.196,30.318],[132.754,30.513],[132.311,30.705],[131.865,30.896],[131.439,31.102],[131.01,31.307],[130.58,31.51],[130.148,31.712],[129.714,31.912],[129.278,32.111],[128.819,32.272],[128.359,32.432],[127.897,32.591],[127.552,32.747],[127.205,32.902]]}},{"type":"Feature","properties":{"boundary_type":"subduction","feature_type":"gpml:SubductionZone","polarity":"Right","overriding_plate_id":301,"subducting_plate_id":901,"plate_ids":[301,901],"name":"Japan sub zone fromEarthByte cob MG 4-20-07"},"geometry":{"type":"LineString","coordinates":[[137.135,63.233],[137.424,62.789],[137.705,62.344],[137.977,61.898],[138.242,61.452],[138.499,61.005],[138.749,60.558],[138.992,60.11],[139.228,59.662],[139.459,59.214],[139.683,58.765],[139.902,58.316],[140.115,57.866],[140.234,57.411],[140.35,56.956],[140.463,56.501],[140.573,56.046],[140.681,55.591],[140.706,55.15],[140.731,54.71],[140.755,54.269],[140.778,53.829],[140.801,53.388],[140.742,52.926],[140.685,52.464],[140.628,52.003],[140.682,51.567],[140.734,51.131],[140.786,50.695],[140.836,50.259],[140.886,49.823],[140.807,49.41],[140.73,48.997],[140.654,48.583],[140.58,48.17],[140.488,47.839],[140.397,47.507],[140.307,47.175],[140.089,46.779],[139.875,46.383],[139.664,45.986],[139.314,45.579],[138.97,45.171],[138.769,44.762],[138.571,44.353],[137.973,44.196],[137.379,44.036],[136.788,43.873],[136.201,43.707],[135.775,43.436],[135.353,43.165],[134.934,42.891],[134.52,42.616],[134.109,42.34],[133.629,42.039],[133.153,41.736],[132.681,41.432],[132.364,41.281],[132.047,41.128],[131.636,40.933],[131.227,40.737],[130.821,40.539],[130.409,40.257],[130.0,39.974],[129.638,39.672],[129.28,39.368],[128.924,39.063],[128.639,38.941],[128.355,38.817]]}},{"type":"Feature","properties":{"boundary_type":"subduction","feature_type":"gpml:SubductionZone","polarity":"Left","overriding_plate_id":604,"subducting_plate_id":801,"plate_ids":[604,801],"name":"Kalimantan (Bornea) - mg"},"geometry":{"type":"LineString","coordinates":[[114.022,-0.982],[114.347,-1.322],[114.672,-1.661],[114.997,-2.0],[115.322,-2.34],[115.647,-2.679],[115.973,-3.018],[116.299,-3.357],[116.625,-3.696],[116.951,-4.034],[117.278,-4.373],[117.665,-4.6],[118.053,-4.827],[118.441,-5.053],[118.915,-4.898],[119.388,-4.743],[119.862,-4.587],[120.335,-4.431],[120.808,-4.275],[121.218,-4.021],[121.629,-3.766],[122.039,-3.512],[122.448,-3.257],[122.858,-3.002],[123.267,-2.747],[123.676,-2.492],[124.051,-2.21],[124.426,-1.928],[124.801,-1.645],[125.176,-1.363],[125.551,-1.081],[125.926,-0.798],[126.3,-0.516],[126.675,-0.233],[127.05,0.049],[127.424,0.332]]}},{"type":"Feature","properties":{"boundary_type":"subduction","feature_type":"gpml:SubductionZone","polarity":"Left","overriding_plate_id":604,"subducting_plate_id":608,"plate_ids":[604,608],"name":"Kalimantan (Bornea) - mg"},"geometry":{"type":"LineString","coordinates":[[127.424,0.332],[127.768,0.591],[128.112,0.851],[128.457,1.11],[128.801,1.369],[129.079,1.689],[129.358,2.009],[129.637,2.329],[129.499,2.744],[129.361,3.159]]}},{"type":"Feature","properties":{"boundary_type":"subduction","feature_type":"gpml:SubductionZone","polarity":"Right","overriding_plate_id":406,"subducting_plate_id":901,"plate_ids":[406,901],"name":"Kamchatka SZ from EarthByte COB at 0Ma -- MG 4/20/07"},"geometry":{"type":"LineString","coordinates":[[165.641,68.531],[165.373,68.489],[164.116,68.333],[162.877,68.168],[161.656,67.994],[160.453,67.811],[159.27,67.62],[158.106,67.42],[156.962,67.211],[155.837,66.995],[154.733,66.771],[153.65,66.539],[152.586,66.3],[151.533,66.065],[150.5,65.823],[149.486,65.573],[148.418,65.377],[147.366,65.173],[146.331,64.961],[145.312,64.743],[144.309,64.518],[143.596,64.352],[142.892,64.182],[142.196,64.009],[141.488,63.878],[140.786,63.745],[140.091,63.607],[139.097,63.489],[138.112,63.365],[137.135,63.233]]}},{"type":"Feature","properties":{"boundary_type":"subduction","feature_type":"gpml:SubductionZone","polarity":"Right","overriding_plate_id":406,"subducting_plate_id":301,"plate_ids":[301,406],"name":"Kamchatka SZ from EarthByte COB at 0Ma -- MG 4/20/07"},"geometry":{"type":"LineString","coordinates":[[137.135,63.233],[136.924,63.204]]}},{"type":"Feature","properties":{"boundary_type":"subduction","feature_type":"gpml:SubductionZone","polarity":"Right","overriding_plate_id":922,"subducting_plate_id":901,"plate_ids":[901,922],"name":"MelanesiaVityaz DiCaprio"},"geometry":{"type":"LineString","coordinates":[[152.179,-9.925],[152.679,-9.991],[153.18,-10.057],[153.633,-10.202],[154.087,-10.348],[154.414,-10.468],[154.742,-10.588],[155.07,-10.708],[155.445,-10.954],[155.82,-11.199],[156.197,-11.444],[156.574,-11.688],[156.951,-11.932],[157.309,-12.168],[157.667,-12.403],[158.026,-12.638],[158.386,-12.873],[158.747,-13.107],[159.042,-13.432],[159.337,-13.756],[159.634,-14.081],[159.916,-14.344],[160.198,-14.607],[160.481,-14.87],[160.854,-14.985],[161.228,-15.099],[161.603,-15.212],[162.112,-15.222],[162.622,-15.23],[163.131,-15.237],[163.499,-15.393],[163.867,-15.548],[164.236,-15.702],[164.606,-15.856],[165.008,-15.937],[165.41,-16.016],[165.813,-16.095],[166.081,-16.297],[166.35,-16.498],[166.725,-16.549],[167.099,-16.599],[167.474,-16.648],[167.807,-16.773],[168.14,-16.898],[168.433,-17.188],[168.726,-17.478],[169.021,-17.767],[169.316,-18.056],[169.618,-18.296],[169.92,-18.535],[170.224,-18.774],[170.381,-19.082],[170.539,-19.389],[170.698,-19.697],[170.959,-19.985],[171.222,-20.272]]}},{"type":"Feature","properties":{"boundary_type":"subduction","feature_type":"gpml:SubductionZone","polarity":"Right","overriding_plate_id":801,"subducting_plate_id":901,"plate_ids":[801,901],"name":"MelanesiaVityaz DiCaprio"},"geometry":{"type":"LineString","coordinates":[[171.222,-20.272],[171.46,-20.532],[171.699,-20.791],[171.999,-21.127],[172.3,-21.462],[172.603,-21.797],[172.796,-22.158],[172.989,-22.52],[173.184,-22.881],[173.38,-23.242],[173.576,-23.603],[173.757,-24.025],[173.938,-24.447],[174.12,-24.869]]}},{"type":"Feature","properties":{"boundary_type":"subduction","feature_type":"gpml:SubductionZone","polarity":"Right","overriding_plate_id":101,"subducting_plate_id":902,"plate_ids":[101,902],"name":"Western NAM subduction"},"geometry":{"type":"LineString","coordinates":[[-82.012,20.432],[-82.404,20.659],[-82.796,20.885],[-83.164,21.195],[-83.534,21.505],[-83.905,21.813],[-84.278,22.121],[-84.652,22.427],[-85.028,22.733],[-85.406,23.038],[-85.54,23.514],[-85.676,23.99],[-85.812,24.465],[-85.95,24.941],[-86.088,25.416],[-86.228,25.891],[-86.481,26.283],[-86.735,26.675],[-86.991,27.066],[-87.248,27.456],[-87.508,27.846],[-87.769,28.236],[-87.969,28.542],[-88.171,28.847],[-88.373,29.153],[-88.569,29.582],[-88.767,30.012],[-88.966,30.441]]}},{"type":"Feature","properties":{"boundary_type":"subduction","feature_type":"gpml:SubductionZone","polarity":"Right","overriding_plate_id":101,"subducting_plate_id":903,"plate_ids":[101,903],"name":"Western NAM subduction"},"geometry":{"type":"LineString","coordinates":[[-88.966,30.441],[-89.065,30.651],[-89.186,30.981],[-89.307,31.31],[-89.429,31.64],[-89.609,32.009],[-89.79,32.378],[-89.972,32.748],[-90.056,33.097],[-90.14,33.446],[-90.225,33.795],[-90.336,34.182],[-90.447,34.568],[-90.56,34.955],[-90.674,35.341],[-90.75,35.81],[-90.828,36.278],[-91.136,36.679],[-91.448,37.079],[-91.762,37.478],[-92.081,37.877],[-92.384,38.119],[-92.69,38.361],[-92.998,38.602],[-93.386,38.877],[-93.778,39.15],[-94.173,39.422],[-94.404,39.718],[-94.637,40.014],[-94.995,40.36],[-95.357,40.705],[-95.726,40.904],[-96.098,41.102],[-96.472,41.299],[-96.598,41.666],[-96.725,42.032],[-96.853,42.399],[-97.157,42.843],[-97.466,43.285],[-97.78,43.728],[-98.026,44.105],[-98.275,44.482],[-98.527,44.858],[-98.783,45.234],[-99.042,45.609],[-99.163,46.034],[-99.287,46.459],[-99.412,46.884],[-99.539,47.308],[-99.667,47.685],[-99.795,48.061],[-99.926,48.437],[-100.059,48.814],[-99.909,49.269],[-99.756,49.725],[-99.6,50.18],[-99.44,50.635],[-99.128,51.094],[-98.809,51.552],[-98.483,52.009],[-98.151,52.465],[-97.772,52.898],[-97.385,53.329],[-96.991,53.76],[-96.588,54.189],[-96.383,54.615],[-96.174,55.04],[-95.96,55.465],[-95.741,55.89],[-95.518,56.314],[-95.289,56.738],[-95.663,57.12],[-96.044,57.5],[-96.433,57.88],[-96.831,58.258],[-97.304,58.557],[-97.784,58.855],[-98.273,59.151],[-98.771,59.446],[-98.986,59.837],[-99.207,60.229],[-99.586,60.657],[-99.975,61.084],[-100.107,61.223]]}},{"type":"Feature","properties":{"boundary_type":"subduction","feature_type":"gpml:SubductionZone","polarity":"Right","overriding_plate_id":101,"subducting_plate_id":918,"plate_ids":[101,918],"name":"Western NAM subduction"},"geometry":{"type":"LineString","coordinates":[[-100.107,61.223],[-100.488,61.614],[-100.878,62.005],[-101.166,62.409],[-101.515,62.872],[-101.875,63.334],[-102.005,63.692],[-102.137,64.05],[-102.274,64.408],[-102.273,64.839],[-102.272,65.27],[-102.33,65.605],[-102.39,65.939],[-102.451,66.273],[-102.674,66.653],[-102.398,67.116],[-102.631,67.492],[-102.645,67.848],[-102.95,68.317],[-103.526,68.763],[-103.776,68.959],[-104.049,69.333],[-104.479,69.672],[-104.773,70.045],[-105.029,70.502],[-105.149,70.752],[-105.272,71.001],[-105.239,71.446]]}},{"type":"Feature","properties":{"boundary_type":"other","feature_type":"gpml:TerraneBoundary","polarity":null,"overriding_plate_id":null,"subducting_plate_id":null,"plate_ids":[802,804],"name":"E/W ANT"},"geometry":{"type":"LineString","coordinates":[[179.548,-63.46],[-179.695,-63.744],[-179.018,-64.013],[-178.327,-64.279],[-177.623,-64.541],[-177.14,-64.818],[-176.646,-65.094],[-175.988,-65.353],[-175.574,-65.491],[-175.229,-65.684],[-175.355,-66.032],[-175.556,-66.315],[-175.816,-66.626],[-176.058,-66.907],[-176.407,-67.207],[-176.728,-67.496],[-177.158,-67.835],[-177.446,-68.033],[-177.622,-68.348],[-177.716,-68.619],[-177.81,-68.92],[-178.115,-69.149],[-178.355,-69.485],[-178.538,-69.837],[-178.757,-70.101],[-178.971,-70.488],[-179.105,-70.886],[-178.874,-71.309],[-178.378,-71.601],[-177.933,-71.833],[-177.477,-72.064],[-176.952,-72.282],[-176.415,-72.499],[-175.593,-72.761],[-174.747,-73.02],[-173.759,-73.25],[-172.744,-73.476],[-171.643,-73.684],[-170.515,-73.886],[-169.165,-74.146],[-167.773,-74.397],[-166.515,-74.71],[-165.207,-75.016],[-164.191,-75.264],[-163.142,-75.508],[-162.057,-75.747],[-160.804,-76.029],[-159.502,-76.303],[-158.147,-76.571],[-156.537,-76.84],[-154.863,-77.099],[-153.29,-77.279],[-151.673,-77.449],[-150.015,-77.609],[-147.935,-77.788],[-145.798,-77.951],[-143.606,-78.097],[-141.274,-78.151],[-138.926,-78.185],[-137.086,-78.163],[-135.254,-78.13],[-133.434,-78.086],[-131.882,-77.992],[-130.355,-77.89],[-128.853,-77.779],[-126.977,-77.548],[-125.17,-77.305],[-123.432,-77.049],[-121.827,-76.816],[-120.278,-76.573],[-118.956,-76.307],[-117.684,-76.034],[-116.46,-75.755],[-115.206,-75.463],[-114.002,-75.164],[-112.844,-74.86],[-111.518,-74.575],[-110.239,-74.283],[-109.006,-73.984],[-107.853,-73.602],[-106.751,-73.215],[-106.006,-72.945],[-105.283,-72.671],[-104.582,-72.396],[-103.82,-71.957],[-103.092,-71.516],[-102.603,-71.163],[-102.131,-70.809],[-101.716,-70.375],[-101.319,-69.94],[-101.241,-69.606],[-101.165,-69.273],[-101.092,-68.939],[-101.029,-68.453],[-100.969,-67.968],[-100.999,-67.822]]}},{"type":"Feature","properties":{"boundary_type":"transform","feature_type":"gpml:Transform","polarity":null,"overriding_plate_id":null,"subducting_plate_id":null,"plate_ids":[501,604],"name":"Inferred transform"},"geometry":{"type":"LineString","coordinates":[[95.289,7.653],[95.113,8.086],[94.938,8.52],[94.761,8.953],[94.584,9.386],[94.407,9.819],[94.23,10.252],[94.051,10.685],[93.873,11.117],[93.707,11.54],[93.54,11.962],[93.373,12.384],[93.206,12.806],[93.037,13.228],[92.869,13.65],[92.699,14.072],[92.529,14.494],[92.359,14.915],[92.225,15.346],[92.09,15.777],[91.955,16.208],[91.82,16.639],[91.684,17.07],[91.547,17.501],[91.409,17.931],[91.271,18.362],[91.22,18.61]]}},{"type":"Feature","properties":{"boundary_type":"transform","feature_type":"gpml:Transform","polarity":null,"overriding_plate_id":null,"subducting_plate_id":null,"plate_ids":[301,604],"name":"Inferred transform"},"geometry":{"type":"LineString","coordinates":[[91.22,18.61],[91.124,19.075],[91.027,19.54],[90.93,20.004],[90.832,20.469],[90.734,20.933],[90.635,21.398],[90.535,21.862],[90.509,22.279],[90.483,22.696],[90.457,23.113],[90.431,23.53],[90.405,23.947],[90.428,24.416],[90.452,24.885],[90.475,25.355],[90.499,25.824],[90.523,26.293],[90.547,26.762],[90.572,27.231],[90.597,27.7],[90.621,28.169],[90.647,28.638],[90.672,29.108]]}},{"type":"Feature","properties":{"boundary_type":"transform","feature_type":"gpml:Transform","polarity":null,"overriding_plate_id":null,"subducting_plate_id":null,"plate_ids":[101,317],"name":"King's Trough"},"geometry":{"type":"LineString","coordinates":[[-13.859,33.327],[-13.847,33.309],[-13.794,33.278]]}},{"type":"Feature","properties":{"boundary_type":"transform","feature_type":"gpml:Transform","polarity":null,"overriding_plate_id":null,"subducting_plate_id":null,"plate_ids":[304,317],"name":"King's Trough"},"geometry":{"type":"LineString","coordinates":[[-13.794,33.278],[-13.504,33.108],[-13.214,32.938],[-12.723,32.78],[-12.292,32.642],[-12.218,32.628]]}},{"type":"Feature","properties":{"boundary_type":"transform","feature_type":"gpml:Transform","polarity":null,"overriding_plate_id":null,"subducting_plate_id":null,"plate_ids":[101,301],"name":"North Porcupine Transform"},"geometry":{"type":"LineString","coordinates":[[-18.164,42.267],[-17.69,42.223],[-17.216,42.176],[-16.686,42.099],[-16.158,42.019],[-15.631,41.937],[-15.223,41.926],[-14.815,41.914]]}},{"type":"Feature","properties":{"boundary_type":"transform","feature_type":"gpml:Transform","polarity":null,"overriding_plate_id":null,"subducting_plate_id":null,"plate_ids":[301,317],"name":"North Porcupine Transform"},"geometry":{"type":"LineString","coordinates":[[-14.815,41.914],[-14.366,41.898],[-13.917,41.881],[-13.291,41.975],[-12.663,42.066],[-12.033,42.153],[-11.54,42.269],[-11.167,42.318],[-10.793,42.367],[-10.252,42.364],[-9.913,42.129],[-9.576,41.892],[-9.377,41.668],[-9.179,41.444],[-8.985,41.174],[-8.793,40.904],[-8.627,40.649],[-8.462,40.393],[-8.27,40.093],[-8.079,39.792],[-7.907,39.517],[-7.736,39.242],[-7.415,38.883],[-7.097,38.523],[-6.782,38.162],[-6.292,37.995],[-5.803,37.825],[-5.317,37.653],[-4.833,37.479],[-4.351,37.304],[-3.872,37.126],[-3.372,36.879],[-2.876,36.631],[-2.382,36.38],[-1.892,36.128],[-1.405,35.873],[-0.921,35.616],[-0.44,35.358],[0.037,35.097],[0.512,34.835],[0.823,34.521],[1.131,34.205],[1.437,33.889],[1.741,33.572],[2.043,33.255]]}},{"type":"Feature","properties":{"boundary_type":"transform","feature_type":"gpml:Transform","polarity":null,"overriding_plate_id":null,"subducting_plate_id":null,"plate_ids":[301,604],"name":"Red River Fault"},"geometry":{"type":"LineString","coordinates":[[90.672,29.108],[91.153,29.284],[91.636,29.458],[92.12,29.63],[92.606,29.801],[93.094,29.97],[93.518,30.121],[93.944,30.27],[94.371,30.417],[94.896,30.396],[95.42,30.373],[95.944,30.348],[96.382,30.047],[96.817,29.744],[97.249,29.44],[97.679,29.135],[98.106,28.828],[98.483,28.505],[98.859,28.181],[99.231,27.856],[99.602,27.53],[99.97,27.203],[100.334,26.955],[100.696,26.705],[101.057,26.454],[101.416,26.202],[101.879,26.007],[102.341,25.81],[102.801,25.611],[103.26,25.411],[103.664,25.225],[104.068,25.038],[104.47,24.85],[104.871,24.661],[105.271,24.471],[105.682,24.209],[106.092,23.946],[106.5,23.682],[106.907,23.417],[107.311,23.15],[107.714,22.883],[108.116,22.615],[108.54,22.352]]}},{"type":"Feature","properties":{"boundary_type":"transform","feature_type":"gpml:Transform","polarity":null,"overriding_plate_id":null,"subducting_plate_id":null,"plate_ids":[902,903],"name":"Vancouver Transform"},"geometry":{"type":"LineString","coordinates":[[-103.006,30.788],[-102.534,30.757],[-102.062,30.724],[-101.53,30.699],[-100.999,30.673],[-100.467,30.644],[-99.936,30.612],[-99.405,30.579],[-98.872,30.56],[-98.34,30.54],[-97.807,30.517],[-97.275,30.491],[-96.743,30.464],[-96.247,30.48],[-95.751,30.494],[-95.255,30.506],[-94.759,30.516],[-94.262,30.525],[-93.751,30.522],[-93.24,30.517],[-92.729,30.511],[-92.218,30.502],[-91.707,30.492],[-91.196,30.479],[-90.639,30.473],[-90.081,30.465],[-89.524,30.454],[-88.966,30.441]]}},{"type":"Feature","properties":{"boundary_type":"other","feature_type":"gpml:UnclassifiedFeature","polarity":null,"overriding_plate_id":null,"subducting_plate_id":null,"plate_ids":[409,901],"name":"NE SIberia"},"geometry":{"type":"LineString","coordinates":[[167.787,67.61],[167.075,67.905],[166.345,68.197],[165.641,68.531]]}},{"type":"Feature","properties":{"boundary_type":"other","feature_type":"gpml:UnclassifiedFeature","polarity":null,"overriding_plate_id":null,"subducting_plate_id":null,"plate_ids":[406,409],"name":"NE SIberia"},"geometry":{"type":"LineString","coordinates":[[165.641,68.531],[164.938,68.854],[164.214,69.173],[163.149,69.499],[162.051,69.817],[160.92,70.129],[159.755,70.433],[158.773,70.723],[157.762,71.008],[156.722,71.287],[155.652,71.56]]}},{"type":"Feature","properties":{"boundary_type":"subduction","feature_type":"gpml:SubductionZone","polarity":"Left","overriding_plate_id":301,"subducting_plate_id":701,"plate_ids":[301,701],"name":"Tethyan Subduction after Afghan block Accretion AG 2012"},"geometry":{"type":"LineString","coordinates":[[40.094,28.787],[40.22,28.788],[40.779,28.836],[41.339,28.882],[41.9,28.926],[42.461,28.967],[43.023,29.006],[43.584,29.042],[44.122,28.984],[44.658,28.924],[45.194,28.862],[45.73,28.798],[46.079,28.589],[46.428,28.379],[46.775,28.169],[47.175,27.868],[47.573,27.565],[47.969,27.261],[48.424,27.141],[48.878,27.019],[49.331,26.896],[49.752,26.61],[50.171,26.322],[50.588,26.034],[50.997,25.869],[51.405,25.702],[51.797,25.488],[52.188,25.273],[52.454,25.028],[52.719,24.782],[52.983,24.535],[53.358,24.44],[53.733,24.344],[54.107,24.247],[54.492,23.895],[54.874,23.542],[55.154,23.252],[55.433,22.961],[55.711,22.67],[56.12,22.516],[56.601,22.614],[57.082,22.71],[57.347,22.553],[57.612,22.396],[57.759,22.034],[57.905,21.672],[58.051,21.31],[58.566,21.19],[59.081,21.069],[59.595,20.947],[60.108,20.822],[60.362,20.857]]}},{"type":"Feature","properties":{"boundary_type":"subduction","feature_type":"gpml:SubductionZone","polarity":"Left","overriding_plate_id":301,"subducting_plate_id":701,"plate_ids":[301,701],"name":"Subduction Zone - A Gibbons Phd 2012"},"geometry":{"type":"LineString","coordinates":[[60.362,20.857],[60.728,20.59],[61.093,20.323],[61.458,20.055],[61.96,20.154],[62.464,20.253],[62.968,20.349],[63.473,20.444],[63.978,20.538],[64.484,20.63],[64.991,20.721],[65.498,20.81],[66.006,20.898]]}},{"type":"Feature","properties":{"boundary_type":"ridge","feature_type":"gpml:MidOceanRidge","polarity":null,"overriding_plate_id":null,"subducting_plate_id":null,"plate_ids":[501,801],"name":"MOR India Australia A Gibbons 2012"},"geometry":{"type":"LineString","coordinates":[[112.523,-0.913],[112.507,-1.386],[112.492,-1.859],[112.476,-2.331],[112.461,-2.804],[112.445,-3.277],[112.43,-3.749],[111.963,-3.792],[111.496,-3.835],[111.029,-3.878],[110.561,-3.92],[110.094,-3.963],[109.627,-4.004],[109.16,-4.046],[109.134,-4.512],[109.109,-4.977],[109.084,-5.443],[109.058,-5.908],[109.033,-6.374],[109.008,-6.84],[108.982,-7.305],[108.957,-7.771],[108.931,-8.236],[108.905,-8.702],[108.88,-9.168],[108.854,-9.633],[108.426,-9.66],[107.999,-9.687],[107.571,-9.713],[107.143,-9.738],[106.716,-9.763],[106.714,-10.212],[106.713,-10.66],[106.711,-11.108],[106.71,-11.556],[106.708,-12.004],[106.706,-12.452],[106.705,-12.901],[106.703,-13.349],[106.288,-13.423],[105.872,-13.496],[105.456,-13.569],[104.96,-13.569],[104.463,-13.567],[103.967,-13.565],[103.471,-13.561],[102.974,-13.557],[102.526,-13.533],[102.077,-13.509],[101.629,-13.485],[101.18,-13.459],[100.732,-13.433],[100.284,-13.405],[100.24,-13.878],[100.195,-14.35],[100.15,-14.822],[100.105,-15.294],[100.06,-15.767],[100.014,-16.239],[99.969,-16.711],[99.923,-17.183],[99.877,-17.655],[99.83,-18.128],[99.784,-18.6],[99.737,-19.072],[99.69,-19.544],[99.642,-20.016],[99.595,-20.488],[99.546,-20.96],[99.498,-21.432],[99.45,-21.905],[99.401,-22.377],[98.922,-22.379],[98.444,-22.381],[97.966,-22.381],[97.488,-22.379],[97.01,-22.376],[96.532,-22.372],[96.054,-22.366],[95.576,-22.359],[95.483,-22.814],[95.389,-23.269],[95.294,-23.724],[94.895,-23.687],[94.497,-23.649],[94.098,-23.61],[94.034,-24.055],[93.969,-24.499],[93.903,-24.944],[93.837,-25.389],[93.771,-25.833],[93.704,-26.278],[93.636,-26.722],[93.568,-27.167],[93.5,-27.611],[92.993,-27.605],[92.486,-27.596],[91.979,-27.585],[91.472,-27.573],[91.356,-28.044],[91.238,-28.516],[90.683,-28.489],[90.129,-28.46],[89.576,-28.428],[89.022,-28.394],[88.469,-28.358],[88.333,-28.83],[88.196,-29.301],[88.057,-29.772],[87.917,-30.243],[87.776,-30.714],[87.633,-31.184],[87.489,-31.655],[86.916,-31.604],[86.343,-31.55],[85.771,-31.494],[85.695,-31.979],[85.618,-32.465],[85.54,-32.951],[85.461,-33.437],[85.381,-33.922],[85.301,-34.408],[85.219,-34.893],[85.137,-35.379],[85.053,-35.864],[84.969,-36.35],[84.419,-36.296],[83.87,-36.239],[83.321,-36.18],[83.259,-36.627],[83.196,-37.075],[83.132,-37.522],[83.067,-37.969],[83.001,-38.417],[82.935,-38.864],[82.867,-39.311],[82.799,-39.759],[82.191,-39.773],[81.582,-39.785],[80.973,-39.793],[80.363,-39.798],[80.2,-40.261],[80.035,-40.724],[79.867,-41.187],[79.697,-41.649],[79.525,-42.112],[79.35,-42.573],[79.172,-43.035],[78.992,-43.496],[78.809,-43.958],[78.623,-44.418],[78.434,-44.879],[78.242,-45.339],[78.047,-45.799],[77.848,-46.258],[77.646,-46.718],[77.452,-47.183]]}},{"type":"Feature","properties":{"boundary_type":"ridge","feature_type":"gpml:MidOceanRidge","polarity":null,"overriding_plate_id":null,"subducting_plate_id":null,"plate_ids":[801,802],"name":"MOR India Australia A Gibbons 2012"},"geometry":{"type":"LineString","coordinates":[[77.452,-47.183],[77.248,-47.663],[77.04,-48.142],[76.829,-48.621],[76.613,-49.1],[76.393,-49.578],[76.168,-50.056],[75.94,-50.534]]}},{"type":"Feature","properties":{"boundary_type":"other","feature_type":"gpml:Fault","polarity":null,"overriding_plate_id":null,"subducting_plate_id":null,"plate_ids":[101,409],"name":"Alaska"},"geometry":{"type":"LineString","coordinates":[[-150.933,65.376],[-150.72,65.843],[-150.499,66.31],[-150.269,66.777],[-150.031,67.243],[-149.783,67.709],[-149.525,68.174],[-149.257,68.64],[-148.977,69.104],[-148.685,69.568],[-148.38,70.032],[-148.056,70.47],[-147.718,70.906],[-147.364,71.343],[-146.995,71.778],[-146.608,72.213],[-146.202,72.647],[-145.776,73.08],[-145.328,73.513],[-145.383,73.979],[-145.442,74.445],[-145.504,74.911],[-145.57,75.378],[-145.64,75.844],[-145.715,76.31],[-145.795,76.776],[-145.881,77.242],[-145.973,77.708],[-146.073,78.174],[-147.569,78.552],[-149.164,78.922],[-150.867,79.282],[-152.686,79.633],[-154.628,79.973],[-156.703,80.301],[-158.918,80.615],[-160.926,80.854],[-163.038,81.082],[-165.257,81.296],[-167.583,81.498],[-170.017,81.685],[-173.151,81.841],[-176.396,81.972],[-179.738,82.077],[176.843,82.155],[173.368,82.205],[169.862,82.226],[166.349,82.218],[163.084,82.212],[159.834,82.181],[156.62,82.125],[153.46,82.045],[150.372,81.942],[147.37,81.816],[144.465,81.669],[141.667,81.502],[138.543,81.484],[135.44,81.44],[132.377,81.373],[129.37,81.281],[126.432,81.167],[123.576,81.03],[120.812,80.872],[117.782,80.833],[114.786,80.769],[111.838,80.681],[108.953,80.568],[106.141,80.433],[103.413,80.276],[100.777,80.098],[98.238,79.9],[96.063,79.625],[94.002,79.337],[92.05,79.035],[90.204,78.722],[88.075,78.614],[85.988,78.492],[83.947,78.355],[81.955,78.204]]}},{"type":"Feature","properties":{"boundary_type":"subduction","feature_type":"gpml:SubductionZone","polarity":"Right","overriding_plate_id":101,"subducting_plate_id":918,"plate_ids":[101,918],"name":"Aleutian and Bering Sea Masking Polygon"},"geometry":{"type":"LineString","coordinates":[[-105.239,71.446],[-106.699,71.356],[-108.144,71.254],[-109.574,71.142],[-110.986,71.019],[-112.38,70.886],[-113.755,70.742],[-115.11,70.588],[-116.443,70.424],[-117.755,70.25],[-119.043,70.067],[-120.192,69.876],[-121.32,69.678],[-122.426,69.472],[-123.511,69.26],[-124.575,69.04],[-125.617,68.815],[-126.638,68.583],[-127.387,68.421],[-128.126,68.256],[-128.738,68.11],[-129.343,67.962],[-130.178,67.873],[-131.007,67.78],[-132.074,67.598],[-132.711,67.479],[-133.343,67.357],[-134.056,67.239],[-134.762,67.119],[-135.813,66.966],[-136.922,66.873],[-138.023,66.773],[-139.115,66.665],[-140.197,66.549],[-141.268,66.427],[-142.329,66.296],[-143.488,66.2],[-144.637,66.095],[-145.777,65.981],[-146.906,65.859],[-148.024,65.728],[-149.131,65.59],[-150.225,65.444],[-150.933,65.376]]}},{"type":"Feature","properties":{"boundary_type":"subduction","feature_type":"gpml:SubductionZone","polarity":"Right","overriding_plate_id":409,"subducting_plate_id":918,"plate_ids":[409,918],"name":"Aleutian and Bering Sea Masking Polygon"},"geometry":{"type":"LineString","coordinates":[[-150.933,65.376],[-151.942,65.273],[-152.943,65.163],[-153.935,65.046],[-154.918,64.923],[-155.892,64.794],[-156.856,64.658],[-157.843,64.629],[-158.827,64.593],[-159.808,64.551],[-160.786,64.502]]}},{"type":"Feature","properties":{"boundary_type":"subduction","feature_type":"gpml:SubductionZone","polarity":"Right","overriding_plate_id":409,"subducting_plate_id":901,"plate_ids":[409,901],"name":"Aleutian and Bering Sea Masking Polygon"},"geometry":{"type":"LineString","coordinates":[[-160.786,64.502],[-161.767,64.447],[-162.743,64.385],[-163.715,64.316],[-164.681,64.241],[-165.643,64.16],[-166.575,64.195],[-167.51,64.225],[-168.446,64.249],[-169.384,64.267],[-170.487,64.336],[-171.595,64.397],[-172.708,64.449],[-173.825,64.493],[-174.806,64.66],[-175.799,64.82],[-176.803,64.973],[-177.819,65.12],[-178.846,65.259],[-179.884,65.391],[179.131,65.592],[178.13,65.787],[177.114,65.974],[176.084,66.155],[175.039,66.329],[173.979,66.496],[172.906,66.656],[171.915,66.86],[170.907,67.057],[169.883,67.248],[168.843,67.433],[167.787,67.61]]}},{"type":"Feature","properties":{"boundary_type":"ridge","feature_type":"gpml:MidOceanRidge","polarity":null,"overriding_plate_id":null,"subducting_plate_id":null,"plate_ids":[102,301],"name":"Ridge from iso A25 from NorthAmerica 55.9Ma"},"geometry":{"type":"LineString","coordinates":[[-17.133,46.488],[-17.173,46.304]]}},{"type":"Feature","properties":{"boundary_type":"ridge","feature_type":"gpml:MidOceanRidge","polarity":null,"overriding_plate_id":null,"subducting_plate_id":null,"plate_ids":[101,301],"name":"Ridge from iso A25 from NorthAmerica 55.9Ma"},"geometry":{"type":"LineString","coordinates":[[-17.173,46.304],[-17.266,45.872],[-17.458,45.626],[-17.649,45.379],[-17.898,45.385],[-17.953,45.014],[-18.007,44.643],[-18.06,44.272],[-18.062,43.884],[-18.065,43.496],[-18.098,43.087],[-18.132,42.677],[-18.164,42.267]]}},{"type":"Feature","properties":{"boundary_type":"subduction","feature_type":"gpml:SubductionZone","polarity":"Left","overriding_plate_id":604,"subducting_plate_id":608,"plate_ids":[604,608],"name":"North Borneo subduction"},"geometry":{"type":"LineString","coordinates":[[129.361,3.159],[129.12,3.361],[128.879,3.563],[128.449,3.451],[128.019,3.338],[127.589,3.225],[127.161,3.216],[126.734,3.207],[126.307,3.198],[125.879,3.188],[125.452,3.179],[125.024,3.169],[124.594,3.095],[124.163,3.02],[123.732,2.946],[123.301,2.871],[122.871,2.796],[122.44,2.721],[122.01,2.646],[121.546,2.825],[121.081,3.003],[120.617,3.182],[120.152,3.36],[119.687,3.538],[119.403,3.947],[119.118,4.356],[118.833,4.766],[118.669,5.182],[118.504,5.598],[118.34,6.014],[118.285,6.368],[118.23,6.722],[118.094,7.188],[117.958,7.654],[117.821,8.119],[117.684,8.585],[117.47,8.967],[117.255,9.348],[117.039,9.73],[116.823,10.111],[116.572,10.38]]}},{"type":"Feature","properties":{"boundary_type":"subduction","feature_type":"gpml:SubductionZone","polarity":"Left","overriding_plate_id":604,"subducting_plate_id":738,"plate_ids":[604,738],"name":"North Borneo subduction"},"geometry":{"type":"LineString","coordinates":[[116.572,10.38],[116.311,10.659],[116.049,10.937],[115.787,11.215],[115.525,11.493],[115.229,11.854]]}},{"type":"Feature","properties":{"boundary_type":"subduction","feature_type":"gpml:SubductionZone","polarity":"Right","overriding_plate_id":301,"subducting_plate_id":501,"plate_ids":[301,501],"name":"Subduction zone to close the Tethyan/Lhasa back-arc basin, southward jump after accretion"},"geometry":{"type":"LineString","coordinates":[[91.22,18.61],[91.12,18.647],[90.739,18.638],[90.358,18.629],[89.948,18.473],[89.539,18.316],[89.131,18.159],[88.723,18.0],[88.317,17.841],[87.91,17.681],[87.465,17.559],[87.021,17.437],[86.577,17.314],[86.134,17.19],[85.691,17.064],[85.249,16.938],[84.738,16.942],[84.226,16.945],[83.715,16.946],[83.203,16.946],[82.692,16.945],[82.181,16.943],[81.669,16.939],[81.158,16.934],[80.697,17.054],[80.236,17.173],[79.774,17.29],[79.311,17.407],[78.848,17.522],[78.384,17.637],[77.92,17.75],[77.455,17.862],[76.99,17.973],[76.524,18.084],[76.159,18.335],[75.794,18.587],[75.427,18.837],[75.059,19.087],[74.69,19.336],[74.219,19.47],[73.746,19.603],[73.273,19.735],[72.799,19.865],[72.324,19.994],[71.849,20.122],[71.372,20.249],[70.895,20.374],[70.417,20.498],[69.959,20.635],[69.499,20.771],[69.039,20.905],[68.578,21.039],[68.116,21.171],[67.653,21.302],[67.168,21.399],[66.682,21.496],[66.196,21.591]]}},{"type":"Feature","properties":{"boundary_type":"ridge","feature_type":"gpml:MidOceanRidge","polarity":null,"overriding_plate_id":null,"subducting_plate_id":null,"plate_ids":[301,738],"name":"Proto South China Sea MOR"},"geometry":{"type":"LineString","coordinates":[[123.65,15.898],[123.998,16.12],[124.347,16.342],[124.697,16.563],[124.692,17.022],[124.687,17.481],[124.682,17.941],[125.124,18.2],[125.568,18.458],[126.013,18.716],[126.459,18.972],[126.906,19.227],[127.355,19.481],[127.806,19.734],[128.257,19.986],[128.71,20.236],[129.165,20.486],[129.621,20.734]]}},{"type":"Feature","properties":{"boundary_type":"ridge","feature_type":"gpml:MidOceanRidge","polarity":null,"overriding_plate_id":null,"subducting_plate_id":null,"plate_ids":[301,604],"name":"Proto South China Sea MOR"},"geometry":{"type":"LineString","coordinates":[[113.855,11.76],[114.313,11.792],[114.771,11.824],[115.229,11.854]]}},{"type":"Feature","properties":{"boundary_type":"ridge","feature_type":"gpml:MidOceanRidge","polarity":null,"overriding_plate_id":null,"subducting_plate_id":null,"plate_ids":[301,738],"name":"Proto South China Sea MOR"},"geometry":{"type":"LineString","coordinates":[[115.229,11.854],[115.708,11.886],[116.187,11.916],[116.666,11.946],[117.145,11.975],[117.624,12.003],[118.103,12.031],[118.583,12.057],[119.062,12.083],[119.542,12.108],[119.799,12.471],[120.308,12.522],[120.817,12.572],[121.326,12.622],[121.836,12.67],[122.345,12.717],[122.855,12.763],[123.365,12.809],[123.875,12.853],[123.843,13.288],[123.811,13.723],[123.779,14.158],[123.747,14.593],[123.715,15.028],[123.682,15.463],[123.65,15.898]]}},{"type":"Feature","properties":{"boundary_type":"subduction","feature_type":"gpml:SubductionZone","polarity":"Left","overriding_plate_id":608,"subducting_plate_id":801,"plate_ids":[608,801],"name":"SulawesiTrench"},"geometry":{"type":"LineString","coordinates":[[127.424,0.332],[127.8,0.434],[128.282,0.48],[128.764,0.527],[129.101,0.407],[129.438,0.287],[129.671,0.138],[129.903,-0.011],[130.307,-0.168],[130.71,-0.325],[131.122,-0.311],[131.534,-0.297],[131.989,-0.347],[132.445,-0.396],[132.9,-0.445],[133.355,-0.495]]}},{"type":"Feature","properties":{"boundary_type":"ridge","feature_type":"gpml:MidOceanRidge","polarity":null,"overriding_plate_id":null,"subducting_plate_id":null,"plate_ids":[608,609],"name":"Philippine Sea MOR"},"geometry":{"type":"LineString","coordinates":[[132.015,14.036],[132.398,13.744],[132.781,13.452],[133.163,13.159],[133.544,12.865],[133.924,12.571],[134.303,12.276],[134.682,11.981],[135.059,11.685],[135.436,11.389],[135.812,11.092],[136.187,10.795],[136.413,11.176],[136.639,11.558],[137.007,11.246],[137.375,10.933],[137.742,10.62],[138.108,10.307],[138.474,9.993],[138.839,9.679],[139.203,9.364],[139.567,9.049],[139.929,8.734],[140.292,8.418],[140.653,8.102],[141.014,7.786],[141.375,7.469],[141.735,7.152],[142.095,6.835],[142.454,6.518],[142.266,6.164],[142.079,5.81],[142.433,5.485],[142.787,5.16],[143.141,4.835],[143.494,4.509],[143.847,4.184],[144.199,3.858],[144.551,3.532],[144.904,3.206],[145.255,2.88],[145.607,2.554],[145.958,2.227],[146.31,1.901],[146.493,2.182],[146.676,2.464],[147.051,2.161],[147.426,1.857],[147.801,1.554],[148.175,1.251],[148.55,0.947],[148.924,0.644],[149.261,0.354],[149.598,0.063],[149.935,-0.227],[150.281,-0.475],[150.627,-0.724],[150.973,-0.973],[151.319,-1.222],[151.665,-1.47],[152.011,-1.719],[152.379,-2.024],[152.746,-2.328],[153.114,-2.633],[153.481,-2.938],[153.849,-3.242],[154.217,-3.547],[154.586,-3.851],[154.954,-4.155]]}},{"type":"Feature","properties":{"boundary_type":"subduction","feature_type":"gpml:SubductionZone","polarity":"Left","overriding_plate_id":608,"subducting_plate_id":801,"plate_ids":[608,801],"name":"East Philippine Isl Nthward Subduction DiCaprio"},"geometry":{"type":"LineString","coordinates":[[133.484,-2.185],[133.804,-2.378],[134.125,-2.571],[134.445,-2.763],[134.82,-3.013],[135.196,-3.262],[135.571,-3.51],[135.947,-3.759],[136.323,-4.008],[136.712,-4.259],[137.1,-4.511],[137.49,-4.763],[137.879,-5.014],[138.269,-5.265],[138.659,-5.516],[139.039,-5.722],[139.419,-5.928],[139.8,-6.134],[140.181,-6.34],[140.563,-6.545],[140.996,-6.764],[141.429,-6.982],[141.864,-7.2],[142.298,-7.418],[142.644,-7.695],[142.991,-7.972],[143.338,-8.248],[143.647,-8.518],[143.956,-8.788],[144.267,-9.057],[144.474,-9.342],[144.681,-9.627],[144.889,-9.911],[145.035,-10.339],[145.181,-10.766],[145.328,-11.194],[145.476,-11.621],[145.699,-11.962],[145.922,-12.303],[146.146,-12.644],[146.37,-12.984],[146.73,-13.099],[147.091,-13.213]]}},{"type":"Feature","properties":{"boundary_type":"subduction","feature_type":"gpml:SubductionZone","polarity":"Left","overriding_plate_id":608,"subducting_plate_id":901,"plate_ids":[608,901],"name":"Proto Caroline arc"},"geometry":{"type":"LineString","coordinates":[[152.475,-6.575],[152.832,-6.258],[153.189,-5.941],[153.546,-5.624],[153.902,-5.306],[154.258,-4.988],[154.614,-4.67],[154.784,-4.413],[154.954,-4.155]]}},{"type":"Feature","properties":{"boundary_type":"subduction","feature_type":"gpml:SubductionZone","polarity":"Left","overriding_plate_id":609,"subducting_plate_id":901,"plate_ids":[609,901],"name":"Proto Caroline arc"},"geometry":{"type":"LineString","coordinates":[[154.954,-4.155],[155.199,-3.784],[155.444,-3.413],[155.689,-3.043],[155.933,-2.672],[156.162,-2.288],[156.39,-1.904],[156.618,-1.52],[156.846,-1.136],[157.075,-0.752],[157.303,-0.368],[157.531,0.016],[157.759,0.4],[157.836,0.725],[157.913,1.05],[157.991,1.375]]}},{"type":"Feature","properties":{"boundary_type":"transform","feature_type":"gpml:Transform","polarity":null,"overriding_plate_id":null,"subducting_plate_id":null,"plate_ids":[301,604],"name":"Continuation of RRF"},"geometry":{"type":"LineString","coordinates":[[108.54,22.352],[108.757,21.939],[108.973,21.525],[109.187,21.111],[109.4,20.697],[109.612,20.283],[109.777,19.821],[109.941,19.359],[110.104,18.897],[110.266,18.434],[110.427,17.972],[110.587,17.509],[110.746,17.046],[110.905,16.584],[111.063,16.121],[111.338,15.753],[111.612,15.385],[111.885,15.016],[112.157,14.648],[112.428,14.279],[112.699,13.909],[112.968,13.54],[113.237,13.17],[113.432,12.728],[113.626,12.286],[113.819,11.843],[113.855,11.76]]}},{"type":"Feature","properties":{"boundary_type":"subduction","feature_type":"gpml:SubductionZone","polarity":"Left","overriding_plate_id":608,"subducting_plate_id":922,"plate_ids":[608,922],"name":"Proto Kyushu Palau Ridge"},"geometry":{"type":"LineString","coordinates":[[152.142,-10.337],[152.179,-9.925]]}},{"type":"Feature","properties":{"boundary_type":"subduction","feature_type":"gpml:SubductionZone","polarity":"Left","overriding_plate_id":608,"subducting_plate_id":901,"plate_ids":[608,901],"name":"Proto Kyushu Palau Ridge"},"geometry":{"type":"LineString","coordinates":[[152.179,-9.925],[152.221,-9.446],[152.264,-8.968],[152.306,-8.489],[152.349,-8.011],[152.391,-7.532],[152.433,-7.054],[152.475,-6.575]]}},{"type":"Feature","properties":{"boundary_type":"ridge","feature_type":"gpml:MidOceanRidge","polarity":null,"overriding_plate_id":null,"subducting_plate_id":null,"plate_ids":[801,802],"name":"Australia-Antarctica Rift SEIR 1 DiCaprio"},"geometry":{"type":"LineString","coordinates":[[176.629,-63.495],[175.78,-63.355],[174.94,-63.21],[174.108,-63.059],[173.285,-62.904],[172.49,-62.729],[171.706,-62.548],[170.93,-62.364],[170.164,-62.175],[169.202,-62.008],[168.25,-61.835],[167.308,-61.655],[166.378,-61.469],[165.459,-61.276],[164.552,-61.078],[163.656,-60.873],[162.877,-60.653],[162.108,-60.428],[161.35,-60.199],[160.603,-59.966],[159.866,-59.728],[159.077,-59.453],[158.301,-59.174],[157.538,-58.889],[156.787,-58.601],[155.965,-58.349],[155.155,-58.091],[154.357,-57.829],[153.57,-57.561],[152.833,-57.422],[152.101,-57.279],[151.375,-57.131],[150.54,-57.204],[149.701,-57.272],[148.894,-57.424],[148.081,-57.57],[147.261,-57.711],[146.434,-57.846],[145.602,-57.976],[144.764,-58.101],[143.857,-58.147],[142.947,-58.186],[142.036,-58.219],[141.123,-58.246],[140.223,-58.332],[139.318,-58.411],[138.41,-58.484],[137.759,-58.655],[137.101,-58.823],[136.437,-58.987],[135.764,-59.129],[135.085,-59.269],[134.401,-59.404],[133.614,-59.518],[132.822,-59.628],[132.025,-59.732],[131.154,-59.909],[130.273,-60.081],[129.383,-60.247],[128.547,-60.407],[127.702,-60.563],[126.849,-60.712],[125.954,-60.927],[125.047,-61.135],[124.096,-61.259],[123.137,-61.377],[122.236,-61.393],[121.333,-61.403],[120.431,-61.408],[119.501,-61.341],[118.576,-61.268],[117.655,-61.189],[116.739,-61.104],[116.126,-60.865],[115.523,-60.624],[114.929,-60.381],[114.143,-60.171],[113.367,-59.957],[112.536,-59.875],[111.708,-59.788],[110.804,-59.746],[109.901,-59.698],[109.002,-59.644],[108.17,-59.595],[107.341,-59.541],[106.514,-59.482],[105.691,-59.418],[104.885,-59.294],[104.085,-59.165],[103.291,-59.031],[102.503,-58.892],[101.722,-58.749],[100.9,-58.582],[100.086,-58.41],[99.281,-58.234],[98.507,-58.016],[97.743,-57.795],[96.988,-57.568],[96.243,-57.338],[95.507,-57.103],[94.78,-56.863],[94.063,-56.62],[93.355,-56.372],[92.656,-56.121],[91.967,-55.865],[91.175,-55.674],[90.39,-55.477],[89.613,-55.275],[88.845,-55.068],[88.084,-54.857],[87.331,-54.64],[86.587,-54.42],[85.85,-54.194],[85.122,-53.964],[84.402,-53.73],[83.689,-53.492],[83.034,-53.225],[82.387,-52.955],[81.748,-52.682],[81.117,-52.405],[80.494,-52.125],[79.879,-51.842],[79.271,-51.555],[78.671,-51.265],[78.013,-51.124],[77.36,-50.978],[76.71,-50.829],[76.324,-50.682],[75.94,-50.534]]}},{"type":"Feature","properties":{"boundary_type":"ridge","feature_type":"gpml:MidOceanRidge","polarity":null,"overriding_plate_id":null,"subducting_plate_id":null,"plate_ids":[901,918],"name":"MOR Pacific-Kula Synthetic Ridge"},"geometry":{"type":"LineString","coordinates":[[-144.895,46.767],[-145.12,47.092],[-145.348,47.417],[-145.579,47.742],[-145.874,48.128],[-146.174,48.514],[-146.479,48.899],[-146.788,49.283],[-147.062,49.72],[-147.34,50.157],[-147.624,50.592],[-147.912,51.028],[-148.226,51.46],[-148.546,51.891],[-148.872,52.322],[-149.205,52.752],[-149.544,53.18],[-149.89,53.608],[-150.243,54.035],[-150.603,54.46],[-150.971,54.885],[-151.347,55.308],[-151.73,55.731],[-152.123,56.152],[-152.524,56.571],[-152.933,56.99],[-153.353,57.407],[-153.781,57.823],[-154.22,58.237],[-154.669,58.649],[-155.035,59.076],[-155.411,59.501],[-155.795,59.925],[-156.19,60.348],[-156.595,60.77],[-157.011,61.19],[-157.439,61.61],[-157.877,62.028],[-158.328,62.444],[-158.792,62.859],[-159.269,63.272],[-159.76,63.684],[-160.266,64.094],[-160.786,64.502]]}},{"type":"Feature","properties":{"boundary_type":"ridge","feature_type":"gpml:MidOceanRidge","polarity":null,"overriding_plate_id":null,"subducting_plate_id":null,"plate_ids":[301,406],"name":"MOR NAM-Eurasia from iso A18 from NAM 40.1Ma"},"geometry":{"type":"LineString","coordinates":[[136.924,63.204],[136.41,63.343],[135.933,63.652],[135.446,63.959],[134.947,64.264]]}},{"type":"Feature","properties":{"boundary_type":"ridge","feature_type":"gpml:MidOceanRidge","polarity":null,"overriding_plate_id":null,"subducting_plate_id":null,"plate_ids":[301,409],"name":"MOR NAM-Eurasia from iso A18 from NAM 40.1Ma"},"geometry":{"type":"LineString","coordinates":[[134.947,64.264],[134.273,64.664],[133.579,65.061],[132.864,65.455],[132.127,65.845],[131.367,66.232],[130.584,66.615],[129.776,66.993],[128.943,67.368],[128.084,67.738],[127.197,68.103],[126.282,68.464],[125.337,68.819],[124.362,69.169],[123.355,69.513],[122.316,69.852],[121.243,70.184],[120.136,70.509],[118.992,70.827],[117.812,71.138],[116.594,71.442],[115.338,71.737],[114.043,72.024],[112.707,72.302],[111.331,72.571],[109.914,72.83],[108.456,73.079],[106.957,73.317],[105.416,73.544],[103.834,73.759],[102.213,73.963],[100.552,74.154],[98.852,74.332],[97.117,74.497],[95.346,74.648],[93.543,74.784],[91.709,74.906],[89.848,75.014],[87.963,75.105],[86.057,75.181],[85.151,75.622],[84.189,76.058],[83.166,76.491],[82.077,76.919],[80.916,77.342],[79.677,77.76],[78.352,78.172],[76.934,78.578]]}},{"type":"Feature","properties":{"boundary_type":"other","feature_type":"gpml:InferredPaleoBoundary","polarity":null,"overriding_plate_id":null,"subducting_plate_id":null,"plate_ids":[101,102],"name":"Greenland northern boundary"},"geometry":{"type":"LineString","coordinates":[[-22.903,67.238],[-22.859,67.246],[-22.42,67.543],[-21.969,67.839],[-21.507,68.134],[-21.146,68.449],[-20.775,68.763],[-20.393,69.077],[-19.302,69.13],[-18.207,69.177],[-17.107,69.217],[-16.237,69.318],[-15.359,69.415],[-14.304,69.44],[-13.246,69.458],[-12.188,69.47],[-10.88,69.639],[-9.552,69.798],[-8.651,69.97],[-7.737,70.137],[-6.807,70.3],[-5.816,70.335],[-4.822,70.364],[-3.826,70.387],[-2.811,70.344],[-1.802,70.295],[-0.797,70.241],[0.558,70.337],[1.925,70.422],[3.013,70.457],[4.104,70.485],[5.198,70.506],[5.838,70.224],[6.461,69.94]]}},{"type":"Feature","properties":{"boundary_type":"other","feature_type":"gpml:InferredPaleoBoundary","polarity":null,"overriding_plate_id":null,"subducting_plate_id":null,"plate_ids":[102,301],"name":"Greenland northern boundary"},"geometry":{"type":"LineString","coordinates":[[6.461,69.94],[6.77,69.795],[7.585,69.411],[8.371,69.024],[9.13,68.634],[9.863,68.24],[10.357,67.942],[10.838,67.642],[11.306,67.342],[12.014,66.935],[12.697,66.526],[13.181,66.182],[13.652,65.836],[14.11,65.489],[14.424,65.078],[14.728,64.667],[15.024,64.255],[15.31,63.842],[15.589,63.428],[15.859,63.015],[15.867,62.598],[15.874,62.181],[15.882,61.765],[15.889,61.348],[15.895,60.931]]}},{"type":"Feature","properties":{"boundary_type":"ridge","feature_type":"gpml:MidOceanRidge","polarity":null,"overriding_plate_id":null,"subducting_plate_id":null,"plate_ids":[101,102],"name":"MOR NAM-Greenland"},"geometry":{"type":"LineString","coordinates":[[-25.043,56.007],[-25.632,56.286],[-25.156,56.596],[-24.671,56.904],[-24.178,57.21],[-23.501,57.531],[-22.812,57.849],[-22.487,58.275],[-22.153,58.7],[-22.083,59.004],[-22.012,59.309],[-21.713,59.66],[-21.409,60.011],[-21.486,60.326],[-21.565,60.641],[-21.621,60.975],[-21.678,61.31],[-21.567,61.645],[-21.453,61.979],[-21.501,62.38],[-21.55,62.781],[-21.155,63.239],[-20.748,63.695],[-21.162,64.01],[-21.586,64.323],[-21.621,64.724],[-21.657,65.125],[-21.948,65.454],[-22.245,65.782],[-22.608,66.208],[-22.983,66.632],[-22.943,66.935],[-22.903,67.238]]}},{"type":"Feature","properties":{"boundary_type":"ridge","feature_type":"gpml:MidOceanRidge","polarity":null,"overriding_plate_id":null,"subducting_plate_id":null,"plate_ids":[101,102],"name":"MOR NAM-Greenland"},"geometry":{"type":"LineString","coordinates":[[-27.752,53.311],[-27.679,53.335],[-27.434,53.754],[-27.185,54.173],[-26.796,54.506],[-26.4,54.838],[-26.149,55.189],[-25.894,55.54],[-25.494,55.762],[-25.089,55.982],[-25.043,56.007]]}},{"type":"Feature","properties":{"boundary_type":"ridge","feature_type":"gpml:MidOceanRidge","polarity":null,"overriding_plate_id":null,"subducting_plate_id":null,"plate_ids":[101,102],"name":"MOR NAM-Greenland"},"geometry":{"type":"LineString","coordinates":[[-17.173,46.304],[-17.83,46.493],[-18.308,46.571],[-18.787,46.647],[-19.383,46.749],[-19.981,46.848],[-20.581,46.943],[-20.996,47.313],[-21.417,47.682],[-21.98,47.858],[-22.565,47.953],[-23.151,48.046],[-23.394,48.359],[-23.64,48.672],[-23.876,49.06],[-24.116,49.448],[-24.3,49.769],[-24.486,50.089],[-24.785,50.493],[-25.089,50.895],[-25.27,51.167],[-25.454,51.438],[-25.861,51.749],[-26.275,52.059],[-26.528,52.269],[-26.784,52.478],[-27.214,52.784],[-27.65,53.089],[-27.752,53.311]]}},{"type":"Feature","properties":{"boundary_type":"subduction","feature_type":"gpml:SubductionZone","polarity":"Left","overriding_plate_id":901,"subducting_plate_id":801,"plate_ids":[801,901],"name":"South Loyalty Basin SZ"},"geometry":{"type":"LineString","coordinates":[[169.226,-27.843],[169.526,-27.826],[169.826,-27.808],[170.034,-27.984],[170.243,-28.159],[170.335,-28.639],[170.47,-28.927],[170.605,-29.216],[171.056,-29.443],[171.508,-29.669],[171.963,-29.893],[172.419,-30.116],[172.884,-30.339],[173.351,-30.56],[173.82,-30.78],[174.292,-30.998],[174.719,-31.153],[175.148,-31.307],[175.578,-31.46],[176.01,-31.611],[176.505,-31.851],[177.002,-32.088],[177.502,-32.323],[177.826,-32.639],[178.152,-32.953],[178.48,-33.266],[178.811,-33.579],[179.144,-33.891],[179.446,-34.248],[179.526,-34.368],[179.573,-34.432],[179.905,-34.788]]}},{"type":"Feature","properties":{"boundary_type":"other","feature_type":"gpml:InferredPaleoBoundary","polarity":null,"overriding_plate_id":null,"subducting_plate_id":null,"plate_ids":[801,901],"name":"Extinct ridge in South Loyalty Basin"},"geometry":{"type":"LineString","coordinates":[[179.905,-34.788],[-179.941,-35.242],[-179.708,-35.686],[-179.472,-36.13],[-179.234,-36.574],[-178.991,-36.884],[-178.746,-37.193],[-178.499,-37.502],[-178.184,-37.904],[-177.865,-38.305],[-177.543,-38.705],[-177.144,-38.992],[-176.741,-39.278],[-176.381,-39.388],[-176.02,-39.497],[-175.643,-39.566],[-175.265,-39.633],[-174.771,-39.628],[-174.277,-39.621],[-173.79,-39.688],[-173.301,-39.752],[-172.811,-39.814],[-172.214,-39.789],[-171.617,-39.762],[-171.139,-39.858],[-170.659,-39.952],[-170.178,-40.044],[-169.696,-40.135],[-169.199,-40.333],[-168.698,-40.528],[-168.194,-40.722],[-167.688,-40.914],[-167.184,-41.054],[-166.679,-41.192],[-166.171,-41.327],[-165.661,-41.461],[-165.103,-41.624],[-164.542,-41.785],[-163.979,-41.943],[-163.412,-42.098]]}},{"type":"Feature","properties":{"boundary_type":"transform","feature_type":"gpml:Transform","polarity":null,"overriding_plate_id":null,"subducting_plate_id":null,"plate_ids":[608,801],"name":"East Sunda"},"geometry":{"type":"LineString","coordinates":[[133.484,-2.185],[133.452,-1.762],[133.419,-1.34],[133.387,-0.917],[133.355,-0.495]]}},{"type":"Feature","properties":{"boundary_type":"subduction","feature_type":"gpml:SubductionZone","polarity":"Left","overriding_plate_id":738,"subducting_plate_id":608,"plate_ids":[608,738],"name":"Proto South China Sea opening"},"geometry":{"type":"LineString","coordinates":[[116.572,10.38],[116.863,10.134],[117.154,9.886],[117.445,9.639],[117.735,9.391],[118.134,9.241],[118.533,9.091],[118.931,8.94],[119.329,8.788],[119.727,8.636],[120.136,8.456],[120.545,8.274],[120.953,8.093],[121.361,7.911],[121.769,7.728],[122.152,7.49],[122.535,7.251],[122.917,7.011],[123.299,6.772],[123.681,6.532],[124.168,6.427],[124.655,6.322],[125.142,6.216],[125.628,6.11],[126.114,6.004],[126.6,5.897],[127.026,5.997],[127.452,6.097],[127.879,6.196],[128.305,6.296],[128.732,6.394]]}},{"type":"Feature","properties":{"boundary_type":"subduction","feature_type":"gpml:SubductionZone","polarity":"Left","overriding_plate_id":738,"subducting_plate_id":608,"plate_ids":[608,738],"name":"Proto South China Sea SZ"},"geometry":{"type":"LineString","coordinates":[[128.732,6.394],[129.062,6.536],[129.408,6.853],[129.754,7.17],[130.101,7.486],[130.448,7.802],[130.796,8.118],[131.069,8.53],[131.343,8.942],[131.618,9.354],[131.894,9.765],[132.17,10.176]]}},{"type":"Feature","properties":{"boundary_type":"subduction","feature_type":"gpml:SubductionZone","polarity":"Left","overriding_plate_id":738,"subducting_plate_id":608,"plate_ids":[608,738],"name":"Proto South China Sea SZ"},"geometry":{"type":"LineString","coordinates":[[132.17,10.176],[132.226,10.558],[132.282,10.94],[132.338,11.323],[132.285,11.775],[132.231,12.227],[132.177,12.679],[132.123,13.132],[132.069,13.584],[132.015,14.036]]}},{"type":"Feature","properties":{"boundary_type":"subduction","feature_type":"gpml:SubductionZone","polarity":"Left","overriding_plate_id":738,"subducting_plate_id":609,"plate_ids":[609,738],"name":"Proto South China Sea SZ"},"geometry":{"type":"LineString","coordinates":[[132.015,14.036],[131.957,14.517],[131.898,14.998],[131.84,15.479],[131.659,15.917],[131.479,16.356],[131.297,16.795],[131.115,17.233],[130.931,17.671],[130.747,18.11],[130.562,18.547],[130.376,18.985],[130.189,19.423],[130.001,19.86],[129.811,20.297],[129.621,20.734]]}},{"type":"Feature","properties":{"boundary_type":"subduction","feature_type":"gpml:SubductionZone","polarity":"Left","overriding_plate_id":301,"subducting_plate_id":609,"plate_ids":[301,609],"name":"Proto South China Sea SZ"},"geometry":{"type":"LineString","coordinates":[[129.621,20.734],[129.453,21.119],[129.283,21.504],[129.06,21.943],[128.835,22.382],[128.609,22.821],[128.381,23.259],[128.152,23.698],[127.922,24.135],[127.69,24.573],[127.456,25.01],[127.22,25.446],[127.005,25.842],[126.787,26.238],[126.569,26.633],[126.348,27.028],[126.127,27.422],[125.903,27.816],[125.678,28.21],[125.451,28.604],[125.31,29.005],[125.166,29.407],[125.022,29.808],[124.877,30.21]]}},{"type":"Feature","properties":{"boundary_type":"subduction","feature_type":"gpml:SubductionZone","polarity":"Left","overriding_plate_id":101,"subducting_plate_id":902,"plate_ids":[101,902],"name":""},"geometry":{"type":"LineString","coordinates":[[-82.012,20.432],[-81.93,20.058],[-81.848,19.685],[-81.726,19.209],[-81.604,18.733],[-81.483,18.257],[-81.363,17.781],[-81.243,17.305],[-81.124,16.828],[-81.006,16.352]]}},{"type":"Feature","properties":{"boundary_type":"subduction","feature_type":"gpml:SubductionZone","polarity":"Left","overriding_plate_id":2035,"subducting_plate_id":902,"plate_ids":[902,2035],"name":""},"geometry":{"type":"LineString","coordinates":[[-81.006,16.352],[-80.977,16.236],[-80.85,15.835],[-80.724,15.435],[-80.598,15.034],[-80.473,14.634],[-80.348,14.233],[-80.224,13.832],[-80.217,13.368],[-80.209,12.904],[-80.202,12.44],[-80.195,11.976],[-80.121,11.504],[-80.047,11.031],[-79.974,10.558],[-79.901,10.086],[-79.828,9.613],[-79.747,9.24],[-79.667,8.868],[-79.586,8.495],[-79.506,8.122]]}},{"type":"Feature","properties":{"boundary_type":"subduction","feature_type":"gpml:SubductionZone","polarity":"Left","overriding_plate_id":224,"subducting_plate_id":902,"plate_ids":[224,902],"name":""},"geometry":{"type":"LineString","coordinates":[[-80.38,7.936],[-80.076,7.585],[-79.771,7.233],[-79.467,6.881],[-79.164,6.528],[-78.861,6.176],[-78.558,5.823],[-78.256,5.47],[-77.92,5.129],[-77.585,4.788],[-77.249,4.447],[-76.914,4.106],[-76.58,3.764],[-76.245,3.423],[-75.881,3.164],[-75.516,2.905],[-75.152,2.647],[-74.788,2.388],[-74.424,2.128],[-74.061,1.869],[-73.697,1.61],[-73.386,1.481],[-73.075,1.352],[-72.764,1.223]]}},{"type":"Feature","properties":{"boundary_type":"subduction","feature_type":"gpml:SubductionZone","polarity":"Left","overriding_plate_id":224,"subducting_plate_id":902,"plate_ids":[224,902],"name":""},"geometry":{"type":"LineString","coordinates":[[-72.764,1.223],[-72.587,0.898],[-72.409,0.572],[-72.231,0.247],[-72.149,-0.117],[-72.067,-0.481],[-71.985,-0.845],[-71.977,-1.274],[-71.968,-1.702],[-71.96,-2.13],[-71.798,-2.582],[-71.637,-3.033],[-71.475,-3.485],[-71.313,-3.937],[-71.151,-4.388]]}},{"type":"Feature","properties":{"boundary_type":"subduction","feature_type":"gpml:SubductionZone","polarity":"Left","overriding_plate_id":224,"subducting_plate_id":902,"plate_ids":[224,902],"name":""},"geometry":{"type":"LineString","coordinates":[[-71.151,-4.388],[-70.788,-4.567],[-70.425,-4.745],[-70.061,-4.923],[-69.698,-5.101],[-69.334,-5.279],[-68.901,-5.514],[-68.468,-5.749],[-68.034,-5.983],[-67.6,-6.217],[-67.165,-6.451],[-66.73,-6.684],[-66.295,-6.917],[-65.859,-7.15],[-65.547,-7.219]]}},{"type":"Feature","properties":{"boundary_type":"subduction","feature_type":"gpml:SubductionZone","polarity":"Right","overriding_plate_id":224,"subducting_plate_id":101,"plate_ids":[101,224],"name":"TBD"},"geometry":{"type":"LineString","coordinates":[[-63.973,21.222],[-63.489,21.204],[-63.006,21.184],[-62.522,21.163],[-62.021,21.055],[-61.522,20.945],[-61.023,20.833],[-60.525,20.72],[-60.028,20.606],[-59.531,20.49],[-59.153,20.15],[-58.776,19.81],[-58.401,19.468],[-58.027,19.126],[-57.655,18.783],[-57.327,18.423],[-57.0,18.062],[-56.675,17.7],[-56.351,17.338],[-56.029,16.976],[-55.707,16.612],[-55.387,16.249],[-55.351,16.139]]}},{"type":"Feature","properties":{"boundary_type":"ridge","feature_type":"gpml:MidOceanRidge","polarity":null,"overriding_plate_id":null,"subducting_plate_id":null,"plate_ids":[101,201],"name":"TBD: Proto-Caribbean spreading"},"geometry":{"type":"LineString","coordinates":[[-53.686,15.261],[-53.312,15.477],[-52.937,15.694],[-52.56,15.909],[-52.183,16.124],[-51.791,16.357],[-51.398,16.59],[-51.004,16.822],[-50.609,17.053],[-50.213,17.284],[-49.816,17.513],[-49.418,17.742]]}},{"type":"Feature","properties":{"boundary_type":"transform","feature_type":"gpml:Transform","polarity":null,"overriding_plate_id":null,"subducting_plate_id":null,"plate_ids":[101,224],"name":"TBD"},"geometry":{"type":"LineString","coordinates":[[-63.973,21.222],[-63.98,21.215],[-64.366,20.909],[-64.75,20.601],[-65.132,20.293],[-65.444,20.018],[-65.755,19.742],[-66.065,19.466],[-66.385,19.16],[-66.705,18.853],[-67.023,18.546],[-67.341,18.238],[-67.586,17.882],[-67.83,17.526],[-68.073,17.169],[-68.315,16.812],[-68.557,16.455],[-68.615,16.286]]}},{"type":"Feature","properties":{"boundary_type":"transform","feature_type":"gpml:Transform","polarity":null,"overriding_plate_id":null,"subducting_plate_id":null,"plate_ids":[224,2035],"name":"TBD"},"geometry":{"type":"LineString","coordinates":[[-68.615,16.286],[-68.739,15.928],[-68.862,15.57],[-68.985,15.212],[-69.097,14.833],[-69.209,14.454],[-69.321,14.075],[-69.367,13.79]]}},{"type":"Feature","properties":{"boundary_type":"subduction","feature_type":"gpml:SubductionZone","polarity":"Right","overriding_plate_id":224,"subducting_plate_id":101,"plate_ids":[101,224],"name":""},"geometry":{"type":"LineString","coordinates":[[-55.351,16.139],[-54.941,15.931],[-54.532,15.722],[-54.124,15.512],[-53.716,15.302],[-53.686,15.261]]}},{"type":"Feature","properties":{"boundary_type":"subduction","feature_type":"gpml:SubductionZone","polarity":"Right","overriding_plate_id":224,"subducting_plate_id":201,"plate_ids":[201,224],"name":""},"geometry":{"type":"LineString","coordinates":[[-53.686,15.261],[-53.414,14.883],[-53.142,14.505],[-52.871,14.127],[-52.601,13.748],[-52.332,13.369],[-52.063,12.99],[-51.796,12.61],[-51.529,12.231],[-51.263,11.851],[-50.998,11.47],[-50.88,10.988],[-50.763,10.506],[-50.646,10.024],[-50.529,9.542],[-50.36,9.199],[-50.192,8.856],[-50.024,8.513],[-50.017,8.041],[-50.01,7.569],[-50.004,7.097],[-49.997,6.625],[-50.131,6.273],[-50.266,5.922],[-50.4,5.571],[-50.533,5.22]]}},{"type":"Feature","properties":{"boundary_type":"transform","feature_type":"gpml:Transform","polarity":null,"overriding_plate_id":null,"subducting_plate_id":null,"plate_ids":[101,2035],"name":"FZ NORTH 1"},"geometry":{"type":"LineString","coordinates":[[-81.006,16.352],[-80.523,16.299],[-80.041,16.244],[-79.559,16.188],[-79.078,16.131],[-78.596,16.074],[-78.115,16.015],[-77.635,15.955],[-77.154,15.894],[-76.674,15.832],[-76.194,15.768],[-75.785,15.743],[-75.376,15.716],[-74.967,15.688],[-74.558,15.66],[-74.144,15.701],[-73.729,15.74],[-73.315,15.779],[-72.9,15.817],[-72.416,15.906],[-71.932,15.994],[-71.447,16.081],[-70.962,16.167],[-70.508,16.206],[-70.052,16.244],[-69.597,16.282],[-69.142,16.318],[-68.879,16.302],[-68.615,16.286]]}},{"type":"Feature","properties":{"boundary_type":"transform","feature_type":"gpml:Transform","polarity":null,"overriding_plate_id":null,"subducting_plate_id":null,"plate_ids":[201,224],"name":"TBD"},"geometry":{"type":"LineString","coordinates":[[-57.284,6.728],[-56.834,6.619],[-56.384,6.51],[-55.935,6.4],[-55.485,6.29],[-55.036,6.179],[-54.587,6.068],[-54.138,5.957],[-53.689,5.845],[-53.241,5.733],[-52.792,5.621],[-52.344,5.508],[-51.891,5.436],[-51.439,5.364],[-50.986,5.292],[-50.533,5.22]]}},{"type":"Feature","properties":{"boundary_type":"transform","feature_type":"gpml:Transform","polarity":null,"overriding_plate_id":null,"subducting_plate_id":null,"plate_ids":[224,902],"name":"TBD"},"geometry":{"type":"LineString","coordinates":[[-80.38,7.936],[-79.943,8.03],[-79.506,8.122]]}},{"type":"Feature","properties":{"boundary_type":"transform","feature_type":"gpml:Transform","polarity":null,"overriding_plate_id":null,"subducting_plate_id":null,"plate_ids":[224,2035],"name":"TBD"},"geometry":{"type":"LineString","coordinates":[[-79.506,8.122],[-79.076,8.213],[-78.646,8.303],[-78.216,8.393],[-77.794,8.665],[-77.371,8.937],[-76.947,9.208],[-76.523,9.479],[-76.098,9.749],[-75.673,10.019],[-75.247,10.288],[-74.888,10.635],[-74.528,10.983],[-74.168,11.329],[-73.806,11.676],[-73.444,12.021],[-73.081,12.367],[-72.591,12.438],[-72.102,12.509],[-71.612,12.578],[-71.121,12.647],[-70.631,12.715],[-70.316,12.984],[-70.0,13.253],[-69.684,13.522],[-69.367,13.79]]}},{"type":"Feature","properties":{"boundary_type":"ridge","feature_type":"gpml:MidOceanRidge","polarity":null,"overriding_plate_id":null,"subducting_plate_id":null,"plate_ids":[902,904],"name":"Aluk-Farallon MOR NW15"},"geometry":{"type":"LineString","coordinates":[[-91.938,-56.309],[-91.065,-56.224],[-90.195,-56.133],[-89.33,-56.036],[-88.469,-55.933],[-87.613,-55.825],[-86.762,-55.71],[-85.916,-55.589],[-85.075,-55.463],[-84.24,-55.331],[-83.41,-55.193],[-82.586,-55.05],[-81.768,-54.901],[-80.957,-54.746],[-80.151,-54.587],[-79.352,-54.422],[-78.56,-54.251],[-77.774,-54.076],[-76.995,-53.895],[-76.222,-53.71],[-75.457,-53.52],[-74.698,-53.324],[-73.947,-53.124],[-73.202,-52.92],[-72.465,-52.71],[-71.734,-52.496],[-71.011,-52.278],[-70.295,-52.055],[-69.586,-51.828],[-68.884,-51.597],[-68.19,-51.362],[-67.502,-51.123],[-66.822,-50.879]]}},{"type":"Feature","properties":{"boundary_type":"ridge","feature_type":"gpml:MidOceanRidge","polarity":null,"overriding_plate_id":null,"subducting_plate_id":null,"plate_ids":[901,902],"name":"Pacific-Farallon MOR NW15"},"geometry":{"type":"LineString","coordinates":[[-102.635,-49.685],[-102.188,-50.059],[-101.733,-50.432],[-101.272,-50.802],[-100.803,-51.171],[-100.327,-51.537],[-99.843,-51.902],[-99.351,-52.264],[-98.851,-52.625],[-98.343,-52.984],[-97.826,-53.34],[-97.301,-53.694],[-96.766,-54.045],[-96.223,-54.395],[-95.686,-54.663],[-95.142,-54.928],[-94.59,-55.191],[-94.036,-55.435],[-93.476,-55.676],[-92.908,-55.914],[-92.334,-56.149]]}},{"type":"Feature","properties":{"boundary_type":"ridge","feature_type":"gpml:MidOceanRidge","polarity":null,"overriding_plate_id":null,"subducting_plate_id":null,"plate_ids":[902,904],"name":"Pacific-Farallon MOR NW15"},"geometry":{"type":"LineString","coordinates":[[-92.334,-56.149],[-91.938,-56.309]]}},{"type":"Feature","properties":{"boundary_type":"ridge","feature_type":"gpml:MidOceanRidge","polarity":null,"overriding_plate_id":null,"subducting_plate_id":null,"plate_ids":[901,904],"name":"Pacific-Aluk MOR NW15"},"geometry":{"type":"LineString","coordinates":[[-92.334,-56.149],[-92.648,-56.484],[-93.064,-56.9],[-93.489,-57.315],[-93.923,-57.728],[-94.368,-58.14],[-94.823,-58.55],[-95.289,-58.958]]}},{"type":"Feature","properties":{"boundary_type":"ridge","feature_type":"gpml:MidOceanRidge","polarity":null,"overriding_plate_id":null,"subducting_plate_id":null,"plate_ids":[804,904],"name":"Marie Byrd Land-Aluk MOR NW15"},"geometry":{"type":"LineString","coordinates":[[-94.33,-59.133],[-94.758,-59.517],[-95.391,-59.801],[-96.034,-60.082],[-96.689,-60.36],[-97.355,-60.635],[-98.033,-60.906],[-98.721,-61.174],[-98.164,-61.479],[-97.596,-61.783],[-97.017,-62.084],[-97.848,-62.393],[-98.697,-62.696],[-99.564,-62.995],[-100.448,-63.289],[-101.35,-63.576],[-102.271,-63.858],[-103.209,-64.134],[-104.167,-64.404],[-104.007,-64.836],[-103.842,-65.268],[-103.671,-65.7],[-103.494,-66.132],[-103.312,-66.563],[-103.122,-66.995],[-102.926,-67.426],[-102.723,-67.857]]}},{"type":"Feature","properties":{"boundary_type":"ridge","feature_type":"gpml:MidOceanRidge","polarity":null,"overriding_plate_id":null,"subducting_plate_id":null,"plate_ids":[804,904],"name":"BELLINGHAUSEN SEA, MARIE BYRD LAND-PACIFIC"},"geometry":{"type":"LineString","coordinates":[[-94.33,-59.133],[-94.811,-59.047],[-95.289,-58.958]]}},{"type":"Feature","properties":{"boundary_type":"ridge","feature_type":"gpml:MidOceanRidge","polarity":null,"overriding_plate_id":null,"subducting_plate_id":null,"plate_ids":[804,901],"name":"BELLINGHAUSEN SEA, MARIE BYRD LAND-PACIFIC"},"geometry":{"type":"LineString","coordinates":[[-95.289,-58.958],[-95.976,-58.827],[-96.659,-58.692],[-97.336,-58.553],[-98.14,-58.317],[-98.934,-58.075],[-99.716,-57.828],[-100.488,-57.576],[-101.249,-57.32],[-102.0,-57.06],[-102.74,-56.795],[-103.47,-56.525],[-104.189,-56.252],[-104.898,-55.974],[-105.597,-55.692],[-106.285,-55.406],[-106.964,-55.117],[-107.633,-54.824],[-108.065,-55.184],[-108.504,-55.542],[-108.952,-55.899],[-109.408,-56.255],[-109.873,-56.608],[-110.346,-56.96],[-110.829,-57.31],[-111.513,-57.046],[-112.188,-56.777],[-112.852,-56.506],[-113.508,-56.23],[-114.154,-55.951],[-114.79,-55.669],[-115.418,-55.384],[-115.842,-55.69],[-116.273,-55.995],[-116.71,-56.298],[-117.155,-56.6],[-117.793,-56.303],[-118.421,-56.003],[-119.039,-55.7],[-119.648,-55.394],[-120.247,-55.084],[-120.837,-54.772],[-121.419,-54.457],[-121.991,-54.14],[-122.554,-53.819],[-123.109,-53.496],[-123.668,-53.869],[-124.236,-54.24],[-124.816,-54.607],[-125.405,-54.972],[-126.005,-55.334],[-126.617,-55.693],[-127.239,-56.049],[-127.874,-56.401],[-128.52,-56.75],[-129.178,-57.096],[-129.776,-56.795],[-130.365,-56.49],[-130.944,-56.183],[-131.514,-55.874],[-132.075,-55.561],[-132.628,-55.246],[-133.247,-55.583],[-133.876,-55.917],[-134.517,-56.247],[-135.169,-56.574],[-135.832,-56.897],[-136.506,-57.217],[-137.192,-57.533],[-137.89,-57.846],[-138.601,-58.154],[-139.323,-58.459],[-140.058,-58.759],[-140.359,-58.545],[-140.657,-58.33],[-141.278,-58.573],[-141.907,-58.813],[-142.545,-59.05],[-142.195,-59.339],[-141.838,-59.627],[-142.558,-59.863],[-143.289,-60.096],[-144.029,-60.325],[-144.78,-60.549],[-145.542,-60.769],[-146.284,-60.962],[-147.036,-61.151],[-147.797,-61.335],[-148.566,-61.515],[-148.564,-61.511]]}},{"type":"Feature","properties":{"boundary_type":"ridge","feature_type":"gpml:MidOceanRidge","polarity":null,"overriding_plate_id":null,"subducting_plate_id":null,"plate_ids":[901,918],"name":"Pacific-Vancouver/Farallon MOR NW15"},"geometry":{"type":"LineString","coordinates":[[-118.589,49.959],[-118.399,49.52],[-118.212,49.081]]}},{"type":"Feature","properties":{"boundary_type":"ridge","feature_type":"gpml:MidOceanRidge","polarity":null,"overriding_plate_id":null,"subducting_plate_id":null,"plate_ids":[901,903],"name":"Pacific-Vancouver/Farallon MOR NW15"},"geometry":{"type":"LineString","coordinates":[[-118.212,49.081],[-118.014,48.607],[-117.82,48.132],[-117.629,47.658],[-117.442,47.183],[-117.278,46.735],[-117.118,46.286],[-116.959,45.838],[-116.803,45.389],[-116.65,44.94],[-116.499,44.491],[-116.355,44.014],[-116.214,43.537],[-116.074,43.06],[-115.937,42.583],[-115.802,42.105],[-115.669,41.627],[-115.538,41.149],[-115.409,40.671],[-115.275,40.246],[-115.144,39.821],[-115.014,39.396],[-114.885,38.97],[-114.759,38.545],[-114.633,38.119],[-115.229,38.018],[-115.823,37.913],[-116.415,37.806],[-117.005,37.696],[-117.594,37.582],[-118.18,37.466],[-118.03,36.985],[-117.881,36.504],[-117.735,36.023],[-117.59,35.541],[-117.446,35.06],[-117.305,34.578],[-116.878,34.629],[-116.45,34.678],[-116.297,34.373],[-116.145,34.067],[-115.571,34.083],[-114.997,34.097],[-114.423,34.109],[-113.849,34.117],[-113.274,34.123],[-112.7,34.127],[-112.125,34.127],[-111.551,34.125],[-110.976,34.12],[-110.402,34.113],[-109.829,34.108],[-109.255,34.1],[-108.682,34.089],[-108.108,34.075],[-107.535,34.059],[-106.963,34.041],[-106.39,34.019],[-105.818,33.996],[-105.246,33.969]]}},{"type":"Feature","properties":{"boundary_type":"ridge","feature_type":"gpml:MidOceanRidge","polarity":null,"overriding_plate_id":null,"subducting_plate_id":null,"plate_ids":[901,903],"name":"Pacific-Farallon MOR NW15"},"geometry":{"type":"LineString","coordinates":[[-105.246,33.969],[-105.245,33.963],[-105.161,33.486],[-105.078,33.01],[-104.996,32.533],[-104.915,32.057],[-104.462,32.087],[-104.009,32.117],[-103.555,32.145],[-103.102,32.171],[-103.07,31.71],[-103.038,31.249],[-103.006,30.788]]}},{"type":"Feature","properties":{"boundary_type":"ridge","feature_type":"gpml:MidOceanRidge","polarity":null,"overriding_plate_id":null,"subducting_plate_id":null,"plate_ids":[901,902],"name":"Pacific-Farallon MOR NW15"},"geometry":{"type":"LineString","coordinates":[[-103.006,30.788],[-102.973,30.301],[-102.941,29.814],[-102.908,29.327],[-102.876,28.839],[-103.1,28.803],[-103.054,28.324],[-103.009,27.846],[-102.964,27.367],[-102.92,26.888],[-102.876,26.409],[-102.832,25.93],[-103.369,25.857],[-103.905,25.782],[-104.44,25.705],[-104.975,25.626],[-105.508,25.545],[-106.042,25.462],[-106.574,25.377],[-107.106,25.291],[-107.637,25.202],[-108.167,25.112],[-108.696,25.019],[-109.225,24.925],[-109.752,24.829],[-109.676,24.384],[-109.599,23.939],[-109.523,23.494],[-109.448,23.049],[-109.373,22.604],[-109.299,22.158],[-109.225,21.713],[-109.152,21.268],[-109.079,20.823],[-109.401,20.78],[-109.312,20.323],[-109.224,19.866],[-109.135,19.408],[-109.048,18.951],[-108.961,18.494],[-108.874,18.036],[-108.788,17.579],[-108.283,17.639],[-107.779,17.699],[-107.274,17.756],[-106.769,17.813],[-106.263,17.868],[-105.757,17.922],[-105.251,17.975],[-104.745,18.026],[-104.238,18.076],[-103.731,18.125],[-103.224,18.172],[-102.716,18.218],[-102.208,18.263],[-101.7,18.306],[-101.635,17.846],[-101.571,17.386],[-101.507,16.927],[-101.443,16.467],[-101.708,16.406],[-101.627,15.919],[-101.547,15.432],[-101.466,14.945],[-101.387,14.458],[-101.307,13.971],[-101.228,13.485],[-101.15,12.998],[-101.071,12.511],[-100.993,12.024],[-100.915,11.536],[-100.838,11.049],[-100.76,10.562],[-100.683,10.075],[-101.178,10.0],[-101.672,9.924],[-102.166,9.847],[-102.659,9.77],[-103.153,9.691],[-103.646,9.613],[-104.139,9.533],[-104.632,9.453],[-105.124,9.372],[-105.616,9.29],[-106.108,9.208],[-106.6,9.125],[-106.522,8.672],[-106.443,8.218],[-106.365,7.765],[-106.287,7.312],[-106.209,6.858],[-106.131,6.405],[-106.436,6.333],[-106.74,6.26],[-106.659,5.777],[-106.579,5.294],[-106.498,4.811],[-106.418,4.328],[-106.337,3.845],[-106.257,3.361],[-106.177,2.878],[-106.097,2.395],[-106.017,1.912],[-105.937,1.429],[-105.857,0.945],[-105.777,0.462],[-105.697,-0.021],[-105.617,-0.504],[-105.537,-0.988],[-105.99,-1.081],[-106.443,-1.175],[-106.896,-1.269],[-107.349,-1.363],[-107.802,-1.457],[-108.255,-1.55],[-108.708,-1.644],[-109.161,-1.737],[-109.614,-1.83],[-110.067,-1.923],[-109.987,-2.407],[-109.907,-2.89],[-109.827,-3.374],[-109.747,-3.857],[-109.667,-4.341],[-109.586,-4.824],[-109.506,-5.307],[-109.425,-5.791],[-109.345,-6.274],[-109.264,-6.758],[-109.183,-7.241],[-109.102,-7.724],[-109.02,-8.208],[-108.939,-8.691],[-108.857,-9.174],[-108.775,-9.658],[-108.693,-10.141]]}},{"type":"Feature","properties":{"boundary_type":"ridge","feature_type":"gpml:MidOceanRidge","polarity":null,"overriding_plate_id":null,"subducting_plate_id":null,"plate_ids":[901,902],"name":"Pacific-Farallon MOR NW15"},"geometry":{"type":"LineString","coordinates":[[-108.693,-10.141],[-108.224,-10.046],[-107.756,-9.951],[-107.288,-9.855],[-106.82,-9.759],[-106.735,-10.232],[-106.65,-10.706],[-106.564,-11.179],[-106.478,-11.653],[-106.392,-12.126],[-106.306,-12.6],[-106.219,-13.073],[-106.132,-13.547],[-106.044,-14.02],[-105.957,-14.493],[-105.868,-14.967],[-105.78,-15.44],[-105.691,-15.913],[-105.601,-16.386],[-105.511,-16.86],[-105.421,-17.333],[-105.33,-17.806],[-105.826,-17.916],[-106.321,-18.025],[-106.818,-18.133],[-107.315,-18.24],[-107.813,-18.345],[-108.311,-18.449],[-108.81,-18.551],[-109.309,-18.653],[-109.81,-18.753],[-109.761,-19.178],[-109.713,-19.603],[-109.664,-20.029],[-109.615,-20.454],[-109.566,-20.879],[-109.516,-21.304],[-109.936,-21.365],[-110.357,-21.424],[-110.778,-21.482],[-111.199,-21.539],[-111.08,-22.015],[-110.96,-22.491],[-110.839,-22.967],[-110.718,-23.442],[-110.596,-23.918],[-110.472,-24.393],[-110.348,-24.868],[-110.223,-25.343],[-110.097,-25.818],[-109.97,-26.293],[-109.842,-26.768],[-109.712,-27.243],[-109.582,-27.717],[-109.45,-28.192],[-109.989,-28.311],[-110.528,-28.428],[-111.069,-28.543],[-111.611,-28.656],[-112.154,-28.766],[-112.029,-29.252],[-111.902,-29.737],[-111.774,-30.223],[-111.645,-30.708],[-111.515,-31.193],[-111.383,-31.677],[-111.25,-32.162],[-111.115,-32.647],[-110.979,-33.131],[-110.841,-33.615],[-110.702,-34.1],[-110.561,-34.583],[-110.419,-35.067],[-110.275,-35.551],[-110.129,-36.034],[-109.981,-36.518],[-109.832,-37.001],[-109.681,-37.484],[-109.527,-37.966],[-109.372,-38.449],[-109.214,-38.931],[-109.055,-39.413],[-108.893,-39.895],[-108.728,-40.377],[-108.562,-40.858],[-108.393,-41.339],[-108.221,-41.82],[-108.047,-42.301],[-107.871,-42.781],[-107.691,-43.261],[-107.509,-43.741],[-107.323,-44.221],[-107.135,-44.7],[-106.943,-45.179],[-106.749,-45.657],[-106.551,-46.135],[-106.349,-46.613],[-106.144,-47.091],[-105.593,-47.013],[-105.043,-46.933],[-104.495,-46.85],[-103.949,-46.764],[-103.77,-47.182],[-103.588,-47.6],[-103.404,-48.018],[-103.216,-48.435],[-103.026,-48.852],[-102.832,-49.269],[-102.635,-49.685]]}},{"type":"Feature","properties":{"boundary_type":"ridge","feature_type":"gpml:MidOceanRidge","polarity":null,"overriding_plate_id":null,"subducting_plate_id":null,"plate_ids":[304,317],"name":"MOR-IB-EUR"},"geometry":{"type":"LineString","coordinates":[[-3.504,34.764],[-3.904,34.766],[-4.303,34.765],[-4.715,34.77],[-5.127,34.772],[-5.519,34.86],[-5.913,34.946],[-6.288,34.949],[-6.663,34.952],[-6.99,34.98],[-7.317,35.008],[-7.787,34.98],[-8.256,34.951],[-8.725,34.919],[-9.194,34.886],[-9.737,34.914],[-10.28,34.939]]}},{"type":"Feature","properties":{"boundary_type":"ridge","feature_type":"gpml:MidOceanRidge","polarity":null,"overriding_plate_id":null,"subducting_plate_id":null,"plate_ids":[304,701],"name":"SouthernIberia"},"geometry":{"type":"LineString","coordinates":[[-4.081,24.942],[-4.26,24.897],[-4.768,25.04],[-5.276,25.181],[-5.786,25.321],[-6.297,25.459],[-6.809,25.595],[-7.323,25.73],[-7.837,25.862],[-8.353,25.993],[-8.87,26.122],[-9.388,26.249],[-9.907,26.374],[-10.427,26.498],[-10.948,26.619],[-11.471,26.739],[-11.994,26.856],[-12.519,26.972],[-13.044,27.086],[-13.54,27.244],[-14.037,27.401],[-14.535,27.556],[-15.035,27.709],[-15.536,27.86],[-16.038,28.009],[-16.542,28.157]]}},{"type":"Feature","properties":{"boundary_type":"other","feature_type":"gpml:UnclassifiedFeature","polarity":null,"overriding_plate_id":null,"subducting_plate_id":null,"plate_ids":[304,317],"name":"Late_Iberia-Por_Bound"},"geometry":{"type":"LineString","coordinates":[[-10.28,34.939],[-10.528,34.656],[-10.775,34.372],[-11.051,33.989],[-11.325,33.604],[-11.618,33.387],[-11.909,33.17],[-12.064,32.899],[-12.218,32.628]]}},{"type":"Feature","properties":{"boundary_type":"ridge","feature_type":"gpml:MidOceanRidge","polarity":null,"overriding_plate_id":null,"subducting_plate_id":null,"plate_ids":[903,918],"name":"Farallon-Kula MOR c25y NW15"},"geometry":{"type":"LineString","coordinates":[[-118.212,49.081],[-117.843,49.398],[-117.469,49.714],[-117.09,50.029],[-116.706,50.343],[-116.273,50.75],[-115.831,51.155],[-115.382,51.559],[-114.924,51.96],[-114.459,52.36],[-113.985,52.758],[-113.502,53.155],[-113.01,53.549],[-112.509,53.941],[-111.999,54.331],[-111.479,54.719],[-110.948,55.104],[-110.408,55.487],[-109.857,55.868],[-109.295,56.246],[-108.721,56.622],[-108.137,56.995],[-107.54,57.365],[-106.932,57.732],[-106.311,58.096],[-105.677,58.458],[-105.03,58.816],[-104.37,59.17],[-103.696,59.522],[-103.008,59.869],[-102.305,60.214],[-101.588,60.554],[-100.855,60.89],[-100.107,61.223]]}},{"type":"Feature","properties":{"boundary_type":"ridge","feature_type":"gpml:MidOceanRidge","polarity":null,"overriding_plate_id":null,"subducting_plate_id":null,"plate_ids":[901,918],"name":"KULA-PAC MOR"},"geometry":{"type":"LineString","coordinates":[[-144.895,46.767],[-144.453,46.782],[-144.011,46.796],[-144.011,46.981],[-143.477,46.997],[-142.942,47.011],[-142.961,47.374],[-142.98,47.736],[-142.387,47.763],[-141.793,47.787],[-141.198,47.808],[-140.603,47.826],[-140.603,48.022],[-139.861,48.043],[-139.118,48.059],[-138.375,48.071],[-137.632,48.077],[-137.651,48.461],[-137.016,48.484],[-136.38,48.504],[-135.744,48.521],[-135.107,48.533],[-134.47,48.543],[-133.833,48.549],[-133.837,48.958],[-133.842,49.368],[-133.846,49.778],[-133.851,50.187],[-133.855,50.597],[-133.103,50.61],[-132.35,50.618],[-131.597,50.621],[-130.844,50.619],[-130.091,50.613],[-129.338,50.601],[-128.586,50.585],[-127.834,50.564],[-127.083,50.538],[-126.333,50.508],[-125.584,50.472],[-124.877,50.439],[-124.17,50.401],[-123.465,50.359],[-122.761,50.312],[-122.059,50.262],[-121.358,50.207],[-120.658,50.148],[-119.961,50.085],[-119.265,50.017],[-118.589,49.959]]}},{"type":"Feature","properties":{"boundary_type":"transform","feature_type":"gpml:Transform","polarity":null,"overriding_plate_id":null,"subducting_plate_id":null,"plate_ids":[801,901],"name":"South Loyalty Transform"},"geometry":{"type":"LineString","coordinates":[[169.226,-27.843],[169.394,-27.641],[169.562,-27.438],[169.974,-27.141],[170.379,-26.983],[170.784,-26.824],[171.016,-26.613],[171.248,-26.401],[171.543,-26.221],[171.838,-26.041],[172.075,-25.898],[172.311,-25.754],[172.73,-25.605],[173.089,-25.459],[173.448,-25.313],[173.716,-25.136],[173.983,-24.959],[174.12,-24.869]]}},{"type":"Feature","properties":{"boundary_type":"ridge","feature_type":"gpml:MidOceanRidge","polarity":null,"overriding_plate_id":null,"subducting_plate_id":null,"plate_ids":[801,922],"name":"MOR Late K South Loyalty Basin"},"geometry":{"type":"LineString","coordinates":[[167.397,-22.93],[166.911,-22.709],[166.426,-22.486],[165.943,-22.262],[165.461,-22.036],[164.981,-21.809],[164.502,-21.581],[164.025,-21.351],[163.55,-21.12],[163.076,-20.887],[162.603,-20.654],[162.132,-20.419],[161.662,-20.182],[161.194,-19.945],[160.727,-19.706],[160.262,-19.466],[159.797,-19.225],[159.335,-18.982],[158.873,-18.739],[158.413,-18.494],[157.955,-18.249],[157.497,-18.002],[157.041,-17.754],[156.586,-17.505],[156.132,-17.255],[155.68,-17.004],[155.229,-16.752],[154.779,-16.499],[154.33,-16.245],[153.882,-15.991],[153.436,-15.735],[152.99,-15.478],[152.546,-15.221],[152.103,-14.962],[151.661,-14.703],[151.232,-14.483],[150.805,-14.261],[150.378,-14.04],[149.953,-13.817],[149.528,-13.594],[149.104,-13.37],[148.681,-13.145],[148.258,-12.919]]}},{"type":"Feature","properties":{"boundary_type":"transform","feature_type":"gpml:Transform","polarity":null,"overriding_plate_id":null,"subducting_plate_id":null,"plate_ids":[801,922],"name":"Vitiaz Transform"},"geometry":{"type":"LineString","coordinates":[[171.222,-20.272],[170.854,-20.509],[170.485,-20.745],[170.116,-20.98],[169.745,-21.215],[169.372,-21.494],[168.998,-21.772],[168.623,-22.049],[168.247,-22.326],[167.868,-22.601],[167.489,-22.876],[167.397,-22.93]]}},{"type":"Feature","properties":{"boundary_type":"subduction","feature_type":"gpml:SubductionZone","polarity":"Right","overriding_plate_id":802,"subducting_plate_id":904,"plate_ids":[802,904],"name":"South America trench taken from COB file"},"geometry":{"type":"LineString","coordinates":[[-64.736,-62.001],[-64.933,-61.937],[-65.68,-61.67],[-66.176,-61.454],[-66.665,-61.236],[-66.642,-61.213],[-66.704,-61.185],[-66.958,-61.045],[-67.071,-60.947],[-67.25,-60.81],[-67.56,-60.566],[-67.762,-60.409],[-67.967,-60.214],[-68.33,-60.059],[-68.928,-59.83],[-69.192,-59.752],[-69.666,-59.55],[-69.9,-59.3],[-70.132,-59.05],[-70.324,-58.572],[-70.511,-58.093],[-70.574,-57.804],[-70.636,-57.514],[-70.657,-57.238],[-70.678,-56.962],[-70.635,-56.677],[-70.592,-56.393],[-70.428,-56.097],[-70.267,-55.802]]}},{"type":"Feature","properties":{"boundary_type":"subduction","feature_type":"gpml:SubductionZone","polarity":"Right","overriding_plate_id":201,"subducting_plate_id":904,"plate_ids":[201,904],"name":"South America trench taken from COB file"},"geometry":{"type":"LineString","coordinates":[[-70.267,-55.802],[-70.101,-55.494],[-69.938,-55.186],[-69.914,-54.807],[-69.891,-54.429],[-69.929,-54.058],[-69.966,-53.688],[-69.689,-53.252],[-69.417,-52.815],[-68.903,-52.584],[-68.395,-52.35],[-67.667,-52.24],[-67.415,-51.816],[-67.16,-51.472],[-67.008,-51.222],[-66.857,-50.971],[-66.822,-50.879]]}},{"type":"Feature","properties":{"boundary_type":"subduction","feature_type":"gpml:SubductionZone","polarity":"Right","overriding_plate_id":201,"subducting_plate_id":902,"plate_ids":[201,902],"name":"South America trench taken from COB file"},"geometry":{"type":"LineString","coordinates":[[-66.822,-50.879],[-66.74,-50.662],[-66.743,-50.441],[-66.782,-50.169],[-66.788,-49.919],[-66.797,-49.575],[-66.569,-49.253],[-66.367,-48.905],[-66.233,-48.688],[-65.997,-48.321],[-65.908,-48.109],[-65.786,-47.853],[-65.68,-47.614],[-65.531,-47.279],[-65.384,-46.944],[-65.239,-46.609],[-65.125,-46.29],[-65.009,-46.035],[-64.893,-45.78],[-64.768,-45.486],[-64.717,-45.22],[-64.665,-44.953],[-64.619,-44.724],[-64.427,-44.348],[-64.213,-43.957],[-64.078,-43.724],[-63.943,-43.491],[-63.813,-43.019],[-63.607,-42.598],[-63.396,-42.255],[-63.186,-41.912],[-62.98,-41.568],[-62.775,-41.224],[-62.49,-40.851],[-62.208,-40.478],[-61.929,-40.104],[-61.654,-39.729],[-61.381,-39.353],[-61.111,-38.977],[-60.844,-38.601],[-60.693,-38.131],[-60.544,-37.661],[-60.397,-37.191],[-60.251,-36.721],[-60.108,-36.251],[-59.966,-35.78],[-59.825,-35.31],[-59.687,-34.839],[-59.55,-34.368],[-59.357,-33.987],[-59.167,-33.605],[-58.978,-33.223],[-58.79,-32.841],[-58.605,-32.459],[-58.478,-32.007],[-58.353,-31.556],[-58.23,-31.104],[-58.107,-30.652],[-57.985,-30.2],[-57.865,-29.747],[-57.746,-29.295],[-57.627,-28.843],[-57.53,-28.438],[-57.434,-28.034],[-57.338,-27.629],[-57.377,-27.188],[-57.416,-26.746],[-57.38,-26.406],[-57.344,-26.065],[-57.46,-25.628],[-57.574,-25.191],[-57.819,-24.746],[-58.062,-24.302],[-58.366,-23.939],[-58.668,-23.575],[-58.969,-23.211],[-59.268,-22.846],[-59.566,-22.481],[-60.009,-22.218],[-60.45,-21.953],[-60.758,-21.584],[-61.065,-21.215],[-61.371,-20.845],[-61.675,-20.475],[-61.977,-20.104],[-62.278,-19.732],[-62.578,-19.361],[-62.876,-18.988],[-63.173,-18.615],[-63.377,-18.195],[-63.579,-17.774],[-63.781,-17.354],[-63.982,-16.933],[-64.182,-16.512],[-64.381,-16.09],[-64.579,-15.669],[-64.777,-15.247],[-64.973,-14.825],[-65.169,-14.403],[-65.364,-13.981],[-65.484,-13.512],[-65.603,-13.044],[-65.722,-12.575],[-65.841,-12.106],[-65.959,-11.637],[-66.076,-11.169],[-66.193,-10.7],[-66.31,-10.231],[-66.188,-9.753],[-66.066,-9.275],[-65.945,-8.797],[-65.823,-8.32],[-65.702,-7.842],[-65.582,-7.364],[-65.547,-7.219]]}},{"type":"Feature","properties":{"boundary_type":"subduction","feature_type":"gpml:SubductionZone","polarity":"Right","overriding_plate_id":201,"subducting_plate_id":224,"plate_ids":[201,224],"name":"South America trench taken from COB file"},"geometry":{"type":"LineString","coordinates":[[-65.547,-7.219],[-65.515,-7.087],[-65.462,-6.835],[-65.378,-6.561],[-65.281,-6.195],[-65.216,-5.992],[-65.165,-5.75],[-65.002,-5.375],[-64.865,-5.042],[-64.709,-4.777],[-64.467,-4.358],[-64.293,-4.021],[-64.105,-3.723],[-63.878,-3.338],[-63.615,-3.023],[-63.372,-2.714],[-63.199,-2.525],[-62.91,-2.213],[-62.589,-1.869],[-62.284,-1.578],[-62.032,-1.399],[-61.783,-1.11],[-61.599,-0.968],[-61.525,-0.683],[-61.256,-0.342],[-60.988,0.0],[-60.977,0.008],[-60.941,0.077],[-60.915,0.275],[-60.889,0.474],[-60.911,0.725],[-60.954,0.951],[-61.067,1.269],[-61.149,1.408],[-61.234,1.666],[-61.248,1.68]]}},{"type":"Feature","properties":{"boundary_type":"subduction","feature_type":"gpml:SubductionZone","polarity":"Right","overriding_plate_id":201,"subducting_plate_id":224,"plate_ids":[201,224],"name":"TBD"},"geometry":{"type":"LineString","coordinates":[[-61.248,1.68],[-61.202,2.081],[-61.156,2.481],[-61.11,2.882],[-60.82,3.187],[-60.53,3.492],[-60.24,3.796],[-59.95,4.101],[-59.66,4.413],[-59.369,4.726],[-59.077,5.038],[-58.786,5.35],[-58.494,5.662],[-58.202,5.974],[-57.896,6.226],[-57.59,6.477],[-57.284,6.728]]}},{"type":"Feature","properties":{"boundary_type":"subduction","feature_type":"gpml:SubductionZone","polarity":"Left","overriding_plate_id":802,"subducting_plate_id":201,"plate_ids":[201,802],"name":"Endurance Collision Zone"},"geometry":{"type":"LineString","coordinates":[[-63.1,-66.524],[-62.524,-66.426],[-61.952,-66.326],[-60.952,-66.199],[-59.962,-66.065],[-59.003,-65.925],[-58.054,-65.779],[-57.116,-65.627],[-56.189,-65.47],[-55.274,-65.307],[-54.513,-65.199],[-53.759,-65.088],[-53.012,-64.973],[-52.03,-64.765],[-51.064,-64.551],[-50.113,-64.33],[-49.177,-64.103]]}},{"type":"Feature","properties":{"boundary_type":"subduction","feature_type":"gpml:SubductionZone","polarity":"Right","overriding_plate_id":802,"subducting_plate_id":904,"plate_ids":[802,904],"name":"Antarctic-Aluk subduction zone"},"geometry":{"type":"LineString","coordinates":[[-69.148,-62.618],[-68.942,-62.564],[-68.14,-62.467],[-67.345,-62.365],[-66.554,-62.259],[-65.769,-62.148],[-65.251,-62.076],[-64.736,-62.001]]}},{"type":"Feature","properties":{"boundary_type":"transform","feature_type":"gpml:Transform","polarity":null,"overriding_plate_id":null,"subducting_plate_id":null,"plate_ids":[201,802],"name":"Burdwood transform"},"geometry":{"type":"LineString","coordinates":[[-70.267,-55.802],[-69.998,-56.101],[-69.725,-56.4],[-69.282,-56.723],[-68.832,-57.043],[-68.374,-57.362],[-67.909,-57.68],[-67.435,-57.996],[-66.843,-58.307],[-66.241,-58.615],[-65.628,-58.92],[-65.004,-59.223],[-64.37,-59.522],[-63.641,-59.757],[-62.902,-59.989],[-62.153,-60.216],[-61.394,-60.438],[-60.624,-60.657],[-59.768,-60.834],[-58.903,-61.006],[-58.029,-61.173],[-57.146,-61.334],[-56.408,-61.621],[-55.657,-61.904],[-54.892,-62.182],[-54.155,-62.412],[-53.406,-62.638],[-52.646,-62.859],[-51.954,-63.126],[-51.25,-63.389],[-50.533,-63.648],[-49.802,-63.904],[-49.177,-64.103]]}},{"type":"Feature","properties":{"boundary_type":"transform","feature_type":"gpml:Transform","polarity":null,"overriding_plate_id":null,"subducting_plate_id":null,"plate_ids":[608,922],"name":"Transform on edge of Melanesian basin"},"geometry":{"type":"LineString","coordinates":[[152.142,-10.337],[151.94,-10.549],[151.598,-10.875],[151.256,-11.202],[150.912,-11.527],[150.568,-11.852],[150.224,-12.177],[149.878,-12.502],[149.473,-12.607],[149.069,-12.712],[148.664,-12.816],[148.258,-12.919]]}},{"type":"Feature","properties":{"boundary_type":"transform","feature_type":"gpml:Transform","polarity":null,"overriding_plate_id":null,"subducting_plate_id":null,"plate_ids":[608,801],"name":"Transform on edge of Melanesian basin"},"geometry":{"type":"LineString","coordinates":[[148.258,-12.919],[147.869,-13.018],[147.48,-13.116],[147.091,-13.213]]}},{"type":"Feature","properties":{"boundary_type":"ridge","feature_type":"gpml:MidOceanRidge","polarity":null,"overriding_plate_id":null,"subducting_plate_id":null,"plate_ids":[501,701],"name":"Ridge f iso A18 on IND at 40.1Ma"},"geometry":{"type":"LineString","coordinates":[[61.969,-38.272],[61.928,-37.817],[61.887,-37.362],[61.847,-36.907],[61.807,-36.452],[61.767,-35.997],[61.728,-35.542],[61.69,-35.087],[61.908,-34.632],[62.123,-34.176],[62.337,-33.72],[62.548,-33.264],[62.757,-32.807],[62.963,-32.351],[63.168,-31.893],[63.371,-31.436],[63.571,-30.978],[63.77,-30.52],[63.967,-30.061],[64.144,-29.959],[63.664,-29.7],[63.187,-29.439],[62.711,-29.176],[62.239,-28.911],[62.503,-28.508],[62.764,-28.104],[63.024,-27.699],[63.282,-27.294],[63.538,-26.888],[63.792,-26.483],[64.044,-26.076],[64.294,-25.669],[64.543,-25.262],[64.791,-24.854],[65.036,-24.446],[65.28,-24.038],[65.522,-23.629],[65.068,-23.373],[64.615,-23.116],[64.832,-22.766],[65.047,-22.415],[65.262,-22.064],[65.475,-21.712],[65.032,-21.477],[64.591,-21.241],[64.151,-21.004],[63.712,-20.765],[63.935,-20.382],[64.157,-19.999],[64.377,-19.615],[63.969,-19.388],[63.563,-19.16],[63.157,-18.931],[62.753,-18.701],[62.995,-18.261],[63.235,-17.82],[63.475,-17.378],[63.713,-16.937],[63.318,-16.753],[62.923,-16.568],[62.529,-16.383],[62.136,-16.197],[62.289,-15.851],[62.442,-15.505],[62.594,-15.159],[62.745,-14.813],[62.316,-14.622],[61.887,-14.429],[61.459,-14.237],[61.032,-14.043],[60.605,-13.848],[60.179,-13.653],[60.242,-13.391],[60.304,-13.129],[59.926,-12.837],[59.55,-12.544],[59.174,-12.25],[58.799,-11.956],[58.425,-11.661],[58.173,-11.403],[57.922,-11.145],[57.67,-10.887],[57.264,-10.733],[56.858,-10.579],[56.814,-10.252],[56.771,-9.925],[56.357,-9.73],[55.944,-9.535],[55.532,-9.339],[55.12,-9.143],[54.708,-8.947]]}},{"type":"Feature","properties":{"boundary_type":"ridge","feature_type":"gpml:MidOceanRidge","polarity":null,"overriding_plate_id":null,"subducting_plate_id":null,"plate_ids":[501,701],"name":"Ridge f iso CIB at 47.9Ma"},"geometry":{"type":"LineString","coordinates":[[64.005,-39.939],[63.628,-39.724],[63.254,-39.508],[62.882,-39.29],[63.118,-38.893],[62.733,-38.687],[62.35,-38.48],[61.969,-38.272]]}},{"type":"Feature","properties":{"boundary_type":"subduction","feature_type":"gpml:SubductionZone","polarity":"Left","overriding_plate_id":301,"subducting_plate_id":609,"plate_ids":[301,609],"name":"Okinawa Trough (Ryuku) from EarthByte cob MG 4-20-07"},"geometry":{"type":"LineString","coordinates":[[124.877,30.21],[125.258,30.468],[125.64,30.726],[126.025,30.983],[126.276,31.279],[126.528,31.575],[126.781,31.871],[126.922,32.215],[127.063,32.559],[127.205,32.902]]}},{"type":"Feature","properties":{"boundary_type":"subduction","feature_type":"gpml:SubductionZone","polarity":"Left","overriding_plate_id":301,"subducting_plate_id":901,"plate_ids":[301,901],"name":"Okinawa Trough (Ryuku) from EarthByte cob MG 4-20-07"},"geometry":{"type":"LineString","coordinates":[[127.205,32.902],[127.361,33.274],[127.517,33.645],[127.675,34.017],[127.809,34.407],[127.943,34.797],[128.079,35.187],[128.217,35.577],[128.278,35.932],[128.34,36.287],[128.36,36.728],[128.38,37.169],[128.324,37.606],[128.266,38.042],[128.31,38.43],[128.355,38.817]]}},{"type":"Feature","properties":{"boundary_type":"subduction","feature_type":"gpml:SubductionZone","polarity":"Right","overriding_plate_id":307,"subducting_plate_id":301,"plate_ids":[301,307],"name":"Alpine Subduction"},"geometry":{"type":"LineString","coordinates":[[11.866,33.618],[12.277,33.656],[12.689,33.693],[13.102,33.728]]}},{"type":"Feature","properties":{"boundary_type":"subduction","feature_type":"gpml:SubductionZone","polarity":"Right","overriding_plate_id":308,"subducting_plate_id":301,"plate_ids":[301,308],"name":"Alpine Subduction"},"geometry":{"type":"LineString","coordinates":[[13.102,33.728],[13.577,33.899],[14.055,34.068],[14.534,34.236],[15.015,34.401],[15.498,34.565],[15.854,34.813],[16.212,35.06],[16.571,35.305],[16.821,35.571],[17.073,35.835],[17.326,36.099],[17.789,36.32],[18.254,36.539],[18.797,36.703],[19.343,36.865],[19.891,37.024],[20.391,36.795],[20.889,36.565],[21.384,36.332],[21.876,36.098],[22.295,35.832],[22.711,35.566],[22.896,35.142],[23.079,34.718],[23.259,34.294],[23.438,33.869],[23.505,33.714]]}},{"type":"Feature","properties":{"boundary_type":"subduction","feature_type":"gpml:SubductionZone","polarity":"Right","overriding_plate_id":308,"subducting_plate_id":701,"plate_ids":[308,701],"name":"Eastern Mediterranean Subduction"},"geometry":{"type":"LineString","coordinates":[[39.456,26.391],[38.959,26.237],[38.464,26.081],[37.97,25.923],[37.477,25.763],[36.986,25.602],[36.496,25.44],[36.1,25.156],[35.705,24.872],[35.313,24.587],[34.941,24.315],[34.572,24.043],[34.204,23.77],[33.837,23.496],[33.472,23.221],[32.994,23.204],[32.516,23.186],[32.038,23.166],[31.56,23.144],[31.05,23.225],[30.539,23.305],[30.027,23.383],[29.56,23.26],[29.095,23.136],[28.63,23.011],[28.166,22.884],[27.703,22.756],[27.241,22.627],[26.779,22.496]]}},{"type":"Feature","properties":{"boundary_type":"subduction","feature_type":"gpml:SubductionZone","polarity":"Left","overriding_plate_id":304,"subducting_plate_id":307,"plate_ids":[304,307],"name":"Sub. East Ligurian Ocean"},"geometry":{"type":"LineString","coordinates":[[6.376,25.921],[6.725,26.133],[7.075,26.345],[7.426,26.556],[7.779,26.767],[8.198,27.061],[8.619,27.354],[9.043,27.646],[9.468,27.936],[9.969,28.079],[10.471,28.221],[10.974,28.361],[11.479,28.499],[11.984,28.635],[12.491,28.77],[12.466,29.266],[12.441,29.762],[12.415,30.259],[12.389,30.755],[12.366,31.244],[12.342,31.734],[12.318,32.223],[12.293,32.712],[12.081,33.165],[11.866,33.618]]}},{"type":"Feature","properties":{"boundary_type":"subduction","feature_type":"gpml:SubductionZone","polarity":"Left","overriding_plate_id":301,"subducting_plate_id":308,"plate_ids":[301,308],"name":"Vardar Sea Subduction"},"geometry":{"type":"LineString","coordinates":[[23.505,33.714],[23.571,33.558],[23.608,33.18],[23.644,32.802],[23.681,32.424],[24.058,32.049],[24.431,31.673],[24.802,31.295],[25.17,30.917],[25.515,30.592],[25.859,30.266],[26.2,29.939],[26.538,29.611],[26.951,29.489],[27.363,29.365],[27.773,29.24],[28.183,29.114],[28.613,29.111],[29.042,29.106],[29.571,29.113],[30.101,29.117],[30.63,29.119],[31.16,29.119],[31.16,29.119],[31.702,29.167],[32.245,29.212],[32.789,29.255],[33.333,29.297],[33.877,29.336],[34.422,29.372],[34.967,29.407],[35.512,29.439],[36.058,29.469],[36.604,29.497],[37.151,29.522],[37.697,29.546],[38.244,29.567],[38.736,29.6],[39.227,29.631],[39.719,29.661],[40.211,29.689],[40.635,29.597]]}},{"type":"Feature","properties":{"boundary_type":"other","feature_type":"gpml:Fault","polarity":null,"overriding_plate_id":null,"subducting_plate_id":null,"plate_ids":[307,308],"name":"DFZ"},"geometry":{"type":"LineString","coordinates":[[17.378,33.297],[17.893,33.083],[18.405,32.867],[18.915,32.649],[19.423,32.43],[19.928,32.208],[20.293,31.974],[20.657,31.738],[21.02,31.502],[21.38,31.265],[21.675,30.841],[21.968,30.416],[22.258,29.99],[22.545,29.564],[22.87,29.203],[23.192,28.842],[23.512,28.48],[23.83,28.117],[24.193,27.735],[24.553,27.352],[24.911,26.969],[25.267,26.584],[25.62,26.199],[25.97,25.812],[26.319,25.425],[26.397,24.937],[26.475,24.449],[26.552,23.961],[26.628,23.473],[26.704,22.985],[26.779,22.496]]}},{"type":"Feature","properties":{"boundary_type":"transform","feature_type":"gpml:Transform","polarity":null,"overriding_plate_id":null,"subducting_plate_id":null,"plate_ids":[307,701],"name":"South DFZ"},"geometry":{"type":"LineString","coordinates":[[6.376,25.921],[6.874,26.004],[7.372,26.086],[7.871,26.166],[8.37,26.244],[8.871,26.32],[9.371,26.395],[9.873,26.468],[10.385,26.425],[10.897,26.379],[11.408,26.332],[11.919,26.282],[12.43,26.231],[12.94,26.179],[13.449,26.124],[13.958,26.068],[14.467,26.009],[14.975,25.95],[15.483,25.888],[15.99,25.824],[16.518,25.883],[17.048,25.939],[17.578,25.994],[18.108,26.046],[18.638,26.097],[19.17,26.145],[19.701,26.192],[20.233,26.237],[20.784,26.217],[21.334,26.196],[21.885,26.172],[22.435,26.147],[22.985,26.119],[23.534,26.089],[23.932,25.773],[24.328,25.455],[24.722,25.137],[25.114,24.817],[25.503,24.497],[25.762,24.098],[26.018,23.698],[26.274,23.298],[26.527,22.897],[26.779,22.496]]}},{"type":"Feature","properties":{"boundary_type":"transform","feature_type":"gpml:Transform","polarity":null,"overriding_plate_id":null,"subducting_plate_id":null,"plate_ids":[304,701],"name":"South Iberia"},"geometry":{"type":"LineString","coordinates":[[-4.081,24.942],[-3.894,24.872],[-3.366,24.915],[-2.838,24.955],[-2.309,24.994],[-1.781,25.031],[-1.252,25.066],[-0.722,25.1],[-0.193,25.131],[0.337,25.16],[0.867,25.188],[1.397,25.214],[1.928,25.237],[2.459,25.259],[2.987,25.346],[3.517,25.43],[4.047,25.513],[4.578,25.593],[5.109,25.672],[5.531,25.756],[5.953,25.839],[6.376,25.921]]}},{"type":"Feature","properties":{"boundary_type":"subduction","feature_type":"gpml:SubductionZone","polarity":"Left","overriding_plate_id":307,"subducting_plate_id":308,"plate_ids":[307,308],"name":"East Alpine subduction"},"geometry":{"type":"LineString","coordinates":[[17.378,33.297],[16.824,33.318],[16.271,33.337],[15.717,33.354],[15.163,33.368],[14.609,33.38],[14.108,33.498],[13.605,33.614],[13.102,33.728]]}},{"type":"Feature","properties":{"boundary_type":"transform","feature_type":"gpml:Transform","polarity":null,"overriding_plate_id":null,"subducting_plate_id":null,"plate_ids":[308,701],"name":"Neotethys transform 100Ma"},"geometry":{"type":"LineString","coordinates":[[39.456,26.391],[39.536,26.8],[39.617,27.21],[39.699,27.619],[39.781,28.028],[39.863,28.437],[40.094,28.787]]}},{"type":"Feature","properties":{"boundary_type":"transform","feature_type":"gpml:Transform","polarity":null,"overriding_plate_id":null,"subducting_plate_id":null,"plate_ids":[301,308],"name":"Neotethys transform 100Ma"},"geometry":{"type":"LineString","coordinates":[[40.094,28.787],[40.364,29.192],[40.635,29.597]]}},{"type":"Feature","properties":{"boundary_type":"subduction","feature_type":"gpml:SubductionZone","polarity":"Left","overriding_plate_id":317,"subducting_plate_id":304,"plate_ids":[304,317],"name":"Pyrenean subduction"},"geometry":{"type":"LineString","coordinates":[[-3.504,34.764],[-3.003,34.658],[-2.503,34.549],[-2.004,34.439],[-1.507,34.326],[-0.93,34.196],[-0.355,34.062],[0.217,33.926],[0.788,33.788],[1.208,33.612],[1.627,33.434],[2.043,33.255]]}},{"type":"Feature","properties":{"boundary_type":"subduction","feature_type":"gpml:SubductionZone","polarity":"Left","overriding_plate_id":301,"subducting_plate_id":304,"plate_ids":[301,304],"name":"Pyrenean subduction"},"geometry":{"type":"LineString","coordinates":[[2.043,33.255],[2.15,33.208],[2.618,33.089],[3.085,32.967],[3.55,32.844],[4.014,32.72],[4.546,32.671],[5.077,32.621],[5.607,32.568],[6.014,32.534],[6.419,32.498],[6.825,32.461],[7.343,32.483],[7.862,32.503],[8.296,32.572],[8.731,32.639],[9.079,32.678],[9.428,32.716],[9.727,32.819],[10.027,32.922],[10.484,33.098],[10.943,33.273],[11.403,33.446],[11.866,33.618]]}}]}