{"type":"FeatureCollection","meta":{"model":"Cao2024","reconstruction_time_ma":140.0,"anchor_plate_id":0,"pygplates_version":"1.0.0","tessellate_degrees":0.5,"polarity_convention":"gpml:subductionPolarity. 'Left'/'Right' names the side of the line, in vertex order, on which the OVERRIDING plate lies. Triangles are drawn on that side.","antimeridian":"Lines are NOT split at +/-180 deg. The renderer works in 3D unit vectors where the dateline is not special; splitting would only add spurious breaks. Do not treat this as RFC 7946 GIS-ready 2D data."},"features":[{"type":"Feature","properties":{"boundary_type":"other","feature_type":"gpml:ContinentalRift","polarity":null,"overriding_plate_id":null,"subducting_plate_id":null,"plate_ids":[801,802],"name":"Australia - Antarctica rift"},"geometry":{"type":"LineString","coordinates":[[-72.55,-73.835],[-73.035,-74.252],[-73.547,-74.668],[-74.086,-75.084],[-74.655,-75.497],[-75.257,-75.91],[-75.894,-76.321],[-76.57,-76.73],[-76.911,-77.178],[-77.277,-77.626],[-77.669,-78.074],[-78.092,-78.52],[-78.548,-78.967],[-79.042,-79.412],[-79.137,-79.857],[-79.24,-80.302],[-79.353,-80.746],[-79.477,-81.191],[-78.246,-81.638],[-76.877,-82.081],[-75.348,-82.52],[-73.631,-82.952],[-72.025,-83.358],[-70.212,-83.758],[-68.155,-84.152],[-65.805,-84.536],[-63.105,-84.91],[-59.438,-85.256],[-55.217,-85.579],[-50.362,-85.874],[-44.808,-86.136],[-40.607,-86.389],[-35.803,-86.62],[-30.458,-86.887],[-24.18,-87.122],[-17.863,-87.348],[-10.476,-87.537],[-2.032,-87.679],[5.904,-88.085],[17.721,-88.435],[35.075,-88.685],[55.125,-88.594],[71.074,-88.359],[82.403,-88.033],[90.293,-87.652],[95.907,-87.239],[100.034,-86.807],[103.166,-86.362],[105.611,-85.909],[107.566,-85.45],[109.161,-84.987],[109.506,-84.542],[109.798,-84.098],[110.05,-83.653],[110.269,-83.208],[110.461,-82.763],[110.631,-82.318],[110.782,-81.873],[110.11,-81.437],[109.502,-80.999],[108.951,-80.561],[108.448,-80.121],[107.987,-79.681],[107.564,-79.241],[107.174,-78.8],[106.813,-78.358],[106.144,-77.918],[105.522,-77.476],[104.941,-77.034],[104.398,-76.589],[103.89,-76.144],[103.342,-75.704],[102.827,-75.263],[102.341,-74.821],[101.882,-74.378],[101.447,-73.935],[100.701,-73.591],[100.108,-73.256],[99.626,-73.012],[99.158,-72.767],[98.4,-72.435],[97.672,-72.122],[97.182,-71.939],[96.231,-71.603],[95.821,-71.396],[95.247,-71.219],[94.195,-70.89],[93.531,-70.685],[92.941,-70.468],[92.371,-70.213],[92.103,-69.999],[92.04,-69.85],[91.922,-69.592],[91.949,-69.31],[91.775,-68.962],[91.531,-68.731],[91.236,-68.532],[90.584,-68.279],[90.077,-68.113],[89.775,-67.996],[89.248,-67.808],[88.867,-67.649],[88.352,-67.459],[87.558,-67.127],[86.967,-66.93],[86.04,-66.657],[85.273,-66.419],[84.617,-66.263],[83.98,-66.132],[83.259,-65.992],[82.517,-65.871],[81.873,-65.745],[81.462,-65.611],[80.923,-65.349],[80.354,-65.18],[79.84,-64.932],[79.061,-64.571],[78.801,-64.406],[78.152,-64.167],[77.546,-63.978],[77.105,-63.826],[76.46,-63.665],[75.922,-63.523],[75.187,-63.302],[74.388,-63.061],[74.003,-62.922],[73.202,-62.583],[72.79,-62.337],[72.552,-62.074],[72.162,-61.813],[71.879,-61.651],[71.6,-61.406],[71.389,-61.154],[71.123,-60.878],[71.007,-60.72],[70.907,-60.62],[70.468,-60.285],[70.036,-59.99],[69.611,-59.694],[69.494,-59.402]]}},{"type":"Feature","properties":{"boundary_type":"other","feature_type":"gpml:ContinentalRift","polarity":null,"overriding_plate_id":null,"subducting_plate_id":null,"plate_ids":[701,802],"name":"India - Antarctica rift"},"geometry":{"type":"LineString","coordinates":[[19.483,-48.334],[19.699,-48.648],[20.076,-48.948],[20.458,-49.247]]}},{"type":"Feature","properties":{"boundary_type":"other","feature_type":"gpml:ContinentalRift","polarity":null,"overriding_plate_id":null,"subducting_plate_id":null,"plate_ids":[801,802],"name":"India - Antarctica rift"},"geometry":{"type":"LineString","coordinates":[[20.458,-49.247],[20.845,-49.545],[21.237,-49.841],[21.633,-50.136],[22.035,-50.43],[22.432,-50.722],[22.833,-51.013],[23.24,-51.302],[23.652,-51.591],[24.004,-51.738],[24.359,-51.884],[24.779,-51.977],[25.201,-52.07],[25.959,-51.916],[26.712,-51.758],[27.46,-51.595],[28.026,-51.378],[28.586,-51.159],[29.142,-50.937],[29.711,-50.812],[30.277,-50.684],[30.84,-50.554],[31.342,-50.486],[31.843,-50.417],[32.594,-50.339],[33.343,-50.256],[33.979,-50.317],[34.616,-50.375],[35.245,-50.5],[35.877,-50.623],[36.512,-50.742],[37.043,-50.872],[37.577,-51.001],[38.079,-51.143],[38.584,-51.282],[39.336,-51.306],[40.088,-51.324],[40.84,-51.338],[41.529,-51.59],[42.225,-51.838],[42.709,-52.067],[43.199,-52.294],[43.693,-52.519],[44.305,-52.701],[44.922,-52.879],[45.544,-53.055],[46.13,-53.172],[46.719,-53.286],[47.344,-53.375],[47.972,-53.46],[48.407,-53.588],[48.844,-53.714],[49.455,-53.891],[50.071,-54.064],[50.394,-54.382],[50.722,-54.7],[51.055,-55.017],[51.461,-55.214],[51.871,-55.41],[52.443,-55.626],[53.021,-55.839],[53.605,-56.049],[54.281,-56.203],[54.963,-56.353],[55.649,-56.5],[56.314,-56.712],[56.987,-56.92],[57.783,-57.11],[58.587,-57.296],[59.399,-57.476],[60.219,-57.652],[61.047,-57.821],[61.883,-57.986],[62.726,-58.144],[63.577,-58.298],[64.435,-58.445],[65.3,-58.587],[66.172,-58.723],[67.05,-58.853],[67.856,-59.041],[68.671,-59.224],[69.494,-59.402]]}},{"type":"Feature","properties":{"boundary_type":"other","feature_type":"gpml:ContinentalRift","polarity":null,"overriding_plate_id":null,"subducting_plate_id":null,"plate_ids":[101],"name":"North America - Greenland rift"},"geometry":{"type":"LineString","coordinates":[[23.343,65.14],[23.794,64.963],[24.239,64.784]]}},{"type":"Feature","properties":{"boundary_type":"other","feature_type":"gpml:ContinentalRift","polarity":null,"overriding_plate_id":null,"subducting_plate_id":null,"plate_ids":[301],"name":"North America - Greenland rift"},"geometry":{"type":"LineString","coordinates":[[24.239,64.784],[24.914,64.506],[25.575,64.225],[26.223,63.94],[26.858,63.653]]}},{"type":"Feature","properties":{"boundary_type":"other","feature_type":"gpml:Fault","polarity":null,"overriding_plate_id":null,"subducting_plate_id":null,"plate_ids":[101,902],"name":"TRANSFORM"},"geometry":{"type":"LineString","coordinates":[[-52.493,69.859],[-51.833,69.942],[-50.478,70.108],[-49.102,70.265],[-48.534,70.52],[-47.952,70.773],[-47.632,71.105],[-47.302,71.436],[-46.959,71.767],[-46.231,72.085],[-45.37,72.215],[-44.498,72.341],[-43.368,72.415],[-42.23,72.483],[-41.084,72.544],[-39.97,72.564],[-38.854,72.577],[-37.737,72.584],[-36.431,72.561],[-35.129,72.529],[-33.985,72.477],[-32.848,72.418]]}},{"type":"Feature","properties":{"boundary_type":"other","feature_type":"gpml:Fault","polarity":null,"overriding_plate_id":null,"subducting_plate_id":null,"plate_ids":[101,18150],"name":"TRANSFORM"},"geometry":{"type":"LineString","coordinates":[[-32.848,72.418],[-31.66,72.349],[-30.481,72.273],[-29.027,72.082],[-27.603,71.88],[-26.211,71.668],[-25.235,71.497],[-24.277,71.321]]}},{"type":"Feature","properties":{"boundary_type":"transform","feature_type":"gpml:Transform","polarity":null,"overriding_plate_id":null,"subducting_plate_id":null,"plate_ids":[534,715],"name":"Proto Owen Fracture Zone - transform boundary"},"geometry":{"type":"LineString","coordinates":[[69.68,-7.759],[69.998,-7.434],[70.315,-7.108],[70.632,-6.782],[70.949,-6.456],[71.265,-6.129],[71.581,-5.803],[71.896,-5.476],[72.211,-5.149],[72.526,-4.822],[72.84,-4.495],[73.142,-4.135],[73.443,-3.776],[73.744,-3.417],[74.045,-3.057],[74.345,-2.698],[74.646,-2.338],[74.946,-1.978],[75.246,-1.618],[75.546,-1.258],[75.846,-0.899],[76.164,-0.544],[76.483,-0.189],[76.802,0.166],[77.12,0.521],[77.439,0.876],[77.757,1.231],[78.076,1.586],[78.395,1.941],[78.714,2.296],[79.033,2.651],[79.353,3.005],[79.672,3.36],[79.992,3.714],[80.312,4.069],[80.633,4.423],[80.953,4.777],[81.274,5.131],[81.596,5.485],[81.917,5.838],[82.239,6.192],[82.562,6.545],[82.842,6.956],[83.123,7.366],[83.404,7.776],[83.686,8.186],[83.969,8.596],[84.252,9.006],[84.535,9.415],[84.82,9.824]]}},{"type":"Feature","properties":{"boundary_type":"transform","feature_type":"gpml:Transform","polarity":null,"overriding_plate_id":null,"subducting_plate_id":null,"plate_ids":[529,715],"name":"Proto Owen Fracture Zone - transform boundary"},"geometry":{"type":"LineString","coordinates":[[84.82,9.824],[84.972,10.043]]}},{"type":"Feature","properties":{"boundary_type":"transform","feature_type":"gpml:Transform","polarity":null,"overriding_plate_id":null,"subducting_plate_id":null,"plate_ids":[529,530],"name":"Proto Owen Fracture Zone - transform boundary"},"geometry":{"type":"LineString","coordinates":[[84.972,10.043],[85.252,10.443],[85.532,10.844],[85.813,11.244],[86.095,11.644],[86.378,12.043],[86.662,12.442],[86.946,12.841],[87.231,13.24],[87.518,13.638],[87.805,14.036],[88.093,14.434]]}},{"type":"Feature","properties":{"boundary_type":"transform","feature_type":"gpml:Transform","polarity":null,"overriding_plate_id":null,"subducting_plate_id":null,"plate_ids":[528,530],"name":"Proto Owen Fracture Zone - transform boundary"},"geometry":{"type":"LineString","coordinates":[[88.093,14.434],[88.356,14.795],[88.621,15.157]]}},{"type":"Feature","properties":{"boundary_type":"transform","feature_type":"gpml:Transform","polarity":null,"overriding_plate_id":null,"subducting_plate_id":null,"plate_ids":[301,528],"name":"Proto Owen Fracture Zone - transform boundary"},"geometry":{"type":"LineString","coordinates":[[88.621,15.157],[88.919,15.563],[89.219,15.969],[89.519,16.375],[89.821,16.78],[90.125,17.184],[90.43,17.589],[90.672,17.933],[90.915,18.277],[91.159,18.621],[91.405,18.965]]}},{"type":"Feature","properties":{"boundary_type":"transform","feature_type":"gpml:Transform","polarity":null,"overriding_plate_id":null,"subducting_plate_id":null,"plate_ids":[380,528],"name":"Proto Owen Fracture Zone - transform boundary"},"geometry":{"type":"LineString","coordinates":[[91.405,18.965],[91.634,19.285],[91.865,19.605],[92.096,19.925],[92.329,20.244]]}},{"type":"Feature","properties":{"boundary_type":"other","feature_type":"gpml:InferredPaleoBoundary","polarity":null,"overriding_plate_id":null,"subducting_plate_id":null,"plate_ids":[714,715],"name":"Morocco"},"geometry":{"type":"LineString","coordinates":[[31.874,8.34],[32.115,8.117],[32.355,7.895]]}},{"type":"Feature","properties":{"boundary_type":"other","feature_type":"gpml:InferredPaleoBoundary","polarity":null,"overriding_plate_id":null,"subducting_plate_id":null,"plate_ids":[101,301],"name":"NAM EUR 140 115 lom"},"geometry":{"type":"LineString","coordinates":[[24.239,64.784],[24.795,65.176],[25.368,65.567],[25.958,65.955],[26.566,66.34],[27.193,66.723],[27.84,67.104],[28.508,67.482],[29.197,67.857],[29.908,68.229],[30.628,68.619],[31.373,69.007],[32.145,69.391],[32.944,69.771],[33.773,70.148],[34.632,70.52],[34.923,70.649]]}},{"type":"Feature","properties":{"boundary_type":"other","feature_type":"gpml:InferredPaleoBoundary","polarity":null,"overriding_plate_id":null,"subducting_plate_id":null,"plate_ids":[301,42150],"name":"NAM EUR 140 115 lom"},"geometry":{"type":"LineString","coordinates":[[34.923,70.649],[35.747,71.003],[36.602,71.353],[37.487,71.699],[38.406,72.041],[39.358,72.379],[40.347,72.711],[41.372,73.039],[42.437,73.361],[43.542,73.678],[44.56,74.025],[45.622,74.367],[46.73,74.703],[47.886,75.034],[49.092,75.359],[50.352,75.677],[51.667,75.989],[53.04,76.293],[54.503,76.568],[56.024,76.834],[57.606,77.091],[59.25,77.338],[60.957,77.574],[62.728,77.799],[64.562,78.013],[66.46,78.214],[67.477,78.578],[68.559,78.938],[69.713,79.294],[70.944,79.645],[72.26,79.991],[72.139,80.309],[72.01,80.627]]}},{"type":"Feature","properties":{"boundary_type":"other","feature_type":"gpml:InferredPaleoBoundary","polarity":null,"overriding_plate_id":null,"subducting_plate_id":null,"plate_ids":[409,42150],"name":"NAM EUR 140 115 lom"},"geometry":{"type":"LineString","coordinates":[[72.01,80.627],[71.815,81.07],[71.601,81.512],[71.362,81.954],[71.096,82.396]]}},{"type":"Feature","properties":{"boundary_type":"other","feature_type":"gpml:InferredPaleoBoundary","polarity":null,"overriding_plate_id":null,"subducting_plate_id":null,"plate_ids":[926,42150],"name":"NAM EUR 140 115 lom"},"geometry":{"type":"LineString","coordinates":[[71.096,82.396],[70.757,82.894],[70.367,83.391],[69.914,83.889],[69.382,84.385],[68.746,84.882],[67.974,85.377],[65.956,85.794],[63.5,86.204],[60.456,86.606],[56.61,86.996],[51.65,87.368],[45.127,87.714],[39.456,87.969],[32.25,88.199]]}},{"type":"Feature","properties":{"boundary_type":"ridge","feature_type":"gpml:MidOceanRidge","polarity":null,"overriding_plate_id":null,"subducting_plate_id":null,"plate_ids":[534,715],"name":"Ridge from iso at 126.7Ma on Madagascar Plate"},"geometry":{"type":"LineString","coordinates":[[69.68,-7.759],[69.54,-8.157],[69.399,-8.555],[69.259,-8.953],[69.118,-9.351],[68.977,-9.748],[68.788,-10.199],[68.598,-10.649],[68.408,-11.099],[68.218,-11.549],[68.027,-11.999],[67.835,-12.448],[67.643,-12.898],[67.449,-13.347],[67.256,-13.797],[67.061,-14.246],[66.866,-14.695],[66.67,-15.143],[66.473,-15.592],[66.275,-16.04],[66.076,-16.489],[65.876,-16.937],[65.676,-17.385],[65.474,-17.832],[65.271,-18.28],[65.068,-18.727],[64.863,-19.174],[64.657,-19.621],[64.45,-20.068],[63.992,-19.925],[63.536,-19.781],[63.08,-19.636],[62.625,-19.49],[62.171,-19.342],[62.047,-19.768],[61.923,-20.192],[61.799,-20.617],[61.673,-21.042],[61.547,-21.467],[61.42,-21.891]]}},{"type":"Feature","properties":{"boundary_type":"ridge","feature_type":"gpml:MidOceanRidge","polarity":null,"overriding_plate_id":null,"subducting_plate_id":null,"plate_ids":[715,801],"name":"Ridge from iso at 126.7Ma on Madagascar Plate"},"geometry":{"type":"LineString","coordinates":[[61.42,-21.891],[61.294,-22.309],[61.168,-22.727],[61.041,-23.144],[60.913,-23.562]]}},{"type":"Feature","properties":{"boundary_type":"ridge","feature_type":"gpml:MidOceanRidge","polarity":null,"overriding_plate_id":null,"subducting_plate_id":null,"plate_ids":[701,801],"name":"Ridge from iso at 126.7Ma on Madagascar Plate"},"geometry":{"type":"LineString","coordinates":[[60.913,-23.562],[60.779,-23.996],[60.315,-23.92],[59.851,-23.843],[59.388,-23.764],[58.925,-23.684],[58.463,-23.603],[58.002,-23.52],[57.541,-23.437],[57.321,-23.854],[57.1,-24.272],[56.877,-24.689],[56.653,-25.106],[56.427,-25.523],[55.911,-25.668],[55.393,-25.811],[54.874,-25.952],[54.353,-26.091],[53.832,-26.228],[53.309,-26.364],[52.785,-26.497],[52.259,-26.629],[52.048,-27.064],[51.836,-27.499],[51.621,-27.933],[51.405,-28.367],[51.187,-28.801],[50.679,-28.662],[50.172,-28.522],[49.667,-28.379],[49.163,-28.235],[48.661,-28.089],[48.159,-27.941],[47.955,-28.393],[47.75,-28.845],[47.542,-29.297],[47.333,-29.748],[47.121,-30.199],[46.908,-30.649],[46.693,-31.099],[46.249,-30.967],[45.807,-30.832],[45.365,-30.697],[44.925,-30.559],[44.486,-30.421]]}},{"type":"Feature","properties":{"boundary_type":"ridge","feature_type":"gpml:MidOceanRidge","polarity":null,"overriding_plate_id":null,"subducting_plate_id":null,"plate_ids":[802,28900],"name":"Ridge from iso M4 from NAM at 126.7Ma"},"geometry":{"type":"LineString","coordinates":[[-27.094,-57.844],[-26.348,-57.724],[-25.606,-57.599],[-24.87,-57.47],[-24.066,-57.367],[-23.267,-57.26],[-22.473,-57.147],[-21.684,-57.03],[-20.945,-56.965],[-20.208,-56.896],[-19.474,-56.823],[-18.743,-56.745],[-18.032,-56.681],[-17.322,-56.614],[-17.229,-56.592]]}},{"type":"Feature","properties":{"boundary_type":"ridge","feature_type":"gpml:MidOceanRidge","polarity":null,"overriding_plate_id":null,"subducting_plate_id":null,"plate_ids":[701,801],"name":"Ridge"},"geometry":{"type":"LineString","coordinates":[[20.458,-49.247],[20.531,-49.181],[20.907,-48.841],[21.278,-48.5],[21.707,-48.097],[22.128,-47.692],[22.544,-47.285],[22.936,-46.896],[23.322,-46.505],[23.703,-46.113],[24.078,-45.72],[24.42,-45.354],[24.758,-44.986],[25.091,-44.618],[25.421,-44.249],[25.694,-43.943],[25.965,-43.636],[26.233,-43.329],[26.567,-42.946],[26.898,-42.562],[27.224,-42.178],[27.574,-41.76],[27.919,-41.34],[28.26,-40.92],[28.597,-40.499],[28.909,-40.102],[29.217,-39.703],[29.522,-39.304],[29.823,-38.905],[30.124,-38.503],[30.421,-38.101],[30.715,-37.698],[31.005,-37.294],[31.293,-36.889],[31.577,-36.484],[31.847,-36.094],[32.114,-35.703],[32.378,-35.312],[32.889,-35.558],[33.403,-35.801],[33.919,-36.042],[34.439,-36.281],[34.963,-36.517],[35.168,-36.12],[35.371,-35.723],[35.573,-35.325],[35.772,-34.927],[35.97,-34.528],[36.314,-34.664],[36.66,-34.8],[36.801,-34.557],[36.941,-34.314],[37.473,-34.476],[38.007,-34.637],[38.544,-34.795],[39.082,-34.951],[39.623,-35.104],[40.165,-35.255],[40.709,-35.403],[41.256,-35.549],[41.804,-35.693],[42.02,-35.291],[42.234,-34.889],[42.446,-34.487],[42.656,-34.084],[42.864,-33.681],[43.07,-33.278],[43.274,-32.874],[43.48,-32.466],[43.685,-32.058],[43.888,-31.649],[44.089,-31.24],[44.289,-30.83],[44.486,-30.421]]}},{"type":"Feature","properties":{"boundary_type":"ridge","feature_type":"gpml:MidOceanRidge","polarity":null,"overriding_plate_id":null,"subducting_plate_id":null,"plate_ids":[101,18150],"name":"Arctic Amerasia Ridge"},"geometry":{"type":"LineString","coordinates":[[-0.491,75.308],[1.206,75.091],[2.854,74.861]]}},{"type":"Feature","properties":{"boundary_type":"ridge","feature_type":"gpml:MidOceanRidge","polarity":null,"overriding_plate_id":null,"subducting_plate_id":null,"plate_ids":[101,42150],"name":"Arctic Amerasia Ridge"},"geometry":{"type":"LineString","coordinates":[[2.854,74.861],[4.248,74.652],[5.604,74.434],[6.923,74.208],[8.206,73.975],[9.54,73.781],[10.844,73.579],[12.116,73.37]]}},{"type":"Feature","properties":{"boundary_type":"ridge","feature_type":"gpml:MidOceanRidge","polarity":null,"overriding_plate_id":null,"subducting_plate_id":null,"plate_ids":[101,18150],"name":"Arctic Canada Basin Ridge"},"geometry":{"type":"LineString","coordinates":[[-24.277,71.321],[-23.364,71.649],[-22.42,71.972],[-21.443,72.29],[-20.61,72.579],[-19.75,72.865],[-18.862,73.147],[-18.852,73.479],[-18.842,73.811],[-17.635,74.072],[-16.39,74.326],[-15.857,74.392],[-14.365,74.581],[-14.423,74.915],[-14.483,75.25],[-14.545,75.584],[-12.924,75.798],[-11.256,76.001],[-9.541,76.192],[-7.78,76.371],[-5.975,76.538],[-4.534,76.643],[-3.071,76.741],[-2.054,76.79]]}},{"type":"Feature","properties":{"boundary_type":"subduction","feature_type":"gpml:SubductionZone","polarity":"Right","overriding_plate_id":802,"subducting_plate_id":919,"plate_ids":[802,919],"name":"ANT tr f Antarcticar COB MG-4-22-07"},"geometry":{"type":"LineString","coordinates":[[-46.572,-67.665],[-45.957,-67.365],[-45.387,-66.977],[-44.835,-66.587],[-44.3,-66.195],[-43.869,-65.771],[-43.453,-65.347],[-43.136,-64.893],[-42.829,-64.439],[-42.416,-64.135],[-42.012,-63.83],[-41.444,-63.418],[-40.893,-63.004],[-40.871,-62.685],[-40.85,-62.367],[-40.821,-61.89],[-40.793,-61.413],[-40.842,-61.036],[-40.889,-60.658],[-40.936,-60.281],[-40.725,-59.927],[-40.519,-59.572],[-40.317,-59.217],[-40.168,-58.791],[-40.022,-58.365],[-39.99,-58.022],[-39.958,-57.679],[-39.927,-57.337],[-39.899,-56.888],[-39.872,-56.439],[-39.845,-55.989],[-39.529,-55.638],[-39.218,-55.286],[-38.746,-54.946],[-38.283,-54.603],[-38.02,-54.185],[-37.762,-53.767],[-37.297,-53.361],[-36.842,-52.953],[-36.394,-52.543],[-36.174,-52.205],[-35.957,-51.867],[-35.744,-51.528]]}},{"type":"Feature","properties":{"boundary_type":"subduction","feature_type":"gpml:SubductionZone","polarity":"Right","overriding_plate_id":380,"subducting_plate_id":926,"plate_ids":[380,926],"name":"Japan sub zone fromEarthByte cob MG 4-20-07"},"geometry":{"type":"LineString","coordinates":[[156.009,72.21],[156.552,71.795],[157.071,71.378],[157.568,70.959],[158.045,70.54],[158.502,70.119],[158.941,69.697],[158.471,69.267],[158.019,68.837],[158.558,68.387],[159.077,67.936],[159.576,67.483],[160.056,67.029],[160.518,66.573],[160.964,66.116],[161.394,65.658],[161.809,65.199],[162.21,64.738],[162.597,64.277],[162.972,63.814],[163.334,63.351],[163.685,62.886],[164.025,62.421],[164.236,61.973],[164.441,61.524],[164.639,61.074],[164.833,60.625],[165.02,60.175],[165.11,59.737],[165.198,59.298],[165.283,58.859],[165.366,58.421],[165.447,57.982],[165.438,57.519],[165.429,57.056],[165.42,56.593],[165.529,56.16],[165.636,55.727],[165.741,55.294],[165.843,54.86],[165.944,54.427],[165.899,54.012],[165.855,53.596],[165.812,53.181],[165.769,52.765],[165.7,52.431],[165.631,52.096],[165.564,51.762],[165.362,51.358],[165.164,50.953],[164.969,50.549],[164.624,50.128],[164.286,49.707],[164.103,49.291],[163.924,48.874],[163.29,48.693],[162.66,48.508],[162.036,48.319],[161.415,48.128],[160.98,47.839],[160.55,47.548],[160.125,47.256],[159.704,46.962],[159.288,46.667],[158.8,46.344],[158.318,46.019],[157.841,45.692],[157.516,45.525],[157.192,45.357],[156.77,45.142],[156.353,44.925],[155.938,44.707],[155.525,44.405],[155.117,44.101],[154.761,43.78],[154.409,43.458],[154.06,43.135],[153.769,42.997],[153.48,42.858]]}},{"type":"Feature","properties":{"boundary_type":"subduction","feature_type":"gpml:SubductionZone","polarity":"Left","overriding_plate_id":380,"subducting_plate_id":926,"plate_ids":[380,926],"name":"Junction Subduction Zone"},"geometry":{"type":"LineString","coordinates":[[145.671,20.832],[145.623,21.227],[145.576,21.623],[145.591,22.097],[145.606,22.571],[145.622,23.045],[145.638,23.519],[145.653,23.993],[145.669,24.467],[145.685,24.941],[145.702,25.415],[145.718,25.889],[145.973,26.293],[146.231,26.696],[146.49,27.098],[146.751,27.5],[147.014,27.902],[147.279,28.303],[147.546,28.703],[147.756,29.13],[147.969,29.556],[148.183,29.982],[148.399,30.408],[148.617,30.833],[148.837,31.258],[149.058,31.682],[149.282,32.106],[149.46,32.494],[149.64,32.882],[149.821,33.269],[150.004,33.656]]}},{"type":"Feature","properties":{"boundary_type":"transform","feature_type":"gpml:Transform","polarity":null,"overriding_plate_id":null,"subducting_plate_id":null,"plate_ids":[301,380],"name":"Monghol-Okosk Subduction transform"},"geometry":{"type":"LineString","coordinates":[[88.476,28.165],[88.927,28.377],[89.38,28.587],[89.835,28.797],[90.292,29.004],[90.75,29.21],[91.211,29.415],[91.483,29.804],[91.757,30.192],[92.033,30.58],[92.312,30.967],[92.592,31.354],[92.875,31.74],[93.161,32.125],[93.449,32.51],[93.739,32.894],[93.862,33.322],[93.986,33.749],[94.111,34.176],[94.238,34.603],[94.366,35.03],[94.322,35.415],[94.277,35.801],[94.231,36.186],[94.186,36.571],[94.22,37.008],[94.255,37.445],[94.291,37.882],[94.326,38.319],[94.764,38.646],[95.206,38.972],[95.652,39.296],[96.102,39.619],[96.556,39.939],[97.015,40.258],[97.478,40.575],[97.945,40.89],[98.417,41.203],[98.893,41.515],[99.355,41.739],[99.821,41.962],[100.29,42.183],[100.762,42.402],[101.238,42.619],[101.844,42.806],[102.453,42.989],[103.066,43.169],[103.683,43.346],[104.304,43.519],[104.927,43.689],[105.522,43.853],[106.119,44.014],[106.719,44.172],[107.323,44.327],[107.93,44.479],[108.54,44.627],[109.153,44.772],[109.641,44.972],[110.132,45.17],[110.626,45.365],[111.124,45.559],[111.326,45.923],[111.53,46.286],[111.737,46.649],[111.445,47.044],[111.148,47.437],[110.846,47.83],[110.54,48.222],[110.229,48.614],[109.914,49.004],[109.593,49.394],[109.43,49.82],[109.263,50.245],[109.094,50.671],[108.921,51.096],[108.745,51.521],[108.566,51.946],[108.383,52.37],[108.991,52.642],[109.605,52.911],[110.228,53.177],[110.858,53.439],[111.496,53.699],[112.141,53.954],[112.795,54.207]]}},{"type":"Feature","properties":{"boundary_type":"subduction","feature_type":"gpml:SubductionZone","polarity":"Left","overriding_plate_id":926,"subducting_plate_id":780,"plate_ids":[780,926],"name":"North Junction Subduction"},"geometry":{"type":"LineString","coordinates":[[139.57,-0.094],[139.66,-0.483],[139.749,-0.872],[139.839,-1.261],[140.121,-1.609],[140.404,-1.958],[140.686,-2.306],[140.969,-2.654],[141.252,-3.002],[141.535,-3.35],[141.818,-3.698],[142.102,-4.046],[142.386,-4.394],[142.611,-4.799],[142.836,-5.204],[143.062,-5.609],[143.288,-6.014],[143.514,-6.419],[143.741,-6.824],[143.968,-7.228],[144.196,-7.633],[144.424,-8.037],[144.652,-8.441],[144.881,-8.846],[145.111,-9.249],[145.463,-9.58],[145.816,-9.911],[146.169,-10.241],[146.524,-10.571],[146.879,-10.901],[147.234,-11.23],[147.591,-11.558],[147.949,-11.887],[148.307,-12.214],[148.666,-12.542],[149.026,-12.868],[149.388,-13.195],[149.72,-13.553],[150.053,-13.911],[150.388,-14.269],[150.723,-14.626],[151.06,-14.983],[151.398,-15.339],[151.736,-15.694],[152.076,-16.049],[152.418,-16.404],[152.76,-16.758],[153.104,-17.112],[153.449,-17.464]]}},{"type":"Feature","properties":{"boundary_type":"subduction","feature_type":"gpml:SubductionZone","polarity":"Left","overriding_plate_id":301,"subducting_plate_id":530,"plate_ids":[301,530],"name":"Tethyan subduction after Afgan block accretion"},"geometry":{"type":"LineString","coordinates":[[65.299,28.505],[65.703,28.339],[66.105,28.172],[66.589,27.918],[67.07,27.663],[67.338,27.4],[67.605,27.137],[67.871,26.872],[68.253,26.66],[68.634,26.446],[69.013,26.231],[69.397,26.007],[69.779,25.782],[70.16,25.556],[70.54,25.329],[70.954,25.171],[71.368,25.012],[71.78,24.852],[72.191,24.69],[72.649,24.561],[73.106,24.43],[73.562,24.298],[74.017,24.165],[74.471,24.03],[74.954,23.818],[75.435,23.604],[75.915,23.389],[76.394,23.172],[76.87,22.954],[77.346,22.734],[77.785,22.494],[78.223,22.254],[78.66,22.012],[79.094,21.769],[79.326,21.458],[79.556,21.147],[79.786,20.835],[80.014,20.523],[80.283,20.185],[80.552,19.846],[80.819,19.506],[81.084,19.166],[81.349,18.826],[81.763,18.537],[82.175,18.247],[82.586,17.957],[82.996,17.665],[83.404,17.373],[83.811,17.08],[84.253,16.835],[84.695,16.589],[85.135,16.342],[85.575,16.094],[86.013,15.845],[86.45,15.596],[86.886,15.345],[87.32,15.299],[87.754,15.253],[88.187,15.205],[88.621,15.157]]}},{"type":"Feature","properties":{"boundary_type":"subduction","feature_type":"gpml:SubductionZone","polarity":"Right","overriding_plate_id":101,"subducting_plate_id":902,"plate_ids":[101,902],"name":"Western NAM subduction"},"geometry":{"type":"LineString","coordinates":[[-46.242,19.456],[-46.332,19.933],[-46.422,20.41],[-46.512,20.887],[-46.604,21.363],[-46.696,21.84],[-46.905,22.25],[-47.115,22.658],[-47.326,23.067],[-47.539,23.476],[-47.753,23.884],[-47.969,24.292],[-48.133,24.611],[-48.297,24.931],[-48.463,25.251],[-48.591,25.637],[-48.72,26.024],[-48.85,26.41],[-48.981,26.796],[-49.064,27.134],[-49.147,27.471],[-49.231,27.808],[-49.365,28.19],[-49.5,28.572],[-49.636,28.954],[-49.68,29.308],[-49.723,29.662],[-49.767,30.016],[-49.831,30.41],[-49.895,30.803],[-49.96,31.197],[-50.025,31.59],[-50.046,32.062],[-50.066,32.535],[-50.313,32.958],[-50.563,33.38],[-50.815,33.803],[-51.069,34.224],[-51.328,34.489],[-51.589,34.754],[-51.851,35.019],[-52.185,35.323],[-52.522,35.626],[-52.862,35.929],[-53.043,36.242],[-53.225,36.555],[-53.518,36.928],[-53.814,37.3],[-54.137,37.529],[-54.462,37.756],[-54.789,37.983],[-54.856,38.358],[-54.924,38.733],[-54.992,39.108],[-55.215,39.574],[-55.441,40.04],[-55.67,40.505],[-55.844,40.901],[-56.02,41.296],[-56.198,41.691],[-56.378,42.086],[-56.561,42.48],[-56.605,42.912],[-56.65,43.344],[-56.695,43.776],[-56.741,44.208],[-56.793,44.593],[-56.847,44.977],[-56.901,45.361],[-56.956,45.746],[-56.73,46.185],[-56.501,46.623],[-56.268,47.062],[-56.031,47.499],[-55.649,47.927],[-55.261,48.354],[-54.867,48.78],[-54.465,49.204],[-54.025,49.602],[-53.577,49.998],[-53.122,50.392],[-52.66,50.784],[-52.378,51.19],[-52.092,51.594],[-51.8,51.998],[-51.503,52.401],[-51.201,52.803],[-50.893,53.205],[-51.139,53.612],[-51.389,54.019],[-51.645,54.425],[-51.905,54.83],[-52.252,55.164],[-52.604,55.497],[-52.963,55.829],[-53.328,56.16],[-53.408,56.564],[-53.489,56.968],[-53.698,57.422],[-53.913,57.875],[-54.078,58.202],[-54.246,58.529],[-54.417,58.856],[-54.534,59.277],[-54.681,59.762],[-54.832,60.246],[-54.811,60.608],[-54.791,60.971],[-54.77,61.333],[-54.594,61.756],[-54.413,62.179],[-54.321,62.512],[-54.226,62.844],[-54.13,63.176],[-54.149,63.566],[-53.691,63.996],[-53.709,64.383],[-53.543,64.731],[-53.562,65.214],[-53.816,65.696],[-53.922,65.907],[-53.943,66.293],[-54.109,66.659],[-54.132,67.045],[-54.061,67.509],[-54.0,67.761],[-53.937,68.013],[-53.742,68.265],[-53.542,68.518],[-53.309,68.88],[-53.069,69.242],[-52.82,69.603],[-52.493,69.859]]}},{"type":"Feature","properties":{"boundary_type":"other","feature_type":"gpml:TerraneBoundary","polarity":null,"overriding_plate_id":null,"subducting_plate_id":null,"plate_ids":[701,715],"name":"Benue Trough-Northeast Africa"},"geometry":{"type":"LineString","coordinates":[[15.347,-10.278],[14.966,-9.968],[14.681,-9.674],[14.396,-9.379],[14.075,-9.09],[13.754,-8.8],[13.554,-8.528],[13.354,-8.256],[13.154,-7.984],[12.955,-7.711],[12.842,-7.367],[12.728,-7.023]]}},{"type":"Feature","properties":{"boundary_type":"other","feature_type":"gpml:TerraneBoundary","polarity":null,"overriding_plate_id":null,"subducting_plate_id":null,"plate_ids":[201,714],"name":"Northwest Africa-Benue Trough"},"geometry":{"type":"LineString","coordinates":[[5.608,-6.221],[6.057,-6.222],[6.505,-6.223],[6.859,-6.224],[7.212,-6.225],[7.664,-6.25]]}},{"type":"Feature","properties":{"boundary_type":"other","feature_type":"gpml:TerraneBoundary","polarity":null,"overriding_plate_id":null,"subducting_plate_id":null,"plate_ids":[701,714],"name":"Northwest Africa-Benue Trough"},"geometry":{"type":"LineString","coordinates":[[7.664,-6.25],[8.166,-6.276],[8.511,-6.314],[8.857,-6.35],[9.291,-6.386],[9.602,-6.351],[9.929,-6.388],[10.256,-6.424],[10.648,-6.478],[11.04,-6.531],[11.373,-6.619],[11.706,-6.706],[12.039,-6.792],[12.384,-6.908],[12.728,-7.023]]}},{"type":"Feature","properties":{"boundary_type":"other","feature_type":"gpml:TerraneBoundary","polarity":null,"overriding_plate_id":null,"subducting_plate_id":null,"plate_ids":[714,715],"name":"Northwest Africa-Benue Trough"},"geometry":{"type":"LineString","coordinates":[[12.728,-7.023],[13.022,-7.14],[13.315,-7.257],[13.737,-7.373],[14.159,-7.489]]}},{"type":"Feature","properties":{"boundary_type":"other","feature_type":"gpml:TerraneBoundary","polarity":null,"overriding_plate_id":null,"subducting_plate_id":null,"plate_ids":[201,701],"name":"Parana Basin-Patagonia"},"geometry":{"type":"LineString","coordinates":[[-15.127,-47.794],[-14.643,-47.865],[-14.159,-47.933],[-13.53,-48.052],[-12.899,-48.167],[-12.265,-48.279],[-11.628,-48.387],[-10.962,-48.538],[-10.293,-48.686],[-9.62,-48.829],[-8.943,-48.969],[-8.263,-49.104],[-7.626,-49.206],[-6.986,-49.305],[-6.344,-49.4],[-5.7,-49.491],[-5.053,-49.579],[-4.403,-49.663],[-3.647,-49.653],[-2.891,-49.638],[-2.136,-49.618],[-1.381,-49.593],[-0.627,-49.563],[0.126,-49.529],[0.588,-49.507],[1.05,-49.483]]}},{"type":"Feature","properties":{"boundary_type":"other","feature_type":"gpml:TerraneBoundary","polarity":null,"overriding_plate_id":null,"subducting_plate_id":null,"plate_ids":[701,28900],"name":"Parana Basin-Patagonia"},"geometry":{"type":"LineString","coordinates":[[1.05,-49.483],[1.788,-49.441],[2.524,-49.394],[3.259,-49.342],[3.993,-49.286],[4.725,-49.226],[5.455,-49.16],[6.182,-49.09]]}},{"type":"Feature","properties":{"boundary_type":"other","feature_type":"gpml:TerraneBoundary","polarity":null,"overriding_plate_id":null,"subducting_plate_id":null,"plate_ids":[701,802],"name":"Parana Basin-Patagonia"},"geometry":{"type":"LineString","coordinates":[[6.182,-49.09],[6.801,-49.027],[7.418,-48.961],[8.034,-48.891],[8.751,-48.922],[9.468,-48.949],[10.187,-48.971],[10.906,-48.988],[11.625,-49.001],[12.345,-49.01],[13.065,-49.014],[13.793,-49.007],[14.521,-48.995],[15.248,-48.978],[15.975,-48.957],[16.7,-48.932],[17.426,-48.901]]}},{"type":"Feature","properties":{"boundary_type":"transform","feature_type":"gpml:Transform","polarity":null,"overriding_plate_id":null,"subducting_plate_id":null,"plate_ids":[101,42150],"name":"TRANSFORM"},"geometry":{"type":"LineString","coordinates":[[12.116,73.37],[12.337,73.719]]}},{"type":"Feature","properties":{"boundary_type":"transform","feature_type":"gpml:Transform","polarity":null,"overriding_plate_id":null,"subducting_plate_id":null,"plate_ids":[101,18150],"name":"TRANSFORM"},"geometry":{"type":"LineString","coordinates":[[-2.054,76.79],[-1.417,76.436],[-0.812,76.08],[-0.236,75.724],[-0.491,75.308]]}},{"type":"Feature","properties":{"boundary_type":"subduction","feature_type":"gpml:SubductionZone","polarity":"Right","overriding_plate_id":801,"subducting_plate_id":919,"plate_ids":[801,919],"name":"Jarrod"},"geometry":{"type":"LineString","coordinates":[[-77.296,-74.784],[-76.057,-74.557],[-74.853,-74.322],[-73.684,-74.081],[-72.55,-73.835]]}},{"type":"Feature","properties":{"boundary_type":"subduction","feature_type":"gpml:SubductionZone","polarity":"Right","overriding_plate_id":802,"subducting_plate_id":919,"plate_ids":[802,919],"name":"Jarrod"},"geometry":{"type":"LineString","coordinates":[[-72.55,-73.835],[-71.25,-73.535],[-69.996,-73.227],[-68.653,-73.021],[-67.342,-72.806],[-66.063,-72.583],[-64.816,-72.352],[-63.601,-72.114],[-62.417,-71.868],[-61.264,-71.615],[-60.027,-71.366],[-58.822,-71.11],[-57.649,-70.846],[-56.506,-70.574],[-55.309,-70.281],[-54.146,-69.979],[-53.017,-69.671],[-51.92,-69.355],[-50.856,-69.032],[-49.822,-68.703],[-48.982,-68.45],[-48.16,-68.192],[-47.357,-67.93],[-46.572,-67.665]]}},{"type":"Feature","properties":{"boundary_type":"ridge","feature_type":"gpml:MidOceanRidge","polarity":null,"overriding_plate_id":null,"subducting_plate_id":null,"plate_ids":[534,801],"name":"MOR AG 2012"},"geometry":{"type":"LineString","coordinates":[[82.255,-44.275],[82.582,-43.879],[82.904,-43.481],[83.222,-43.083],[83.536,-42.684],[83.846,-42.284],[84.152,-41.883],[84.454,-41.481],[84.752,-41.079],[85.047,-40.676],[85.533,-40.855],[86.021,-41.032],[86.325,-40.617],[86.626,-40.201],[87.171,-40.362],[87.719,-40.52],[88.269,-40.676],[88.55,-40.287],[88.826,-39.897],[89.1,-39.507],[89.686,-39.672],[90.274,-39.834],[90.866,-39.994],[91.46,-40.15],[92.057,-40.303],[92.656,-40.454],[92.561,-40.791],[92.465,-41.129],[92.368,-41.467],[92.935,-41.603],[93.504,-41.736],[93.502,-41.985],[94.089,-42.081],[94.677,-42.173],[95.268,-42.262],[95.86,-42.348],[96.454,-42.432],[97.049,-42.512],[97.129,-42.105],[97.208,-41.698],[97.286,-41.291],[97.895,-41.333],[98.505,-41.372],[99.116,-41.408],[99.728,-41.441],[100.34,-41.47],[100.442,-41.068],[100.543,-40.665],[101.185,-40.686],[101.827,-40.704],[102.47,-40.718],[103.113,-40.728],[103.756,-40.735],[104.399,-40.738],[105.042,-40.737],[105.685,-40.733],[106.328,-40.726],[106.303,-40.373],[106.278,-40.021],[106.93,-40.022],[107.581,-40.019],[108.233,-40.013],[108.884,-40.003],[109.536,-39.989],[110.186,-39.971],[110.837,-39.95],[111.487,-39.926],[112.137,-39.898],[112.786,-39.866],[113.434,-39.83],[114.082,-39.791],[114.728,-39.748],[115.375,-39.702],[116.02,-39.652],[116.664,-39.599]]}},{"type":"Feature","properties":{"boundary_type":"subduction","feature_type":"gpml:SubductionZone","polarity":"Left","overriding_plate_id":380,"subducting_plate_id":301,"plate_ids":[301,380],"name":"Subduction Eurasian Margin Gibbons 2012"},"geometry":{"type":"LineString","coordinates":[[87.526,20.714],[87.997,20.491],[88.466,20.266],[88.933,20.04],[89.4,19.813],[89.865,19.585],[90.251,19.431],[90.636,19.277],[91.021,19.121],[91.405,18.965]]}},{"type":"Feature","properties":{"boundary_type":"subduction","feature_type":"gpml:SubductionZone","polarity":"Left","overriding_plate_id":529,"subducting_plate_id":534,"plate_ids":[529,534],"name":"Lhasa subduction zone 180-100Ma according to Ana's model MS12"},"geometry":{"type":"LineString","coordinates":[[84.82,9.824],[85.166,9.54],[85.512,9.256],[85.858,8.971],[86.203,8.685],[86.547,8.4],[86.891,8.114],[87.234,7.828],[87.577,7.541],[88.009,7.286],[88.44,7.03],[88.87,6.773],[89.3,6.516],[89.73,6.259],[90.159,6.002],[90.588,5.744],[91.017,5.573],[91.446,5.402],[91.874,5.231],[92.302,5.059],[92.73,4.887],[93.158,4.715],[93.585,4.542],[94.013,4.369],[94.422,4.218],[94.831,4.067],[95.24,3.915],[95.649,3.763],[96.058,3.611],[96.467,3.459],[96.876,3.307],[97.289,3.155],[97.701,3.003],[98.114,2.851],[98.527,2.699],[98.939,2.546],[99.352,2.394],[99.764,2.241],[100.176,2.088],[100.648,2.004],[101.12,1.92],[101.593,1.835],[102.065,1.75],[102.536,1.665],[103.008,1.58],[103.48,1.495],[103.952,1.41],[104.393,1.402],[104.835,1.394],[105.276,1.386],[105.717,1.378],[106.159,1.37],[106.6,1.361],[107.041,1.353],[107.482,1.344],[107.954,1.395],[108.426,1.446],[108.897,1.497],[109.369,1.548],[109.841,1.598],[110.312,1.649],[110.784,1.699],[111.259,1.725],[111.735,1.75],[112.21,1.775],[112.685,1.801],[113.16,1.826],[113.636,1.851]]}},{"type":"Feature","properties":{"boundary_type":"ridge","feature_type":"gpml:MidOceanRidge","polarity":null,"overriding_plate_id":null,"subducting_plate_id":null,"plate_ids":[534,801],"name":"Neotethys mid ocean ridge based on Ana's model MS12"},"geometry":{"type":"LineString","coordinates":[[61.42,-21.891],[61.662,-22.159],[61.906,-22.427],[62.15,-22.694],[62.533,-22.457],[62.916,-22.22],[63.297,-21.981],[63.641,-22.323],[63.987,-22.665],[64.335,-23.006],[64.684,-23.345],[65.035,-23.685],[65.388,-24.023],[65.742,-24.36],[66.138,-24.125],[66.533,-23.888],[66.86,-24.263],[67.189,-24.637],[67.52,-25.01],[67.853,-25.382],[68.188,-25.754],[68.525,-26.125],[68.864,-26.495],[69.205,-26.864],[69.549,-27.233],[69.895,-27.601],[70.243,-27.967],[70.594,-28.333],[70.947,-28.698],[71.303,-29.062],[71.661,-29.426],[72.021,-29.788],[71.824,-30.132],[71.626,-30.476],[71.426,-30.819],[71.783,-31.178],[72.143,-31.536],[72.505,-31.893],[72.871,-32.25],[73.239,-32.605],[73.023,-32.992],[72.806,-33.38],[72.587,-33.767],[72.366,-34.154],[72.738,-34.474],[73.114,-34.793],[73.492,-35.111],[73.874,-35.428],[74.258,-35.744],[74.049,-36.132],[73.838,-36.52],[73.625,-36.908],[74.046,-37.232],[74.471,-37.555],[74.9,-37.876],[75.332,-38.196],[75.768,-38.514],[76.208,-38.83],[75.976,-39.194],[75.741,-39.558],[75.503,-39.921],[76.036,-40.193],[76.572,-40.462],[77.113,-40.728],[77.659,-40.992],[77.535,-41.354],[77.409,-41.717],[77.928,-42.011],[78.452,-42.303],[78.98,-42.592],[79.513,-42.879],[80.052,-43.163],[80.595,-43.445],[81.143,-43.725],[81.697,-44.001],[82.255,-44.275]]}},{"type":"Feature","properties":{"boundary_type":"ridge","feature_type":"gpml:MidOceanRidge","polarity":null,"overriding_plate_id":null,"subducting_plate_id":null,"plate_ids":[380,528],"name":"Back-arc ridge between South Tibet and Eurasia based on Ana's model MS12"},"geometry":{"type":"LineString","coordinates":[[118.463,12.497],[117.991,12.656],[117.519,12.813],[117.045,12.97],[116.581,13.125],[116.116,13.278],[115.651,13.431],[115.184,13.582],[114.718,13.733],[114.25,13.883],[113.782,14.032],[113.314,14.181],[112.845,14.328],[112.375,14.474],[111.905,14.62],[111.434,14.764],[110.962,14.908],[110.691,14.686],[110.421,14.463],[110.151,14.241],[109.72,14.427],[109.288,14.613],[108.855,14.798],[108.421,14.982],[107.987,15.166],[107.551,15.349],[107.285,15.066],[107.019,14.783],[106.754,14.499],[106.49,14.215],[106.036,14.415],[105.581,14.614],[105.125,14.812],[104.668,15.01],[104.211,15.206],[103.753,15.401],[103.293,15.596],[102.833,15.789],[102.372,15.982],[101.91,16.173],[101.448,16.364],[100.984,16.554],[100.52,16.742],[100.042,16.944],[99.564,17.144],[99.085,17.343],[98.605,17.541],[98.124,17.738],[97.642,17.934],[97.158,18.129],[96.674,18.322],[96.26,18.475],[95.845,18.627],[95.43,18.779],[95.014,18.929],[94.597,19.078],[94.179,19.227],[93.811,19.432],[93.442,19.636],[93.072,19.839],[92.701,20.042],[92.329,20.244]]}},{"type":"Feature","properties":{"boundary_type":"subduction","feature_type":"gpml:SubductionZone","polarity":"Right","overriding_plate_id":18150,"subducting_plate_id":902,"plate_ids":[902,18150],"name":"Koyukuk and Nutesyn Subduction Zone GS"},"geometry":{"type":"LineString","coordinates":[[-32.848,72.418],[-33.012,72.524]]}},{"type":"Feature","properties":{"boundary_type":"subduction","feature_type":"gpml:SubductionZone","polarity":"Right","overriding_plate_id":18150,"subducting_plate_id":902,"plate_ids":[902,18150],"name":"Koyukuk and Nutesyn Subduction Zone GS"},"geometry":{"type":"LineString","coordinates":[[-33.012,72.524],[-33.641,72.917],[-34.298,73.309],[-34.985,73.698],[-35.706,74.084],[-36.461,74.469],[-37.253,74.85],[-38.085,75.229],[-39.007,75.553],[-39.971,75.873],[-40.978,76.189],[-42.031,76.501],[-43.782,76.719],[-45.588,76.925],[-47.449,77.117],[-49.363,77.296],[-50.56,77.685],[-51.833,78.068],[-53.189,78.445],[-54.634,78.816],[-56.176,79.178],[-56.982,79.584],[-57.853,79.988],[-58.795,80.39],[-59.819,80.788],[-60.934,81.184],[-62.153,81.576]]}},{"type":"Feature","properties":{"boundary_type":"subduction","feature_type":"gpml:SubductionZone","polarity":"Right","overriding_plate_id":18150,"subducting_plate_id":902,"plate_ids":[902,18150],"name":"Nutesyn Arc Subduction Zone Test GS"},"geometry":{"type":"LineString","coordinates":[[-62.153,81.576],[-61.665,81.921],[-61.134,82.265],[-60.555,82.608],[-59.763,83.081],[-58.856,83.553],[-57.807,84.022],[-55.88,84.371],[-53.702,84.713]]}},{"type":"Feature","properties":{"boundary_type":"subduction","feature_type":"gpml:SubductionZone","polarity":"Right","overriding_plate_id":18150,"subducting_plate_id":926,"plate_ids":[926,18150],"name":"Nutesyn Arc Subduction Zone Test GS"},"geometry":{"type":"LineString","coordinates":[[-53.702,84.713],[-51.04,85.069],[-47.972,85.413],[-44.42,85.742],[-40.293,86.052],[-36.364,86.452],[-31.469,86.832],[-25.305,87.182],[-20.56,87.431]]}},{"type":"Feature","properties":{"boundary_type":"subduction","feature_type":"gpml:SubductionZone","polarity":"Right","overriding_plate_id":42150,"subducting_plate_id":926,"plate_ids":[926,42150],"name":"Nutesyn Arc Subduction Zone Test GS"},"geometry":{"type":"LineString","coordinates":[[-20.56,87.431],[-13.37,87.709],[-4.387,87.941],[6.529,88.111],[19.045,88.201],[32.184,88.199],[32.25,88.199]]}},{"type":"Feature","properties":{"boundary_type":"other","feature_type":"gpml:UnclassifiedFeature","polarity":null,"overriding_plate_id":null,"subducting_plate_id":null,"plate_ids":[301,409],"name":"Boundary SIB-NAM test"},"geometry":{"type":"LineString","coordinates":[[72.01,80.627],[74.981,80.582],[77.916,80.512],[80.802,80.418],[83.625,80.301],[86.375,80.161],[89.043,80.0],[91.621,79.818],[93.956,79.619],[96.2,79.404],[98.353,79.174],[100.415,78.929],[102.386,78.671],[104.269,78.401],[106.065,78.119],[107.777,77.826],[109.854,77.646],[111.869,77.451],[113.821,77.241],[115.709,77.017],[117.533,76.781],[119.291,76.531],[121.125,76.419],[122.927,76.294],[124.695,76.157],[126.428,76.006],[128.124,75.844],[129.78,75.67],[131.397,75.485],[132.972,75.289],[134.858,75.395],[136.768,75.485],[138.7,75.56],[140.65,75.618],[142.43,75.651],[144.217,75.67],[146.006,75.675],[147.796,75.667],[149.581,75.646],[151.36,75.612],[153.129,75.564],[154.473,75.214],[155.756,74.856],[156.98,74.492],[158.149,74.121],[159.266,73.745],[160.333,73.362]]}},{"type":"Feature","properties":{"boundary_type":"subduction","feature_type":"gpml:SubductionZone","polarity":"Left","overriding_plate_id":301,"subducting_plate_id":380,"plate_ids":[301,380],"name":"Uda-Murgal Subduction Zone GS"},"geometry":{"type":"LineString","coordinates":[[147.865,65.907],[148.257,66.379],[148.663,66.849],[149.086,67.319],[149.526,67.788],[149.984,68.255],[150.46,68.721],[150.958,69.186],[151.476,69.649],[152.018,70.111],[152.75,70.537],[153.512,70.961],[154.309,71.381],[155.14,71.797],[156.009,72.21]]}},{"type":"Feature","properties":{"boundary_type":"subduction","feature_type":"gpml:SubductionZone","polarity":"Left","overriding_plate_id":301,"subducting_plate_id":926,"plate_ids":[301,926],"name":"Uda-Murgal Subduction Zone GS"},"geometry":{"type":"LineString","coordinates":[[156.009,72.21],[156.634,72.494],[157.279,72.775],[157.945,73.055],[159.128,73.212],[160.333,73.362]]}},{"type":"Feature","properties":{"boundary_type":"subduction","feature_type":"gpml:SubductionZone","polarity":"Left","overriding_plate_id":409,"subducting_plate_id":926,"plate_ids":[409,926],"name":"Uda-Murgal Subduction Zone GS"},"geometry":{"type":"LineString","coordinates":[[160.333,73.362],[161.649,73.515],[162.989,73.66],[164.351,73.797],[165.735,73.924],[167.14,74.043],[168.68,74.304],[170.269,74.553],[171.908,74.791],[173.597,75.017],[175.334,75.23],[177.12,75.43],[178.953,75.616],[-179.169,75.787],[-177.248,75.944],[-175.724,76.258],[-174.13,76.562],[-172.465,76.856],[-170.726,77.139],[-168.913,77.41],[-167.022,77.668],[-165.055,77.913],[-163.01,78.143],[-160.887,78.358],[-158.991,78.645],[-157.0,78.919],[-154.911,79.179],[-152.724,79.425],[-150.438,79.655],[-148.052,79.868],[-145.57,80.063],[-142.994,80.239],[-140.329,80.395],[-137.584,80.53],[-135.218,80.75],[-132.743,80.953],[-130.16,81.138],[-127.472,81.306]]}},{"type":"Feature","properties":{"boundary_type":"transform","feature_type":"gpml:Transform","polarity":null,"overriding_plate_id":null,"subducting_plate_id":null,"plate_ids":[18150,42150],"name":"AACM 2-plate transform GS12"},"geometry":{"type":"LineString","coordinates":[[2.854,74.861],[2.781,75.357],[2.702,75.852],[2.618,76.348],[2.528,76.843],[2.431,77.338],[2.326,77.834],[2.214,78.31],[2.091,78.787],[1.958,79.263],[1.813,79.74],[1.653,80.216],[1.478,80.692],[1.114,81.131],[0.713,81.569],[0.268,82.006],[-0.228,82.443],[-0.785,82.88],[-1.414,83.315],[-2.169,83.805],[-3.053,84.295],[-4.102,84.782],[-5.366,85.267],[-6.917,85.75],[-9.194,86.185],[-12.051,86.613],[-15.72,87.03],[-20.56,87.431]]}},{"type":"Feature","properties":{"boundary_type":"other","feature_type":"gpml:InferredPaleoBoundary","polarity":null,"overriding_plate_id":null,"subducting_plate_id":null,"plate_ids":[409,926],"name":"KOST NE Siberia boundary GS"},"geometry":{"type":"LineString","coordinates":[[114.707,83.032],[115.177,83.291],[115.685,83.55],[117.639,83.881],[119.813,84.204],[122.239,84.518],[124.953,84.821],[129.349,85.093],[134.227,85.334],[139.591,85.537],[145.408,85.697],[151.607,85.811],[157.419,85.845],[163.265,85.835],[169.026,85.783],[174.592,85.69],[-179.258,85.639],[-173.318,85.539],[-167.693,85.394],[-162.459,85.207],[-157.652,84.984],[-153.13,84.819],[-148.911,84.624],[-145.007,84.401],[-142.358,84.028],[-140.024,83.644],[-137.957,83.251],[-136.12,82.85],[-133.63,82.481],[-131.376,82.1],[-129.332,81.708],[-127.472,81.306]]}},{"type":"Feature","properties":{"boundary_type":"ridge","feature_type":"gpml:MidOceanRidge","polarity":null,"overriding_plate_id":null,"subducting_plate_id":null,"plate_ids":[101,42150],"name":"Arctic Mendeleev Ridge"},"geometry":{"type":"LineString","coordinates":[[12.337,73.719],[13.905,73.53],[15.437,73.33],[16.932,73.119],[18.391,72.897],[19.813,72.665],[21.198,72.423],[22.438,72.197],[23.647,71.963],[24.826,71.722],[26.23,71.602],[27.615,71.472],[28.981,71.332],[30.327,71.183],[31.499,71.06],[32.656,70.93],[33.797,70.793],[34.923,70.649]]}},{"type":"Feature","properties":{"boundary_type":"ridge","feature_type":"gpml:MidOceanRidge","polarity":null,"overriding_plate_id":null,"subducting_plate_id":null,"plate_ids":[926],"name":"IZA-PAC MOR"},"geometry":{"type":"LineString","coordinates":[[-153.672,-17.929],[-153.67,-17.928]]}},{"type":"Feature","properties":{"boundary_type":"ridge","feature_type":"gpml:MidOceanRidge","polarity":null,"overriding_plate_id":null,"subducting_plate_id":null,"plate_ids":[901],"name":"IZA-PAC MOR"},"geometry":{"type":"LineString","coordinates":[[-148.628,-13.75],[-149.008,-14.075],[-149.39,-14.4],[-149.773,-14.724],[-150.157,-15.048],[-150.543,-15.37],[-150.929,-15.693],[-151.317,-16.014],[-151.706,-16.335],[-152.096,-16.655],[-152.488,-16.974],[-152.881,-17.293],[-153.275,-17.611],[-153.67,-17.928]]}},{"type":"Feature","properties":{"boundary_type":"ridge","feature_type":"gpml:MidOceanRidge","polarity":null,"overriding_plate_id":null,"subducting_plate_id":null,"plate_ids":[901,926],"name":"IZA-PAC MOR"},"geometry":{"type":"LineString","coordinates":[[-153.67,-17.928],[-153.991,-17.539],[-154.311,-17.15],[-154.629,-16.761],[-154.946,-16.37],[-155.261,-15.98],[-155.576,-15.589],[-155.889,-15.197],[-156.201,-14.805],[-156.512,-14.413],[-156.821,-14.02],[-157.13,-13.627],[-157.532,-13.924],[-157.934,-14.221],[-158.338,-14.516],[-158.743,-14.811],[-159.149,-15.106],[-159.555,-15.399],[-159.964,-15.692],[-160.373,-15.984],[-160.783,-16.275],[-161.195,-16.566],[-161.608,-16.856],[-162.022,-17.145],[-162.438,-17.433],[-162.854,-17.72],[-163.272,-18.006],[-163.692,-18.291],[-164.113,-18.576],[-164.535,-18.859],[-164.959,-19.142],[-165.384,-19.424],[-165.811,-19.704],[-166.239,-19.984],[-166.668,-20.262],[-167.1,-20.54],[-167.532,-20.816],[-167.967,-21.092],[-168.403,-21.366],[-168.84,-21.639],[-169.279,-21.911],[-169.72,-22.182],[-170.163,-22.451],[-170.607,-22.72],[-171.053,-22.987],[-171.501,-23.253],[-171.925,-23.5],[-172.351,-23.747],[-172.778,-23.992],[-173.207,-24.236],[-173.637,-24.479],[-174.069,-24.72],[-174.503,-24.96],[-174.938,-25.199],[-175.375,-25.437],[-175.814,-25.674],[-176.187,-25.893],[-176.56,-26.111],[-176.935,-26.328],[-177.312,-26.545],[-177.69,-26.76],[-178.081,-26.965],[-178.474,-27.169],[-178.869,-27.372]]}},{"type":"Feature","properties":{"boundary_type":"ridge","feature_type":"gpml:MidOceanRidge","polarity":null,"overriding_plate_id":null,"subducting_plate_id":null,"plate_ids":[926],"name":"IZA-PAC MOR"},"geometry":{"type":"LineString","coordinates":[[-144.1,-9.778],[-144.436,-10.082],[-144.798,-10.406],[-145.16,-10.73],[-145.523,-11.053],[-145.888,-11.376],[-146.253,-11.699],[-146.618,-12.021],[-146.985,-12.342],[-147.353,-12.663],[-147.721,-12.984],[-148.085,-13.297],[-148.45,-13.61],[-148.816,-13.923],[-149.183,-14.235],[-149.551,-14.546],[-149.92,-14.857],[-150.29,-15.167],[-150.661,-15.477],[-151.034,-15.786],[-151.407,-16.094],[-151.782,-16.402],[-152.157,-16.709],[-152.534,-17.015],[-152.913,-17.321],[-153.292,-17.626],[-153.673,-17.93],[-153.672,-17.929]]}},{"type":"Feature","properties":{"boundary_type":"ridge","feature_type":"gpml:MidOceanRidge","polarity":null,"overriding_plate_id":null,"subducting_plate_id":null,"plate_ids":[701,802],"name":"Ridge from iso M from Antartica at 140.4Ma"},"geometry":{"type":"LineString","coordinates":[[19.483,-48.334],[19.106,-48.202],[18.73,-48.07],[18.406,-48.393],[18.078,-48.716],[17.746,-49.038],[17.426,-48.901]]}},{"type":"Feature","properties":{"boundary_type":"ridge","feature_type":"gpml:MidOceanRidge","polarity":null,"overriding_plate_id":null,"subducting_plate_id":null,"plate_ids":[101,714],"name":"Ridge from iso M0 from NAM at 120.4Ma"},"geometry":{"type":"LineString","coordinates":[[10.586,28.279],[10.125,28.038],[9.665,27.795],[9.208,27.55],[8.752,27.342],[8.298,27.132],[7.845,26.921],[7.649,27.164],[7.342,27.006],[7.037,26.847],[6.846,27.021],[6.442,26.727],[6.039,26.432],[5.853,26.627],[5.413,26.345],[4.975,26.062],[4.54,25.777],[4.387,25.922],[4.043,25.785],[3.7,25.647],[3.358,25.508],[3.238,25.621],[2.81,25.617],[2.382,25.613],[1.954,25.607],[1.494,25.602],[1.033,25.596],[0.573,25.588],[0.171,25.417],[-0.23,25.245],[-0.63,25.072],[-1.028,24.898],[-1.426,24.723],[-1.592,24.861],[-1.974,24.622],[-2.355,24.382],[-2.482,24.462],[-2.759,24.272],[-3.036,24.082],[-3.226,24.276],[-3.417,24.47],[-3.804,24.229],[-4.189,23.987],[-4.573,23.744],[-4.764,23.921],[-5.054,23.713],[-5.343,23.504],[-5.467,23.549],[-5.802,23.246],[-6.135,22.942],[-6.466,22.637],[-6.796,22.332],[-7.145,22.0],[-7.492,21.668],[-7.837,21.335],[-7.665,21.153],[-7.983,20.853],[-8.299,20.553],[-8.614,20.252],[-8.487,20.108],[-8.845,19.766],[-9.202,19.422],[-9.557,19.078],[-9.911,18.734],[-10.264,18.388],[-10.615,18.042],[-10.403,17.814],[-10.625,17.6],[-10.846,17.386],[-10.651,17.174],[-10.965,16.854],[-11.278,16.533],[-11.59,16.212],[-11.901,15.89],[-12.211,15.568],[-12.52,15.245],[-12.209,14.927],[-12.455,14.681],[-12.7,14.434],[-12.945,14.187],[-12.629,13.874],[-12.314,13.561],[-12.0,13.247],[-12.291,12.95],[-12.581,12.654],[-12.871,12.357],[-13.151,12.014],[-13.43,11.672],[-13.709,11.329],[-13.986,10.985],[-14.264,10.642],[-14.54,10.298],[-14.816,9.954]]}},{"type":"Feature","properties":{"boundary_type":"ridge","feature_type":"gpml:MidOceanRidge","polarity":null,"overriding_plate_id":null,"subducting_plate_id":null,"plate_ids":[534,780],"name":"Junction MOR"},"geometry":{"type":"LineString","coordinates":[[132.844,-4.09],[132.74,-4.57],[132.635,-5.05],[132.53,-5.53],[132.425,-6.011],[132.32,-6.491],[132.215,-6.971],[132.109,-7.451],[132.003,-7.931],[131.897,-8.411],[131.791,-8.891],[131.684,-9.371],[131.577,-9.851],[131.47,-10.331],[131.362,-10.811],[131.255,-11.291],[131.146,-11.771],[131.038,-12.251],[130.929,-12.73],[130.819,-13.21],[130.709,-13.69],[130.599,-14.169],[130.488,-14.649],[130.377,-15.129],[129.967,-15.329],[129.556,-15.529],[129.49,-16.005],[129.423,-16.481],[129.357,-16.957],[129.29,-17.433],[129.223,-17.909],[129.155,-18.384],[129.087,-18.86],[129.019,-19.336],[128.95,-19.812],[128.88,-20.287],[128.811,-20.763],[128.741,-21.239],[128.67,-21.714],[128.599,-22.19],[128.095,-22.268],[127.591,-22.345],[127.485,-22.82],[127.377,-23.294],[127.269,-23.769],[127.16,-24.243],[127.051,-24.718],[126.94,-25.192],[126.829,-25.666],[126.716,-26.14],[126.603,-26.614],[126.489,-27.088],[126.374,-27.562],[126.258,-28.036],[126.141,-28.509],[126.023,-28.983],[125.903,-29.456],[125.783,-29.93],[125.662,-30.403],[125.539,-30.876],[125.415,-31.349],[125.29,-31.822],[125.163,-32.295]]}},{"type":"Feature","properties":{"boundary_type":"ridge","feature_type":"gpml:MidOceanRidge","polarity":null,"overriding_plate_id":null,"subducting_plate_id":null,"plate_ids":[780,801],"name":"Junction MOR"},"geometry":{"type":"LineString","coordinates":[[125.163,-32.295],[125.039,-32.753],[124.914,-33.212],[124.787,-33.671],[124.659,-34.129],[124.53,-34.587],[124.399,-35.046],[124.267,-35.504],[124.133,-35.961]]}},{"type":"Feature","properties":{"boundary_type":"subduction","feature_type":"gpml:SubductionZone","polarity":"Left","overriding_plate_id":609,"subducting_plate_id":919,"plate_ids":[609,919],"name":"Junction subduction"},"geometry":{"type":"LineString","coordinates":[[162.668,-52.698],[162.291,-52.264],[161.92,-51.827],[161.557,-51.39],[161.201,-50.952],[160.852,-50.513],[160.509,-50.072],[160.172,-49.631],[159.841,-49.188],[159.516,-48.745],[159.197,-48.301],[158.884,-47.856],[158.575,-47.41],[158.272,-46.963],[157.974,-46.516],[157.681,-46.068],[157.392,-45.619],[157.108,-45.169],[156.829,-44.719],[156.554,-44.268],[156.283,-43.816],[155.991,-43.393],[155.704,-42.97],[155.42,-42.546],[155.14,-42.122],[154.864,-41.696],[154.591,-41.271],[154.322,-40.844],[154.057,-40.417],[153.794,-39.989],[153.535,-39.561],[153.35,-39.123],[153.166,-38.686],[152.985,-38.248],[152.806,-37.81],[152.629,-37.371],[152.454,-36.932],[152.378,-36.456],[152.303,-35.979],[152.229,-35.503],[152.155,-35.026],[152.083,-34.549],[152.011,-34.072],[151.941,-33.595],[151.871,-33.118],[151.847,-32.681],[151.823,-32.243],[151.8,-31.806],[151.777,-31.368],[151.754,-30.931],[151.731,-30.493],[151.709,-30.056]]}},{"type":"Feature","properties":{"boundary_type":"subduction","feature_type":"gpml:SubductionZone","polarity":"Left","overriding_plate_id":609,"subducting_plate_id":926,"plate_ids":[609,926],"name":"Junction subduction"},"geometry":{"type":"LineString","coordinates":[[151.709,-30.056],[151.684,-29.568],[151.66,-29.081],[151.635,-28.593],[151.611,-28.106]]}},{"type":"Feature","properties":{"boundary_type":"subduction","feature_type":"gpml:SubductionZone","polarity":"Left","overriding_plate_id":780,"subducting_plate_id":926,"plate_ids":[780,926],"name":"Junction subduction"},"geometry":{"type":"LineString","coordinates":[[151.611,-28.106],[151.599,-27.853],[151.586,-27.6],[151.645,-27.117],[151.704,-26.634],[151.761,-26.151],[151.819,-25.668],[151.876,-25.185],[151.932,-24.702],[151.988,-24.219],[152.044,-23.736],[152.099,-23.253],[152.154,-22.77],[152.208,-22.287],[152.336,-21.805],[152.463,-21.323],[152.589,-20.841],[152.714,-20.359],[152.838,-19.877],[152.962,-19.394],[153.085,-18.912],[153.207,-18.43],[153.328,-17.947],[153.449,-17.464]]}},{"type":"Feature","properties":{"boundary_type":"subduction","feature_type":"gpml:SubductionZone","polarity":"Left","overriding_plate_id":787,"subducting_plate_id":780,"plate_ids":[780,787],"name":"Barito Sea Subduction"},"geometry":{"type":"LineString","coordinates":[[136.884,0.487],[137.3,0.391],[137.716,0.296],[138.132,0.2],[138.548,0.104],[138.964,0.009],[139.267,-0.042],[139.57,-0.094]]}},{"type":"Feature","properties":{"boundary_type":"subduction","feature_type":"gpml:SubductionZone","polarity":"Left","overriding_plate_id":787,"subducting_plate_id":926,"plate_ids":[787,926],"name":"Barito Sea Subduction"},"geometry":{"type":"LineString","coordinates":[[139.57,-0.094],[139.923,-0.153],[140.276,-0.213],[140.629,-0.272],[141.047,-0.352],[141.464,-0.432],[141.882,-0.511],[142.299,-0.591],[142.717,-0.671],[143.134,-0.751],[143.535,-0.586],[143.936,-0.422],[144.337,-0.258],[144.738,-0.094],[145.176,0.123],[145.613,0.34],[146.05,0.558]]}},{"type":"Feature","properties":{"boundary_type":"subduction","feature_type":"gpml:SubductionZone","polarity":"Left","overriding_plate_id":380,"subducting_plate_id":926,"plate_ids":[380,926],"name":"Barito Sea Subduction"},"geometry":{"type":"LineString","coordinates":[[146.05,0.558],[146.437,0.75],[146.824,0.942],[147.212,1.135],[147.599,1.327],[147.986,1.519]]}},{"type":"Feature","properties":{"boundary_type":"subduction","feature_type":"gpml:SubductionZone","polarity":"Left","overriding_plate_id":380,"subducting_plate_id":926,"plate_ids":[380,926],"name":"North Borneo subduction"},"geometry":{"type":"LineString","coordinates":[[147.176,3.9],[146.74,4.102],[146.304,4.304],[145.869,4.505],[145.612,4.933],[145.356,5.361],[145.099,5.788],[144.963,6.214],[144.827,6.641],[144.691,7.067],[144.66,7.424],[144.629,7.781],[144.525,8.255],[144.421,8.728],[144.316,9.202],[144.212,9.676],[144.011,10.096],[143.811,10.516],[143.61,10.935]]}},{"type":"Feature","properties":{"boundary_type":"subduction","feature_type":"gpml:SubductionZone","polarity":"Left","overriding_plate_id":380,"subducting_plate_id":926,"plate_ids":[380,926],"name":"Proto South China Sea opening"},"geometry":{"type":"LineString","coordinates":[[143.61,10.935],[143.773,11.357],[143.936,11.779],[144.1,12.201],[144.265,12.622],[144.43,13.044],[144.596,13.465],[144.762,13.886],[144.929,14.307],[144.966,14.727],[145.004,15.147],[145.042,15.567],[145.08,15.987],[145.118,16.407],[145.156,16.827],[145.223,17.304],[145.291,17.781],[145.359,18.258],[145.427,18.735],[145.495,19.211],[145.564,19.688],[145.6,20.069],[145.635,20.451],[145.671,20.832]]}},{"type":"Feature","properties":{"boundary_type":"subduction","feature_type":"gpml:SubductionZone","polarity":"Left","overriding_plate_id":787,"subducting_plate_id":534,"plate_ids":[534,787],"name":"Sunda Jurassic-Cretaceous subduction"},"geometry":{"type":"LineString","coordinates":[[118.176,11.883],[118.385,11.688],[118.731,11.423],[119.076,11.159],[119.421,10.894],[119.765,10.628],[120.108,10.363],[120.451,10.097],[120.809,9.777],[121.167,9.457],[121.524,9.137],[121.881,8.817],[122.236,8.496],[122.592,8.175],[122.95,7.879],[123.307,7.583],[123.664,7.287],[124.02,6.99],[124.376,6.693],[124.732,6.396],[125.087,6.099],[125.481,5.857],[125.875,5.614],[126.269,5.372],[126.662,5.129],[127.055,4.886],[127.448,4.642],[127.84,4.399],[128.233,4.155],[128.681,3.993],[129.13,3.831],[129.578,3.669],[130.027,3.506],[130.475,3.343],[130.923,3.18],[131.371,3.017],[131.787,2.844],[132.203,2.671],[132.619,2.498],[133.035,2.324],[133.451,2.151],[133.867,1.978],[134.282,1.804],[134.698,1.63],[135.113,1.457],[135.529,1.283]]}},{"type":"Feature","properties":{"boundary_type":"subduction","feature_type":"gpml:SubductionZone","polarity":"Left","overriding_plate_id":787,"subducting_plate_id":780,"plate_ids":[780,787],"name":"Sunda Jurassic-Cretaceous subduction"},"geometry":{"type":"LineString","coordinates":[[135.529,1.283],[135.949,1.107],[136.37,0.93],[136.627,0.709],[136.884,0.487]]}},{"type":"Feature","properties":{"boundary_type":"ridge","feature_type":"gpml:MidOceanRidge","polarity":null,"overriding_plate_id":null,"subducting_plate_id":null,"plate_ids":[380,787],"name":"Woyla Back-arc MOR"},"geometry":{"type":"LineString","coordinates":[[118.454,12.478],[118.858,12.314],[119.261,12.15],[119.678,11.938],[120.093,11.726],[120.508,11.513],[120.923,11.299],[121.337,11.085],[121.75,10.871],[122.163,10.656],[122.066,10.36],[121.969,10.065],[122.425,9.859],[122.88,9.652],[123.335,9.445],[123.789,9.237],[123.661,8.917],[123.533,8.596],[123.966,8.41],[124.399,8.223],[124.831,8.036],[125.262,7.848],[125.694,7.66],[126.125,7.471],[126.555,7.282],[126.985,7.093],[127.415,6.903],[127.845,6.713],[128.274,6.522],[128.702,6.331],[129.131,6.14],[129.582,5.94],[130.033,5.739],[130.484,5.538],[130.934,5.336],[131.385,5.135],[131.834,4.933],[132.284,4.73],[132.733,4.528],[132.93,4.939],[133.362,4.756],[133.795,4.572],[134.227,4.388],[134.658,4.204],[135.09,4.02],[135.522,3.835],[135.953,3.651],[136.384,3.466],[136.815,3.28],[137.246,3.095],[137.395,3.41],[137.856,3.261],[138.317,3.112],[138.777,2.962],[139.237,2.813],[139.697,2.663],[140.157,2.514],[140.617,2.364],[141.077,2.213],[141.537,2.063],[141.997,1.913],[142.456,1.762],[142.916,1.612],[143.375,1.461],[143.835,1.31],[144.294,1.159],[144.753,1.008],[145.213,0.857],[145.631,0.707],[146.05,0.558]]}},{"type":"Feature","properties":{"boundary_type":"transform","feature_type":"gpml:Transform","polarity":null,"overriding_plate_id":null,"subducting_plate_id":null,"plate_ids":[529,534],"name":"Proto Andaman Sea transform"},"geometry":{"type":"LineString","coordinates":[[113.636,1.851],[113.835,2.298],[114.034,2.746],[114.233,3.193],[114.433,3.641],[114.633,4.089],[114.833,4.536],[115.033,4.983],[115.233,5.431],[115.434,5.878],[115.635,6.325]]}},{"type":"Feature","properties":{"boundary_type":"transform","feature_type":"gpml:Transform","polarity":null,"overriding_plate_id":null,"subducting_plate_id":null,"plate_ids":[528,534],"name":"Proto Andaman Sea transform"},"geometry":{"type":"LineString","coordinates":[[115.635,6.325],[115.828,6.753],[116.021,7.181],[116.215,7.609],[116.409,8.037],[116.603,8.465],[116.798,8.892],[116.994,9.32],[117.189,9.747],[117.386,10.175],[117.582,10.602],[117.78,11.029],[117.978,11.456],[118.176,11.883]]}},{"type":"Feature","properties":{"boundary_type":"transform","feature_type":"gpml:Transform","polarity":null,"overriding_plate_id":null,"subducting_plate_id":null,"plate_ids":[528,787],"name":"Proto Andaman Sea transform"},"geometry":{"type":"LineString","coordinates":[[118.176,11.883],[118.315,12.18],[118.454,12.478]]}},{"type":"Feature","properties":{"boundary_type":"transform","feature_type":"gpml:Transform","polarity":null,"overriding_plate_id":null,"subducting_plate_id":null,"plate_ids":[380,528],"name":"Proto Andaman Sea transform"},"geometry":{"type":"LineString","coordinates":[[118.454,12.478],[118.463,12.497]]}},{"type":"Feature","properties":{"boundary_type":"ridge","feature_type":"gpml:MidOceanRidge","polarity":null,"overriding_plate_id":null,"subducting_plate_id":null,"plate_ids":[609,801],"name":"Cretaceous back-arc"},"geometry":{"type":"LineString","coordinates":[[141.356,-45.893],[141.793,-46.207],[142.235,-46.52],[142.682,-46.831],[143.135,-47.14],[143.593,-47.447],[144.056,-47.752],[144.524,-48.056],[144.226,-48.44],[143.923,-48.824],[143.615,-49.208],[143.302,-49.59],[143.795,-49.89],[144.293,-50.188],[144.798,-50.484],[144.488,-50.809],[144.174,-51.133],[143.856,-51.456],[144.374,-51.704],[144.897,-51.95],[145.425,-52.194],[145.087,-52.594],[144.743,-52.994],[144.392,-53.392],[144.034,-53.79],[143.67,-54.186],[143.299,-54.581],[142.92,-54.975],[143.559,-55.246],[144.207,-55.515],[144.863,-55.78],[145.529,-56.041],[146.204,-56.298],[146.887,-56.552],[147.58,-56.802],[148.282,-57.049],[147.953,-57.482],[147.616,-57.914],[147.27,-58.346],[146.916,-58.777],[146.553,-59.206],[146.181,-59.635],[146.937,-59.875],[147.704,-60.112],[148.482,-60.343],[149.271,-60.571],[150.07,-60.793],[150.881,-61.011]]}},{"type":"Feature","properties":{"boundary_type":"transform","feature_type":"gpml:Transform","polarity":null,"overriding_plate_id":null,"subducting_plate_id":null,"plate_ids":[609,801],"name":"Proto Philippine transform"},"geometry":{"type":"LineString","coordinates":[[150.881,-61.011],[151.588,-60.681],[152.28,-60.348],[152.958,-60.011],[153.623,-59.671],[154.274,-59.328],[154.913,-58.996],[155.54,-58.662],[156.155,-58.324],[156.758,-57.984],[157.349,-57.641],[157.93,-57.295],[158.322,-56.991],[158.708,-56.686]]}},{"type":"Feature","properties":{"boundary_type":"transform","feature_type":"gpml:Transform","polarity":null,"overriding_plate_id":null,"subducting_plate_id":null,"plate_ids":[609,919],"name":"Proto Philippine transform"},"geometry":{"type":"LineString","coordinates":[[158.708,-56.686],[159.209,-56.282],[159.699,-55.875],[160.179,-55.466],[160.649,-55.056],[161.11,-54.644],[161.433,-54.256],[161.75,-53.868],[162.062,-53.479],[162.368,-53.089],[162.668,-52.698]]}},{"type":"Feature","properties":{"boundary_type":"ridge","feature_type":"gpml:MidOceanRidge","polarity":null,"overriding_plate_id":null,"subducting_plate_id":null,"plate_ids":[609,801],"name":"Cretaceous back-arc"},"geometry":{"type":"LineString","coordinates":[[141.265,-44.843],[141.609,-45.031],[141.955,-45.217],[141.657,-45.556],[141.356,-45.893]]}},{"type":"Feature","properties":{"boundary_type":"ridge","feature_type":"gpml:MidOceanRidge","polarity":null,"overriding_plate_id":null,"subducting_plate_id":null,"plate_ids":[780,801],"name":"Molucca Cretaceous Spreading"},"geometry":{"type":"LineString","coordinates":[[124.133,-35.961],[124.659,-36.014],[124.677,-36.449],[125.182,-36.476],[125.688,-36.501],[125.68,-36.769],[125.672,-37.037],[126.139,-37.048],[126.606,-37.058],[126.611,-37.493],[126.617,-37.928],[126.622,-38.362],[126.628,-38.797],[127.066,-38.803],[127.504,-38.807],[127.942,-38.81],[128.012,-39.273],[128.593,-39.295],[129.174,-39.314],[129.755,-39.33],[129.772,-39.637],[129.788,-39.945],[130.369,-39.921],[130.95,-39.895],[131.028,-40.282],[131.107,-40.668],[131.603,-40.658],[132.098,-40.646],[132.594,-40.631],[132.696,-41.044],[132.8,-41.457],[132.904,-41.871],[133.01,-42.284],[133.559,-42.227],[134.106,-42.167],[134.652,-42.105],[135.197,-42.041],[135.319,-42.454],[135.443,-42.868],[135.568,-43.281],[136.185,-43.18],[136.8,-43.076],[137.413,-42.968],[137.61,-43.41],[137.811,-43.852],[138.014,-44.294],[138.221,-44.735],[138.431,-45.176],[139.0,-45.115],[139.569,-45.051],[140.136,-44.984],[140.701,-44.915],[141.265,-44.843]]}},{"type":"Feature","properties":{"boundary_type":"ridge","feature_type":"gpml:MidOceanRidge","polarity":null,"overriding_plate_id":null,"subducting_plate_id":null,"plate_ids":[609,780],"name":"Molucca Cretaceous Spreading"},"geometry":{"type":"LineString","coordinates":[[141.265,-44.843],[141.87,-44.762],[142.472,-44.679],[143.073,-44.592],[143.672,-44.502],[143.737,-44.985],[143.803,-45.467],[143.907,-45.459]]}},{"type":"Feature","properties":{"boundary_type":"ridge","feature_type":"gpml:MidOceanRidge","polarity":null,"overriding_plate_id":null,"subducting_plate_id":null,"plate_ids":[609,780],"name":"Cretaceous back-arc MOR north"},"geometry":{"type":"LineString","coordinates":[[151.611,-28.106],[151.182,-28.176],[150.752,-28.245],[150.322,-28.312],[149.892,-28.379],[149.788,-28.868],[149.684,-29.357],[149.578,-29.845],[149.472,-30.334],[148.986,-30.395],[148.501,-30.453],[148.014,-30.51],[147.527,-30.566],[147.04,-30.619],[147.002,-31.028],[146.963,-31.438],[146.924,-31.847],[146.885,-32.256],[146.845,-32.666],[146.438,-32.694],[146.031,-32.721],[145.624,-32.746],[145.627,-33.233],[145.63,-33.719],[145.633,-34.206],[145.637,-34.692],[145.64,-35.179],[145.643,-35.665],[145.647,-36.152],[145.65,-36.638],[145.654,-37.125],[145.657,-37.611],[145.661,-38.098],[145.664,-38.584],[145.668,-39.071],[145.672,-39.557],[145.675,-40.044],[145.177,-40.069],[144.678,-40.093],[144.178,-40.114],[144.275,-40.602],[144.373,-41.089],[144.473,-41.577],[144.574,-42.064],[143.941,-42.217],[143.304,-42.367],[143.386,-42.809],[143.47,-43.251],[143.555,-43.693],[143.641,-44.134],[143.728,-44.576],[143.817,-45.018],[143.907,-45.459]]}},{"type":"Feature","properties":{"boundary_type":"ridge","feature_type":"gpml:MidOceanRidge","polarity":null,"overriding_plate_id":null,"subducting_plate_id":null,"plate_ids":[534,780],"name":"Junction MOR"},"geometry":{"type":"LineString","coordinates":[[135.529,1.283],[135.377,0.817],[135.225,0.351],[135.074,-0.115],[134.922,-0.581],[134.77,-1.047],[134.619,-1.513],[134.467,-1.979],[134.315,-2.445],[134.163,-2.911],[134.011,-3.376],[133.859,-3.842]]}},{"type":"Feature","properties":{"boundary_type":"ridge","feature_type":"gpml:MidOceanRidge","polarity":null,"overriding_plate_id":null,"subducting_plate_id":null,"plate_ids":[534,780],"name":"Junction MOR"},"geometry":{"type":"LineString","coordinates":[[133.859,-3.842],[133.52,-3.925],[133.182,-4.007],[132.844,-4.09]]}},{"type":"Feature","properties":{"boundary_type":"ridge","feature_type":"gpml:MidOceanRidge","polarity":null,"overriding_plate_id":null,"subducting_plate_id":null,"plate_ids":[802,28900],"name":"MOR Weddell Sea"},"geometry":{"type":"LineString","coordinates":[[-0.76,-52.791],[-1.345,-52.929],[-1.933,-53.064],[-2.525,-53.196],[-3.121,-53.325],[-3.404,-53.419],[-3.728,-53.506],[-4.118,-53.632],[-4.496,-53.772],[-4.824,-53.895],[-5.221,-54.017],[-5.553,-54.138],[-5.86,-54.249],[-6.317,-54.384],[-6.615,-54.47],[-7.048,-54.555],[-7.709,-54.692],[-8.375,-54.824],[-9.166,-55.013],[-9.964,-55.196],[-10.769,-55.374],[-11.582,-55.546],[-12.401,-55.714],[-13.228,-55.875],[-13.893,-56.033],[-14.544,-56.146],[-15.2,-56.256],[-15.859,-56.363],[-16.311,-56.446],[-16.765,-56.527],[-17.099,-56.586],[-17.229,-56.592]]}},{"type":"Feature","properties":{"boundary_type":"ridge","feature_type":"gpml:MidOceanRidge","polarity":null,"overriding_plate_id":null,"subducting_plate_id":null,"plate_ids":[802,28900],"name":"MOR Madagascar-Africa"},"geometry":{"type":"LineString","coordinates":[[6.182,-49.09],[5.645,-49.414],[5.101,-49.735],[4.549,-50.053],[3.99,-50.369],[3.424,-50.682],[2.85,-50.992],[2.268,-51.3],[1.678,-51.604],[1.081,-51.905],[0.475,-52.204],[-0.138,-52.499],[-0.76,-52.791]]}},{"type":"Feature","properties":{"boundary_type":"ridge","feature_type":"gpml:MidOceanRidge","polarity":null,"overriding_plate_id":null,"subducting_plate_id":null,"plate_ids":[201,714],"name":"Ridge from iso A34 from Africa at 83.5Ma"},"geometry":{"type":"LineString","coordinates":[[-8.801,7.268],[-8.86,7.086],[-8.783,7.063],[-8.853,6.817],[-8.924,6.57],[-8.447,6.431],[-8.56,6.049],[-8.674,5.667],[-8.787,5.285],[-8.9,4.903],[-8.455,4.739],[-8.01,4.574],[-7.566,4.41],[-7.122,4.245],[-7.246,3.781],[-7.37,3.317],[-7.494,2.853],[-7.618,2.39],[-7.742,1.926],[-7.409,1.81],[-7.075,1.694],[-7.164,1.279],[-7.253,0.864],[-6.776,0.744],[-6.3,0.624],[-5.823,0.505],[-5.346,0.385],[-4.869,0.265],[-4.393,0.145],[-3.916,0.025],[-3.941,-0.317],[-3.965,-0.659],[-3.555,-0.769],[-3.145,-0.88],[-2.734,-0.991],[-2.781,-1.424],[-2.828,-1.858],[-2.875,-2.292],[-2.922,-2.725],[-2.969,-3.159],[-2.605,-3.222],[-2.24,-3.286],[-1.887,-3.329],[-1.534,-3.371],[-1.103,-3.425],[-0.672,-3.479],[-0.289,-3.525],[0.095,-3.571],[0.482,-3.588],[0.87,-3.605],[1.306,-3.632],[1.742,-3.66],[2.121,-3.69],[2.5,-3.721],[2.879,-3.751],[3.379,-3.777],[3.879,-3.804],[4.18,-3.814],[4.48,-3.825],[4.823,-3.832],[5.166,-3.839],[5.146,-4.253],[5.126,-4.667],[5.106,-5.081],[5.34,-5.126],[5.328,-5.453],[5.316,-5.779],[5.596,-5.814],[5.608,-6.221]]}},{"type":"Feature","properties":{"boundary_type":"subduction","feature_type":"gpml:SubductionZone","polarity":"Right","overriding_plate_id":801,"subducting_plate_id":919,"plate_ids":[801,919],"name":"Chatham Rise subduction KM"},"geometry":{"type":"LineString","coordinates":[[-123.991,-82.83],[-123.358,-82.789],[-120.857,-82.639],[-118.46,-82.476],[-116.399,-82.366],[-114.4,-82.246],[-111.357,-82.005],[-108.499,-81.742],[-105.822,-81.461],[-103.642,-81.194],[-101.592,-80.915],[-99.665,-80.626],[-97.854,-80.326],[-96.153,-80.018],[-94.554,-79.702],[-92.865,-79.338],[-91.288,-78.966],[-89.813,-78.587],[-88.433,-78.2],[-87.085,-77.883],[-85.805,-77.559],[-84.59,-77.23],[-83.435,-76.895],[-82.158,-76.513],[-80.951,-76.124],[-79.809,-75.729],[-78.727,-75.33],[-77.702,-74.925],[-77.296,-74.784]]}},{"type":"Feature","properties":{"boundary_type":"subduction","feature_type":"gpml:SubductionZone","polarity":"Right","overriding_plate_id":801,"subducting_plate_id":919,"plate_ids":[801,919],"name":"Northern cont. of Eastern Gondwanaland Active Margin"},"geometry":{"type":"LineString","coordinates":[[158.708,-56.686],[158.708,-56.705],[158.608,-57.099],[158.506,-57.493]]}},{"type":"Feature","properties":{"boundary_type":"transform","feature_type":"gpml:Transform","polarity":null,"overriding_plate_id":null,"subducting_plate_id":null,"plate_ids":[380,926],"name":"North Borneo transform"},"geometry":{"type":"LineString","coordinates":[[147.176,3.9],[147.27,3.569],[147.364,3.238],[147.458,2.907],[147.634,2.444],[147.81,1.982],[147.986,1.519]]}},{"type":"Feature","properties":{"boundary_type":"transform","feature_type":"gpml:Transform","polarity":null,"overriding_plate_id":null,"subducting_plate_id":null,"plate_ids":[301,715],"name":"MezoTethys transform from 180Ma"},"geometry":{"type":"LineString","coordinates":[[49.758,10.028],[50.146,10.287],[50.536,10.545],[50.926,10.803],[51.316,11.06],[51.708,11.317],[52.1,11.573],[52.492,11.829],[52.886,12.084],[53.28,12.338],[53.675,12.593],[54.071,12.846],[54.467,13.099],[54.864,13.351],[55.145,13.762],[55.427,14.173],[55.71,14.584],[55.994,14.994],[56.279,15.404],[56.565,15.814],[56.853,16.223],[57.141,16.631],[57.431,17.04],[57.722,17.448],[58.015,17.855],[58.308,18.262],[58.603,18.669],[58.9,19.075],[59.198,19.481],[59.497,19.886],[59.798,20.291],[60.101,20.695],[60.346,21.089],[60.593,21.482],[60.84,21.876],[61.09,22.269],[61.34,22.661],[61.593,23.053]]}},{"type":"Feature","properties":{"boundary_type":"transform","feature_type":"gpml:Transform","polarity":null,"overriding_plate_id":null,"subducting_plate_id":null,"plate_ids":[301,530],"name":"MezoTethys transform from 180Ma"},"geometry":{"type":"LineString","coordinates":[[61.593,23.053],[61.866,23.476],[62.141,23.898],[62.419,24.319],[62.697,24.74],[62.978,25.161],[63.261,25.581],[63.546,26.0],[63.833,26.419],[64.122,26.837],[64.413,27.255],[64.706,27.672],[65.001,28.089],[65.299,28.505]]}},{"type":"Feature","properties":{"boundary_type":"ridge","feature_type":"gpml:MidOceanRidge","polarity":null,"overriding_plate_id":null,"subducting_plate_id":null,"plate_ids":[530,715],"name":"Vardar Ocean"},"geometry":{"type":"LineString","coordinates":[[61.593,23.053],[61.965,22.85],[62.336,22.646],[62.706,22.441],[63.075,22.236],[63.509,21.984],[63.941,21.73],[64.372,21.476],[64.801,21.221],[65.229,20.964],[65.655,20.707],[66.079,20.448],[66.503,20.189],[66.925,19.928],[67.345,19.667],[67.764,19.404],[68.182,19.141],[68.598,18.876],[69.014,18.611],[69.427,18.345],[69.678,18.671],[69.929,18.996],[70.181,19.322],[70.434,19.647],[70.87,19.386],[71.305,19.124],[71.738,18.86],[72.17,18.596],[72.601,18.331],[73.03,18.065],[73.458,17.798],[73.884,17.53],[74.31,17.261],[74.734,16.991],[75.157,16.72],[75.579,16.449],[75.999,16.176],[76.418,15.903],[76.837,15.629],[77.254,15.354],[77.67,15.079],[78.085,14.802],[78.499,14.525],[78.912,14.247],[79.323,13.969],[79.734,13.69],[80.144,13.41],[80.553,13.129],[80.961,12.848],[81.368,12.566],[81.774,12.284],[82.179,12.001],[82.584,11.717],[82.987,11.433],[83.39,11.148],[83.792,10.863],[84.186,10.59],[84.579,10.317],[84.972,10.043]]}},{"type":"Feature","properties":{"boundary_type":"transform","feature_type":"gpml:Transform","polarity":null,"overriding_plate_id":null,"subducting_plate_id":null,"plate_ids":[409,926],"name":"Arctic-Siberian transform"},"geometry":{"type":"LineString","coordinates":[[114.707,83.032],[111.151,83.107],[107.532,83.154],[103.876,83.175],[100.214,83.168],[96.447,83.175],[92.689,83.153],[88.97,83.102],[85.319,83.023],[81.765,82.917],[78.327,82.784],[75.024,82.627],[71.868,82.446],[71.418,82.416],[71.096,82.396]]}},{"type":"Feature","properties":{"boundary_type":"transform","feature_type":"gpml:Transform","polarity":null,"overriding_plate_id":null,"subducting_plate_id":null,"plate_ids":[301,380],"name":"Eurasia-Mongol Okhotsk transform"},"geometry":{"type":"LineString","coordinates":[[87.526,20.714],[87.667,21.119],[87.809,21.524],[87.951,21.929],[88.094,22.334],[88.125,22.82],[88.155,23.306],[88.186,23.792],[88.217,24.277],[88.249,24.763],[88.28,25.249],[88.312,25.735],[88.344,26.221],[88.377,26.707],[88.409,27.193],[88.442,27.679],[88.476,28.165]]}},{"type":"Feature","properties":{"boundary_type":"ridge","feature_type":"gpml:MidOceanRidge","polarity":null,"overriding_plate_id":null,"subducting_plate_id":null,"plate_ids":[901,919],"name":"PHX-IZA"},"geometry":{"type":"LineString","coordinates":[[-177.247,-32.577],[-177.357,-32.174],[-177.467,-31.77],[-177.613,-31.331],[-177.757,-30.892],[-177.9,-30.452],[-178.042,-30.013],[-178.183,-29.573],[-178.322,-29.133],[-178.461,-28.693],[-178.598,-28.253],[-178.734,-27.812],[-178.869,-27.372]]}},{"type":"Feature","properties":{"boundary_type":"ridge","feature_type":"gpml:MidOceanRidge","polarity":null,"overriding_plate_id":null,"subducting_plate_id":null,"plate_ids":[919,926],"name":"PHX-IZA"},"geometry":{"type":"LineString","coordinates":[[-178.869,-27.372],[-178.906,-27.25],[-179.444,-27.383],[-179.984,-27.513],[179.475,-27.642],[178.933,-27.768],[178.389,-27.893],[177.845,-28.015],[177.299,-28.135],[176.751,-28.253],[176.203,-28.369],[175.653,-28.482],[175.103,-28.594],[174.551,-28.703],[173.998,-28.809],[173.444,-28.914],[172.888,-29.016],[172.332,-29.116],[171.775,-29.214],[171.216,-29.309],[170.657,-29.402],[170.096,-29.493],[169.535,-29.582],[168.972,-29.668],[168.409,-29.751],[167.844,-29.832],[167.279,-29.911],[166.713,-29.988],[166.146,-30.062],[165.578,-30.133],[165.009,-30.202],[164.44,-30.269],[163.87,-30.333],[163.299,-30.395],[163.191,-29.911],[163.085,-29.426],[162.98,-28.942],[162.876,-28.458],[162.326,-28.559],[161.776,-28.659],[161.224,-28.756],[160.672,-28.851],[160.118,-28.944],[159.564,-29.034],[159.008,-29.122],[158.452,-29.208],[157.894,-29.292],[157.336,-29.373],[156.777,-29.452],[156.217,-29.529],[155.656,-29.603],[155.094,-29.675],[154.532,-29.744],[153.969,-29.811],[153.405,-29.876],[152.84,-29.938],[152.275,-29.998],[151.709,-30.056]]}},{"type":"Feature","properties":{"boundary_type":"ridge","feature_type":"gpml:MidOceanRidge","polarity":null,"overriding_plate_id":null,"subducting_plate_id":null,"plate_ids":[902,919],"name":"MOR Pacific-Phoenix"},"geometry":{"type":"LineString","coordinates":[[-102.401,-18.495],[-102.855,-18.689],[-103.31,-18.883],[-103.766,-19.075]]}},{"type":"Feature","properties":{"boundary_type":"ridge","feature_type":"gpml:MidOceanRidge","polarity":null,"overriding_plate_id":null,"subducting_plate_id":null,"plate_ids":[901,919],"name":"MOR Pacific-Phoenix"},"geometry":{"type":"LineString","coordinates":[[-103.766,-19.075],[-104.177,-19.247],[-104.589,-19.419],[-105.001,-19.589],[-105.415,-19.758],[-105.9,-19.955],[-106.386,-20.151],[-106.874,-20.345],[-107.363,-20.538],[-107.853,-20.729],[-108.345,-20.919],[-108.837,-21.108],[-109.331,-21.295],[-109.826,-21.481],[-110.301,-21.689],[-110.777,-21.895],[-111.255,-22.1],[-111.734,-22.304],[-112.214,-22.506],[-112.696,-22.707],[-113.18,-22.906],[-113.664,-23.104],[-114.15,-23.301],[-114.638,-23.496],[-115.127,-23.689],[-115.617,-23.881],[-115.412,-24.336],[-115.205,-24.791],[-114.996,-25.245],[-114.786,-25.7],[-114.575,-26.153],[-114.362,-26.607],[-114.147,-27.06],[-113.93,-27.513],[-113.711,-27.966],[-113.491,-28.418],[-113.269,-28.87],[-113.045,-29.321],[-113.337,-29.436],[-113.525,-29.472],[-113.668,-29.508],[-114.068,-29.665],[-114.469,-29.82],[-114.913,-29.974],[-115.359,-30.125],[-115.806,-30.276],[-116.255,-30.425],[-116.704,-30.572],[-116.881,-30.183],[-117.056,-29.793],[-117.23,-29.403],[-117.402,-29.013],[-117.927,-29.199],[-118.454,-29.383],[-118.983,-29.566],[-119.514,-29.746],[-120.047,-29.924],[-120.581,-30.1],[-121.118,-30.273],[-121.464,-30.397],[-121.893,-30.58],[-122.323,-30.762],[-122.755,-30.941],[-123.188,-31.12],[-123.725,-31.279],[-124.078,-31.34],[-124.497,-31.504],[-124.917,-31.666],[-125.34,-31.827],[-125.714,-31.917],[-126.117,-32.041],[-126.521,-32.164],[-126.927,-32.285],[-127.389,-32.49],[-127.92,-32.577],[-128.453,-32.661],[-128.986,-32.742],[-129.52,-32.822],[-130.056,-32.899],[-130.592,-32.974],[-131.129,-33.047],[-131.667,-33.117],[-132.206,-33.185],[-132.79,-33.264],[-133.376,-33.34],[-133.962,-33.414],[-134.55,-33.485],[-135.138,-33.553],[-135.728,-33.619],[-136.267,-33.683],[-136.808,-33.746],[-137.35,-33.806],[-137.892,-33.863],[-138.435,-33.919],[-138.978,-33.971],[-139.522,-34.022],[-140.067,-34.07],[-140.613,-34.116],[-141.204,-34.178],[-141.797,-34.238],[-142.39,-34.295],[-142.984,-34.348],[-143.579,-34.399],[-144.174,-34.448],[-144.77,-34.493],[-145.367,-34.535],[-145.965,-34.575],[-146.563,-34.611],[-147.161,-34.645],[-147.76,-34.676],[-148.359,-34.703],[-148.959,-34.728],[-149.559,-34.75],[-150.159,-34.769],[-150.76,-34.785],[-151.361,-34.798],[-151.958,-34.809],[-152.556,-34.818],[-153.154,-34.823],[-153.752,-34.826],[-154.349,-34.825],[-154.947,-34.822],[-155.545,-34.815],[-156.143,-34.806],[-156.74,-34.794],[-157.337,-34.779],[-157.934,-34.761],[-158.531,-34.74],[-159.128,-34.716],[-159.724,-34.689],[-160.319,-34.66],[-160.914,-34.627],[-161.509,-34.592],[-162.103,-34.553],[-162.697,-34.512],[-163.29,-34.468],[-163.882,-34.421],[-164.474,-34.371],[-165.065,-34.319],[-165.655,-34.263],[-166.245,-34.205],[-166.833,-34.144],[-167.421,-34.08],[-168.008,-34.014],[-168.593,-33.944],[-169.178,-33.872],[-169.762,-33.797],[-170.345,-33.719],[-170.927,-33.639],[-171.507,-33.555],[-172.087,-33.47],[-172.665,-33.381],[-173.242,-33.29],[-173.818,-33.196],[-174.393,-33.099],[-174.966,-33.0],[-175.539,-32.898],[-176.109,-32.794],[-176.679,-32.687],[-177.247,-32.577]]}},{"type":"Feature","properties":{"boundary_type":"ridge","feature_type":"gpml:MidOceanRidge","polarity":null,"overriding_plate_id":null,"subducting_plate_id":null,"plate_ids":[902,919],"name":"MOR Farallon-Phoenix"},"geometry":{"type":"LineString","coordinates":[[-102.401,-18.495],[-101.882,-18.553],[-101.364,-18.61],[-100.844,-18.666],[-100.325,-18.72],[-99.805,-18.773],[-99.285,-18.824],[-98.764,-18.874],[-98.244,-18.923],[-97.722,-18.97],[-97.201,-19.015],[-96.679,-19.059],[-96.157,-19.102],[-95.635,-19.143],[-95.113,-19.183],[-94.59,-19.221],[-94.067,-19.258],[-93.544,-19.293],[-93.021,-19.327],[-92.497,-19.359],[-91.973,-19.39],[-91.449,-19.419],[-90.925,-19.447],[-90.401,-19.473],[-89.876,-19.498],[-89.351,-19.521],[-89.342,-20.015],[-89.333,-20.508],[-89.324,-21.002],[-89.315,-21.496],[-89.306,-21.989],[-89.296,-22.483],[-89.287,-22.977],[-89.277,-23.47],[-89.268,-23.964],[-88.728,-23.941],[-88.188,-23.915],[-87.649,-23.888],[-87.11,-23.859],[-86.571,-23.828],[-86.032,-23.796],[-85.494,-23.761],[-84.956,-23.725],[-84.418,-23.686],[-83.881,-23.646],[-83.344,-23.604],[-82.807,-23.56],[-82.271,-23.514],[-81.735,-23.467],[-81.199,-23.417],[-80.664,-23.366],[-80.129,-23.313],[-79.595,-23.258],[-79.061,-23.201],[-78.528,-23.143],[-77.995,-23.083],[-77.463,-23.021],[-76.931,-22.957],[-76.399,-22.891],[-75.868,-22.824],[-75.787,-23.307],[-75.705,-23.79],[-75.623,-24.273],[-75.54,-24.756],[-75.457,-25.239],[-75.372,-25.722],[-75.287,-26.205],[-74.761,-26.1],[-74.236,-25.993],[-73.712,-25.884],[-73.189,-25.773],[-72.666,-25.66],[-72.145,-25.545],[-71.625,-25.428],[-71.105,-25.31],[-70.587,-25.19],[-70.07,-25.068],[-69.554,-24.944],[-69.039,-24.818],[-68.525,-24.691],[-68.012,-24.562],[-67.5,-24.431],[-66.989,-24.298],[-66.479,-24.164],[-65.97,-24.028],[-65.463,-23.89],[-64.956,-23.751],[-64.451,-23.61],[-63.946,-23.467],[-63.443,-23.323],[-62.941,-23.177],[-62.44,-23.03],[-62.257,-23.45],[-62.074,-23.871],[-61.889,-24.29],[-61.704,-24.71],[-61.517,-25.13],[-61.328,-25.549],[-61.139,-25.968],[-60.63,-25.77],[-60.123,-25.57],[-59.618,-25.368],[-59.115,-25.165],[-58.613,-24.96],[-58.113,-24.753],[-57.614,-24.545],[-57.118,-24.335],[-56.623,-24.123],[-56.129,-23.91],[-55.637,-23.695],[-55.147,-23.479],[-54.658,-23.261],[-54.171,-23.042],[-53.686,-22.821],[-53.202,-22.599],[-52.72,-22.375],[-52.239,-22.15],[-51.76,-21.923],[-51.282,-21.695],[-50.806,-21.466],[-50.332,-21.235],[-49.858,-21.003],[-49.387,-20.77],[-49.006,-21.1],[-48.624,-21.429],[-48.241,-21.757],[-47.855,-22.084],[-47.468,-22.41],[-47.079,-22.735],[-46.688,-23.059],[-46.295,-23.383],[-45.9,-23.705],[-45.456,-23.433],[-45.013,-23.16],[-44.572,-22.886],[-44.133,-22.61],[-43.696,-22.334],[-43.261,-22.056],[-42.827,-21.777],[-42.395,-21.497],[-41.964,-21.216],[-41.536,-20.933],[-41.108,-20.65],[-40.683,-20.365],[-40.259,-20.08],[-39.836,-19.794],[-39.415,-19.506],[-38.996,-19.218],[-38.578,-18.928],[-38.161,-18.638],[-37.746,-18.347],[-37.333,-18.055],[-36.92,-17.762],[-36.509,-17.468],[-36.1,-17.173],[-35.691,-16.878],[-35.284,-16.581],[-34.878,-16.284],[-34.474,-15.986],[-34.07,-15.688],[-33.668,-15.388]]}},{"type":"Feature","properties":{"boundary_type":"ridge","feature_type":"gpml:MidOceanRidge","polarity":null,"overriding_plate_id":null,"subducting_plate_id":null,"plate_ids":[901,902],"name":"MOR Pacific-Farallon"},"geometry":{"type":"LineString","coordinates":[[-103.766,-19.075],[-104.131,-18.752],[-104.494,-18.429],[-104.857,-18.105],[-105.217,-17.78],[-105.577,-17.454],[-105.935,-17.128],[-106.292,-16.801],[-106.648,-16.473],[-107.003,-16.145],[-107.356,-15.817],[-107.708,-15.487],[-108.059,-15.158],[-108.409,-14.827],[-108.778,-14.509],[-109.145,-14.191],[-109.512,-13.872],[-109.877,-13.552],[-110.242,-13.232],[-110.605,-12.911],[-110.968,-12.59],[-111.329,-12.268],[-111.69,-11.946],[-112.05,-11.624],[-112.409,-11.301],[-112.767,-10.977],[-113.125,-10.653],[-113.482,-10.329],[-113.838,-10.004],[-114.193,-9.679],[-113.917,-9.289],[-113.642,-8.898],[-113.368,-8.507],[-113.094,-8.116],[-112.82,-7.725],[-112.548,-7.334],[-112.275,-6.942],[-112.607,-6.662],[-112.938,-6.381],[-113.269,-6.1],[-113.599,-5.819],[-113.929,-5.538],[-114.259,-5.257],[-114.588,-4.975],[-114.959,-4.863],[-115.15,-4.659],[-115.34,-4.455],[-115.632,-4.237],[-115.919,-3.995],[-116.206,-3.753],[-116.388,-3.96],[-116.503,-3.818],[-116.704,-3.529],[-116.905,-3.241],[-117.106,-2.952],[-117.361,-2.734],[-117.616,-2.516],[-117.87,-2.298],[-118.129,-2.651],[-118.387,-3.005],[-118.646,-3.359],[-119.027,-3.054],[-119.407,-2.749],[-119.787,-2.443],[-120.029,-2.765],[-120.27,-3.087],[-120.512,-3.408],[-120.755,-3.73],[-121.091,-3.453],[-121.428,-3.177],[-121.765,-2.9],[-122.101,-2.624],[-122.394,-2.368],[-122.686,-2.113],[-122.979,-1.858],[-123.271,-1.602],[-123.377,-1.735],[-123.715,-1.431],[-124.052,-1.127],[-124.389,-0.823],[-124.489,-0.811],[-124.826,-0.461],[-125.134,-0.142],[-125.187,-0.089],[-125.428,0.093],[-125.696,0.362],[-125.963,0.631],[-126.206,0.851],[-126.294,0.985],[-126.5,1.16],[-126.876,1.479],[-126.964,1.552],[-127.318,1.886],[-127.465,2.024],[-127.644,2.214],[-127.824,2.404],[-128.011,2.603],[-128.199,2.802],[-128.479,2.391],[-128.758,1.979],[-129.01,2.227],[-129.262,2.474],[-129.514,2.721],[-129.699,2.866],[-129.817,2.944],[-130.068,3.201],[-130.319,3.459],[-130.612,3.798],[-130.961,4.118],[-131.016,4.148]]}},{"type":"Feature","properties":{"boundary_type":"ridge","feature_type":"gpml:MidOceanRidge","polarity":null,"overriding_plate_id":null,"subducting_plate_id":null,"plate_ids":[902,926],"name":"MOR Farallon-Izanagi"},"geometry":{"type":"LineString","coordinates":[[-133.589,4.22],[-133.572,4.617],[-133.555,5.015],[-133.507,5.49],[-133.459,5.966],[-133.411,6.441],[-133.363,6.917],[-133.315,7.393],[-133.266,7.868],[-133.218,8.344],[-133.169,8.819],[-133.121,9.295],[-133.072,9.77],[-133.048,10.209],[-133.025,10.648],[-133.001,11.087],[-132.978,11.525],[-132.954,11.964],[-132.93,12.403],[-132.906,12.842],[-132.882,13.28],[-133.383,13.317],[-133.884,13.352],[-134.386,13.387],[-134.887,13.42],[-135.389,13.453],[-135.89,13.484],[-135.836,13.981],[-135.781,14.477],[-135.725,14.974],[-135.67,15.47],[-135.614,15.967],[-135.558,16.463],[-135.502,16.96],[-135.445,17.456],[-135.389,17.953],[-135.331,18.449],[-135.274,18.946],[-135.216,19.442],[-135.158,19.938],[-135.099,20.435],[-135.04,20.931],[-134.981,21.427],[-134.921,21.924],[-134.861,22.42],[-134.8,22.916],[-134.739,23.412],[-134.678,23.909],[-134.616,24.405],[-134.553,24.901],[-134.49,25.397],[-134.427,25.893],[-134.363,26.389],[-134.298,26.885],[-134.234,27.38],[-134.169,27.875],[-134.104,28.37],[-134.038,28.865],[-133.972,29.36],[-133.905,29.854],[-133.837,30.349],[-133.769,30.844],[-133.699,31.339],[-133.146,31.304],[-132.593,31.267],[-132.041,31.228],[-131.489,31.187],[-130.937,31.143],[-130.387,31.096],[-129.836,31.048],[-129.286,30.997],[-129.211,31.472],[-129.134,31.946],[-129.056,32.421],[-128.978,32.896],[-128.899,33.37],[-128.819,33.845],[-128.738,34.319],[-128.656,34.794],[-128.574,35.268],[-128.49,35.743],[-128.405,36.217],[-128.32,36.691],[-128.233,37.165],[-128.145,37.64],[-128.056,38.114],[-127.966,38.588],[-127.874,39.061],[-127.782,39.535],[-127.688,40.009],[-127.592,40.483],[-127.496,40.956],[-127.398,41.43],[-127.298,41.903],[-127.198,42.377],[-127.761,42.414],[-128.324,42.449],[-128.889,42.48],[-129.454,42.509],[-130.019,42.536],[-129.926,43.017],[-129.831,43.499],[-129.735,43.98],[-129.638,44.461],[-129.539,44.943],[-129.438,45.424],[-129.335,45.905],[-129.23,46.386],[-129.124,46.867],[-129.016,47.347],[-128.906,47.828],[-128.793,48.308],[-128.679,48.789],[-128.562,49.269],[-128.443,49.749],[-128.322,50.229],[-128.198,50.709],[-128.072,51.189],[-127.943,51.669],[-128.552,51.738],[-129.164,51.804],[-129.777,51.867],[-130.391,51.927],[-130.249,52.401],[-130.104,52.876],[-129.956,53.35],[-129.804,53.824],[-129.649,54.298],[-129.49,54.771],[-129.328,55.245],[-129.161,55.718],[-128.991,56.191],[-128.816,56.664],[-128.637,57.136],[-128.453,57.608],[-128.264,58.08],[-128.071,58.552],[-127.872,59.023],[-127.667,59.494],[-127.457,59.965],[-127.24,60.435],[-127.018,60.905],[-126.788,61.375],[-125.852,61.26],[-124.923,61.139],[-124.002,61.011],[-123.702,61.47],[-123.393,61.929],[-123.075,62.386],[-122.747,62.843],[-122.408,63.299],[-122.059,63.754],[-121.698,64.208],[-121.325,64.662],[-120.94,65.114],[-120.541,65.566],[-120.128,66.016],[-119.701,66.465],[-119.257,66.913],[-118.797,67.36],[-118.32,67.805],[-117.824,68.249],[-117.384,68.589],[-116.931,68.928],[-118.022,69.175],[-119.137,69.414],[-120.277,69.647],[-121.442,69.871],[-122.632,70.088],[-123.847,70.297],[-125.086,70.497],[-126.349,70.689],[-127.635,70.872],[-128.946,71.046],[-128.544,71.511],[-128.122,71.975],[-127.679,72.438],[-127.213,72.9],[-126.722,73.36],[-126.204,73.82],[-125.656,74.278],[-125.076,74.735],[-124.461,75.19],[-123.809,75.643],[-123.114,76.095],[-122.375,76.544],[-121.585,76.991],[-120.74,77.436],[-119.835,77.878],[-118.862,78.316],[-117.815,78.751],[-116.685,79.182],[-115.463,79.609],[-114.138,80.031],[-112.698,80.447],[-111.129,80.856],[-109.416,81.258],[-107.541,81.652],[-105.484,82.036],[-103.223,82.409],[-100.735,82.769],[-98.115,83.123],[-95.219,83.46],[-92.019,83.78],[-88.486,84.078],[-87.017,83.806],[-85.672,83.53],[-81.97,83.8],[-77.95,84.042],[-73.615,84.252],[-68.979,84.428],[-64.077,84.565],[-58.961,84.661],[-53.702,84.713]]}},{"type":"Feature","properties":{"boundary_type":"transform","feature_type":"gpml:Transform","polarity":null,"overriding_plate_id":null,"subducting_plate_id":null,"plate_ids":[101,2035],"name":"TBD: Transform"},"geometry":{"type":"LineString","coordinates":[[-46.206,20.264],[-46.044,20.095],[-45.789,19.751],[-45.535,19.407],[-45.282,19.063],[-45.031,18.719],[-44.78,18.374],[-44.53,18.028],[-44.121,17.775],[-43.714,17.522],[-43.307,17.267],[-42.902,17.012],[-42.497,16.756],[-42.094,16.499],[-41.692,16.241],[-41.291,15.983],[-40.891,15.724],[-40.441,15.539],[-39.991,15.354],[-39.543,15.167],[-39.095,14.98],[-38.648,14.792],[-38.202,14.603],[-37.769,14.434],[-37.338,14.264],[-36.906,14.093],[-36.476,13.921],[-36.046,13.749],[-35.616,13.576],[-35.133,13.6],[-34.65,13.623],[-34.167,13.645]]}},{"type":"Feature","properties":{"boundary_type":"ridge","feature_type":"gpml:MidOceanRidge","polarity":null,"overriding_plate_id":null,"subducting_plate_id":null,"plate_ids":[101,205],"name":"Sandwell MOR"},"geometry":{"type":"LineString","coordinates":[[-36.717,19.675],[-36.426,20.031],[-36.133,20.387],[-35.839,20.743],[-35.505,20.55],[-35.171,20.355],[-34.923,20.727],[-34.674,21.099],[-34.424,21.47],[-34.171,21.287],[-33.849,21.672],[-33.526,22.056],[-33.201,22.439],[-32.88,22.216],[-32.561,21.994],[-32.242,21.77],[-31.921,22.051],[-31.598,22.332],[-31.275,22.612],[-31.024,22.353],[-30.774,22.094],[-30.5,22.335],[-30.225,22.575],[-30.004,22.422],[-29.784,22.268],[-29.557,22.447],[-29.328,22.626],[-29.116,22.422],[-28.905,22.218],[-28.73,22.36],[-28.509,22.098],[-28.289,21.837],[-28.017,22.041],[-27.763,21.78],[-27.51,21.518],[-27.239,21.686],[-26.975,21.364],[-26.711,21.042],[-26.45,20.72],[-26.189,20.397],[-25.929,20.074]]}},{"type":"Feature","properties":{"boundary_type":"transform","feature_type":"gpml:Transform","polarity":null,"overriding_plate_id":null,"subducting_plate_id":null,"plate_ids":[205,2035],"name":""},"geometry":{"type":"LineString","coordinates":[[-32.472,11.153],[-32.785,11.518],[-33.098,11.882],[-33.413,12.246],[-33.728,12.61],[-33.874,12.955],[-34.02,13.3],[-34.167,13.645]]}},{"type":"Feature","properties":{"boundary_type":"transform","feature_type":"gpml:Transform","polarity":null,"overriding_plate_id":null,"subducting_plate_id":null,"plate_ids":[101,205],"name":""},"geometry":{"type":"LineString","coordinates":[[-34.167,13.645],[-34.318,13.997],[-34.469,14.35],[-34.62,14.702],[-34.772,15.055],[-34.985,15.478],[-35.199,15.901],[-35.413,16.323],[-35.629,16.746],[-35.822,17.148],[-36.016,17.55],[-36.21,17.951],[-36.406,18.353],[-36.602,18.754],[-36.66,19.215],[-36.717,19.675]]}},{"type":"Feature","properties":{"boundary_type":"ridge","feature_type":"gpml:MidOceanRidge","polarity":null,"overriding_plate_id":null,"subducting_plate_id":null,"plate_ids":[201,2035],"name":"TBD: Proto-Caribbean spreading"},"geometry":{"type":"LineString","coordinates":[[-42.62,4.98],[-42.214,5.236],[-41.808,5.491],[-41.402,5.747],[-40.995,6.001],[-40.588,6.256],[-40.18,6.51],[-39.772,6.764],[-39.364,7.018],[-38.955,7.271],[-38.546,7.524],[-38.137,7.776],[-37.735,8.02],[-37.334,8.264],[-36.932,8.507],[-36.529,8.75],[-36.126,8.992],[-35.722,9.234],[-35.318,9.476],[-34.913,9.717],[-34.508,9.957],[-34.102,10.198],[-33.695,10.437],[-33.288,10.676],[-32.88,10.915],[-32.472,11.153]]}},{"type":"Feature","properties":{"boundary_type":"ridge","feature_type":"gpml:MidOceanRidge","polarity":null,"overriding_plate_id":null,"subducting_plate_id":null,"plate_ids":[201,205],"name":"TBD: Proto-Caribbean spreading"},"geometry":{"type":"LineString","coordinates":[[-32.472,11.153],[-32.063,11.39],[-31.653,11.627],[-31.242,11.864],[-30.83,12.099],[-30.418,12.335],[-30.006,12.569],[-29.592,12.803],[-29.178,13.036],[-28.762,13.269],[-28.346,13.501],[-27.93,13.732],[-27.512,13.963],[-27.094,14.193],[-26.674,14.422],[-26.434,14.067],[-26.194,13.711],[-25.954,13.355],[-25.715,13.0],[-25.28,13.263],[-24.844,13.526],[-24.407,13.788],[-23.969,14.049],[-23.529,14.31],[-23.089,14.569],[-22.648,14.828],[-22.206,15.086],[-21.762,15.343],[-21.318,15.6]]}},{"type":"Feature","properties":{"boundary_type":"ridge","feature_type":"gpml:MidOceanRidge","polarity":null,"overriding_plate_id":null,"subducting_plate_id":null,"plate_ids":[901,902],"name":"IZA-PAC MOR"},"geometry":{"type":"LineString","coordinates":[[-131.016,4.148],[-131.428,4.157],[-131.84,4.165],[-132.252,4.173],[-132.697,4.189],[-133.143,4.204],[-133.589,4.22]]}},{"type":"Feature","properties":{"boundary_type":"ridge","feature_type":"gpml:MidOceanRidge","polarity":null,"overriding_plate_id":null,"subducting_plate_id":null,"plate_ids":[901,926],"name":"IZA-PAC MOR"},"geometry":{"type":"LineString","coordinates":[[-133.589,4.22],[-133.978,4.233],[-134.368,4.245],[-134.757,4.258],[-135.147,4.27],[-135.646,4.25],[-136.145,4.23],[-136.644,4.209],[-137.144,4.188],[-137.643,4.167],[-138.142,4.145],[-138.412,4.473],[-138.682,4.801],[-138.952,5.129],[-139.404,4.967],[-139.855,4.804],[-140.306,4.641],[-140.701,4.336],[-141.096,4.031],[-141.442,3.754],[-141.787,3.477],[-142.093,3.252],[-142.399,3.028],[-142.705,2.803],[-142.396,2.424],[-142.087,2.044],[-141.778,1.663],[-141.469,1.283],[-141.161,0.903],[-141.285,0.799],[-141.546,0.584],[-141.807,0.368],[-141.964,0.261],[-142.138,0.103],[-142.498,-0.105],[-142.781,-0.326],[-143.064,-0.546],[-143.346,-0.767],[-143.717,-1.073],[-144.063,-1.402],[-144.409,-1.732],[-144.145,-2.004],[-143.88,-2.277],[-143.546,-2.613],[-143.212,-2.949],[-142.877,-3.285],[-142.651,-3.572],[-142.425,-3.858],[-142.198,-4.144],[-141.944,-4.435],[-141.69,-4.725],[-141.436,-5.015],[-141.181,-5.305],[-140.902,-5.651],[-140.623,-5.997],[-140.344,-6.343],[-140.709,-6.682],[-141.075,-7.02],[-141.442,-7.359],[-141.809,-7.697],[-142.177,-8.035],[-142.546,-8.372],[-142.915,-8.709],[-143.197,-8.964],[-143.481,-9.219],[-143.764,-9.473]]}},{"type":"Feature","properties":{"boundary_type":"ridge","feature_type":"gpml:MidOceanRidge","polarity":null,"overriding_plate_id":null,"subducting_plate_id":null,"plate_ids":[901],"name":"IZA-PAC MOR"},"geometry":{"type":"LineString","coordinates":[[-143.764,-9.473],[-144.133,-9.805],[-144.503,-10.136],[-144.874,-10.467],[-145.245,-10.797],[-145.617,-11.127],[-145.99,-11.457],[-146.364,-11.786],[-146.739,-12.115],[-147.115,-12.443],[-147.492,-12.77],[-147.869,-13.097],[-148.248,-13.424],[-148.628,-13.75]]}},{"type":"Feature","properties":{"boundary_type":"ridge","feature_type":"gpml:MidOceanRidge","polarity":null,"overriding_plate_id":null,"subducting_plate_id":null,"plate_ids":[926],"name":"IZA-PAC MOR"},"geometry":{"type":"LineString","coordinates":[[-143.764,-9.473],[-144.1,-9.778]]}},{"type":"Feature","properties":{"boundary_type":"ridge","feature_type":"gpml:MidOceanRidge","polarity":null,"overriding_plate_id":null,"subducting_plate_id":null,"plate_ids":[101,304],"name":"IB_NFLND_Exhumed_Mantle"},"geometry":{"type":"LineString","coordinates":[[11.173,27.494],[11.486,27.658],[11.8,27.821],[12.112,28.2],[12.421,28.545],[12.609,28.734],[12.797,28.923],[12.945,29.278],[13.052,29.709],[13.443,29.982],[13.723,30.073],[13.981,30.119],[14.201,30.28],[14.481,30.445],[14.796,30.706],[15.097,31.006],[15.157,31.244],[15.351,31.491],[15.807,31.75],[16.126,31.752],[16.362,31.875],[16.513,32.065],[16.622,32.18],[16.756,32.236],[17.069,32.059]]}},{"type":"Feature","properties":{"boundary_type":"subduction","feature_type":"gpml:SubductionZone","polarity":"Left","overriding_plate_id":2035,"subducting_plate_id":101,"plate_ids":[101,2035],"name":"Western NAM subduction"},"geometry":{"type":"LineString","coordinates":[[-46.206,20.264],[-46.224,19.86],[-46.242,19.456]]}},{"type":"Feature","properties":{"boundary_type":"subduction","feature_type":"gpml:SubductionZone","polarity":"Left","overriding_plate_id":2035,"subducting_plate_id":902,"plate_ids":[902,2035],"name":"Western NAM subduction"},"geometry":{"type":"LineString","coordinates":[[-46.242,19.456],[-46.263,18.977],[-46.283,18.499],[-46.244,18.009],[-46.205,17.519],[-46.165,17.03],[-46.126,16.54],[-46.088,16.05],[-46.03,15.591],[-45.973,15.132],[-45.915,14.673],[-45.859,14.215],[-45.802,13.756],[-45.726,13.388],[-45.65,13.019],[-45.575,12.651],[-45.5,12.283],[-45.475,11.841],[-45.451,11.399],[-45.427,10.957],[-45.49,10.562],[-45.553,10.168],[-45.615,9.774],[-45.696,9.296],[-45.777,8.819],[-45.858,8.342],[-45.595,7.957],[-45.332,7.572],[-45.07,7.186],[-44.854,6.87],[-44.64,6.553],[-44.425,6.236],[-44.211,5.92],[-43.878,5.724],[-43.545,5.527],[-43.212,5.331],[-42.88,5.134],[-42.62,4.98]]}},{"type":"Feature","properties":{"boundary_type":"subduction","feature_type":"gpml:SubductionZone","polarity":"Left","overriding_plate_id":201,"subducting_plate_id":902,"plate_ids":[201,902],"name":"Western NAM subduction"},"geometry":{"type":"LineString","coordinates":[[-42.62,4.98],[-42.242,4.756],[-41.864,4.532],[-41.487,4.308],[-41.163,3.953],[-40.838,3.598],[-40.514,3.243],[-40.249,2.952],[-39.984,2.66],[-39.719,2.369],[-39.53,2.01],[-39.341,1.65],[-39.152,1.29],[-38.971,0.946],[-38.79,0.602],[-38.61,0.258],[-38.491,0.03],[-38.373,-0.199]]}},{"type":"Feature","properties":{"boundary_type":"subduction","feature_type":"gpml:SubductionZone","polarity":"Right","overriding_plate_id":201,"subducting_plate_id":919,"plate_ids":[201,919],"name":"South America trench taken from COB file"},"geometry":{"type":"LineString","coordinates":[[-33.784,-35.229],[-33.544,-34.833],[-33.307,-34.437],[-33.072,-34.04],[-32.839,-33.642],[-32.608,-33.245],[-32.379,-32.846],[-32.269,-32.371],[-32.16,-31.895],[-32.053,-31.42],[-31.947,-30.944],[-31.841,-30.468],[-31.737,-29.992],[-31.634,-29.517],[-31.531,-29.04],[-31.43,-28.564],[-31.271,-28.176],[-31.113,-27.787],[-30.956,-27.398],[-30.801,-27.009],[-30.646,-26.619],[-30.551,-26.163],[-30.457,-25.707],[-30.363,-25.251],[-30.27,-24.794],[-30.178,-24.338],[-30.086,-23.881],[-29.995,-23.425],[-29.904,-22.968],[-29.831,-22.561],[-29.759,-22.153],[-29.686,-21.745],[-29.745,-21.305],[-29.802,-20.865],[-29.784,-20.524],[-29.765,-20.183],[-29.895,-19.75],[-30.025,-19.318],[-30.28,-18.883],[-30.533,-18.449],[-30.842,-18.098],[-31.15,-17.748],[-31.456,-17.396],[-31.762,-17.044],[-32.066,-16.692],[-32.505,-16.448],[-32.944,-16.203],[-33.186,-15.932],[-33.427,-15.66],[-33.668,-15.388]]}},{"type":"Feature","properties":{"boundary_type":"subduction","feature_type":"gpml:SubductionZone","polarity":"Right","overriding_plate_id":201,"subducting_plate_id":902,"plate_ids":[201,902],"name":"South America trench taken from COB file"},"geometry":{"type":"LineString","coordinates":[[-33.668,-15.388],[-33.969,-15.048],[-34.268,-14.707],[-34.567,-14.366],[-34.864,-14.024],[-35.161,-13.682],[-35.457,-13.339],[-35.752,-12.997],[-35.972,-12.587],[-36.192,-12.177],[-36.411,-11.767],[-36.629,-11.357],[-36.847,-10.946],[-37.064,-10.536],[-37.28,-10.125],[-37.496,-9.714],[-37.712,-9.303],[-37.927,-8.892],[-38.141,-8.481],[-38.284,-8.019],[-38.427,-7.558],[-38.57,-7.096],[-38.712,-6.635],[-38.855,-6.173],[-38.996,-5.711],[-39.138,-5.25],[-39.28,-4.788],[-39.186,-4.304],[-39.092,-3.82],[-38.998,-3.336],[-38.905,-2.853],[-38.811,-2.369],[-38.718,-1.885],[-38.668,-1.605],[-38.629,-1.351],[-38.56,-1.072],[-38.484,-0.702],[-38.43,-0.496],[-38.392,-0.251],[-38.373,-0.199]]}},{"type":"Feature","properties":{"boundary_type":"transform","feature_type":"gpml:Transform","polarity":null,"overriding_plate_id":null,"subducting_plate_id":null,"plate_ids":[101,205],"name":"Marathon Transform, N Margin of Eq Atlantic"},"geometry":{"type":"LineString","coordinates":[[-25.929,20.074],[-25.639,19.792],[-25.349,19.509],[-25.061,19.227],[-24.774,18.943],[-24.442,18.629],[-24.111,18.314],[-23.781,17.998],[-23.453,17.682],[-23.126,17.366],[-22.799,17.048],[-22.474,16.731],[-22.15,16.412],[-21.827,16.094],[-21.572,15.847],[-21.318,15.6]]}},{"type":"Feature","properties":{"boundary_type":"transform","feature_type":"gpml:Transform","polarity":null,"overriding_plate_id":null,"subducting_plate_id":null,"plate_ids":[101,201],"name":"Marathon Transform, N Margin of Eq Atlantic"},"geometry":{"type":"LineString","coordinates":[[-21.318,15.6],[-20.973,15.263],[-20.629,14.926],[-20.286,14.588],[-19.944,14.25],[-19.603,13.911],[-19.263,13.572],[-18.924,13.233],[-18.587,12.893],[-18.249,12.552],[-17.89,12.278],[-17.532,12.004],[-17.174,11.729],[-16.817,11.453],[-16.461,11.178],[-16.106,10.902],[-15.751,10.625],[-15.396,10.348],[-15.043,10.071],[-14.816,9.954]]}},{"type":"Feature","properties":{"boundary_type":"transform","feature_type":"gpml:Transform","polarity":null,"overriding_plate_id":null,"subducting_plate_id":null,"plate_ids":[201,714],"name":"Marathon Transform, N Margin of Eq Atlantic"},"geometry":{"type":"LineString","coordinates":[[-14.816,9.954],[-14.374,9.727],[-13.932,9.498],[-13.49,9.269],[-13.049,9.04],[-12.609,8.81],[-12.169,8.579],[-11.73,8.348],[-11.291,8.117],[-10.875,7.976],[-10.46,7.836],[-10.045,7.694],[-9.63,7.553],[-9.215,7.411],[-8.801,7.268]]}},{"type":"Feature","properties":{"boundary_type":"subduction","feature_type":"gpml:SubductionZone","polarity":"Left","overriding_plate_id":301,"subducting_plate_id":715,"plate_ids":[301,715],"name":"Vadar Sea subduction 170Ma geom"},"geometry":{"type":"LineString","coordinates":[[46.279,28.743],[46.03,28.478],[45.71,28.121],[45.392,27.762],[45.076,27.403],[44.762,27.043],[44.471,26.654],[44.182,26.265],[43.895,25.875],[43.61,25.484],[43.327,25.093],[43.046,24.701],[42.773,24.363],[42.501,24.025],[42.231,23.686],[41.962,23.347],[41.933,22.884],[41.903,22.422],[41.874,21.959],[41.845,21.497],[41.899,21.051],[41.953,20.606],[42.006,20.161],[42.059,19.715],[42.114,19.306],[42.169,18.898],[42.223,18.489],[42.277,18.08],[42.408,17.604],[42.538,17.129],[42.668,16.653],[42.799,16.25],[42.93,15.848],[43.061,15.445],[43.191,15.042],[43.321,14.639],[43.45,14.236],[43.813,13.951],[44.176,13.666],[44.538,13.38],[44.9,13.094],[45.324,12.846],[45.747,12.598],[46.17,12.349],[46.592,12.099],[46.99,11.842],[47.388,11.584],[47.784,11.326],[48.18,11.068],[48.576,10.808],[48.97,10.549],[49.364,10.289],[49.758,10.028]]}},{"type":"Feature","properties":{"boundary_type":"other","feature_type":"gpml:ExtendedContinentalCrust","polarity":null,"overriding_plate_id":null,"subducting_plate_id":null,"plate_ids":[201,28900],"name":"Southern Margin of Southern South America deforming region"},"geometry":{"type":"LineString","coordinates":[[-7.073,-52.98],[-6.327,-52.965],[-5.58,-52.945],[-4.835,-52.92],[-4.228,-52.809],[-3.625,-52.694],[-3.024,-52.576],[-2.427,-52.456],[-1.794,-52.207],[-1.169,-51.956],[-0.551,-51.701],[-0.193,-51.33],[0.16,-50.959],[0.507,-50.587],[0.675,-50.261],[0.841,-49.936],[1.004,-49.61],[1.05,-49.483]]}},{"type":"Feature","properties":{"boundary_type":"other","feature_type":"gpml:ExtendedContinentalCrust","polarity":null,"overriding_plate_id":null,"subducting_plate_id":null,"plate_ids":[201,28900],"name":"Southern Margin of Southern South America deforming region"},"geometry":{"type":"LineString","coordinates":[[-34.548,-54.176],[-34.012,-54.328],[-33.472,-54.477],[-32.928,-54.624],[-32.257,-54.805],[-31.58,-54.982],[-30.898,-55.155],[-30.209,-55.325],[-29.514,-55.49],[-28.814,-55.652],[-28.135,-55.707],[-27.453,-55.758],[-26.77,-55.805],[-26.085,-55.849],[-25.44,-55.814],[-24.796,-55.777],[-24.154,-55.735],[-23.464,-55.671],[-22.776,-55.603],[-22.091,-55.532],[-21.277,-55.408],[-20.468,-55.28],[-19.665,-55.145],[-18.867,-55.006],[-18.163,-54.975],[-17.46,-54.939],[-16.758,-54.9],[-16.058,-54.857],[-15.28,-54.844],[-14.503,-54.827],[-13.726,-54.805],[-13.052,-54.672],[-12.383,-54.536],[-11.718,-54.396],[-11.071,-54.297],[-10.427,-54.194],[-9.786,-54.088],[-9.148,-53.979],[-8.661,-53.78],[-8.179,-53.579],[-7.701,-53.376],[-7.386,-53.179],[-7.073,-52.98]]}},{"type":"Feature","properties":{"boundary_type":"subduction","feature_type":"gpml:SubductionZone","polarity":"Right","overriding_plate_id":28900,"subducting_plate_id":802,"plate_ids":[802,28900],"name":"South America trench taken from COB file and RUM"},"geometry":{"type":"LineString","coordinates":[[-27.094,-57.844],[-27.432,-57.772],[-27.891,-57.681],[-28.529,-57.544],[-29.007,-57.443],[-29.472,-57.293],[-29.666,-57.206],[-29.858,-57.133],[-30.164,-57.019],[-30.417,-56.925],[-30.782,-56.783],[-31.145,-56.639],[-31.467,-56.509],[-31.8,-56.384],[-32.106,-56.252],[-32.295,-56.156],[-32.796,-55.926],[-33.128,-55.749],[-33.456,-55.572],[-33.836,-55.358],[-34.195,-55.006],[-34.238,-54.943],[-34.417,-54.581],[-34.535,-54.223],[-34.548,-54.176]]}},{"type":"Feature","properties":{"boundary_type":"subduction","feature_type":"gpml:SubductionZone","polarity":"Right","overriding_plate_id":201,"subducting_plate_id":802,"plate_ids":[201,802],"name":"South America trench taken from COB file and RUM"},"geometry":{"type":"LineString","coordinates":[[-34.548,-54.176],[-34.637,-53.849],[-34.736,-53.523],[-34.768,-53.361],[-34.896,-53.054],[-35.162,-52.678],[-35.387,-52.322],[-35.544,-51.993],[-35.692,-51.705],[-35.744,-51.528]]}},{"type":"Feature","properties":{"boundary_type":"subduction","feature_type":"gpml:SubductionZone","polarity":"Right","overriding_plate_id":201,"subducting_plate_id":919,"plate_ids":[201,919],"name":"South America trench taken from COB file and RUM"},"geometry":{"type":"LineString","coordinates":[[-35.744,-51.528],[-35.765,-51.455],[-35.874,-51.137],[-35.972,-50.782],[-35.956,-50.332],[-35.842,-49.966],[-35.75,-49.743],[-35.648,-49.476],[-35.518,-49.168],[-35.409,-48.927],[-35.3,-48.685],[-35.087,-48.264],[-34.949,-47.912],[-34.866,-47.571],[-34.973,-47.138],[-35.015,-46.858],[-35.052,-46.626],[-35.055,-46.547],[-35.054,-46.289],[-35.054,-45.98],[-35.039,-45.613],[-35.01,-45.305],[-34.974,-44.973],[-34.931,-44.607],[-34.901,-44.34],[-34.864,-44.008],[-34.828,-43.676],[-34.778,-43.245],[-34.72,-42.835],[-34.657,-42.452],[-34.61,-42.186],[-34.565,-41.92],[-34.513,-41.626],[-34.461,-41.155],[-34.436,-40.865],[-34.398,-40.495],[-34.241,-40.192],[-34.16,-39.893],[-34.08,-39.593],[-34.08,-39.593],[-34.089,-39.111],[-34.012,-38.668],[-33.908,-38.3],[-33.805,-37.932],[-33.703,-37.564],[-33.602,-37.196],[-33.649,-36.704],[-33.694,-36.213],[-33.74,-35.721],[-33.784,-35.229]]}},{"type":"Feature","properties":{"boundary_type":"transform","feature_type":"gpml:Transform","polarity":null,"overriding_plate_id":null,"subducting_plate_id":null,"plate_ids":[101,714],"name":"South Iberia 145Ma geom 304"},"geometry":{"type":"LineString","coordinates":[[10.586,28.279],[10.881,27.887],[11.173,27.494]]}},{"type":"Feature","properties":{"boundary_type":"transform","feature_type":"gpml:Transform","polarity":null,"overriding_plate_id":null,"subducting_plate_id":null,"plate_ids":[714],"name":"South Iberia 145Ma geom 304"},"geometry":{"type":"LineString","coordinates":[[11.173,27.494],[11.426,27.151],[11.677,26.808],[11.927,26.464],[12.175,26.12],[12.422,25.775],[12.885,25.537],[13.347,25.297],[13.806,25.057],[14.264,24.814],[14.719,24.57],[15.173,24.325],[15.626,24.079],[16.076,23.831],[16.525,23.582],[16.972,23.332],[17.418,23.08],[17.861,22.827],[18.342,22.629],[18.821,22.43],[19.299,22.229],[19.776,22.026],[20.251,21.823],[20.77,21.837],[21.288,21.85],[21.806,21.862],[22.187,21.718],[22.566,21.573]]}},{"type":"Feature","properties":{"boundary_type":"ridge","feature_type":"gpml:MidOceanRidge","polarity":null,"overriding_plate_id":null,"subducting_plate_id":null,"plate_ids":[301],"name":"Valais Sea MOR"},"geometry":{"type":"LineString","coordinates":[[26.8,27.243],[27.205,27.047],[27.608,26.851],[28.009,26.653],[28.409,26.454],[28.395,26.391],[28.91,26.303],[29.425,26.213],[29.938,26.122],[30.451,26.029],[30.963,25.933]]}},{"type":"Feature","properties":{"boundary_type":"ridge","feature_type":"gpml:MidOceanRidge","polarity":null,"overriding_plate_id":null,"subducting_plate_id":null,"plate_ids":[301,715],"name":"Valais Sea MOR"},"geometry":{"type":"LineString","coordinates":[[30.963,25.933],[31.301,25.87],[31.281,25.764],[31.711,25.659],[32.14,25.553],[32.569,25.445],[32.997,25.336],[33.424,25.226]]}},{"type":"Feature","properties":{"boundary_type":"ridge","feature_type":"gpml:MidOceanRidge","polarity":null,"overriding_plate_id":null,"subducting_plate_id":null,"plate_ids":[301,715],"name":"Alpine Tethys MOR 145Ma"},"geometry":{"type":"LineString","coordinates":[[33.424,25.226],[33.754,25.457],[34.009,25.653],[34.265,25.849],[34.664,26.125],[35.064,26.4],[35.398,26.655],[35.733,26.909],[36.069,27.163],[36.393,26.858],[36.839,27.116],[37.287,27.373],[37.737,27.628],[38.19,27.882],[38.644,28.134]]}},{"type":"Feature","properties":{"boundary_type":"transform","feature_type":"gpml:Transform","polarity":null,"overriding_plate_id":null,"subducting_plate_id":null,"plate_ids":[301,715],"name":"Transform between Eurasia and Dinaride block"},"geometry":{"type":"LineString","coordinates":[[38.644,28.134],[39.196,28.215],[39.75,28.293],[40.303,28.369],[40.787,28.427],[41.272,28.483],[41.757,28.538],[42.242,28.59],[42.728,28.641],[43.215,28.691],[43.702,28.738],[44.217,28.743],[44.733,28.746],[45.248,28.747],[45.764,28.746],[46.279,28.743]]}},{"type":"Feature","properties":{"boundary_type":"other","feature_type":"gpml:ExtendedContinentalCrust","polarity":null,"overriding_plate_id":null,"subducting_plate_id":null,"plate_ids":[714,715],"name":"North African Basins, Eastern Boundary"},"geometry":{"type":"LineString","coordinates":[[14.159,-7.489],[14.294,-7.029],[14.428,-6.57],[14.563,-6.11],[14.902,-6.042],[15.242,-5.974],[15.581,-5.905],[15.893,-5.78],[16.205,-5.655],[16.516,-5.529],[16.813,-5.315],[17.109,-5.102],[17.227,-4.788],[17.345,-4.475],[17.462,-4.162],[17.497,-3.749],[17.532,-3.336],[17.567,-2.922],[17.586,-2.551],[17.604,-2.18],[17.623,-1.809],[17.678,-1.334],[17.734,-0.858],[17.789,-0.383],[18.063,-0.022],[18.337,0.339],[18.302,0.634],[18.267,0.929],[18.381,1.312],[18.495,1.695],[18.61,2.078],[18.667,2.505],[18.725,2.932],[18.783,3.358],[19.235,3.361],[19.686,3.363],[20.138,3.365],[20.501,3.187],[20.863,3.009],[21.225,2.831],[21.61,2.816],[21.994,2.801],[22.379,2.786],[22.763,2.771],[23.233,2.601],[23.703,2.431],[24.128,2.189],[24.554,1.946],[24.979,1.704],[25.404,1.462],[25.794,1.463],[26.183,1.464],[26.572,1.465],[26.962,1.465],[27.326,1.299],[27.69,1.132],[28.139,1.135],[28.589,1.138],[29.038,1.141],[29.285,1.506],[29.532,1.871],[29.778,2.236],[30.025,2.6],[30.272,2.965],[30.134,3.299],[29.996,3.632],[29.858,3.966],[29.851,4.396],[29.843,4.826],[29.836,5.255],[30.074,5.627],[30.312,5.999],[30.55,6.37],[30.789,6.742],[31.028,7.113],[31.428,7.352],[31.83,7.591],[32.231,7.829],[32.355,7.895]]}},{"type":"Feature","properties":{"boundary_type":"transform","feature_type":"gpml:Transform","polarity":null,"overriding_plate_id":null,"subducting_plate_id":null,"plate_ids":[714,715],"name":"NWA-NEA Transform"},"geometry":{"type":"LineString","coordinates":[[27.636,20.875],[27.739,20.742],[27.9,20.282],[28.06,19.822],[28.238,19.45],[28.414,19.077],[28.59,18.705],[28.764,18.332],[28.956,17.944],[29.147,17.557],[29.337,17.169],[29.526,16.781],[29.714,16.393],[29.902,16.004],[30.068,15.558],[30.234,15.111],[30.398,14.664],[30.562,14.217],[30.726,13.77],[30.888,13.323],[31.029,12.859],[31.17,12.395],[31.31,11.931],[31.449,11.466],[31.588,11.002],[31.726,10.538],[31.865,10.073],[31.867,9.64],[31.869,9.207],[31.872,8.773],[31.874,8.34]]}},{"type":"Feature","properties":{"boundary_type":"other","feature_type":"gpml:ExtendedContinentalCrust","polarity":null,"overriding_plate_id":null,"subducting_plate_id":null,"plate_ids":[701,715],"name":"Central African Rifts, Southern Boundary"},"geometry":{"type":"LineString","coordinates":[[18.871,-12.011],[19.353,-12.154],[19.836,-12.295],[20.319,-12.436],[20.803,-12.576],[21.28,-12.644],[21.757,-12.711],[22.235,-12.777],[22.713,-12.842],[23.191,-12.907],[23.564,-13.129],[23.937,-13.351],[24.311,-13.572],[24.686,-13.793],[24.863,-14.214],[25.041,-14.634],[25.22,-15.054],[25.4,-15.475],[25.58,-15.895],[25.761,-16.314],[25.943,-16.734],[26.125,-17.153],[26.115,-17.5],[26.105,-17.847],[26.333,-18.106],[26.562,-18.365],[26.791,-18.623],[26.655,-19.066],[26.518,-19.508],[26.737,-19.927],[26.958,-20.346],[27.18,-20.765],[27.403,-21.184],[27.74,-21.435],[28.077,-21.685],[28.416,-21.934],[28.756,-22.183],[29.097,-22.431],[29.449,-22.714],[29.801,-22.996],[30.156,-23.278],[30.511,-23.558],[30.869,-23.838],[31.227,-24.117],[31.666,-24.135],[32.104,-24.152],[32.543,-24.168],[32.982,-24.182],[33.426,-23.965],[33.869,-23.746],[34.31,-23.526],[34.75,-23.304],[35.188,-23.082],[35.625,-22.858],[36.038,-22.726],[36.451,-22.593],[36.863,-22.459],[37.275,-22.324],[37.722,-22.185],[38.169,-22.046],[38.615,-21.905],[39.136,-21.965],[39.658,-22.023],[40.179,-22.08],[40.702,-22.135],[41.224,-22.188],[41.703,-22.261],[42.183,-22.333],[42.662,-22.404],[43.143,-22.473],[43.624,-22.541],[44.105,-22.607],[44.591,-22.654],[45.078,-22.701],[45.565,-22.745],[46.052,-22.789],[46.54,-22.83],[47.028,-22.871],[47.494,-22.877],[47.959,-22.883],[48.425,-22.887],[48.891,-22.889],[49.357,-22.89],[49.823,-22.89],[50.303,-22.924],[50.783,-22.956],[51.263,-22.987],[51.743,-23.016],[52.224,-23.044],[52.704,-23.07],[53.185,-23.095],[53.725,-23.116],[54.264,-23.134],[54.803,-23.15],[55.343,-23.165],[55.882,-23.178],[56.422,-23.189],[56.962,-23.198],[57.484,-23.256],[58.007,-23.311],[58.53,-23.365],[59.006,-23.407],[59.483,-23.448],[59.959,-23.487],[60.436,-23.525],[60.913,-23.562]]}},{"type":"Feature","properties":{"boundary_type":"ridge","feature_type":"gpml:MidOceanRidge","polarity":null,"overriding_plate_id":null,"subducting_plate_id":null,"plate_ids":[528,529],"name":"Kohistan back-arc MOR"},"geometry":{"type":"LineString","coordinates":[[88.093,14.434],[88.481,14.235],[88.869,14.036],[89.256,13.836],[89.642,13.635],[90.124,13.498],[90.605,13.36],[91.086,13.221],[91.567,13.081],[92.046,12.941],[92.526,12.799],[93.004,12.657],[93.483,12.513],[93.96,12.369],[94.437,12.224],[94.914,12.079],[94.86,11.726],[94.807,11.374],[94.753,11.021],[95.238,10.919],[95.723,10.816],[96.208,10.712],[96.692,10.607],[97.176,10.502],[97.659,10.395],[97.61,10.006],[97.56,9.617],[97.511,9.228],[97.916,9.164],[98.322,9.1],[98.727,9.035],[99.133,8.97],[99.08,8.557],[99.028,8.143],[99.469,8.065],[99.909,7.986],[100.35,7.907],[100.79,7.828],[100.743,7.5],[100.697,7.172],[101.156,7.103],[101.615,7.034],[102.073,6.964],[102.532,6.893],[102.99,6.822],[103.448,6.751],[103.907,6.679],[104.365,6.607],[104.822,6.535],[105.28,6.462],[105.738,6.388],[106.195,6.314],[106.424,6.287]]}},{"type":"Feature","properties":{"boundary_type":"ridge","feature_type":"gpml:MidOceanRidge","polarity":null,"overriding_plate_id":null,"subducting_plate_id":null,"plate_ids":[528,529],"name":"Kohistan back-arc MOR"},"geometry":{"type":"LineString","coordinates":[[106.424,6.287],[106.566,6.66],[106.708,7.034],[107.183,6.946],[107.658,6.858],[108.132,6.77],[108.606,6.681],[109.08,6.592],[109.554,6.503],[110.028,6.412],[110.501,6.322],[110.975,6.231],[111.448,6.14],[111.544,6.628],[111.641,7.116],[112.113,7.017],[112.584,6.918],[113.055,6.818],[113.526,6.717],[113.997,6.616],[114.468,6.515],[114.857,6.452],[115.246,6.389],[115.635,6.325]]}},{"type":"Feature","properties":{"boundary_type":"other","feature_type":"gpml:ContinentalRift","polarity":null,"overriding_plate_id":null,"subducting_plate_id":null,"plate_ids":[101],"name":"North America - Greenland rift"},"geometry":{"type":"LineString","coordinates":[[23.343,65.14],[24.077,64.85],[24.795,64.556],[25.498,64.258],[26.185,63.957],[26.858,63.653]]}},{"type":"Feature","properties":{"boundary_type":"other","feature_type":"gpml:ContinentalRift","polarity":null,"overriding_plate_id":null,"subducting_plate_id":null,"plate_ids":[101,301],"name":"North America - Greenland rift"},"geometry":{"type":"LineString","coordinates":[[26.858,63.653],[27.736,63.352],[28.596,63.045],[29.437,62.734],[30.261,62.417],[31.067,62.096],[31.958,62.032],[32.845,61.962],[33.727,61.886],[34.605,61.805],[35.166,61.444],[35.713,61.08],[36.248,60.714],[36.232,60.264],[36.216,59.815],[36.201,59.365],[36.186,58.915],[35.725,58.519],[35.275,58.121],[34.834,57.722],[34.633,57.352],[34.436,56.981],[34.243,56.609],[34.054,56.238],[33.702,55.8],[33.358,55.362],[33.022,54.923],[32.693,54.483],[32.515,54.11],[32.34,53.737],[32.168,53.363],[32.0,52.99],[32.126,52.618],[32.25,52.247],[32.23,51.833],[32.209,51.418],[32.189,51.004],[32.043,50.655],[31.898,50.305],[31.756,49.956],[31.386,49.582],[31.021,49.208],[30.662,48.832],[30.189,48.566],[29.721,48.297],[29.258,48.027],[28.805,47.758],[28.356,47.487],[27.912,47.214],[27.472,46.94],[26.985,46.76],[26.5,46.577],[26.019,46.393],[25.541,46.207],[24.875,46.126],[24.211,46.041],[23.548,45.953],[22.888,45.861],[22.4,45.506],[21.919,45.148],[21.443,44.789],[20.973,44.428],[20.509,44.065],[20.05,43.7],[19.597,43.333],[19.173,42.989],[18.753,42.643],[18.338,42.295],[17.927,41.946],[17.521,41.596],[17.119,41.244],[16.833,40.9],[16.55,40.556],[16.126,40.255],[16.301,39.827],[16.474,39.399],[16.644,38.97],[16.812,38.542],[16.979,38.113],[17.143,37.684],[17.557,37.788],[17.972,37.891],[18.19,37.472],[18.406,37.052],[18.619,36.632],[18.83,36.211],[19.039,35.79],[19.246,35.369],[19.45,34.947],[19.652,34.525],[19.284,34.205],[18.919,33.884],[18.557,33.562],[18.197,33.239],[17.84,32.915],[17.494,32.533]]}},{"type":"Feature","properties":{"boundary_type":"other","feature_type":"gpml:ContinentalRift","polarity":null,"overriding_plate_id":null,"subducting_plate_id":null,"plate_ids":[101,304],"name":"North America - Greenland rift"},"geometry":{"type":"LineString","coordinates":[[17.494,32.533],[17.281,32.297],[17.069,32.059]]}},{"type":"Feature","properties":{"boundary_type":"other","feature_type":"gpml:TerraneBoundary","polarity":null,"overriding_plate_id":null,"subducting_plate_id":null,"plate_ids":[701,715],"name":"Northeast Africa-South Africa"},"geometry":{"type":"LineString","coordinates":[[18.871,-12.011],[18.811,-11.888],[18.57,-11.763],[18.329,-11.638],[18.058,-11.557],[17.787,-11.476],[17.328,-11.334],[16.87,-11.191],[16.555,-11.046],[16.241,-10.9],[15.927,-10.753],[15.698,-10.565],[15.468,-10.377],[15.347,-10.278]]}},{"type":"Feature","properties":{"boundary_type":"other","feature_type":"gpml:UnclassifiedFeature","polarity":null,"overriding_plate_id":null,"subducting_plate_id":null,"plate_ids":[301,304],"name":""},"geometry":{"type":"LineString","coordinates":[[17.494,32.533],[17.764,32.247],[18.032,31.96],[18.193,31.687],[18.303,31.293],[18.553,31.033],[18.935,30.856],[19.252,30.813],[19.599,30.613],[19.77,30.513],[19.944,30.412],[20.38,30.297],[20.589,30.242],[20.859,30.111],[21.045,30.02],[21.363,29.861],[21.631,29.726],[21.947,29.548],[22.261,29.369],[22.58,29.214],[22.898,29.058],[23.218,28.77],[23.537,28.48],[23.803,28.063],[24.066,27.645],[24.396,27.366],[24.724,27.085],[25.028,26.775],[25.331,26.464],[25.712,26.144]]}},{"type":"Feature","properties":{"boundary_type":"other","feature_type":"gpml:UnclassifiedFeature","polarity":null,"overriding_plate_id":null,"subducting_plate_id":null,"plate_ids":[301,304],"name":"Boundary_Deform_BoB"},"geometry":{"type":"LineString","coordinates":[[26.8,27.243],[26.486,26.972],[26.227,26.696],[25.969,26.42],[25.712,26.144]]}},{"type":"Feature","properties":{"boundary_type":"subduction","feature_type":"gpml:SubductionZone","polarity":"Right","overriding_plate_id":801,"subducting_plate_id":919,"plate_ids":[801,919],"name":"East Gondwana active margin"},"geometry":{"type":"LineString","coordinates":[[158.506,-57.493],[158.523,-57.501],[158.88,-57.706],[159.287,-57.991],[159.7,-58.275],[160.004,-58.637],[160.315,-58.998],[160.36,-59.44],[160.406,-59.881],[160.109,-60.091],[159.808,-60.301],[159.363,-60.599],[158.911,-60.895],[158.449,-61.19],[158.815,-61.51],[159.188,-61.83],[158.978,-62.214],[158.762,-62.599],[159.186,-63.021],[159.794,-63.298],[160.414,-63.572],[161.09,-63.957],[161.785,-64.338],[162.499,-64.716],[163.234,-65.091],[163.989,-65.462],[164.279,-65.881],[164.578,-66.299],[164.569,-66.678],[164.559,-67.057],[164.55,-67.436],[164.813,-67.763],[165.085,-68.09],[165.364,-68.416],[165.659,-68.798],[165.964,-69.179],[166.471,-69.543],[166.995,-69.905],[167.549,-70.286],[168.124,-70.665],[168.687,-70.925],[169.264,-71.184],[169.52,-71.445],[169.784,-71.705],[169.503,-71.987],[169.404,-72.203],[169.0,-72.472],[168.642,-72.781],[168.271,-73.089],[167.475,-73.489],[166.64,-73.885],[166.133,-74.229],[165.604,-74.572],[165.108,-74.971],[164.585,-75.369],[164.009,-75.784],[162.794,-75.997],[161.543,-76.204],[160.255,-76.404],[160.333,-76.681],[160.356,-77.042],[160.381,-77.403],[161.188,-77.733],[162.039,-78.061],[162.031,-78.475],[161.627,-78.86],[161.194,-79.243],[161.034,-79.544],[160.864,-79.844],[161.256,-80.259],[161.313,-80.601],[161.374,-80.943],[163.589,-81.278],[165.976,-81.599],[167.398,-81.757],[168.875,-81.91],[170.606,-82.02],[172.383,-82.122],[174.738,-82.283],[177.188,-82.43],[177.899,-82.531],[-179.615,-82.409],[-177.213,-82.273],[-173.596,-82.34],[-169.929,-82.376],[-167.239,-82.413],[-164.528,-82.433],[-161.968,-82.47],[-159.387,-82.491],[-156.865,-82.614],[-154.264,-82.722],[-152.563,-82.861],[-150.796,-82.993],[-148.128,-83.124],[-145.362,-83.24],[-142.507,-83.34],[-138.712,-83.321],[-134.954,-83.274],[-132.059,-83.163],[-129.263,-83.036],[-126.572,-82.894],[-123.991,-82.83]]}},{"type":"Feature","properties":{"boundary_type":"ridge","feature_type":"gpml:MidOceanRidge","polarity":null,"overriding_plate_id":null,"subducting_plate_id":null,"plate_ids":[201,701],"name":"SAM MOR and boundary"},"geometry":{"type":"LineString","coordinates":[[7.664,-6.25],[7.588,-6.648],[7.511,-7.046],[7.434,-7.444],[7.356,-7.842],[7.463,-8.204],[7.569,-8.566],[7.676,-8.928],[7.783,-9.29],[7.726,-9.767],[7.668,-10.243],[7.508,-10.565],[7.348,-10.887],[7.187,-11.209],[6.84,-11.485],[6.491,-11.761],[6.142,-12.037],[5.792,-12.312],[5.442,-12.586],[5.09,-12.861],[4.837,-13.197],[4.582,-13.534],[4.327,-13.87],[4.072,-14.206],[3.815,-14.542],[3.57,-14.851],[3.324,-15.16],[3.077,-15.468],[2.83,-15.776],[2.84,-16.256],[2.851,-16.735],[2.861,-17.214],[2.842,-17.644],[2.822,-18.073],[2.802,-18.503],[2.782,-18.932],[2.657,-19.32],[2.531,-19.707],[2.404,-20.095],[2.277,-20.482],[2.149,-20.869],[1.988,-21.249],[1.827,-21.628],[1.664,-22.007],[1.501,-22.387],[1.366,-22.774],[1.231,-23.161],[1.095,-23.547],[0.959,-23.934],[0.821,-24.321],[0.466,-24.652],[0.11,-24.983],[-0.249,-25.312],[-0.61,-25.641],[-0.972,-25.969],[-1.373,-26.224],[-1.776,-26.478],[-2.181,-26.73],[-2.588,-26.981],[-2.996,-27.232],[-3.406,-27.48],[-3.818,-27.728],[-4.232,-27.975],[-4.554,-28.346],[-4.878,-28.717],[-5.205,-29.087],[-5.533,-29.456],[-5.871,-29.804],[-6.211,-30.151],[-6.553,-30.497],[-6.897,-30.843],[-7.245,-31.187],[-7.594,-31.53],[-7.947,-31.873],[-8.301,-32.214],[-8.659,-32.554],[-8.894,-32.97],[-9.132,-33.385],[-9.372,-33.8],[-9.614,-34.214],[-9.859,-34.628],[-10.106,-35.042],[-10.356,-35.454],[-10.608,-35.867],[-10.863,-36.279],[-11.12,-36.69],[-11.406,-37.036],[-11.694,-37.382],[-11.985,-37.727],[-12.279,-38.071],[-12.576,-38.414],[-12.889,-38.761],[-12.993,-39.245],[-13.098,-39.729],[-13.204,-40.213],[-13.312,-40.697],[-13.422,-41.181],[-13.533,-41.664],[-13.646,-42.148],[-13.761,-42.631],[-13.877,-43.114],[-13.995,-43.597],[-14.121,-44.066],[-14.25,-44.535],[-14.38,-45.004],[-14.512,-45.473],[-14.646,-45.941],[-14.783,-46.41],[-14.922,-46.878],[-15.024,-47.336],[-15.127,-47.794]]}},{"type":"Feature","properties":{"boundary_type":"ridge","feature_type":"gpml:MidOceanRidge","polarity":null,"overriding_plate_id":null,"subducting_plate_id":null,"plate_ids":[534,801],"name":"MOR NeoTethys-E Gondwana"},"geometry":{"type":"LineString","coordinates":[[116.664,-39.599],[116.612,-39.25],[116.561,-38.901],[116.51,-38.552],[116.413,-38.062],[116.318,-37.572],[116.224,-37.083],[116.131,-36.593],[116.04,-36.102],[115.949,-35.612],[115.86,-35.122],[115.772,-34.632],[115.684,-34.142],[115.598,-33.651],[115.513,-33.161],[115.429,-32.67],[115.345,-32.18],[115.263,-31.689],[115.181,-31.198],[115.609,-31.156],[116.036,-31.112],[116.463,-31.067],[116.548,-31.417],[116.634,-31.766],[117.102,-31.726],[117.571,-31.684],[118.039,-31.641],[118.176,-32.08],[118.315,-32.519],[118.868,-32.476],[119.422,-32.432],[119.974,-32.384],[120.526,-32.335],[121.078,-32.283],[121.628,-32.229],[122.178,-32.172],[122.728,-32.113],[123.277,-32.051],[123.747,-32.115],[124.219,-32.176],[124.691,-32.236],[125.163,-32.295]]}},{"type":"Feature","properties":{"boundary_type":"subduction","feature_type":"gpml:SubductionZone","polarity":"Left","overriding_plate_id":301,"subducting_plate_id":380,"plate_ids":[301,380],"name":"Monghol-Okosk Subduction Zone MS"},"geometry":{"type":"LineString","coordinates":[[112.795,54.207],[113.446,54.447],[114.105,54.685],[114.772,54.918],[115.447,55.148],[116.129,55.374],[116.819,55.596],[117.517,55.815],[118.165,56.129],[118.824,56.44],[119.493,56.747],[120.173,57.051],[120.865,57.351],[121.568,57.647],[121.985,58.045],[122.411,58.443],[122.847,58.839],[123.294,59.233],[124.048,59.295],[124.806,59.353],[125.558,59.645],[126.323,59.932],[127.102,60.215],[127.894,60.493],[128.699,60.766],[129.211,61.155],[129.736,61.543],[130.274,61.928],[130.826,62.311],[131.392,62.692],[131.972,63.071],[132.568,63.447],[133.353,63.655],[134.15,63.858],[134.959,64.058],[135.515,64.291],[136.081,64.523],[136.656,64.752],[137.607,64.874],[138.566,64.989],[139.533,65.098],[140.507,65.2],[141.489,65.296],[142.478,65.386],[143.538,65.505],[144.607,65.617],[145.685,65.721],[146.771,65.818],[147.865,65.907]]}},{"type":"Feature","properties":{"boundary_type":"subduction","feature_type":"gpml:SubductionZone","polarity":"Left","overriding_plate_id":380,"subducting_plate_id":926,"plate_ids":[380,926],"name":"Okinawa Trough (Ryuku) from EarthByte cob MG 4-20-07"},"geometry":{"type":"LineString","coordinates":[[150.004,33.656],[150.073,33.689],[150.48,33.997],[150.889,34.303],[151.302,34.608],[151.717,34.912],[151.954,35.222],[152.194,35.531],[152.435,35.84],[152.583,36.279],[152.733,36.717],[152.885,37.156],[153.038,37.594],[153.193,38.031],[153.301,38.428],[153.409,38.825],[153.519,39.222],[153.629,39.618],[153.663,39.976],[153.697,40.333],[153.679,40.774],[153.66,41.216],[153.56,41.648],[153.459,42.08],[153.469,42.469],[153.48,42.858]]}},{"type":"Feature","properties":{"boundary_type":"subduction","feature_type":"gpml:SubductionZone","polarity":"Left","overriding_plate_id":304,"subducting_plate_id":714,"plate_ids":[304,714],"name":"Sub. East Ligurian Ocean"},"geometry":{"type":"LineString","coordinates":[[22.566,21.573],[23.07,21.566],[23.574,21.557],[24.077,21.547],[24.581,21.535],[25.084,21.522],[25.58,21.531],[26.075,21.538],[26.467,21.374],[26.857,21.208],[27.247,21.042],[27.636,20.875]]}},{"type":"Feature","properties":{"boundary_type":"subduction","feature_type":"gpml:SubductionZone","polarity":"Left","overriding_plate_id":304,"subducting_plate_id":715,"plate_ids":[304,715],"name":"Sub. East Ligurian Ocean"},"geometry":{"type":"LineString","coordinates":[[27.636,20.875],[27.953,20.738],[28.227,21.164],[28.503,21.589],[28.78,22.014],[29.059,22.439],[29.338,22.855],[29.618,23.271],[29.9,23.687],[30.184,24.102],[30.377,24.561],[30.571,25.018],[30.766,25.476],[30.963,25.933]]}},{"type":"Feature","properties":{"boundary_type":"ridge","feature_type":"gpml:MidOceanRidge","polarity":null,"overriding_plate_id":null,"subducting_plate_id":null,"plate_ids":[304],"name":"Valais Sea MOR"},"geometry":{"type":"LineString","coordinates":[[26.8,27.243],[27.205,27.047],[27.608,26.851],[28.009,26.653],[28.409,26.454],[28.395,26.391],[28.91,26.303],[29.425,26.213],[29.938,26.122],[30.451,26.029],[30.963,25.933]]}},{"type":"Feature","properties":{"boundary_type":"transform","feature_type":"gpml:Transform","polarity":null,"overriding_plate_id":null,"subducting_plate_id":null,"plate_ids":[304],"name":"South Iberia"},"geometry":{"type":"LineString","coordinates":[[11.173,27.494],[11.426,27.151],[11.677,26.808],[11.927,26.464],[12.175,26.12],[12.422,25.775],[12.885,25.537],[13.347,25.297],[13.806,25.057],[14.264,24.814],[14.719,24.57],[15.173,24.325],[15.626,24.079],[16.076,23.831],[16.525,23.582],[16.972,23.332],[17.418,23.08],[17.861,22.827],[18.342,22.629],[18.821,22.43],[19.299,22.229],[19.776,22.026],[20.251,21.823],[20.77,21.837],[21.288,21.85],[21.806,21.862],[22.187,21.718],[22.566,21.573]]}}]}