{"type":"FeatureCollection","meta":{"model":"Cao2024","reconstruction_time_ma":150.0,"anchor_plate_id":0,"pygplates_version":"1.0.0","tessellate_degrees":0.5,"polarity_convention":"gpml:subductionPolarity. 'Left'/'Right' names the side of the line, in vertex order, on which the OVERRIDING plate lies. Triangles are drawn on that side.","antimeridian":"Lines are NOT split at +/-180 deg. The renderer works in 3D unit vectors where the dateline is not special; splitting would only add spurious breaks. Do not treat this as RFC 7946 GIS-ready 2D data."},"features":[{"type":"Feature","properties":{"boundary_type":"other","feature_type":"gpml:ContinentalRift","polarity":null,"overriding_plate_id":null,"subducting_plate_id":null,"plate_ids":[101,18100],"name":"Arctic rifting"},"geometry":{"type":"LineString","coordinates":[[2.483,69.974],[3.211,69.855],[4.278,69.587],[5.319,69.314],[6.333,69.034],[7.321,68.748],[8.284,68.457],[9.222,68.16],[10.136,67.858],[11.05,67.616],[11.945,67.368],[12.822,67.116]]}},{"type":"Feature","properties":{"boundary_type":"other","feature_type":"gpml:ContinentalRift","polarity":null,"overriding_plate_id":null,"subducting_plate_id":null,"plate_ids":[101],"name":"Arctic rifting"},"geometry":{"type":"LineString","coordinates":[[-14.14,67.489],[-14.133,67.511],[-13.554,67.936],[-12.953,68.358],[-12.307,68.718],[-11.67,68.935],[-11.021,69.15],[-10.673,69.487],[-9.713,69.624],[-9.288,70.062],[-8.09,70.34],[-7.484,70.586],[-6.864,70.83],[-6.162,70.966],[-5.45,71.099],[-4.073,71.217],[-2.679,71.324],[-1.437,71.408],[-0.184,71.484],[1.079,71.552],[2.324,71.541],[3.566,71.523]]}},{"type":"Feature","properties":{"boundary_type":"other","feature_type":"gpml:ContinentalRift","polarity":null,"overriding_plate_id":null,"subducting_plate_id":null,"plate_ids":[801,802],"name":"Australia - Antarctica rift"},"geometry":{"type":"LineString","coordinates":[[-69.606,-71.377],[-69.948,-71.83],[-70.306,-72.283],[-70.683,-72.735],[-71.128,-73.169],[-71.596,-73.603],[-72.088,-74.035],[-72.607,-74.466],[-73.155,-74.896],[-73.734,-75.324],[-74.347,-75.751],[-74.62,-76.201],[-74.911,-76.651],[-75.222,-77.101],[-75.554,-77.55],[-75.912,-77.999],[-76.296,-78.447],[-76.307,-78.892],[-76.319,-79.337],[-76.332,-79.782],[-76.345,-80.227],[-75.133,-80.667],[-73.803,-81.102],[-72.337,-81.532],[-70.717,-81.956],[-69.213,-82.356],[-67.545,-82.749],[-65.688,-83.136],[-63.614,-83.515],[-61.286,-83.884],[-58.216,-84.226],[-54.772,-84.549],[-50.91,-84.851],[-46.592,-85.126],[-43.457,-85.394],[-39.946,-85.647],[-36.212,-85.943],[-31.913,-86.22],[-27.791,-86.494],[-22.999,-86.748],[-17.445,-86.975],[-14.418,-87.453],[-10.014,-87.921],[-3.13,-88.369],[12.714,-88.615],[33.079,-88.72],[53.984,-88.65],[70.863,-88.427],[82.807,-88.106],[91.04,-87.727],[96.839,-87.314],[101.064,-86.882],[104.248,-86.437],[106.72,-85.983],[107.475,-85.541],[108.094,-85.098],[108.611,-84.655],[109.048,-84.212],[109.424,-83.768],[109.75,-83.324],[110.035,-82.88],[109.371,-82.44],[108.779,-82.0],[108.249,-81.559],[107.771,-81.118],[107.338,-80.676],[106.944,-80.233],[106.583,-79.791],[106.253,-79.347],[105.585,-78.904],[104.968,-78.459],[104.397,-78.013],[103.865,-77.566],[103.371,-77.117],[102.833,-76.674],[102.329,-76.23],[101.857,-75.785],[101.412,-75.339],[100.993,-74.893],[100.235,-74.544],[99.638,-74.205],[99.15,-73.958],[98.677,-73.709],[97.908,-73.372],[97.168,-73.053],[96.668,-72.867],[95.699,-72.523],[95.286,-72.313],[94.7,-72.13],[93.625,-71.792],[92.948,-71.582],[92.349,-71.359],[91.776,-71.099],[91.514,-70.883],[91.461,-70.733],[91.359,-70.474],[91.41,-70.192],[91.256,-69.843],[91.02,-69.61],[90.727,-69.407],[90.069,-69.149],[89.554,-68.978],[89.249,-68.858],[88.716,-68.664],[88.332,-68.501],[87.813,-68.306],[87.014,-67.966],[86.417,-67.762],[85.477,-67.479],[84.702,-67.233],[84.036,-67.069],[83.387,-66.931],[82.653,-66.784],[81.897,-66.654],[81.243,-66.52],[80.829,-66.381],[80.293,-66.113],[79.719,-65.936],[79.208,-65.682],[78.434,-65.311],[78.178,-65.144],[77.528,-64.896],[76.92,-64.7],[76.478,-64.542],[75.827,-64.372],[75.285,-64.223],[74.548,-63.993],[73.746,-63.74],[73.361,-63.596],[72.565,-63.246],[72.16,-62.995],[71.935,-62.729],[71.554,-62.462],[71.275,-62.296],[71.006,-62.047],[70.806,-61.792],[70.551,-61.512],[70.443,-61.353],[70.347,-61.252],[69.92,-60.911],[69.497,-60.61],[69.082,-60.307],[69.009,-60.1]]}},{"type":"Feature","properties":{"boundary_type":"other","feature_type":"gpml:ContinentalRift","polarity":null,"overriding_plate_id":null,"subducting_plate_id":null,"plate_ids":[801,802],"name":"India - Antarctica rift"},"geometry":{"type":"LineString","coordinates":[[19.954,-48.587],[20.411,-48.971],[20.876,-49.352],[21.347,-49.732],[21.826,-50.111],[22.204,-50.411],[22.588,-50.71],[22.976,-51.008],[23.37,-51.305],[23.711,-51.46],[24.055,-51.613],[24.468,-51.716],[24.882,-51.817],[25.644,-51.68],[26.402,-51.538],[27.154,-51.392],[27.73,-51.187],[28.3,-50.98],[28.865,-50.771],[29.439,-50.658],[30.01,-50.543],[30.578,-50.425],[31.082,-50.368],[31.585,-50.31],[32.339,-50.248],[33.09,-50.182],[33.721,-50.257],[34.354,-50.328],[34.975,-50.468],[35.6,-50.604],[36.228,-50.737],[36.751,-50.879],[37.278,-51.019],[37.772,-51.172],[38.27,-51.323],[39.02,-51.363],[39.772,-51.398],[40.525,-51.428],[41.2,-51.695],[41.883,-51.959],[42.355,-52.198],[42.832,-52.435],[43.315,-52.671],[43.918,-52.866],[44.526,-53.058],[45.14,-53.247],[45.721,-53.376],[46.305,-53.503],[46.928,-53.606],[47.554,-53.705],[47.983,-53.842],[48.415,-53.977],[49.018,-54.167],[49.627,-54.353],[49.932,-54.679],[50.242,-55.003],[50.557,-55.327],[50.953,-55.533],[51.352,-55.737],[51.914,-55.965],[52.483,-56.19],[53.058,-56.413],[53.73,-56.581],[54.407,-56.745],[55.091,-56.906],[55.748,-57.132],[56.413,-57.354],[57.204,-57.561],[58.005,-57.763],[58.814,-57.96],[59.632,-58.151],[60.459,-58.338],[61.295,-58.519],[62.139,-58.694],[62.991,-58.864],[63.852,-59.029],[64.721,-59.187],[65.598,-59.34],[66.482,-59.487],[67.314,-59.696],[68.157,-59.901],[69.009,-60.1]]}},{"type":"Feature","properties":{"boundary_type":"other","feature_type":"gpml:ContinentalRift","polarity":null,"overriding_plate_id":null,"subducting_plate_id":null,"plate_ids":[301,41200],"name":"North America - Greenland rift"},"geometry":{"type":"LineString","coordinates":[[56.845,80.214],[56.797,80.15],[54.979,79.825],[53.274,79.492],[51.674,79.149],[50.172,78.799],[48.761,78.442]]}},{"type":"Feature","properties":{"boundary_type":"other","feature_type":"gpml:ContinentalRift","polarity":null,"overriding_plate_id":null,"subducting_plate_id":null,"plate_ids":[301,18100],"name":"North America - Greenland rift"},"geometry":{"type":"LineString","coordinates":[[48.761,78.442],[47.356,78.056],[46.038,77.663],[44.801,77.265],[43.638,76.861],[42.543,76.452],[41.512,76.039],[40.596,75.622],[39.73,75.202],[38.911,74.778],[38.136,74.352],[37.401,73.923],[36.703,73.492],[36.04,73.059],[35.409,72.624],[34.808,72.186],[34.385,71.764],[33.981,71.342],[33.594,70.918],[33.224,70.494],[32.868,70.068],[32.053,69.891],[31.251,69.711],[30.873,69.254],[30.51,68.797],[30.162,68.339],[29.828,67.88],[29.507,67.42],[29.198,66.96],[28.9,66.5]]}},{"type":"Feature","properties":{"boundary_type":"other","feature_type":"gpml:ContinentalRift","polarity":null,"overriding_plate_id":null,"subducting_plate_id":null,"plate_ids":[101,301],"name":"North America - Greenland rift"},"geometry":{"type":"LineString","coordinates":[[28.9,66.5],[28.666,66.124],[28.438,65.747],[28.217,65.371],[28.002,64.994]]}},{"type":"Feature","properties":{"boundary_type":"other","feature_type":"gpml:ContinentalRift","polarity":null,"overriding_plate_id":null,"subducting_plate_id":null,"plate_ids":[802,28900],"name":"South America - Antarctica inferred boundary"},"geometry":{"type":"LineString","coordinates":[[4.608,-50.822],[3.94,-51.085],[3.265,-51.345],[2.582,-51.601],[1.892,-51.852],[1.193,-52.1],[0.487,-52.343],[-0.227,-52.582],[-0.948,-52.817],[-1.677,-53.047],[-2.415,-53.273],[-2.642,-53.354],[-2.82,-53.416],[-3.003,-53.439],[-3.181,-53.501],[-3.321,-53.569],[-3.575,-53.695],[-3.77,-53.741],[-3.885,-53.799],[-4.118,-53.877],[-4.484,-53.996],[-4.719,-54.073],[-5.143,-54.168],[-5.927,-54.354],[-6.168,-54.428],[-6.678,-54.581],[-7.118,-54.72],[-7.561,-54.857],[-8.303,-55.066],[-9.052,-55.27],[-9.464,-55.37],[-9.878,-55.468],[-10.367,-55.602],[-10.859,-55.734],[-11.342,-55.814],[-11.827,-55.892],[-12.348,-56.014],[-12.99,-56.159],[-13.648,-56.285],[-14.31,-56.407],[-14.976,-56.526],[-15.421,-56.597],[-15.868,-56.666],[-16.23,-56.735],[-16.696,-56.804],[-17.203,-56.833],[-17.711,-56.86],[-18.501,-56.833],[-19.237,-56.9],[-19.787,-56.907],[-20.337,-56.911],[-21.165,-56.998],[-21.997,-57.08],[-22.832,-57.157],[-23.747,-57.211],[-24.665,-57.259],[-25.585,-57.3],[-26.48,-57.294],[-27.375,-57.281],[-28.269,-57.262],[-29.162,-57.237],[-30.053,-57.206],[-30.943,-57.168],[-31.831,-57.124],[-32.717,-57.074],[-33.6,-57.017],[-34.48,-56.955]]}},{"type":"Feature","properties":{"boundary_type":"transform","feature_type":"gpml:Transform","polarity":null,"overriding_plate_id":null,"subducting_plate_id":null,"plate_ids":[534,701],"name":"Proto Owen Fracture Zone - transform boundary"},"geometry":{"type":"LineString","coordinates":[[57.916,-22.78],[58.119,-22.506],[58.322,-22.231],[58.653,-21.878],[58.982,-21.524],[59.309,-21.17],[59.635,-20.815],[59.96,-20.459],[60.283,-20.103],[60.604,-19.746],[60.924,-19.389],[61.243,-19.031],[61.56,-18.672],[61.893,-18.318],[62.224,-17.964],[62.554,-17.609],[62.883,-17.253],[63.21,-16.897],[63.536,-16.541],[63.861,-16.184],[64.185,-15.826],[64.507,-15.468],[64.829,-15.11],[65.189,-14.753],[65.548,-14.396],[65.905,-14.039],[66.262,-13.681],[66.617,-13.323],[66.972,-12.964],[67.325,-12.604],[67.678,-12.245],[68.029,-11.884],[68.38,-11.524],[68.729,-11.162],[69.078,-10.801],[69.426,-10.439],[69.773,-10.077],[70.119,-9.714],[70.465,-9.351],[70.81,-8.987],[71.154,-8.624],[71.497,-8.26],[71.84,-7.896],[72.183,-7.531],[72.524,-7.166],[72.821,-6.802],[73.118,-6.438],[73.414,-6.074],[73.71,-5.71],[74.006,-5.345],[74.301,-4.98],[74.596,-4.616],[74.89,-4.251],[75.185,-3.886],[75.479,-3.52],[75.791,-3.16],[76.104,-2.799],[76.416,-2.438],[76.728,-2.077],[77.04,-1.716],[77.352,-1.355],[77.664,-0.994],[77.976,-0.633],[78.288,-0.272],[78.599,0.089],[78.911,0.45],[79.223,0.811],[79.534,1.172],[79.846,1.533],[80.158,1.894],[80.47,2.255],[80.782,2.616],[81.095,2.977],[81.407,3.337],[81.72,3.698],[82.033,4.059],[82.246,4.387],[82.458,4.715],[82.671,5.044],[82.884,5.372]]}},{"type":"Feature","properties":{"boundary_type":"transform","feature_type":"gpml:Transform","polarity":null,"overriding_plate_id":null,"subducting_plate_id":null,"plate_ids":[530,534],"name":"Proto Owen Fracture Zone - transform boundary"},"geometry":{"type":"LineString","coordinates":[[82.884,5.372],[83.144,5.773],[83.405,6.174],[83.666,6.575],[83.928,6.975],[84.19,7.376],[84.452,7.776],[84.716,8.176],[84.979,8.576],[85.243,8.976],[85.508,9.376],[85.773,9.775],[86.039,10.174],[86.306,10.573],[86.573,10.972],[86.841,11.371],[87.11,11.769],[87.38,12.167],[87.65,12.565],[87.921,12.962],[88.193,13.359],[88.466,13.756],[88.74,14.153]]}},{"type":"Feature","properties":{"boundary_type":"transform","feature_type":"gpml:Transform","polarity":null,"overriding_plate_id":null,"subducting_plate_id":null,"plate_ids":[301,534],"name":"Proto Owen Fracture Zone - transform boundary"},"geometry":{"type":"LineString","coordinates":[[88.74,14.153],[88.917,14.408],[89.094,14.663]]}},{"type":"Feature","properties":{"boundary_type":"transform","feature_type":"gpml:Transform","polarity":null,"overriding_plate_id":null,"subducting_plate_id":null,"plate_ids":[301,529],"name":"Proto Owen Fracture Zone - transform boundary"},"geometry":{"type":"LineString","coordinates":[[89.094,14.663],[89.317,14.982],[89.54,15.301],[89.798,15.697],[90.056,16.092],[90.316,16.488]]}},{"type":"Feature","properties":{"boundary_type":"transform","feature_type":"gpml:Transform","polarity":null,"overriding_plate_id":null,"subducting_plate_id":null,"plate_ids":[301,528],"name":"Proto Owen Fracture Zone - transform boundary"},"geometry":{"type":"LineString","coordinates":[[90.316,16.488],[90.594,16.908],[90.873,17.328],[91.153,17.748],[91.435,18.167]]}},{"type":"Feature","properties":{"boundary_type":"transform","feature_type":"gpml:Transform","polarity":null,"overriding_plate_id":null,"subducting_plate_id":null,"plate_ids":[380,528],"name":"Proto Owen Fracture Zone - transform boundary"},"geometry":{"type":"LineString","coordinates":[[91.435,18.167],[91.692,18.549],[91.952,18.93],[92.212,19.311],[92.473,19.692]]}},{"type":"Feature","properties":{"boundary_type":"other","feature_type":"gpml:InferredPaleoBoundary","polarity":null,"overriding_plate_id":null,"subducting_plate_id":null,"plate_ids":[101,301],"name":"Morocco"},"geometry":{"type":"LineString","coordinates":[[10.862,25.14],[11.045,25.015]]}},{"type":"Feature","properties":{"boundary_type":"other","feature_type":"gpml:InferredPaleoBoundary","polarity":null,"overriding_plate_id":null,"subducting_plate_id":null,"plate_ids":[301,706],"name":"Morocco"},"geometry":{"type":"LineString","coordinates":[[11.045,25.015],[11.413,24.762],[11.779,24.509],[12.144,24.254],[12.445,23.979],[12.746,23.703],[13.045,23.427],[13.269,23.227],[13.494,23.027],[13.788,22.705],[14.082,22.381],[14.341,22.206],[14.6,22.03],[14.898,21.729],[15.195,21.426],[15.49,21.123],[15.699,20.923],[15.915,20.715],[16.13,20.507],[16.494,20.154],[16.772,19.882]]}},{"type":"Feature","properties":{"boundary_type":"subduction","feature_type":"gpml:SubductionZone","polarity":"Right","overriding_plate_id":801,"subducting_plate_id":919,"plate_ids":[801,919],"name":"Eastern Gondwana Subduction Zone"},"geometry":{"type":"LineString","coordinates":[[172.941,-81.187],[175.786,-81.329],[178.718,-81.449],[-178.275,-81.547],[-175.206,-81.621],[-172.092,-81.671],[-168.951,-81.697],[-165.799,-81.697],[-162.655,-81.674],[-159.539,-81.625],[-156.155,-81.626],[-152.781,-81.599],[-149.44,-81.542],[-146.154,-81.458],[-142.941,-81.347],[-139.819,-81.21],[-136.8,-81.048],[-133.896,-80.862],[-131.113,-80.655],[-128.455,-80.426],[-125.925,-80.179],[-123.523,-79.913],[-121.247,-79.631],[-119.092,-79.334],[-117.056,-79.023],[-115.133,-78.699],[-113.318,-78.363],[-111.605,-78.017],[-109.988,-77.661],[-107.801,-77.524],[-105.664,-77.37],[-103.581,-77.199],[-101.554,-77.013],[-99.585,-76.811],[-97.677,-76.595],[-95.83,-76.365],[-94.046,-76.122],[-92.322,-75.866],[-90.661,-75.598],[-88.865,-75.383],[-87.121,-75.154],[-85.431,-74.912],[-83.795,-74.658],[-82.211,-74.393],[-80.68,-74.116],[-79.201,-73.83],[-77.773,-73.533],[-76.395,-73.227],[-75.166,-72.936],[-73.978,-72.637],[-72.829,-72.331],[-71.718,-72.019],[-70.644,-71.701],[-69.606,-71.377]]}},{"type":"Feature","properties":{"boundary_type":"subduction","feature_type":"gpml:SubductionZone","polarity":"Right","overriding_plate_id":802,"subducting_plate_id":919,"plate_ids":[802,919],"name":"Eastern Gondwana Subduction Zone"},"geometry":{"type":"LineString","coordinates":[[-69.606,-71.377],[-68.6,-71.047],[-67.625,-70.711],[-66.681,-70.37],[-65.769,-70.025],[-64.887,-69.675],[-64.034,-69.32],[-63.208,-68.962],[-62.409,-68.599],[-61.654,-68.263],[-60.92,-67.924],[-60.208,-67.582],[-59.517,-67.236],[-58.845,-66.888],[-58.192,-66.536],[-57.557,-66.182],[-56.695,-65.871],[-55.853,-65.554],[-55.031,-65.233],[-54.23,-64.907],[-53.448,-64.578],[-52.684,-64.244],[-51.939,-63.906],[-51.171,-63.581],[-50.419,-63.252],[-49.685,-62.918],[-48.967,-62.581],[-48.266,-62.241],[-47.58,-61.897],[-46.91,-61.549],[-46.254,-61.198],[-45.613,-60.845],[-44.986,-60.488],[-44.58,-60.073],[-44.184,-59.658],[-43.798,-59.241],[-43.421,-58.823],[-43.053,-58.403],[-42.694,-57.983],[-42.343,-57.562],[-42.001,-57.14],[-41.666,-56.717],[-41.338,-56.293],[-41.017,-55.868],[-40.704,-55.443],[-40.158,-55.053],[-39.623,-54.66],[-39.098,-54.265],[-38.583,-53.868],[-38.077,-53.469],[-37.581,-53.067],[-37.095,-52.664]]}},{"type":"Feature","properties":{"boundary_type":"subduction","feature_type":"gpml:SubductionZone","polarity":"Right","overriding_plate_id":380,"subducting_plate_id":926,"plate_ids":[380,926],"name":"Japan sub zone fromEarthByte cob MG 4-20-07"},"geometry":{"type":"LineString","coordinates":[[150.431,71.306],[151.058,70.958],[151.664,70.609],[151.399,70.157],[151.145,69.705],[151.91,69.294],[152.647,68.88],[153.356,68.463],[154.04,68.042],[154.699,67.619],[155.334,67.194],[155.948,66.766],[156.541,66.335],[157.113,65.903],[157.667,65.468],[158.202,65.032],[158.72,64.593],[159.222,64.153],[159.708,63.711],[160.051,63.278],[160.383,62.845],[160.706,62.41],[161.02,61.975],[161.325,61.539],[161.523,61.108],[161.715,60.677],[161.902,60.246],[162.084,59.815],[162.262,59.383],[162.348,58.922],[162.432,58.461],[162.514,58.0],[162.711,57.576],[162.902,57.151],[163.09,56.726],[163.273,56.301],[163.452,55.875],[163.477,55.459],[163.501,55.043],[163.525,54.627],[163.548,54.211],[163.529,53.874],[163.511,53.537],[163.493,53.2],[163.346,52.786],[163.202,52.372],[163.061,51.958],[162.767,51.52],[162.479,51.081],[162.35,50.656],[162.223,50.231],[161.598,50.014],[160.979,49.794],[160.366,49.57],[159.758,49.344],[159.352,49.03],[158.952,48.716],[158.556,48.4],[158.165,48.083],[157.78,47.764],[157.324,47.414],[156.875,47.062],[156.431,46.709],[156.121,46.523],[155.813,46.337],[155.412,46.098],[155.014,45.857],[154.62,45.615],[154.239,45.289],[153.861,44.962],[153.539,44.621],[153.22,44.279],[152.904,43.936],[152.627,43.781],[152.35,43.626]]}},{"type":"Feature","properties":{"boundary_type":"subduction","feature_type":"gpml:SubductionZone","polarity":"Left","overriding_plate_id":null,"subducting_plate_id":null,"plate_ids":[380,926],"name":"Junction Subduction Zone"},"geometry":{"type":"LineString","coordinates":[[146.398,20.662],[146.316,21.137],[146.233,21.611],[146.15,22.086],[146.066,22.56],[145.982,23.035],[145.896,23.509],[145.811,23.984],[145.799,24.458],[145.787,24.932],[145.776,25.406],[145.764,25.88],[145.752,26.354],[145.74,26.829],[145.728,27.303],[145.715,27.777],[145.703,28.251],[145.939,28.666],[146.176,29.081],[146.416,29.496],[146.658,29.909],[146.901,30.323],[147.147,30.736],[147.395,31.149],[147.597,31.617],[147.802,32.086],[148.009,32.554],[148.218,33.021],[148.43,33.489]]}},{"type":"Feature","properties":{"boundary_type":"transform","feature_type":"gpml:Transform","polarity":null,"overriding_plate_id":null,"subducting_plate_id":null,"plate_ids":[301,380],"name":"Monghol-Okosk Subduction transform"},"geometry":{"type":"LineString","coordinates":[[88.052,27.106],[88.482,27.345],[88.913,27.582],[89.346,27.818],[89.782,28.053],[90.219,28.287],[90.658,28.519],[90.896,28.924],[91.135,29.328],[91.377,29.732],[91.62,30.135],[91.866,30.538],[92.113,30.94],[92.363,31.342],[92.614,31.744],[92.868,32.145],[92.953,32.579],[93.038,33.013],[93.124,33.446],[93.21,33.88],[93.298,34.314],[93.219,34.695],[93.139,35.076],[93.058,35.458],[92.976,35.839],[92.969,36.277],[92.961,36.714],[92.953,37.152],[92.946,37.59],[93.345,37.944],[93.748,38.296],[94.156,38.646],[94.567,38.996],[94.982,39.344],[95.402,39.69],[95.826,40.035],[96.254,40.378],[96.686,40.72],[97.123,41.06],[97.556,41.312],[97.992,41.564],[98.431,41.813],[98.874,42.061],[99.32,42.308],[99.899,42.532],[100.483,42.753],[101.07,42.971],[101.662,43.186],[102.258,43.398],[102.858,43.606],[103.429,43.808],[104.004,44.006],[104.583,44.201],[105.165,44.394],[105.752,44.583],[106.342,44.77],[106.936,44.953],[107.398,45.183],[107.864,45.411],[108.334,45.637],[108.807,45.861],[108.962,46.236],[109.118,46.611],[109.277,46.986],[108.93,47.36],[108.578,47.733],[108.222,48.105],[107.859,48.476],[107.492,48.846],[107.119,49.215],[106.741,49.582],[106.513,49.996],[106.281,50.409],[106.045,50.821],[105.805,51.233],[105.56,51.645],[105.311,52.056],[105.057,52.467],[105.616,52.776],[106.183,53.082],[106.758,53.386],[107.341,53.687],[107.932,53.985],[108.532,54.28],[109.141,54.573]]}},{"type":"Feature","properties":{"boundary_type":"subduction","feature_type":"gpml:SubductionZone","polarity":"Left","overriding_plate_id":101,"subducting_plate_id":902,"plate_ids":[101,902],"name":"Subduction along NAM GS"},"geometry":{"type":"LineString","coordinates":[[-46.386,27.004],[-46.385,26.703],[-46.263,26.236],[-46.141,25.77],[-46.02,25.303],[-45.901,24.836],[-45.782,24.369],[-45.664,23.902],[-45.547,23.435],[-45.431,22.967],[-45.315,22.5],[-45.201,22.033],[-45.087,21.565],[-44.974,21.098],[-44.793,20.771]]}},{"type":"Feature","properties":{"boundary_type":"subduction","feature_type":"gpml:SubductionZone","polarity":"Left","overriding_plate_id":101,"subducting_plate_id":2035,"plate_ids":[101,2035],"name":"Subduction along NAM GS"},"geometry":{"type":"LineString","coordinates":[[-44.793,20.771],[-44.561,20.347],[-44.329,19.922],[-44.099,19.497],[-43.87,19.072],[-43.642,18.646],[-43.416,18.221],[-43.19,17.795],[-42.966,17.368]]}},{"type":"Feature","properties":{"boundary_type":"subduction","feature_type":"gpml:SubductionZone","polarity":"Left","overriding_plate_id":301,"subducting_plate_id":530,"plate_ids":[301,530],"name":"Tethyan subduction after Afgan block accretion"},"geometry":{"type":"LineString","coordinates":[[65.255,26.172],[65.66,26.026],[66.064,25.879],[66.552,25.649],[67.039,25.418],[67.318,25.169],[67.596,24.919],[67.873,24.668],[68.261,24.475],[68.647,24.281],[69.032,24.085],[69.423,23.881],[69.812,23.676],[70.2,23.47],[70.587,23.263],[71.004,23.127],[71.42,22.989],[71.836,22.851],[72.25,22.711],[72.708,22.607],[73.166,22.501],[73.623,22.393],[74.079,22.284],[74.535,22.175],[75.024,21.989],[75.512,21.802],[75.999,21.613],[76.484,21.423],[76.968,21.231],[77.451,21.038],[77.9,20.824],[78.348,20.608],[78.795,20.391],[79.24,20.173],[79.489,19.876],[79.736,19.579],[79.983,19.281],[80.229,18.983],[80.517,18.66],[80.804,18.337],[81.09,18.013],[81.375,17.69],[81.659,17.365],[82.087,17.101],[82.514,16.836],[82.939,16.569],[83.364,16.302],[83.787,16.035],[84.209,15.766],[84.664,15.547],[85.117,15.328],[85.57,15.108],[86.022,14.887],[86.473,14.664],[86.922,14.442],[87.371,14.218],[87.828,14.197],[88.284,14.175],[88.74,14.153]]}},{"type":"Feature","properties":{"boundary_type":"other","feature_type":"gpml:TerraneBoundary","polarity":null,"overriding_plate_id":null,"subducting_plate_id":null,"plate_ids":[701,706],"name":"Moroccan Meseta - Sahara Platform"},"geometry":{"type":"LineString","coordinates":[[15.353,15.684],[15.715,15.663],[16.077,15.642],[16.523,15.638],[16.97,15.634],[17.416,15.628],[17.804,15.554],[18.192,15.48],[18.646,15.416],[19.1,15.351],[19.491,15.201]]}},{"type":"Feature","properties":{"boundary_type":"other","feature_type":"gpml:TerraneBoundary","polarity":null,"overriding_plate_id":null,"subducting_plate_id":null,"plate_ids":[701,706],"name":"Moroccan Meseta - Sahara Platform"},"geometry":{"type":"LineString","coordinates":[[3.879,22.779],[4.215,22.481],[4.55,22.182],[4.883,21.882],[5.238,21.532],[5.591,21.181],[5.942,20.83],[6.291,20.478],[6.638,20.221],[6.983,19.963],[7.327,19.705],[7.67,19.446],[8.011,19.186],[8.373,19.018],[8.557,18.93],[8.825,18.807],[9.163,18.628],[9.582,18.403],[9.879,18.23],[10.176,18.057],[10.535,17.865],[10.893,17.672],[11.205,17.541],[11.468,17.444],[11.73,17.347],[12.144,17.196],[12.606,17.018],[12.994,16.837],[13.381,16.655],[13.721,16.488],[14.162,16.271],[14.602,16.054],[14.978,15.869],[15.353,15.684]]}},{"type":"Feature","properties":{"boundary_type":"other","feature_type":"gpml:TerraneBoundary","polarity":null,"overriding_plate_id":null,"subducting_plate_id":null,"plate_ids":[701,706],"name":"Moroccan Meseta - Sahara Platform"},"geometry":{"type":"LineString","coordinates":[[19.491,15.201],[19.953,15.072],[20.392,14.969],[20.68,14.92],[21.093,15.035],[21.495,15.032],[21.949,14.961],[22.403,14.89],[22.791,14.807],[23.178,14.722],[23.554,14.68],[23.929,14.638],[24.356,14.563],[24.782,14.487],[25.12,14.439]]}},{"type":"Feature","properties":{"boundary_type":"other","feature_type":"gpml:TerraneBoundary","polarity":null,"overriding_plate_id":null,"subducting_plate_id":null,"plate_ids":[701,28900],"name":"Parana Basin-Patagonia"},"geometry":{"type":"LineString","coordinates":[[-2.13,-51.1],[-1.378,-51.088],[-0.626,-51.072],[0.124,-51.051],[0.875,-51.024],[1.624,-50.993],[2.372,-50.958],[3.119,-50.917],[3.864,-50.872],[4.608,-50.822]]}},{"type":"Feature","properties":{"boundary_type":"other","feature_type":"gpml:TerraneBoundary","polarity":null,"overriding_plate_id":null,"subducting_plate_id":null,"plate_ids":[701,802],"name":"Parana Basin-Patagonia"},"geometry":{"type":"LineString","coordinates":[[4.608,-50.822],[5.157,-50.782],[5.812,-50.833],[6.468,-50.88],[7.125,-50.924],[7.783,-50.963],[8.442,-50.999]]}},{"type":"Feature","properties":{"boundary_type":"other","feature_type":"gpml:TerraneBoundary","polarity":null,"overriding_plate_id":null,"subducting_plate_id":null,"plate_ids":[701],"name":"Parana Basin-Patagonia"},"geometry":{"type":"LineString","coordinates":[[8.442,-50.999],[8.443,-51.0]]}},{"type":"Feature","properties":{"boundary_type":"transform","feature_type":"gpml:Transform","polarity":null,"overriding_plate_id":null,"subducting_plate_id":null,"plate_ids":[101,18100],"name":"Arctic Transform"},"geometry":{"type":"LineString","coordinates":[[13.74,69.337],[13.581,68.922],[13.427,68.508],[13.279,68.094],[13.137,67.679],[12.977,67.397],[12.822,67.116]]}},{"type":"Feature","properties":{"boundary_type":"transform","feature_type":"gpml:Transform","polarity":null,"overriding_plate_id":null,"subducting_plate_id":null,"plate_ids":[701,706],"name":"Transform Gondwana to Tethys"},"geometry":{"type":"LineString","coordinates":[[25.12,14.439],[25.288,14.752],[25.457,15.065],[25.626,15.377],[25.838,15.658],[26.052,15.939],[26.266,16.219],[26.562,16.416],[26.86,16.613]]}},{"type":"Feature","properties":{"boundary_type":"transform","feature_type":"gpml:Transform","polarity":null,"overriding_plate_id":null,"subducting_plate_id":null,"plate_ids":[101],"name":"TRANSFORM"},"geometry":{"type":"LineString","coordinates":[[3.566,71.523],[3.551,71.497]]}},{"type":"Feature","properties":{"boundary_type":"transform","feature_type":"gpml:Transform","polarity":null,"overriding_plate_id":null,"subducting_plate_id":null,"plate_ids":[101,18100],"name":"TRANSFORM"},"geometry":{"type":"LineString","coordinates":[[3.551,71.497],[3.374,71.205],[3.203,70.913],[2.835,70.444],[2.483,69.974]]}},{"type":"Feature","properties":{"boundary_type":"ridge","feature_type":"gpml:MidOceanRidge","polarity":null,"overriding_plate_id":null,"subducting_plate_id":null,"plate_ids":[534,801],"name":"MOR AG 2012"},"geometry":{"type":"LineString","coordinates":[[82.527,-48.775],[82.876,-48.38],[83.22,-47.984],[83.559,-47.588],[83.892,-47.19],[84.221,-46.792],[84.544,-46.392],[84.863,-45.992],[85.178,-45.59],[85.488,-45.188],[86.013,-45.364],[86.541,-45.537],[86.862,-45.119],[87.178,-44.701],[87.767,-44.856],[88.359,-45.009],[88.954,-45.159],[89.247,-44.766],[89.535,-44.373],[89.82,-43.979],[90.452,-44.137],[91.087,-44.291],[91.726,-44.441],[92.368,-44.588],[93.013,-44.731],[93.661,-44.871],[93.571,-45.21],[93.479,-45.55],[93.385,-45.889],[94.0,-46.015],[94.618,-46.137],[94.625,-46.386],[95.261,-46.47],[95.899,-46.55],[96.539,-46.627],[97.18,-46.7],[97.824,-46.769],[98.469,-46.835],[98.535,-46.426],[98.6,-46.018],[98.665,-45.609],[99.321,-45.636],[99.978,-45.659],[100.636,-45.679],[101.293,-45.694],[101.951,-45.706],[102.038,-45.301],[102.124,-44.896],[102.812,-44.898],[103.5,-44.896],[104.188,-44.89],[104.876,-44.879],[105.563,-44.865],[106.25,-44.846],[106.937,-44.823],[107.622,-44.796],[108.308,-44.765],[108.257,-44.414],[108.206,-44.063],[108.9,-44.04],[109.593,-44.012],[110.285,-43.98],[110.977,-43.945],[111.667,-43.904],[112.357,-43.86],[113.046,-43.812],[113.733,-43.759],[114.419,-43.703],[115.104,-43.642],[115.788,-43.577],[116.469,-43.509],[117.15,-43.436],[117.828,-43.359],[118.505,-43.278],[119.18,-43.193]]}},{"type":"Feature","properties":{"boundary_type":"subduction","feature_type":"gpml:SubductionZone","polarity":"Left","overriding_plate_id":380,"subducting_plate_id":301,"plate_ids":[301,380],"name":"Subduction Eurasian Margin Gibbons 2012"},"geometry":{"type":"LineString","coordinates":[[87.651,19.614],[88.133,19.42],[88.613,19.224],[89.092,19.027],[89.57,18.829],[90.047,18.629],[90.51,18.476],[90.973,18.322],[91.435,18.167]]}},{"type":"Feature","properties":{"boundary_type":"subduction","feature_type":"gpml:SubductionZone","polarity":"Left","overriding_plate_id":529,"subducting_plate_id":534,"plate_ids":[529,534],"name":"Lhasa subduction zone 180-100Ma according to Ana's model MS12"},"geometry":{"type":"LineString","coordinates":[[89.094,14.663],[89.506,14.366],[89.918,14.068],[90.328,13.769],[90.737,13.47],[91.145,13.17],[91.552,12.869],[91.958,12.568],[92.363,12.266],[92.813,12.031],[93.261,11.796],[93.71,11.559],[94.157,11.322],[94.604,11.085],[95.05,10.846],[95.495,10.607],[95.936,10.455],[96.377,10.302],[96.817,10.149],[97.257,9.995],[97.697,9.84],[98.136,9.685],[98.574,9.529],[99.012,9.373],[99.432,9.237],[99.851,9.101],[100.269,8.964],[100.688,8.827],[101.106,8.69],[101.523,8.552],[101.941,8.413],[102.362,8.275],[102.783,8.137],[103.204,7.998],[103.625,7.858],[104.045,7.719],[104.466,7.578],[104.885,7.438],[105.305,7.297],[105.783,7.226],[106.261,7.154],[106.738,7.082],[107.215,7.009],[107.693,6.936],[108.17,6.862],[108.647,6.788],[109.124,6.713],[109.568,6.715],[110.012,6.716],[110.456,6.717],[110.901,6.718],[111.345,6.718],[111.789,6.717],[112.233,6.717],[112.678,6.715],[113.152,6.774],[113.626,6.832],[114.1,6.889],[114.574,6.946],[115.048,7.003],[115.523,7.059],[115.997,7.115],[116.489,7.146],[116.98,7.177],[117.471,7.207],[117.962,7.237],[118.454,7.266],[118.945,7.295],[119.341,7.445]]}},{"type":"Feature","properties":{"boundary_type":"ridge","feature_type":"gpml:MidOceanRidge","polarity":null,"overriding_plate_id":null,"subducting_plate_id":null,"plate_ids":[534,701],"name":"Neotethys mid ocean ridge based on Ana's model MS12"},"geometry":{"type":"LineString","coordinates":[[57.916,-22.78],[58.213,-23.139],[58.511,-23.498],[58.811,-23.857],[59.113,-24.214]]}},{"type":"Feature","properties":{"boundary_type":"ridge","feature_type":"gpml:MidOceanRidge","polarity":null,"overriding_plate_id":null,"subducting_plate_id":null,"plate_ids":[534,801],"name":"Neotethys mid ocean ridge based on Ana's model MS12"},"geometry":{"type":"LineString","coordinates":[[59.113,-24.214],[59.41,-24.564],[59.709,-24.913],[60.009,-25.261],[60.312,-25.609],[60.615,-25.956],[60.921,-26.302],[61.229,-26.648],[61.538,-26.993],[61.942,-26.765],[62.344,-26.537],[62.745,-26.307],[63.092,-26.657],[63.441,-27.006],[63.792,-27.354],[64.145,-27.701],[64.501,-28.047],[64.859,-28.392],[65.219,-28.736],[65.635,-28.508],[66.05,-28.279],[66.382,-28.659],[66.715,-29.039],[67.051,-29.417],[67.39,-29.795],[67.731,-30.172],[68.075,-30.548],[68.422,-30.924],[68.771,-31.298],[69.123,-31.671],[69.478,-32.044],[69.836,-32.415],[70.196,-32.785],[70.56,-33.154],[70.927,-33.523],[71.297,-33.89],[71.67,-34.256],[71.458,-34.598],[71.244,-34.939],[71.029,-35.28],[71.399,-35.643],[71.772,-36.005],[72.149,-36.366],[72.529,-36.726],[72.913,-37.084],[72.68,-37.47],[72.445,-37.855],[72.208,-38.24],[71.968,-38.625],[72.358,-38.949],[72.751,-39.272],[73.149,-39.593],[73.55,-39.913],[73.954,-40.231],[73.727,-40.618],[73.498,-41.005],[73.266,-41.391],[73.71,-41.718],[74.16,-42.044],[74.614,-42.368],[75.072,-42.69],[75.536,-43.011],[76.004,-43.329],[75.752,-43.692],[75.497,-44.055],[75.238,-44.417],[75.807,-44.691],[76.382,-44.962],[76.962,-45.231],[77.548,-45.496],[77.413,-45.858],[77.276,-46.22],[77.834,-46.515],[78.399,-46.808],[78.97,-47.098],[79.547,-47.385],[80.13,-47.669],[80.72,-47.95],[81.316,-48.228],[81.918,-48.503],[82.527,-48.775]]}},{"type":"Feature","properties":{"boundary_type":"ridge","feature_type":"gpml:MidOceanRidge","polarity":null,"overriding_plate_id":null,"subducting_plate_id":null,"plate_ids":[380,528],"name":"Back-arc ridge between South Tibet and Eurasia based on Ana's model MS12"},"geometry":{"type":"LineString","coordinates":[[121.338,12.606],[121.276,12.619],[120.856,12.735],[120.437,12.85],[120.017,12.964],[119.596,13.078],[119.175,13.191],[118.754,13.303],[118.28,13.43],[117.806,13.555],[117.332,13.68],[116.856,13.804],[116.381,13.927],[115.905,14.05],[115.428,14.171],[114.951,14.291],[114.473,14.411],[113.995,14.529],[113.516,14.646],[113.037,14.763],[112.557,14.878],[112.301,14.641],[112.045,14.403],[111.79,14.164],[111.348,14.325],[110.905,14.485],[110.461,14.644],[110.017,14.803],[109.572,14.96],[109.127,15.117],[108.879,14.819],[108.632,14.521],[108.386,14.222],[108.14,13.923],[107.675,14.096],[107.209,14.268],[106.742,14.439],[106.275,14.609],[105.807,14.779],[105.338,14.947],[104.868,15.114],[104.398,15.281],[103.927,15.446],[103.455,15.61],[102.983,15.774],[102.509,15.936],[102.035,16.097],[101.548,16.271],[101.06,16.443],[100.571,16.615],[100.081,16.785],[99.59,16.954],[99.099,17.122],[98.606,17.288],[98.113,17.454],[97.692,17.583],[97.271,17.711],[96.849,17.839],[96.426,17.965],[96.003,18.091],[95.579,18.216],[95.139,18.43],[94.697,18.643],[94.255,18.855],[93.811,19.066],[93.366,19.276],[92.92,19.484],[92.473,19.692]]}},{"type":"Feature","properties":{"boundary_type":"subduction","feature_type":"gpml:SubductionZone","polarity":"Right","overriding_plate_id":801,"subducting_plate_id":919,"plate_ids":[801,919],"name":"Eastern Gondwanaland subduction until 145 Ma"},"geometry":{"type":"LineString","coordinates":[[164.605,-55.222],[164.651,-55.471],[164.762,-55.917],[164.876,-56.363],[164.992,-56.808],[165.112,-57.254],[165.234,-57.7],[165.359,-58.145],[165.488,-58.591],[165.62,-59.036],[165.755,-59.481],[165.827,-59.967],[165.902,-60.453],[165.979,-60.938],[166.058,-61.424],[166.14,-61.91],[166.225,-62.395],[166.312,-62.881],[166.402,-63.366],[166.496,-63.851],[166.88,-64.307],[167.278,-64.761],[167.688,-65.215],[168.114,-65.667],[168.554,-66.118],[169.01,-66.568],[169.483,-67.016],[169.974,-67.463],[170.484,-67.909],[171.013,-68.352],[171.476,-68.794],[171.957,-69.234],[172.459,-69.672],[172.981,-70.109],[173.526,-70.545],[174.095,-70.979],[174.69,-71.411],[174.827,-71.8],[174.969,-72.189],[175.118,-72.579],[174.865,-72.956],[174.602,-73.332],[174.326,-73.709],[173.724,-74.176],[173.086,-74.642],[172.41,-75.106],[171.691,-75.568],[170.878,-76.026],[170.011,-76.482],[169.086,-76.934],[168.095,-77.382],[167.793,-77.638],[167.479,-77.893],[168.576,-78.312],[169.752,-78.727],[170.184,-79.139],[170.65,-79.55],[171.153,-79.961],[171.699,-80.371],[172.293,-80.779],[172.941,-81.187]]}},{"type":"Feature","properties":{"boundary_type":"other","feature_type":"gpml:ContinentalRift","polarity":null,"overriding_plate_id":null,"subducting_plate_id":null,"plate_ids":[18100],"name":"Arctic Canada Basin Ridge"},"geometry":{"type":"LineString","coordinates":[[-14.1,67.475],[-14.095,67.489],[-13.516,67.913],[-12.914,68.336],[-12.268,68.695],[-11.631,68.912],[-10.982,69.127],[-10.634,69.464],[-9.675,69.601],[-9.249,70.039],[-8.051,70.316],[-7.446,70.562],[-6.827,70.805],[-6.125,70.941],[-5.413,71.074],[-4.037,71.192],[-2.646,71.299],[-1.404,71.383],[-0.153,71.458],[1.108,71.526],[2.33,71.515],[3.551,71.497]]}},{"type":"Feature","properties":{"boundary_type":"subduction","feature_type":"gpml:SubductionZone","polarity":"Right","overriding_plate_id":41200,"subducting_plate_id":902,"plate_ids":[902,41200],"name":"Uda-Murgal Subduction Preferred model GS"},"geometry":{"type":"LineString","coordinates":[[-53.56,76.653],[-55.129,76.863],[-56.747,77.063],[-58.709,77.289],[-60.738,77.5],[-62.832,77.695],[-64.991,77.873],[-67.118,78.015],[-69.293,78.141],[-71.511,78.249],[-73.767,78.341],[-76.054,78.414],[-78.185,78.589],[-80.379,78.749],[-82.632,78.892],[-84.939,79.018],[-86.755,79.318],[-88.673,79.608],[-90.698,79.885],[-92.832,80.149],[-95.08,80.399],[-97.444,80.634],[-98.709,80.989],[-100.076,81.338],[-101.557,81.683],[-103.163,82.021]]}},{"type":"Feature","properties":{"boundary_type":"subduction","feature_type":"gpml:SubductionZone","polarity":"Left","overriding_plate_id":41200,"subducting_plate_id":902,"plate_ids":[902,41200],"name":"Gravina arc"},"geometry":{"type":"LineString","coordinates":[[-53.56,76.653],[-53.626,76.548],[-53.711,76.086],[-53.791,75.623],[-53.865,75.161],[-53.935,74.698],[-54.001,74.236],[-54.064,73.773],[-54.123,73.311],[-54.179,72.848],[-54.152,72.456],[-54.127,72.064]]}},{"type":"Feature","properties":{"boundary_type":"subduction","feature_type":"gpml:SubductionZone","polarity":"Left","overriding_plate_id":101,"subducting_plate_id":902,"plate_ids":[101,902],"name":"Gravina arc"},"geometry":{"type":"LineString","coordinates":[[-54.127,72.064],[-54.099,71.628],[-54.074,71.192],[-54.049,70.756],[-53.554,70.399],[-53.076,70.041]]}},{"type":"Feature","properties":{"boundary_type":"subduction","feature_type":"gpml:SubductionZone","polarity":"Left","overriding_plate_id":16111,"subducting_plate_id":902,"plate_ids":[902,16111],"name":"Gravina arc"},"geometry":{"type":"LineString","coordinates":[[-53.076,70.041],[-52.549,69.629],[-52.041,69.215],[-51.552,68.8],[-51.082,68.384],[-50.628,67.966],[-49.957,67.591],[-49.307,67.214],[-48.677,66.834],[-48.066,66.452],[-47.474,66.067],[-47.299,65.625],[-47.131,65.182],[-46.968,64.739],[-46.81,64.297],[-46.657,63.853],[-46.874,63.38],[-47.084,62.907],[-47.288,62.433],[-47.485,61.959],[-47.676,61.485],[-47.925,61.019],[-48.167,60.552],[-48.402,60.085],[-48.631,59.618],[-48.693,59.165],[-48.754,58.712],[-48.813,58.259],[-48.87,57.806],[-48.927,57.354],[-48.982,56.901],[-49.035,56.448],[-48.892,55.964],[-48.753,55.48],[-48.617,54.997],[-48.485,54.513],[-48.355,54.029],[-48.077,53.614],[-47.804,53.198],[-47.536,52.782],[-47.274,52.365],[-47.016,51.948],[-46.763,51.53],[-46.404,51.29],[-46.048,51.05]]}},{"type":"Feature","properties":{"boundary_type":"subduction","feature_type":"gpml:SubductionZone","polarity":"Left","overriding_plate_id":41200,"subducting_plate_id":18100,"plate_ids":[18100,41200],"name":"Koyukuk Arc pre-reversal Subduction Zone  GS"},"geometry":{"type":"LineString","coordinates":[[-27.19,71.109],[-27.168,71.562],[-27.145,72.014],[-27.121,72.467],[-27.096,72.919],[-27.07,73.372],[-27.042,73.824],[-27.012,74.277],[-26.738,74.715],[-26.448,75.153],[-26.141,75.591],[-25.815,76.028],[-25.468,76.465],[-25.098,76.902],[-24.704,77.337],[-24.282,77.772],[-23.829,78.207],[-22.615,78.591],[-21.318,78.97],[-19.93,79.343],[-18.444,79.71],[-16.851,80.069],[-15.14,80.42],[-13.303,80.762],[-11.327,81.094],[-9.203,81.415],[-6.918,81.723],[-4.786,81.957],[-2.53,82.178],[-0.147,82.388]]}},{"type":"Feature","properties":{"boundary_type":"subduction","feature_type":"gpml:SubductionZone","polarity":"Left","overriding_plate_id":18100,"subducting_plate_id":41200,"plate_ids":[18100,41200],"name":"Nutesyn Arc Subduction Zone  GS"},"geometry":{"type":"LineString","coordinates":[[48.761,78.442],[48.55,78.513],[47.14,78.83],[45.649,79.14],[44.073,79.442],[42.406,79.736],[40.632,79.992],[38.768,80.237],[36.811,80.472],[34.758,80.696],[32.608,80.907],[29.749,81.115],[26.762,81.301],[23.654,81.462],[20.438,81.597],[17.128,81.706],[13.996,81.604],[10.947,81.478],[7.994,81.329],[5.148,81.158],[2.415,80.966]]}},{"type":"Feature","properties":{"boundary_type":"transform","feature_type":"gpml:Transform","polarity":null,"overriding_plate_id":null,"subducting_plate_id":null,"plate_ids":[18100,41200],"name":"Transform Nutesyn-Koyukuk subduction zones"},"geometry":{"type":"LineString","coordinates":[[2.415,80.966],[1.655,81.442],[0.806,81.916],[-0.147,82.388]]}},{"type":"Feature","properties":{"boundary_type":"subduction","feature_type":"gpml:SubductionZone","polarity":"Right","overriding_plate_id":301,"subducting_plate_id":41200,"plate_ids":[301,41200],"name":"Oloy subduction zone  GS"},"geometry":{"type":"LineString","coordinates":[[93.14,82.95],[92.502,83.281],[91.549,83.747],[90.444,84.21]]}},{"type":"Feature","properties":{"boundary_type":"subduction","feature_type":"gpml:SubductionZone","polarity":"Right","overriding_plate_id":43200,"subducting_plate_id":41200,"plate_ids":[41200,43200],"name":"Oloy subduction zone  GS"},"geometry":{"type":"LineString","coordinates":[[90.444,84.21],[89.196,84.655],[87.722,85.097],[85.958,85.536],[85.95,85.93],[85.94,86.324],[85.928,86.718],[85.912,87.112],[88.118,87.574],[91.351,88.03],[96.502,88.476],[105.751,88.9],[125.132,89.262],[160.181,89.403],[-164.076,89.274],[-144.255,88.972],[-134.096,88.605],[-124.928,88.211],[-119.157,87.789],[-115.262,87.351],[-112.481,86.905],[-110.403,86.453],[-107.767,86.054],[-105.618,85.649],[-103.837,85.238],[-104.036,84.78],[-104.203,84.322],[-104.345,83.863],[-104.467,83.405],[-103.668,82.953],[-102.964,82.5],[-102.34,82.046]]}},{"type":"Feature","properties":{"boundary_type":"subduction","feature_type":"gpml:SubductionZone","polarity":"Left","overriding_plate_id":301,"subducting_plate_id":380,"plate_ids":[301,380],"name":"Uda-Murgal Subduction Zone Test GS"},"geometry":{"type":"LineString","coordinates":[[148.066,69.386],[148.553,69.823],[149.061,70.258],[149.59,70.691],[150.143,71.124],[150.431,71.306]]}},{"type":"Feature","properties":{"boundary_type":"subduction","feature_type":"gpml:SubductionZone","polarity":"Left","overriding_plate_id":301,"subducting_plate_id":926,"plate_ids":[301,926],"name":"Uda-Murgal Subduction Zone Test GS"},"geometry":{"type":"LineString","coordinates":[[150.431,71.306],[151.063,71.691],[151.721,72.075],[152.406,72.457],[153.038,72.822],[153.696,73.185],[154.382,73.547],[155.098,73.906],[155.846,74.262],[156.898,74.571],[157.992,74.874],[159.129,75.172],[160.311,75.464],[161.541,75.75],[162.819,76.029],[164.165,76.324],[165.568,76.612],[167.031,76.891],[168.556,77.162],[170.145,77.424],[171.798,77.676],[173.518,77.918],[175.542,78.134],[177.638,78.336],[179.803,78.523],[-177.964,78.692]]}},{"type":"Feature","properties":{"boundary_type":"subduction","feature_type":"gpml:SubductionZone","polarity":"Left","overriding_plate_id":43200,"subducting_plate_id":926,"plate_ids":[926,43200],"name":"Uda-Murgal Subduction Zone Test GS"},"geometry":{"type":"LineString","coordinates":[[-177.964,78.692],[-176.035,78.822],[-174.063,78.939],[-172.052,79.043],[-169.686,79.178],[-167.265,79.295],[-164.795,79.393],[-162.283,79.472],[-159.74,79.53],[-157.173,79.568],[-155.066,79.483],[-152.996,79.383],[-150.967,79.27]]}},{"type":"Feature","properties":{"boundary_type":"subduction","feature_type":"gpml:SubductionZone","polarity":"Left","overriding_plate_id":43200,"subducting_plate_id":926,"plate_ids":[926,43200],"name":"Uda-Murgal Subduction Zone Test GS"},"geometry":{"type":"LineString","coordinates":[[-150.967,79.27],[-148.709,79.45],[-146.378,79.613],[-143.978,79.758],[-141.514,79.886],[-138.992,79.994],[-136.49,80.219],[-133.877,80.425],[-131.156,80.61],[-128.334,80.774],[-125.417,80.915],[-122.417,81.032],[-120.35,81.192]]}},{"type":"Feature","properties":{"boundary_type":"subduction","feature_type":"gpml:SubductionZone","polarity":"Left","overriding_plate_id":43200,"subducting_plate_id":902,"plate_ids":[902,43200],"name":"Uda-Murgal Subduction Zone Test GS"},"geometry":{"type":"LineString","coordinates":[[-120.35,81.192],[-117.921,81.36],[-115.401,81.512],[-112.795,81.647],[-110.11,81.765],[-107.353,81.864],[-105.278,81.948],[-103.163,82.021]]}},{"type":"Feature","properties":{"boundary_type":"subduction","feature_type":"gpml:SubductionZone","polarity":"Left","overriding_plate_id":43200,"subducting_plate_id":41200,"plate_ids":[41200,43200],"name":"Uda-Murgal Subduction Zone Test GS"},"geometry":{"type":"LineString","coordinates":[[-103.163,82.021],[-102.34,82.046]]}},{"type":"Feature","properties":{"boundary_type":"subduction","feature_type":"gpml:SubductionZone","polarity":"Left","overriding_plate_id":43200,"subducting_plate_id":301,"plate_ids":[301,43200],"name":"Oimyakon Subduction GS"},"geometry":{"type":"LineString","coordinates":[[90.444,84.21],[94.942,84.04],[99.167,83.836],[103.103,83.602],[106.747,83.339],[109.161,82.978],[111.338,82.606],[113.304,82.224],[115.423,81.946],[117.399,81.658],[119.242,81.361],[121.363,81.256],[123.431,81.14],[125.443,81.012],[127.563,81.194],[129.769,81.364],[132.059,81.521],[134.431,81.663],[136.992,81.899],[139.701,82.117],[142.556,82.317],[145.555,82.498],[148.653,82.466],[151.717,82.412],[154.73,82.338],[157.677,82.242],[160.546,82.128],[163.143,81.903],[165.597,81.663],[167.91,81.409],[170.088,81.142],[172.137,80.863],[174.063,80.573],[175.672,80.294],[177.192,80.009],[178.626,79.717],[179.982,79.419],[-178.957,79.057],[-177.964,78.692]]}},{"type":"Feature","properties":{"boundary_type":"other","feature_type":"gpml:ContinentalRift","polarity":null,"overriding_plate_id":null,"subducting_plate_id":null,"plate_ids":[101,18100],"name":"Arctic rifting"},"geometry":{"type":"LineString","coordinates":[[13.74,69.337],[14.886,69.143],[16.011,68.941],[17.116,68.733],[18.204,68.541],[19.273,68.343],[20.324,68.138],[21.274,67.958],[22.21,67.773],[23.131,67.582],[24.191,67.342],[25.23,67.095],[26.271,66.926],[27.299,66.751],[28.311,66.569],[28.9,66.5]]}},{"type":"Feature","properties":{"boundary_type":"ridge","feature_type":"gpml:MidOceanRidge","polarity":null,"overriding_plate_id":null,"subducting_plate_id":null,"plate_ids":[701,801],"name":"Madagascar-Afr MOR"},"geometry":{"type":"LineString","coordinates":[[22.384,-46.078],[22.051,-46.44],[21.713,-46.8],[21.371,-47.16],[21.024,-47.518],[20.672,-47.875],[20.316,-48.232],[19.954,-48.587]]}},{"type":"Feature","properties":{"boundary_type":"ridge","feature_type":"gpml:MidOceanRidge","polarity":null,"overriding_plate_id":null,"subducting_plate_id":null,"plate_ids":[701],"name":"Madagascar-Afr MOR"},"geometry":{"type":"LineString","coordinates":[[19.954,-48.587],[19.589,-48.939],[19.219,-49.291],[18.843,-49.641],[18.174,-49.408],[17.511,-49.171],[16.854,-48.93],[16.484,-49.25],[16.108,-49.57],[15.728,-49.888],[15.172,-49.648],[14.621,-49.406],[14.076,-49.161],[13.694,-49.471],[13.307,-49.78],[12.915,-50.088],[12.463,-49.846],[12.016,-49.602],[11.574,-49.357],[11.136,-49.11],[10.684,-49.447],[10.226,-49.783],[9.761,-50.117],[9.29,-50.449],[8.869,-50.725],[8.443,-51.0]]}},{"type":"Feature","properties":{"boundary_type":"ridge","feature_type":"gpml:MidOceanRidge","polarity":null,"overriding_plate_id":null,"subducting_plate_id":null,"plate_ids":[802],"name":"Madagascar-Afr MOR"},"geometry":{"type":"LineString","coordinates":[[19.954,-48.587],[19.589,-48.939],[19.219,-49.291],[18.843,-49.641],[18.174,-49.408],[17.511,-49.171],[16.854,-48.93],[16.484,-49.25],[16.108,-49.57],[15.728,-49.888],[15.172,-49.648],[14.621,-49.406],[14.076,-49.161],[13.694,-49.471],[13.307,-49.78],[12.915,-50.088],[12.463,-49.846],[12.016,-49.602],[11.574,-49.357],[11.136,-49.11],[10.684,-49.447],[10.226,-49.783],[9.761,-50.117],[9.29,-50.449],[8.869,-50.725],[8.442,-50.999]]}},{"type":"Feature","properties":{"boundary_type":"ridge","feature_type":"gpml:MidOceanRidge","polarity":null,"overriding_plate_id":null,"subducting_plate_id":null,"plate_ids":[101,706],"name":"Ridge from iso M0 from NAM at 120.4Ma"},"geometry":{"type":"LineString","coordinates":[[11.045,25.015],[10.626,24.84],[10.209,24.663],[9.768,24.45],[9.327,24.236],[8.889,24.02],[8.713,24.257],[8.536,24.495],[8.237,24.349],[7.939,24.203],[7.874,24.281],[7.417,24.04],[6.963,23.796],[6.509,23.552],[6.058,23.306],[5.608,23.059],[5.49,23.182],[5.025,22.94],[4.561,22.697],[4.467,22.797],[4.173,22.788],[3.879,22.779]]}},{"type":"Feature","properties":{"boundary_type":"ridge","feature_type":"gpml:MidOceanRidge","polarity":null,"overriding_plate_id":null,"subducting_plate_id":null,"plate_ids":[101,701],"name":"Ridge from iso M0 from NAM at 120.4Ma"},"geometry":{"type":"LineString","coordinates":[[3.879,22.779],[3.392,22.763],[2.906,22.745],[2.42,22.726],[1.934,22.705],[1.732,22.929],[1.346,22.742],[0.961,22.554],[0.578,22.366],[0.195,22.176],[-0.187,21.985],[-0.411,22.235],[-0.807,22.099],[-1.202,21.963],[-1.597,21.826],[-1.99,21.688],[-2.031,21.728],[-2.454,21.53],[-2.875,21.332],[-3.296,21.132],[-3.556,21.419],[-3.906,21.201],[-4.255,20.981],[-4.217,20.925],[-4.554,20.617],[-4.89,20.309],[-5.224,20.0],[-5.557,19.69],[-5.906,19.404],[-6.253,19.117],[-6.599,18.83],[-6.368,18.583],[-6.662,18.275],[-6.955,17.967],[-7.246,17.658],[-7.508,17.344],[-7.768,17.029],[-8.027,16.714],[-8.286,16.399],[-8.183,16.278],[-8.548,16.007],[-8.912,15.736],[-9.275,15.464],[-9.135,15.314],[-9.398,15.112],[-9.661,14.911],[-9.393,14.627],[-9.743,14.342],[-10.092,14.057],[-10.44,13.771],[-10.787,13.485],[-11.133,13.198],[-11.479,12.911],[-11.221,12.651],[-10.964,12.39],[-11.213,12.145],[-11.463,11.9],[-11.711,11.655],[-11.415,11.34],[-11.12,11.025],[-10.825,10.71],[-11.122,10.409],[-11.418,10.108],[-11.713,9.807],[-12.037,9.487],[-12.359,9.167],[-12.682,8.847],[-13.003,8.527],[-13.324,8.206],[-13.645,7.885]]}},{"type":"Feature","properties":{"boundary_type":"ridge","feature_type":"gpml:MidOceanRidge","polarity":null,"overriding_plate_id":null,"subducting_plate_id":null,"plate_ids":[534,780],"name":"Junction MOR"},"geometry":{"type":"LineString","coordinates":[[131.036,-8.601],[130.962,-9.087],[130.887,-9.573],[130.811,-10.059],[130.736,-10.545],[130.66,-11.03],[130.584,-11.516],[130.508,-12.002],[130.432,-12.488],[130.355,-12.973],[130.278,-13.459],[130.2,-13.945],[130.123,-14.43],[130.045,-14.916],[129.966,-15.401],[129.888,-15.887],[129.808,-16.372],[129.729,-16.858],[129.649,-17.343],[129.569,-17.829],[129.488,-18.314],[129.406,-18.8],[129.325,-19.285],[129.242,-19.77],[128.836,-19.995],[128.427,-20.219],[128.391,-20.698],[128.354,-21.177],[128.317,-21.656],[128.28,-22.134],[128.242,-22.613],[128.205,-23.092],[128.167,-23.571],[128.128,-24.05],[128.09,-24.529],[128.051,-25.008],[128.012,-25.487],[127.972,-25.965],[127.932,-26.444],[127.892,-26.923],[127.375,-27.03],[126.857,-27.136],[126.781,-27.61],[126.703,-28.085],[126.625,-28.559],[126.546,-29.033],[126.466,-29.507],[126.385,-29.982],[126.304,-30.456],[126.222,-30.93],[126.139,-31.404],[126.056,-31.878],[125.971,-32.352],[125.886,-32.826],[125.799,-33.3],[125.712,-33.773],[125.624,-34.247],[125.534,-34.721],[125.444,-35.194],[125.353,-35.668],[125.26,-36.141]]}},{"type":"Feature","properties":{"boundary_type":"ridge","feature_type":"gpml:MidOceanRidge","polarity":null,"overriding_plate_id":null,"subducting_plate_id":null,"plate_ids":[780,801],"name":"Junction MOR"},"geometry":{"type":"LineString","coordinates":[[125.26,-36.141],[125.17,-36.597],[125.079,-37.053],[124.986,-37.509],[124.893,-37.965],[124.798,-38.421],[124.702,-38.877],[124.605,-39.333],[124.507,-39.788],[124.407,-40.244]]}},{"type":"Feature","properties":{"boundary_type":"subduction","feature_type":"gpml:SubductionZone","polarity":"Left","overriding_plate_id":801,"subducting_plate_id":919,"plate_ids":[801,919],"name":"Junction subduction"},"geometry":{"type":"LineString","coordinates":[[164.605,-55.222],[164.132,-54.825],[163.669,-54.427],[163.214,-54.027],[162.768,-53.625],[162.331,-53.222],[161.902,-52.817],[161.48,-52.41],[161.067,-52.002],[160.661,-51.593],[160.262,-51.182],[159.87,-50.77],[159.485,-50.356],[159.107,-49.942],[158.735,-49.526],[158.369,-49.109],[157.97,-48.703],[157.577,-48.295],[157.19,-47.886],[156.809,-47.476]]}},{"type":"Feature","properties":{"boundary_type":"subduction","feature_type":"gpml:SubductionZone","polarity":"Left","overriding_plate_id":780,"subducting_plate_id":919,"plate_ids":[780,919],"name":"Junction subduction"},"geometry":{"type":"LineString","coordinates":[[156.809,-47.476],[156.448,-47.081],[156.093,-46.684],[155.743,-46.287],[155.399,-45.889],[155.059,-45.489],[154.724,-45.089],[154.463,-44.667],[154.206,-44.245],[153.952,-43.822],[153.702,-43.399],[153.456,-42.975],[153.212,-42.551],[153.073,-42.082],[152.935,-41.612],[152.8,-41.143],[152.666,-40.673],[152.534,-40.203],[152.404,-39.733],[152.276,-39.263],[152.149,-38.792],[152.074,-38.336],[151.999,-37.879],[151.925,-37.423],[151.852,-36.966],[151.78,-36.509],[151.709,-36.053],[151.638,-35.596],[151.569,-35.139],[151.5,-34.682],[151.432,-34.225],[151.365,-33.768],[151.298,-33.312],[151.316,-32.826],[151.333,-32.341],[151.351,-31.855],[151.368,-31.37],[151.385,-30.884],[151.401,-30.399],[151.418,-29.913],[151.435,-29.428],[151.451,-28.942],[151.467,-28.457],[151.483,-27.971],[151.557,-27.581],[151.631,-27.191]]}},{"type":"Feature","properties":{"boundary_type":"subduction","feature_type":"gpml:SubductionZone","polarity":"Left","overriding_plate_id":780,"subducting_plate_id":926,"plate_ids":[780,926],"name":"Junction subduction"},"geometry":{"type":"LineString","coordinates":[[151.631,-27.191],[151.717,-26.727],[151.803,-26.264],[151.889,-25.801],[151.973,-25.337],[152.057,-24.874],[152.14,-24.41],[152.223,-23.946],[152.305,-23.483],[152.387,-23.019],[152.463,-22.555],[152.538,-22.091],[152.613,-21.627],[152.688,-21.163],[152.762,-20.699],[152.836,-20.234],[152.909,-19.77],[152.982,-19.306],[153.054,-18.842],[153.126,-18.377],[153.198,-17.913],[153.321,-17.457],[153.444,-17.001],[153.566,-16.545],[153.688,-16.089],[153.809,-15.633],[153.929,-15.176],[154.049,-14.72],[154.169,-14.264],[154.288,-13.807],[154.406,-13.351],[154.524,-12.894],[154.684,-12.442],[154.842,-11.991],[155.001,-11.539],[155.159,-11.087],[155.316,-10.635]]}},{"type":"Feature","properties":{"boundary_type":"subduction","feature_type":"gpml:SubductionZone","polarity":"Left","overriding_plate_id":380,"subducting_plate_id":926,"plate_ids":[380,926],"name":"North Borneo subduction"},"geometry":{"type":"LineString","coordinates":[[151.388,4.227],[150.918,4.15],[150.447,4.072],[149.977,3.994],[149.514,4.176],[149.05,4.359],[148.586,4.54],[148.122,4.722],[147.657,4.903],[147.375,5.315],[147.093,5.726],[146.81,6.137],[146.649,6.554],[146.487,6.971],[146.324,7.389],[146.272,7.743],[146.219,8.098],[146.085,8.564],[145.952,9.031],[145.818,9.497],[145.683,9.964],[145.457,10.371],[145.231,10.778],[145.003,11.184]]}},{"type":"Feature","properties":{"boundary_type":"subduction","feature_type":"gpml:SubductionZone","polarity":"Left","overriding_plate_id":380,"subducting_plate_id":926,"plate_ids":[380,926],"name":"Proto South China Sea opening"},"geometry":{"type":"LineString","coordinates":[[145.003,11.184],[145.139,11.615],[145.276,12.046],[145.413,12.477],[145.551,12.908],[145.689,13.339],[145.828,13.769],[145.967,14.2],[146.106,14.63],[146.116,15.052],[146.127,15.473],[146.137,15.895],[146.148,16.316],[146.158,16.737],[146.169,17.159],[146.204,17.639],[146.239,18.119],[146.275,18.599],[146.311,19.079],[146.347,19.559],[146.384,20.039],[146.391,20.35],[146.398,20.662]]}},{"type":"Feature","properties":{"boundary_type":"subduction","feature_type":"gpml:SubductionZone","polarity":"Left","overriding_plate_id":926,"subducting_plate_id":780,"plate_ids":[780,926],"name":"Proto Molucca subduction"},"geometry":{"type":"LineString","coordinates":[[148.996,1.136],[149.208,0.71],[149.421,0.284],[149.633,-0.142],[149.845,-0.569],[150.058,-0.995],[150.27,-1.421],[150.483,-1.847],[150.695,-2.274],[150.908,-2.7],[151.121,-3.126],[151.334,-3.552],[151.547,-3.978],[151.761,-4.404],[151.974,-4.83],[152.188,-5.256],[152.403,-5.681],[152.617,-6.107],[152.832,-6.533],[153.047,-6.958],[153.263,-7.384],[153.479,-7.809],[153.74,-8.213],[154.001,-8.617],[154.263,-9.021],[154.525,-9.425],[154.788,-9.829],[155.052,-10.232],[155.316,-10.635]]}},{"type":"Feature","properties":{"boundary_type":"subduction","feature_type":"gpml:SubductionZone","polarity":"Left","overriding_plate_id":380,"subducting_plate_id":534,"plate_ids":[380,534],"name":"Sunda Jurassic-Cretaceous subduction"},"geometry":{"type":"LineString","coordinates":[[121.372,12.694],[121.538,12.563],[121.906,12.328],[122.274,12.093],[122.641,11.857],[123.007,11.62],[123.373,11.383],[123.738,11.145],[124.123,10.856],[124.508,10.566],[124.891,10.276],[125.274,9.985],[125.657,9.694],[126.038,9.403],[126.42,9.137],[126.802,8.87],[127.183,8.603],[127.563,8.336],[127.943,8.068],[128.323,7.8],[128.702,7.532],[129.115,7.321],[129.528,7.111],[129.941,6.9],[130.354,6.689],[130.766,6.477],[131.178,6.265],[131.589,6.053],[132.0,5.84],[132.461,5.714],[132.922,5.587],[133.383,5.459],[133.844,5.331],[134.304,5.203],[134.765,5.075],[135.225,4.946],[135.635,4.811],[136.046,4.676],[136.456,4.541],[136.866,4.405],[137.276,4.27],[137.686,4.134]]}},{"type":"Feature","properties":{"boundary_type":"subduction","feature_type":"gpml:SubductionZone","polarity":"Left","overriding_plate_id":380,"subducting_plate_id":780,"plate_ids":[380,780],"name":"Sunda Jurassic-Cretaceous subduction"},"geometry":{"type":"LineString","coordinates":[[137.686,4.134],[138.135,3.985],[138.583,3.835],[139.031,3.686],[139.479,3.536],[139.927,3.386],[140.375,3.236],[140.747,2.96],[141.119,2.683],[141.491,2.407],[141.863,2.13],[142.234,1.854],[142.606,1.577],[142.977,1.3],[143.349,1.081],[143.722,0.861],[144.094,0.642],[144.466,0.422],[144.838,0.203],[145.211,-0.017]]}},{"type":"Feature","properties":{"boundary_type":"transform","feature_type":"gpml:Transform","polarity":null,"overriding_plate_id":null,"subducting_plate_id":null,"plate_ids":[529,534],"name":"Proto Andaman Sea transform"},"geometry":{"type":"LineString","coordinates":[[119.341,7.445],[119.479,7.808],[119.618,8.171],[119.757,8.534],[119.896,8.897]]}},{"type":"Feature","properties":{"boundary_type":"transform","feature_type":"gpml:Transform","polarity":null,"overriding_plate_id":null,"subducting_plate_id":null,"plate_ids":[528,534],"name":"Proto Andaman Sea transform"},"geometry":{"type":"LineString","coordinates":[[119.896,8.897],[120.074,9.361],[120.253,9.825],[120.432,10.289],[120.612,10.752],[120.793,11.216],[120.974,11.68],[121.155,12.143],[121.338,12.606]]}},{"type":"Feature","properties":{"boundary_type":"transform","feature_type":"gpml:Transform","polarity":null,"overriding_plate_id":null,"subducting_plate_id":null,"plate_ids":[380,534],"name":"Proto Andaman Sea transform"},"geometry":{"type":"LineString","coordinates":[[121.338,12.606],[121.372,12.694]]}},{"type":"Feature","properties":{"boundary_type":"subduction","feature_type":"gpml:SubductionZone","polarity":"Left","overriding_plate_id":380,"subducting_plate_id":780,"plate_ids":[380,780],"name":"East Borneo subduction"},"geometry":{"type":"LineString","coordinates":[[145.211,-0.017],[145.684,0.128],[146.157,0.272],[146.63,0.416],[147.103,0.56],[147.576,0.704],[148.05,0.848],[148.523,0.992],[148.996,1.136]]}},{"type":"Feature","properties":{"boundary_type":"subduction","feature_type":"gpml:SubductionZone","polarity":"Left","overriding_plate_id":380,"subducting_plate_id":926,"plate_ids":[380,926],"name":"East Borneo subduction"},"geometry":{"type":"LineString","coordinates":[[148.996,1.136],[149.462,1.278],[149.928,1.42],[150.136,1.821],[150.345,2.222],[150.553,2.623],[150.761,3.024],[150.97,3.425],[151.179,3.826],[151.388,4.227]]}},{"type":"Feature","properties":{"boundary_type":"ridge","feature_type":"gpml:MidOceanRidge","polarity":null,"overriding_plate_id":null,"subducting_plate_id":null,"plate_ids":[780,801],"name":"Molucca Cretaceous Spreading"},"geometry":{"type":"LineString","coordinates":[[124.407,-40.244],[124.906,-40.273],[124.893,-40.541],[124.879,-40.808],[125.372,-40.826],[125.864,-40.841],[125.862,-41.275],[125.859,-41.71],[125.857,-42.145],[125.855,-42.58],[126.318,-42.59],[126.782,-42.599],[127.245,-42.606],[127.312,-43.07],[127.927,-43.097],[128.543,-43.12],[129.159,-43.141],[129.172,-43.448],[129.186,-43.756],[129.803,-43.736],[130.42,-43.713],[130.498,-44.101],[130.578,-44.488],[131.105,-44.48],[131.633,-44.47],[132.16,-44.457],[132.266,-44.871],[132.373,-45.284],[132.482,-45.698],[132.592,-46.111],[133.178,-46.056],[133.762,-45.998],[134.345,-45.936],[134.926,-45.872],[135.056,-46.286],[135.188,-46.699],[135.322,-47.113],[135.982,-47.012],[136.639,-46.906],[137.294,-46.797],[137.507,-47.239],[137.724,-47.681],[137.945,-48.121],[138.17,-48.562],[138.399,-49.002],[139.109,-48.928],[139.817,-48.85],[140.523,-48.768],[141.226,-48.681],[141.927,-48.59],[142.625,-48.495],[143.321,-48.396],[144.014,-48.292],[144.094,-48.774],[144.175,-49.257],[144.898,-49.195],[145.619,-49.128],[146.338,-49.057],[147.054,-48.982],[147.769,-48.902],[148.481,-48.818],[149.191,-48.729],[149.898,-48.637],[150.603,-48.539],[151.305,-48.438],[152.003,-48.332],[152.699,-48.222],[153.392,-48.108],[154.082,-47.99],[154.769,-47.867],[155.452,-47.741],[156.132,-47.61],[156.809,-47.476]]}},{"type":"Feature","properties":{"boundary_type":"ridge","feature_type":"gpml:MidOceanRidge","polarity":null,"overriding_plate_id":null,"subducting_plate_id":null,"plate_ids":[534,780],"name":"Junction MOR"},"geometry":{"type":"LineString","coordinates":[[137.686,4.134],[137.665,3.718],[137.644,3.303],[137.623,2.887],[137.141,2.781],[136.659,2.674],[136.177,2.567],[135.695,2.46],[135.214,2.353],[134.732,2.246],[134.61,1.767],[134.489,1.288],[134.367,0.809],[134.245,0.33],[134.124,-0.149],[134.002,-0.628],[133.881,-1.107],[133.759,-1.586],[133.637,-2.065],[133.515,-2.544],[133.393,-3.023],[133.271,-3.502],[133.149,-3.981],[133.027,-4.46],[132.905,-4.939],[132.782,-5.418],[132.659,-5.897],[132.536,-6.375],[132.413,-6.854],[132.289,-7.333],[132.166,-7.812],[132.042,-8.29]]}},{"type":"Feature","properties":{"boundary_type":"ridge","feature_type":"gpml:MidOceanRidge","polarity":null,"overriding_plate_id":null,"subducting_plate_id":null,"plate_ids":[534,780],"name":"Junction MOR"},"geometry":{"type":"LineString","coordinates":[[132.042,-8.29],[131.707,-8.394],[131.372,-8.498],[131.036,-8.601]]}},{"type":"Feature","properties":{"boundary_type":"ridge","feature_type":"gpml:MidOceanRidge","polarity":null,"overriding_plate_id":null,"subducting_plate_id":null,"plate_ids":[701,801],"name":"MOR Madagascar-Africa"},"geometry":{"type":"LineString","coordinates":[[41.644,-35.176],[41.439,-35.591],[41.233,-36.005],[41.024,-36.419],[40.813,-36.833],[40.6,-37.246],[40.03,-37.085],[39.463,-36.921],[38.899,-36.754],[38.337,-36.584],[37.777,-36.412],[37.22,-36.238],[36.665,-36.06],[36.113,-35.881],[35.564,-35.698],[35.387,-36.166],[35.208,-36.633],[35.027,-37.1],[34.647,-36.898],[34.27,-36.695],[33.987,-37.103],[33.701,-37.51],[33.412,-37.917],[33.119,-38.322],[32.616,-38.102],[32.117,-37.88],[31.62,-37.655],[31.126,-37.428],[30.636,-37.2],[30.322,-37.598],[30.005,-37.996],[29.684,-38.393],[29.36,-38.789],[29.032,-39.184],[28.701,-39.578],[28.366,-39.971],[28.027,-40.363],[27.684,-40.755],[27.373,-41.165],[27.059,-41.575],[26.741,-41.984],[26.419,-42.392],[26.092,-42.799],[25.761,-43.205],[25.426,-43.611],[25.087,-44.015],[24.742,-44.418],[24.393,-44.82],[24.039,-45.221],[23.68,-45.621],[23.433,-45.995],[23.183,-46.369],[22.783,-46.224],[22.384,-46.078]]}},{"type":"Feature","properties":{"boundary_type":"ridge","feature_type":"gpml:MidOceanRidge","polarity":null,"overriding_plate_id":null,"subducting_plate_id":null,"plate_ids":[701,801],"name":"MOR Somalian Africa-India"},"geometry":{"type":"LineString","coordinates":[[59.113,-24.214],[58.713,-24.515],[58.311,-24.814],[57.907,-25.112],[57.501,-25.409],[57.093,-25.705],[56.683,-25.999],[56.271,-26.293],[55.856,-26.585],[55.44,-26.877],[55.022,-27.166],[54.601,-27.455],[54.178,-27.743],[53.753,-28.029],[53.556,-27.809],[53.361,-27.589],[52.938,-27.897],[52.513,-28.204],[52.085,-28.509],[51.655,-28.814],[51.222,-29.117],[50.787,-29.418],[50.349,-29.718],[49.909,-30.017],[49.466,-30.314],[49.02,-30.61],[48.572,-30.904],[48.121,-31.196],[47.667,-31.487],[47.21,-31.777],[46.75,-32.064],[46.287,-32.35],[45.837,-32.641],[45.383,-32.929],[44.926,-33.216],[44.467,-33.501],[44.004,-33.785],[43.538,-34.067],[43.069,-34.347],[42.597,-34.625],[42.122,-34.901],[41.644,-35.176]]}},{"type":"Feature","properties":{"boundary_type":"ridge","feature_type":"gpml:MidOceanRidge","polarity":null,"overriding_plate_id":null,"subducting_plate_id":null,"plate_ids":[534,801],"name":"MOR NeoTethys-E Gondwana"},"geometry":{"type":"LineString","coordinates":[[119.18,-43.193],[119.095,-42.847],[119.011,-42.502],[118.928,-42.156],[118.808,-41.687],[118.69,-41.219],[118.574,-40.75],[118.46,-40.282],[118.347,-39.813],[118.235,-39.344],[118.125,-38.875],[118.017,-38.406],[117.91,-37.937],[117.804,-37.468],[117.7,-36.998],[117.597,-36.529],[117.495,-36.059],[117.394,-35.59],[117.295,-35.12],[117.196,-34.65],[117.099,-34.18],[117.003,-33.71],[116.908,-33.24],[117.404,-33.237],[117.899,-33.232],[118.395,-33.225],[118.891,-33.216],[118.943,-33.673],[118.996,-34.13],[119.049,-34.587],[119.561,-34.653],[120.073,-34.717],[120.586,-34.779],[121.1,-34.839],[121.239,-35.239],[121.38,-35.64],[121.522,-36.04],[122.055,-36.061],[122.589,-36.081],[123.123,-36.097],[123.657,-36.112],[124.191,-36.124],[124.726,-36.134],[125.26,-36.141]]}},{"type":"Feature","properties":{"boundary_type":"transform","feature_type":"gpml:Transform","polarity":null,"overriding_plate_id":null,"subducting_plate_id":null,"plate_ids":[301,701],"name":"MezoTethys transform from 180Ma"},"geometry":{"type":"LineString","coordinates":[[50.841,7.054],[51.217,7.327],[51.593,7.599],[51.97,7.872],[52.347,8.143],[52.724,8.415],[53.103,8.686],[53.481,8.956],[53.86,9.227],[54.24,9.496],[54.621,9.766],[55.002,10.035],[55.383,10.304],[55.766,10.572],[56.026,10.994],[56.287,11.416],[56.549,11.838],[56.811,12.259],[57.074,12.681],[57.339,13.102],[57.604,13.523],[57.87,13.943],[58.137,14.364],[58.405,14.784],[58.674,15.203],[58.944,15.622],[59.216,16.041],[59.488,16.46],[59.762,16.878],[60.037,17.296],[60.313,17.714],[60.59,18.131],[60.717,18.363],[60.844,18.595]]}},{"type":"Feature","properties":{"boundary_type":"transform","feature_type":"gpml:Transform","polarity":null,"overriding_plate_id":null,"subducting_plate_id":null,"plate_ids":[301,530],"name":"MezoTethys transform from 180Ma"},"geometry":{"type":"LineString","coordinates":[[60.844,18.595],[61.077,19.018],[61.311,19.442],[61.547,19.865],[61.784,20.288],[62.022,20.711],[62.262,21.133],[62.503,21.555],[62.745,21.977],[62.989,22.398],[63.235,22.819],[63.481,23.24],[63.73,23.66],[63.98,24.079],[64.231,24.499],[64.485,24.918],[64.74,25.336],[64.997,25.754],[65.255,26.172]]}},{"type":"Feature","properties":{"boundary_type":"ridge","feature_type":"gpml:MidOceanRidge","polarity":null,"overriding_plate_id":null,"subducting_plate_id":null,"plate_ids":[530,701],"name":"Vardar Ocean"},"geometry":{"type":"LineString","coordinates":[[60.844,18.595],[61.199,18.374],[61.554,18.153],[61.907,17.931],[62.318,17.664],[62.728,17.395],[63.137,17.125],[63.544,16.855],[63.95,16.584],[64.355,16.312],[64.759,16.039],[65.162,15.765],[65.564,15.491],[65.965,15.216],[66.364,14.94],[66.763,14.664],[67.161,14.387],[67.557,14.109],[67.953,13.831],[68.208,14.149],[68.463,14.468],[68.72,14.786],[68.977,15.104],[69.394,14.831],[69.81,14.557],[70.225,14.282],[70.64,14.007],[71.053,13.731],[71.465,13.454],[71.876,13.177],[72.287,12.899],[72.696,12.62],[73.105,12.341],[73.512,12.061],[73.919,11.781],[74.325,11.5],[74.73,11.218],[75.135,10.936],[75.538,10.653],[75.941,10.37],[76.343,10.086],[76.745,9.802],[77.146,9.518],[77.546,9.233],[77.945,8.947],[78.344,8.661],[78.742,8.375],[79.14,8.088],[79.537,7.801],[79.933,7.513],[80.329,7.225],[80.725,6.937],[81.12,6.649],[81.514,6.36],[81.908,6.071],[82.234,5.838],[82.559,5.605],[82.884,5.372]]}},{"type":"Feature","properties":{"boundary_type":"other","feature_type":"gpml:OrogenicBelt","polarity":null,"overriding_plate_id":null,"subducting_plate_id":null,"plate_ids":[101,16111],"name":"Alexander-NAM collision zone (close Gravina Basin)"},"geometry":{"type":"LineString","coordinates":[[-53.076,70.041],[-51.802,69.885],[-50.547,69.721],[-49.312,69.548],[-48.097,69.367],[-46.903,69.177],[-45.73,68.979],[-44.579,68.773],[-43.75,68.451],[-42.944,68.126],[-42.162,67.797],[-41.401,67.464],[-41.217,67.027],[-41.039,66.589],[-40.868,66.151],[-40.702,65.713],[-40.812,65.327],[-40.919,64.941],[-41.022,64.555],[-41.123,64.169],[-41.268,63.724],[-41.408,63.278],[-41.545,62.832],[-41.677,62.386],[-41.805,61.939],[-41.929,61.493],[-42.05,61.046],[-42.132,60.603],[-42.212,60.16],[-42.29,59.717],[-42.365,59.274],[-42.439,58.831],[-42.51,58.388],[-42.58,57.944],[-42.649,57.501],[-42.599,57.023],[-42.551,56.546],[-42.505,56.068],[-42.459,55.59],[-42.415,55.112],[-42.371,54.634],[-42.413,54.193],[-42.454,53.752],[-42.494,53.31],[-42.533,52.869],[-42.572,52.427],[-42.61,51.986],[-42.647,51.544],[-42.954,51.258],[-43.257,50.97],[-43.557,50.681],[-44.154,50.714],[-44.751,50.744],[-45.293,50.736],[-45.836,50.725],[-46.378,50.711]]}},{"type":"Feature","properties":{"boundary_type":"other","feature_type":"gpml:Fault","polarity":null,"overriding_plate_id":null,"subducting_plate_id":null,"plate_ids":[101,41200],"name":"NW NAM-Arctic boundary"},"geometry":{"type":"LineString","coordinates":[[-54.127,72.064],[-52.691,72.198],[-51.235,72.322],[-49.761,72.434],[-48.268,72.536],[-46.76,72.626],[-45.238,72.705],[-43.703,72.772],[-42.048,72.756],[-40.398,72.727],[-38.755,72.684],[-37.12,72.628],[-35.497,72.559],[-33.888,72.477],[-32.47,72.222],[-31.092,71.958],[-29.752,71.684],[-28.452,71.401],[-27.19,71.109]]}},{"type":"Feature","properties":{"boundary_type":"other","feature_type":"gpml:Fault","polarity":null,"overriding_plate_id":null,"subducting_plate_id":null,"plate_ids":[101,18100],"name":"NW NAM-Arctic boundary"},"geometry":{"type":"LineString","coordinates":[[-27.19,71.109],[-26.204,70.869],[-25.243,70.624],[-24.305,70.374],[-23.389,70.12],[-22.497,69.861],[-21.353,69.588],[-20.239,69.307],[-19.154,69.02],[-18.097,68.726],[-17.067,68.426],[-16.065,68.12],[-15.09,67.807],[-14.14,67.489]]}},{"type":"Feature","properties":{"boundary_type":"other","feature_type":"gpml:Fault","polarity":null,"overriding_plate_id":null,"subducting_plate_id":null,"plate_ids":[18100],"name":"NW NAM-Arctic boundary"},"geometry":{"type":"LineString","coordinates":[[-14.14,67.489],[-14.1,67.475]]}},{"type":"Feature","properties":{"boundary_type":"transform","feature_type":"gpml:Transform","polarity":null,"overriding_plate_id":null,"subducting_plate_id":null,"plate_ids":[301,41200],"name":"Arctic-Siberian transform"},"geometry":{"type":"LineString","coordinates":[[93.14,82.95],[89.773,82.851],[86.507,82.729],[83.359,82.585],[80.338,82.419],[77.454,82.233],[74.71,82.029],[71.706,81.825],[68.854,81.6],[66.156,81.355],[63.611,81.093],[61.214,80.815],[58.961,80.521],[56.845,80.214]]}},{"type":"Feature","properties":{"boundary_type":"transform","feature_type":"gpml:Transform","polarity":null,"overriding_plate_id":null,"subducting_plate_id":null,"plate_ids":[301,380],"name":"Eurasia-Mongol Okhotsk transform"},"geometry":{"type":"LineString","coordinates":[[87.651,19.614],[87.763,20.027],[87.875,20.44],[87.988,20.852],[88.102,21.265],[88.098,21.752],[88.094,22.238],[88.09,22.725],[88.086,23.212],[88.082,23.698],[88.078,24.185],[88.073,24.672],[88.069,25.159],[88.065,25.645],[88.061,26.132],[88.056,26.619],[88.052,27.106]]}},{"type":"Feature","properties":{"boundary_type":"ridge","feature_type":"gpml:MidOceanRidge","polarity":null,"overriding_plate_id":null,"subducting_plate_id":null,"plate_ids":[902,926],"name":"MOR Farallon-Izanagi"},"geometry":{"type":"LineString","coordinates":[[-131.705,10.421],[-131.674,10.698],[-131.643,10.975],[-131.586,11.44],[-131.53,11.905],[-131.473,12.37],[-131.415,12.835],[-131.358,13.3],[-131.268,13.782],[-131.177,14.265],[-131.086,14.747],[-130.994,15.229],[-130.902,15.711],[-130.81,16.193],[-130.717,16.675],[-130.624,17.157],[-130.53,17.639],[-130.436,18.121],[-130.341,18.603],[-130.246,19.084],[-130.15,19.566],[-130.053,20.048],[-129.956,20.529],[-129.859,21.011],[-129.76,21.492],[-129.661,21.974],[-129.562,22.455],[-129.461,22.937],[-129.36,23.418],[-129.259,23.899],[-129.156,24.38],[-129.053,24.861],[-128.949,25.342],[-128.844,25.823],[-128.738,26.304],[-128.631,26.785],[-128.523,27.265],[-128.415,27.746],[-128.305,28.227],[-128.195,28.707],[-128.083,29.187],[-127.971,29.668],[-127.857,30.148],[-127.742,30.628],[-127.202,30.545],[-126.663,30.46],[-126.124,30.372],[-125.587,30.283],[-125.05,30.191],[-124.515,30.097],[-123.98,30.001],[-123.447,29.903],[-123.354,30.383],[-123.261,30.862],[-123.167,31.342],[-123.071,31.821],[-122.975,32.3],[-122.877,32.78],[-122.779,33.259],[-122.68,33.738],[-122.579,34.217],[-122.477,34.696],[-122.374,35.175],[-122.27,35.654],[-122.164,36.133],[-122.058,36.611],[-121.95,37.09],[-121.84,37.568],[-121.729,38.047],[-121.617,38.525],[-121.503,39.003],[-121.388,39.481],[-121.271,39.959],[-121.152,40.437],[-121.032,40.914],[-120.91,41.392],[-121.467,41.498],[-122.026,41.602],[-122.587,41.703],[-123.149,41.801],[-123.713,41.896],[-124.279,41.989],[-124.147,42.473],[-124.013,42.958],[-123.876,43.442],[-123.738,43.926],[-123.597,44.41],[-123.454,44.894],[-123.308,45.377],[-123.16,45.86],[-123.009,46.344],[-122.855,46.827],[-122.699,47.309],[-122.54,47.792],[-122.378,48.274],[-122.213,48.756],[-122.044,49.238],[-121.873,49.72],[-121.698,50.201],[-121.519,50.682],[-122.27,50.83],[-123.025,50.973],[-123.785,51.111],[-124.55,51.244],[-124.32,51.711],[-124.086,52.177],[-123.847,52.642],[-123.603,53.107],[-123.354,53.571],[-123.098,54.035],[-122.838,54.499],[-122.571,54.961],[-122.298,55.424],[-122.018,55.885],[-121.732,56.346],[-121.439,56.806],[-121.138,57.266],[-120.83,57.725],[-120.514,58.183],[-120.19,58.64],[-119.857,59.096],[-119.515,59.552],[-119.164,60.006],[-118.803,60.46],[-118.059,60.322],[-117.321,60.179],[-116.589,60.033],[-116.277,60.486],[-115.957,60.938],[-115.627,61.389],[-115.288,61.839],[-114.939,62.289],[-114.579,62.737],[-114.208,63.185],[-113.825,63.632],[-113.431,64.077],[-113.023,64.522],[-112.602,64.965],[-112.166,65.407],[-111.716,65.848],[-111.25,66.288],[-110.768,66.726],[-110.268,67.162],[-109.75,67.597],[-110.832,67.878],[-111.941,68.152],[-113.077,68.418],[-114.239,68.677],[-115.428,68.927],[-116.643,69.169],[-117.885,69.402],[-119.154,69.626],[-120.45,69.841],[-121.771,70.046],[-121.336,70.491],[-120.882,70.935],[-120.406,71.378],[-119.909,71.82],[-119.387,72.261],[-118.84,72.7],[-118.266,73.138],[-117.661,73.573],[-117.025,74.008],[-116.355,74.44],[-115.647,74.87],[-114.898,75.297],[-114.107,75.722],[-113.267,76.145],[-112.376,76.564],[-111.43,76.98],[-110.946,77.186],[-112.675,77.354],[-114.447,77.51],[-116.262,77.654],[-118.118,77.786],[-120.011,77.905],[-122.173,78.01],[-124.369,78.098],[-123.927,78.542],[-123.449,78.986],[-122.932,79.43],[-122.37,79.872],[-121.757,80.313],[-121.087,80.754],[-120.35,81.192]]}},{"type":"Feature","properties":{"boundary_type":"ridge","feature_type":"gpml:MidOceanRidge","polarity":null,"overriding_plate_id":null,"subducting_plate_id":null,"plate_ids":[901,902],"name":"MOR Pacific-Farallon"},"geometry":{"type":"LineString","coordinates":[[-106.174,-10.742],[-106.557,-10.425],[-106.94,-10.107],[-107.322,-9.789],[-107.703,-9.47],[-108.083,-9.151],[-108.463,-8.832],[-108.842,-8.512],[-109.221,-8.192],[-109.599,-7.872],[-109.907,-7.533],[-110.214,-7.195],[-110.521,-6.856],[-110.828,-6.517],[-111.134,-6.178],[-111.44,-5.839],[-111.745,-5.499],[-112.05,-5.16],[-112.355,-4.82],[-112.659,-4.48],[-112.347,-4.142],[-112.036,-3.804],[-111.725,-3.466],[-111.414,-3.128],[-111.738,-2.809],[-112.063,-2.489],[-112.387,-2.17],[-112.711,-1.85],[-113.035,-1.531],[-113.359,-1.211],[-113.682,-0.891],[-114.006,-0.571],[-114.33,-0.252],[-114.415,-0.111],[-114.623,0.095],[-114.809,0.31],[-115.042,0.479],[-115.275,0.648],[-115.552,0.971],[-115.884,1.266],[-116.217,1.561],[-116.549,1.856],[-116.793,1.564],[-117.036,1.272],[-117.28,0.98],[-117.575,1.254],[-117.87,1.528],[-118.165,1.803],[-118.46,2.077],[-118.794,1.716],[-119.128,1.354],[-119.462,0.993],[-119.786,1.297],[-120.109,1.601],[-120.432,1.905],[-120.756,2.208],[-121.08,2.512],[-121.403,2.816],[-121.727,3.12],[-121.826,2.985],[-122.119,3.278],[-122.413,3.572],[-122.707,3.865],[-123.001,4.158],[-123.295,4.451],[-123.529,4.7],[-123.762,4.949],[-123.996,5.198],[-124.337,5.509],[-124.678,5.819],[-125.019,6.13],[-125.361,6.44],[-125.703,6.75],[-125.841,6.818],[-125.854,6.882],[-126.102,7.093],[-126.35,7.303],[-126.596,7.095],[-126.773,6.757],[-127.071,7.056],[-127.369,7.354],[-127.6,7.555],[-127.732,7.638],[-127.866,7.769],[-128.121,8.018],[-128.375,8.267],[-128.508,8.378],[-128.788,8.662],[-129.068,8.945],[-129.252,8.75],[-129.435,8.555],[-129.811,8.868],[-130.188,9.181],[-130.565,9.494],[-130.943,9.806],[-131.324,10.114],[-131.705,10.421]]}},{"type":"Feature","properties":{"boundary_type":"ridge","feature_type":"gpml:MidOceanRidge","polarity":null,"overriding_plate_id":null,"subducting_plate_id":null,"plate_ids":[901,926],"name":"MOR Pacific-Farallon"},"geometry":{"type":"LineString","coordinates":[[-131.705,10.421],[-131.949,10.618],[-132.193,10.814]]}},{"type":"Feature","properties":{"boundary_type":"ridge","feature_type":"gpml:MidOceanRidge","polarity":null,"overriding_plate_id":null,"subducting_plate_id":null,"plate_ids":[902,919],"name":"MOR Farallon-Phoenix"},"geometry":{"type":"LineString","coordinates":[[-106.249,-10.763],[-105.767,-10.885],[-105.284,-11.006],[-104.801,-11.126],[-104.318,-11.246],[-103.834,-11.365],[-103.35,-11.483],[-102.865,-11.6],[-102.38,-11.716],[-101.895,-11.832],[-101.409,-11.947],[-100.923,-12.061],[-100.437,-12.174],[-99.95,-12.286],[-99.462,-12.398],[-98.974,-12.508],[-98.486,-12.618],[-97.997,-12.727],[-97.508,-12.834],[-97.019,-12.941],[-96.529,-13.048],[-96.039,-13.153],[-95.548,-13.257],[-95.057,-13.36],[-94.565,-13.462],[-94.073,-13.564],[-93.581,-13.664],[-93.088,-13.764],[-92.594,-13.862],[-92.101,-13.959],[-92.136,-14.446],[-92.17,-14.932],[-92.206,-15.418],[-92.241,-15.904],[-92.276,-16.39],[-92.312,-16.876],[-92.347,-17.362],[-92.383,-17.848],[-92.42,-18.334],[-91.898,-18.368],[-91.377,-18.401],[-90.856,-18.432],[-90.334,-18.461],[-89.812,-18.49],[-89.29,-18.516],[-88.768,-18.542],[-88.245,-18.566],[-87.723,-18.588],[-87.2,-18.609],[-86.677,-18.629],[-86.154,-18.647],[-85.631,-18.664],[-85.108,-18.679],[-84.585,-18.693],[-84.062,-18.706],[-83.538,-18.716],[-83.015,-18.726],[-82.491,-18.734],[-81.968,-18.741],[-81.444,-18.746],[-80.921,-18.749],[-80.397,-18.752],[-79.874,-18.752],[-79.834,-19.211],[-79.793,-19.669],[-79.753,-20.127],[-79.712,-20.585],[-79.672,-21.043],[-79.63,-21.501],[-79.589,-21.959],[-79.547,-22.417],[-79.505,-22.875],[-79.463,-23.334],[-79.421,-23.792],[-78.885,-23.725],[-78.35,-23.656],[-77.815,-23.586],[-77.281,-23.514],[-76.748,-23.439],[-76.215,-23.363],[-75.683,-23.286],[-75.151,-23.206],[-74.62,-23.125],[-74.09,-23.042],[-73.56,-22.957],[-73.031,-22.871],[-72.503,-22.782],[-71.975,-22.692],[-71.448,-22.6],[-70.922,-22.507],[-70.397,-22.412],[-69.872,-22.315],[-69.348,-22.216],[-68.825,-22.116],[-68.302,-22.014],[-67.78,-21.91],[-67.259,-21.805],[-66.739,-21.698],[-66.58,-22.148],[-66.421,-22.597],[-66.26,-23.046],[-66.098,-23.495],[-65.935,-23.944],[-65.771,-24.392],[-65.606,-24.841],[-65.439,-25.289],[-65.272,-25.737],[-65.103,-26.185],[-64.596,-26.024],[-64.091,-25.862],[-63.587,-25.698],[-63.084,-25.532],[-62.583,-25.364],[-62.083,-25.195],[-61.584,-25.024],[-61.087,-24.851],[-60.592,-24.677],[-60.097,-24.501],[-59.604,-24.324],[-59.113,-24.144],[-58.623,-23.964],[-58.134,-23.782],[-57.647,-23.598],[-57.161,-23.413],[-56.676,-23.226],[-56.193,-23.038],[-55.711,-22.848],[-55.23,-22.657],[-54.751,-22.464],[-54.273,-22.27],[-53.797,-22.075],[-53.321,-21.878],[-52.847,-21.68],[-52.639,-22.093],[-52.429,-22.506],[-52.218,-22.918],[-52.006,-23.33],[-51.792,-23.742],[-51.577,-24.154],[-51.361,-24.565],[-50.862,-24.384],[-50.366,-24.202],[-49.87,-24.018],[-49.376,-23.832],[-48.883,-23.645],[-48.392,-23.456],[-47.902,-23.265],[-47.414,-23.073],[-46.927,-22.88],[-46.441,-22.685],[-45.957,-22.489],[-45.474,-22.291],[-44.993,-22.092],[-44.513,-21.891],[-44.034,-21.689],[-43.557,-21.485],[-43.081,-21.281],[-42.606,-21.075],[-42.132,-20.867],[-41.66,-20.658],[-41.189,-20.449],[-40.72,-20.237],[-40.252,-20.025],[-39.785,-19.811],[-39.319,-19.596],[-38.854,-19.38],[-38.391,-19.163],[-37.929,-18.944],[-37.468,-18.725],[-37.009,-18.504],[-36.55,-18.282],[-36.093,-18.059],[-35.637,-17.835],[-35.182,-17.61],[-34.728,-17.384],[-34.276,-17.157],[-33.824,-16.929]]}},{"type":"Feature","properties":{"boundary_type":"ridge","feature_type":"gpml:MidOceanRidge","polarity":null,"overriding_plate_id":null,"subducting_plate_id":null,"plate_ids":[901,902],"name":"MOR Pacific-Phoenix"},"geometry":{"type":"LineString","coordinates":[[-106.174,-10.742],[-106.249,-10.763]]}},{"type":"Feature","properties":{"boundary_type":"ridge","feature_type":"gpml:MidOceanRidge","polarity":null,"overriding_plate_id":null,"subducting_plate_id":null,"plate_ids":[901,919],"name":"MOR Pacific-Phoenix"},"geometry":{"type":"LineString","coordinates":[[-106.249,-10.763],[-106.733,-10.897],[-107.217,-11.031],[-107.702,-11.164],[-108.187,-11.297],[-108.672,-11.428],[-109.158,-11.559],[-109.645,-11.689],[-110.132,-11.818],[-110.619,-11.946],[-111.107,-12.073],[-111.583,-12.217],[-112.059,-12.36],[-112.536,-12.503],[-113.013,-12.644],[-113.491,-12.785],[-113.969,-12.925],[-113.829,-13.358],[-113.689,-13.791],[-113.548,-14.225],[-113.407,-14.658],[-113.79,-14.76],[-114.174,-14.862],[-114.021,-15.329],[-113.866,-15.797],[-113.712,-16.264],[-113.556,-16.732],[-113.4,-17.199],[-113.243,-17.666],[-113.677,-17.835],[-114.113,-18.002],[-114.549,-18.169],[-114.987,-18.335],[-115.425,-18.499],[-115.864,-18.663],[-116.304,-18.826],[-116.426,-18.445],[-116.547,-18.064],[-116.668,-17.683],[-117.125,-17.841],[-117.583,-17.998],[-118.041,-18.154],[-118.5,-18.31],[-118.96,-18.464],[-119.421,-18.617],[-119.882,-18.768],[-120.345,-18.919],[-120.404,-18.693],[-120.87,-18.844],[-121.337,-18.995],[-121.805,-19.144],[-122.273,-19.292],[-122.742,-19.438],[-123.213,-19.584],[-123.684,-19.728],[-124.155,-19.871],[-124.628,-20.013],[-125.144,-20.1],[-125.66,-20.186],[-126.177,-20.27],[-126.695,-20.353],[-127.213,-20.435],[-127.732,-20.515],[-128.251,-20.593],[-128.771,-20.67],[-129.291,-20.745],[-129.812,-20.819],[-130.333,-20.891],[-130.855,-20.961],[-131.377,-21.03],[-131.9,-21.097],[-132.423,-21.163],[-132.946,-21.227],[-133.47,-21.29],[-133.995,-21.35],[-134.52,-21.41],[-135.045,-21.467],[-135.571,-21.523],[-136.097,-21.577],[-136.624,-21.63],[-137.151,-21.681],[-137.678,-21.73],[-138.206,-21.778],[-138.734,-21.824],[-139.262,-21.868],[-139.791,-21.911],[-140.32,-21.952],[-140.849,-21.991],[-141.379,-22.029],[-141.909,-22.064],[-142.439,-22.098],[-142.969,-22.131],[-143.5,-22.162],[-144.03,-22.191],[-144.562,-22.218],[-145.093,-22.243],[-145.624,-22.267],[-146.156,-22.289],[-146.688,-22.31],[-147.219,-22.328],[-147.751,-22.345],[-148.26,-22.36],[-148.769,-22.373],[-149.278,-22.384],[-149.787,-22.394],[-150.296,-22.402],[-150.805,-22.409],[-151.314,-22.414],[-151.823,-22.418],[-152.332,-22.42],[-152.842,-22.42],[-153.351,-22.419],[-153.86,-22.416],[-154.39,-22.411],[-154.92,-22.404],[-155.451,-22.396],[-155.981,-22.386],[-156.511,-22.374],[-157.041,-22.361],[-157.571,-22.346],[-158.1,-22.329],[-158.63,-22.31],[-159.159,-22.29],[-159.688,-22.268],[-160.218,-22.244],[-160.746,-22.219],[-161.275,-22.192],[-161.804,-22.163],[-162.332,-22.132],[-162.86,-22.1],[-163.388,-22.066],[-163.915,-22.03],[-164.442,-21.993],[-164.969,-21.954],[-165.496,-21.913],[-165.867,-21.846]]}},{"type":"Feature","properties":{"boundary_type":"ridge","feature_type":"gpml:MidOceanRidge","polarity":null,"overriding_plate_id":null,"subducting_plate_id":null,"plate_ids":[901,926],"name":"MOR Pacific-Phoenix"},"geometry":{"type":"LineString","coordinates":[[-165.867,-21.846],[-166.324,-21.763],[-166.781,-21.678],[-167.237,-21.592]]}},{"type":"Feature","properties":{"boundary_type":"ridge","feature_type":"gpml:MidOceanRidge","polarity":null,"overriding_plate_id":null,"subducting_plate_id":null,"plate_ids":[901,926],"name":"IZA-PAC MOR"},"geometry":{"type":"LineString","coordinates":[[-132.193,10.814],[-132.432,10.513],[-132.67,10.211],[-132.908,9.91],[-133.074,9.755],[-133.167,9.713],[-133.511,9.394],[-133.855,9.074],[-133.749,8.935],[-133.925,8.793],[-134.128,8.696],[-134.45,8.434],[-134.771,8.173],[-135.092,7.911],[-135.413,7.649],[-135.415,7.594],[-135.56,7.519],[-135.682,7.399],[-135.345,7.036],[-135.008,6.671],[-134.934,6.525],[-135.231,6.279],[-135.527,6.033],[-135.823,5.788],[-135.597,5.428],[-135.371,5.069],[-135.145,4.709],[-135.39,4.476],[-135.55,4.391],[-135.85,4.023],[-135.975,3.929],[-136.277,3.636],[-136.579,3.344],[-136.881,3.051],[-137.183,2.759],[-136.945,2.496],[-136.706,2.233],[-136.468,1.97],[-136.222,1.638],[-135.975,1.306],[-135.729,0.974],[-135.432,0.638],[-135.135,0.302],[-134.838,-0.034],[-134.541,-0.37],[-134.245,-0.706],[-134.593,-1.028],[-134.941,-1.35],[-135.289,-1.672],[-135.638,-1.994],[-135.986,-2.315],[-136.335,-2.637],[-136.684,-2.958],[-137.033,-3.28],[-137.382,-3.601],[-137.732,-3.922],[-138.082,-4.243],[-138.432,-4.564],[-138.782,-4.885],[-139.133,-5.205],[-139.498,-5.533],[-139.862,-5.86],[-140.228,-6.186],[-140.593,-6.513],[-140.959,-6.839],[-141.326,-7.165],[-141.693,-7.491],[-142.061,-7.817],[-142.429,-8.142],[-142.798,-8.466],[-143.168,-8.791],[-143.538,-9.115],[-143.908,-9.439],[-144.28,-9.762],[-144.652,-10.085],[-145.025,-10.407],[-145.399,-10.729],[-145.774,-11.051],[-146.149,-11.372],[-146.525,-11.693],[-146.902,-12.013],[-147.28,-12.333],[-147.583,-11.983],[-147.884,-11.633],[-148.185,-11.282],[-148.485,-10.932],[-148.784,-10.581],[-149.083,-10.229],[-149.381,-9.878],[-149.678,-9.526],[-150.084,-9.826],[-150.491,-10.125],[-150.898,-10.424],[-151.306,-10.723],[-151.715,-11.021],[-152.124,-11.318],[-152.535,-11.615],[-152.946,-11.912],[-153.358,-12.207],[-153.772,-12.502],[-154.186,-12.797],[-154.601,-13.091],[-155.017,-13.384],[-155.434,-13.676],[-155.852,-13.968],[-156.271,-14.259],[-156.692,-14.549],[-157.113,-14.839],[-157.536,-15.128],[-157.959,-15.416],[-158.384,-15.703],[-158.81,-15.989],[-159.237,-16.275],[-159.666,-16.559],[-160.096,-16.843],[-160.527,-17.126],[-160.959,-17.408],[-161.393,-17.689],[-161.828,-17.969],[-162.264,-18.248],[-162.702,-18.526],[-163.141,-18.803],[-163.582,-19.08],[-164.024,-19.355],[-164.468,-19.628],[-164.913,-19.901],[-165.297,-20.185],[-165.682,-20.468],[-166.068,-20.75],[-166.456,-21.032],[-166.846,-21.312],[-167.237,-21.592]]}},{"type":"Feature","properties":{"boundary_type":"ridge","feature_type":"gpml:MidOceanRidge","polarity":null,"overriding_plate_id":null,"subducting_plate_id":null,"plate_ids":[919,926],"name":"PHX-IZA"},"geometry":{"type":"LineString","coordinates":[[-171.474,-20.452],[-171.955,-20.653],[-172.437,-20.853],[-172.921,-21.051],[-173.405,-21.248],[-173.891,-21.443],[-174.378,-21.638],[-174.867,-21.83],[-175.357,-22.021],[-175.848,-22.211],[-176.34,-22.399],[-176.834,-22.586],[-177.329,-22.771],[-177.825,-22.955],[-178.323,-23.137],[-178.822,-23.318],[-179.323,-23.497],[-179.825,-23.674],[179.672,-23.85],[179.168,-24.024],[178.662,-24.197],[178.154,-24.368],[177.646,-24.537],[177.136,-24.704],[176.624,-24.87],[176.112,-25.034],[175.597,-25.196],[175.082,-25.356],[174.565,-25.515],[174.047,-25.672],[173.527,-25.827]]}},{"type":"Feature","properties":{"boundary_type":"ridge","feature_type":"gpml:MidOceanRidge","polarity":null,"overriding_plate_id":null,"subducting_plate_id":null,"plate_ids":[919,926],"name":"PHX-IZA"},"geometry":{"type":"LineString","coordinates":[[-165.867,-21.846],[-166.343,-22.004],[-166.82,-22.16],[-167.298,-22.315],[-167.778,-22.469],[-168.258,-22.621],[-168.74,-22.771],[-169.222,-22.92],[-169.706,-23.068],[-170.19,-23.214],[-170.377,-22.82],[-170.562,-22.426],[-170.747,-22.032],[-170.93,-21.637],[-171.113,-21.243],[-171.294,-20.848],[-171.474,-20.452]]}},{"type":"Feature","properties":{"boundary_type":"ridge","feature_type":"gpml:MidOceanRidge","polarity":null,"overriding_plate_id":null,"subducting_plate_id":null,"plate_ids":[919,926],"name":"PHX-IZA"},"geometry":{"type":"LineString","coordinates":[[173.527,-25.827],[173.38,-25.432],[173.234,-25.036],[173.089,-24.641],[172.945,-24.245],[172.802,-23.85],[172.296,-24.009],[171.789,-24.166],[171.281,-24.322],[170.771,-24.477],[170.26,-24.629],[169.748,-24.78],[169.235,-24.929],[168.721,-25.076],[168.205,-25.222],[167.688,-25.365],[167.17,-25.507],[166.65,-25.647],[166.13,-25.786],[165.608,-25.922],[165.085,-26.057],[164.561,-26.189],[164.035,-26.32],[163.509,-26.449],[162.981,-26.576],[162.452,-26.7],[161.922,-26.823],[161.391,-26.944],[160.858,-27.063],[160.325,-27.18],[159.79,-27.295],[159.255,-27.408],[158.718,-27.519],[158.18,-27.628],[157.641,-27.734],[157.101,-27.839],[156.56,-27.942],[156.018,-28.042],[155.912,-27.632],[155.807,-27.221],[155.702,-26.811],[155.598,-26.401],[155.105,-26.505],[154.612,-26.608],[154.117,-26.71],[153.621,-26.81],[153.125,-26.907],[152.628,-27.004],[152.13,-27.098],[151.631,-27.191]]}},{"type":"Feature","properties":{"boundary_type":"transform","feature_type":"gpml:Transform","polarity":null,"overriding_plate_id":null,"subducting_plate_id":null,"plate_ids":[101,2035],"name":"TBD: Transform"},"geometry":{"type":"LineString","coordinates":[[-42.966,17.368],[-42.611,17.09],[-42.258,16.811],[-41.906,16.532],[-41.554,16.252],[-41.204,15.971],[-40.855,15.69],[-40.506,15.409],[-40.159,15.126],[-39.733,14.897],[-39.308,14.666],[-38.884,14.435],[-38.461,14.203],[-38.038,13.97],[-37.617,13.737],[-37.207,13.524],[-36.797,13.311],[-36.389,13.097],[-35.981,12.883],[-35.574,12.668],[-35.167,12.452],[-34.698,12.427],[-34.229,12.402],[-33.761,12.376],[-33.292,12.349],[-32.824,12.321],[-32.355,12.293],[-32.299,12.295]]}},{"type":"Feature","properties":{"boundary_type":"ridge","feature_type":"gpml:MidOceanRidge","polarity":null,"overriding_plate_id":null,"subducting_plate_id":null,"plate_ids":[101,205],"name":"Sandwell MOR"},"geometry":{"type":"LineString","coordinates":[[-34.053,19.079],[-33.667,19.393],[-33.28,19.706],[-32.891,20.019],[-32.607,19.766],[-32.324,19.512],[-32.002,19.829],[-31.679,20.145],[-31.354,20.461],[-31.148,20.234],[-30.752,20.549],[-30.354,20.863],[-29.954,21.176],[-29.692,20.898],[-29.431,20.619],[-29.171,20.34],[-28.798,20.555],[-28.425,20.769],[-28.05,20.982],[-27.864,20.681],[-27.679,20.38],[-27.361,20.564],[-27.043,20.748],[-26.863,20.556],[-26.683,20.365],[-26.424,20.497],[-26.165,20.63],[-26.004,20.391],[-25.844,20.151],[-25.645,20.257],[-25.487,19.96],[-25.331,19.662],[-25.026,19.812],[-24.836,19.509],[-24.647,19.205],[-24.35,19.319],[-24.135,18.901],[-23.922,18.483],[-23.71,18.065],[-23.499,17.646],[-23.288,17.228],[-23.578,17.094],[-23.426,16.827],[-23.273,16.561],[-22.791,16.738],[-22.548,16.352],[-22.306,15.967],[-22.065,15.581],[-21.825,15.194],[-21.585,14.808],[-21.347,14.421]]}},{"type":"Feature","properties":{"boundary_type":"transform","feature_type":"gpml:Transform","polarity":null,"overriding_plate_id":null,"subducting_plate_id":null,"plate_ids":[205,2035],"name":""},"geometry":{"type":"LineString","coordinates":[[-31.083,9.536],[-31.275,9.781],[-31.467,10.027],[-31.632,10.481],[-31.798,10.935],[-31.965,11.388],[-32.132,11.842],[-32.299,12.295]]}},{"type":"Feature","properties":{"boundary_type":"transform","feature_type":"gpml:Transform","polarity":null,"overriding_plate_id":null,"subducting_plate_id":null,"plate_ids":[101,205],"name":""},"geometry":{"type":"LineString","coordinates":[[-32.299,12.295],[-32.382,12.517],[-32.571,12.95],[-32.761,13.382],[-32.952,13.814],[-33.144,14.246],[-33.314,14.657],[-33.484,15.068],[-33.655,15.478],[-33.827,15.888],[-34.0,16.298],[-34.028,16.699],[-34.057,17.1],[-34.085,17.501],[-34.114,17.902],[-34.142,18.303],[-34.098,18.691],[-34.053,19.079]]}},{"type":"Feature","properties":{"boundary_type":"other","feature_type":"gpml:ContinentalRift","polarity":null,"overriding_plate_id":null,"subducting_plate_id":null,"plate_ids":[701,2035],"name":"TBD: Proto-Caribbean spreading"},"geometry":{"type":"LineString","coordinates":[[-43.144,4.712],[-42.683,4.873],[-42.222,5.034],[-41.76,5.195],[-41.299,5.356],[-40.837,5.516],[-40.375,5.676],[-39.912,5.836],[-39.45,5.995],[-38.987,6.154],[-38.524,6.312],[-38.06,6.47],[-37.596,6.628],[-37.132,6.785],[-36.703,6.984],[-36.273,7.183],[-35.843,7.382],[-35.412,7.58],[-34.981,7.777],[-34.55,7.975],[-34.118,8.172],[-33.686,8.368],[-33.253,8.564],[-32.82,8.759],[-32.387,8.954],[-31.953,9.149],[-31.518,9.342],[-31.083,9.536]]}},{"type":"Feature","properties":{"boundary_type":"other","feature_type":"gpml:ContinentalRift","polarity":null,"overriding_plate_id":null,"subducting_plate_id":null,"plate_ids":[205,701],"name":"TBD: Proto-Caribbean spreading"},"geometry":{"type":"LineString","coordinates":[[-31.083,9.536],[-30.65,9.728],[-30.216,9.919],[-29.782,10.11],[-29.347,10.3],[-28.912,10.489],[-28.476,10.678],[-28.04,10.867],[-27.603,11.055],[-27.165,11.242],[-26.727,11.428],[-26.288,11.614],[-25.849,11.799],[-25.409,11.984],[-24.969,12.168],[-24.528,12.351],[-24.133,12.612],[-23.738,12.872],[-23.341,13.132],[-22.944,13.391],[-22.546,13.649],[-22.147,13.907],[-21.747,14.165],[-21.347,14.421]]}},{"type":"Feature","properties":{"boundary_type":"other","feature_type":"gpml:ContinentalRift","polarity":null,"overriding_plate_id":null,"subducting_plate_id":null,"plate_ids":[101,701],"name":"TBD: Proto-Caribbean spreading"},"geometry":{"type":"LineString","coordinates":[[-21.347,14.421],[-21.184,14.525]]}},{"type":"Feature","properties":{"boundary_type":"subduction","feature_type":"gpml:SubductionZone","polarity":"Left","overriding_plate_id":16111,"subducting_plate_id":902,"plate_ids":[902,16111],"name":"NAM Subduction"},"geometry":{"type":"LineString","coordinates":[[-46.048,51.05],[-46.378,50.711]]}},{"type":"Feature","properties":{"boundary_type":"subduction","feature_type":"gpml:SubductionZone","polarity":"Left","overriding_plate_id":101,"subducting_plate_id":902,"plate_ids":[101,902],"name":"NAM Subduction"},"geometry":{"type":"LineString","coordinates":[[-46.378,50.711],[-46.651,50.426],[-46.921,50.14],[-47.188,49.853],[-47.546,49.448],[-47.899,49.041],[-48.245,48.634],[-48.586,48.225],[-48.921,47.815],[-49.252,47.405],[-49.577,46.993],[-49.897,46.58],[-50.087,46.12],[-50.273,45.659],[-50.456,45.197],[-50.636,44.736],[-50.814,44.274],[-50.988,43.812],[-51.16,43.349],[-51.33,42.887],[-51.497,42.424],[-51.357,41.994],[-51.22,41.565],[-51.085,41.135],[-50.951,40.705],[-50.819,40.275],[-50.689,39.845],[-50.561,39.415],[-50.377,38.958],[-50.195,38.502],[-50.016,38.045],[-49.839,37.588],[-49.665,37.131],[-49.492,36.673],[-49.321,36.215],[-49.153,35.757],[-48.986,35.299],[-48.821,34.84],[-48.658,34.381],[-48.497,33.922],[-48.338,33.463],[-48.18,33.004],[-48.037,32.527],[-47.896,32.049],[-47.756,31.572],[-47.618,31.094],[-47.481,30.616],[-47.345,30.138],[-47.211,29.66],[-47.078,29.182],[-46.946,28.703],[-46.816,28.225],[-46.686,27.746],[-46.558,27.268],[-46.386,27.004]]}},{"type":"Feature","properties":{"boundary_type":"subduction","feature_type":"gpml:SubductionZone","polarity":"Left","overriding_plate_id":2035,"subducting_plate_id":902,"plate_ids":[902,2035],"name":"Western NAM subduction"},"geometry":{"type":"LineString","coordinates":[[-44.793,20.771],[-44.828,20.726],[-44.903,20.269],[-44.977,19.812],[-45.051,19.355],[-45.125,18.899],[-45.198,18.442],[-45.215,17.951],[-45.231,17.46],[-45.248,16.969],[-45.264,16.478],[-45.281,15.987],[-45.275,15.525],[-45.269,15.063],[-45.263,14.601],[-45.257,14.139],[-45.251,13.677],[-45.216,13.303],[-45.181,12.929],[-45.146,12.555],[-45.111,12.181],[-45.135,11.739],[-45.158,11.297],[-45.181,10.855],[-45.286,10.469],[-45.391,10.083],[-45.495,9.698],[-45.627,9.231],[-45.758,8.765],[-45.888,8.299],[-45.667,7.889],[-45.447,7.478],[-45.226,7.068],[-45.046,6.731],[-44.865,6.394],[-44.685,6.056],[-44.505,5.719],[-44.194,5.49],[-43.884,5.26],[-43.574,5.031],[-43.264,4.801],[-43.144,4.712]]}},{"type":"Feature","properties":{"boundary_type":"subduction","feature_type":"gpml:SubductionZone","polarity":"Left","overriding_plate_id":701,"subducting_plate_id":902,"plate_ids":[701,902],"name":"Western NAM subduction"},"geometry":{"type":"LineString","coordinates":[[-43.144,4.712],[-42.751,4.42],[-42.358,4.127],[-41.965,3.835],[-41.679,3.448],[-41.394,3.062],[-41.108,2.675],[-40.875,2.358],[-40.641,2.041],[-40.408,1.725],[-40.257,1.347],[-40.106,0.97],[-39.955,0.593],[-39.81,0.232],[-39.666,-0.129],[-39.522,-0.489],[-39.371,-0.872],[-39.22,-1.255],[-39.069,-1.638]]}},{"type":"Feature","properties":{"boundary_type":"subduction","feature_type":"gpml:SubductionZone","polarity":"Right","overriding_plate_id":701,"subducting_plate_id":919,"plate_ids":[701,919],"name":"South America trench taken from COB file"},"geometry":{"type":"LineString","coordinates":[[-35.993,-35.786],[-35.721,-35.394],[-35.451,-35.001],[-35.184,-34.608],[-34.919,-34.214],[-34.657,-33.819],[-34.397,-33.424],[-34.257,-32.954],[-34.119,-32.484],[-33.982,-32.014],[-33.847,-31.544],[-33.712,-31.073],[-33.58,-30.602],[-33.448,-30.131],[-33.318,-29.66],[-33.189,-29.189],[-33.007,-28.808],[-32.827,-28.427],[-32.648,-28.045],[-32.47,-27.663],[-32.294,-27.281],[-32.173,-26.829],[-32.054,-26.377],[-31.935,-25.926],[-31.817,-25.474],[-31.701,-25.022],[-31.585,-24.57],[-31.47,-24.118],[-31.355,-23.666],[-31.261,-23.262],[-31.168,-22.857],[-31.075,-22.453],[-31.111,-22.011],[-31.147,-21.57],[-31.112,-21.229],[-31.076,-20.889],[-31.186,-20.452],[-31.294,-20.014],[-31.529,-19.569],[-31.762,-19.124],[-32.055,-18.761],[-32.347,-18.397],[-32.637,-18.033],[-32.927,-17.668],[-33.215,-17.303],[-33.52,-17.116],[-33.824,-16.929]]}},{"type":"Feature","properties":{"boundary_type":"subduction","feature_type":"gpml:SubductionZone","polarity":"Right","overriding_plate_id":701,"subducting_plate_id":902,"plate_ids":[701,902],"name":"South America trench taken from COB file"},"geometry":{"type":"LineString","coordinates":[[-33.824,-16.929],[-34.072,-16.776],[-34.372,-16.408],[-34.67,-16.039],[-34.968,-15.671],[-35.265,-15.301],[-35.56,-14.932],[-35.855,-14.562],[-36.148,-14.191],[-36.441,-13.821],[-36.733,-13.45],[-36.934,-13.031],[-37.135,-12.611],[-37.335,-12.192],[-37.535,-11.773],[-37.734,-11.353],[-37.932,-10.933],[-38.13,-10.513],[-38.327,-10.093],[-38.524,-9.673],[-38.72,-9.253],[-38.916,-8.833],[-39.038,-8.365],[-39.16,-7.898],[-39.282,-7.431],[-39.404,-6.963],[-39.525,-6.496],[-39.646,-6.028],[-39.767,-5.561],[-39.888,-5.093],[-39.772,-4.614],[-39.657,-4.135],[-39.542,-3.656],[-39.427,-3.176],[-39.312,-2.697],[-39.197,-2.218],[-39.134,-1.94],[-39.084,-1.689],[-39.069,-1.638]]}},{"type":"Feature","properties":{"boundary_type":"transform","feature_type":"gpml:Transform","polarity":null,"overriding_plate_id":null,"subducting_plate_id":null,"plate_ids":[101,701],"name":"Marathon Transform, N Margin of Eq Atlantic"},"geometry":{"type":"LineString","coordinates":[[-21.184,14.525],[-20.852,14.172],[-20.521,13.818],[-20.191,13.464],[-19.862,13.109],[-19.533,12.754],[-19.206,12.399],[-18.88,12.043],[-18.554,11.686],[-18.23,11.33],[-17.883,11.042],[-17.538,10.754],[-17.193,10.466],[-16.849,10.177],[-16.505,9.888],[-16.162,9.599],[-15.819,9.309],[-15.477,9.019],[-15.136,8.729],[-14.763,8.518],[-14.39,8.307],[-14.017,8.096],[-13.645,7.885]]}},{"type":"Feature","properties":{"boundary_type":"other","feature_type":"gpml:ContinentalRift","polarity":null,"overriding_plate_id":null,"subducting_plate_id":null,"plate_ids":[101,301],"name":"North America - Greenland rift"},"geometry":{"type":"LineString","coordinates":[[28.002,64.994],[27.407,64.569],[26.831,64.142],[26.272,63.713],[25.73,63.282],[25.204,62.849],[24.694,62.414],[24.198,61.977],[23.716,61.539],[24.378,61.256],[25.029,60.97],[25.667,60.681],[26.295,60.388],[26.911,60.093],[27.711,59.804],[28.498,59.51],[29.271,59.212],[30.03,58.909],[30.776,58.601],[31.58,58.553],[32.382,58.5],[33.182,58.442],[33.979,58.379],[34.514,58.03],[35.039,57.678],[35.554,57.325],[35.577,56.875],[35.6,56.425],[35.622,55.975],[35.644,55.525],[35.254,55.12],[34.872,54.712],[34.497,54.304],[34.338,53.93],[34.182,53.555],[34.029,53.18],[33.878,52.804],[33.581,52.36],[33.291,51.915],[33.006,51.469],[32.726,51.023],[32.582,50.647],[32.439,50.271],[32.299,49.894],[32.161,49.518],[32.296,49.149],[32.429,48.78],[32.43,48.365],[32.43,47.951],[32.43,47.536],[32.309,47.184],[32.19,46.832],[32.072,46.48],[31.742,46.1],[31.416,45.719],[31.095,45.337],[30.662,45.063],[30.234,44.786],[29.809,44.508],[29.393,44.232],[28.981,43.954],[28.572,43.674],[28.168,43.393],[27.715,43.206],[27.265,43.017],[26.817,42.826],[26.373,42.634],[25.748,42.545],[25.125,42.453],[24.504,42.357],[23.885,42.258],[23.432,41.898],[22.985,41.537],[22.542,41.173],[22.105,40.808],[21.672,40.442],[21.244,40.073],[20.82,39.704],[20.423,39.356],[20.029,39.008],[19.639,38.658],[19.253,38.307],[18.871,37.954],[18.492,37.601],[18.223,37.256],[17.956,36.911],[17.555,36.609],[17.723,36.181],[17.89,35.754],[18.054,35.326],[18.217,34.898],[18.379,34.469],[18.538,34.041],[18.933,34.147],[19.328,34.252],[19.54,33.834],[19.749,33.415],[19.957,32.996],[20.162,32.577],[20.366,32.157],[20.568,31.737],[20.768,31.317],[20.966,30.896],[20.566,30.589],[20.168,30.28],[19.773,29.971],[19.381,29.66],[18.991,29.348],[18.496,29.129],[18.004,28.908],[17.514,28.685],[17.026,28.46],[16.54,28.234],[16.056,28.006],[15.563,27.805],[15.072,27.603],[14.583,27.399],[14.096,27.193],[13.61,26.986],[13.126,26.777],[12.644,26.566],[12.164,26.353],[11.775,26.004],[11.389,25.653],[11.005,25.301],[10.862,25.14]]}},{"type":"Feature","properties":{"boundary_type":"ridge","feature_type":"gpml:MidOceanRidge","polarity":null,"overriding_plate_id":null,"subducting_plate_id":null,"plate_ids":[301,701],"name":"Alpine Tethys MOR155Ma"},"geometry":{"type":"LineString","coordinates":[[32.816,22.019],[33.239,22.07],[33.663,22.12],[33.94,22.335],[34.217,22.55],[34.495,22.765],[34.883,23.043],[35.272,23.32],[35.595,23.577],[35.92,23.833],[36.246,24.089],[36.564,23.786],[37.0,24.05],[37.439,24.312],[37.879,24.573],[38.321,24.833],[38.765,25.092],[39.21,25.349],[39.658,25.604],[40.107,25.859],[40.403,25.518],[40.861,25.725],[41.32,25.931],[41.781,26.135],[42.244,26.338],[42.708,26.539],[42.972,26.206],[43.475,26.302],[43.978,26.396],[44.482,26.488],[44.987,26.578],[45.493,26.667],[45.999,26.754],[46.507,26.839],[47.015,26.922],[47.371,26.874],[47.727,26.824]]}},{"type":"Feature","properties":{"boundary_type":"ridge","feature_type":"gpml:MidOceanRidge","polarity":null,"overriding_plate_id":null,"subducting_plate_id":null,"plate_ids":[301,701],"name":"Ligurian MOR East of Iberia 155Ma"},"geometry":{"type":"LineString","coordinates":[[30.117,16.663],[30.378,16.975],[30.64,17.287],[30.904,17.598],[30.667,17.816],[30.892,18.168],[31.118,18.521],[31.344,18.873],[31.572,19.225],[31.373,19.352],[31.531,19.7],[31.689,20.048],[31.848,20.395],[32.008,20.743],[32.222,20.624],[32.369,20.973],[32.517,21.322],[32.666,21.67],[32.816,22.019]]}},{"type":"Feature","properties":{"boundary_type":"ridge","feature_type":"gpml:MidOceanRidge","polarity":null,"overriding_plate_id":null,"subducting_plate_id":null,"plate_ids":[301,706],"name":"Ligurian MOR 165Ma"},"geometry":{"type":"LineString","coordinates":[[16.772,19.882],[17.028,19.779],[17.283,19.676],[17.505,19.375],[17.894,19.169],[18.282,18.962],[18.669,18.754],[19.033,18.461],[19.429,18.231],[19.766,18.025],[20.102,17.819],[20.193,17.68],[20.471,17.616],[20.749,17.552],[20.826,17.414],[21.223,17.28],[21.619,17.146],[22.014,17.01],[22.409,16.874],[22.743,16.519],[23.237,16.571],[23.731,16.623],[24.225,16.673],[24.72,16.722],[25.215,16.77],[25.71,16.817],[26.087,16.516],[26.473,16.565],[26.86,16.613]]}},{"type":"Feature","properties":{"boundary_type":"ridge","feature_type":"gpml:MidOceanRidge","polarity":null,"overriding_plate_id":null,"subducting_plate_id":null,"plate_ids":[301,701],"name":"Ligurian MOR 165Ma"},"geometry":{"type":"LineString","coordinates":[[26.86,16.613],[27.33,16.672],[27.801,16.729],[28.272,16.785],[28.744,16.84],[29.215,16.894],[29.442,16.753],[29.669,16.613],[30.117,16.663]]}},{"type":"Feature","properties":{"boundary_type":"subduction","feature_type":"gpml:SubductionZone","polarity":"Left","overriding_plate_id":301,"subducting_plate_id":701,"plate_ids":[301,701],"name":"Vadar Sea subduction 170Ma geom"},"geometry":{"type":"LineString","coordinates":[[47.727,26.824],[47.412,26.461],[47.098,26.096],[46.786,25.731],[46.476,25.365],[46.179,24.997],[45.883,24.629],[45.59,24.26],[45.298,23.89],[45.029,23.493],[44.763,23.094],[44.498,22.696],[44.234,22.297],[43.972,21.897],[43.711,21.497],[43.456,21.152],[43.203,20.806],[42.95,20.459],[42.699,20.112],[42.685,19.649],[42.672,19.186],[42.658,18.723],[42.645,18.26],[42.712,17.816],[42.779,17.373],[42.846,16.929],[42.912,16.485],[42.979,16.078],[43.046,15.671],[43.112,15.264],[43.178,14.857],[43.322,14.385],[43.465,13.914],[43.607,13.442],[43.75,13.044],[43.892,12.645],[44.033,12.246],[44.174,11.847],[44.315,11.448],[44.455,11.05],[44.823,10.776],[45.191,10.502],[45.558,10.228],[45.924,9.953],[46.352,9.719],[46.779,9.484],[47.205,9.249],[47.631,9.014],[48.034,8.77],[48.437,8.526],[48.839,8.282],[49.24,8.037],[49.641,7.792],[50.042,7.546],[50.442,7.301],[50.841,7.054]]}},{"type":"Feature","properties":{"boundary_type":"other","feature_type":"gpml:ExtendedContinentalCrust","polarity":null,"overriding_plate_id":null,"subducting_plate_id":null,"plate_ids":[701,28900],"name":"Southern Margin of Southern South America deforming region"},"geometry":{"type":"LineString","coordinates":[[-8.821,-54.279],[-8.584,-54.281],[-7.945,-54.196],[-7.308,-54.108],[-6.675,-54.016],[-6.044,-53.921],[-5.362,-53.701],[-4.687,-53.476],[-4.019,-53.247],[-3.608,-52.893],[-3.203,-52.537],[-2.804,-52.18],[-2.597,-51.862],[-2.392,-51.544],[-2.19,-51.225],[-2.13,-51.1]]}},{"type":"Feature","properties":{"boundary_type":"other","feature_type":"gpml:ExtendedContinentalCrust","polarity":null,"overriding_plate_id":null,"subducting_plate_id":null,"plate_ids":[701,28900],"name":"Southern Margin of Southern South America deforming region"},"geometry":{"type":"LineString","coordinates":[[-35.447,-55.701],[-34.798,-55.851],[-34.144,-55.997],[-33.485,-56.139],[-32.768,-56.294],[-32.045,-56.444],[-31.316,-56.59],[-30.582,-56.732],[-29.842,-56.869],[-29.098,-57.002],[-28.388,-57.029],[-27.678,-57.053],[-26.967,-57.072],[-26.255,-57.087],[-25.596,-57.026],[-24.938,-56.961],[-24.283,-56.893],[-23.583,-56.8],[-22.886,-56.703],[-22.193,-56.602],[-21.376,-56.444],[-20.566,-56.281],[-19.763,-56.112],[-18.967,-55.938],[-18.253,-55.876],[-17.541,-55.81],[-16.832,-55.74],[-16.125,-55.665],[-15.335,-55.618],[-14.548,-55.566],[-13.762,-55.509],[-13.097,-55.347],[-12.437,-55.181],[-11.783,-55.011],[-11.142,-54.883],[-10.504,-54.752],[-9.871,-54.617],[-9.242,-54.478],[-8.821,-54.279]]}},{"type":"Feature","properties":{"boundary_type":"subduction","feature_type":"gpml:SubductionZone","polarity":"Right","overriding_plate_id":28900,"subducting_plate_id":802,"plate_ids":[802,28900],"name":"South America trench taken from COB file and RUM"},"geometry":{"type":"LineString","coordinates":[[-34.48,-56.955],[-34.577,-56.907],[-34.984,-56.567],[-35.035,-56.505],[-35.255,-56.149],[-35.411,-55.796],[-35.447,-55.701]]}},{"type":"Feature","properties":{"boundary_type":"subduction","feature_type":"gpml:SubductionZone","polarity":"Right","overriding_plate_id":701,"subducting_plate_id":802,"plate_ids":[701,802],"name":"South America trench taken from COB file and RUM"},"geometry":{"type":"LineString","coordinates":[[-35.447,-55.701],[-35.552,-55.426],[-35.684,-55.103],[-35.731,-54.942],[-35.89,-54.639],[-36.199,-54.271],[-36.462,-53.923],[-36.652,-53.599],[-36.828,-53.316],[-36.924,-53.068],[-37.062,-52.754],[-37.095,-52.664]]}},{"type":"Feature","properties":{"boundary_type":"subduction","feature_type":"gpml:SubductionZone","polarity":"Right","overriding_plate_id":701,"subducting_plate_id":919,"plate_ids":[701,919],"name":"South America trench taken from COB file and RUM"},"geometry":{"type":"LineString","coordinates":[[-37.095,-52.664],[-37.19,-52.402],[-37.208,-51.952],[-37.117,-51.583],[-37.038,-51.357],[-36.953,-51.087],[-36.84,-50.776],[-36.745,-50.532],[-36.65,-50.287],[-36.459,-49.86],[-36.342,-49.504],[-36.279,-49.161],[-36.418,-48.731],[-36.481,-48.453],[-36.533,-48.223],[-36.542,-48.144],[-36.557,-47.886],[-36.577,-47.577],[-36.585,-47.21],[-36.574,-46.901],[-36.558,-46.568],[-36.536,-46.201],[-36.521,-45.934],[-36.503,-45.601],[-36.485,-45.269],[-36.459,-44.836],[-36.424,-44.425],[-36.38,-44.041],[-36.347,-43.774],[-36.315,-43.506],[-36.279,-43.211],[-36.251,-42.739],[-36.241,-42.448],[-36.222,-42.077],[-36.077,-41.77],[-36.01,-41.468],[-35.944,-41.166],[-35.944,-41.166],[-35.978,-40.686],[-35.922,-40.24],[-35.834,-39.869],[-35.747,-39.498],[-35.661,-39.128],[-35.576,-38.757],[-35.648,-38.262],[-35.719,-37.767],[-35.789,-37.272],[-35.858,-36.776],[-35.926,-36.281],[-35.993,-35.786]]}},{"type":"Feature","properties":{"boundary_type":"ridge","feature_type":"gpml:MidOceanRidge","polarity":null,"overriding_plate_id":null,"subducting_plate_id":null,"plate_ids":[528,529],"name":"Kohistan back-arc MOR"},"geometry":{"type":"LineString","coordinates":[[90.316,16.488],[90.749,16.298],[91.18,16.108],[91.611,15.917],[92.041,15.725],[92.47,15.532],[92.898,15.338],[93.325,15.144],[93.817,15.03],[94.308,14.916],[94.799,14.8],[95.289,14.684],[95.779,14.566],[96.268,14.448],[96.757,14.328],[97.245,14.207],[97.732,14.086],[98.219,13.963],[98.706,13.84],[98.669,13.485],[98.632,13.131],[98.595,12.776],[99.088,12.696],[99.581,12.615],[100.073,12.534],[100.565,12.451],[101.056,12.367],[101.547,12.283],[101.515,11.892],[101.483,11.501],[101.452,11.11],[101.862,11.064],[102.273,11.018],[102.683,10.972],[103.094,10.924],[103.06,10.509],[103.026,10.093],[103.472,10.034],[103.918,9.975],[104.364,9.915],[104.81,9.855],[104.777,9.525],[104.745,9.195],[105.208,9.146],[105.672,9.096],[106.136,9.045],[106.599,8.994],[107.063,8.942],[107.526,8.89],[107.989,8.837],[108.452,8.783],[108.915,8.729],[109.377,8.674],[109.84,8.619],[110.302,8.563],[110.533,8.545]]}},{"type":"Feature","properties":{"boundary_type":"ridge","feature_type":"gpml:MidOceanRidge","polarity":null,"overriding_plate_id":null,"subducting_plate_id":null,"plate_ids":[528,529],"name":"Kohistan back-arc MOR"},"geometry":{"type":"LineString","coordinates":[[110.533,8.545],[110.661,8.924],[110.789,9.302],[111.27,9.233],[111.75,9.163],[112.23,9.093],[112.71,9.022],[113.19,8.951],[113.67,8.879],[114.149,8.806],[114.628,8.733],[115.107,8.659],[115.586,8.584],[115.665,9.076],[115.745,9.567],[116.223,9.485],[116.701,9.401],[117.178,9.318],[117.655,9.233],[118.132,9.148],[118.609,9.063],[119.038,9.008],[119.467,8.953],[119.896,8.897]]}},{"type":"Feature","properties":{"boundary_type":"subduction","feature_type":"gpml:SubductionZone","polarity":"Left","overriding_plate_id":301,"subducting_plate_id":380,"plate_ids":[301,380],"name":"Monghol-Okosk Subduction Zone MS"},"geometry":{"type":"LineString","coordinates":[[109.141,54.573],[109.749,54.853],[110.366,55.131],[110.992,55.405],[111.626,55.676],[112.269,55.944],[112.921,56.208],[113.582,56.469],[114.173,56.822],[114.776,57.172],[115.39,57.519],[116.015,57.863],[116.653,58.204],[117.303,58.542],[117.638,58.964],[117.982,59.385],[118.334,59.805],[118.695,60.224],[119.452,60.332],[120.215,60.436],[120.915,60.772],[121.63,61.104],[122.36,61.432],[123.106,61.756],[123.867,62.076],[124.293,62.493],[124.732,62.909],[125.183,63.323],[125.647,63.736],[126.125,64.148],[126.617,64.557],[127.125,64.965],[127.883,65.218],[128.655,65.467],[129.442,65.711],[129.953,65.975],[130.474,66.237],[131.007,66.498],[131.975,66.672],[132.956,66.841],[133.951,67.003],[134.958,67.159],[135.979,67.308],[137.012,67.451],[138.122,67.628],[139.249,67.797],[140.392,67.958],[141.551,68.111],[142.724,68.256],[143.912,68.392],[145.115,68.52],[146.073,68.815],[147.056,69.103],[148.066,69.386]]}},{"type":"Feature","properties":{"boundary_type":"subduction","feature_type":"gpml:SubductionZone","polarity":"Left","overriding_plate_id":380,"subducting_plate_id":926,"plate_ids":[380,926],"name":"Okinawa Trough (Ryuku) from EarthByte cob MG 4-20-07"},"geometry":{"type":"LineString","coordinates":[[148.43,33.489],[148.893,33.754],[149.358,34.018],[149.827,34.28],[150.209,34.611],[150.593,34.941],[150.98,35.27],[151.371,35.598],[151.582,35.921],[151.794,36.244],[152.008,36.567],[152.117,37.013],[152.227,37.459],[152.339,37.905],[152.452,38.351],[152.566,38.797],[152.635,39.199],[152.705,39.601],[152.776,40.003],[152.847,40.405],[152.845,40.764],[152.842,41.122],[152.777,41.561],[152.712,42.0],[152.565,42.425],[152.415,42.849],[152.383,43.238],[152.35,43.626]]}}]}