{"type":"FeatureCollection","meta":{"model":"Cao2024","reconstruction_time_ma":55.0,"anchor_plate_id":0,"pygplates_version":"1.0.0","tessellate_degrees":0.5,"polarity_convention":"gpml:subductionPolarity. 'Left'/'Right' names the side of the line, in vertex order, on which the OVERRIDING plate lies. Triangles are drawn on that side.","antimeridian":"Lines are NOT split at +/-180 deg. The renderer works in 3D unit vectors where the dateline is not special; splitting would only add spurious breaks. Do not treat this as RFC 7946 GIS-ready 2D data."},"features":[{"type":"Feature","properties":{"boundary_type":"other","feature_type":"gpml:Fault","polarity":null,"overriding_plate_id":null,"subducting_plate_id":null,"plate_ids":[406,409],"name":"Kamchatka"},"geometry":{"type":"LineString","coordinates":[[151.532,71.765],[150.554,71.714],[149.581,71.658],[148.249,71.565],[146.931,71.463],[145.627,71.352],[144.339,71.232],[143.304,70.914],[142.303,70.591],[141.334,70.262],[140.395,69.928],[139.731,69.599],[139.086,69.267],[138.461,68.932],[137.855,68.596],[137.267,68.257],[136.741,67.864],[136.232,67.469],[135.74,67.073],[135.264,66.676],[134.7,66.241],[134.155,65.804],[133.629,65.365],[133.119,64.925]]}},{"type":"Feature","properties":{"boundary_type":"other","feature_type":"gpml:FractureZone","polarity":null,"overriding_plate_id":null,"subducting_plate_id":null,"plate_ids":[501,701],"name":"Owen FZ from NUVEL file, DB 04-2007"},"geometry":{"type":"LineString","coordinates":[[53.793,-11.861],[54.012,-11.41],[54.23,-10.96],[54.448,-10.509],[54.665,-10.058],[54.881,-9.606],[55.097,-9.155],[55.312,-8.726],[55.526,-8.296],[55.74,-7.867],[55.953,-7.437],[56.166,-7.008],[56.379,-6.578],[56.591,-6.148],[56.803,-5.718],[57.014,-5.288],[57.225,-4.858],[57.436,-4.428],[57.624,-3.98],[57.812,-3.532],[57.999,-3.085],[58.186,-2.637],[58.374,-2.189],[58.561,-1.742],[58.748,-1.294],[58.934,-0.846],[59.121,-0.398],[59.308,0.05],[59.495,0.497],[59.663,0.954],[59.83,1.41],[59.998,1.867],[60.166,2.323],[60.334,2.78],[60.502,3.236],[60.67,3.692],[60.838,4.149],[61.007,4.605],[61.176,5.061],[61.345,5.518],[61.505,5.948],[61.666,6.379],[61.827,6.809],[61.989,7.239],[62.151,7.67],[62.313,8.1]]}},{"type":"Feature","properties":{"boundary_type":"other","feature_type":"gpml:FractureZone","polarity":null,"overriding_plate_id":null,"subducting_plate_id":null,"plate_ids":[529,701],"name":"Owen FZ from NUVEL file, DB 04-2007"},"geometry":{"type":"LineString","coordinates":[[62.313,8.1],[62.478,8.539],[62.644,8.978],[62.811,9.416],[62.978,9.855],[63.145,10.293],[63.313,10.732],[63.464,11.187],[63.615,11.642],[63.767,12.097],[63.919,12.551],[64.072,13.006],[64.226,13.46],[64.38,13.915],[64.535,14.369],[64.69,14.823],[64.846,15.278],[65.003,15.732],[65.16,16.186],[65.292,16.657],[65.425,17.129],[65.559,17.6],[65.693,18.072],[65.828,18.543],[65.964,19.014],[66.101,19.485],[66.238,19.957],[66.363,20.409],[66.488,20.861]]}},{"type":"Feature","properties":{"boundary_type":"other","feature_type":"gpml:FractureZone","polarity":null,"overriding_plate_id":null,"subducting_plate_id":null,"plate_ids":[701],"name":"Owen FZ from NUVEL file, DB 04-2007"},"geometry":{"type":"LineString","coordinates":[[66.488,20.861],[66.491,20.874]]}},{"type":"Feature","properties":{"boundary_type":"other","feature_type":"gpml:InferredPaleoBoundary","polarity":null,"overriding_plate_id":null,"subducting_plate_id":null,"plate_ids":[201,802],"name":"ANT SAM 120 025 TF"},"geometry":{"type":"LineString","coordinates":[[-59.582,-66.476],[-59.073,-66.276],[-58.573,-66.075],[-58.057,-65.871],[-57.549,-65.665],[-57.043,-65.405],[-56.548,-65.142],[-56.059,-64.842],[-55.581,-64.54],[-55.326,-64.398]]}},{"type":"Feature","properties":{"boundary_type":"other","feature_type":"gpml:InferredPaleoBoundary","polarity":null,"overriding_plate_id":null,"subducting_plate_id":null,"plate_ids":[833,901],"name":"SS ThroughSthNewZealand EmeraldFZ"},"geometry":{"type":"LineString","coordinates":[[-160.886,-44.096],[-160.782,-44.24],[-160.691,-44.723],[-160.599,-45.205],[-160.505,-45.688],[-160.41,-46.171],[-160.313,-46.653],[-160.214,-47.136],[-160.114,-47.618],[-160.011,-48.101],[-160.278,-48.422],[-160.548,-48.742],[-160.999,-49.088],[-161.455,-49.433],[-161.919,-49.775],[-162.388,-50.116],[-162.865,-50.455],[-163.354,-50.824],[-163.85,-51.19],[-164.355,-51.555],[-164.867,-51.917],[-165.167,-52.248],[-165.472,-52.579],[-165.781,-52.909],[-166.095,-53.237],[-166.289,-53.599],[-166.486,-53.96],[-166.687,-54.321],[-166.891,-54.681],[-166.905,-55.143],[-166.919,-55.605],[-166.934,-56.067],[-166.949,-56.529],[-167.23,-56.975],[-167.518,-57.419],[-167.812,-57.863],[-168.114,-58.306],[-168.424,-58.749],[-168.742,-59.19],[-169.068,-59.631],[-169.393,-60.103],[-169.728,-60.573],[-170.073,-61.043],[-170.428,-61.511]]}},{"type":"Feature","properties":{"boundary_type":"other","feature_type":"gpml:InferredPaleoBoundary","polarity":null,"overriding_plate_id":null,"subducting_plate_id":null,"plate_ids":[801,901],"name":"SS ThroughSthNewZealand EmeraldFZ"},"geometry":{"type":"LineString","coordinates":[[-170.428,-61.511],[-170.699,-61.859],[-171.453,-62.143],[-172.221,-62.422],[-173.004,-62.697],[-173.801,-62.968],[-174.411,-63.314],[-175.18,-63.652],[-175.663,-63.82],[-176.27,-64.17],[-176.891,-64.517],[-177.529,-64.861]]}},{"type":"Feature","properties":{"boundary_type":"other","feature_type":"gpml:InferredPaleoBoundary","polarity":null,"overriding_plate_id":null,"subducting_plate_id":null,"plate_ids":[801,804],"name":"SS ThroughSthNewZealand EmeraldFZ"},"geometry":{"type":"LineString","coordinates":[[-177.529,-64.861],[-178.173,-65.198]]}},{"type":"Feature","properties":{"boundary_type":"ridge","feature_type":"gpml:MidOceanRidge","polarity":null,"overriding_plate_id":null,"subducting_plate_id":null,"plate_ids":[501,701],"name":"Ridge f iso on ANT at 55.9Ma"},"geometry":{"type":"LineString","coordinates":[[61.273,-43.086],[61.64,-43.19],[62.008,-43.294],[62.284,-43.37]]}},{"type":"Feature","properties":{"boundary_type":"ridge","feature_type":"gpml:MidOceanRidge","polarity":null,"overriding_plate_id":null,"subducting_plate_id":null,"plate_ids":[501,802],"name":"Ridge f iso on ANT at 55.9Ma"},"geometry":{"type":"LineString","coordinates":[[62.284,-43.37],[62.856,-43.526],[63.431,-43.679],[64.009,-43.829],[64.591,-43.977],[64.367,-44.365],[64.14,-44.753],[63.91,-45.14],[64.479,-45.281],[65.051,-45.418],[65.626,-45.553],[65.468,-45.922],[65.307,-46.29],[65.144,-46.658],[64.979,-47.026],[65.488,-47.168],[66.0,-47.308],[66.514,-47.445],[66.322,-47.818],[66.126,-48.19],[65.928,-48.562],[66.602,-48.772],[67.283,-48.977],[67.968,-49.179],[68.66,-49.376],[69.357,-49.569],[70.059,-49.758],[70.767,-49.943],[71.48,-50.123],[72.199,-50.299],[72.922,-50.47],[73.651,-50.637],[74.257,-50.744],[74.866,-50.847],[75.478,-50.947]]}},{"type":"Feature","properties":{"boundary_type":"ridge","feature_type":"gpml:MidOceanRidge","polarity":null,"overriding_plate_id":null,"subducting_plate_id":null,"plate_ids":[101,304],"name":"Ridge from iso A18 from NorthAmerica 40.1Ma"},"geometry":{"type":"LineString","coordinates":[[-12.098,32.876],[-12.302,32.482],[-12.504,32.087],[-12.704,31.692],[-12.903,31.296],[-13.1,30.9],[-13.341,30.493],[-13.581,30.086],[-13.819,29.678],[-14.054,29.269],[-14.288,28.86],[-14.42,28.88],[-14.588,28.579],[-14.755,28.278],[-14.922,27.977]]}},{"type":"Feature","properties":{"boundary_type":"ridge","feature_type":"gpml:MidOceanRidge","polarity":null,"overriding_plate_id":null,"subducting_plate_id":null,"plate_ids":[101,701],"name":"Ridge from iso A18 from NorthAmerica 40.1Ma"},"geometry":{"type":"LineString","coordinates":[[-14.922,27.977],[-15.083,27.681],[-15.582,27.851],[-16.082,28.019],[-16.584,28.185],[-16.819,27.762],[-17.051,27.338],[-17.282,26.914],[-17.716,27.072],[-17.934,26.703],[-18.15,26.334],[-18.365,25.965],[-18.869,26.156],[-19.375,26.344],[-19.882,26.531],[-20.147,26.129],[-20.41,25.726],[-20.671,25.322],[-20.931,24.918],[-21.386,25.107],[-21.844,25.295],[-22.302,25.481],[-22.763,25.666],[-23.012,25.396],[-23.261,25.126],[-23.461,25.187],[-23.716,24.917],[-23.97,24.646],[-24.223,24.375],[-24.549,24.497],[-24.917,24.141],[-25.283,23.783],[-25.647,23.424],[-26.009,23.065],[-26.369,22.704],[-26.779,22.867],[-27.189,23.028],[-27.507,22.665],[-27.824,22.301],[-28.139,21.937],[-28.289,22.005],[-28.582,21.659],[-28.873,21.312],[-29.163,20.964],[-29.452,20.616],[-29.74,20.267],[-30.026,19.918],[-30.311,19.569],[-30.521,19.265],[-30.731,18.96],[-30.94,18.655],[-31.28,18.779],[-31.55,18.421],[-31.61,18.452],[-31.806,18.151],[-32.001,17.849],[-31.763,17.734],[-31.525,17.62],[-31.685,17.192],[-31.844,16.764],[-32.003,16.337],[-32.161,15.909],[-32.21,15.924],[-32.392,15.53],[-32.573,15.136],[-32.754,14.742],[-32.561,14.651],[-32.736,14.264],[-32.91,13.876],[-32.992,13.919],[-33.179,13.535],[-33.365,13.151],[-33.575,13.255],[-33.788,12.824],[-34.001,12.394],[-34.213,11.963],[-34.425,11.532],[-34.636,11.101],[-34.217,10.903],[-34.364,10.583],[-34.51,10.262],[-34.656,9.942],[-34.78,9.728]]}},{"type":"Feature","properties":{"boundary_type":"ridge","feature_type":"gpml:MidOceanRidge","polarity":null,"overriding_plate_id":null,"subducting_plate_id":null,"plate_ids":[201,802],"name":"Ridge from iso from ANT at 55.9Ma"},"geometry":{"type":"LineString","coordinates":[[-59.582,-66.476],[-58.561,-66.75],[-57.517,-67.017],[-56.449,-67.277],[-55.366,-67.48],[-54.263,-67.675],[-53.143,-67.863],[-52.233,-67.926],[-51.319,-67.984],[-50.4,-68.038],[-49.136,-68.102],[-47.866,-68.156],[-46.59,-68.201],[-45.31,-68.236],[-44.362,-68.217],[-43.416,-68.192],[-42.113,-68.263],[-40.802,-68.324],[-39.485,-68.375],[-38.572,-68.256],[-37.668,-68.131],[-36.774,-68.002],[-36.038,-68.255],[-35.285,-68.504],[-34.35,-68.215],[-33.439,-67.921],[-32.551,-67.622],[-31.776,-67.91],[-30.982,-68.193],[-30.243,-67.895],[-29.522,-67.594],[-29.208,-67.678],[-28.371,-67.353],[-27.557,-67.023],[-26.764,-66.69],[-25.993,-66.353],[-25.132,-66.643],[-24.25,-66.929],[-23.347,-67.209],[-22.424,-67.485],[-21.598,-67.147],[-20.795,-66.806],[-19.842,-67.123],[-18.864,-67.434],[-17.86,-67.74],[-17.284,-67.482],[-16.721,-67.222],[-16.17,-66.96],[-15.451,-67.185],[-14.718,-67.407],[-14.184,-67.151],[-13.662,-66.893],[-13.362,-66.976],[-12.66,-66.643],[-11.977,-66.307],[-11.312,-65.968],[-10.667,-65.676],[-10.036,-65.381],[-9.419,-65.084],[-8.66,-65.294],[-7.89,-65.501],[-7.107,-65.703],[-6.597,-65.416],[-6.098,-65.126],[-5.61,-64.836],[-4.894,-65.097],[-4.095,-64.88],[-3.31,-64.66],[-2.537,-64.435],[-1.861,-64.583],[-1.178,-64.729],[-0.707,-64.497],[-0.243,-64.263]]}},{"type":"Feature","properties":{"boundary_type":"ridge","feature_type":"gpml:MidOceanRidge","polarity":null,"overriding_plate_id":null,"subducting_plate_id":null,"plate_ids":[101,301],"name":"Arctic"},"geometry":{"type":"LineString","coordinates":[[9.145,68.311],[9.731,68.713],[10.338,69.113],[10.968,69.511],[11.622,69.906],[12.301,70.299],[13.006,70.689],[13.74,71.077],[14.502,71.461],[15.154,71.637],[15.818,71.81],[16.89,72.146],[17.71,72.327],[18.546,72.505],[19.328,72.685],[20.126,72.861],[20.717,73.086],[21.324,73.309],[22.324,73.658],[23.391,74.023],[24.135,74.29],[24.903,74.554],[25.778,74.935],[26.324,75.246],[28.193,75.378],[30.093,75.495],[31.384,75.635],[32.7,75.768],[34.039,75.893],[35.312,76.121],[36.627,76.342],[37.983,76.555],[39.382,76.762],[40.942,77.045],[42.57,77.319],[44.268,77.583],[46.036,77.836],[47.963,77.914],[49.912,77.978],[51.879,78.029],[53.861,78.066],[56.241,78.145],[58.648,78.203],[61.074,78.242],[63.512,78.259],[65.953,78.256],[68.388,78.232],[70.768,78.217],[73.139,78.183],[75.492,78.129]]}},{"type":"Feature","properties":{"boundary_type":"ridge","feature_type":"gpml:MidOceanRidge","polarity":null,"overriding_plate_id":null,"subducting_plate_id":null,"plate_ids":[804,901],"name":"BELLINGHAUSEN SEA, MARIE BYRD LAND-PACIFIC"},"geometry":{"type":"LineString","coordinates":[[-145.669,-62.608],[-145.667,-62.604],[-146.255,-62.22],[-146.827,-61.833],[-147.708,-62.036],[-148.601,-62.233],[-149.505,-62.424],[-149.871,-62.134],[-150.59,-62.348],[-151.319,-62.558],[-151.698,-62.304],[-152.547,-62.514],[-153.409,-62.718],[-154.281,-62.916],[-155.166,-63.11],[-156.062,-63.297],[-155.79,-63.599],[-156.526,-63.756],[-157.27,-63.909],[-158.023,-64.058],[-158.202,-63.803],[-158.378,-63.547],[-159.279,-63.675],[-160.189,-63.797],[-161.106,-63.913],[-160.929,-64.205],[-160.749,-64.497],[-161.66,-64.582],[-162.576,-64.662],[-163.498,-64.736],[-164.424,-64.805],[-165.355,-64.867],[-165.307,-64.777],[-166.016,-64.788],[-166.726,-64.796],[-166.937,-64.46],[-167.142,-64.124],[-168.153,-64.231],[-169.171,-64.33],[-170.196,-64.422],[-171.228,-64.507],[-172.265,-64.584],[-173.309,-64.655],[-174.358,-64.717],[-175.411,-64.773],[-176.468,-64.821],[-177.529,-64.861]]}},{"type":"Feature","properties":{"boundary_type":"ridge","feature_type":"gpml:MidOceanRidge","polarity":null,"overriding_plate_id":null,"subducting_plate_id":null,"plate_ids":[102,301],"name":"Greenland - Eurasia"},"geometry":{"type":"LineString","coordinates":[[-0.155,52.444],[-0.442,52.41],[-0.847,52.337],[-1.336,52.238],[-1.715,52.108],[-2.144,51.968],[-2.603,51.565],[-3.3,51.419],[-3.958,51.274],[-4.347,51.118],[-4.873,50.98],[-5.306,50.81],[-5.657,50.703],[-5.796,50.369],[-6.207,50.105],[-6.603,49.889],[-7.03,49.605],[-7.446,49.309],[-8.036,49.109],[-8.534,49.069],[-8.798,49.027],[-9.108,48.759],[-9.369,48.656],[-9.852,48.36],[-10.194,48.162],[-10.473,48.038],[-10.75,47.812],[-11.024,47.586],[-11.47,47.208],[-11.848,46.787],[-12.149,46.553],[-12.447,46.319],[-12.619,46.397],[-13.006,46.12],[-13.389,45.842],[-13.944,45.75],[-14.498,45.655]]}},{"type":"Feature","properties":{"boundary_type":"ridge","feature_type":"gpml:MidOceanRidge","polarity":null,"overriding_plate_id":null,"subducting_plate_id":null,"plate_ids":[102,301],"name":"Greenland - Eurasia"},"geometry":{"type":"LineString","coordinates":[[17.802,61.674],[17.37,61.327],[16.948,60.979],[16.535,60.629],[16.131,60.278],[15.735,59.926],[15.489,59.703],[15.245,59.479],[14.451,59.294],[14.002,59.042],[13.372,58.893],[12.825,58.84],[12.202,58.718],[11.833,58.61],[11.556,58.474],[11.304,58.374],[10.948,58.248],[10.405,58.079],[10.077,57.951],[9.75,57.834],[9.354,57.758],[8.813,57.661],[8.452,57.642],[8.002,57.535],[7.729,57.415],[7.358,57.264],[7.016,57.092],[6.546,56.771],[6.162,56.469],[5.937,56.196],[5.715,55.923]]}},{"type":"Feature","properties":{"boundary_type":"ridge","feature_type":"gpml:MidOceanRidge","polarity":null,"overriding_plate_id":null,"subducting_plate_id":null,"plate_ids":[102,301],"name":"Jan Mayen"},"geometry":{"type":"LineString","coordinates":[[5.715,55.923],[5.664,55.813],[5.687,55.585],[5.906,55.336],[6.122,55.087],[6.555,54.719]]}},{"type":"Feature","properties":{"boundary_type":"ridge","feature_type":"gpml:MidOceanRidge","polarity":null,"overriding_plate_id":null,"subducting_plate_id":null,"plate_ids":[102,301],"name":"Jan Mayen MOR"},"geometry":{"type":"LineString","coordinates":[[6.555,54.719],[6.441,54.615],[6.179,54.38],[5.884,54.091],[5.478,53.801],[5.076,53.509],[4.681,53.216],[4.291,52.921],[3.768,52.793],[3.248,52.662],[2.732,52.53],[1.974,52.429],[1.22,52.323],[0.533,52.385],[-0.155,52.444]]}},{"type":"Feature","properties":{"boundary_type":"ridge","feature_type":"gpml:MidOceanRidge","polarity":null,"overriding_plate_id":null,"subducting_plate_id":null,"plate_ids":[101,317],"name":"Porcupine MOR"},"geometry":{"type":"LineString","coordinates":[[-12.873,41.871],[-12.773,41.751],[-12.476,41.338],[-12.183,40.924],[-11.894,40.51],[-12.064,40.395],[-11.779,40.055],[-11.496,39.714],[-11.416,39.742],[-11.189,39.399],[-10.965,39.055],[-10.742,38.711],[-10.522,38.367],[-10.51,37.913],[-10.498,37.459],[-10.486,37.005],[-10.474,36.551],[-10.462,36.097],[-10.723,35.65],[-10.98,35.201],[-11.235,34.752],[-11.488,34.303],[-11.737,33.853],[-11.984,33.403],[-12.228,32.952]]}},{"type":"Feature","properties":{"boundary_type":"ridge","feature_type":"gpml:MidOceanRidge","polarity":null,"overriding_plate_id":null,"subducting_plate_id":null,"plate_ids":[101,201],"name":"Ridge from iso A13 from SouthAmerica at 33.1Ma"},"geometry":{"type":"LineString","coordinates":[[-47.727,17.986],[-47.289,17.716],[-46.852,17.445],[-46.417,17.174],[-45.983,16.901],[-45.55,16.627],[-45.118,16.353],[-44.688,16.078],[-44.259,15.802],[-43.83,15.525],[-43.404,15.247],[-42.978,14.968],[-42.553,14.689],[-42.129,14.408],[-41.707,14.127],[-41.285,13.846],[-40.865,13.563],[-40.445,13.28],[-40.027,12.996],[-39.609,12.712],[-39.193,12.427],[-38.777,12.141],[-38.362,11.855],[-37.948,11.568],[-37.535,11.28],[-37.123,10.992],[-36.711,10.703],[-36.301,10.414],[-35.891,10.124],[-35.434,9.961],[-34.978,9.798],[-34.78,9.728]]}},{"type":"Feature","properties":{"boundary_type":"ridge","feature_type":"gpml:MidOceanRidge","polarity":null,"overriding_plate_id":null,"subducting_plate_id":null,"plate_ids":[201,701],"name":"Ridge from iso A13 from SouthAmerica at 33.1Ma"},"geometry":{"type":"LineString","coordinates":[[-34.78,9.728],[-34.346,9.574],[-33.913,9.419],[-33.479,9.263],[-33.541,8.806],[-33.602,8.348],[-33.663,7.89],[-33.724,7.432],[-33.784,6.975],[-33.428,6.813],[-33.073,6.651],[-33.174,6.29],[-32.812,6.134],[-32.904,5.701],[-32.996,5.268],[-32.554,5.095],[-32.111,4.921],[-31.669,4.747],[-31.227,4.573],[-30.786,4.398],[-30.344,4.224],[-30.394,3.92],[-30.443,3.616],[-30.231,3.542],[-30.285,3.288],[-30.34,3.035],[-30.136,2.954],[-30.166,2.696],[-30.197,2.438],[-29.955,2.351],[-29.714,2.263],[-29.808,1.829],[-29.354,1.668],[-28.9,1.508],[-28.446,1.347],[-27.992,1.186],[-28.013,0.969],[-27.595,0.848],[-27.177,0.727],[-26.759,0.606],[-26.772,0.506],[-26.37,0.377],[-25.969,0.248],[-25.999,-0.102],[-25.67,-0.181],[-25.342,-0.259],[-25.361,-0.472],[-24.946,-0.593],[-24.531,-0.714],[-24.115,-0.835],[-23.7,-0.955],[-23.748,-1.352],[-23.795,-1.748],[-23.495,-1.821],[-23.195,-1.894],[-23.221,-2.285],[-23.248,-2.676],[-23.275,-3.068],[-23.301,-3.459],[-22.839,-3.572],[-22.377,-3.686],[-21.915,-3.798],[-21.453,-3.911],[-21.477,-4.36],[-21.501,-4.81],[-21.525,-5.259],[-21.549,-5.708],[-21.574,-6.157],[-21.232,-6.221],[-20.889,-6.284],[-20.885,-6.572],[-20.881,-6.859],[-20.438,-6.945],[-19.996,-7.03],[-19.553,-7.115],[-19.111,-7.199],[-18.668,-7.283],[-18.225,-7.366],[-17.781,-7.45],[-17.338,-7.532],[-17.287,-7.913],[-16.863,-7.981],[-16.439,-8.048],[-16.014,-8.116],[-15.962,-8.559],[-15.911,-9.002],[-15.858,-9.445],[-15.361,-9.478],[-14.864,-9.511],[-14.367,-9.542],[-13.87,-9.574],[-13.373,-9.604],[-12.875,-9.634],[-12.378,-9.663],[-11.88,-9.691],[-11.383,-9.718],[-10.885,-9.745],[-10.387,-9.771],[-9.889,-9.797],[-9.391,-9.821],[-8.893,-9.845],[-8.395,-9.869],[-7.897,-9.891],[-7.399,-9.913],[-7.356,-10.163],[-7.136,-10.174],[-7.063,-10.473],[-6.989,-10.773],[-6.674,-10.774],[-6.624,-11.031],[-6.136,-11.036],[-5.649,-11.041],[-5.161,-11.046],[-4.674,-11.049],[-4.186,-11.052],[-4.069,-11.458],[-3.951,-11.865],[-3.833,-12.272],[-3.715,-12.678],[-3.596,-13.085],[-3.477,-13.491]]}},{"type":"Feature","properties":{"boundary_type":"ridge","feature_type":"gpml:MidOceanRidge","polarity":null,"overriding_plate_id":null,"subducting_plate_id":null,"plate_ids":[201,701],"name":"SOUTH ATLANTIC, SOUTH AMERICA-AFRICA"},"geometry":{"type":"LineString","coordinates":[[-3.477,-13.491],[-3.602,-13.495],[-3.929,-13.512],[-3.831,-13.966],[-3.732,-14.42],[-3.632,-14.874],[-3.532,-15.328],[-3.432,-15.781],[-3.331,-16.235],[-3.23,-16.689],[-3.128,-17.143],[-3.579,-17.16],[-4.029,-17.176],[-4.479,-17.191],[-4.93,-17.205],[-5.381,-17.218],[-5.831,-17.23],[-5.84,-17.686],[-5.849,-18.141],[-5.858,-18.597],[-5.867,-19.053],[-5.876,-19.509],[-5.885,-19.965],[-5.895,-20.421],[-5.904,-20.877],[-5.913,-21.333],[-5.922,-21.789],[-6.366,-21.789],[-6.809,-21.788],[-7.252,-21.786],[-7.695,-21.783],[-8.139,-21.778],[-8.175,-22.21],[-8.211,-22.643],[-8.247,-23.075],[-8.284,-23.507],[-8.321,-23.94],[-8.358,-24.372],[-7.921,-24.377],[-7.484,-24.381],[-7.046,-24.383],[-7.008,-24.644],[-6.97,-24.905],[-6.727,-24.891],[-6.722,-25.317],[-6.716,-25.743],[-6.71,-26.169],[-7.041,-26.278],[-6.942,-26.664],[-6.843,-27.051],[-6.742,-27.437],[-6.641,-27.823],[-6.318,-27.834],[-6.226,-28.295],[-6.135,-28.756],[-6.042,-29.216],[-5.948,-29.677],[-5.854,-30.137],[-5.759,-30.597],[-5.512,-30.62],[-5.525,-31.064],[-5.538,-31.508],[-5.551,-31.953],[-5.565,-32.397],[-5.916,-32.434],[-6.268,-32.469],[-6.287,-32.837],[-6.747,-32.858],[-7.209,-32.878],[-7.243,-33.226],[-7.278,-33.575],[-7.313,-33.923],[-7.701,-33.956],[-7.762,-34.28],[-7.823,-34.605],[-8.095,-34.591],[-8.134,-34.827],[-8.636,-34.871],[-9.139,-34.912],[-9.01,-35.328],[-8.88,-35.745],[-8.749,-36.161],[-8.616,-36.578],[-8.154,-36.624],[-7.691,-36.669],[-7.227,-36.711],[-7.172,-37.109],[-7.117,-37.506],[-7.061,-37.904],[-7.004,-38.301],[-6.813,-38.29],[-6.846,-38.659],[-6.878,-39.027],[-7.433,-38.991],[-7.987,-38.951],[-8.01,-39.33],[-8.034,-39.709],[-8.057,-40.088],[-8.081,-40.467],[-7.759,-40.494],[-7.788,-40.918],[-7.816,-41.342],[-7.845,-41.766],[-8.378,-41.784],[-8.911,-41.8],[-9.445,-41.814],[-9.564,-42.178],[-9.684,-42.543],[-10.346,-42.528],[-10.425,-42.85],[-10.506,-43.171],[-10.965,-43.177],[-11.424,-43.182],[-11.523,-43.675],[-11.624,-44.168],[-12.26,-44.156],[-12.896,-44.14],[-13.076,-44.575],[-13.259,-45.009],[-13.866,-45.008],[-14.473,-45.003],[-14.488,-45.457],[-14.504,-45.911],[-14.52,-46.364],[-14.537,-46.818],[-14.554,-47.272],[-14.571,-47.725],[-14.588,-48.179],[-15.035,-48.183],[-15.062,-48.576],[-15.089,-48.968],[-15.116,-49.361],[-15.144,-49.754],[-15.564,-49.774],[-15.646,-50.192],[-15.729,-50.61],[-15.814,-51.028],[-15.901,-51.446],[-15.989,-51.864],[-15.53,-51.901],[-15.071,-51.936],[-15.164,-52.329],[-15.258,-52.722],[-15.354,-53.115],[-15.452,-53.509],[-16.058,-53.482],[-16.157,-53.913],[-16.259,-54.345],[-16.362,-54.776],[-15.724,-54.787],[-15.086,-54.795],[-14.448,-54.799],[-14.441,-55.206],[-14.435,-55.613],[-14.428,-56.019],[-14.029,-56.01],[-14.046,-56.352],[-14.063,-56.693],[-14.081,-57.034],[-13.167,-57.087],[-12.251,-57.133],[-11.333,-57.172],[-10.819,-57.513],[-10.296,-57.851],[-9.763,-58.188],[-9.219,-58.522],[-8.665,-58.853],[-8.101,-59.183],[-7.756,-59.61],[-7.403,-60.036],[-7.041,-60.461],[-6.669,-60.885],[-6.637,-61.341],[-6.604,-61.796],[-6.57,-62.252],[-6.535,-62.707],[-6.54,-63.036],[-6.545,-63.364],[-5.703,-63.373],[-4.861,-63.378],[-4.018,-63.378],[-3.935,-63.676],[-3.851,-63.973],[-2.962,-63.951],[-2.075,-63.924],[-1.19,-63.892],[-0.307,-63.854],[-0.243,-64.263]]}},{"type":"Feature","properties":{"boundary_type":"ridge","feature_type":"gpml:MidOceanRidge","polarity":null,"overriding_plate_id":null,"subducting_plate_id":null,"plate_ids":[701,802],"name":"SOUTH ATLANTIC, SOUTH AMERICA-AFRICA"},"geometry":{"type":"LineString","coordinates":[[-0.243,-64.263],[-0.198,-64.542],[-0.205,-64.668],[-0.178,-65.032]]}},{"type":"Feature","properties":{"boundary_type":"subduction","feature_type":"gpml:SubductionZone","polarity":"Right","overriding_plate_id":804,"subducting_plate_id":904,"plate_ids":[804,904],"name":"ANT NAZ 060 015 TF"},"geometry":{"type":"LineString","coordinates":[[-101.14,-67.48],[-100.118,-67.45],[-99.268,-67.421],[-98.419,-67.388]]}},{"type":"Feature","properties":{"boundary_type":"subduction","feature_type":"gpml:SubductionZone","polarity":"Right","overriding_plate_id":802,"subducting_plate_id":904,"plate_ids":[802,904],"name":"ANT NAZ 060 015 TF"},"geometry":{"type":"LineString","coordinates":[[-98.419,-67.388],[-97.514,-67.347],[-96.279,-67.218],[-95.237,-67.231],[-94.195,-67.236],[-93.378,-67.262],[-92.559,-67.284],[-91.829,-67.128],[-91.109,-66.969],[-90.068,-66.691],[-89.051,-66.406],[-88.057,-66.114],[-87.128,-65.917],[-86.213,-65.715],[-85.313,-65.507],[-84.281,-65.265],[-83.268,-65.016],[-82.538,-64.787],[-81.82,-64.554],[-80.935,-64.274],[-80.068,-63.988],[-79.204,-63.681],[-78.359,-63.369],[-77.562,-63.238],[-76.773,-63.103],[-75.851,-63.036],[-74.935,-62.964],[-74.022,-62.885],[-73.419,-62.783],[-72.819,-62.678],[-72.074,-62.591],[-71.333,-62.499],[-70.597,-62.403],[-69.866,-62.304],[-69.17,-62.104],[-68.484,-61.901],[-67.746,-61.764]]}},{"type":"Feature","properties":{"boundary_type":"subduction","feature_type":"gpml:SubductionZone","polarity":"Left","overriding_plate_id":301,"subducting_plate_id":501,"plate_ids":[301,501],"name":"Indonesian bndy w AUS-mg"},"geometry":{"type":"LineString","coordinates":[[93.581,10.03],[93.866,9.717],[94.15,9.404],[94.433,9.092],[94.716,8.779],[95.128,8.501],[95.54,8.224],[95.951,7.946],[96.361,7.667],[96.771,7.388],[97.181,7.109],[97.59,6.829],[97.848,6.52],[98.106,6.211],[98.364,5.901],[98.621,5.591],[98.997,5.273],[99.373,4.953],[99.749,4.634],[100.124,4.315],[100.499,3.995],[100.923,3.813],[101.346,3.63],[101.769,3.447],[102.192,3.264],[102.615,3.081],[103.038,2.897],[103.461,2.714],[103.883,2.53],[104.305,2.346],[104.728,2.162],[105.114,1.895],[105.5,1.627],[105.886,1.359],[106.272,1.091],[106.658,0.823],[107.044,0.555],[107.43,0.287],[107.815,0.018],[108.201,-0.25],[108.618,-0.35],[109.036,-0.451],[109.453,-0.552],[109.87,-0.652],[110.288,-0.753],[110.705,-0.853],[111.193,-0.867],[111.681,-0.881],[112.126,-0.957],[112.571,-1.033],[113.017,-1.109],[113.462,-1.185]]}},{"type":"Feature","properties":{"boundary_type":"subduction","feature_type":"gpml:SubductionZone","polarity":"Left","overriding_plate_id":301,"subducting_plate_id":801,"plate_ids":[301,801],"name":"Indonesian bndy w AUS-mg"},"geometry":{"type":"LineString","coordinates":[[113.462,-1.185],[113.79,-1.241],[114.119,-1.296],[114.429,-1.205]]}},{"type":"Feature","properties":{"boundary_type":"subduction","feature_type":"gpml:SubductionZone","polarity":"Right","overriding_plate_id":301,"subducting_plate_id":901,"plate_ids":[301,901],"name":"Japan sub zone fromEarthByte cob MG 4-20-07"},"geometry":{"type":"LineString","coordinates":[[137.199,64.39],[137.514,63.945],[137.819,63.5],[138.114,63.054],[138.401,62.608],[138.679,62.161],[138.949,61.713],[139.211,61.265],[139.466,60.817],[139.714,60.367],[139.955,59.918],[140.19,59.468],[140.418,59.018],[140.641,58.567],[140.858,58.116],[140.979,57.661],[141.097,57.207],[141.212,56.752],[141.325,56.297],[141.435,55.841],[141.461,55.401],[141.487,54.96],[141.512,54.52],[141.537,54.079],[141.561,53.638],[141.503,53.177],[141.446,52.715],[141.39,52.253],[141.445,51.817],[141.499,51.381],[141.552,50.945],[141.604,50.509],[141.654,50.074],[141.576,49.66],[141.5,49.247],[141.424,48.834],[141.35,48.421],[141.258,48.089],[141.167,47.757],[141.078,47.425],[140.86,47.029],[140.645,46.632],[140.434,46.235],[140.084,45.828],[139.738,45.42],[139.537,45.011],[139.339,44.601],[138.74,44.444],[138.143,44.283],[137.55,44.119],[136.96,43.953],[136.534,43.682],[136.11,43.409],[135.691,43.135],[135.276,42.86],[134.864,42.583],[134.382,42.281],[133.905,41.978],[133.433,41.673],[133.115,41.521],[132.798,41.368],[132.385,41.173],[131.976,40.976],[131.568,40.777],[131.156,40.495],[130.746,40.211],[130.384,39.908],[130.025,39.604],[129.669,39.298],[129.384,39.175],[129.099,39.051]]}},{"type":"Feature","properties":{"boundary_type":"subduction","feature_type":"gpml:SubductionZone","polarity":"Left","overriding_plate_id":301,"subducting_plate_id":801,"plate_ids":[301,801],"name":"Kalimantan (Bornea) - mg"},"geometry":{"type":"LineString","coordinates":[[114.429,-1.205],[114.744,-1.554],[115.06,-1.902],[115.375,-2.25],[115.691,-2.598],[116.007,-2.946],[116.323,-3.294],[116.639,-3.642],[116.956,-3.99],[117.273,-4.338],[117.59,-4.685],[117.971,-4.923],[118.353,-5.16],[118.734,-5.397],[119.213,-5.255],[119.691,-5.113],[120.168,-4.97],[120.646,-4.827],[121.123,-4.684],[121.469,-4.483],[121.815,-4.281],[122.16,-4.08],[122.506,-3.878]]}},{"type":"Feature","properties":{"boundary_type":"subduction","feature_type":"gpml:SubductionZone","polarity":"Left","overriding_plate_id":301,"subducting_plate_id":780,"plate_ids":[301,780],"name":"Kalimantan (Bornea) - mg"},"geometry":{"type":"LineString","coordinates":[[122.506,-3.878],[122.89,-3.654],[123.273,-3.429],[123.657,-3.204],[124.04,-2.979],[124.432,-2.7],[124.824,-2.422],[125.216,-2.143],[125.608,-1.864],[125.999,-1.585],[126.391,-1.306],[126.782,-1.027]]}},{"type":"Feature","properties":{"boundary_type":"subduction","feature_type":"gpml:SubductionZone","polarity":"Left","overriding_plate_id":608,"subducting_plate_id":780,"plate_ids":[608,780],"name":"Kalimantan (Bornea) - mg"},"geometry":{"type":"LineString","coordinates":[[126.782,-1.027],[127.134,-0.776],[127.486,-0.525],[127.837,-0.274],[128.189,-0.023]]}},{"type":"Feature","properties":{"boundary_type":"subduction","feature_type":"gpml:SubductionZone","polarity":"Right","overriding_plate_id":406,"subducting_plate_id":901,"plate_ids":[406,901],"name":"Kamchatka SZ from EarthByte COB at 0Ma -- MG 4/20/07"},"geometry":{"type":"LineString","coordinates":[[165.032,68.198],[163.801,68.099],[162.581,67.991],[161.373,67.875],[160.177,67.749],[158.994,67.615],[157.826,67.472],[156.671,67.321],[155.532,67.162],[154.407,66.995],[153.299,66.82],[152.206,66.638],[151.079,66.451],[149.969,66.256],[148.876,66.054],[147.742,65.905],[146.621,65.749],[145.513,65.585],[144.42,65.412],[143.342,65.232],[142.573,65.098],[141.812,64.959],[141.059,64.817],[140.303,64.718],[139.552,64.615],[138.807,64.508],[138.001,64.451],[137.199,64.39]]}},{"type":"Feature","properties":{"boundary_type":"subduction","feature_type":"gpml:SubductionZone","polarity":"Right","overriding_plate_id":406,"subducting_plate_id":301,"plate_ids":[301,406],"name":"Kamchatka SZ from EarthByte COB at 0Ma -- MG 4/20/07"},"geometry":{"type":"LineString","coordinates":[[137.199,64.39],[136.306,64.316],[135.418,64.237],[134.536,64.152]]}},{"type":"Feature","properties":{"boundary_type":"subduction","feature_type":"gpml:SubductionZone","polarity":"Right","overriding_plate_id":null,"subducting_plate_id":null,"plate_ids":[901,922,922],"name":"MelanesiaVityaz DiCaprio"},"geometry":{"type":"LineString","coordinates":[[149.344,-12.378],[149.673,-12.372],[150.003,-12.365],[150.371,-12.381],[150.739,-12.396],[151.22,-12.464],[151.701,-12.531],[152.182,-12.597],[152.663,-12.662],[153.12,-12.81],[153.577,-12.958],[153.907,-13.08],[154.237,-13.202],[154.567,-13.323],[154.945,-13.57],[155.323,-13.817],[155.703,-14.063],[156.083,-14.309],[156.464,-14.554],[156.825,-14.79],[157.186,-15.027],[157.549,-15.262],[157.913,-15.497],[158.277,-15.732],[158.575,-16.057],[158.874,-16.382],[159.174,-16.707],[159.459,-16.97],[159.745,-17.233],[160.032,-17.496],[160.41,-17.611],[160.79,-17.725],[161.17,-17.838],[161.686,-17.847],[162.202,-17.854],[162.718,-17.86],[163.092,-18.015],[163.466,-18.169],[163.84,-18.322],[164.216,-18.475],[164.624,-18.554],[165.032,-18.632],[165.441,-18.709],[165.714,-18.909],[165.988,-19.109],[166.369,-19.158],[166.749,-19.206],[167.13,-19.254],[167.468,-19.377],[167.807,-19.499],[168.106,-19.788],[168.407,-20.075],[168.708,-20.363],[169.01,-20.649],[169.319,-20.887],[169.629,-21.124],[169.939,-21.361],[170.055,-21.579]]}},{"type":"Feature","properties":{"boundary_type":"subduction","feature_type":"gpml:SubductionZone","polarity":"Right","overriding_plate_id":101,"subducting_plate_id":902,"plate_ids":[101,902],"name":"Western NAM subduction"},"geometry":{"type":"LineString","coordinates":[[-79.858,21.762],[-80.248,21.996],[-80.64,22.228],[-81.006,22.544],[-81.373,22.859],[-81.742,23.173],[-82.113,23.486],[-82.486,23.799],[-82.86,24.11],[-83.236,24.421],[-83.364,24.898],[-83.493,25.376],[-83.622,25.854],[-83.753,26.331],[-83.885,26.808],[-84.018,27.285],[-84.266,27.681],[-84.516,28.076],[-84.768,28.47],[-85.022,28.865],[-85.278,29.258],[-85.536,29.651],[-85.734,29.96],[-85.932,30.268],[-86.132,30.576],[-86.299,30.954],[-86.467,31.331],[-86.636,31.707],[-86.807,32.084],[-86.924,32.415],[-87.041,32.746],[-87.159,33.077],[-87.335,33.449],[-87.512,33.82],[-87.691,34.192],[-87.769,34.542],[-87.849,34.892],[-87.929,35.242],[-88.034,35.63],[-88.14,36.018],[-88.247,36.406],[-88.356,36.794],[-88.425,37.263],[-88.495,37.733],[-88.801,38.137],[-89.111,38.541],[-89.424,38.944],[-89.741,39.347],[-90.047,39.593],[-90.354,39.838],[-90.664,40.083],[-91.055,40.362],[-91.45,40.639],[-91.848,40.916],[-92.079,41.214],[-92.313,41.513],[-92.672,41.862],[-93.036,42.211],[-93.41,42.414],[-93.787,42.615],[-94.167,42.816],[-94.289,43.184],[-94.412,43.552],[-94.537,43.92],[-94.841,44.366],[-95.15,44.812],[-95.463,45.257],[-95.709,45.637],[-95.958,46.016],[-96.21,46.395],[-96.466,46.773],[-96.726,47.15],[-96.843,47.576],[-96.962,48.002],[-97.083,48.427],[-97.207,48.853],[-97.33,49.231],[-97.456,49.608],[-97.584,49.985],[-97.713,50.363],[-97.549,50.817],[-97.382,51.271],[-97.211,51.725],[-97.036,52.179],[-96.703,52.635],[-96.362,53.09],[-96.014,53.544],[-95.658,53.997],[-95.254,54.426],[-94.841,54.854],[-94.419,55.281],[-93.989,55.706],[-93.749,56.155],[-93.503,56.604],[-93.251,57.053],[-92.993,57.501],[-92.729,57.949]]}},{"type":"Feature","properties":{"boundary_type":"subduction","feature_type":"gpml:SubductionZone","polarity":"Right","overriding_plate_id":101,"subducting_plate_id":918,"plate_ids":[101,918],"name":"Western NAM subduction"},"geometry":{"type":"LineString","coordinates":[[-92.729,57.949],[-92.553,58.241],[-92.928,58.627],[-93.312,59.011],[-93.704,59.394],[-94.105,59.776],[-94.588,60.081],[-95.08,60.383],[-95.581,60.684],[-96.091,60.982],[-96.302,61.376],[-96.519,61.769],[-96.901,62.201],[-97.294,62.631],[-97.593,62.941],[-97.898,63.25],[-98.209,63.559],[-98.497,63.966],[-98.848,64.431],[-99.211,64.896],[-99.333,65.255],[-99.459,65.614],[-99.589,65.972],[-99.57,66.404],[-99.55,66.835],[-99.597,67.169],[-99.645,67.504],[-99.694,67.839],[-99.913,68.22],[-99.595,68.681],[-99.825,69.059],[-99.821,69.415],[-100.122,69.886],[-100.716,70.335],[-100.975,70.533],[-101.249,70.909],[-101.693,71.251],[-101.99,71.626],[-102.241,72.084],[-102.356,72.335],[-102.475,72.585],[-102.411,73.029]]}},{"type":"Feature","properties":{"boundary_type":"other","feature_type":"gpml:TerraneBoundary","polarity":null,"overriding_plate_id":null,"subducting_plate_id":null,"plate_ids":[802,804],"name":"E/W ANT"},"geometry":{"type":"LineString","coordinates":[[-175.409,-65.636],[-174.908,-65.892],[-174.212,-66.144],[-173.776,-66.277],[-173.407,-66.466],[-173.511,-66.815],[-173.697,-67.101],[-173.942,-67.414],[-174.17,-67.698],[-174.507,-68.002],[-174.816,-68.295],[-175.233,-68.638],[-175.515,-68.839],[-175.67,-69.156],[-175.745,-69.428],[-175.815,-69.73],[-176.111,-69.962],[-176.329,-70.301],[-176.486,-70.654],[-176.688,-70.921],[-176.872,-71.31],[-176.971,-71.709],[-176.683,-72.129],[-176.131,-72.416],[-175.639,-72.642],[-175.135,-72.868],[-174.558,-73.08],[-173.968,-73.291],[-173.073,-73.543],[-172.152,-73.791],[-171.083,-74.01],[-169.986,-74.223],[-168.802,-74.416],[-167.588,-74.604],[-166.132,-74.845],[-164.63,-75.077],[-163.255,-75.372],[-161.825,-75.659],[-160.71,-75.892],[-159.558,-76.121],[-158.369,-76.343],[-156.992,-76.605],[-155.561,-76.86],[-154.075,-77.106],[-152.321,-77.349],[-150.502,-77.58],[-148.812,-77.734],[-147.083,-77.877],[-145.314,-78.009],[-143.107,-78.153],[-140.85,-78.278],[-138.549,-78.386],[-136.15,-78.399],[-133.75,-78.391],[-131.897,-78.337],[-130.062,-78.272],[-128.249,-78.195],[-126.73,-78.074],[-125.242,-77.944],[-123.785,-77.808],[-122.005,-77.544],[-120.299,-77.269],[-118.665,-76.983],[-117.155,-76.722],[-115.704,-76.452],[-114.483,-76.163],[-113.311,-75.869],[-112.186,-75.569],[-111.034,-75.255],[-109.929,-74.937],[-108.869,-74.613],[-107.637,-74.306],[-106.45,-73.993],[-105.309,-73.673],[-104.26,-73.273],[-103.26,-72.868],[-102.582,-72.586],[-101.926,-72.301],[-101.29,-72.014],[-100.62,-71.563],[-99.98,-71.111],[-99.557,-70.75],[-99.148,-70.389],[-98.804,-69.949],[-98.475,-69.508],[-98.443,-69.174],[-98.411,-68.839],[-98.381,-68.505],[-98.377,-68.018],[-98.374,-67.532],[-98.419,-67.388]]}},{"type":"Feature","properties":{"boundary_type":"transform","feature_type":"gpml:Transform","polarity":null,"overriding_plate_id":null,"subducting_plate_id":null,"plate_ids":[101,317],"name":"King's Trough"},"geometry":{"type":"LineString","coordinates":[[-12.228,32.952],[-12.121,32.884],[-12.098,32.876]]}},{"type":"Feature","properties":{"boundary_type":"transform","feature_type":"gpml:Transform","polarity":null,"overriding_plate_id":null,"subducting_plate_id":null,"plate_ids":[304,317],"name":"King's Trough"},"geometry":{"type":"LineString","coordinates":[[-12.098,32.876],[-11.636,32.714],[-11.211,32.565],[-11.138,32.549]]}},{"type":"Feature","properties":{"boundary_type":"transform","feature_type":"gpml:Transform","polarity":null,"overriding_plate_id":null,"subducting_plate_id":null,"plate_ids":[101,301],"name":"North Porcupine Transform"},"geometry":{"type":"LineString","coordinates":[[-16.228,42.19],[-15.733,42.108],[-15.24,42.024],[-14.747,41.937],[-14.176,41.911],[-13.606,41.881],[-13.036,41.849],[-12.873,41.871]]}},{"type":"Feature","properties":{"boundary_type":"transform","feature_type":"gpml:Transform","polarity":null,"overriding_plate_id":null,"subducting_plate_id":null,"plate_ids":[301,317],"name":"North Porcupine Transform"},"geometry":{"type":"LineString","coordinates":[[-12.873,41.871],[-12.299,41.946],[-11.723,42.017],[-11.145,42.086],[-10.649,42.192],[-10.275,42.235],[-9.9,42.276],[-9.36,42.264],[-9.029,42.022],[-8.701,41.779],[-8.51,41.551],[-8.32,41.323],[-8.135,41.05],[-7.953,40.777],[-7.795,40.519],[-7.639,40.26],[-7.457,39.956],[-7.276,39.651],[-7.113,39.374],[-6.951,39.096],[-6.642,38.731],[-6.336,38.365],[-6.032,37.998],[-5.548,37.822],[-5.066,37.643],[-4.586,37.462],[-4.109,37.279],[-3.633,37.095],[-3.161,36.908],[-2.669,36.653],[-2.182,36.395],[-1.697,36.136],[-1.216,35.874],[-0.737,35.611],[-0.262,35.345],[0.21,35.078],[0.679,34.809],[1.144,34.539],[1.456,34.207],[1.765,33.875],[2.072,33.543],[2.377,33.209]]}},{"type":"Feature","properties":{"boundary_type":"other","feature_type":"gpml:UnclassifiedFeature","polarity":null,"overriding_plate_id":null,"subducting_plate_id":null,"plate_ids":[409,901],"name":"NE SIberia"},"geometry":{"type":"LineString","coordinates":[[165.718,67.955],[165.032,68.198]]}},{"type":"Feature","properties":{"boundary_type":"other","feature_type":"gpml:UnclassifiedFeature","polarity":null,"overriding_plate_id":null,"subducting_plate_id":null,"plate_ids":[406,409],"name":"NE SIberia"},"geometry":{"type":"LineString","coordinates":[[165.032,68.198],[164.142,68.5],[163.377,68.809],[162.591,69.113],[161.782,69.415],[160.635,69.709],[159.456,69.996],[158.245,70.274],[157.001,70.545],[156.013,70.789],[155.002,71.028],[153.965,71.261],[152.904,71.488],[151.818,71.71],[151.532,71.765]]}},{"type":"Feature","properties":{"boundary_type":"subduction","feature_type":"gpml:SubductionZone","polarity":"Left","overriding_plate_id":301,"subducting_plate_id":701,"plate_ids":[301,701],"name":"Tethyan Subduction after Afghan block Accretion AG 2012"},"geometry":{"type":"LineString","coordinates":[[41.125,28.713],[41.649,28.76],[42.174,28.804],[42.699,28.847],[43.224,28.887],[43.75,28.926],[44.276,28.962],[44.813,28.906],[45.35,28.849],[45.886,28.789],[46.421,28.727],[46.772,28.52],[47.121,28.312],[47.469,28.103],[47.871,27.803],[48.27,27.502],[48.668,27.2],[49.123,27.081],[49.578,26.962],[50.031,26.84],[50.453,26.556],[50.874,26.271],[51.292,25.984],[51.702,25.821],[52.11,25.656],[52.504,25.444],[52.896,25.23],[53.163,24.986],[53.429,24.741],[53.694,24.496],[54.07,24.403],[54.445,24.308],[54.819,24.213],[55.205,23.863],[55.59,23.511],[55.872,23.222],[56.152,22.933],[56.431,22.643],[56.841,22.491],[57.321,22.591],[57.801,22.689],[58.067,22.533],[58.333,22.377],[58.482,22.016],[58.63,21.655],[58.778,21.293],[59.294,21.176],[59.809,21.057],[60.323,20.937],[60.837,20.815],[61.09,20.85]]}},{"type":"Feature","properties":{"boundary_type":"subduction","feature_type":"gpml:SubductionZone","polarity":"Left","overriding_plate_id":301,"subducting_plate_id":701,"plate_ids":[301,701],"name":"Subduction Zone - A Gibbons Phd 2012"},"geometry":{"type":"LineString","coordinates":[[61.09,20.85],[61.458,20.585],[61.825,20.32],[62.19,20.053],[62.662,20.149],[63.135,20.243],[63.608,20.336],[64.082,20.428],[64.556,20.519],[65.031,20.608],[65.507,20.696],[65.983,20.783],[66.459,20.868]]}},{"type":"Feature","properties":{"boundary_type":"subduction","feature_type":"gpml:SubductionZone","polarity":"Left","overriding_plate_id":null,"subducting_plate_id":null,"plate_ids":[701],"name":"Subduction Zone - A Gibbons Phd 2012"},"geometry":{"type":"LineString","coordinates":[[66.459,20.868],[66.491,20.874]]}},{"type":"Feature","properties":{"boundary_type":"ridge","feature_type":"gpml:MidOceanRidge","polarity":null,"overriding_plate_id":null,"subducting_plate_id":null,"plate_ids":[501,801],"name":"MOR India Australia A Gibbons 2012"},"geometry":{"type":"LineString","coordinates":[[113.462,-1.185],[113.413,-1.668],[113.363,-2.152],[113.314,-2.636],[113.264,-3.12],[113.21,-3.571],[113.155,-4.023],[113.101,-4.474],[113.09,-4.933],[113.079,-5.391],[113.067,-5.85],[113.056,-6.309],[113.045,-6.768],[113.034,-7.227],[113.023,-7.685],[113.012,-8.144],[112.541,-8.191],[112.071,-8.238],[111.6,-8.284],[111.129,-8.329],[110.659,-8.374],[110.188,-8.418],[109.717,-8.462],[109.693,-8.928],[109.669,-9.393],[109.646,-9.859],[109.622,-10.325],[109.598,-10.79],[109.575,-11.256],[109.551,-11.722],[109.527,-12.188],[109.503,-12.653],[109.478,-13.119],[109.454,-13.585],[109.43,-14.05],[108.996,-14.079],[108.561,-14.107],[108.127,-14.134],[107.692,-14.16],[107.257,-14.186],[107.256,-14.634],[107.255,-15.082],[107.254,-15.53],[107.253,-15.978],[107.251,-16.426],[107.25,-16.874],[107.249,-17.323],[107.248,-17.771],[106.823,-17.845],[106.399,-17.919],[105.974,-17.991],[105.466,-17.99],[104.959,-17.988],[104.451,-17.984],[103.944,-17.979],[103.437,-17.972],[102.978,-17.947],[102.52,-17.921],[102.062,-17.893],[101.604,-17.865],[101.147,-17.835],[100.689,-17.805],[100.64,-18.277],[100.59,-18.749],[100.54,-19.221],[100.489,-19.692],[100.439,-20.164],[100.388,-20.636],[100.336,-21.108],[100.285,-21.58],[100.233,-22.051],[100.18,-22.523],[100.128,-22.995],[100.075,-23.467],[100.021,-23.938],[99.968,-24.41],[99.913,-24.882],[99.859,-25.353],[99.804,-25.825],[99.748,-26.296],[99.692,-26.768],[99.197,-26.766],[98.702,-26.763],[98.207,-26.757],[97.712,-26.75],[97.217,-26.742],[96.722,-26.731],[96.227,-26.719],[95.733,-26.705],[95.628,-27.159],[95.522,-27.612],[95.416,-28.065],[95.003,-28.022],[94.59,-27.978],[94.178,-27.933],[94.102,-28.376],[94.025,-28.82],[93.948,-29.263],[93.869,-29.707],[93.791,-30.15],[93.711,-30.593],[93.631,-31.037],[93.55,-31.48],[93.468,-31.923],[92.939,-31.907],[92.41,-31.889],[91.881,-31.869],[91.353,-31.846],[91.218,-32.315],[91.082,-32.784],[90.504,-32.746],[89.926,-32.704],[89.349,-32.66],[88.772,-32.614],[88.196,-32.565],[88.038,-33.032],[87.879,-33.5],[87.717,-33.967],[87.554,-34.435],[87.39,-34.902],[87.223,-35.368],[87.054,-35.835],[86.455,-35.769],[85.856,-35.7],[85.259,-35.628],[85.159,-36.111],[85.058,-36.595],[84.956,-37.078],[84.852,-37.561],[84.747,-38.044],[84.64,-38.527],[84.533,-39.01],[84.423,-39.493],[84.312,-39.975],[84.2,-40.458],[83.621,-40.387],[83.043,-40.314],[82.467,-40.238],[82.378,-40.683],[82.287,-41.128],[82.196,-41.573],[82.103,-42.018],[82.008,-42.463],[81.913,-42.908],[81.816,-43.352],[81.718,-43.797],[81.069,-43.792],[80.421,-43.783],[79.773,-43.77],[79.125,-43.754],[78.922,-44.211],[78.715,-44.667],[78.505,-45.123],[78.292,-45.579],[78.075,-46.034],[77.855,-46.489],[77.631,-46.943],[77.403,-47.397],[77.171,-47.851],[76.936,-48.304],[76.695,-48.757],[76.451,-49.209],[76.202,-49.66],[75.948,-50.111],[75.69,-50.562],[75.478,-50.947]]}},{"type":"Feature","properties":{"boundary_type":"ridge","feature_type":"gpml:MidOceanRidge","polarity":null,"overriding_plate_id":null,"subducting_plate_id":null,"plate_ids":[801,802],"name":"MOR India Australia A Gibbons 2012"},"geometry":{"type":"LineString","coordinates":[[75.478,-50.947],[75.426,-51.039]]}},{"type":"Feature","properties":{"boundary_type":"other","feature_type":"gpml:Fault","polarity":null,"overriding_plate_id":null,"subducting_plate_id":null,"plate_ids":[101,409],"name":"Alaska"},"geometry":{"type":"LineString","coordinates":[[-151.247,66.692],[-151.071,67.163],[-150.888,67.633],[-150.697,68.103],[-150.499,68.573],[-150.292,69.042],[-150.076,69.512],[-149.85,69.981],[-149.614,70.45],[-149.367,70.918],[-149.108,71.386],[-148.827,71.828],[-148.532,72.27],[-148.222,72.711],[-147.897,73.152],[-147.556,73.592],[-147.195,74.032],[-146.815,74.471],[-146.414,74.909],[-146.571,75.374],[-146.738,75.839],[-146.916,76.303],[-147.106,76.768],[-147.31,77.232],[-147.53,77.696],[-147.766,78.16],[-148.021,78.624],[-148.297,79.087],[-148.598,79.55],[-150.454,79.903],[-152.44,80.244],[-154.567,80.573],[-156.842,80.888],[-159.275,81.188],[-161.874,81.472],[-164.644,81.737],[-167.128,81.929],[-169.728,82.106],[-172.441,82.266],[-175.261,82.409],[-178.181,82.532],[178.188,82.605],[174.498,82.649],[170.781,82.662],[167.066,82.645],[163.383,82.597],[159.762,82.519],[156.228,82.412],[152.983,82.314],[149.828,82.192],[146.779,82.048],[143.845,81.882],[141.036,81.696],[138.354,81.491],[135.803,81.268],[133.383,81.03],[130.5,80.931],[127.686,80.81],[124.951,80.668],[122.303,80.505],[119.748,80.323],[117.291,80.124],[114.934,79.907],[112.253,79.804],[109.63,79.68],[107.074,79.536],[104.591,79.371],[102.187,79.188],[99.866,78.987],[97.631,78.769],[95.483,78.534],[93.675,78.23],[91.959,77.915],[90.33,77.59],[88.783,77.256],[86.682,77.108],[84.631,76.943],[82.633,76.762],[80.689,76.567]]}},{"type":"Feature","properties":{"boundary_type":"subduction","feature_type":"gpml:SubductionZone","polarity":"Right","overriding_plate_id":101,"subducting_plate_id":918,"plate_ids":[101,918],"name":"Aleutian and Bering Sea Masking Polygon"},"geometry":{"type":"LineString","coordinates":[[-102.411,73.029],[-104.008,72.947],[-105.588,72.853],[-107.151,72.747],[-108.694,72.628],[-110.216,72.498],[-111.715,72.357],[-113.19,72.204],[-114.64,72.041],[-116.064,71.867],[-117.461,71.683],[-118.704,71.49],[-119.921,71.288],[-121.113,71.08],[-122.279,70.863],[-123.42,70.64],[-124.535,70.41],[-125.625,70.173],[-126.424,70.007],[-127.21,69.837],[-127.862,69.688],[-128.504,69.536],[-129.394,69.441],[-130.277,69.341],[-131.409,69.151],[-132.085,69.027],[-132.752,68.899],[-133.507,68.776],[-134.253,68.649],[-135.364,68.485],[-136.541,68.381],[-137.706,68.269],[-138.859,68.149],[-140.0,68.021],[-141.129,67.885],[-142.243,67.741],[-143.463,67.629],[-144.671,67.508],[-145.867,67.378],[-147.049,67.239],[-148.217,67.092],[-149.37,66.936],[-150.509,66.772],[-151.247,66.692]]}},{"type":"Feature","properties":{"boundary_type":"subduction","feature_type":"gpml:SubductionZone","polarity":"Right","overriding_plate_id":409,"subducting_plate_id":918,"plate_ids":[409,918],"name":"Aleutian and Bering Sea Masking Polygon"},"geometry":{"type":"LineString","coordinates":[[-151.247,66.692],[-152.42,66.558],[-153.579,66.414],[-154.725,66.262],[-155.857,66.102]]}},{"type":"Feature","properties":{"boundary_type":"subduction","feature_type":"gpml:SubductionZone","polarity":"Right","overriding_plate_id":409,"subducting_plate_id":901,"plate_ids":[409,901],"name":"Aleutian and Bering Sea Masking Polygon"},"geometry":{"type":"LineString","coordinates":[[-155.857,66.102],[-156.624,65.987],[-157.384,65.869],[-158.545,65.814],[-159.7,65.75],[-160.849,65.678],[-161.991,65.597],[-163.126,65.507],[-164.253,65.409],[-165.371,65.303],[-166.479,65.189],[-167.45,65.204],[-168.422,65.212],[-169.395,65.215],[-170.367,65.211],[-171.516,65.254],[-172.669,65.288],[-173.824,65.314],[-174.98,65.331],[-176.013,65.473],[-177.058,65.608],[-178.112,65.735],[-179.177,65.856],[179.748,65.969],[178.664,66.074],[177.623,66.249],[176.568,66.417],[175.499,66.577],[174.416,66.731],[173.321,66.876],[172.212,67.014],[171.091,67.144],[170.046,67.321],[168.986,67.49],[167.911,67.652],[166.822,67.808],[165.718,67.955]]}},{"type":"Feature","properties":{"boundary_type":"ridge","feature_type":"gpml:MidOceanRidge","polarity":null,"overriding_plate_id":null,"subducting_plate_id":null,"plate_ids":[101,301],"name":"Ridge from iso A25 from NorthAmerica 55.9Ma"},"geometry":{"type":"LineString","coordinates":[[-15.228,45.79],[-15.424,45.356],[-15.616,44.922],[-15.805,44.488],[-15.992,44.053],[-16.052,43.587],[-16.112,43.122],[-16.171,42.656],[-16.228,42.19]]}},{"type":"Feature","properties":{"boundary_type":"subduction","feature_type":"gpml:SubductionZone","polarity":"Left","overriding_plate_id":738,"subducting_plate_id":608,"plate_ids":[608,738],"name":"Proto South China Sea opening"},"geometry":{"type":"LineString","coordinates":[[117.323,8.674],[117.765,8.861],[118.208,9.048],[118.652,9.234],[119.096,9.419],[119.54,9.604],[119.999,9.77],[120.457,9.936],[120.916,10.1],[121.376,10.264],[121.836,10.428],[122.297,10.59],[122.741,10.771],[123.186,10.951],[123.631,11.131],[124.077,11.31],[124.509,11.278],[124.941,11.245],[125.372,11.212],[125.78,11.155],[126.188,11.097],[126.595,11.039]]}},{"type":"Feature","properties":{"boundary_type":"transform","feature_type":"gpml:Transform","polarity":null,"overriding_plate_id":null,"subducting_plate_id":null,"plate_ids":[301,501],"name":"Proto Andaman transform"},"geometry":{"type":"LineString","coordinates":[[93.581,10.03],[93.668,10.362],[93.708,10.552]]}},{"type":"Feature","properties":{"boundary_type":"transform","feature_type":"gpml:Transform","polarity":null,"overriding_plate_id":null,"subducting_plate_id":null,"plate_ids":[301,529],"name":"Proto Andaman transform"},"geometry":{"type":"LineString","coordinates":[[93.708,10.552],[93.803,11.007],[93.898,11.462],[93.994,11.917],[94.09,12.372],[94.187,12.827],[94.283,13.281],[94.381,13.736],[94.478,14.191],[94.576,14.646],[94.674,15.1],[94.749,15.449],[94.823,15.798],[94.898,16.147]]}},{"type":"Feature","properties":{"boundary_type":"subduction","feature_type":"gpml:SubductionZone","polarity":"Left","overriding_plate_id":529,"subducting_plate_id":501,"plate_ids":[501,529],"name":"Kohistan instra-oceanic subduction"},"geometry":{"type":"LineString","coordinates":[[62.313,8.1],[62.715,7.999],[63.116,7.897],[63.518,7.795],[63.919,7.693],[64.403,7.573],[64.887,7.452],[65.37,7.331],[65.853,7.21],[66.336,7.088],[66.818,6.965],[67.3,6.842],[67.782,6.718],[68.264,6.594],[68.661,6.464],[69.058,6.334],[69.455,6.203],[69.852,6.072],[70.248,5.94],[70.662,5.821],[71.076,5.702],[71.49,5.582],[71.903,5.463],[72.316,5.343],[72.78,5.246],[73.244,5.149],[73.708,5.051],[74.171,4.954],[74.634,4.856],[75.098,4.757],[75.561,4.659],[76.024,4.56],[76.486,4.461],[76.949,4.361],[77.411,4.359],[77.873,4.358],[78.335,4.355],[78.797,4.353],[79.26,4.35],[79.722,4.347],[80.184,4.344],[80.645,4.37],[81.106,4.396],[81.567,4.422],[82.028,4.447],[82.489,4.472],[82.951,4.497],[83.382,4.637],[83.813,4.777],[84.244,4.917],[84.676,5.057],[85.107,5.196],[85.534,5.365],[85.961,5.534],[86.389,5.703],[86.816,5.871],[87.244,6.039],[87.672,6.207],[88.1,6.374],[88.459,6.598],[88.817,6.821],[89.176,7.044],[89.536,7.267],[89.896,7.49],[90.256,7.712],[90.601,7.971],[90.946,8.23],[91.292,8.488],[91.638,8.746],[91.985,9.004],[92.332,9.262],[92.675,9.585],[93.019,9.908],[93.363,10.23],[93.708,10.552]]}},{"type":"Feature","properties":{"boundary_type":"subduction","feature_type":"gpml:SubductionZone","polarity":"Right","overriding_plate_id":301,"subducting_plate_id":529,"plate_ids":[301,529],"name":"Subduction zone to close the Tethyan/Lhasa back-arc basin, southward jump after accretion"},"geometry":{"type":"LineString","coordinates":[[94.898,16.147],[94.52,16.184],[94.083,16.295],[93.646,16.405],[93.208,16.515],[92.77,16.623],[92.331,16.731],[91.892,16.838],[91.564,16.97],[91.235,17.102],[90.857,17.104],[90.48,17.105],[90.069,16.96],[89.659,16.815],[89.249,16.668],[88.84,16.521],[88.432,16.373],[88.025,16.225],[87.579,16.116],[87.135,16.006],[86.69,15.896],[86.247,15.785],[85.803,15.673],[85.361,15.559],[84.853,15.578],[84.346,15.596],[83.838,15.613],[83.33,15.629],[82.822,15.643],[82.315,15.656],[81.807,15.668],[81.299,15.679],[80.845,15.813],[80.391,15.946],[79.936,16.078],[79.481,16.209],[79.025,16.339],[78.568,16.469],[78.111,16.597],[77.653,16.724],[77.195,16.85],[76.736,16.975],[76.383,17.239],[76.029,17.502],[75.674,17.765],[75.318,18.026],[74.961,18.288],[74.497,18.437],[74.033,18.586],[73.568,18.733],[73.102,18.88],[72.635,19.025],[72.168,19.169],[71.7,19.312],[71.23,19.453],[70.76,19.594],[70.31,19.746],[69.859,19.898],[69.407,20.049],[68.954,20.198],[68.5,20.346],[68.046,20.493],[67.657,20.587],[67.268,20.679],[66.878,20.771],[66.488,20.861]]}},{"type":"Feature","properties":{"boundary_type":"subduction","feature_type":"gpml:SubductionZone","polarity":"Right","overriding_plate_id":null,"subducting_plate_id":null,"plate_ids":[301],"name":"Subduction zone to close the Tethyan/Lhasa back-arc basin, southward jump after accretion"},"geometry":{"type":"LineString","coordinates":[[66.488,20.861],[66.459,20.868]]}},{"type":"Feature","properties":{"boundary_type":"ridge","feature_type":"gpml:MidOceanRidge","polarity":null,"overriding_plate_id":null,"subducting_plate_id":null,"plate_ids":[780,801],"name":"Sepik back-arc MOR"},"geometry":{"type":"LineString","coordinates":[[135.774,-24.112],[136.141,-24.065],[136.638,-24.02],[137.135,-23.973],[137.632,-23.924],[138.128,-23.873],[138.624,-23.821],[139.136,-23.737],[139.647,-23.652],[140.158,-23.565],[140.667,-23.476],[141.177,-23.385],[141.685,-23.293],[142.193,-23.2],[142.231,-23.429],[142.656,-23.386],[143.08,-23.342],[143.503,-23.297],[143.927,-23.251],[144.044,-23.646],[144.516,-23.572],[144.987,-23.497],[145.458,-23.42],[145.928,-23.342],[146.398,-23.263],[146.867,-23.182],[147.033,-23.647],[147.491,-23.55],[147.947,-23.452],[148.403,-23.353],[148.858,-23.253],[149.008,-23.579],[149.159,-23.905],[149.525,-23.795],[149.889,-23.684],[150.053,-24.083],[150.217,-24.482],[150.382,-24.881],[150.795,-24.798],[151.207,-24.713],[151.366,-25.126],[151.525,-25.538],[151.686,-25.949],[151.847,-26.361]]}},{"type":"Feature","properties":{"boundary_type":"ridge","feature_type":"gpml:MidOceanRidge","polarity":null,"overriding_plate_id":null,"subducting_plate_id":null,"plate_ids":[780,801],"name":"Sepik spreading westward extension into Tethys"},"geometry":{"type":"LineString","coordinates":[[122.506,-3.878],[122.692,-4.287],[122.878,-4.696],[123.064,-5.105],[123.25,-5.514],[123.629,-5.404],[124.007,-5.294],[124.385,-5.183],[124.554,-5.647],[124.723,-6.112],[124.893,-6.576],[125.063,-7.041],[125.234,-7.505],[125.404,-7.97],[125.575,-8.434],[125.747,-8.898],[125.919,-9.362],[126.091,-9.826],[126.264,-10.29],[126.438,-10.754],[126.612,-11.218],[127.033,-11.069],[127.455,-10.92],[127.876,-10.77],[128.051,-11.167],[128.226,-11.564],[128.402,-11.96],[128.578,-12.357],[128.755,-12.753],[128.933,-13.149],[129.111,-13.545],[129.369,-13.444],[129.558,-13.871],[129.747,-14.298],[129.937,-14.724],[130.128,-15.151],[130.32,-15.577],[130.513,-16.003],[130.706,-16.429],[130.9,-16.855],[131.095,-17.28],[131.291,-17.706],[131.488,-18.131],[131.686,-18.556],[131.885,-18.981],[132.224,-18.795],[132.563,-18.609],[132.795,-19.028],[133.029,-19.447],[133.263,-19.866],[133.499,-20.284],[133.737,-20.702],[133.975,-21.12],[134.215,-21.537],[134.456,-21.955],[134.699,-22.371],[134.943,-22.788],[135.189,-23.204],[135.436,-23.619],[135.604,-23.866],[135.774,-24.112]]}},{"type":"Feature","properties":{"boundary_type":"subduction","feature_type":"gpml:SubductionZone","polarity":"Right","overriding_plate_id":301,"subducting_plate_id":609,"plate_ids":[301,609],"name":"North Sulawesi - Celebes Sea opening transform"},"geometry":{"type":"LineString","coordinates":[[127.019,31.491],[127.208,31.065],[127.396,30.638],[127.582,30.21],[127.767,29.783],[127.914,29.318],[128.061,28.854],[128.206,28.389],[128.35,27.924],[128.493,27.458],[128.634,26.993],[128.774,26.528],[128.913,26.062],[129.051,25.596],[129.188,25.131],[129.324,24.665],[129.459,24.198],[129.593,23.732],[129.726,23.266],[129.739,23.071]]}},{"type":"Feature","properties":{"boundary_type":"subduction","feature_type":"gpml:SubductionZone","polarity":"Right","overriding_plate_id":738,"subducting_plate_id":609,"plate_ids":[609,738],"name":"North Sulawesi - Celebes Sea opening transform"},"geometry":{"type":"LineString","coordinates":[[129.739,23.071],[129.769,22.585],[129.8,22.1],[129.83,21.614],[129.86,21.128],[129.89,20.643],[129.92,20.157],[129.949,19.671],[129.978,19.186],[130.008,18.7],[130.037,18.214],[130.065,17.729],[130.094,17.243],[130.122,16.757],[130.151,16.272]]}},{"type":"Feature","properties":{"boundary_type":"subduction","feature_type":"gpml:SubductionZone","polarity":"Right","overriding_plate_id":738,"subducting_plate_id":608,"plate_ids":[608,738],"name":"North Sulawesi - Celebes Sea opening transform"},"geometry":{"type":"LineString","coordinates":[[130.151,16.272],[130.167,15.989],[130.201,15.689],[130.235,15.388]]}},{"type":"Feature","properties":{"boundary_type":"ridge","feature_type":"gpml:MidOceanRidge","polarity":null,"overriding_plate_id":null,"subducting_plate_id":null,"plate_ids":[301,738],"name":"Proto South China Sea MOR"},"geometry":{"type":"LineString","coordinates":[[121.86,16.61],[122.236,16.877],[122.614,17.143],[122.993,17.408],[123.372,17.673],[123.753,17.936],[124.135,18.2],[124.518,18.462],[124.493,18.921],[124.467,19.379],[124.441,19.838],[124.874,20.114],[125.308,20.388],[125.744,20.662],[126.181,20.934],[126.62,21.205],[127.061,21.475],[127.503,21.744],[127.947,22.012],[128.392,22.278],[128.839,22.544],[129.288,22.808],[129.739,23.071]]}},{"type":"Feature","properties":{"boundary_type":"subduction","feature_type":"gpml:SubductionZone","polarity":"Left","overriding_plate_id":608,"subducting_plate_id":780,"plate_ids":[608,780],"name":"SulawesiTrench"},"geometry":{"type":"LineString","coordinates":[[128.189,-0.023],[128.628,0.033],[129.067,0.09],[129.408,-0.02],[129.748,-0.129],[129.986,-0.271],[130.223,-0.412],[130.631,-0.557],[131.039,-0.701],[131.45,-0.674],[131.862,-0.647],[132.334,-0.683],[132.805,-0.72],[133.277,-0.756],[133.749,-0.792]]}},{"type":"Feature","properties":{"boundary_type":"ridge","feature_type":"gpml:MidOceanRidge","polarity":null,"overriding_plate_id":null,"subducting_plate_id":null,"plate_ids":[608,609],"name":"Philippine Sea MOR"},"geometry":{"type":"LineString","coordinates":[[130.151,16.272],[130.606,16.363],[131.061,16.452],[131.517,16.541],[131.973,16.629],[132.284,16.261],[132.594,15.892],[132.903,15.523],[133.21,15.153],[133.517,14.783],[133.822,14.413],[134.127,14.042],[134.431,13.671],[134.733,13.3],[135.035,12.928],[135.336,12.555],[135.636,12.183],[135.935,11.81],[136.233,11.437],[136.53,11.063],[136.827,10.689],[137.123,10.315],[137.418,9.941],[137.726,10.262],[138.035,10.582],[138.319,10.195],[138.603,9.809],[138.887,9.421],[139.169,9.034],[139.452,8.646],[139.733,8.258],[140.014,7.87],[140.295,7.482],[140.575,7.094],[140.854,6.705],[141.133,6.317],[141.412,5.928],[141.69,5.539],[141.968,5.15],[142.245,4.76],[142.523,4.371],[142.261,4.068],[141.999,3.764],[142.271,3.369],[142.542,2.973],[142.813,2.578],[143.083,2.182],[143.354,1.786],[143.625,1.39],[143.895,0.994],[144.165,0.599],[144.436,0.203],[144.706,-0.193],[144.976,-0.589],[145.247,-0.985],[145.487,-0.751],[145.728,-0.517],[146.027,-0.895],[146.326,-1.273],[146.624,-1.651],[146.923,-2.029],[147.223,-2.408],[147.522,-2.786],[147.788,-3.142],[148.054,-3.499],[148.32,-3.855],[148.605,-4.173],[148.889,-4.491],[149.174,-4.809],[149.459,-5.127],[149.744,-5.444],[150.029,-5.762],[150.311,-6.122],[150.593,-6.482],[150.875,-6.842]]}},{"type":"Feature","properties":{"boundary_type":"subduction","feature_type":"gpml:SubductionZone","polarity":"Left","overriding_plate_id":608,"subducting_plate_id":780,"plate_ids":[608,780],"name":"East Philippine Isl Nthward Subduction DiCaprio"},"geometry":{"type":"LineString","coordinates":[[133.851,-2.798],[134.165,-3.105],[134.479,-3.412],[134.793,-3.719],[135.107,-4.025],[135.441,-4.345],[135.776,-4.665],[136.111,-4.985],[136.446,-5.305],[136.781,-5.625],[137.117,-5.944],[137.452,-6.218],[137.787,-6.491],[138.122,-6.765],[138.458,-7.038],[138.794,-7.311],[139.179,-7.607],[139.564,-7.903],[139.95,-8.198],[140.336,-8.493],[140.625,-8.83],[140.913,-9.166],[141.202,-9.502],[141.456,-9.825],[141.709,-10.147],[141.963,-10.47],[142.113,-10.788],[142.263,-11.106],[142.413,-11.424],[142.475,-11.871],[142.537,-12.318],[142.599,-12.765],[142.662,-13.212],[142.815,-13.589],[142.969,-13.965],[143.124,-14.34],[143.279,-14.716],[143.612,-14.896],[143.946,-15.075]]}},{"type":"Feature","properties":{"boundary_type":"subduction","feature_type":"gpml:SubductionZone","polarity":"Left","overriding_plate_id":880,"subducting_plate_id":780,"plate_ids":[780,880],"name":"East Philippine Isl Nthward Subduction DiCaprio"},"geometry":{"type":"LineString","coordinates":[[143.946,-15.075],[144.393,-15.313],[144.841,-15.551],[145.289,-15.787],[145.739,-16.023],[146.147,-16.21],[146.556,-16.396],[146.966,-16.582],[147.377,-16.766],[147.788,-16.95],[148.275,-17.084],[148.762,-17.217],[149.25,-17.349],[149.738,-17.479],[150.103,-17.559],[150.469,-17.639],[150.834,-17.717]]}},{"type":"Feature","properties":{"boundary_type":"subduction","feature_type":"gpml:SubductionZone","polarity":"Left","overriding_plate_id":null,"subducting_plate_id":null,"plate_ids":[608,922,922],"name":"Philippine Subduction"},"geometry":{"type":"LineString","coordinates":[[149.025,-13.507],[149.131,-13.131],[149.238,-12.754],[149.344,-12.378]]}},{"type":"Feature","properties":{"boundary_type":"subduction","feature_type":"gpml:SubductionZone","polarity":"Left","overriding_plate_id":608,"subducting_plate_id":901,"plate_ids":[608,901],"name":"Philippine Subduction"},"geometry":{"type":"LineString","coordinates":[[149.344,-12.378],[149.474,-11.917],[149.603,-11.456],[149.732,-10.994],[149.86,-10.533],[149.988,-10.072],[150.116,-9.611],[150.243,-9.149],[150.37,-8.688],[150.496,-8.227],[150.623,-7.765],[150.749,-7.304],[150.875,-6.842]]}},{"type":"Feature","properties":{"boundary_type":"subduction","feature_type":"gpml:SubductionZone","polarity":"Left","overriding_plate_id":609,"subducting_plate_id":901,"plate_ids":[609,901],"name":"Philippine Subduction"},"geometry":{"type":"LineString","coordinates":[[150.875,-6.842],[150.968,-6.498],[151.062,-6.153],[151.155,-5.809],[151.12,-5.321],[151.085,-4.833],[151.049,-4.345],[151.014,-3.857],[150.979,-3.369],[150.944,-2.881],[150.909,-2.393],[150.873,-1.906],[150.838,-1.418],[150.803,-0.93],[150.768,-0.442],[150.733,0.046],[150.607,0.505],[150.481,0.963],[150.355,1.422],[150.23,1.881],[150.103,2.34],[149.977,2.798],[149.851,3.257],[149.725,3.716],[149.598,4.174],[149.472,4.633],[149.345,5.092],[149.218,5.55],[149.091,6.009],[148.963,6.467],[148.836,6.926],[148.708,7.384],[148.532,7.85],[148.356,8.315],[148.179,8.781],[148.002,9.246],[147.825,9.711],[147.647,10.176],[147.468,10.641],[147.289,11.106],[147.11,11.57],[146.928,11.998],[146.747,12.426],[146.564,12.853],[146.381,13.28],[146.197,13.708],[146.013,14.135],[145.828,14.561],[145.642,14.988],[145.456,15.415],[145.268,15.841],[145.08,16.267],[144.848,16.698],[144.615,17.128],[144.381,17.558],[144.146,17.987],[143.909,18.416],[143.672,18.845],[143.433,19.274],[143.193,19.702],[142.951,20.13],[142.678,20.548],[142.402,20.964],[142.125,21.381],[141.847,21.797],[141.567,22.212],[141.285,22.627],[141.002,23.042],[140.717,23.456],[140.43,23.869],[140.141,24.282],[139.85,24.695],[139.523,25.067],[139.193,25.439],[138.862,25.811],[138.528,26.181],[138.193,26.551],[137.855,26.92],[137.515,27.288],[137.173,27.655],[136.828,28.022],[136.481,28.387],[136.132,28.752],[135.78,29.116],[135.426,29.479],[135.069,29.841],[134.71,30.202],[134.348,30.562],[133.978,30.929],[133.606,31.295],[133.231,31.66],[132.852,32.024],[132.471,32.387],[132.087,32.748],[131.699,33.109],[131.308,33.468],[130.914,33.826],[130.517,34.183],[130.117,34.538],[129.712,34.892],[129.305,35.245],[128.894,35.596]]}},{"type":"Feature","properties":{"boundary_type":"ridge","feature_type":"gpml:MidOceanRidge","polarity":null,"overriding_plate_id":null,"subducting_plate_id":null,"plate_ids":[802,804],"name":"Australia-Antarctica Rift SEIR 1 DiCaprio"},"geometry":{"type":"LineString","coordinates":[[-175.409,-65.636],[-175.707,-65.608],[-176.409,-65.493],[-177.105,-65.376],[-177.744,-65.29],[-178.173,-65.198]]}},{"type":"Feature","properties":{"boundary_type":"ridge","feature_type":"gpml:MidOceanRidge","polarity":null,"overriding_plate_id":null,"subducting_plate_id":null,"plate_ids":[801,802],"name":"Australia-Antarctica Rift SEIR 1 DiCaprio"},"geometry":{"type":"LineString","coordinates":[[-178.173,-65.198],[-179.163,-64.979],[179.863,-64.753],[178.891,-64.62],[177.928,-64.481],[176.976,-64.335],[176.033,-64.183],[175.102,-64.026],[174.267,-63.858],[173.442,-63.685],[172.628,-63.508],[171.823,-63.326],[170.815,-63.168],[169.819,-63.003],[168.833,-62.831],[167.86,-62.652],[166.898,-62.466],[165.948,-62.274],[165.011,-62.075],[164.195,-61.86],[163.391,-61.64],[162.598,-61.415],[161.816,-61.186],[161.046,-60.952],[160.222,-60.681],[159.411,-60.405],[158.614,-60.124],[157.831,-59.839],[156.976,-59.59],[156.133,-59.335],[155.302,-59.075],[154.485,-58.81],[153.72,-58.673],[152.961,-58.531],[152.209,-58.384],[151.344,-58.459],[150.476,-58.528],[149.641,-58.68],[148.798,-58.827],[147.949,-58.968],[147.093,-59.104],[146.23,-59.233],[145.36,-59.358],[144.42,-59.402],[143.477,-59.44],[142.532,-59.472],[141.585,-59.496],[140.651,-59.58],[139.712,-59.657],[138.769,-59.727],[138.092,-59.896],[137.407,-60.061],[136.715,-60.222],[136.015,-60.362],[135.308,-60.498],[134.595,-60.631],[133.777,-60.741],[132.953,-60.845],[132.123,-60.945],[131.214,-61.118],[130.295,-61.284],[129.367,-61.443],[128.494,-61.598],[127.612,-61.747],[126.722,-61.89],[125.785,-62.097],[124.836,-62.298],[123.843,-62.414],[122.843,-62.523],[121.907,-62.531],[120.97,-62.532],[120.034,-62.528],[119.073,-62.452],[118.117,-62.369],[117.167,-62.28],[116.223,-62.184],[115.601,-61.939],[114.989,-61.69],[114.388,-61.44],[113.586,-61.22],[112.796,-60.997],[111.942,-60.904],[111.093,-60.807],[110.163,-60.753],[109.235,-60.693],[108.311,-60.627],[107.458,-60.566],[106.608,-60.5],[105.761,-60.429],[104.918,-60.352],[104.097,-60.216],[103.283,-60.075],[102.475,-59.929],[101.675,-59.779],[100.883,-59.623],[100.051,-59.443],[99.227,-59.258],[98.413,-59.068],[97.635,-58.838],[96.867,-58.603],[96.109,-58.364],[95.362,-58.121],[94.625,-57.873],[93.898,-57.621],[93.181,-57.365],[92.474,-57.105],[91.777,-56.841],[91.09,-56.573],[90.295,-56.367],[89.508,-56.156],[88.731,-55.939],[87.962,-55.718],[87.201,-55.492],[86.45,-55.262],[85.707,-55.027],[84.973,-54.787],[84.248,-54.543],[83.531,-54.295],[82.823,-54.043],[82.175,-53.763],[81.535,-53.481],[80.904,-53.194],[80.282,-52.905],[79.667,-52.612],[79.061,-52.317],[78.463,-52.018],[77.873,-51.716],[77.216,-51.561],[76.564,-51.402],[75.917,-51.24],[75.426,-51.039]]}},{"type":"Feature","properties":{"boundary_type":"ridge","feature_type":"gpml:MidOceanRidge","polarity":null,"overriding_plate_id":null,"subducting_plate_id":null,"plate_ids":[801,836],"name":"MOR Australia-Sepik from iso on AUS at 55.8Ma"},"geometry":{"type":"LineString","coordinates":[[150.293,-31.346],[150.4,-31.482],[150.732,-31.811],[151.067,-32.14],[151.404,-32.467],[151.886,-32.613],[151.917,-32.514],[152.208,-32.61],[152.499,-32.705],[152.564,-32.582],[153.107,-32.742],[153.192,-32.568],[153.285,-32.534],[153.648,-32.631],[154.011,-32.727],[154.087,-32.552],[154.523,-32.715],[154.96,-32.876],[155.004,-32.895],[155.054,-32.758],[155.389,-32.849],[155.725,-32.94],[155.824,-32.743],[156.15,-32.846],[156.477,-32.947],[156.627,-32.628],[157.073,-32.779],[157.52,-32.928],[157.97,-33.076],[158.045,-32.882],[158.58,-33.097],[158.383,-33.502],[158.798,-33.659],[158.842,-33.596],[159.223,-33.723],[159.605,-33.849],[159.988,-33.974],[160.005,-33.906],[160.403,-33.999],[160.477,-34.058],[160.472,-34.197],[160.634,-34.244],[160.588,-34.668],[160.676,-34.702]]}},{"type":"Feature","properties":{"boundary_type":"ridge","feature_type":"gpml:MidOceanRidge","polarity":null,"overriding_plate_id":null,"subducting_plate_id":null,"plate_ids":[801,833],"name":"MOR Australia-LHR Cato Trough"},"geometry":{"type":"LineString","coordinates":[[161.748,-33.524],[161.768,-33.569],[161.874,-33.888],[162.04,-34.28],[162.208,-34.671],[162.377,-35.063],[162.507,-35.423],[162.639,-35.783],[162.756,-36.064],[162.873,-36.346],[163.167,-36.369],[163.283,-36.701],[163.4,-37.033],[163.437,-37.142],[163.762,-37.105],[163.843,-37.303],[163.875,-37.415],[164.083,-37.364],[164.188,-37.779],[164.295,-38.193],[164.384,-38.56],[164.603,-38.548],[164.73,-39.03],[164.858,-39.512],[164.947,-39.943],[165.021,-40.294],[165.014,-40.504],[165.084,-40.759]]}},{"type":"Feature","properties":{"boundary_type":"ridge","feature_type":"gpml:MidOceanRidge","polarity":null,"overriding_plate_id":null,"subducting_plate_id":null,"plate_ids":[801,836],"name":"MOR LHR-Sepik Mellish Ridge"},"geometry":{"type":"LineString","coordinates":[[160.676,-34.702],[160.802,-34.576],[161.075,-34.286],[161.345,-33.996],[161.614,-33.705],[161.748,-33.524]]}},{"type":"Feature","properties":{"boundary_type":"ridge","feature_type":"gpml:MidOceanRidge","polarity":null,"overriding_plate_id":null,"subducting_plate_id":null,"plate_ids":[833,836],"name":"MOR LHR-Sepik Mellish Ridge"},"geometry":{"type":"LineString","coordinates":[[161.748,-33.524],[161.984,-33.204],[162.219,-32.883],[162.474,-32.497],[162.727,-32.11],[162.582,-32.096],[162.868,-31.781],[163.153,-31.465],[163.435,-31.149],[163.716,-30.832],[163.519,-30.661],[163.69,-30.418],[163.86,-30.174],[163.657,-30.064],[163.949,-29.664],[164.273,-29.254],[164.595,-28.845],[164.914,-28.434],[165.109,-28.19],[165.304,-27.947],[165.544,-27.584],[165.782,-27.222],[166.019,-26.859],[166.293,-26.516],[166.565,-26.173],[166.836,-25.829]]}},{"type":"Feature","properties":{"boundary_type":"ridge","feature_type":"gpml:MidOceanRidge","polarity":null,"overriding_plate_id":null,"subducting_plate_id":null,"plate_ids":[833,880],"name":"MOR LHR-Sepik Mellish Ridge"},"geometry":{"type":"LineString","coordinates":[[166.836,-25.829],[167.015,-25.6],[167.194,-25.371],[167.372,-25.064],[167.55,-24.758]]}},{"type":"Feature","properties":{"boundary_type":"ridge","feature_type":"gpml:MidOceanRidge","polarity":null,"overriding_plate_id":null,"subducting_plate_id":null,"plate_ids":[833,922,922],"name":"MOR LHR-Sepik Mellish Ridge"},"geometry":{"type":"LineString","coordinates":[[167.55,-24.758],[167.678,-24.536],[167.806,-24.314],[168.119,-23.926],[168.43,-23.536],[168.739,-23.146],[169.046,-22.756],[169.352,-22.365],[169.587,-22.103],[169.821,-21.841],[170.055,-21.579]]}},{"type":"Feature","properties":{"boundary_type":"ridge","feature_type":"gpml:MidOceanRidge","polarity":null,"overriding_plate_id":null,"subducting_plate_id":null,"plate_ids":[833,901],"name":"MOR LHR-Sepik Mellish Ridge"},"geometry":{"type":"LineString","coordinates":[[170.055,-21.579],[170.389,-21.201],[170.722,-20.823],[171.052,-20.445],[171.382,-20.065]]}},{"type":"Feature","properties":{"boundary_type":"ridge","feature_type":"gpml:MidOceanRidge","polarity":null,"overriding_plate_id":null,"subducting_plate_id":null,"plate_ids":[801,833],"name":"MOR Australia-LHR Tasman Sea Ridge"},"geometry":{"type":"LineString","coordinates":[[165.084,-40.759],[165.559,-41.077],[165.495,-41.277],[165.848,-41.593],[166.205,-41.909],[166.262,-42.327],[166.38,-42.4],[166.809,-42.615],[167.242,-42.829],[167.677,-43.041],[167.556,-43.323],[167.961,-43.479],[167.852,-43.838],[167.742,-44.197],[168.192,-44.457],[167.991,-44.784],[167.787,-45.111],[167.58,-45.438],[168.04,-45.619],[168.502,-45.799],[168.218,-46.038],[168.623,-46.234],[169.03,-46.428],[168.657,-46.767],[169.285,-47.009],[168.977,-47.336],[169.396,-47.585],[169.027,-47.959],[168.635,-48.355],[169.152,-48.619],[169.674,-48.881],[169.365,-49.16],[169.052,-49.439],[169.432,-49.634],[168.988,-50.028],[169.366,-50.222],[169.178,-50.399],[169.73,-50.67],[170.288,-50.937],[170.853,-51.202],[171.425,-51.464],[172.003,-51.724],[172.588,-51.98],[173.179,-52.234],[172.898,-52.542],[172.612,-52.85],[173.263,-53.123],[173.923,-53.392],[174.591,-53.657],[175.267,-53.919],[175.952,-54.177],[176.645,-54.431],[177.347,-54.681],[178.057,-54.927],[178.776,-55.169],[179.504,-55.406],[179.247,-55.72],[178.985,-56.034],[179.587,-56.256],[-179.804,-56.476],[-179.188,-56.693],[-179.451,-56.956],[-179.717,-57.219],[-179.56,-57.292],[-179.815,-57.598],[179.926,-57.904],[-179.587,-58.067],[-179.894,-58.382],[179.794,-58.695],[-179.451,-58.954],[-178.684,-59.207],[-177.906,-59.456],[-177.117,-59.701],[-176.316,-59.94],[-175.586,-60.16],[-175.775,-60.378],[-174.911,-60.581],[-174.035,-60.779],[-173.149,-60.971],[-172.253,-61.157],[-171.345,-61.337],[-170.428,-61.511]]}},{"type":"Feature","properties":{"boundary_type":"ridge","feature_type":"gpml:MidOceanRidge","polarity":null,"overriding_plate_id":null,"subducting_plate_id":null,"plate_ids":[901,918],"name":"MOR Pacific-Kula Synthetic Ridge"},"geometry":{"type":"LineString","coordinates":[[-143.177,43.62],[-143.34,43.96],[-143.504,44.3],[-143.671,44.64],[-143.888,45.046],[-144.109,45.451],[-144.332,45.856],[-144.559,46.261],[-144.742,46.715],[-144.928,47.17],[-145.117,47.624],[-145.309,48.078],[-145.524,48.531],[-145.742,48.983],[-145.965,49.436],[-146.192,49.887],[-146.422,50.338],[-146.658,50.789],[-146.898,51.239],[-147.142,51.689],[-147.392,52.138],[-147.646,52.587],[-147.906,53.035],[-148.171,53.483],[-148.442,53.93],[-148.719,54.376],[-149.002,54.822],[-149.291,55.267],[-149.587,55.711],[-149.89,56.155],[-150.122,56.633],[-150.361,57.111],[-150.606,57.589],[-150.857,58.066],[-151.115,58.542],[-151.38,59.018],[-151.653,59.493],[-151.933,59.968],[-152.222,60.442],[-152.519,60.916],[-152.825,61.389],[-153.141,61.861],[-153.466,62.332],[-153.802,62.803],[-154.148,63.273],[-154.506,63.742],[-154.758,64.215],[-155.018,64.687],[-155.288,65.159],[-155.567,65.631],[-155.857,66.102]]}},{"type":"Feature","properties":{"boundary_type":"ridge","feature_type":"gpml:MidOceanRidge","polarity":null,"overriding_plate_id":null,"subducting_plate_id":null,"plate_ids":[301,406],"name":"MOR NAM-Eurasia from iso A18 from NAM 40.1Ma"},"geometry":{"type":"LineString","coordinates":[[134.536,64.152],[133.838,64.54],[133.119,64.925]]}},{"type":"Feature","properties":{"boundary_type":"ridge","feature_type":"gpml:MidOceanRidge","polarity":null,"overriding_plate_id":null,"subducting_plate_id":null,"plate_ids":[301,409],"name":"MOR NAM-Eurasia from iso A18 from NAM 40.1Ma"},"geometry":{"type":"LineString","coordinates":[[133.119,64.925],[132.377,65.308],[131.613,65.687],[130.826,66.063],[130.015,66.434],[129.18,66.801],[128.321,67.163],[127.435,67.521],[126.522,67.873],[125.581,68.221],[124.612,68.563],[123.612,68.899],[122.583,69.229],[121.522,69.553],[120.428,69.87],[119.302,70.18],[118.141,70.483],[116.946,70.778],[115.715,71.065],[114.449,71.344],[113.145,71.615],[111.805,71.876],[110.428,72.127],[109.014,72.369],[107.563,72.6],[106.074,72.821],[104.549,73.03],[102.988,73.228],[101.392,73.414],[99.762,73.587],[98.099,73.748],[96.406,73.895],[94.683,74.029],[92.934,74.148],[91.16,74.254],[89.365,74.345],[87.55,74.421],[85.72,74.482],[84.823,74.907],[83.876,75.329],[82.874,75.746],[81.813,76.159],[80.689,76.567]]}},{"type":"Feature","properties":{"boundary_type":"ridge","feature_type":"gpml:MidOceanRidge","polarity":null,"overriding_plate_id":null,"subducting_plate_id":null,"plate_ids":[101,301],"name":"MOR NAM-Eurasia from iso A18 from NAM 40.1Ma"},"geometry":{"type":"LineString","coordinates":[[80.689,76.567],[79.505,76.966],[78.248,77.36],[76.913,77.748],[75.492,78.129]]}},{"type":"Feature","properties":{"boundary_type":"other","feature_type":"gpml:InferredPaleoBoundary","polarity":null,"overriding_plate_id":null,"subducting_plate_id":null,"plate_ids":[101,102],"name":"Greenland northern boundary"},"geometry":{"type":"LineString","coordinates":[[-18.064,66.337],[-17.731,66.551],[-17.392,66.765],[-17.029,67.076],[-16.656,67.386],[-16.274,67.696],[-15.244,67.739],[-14.212,67.775],[-13.176,67.805],[-12.353,67.899],[-11.523,67.988],[-10.532,68.005],[-9.54,68.015],[-8.547,68.02],[-7.314,68.18],[-6.064,68.331],[-5.216,68.498],[-4.354,68.661],[-3.48,68.82],[-2.555,68.85],[-1.627,68.875],[-0.697,68.895],[0.247,68.849],[1.187,68.798],[2.123,68.741],[3.387,68.835],[4.661,68.919],[5.675,68.953],[6.692,68.981],[7.711,69.003],[8.439,68.659],[9.145,68.311]]}},{"type":"Feature","properties":{"boundary_type":"other","feature_type":"gpml:InferredPaleoBoundary","polarity":null,"overriding_plate_id":null,"subducting_plate_id":null,"plate_ids":[102,301],"name":"Greenland northern boundary"},"geometry":{"type":"LineString","coordinates":[[9.145,68.311],[9.182,68.293],[9.948,67.911],[10.689,67.525],[11.406,67.136],[12.101,66.744],[12.57,66.447],[13.028,66.149],[13.475,65.85],[14.15,65.446],[14.804,65.039],[15.269,64.697],[15.722,64.354],[16.164,64.009],[16.513,63.543],[16.85,63.077],[17.177,62.61],[17.494,62.142],[17.802,61.674]]}},{"type":"Feature","properties":{"boundary_type":"ridge","feature_type":"gpml:MidOceanRidge","polarity":null,"overriding_plate_id":null,"subducting_plate_id":null,"plate_ids":[101,102],"name":"MOR NAM-Greenland"},"geometry":{"type":"LineString","coordinates":[[-21.115,55.305],[-21.676,55.595],[-21.188,55.895],[-20.692,56.193],[-20.189,56.489],[-19.504,56.797],[-18.808,57.101],[-18.459,57.52],[-18.103,57.938],[-18.013,58.241],[-17.921,58.544],[-17.604,58.889],[-17.28,59.233],[-17.331,59.55],[-17.383,59.866],[-17.411,60.202],[-17.44,60.537],[-17.304,60.869],[-17.165,61.201],[-17.177,61.603],[-17.188,62.004],[-16.762,62.454],[-16.323,62.902],[-16.696,63.225],[-17.077,63.546],[-17.07,63.947],[-17.064,64.348],[-17.31,64.682],[-17.562,65.016],[-17.866,65.448],[-18.179,65.879],[-18.064,66.337]]}},{"type":"Feature","properties":{"boundary_type":"ridge","feature_type":"gpml:MidOceanRidge","polarity":null,"overriding_plate_id":null,"subducting_plate_id":null,"plate_ids":[101,102],"name":"MOR NAM-Greenland"},"geometry":{"type":"LineString","coordinates":[[-23.942,52.666],[-23.869,52.689],[-23.604,53.102],[-23.334,53.516],[-22.931,53.84],[-22.521,54.164],[-22.253,54.51],[-21.98,54.856],[-21.574,55.069],[-21.163,55.28],[-21.115,55.305]]}},{"type":"Feature","properties":{"boundary_type":"ridge","feature_type":"gpml:MidOceanRidge","polarity":null,"overriding_plate_id":null,"subducting_plate_id":null,"plate_ids":[102,301],"name":"MOR NAM-Greenland"},"geometry":{"type":"LineString","coordinates":[[-14.498,45.655],[-14.863,45.723],[-15.228,45.79]]}},{"type":"Feature","properties":{"boundary_type":"ridge","feature_type":"gpml:MidOceanRidge","polarity":null,"overriding_plate_id":null,"subducting_plate_id":null,"plate_ids":[101,102],"name":"MOR NAM-Greenland"},"geometry":{"type":"LineString","coordinates":[[-15.228,45.79],[-15.434,45.827],[-16.017,45.94],[-16.602,46.05],[-17.189,46.157],[-17.583,46.535],[-17.982,46.912],[-18.529,47.099],[-19.101,47.206],[-19.675,47.31],[-19.901,47.628],[-20.129,47.945],[-20.344,48.338],[-20.562,48.73],[-20.728,49.055],[-20.896,49.379],[-21.171,49.788],[-21.45,50.197],[-21.615,50.472],[-21.782,50.747],[-22.167,51.066],[-22.557,51.384],[-22.796,51.599],[-23.036,51.814],[-23.442,52.128],[-23.854,52.442],[-23.942,52.666]]}},{"type":"Feature","properties":{"boundary_type":"subduction","feature_type":"gpml:SubductionZone","polarity":"Right","overriding_plate_id":833,"subducting_plate_id":901,"plate_ids":[833,901],"name":"West-dipping SZ that opens South Loyalty Basin"},"geometry":{"type":"LineString","coordinates":[[171.382,-20.065],[171.546,-20.142],[171.763,-20.401],[172.038,-20.749],[172.277,-21.149],[172.611,-21.439],[172.85,-21.805],[173.097,-22.095],[173.344,-22.385],[173.637,-22.569],[173.931,-22.752],[174.188,-22.991],[174.446,-23.23],[174.885,-23.507],[175.287,-23.675],[175.69,-23.843],[175.977,-23.941],[176.264,-24.038],[176.555,-24.184],[176.846,-24.33],[177.29,-24.55],[177.721,-24.711],[178.044,-24.889],[178.369,-25.067],[178.763,-25.216]]}},{"type":"Feature","properties":{"boundary_type":"transform","feature_type":"gpml:Transform","polarity":null,"overriding_plate_id":null,"subducting_plate_id":null,"plate_ids":[801,836],"name":"Transform northeast of PNG to connect PSP to SWPAC"},"geometry":{"type":"LineString","coordinates":[[150.293,-31.346],[150.461,-30.981],[150.629,-30.617],[150.795,-30.252],[150.843,-29.855],[150.892,-29.458],[150.94,-29.06],[151.088,-28.588],[151.236,-28.115],[151.382,-27.642],[151.538,-27.215],[151.693,-26.788],[151.847,-26.361]]}},{"type":"Feature","properties":{"boundary_type":"transform","feature_type":"gpml:Transform","polarity":null,"overriding_plate_id":null,"subducting_plate_id":null,"plate_ids":[780,836],"name":"Transform northeast of PNG to connect PSP to SWPAC"},"geometry":{"type":"LineString","coordinates":[[151.847,-26.361],[152.011,-25.902],[152.174,-25.443],[152.349,-25.013]]}},{"type":"Feature","properties":{"boundary_type":"transform","feature_type":"gpml:Transform","polarity":null,"overriding_plate_id":null,"subducting_plate_id":null,"plate_ids":[780,880],"name":"Transform northeast of PNG to connect PSP to SWPAC"},"geometry":{"type":"LineString","coordinates":[[152.349,-25.013],[152.51,-24.613],[152.67,-24.214],[152.829,-23.814],[152.987,-23.414],[152.975,-22.981],[152.963,-22.548],[152.951,-22.115],[152.939,-21.682],[152.927,-21.249],[152.703,-20.831],[152.481,-20.412],[152.259,-19.994],[152.022,-19.627],[151.785,-19.26],[151.55,-18.892],[151.315,-18.525],[151.074,-18.121],[150.834,-17.717]]}},{"type":"Feature","properties":{"boundary_type":"subduction","feature_type":"gpml:SubductionZone","polarity":"Left","overriding_plate_id":901,"subducting_plate_id":833,"plate_ids":[833,901],"name":"South Loyalty Basin SZ"},"geometry":{"type":"LineString","coordinates":[[172.736,-28.766],[172.881,-28.915],[172.915,-29.401],[173.014,-29.701],[173.114,-30.0],[173.537,-30.269],[173.962,-30.536],[174.39,-30.801],[174.82,-31.065],[175.259,-31.331],[175.7,-31.594],[176.143,-31.856],[176.589,-32.117],[177.0,-32.312],[177.412,-32.505],[177.825,-32.696],[178.241,-32.887],[178.709,-33.171],[179.18,-33.453],[179.654,-33.733],[179.939,-34.076],[-179.773,-34.418],[-179.483,-34.76],[-179.19,-35.101],[-178.895,-35.442],[-178.638,-35.825],[-178.573,-35.951],[-178.534,-36.019],[-178.297,-36.336]]}},{"type":"Feature","properties":{"boundary_type":"other","feature_type":"gpml:InferredPaleoBoundary","polarity":null,"overriding_plate_id":null,"subducting_plate_id":null,"plate_ids":[833,901],"name":"Extinct ridge in South Loyalty Basin"},"geometry":{"type":"LineString","coordinates":[[-178.297,-36.336],[-178.185,-36.663],[-178.072,-36.99],[-177.958,-37.317],[-177.719,-37.762],[-177.477,-38.206],[-177.233,-38.65],[-176.983,-38.96],[-176.731,-39.269],[-176.477,-39.578],[-176.152,-39.98],[-175.824,-40.381],[-175.492,-40.78],[-175.08,-41.067],[-174.664,-41.353],[-174.293,-41.462],[-173.92,-41.571],[-173.531,-41.639],[-173.141,-41.705],[-172.631,-41.7],[-172.122,-41.691],[-171.619,-41.756],[-171.114,-41.819],[-170.609,-41.879],[-169.993,-41.852],[-169.377,-41.822],[-168.883,-41.916],[-168.387,-42.008],[-167.89,-42.097],[-167.392,-42.185],[-166.876,-42.38],[-166.357,-42.573],[-165.835,-42.763],[-165.31,-42.951],[-164.788,-43.087],[-164.265,-43.222],[-163.738,-43.353],[-163.21,-43.482],[-162.633,-43.64],[-162.054,-43.795],[-161.471,-43.947],[-160.886,-44.096]]}},{"type":"Feature","properties":{"boundary_type":"subduction","feature_type":"gpml:SubductionZone","polarity":"Left","overriding_plate_id":738,"subducting_plate_id":608,"plate_ids":[608,738],"name":"South Palawan subduction"},"geometry":{"type":"LineString","coordinates":[[126.595,11.039],[126.933,11.326],[127.272,11.614],[127.612,11.901],[127.952,12.187],[128.293,12.473],[128.635,12.759],[128.862,13.135],[129.089,13.511],[129.316,13.887],[129.545,14.263],[129.774,14.638],[130.004,15.013],[130.235,15.388]]}},{"type":"Feature","properties":{"boundary_type":"transform","feature_type":"gpml:Transform","polarity":null,"overriding_plate_id":null,"subducting_plate_id":null,"plate_ids":[608,780],"name":"East Sunda"},"geometry":{"type":"LineString","coordinates":[[133.851,-2.798],[133.83,-2.397],[133.81,-1.996],[133.79,-1.594],[133.769,-1.193],[133.749,-0.792]]}},{"type":"Feature","properties":{"boundary_type":"subduction","feature_type":"gpml:SubductionZone","polarity":"Left","overriding_plate_id":301,"subducting_plate_id":608,"plate_ids":[301,608],"name":"North Borneo subduction"},"geometry":{"type":"LineString","coordinates":[[126.782,-1.027],[126.654,-0.545],[126.527,-0.063],[126.399,0.418],[126.117,0.793],[125.835,1.168],[125.553,1.543],[125.271,1.917],[124.832,1.937],[124.393,1.956],[123.953,1.976],[123.514,1.995],[123.075,2.015],[122.636,2.034],[122.233,2.221],[121.83,2.408],[121.427,2.596],[121.023,2.783],[120.62,2.97],[120.216,3.156],[119.943,3.573],[119.67,3.99],[119.397,4.407],[119.244,4.828],[119.091,5.248],[118.938,5.668],[118.675,5.989],[118.411,6.31],[118.147,6.631],[117.964,6.988],[117.781,7.346],[117.597,7.703],[117.506,8.027],[117.415,8.35],[117.323,8.674]]}},{"type":"Feature","properties":{"boundary_type":"subduction","feature_type":"gpml:SubductionZone","polarity":"Left","overriding_plate_id":301,"subducting_plate_id":738,"plate_ids":[301,738],"name":"North Borneo subduction"},"geometry":{"type":"LineString","coordinates":[[117.323,8.674],[117.254,8.916],[117.185,9.158],[117.063,9.562],[116.941,9.966],[116.818,10.37],[116.695,10.774],[116.588,11.149],[116.481,11.523],[116.375,11.898],[116.335,12.279],[116.295,12.661],[116.255,13.042]]}},{"type":"Feature","properties":{"boundary_type":"ridge","feature_type":"gpml:MidOceanRidge","polarity":null,"overriding_plate_id":null,"subducting_plate_id":null,"plate_ids":[301,738],"name":"Proto South China Sea MOR"},"geometry":{"type":"LineString","coordinates":[[116.255,13.042],[116.718,13.233],[117.182,13.423],[117.647,13.612],[118.112,13.8],[118.578,13.987],[119.045,14.173],[119.513,14.359],[119.628,14.755],[120.089,14.962],[120.551,15.168],[121.014,15.374],[121.478,15.578],[121.943,15.781],[122.214,15.91],[122.486,16.038],[122.173,16.324],[121.86,16.61]]}},{"type":"Feature","properties":{"boundary_type":"subduction","feature_type":"gpml:SubductionZone","polarity":"Left","overriding_plate_id":101,"subducting_plate_id":902,"plate_ids":[101,902],"name":""},"geometry":{"type":"LineString","coordinates":[[-79.858,21.762],[-79.781,21.387],[-79.705,21.013],[-79.602,20.58],[-79.498,20.147],[-79.396,19.715],[-79.294,19.282],[-79.192,18.849],[-79.091,18.416],[-78.99,17.983],[-78.89,17.55],[-78.77,17.148],[-78.65,16.745],[-78.531,16.343],[-78.412,15.94],[-78.294,15.537],[-78.176,15.134],[-78.177,14.67],[-78.178,14.206],[-78.179,13.742],[-78.18,13.278],[-78.114,12.804],[-78.048,12.331],[-77.983,11.857],[-77.917,11.383],[-77.853,10.909],[-77.764,10.465],[-77.676,10.021],[-77.588,9.576]]}},{"type":"Feature","properties":{"boundary_type":"subduction","feature_type":"gpml:SubductionZone","polarity":"Left","overriding_plate_id":224,"subducting_plate_id":902,"plate_ids":[224,902],"name":""},"geometry":{"type":"LineString","coordinates":[[-79.973,9.011],[-79.677,8.65],[-79.382,8.288],[-79.088,7.927],[-78.794,7.565],[-78.501,7.203],[-78.208,6.841],[-77.916,6.478],[-77.59,6.127],[-77.264,5.776],[-76.939,5.425],[-76.614,5.074],[-76.29,4.722],[-75.966,4.371],[-75.609,4.101],[-75.252,3.831],[-74.896,3.561],[-74.54,3.291],[-74.184,3.02],[-73.829,2.75],[-73.473,2.48],[-73.152,2.334],[-72.831,2.189],[-72.51,2.044]]}},{"type":"Feature","properties":{"boundary_type":"subduction","feature_type":"gpml:SubductionZone","polarity":"Left","overriding_plate_id":224,"subducting_plate_id":902,"plate_ids":[224,902],"name":""},"geometry":{"type":"LineString","coordinates":[[-72.51,2.044],[-72.343,1.717],[-72.176,1.39],[-72.009,1.063],[-71.937,0.697],[-71.865,0.33],[-71.793,-0.036],[-71.796,-0.464],[-71.8,-0.892],[-71.803,-1.321],[-71.654,-1.777],[-71.505,-2.233],[-71.356,-2.689],[-71.207,-3.145],[-71.058,-3.6]]}},{"type":"Feature","properties":{"boundary_type":"subduction","feature_type":"gpml:SubductionZone","polarity":"Left","overriding_plate_id":224,"subducting_plate_id":902,"plate_ids":[224,902],"name":""},"geometry":{"type":"LineString","coordinates":[[-71.058,-3.6],[-70.701,-3.789],[-70.343,-3.977],[-69.985,-4.166],[-69.627,-4.354],[-69.269,-4.542],[-68.843,-4.789],[-68.417,-5.036],[-67.991,-5.283],[-67.564,-5.529],[-67.137,-5.775],[-66.71,-6.021],[-66.282,-6.266],[-65.854,-6.511],[-65.443,-6.615],[-65.031,-6.718],[-64.62,-6.82],[-64.208,-6.923],[-63.797,-7.025]]}},{"type":"Feature","properties":{"boundary_type":"subduction","feature_type":"gpml:SubductionZone","polarity":"Right","overriding_plate_id":224,"subducting_plate_id":101,"plate_ids":[101,224],"name":"TBD"},"geometry":{"type":"LineString","coordinates":[[-62.834,20.908],[-62.351,20.903],[-61.867,20.898],[-61.384,20.89],[-60.881,20.796],[-60.379,20.701],[-59.878,20.604],[-59.377,20.505],[-58.876,20.405],[-58.377,20.304],[-57.988,19.975],[-57.6,19.646],[-57.215,19.316],[-56.83,18.985],[-56.448,18.653],[-56.109,18.302],[-55.771,17.951],[-55.434,17.599],[-55.099,17.246],[-54.765,16.893],[-54.432,16.54],[-54.101,16.185],[-53.954,15.784],[-53.807,15.382],[-53.661,14.98],[-53.685,14.659]]}},{"type":"Feature","properties":{"boundary_type":"subduction","feature_type":"gpml:SubductionZone","polarity":"Right","overriding_plate_id":224,"subducting_plate_id":201,"plate_ids":[201,224],"name":"TBD"},"geometry":{"type":"LineString","coordinates":[[-53.685,14.659],[-53.714,14.268],[-53.742,13.877],[-53.771,13.486]]}},{"type":"Feature","properties":{"boundary_type":"ridge","feature_type":"gpml:MidOceanRidge","polarity":null,"overriding_plate_id":null,"subducting_plate_id":null,"plate_ids":[101,201],"name":"TBD: Proto-Caribbean spreading"},"geometry":{"type":"LineString","coordinates":[[-53.685,14.659],[-53.282,14.888],[-52.879,15.117],[-52.474,15.344],[-52.069,15.571],[-51.662,15.798],[-51.255,16.023],[-50.847,16.248],[-50.438,16.472],[-50.028,16.695],[-49.647,16.912],[-49.265,17.128],[-48.882,17.344],[-48.498,17.559],[-48.113,17.773],[-47.727,17.986]]}},{"type":"Feature","properties":{"boundary_type":"transform","feature_type":"gpml:Transform","polarity":null,"overriding_plate_id":null,"subducting_plate_id":null,"plate_ids":[224,902],"name":"TBD"},"geometry":{"type":"LineString","coordinates":[[-79.973,9.011],[-79.506,9.085],[-79.039,9.159],[-78.572,9.232],[-78.105,9.305],[-77.847,9.441],[-77.588,9.576]]}},{"type":"Feature","properties":{"boundary_type":"transform","feature_type":"gpml:Transform","polarity":null,"overriding_plate_id":null,"subducting_plate_id":null,"plate_ids":[101,224],"name":"TBD"},"geometry":{"type":"LineString","coordinates":[[-77.588,9.576],[-77.18,9.789],[-76.772,10.002],[-76.363,10.214],[-75.954,10.426],[-75.544,10.637],[-75.133,10.847],[-74.722,11.057],[-74.432,11.384],[-74.141,11.711],[-73.85,12.038],[-73.558,12.364],[-73.265,12.691],[-72.926,12.87],[-72.587,13.049],[-72.247,13.228],[-71.907,13.406],[-71.45,13.432],[-70.994,13.457],[-70.537,13.482],[-70.08,13.505],[-69.657,13.788],[-69.233,14.071],[-68.808,14.352],[-68.382,14.633],[-67.955,14.913],[-67.527,15.192],[-67.509,15.193]]}},{"type":"Feature","properties":{"boundary_type":"transform","feature_type":"gpml:Transform","polarity":null,"overriding_plate_id":null,"subducting_plate_id":null,"plate_ids":[101,224],"name":"TBD"},"geometry":{"type":"LineString","coordinates":[[-62.834,20.908],[-62.841,20.901],[-63.215,20.583],[-63.588,20.265],[-63.959,19.946],[-64.262,19.662],[-64.563,19.378],[-64.863,19.093],[-65.173,18.778],[-65.482,18.462],[-65.79,18.145],[-66.096,17.828],[-66.33,17.466],[-66.562,17.103],[-66.794,16.74],[-67.024,16.376],[-67.254,16.013],[-67.382,15.603],[-67.509,15.193]]}},{"type":"Feature","properties":{"boundary_type":"subduction","feature_type":"gpml:SubductionZone","polarity":"Left","overriding_plate_id":224,"subducting_plate_id":201,"plate_ids":[201,224],"name":""},"geometry":{"type":"LineString","coordinates":[[-53.382,6.766],[-53.199,7.002],[-53.017,7.237],[-52.894,7.549],[-52.772,7.86],[-52.649,8.171],[-52.544,8.53],[-52.439,8.889],[-52.333,9.248],[-52.313,9.684],[-52.293,10.121],[-52.274,10.557],[-52.45,10.919],[-52.627,11.282],[-52.722,11.74],[-52.818,12.199],[-53.026,12.599],[-53.235,12.999],[-53.561,13.306],[-53.771,13.486]]}},{"type":"Feature","properties":{"boundary_type":"ridge","feature_type":"gpml:MidOceanRidge","polarity":null,"overriding_plate_id":null,"subducting_plate_id":null,"plate_ids":[902,904],"name":"Aluk-Farallon MOR NW15"},"geometry":{"type":"LineString","coordinates":[[-91.383,-55.526],[-90.541,-55.402],[-89.705,-55.272],[-88.874,-55.137],[-88.048,-54.996],[-87.229,-54.849],[-86.416,-54.697],[-85.609,-54.54],[-84.808,-54.377],[-84.013,-54.209],[-83.225,-54.035],[-82.444,-53.857],[-81.67,-53.674],[-80.902,-53.485],[-80.141,-53.292],[-79.387,-53.094],[-78.64,-52.891],[-77.901,-52.684],[-77.168,-52.472],[-76.442,-52.255],[-75.724,-52.035],[-75.012,-51.809],[-74.308,-51.58],[-73.611,-51.346],[-72.921,-51.109],[-72.238,-50.867],[-71.562,-50.621],[-70.893,-50.372],[-70.232,-50.118],[-69.577,-49.861],[-68.929,-49.601],[-68.289,-49.336],[-67.655,-49.069],[-67.028,-48.797],[-66.407,-48.523],[-65.794,-48.245],[-65.187,-47.964],[-64.587,-47.68]]}},{"type":"Feature","properties":{"boundary_type":"ridge","feature_type":"gpml:MidOceanRidge","polarity":null,"overriding_plate_id":null,"subducting_plate_id":null,"plate_ids":[901,902],"name":"Pacific-Farallon MOR NW15"},"geometry":{"type":"LineString","coordinates":[[-99.465,-50.717],[-98.968,-51.07],[-98.464,-51.421],[-97.951,-51.77],[-97.431,-52.117],[-96.903,-52.461],[-96.366,-52.803],[-95.821,-53.142],[-95.267,-53.479],[-94.705,-53.813],[-94.133,-54.144],[-93.553,-54.473],[-92.963,-54.799],[-92.363,-55.122],[-91.884,-55.322],[-91.401,-55.519]]}},{"type":"Feature","properties":{"boundary_type":"ridge","feature_type":"gpml:MidOceanRidge","polarity":null,"overriding_plate_id":null,"subducting_plate_id":null,"plate_ids":[902,904],"name":"Pacific-Farallon MOR NW15"},"geometry":{"type":"LineString","coordinates":[[-91.401,-55.519],[-91.383,-55.526]]}},{"type":"Feature","properties":{"boundary_type":"ridge","feature_type":"gpml:MidOceanRidge","polarity":null,"overriding_plate_id":null,"subducting_plate_id":null,"plate_ids":[901,904],"name":"Pacific-Aluk MOR NW15"},"geometry":{"type":"LineString","coordinates":[[-91.401,-55.519],[-91.407,-55.526],[-91.762,-55.945],[-92.126,-56.362],[-92.497,-56.778],[-92.877,-57.193],[-93.265,-57.607],[-93.662,-58.02],[-94.068,-58.432]]}},{"type":"Feature","properties":{"boundary_type":"ridge","feature_type":"gpml:MidOceanRidge","polarity":null,"overriding_plate_id":null,"subducting_plate_id":null,"plate_ids":[804,904],"name":"Marie Byrd Land-Aluk MOR NW15"},"geometry":{"type":"LineString","coordinates":[[-95.139,-58.147],[-95.714,-58.44],[-96.299,-58.731],[-96.894,-59.019],[-97.499,-59.305],[-98.113,-59.587],[-98.739,-59.867],[-98.174,-60.159],[-97.599,-60.448],[-97.014,-60.735],[-97.778,-61.064],[-98.557,-61.387],[-99.353,-61.706],[-100.165,-62.021],[-100.994,-62.331],[-101.841,-62.635],[-102.704,-62.934],[-103.585,-63.228],[-103.35,-63.703],[-103.107,-64.177],[-102.856,-64.65],[-102.595,-65.123],[-102.325,-65.596],[-102.045,-66.068],[-101.755,-66.539],[-101.453,-67.01],[-101.14,-67.48]]}},{"type":"Feature","properties":{"boundary_type":"ridge","feature_type":"gpml:MidOceanRidge","polarity":null,"overriding_plate_id":null,"subducting_plate_id":null,"plate_ids":[901,904],"name":"BELLINGHAUSEN SEA, MARIE BYRD LAND-PACIFIC"},"geometry":{"type":"LineString","coordinates":[[-94.068,-58.432],[-94.606,-58.29],[-95.139,-58.147]]}},{"type":"Feature","properties":{"boundary_type":"ridge","feature_type":"gpml:MidOceanRidge","polarity":null,"overriding_plate_id":null,"subducting_plate_id":null,"plate_ids":[804,901],"name":"BELLINGHAUSEN SEA, MARIE BYRD LAND-PACIFIC"},"geometry":{"type":"LineString","coordinates":[[-95.139,-58.147],[-95.914,-57.932],[-96.68,-57.712],[-97.437,-57.488],[-98.184,-57.26],[-98.922,-57.027],[-99.65,-56.79],[-100.37,-56.548],[-101.08,-56.303],[-101.781,-56.053],[-102.473,-55.8],[-103.156,-55.543],[-103.83,-55.282],[-104.495,-55.017],[-104.901,-55.388],[-105.314,-55.757],[-105.735,-56.125],[-106.165,-56.492],[-106.603,-56.857],[-107.049,-57.22],[-107.504,-57.582],[-108.216,-57.335],[-108.918,-57.083],[-109.61,-56.828],[-110.293,-56.57],[-110.967,-56.307],[-111.631,-56.041],[-112.287,-55.772],[-112.691,-56.088],[-113.101,-56.403],[-113.519,-56.717],[-113.944,-57.029],[-114.612,-56.748],[-115.271,-56.464],[-115.92,-56.176],[-116.56,-55.885],[-117.189,-55.59],[-117.809,-55.292],[-118.42,-54.992],[-119.022,-54.688],[-119.615,-54.381],[-120.199,-54.072],[-120.74,-54.457],[-121.291,-54.841],[-121.853,-55.222],[-122.425,-55.6],[-123.009,-55.975],[-123.604,-56.348],[-124.21,-56.718],[-124.829,-57.084],[-125.46,-57.448],[-126.103,-57.808],[-126.736,-57.521],[-127.359,-57.23],[-127.972,-56.935],[-128.575,-56.638],[-129.169,-56.339],[-129.754,-56.036],[-130.362,-56.386],[-130.982,-56.733],[-131.613,-57.076],[-132.256,-57.417],[-132.911,-57.754],[-133.578,-58.088],[-134.257,-58.418],[-134.95,-58.744],[-135.655,-59.067],[-136.374,-59.386],[-137.106,-59.7],[-137.432,-59.492],[-137.753,-59.283],[-138.373,-59.538],[-139.002,-59.79],[-139.641,-60.039],[-139.259,-60.321],[-138.87,-60.602],[-139.593,-60.852],[-140.327,-61.099],[-141.073,-61.341],[-141.831,-61.579],[-142.6,-61.813],[-143.352,-62.019],[-144.115,-62.221],[-144.888,-62.419],[-145.671,-62.612],[-145.669,-62.608]]}},{"type":"Feature","properties":{"boundary_type":"ridge","feature_type":"gpml:MidOceanRidge","polarity":null,"overriding_plate_id":null,"subducting_plate_id":null,"plate_ids":[901,918],"name":"Pacific-Vancouver/Farallon MOR NW15"},"geometry":{"type":"LineString","coordinates":[[-118.798,45.301],[-118.778,45.251]]}},{"type":"Feature","properties":{"boundary_type":"ridge","feature_type":"gpml:MidOceanRidge","polarity":null,"overriding_plate_id":null,"subducting_plate_id":null,"plate_ids":[901,902],"name":"Pacific-Vancouver/Farallon MOR NW15"},"geometry":{"type":"LineString","coordinates":[[-118.778,45.251],[-118.607,44.828],[-118.439,44.404],[-118.273,43.981],[-118.109,43.557],[-117.948,43.133],[-117.807,42.724],[-117.667,42.315],[-117.53,41.906],[-117.394,41.496]]}},{"type":"Feature","properties":{"boundary_type":"ridge","feature_type":"gpml:MidOceanRidge","polarity":null,"overriding_plate_id":null,"subducting_plate_id":null,"plate_ids":[901,902],"name":"Pacific-Vancouver/Farallon MOR NW15"},"geometry":{"type":"LineString","coordinates":[[-117.394,41.496],[-117.253,41.066],[-117.113,40.635],[-116.976,40.205],[-116.84,39.774],[-116.706,39.343],[-116.557,38.921],[-116.41,38.5],[-116.264,38.078],[-116.12,37.656],[-115.978,37.234],[-115.837,36.812],[-116.418,36.695],[-116.997,36.576],[-117.574,36.453],[-118.149,36.328],[-118.722,36.2],[-119.294,36.07],[-119.128,35.593],[-118.964,35.116],[-118.802,34.638],[-118.641,34.16],[-118.483,33.682],[-118.326,33.204],[-117.908,33.266],[-117.489,33.326],[-117.327,33.024],[-117.166,32.723],[-116.602,32.754],[-116.037,32.783],[-115.473,32.809],[-114.907,32.833],[-114.342,32.854],[-113.776,32.872],[-113.21,32.888],[-112.644,32.902],[-112.078,32.913],[-111.512,32.921],[-110.919,32.932],[-110.327,32.94],[-109.734,32.946],[-109.141,32.948],[-108.548,32.948],[-107.956,32.945],[-107.363,32.939],[-106.77,32.931]]}},{"type":"Feature","properties":{"boundary_type":"ridge","feature_type":"gpml:MidOceanRidge","polarity":null,"overriding_plate_id":null,"subducting_plate_id":null,"plate_ids":[901,902],"name":"Pacific-Farallon MOR NW15"},"geometry":{"type":"LineString","coordinates":[[-106.77,32.931],[-106.702,32.719],[-106.591,32.246],[-106.481,31.774],[-106.372,31.301],[-106.264,30.828],[-105.82,30.879],[-105.375,30.927],[-104.929,30.974],[-104.483,31.02],[-104.423,30.546],[-104.362,30.072],[-104.303,29.598],[-104.244,29.124],[-104.186,28.65],[-104.128,28.176],[-104.07,27.702],[-104.289,27.657],[-104.217,27.18],[-104.147,26.704],[-104.076,26.227],[-104.007,25.751],[-103.937,25.274],[-103.869,24.798],[-104.396,24.702],[-104.922,24.604],[-105.448,24.504],[-105.973,24.403],[-106.497,24.299],[-107.02,24.194],[-107.542,24.087],[-108.063,23.979],[-108.583,23.868],[-109.103,23.756],[-109.621,23.642],[-110.139,23.526],[-110.656,23.409],[-110.558,22.968],[-110.461,22.526],[-110.365,22.085],[-110.27,21.643],[-110.175,21.201],[-110.08,20.76],[-109.986,20.318],[-109.893,19.876],[-109.8,19.434],[-110.117,19.378],[-110.008,18.925],[-109.899,18.472],[-109.791,18.019],[-109.683,17.566],[-109.576,17.112],[-109.47,16.659],[-109.364,16.205],[-108.866,16.286],[-108.368,16.366],[-107.87,16.445],[-107.372,16.522],[-106.873,16.599],[-106.373,16.674],[-105.873,16.748],[-105.373,16.821],[-104.873,16.892],[-104.372,16.962],[-103.87,17.031],[-103.369,17.099],[-102.867,17.166],[-102.364,17.231],[-102.278,16.775],[-102.192,16.318],[-102.106,15.862],[-102.021,15.406],[-102.281,15.333],[-102.178,14.85],[-102.075,14.367],[-101.973,13.885],[-101.871,13.402],[-101.769,12.919],[-101.668,12.436],[-101.568,11.953],[-101.467,11.47],[-101.367,10.986],[-101.267,10.503],[-101.168,10.02],[-101.069,9.537],[-100.97,9.054],[-101.459,8.957],[-101.948,8.859],[-102.436,8.761],[-102.924,8.662],[-103.412,8.563],[-103.9,8.462],[-104.387,8.362],[-104.875,8.26],[-105.361,8.159],[-105.848,8.056],[-106.335,7.953],[-106.821,7.849],[-106.723,7.4],[-106.625,6.95],[-106.528,6.501],[-106.431,6.051],[-106.334,5.601],[-106.237,5.152],[-106.538,5.067],[-106.838,4.982],[-106.737,4.503],[-106.636,4.023],[-106.535,3.544],[-106.435,3.064],[-106.334,2.585],[-106.233,2.106],[-106.133,1.626],[-106.033,1.147],[-105.932,0.668],[-105.832,0.188],[-105.732,-0.291],[-105.631,-0.771],[-105.531,-1.25],[-105.43,-1.729],[-105.33,-2.209],[-105.779,-2.322],[-106.227,-2.435],[-106.676,-2.548],[-107.125,-2.66],[-107.574,-2.773],[-108.023,-2.885],[-108.472,-2.997],[-108.922,-3.109],[-109.371,-3.221],[-109.821,-3.333],[-109.721,-3.812],[-109.621,-4.292],[-109.521,-4.772],[-109.421,-5.252],[-109.321,-5.731],[-109.22,-6.211],[-109.12,-6.691],[-109.019,-7.171],[-108.918,-7.65],[-108.817,-8.13],[-108.715,-8.61],[-108.614,-9.089],[-108.512,-9.569],[-108.409,-10.048],[-108.307,-10.528],[-108.204,-11.007],[-108.101,-11.487]]}},{"type":"Feature","properties":{"boundary_type":"ridge","feature_type":"gpml:MidOceanRidge","polarity":null,"overriding_plate_id":null,"subducting_plate_id":null,"plate_ids":[901,902],"name":"Pacific-Farallon MOR NW15"},"geometry":{"type":"LineString","coordinates":[[-108.101,-11.487],[-107.634,-11.373],[-107.169,-11.258],[-106.703,-11.142],[-106.238,-11.026],[-106.132,-11.496],[-106.026,-11.965],[-105.919,-12.435],[-105.812,-12.904],[-105.704,-13.374],[-105.596,-13.843],[-105.488,-14.312],[-105.379,-14.782],[-105.27,-15.251],[-105.16,-15.72],[-105.049,-16.189],[-104.939,-16.658],[-104.827,-17.127],[-104.715,-17.596],[-104.603,-18.065],[-104.489,-18.534],[-104.376,-19.002],[-104.869,-19.134],[-105.362,-19.264],[-105.857,-19.393],[-106.352,-19.52],[-106.848,-19.646],[-107.345,-19.771],[-107.843,-19.894],[-108.341,-20.016],[-108.841,-20.137],[-108.772,-20.56],[-108.704,-20.983],[-108.634,-21.405],[-108.565,-21.828],[-108.495,-22.251],[-108.425,-22.674],[-108.845,-22.751],[-109.267,-22.828],[-109.689,-22.903],[-110.111,-22.978],[-109.968,-23.448],[-109.824,-23.918],[-109.68,-24.389],[-109.534,-24.859],[-109.387,-25.329],[-109.238,-25.799],[-109.089,-26.268],[-108.939,-26.738],[-108.787,-27.207],[-108.634,-27.676],[-108.479,-28.145],[-108.323,-28.614],[-108.166,-29.083],[-108.008,-29.551],[-108.546,-29.693],[-109.086,-29.832],[-109.628,-29.969],[-110.171,-30.104],[-110.715,-30.236],[-110.562,-30.716],[-110.407,-31.196],[-110.251,-31.675],[-110.093,-32.154],[-109.933,-32.634],[-109.772,-33.113],[-109.609,-33.591],[-109.444,-34.07],[-109.277,-34.548],[-109.109,-35.026],[-108.938,-35.504],[-108.765,-35.981],[-108.59,-36.459],[-108.413,-36.936],[-108.234,-37.413],[-108.053,-37.889],[-107.869,-38.365],[-107.682,-38.841],[-107.494,-39.317],[-107.302,-39.792],[-107.108,-40.267],[-106.911,-40.742],[-106.712,-41.216],[-106.509,-41.69],[-106.303,-42.164],[-106.095,-42.637],[-105.883,-43.11],[-105.668,-43.582],[-105.449,-44.055],[-105.227,-44.526],[-105.001,-44.997],[-104.772,-45.468],[-104.539,-45.938],[-104.301,-46.408],[-104.06,-46.878],[-103.814,-47.346],[-103.564,-47.815],[-103.309,-48.282],[-102.754,-48.181],[-102.201,-48.077],[-101.65,-47.97],[-101.102,-47.86],[-100.879,-48.27],[-100.653,-48.679],[-100.423,-49.088],[-100.19,-49.496],[-99.952,-49.903],[-99.711,-50.311],[-99.465,-50.717]]}},{"type":"Feature","properties":{"boundary_type":"ridge","feature_type":"gpml:MidOceanRidge","polarity":null,"overriding_plate_id":null,"subducting_plate_id":null,"plate_ids":[304,317],"name":"MOR-IB-EUR"},"geometry":{"type":"LineString","coordinates":[[-2.591,34.499],[-2.973,34.504],[-3.356,34.509],[-3.767,34.518],[-4.177,34.525],[-4.567,34.617],[-4.958,34.708],[-5.332,34.716],[-5.706,34.723],[-6.031,34.755],[-6.357,34.787],[-6.826,34.765],[-7.294,34.741],[-7.763,34.715],[-8.231,34.688],[-8.703,34.718],[-9.176,34.746]]}},{"type":"Feature","properties":{"boundary_type":"ridge","feature_type":"gpml:MidOceanRidge","polarity":null,"overriding_plate_id":null,"subducting_plate_id":null,"plate_ids":[304,701],"name":"SouthernIberia"},"geometry":{"type":"LineString","coordinates":[[-3.453,24.73],[-3.558,24.706],[-4.061,24.86],[-4.565,25.013],[-5.07,25.164],[-5.576,25.313],[-6.084,25.46],[-6.593,25.606],[-7.103,25.75],[-7.615,25.892],[-8.127,26.033],[-8.641,26.171],[-9.156,26.308],[-9.673,26.443],[-10.19,26.576],[-10.709,26.707],[-11.229,26.836],[-11.75,26.964],[-12.272,27.089],[-12.711,27.241],[-13.151,27.391],[-13.592,27.539],[-14.034,27.686],[-14.477,27.832],[-14.922,27.977]]}},{"type":"Feature","properties":{"boundary_type":"other","feature_type":"gpml:UnclassifiedFeature","polarity":null,"overriding_plate_id":null,"subducting_plate_id":null,"plate_ids":[304,317],"name":"Late_Iberia-Por_Bound"},"geometry":{"type":"LineString","coordinates":[[-9.176,34.746],[-9.405,34.501],[-9.632,34.255],[-9.922,33.879],[-10.21,33.502],[-10.51,33.292],[-10.809,33.082],[-10.974,32.816],[-11.138,32.549]]}},{"type":"Feature","properties":{"boundary_type":"ridge","feature_type":"gpml:MidOceanRidge","polarity":null,"overriding_plate_id":null,"subducting_plate_id":null,"plate_ids":[902,918],"name":"Farallon-Kula MOR c25y NW15"},"geometry":{"type":"LineString","coordinates":[[-118.778,45.251],[-118.536,45.438],[-118.104,45.823],[-117.665,46.206],[-117.221,46.587],[-116.77,46.967],[-116.312,47.345],[-115.848,47.721],[-115.378,48.095],[-114.9,48.467],[-114.416,48.837],[-113.924,49.205],[-113.425,49.571],[-112.918,49.935],[-112.404,50.296],[-111.882,50.655],[-111.351,51.012],[-110.813,51.366],[-110.266,51.718],[-109.711,52.068],[-109.147,52.414],[-108.574,52.758],[-107.992,53.099],[-107.401,53.437],[-106.8,53.773],[-106.19,54.105],[-105.57,54.434],[-104.939,54.76],[-104.299,55.082],[-103.648,55.401],[-102.987,55.717],[-102.315,56.029],[-101.633,56.337],[-100.939,56.642],[-100.569,56.187],[-100.207,55.732],[-99.854,55.275],[-99.187,55.56],[-98.509,55.841],[-97.822,56.119],[-97.125,56.393],[-96.418,56.663],[-95.701,56.928],[-94.973,57.19],[-94.236,57.447],[-93.488,57.7],[-92.729,57.949]]}},{"type":"Feature","properties":{"boundary_type":"ridge","feature_type":"gpml:MidOceanRidge","polarity":null,"overriding_plate_id":null,"subducting_plate_id":null,"plate_ids":[901,918],"name":"KULA-PAC MOR"},"geometry":{"type":"LineString","coordinates":[[-143.177,43.62],[-142.759,43.602],[-142.341,43.584],[-142.314,43.768],[-141.809,43.746],[-141.305,43.72],[-141.27,44.083],[-141.235,44.445],[-140.675,44.429],[-140.116,44.411],[-139.557,44.39],[-138.998,44.366],[-138.969,44.561],[-138.274,44.531],[-137.579,44.497],[-136.885,44.459],[-136.192,44.416],[-136.157,44.799],[-135.563,44.78],[-134.969,44.759],[-134.376,44.734],[-133.784,44.707],[-133.192,44.676],[-132.601,44.642],[-132.551,45.05],[-132.5,45.458],[-132.448,45.866],[-132.396,46.275],[-132.343,46.682],[-131.648,46.649],[-130.955,46.612],[-130.262,46.571],[-129.57,46.525],[-128.88,46.475],[-128.191,46.421],[-127.503,46.363],[-126.817,46.301],[-126.133,46.235],[-125.45,46.165],[-124.769,46.09],[-124.126,46.021],[-123.484,45.947],[-122.845,45.871],[-122.207,45.79],[-121.571,45.706],[-120.936,45.619],[-120.304,45.528],[-119.674,45.434],[-119.047,45.336],[-118.798,45.301]]}},{"type":"Feature","properties":{"boundary_type":"transform","feature_type":"gpml:Transform","polarity":null,"overriding_plate_id":null,"subducting_plate_id":null,"plate_ids":[833,901],"name":"South Loyalty Transform"},"geometry":{"type":"LineString","coordinates":[[172.736,-28.766],[173.084,-28.458],[173.387,-28.281],[173.688,-28.103],[173.931,-27.961],[174.172,-27.819],[174.6,-27.673],[174.967,-27.529],[175.333,-27.384],[175.607,-27.209],[175.88,-27.034],[176.155,-26.859],[176.428,-26.684],[176.764,-26.441],[177.099,-26.198],[177.406,-26.024],[177.712,-25.849],[177.958,-25.676],[178.203,-25.503],[178.483,-25.36],[178.763,-25.216]]}},{"type":"Feature","properties":{"boundary_type":"ridge","feature_type":"gpml:MidOceanRidge","polarity":null,"overriding_plate_id":null,"subducting_plate_id":null,"plate_ids":[880,922,922],"name":"MOR Late K South Loyalty Basin"},"geometry":{"type":"LineString","coordinates":[[167.55,-24.758],[167.066,-24.544],[166.583,-24.328],[166.101,-24.111],[165.622,-23.892],[165.144,-23.672],[164.668,-23.45],[164.193,-23.227],[163.72,-23.002],[163.248,-22.776],[162.778,-22.549],[162.309,-22.32],[161.842,-22.09],[161.377,-21.859],[160.913,-21.626],[160.451,-21.392],[159.99,-21.157],[159.53,-20.92],[159.072,-20.683],[158.616,-20.444],[158.16,-20.204],[157.707,-19.962],[157.254,-19.72],[156.803,-19.477],[156.354,-19.232],[155.905,-18.986],[155.458,-18.739],[155.013,-18.491],[154.568,-18.242],[154.125,-17.992],[153.683,-17.742],[153.243,-17.49],[152.803,-17.237],[152.365,-16.983],[151.928,-16.728],[151.488,-16.503],[151.049,-16.276],[150.611,-16.049],[150.174,-15.821],[149.738,-15.592],[149.303,-15.362],[148.869,-15.131],[148.436,-14.9],[148.003,-14.668],[147.572,-14.434]]}},{"type":"Feature","properties":{"boundary_type":"subduction","feature_type":"gpml:SubductionZone","polarity":"Left","overriding_plate_id":880,"subducting_plate_id":836,"plate_ids":[836,880],"name":"Gondwana margin subduction"},"geometry":{"type":"LineString","coordinates":[[152.349,-25.013],[152.664,-25.29],[152.98,-25.567],[153.298,-25.843],[153.741,-26.062],[154.186,-26.28],[154.632,-26.496],[155.121,-26.732],[155.611,-26.966],[156.104,-27.198],[156.487,-27.309],[156.871,-27.419],[157.256,-27.528],[157.754,-27.591],[158.252,-27.652],[158.751,-27.711],[159.113,-27.531],[159.475,-27.35],[159.835,-27.169],[160.338,-26.985],[160.839,-26.8],[161.13,-26.589],[161.419,-26.378],[161.708,-26.166],[162.065,-26.042],[162.422,-25.918],[162.778,-25.792],[163.278,-25.728],[163.778,-25.662],[164.317,-25.708],[164.856,-25.753],[165.396,-25.795],[165.876,-25.828],[166.357,-25.86],[166.836,-25.829]]}},{"type":"Feature","properties":{"boundary_type":"subduction","feature_type":"gpml:SubductionZone","polarity":"Right","overriding_plate_id":201,"subducting_plate_id":802,"plate_ids":[201,802],"name":"South America trench taken from COB file"},"geometry":{"type":"LineString","coordinates":[[-55.326,-64.398],[-55.968,-64.177],[-56.857,-63.905],[-57.729,-63.627],[-58.398,-63.384],[-59.056,-63.138],[-59.703,-62.889],[-60.338,-62.637],[-61.016,-62.381],[-61.682,-62.121],[-61.888,-62.06],[-62.213,-61.938],[-62.497,-61.842],[-62.841,-61.738],[-63.19,-61.622],[-63.532,-61.497],[-63.914,-61.366],[-64.275,-61.23]]}},{"type":"Feature","properties":{"boundary_type":"subduction","feature_type":"gpml:SubductionZone","polarity":"Right","overriding_plate_id":201,"subducting_plate_id":904,"plate_ids":[201,904],"name":"South America trench taken from COB file"},"geometry":{"type":"LineString","coordinates":[[-64.275,-61.23],[-64.638,-61.092],[-65.117,-60.873],[-65.59,-60.651],[-65.567,-60.628],[-65.626,-60.599],[-65.871,-60.457],[-65.979,-60.359],[-66.151,-60.22],[-66.447,-59.974],[-66.64,-59.816],[-66.835,-59.619],[-67.187,-59.461],[-67.768,-59.227],[-68.025,-59.147],[-68.484,-58.942],[-68.708,-58.691],[-68.928,-58.439],[-69.104,-57.959],[-69.275,-57.479],[-69.33,-57.189],[-69.384,-56.899],[-69.398,-56.623],[-69.411,-56.346],[-69.362,-56.062],[-69.314,-55.778],[-69.085,-55.378],[-68.861,-54.977],[-68.642,-54.576],[-68.61,-54.198],[-68.578,-53.82],[-68.608,-53.449],[-68.637,-53.078],[-68.355,-52.644],[-68.077,-52.209],[-67.566,-51.982],[-67.06,-51.753],[-66.34,-51.647],[-66.082,-51.226],[-65.823,-50.884],[-65.668,-50.635],[-65.514,-50.385],[-65.393,-50.077],[-65.392,-49.856],[-65.425,-49.584],[-65.426,-49.334],[-65.428,-48.99],[-65.197,-48.67],[-64.99,-48.324],[-64.854,-48.107],[-64.614,-47.742],[-64.587,-47.68]]}},{"type":"Feature","properties":{"boundary_type":"subduction","feature_type":"gpml:SubductionZone","polarity":"Right","overriding_plate_id":201,"subducting_plate_id":902,"plate_ids":[201,902],"name":"South America trench taken from COB file"},"geometry":{"type":"LineString","coordinates":[[-64.587,-47.68],[-64.522,-47.531],[-64.397,-47.276],[-64.288,-47.038],[-64.134,-46.705],[-63.983,-46.371],[-63.834,-46.037],[-63.715,-45.719],[-63.596,-45.465],[-63.477,-45.211],[-63.349,-44.918],[-63.293,-44.652],[-63.238,-44.386],[-63.188,-44.157],[-62.992,-43.783],[-62.774,-43.394],[-62.636,-43.162],[-62.499,-42.93],[-62.363,-42.46],[-62.152,-42.04],[-61.937,-41.699],[-61.724,-41.357],[-61.513,-41.016],[-61.305,-40.673],[-61.017,-40.303],[-60.732,-39.932],[-60.45,-39.56],[-60.17,-39.188],[-59.894,-38.815],[-59.621,-38.441],[-59.351,-38.067],[-59.194,-37.599],[-59.039,-37.131],[-58.886,-36.662],[-58.735,-36.193],[-58.585,-35.724],[-58.438,-35.255],[-58.292,-34.786],[-58.148,-34.316],[-58.005,-33.846],[-57.809,-33.467],[-57.614,-33.087],[-57.421,-32.707],[-57.23,-32.327],[-57.04,-31.947],[-56.909,-31.496],[-56.779,-31.046],[-56.65,-30.595],[-56.522,-30.144],[-56.395,-29.693],[-56.27,-29.242],[-56.145,-28.791],[-56.022,-28.34],[-55.92,-27.936],[-55.819,-27.533],[-55.719,-27.129],[-55.753,-26.687],[-55.786,-26.245],[-55.746,-25.905],[-55.706,-25.565],[-55.816,-25.127],[-55.925,-24.689],[-56.163,-24.242],[-56.4,-23.795],[-56.699,-23.429],[-56.996,-23.063],[-57.292,-22.696],[-57.586,-22.328],[-57.878,-21.96],[-58.317,-21.693],[-58.753,-21.424],[-59.057,-21.052],[-59.359,-20.68],[-59.659,-20.308],[-59.958,-19.935],[-60.256,-19.561],[-60.552,-19.187],[-60.847,-18.813],[-61.141,-18.438],[-61.433,-18.062],[-61.632,-17.64],[-61.83,-17.218],[-62.028,-16.795],[-62.224,-16.373],[-62.419,-15.95],[-62.614,-15.527],[-62.808,-15.104],[-63.001,-14.68],[-63.193,-14.257],[-63.385,-13.833],[-63.576,-13.409],[-63.691,-12.94],[-63.806,-12.47],[-63.92,-12.0],[-64.035,-11.531],[-64.148,-11.061],[-64.262,-10.591],[-64.375,-10.121],[-64.487,-9.652],[-64.371,-9.214],[-64.256,-8.776],[-64.141,-8.338],[-64.026,-7.9],[-63.911,-7.463],[-63.797,-7.025]]}},{"type":"Feature","properties":{"boundary_type":"subduction","feature_type":"gpml:SubductionZone","polarity":"Right","overriding_plate_id":201,"subducting_plate_id":224,"plate_ids":[201,224],"name":"South America trench taken from COB file"},"geometry":{"type":"LineString","coordinates":[[-63.797,-7.025],[-63.736,-6.79],[-63.667,-6.514],[-63.612,-6.263],[-63.526,-5.989],[-63.426,-5.625],[-63.359,-5.422],[-63.306,-5.18],[-63.14,-4.806],[-63.0,-4.475],[-62.842,-4.212],[-62.597,-3.794],[-62.42,-3.459],[-62.23,-3.163],[-62.0,-2.78],[-61.734,-2.467],[-61.488,-2.16],[-61.314,-1.973],[-61.022,-1.663],[-60.698,-1.322],[-60.391,-1.033],[-60.137,-0.857],[-59.885,-0.57],[-59.701,-0.43],[-59.624,-0.146],[-59.352,0.194],[-59.08,0.533],[-59.07,0.541],[-59.033,0.609],[-59.005,0.808],[-58.977,1.006],[-58.997,1.257],[-59.038,1.484],[-59.148,1.802],[-59.229,1.942],[-59.311,2.201],[-59.325,2.215]]}},{"type":"Feature","properties":{"boundary_type":"transform","feature_type":"gpml:Transform","polarity":null,"overriding_plate_id":null,"subducting_plate_id":null,"plate_ids":[201,224],"name":"Transform"},"geometry":{"type":"LineString","coordinates":[[-59.325,2.215],[-59.276,2.615],[-59.226,3.016],[-59.176,3.416],[-58.883,3.718],[-58.591,4.02],[-58.298,4.322],[-58.005,4.624],[-57.711,4.934],[-57.417,5.243],[-57.122,5.553],[-56.828,5.862],[-56.532,6.172],[-56.237,6.481],[-55.805,6.544],[-55.373,6.606],[-54.942,6.669],[-54.509,6.731],[-54.077,6.792],[-53.645,6.854],[-53.382,6.766]]}},{"type":"Feature","properties":{"boundary_type":"subduction","feature_type":"gpml:SubductionZone","polarity":"Right","overriding_plate_id":802,"subducting_plate_id":904,"plate_ids":[802,904],"name":"Antarctic-Aluk subduction zone"},"geometry":{"type":"LineString","coordinates":[[-67.746,-61.764],[-67.549,-61.707],[-66.774,-61.602],[-66.005,-61.493],[-65.241,-61.38],[-64.483,-61.262],[-64.275,-61.23]]}},{"type":"Feature","properties":{"boundary_type":"transform","feature_type":"gpml:Transform","polarity":null,"overriding_plate_id":null,"subducting_plate_id":null,"plate_ids":[608,922,922],"name":"Transform on edge of Melanesian basin"},"geometry":{"type":"LineString","coordinates":[[149.025,-13.507],[148.662,-13.74],[148.3,-13.972],[147.936,-14.203],[147.572,-14.434]]}},{"type":"Feature","properties":{"boundary_type":"transform","feature_type":"gpml:Transform","polarity":null,"overriding_plate_id":null,"subducting_plate_id":null,"plate_ids":[608,880],"name":"Transform on edge of Melanesian basin"},"geometry":{"type":"LineString","coordinates":[[147.572,-14.434],[147.21,-14.663],[146.848,-14.89],[146.365,-14.924],[145.881,-14.956],[145.398,-14.987],[144.914,-15.018],[144.43,-15.047],[143.946,-15.075]]}},{"type":"Feature","properties":{"boundary_type":"ridge","feature_type":"gpml:MidOceanRidge","polarity":null,"overriding_plate_id":null,"subducting_plate_id":null,"plate_ids":[501,701],"name":"Ridge f iso A18 on IND at 40.1Ma"},"geometry":{"type":"LineString","coordinates":[[59.993,-41.781],[59.985,-41.329],[59.978,-40.877],[59.971,-40.425],[59.964,-39.973],[59.957,-39.521],[59.95,-39.069],[59.943,-38.616],[60.204,-38.172],[60.461,-37.727],[60.716,-37.282],[60.967,-36.836],[61.216,-36.39],[61.462,-35.943],[61.705,-35.496],[61.945,-35.048],[62.183,-34.599],[62.418,-34.15],[62.651,-33.701],[62.841,-33.607],[62.358,-33.327],[61.878,-33.045],[61.402,-32.761],[60.928,-32.475],[61.226,-32.084],[61.521,-31.693],[61.814,-31.3],[62.105,-30.907],[62.393,-30.514],[62.679,-30.119],[62.962,-29.724],[63.243,-29.329],[63.522,-28.933],[63.799,-28.536],[64.074,-28.139],[64.347,-27.741],[64.618,-27.343],[64.163,-27.068],[63.71,-26.792],[63.951,-26.451],[64.19,-26.11],[64.429,-25.768],[64.665,-25.426],[64.222,-25.173],[63.781,-24.918],[63.341,-24.662],[62.903,-24.405],[63.151,-24.032],[63.397,-23.658],[63.643,-23.285],[63.236,-23.04],[62.831,-22.795],[62.428,-22.549],[62.026,-22.301],[62.295,-21.872],[62.563,-21.442],[62.829,-21.011],[63.094,-20.581],[62.699,-20.38],[62.306,-20.178],[61.913,-19.976],[61.522,-19.772],[61.695,-19.434],[61.867,-19.095],[62.039,-18.756],[62.21,-18.417],[61.782,-18.206],[61.355,-17.995],[60.929,-17.783],[60.505,-17.57],[60.081,-17.356],[59.658,-17.141],[59.735,-16.882],[59.811,-16.624],[59.443,-16.314],[59.076,-16.003],[58.71,-15.692],[58.345,-15.38],[57.981,-15.068],[57.739,-14.798],[57.497,-14.527],[57.256,-14.257],[56.853,-14.084],[56.451,-13.909],[56.424,-13.58],[56.397,-13.252],[55.963,-13.022],[55.531,-12.793],[55.099,-12.562],[54.667,-12.331],[54.237,-12.099],[53.807,-11.867],[53.793,-11.861]]}},{"type":"Feature","properties":{"boundary_type":"ridge","feature_type":"gpml:MidOceanRidge","polarity":null,"overriding_plate_id":null,"subducting_plate_id":null,"plate_ids":[701,802],"name":"Ridge from i at 55.9 at ANT"},"geometry":{"type":"LineString","coordinates":[[-0.178,-65.032],[0.533,-64.649],[1.223,-64.262],[1.895,-63.873],[2.548,-63.48],[3.435,-63.602],[4.156,-63.25],[4.859,-62.894],[5.546,-62.535],[5.995,-62.689],[6.449,-62.842],[7.231,-62.533],[8.14,-62.575],[9.051,-62.611],[9.965,-62.642],[10.88,-62.666],[11.796,-62.685],[12.714,-62.697],[13.681,-62.923],[14.663,-63.143],[14.706,-63.535],[15.31,-63.825],[15.927,-64.113],[16.756,-64.179],[17.589,-64.241],[17.647,-63.92],[18.481,-63.912],[19.314,-63.9],[19.292,-64.093],[19.891,-64.169],[19.878,-64.297],[20.893,-64.311],[21.909,-64.318],[22.924,-64.318],[23.22,-63.93],[24.043,-63.923],[24.865,-63.911],[24.986,-63.587],[25.568,-63.511],[26.147,-63.432],[26.814,-63.478],[27.483,-63.52],[27.45,-63.327],[28.174,-63.3],[28.898,-63.269],[28.864,-62.903],[28.831,-62.538],[28.798,-62.173],[29.839,-62.12],[30.875,-62.06],[30.837,-61.607],[30.8,-61.154],[30.765,-60.702],[31.478,-60.621],[32.189,-60.537],[32.145,-60.127],[32.102,-59.717],[32.06,-59.307],[33.011,-59.263],[33.96,-59.211],[33.859,-58.761],[33.76,-58.311],[34.584,-58.165],[35.4,-58.013],[35.319,-57.604],[35.239,-57.195],[35.161,-56.786],[35.807,-56.69],[36.449,-56.591],[37.088,-56.489],[37.092,-56.222],[37.796,-56.088],[38.494,-55.949],[39.188,-55.807],[39.877,-55.66],[40.561,-55.51],[40.444,-55.057],[40.33,-54.604],[41.089,-54.434],[41.843,-54.26],[42.59,-54.081],[43.33,-53.898],[44.064,-53.71],[44.792,-53.518],[45.512,-53.321],[46.226,-53.12],[46.934,-52.915],[47.634,-52.706],[48.328,-52.492],[49.015,-52.275],[49.695,-52.053],[49.442,-51.696],[49.982,-51.496],[50.517,-51.293],[51.048,-51.088],[51.051,-50.607],[51.054,-50.126],[51.057,-49.644],[51.06,-49.163],[51.063,-48.682],[51.714,-48.578],[52.362,-48.47],[53.007,-48.359],[53.649,-48.244],[54.288,-48.126],[54.924,-48.003],[55.558,-47.878],[56.188,-47.749],[56.687,-47.386],[56.977,-47.084],[57.264,-46.781],[57.548,-46.478],[57.92,-46.116],[58.287,-45.753],[58.798,-45.449],[59.304,-45.142],[59.817,-44.93],[60.326,-44.716],[60.831,-44.5],[61.199,-44.219],[61.564,-43.937],[61.926,-43.654],[62.284,-43.37]]}},{"type":"Feature","properties":{"boundary_type":"ridge","feature_type":"gpml:MidOceanRidge","polarity":null,"overriding_plate_id":null,"subducting_plate_id":null,"plate_ids":[501,701],"name":"Ridge f iso CIB at 47.9Ma"},"geometry":{"type":"LineString","coordinates":[[61.273,-43.086],[60.968,-42.896],[61.248,-42.509],[60.826,-42.268],[60.408,-42.025],[59.993,-41.781]]}},{"type":"Feature","properties":{"boundary_type":"subduction","feature_type":"gpml:SubductionZone","polarity":"Left","overriding_plate_id":301,"subducting_plate_id":609,"plate_ids":[301,609],"name":"Okinawa Trough (Ryuku) from EarthByte cob MG 4-20-07"},"geometry":{"type":"LineString","coordinates":[[127.019,31.491],[127.279,31.797],[127.54,32.102],[127.714,32.532],[127.891,32.962],[128.069,33.391],[128.249,33.82],[128.43,34.249],[128.583,34.699],[128.738,35.148],[128.894,35.596]]}},{"type":"Feature","properties":{"boundary_type":"subduction","feature_type":"gpml:SubductionZone","polarity":"Left","overriding_plate_id":301,"subducting_plate_id":901,"plate_ids":[301,901],"name":"Okinawa Trough (Ryuku) from EarthByte cob MG 4-20-07"},"geometry":{"type":"LineString","coordinates":[[128.894,35.596],[128.969,35.811],[129.03,36.166],[129.091,36.521],[129.11,36.962],[129.129,37.404],[129.071,37.84],[129.012,38.276],[129.055,38.664],[129.099,39.051]]}},{"type":"Feature","properties":{"boundary_type":"subduction","feature_type":"gpml:SubductionZone","polarity":"Right","overriding_plate_id":308,"subducting_plate_id":701,"plate_ids":[308,701],"name":"Eastern Mediterranean Subduction"},"geometry":{"type":"LineString","coordinates":[[39.804,25.763],[39.328,25.586],[38.853,25.407],[38.38,25.227],[37.909,25.046],[37.438,24.863],[36.969,24.678],[36.502,24.492],[36.089,24.233],[35.678,23.973],[35.268,23.711],[34.881,23.463],[34.495,23.213],[34.111,22.962],[33.728,22.711],[33.346,22.459],[32.871,22.47],[32.395,22.48],[31.919,22.489],[31.443,22.496],[30.942,22.608],[30.44,22.718],[29.937,22.827],[29.489,22.649],[29.042,22.47],[28.597,22.289],[28.152,22.108],[27.709,21.925],[27.267,21.741],[26.826,21.556]]}},{"type":"Feature","properties":{"boundary_type":"subduction","feature_type":"gpml:SubductionZone","polarity":"Left","overriding_plate_id":304,"subducting_plate_id":307,"plate_ids":[304,307],"name":"Sub. East Ligurian Ocean"},"geometry":{"type":"LineString","coordinates":[[7.172,25.377],[7.526,25.581],[7.88,25.785],[8.236,25.987],[8.593,26.189],[9.018,26.473],[9.446,26.756],[9.876,27.038],[10.308,27.318],[10.809,27.45],[11.312,27.58],[11.817,27.708],[12.322,27.834],[12.828,27.959],[13.336,28.081],[13.326,28.578],[13.315,29.075],[13.305,29.572],[13.294,30.069],[13.286,30.558],[13.278,31.048],[13.269,31.538],[13.261,32.027],[13.064,32.485],[12.866,32.942]]}},{"type":"Feature","properties":{"boundary_type":"subduction","feature_type":"gpml:SubductionZone","polarity":"Left","overriding_plate_id":null,"subducting_plate_id":null,"plate_ids":[307],"name":"Sub. East Ligurian Ocean"},"geometry":{"type":"LineString","coordinates":[[12.866,32.942],[13.362,33.127]]}},{"type":"Feature","properties":{"boundary_type":"subduction","feature_type":"gpml:SubductionZone","polarity":"Left","overriding_plate_id":301,"subducting_plate_id":308,"plate_ids":[301,308],"name":"Vardar Sea Subduction"},"geometry":{"type":"LineString","coordinates":[[24.264,33.4],[24.303,33.022],[24.342,32.644],[24.38,32.266],[24.758,31.893],[25.133,31.518],[25.504,31.142],[25.873,30.764],[26.22,30.441],[26.564,30.116],[26.907,29.79],[27.246,29.464],[27.659,29.343],[28.071,29.221],[28.482,29.097],[28.891,28.973],[29.32,28.971],[29.749,28.968],[30.278,28.976],[30.806,28.982],[31.335,28.987],[31.864,28.989],[31.864,28.989],[32.406,29.038],[32.948,29.086],[33.49,29.131],[34.033,29.175],[34.577,29.216],[35.121,29.255],[35.665,29.291],[36.21,29.326],[36.755,29.358],[37.3,29.388],[37.846,29.416],[38.392,29.441],[38.938,29.465],[39.428,29.5],[39.919,29.533],[40.41,29.565],[40.902,29.595],[41.279,29.514],[41.657,29.433]]}},{"type":"Feature","properties":{"boundary_type":"other","feature_type":"gpml:Fault","polarity":null,"overriding_plate_id":null,"subducting_plate_id":null,"plate_ids":[307,308],"name":"DFZ"},"geometry":{"type":"LineString","coordinates":[[18.104,32.806],[18.61,32.584],[19.115,32.36],[19.617,32.134],[20.116,31.905],[20.613,31.675],[20.972,31.435],[21.328,31.194],[21.683,30.952],[22.036,30.709],[22.32,30.281],[22.602,29.851],[22.881,29.421],[23.158,28.99],[23.473,28.625],[23.786,28.258],[24.097,27.891],[24.406,27.523],[24.759,27.136],[25.11,26.747],[25.459,26.358],[25.805,25.968],[26.149,25.578],[26.491,25.186],[26.83,24.794],[26.829,24.331],[26.829,23.869],[26.828,23.406],[26.828,22.943],[26.827,22.481],[26.827,22.018],[26.826,21.556]]}},{"type":"Feature","properties":{"boundary_type":"transform","feature_type":"gpml:Transform","polarity":null,"overriding_plate_id":null,"subducting_plate_id":null,"plate_ids":[307,701],"name":"South DFZ"},"geometry":{"type":"LineString","coordinates":[[7.172,25.377],[7.67,25.449],[8.168,25.518],[8.666,25.586],[9.166,25.653],[9.665,25.717],[10.166,25.78],[10.667,25.842],[11.204,25.807],[11.741,25.771],[12.278,25.733],[12.814,25.693],[13.35,25.651],[13.886,25.607],[14.421,25.561],[14.955,25.513],[15.49,25.464],[16.024,25.412],[16.557,25.358],[17.085,25.408],[17.613,25.455],[18.142,25.501],[18.671,25.545],[19.2,25.587],[19.73,25.626],[20.26,25.664],[20.79,25.701],[21.338,25.672],[21.886,25.642],[22.433,25.61],[22.98,25.575],[23.526,25.539],[24.072,25.5],[24.399,25.126],[24.723,24.75],[25.046,24.374],[25.366,23.997],[25.685,23.62],[25.916,23.208],[26.146,22.795],[26.374,22.382],[26.601,21.969],[26.826,21.556]]}},{"type":"Feature","properties":{"boundary_type":"transform","feature_type":"gpml:Transform","polarity":null,"overriding_plate_id":null,"subducting_plate_id":null,"plate_ids":[304,701],"name":"South Iberia"},"geometry":{"type":"LineString","coordinates":[[-3.453,24.73],[-3.09,24.583],[-2.563,24.612],[-2.035,24.64],[-1.507,24.665],[-0.979,24.689],[-0.45,24.711],[0.078,24.731],[0.607,24.749],[1.136,24.765],[1.665,24.779],[2.194,24.792],[2.723,24.802],[3.252,24.811],[3.781,24.884],[4.311,24.956],[4.841,25.025],[5.372,25.093],[5.904,25.159],[6.326,25.233],[6.749,25.306],[7.172,25.377]]}},{"type":"Feature","properties":{"boundary_type":"subduction","feature_type":"gpml:SubductionZone","polarity":"Left","overriding_plate_id":307,"subducting_plate_id":308,"plate_ids":[307,308],"name":"East Alpine subduction"},"geometry":{"type":"LineString","coordinates":[[18.104,32.806],[17.554,32.837],[17.004,32.865],[16.453,32.891],[15.903,32.915],[15.352,32.936],[14.856,33.063],[14.359,33.187],[13.861,33.31]]}},{"type":"Feature","properties":{"boundary_type":"subduction","feature_type":"gpml:SubductionZone","polarity":"Left","overriding_plate_id":null,"subducting_plate_id":null,"plate_ids":[307],"name":"East Alpine subduction"},"geometry":{"type":"LineString","coordinates":[[13.861,33.31],[13.362,33.127]]}},{"type":"Feature","properties":{"boundary_type":"transform","feature_type":"gpml:Transform","polarity":null,"overriding_plate_id":null,"subducting_plate_id":null,"plate_ids":[308,701],"name":"Neotethys transform 100Ma"},"geometry":{"type":"LineString","coordinates":[[39.804,25.763],[39.906,26.186],[40.009,26.61],[40.113,27.033],[40.218,27.456],[40.518,27.876],[40.82,28.295],[41.125,28.713]]}},{"type":"Feature","properties":{"boundary_type":"transform","feature_type":"gpml:Transform","polarity":null,"overriding_plate_id":null,"subducting_plate_id":null,"plate_ids":[301,308],"name":"Neotethys transform 100Ma"},"geometry":{"type":"LineString","coordinates":[[41.125,28.713],[41.39,29.073],[41.657,29.433]]}},{"type":"Feature","properties":{"boundary_type":"subduction","feature_type":"gpml:SubductionZone","polarity":"Right","overriding_plate_id":null,"subducting_plate_id":null,"plate_ids":[301],"name":"Alpine Subduction"},"geometry":{"type":"LineString","coordinates":[[12.866,32.942],[13.362,33.127],[13.861,33.31]]}},{"type":"Feature","properties":{"boundary_type":"subduction","feature_type":"gpml:SubductionZone","polarity":"Right","overriding_plate_id":308,"subducting_plate_id":301,"plate_ids":[301,308],"name":"Alpine Subduction"},"geometry":{"type":"LineString","coordinates":[[13.861,33.31],[14.352,33.533],[14.845,33.754],[15.341,33.972],[15.84,34.189],[16.341,34.404],[16.844,34.617],[17.351,34.828],[17.606,35.089],[17.862,35.349],[18.12,35.609],[18.586,35.822],[19.054,36.033],[19.597,36.188],[20.143,36.341],[20.691,36.491],[21.102,36.153],[21.509,35.813],[21.912,35.472],[22.313,35.13],[22.709,34.786],[23.103,34.442],[23.493,34.096],[23.88,33.748],[24.264,33.4]]}},{"type":"Feature","properties":{"boundary_type":"subduction","feature_type":"gpml:SubductionZone","polarity":"Left","overriding_plate_id":317,"subducting_plate_id":304,"plate_ids":[304,317],"name":"Pyrenean subduction"},"geometry":{"type":"LineString","coordinates":[[-2.591,34.499],[-2.131,34.401],[-1.672,34.302],[-1.215,34.201],[-0.758,34.098],[-0.183,33.969],[0.39,33.837],[0.962,33.702],[1.532,33.565],[1.955,33.388],[2.377,33.209]]}},{"type":"Feature","properties":{"boundary_type":"subduction","feature_type":"gpml:SubductionZone","polarity":"Left","overriding_plate_id":301,"subducting_plate_id":304,"plate_ids":[301,304],"name":"Pyrenean subduction"},"geometry":{"type":"LineString","coordinates":[[2.377,33.209],[2.892,32.988],[3.359,32.869],[3.825,32.749],[4.29,32.627],[4.754,32.504],[5.284,32.457],[5.814,32.407],[6.343,32.356],[6.748,32.323],[7.154,32.288],[7.558,32.252],[8.075,32.275],[8.592,32.296],[9.025,32.366],[9.459,32.435],[9.807,32.475],[10.154,32.514],[10.452,32.618],[10.751,32.721],[11.279,32.78],[11.807,32.836],[12.336,32.89],[12.866,32.942]]}}]}