{"type":"FeatureCollection","meta":{"model":"Cao2024","reconstruction_time_ma":5.0,"anchor_plate_id":0,"pygplates_version":"1.0.0","tessellate_degrees":0.5,"polarity_convention":"gpml:subductionPolarity. 'Left'/'Right' names the side of the line, in vertex order, on which the OVERRIDING plate lies. Triangles are drawn on that side.","antimeridian":"Lines are NOT split at +/-180 deg. The renderer works in 3D unit vectors where the dateline is not special; splitting would only add spurious breaks. Do not treat this as RFC 7946 GIS-ready 2D data."},"features":[{"type":"Feature","properties":{"boundary_type":"other","feature_type":"gpml:ContinentalRift","polarity":null,"overriding_plate_id":null,"subducting_plate_id":null,"plate_ids":[701,709],"name":"Somalia Africa boundary from PB03 GS"},"geometry":{"type":"LineString","coordinates":[[40.92,8.98],[40.752,8.611],[40.585,8.243],[40.418,7.874],[40.107,7.523],[39.796,7.171],[39.486,6.82],[39.177,6.468],[38.901,6.102],[38.627,5.736],[38.352,5.37],[38.078,5.004],[37.804,4.637],[37.654,4.309],[37.505,3.98],[37.355,3.652],[37.022,3.642],[36.69,3.632],[36.487,3.32],[36.285,3.008],[36.083,2.695],[35.628,2.758],[35.172,2.821],[34.716,2.884],[34.261,2.947],[33.805,3.009],[33.349,3.071],[32.893,3.133],[32.437,3.195],[31.981,3.257],[31.762,2.945],[31.542,2.634],[31.323,2.323],[31.104,2.011],[30.721,1.875],[30.339,1.738],[30.329,1.276],[30.319,0.814],[30.309,0.352],[30.676,0.263],[31.043,0.173],[31.41,0.084],[31.477,0.054],[31.147,-0.311],[30.816,-0.677],[30.486,-1.042],[30.311,-1.386],[30.135,-1.729],[29.959,-2.073],[29.784,-2.416],[29.632,-2.878],[29.48,-3.339],[29.328,-3.801],[29.159,-4.141],[28.99,-4.481],[28.82,-4.821],[28.849,-5.231],[28.878,-5.641],[28.907,-6.051],[28.936,-6.462],[29.16,-6.835],[29.385,-7.209],[29.61,-7.582],[29.617,-8.072],[29.624,-8.561],[29.857,-8.909],[30.091,-9.257],[30.325,-9.605],[30.559,-9.953],[30.936,-10.041],[31.313,-10.129],[31.69,-10.216],[32.039,-10.465],[32.388,-10.714],[32.737,-10.962],[33.206,-11.055],[33.675,-11.146],[33.814,-11.566],[33.952,-11.985],[34.091,-12.404],[34.231,-12.824],[34.558,-13.117],[34.885,-13.41],[34.718,-13.871],[34.549,-14.331],[34.381,-14.792],[34.338,-15.177],[34.296,-15.563],[34.5,-15.9],[34.704,-16.237],[34.91,-16.574],[35.116,-16.911],[35.045,-17.348],[34.974,-17.785],[34.903,-18.223],[35.109,-18.55],[35.315,-18.878],[35.523,-19.205],[35.537,-19.58],[35.551,-19.955],[35.565,-20.331],[35.258,-20.535],[34.951,-20.74],[34.63,-21.076],[34.308,-21.412],[33.985,-21.747],[33.66,-22.082],[33.625,-22.496],[33.59,-22.91],[33.555,-23.324],[33.52,-23.739],[33.043,-23.899],[32.565,-24.058],[32.086,-24.216],[31.606,-24.372],[31.125,-24.527],[30.643,-24.68],[30.159,-24.831],[29.674,-24.981],[29.378,-25.308],[29.081,-25.635],[28.781,-25.96],[28.48,-26.286],[28.178,-26.61],[27.873,-26.934],[27.988,-27.376],[28.104,-27.818],[28.221,-28.26],[28.338,-28.702],[27.898,-28.905],[27.456,-29.107],[27.013,-29.307],[27.023,-29.769],[27.033,-30.231],[27.043,-30.694],[27.448,-30.988],[27.855,-31.281],[28.265,-31.573],[28.566,-31.96],[28.869,-32.345],[29.175,-32.73],[29.484,-33.114],[29.908,-33.438],[30.335,-33.761],[30.765,-34.082],[31.198,-34.401],[31.635,-34.719],[32.075,-35.036],[32.519,-35.35],[32.966,-35.664],[33.417,-35.975],[33.871,-36.285],[34.328,-36.593],[34.79,-36.899],[35.255,-37.204],[35.724,-37.506],[36.196,-37.807],[36.673,-38.106],[37.153,-38.403],[37.637,-38.698],[38.126,-38.991],[38.618,-39.282],[38.418,-39.751],[38.216,-40.219],[38.011,-40.687],[37.802,-41.155],[37.591,-41.622],[37.377,-42.089],[37.159,-42.556],[36.939,-43.022],[36.715,-43.488],[36.487,-43.953],[36.256,-44.418],[36.021,-44.882],[35.782,-45.346],[35.54,-45.809],[35.293,-46.272],[35.042,-46.734],[34.787,-47.196],[34.527,-47.657],[34.263,-48.117],[33.994,-48.577],[34.439,-48.708],[34.886,-48.837]]}},{"type":"Feature","properties":{"boundary_type":"other","feature_type":"gpml:Fault","polarity":null,"overriding_plate_id":null,"subducting_plate_id":null,"plate_ids":[801,901],"name":"Alpine Fault thru Sth Isl LT"},"geometry":{"type":"LineString","coordinates":[[168.506,-46.802],[168.505,-46.788],[168.489,-46.518],[168.747,-46.14],[169.002,-45.761],[169.253,-45.382],[169.602,-45.044],[169.871,-44.826],[170.259,-44.548],[170.588,-44.3],[170.917,-44.063],[171.186,-43.894],[171.744,-43.654],[172.298,-43.412],[172.576,-43.274],[172.934,-43.096],[173.441,-42.86],[173.537,-42.811]]}},{"type":"Feature","properties":{"boundary_type":"other","feature_type":"gpml:Fault","polarity":null,"overriding_plate_id":null,"subducting_plate_id":null,"plate_ids":[101,406],"name":"Kamchatka"},"geometry":{"type":"LineString","coordinates":[[158.141,62.424],[158.066,62.39],[157.443,62.098],[156.831,61.803],[156.376,61.456],[155.931,61.107],[155.496,60.756],[155.061,60.383],[154.635,60.008],[154.22,59.632],[153.813,59.255],[153.776,58.793],[153.74,58.332],[153.705,57.87],[153.671,57.408],[153.746,57.008],[153.82,56.609],[153.892,56.209],[153.962,55.809],[154.032,55.409],[154.178,54.978],[154.321,54.546],[154.461,54.114],[154.599,53.682],[154.705,53.223],[154.809,52.764],[154.911,52.304],[155.011,51.845],[155.108,51.385],[155.244,50.997],[155.378,50.609]]}},{"type":"Feature","properties":{"boundary_type":"other","feature_type":"gpml:OrogenicBelt","polarity":null,"overriding_plate_id":null,"subducting_plate_id":null,"plate_ids":[501,503],"name":"After Bird (2001), DB 04-2007"},"geometry":{"type":"LineString","coordinates":[[66.384,23.803],[66.38,24.122],[66.375,24.442]]}},{"type":"Feature","properties":{"boundary_type":"other","feature_type":"gpml:OrogenicBelt","polarity":null,"overriding_plate_id":null,"subducting_plate_id":null,"plate_ids":[301,501],"name":"After Bird (2001), DB 04-2007"},"geometry":{"type":"LineString","coordinates":[[66.375,24.442],[66.37,24.838],[66.365,25.234],[66.353,25.493],[66.34,25.752],[66.324,26.035],[66.308,26.318],[66.329,26.733],[66.351,27.147],[66.336,27.639],[66.226,27.804],[66.223,28.206],[66.221,28.609],[66.224,29.027],[66.488,29.177],[66.753,29.327],[67.221,29.15],[67.422,28.823],[67.621,28.496],[68.03,28.399],[68.42,28.499],[68.811,28.597],[68.904,28.89],[68.998,29.183],[69.021,29.476],[69.045,29.768],[69.069,30.061],[69.093,30.354],[68.913,30.801],[68.731,31.247],[68.962,31.516],[69.195,31.785],[69.429,32.053],[69.665,32.32],[69.872,32.594],[70.081,32.867],[70.291,33.14],[70.502,33.413],[70.785,33.764],[71.069,34.114],[71.368,33.873],[71.665,33.631],[71.961,33.389],[72.254,33.146],[72.628,32.907],[73.0,32.668],[73.393,32.545],[73.786,32.421],[74.098,32.088],[74.407,31.754],[74.446,31.478],[74.485,31.201],[74.897,30.978],[75.307,30.755],[75.56,30.557],[75.813,30.359],[76.134,30.282],[76.454,30.205],[76.68,30.049],[76.905,29.892],[77.269,29.567],[77.767,29.378],[78.067,29.106],[78.369,28.993],[78.671,28.88],[79.109,28.848],[79.434,28.744],[79.939,28.58],[80.276,28.217],[80.702,28.111],[81.126,28.005],[81.501,27.878],[81.875,27.75],[82.248,27.622],[82.62,27.492],[83.118,27.372],[83.615,27.25],[84.105,27.202],[84.594,27.152],[84.91,27.127],[85.227,27.102],[85.475,26.755],[85.817,26.7],[86.007,26.885],[86.197,27.07],[86.729,26.979],[87.017,26.979],[87.305,26.979],[87.782,27.07],[88.26,27.16],[88.759,27.001],[89.035,27.058],[89.312,27.114],[89.774,27.169],[90.237,27.223],[90.76,27.27],[91.283,27.315],[91.746,27.365],[92.21,27.413],[92.547,27.421],[92.847,27.629],[93.147,27.837],[93.456,28.059],[93.766,28.28],[94.078,28.426],[94.39,28.571],[94.777,28.563],[95.164,28.554],[95.724,28.552],[96.284,28.548],[96.427,28.173],[96.326,27.707],[96.131,27.278],[96.032,27.007],[95.933,26.736],[95.786,26.41],[95.64,26.083],[95.517,25.821],[95.394,25.559],[95.314,25.229],[95.233,24.899],[95.188,24.609],[95.143,24.32]]}},{"type":"Feature","properties":{"boundary_type":"other","feature_type":"gpml:FractureZone","polarity":null,"overriding_plate_id":null,"subducting_plate_id":null,"plate_ids":[301,701],"name":"Dead Sea F& Arab-Turk Suture NUVEL file., DB 04-2007"},"geometry":{"type":"LineString","coordinates":[[38.81,36.42],[38.687,36.281],[38.398,35.996]]}},{"type":"Feature","properties":{"boundary_type":"other","feature_type":"gpml:FractureZone","polarity":null,"overriding_plate_id":null,"subducting_plate_id":null,"plate_ids":[503,701],"name":"Dead Sea F& Arab-Turk Suture NUVEL file., DB 04-2007"},"geometry":{"type":"LineString","coordinates":[[38.398,35.996],[38.237,35.836],[37.948,35.67],[37.661,35.503],[37.37,35.355],[37.079,35.206],[36.836,35.008],[36.593,34.809],[36.302,34.661],[36.011,34.512],[35.766,34.264],[35.523,34.015],[35.133,33.718],[34.985,33.469],[34.838,33.22],[35.029,33.018],[34.977,32.619],[34.925,32.219],[34.823,31.77],[34.722,31.32],[34.62,30.954],[34.52,30.589],[34.42,30.222],[34.318,29.823],[34.218,29.424],[34.214,29.024],[34.21,28.624],[34.158,28.374],[34.107,28.125],[34.104,27.725],[34.1,27.325],[34.097,27.075],[34.095,26.825],[33.995,26.576],[33.895,26.326],[33.794,26.027],[33.694,25.728],[33.545,25.479],[33.396,25.23],[33.391,24.751]]}},{"type":"Feature","properties":{"boundary_type":"other","feature_type":"gpml:UnclassifiedFeature","polarity":null,"overriding_plate_id":null,"subducting_plate_id":null,"plate_ids":[801,901],"name":"MACQUARIE"},"geometry":{"type":"LineString","coordinates":[[164.445,-60.594],[164.255,-60.217],[164.07,-59.839],[163.889,-59.462],[163.718,-59.282],[163.455,-58.939],[162.854,-58.715],[162.245,-58.36],[161.849,-58.007],[161.488,-57.565],[161.367,-57.238],[161.29,-56.904],[161.302,-56.645],[161.258,-56.453],[161.276,-56.404],[161.393,-56.296],[161.547,-56.083],[161.621,-55.834],[161.685,-55.623],[161.686,-55.441],[161.705,-55.33],[161.706,-55.264],[161.742,-55.208],[161.858,-55.188],[162.01,-55.173],[162.126,-55.148],[162.297,-55.057],[162.341,-55.037],[162.565,-54.935],[162.779,-54.869],[163.013,-54.628],[163.113,-54.452],[163.178,-54.27],[163.278,-54.009],[163.369,-53.725],[163.417,-53.412],[163.501,-53.081],[163.601,-52.855],[163.814,-52.601],[164.026,-52.346],[164.314,-52.035],[164.691,-51.749],[164.953,-51.517],[165.179,-51.305],[165.53,-51.009],[165.746,-50.852],[165.955,-50.535],[166.164,-50.182],[166.319,-49.912],[166.564,-49.53],[166.727,-49.315],[166.872,-49.123],[167.026,-48.953],[167.153,-48.812],[167.269,-48.712],[167.351,-48.623],[167.46,-48.535],[167.639,-48.405],[167.811,-48.197],[167.939,-48.005],[168.076,-47.723],[168.204,-47.488],[168.295,-47.293],[168.396,-47.074],[168.478,-46.848],[168.506,-46.802]]}},{"type":"Feature","properties":{"boundary_type":"other","feature_type":"gpml:FractureZone","polarity":null,"overriding_plate_id":null,"subducting_plate_id":null,"plate_ids":[101,901],"name":"Northern most NAN PAC f NUMVEL file MG 4-28-07"},"geometry":{"type":"LineString","coordinates":[[-140.08,62.736],[-139.17,62.576],[-138.271,62.41],[-137.382,62.238],[-136.731,62.033],[-136.032,61.827],[-135.343,61.619],[-134.771,61.374],[-134.001,61.042],[-133.499,60.777],[-133.005,60.51],[-132.77,60.252],[-132.539,59.994],[-132.365,59.655],[-132.194,59.316],[-132.027,58.976],[-131.924,58.639],[-131.822,58.302],[-131.722,57.965],[-131.403,57.621],[-131.09,57.277],[-130.783,56.933],[-130.606,56.593],[-130.432,56.254],[-130.261,55.914],[-129.906,55.569],[-129.557,55.224],[-129.214,54.877],[-128.767,54.509],[-128.329,54.14],[-127.898,53.768],[-127.534,53.537],[-127.175,53.305],[-127.048,53.242]]}},{"type":"Feature","properties":{"boundary_type":"other","feature_type":"gpml:FractureZone","polarity":null,"overriding_plate_id":null,"subducting_plate_id":null,"plate_ids":[501,503],"name":"Owen FZ from NUVEL file, DB 04-2007"},"geometry":{"type":"LineString","coordinates":[[57.314,10.623],[57.601,10.987],[57.816,11.368],[58.031,11.749],[58.247,12.13],[58.463,12.511],[58.68,12.891],[58.932,13.256],[59.184,13.62],[59.438,13.984],[59.692,14.347],[59.947,14.71],[60.175,15.077],[60.403,15.444],[60.633,15.81],[60.863,16.176],[61.095,16.541],[61.327,16.907],[61.56,17.313],[61.794,17.718],[62.029,18.124],[62.265,18.529],[62.503,18.934],[62.741,19.339],[63.005,19.702],[63.27,20.066],[63.536,20.429],[63.804,20.791],[64.072,21.153],[64.32,21.452],[64.569,21.75],[64.819,22.048],[65.07,22.345],[65.335,22.693],[65.601,23.04],[65.861,23.295],[66.122,23.549],[66.384,23.803]]}},{"type":"Feature","properties":{"boundary_type":"ridge","feature_type":"gpml:MidOceanRidge","polarity":null,"overriding_plate_id":null,"subducting_plate_id":null,"plate_ids":[701,709],"name":"Aden Ridge from NUVEL file (MG)"},"geometry":{"type":"LineString","coordinates":[[40.92,8.98],[41.285,9.054],[41.65,9.128],[42.066,9.243],[42.481,9.359],[42.898,9.473],[43.024,9.49]]}},{"type":"Feature","properties":{"boundary_type":"ridge","feature_type":"gpml:MidOceanRidge","polarity":null,"overriding_plate_id":null,"subducting_plate_id":null,"plate_ids":[503,709],"name":"Aden Ridge from NUVEL file (MG)"},"geometry":{"type":"LineString","coordinates":[[43.024,9.49],[43.513,9.557],[44.002,9.623],[44.492,9.688],[44.981,9.752],[45.471,9.816],[45.664,10.12],[46.085,10.153],[46.506,10.186],[46.927,10.219],[47.348,10.251],[47.641,10.456],[47.935,10.662],[48.429,10.722],[48.924,10.782],[49.314,11.089],[49.647,10.997],[49.979,10.904],[50.312,10.81],[50.55,11.191],[50.789,11.571],[51.029,11.951],[51.269,12.331],[51.569,12.238],[51.868,12.144],[52.061,12.349],[52.461,12.208],[52.861,12.067],[53.084,12.372],[53.308,12.677],[53.532,12.982],[53.935,12.768],[54.337,12.553],[54.739,12.337],[55.139,12.121],[55.332,12.325],[55.637,12.083],[55.941,11.841],[56.245,11.598],[56.548,11.355],[56.804,11.111],[57.059,10.867],[57.314,10.623]]}},{"type":"Feature","properties":{"boundary_type":"ridge","feature_type":"gpml:MidOceanRidge","polarity":null,"overriding_plate_id":null,"subducting_plate_id":null,"plate_ids":[501,709],"name":"Aden Ridge from NUVEL file (MG)"},"geometry":{"type":"LineString","coordinates":[[57.314,10.623],[57.363,10.576],[57.604,10.331],[57.844,10.086],[58.085,9.84],[58.432,9.493],[58.778,9.145],[58.413,8.887],[58.049,8.629],[57.685,8.37],[57.322,8.112],[56.959,7.853],[56.597,7.593],[56.235,7.333],[55.874,7.074]]}},{"type":"Feature","properties":{"boundary_type":"other","feature_type":"gpml:InferredPaleoBoundary","polarity":null,"overriding_plate_id":null,"subducting_plate_id":null,"plate_ids":[659,699],"name":"Bndy Bonin-Mariana"},"geometry":{"type":"LineString","coordinates":[[142.541,25.847],[142.797,25.897],[143.068,26.059],[143.339,26.221],[143.771,26.37]]}},{"type":"Feature","properties":{"boundary_type":"other","feature_type":"gpml:InferredPaleoBoundary","polarity":null,"overriding_plate_id":null,"subducting_plate_id":null,"plate_ids":[659,901],"name":"Bndy Bonin-Mariana"},"geometry":{"type":"LineString","coordinates":[[143.771,26.37],[143.821,26.387]]}},{"type":"Feature","properties":{"boundary_type":"other","feature_type":"gpml:InferredPaleoBoundary","polarity":null,"overriding_plate_id":null,"subducting_plate_id":null,"plate_ids":[608,659],"name":"Bndy from Mar to Sikoku"},"geometry":{"type":"LineString","coordinates":[[140.584,25.136],[140.975,25.207],[141.367,25.278],[141.374,25.622],[141.382,25.967],[141.389,26.311]]}},{"type":"Feature","properties":{"boundary_type":"other","feature_type":"gpml:InferredPaleoBoundary","polarity":null,"overriding_plate_id":null,"subducting_plate_id":null,"plate_ids":[801,901],"name":"Hunter FractureZone DiCaprio"},"geometry":{"type":"LineString","coordinates":[[-179.083,-15.151],[-179.309,-15.376],[-179.536,-15.6]]}},{"type":"Feature","properties":{"boundary_type":"other","feature_type":"gpml:InferredPaleoBoundary","polarity":null,"overriding_plate_id":null,"subducting_plate_id":null,"plate_ids":[801,824],"name":"Hunter FractureZone DiCaprio"},"geometry":{"type":"LineString","coordinates":[[-179.536,-15.6],[-179.871,-15.93],[179.794,-16.26],[179.457,-16.588],[179.119,-16.917],[178.78,-17.244],[178.44,-17.572],[178.098,-17.898],[177.756,-18.224],[177.411,-18.55],[177.124,-18.844],[176.836,-19.137],[176.547,-19.43]]}},{"type":"Feature","properties":{"boundary_type":"other","feature_type":"gpml:InferredPaleoBoundary","polarity":null,"overriding_plate_id":null,"subducting_plate_id":null,"plate_ids":[301,607],"name":"Indonesian bndy w IND-mg"},"geometry":{"type":"LineString","coordinates":[[95.746,25.057],[95.444,24.689],[95.143,24.32]]}},{"type":"Feature","properties":{"boundary_type":"other","feature_type":"gpml:InferredPaleoBoundary","polarity":null,"overriding_plate_id":null,"subducting_plate_id":null,"plate_ids":[501,607],"name":"Indonesian bndy w IND-mg"},"geometry":{"type":"LineString","coordinates":[[95.143,24.32],[94.832,23.936],[94.523,23.551],[94.399,23.15],[94.276,22.748],[94.153,22.347],[94.031,21.945],[93.91,21.543],[93.815,21.071],[93.722,20.599],[93.628,20.127],[93.536,19.655],[93.423,19.212],[93.31,18.769],[93.198,18.325],[93.087,17.882],[92.976,17.439],[92.87,16.95],[92.764,16.462],[92.659,15.973],[92.555,15.485],[92.45,14.996],[92.347,14.507],[92.233,14.029],[92.12,13.55],[92.008,13.071],[91.895,12.592],[91.784,12.114],[91.672,11.635],[91.561,11.156],[91.451,10.677],[91.341,10.198]]}},{"type":"Feature","properties":{"boundary_type":"other","feature_type":"gpml:InferredPaleoBoundary","polarity":null,"overriding_plate_id":null,"subducting_plate_id":null,"plate_ids":[301,701],"name":"Morocco"},"geometry":{"type":"LineString","coordinates":[[-32.878,33.178],[-32.546,33.153],[-32.214,33.127],[-31.64,33.16],[-31.065,33.191],[-30.49,33.219],[-29.915,33.244],[-29.34,33.267],[-28.764,33.287],[-28.188,33.304],[-27.612,33.319],[-27.069,33.336],[-26.525,33.35],[-25.982,33.363],[-25.438,33.373],[-24.894,33.381],[-24.35,33.386],[-23.761,33.415],[-23.172,33.441],[-22.583,33.464],[-21.993,33.484],[-21.403,33.502],[-20.847,33.526],[-20.291,33.548],[-19.734,33.567],[-19.178,33.584],[-18.621,33.598],[-18.063,33.61],[-17.539,33.643],[-17.015,33.674],[-16.49,33.703],[-15.965,33.729],[-15.439,33.754],[-14.914,33.776],[-14.38,33.845],[-13.845,33.912],[-13.31,33.976],[-12.773,34.039],[-12.236,34.098],[-11.698,34.156],[-11.16,34.211],[-10.621,34.264],[-10.192,34.283],[-9.764,34.301],[-9.335,34.317],[-8.851,34.238],[-8.368,34.157],[-7.886,34.074],[-7.405,33.989],[-6.888,33.965],[-6.372,33.939],[-5.856,33.911],[-5.34,33.881],[-4.825,33.848],[-4.31,33.814],[-3.775,33.846],[-3.24,33.877],[-2.705,33.905],[-2.17,33.931],[-1.634,33.954],[-1.098,33.975],[-0.561,33.994],[-0.025,34.01],[0.512,34.025],[1.023,33.977],[1.534,33.928],[2.044,33.876],[2.553,33.822]]}},{"type":"Feature","properties":{"boundary_type":"other","feature_type":"gpml:InferredPaleoBoundary","polarity":null,"overriding_plate_id":null,"subducting_plate_id":null,"plate_ids":[824,901],"name":"Near Vitius tr-MG-5-24-07"},"geometry":{"type":"LineString","coordinates":[[169.83,-10.842],[170.164,-10.775],[170.606,-10.61],[171.047,-10.444],[171.383,-10.383],[171.719,-10.321],[172.055,-10.259],[172.392,-10.173],[172.728,-10.087],[173.065,-10.001],[173.429,-9.926],[173.793,-9.851]]}},{"type":"Feature","properties":{"boundary_type":"other","feature_type":"gpml:InferredPaleoBoundary","polarity":null,"overriding_plate_id":null,"subducting_plate_id":null,"plate_ids":[801,821],"name":"PB between NZ Havre"},"geometry":{"type":"LineString","coordinates":[[177.185,-37.357],[177.636,-37.479],[178.088,-37.598],[178.542,-37.716],[179.082,-37.787],[179.622,-37.856],[-179.836,-37.923],[-179.294,-37.986],[-179.07,-37.971]]}},{"type":"Feature","properties":{"boundary_type":"other","feature_type":"gpml:InferredPaleoBoundary","polarity":null,"overriding_plate_id":null,"subducting_plate_id":null,"plate_ids":[608,653],"name":"Philippine Plate from NUVEL"},"geometry":{"type":"LineString","coordinates":[[134.569,-2.319],[134.678,-1.945],[134.787,-1.571],[134.896,-1.197],[135.005,-0.824],[135.172,-0.41],[135.339,0.003],[135.506,0.416],[135.673,0.829],[135.816,1.267],[135.959,1.706],[136.103,2.144],[136.181,2.622],[136.26,3.1],[136.338,3.578],[136.609,3.971],[136.88,4.365],[137.151,4.758],[137.422,5.151],[137.594,5.53],[137.765,5.909],[137.937,6.288],[138.11,6.666],[138.271,7.074],[138.433,7.482],[138.596,7.89],[138.758,8.297],[138.921,8.705],[139.336,8.867],[139.751,9.028],[140.167,9.189],[140.386,9.378],[140.606,9.568]]}},{"type":"Feature","properties":{"boundary_type":"other","feature_type":"gpml:InferredPaleoBoundary","polarity":null,"overriding_plate_id":null,"subducting_plate_id":null,"plate_ids":[821,901],"name":"LauColville LT"},"geometry":{"type":"LineString","coordinates":[[-179.558,-13.196],[-179.49,-13.57],[-179.423,-13.943],[-179.355,-14.317],[-179.219,-14.734],[-179.083,-15.151]]}},{"type":"Feature","properties":{"boundary_type":"other","feature_type":"gpml:InferredPaleoBoundary","polarity":null,"overriding_plate_id":null,"subducting_plate_id":null,"plate_ids":[801,821],"name":"LauColville LT"},"geometry":{"type":"LineString","coordinates":[[-179.083,-15.151],[-178.937,-15.593],[-178.792,-16.036],[-178.645,-16.478],[-178.498,-16.92],[-178.35,-17.362],[-178.201,-17.804],[-178.052,-18.246],[-177.901,-18.688],[-177.751,-19.13],[-177.764,-19.585],[-177.778,-20.04],[-177.793,-20.496],[-177.807,-20.951],[-177.821,-21.406],[-177.835,-21.862],[-177.85,-22.317],[-177.897,-22.788],[-177.945,-23.259],[-177.993,-23.729],[-178.042,-24.2],[-178.09,-24.671],[-178.139,-25.142],[-178.189,-25.613],[-178.239,-26.084],[-178.289,-26.554],[-178.34,-27.025],[-178.391,-27.496],[-178.443,-27.966],[-178.495,-28.437],[-178.547,-28.908],[-178.6,-29.378],[-178.654,-29.849],[-178.708,-30.32],[-178.932,-30.762],[-179.157,-31.204],[-179.385,-31.646],[-179.615,-32.087],[-179.848,-32.528],[179.918,-32.969],[179.681,-33.409],[179.442,-33.848],[179.2,-34.287],[178.956,-34.726],[178.709,-35.164],[178.459,-35.601],[178.207,-36.039],[177.951,-36.475],[177.698,-36.77],[177.443,-37.064],[177.185,-37.357]]}},{"type":"Feature","properties":{"boundary_type":"ridge","feature_type":"gpml:MidOceanRidge","polarity":null,"overriding_plate_id":null,"subducting_plate_id":null,"plate_ids":[511,709],"name":"Ridge f iso A5 on AUS at 10.9Ma"},"geometry":{"type":"LineString","coordinates":[[69.759,-26.789],[69.832,-26.861]]}},{"type":"Feature","properties":{"boundary_type":"ridge","feature_type":"gpml:MidOceanRidge","polarity":null,"overriding_plate_id":null,"subducting_plate_id":null,"plate_ids":[511,802],"name":"Ridge f iso A5 on AUS at 10.9Ma"},"geometry":{"type":"LineString","coordinates":[[69.832,-26.861],[70.0,-27.024],[70.347,-27.221],[70.696,-27.417],[71.046,-27.613],[71.217,-27.48],[71.58,-27.759],[71.945,-28.037],[72.312,-28.315],[72.68,-28.591],[73.051,-28.866],[73.34,-28.735],[73.705,-29.068],[74.073,-29.399],[74.443,-29.729],[74.815,-30.058],[74.479,-30.354],[74.836,-30.602],[75.194,-30.85],[75.555,-31.096],[75.39,-31.344],[75.224,-31.592],[75.628,-31.892],[76.034,-32.192],[76.443,-32.49],[76.855,-32.787],[76.685,-33.008],[76.515,-33.229],[76.98,-33.537],[77.448,-33.844],[77.92,-34.148],[78.395,-34.451],[78.056,-34.818],[77.713,-35.184],[77.368,-35.55],[77.74,-35.777],[78.114,-36.002],[78.49,-36.227],[78.869,-36.45],[78.735,-36.686],[79.077,-36.915],[79.421,-37.143],[79.767,-37.37],[79.47,-37.654],[79.172,-37.938],[78.87,-38.221],[78.971,-38.309]]}},{"type":"Feature","properties":{"boundary_type":"ridge","feature_type":"gpml:MidOceanRidge","polarity":null,"overriding_plate_id":null,"subducting_plate_id":null,"plate_ids":[801,802],"name":"Ridge f iso A5 on AUS at 10.9Ma"},"geometry":{"type":"LineString","coordinates":[[78.971,-38.309],[79.292,-38.586],[79.616,-38.862],[79.271,-39.221],[78.924,-39.579],[78.572,-39.936],[78.217,-40.292],[77.859,-40.647],[77.496,-41.0],[77.96,-41.288],[78.428,-41.575],[78.9,-41.859],[79.377,-42.141],[79.857,-42.422],[80.342,-42.7],[80.832,-42.976],[81.224,-42.64],[81.613,-42.303],[82.074,-42.557],[82.539,-42.809],[83.008,-43.059],[83.481,-43.307],[83.958,-43.553],[84.438,-43.798],[84.807,-43.382],[85.171,-42.964],[85.53,-42.546],[85.885,-42.127],[86.422,-42.382],[86.963,-42.635],[87.508,-42.885],[88.058,-43.132],[88.612,-43.377],[88.865,-43.072],[89.116,-42.766],[89.671,-42.99],[90.23,-43.211],[90.793,-43.43],[91.361,-43.646],[91.932,-43.858],[92.507,-44.068],[93.087,-44.276],[93.67,-44.48],[94.261,-44.708],[94.856,-44.933],[95.456,-45.155],[96.061,-45.374],[96.67,-45.589],[97.284,-45.802],[97.902,-46.011],[97.662,-46.399],[97.417,-46.787],[97.17,-47.175],[96.918,-47.562],[97.533,-47.77],[98.153,-47.975],[98.778,-48.176],[99.408,-48.375],[100.043,-48.569],[100.683,-48.76],[100.925,-48.446],[101.164,-48.131],[101.793,-48.288],[102.425,-48.441],[103.062,-48.591],[103.702,-48.737],[104.345,-48.88],[104.993,-49.019],[105.71,-49.181],[106.431,-49.338],[107.157,-49.491],[107.888,-49.639],[107.88,-49.654],[108.031,-49.425],[108.718,-49.548],[109.409,-49.667],[110.103,-49.782],[110.8,-49.892],[111.501,-49.999],[112.204,-50.101],[112.91,-50.199],[113.619,-50.293],[114.331,-50.382],[115.046,-50.467],[115.763,-50.547],[115.89,-50.271],[116.015,-49.995],[116.677,-50.063],[117.34,-50.128],[118.005,-50.188],[118.089,-49.848],[118.171,-49.507],[118.665,-49.61],[119.162,-49.71],[119.66,-49.808],[120.271,-49.826],[120.882,-49.841],[121.494,-49.852],[122.106,-49.86],[122.301,-49.881],[122.362,-49.552],[122.423,-49.223],[122.813,-49.291],[123.205,-49.357],[123.148,-49.762],[123.885,-49.766],[124.621,-49.766],[125.358,-49.761],[125.437,-49.456],[125.514,-49.151],[126.087,-49.291],[126.663,-49.428],[127.242,-49.562],[127.783,-49.548],[127.791,-49.067],[128.353,-49.091],[128.914,-49.113],[128.917,-49.539],[128.919,-49.965],[128.922,-50.391],[129.6,-50.414],[130.279,-50.434],[130.958,-50.449],[131.637,-50.46],[132.371,-50.456],[133.105,-50.447],[133.839,-50.433],[134.572,-50.415],[135.304,-50.392],[136.028,-50.375],[136.752,-50.354],[137.475,-50.328],[138.197,-50.298],[138.918,-50.264],[139.699,-50.255],[140.481,-50.242],[141.261,-50.224],[141.345,-50.632],[141.431,-51.039],[141.518,-51.447],[141.607,-51.855],[141.697,-52.263],[142.195,-52.22],[142.692,-52.176],[142.896,-52.659],[143.104,-53.141],[143.317,-53.623],[144.046,-53.559],[144.773,-53.49],[145.497,-53.417],[145.656,-53.79],[145.818,-54.164],[145.983,-54.536],[146.661,-54.45],[147.337,-54.361],[148.01,-54.267],[148.679,-54.17],[148.881,-54.595],[149.087,-55.021],[149.298,-55.446],[149.513,-55.87],[149.733,-56.295],[149.957,-56.718],[150.187,-57.142],[150.697,-57.045],[151.204,-56.947],[151.496,-57.404],[151.795,-57.861],[152.102,-58.318],[152.417,-58.773],[152.74,-59.228],[153.072,-59.681],[153.358,-60.103],[153.652,-60.525],[153.954,-60.946],[154.834,-60.788],[155.706,-60.625],[156.568,-60.456],[157.046,-60.892],[157.536,-61.326],[158.041,-61.759],[158.559,-62.189],[159.416,-62.001],[160.262,-61.807],[161.097,-61.608],[161.921,-61.404],[162.735,-61.195]]}},{"type":"Feature","properties":{"boundary_type":"ridge","feature_type":"gpml:MidOceanRidge","polarity":null,"overriding_plate_id":null,"subducting_plate_id":null,"plate_ids":[801,901],"name":"Ridge f iso A5 on AUS at 10.9Ma"},"geometry":{"type":"LineString","coordinates":[[162.735,-61.195],[163.248,-61.059],[163.851,-60.828],[164.445,-60.594]]}},{"type":"Feature","properties":{"boundary_type":"ridge","feature_type":"gpml:MidOceanRidge","polarity":null,"overriding_plate_id":null,"subducting_plate_id":null,"plate_ids":[511,709],"name":"Ridge f iso A5 on IND-AUS at 10.9Ma"},"geometry":{"type":"LineString","coordinates":[[69.759,-26.789],[69.922,-26.612],[69.777,-26.182],[69.634,-25.752],[69.491,-25.322],[69.35,-24.892],[69.209,-24.461],[69.07,-24.031],[69.175,-23.816],[68.93,-23.379],[68.686,-22.942],[68.444,-22.505],[68.203,-22.068],[67.781,-22.297],[67.532,-22.085],[67.284,-21.871],[66.832,-21.993],[66.525,-21.637],[66.22,-21.28],[65.917,-20.922],[65.615,-20.564],[65.314,-20.206],[65.015,-19.847],[65.366,-19.619],[65.715,-19.39],[66.064,-19.16],[66.411,-18.93],[66.758,-18.7],[66.596,-18.449],[66.434,-18.199],[66.844,-17.937],[67.253,-17.674],[66.959,-17.277],[66.667,-16.88],[66.376,-16.482],[66.086,-16.084],[65.797,-15.686],[66.216,-15.436],[66.634,-15.185],[66.379,-14.835],[66.124,-14.484],[65.87,-14.133],[65.617,-13.782],[65.937,-13.56],[66.255,-13.338],[65.987,-12.968],[66.388,-12.666],[66.232,-12.443],[66.076,-12.219],[66.425,-11.949],[66.774,-11.678],[67.121,-11.407],[66.892,-11.058],[67.203,-10.786],[67.513,-10.514],[67.822,-10.241],[68.131,-9.968],[67.894,-9.705],[67.657,-9.442],[67.42,-9.179],[67.733,-8.812]]}},{"type":"Feature","properties":{"boundary_type":"ridge","feature_type":"gpml:MidOceanRidge","polarity":null,"overriding_plate_id":null,"subducting_plate_id":null,"plate_ids":[608,659],"name":"Ridge f iso on  at 4.8Ma"},"geometry":{"type":"LineString","coordinates":[[141.389,26.311],[141.397,26.655],[141.404,26.999],[141.412,27.343],[141.697,26.97],[141.98,26.597],[142.261,26.222],[142.541,25.847]]}},{"type":"Feature","properties":{"boundary_type":"ridge","feature_type":"gpml:MidOceanRidge","polarity":null,"overriding_plate_id":null,"subducting_plate_id":null,"plate_ids":[608,699],"name":"Ridge f iso on  at 4.8Ma"},"geometry":{"type":"LineString","coordinates":[[142.541,25.847],[142.82,25.471],[143.097,25.094],[143.372,24.716],[143.645,24.338],[143.917,23.96],[144.18,23.557],[144.442,23.154],[144.702,22.751],[144.961,22.347],[145.218,21.942],[145.473,21.538],[145.644,21.318],[145.757,21.365],[146.005,20.961],[146.251,20.557],[146.437,20.656],[146.545,20.407],[146.653,20.158],[146.771,19.857],[146.89,19.556],[146.734,19.477],[146.825,19.14],[146.915,18.804],[147.006,18.468],[146.832,18.317],[146.68,17.879],[146.529,17.44],[146.378,17.002],[146.229,16.564],[146.08,16.125],[145.885,15.759],[145.692,15.393],[145.499,15.027],[145.307,14.661],[145.115,14.294],[144.982,13.938],[144.85,13.582],[144.719,13.226],[144.587,12.87]]}},{"type":"Feature","properties":{"boundary_type":"ridge","feature_type":"gpml:MidOceanRidge","polarity":null,"overriding_plate_id":null,"subducting_plate_id":null,"plate_ids":[802,911],"name":"Ridge from iso 5 at 10.9Ma on Antarctica Plate"},"geometry":{"type":"LineString","coordinates":[[-108.763,-35.153],[-108.194,-35.26],[-107.623,-35.364],[-107.051,-35.465],[-106.492,-35.514],[-105.932,-35.559],[-105.371,-35.602],[-104.809,-35.643],[-104.247,-35.681],[-103.693,-35.773],[-103.137,-35.863],[-102.579,-35.95],[-102.021,-36.035],[-101.461,-36.117],[-100.901,-36.197],[-100.339,-36.273],[-99.776,-36.348],[-99.212,-36.419],[-98.647,-36.488],[-98.081,-36.554],[-98.057,-37.038],[-97.595,-37.051],[-97.133,-37.062],[-96.67,-37.072],[-96.676,-37.486],[-96.683,-37.9],[-96.689,-38.315],[-96.26,-38.33],[-95.832,-38.344],[-95.839,-38.639],[-95.847,-38.935],[-95.401,-38.964],[-94.956,-38.992],[-94.941,-39.438],[-94.925,-39.884],[-94.909,-40.331],[-95.431,-40.34],[-95.952,-40.348],[-95.926,-40.759],[-95.9,-41.17],[-95.37,-41.173],[-94.841,-41.173],[-94.311,-41.171],[-94.233,-41.646],[-93.646,-41.631],[-93.059,-41.613],[-92.472,-41.592],[-91.886,-41.568],[-91.3,-41.541],[-91.302,-41.813],[-90.777,-41.79],[-90.252,-41.764],[-89.727,-41.736],[-89.203,-41.705],[-89.171,-41.956],[-88.713,-41.934],[-88.256,-41.911],[-87.798,-41.886],[-87.761,-42.29],[-87.723,-42.694],[-87.684,-43.098],[-87.646,-43.502],[-87.049,-43.451],[-86.453,-43.397],[-86.399,-43.862],[-86.344,-44.327],[-86.288,-44.792],[-86.232,-45.257],[-86.174,-45.721],[-85.468,-45.649],[-84.764,-45.573],[-84.062,-45.492],[-83.362,-45.407],[-82.664,-45.318],[-82.58,-45.762],[-82.495,-46.206],[-82.409,-46.651],[-81.743,-46.588],[-81.078,-46.521],[-80.415,-46.45],[-79.753,-46.376],[-79.634,-46.755],[-79.095,-46.685],[-78.998,-47.014],[-78.899,-47.344],[-78.471,-47.28],[-78.4,-47.517],[-77.712,-47.473],[-77.026,-47.425],[-76.34,-47.372]]}},{"type":"Feature","properties":{"boundary_type":"ridge","feature_type":"gpml:MidOceanRidge","polarity":null,"overriding_plate_id":null,"subducting_plate_id":null,"plate_ids":[101,101],"name":"Ridge from iso A5 from NorthAmerica 10.9Ma"},"geometry":{"type":"LineString","coordinates":[[-26.39,43.285],[-26.515,42.939],[-26.638,42.592],[-26.759,42.245]]}},{"type":"Feature","properties":{"boundary_type":"ridge","feature_type":"gpml:MidOceanRidge","polarity":null,"overriding_plate_id":null,"subducting_plate_id":null,"plate_ids":[101,301],"name":"Ridge from iso A5 from NorthAmerica 10.9Ma"},"geometry":{"type":"LineString","coordinates":[[-26.759,42.245],[-26.885,41.882],[-26.961,41.725],[-27.235,41.768],[-27.36,41.398],[-27.483,41.027],[-27.504,40.746],[-27.552,40.403],[-27.522,40.229],[-27.499,39.998],[-27.544,39.752],[-27.595,39.527],[-27.72,39.265],[-27.776,39.111],[-27.795,38.95],[-27.618,38.893],[-27.726,38.574],[-27.77,38.376],[-27.972,38.389],[-28.036,37.939],[-28.1,37.489],[-28.163,37.039],[-28.343,37.071],[-28.522,36.734],[-28.7,36.397],[-28.876,36.049],[-29.015,36.048],[-29.224,35.68],[-29.432,35.312],[-29.752,35.35],[-29.88,35.016],[-30.457,35.154],[-31.036,35.288],[-31.191,34.893],[-31.347,34.915],[-31.477,34.504],[-31.561,34.514],[-31.717,34.232],[-31.954,34.283],[-32.125,34.037],[-32.268,33.723],[-32.409,33.409],[-32.748,33.474],[-32.878,33.178]]}},{"type":"Feature","properties":{"boundary_type":"ridge","feature_type":"gpml:MidOceanRidge","polarity":null,"overriding_plate_id":null,"subducting_plate_id":null,"plate_ids":[101,701],"name":"Ridge from iso A5 from NorthAmerica 10.9Ma"},"geometry":{"type":"LineString","coordinates":[[-32.878,33.178],[-33.03,32.827],[-33.437,32.92],[-33.845,33.011],[-34.254,33.1],[-34.36,32.799],[-34.464,32.498],[-35.041,32.615],[-35.148,32.304],[-35.254,31.992],[-35.586,32.07],[-35.758,31.736],[-35.929,31.401],[-35.99,31.409],[-36.498,31.515],[-37.007,31.618],[-37.517,31.72],[-37.729,31.41],[-37.939,31.099],[-37.766,31.049],[-38.062,30.682],[-38.357,30.314],[-38.649,29.946],[-38.939,29.577],[-39.227,29.207],[-39.366,29.234],[-39.677,28.837],[-39.805,28.856],[-40.131,28.463],[-40.454,28.069],[-40.869,28.145],[-41.017,27.834],[-41.164,27.523],[-41.321,27.556],[-41.508,27.231],[-41.694,26.906],[-41.985,26.971],[-42.166,26.572],[-42.346,26.173],[-42.524,25.774],[-42.702,25.374],[-42.878,24.974],[-43.053,24.574],[-43.227,24.174],[-43.311,24.179],[-43.509,23.78],[-43.705,23.38],[-44.05,23.449],[-44.201,23.103],[-44.352,22.756],[-44.658,22.827],[-44.796,22.481],[-44.933,22.136],[-44.528,22.028],[-44.125,21.92],[-43.721,21.811],[-43.757,21.476],[-43.793,21.14],[-43.829,20.805],[-43.866,20.805],[-43.916,20.409],[-43.966,20.012],[-44.276,20.073],[-44.386,19.68],[-44.496,19.287],[-44.605,18.894],[-44.303,18.806],[-44.413,18.403],[-44.523,18.0],[-44.56,18.01],[-44.637,17.567],[-44.714,17.123],[-44.803,16.854],[-44.892,16.585],[-44.975,16.602],[-45.086,16.221],[-45.196,15.84],[-45.145,15.823],[-45.264,15.371],[-45.382,14.919],[-45.501,14.468],[-45.618,14.016]]}},{"type":"Feature","properties":{"boundary_type":"ridge","feature_type":"gpml:MidOceanRidge","polarity":null,"overriding_plate_id":null,"subducting_plate_id":null,"plate_ids":[201,701],"name":"Ridge from iso A5 from NorthAmerica 10.9Ma"},"geometry":{"type":"LineString","coordinates":[[-45.618,14.016],[-45.685,13.76],[-45.703,13.702]]}},{"type":"Feature","properties":{"boundary_type":"ridge","feature_type":"gpml:MidOceanRidge","polarity":null,"overriding_plate_id":null,"subducting_plate_id":null,"plate_ids":[901,911],"name":"BELLINGHAUSEN SEA, MARIE BYRD LAND-PACIFIC"},"geometry":{"type":"LineString","coordinates":[[-108.606,-34.432],[-108.658,-34.737],[-108.763,-35.153]]}},{"type":"Feature","properties":{"boundary_type":"ridge","feature_type":"gpml:MidOceanRidge","polarity":null,"overriding_plate_id":null,"subducting_plate_id":null,"plate_ids":[802,901],"name":"BELLINGHAUSEN SEA, MARIE BYRD LAND-PACIFIC"},"geometry":{"type":"LineString","coordinates":[[-108.763,-35.153],[-108.773,-35.194],[-108.892,-35.684],[-109.012,-36.174],[-109.134,-36.664],[-109.258,-37.153],[-109.383,-37.643],[-109.509,-38.133],[-109.638,-38.622],[-109.768,-39.111],[-109.284,-39.178],[-108.799,-39.242],[-108.314,-39.305],[-108.492,-39.779],[-108.672,-40.252],[-108.855,-40.725],[-109.041,-41.198],[-109.229,-41.671],[-109.421,-42.144],[-109.615,-42.616],[-109.812,-43.087],[-110.012,-43.559],[-110.215,-44.03],[-110.421,-44.501],[-110.631,-44.971],[-110.844,-45.441],[-111.061,-45.91],[-111.282,-46.379],[-111.506,-46.848],[-111.734,-47.316],[-111.967,-47.784],[-112.204,-48.251],[-112.445,-48.718],[-112.69,-49.184],[-112.94,-49.65],[-113.621,-49.548],[-114.298,-49.442],[-114.973,-49.332],[-115.645,-49.218],[-116.313,-49.1],[-116.546,-49.562],[-116.784,-50.024],[-117.026,-50.485],[-117.273,-50.946],[-117.525,-51.406],[-117.782,-51.866],[-118.044,-52.325],[-117.515,-52.406],[-117.752,-52.838],[-117.995,-53.269],[-118.242,-53.699],[-118.494,-54.13],[-119.079,-54.027],[-119.323,-54.448],[-119.571,-54.869],[-119.825,-55.289],[-120.084,-55.709],[-120.807,-55.578],[-121.525,-55.443],[-122.238,-55.303],[-122.946,-55.16],[-123.649,-55.012],[-124.346,-54.861],[-124.513,-55.1],[-124.681,-55.339],[-125.463,-55.197],[-126.24,-55.05],[-127.01,-54.897],[-127.775,-54.74],[-128.534,-54.578],[-129.286,-54.412],[-130.033,-54.241],[-130.773,-54.065],[-131.507,-53.885],[-132.234,-53.7],[-132.956,-53.511],[-133.67,-53.317],[-134.378,-53.12],[-135.08,-52.918],[-135.371,-53.33],[-135.668,-53.741],[-135.971,-54.151],[-136.28,-54.561],[-136.595,-54.97],[-136.917,-55.378],[-137.246,-55.785],[-137.581,-56.191],[-137.924,-56.596],[-138.689,-56.423],[-139.447,-56.244],[-140.198,-56.061],[-140.942,-55.874],[-141.679,-55.682],[-142.408,-55.485],[-143.13,-55.285],[-143.845,-55.08],[-144.553,-54.871],[-144.939,-55.247],[-145.332,-55.622],[-145.734,-55.996],[-146.143,-56.368],[-146.56,-56.739],[-147.186,-56.572],[-147.551,-56.952],[-147.924,-57.331],[-148.305,-57.71],[-148.694,-58.086],[-149.092,-58.462],[-149.497,-58.836],[-149.971,-58.706],[-150.441,-58.574],[-150.882,-59.015],[-151.334,-59.455],[-150.466,-59.676],[-150.943,-60.089],[-151.433,-60.499],[-151.935,-60.908],[-152.45,-61.315],[-152.979,-61.72],[-153.522,-62.123],[-154.079,-62.524],[-154.977,-62.313],[-155.861,-62.096],[-156.733,-61.873],[-157.593,-61.646],[-158.439,-61.413],[-158.845,-61.732],[-159.511,-61.524],[-160.169,-61.312],[-160.817,-61.098],[-161.33,-61.452],[-161.854,-61.804],[-162.39,-62.154],[-163.134,-61.951],[-163.869,-61.744],[-164.593,-61.533],[-165.308,-61.318],[-165.859,-61.674],[-166.423,-62.028],[-167.001,-62.38],[-167.592,-62.73],[-168.197,-63.077],[-168.817,-63.421],[-169.61,-63.196],[-170.391,-62.966],[-171.059,-63.359],[-171.746,-63.749],[-172.452,-64.136],[-173.178,-64.52],[-173.952,-64.289],[-174.712,-64.054],[-175.365,-64.465],[-176.037,-64.873]]}},{"type":"Feature","properties":{"boundary_type":"ridge","feature_type":"gpml:MidOceanRidge","polarity":null,"overriding_plate_id":null,"subducting_plate_id":null,"plate_ids":[802,901],"name":"MOR extended for closure AT"},"geometry":{"type":"LineString","coordinates":[[-176.037,-64.873],[-175.991,-64.923],[-176.822,-65.271],[-177.675,-65.614],[-178.55,-65.952],[-179.449,-66.285],[179.628,-66.613],[178.68,-66.935],[177.708,-67.252],[176.71,-67.562],[175.685,-67.866],[174.634,-68.163]]}},{"type":"Feature","properties":{"boundary_type":"ridge","feature_type":"gpml:MidOceanRidge","polarity":null,"overriding_plate_id":null,"subducting_plate_id":null,"plate_ids":[101,901],"name":"PAC NAM spreading GulfCalifornia NUVEL MG 4-30-07 mod COB"},"geometry":{"type":"LineString","coordinates":[[-111.872,32.229],[-112.056,32.072],[-111.743,31.695],[-111.54,31.411],[-111.339,31.128],[-111.186,30.885],[-110.934,30.658],[-110.777,30.322],[-110.596,30.136],[-110.367,29.964],[-110.335,29.736],[-110.132,29.556],[-109.995,29.263],[-109.713,29.012],[-109.537,28.754],[-109.198,28.636],[-108.986,28.27],[-108.728,27.846],[-108.54,27.615],[-108.447,27.499],[-108.252,27.246],[-108.053,26.901],[-107.805,26.639],[-107.612,26.457],[-107.443,26.267],[-107.201,26.069],[-106.953,25.742],[-106.831,25.61],[-106.624,25.543],[-106.529,25.439],[-106.249,25.026],[-106.063,24.717],[-105.879,24.409],[-105.741,24.152],[-105.604,23.896],[-105.27,23.528],[-104.939,23.159],[-104.897,23.135]]}},{"type":"Feature","properties":{"boundary_type":"ridge","feature_type":"gpml:MidOceanRidge","polarity":null,"overriding_plate_id":null,"subducting_plate_id":null,"plate_ids":[101,970],"name":"PAC NAM spreading GulfCalifornia NUVEL MG 4-30-07 mod COB"},"geometry":{"type":"LineString","coordinates":[[-104.897,23.135],[-104.617,22.974],[-104.338,22.811],[-103.896,22.592],[-103.614,22.46],[-103.469,22.277]]}},{"type":"Feature","properties":{"boundary_type":"ridge","feature_type":"gpml:MidOceanRidge","polarity":null,"overriding_plate_id":null,"subducting_plate_id":null,"plate_ids":[101,301],"name":"Porcupine MOR"},"geometry":{"type":"LineString","coordinates":[[-27.893,50.0],[-27.908,49.906],[-27.952,49.449],[-27.995,48.992],[-27.724,48.906],[-27.713,48.486],[-27.703,48.066],[-27.036,47.95],[-26.372,47.83],[-26.302,47.498],[-26.233,47.165],[-26.162,47.055],[-26.045,46.922],[-25.923,46.756],[-25.821,46.587],[-25.795,46.45],[-25.816,46.273],[-25.632,46.237],[-25.648,46.04],[-25.572,45.929],[-25.51,45.846],[-25.464,45.749],[-25.378,45.386],[-25.293,45.023],[-25.331,44.549],[-25.403,44.27],[-25.473,43.99],[-25.647,43.606],[-25.819,43.222],[-26.03,42.882],[-26.239,42.541],[-26.445,42.2],[-26.759,42.245]]}},{"type":"Feature","properties":{"boundary_type":"ridge","feature_type":"gpml:MidOceanRidge","polarity":null,"overriding_plate_id":null,"subducting_plate_id":null,"plate_ids":[503,701],"name":"Red sea rift from NUVEL file (MG)"},"geometry":{"type":"LineString","coordinates":[[33.391,24.751],[33.505,24.578],[33.703,24.33],[33.901,24.081],[34.135,23.65],[34.367,23.218],[34.598,22.786],[34.824,22.413],[35.048,22.04],[35.272,21.666],[35.494,21.293],[35.696,20.935],[35.897,20.577],[36.097,20.218],[36.296,19.86],[36.494,19.501],[36.713,19.137],[36.932,18.773],[37.149,18.408],[37.366,18.043],[37.582,17.678],[37.797,17.313],[38.025,16.891],[38.252,16.468],[38.478,16.045],[38.703,15.622],[38.927,15.205],[39.15,14.787],[39.372,14.37],[39.593,13.952],[39.814,13.534],[40.037,13.197],[40.259,12.86],[40.481,12.522],[40.702,12.184],[40.923,11.847],[41.225,11.484],[41.527,11.121],[41.828,10.758],[42.164,10.429],[42.499,10.1],[42.833,9.771],[43.024,9.49]]}},{"type":"Feature","properties":{"boundary_type":"ridge","feature_type":"gpml:MidOceanRidge","polarity":null,"overriding_plate_id":null,"subducting_plate_id":null,"plate_ids":[701,802],"name":"Ridge from iso A5 from Antarctica at 10.9Ma"},"geometry":{"type":"LineString","coordinates":[[-1.648,-56.539],[-1.084,-56.543],[-0.52,-56.544],[-0.008,-56.73],[0.509,-56.915],[1.031,-57.096],[1.482,-56.735],[1.888,-56.876],[2.297,-57.015],[2.694,-56.762],[3.086,-56.507],[3.473,-56.251],[4.031,-56.461],[4.596,-56.669],[5.167,-56.875],[5.695,-56.511],[6.473,-56.745],[6.752,-56.522],[7.029,-56.299],[7.695,-56.517],[8.368,-56.731],[8.814,-56.413],[9.252,-56.094],[9.683,-55.773],[10.107,-55.451],[10.524,-55.127],[11.204,-55.377],[11.893,-55.623],[12.277,-55.277],[12.654,-54.93],[13.025,-54.583],[13.39,-54.234],[14.027,-54.47],[14.673,-54.703],[14.906,-54.474],[15.136,-54.245],[15.656,-54.418],[16.18,-54.588],[16.414,-54.289],[16.645,-53.991],[17.323,-54.194],[18.007,-54.394],[18.698,-54.59],[19.396,-54.782],[20.1,-54.97],[20.816,-55.064],[21.535,-55.154],[22.257,-55.24],[22.982,-55.321],[23.71,-55.398],[24.441,-55.471],[25.179,-55.548],[25.919,-55.621],[26.662,-55.69],[26.89,-55.345],[27.113,-55.0],[27.691,-55.09],[28.271,-55.176],[28.854,-55.26],[29.011,-54.999],[29.166,-54.737],[29.642,-54.815],[30.119,-54.89],[30.272,-54.487],[30.422,-54.083],[30.89,-54.186],[31.36,-54.288],[31.579,-53.859],[31.794,-53.43],[32.005,-53.001],[32.211,-52.571],[32.414,-52.141],[32.613,-51.71],[32.808,-51.279],[33.25,-51.337],[33.694,-51.394],[33.902,-50.969],[34.106,-50.543],[34.306,-50.117],[34.503,-49.691],[34.696,-49.264],[34.886,-48.837]]}},{"type":"Feature","properties":{"boundary_type":"ridge","feature_type":"gpml:MidOceanRidge","polarity":null,"overriding_plate_id":null,"subducting_plate_id":null,"plate_ids":[709,802],"name":"Ridge from iso A5 from Antarctica at 10.9Ma"},"geometry":{"type":"LineString","coordinates":[[34.886,-48.837],[35.086,-48.38],[35.282,-47.922],[35.84,-48.002],[36.4,-48.079],[36.568,-47.719],[36.735,-47.359],[36.899,-46.999],[37.061,-46.638],[37.742,-46.609],[38.422,-46.577],[38.966,-46.427],[39.507,-46.276],[40.046,-46.121],[40.581,-45.964],[40.757,-45.556],[40.93,-45.148],[41.461,-45.285],[41.468,-45.642],[41.996,-45.709],[42.525,-45.773],[43.056,-45.835],[43.216,-45.385],[43.373,-44.935],[43.528,-44.485],[43.681,-44.035],[43.831,-43.584],[43.979,-43.133],[44.125,-42.682],[44.705,-42.5],[45.281,-42.315],[45.853,-42.126],[46.422,-41.936],[46.988,-41.742],[47.55,-41.545],[47.632,-41.154],[47.713,-40.763],[48.253,-40.605],[48.79,-40.444],[48.767,-40.208],[49.232,-40.066],[49.695,-39.922],[50.157,-39.776],[50.616,-39.628],[50.718,-39.36],[51.318,-39.263],[51.916,-39.163],[52.512,-39.06],[53.107,-38.954],[53.7,-38.845],[53.738,-38.49],[53.776,-38.134],[54.375,-38.085],[54.973,-38.032],[55.006,-37.662],[55.039,-37.292],[55.071,-36.922],[55.351,-36.663],[55.629,-36.404],[55.905,-36.145],[56.038,-35.864],[56.465,-35.802],[56.891,-35.74],[56.965,-35.493],[57.039,-35.246],[57.475,-35.134],[57.91,-35.021],[58.344,-34.906],[58.374,-34.442],[58.403,-33.978],[58.433,-33.513],[58.826,-33.326],[59.218,-33.137],[59.608,-32.946],[59.699,-32.5],[60.008,-32.422],[60.317,-32.342],[60.436,-31.92],[61.003,-31.874],[61.57,-31.825],[61.82,-31.82],[61.887,-31.41],[61.954,-31.001],[62.02,-30.591],[62.45,-30.318],[62.877,-30.044],[63.301,-29.769],[63.723,-29.492],[64.09,-29.356],[64.455,-29.219],[64.82,-29.081],[65.37,-29.009],[65.919,-28.935],[66.291,-28.843],[66.662,-28.749],[67.032,-28.654],[67.563,-28.492],[68.093,-28.327],[68.236,-27.98],[68.534,-27.88],[68.533,-27.659],[68.897,-27.62],[69.21,-27.368],[69.522,-27.114],[69.832,-26.861]]}},{"type":"Feature","properties":{"boundary_type":"ridge","feature_type":"gpml:MidOceanRidge","polarity":null,"overriding_plate_id":null,"subducting_plate_id":null,"plate_ids":[201,701],"name":"Ridge from iso A5 from South America at 10.9Ma"},"geometry":{"type":"LineString","coordinates":[[-45.703,13.702],[-45.686,13.698],[-45.233,13.587],[-44.78,13.475],[-44.327,13.361],[-43.875,13.248],[-43.872,12.768],[-43.868,12.288],[-43.865,11.808],[-43.861,11.328],[-43.858,10.848],[-43.466,10.808],[-43.074,10.768],[-43.08,10.337],[-42.709,10.3],[-42.728,9.926],[-42.747,9.553],[-42.765,9.18],[-42.3,9.129],[-41.834,9.077],[-41.368,9.025],[-40.903,8.972],[-40.438,8.918],[-39.972,8.864],[-39.983,8.47],[-39.994,8.075],[-39.762,8.066],[-39.771,7.787],[-39.78,7.507],[-39.561,7.484],[-39.571,7.196],[-39.581,6.907],[-39.322,6.892],[-39.063,6.877],[-39.074,6.576],[-39.085,6.275],[-38.61,6.245],[-38.136,6.213],[-37.662,6.182],[-37.187,6.15],[-37.174,5.769],[-36.734,5.74],[-36.294,5.709],[-35.855,5.679],[-35.833,5.443],[-35.453,5.412],[-35.073,5.381],[-35.05,5.048],[-34.715,5.001],[-34.38,4.954],[-34.373,4.614],[-33.942,4.604],[-33.511,4.594],[-33.08,4.583],[-32.648,4.572],[-32.629,4.091],[-32.61,3.611],[-32.317,3.602],[-32.024,3.593],[-32.0,3.168],[-31.976,2.743],[-31.951,2.318],[-31.927,1.894],[-31.459,1.904],[-30.992,1.915],[-30.524,1.925],[-30.057,1.935],[-30.016,1.45],[-29.975,0.966],[-29.934,0.481],[-29.893,-0.004],[-29.852,-0.488],[-29.516,-0.476],[-29.179,-0.464],[-29.099,-0.881],[-29.019,-1.298],[-28.532,-1.256],[-28.046,-1.214],[-27.559,-1.171],[-27.072,-1.129],[-26.586,-1.087],[-26.099,-1.045],[-25.613,-1.002],[-25.532,-1.342],[-25.45,-1.681],[-25.031,-1.644],[-24.612,-1.606],[-24.193,-1.568],[-24.084,-2.027],[-23.974,-2.486],[-23.865,-2.945],[-23.756,-3.404],[-23.279,-3.326],[-22.802,-3.248],[-22.325,-3.17],[-21.848,-3.091],[-21.371,-3.012],[-20.895,-2.933],[-20.418,-2.854],[-19.942,-2.775],[-19.465,-2.695],[-18.989,-2.615],[-18.513,-2.535],[-18.036,-2.455],[-17.56,-2.375],[-17.084,-2.294],[-16.608,-2.214],[-16.132,-2.133],[-15.656,-2.052],[-15.543,-2.447],[-15.43,-2.842],[-15.208,-2.815],[-15.103,-3.124],[-14.998,-3.433],[-14.738,-3.381],[-14.599,-3.706],[-14.146,-3.607],[-13.693,-3.509],[-13.241,-3.409],[-12.788,-3.31],[-12.336,-3.211],[-12.176,-3.621],[-12.017,-4.032],[-11.857,-4.443],[-11.697,-4.854],[-11.537,-5.264],[-11.502,-5.351]]}},{"type":"Feature","properties":{"boundary_type":"ridge","feature_type":"gpml:MidOceanRidge","polarity":null,"overriding_plate_id":null,"subducting_plate_id":null,"plate_ids":[201,701],"name":"Ridge from iso A5 from South America at 10.9Ma"},"geometry":{"type":"LineString","coordinates":[[-11.502,-5.351],[-11.574,-5.378],[-11.693,-5.413],[-11.564,-5.895],[-11.434,-6.378],[-11.305,-6.86],[-11.175,-7.343],[-11.045,-7.825],[-10.915,-8.308],[-10.784,-8.79],[-10.653,-9.272],[-11.143,-9.387],[-11.634,-9.502],[-12.126,-9.616],[-12.617,-9.729],[-13.109,-9.841],[-13.025,-10.292],[-12.941,-10.743],[-12.856,-11.195],[-12.771,-11.646],[-13.031,-11.73],[-12.944,-12.154],[-12.857,-12.578],[-12.769,-13.001],[-12.681,-13.425],[-12.593,-13.849],[-13.072,-13.965],[-13.552,-14.081],[-14.032,-14.195],[-14.513,-14.309],[-14.411,-14.771],[-14.309,-15.233],[-14.207,-15.696],[-14.104,-16.158],[-14.001,-16.62],[-13.602,-16.562],[-13.203,-16.503],[-13.098,-16.921],[-12.992,-17.338],[-12.886,-17.756],[-12.779,-18.173],[-12.672,-18.591],[-13.058,-18.674],[-13.445,-18.756],[-13.832,-18.837],[-13.733,-19.221],[-13.633,-19.605],[-13.534,-19.988],[-13.433,-20.372],[-13.043,-20.308],[-12.653,-20.244],[-12.263,-20.178],[-12.144,-20.659],[-12.025,-21.139],[-11.905,-21.619],[-11.784,-22.099],[-11.663,-22.579],[-11.54,-23.059],[-11.417,-23.539],[-11.293,-24.018],[-11.168,-24.498],[-11.532,-24.574],[-11.897,-24.649],[-12.262,-24.723],[-12.228,-25.072],[-12.761,-25.147],[-13.295,-25.221],[-13.205,-25.698],[-13.114,-26.175],[-13.022,-26.652],[-12.929,-27.129],[-13.271,-27.253],[-13.195,-27.62],[-13.118,-27.986],[-13.418,-28.057],[-13.718,-28.127],[-13.632,-28.542],[-13.546,-28.957],[-13.245,-28.944],[-13.102,-29.365],[-12.958,-29.785],[-12.813,-30.204],[-12.666,-30.624],[-12.281,-30.562],[-12.153,-30.928],[-12.024,-31.295],[-12.521,-31.394],[-13.019,-31.491],[-13.518,-31.586],[-13.423,-32.076],[-13.326,-32.565],[-13.228,-33.055],[-13.129,-33.544],[-13.029,-34.034],[-12.928,-34.523],[-13.453,-34.633],[-13.981,-34.74],[-14.022,-35.087],[-14.064,-35.434],[-14.105,-35.781],[-14.405,-35.852],[-14.706,-35.923],[-14.752,-36.219],[-14.799,-36.515],[-15.358,-36.573],[-15.322,-36.923],[-15.286,-37.273],[-15.25,-37.623],[-15.789,-37.702],[-16.33,-37.778],[-16.872,-37.852],[-17.414,-37.923],[-17.323,-38.354],[-17.23,-38.785],[-17.136,-39.216],[-17.04,-39.646],[-17.46,-39.709],[-17.881,-39.77],[-17.795,-40.134],[-17.708,-40.498],[-17.62,-40.862],[-17.097,-40.813],[-16.574,-40.762],[-16.42,-41.192],[-16.264,-41.622],[-16.105,-42.052],[-16.508,-42.121],[-16.462,-42.379],[-16.415,-42.638],[-16.93,-42.728],[-16.866,-43.195],[-16.8,-43.663],[-16.734,-44.13],[-16.666,-44.598],[-16.598,-45.065],[-16.528,-45.533],[-16.457,-46.0],[-16.384,-46.468],[-16.311,-46.935],[-16.236,-47.402],[-16.16,-47.869],[-15.593,-47.813],[-15.028,-47.753],[-14.952,-48.019],[-14.876,-48.284],[-14.333,-48.215],[-13.792,-48.144],[-13.71,-48.583],[-13.628,-49.023],[-13.543,-49.462],[-13.458,-49.901],[-12.719,-49.813],[-11.984,-49.72],[-11.251,-49.623],[-10.521,-49.521],[-10.354,-49.931],[-10.184,-50.34],[-10.012,-50.75],[-9.836,-51.159],[-9.657,-51.567],[-8.998,-51.47],[-8.343,-51.368],[-7.69,-51.263],[-7.041,-51.155],[-6.902,-51.549],[-6.761,-51.943],[-6.618,-52.337],[-6.361,-52.306],[-6.214,-52.546],[-6.065,-52.785],[-5.529,-52.705],[-4.996,-52.623],[-4.802,-53.01],[-4.605,-53.396],[-4.405,-53.781],[-4.2,-54.167],[-3.992,-54.552],[-3.791,-54.515],[-3.605,-54.868],[-3.417,-55.221],[-3.225,-55.573],[-2.746,-55.506],[-2.269,-55.437],[-2.066,-55.805],[-1.859,-56.172],[-1.648,-56.539]]}},{"type":"Feature","properties":{"boundary_type":"ridge","feature_type":"gpml:MidOceanRidge","polarity":null,"overriding_plate_id":null,"subducting_plate_id":null,"plate_ids":[201,802],"name":"Ridge from iso A5 from South America at 10.9Ma"},"geometry":{"type":"LineString","coordinates":[[-1.648,-56.539],[-1.625,-56.578],[-1.37,-56.979],[-1.11,-57.379],[-0.844,-57.779]]}},{"type":"Feature","properties":{"boundary_type":"ridge","feature_type":"gpml:MidOceanRidge","polarity":null,"overriding_plate_id":null,"subducting_plate_id":null,"plate_ids":[101,201],"name":"SouthAmerica North America BOUNDARY from BIRD 2002 model"},"geometry":{"type":"LineString","coordinates":[[-45.618,14.016],[-46.088,14.132],[-46.558,14.247],[-47.029,14.361],[-47.524,14.417],[-48.02,14.472],[-48.516,14.525],[-49.012,14.578],[-49.493,14.735],[-49.975,14.891],[-50.457,15.047],[-50.939,15.201],[-51.406,15.397],[-51.873,15.592],[-52.341,15.786],[-52.81,15.979],[-53.28,16.172],[-53.75,16.363],[-54.17,16.554],[-54.591,16.745],[-55.013,16.935],[-55.435,17.124],[-55.858,17.313],[-56.341,17.424],[-56.824,17.533],[-57.308,17.642],[-57.792,17.749],[-58.277,17.855],[-58.765,17.802],[-59.252,17.746]]}},{"type":"Feature","properties":{"boundary_type":"subduction","feature_type":"gpml:SubductionZone","polarity":"Right","overriding_plate_id":101,"subducting_plate_id":901,"plate_ids":[101,901],"name":"Aleutian and Bering Sea Masking Polygon"},"geometry":{"type":"LineString","coordinates":[[-140.08,62.736],[-140.911,62.491],[-141.729,62.241],[-142.533,61.986],[-143.323,61.727],[-144.101,61.463],[-144.865,61.195],[-145.616,60.922],[-146.354,60.646],[-147.033,60.364],[-147.7,60.078],[-148.355,59.789],[-148.999,59.497],[-149.632,59.201],[-150.254,58.903],[-150.865,58.602],[-151.321,58.39],[-151.771,58.176],[-152.144,57.991],[-152.513,57.805],[-153.063,57.663],[-153.608,57.518],[-154.295,57.272],[-154.704,57.116],[-155.11,56.959],[-155.577,56.802],[-156.039,56.643],[-156.737,56.435],[-157.493,56.286],[-158.244,56.132],[-158.988,55.974],[-159.726,55.811],[-160.458,55.644],[-161.184,55.473],[-161.987,55.334],[-162.784,55.189],[-163.575,55.04],[-164.36,54.885],[-165.14,54.726],[-165.913,54.561],[-166.679,54.392],[-167.478,54.26],[-168.272,54.124],[-169.06,53.982],[-169.843,53.835],[-170.62,53.683],[-171.391,53.526],[-172.193,53.49],[-172.993,53.448],[-173.791,53.401],[-174.588,53.348],[-175.382,53.29],[-176.175,53.227],[-176.964,53.159],[-177.751,53.085],[-178.425,53.138],[-179.1,53.187],[-179.776,53.232],[179.546,53.274],[178.754,53.373],[177.958,53.468],[177.16,53.556],[176.357,53.64],[175.673,53.843],[174.982,54.043],[174.284,54.238],[173.58,54.429],[172.869,54.616],[172.152,54.799],[171.483,55.052],[170.805,55.302],[170.118,55.547]]}},{"type":"Feature","properties":{"boundary_type":"subduction","feature_type":"gpml:SubductionZone","polarity":"Right","overriding_plate_id":null,"subducting_plate_id":null,"plate_ids":[101],"name":"Aleutian and Bering Sea Masking Polygon"},"geometry":{"type":"LineString","coordinates":[[170.118,55.547],[169.436,55.784],[168.746,56.018],[168.048,56.247],[167.341,56.472],[166.704,56.74],[166.057,57.004],[165.402,57.265],[164.737,57.522],[164.062,57.776]]}},{"type":"Feature","properties":{"boundary_type":"subduction","feature_type":"gpml:SubductionZone","polarity":"Right","overriding_plate_id":null,"subducting_plate_id":null,"plate_ids":[101],"name":"Aleutian and Bering Sea Masking Polygon"},"geometry":{"type":"LineString","coordinates":[[164.062,57.776],[163.795,57.874]]}},{"type":"Feature","properties":{"boundary_type":"subduction","feature_type":"gpml:SubductionZone","polarity":"Right","overriding_plate_id":802,"subducting_plate_id":904,"plate_ids":[802,904],"name":"ANT NAZ 060 015 TF"},"geometry":{"type":"LineString","coordinates":[[-68.533,-64.176],[-67.784,-64.059],[-67.04,-63.938],[-66.461,-63.792],[-65.888,-63.644],[-65.161,-63.501],[-64.441,-63.355],[-63.729,-63.205],[-63.025,-63.051],[-62.717,-62.931]]}},{"type":"Feature","properties":{"boundary_type":"subduction","feature_type":"gpml:SubductionZone","polarity":"Right","overriding_plate_id":101,"subducting_plate_id":909,"plate_ids":[101,909],"name":"COCOS - NORTH AMERICA TRENCH 1"},"geometry":{"type":"LineString","coordinates":[[-100.337,18.032],[-100.765,18.27],[-101.07,18.477],[-101.376,18.683],[-101.433,18.731]]}},{"type":"Feature","properties":{"boundary_type":"subduction","feature_type":"gpml:SubductionZone","polarity":"Right","overriding_plate_id":101,"subducting_plate_id":970,"plate_ids":[101,970],"name":"COCOS - NORTH AMERICA TRENCH 1"},"geometry":{"type":"LineString","coordinates":[[-101.433,18.731],[-101.685,18.94],[-101.937,19.149],[-102.242,19.33],[-102.548,19.511],[-102.955,19.822],[-103.26,20.133],[-103.387,20.418],[-103.515,20.703],[-103.54,21.118],[-103.566,21.533],[-103.517,21.905],[-103.469,22.277]]}},{"type":"Feature","properties":{"boundary_type":"subduction","feature_type":"gpml:SubductionZone","polarity":"Left","overriding_plate_id":608,"subducting_plate_id":678,"plate_ids":[608,678],"name":"Halmahera Subduction"},"geometry":{"type":"LineString","coordinates":[[131.742,3.225],[131.63,2.923],[131.518,2.62]]}},{"type":"Feature","properties":{"boundary_type":"subduction","feature_type":"gpml:SubductionZone","polarity":"Left","overriding_plate_id":608,"subducting_plate_id":564,"plate_ids":[564,608],"name":"Halmahera Subduction"},"geometry":{"type":"LineString","coordinates":[[131.518,2.62],[131.395,2.285],[131.271,1.95],[131.209,1.502],[131.146,1.054],[131.084,0.605],[131.071,0.237],[131.058,-0.132],[131.045,-0.5],[131.105,-0.857],[131.164,-1.214],[131.224,-1.571]]}},{"type":"Feature","properties":{"boundary_type":"subduction","feature_type":"gpml:SubductionZone","polarity":"Left","overriding_plate_id":801,"subducting_plate_id":901,"plate_ids":[801,901],"name":"Hikurangi& Kermadec TR"},"geometry":{"type":"LineString","coordinates":[[173.537,-42.811],[174.164,-42.675],[174.688,-42.564],[175.272,-42.441],[175.856,-42.328],[176.188,-42.275],[176.52,-42.221],[177.036,-42.141],[177.605,-41.968],[178.193,-41.785],[178.626,-41.678],[179.095,-41.499],[179.492,-41.173],[179.735,-40.773],[179.978,-40.383],[-179.814,-40.044],[-179.682,-39.628],[-179.66,-39.154],[-179.461,-38.76],[-179.265,-38.366],[-179.07,-37.971]]}},{"type":"Feature","properties":{"boundary_type":"subduction","feature_type":"gpml:SubductionZone","polarity":"Left","overriding_plate_id":821,"subducting_plate_id":901,"plate_ids":[821,901],"name":"Hikurangi& Kermadec TR"},"geometry":{"type":"LineString","coordinates":[[-179.07,-37.971],[-178.846,-37.509],[-178.624,-37.047],[-178.405,-36.584],[-178.189,-36.121],[-177.975,-35.657],[-177.829,-35.181],[-177.684,-34.705],[-177.541,-34.228],[-177.4,-33.752],[-177.26,-33.275],[-177.122,-32.798],[-176.985,-32.321],[-176.85,-31.844],[-176.716,-31.366],[-176.584,-30.889],[-176.452,-30.411],[-176.322,-29.933],[-176.194,-29.455],[-176.066,-28.977],[-175.94,-28.499],[-175.814,-28.021],[-175.763,-27.708]]}},{"type":"Feature","properties":{"boundary_type":"subduction","feature_type":"gpml:SubductionZone","polarity":"Left","overriding_plate_id":607,"subducting_plate_id":501,"plate_ids":[501,607],"name":"Indonesian bndy w AUS-mg"},"geometry":{"type":"LineString","coordinates":[[91.341,10.198],[91.432,9.817],[91.524,9.435],[91.616,9.054],[91.707,8.672]]}},{"type":"Feature","properties":{"boundary_type":"subduction","feature_type":"gpml:SubductionZone","polarity":"Left","overriding_plate_id":607,"subducting_plate_id":511,"plate_ids":[511,607],"name":"Indonesian bndy w AUS-mg"},"geometry":{"type":"LineString","coordinates":[[91.707,8.672],[91.814,8.223],[91.922,7.773],[92.029,7.324],[92.135,6.874],[92.335,6.544],[92.535,6.213],[92.734,5.883]]}},{"type":"Feature","properties":{"boundary_type":"subduction","feature_type":"gpml:SubductionZone","polarity":"Left","overriding_plate_id":686,"subducting_plate_id":511,"plate_ids":[511,686],"name":"Indonesian bndy w AUS-mg"},"geometry":{"type":"LineString","coordinates":[[92.734,5.883],[92.961,5.506],[93.188,5.129],[93.415,4.752],[93.641,4.376],[93.95,4.008],[94.259,3.641],[94.568,3.273],[94.877,2.906],[95.186,2.538],[95.494,2.171],[95.802,1.803],[96.11,1.435],[96.42,1.045],[96.729,0.654],[97.038,0.264],[97.348,-0.126],[97.657,-0.517],[97.966,-0.907],[98.276,-1.297],[98.585,-1.687],[98.889,-2.058],[99.192,-2.429],[99.496,-2.8],[99.8,-3.171],[100.104,-3.542],[100.408,-3.912],[100.713,-4.283],[101.057,-4.636],[101.402,-4.988],[101.747,-5.34],[102.093,-5.693],[102.439,-6.044],[102.863,-6.178],[103.286,-6.311]]}},{"type":"Feature","properties":{"boundary_type":"subduction","feature_type":"gpml:SubductionZone","polarity":"Left","overriding_plate_id":301,"subducting_plate_id":511,"plate_ids":[301,511],"name":"Indonesian bndy w AUS-mg"},"geometry":{"type":"LineString","coordinates":[[103.286,-6.311],[103.713,-6.444],[104.14,-6.577],[104.567,-6.71],[104.994,-6.843],[105.408,-7.007],[105.821,-7.171],[106.235,-7.335],[106.649,-7.498],[107.063,-7.661]]}},{"type":"Feature","properties":{"boundary_type":"subduction","feature_type":"gpml:SubductionZone","polarity":"Left","overriding_plate_id":null,"subducting_plate_id":null,"plate_ids":[801],"name":"Indonesian bndy w AUS-mg"},"geometry":{"type":"LineString","coordinates":[[107.063,-7.661],[107.176,-7.705]]}},{"type":"Feature","properties":{"boundary_type":"subduction","feature_type":"gpml:SubductionZone","polarity":"Left","overriding_plate_id":659,"subducting_plate_id":901,"plate_ids":[659,901],"name":"Izu Bonin Trench"},"geometry":{"type":"LineString","coordinates":[[143.821,26.387],[143.768,26.799],[143.709,27.128],[143.65,27.458],[143.59,27.787],[143.597,28.125],[143.604,28.464],[143.61,28.803],[143.549,29.132],[143.488,29.461],[143.426,29.79],[143.231,30.1],[143.034,30.41],[142.836,30.719],[142.673,31.034],[142.509,31.348],[142.343,31.663],[142.179,31.977],[142.013,32.292],[141.846,32.606],[141.727,32.995],[141.607,33.383],[141.486,33.772],[141.363,34.16],[141.24,34.548],[141.17,34.877],[141.1,35.205],[141.03,35.534],[140.958,35.862],[140.887,36.19],[140.814,36.518],[140.64,36.985]]}},{"type":"Feature","properties":{"boundary_type":"subduction","feature_type":"gpml:SubductionZone","polarity":"Right","overriding_plate_id":301,"subducting_plate_id":901,"plate_ids":[301,901],"name":"Japan sub zone fromEarthByte cob MG 4-20-07"},"geometry":{"type":"LineString","coordinates":[[143.335,43.079],[143.355,42.821],[143.375,42.562],[143.311,42.159],[143.247,41.756],[143.185,41.352],[143.123,40.949],[143.011,40.602],[142.899,40.254],[142.789,39.907],[142.593,39.525],[142.398,39.142],[142.206,38.759],[141.97,38.449],[141.737,38.139],[141.505,37.829],[141.376,37.545],[141.248,37.262],[141.149,37.134],[140.919,37.08],[140.64,36.985]]}},{"type":"Feature","properties":{"boundary_type":"subduction","feature_type":"gpml:SubductionZone","polarity":"Right","overriding_plate_id":301,"subducting_plate_id":659,"plate_ids":[301,659],"name":"Japan sub zone fromEarthByte cob MG 4-20-07"},"geometry":{"type":"LineString","coordinates":[[140.64,36.985],[140.374,36.894],[139.927,36.774],[139.482,36.652],[139.039,36.529],[138.733,36.322],[138.429,36.114],[138.075,35.879],[137.723,35.644],[137.315,35.382],[136.911,35.119],[136.509,34.854],[136.109,34.588],[135.712,34.32],[135.434,34.19],[135.157,34.059]]}},{"type":"Feature","properties":{"boundary_type":"subduction","feature_type":"gpml:SubductionZone","polarity":"Right","overriding_plate_id":301,"subducting_plate_id":608,"plate_ids":[301,608],"name":"Japan sub zone fromEarthByte cob MG 4-20-07"},"geometry":{"type":"LineString","coordinates":[[135.157,34.059],[134.643,33.815],[134.133,33.568],[133.692,33.273],[133.255,32.978],[132.908,32.688],[132.564,32.397],[132.222,32.105],[131.721,31.891],[131.223,31.676],[130.727,31.458],[130.233,31.239],[129.742,31.017],[129.43,30.882],[129.119,30.746]]}},{"type":"Feature","properties":{"boundary_type":"subduction","feature_type":"gpml:SubductionZone","polarity":"Right","overriding_plate_id":645,"subducting_plate_id":301,"plate_ids":[301,645],"name":"Kalimantan subduction boundary (inferred)"},"geometry":{"type":"LineString","coordinates":[[119.409,6.749],[119.548,6.865]]}},{"type":"Feature","properties":{"boundary_type":"subduction","feature_type":"gpml:SubductionZone","polarity":"Right","overriding_plate_id":645,"subducting_plate_id":646,"plate_ids":[645,646],"name":"Kalimantan subduction boundary (inferred)"},"geometry":{"type":"LineString","coordinates":[[119.548,6.865],[119.862,7.126],[120.176,7.387],[120.49,7.648],[120.805,7.909],[121.093,8.267],[121.381,8.626],[121.67,8.984],[121.96,9.342],[122.301,9.509],[122.642,9.676],[122.984,9.843]]}},{"type":"Feature","properties":{"boundary_type":"subduction","feature_type":"gpml:SubductionZone","polarity":"Right","overriding_plate_id":null,"subducting_plate_id":null,"plate_ids":[101],"name":"Kamchatka SZ from EarthByte COB at 0Ma -- MG 4/20/07"},"geometry":{"type":"LineString","coordinates":[[163.862,57.955],[163.835,57.922],[163.795,57.874]]}},{"type":"Feature","properties":{"boundary_type":"subduction","feature_type":"gpml:SubductionZone","polarity":"Right","overriding_plate_id":406,"subducting_plate_id":901,"plate_ids":[406,901],"name":"Kamchatka SZ from EarthByte COB at 0Ma -- MG 4/20/07"},"geometry":{"type":"LineString","coordinates":[[160.865,54.807],[160.563,54.5],[160.267,54.196],[159.975,53.891],[159.687,53.586],[159.351,53.314],[159.02,53.042],[158.692,52.768],[158.169,52.455],[157.654,52.139],[157.146,51.821],[156.645,51.501],[156.151,51.179],[155.664,50.855],[155.378,50.609]]}},{"type":"Feature","properties":{"boundary_type":"subduction","feature_type":"gpml:SubductionZone","polarity":"Right","overriding_plate_id":101,"subducting_plate_id":901,"plate_ids":[101,901],"name":"Kamchatka SZ from EarthByte COB at 0Ma -- MG 4/20/07"},"geometry":{"type":"LineString","coordinates":[[155.378,50.609],[155.032,50.307],[154.69,50.004],[154.353,49.7],[154.023,49.357],[153.698,49.014],[153.204,48.686],[152.716,48.356],[152.235,48.025],[151.759,47.691],[151.199,47.452],[150.643,47.211],[150.093,46.967],[149.616,46.698],[149.143,46.428],[148.675,46.156],[148.176,45.884],[147.682,45.61],[147.193,45.334],[146.662,45.042],[146.137,44.747],[145.617,44.449],[145.102,44.149],[144.722,43.958],[144.344,43.764],[143.968,43.57],[143.65,43.325],[143.335,43.079]]}},{"type":"Feature","properties":{"boundary_type":"subduction","feature_type":"gpml:SubductionZone","polarity":"Right","overriding_plate_id":101,"subducting_plate_id":301,"plate_ids":[101,301],"name":"Kamchatka SZ from EarthByte COB at 0Ma -- MG 4/20/07"},"geometry":{"type":"LineString","coordinates":[[143.335,43.079],[143.292,43.045]]}},{"type":"Feature","properties":{"boundary_type":"subduction","feature_type":"gpml:SubductionZone","polarity":"Right","overriding_plate_id":801,"subducting_plate_id":849,"plate_ids":[801,849],"name":"Maramuni Trench"},"geometry":{"type":"LineString","coordinates":[[140.737,-3.417],[140.848,-3.451],[141.308,-3.587],[141.768,-3.723],[142.123,-3.849],[142.478,-3.975],[142.791,-4.117],[143.104,-4.258],[143.417,-4.399],[143.833,-4.678],[144.249,-4.956],[144.575,-5.186],[144.9,-5.415],[145.226,-5.644],[145.595,-5.836],[145.964,-6.028],[146.334,-6.219],[146.703,-6.411],[147.074,-6.602],[147.514,-6.803],[147.956,-7.004],[148.397,-7.205],[148.746,-7.452],[149.095,-7.699],[149.445,-7.946],[149.795,-8.192],[150.116,-8.539],[150.439,-8.885],[150.752,-9.149],[151.066,-9.413],[151.449,-9.672],[151.833,-9.93],[152.218,-10.187],[152.569,-10.344],[152.921,-10.501],[153.274,-10.657],[153.627,-10.813],[153.989,-10.93]]}},{"type":"Feature","properties":{"boundary_type":"subduction","feature_type":"gpml:SubductionZone","polarity":"Right","overriding_plate_id":801,"subducting_plate_id":829,"plate_ids":[801,829],"name":"Maramuni Trench"},"geometry":{"type":"LineString","coordinates":[[153.989,-10.93],[154.339,-11.043]]}},{"type":"Feature","properties":{"boundary_type":"subduction","feature_type":"gpml:SubductionZone","polarity":"Left","overriding_plate_id":608,"subducting_plate_id":901,"plate_ids":[608,901],"name":"Marianas Trench-NUVEL"},"geometry":{"type":"LineString","coordinates":[[139.733,11.332],[139.835,11.639],[139.937,11.946],[140.385,11.953],[140.832,11.959],[141.28,11.965],[141.727,11.969],[142.121,12.056],[142.515,12.143],[142.909,12.229],[143.303,12.314],[143.731,12.5],[144.159,12.685],[144.587,12.87]]}},{"type":"Feature","properties":{"boundary_type":"subduction","feature_type":"gpml:SubductionZone","polarity":"Left","overriding_plate_id":699,"subducting_plate_id":901,"plate_ids":[699,901],"name":"Marianas Trench-NUVEL"},"geometry":{"type":"LineString","coordinates":[[144.587,12.87],[144.998,13.046],[145.41,13.222],[145.822,13.396],[146.184,13.715],[146.547,14.032],[146.911,14.35],[147.277,14.666],[147.643,14.982],[147.822,15.406],[148.001,15.83],[148.181,16.253],[148.361,16.677],[148.366,17.152],[148.37,17.627],[148.374,18.102],[148.379,18.577],[148.383,19.01],[148.387,19.443],[148.391,19.877],[148.394,20.277],[148.398,20.677],[148.402,21.077],[148.305,21.411],[148.207,21.745],[148.109,22.079],[147.845,22.415],[147.579,22.75],[147.312,23.085],[146.914,23.423],[146.514,23.759],[146.112,24.095],[145.78,24.431],[145.447,24.767],[145.112,25.102],[144.78,25.438],[144.447,25.774],[144.112,26.109],[143.771,26.37]]}},{"type":"Feature","properties":{"boundary_type":"subduction","feature_type":"gpml:SubductionZone","polarity":"Left","overriding_plate_id":301,"subducting_plate_id":503,"plate_ids":[301,503],"name":"Mediterranean Subduction, DB 04-2007"},"geometry":{"type":"LineString","coordinates":[[38.398,35.996],[38.958,36.008],[39.519,36.017],[40.012,36.044],[40.505,36.068],[40.999,36.091],[41.426,36.007],[41.853,35.923],[42.278,35.837],[42.82,35.74],[43.361,35.64],[43.901,35.539],[44.156,35.342],[44.41,35.145],[44.695,34.92],[44.978,34.695],[45.295,34.474],[45.611,34.253],[45.925,34.032],[46.354,33.739],[46.78,33.446],[47.204,33.15],[47.674,32.867],[48.141,32.581],[48.604,32.294],[49.065,32.005],[49.524,31.715],[49.986,31.419],[50.445,31.122],[50.902,30.824],[51.355,30.524],[51.806,30.222],[52.254,29.919],[52.663,29.602],[53.069,29.284],[53.472,28.966],[53.873,28.645],[54.272,28.324],[54.65,28.02],[55.027,27.716],[55.401,27.41],[55.773,27.103],[56.143,26.796],[56.511,26.487],[56.941,26.318],[57.37,26.148],[57.798,25.976],[58.225,25.803],[58.65,25.629],[59.074,25.454],[59.528,25.28],[59.98,25.105],[60.43,24.928],[60.88,24.75],[61.349,24.641],[61.817,24.531],[62.284,24.42],[62.751,24.306],[63.217,24.192],[63.679,24.238],[64.142,24.283],[64.605,24.326],[65.068,24.368],[65.532,24.408],[65.954,24.426],[66.375,24.442]]}},{"type":"Feature","properties":{"boundary_type":"subduction","feature_type":"gpml:SubductionZone","polarity":"Right","overriding_plate_id":901,"subducting_plate_id":849,"plate_ids":[849,901],"name":"NewBritainTrench DiCaprio"},"geometry":{"type":"LineString","coordinates":[[153.324,-2.939],[153.116,-2.916]]}},{"type":"Feature","properties":{"boundary_type":"subduction","feature_type":"gpml:SubductionZone","polarity":"Right","overriding_plate_id":null,"subducting_plate_id":null,"plate_ids":[653,849,901],"name":"NewBritainTrench DiCaprio"},"geometry":{"type":"LineString","coordinates":[[153.116,-2.916],[153.025,-2.906]]}},{"type":"Feature","properties":{"boundary_type":"subduction","feature_type":"gpml:SubductionZone","polarity":"Right","overriding_plate_id":653,"subducting_plate_id":849,"plate_ids":[653,849],"name":"NewBritainTrench DiCaprio"},"geometry":{"type":"LineString","coordinates":[[153.025,-2.906],[152.633,-2.863],[152.241,-2.819],[151.8,-2.848],[151.359,-2.877],[150.917,-2.905],[150.476,-2.933],[150.039,-2.976],[149.601,-3.019],[149.163,-3.061],[148.775,-3.105],[148.387,-3.148],[147.999,-3.191],[147.614,-3.208],[147.229,-3.224],[146.772,-3.339],[146.315,-3.454],[145.857,-3.569],[145.477,-3.614],[145.097,-3.659],[144.717,-3.704],[144.32,-3.778],[143.924,-3.852]]}},{"type":"Feature","properties":{"boundary_type":"subduction","feature_type":"gpml:SubductionZone","polarity":"Right","overriding_plate_id":null,"subducting_plate_id":null,"plate_ids":[653],"name":"NewBritian TR-MG-5-22-07"},"geometry":{"type":"LineString","coordinates":[[153.116,-2.916],[153.033,-2.881]]}},{"type":"Feature","properties":{"boundary_type":"subduction","feature_type":"gpml:SubductionZone","polarity":"Left","overriding_plate_id":901,"subducting_plate_id":801,"plate_ids":[801,901],"name":"NewHebrides VanuatuTrench DiCaprio"},"geometry":{"type":"LineString","coordinates":[[169.323,-9.868],[169.425,-10.073],[169.627,-10.457],[169.83,-10.842]]}},{"type":"Feature","properties":{"boundary_type":"subduction","feature_type":"gpml:SubductionZone","polarity":"Left","overriding_plate_id":824,"subducting_plate_id":801,"plate_ids":[801,824],"name":"NewHebrides VanuatuTrench DiCaprio"},"geometry":{"type":"LineString","coordinates":[[169.83,-10.842],[170.037,-11.235],[170.245,-11.627],[170.454,-12.02],[170.663,-12.412],[170.873,-12.813],[171.083,-13.214],[171.294,-13.614],[171.505,-14.015],[171.717,-14.415],[171.93,-14.815],[172.196,-15.184],[172.462,-15.552],[172.729,-15.921],[172.998,-16.289],[173.267,-16.657],[173.531,-16.994],[173.796,-17.332],[174.062,-17.669],[174.328,-18.006],[174.596,-18.342],[174.991,-18.654],[175.387,-18.966],[175.785,-19.276],[176.165,-19.353],[176.547,-19.43]]}},{"type":"Feature","properties":{"boundary_type":"subduction","feature_type":"gpml:SubductionZone","polarity":"Right","overriding_plate_id":669,"subducting_plate_id":645,"plate_ids":[645,669],"name":"North Sulawesi Subduction"},"geometry":{"type":"LineString","coordinates":[[119.882,0.752],[120.338,0.911],[120.793,1.07],[121.223,1.089],[121.653,1.108],[122.083,1.128],[122.577,1.099],[123.071,1.069],[123.565,1.04],[124.059,1.01],[124.533,1.035],[125.008,1.06],[125.483,1.085],[125.957,1.11],[126.432,1.135],[126.907,1.159],[126.953,1.161]]}},{"type":"Feature","properties":{"boundary_type":"subduction","feature_type":"gpml:SubductionZone","polarity":"Right","overriding_plate_id":901,"subducting_plate_id":801,"plate_ids":[801,901],"name":"SanCristobalTrench DiCaprio"},"geometry":{"type":"LineString","coordinates":[[169.323,-9.868],[168.952,-9.985],[168.581,-10.101],[168.209,-10.217],[167.838,-10.333],[167.393,-10.317],[166.949,-10.3],[166.505,-10.283],[166.095,-10.192],[165.685,-10.1],[165.276,-10.008],[164.867,-9.734],[164.46,-9.459],[164.053,-9.183],[163.587,-8.995],[163.122,-8.806],[162.658,-8.616]]}},{"type":"Feature","properties":{"boundary_type":"subduction","feature_type":"gpml:SubductionZone","polarity":"Right","overriding_plate_id":901,"subducting_plate_id":829,"plate_ids":[829,901],"name":"SanCristobalTrench DiCaprio"},"geometry":{"type":"LineString","coordinates":[[162.658,-8.616],[162.526,-8.562],[162.077,-8.351],[161.628,-8.14],[161.179,-7.928],[160.732,-7.716],[160.494,-7.492],[160.257,-7.268]]}},{"type":"Feature","properties":{"boundary_type":"subduction","feature_type":"gpml:SubductionZone","polarity":"Right","overriding_plate_id":901,"subducting_plate_id":849,"plate_ids":[849,901],"name":"SanCristobalTrench DiCaprio"},"geometry":{"type":"LineString","coordinates":[[160.257,-7.268],[159.902,-6.931],[159.548,-6.595],[159.194,-6.258],[158.747,-6.066],[158.301,-5.874],[157.855,-5.681],[157.409,-5.489],[157.106,-5.245],[156.804,-5.0],[156.502,-4.756],[156.2,-4.512],[155.764,-4.344],[155.328,-4.177],[154.892,-4.009],[154.5,-3.742],[154.108,-3.475],[153.716,-3.207],[153.324,-2.939]]}},{"type":"Feature","properties":{"boundary_type":"subduction","feature_type":"gpml:SubductionZone","polarity":"Right","overriding_plate_id":821,"subducting_plate_id":901,"plate_ids":[821,901],"name":"Tonga-Kermadec-MG"},"geometry":{"type":"LineString","coordinates":[[-179.558,-13.196],[-179.105,-13.284],[-178.723,-13.391],[-178.34,-13.498],[-177.957,-13.604],[-177.527,-13.685],[-177.095,-13.766],[-176.664,-13.847],[-176.312,-14.133],[-175.959,-14.419],[-175.811,-14.784],[-175.664,-15.15],[-175.534,-15.48],[-175.403,-15.81],[-175.272,-16.141],[-175.286,-16.484],[-175.3,-16.828],[-175.314,-17.171],[-175.484,-17.496],[-175.655,-17.82],[-175.638,-18.193],[-175.621,-18.565],[-175.604,-18.938],[-175.625,-19.41],[-175.647,-19.882],[-175.669,-20.355],[-175.69,-20.827],[-175.796,-21.284],[-175.902,-21.741],[-176.01,-22.198],[-176.117,-22.655],[-176.226,-23.111],[-176.239,-23.575],[-176.253,-24.038],[-176.266,-24.502],[-176.222,-24.925],[-176.177,-25.349],[-176.1,-25.808],[-176.023,-26.268],[-175.945,-26.728],[-175.866,-27.187],[-175.787,-27.647],[-175.763,-27.708]]}},{"type":"Feature","properties":{"boundary_type":"subduction","feature_type":"gpml:SubductionZone","polarity":"Left","overriding_plate_id":669,"subducting_plate_id":564,"plate_ids":[564,669],"name":"West Molucca Sea Subduction"},"geometry":{"type":"LineString","coordinates":[[127.38,-1.8],[127.216,-1.407],[127.052,-1.013],[126.945,-0.587],[126.839,-0.161],[126.864,0.204],[126.89,0.569],[126.915,0.934],[126.953,1.161]]}},{"type":"Feature","properties":{"boundary_type":"subduction","feature_type":"gpml:SubductionZone","polarity":"Left","overriding_plate_id":645,"subducting_plate_id":564,"plate_ids":[564,645],"name":"West Molucca Sea Subduction"},"geometry":{"type":"LineString","coordinates":[[126.953,1.161],[127.016,1.538],[127.08,1.915],[127.143,2.292],[127.261,2.696],[127.378,3.1],[127.496,3.504]]}},{"type":"Feature","properties":{"boundary_type":"transform","feature_type":"gpml:Transform","polarity":null,"overriding_plate_id":null,"subducting_plate_id":null,"plate_ids":[301,566],"name":"West Sulawesi Transform"},"geometry":{"type":"LineString","coordinates":[[121.834,-8.343],[121.795,-7.855],[121.756,-7.367],[121.717,-6.88],[121.619,-6.482],[121.521,-6.084],[121.423,-5.687],[121.327,-5.225],[121.23,-4.763],[121.134,-4.302],[121.038,-3.84],[120.99,-3.427],[120.942,-3.013],[120.894,-2.599],[120.846,-2.186],[120.798,-1.772],[120.671,-1.421],[120.543,-1.07],[120.416,-0.719]]}},{"type":"Feature","properties":{"boundary_type":"transform","feature_type":"gpml:Transform","polarity":null,"overriding_plate_id":null,"subducting_plate_id":null,"plate_ids":[301,669],"name":"West Sulawesi Transform"},"geometry":{"type":"LineString","coordinates":[[120.416,-0.719],[120.283,-0.352],[120.149,0.016],[120.016,0.384],[119.882,0.752]]}},{"type":"Feature","properties":{"boundary_type":"transform","feature_type":"gpml:Transform","polarity":null,"overriding_plate_id":null,"subducting_plate_id":null,"plate_ids":[301,645],"name":"West Sulawesi Transform"},"geometry":{"type":"LineString","coordinates":[[119.882,0.752],[119.736,1.155],[119.589,1.558],[119.443,1.962],[119.431,2.422],[119.42,2.882],[119.408,3.342],[119.208,3.708],[119.008,4.073],[118.807,4.438],[118.606,4.803],[118.804,5.216],[119.001,5.63],[119.199,6.043],[119.397,6.457],[119.409,6.749]]}},{"type":"Feature","properties":{"boundary_type":"other","feature_type":"gpml:TerraneBoundary","polarity":null,"overriding_plate_id":null,"subducting_plate_id":null,"plate_ids":[501,511],"name":"Capricorn Boundary (Kreemer et al 2003)"},"geometry":{"type":"LineString","coordinates":[[67.154,-4.344],[67.596,-4.316],[68.038,-4.288],[68.48,-4.26],[68.922,-4.231],[69.364,-4.203],[69.806,-4.174],[70.248,-4.144],[70.69,-4.115],[71.187,-4.06],[71.685,-4.004],[72.183,-3.948],[72.68,-3.892],[73.178,-3.836],[73.675,-3.779],[74.172,-3.722],[74.648,-3.593],[75.124,-3.463],[75.6,-3.333],[76.076,-3.202],[76.552,-3.072],[77.027,-2.941],[77.503,-2.81],[77.978,-2.679],[78.453,-2.547],[78.928,-2.416],[79.403,-2.284],[79.878,-2.152],[80.335,-1.952],[80.791,-1.751],[81.247,-1.55],[81.703,-1.349],[82.16,-1.147],[82.489,-0.831],[82.819,-0.514],[83.148,-0.198],[83.478,0.119],[83.759,0.482],[84.04,0.844],[84.32,1.207],[84.602,1.569],[84.883,1.932],[85.164,2.294],[85.569,2.502],[85.975,2.709],[86.38,2.916],[86.786,3.123],[87.192,3.329],[87.598,3.536],[87.866,3.937],[88.135,4.337],[88.404,4.738],[88.673,5.138],[88.943,5.538],[89.249,5.887],[89.554,6.236],[89.86,6.585],[90.167,6.933],[90.474,7.281],[90.782,7.629],[91.09,7.977],[91.398,8.325],[91.707,8.672]]}},{"type":"Feature","properties":{"boundary_type":"other","feature_type":"gpml:TerraneBoundary","polarity":null,"overriding_plate_id":null,"subducting_plate_id":null,"plate_ids":[511,801],"name":"Capricorn Boundary (Kreemer et al 2003)"},"geometry":{"type":"LineString","coordinates":[[78.971,-38.309],[79.377,-38.027],[79.78,-37.743],[80.179,-37.458],[80.547,-37.086],[80.91,-36.713],[81.27,-36.338],[81.627,-35.963],[81.98,-35.587],[82.254,-35.214],[82.525,-34.84],[82.793,-34.467],[83.148,-34.105],[83.499,-33.742],[83.847,-33.379],[84.193,-33.014],[84.535,-32.649],[84.875,-32.282],[85.122,-31.961],[85.368,-31.638],[85.613,-31.316],[85.855,-30.993],[86.129,-30.573],[86.401,-30.153],[86.67,-29.732],[86.937,-29.311],[87.202,-28.889],[87.465,-28.467],[87.804,-28.102],[88.141,-27.736],[88.475,-27.369],[88.808,-27.002],[89.138,-26.633],[89.466,-26.264],[89.792,-25.894],[90.116,-25.524],[90.438,-25.152],[90.772,-24.794],[91.104,-24.434],[91.435,-24.074],[91.763,-23.713],[92.09,-23.352],[92.379,-22.966],[92.667,-22.579],[92.953,-22.193],[93.238,-21.805],[93.521,-21.417],[93.803,-21.029],[94.083,-20.64],[94.362,-20.251],[94.64,-19.861],[94.906,-19.524],[95.171,-19.186],[95.435,-18.848],[95.698,-18.509],[95.96,-18.171],[96.22,-17.831],[96.447,-17.438],[96.673,-17.044],[96.898,-16.649],[97.122,-16.255],[97.345,-15.86],[97.567,-15.465],[97.835,-15.084],[98.102,-14.704],[98.368,-14.323],[98.633,-13.941],[98.938,-13.706],[99.242,-13.47],[99.545,-13.233],[99.848,-12.997],[100.276,-12.731],[100.703,-12.465],[101.129,-12.197],[101.554,-11.93],[101.979,-11.661],[102.403,-11.392],[102.825,-11.123],[103.182,-10.845],[103.537,-10.567],[103.892,-10.289],[104.246,-10.011],[104.599,-9.732],[104.952,-9.452],[105.305,-9.173],[105.657,-8.893],[106.008,-8.612],[106.398,-8.31],[106.788,-8.008],[107.176,-7.705]]}},{"type":"Feature","properties":{"boundary_type":"other","feature_type":"gpml:TerraneBoundary","polarity":null,"overriding_plate_id":null,"subducting_plate_id":null,"plate_ids":[511],"name":"Capricorn Boundary (Kreemer et al 2003)"},"geometry":{"type":"LineString","coordinates":[[107.176,-7.705],[107.247,-7.65]]}},{"type":"Feature","properties":{"boundary_type":"other","feature_type":"gpml:TerraneBoundary","polarity":null,"overriding_plate_id":null,"subducting_plate_id":null,"plate_ids":[802,901],"name":"E/W ANT"},"geometry":{"type":"LineString","coordinates":[[162.735,-61.195],[163.245,-61.607],[163.77,-62.018],[164.309,-62.427],[164.862,-62.833],[165.432,-63.238],[166.017,-63.64],[166.619,-64.039],[167.238,-64.436],[167.876,-64.83],[168.533,-65.222],[169.209,-65.611],[169.905,-65.996],[170.623,-66.378],[171.136,-66.657],[171.661,-66.935],[172.197,-67.21],[172.981,-67.529],[173.786,-67.844],[174.612,-68.155],[174.634,-68.163]]}},{"type":"Feature","properties":{"boundary_type":"transform","feature_type":"gpml:Transform","polarity":null,"overriding_plate_id":null,"subducting_plate_id":null,"plate_ids":[101,301],"name":"Japan transform adapted from cob Subduction GS"},"geometry":{"type":"LineString","coordinates":[[142.756,56.799],[142.871,56.313],[142.984,55.827],[143.093,55.341],[143.2,54.854],[143.304,54.368],[143.406,53.882],[143.505,53.395],[143.523,52.906],[143.54,52.417],[143.556,51.928],[143.573,51.439],[143.589,50.95],[143.604,50.461],[143.62,49.972],[143.579,49.495],[143.538,49.017],[143.499,48.539],[143.46,48.062],[143.422,47.584],[143.385,47.106],[143.348,46.628],[143.312,46.15],[143.277,45.673],[143.278,45.243],[143.28,44.812],[143.281,44.382],[143.283,43.952],[143.284,43.522],[143.286,43.092],[143.292,43.045]]}},{"type":"Feature","properties":{"boundary_type":"transform","feature_type":"gpml:Transform","polarity":null,"overriding_plate_id":null,"subducting_plate_id":null,"plate_ids":[564,678],"name":"Mindanao-Negros Transform"},"geometry":{"type":"LineString","coordinates":[[131.518,2.62],[131.138,2.926],[130.806,3.156],[130.474,3.386],[130.142,3.615],[130.013,4.043],[129.884,4.472],[129.754,4.9],[129.625,5.328],[129.495,5.756],[129.365,6.184],[129.198,6.643],[129.031,7.103],[128.863,7.562],[128.695,8.022],[128.526,8.481],[128.316,8.818],[128.104,9.155],[127.893,9.492],[127.681,9.828],[127.398,10.187],[127.115,10.545],[126.831,10.902],[126.546,11.26],[126.23,11.554],[125.913,11.848],[125.595,12.142],[125.277,12.435],[124.958,12.728],[124.638,13.02],[124.358,13.345],[124.076,13.669],[123.794,13.993],[123.511,14.317],[123.265,14.641],[123.018,14.965],[122.77,15.289],[122.406,15.544],[122.04,15.799],[121.674,16.053],[121.307,16.307],[120.986,16.585],[120.664,16.862],[120.341,17.139],[120.017,17.415],[119.784,17.73],[119.55,18.043],[119.316,18.357],[119.081,18.67]]}},{"type":"Feature","properties":{"boundary_type":"transform","feature_type":"gpml:Transform","polarity":null,"overriding_plate_id":null,"subducting_plate_id":null,"plate_ids":[101,301],"name":"North Porcupine Transform"},"geometry":{"type":"LineString","coordinates":[[-32.839,50.469],[-32.286,50.429],[-31.735,50.387],[-30.995,50.303],[-30.257,50.213],[-29.522,50.119],[-28.79,50.021],[-28.342,50.011],[-27.893,50.0]]}},{"type":"Feature","properties":{"boundary_type":"transform","feature_type":"gpml:Transform","polarity":null,"overriding_plate_id":null,"subducting_plate_id":null,"plate_ids":[676,801],"name":"PNG transform"},"geometry":{"type":"LineString","coordinates":[[132.196,-5.418],[131.985,-5.075],[131.773,-4.732],[131.562,-4.389],[131.174,-4.208],[130.787,-4.028],[130.4,-3.847],[130.314,-3.827]]}},{"type":"Feature","properties":{"boundary_type":"transform","feature_type":"gpml:Transform","polarity":null,"overriding_plate_id":null,"subducting_plate_id":null,"plate_ids":[664,801],"name":"PNG transform"},"geometry":{"type":"LineString","coordinates":[[130.314,-3.827],[129.924,-3.737],[129.535,-3.646],[129.145,-3.554],[128.756,-3.463],[128.317,-3.454],[127.879,-3.445]]}},{"type":"Feature","properties":{"boundary_type":"transform","feature_type":"gpml:Transform","polarity":null,"overriding_plate_id":null,"subducting_plate_id":null,"plate_ids":[664,669],"name":"PNG transform"},"geometry":{"type":"LineString","coordinates":[[127.879,-3.445],[127.461,-3.436],[127.042,-3.427],[126.624,-3.418],[126.288,-3.463],[125.953,-3.507]]}},{"type":"Feature","properties":{"boundary_type":"transform","feature_type":"gpml:Transform","polarity":null,"overriding_plate_id":null,"subducting_plate_id":null,"plate_ids":[564,669],"name":"South Halmahera transform"},"geometry":{"type":"LineString","coordinates":[[127.38,-1.8],[127.827,-1.744],[128.297,-1.72],[128.766,-1.697],[129.236,-1.673],[129.706,-1.649],[130.175,-1.625],[130.645,-1.601],[131.114,-1.576]]}},{"type":"Feature","properties":{"boundary_type":"transform","feature_type":"gpml:Transform","polarity":null,"overriding_plate_id":null,"subducting_plate_id":null,"plate_ids":[564,801],"name":"South Halmahera transform"},"geometry":{"type":"LineString","coordinates":[[131.114,-1.576],[131.224,-1.571]]}},{"type":"Feature","properties":{"boundary_type":"transform","feature_type":"gpml:Transform","polarity":null,"overriding_plate_id":null,"subducting_plate_id":null,"plate_ids":[608,801],"name":"South Halmahera transform"},"geometry":{"type":"LineString","coordinates":[[131.224,-1.571],[131.659,-1.548]]}},{"type":"Feature","properties":{"boundary_type":"transform","feature_type":"gpml:Transform","polarity":null,"overriding_plate_id":null,"subducting_plate_id":null,"plate_ids":[566,676],"name":"South Sulawesi transform"},"geometry":{"type":"LineString","coordinates":[[131.598,-5.971],[131.521,-5.879],[131.188,-5.693],[130.856,-5.507],[130.523,-5.322],[130.191,-5.136],[129.814,-4.997],[129.436,-4.859],[129.059,-4.72]]}},{"type":"Feature","properties":{"boundary_type":"transform","feature_type":"gpml:Transform","polarity":null,"overriding_plate_id":null,"subducting_plate_id":null,"plate_ids":[566,664],"name":"South Sulawesi transform"},"geometry":{"type":"LineString","coordinates":[[129.059,-4.72],[128.652,-4.57],[128.245,-4.42],[127.839,-4.27],[127.433,-4.12],[127.069,-3.986],[126.706,-3.853],[126.344,-3.719],[125.953,-3.507]]}},{"type":"Feature","properties":{"boundary_type":"transform","feature_type":"gpml:Transform","polarity":null,"overriding_plate_id":null,"subducting_plate_id":null,"plate_ids":[566,669],"name":"South Sulawesi transform"},"geometry":{"type":"LineString","coordinates":[[125.953,-3.507],[125.543,-3.284],[125.133,-3.061],[124.723,-2.838],[124.313,-2.614],[123.939,-2.429],[123.565,-2.245],[123.191,-2.06],[122.818,-1.875],[122.444,-1.691],[122.038,-1.497],[121.633,-1.302],[121.227,-1.108],[120.822,-0.914],[120.416,-0.719]]}},{"type":"Feature","properties":{"boundary_type":"other","feature_type":"gpml:UnclassifiedFeature","polarity":null,"overriding_plate_id":null,"subducting_plate_id":null,"plate_ids":[406],"name":"NE SIberia"},"geometry":{"type":"LineString","coordinates":[[164.062,57.776],[164.062,57.776]]}},{"type":"Feature","properties":{"boundary_type":"other","feature_type":"gpml:UnclassifiedFeature","polarity":null,"overriding_plate_id":null,"subducting_plate_id":null,"plate_ids":[406],"name":"NE SIberia"},"geometry":{"type":"LineString","coordinates":[[164.062,57.776],[163.862,57.955]]}},{"type":"Feature","properties":{"boundary_type":"other","feature_type":"gpml:UnclassifiedFeature","polarity":null,"overriding_plate_id":null,"subducting_plate_id":null,"plate_ids":[101,406],"name":"NE SIberia"},"geometry":{"type":"LineString","coordinates":[[163.862,57.955],[163.576,58.209],[163.286,58.461],[162.945,58.837],[162.596,59.212],[162.239,59.585],[161.665,59.99],[161.077,60.392],[160.474,60.791],[159.856,61.188],[159.3,61.602],[158.728,62.015],[158.141,62.424]]}},{"type":"Feature","properties":{"boundary_type":"subduction","feature_type":"gpml:SubductionZone","polarity":"Right","overriding_plate_id":null,"subducting_plate_id":null,"plate_ids":[406],"name":"Aleutian and Bering Sea Masking Polygon"},"geometry":{"type":"LineString","coordinates":[[170.118,55.547],[169.436,55.784],[168.746,56.018],[168.048,56.247],[167.341,56.472],[166.704,56.74],[166.057,57.004],[165.402,57.265],[164.737,57.522],[164.062,57.776]]}},{"type":"Feature","properties":{"boundary_type":"subduction","feature_type":"gpml:SubductionZone","polarity":"Right","overriding_plate_id":null,"subducting_plate_id":null,"plate_ids":[406],"name":"Shirshov Ridge Subduction"},"geometry":{"type":"LineString","coordinates":[[170.118,55.547],[170.118,55.547]]}},{"type":"Feature","properties":{"boundary_type":"subduction","feature_type":"gpml:SubductionZone","polarity":"Right","overriding_plate_id":406,"subducting_plate_id":901,"plate_ids":[406,901],"name":"Shirshov Ridge Subduction"},"geometry":{"type":"LineString","coordinates":[[170.118,55.547],[169.568,55.507],[169.018,55.465],[168.55,55.474],[168.081,55.482],[167.225,55.427],[166.37,55.365],[165.519,55.298],[164.67,55.224],[163.825,55.145],[162.983,55.06],[162.274,54.98],[161.568,54.895],[160.865,54.807]]}},{"type":"Feature","properties":{"boundary_type":"ridge","feature_type":"gpml:MidOceanRidge","polarity":null,"overriding_plate_id":null,"subducting_plate_id":null,"plate_ids":[511,709],"name":"Ridge f iso A5 on IND at 10.9Ma"},"geometry":{"type":"LineString","coordinates":[[67.733,-8.812],[67.67,-8.552],[67.608,-8.292],[67.842,-8.051],[68.077,-7.81],[67.904,-7.599],[67.731,-7.389],[67.942,-7.09],[68.153,-6.792],[67.848,-6.479],[68.027,-6.057],[67.8,-5.8],[67.573,-5.543],[67.347,-5.286],[67.569,-4.859],[67.361,-4.602],[67.154,-4.344]]}},{"type":"Feature","properties":{"boundary_type":"ridge","feature_type":"gpml:MidOceanRidge","polarity":null,"overriding_plate_id":null,"subducting_plate_id":null,"plate_ids":[501,709],"name":"Ridge f iso A5 on IND at 10.9Ma"},"geometry":{"type":"LineString","coordinates":[[67.154,-4.344],[66.937,-4.074],[66.721,-3.805],[66.954,-3.442],[66.622,-3.216],[66.29,-2.99],[66.438,-2.773],[66.096,-2.446],[66.359,-2.064],[66.113,-1.844],[65.868,-1.625],[66.042,-1.331],[65.689,-1.074],[65.912,-0.695],[66.136,-0.316],[65.737,-0.056],[65.339,0.203],[64.941,0.463],[64.543,0.723],[64.412,0.492],[63.943,0.649],[63.474,0.807],[63.005,0.964],[62.596,1.202],[62.187,1.44],[61.777,1.678],[61.447,1.985],[61.118,2.292],[60.788,2.598],[60.458,2.905],[60.127,3.212],[59.764,3.494],[59.4,3.776],[59.035,4.058],[59.127,4.253],[58.767,4.585],[58.406,4.917],[58.045,5.248],[57.751,5.441],[57.457,5.633],[57.163,5.826],[56.841,6.138],[56.519,6.45],[56.197,6.762],[55.874,7.074]]}},{"type":"Feature","properties":{"boundary_type":"ridge","feature_type":"gpml:MidOceanRidge","polarity":null,"overriding_plate_id":null,"subducting_plate_id":null,"plate_ids":[101,224],"name":"Ridge from iso on CAR at 10Ma"},"geometry":{"type":"LineString","coordinates":[[-79.78,17.437],[-79.84,17.894],[-79.9,18.35]]}},{"type":"Feature","properties":{"boundary_type":"transform","feature_type":"gpml:Transform","polarity":null,"overriding_plate_id":null,"subducting_plate_id":null,"plate_ids":[301,686],"name":"Three Pagodas and Sumatra Fault Zone"},"geometry":{"type":"LineString","coordinates":[[97.693,5.149],[97.881,4.747],[98.07,4.344],[98.258,3.942],[98.445,3.54],[98.633,3.138],[98.821,2.736],[99.088,2.346],[99.356,1.956],[99.623,1.566],[99.89,1.176],[100.157,0.786],[100.424,0.396],[100.691,0.006],[100.958,-0.385],[101.225,-0.775],[101.492,-1.165],[101.813,-1.545],[102.133,-1.925],[102.454,-2.305],[102.775,-2.685],[103.004,-3.1],[103.233,-3.515],[103.462,-3.929],[103.475,-4.331],[103.487,-4.733],[103.5,-5.136],[103.43,-5.512],[103.36,-5.889],[103.29,-6.265],[103.286,-6.311]]}},{"type":"Feature","properties":{"boundary_type":"transform","feature_type":"gpml:Transform","polarity":null,"overriding_plate_id":null,"subducting_plate_id":null,"plate_ids":[301,607],"name":"Burma transform"},"geometry":{"type":"LineString","coordinates":[[95.746,25.057],[95.667,24.616],[95.588,24.176],[95.51,23.735],[95.433,23.294],[95.356,22.854],[95.4,22.375],[95.443,21.896],[95.487,21.417],[95.53,20.938],[95.573,20.459],[95.705,19.975],[95.836,19.49],[95.967,19.006],[96.097,18.522],[96.226,18.037],[96.354,17.553],[96.441,17.12],[96.527,16.688],[96.613,16.256],[96.699,15.823],[96.784,15.391],[96.869,14.959],[96.953,14.526]]}},{"type":"Feature","properties":{"boundary_type":"transform","feature_type":"gpml:Transform","polarity":null,"overriding_plate_id":null,"subducting_plate_id":null,"plate_ids":[301,686],"name":"Burma transform"},"geometry":{"type":"LineString","coordinates":[[96.953,14.526],[97.031,14.128]]}},{"type":"Feature","properties":{"boundary_type":"transform","feature_type":"gpml:Transform","polarity":null,"overriding_plate_id":null,"subducting_plate_id":null,"plate_ids":[301,686],"name":"Burma transform"},"geometry":{"type":"LineString","coordinates":[[97.031,14.128],[96.842,13.746],[96.733,13.313],[96.625,12.88],[96.517,12.447],[96.409,12.014],[96.418,11.563],[96.427,11.111],[96.435,10.66],[96.444,10.208],[96.453,9.757],[96.509,9.34],[96.566,8.923],[96.622,8.506],[96.679,8.089],[96.735,7.672],[96.791,7.255],[96.948,6.782],[97.104,6.309],[97.26,5.836],[97.416,5.363],[97.693,5.149]]}},{"type":"Feature","properties":{"boundary_type":"subduction","feature_type":"gpml:SubductionZone","polarity":"Left","overriding_plate_id":608,"subducting_plate_id":653,"plate_ids":[608,653],"name":"South Proto Mariana Trench"},"geometry":{"type":"LineString","coordinates":[[140.606,9.568],[140.925,9.68],[141.245,9.791],[141.564,9.903],[141.811,10.195]]}},{"type":"Feature","properties":{"boundary_type":"subduction","feature_type":"gpml:SubductionZone","polarity":"Left","overriding_plate_id":null,"subducting_plate_id":null,"plate_ids":[901],"name":"Proto Mussau Trench"},"geometry":{"type":"LineString","coordinates":[[153.025,-2.906],[153.033,-2.881]]}},{"type":"Feature","properties":{"boundary_type":"subduction","feature_type":"gpml:SubductionZone","polarity":"Left","overriding_plate_id":653,"subducting_plate_id":901,"plate_ids":[653,901],"name":"Proto Mussau Trench"},"geometry":{"type":"LineString","coordinates":[[153.033,-2.881],[153.174,-2.439],[153.315,-1.997],[153.456,-1.555],[153.596,-1.113],[153.737,-0.671],[153.878,-0.23],[154.018,0.212],[154.159,0.654],[154.3,1.096],[154.44,1.538],[154.389,1.999],[154.338,2.461],[154.287,2.922],[154.235,3.383],[154.184,3.844],[154.132,4.305],[154.081,4.766],[154.029,5.227],[153.977,5.688],[153.844,6.106],[153.711,6.524],[153.578,6.942]]}},{"type":"Feature","properties":{"boundary_type":"subduction","feature_type":"gpml:SubductionZone","polarity":"Left","overriding_plate_id":901,"subducting_plate_id":608,"plate_ids":[608,901],"name":"Sorol Trough"},"geometry":{"type":"LineString","coordinates":[[139.733,11.332],[140.15,11.106],[140.566,10.879],[140.981,10.652],[141.396,10.424],[141.811,10.195]]}},{"type":"Feature","properties":{"boundary_type":"subduction","feature_type":"gpml:SubductionZone","polarity":"Left","overriding_plate_id":901,"subducting_plate_id":653,"plate_ids":[653,901],"name":"Sorol Trough"},"geometry":{"type":"LineString","coordinates":[[141.811,10.195],[142.079,10.047],[142.543,9.846],[143.006,9.644],[143.469,9.441],[143.931,9.237],[144.392,9.033],[144.854,8.829],[145.314,8.624],[145.774,8.418],[146.234,8.212],[146.693,8.005],[147.152,7.798],[147.61,7.59],[148.068,7.382],[148.525,7.173],[148.982,6.964],[149.442,6.964],[149.901,6.963],[150.361,6.962],[150.82,6.961],[151.28,6.959],[151.739,6.956],[152.199,6.954],[152.659,6.95],[153.118,6.947],[153.578,6.942]]}},{"type":"Feature","properties":{"boundary_type":"subduction","feature_type":"gpml:SubductionZone","polarity":"Right","overriding_plate_id":678,"subducting_plate_id":608,"plate_ids":[608,678],"name":"Philippine trench"},"geometry":{"type":"LineString","coordinates":[[125.066,15.828],[125.266,15.5],[125.466,15.173],[125.81,14.905],[126.154,14.637],[126.497,14.368],[126.822,13.988],[127.146,13.607],[127.469,13.225],[127.791,12.844],[128.112,12.461],[128.432,12.079],[128.751,11.696],[129.069,11.313],[129.259,10.887],[129.449,10.461],[129.638,10.036],[129.827,9.61],[130.015,9.184],[130.203,8.758],[130.39,8.331],[130.577,7.905],[130.764,7.479],[130.873,7.006],[130.983,6.534],[131.092,6.061],[131.2,5.588],[131.309,5.116],[131.418,4.643],[131.526,4.171],[131.634,3.698],[131.742,3.225]]}},{"type":"Feature","properties":{"boundary_type":"subduction","feature_type":"gpml:SubductionZone","polarity":"Left","overriding_plate_id":678,"subducting_plate_id":301,"plate_ids":[301,678],"name":"Luzon subduction"},"geometry":{"type":"LineString","coordinates":[[120.276,24.577],[120.189,24.099],[120.103,23.622],[120.017,23.144],[119.932,22.666],[119.848,22.189],[119.851,21.761],[119.855,21.332],[119.858,20.904],[119.861,20.476],[119.865,20.048],[119.667,19.704],[119.471,19.36],[119.276,19.015],[119.081,18.67]]}},{"type":"Feature","properties":{"boundary_type":"subduction","feature_type":"gpml:SubductionZone","polarity":"Left","overriding_plate_id":564,"subducting_plate_id":301,"plate_ids":[301,564],"name":"Luzon subduction"},"geometry":{"type":"LineString","coordinates":[[119.081,18.67],[119.042,18.602],[119.07,18.167],[119.097,17.732],[119.124,17.296],[119.151,16.861],[119.178,16.426],[119.307,16.068],[119.436,15.71],[119.564,15.352],[119.692,14.993],[119.796,14.939]]}},{"type":"Feature","properties":{"boundary_type":"subduction","feature_type":"gpml:SubductionZone","polarity":"Left","overriding_plate_id":564,"subducting_plate_id":677,"plate_ids":[564,677],"name":"Luzon subduction"},"geometry":{"type":"LineString","coordinates":[[119.796,14.939],[120.143,14.758],[120.489,14.576],[120.781,14.422],[121.073,14.267],[121.218,13.89],[121.362,13.513],[121.506,13.136],[121.576,12.952]]}},{"type":"Feature","properties":{"boundary_type":"subduction","feature_type":"gpml:SubductionZone","polarity":"Left","overriding_plate_id":564,"subducting_plate_id":646,"plate_ids":[564,646],"name":"Luzon subduction"},"geometry":{"type":"LineString","coordinates":[[121.576,12.952],[121.744,12.509],[121.911,12.066],[121.961,11.598],[122.011,11.131],[122.262,10.7],[122.513,10.269],[122.749,10.056],[122.984,9.843]]}},{"type":"Feature","properties":{"boundary_type":"subduction","feature_type":"gpml:SubductionZone","polarity":"Left","overriding_plate_id":564,"subducting_plate_id":645,"plate_ids":[564,645],"name":"Luzon subduction"},"geometry":{"type":"LineString","coordinates":[[122.984,9.843],[123.306,9.551],[123.493,9.355]]}},{"type":"Feature","properties":{"boundary_type":"subduction","feature_type":"gpml:SubductionZone","polarity":"Left","overriding_plate_id":645,"subducting_plate_id":564,"plate_ids":[564,645],"name":"East Sunda subduction"},"geometry":{"type":"LineString","coordinates":[[127.496,3.504],[127.277,3.877],[127.057,4.251],[126.823,4.612],[126.588,4.974],[126.353,5.335],[126.118,5.696],[125.883,6.057],[125.595,6.264],[125.308,6.47],[125.02,6.677],[124.656,6.988],[124.293,7.299],[123.928,7.61],[123.824,8.021],[123.72,8.431],[123.616,8.842],[123.512,9.252],[123.493,9.355]]}},{"type":"Feature","properties":{"boundary_type":"other","feature_type":"gpml:OrogenicBelt","polarity":null,"overriding_plate_id":null,"subducting_plate_id":null,"plate_ids":[301,677],"name":"Borneo deformation"},"geometry":{"type":"LineString","coordinates":[[117.049,10.189],[117.273,10.499],[117.498,10.809],[117.723,11.119],[117.949,11.429],[118.193,11.827],[118.438,12.226],[118.684,12.624],[118.931,13.021],[119.179,13.419],[119.427,13.816],[119.531,14.17],[119.635,14.524],[119.74,14.878],[119.796,14.939]]}},{"type":"Feature","properties":{"boundary_type":"ridge","feature_type":"gpml:MidOceanRidge","polarity":null,"overriding_plate_id":null,"subducting_plate_id":null,"plate_ids":[607,686],"name":"Andaman Sea MOR"},"geometry":{"type":"LineString","coordinates":[[92.734,5.883],[92.972,6.018],[93.209,6.154],[93.579,6.406],[93.948,6.658],[93.81,6.878],[93.672,7.098],[93.559,7.357],[93.447,7.616],[93.324,7.931],[93.256,8.23],[93.509,8.314],[93.374,8.703],[93.235,9.132],[93.158,9.565],[93.487,9.647],[93.436,9.995],[93.763,10.07],[94.09,10.145],[94.37,10.207],[94.65,10.268],[94.597,10.764],[94.544,11.259],[94.511,11.604],[94.478,11.949],[94.957,12.006],[94.94,12.49],[95.099,12.486],[95.081,12.758],[95.064,13.03],[95.264,13.042],[95.245,13.511],[95.227,13.979],[95.209,14.447],[95.616,14.465],[96.023,14.481],[96.43,14.497],[96.692,14.512],[96.953,14.526]]}},{"type":"Feature","properties":{"boundary_type":"subduction","feature_type":"gpml:SubductionZone","polarity":"Left","overriding_plate_id":678,"subducting_plate_id":608,"plate_ids":[608,678],"name":"Luzon East subduction"},"geometry":{"type":"LineString","coordinates":[[125.066,15.828],[125.126,16.169],[124.968,16.617],[124.81,17.066],[124.65,17.514],[124.49,17.963],[124.329,18.411],[124.167,18.859],[124.005,19.307],[123.841,19.755],[123.677,20.202],[123.562,20.564],[123.447,20.926],[123.332,21.288],[123.216,21.649],[123.162,22.093],[123.109,22.536],[123.054,22.979],[123.0,23.422],[122.945,23.865],[122.89,24.308],[122.834,24.751],[122.805,24.916]]}},{"type":"Feature","properties":{"boundary_type":"ridge","feature_type":"gpml:MidOceanRidge","polarity":null,"overriding_plate_id":null,"subducting_plate_id":null,"plate_ids":[646,677],"name":"Sulu Sea"},"geometry":{"type":"LineString","coordinates":[[118.425,8.445],[118.707,8.856],[118.991,9.267],[119.275,9.677],[119.56,10.088],[119.845,10.498],[120.132,10.907],[120.419,11.317],[120.707,11.726],[120.996,12.135],[121.285,12.544],[121.576,12.952]]}},{"type":"Feature","properties":{"boundary_type":"transform","feature_type":"gpml:Transform","polarity":null,"overriding_plate_id":null,"subducting_plate_id":null,"plate_ids":[301,677],"name":"Borneo transform"},"geometry":{"type":"LineString","coordinates":[[117.049,10.189],[117.325,9.841],[117.601,9.492],[117.876,9.144],[118.151,8.795],[118.425,8.445]]}},{"type":"Feature","properties":{"boundary_type":"transform","feature_type":"gpml:Transform","polarity":null,"overriding_plate_id":null,"subducting_plate_id":null,"plate_ids":[301,646],"name":"Borneo transform"},"geometry":{"type":"LineString","coordinates":[[118.425,8.445],[118.664,8.14],[118.903,7.835],[119.118,7.511],[119.333,7.188],[119.548,6.865]]}},{"type":"Feature","properties":{"boundary_type":"ridge","feature_type":"gpml:MidOceanRidge","polarity":null,"overriding_plate_id":null,"subducting_plate_id":null,"plate_ids":[664,676],"name":"Banda spreading"},"geometry":{"type":"LineString","coordinates":[[129.059,-4.72],[129.397,-4.539],[129.736,-4.357],[129.636,-4.201],[129.975,-4.015],[130.314,-3.827]]}},{"type":"Feature","properties":{"boundary_type":"subduction","feature_type":"gpml:SubductionZone","polarity":"Left","overriding_plate_id":608,"subducting_plate_id":801,"plate_ids":[608,801],"name":"South Torricelli Subduction"},"geometry":{"type":"LineString","coordinates":[[131.659,-1.548],[132.075,-1.658],[132.49,-1.769],[132.906,-1.879],[133.322,-1.989],[133.737,-2.099],[134.153,-2.209],[134.569,-2.319]]}},{"type":"Feature","properties":{"boundary_type":"subduction","feature_type":"gpml:SubductionZone","polarity":"Left","overriding_plate_id":653,"subducting_plate_id":801,"plate_ids":[653,801],"name":"South Torricelli Subduction"},"geometry":{"type":"LineString","coordinates":[[134.569,-2.319],[134.991,-2.431],[135.414,-2.542],[135.836,-2.653],[136.307,-2.729],[136.778,-2.804],[137.248,-2.879],[137.719,-2.954],[138.19,-3.029],[138.661,-3.103],[139.132,-3.177],[139.603,-3.251],[140.074,-3.325],[140.406,-3.371],[140.737,-3.417]]}},{"type":"Feature","properties":{"boundary_type":"subduction","feature_type":"gpml:SubductionZone","polarity":"Left","overriding_plate_id":653,"subducting_plate_id":849,"plate_ids":[653,849],"name":"South Torricelli Subduction"},"geometry":{"type":"LineString","coordinates":[[140.737,-3.417],[141.192,-3.48],[141.647,-3.543],[142.102,-3.605],[142.558,-3.667],[143.013,-3.729],[143.469,-3.791],[143.924,-3.852]]}},{"type":"Feature","properties":{"boundary_type":"transform","feature_type":"gpml:Transform","polarity":null,"overriding_plate_id":null,"subducting_plate_id":null,"plate_ids":[669,801],"name":"Bird's Head transform"},"geometry":{"type":"LineString","coordinates":[[127.411,-3.327],[127.823,-3.146],[128.234,-2.966],[128.646,-2.785],[129.057,-2.604],[129.469,-2.423],[129.88,-2.211],[130.292,-2.0],[130.703,-1.788],[131.114,-1.576]]}},{"type":"Feature","properties":{"boundary_type":"transform","feature_type":"gpml:Transform","polarity":null,"overriding_plate_id":null,"subducting_plate_id":null,"plate_ids":[669,801],"name":"Bird's Head transform"},"geometry":{"type":"LineString","coordinates":[[127.411,-3.327],[127.879,-3.445]]}},{"type":"Feature","properties":{"boundary_type":"ridge","feature_type":"gpml:MidOceanRidge","polarity":null,"overriding_plate_id":null,"subducting_plate_id":null,"plate_ids":[608,659],"name":"Ridge f iso on EPV at 22.6Ma"},"geometry":{"type":"LineString","coordinates":[[140.584,25.136],[140.409,25.461],[140.234,25.786],[140.058,26.111],[139.829,26.498],[139.599,26.885],[139.366,27.271],[139.132,27.657],[138.897,28.042],[138.671,28.414],[138.443,28.785],[138.214,29.156],[137.983,29.526],[137.735,29.956],[137.484,30.385],[137.231,30.814],[136.976,31.242],[136.719,31.67],[136.519,32.024],[136.318,32.378],[136.115,32.732],[136.018,32.725],[135.764,33.117],[135.507,33.509],[135.249,33.9],[135.157,34.059]]}},{"type":"Feature","properties":{"boundary_type":"ridge","feature_type":"gpml:MidOceanRidge","polarity":null,"overriding_plate_id":null,"subducting_plate_id":null,"plate_ids":[101,301],"name":"MOR NAM-Eurasia"},"geometry":{"type":"LineString","coordinates":[[-32.839,50.469],[-32.874,50.618],[-32.819,51.097],[-32.763,51.577],[-32.749,51.918],[-32.735,52.259],[-32.866,52.714],[-32.858,52.941],[-32.465,53.371],[-32.064,53.799],[-31.747,54.123],[-31.425,54.447],[-31.138,54.741],[-30.846,55.036],[-30.55,55.329],[-30.149,55.569],[-29.742,55.808],[-29.327,56.078],[-28.907,56.346],[-28.582,56.534],[-28.254,56.72],[-27.875,57.02],[-27.49,57.319],[-26.993,57.693],[-26.485,58.066],[-25.975,58.403],[-25.638,58.633],[-25.298,58.862],[-24.993,59.059],[-24.684,59.255],[-24.331,59.481],[-23.974,59.706],[-23.682,59.918],[-23.386,60.13],[-22.978,60.366],[-22.563,60.601],[-22.21,60.84],[-21.852,61.078],[-21.307,61.332],[-20.753,61.585],[-20.422,61.79],[-20.088,61.993],[-19.532,62.277],[-18.967,62.558],[-18.363,62.817],[-17.749,63.073],[-17.23,63.271],[-16.704,63.466],[-16.34,63.653]]}},{"type":"Feature","properties":{"boundary_type":"ridge","feature_type":"gpml:MidOceanRidge","polarity":null,"overriding_plate_id":null,"subducting_plate_id":null,"plate_ids":[101,301],"name":"MOR NAM-Eurasia"},"geometry":{"type":"LineString","coordinates":[[-16.34,63.653],[-16.344,63.67],[-16.298,63.988],[-16.323,64.27],[-16.348,64.553],[-16.25,64.95],[-15.979,65.372],[-15.616,65.762],[-15.242,66.15],[-14.606,66.509],[-14.053,66.878],[-13.564,67.145],[-13.102,67.503],[-12.816,67.774],[-12.436,68.077],[-11.818,68.175],[-11.194,68.27],[-10.323,68.486],[-9.58,68.472],[-8.838,68.455],[-8.555,68.538],[-7.895,68.539],[-6.642,68.543],[-5.909,68.596],[-5.853,68.591]]}},{"type":"Feature","properties":{"boundary_type":"ridge","feature_type":"gpml:MidOceanRidge","polarity":null,"overriding_plate_id":null,"subducting_plate_id":null,"plate_ids":[101,301],"name":"MOR NAM-Eurasia"},"geometry":{"type":"LineString","coordinates":[[-5.853,68.591],[-5.07,68.68],[-4.28,68.766],[-3.325,68.934],[-2.355,69.096],[-1.371,69.252],[-0.373,69.403],[0.526,69.574],[1.439,69.741],[2.367,69.903],[3.051,70.045],[3.978,70.206],[4.919,70.363],[5.803,70.543],[6.701,70.718],[7.292,70.983],[7.899,71.246],[8.336,71.714],[8.186,71.94],[7.731,72.28],[7.259,72.62],[6.995,72.89],[6.723,73.159],[6.753,73.482],[6.785,73.806],[7.134,74.268],[6.553,74.502],[6.75,74.853],[6.956,75.203],[5.856,75.441],[4.721,75.673],[4.971,76.014],[5.233,76.355],[3.987,76.564],[2.702,76.768],[2.889,77.195],[1.049,77.489],[-0.877,77.771],[-0.772,78.035],[-0.662,78.299],[-1.538,78.409],[-1.828,78.722],[-2.134,79.034],[-3.185,79.131],[-2.919,79.333],[-4.298,79.495],[-5.319,79.654]]}},{"type":"Feature","properties":{"boundary_type":"other","feature_type":"gpml:InferredPaleoBoundary","polarity":null,"overriding_plate_id":null,"subducting_plate_id":null,"plate_ids":[101,301],"name":"Arctic NAM-Eurasia"},"geometry":{"type":"LineString","coordinates":[[-5.319,79.654],[-5.073,80.007],[-4.808,80.36],[-4.473,80.609],[-4.121,80.859],[-3.121,81.094],[-2.068,81.326],[-0.77,81.6],[0.614,81.87],[2.091,82.135],[3.939,82.371],[5.902,82.598],[7.595,82.844],[9.406,83.083],[11.571,83.296],[13.873,83.498],[15.637,83.694],[17.512,83.883],[19.368,84.07],[21.343,84.25],[23.188,84.48],[25.191,84.705],[28.224,84.926],[31.522,85.132],[34.346,85.212],[38.617,85.234],[42.214,85.163],[45.816,85.084],[49.291,84.986],[54.267,84.949],[57.099,84.984],[59.965,85.006],[63.878,85.023],[67.8,85.016],[70.943,84.993],[74.049,84.955],[77.104,84.903],[80.089,84.837],[83.728,84.759],[87.248,84.661],[89.706,84.526],[92.042,84.382],[93.789,84.202],[95.429,84.017],[97.916,83.688],[100.154,83.35],[102.173,83.002],[103.91,82.696],[105.508,82.384],[106.797,82.077],[107.99,81.766],[109.096,81.451],[110.53,81.18],[111.877,80.903],[113.145,80.622],[114.288,80.341],[115.366,80.055],[116.528,79.67],[117.607,79.281],[118.61,78.888],[119.546,78.493],[120.562,78.1],[121.513,77.704],[122.406,77.305],[123.245,76.903],[124.324,76.488],[125.339,76.068],[126.297,75.645],[127.2,75.218],[128.053,74.788],[128.561,74.363],[129.042,73.937],[129.499,73.51],[129.934,73.082],[130.347,72.654],[130.742,72.224],[131.118,71.794],[131.609,71.411],[132.08,71.027],[132.533,70.641],[132.97,70.255],[133.39,69.867],[133.738,69.391],[134.072,68.913],[134.391,68.435],[134.697,67.957],[134.991,67.477],[135.273,66.998],[135.621,66.58],[135.959,66.162],[136.285,65.744],[136.601,65.324],[136.873,64.883],[137.136,64.442],[137.391,64.001],[137.638,63.559],[137.878,63.116],[138.11,62.673],[138.335,62.23],[138.66,61.836],[138.976,61.441],[139.284,61.046],[139.584,60.649],[139.877,60.252],[140.108,59.826],[140.332,59.398],[140.551,58.97],[140.764,58.542],[140.973,58.114],[141.431,57.788],[141.881,57.46],[142.322,57.13],[142.756,56.799]]}},{"type":"Feature","properties":{"boundary_type":"ridge","feature_type":"gpml:MidOceanRidge","polarity":null,"overriding_plate_id":null,"subducting_plate_id":null,"plate_ids":[824,901],"name":"North Fiji Basin MOR"},"geometry":{"type":"LineString","coordinates":[[173.793,-9.851],[174.105,-9.983],[174.416,-10.115],[174.786,-10.349],[175.157,-10.583],[175.528,-10.817],[175.876,-10.992],[176.224,-11.167],[176.573,-11.342],[176.922,-11.516],[177.288,-11.742],[177.654,-11.966],[178.022,-12.191],[178.389,-12.415],[178.622,-12.803],[178.855,-13.191],[179.089,-13.58],[179.347,-13.991],[179.605,-14.401],[179.865,-14.812],[-179.886,-15.085],[-179.637,-15.359],[-179.536,-15.6]]}},{"type":"Feature","properties":{"boundary_type":"subduction","feature_type":"gpml:SubductionZone","polarity":"Left","overriding_plate_id":null,"subducting_plate_id":null,"plate_ids":[301,511,801],"name":"Java SZ"},"geometry":{"type":"LineString","coordinates":[[107.063,-7.661],[107.247,-7.65]]}},{"type":"Feature","properties":{"boundary_type":"subduction","feature_type":"gpml:SubductionZone","polarity":"Left","overriding_plate_id":301,"subducting_plate_id":801,"plate_ids":[301,801],"name":"Java SZ"},"geometry":{"type":"LineString","coordinates":[[107.247,-7.65],[107.454,-7.638],[107.889,-7.691],[108.324,-7.744],[108.76,-7.796],[109.195,-7.848],[109.631,-7.899],[110.066,-7.95],[110.503,-7.957],[110.94,-7.964],[111.376,-7.97],[111.813,-7.975],[112.25,-7.98],[112.693,-8.047],[113.137,-8.113],[113.58,-8.178],[114.024,-8.243],[114.467,-8.307],[114.906,-8.38],[115.344,-8.452],[115.783,-8.523]]}},{"type":"Feature","properties":{"boundary_type":"subduction","feature_type":"gpml:SubductionZone","polarity":"Left","overriding_plate_id":301,"subducting_plate_id":801,"plate_ids":[301,801],"name":"Flores Banda SZ"},"geometry":{"type":"LineString","coordinates":[[115.783,-8.523],[116.266,-8.497],[116.749,-8.469],[117.232,-8.441],[117.715,-8.413],[118.198,-8.384],[118.681,-8.354],[119.164,-8.324],[119.609,-8.328],[120.054,-8.332],[120.499,-8.336],[120.944,-8.339],[121.389,-8.341],[121.834,-8.343]]}},{"type":"Feature","properties":{"boundary_type":"subduction","feature_type":"gpml:SubductionZone","polarity":"Left","overriding_plate_id":566,"subducting_plate_id":801,"plate_ids":[566,801],"name":"Flores Banda SZ"},"geometry":{"type":"LineString","coordinates":[[121.834,-8.343],[122.29,-8.344],[122.745,-8.345],[123.183,-8.246],[123.621,-8.147],[124.058,-8.046],[124.495,-7.946],[124.932,-7.845],[125.369,-7.743],[125.805,-7.642],[126.244,-7.561],[126.682,-7.48],[127.12,-7.398],[127.558,-7.316],[127.996,-7.233],[128.434,-7.15],[128.872,-7.067],[129.309,-6.983],[129.701,-6.878],[130.093,-6.773],[130.485,-6.668],[130.877,-6.562],[131.238,-6.266],[131.598,-5.971]]}},{"type":"Feature","properties":{"boundary_type":"subduction","feature_type":"gpml:SubductionZone","polarity":"Left","overriding_plate_id":676,"subducting_plate_id":801,"plate_ids":[676,801],"name":"Flores Banda SZ"},"geometry":{"type":"LineString","coordinates":[[131.598,-5.971],[131.95,-5.682],[132.196,-5.418]]}},{"type":"Feature","properties":{"boundary_type":"subduction","feature_type":"gpml:SubductionZone","polarity":"Left","overriding_plate_id":224,"subducting_plate_id":909,"plate_ids":[224,909],"name":""},"geometry":{"type":"LineString","coordinates":[[-94.44,15.787],[-94.047,15.533],[-93.656,15.278],[-93.265,15.023],[-92.876,14.767],[-92.489,14.53],[-92.102,14.292],[-91.717,14.054],[-91.332,13.815],[-90.948,13.575],[-90.564,13.335],[-90.182,13.095],[-89.8,12.853],[-89.427,12.647],[-89.054,12.441],[-88.682,12.233],[-88.31,12.026],[-87.939,11.818],[-87.568,11.609],[-87.239,11.276],[-86.909,10.943],[-86.581,10.609],[-86.253,10.276],[-85.872,9.98],[-85.491,9.683],[-85.111,9.386],[-84.731,9.089],[-84.352,8.792],[-84.009,8.553],[-83.666,8.314],[-83.323,8.074]]}},{"type":"Feature","properties":{"boundary_type":"subduction","feature_type":"gpml:SubductionZone","polarity":"Left","overriding_plate_id":224,"subducting_plate_id":911,"plate_ids":[224,911],"name":""},"geometry":{"type":"LineString","coordinates":[[-83.323,8.074],[-82.938,7.805],[-82.553,7.535],[-82.169,7.264],[-81.786,6.994],[-81.403,6.723],[-81.02,6.451]]}},{"type":"Feature","properties":{"boundary_type":"subduction","feature_type":"gpml:SubductionZone","polarity":"Left","overriding_plate_id":224,"subducting_plate_id":911,"plate_ids":[224,911],"name":""},"geometry":{"type":"LineString","coordinates":[[-81.02,6.451],[-80.598,6.244],[-80.177,6.037],[-79.756,5.829],[-79.335,5.621],[-78.91,5.52],[-78.485,5.418],[-78.061,5.316]]}},{"type":"Feature","properties":{"boundary_type":"subduction","feature_type":"gpml:SubductionZone","polarity":"Left","overriding_plate_id":224,"subducting_plate_id":911,"plate_ids":[224,911],"name":""},"geometry":{"type":"LineString","coordinates":[[-78.061,5.316],[-78.054,5.285],[-78.074,4.912],[-78.094,4.539],[-78.115,4.166],[-78.223,3.752],[-78.332,3.338],[-78.44,2.923],[-78.41,2.469],[-78.379,2.014],[-78.348,1.56]]}},{"type":"Feature","properties":{"boundary_type":"subduction","feature_type":"gpml:SubductionZone","polarity":"Right","overriding_plate_id":224,"subducting_plate_id":101,"plate_ids":[101,224],"name":""},"geometry":{"type":"LineString","coordinates":[[-59.357,17.853],[-59.252,17.746]]}},{"type":"Feature","properties":{"boundary_type":"subduction","feature_type":"gpml:SubductionZone","polarity":"Right","overriding_plate_id":224,"subducting_plate_id":201,"plate_ids":[201,224],"name":""},"geometry":{"type":"LineString","coordinates":[[-59.252,17.746],[-58.904,17.389],[-58.557,17.032],[-58.211,16.674],[-57.866,16.315],[-57.675,15.855],[-57.485,15.394],[-57.295,14.934],[-57.106,14.473],[-56.886,14.157],[-56.666,13.841],[-56.447,13.525],[-56.372,13.058],[-56.297,12.592],[-56.222,12.125],[-56.148,11.659],[-56.254,11.2],[-56.36,10.742],[-56.465,10.283],[-56.571,9.824],[-56.649,9.585],[-56.728,9.345]]}},{"type":"Feature","properties":{"boundary_type":"transform","feature_type":"gpml:Transform","polarity":null,"overriding_plate_id":null,"subducting_plate_id":null,"plate_ids":[101,909],"name":"FZ NORTH 1"},"geometry":{"type":"LineString","coordinates":[[-100.337,18.032],[-99.914,17.854],[-99.491,17.676],[-99.07,17.497],[-98.649,17.316],[-98.229,17.135],[-97.801,16.956],[-97.374,16.776],[-96.947,16.595],[-96.521,16.413],[-96.096,16.23],[-95.672,16.046],[-95.261,15.961],[-94.85,15.874],[-94.44,15.787]]}},{"type":"Feature","properties":{"boundary_type":"transform","feature_type":"gpml:Transform","polarity":null,"overriding_plate_id":null,"subducting_plate_id":null,"plate_ids":[101,224],"name":"FZ NORTH 1"},"geometry":{"type":"LineString","coordinates":[[-94.44,15.787],[-94.134,15.722],[-93.828,15.656],[-93.341,15.672],[-92.853,15.687],[-92.366,15.7],[-91.878,15.713],[-91.39,15.724],[-90.903,15.734],[-90.415,15.744],[-89.927,15.752],[-89.439,15.759],[-88.951,15.765],[-88.463,15.77],[-88.054,15.802],[-87.645,15.833],[-87.236,15.863],[-86.827,15.892],[-86.423,15.99],[-86.018,16.088],[-85.613,16.184],[-85.208,16.28],[-84.742,16.436],[-84.275,16.591],[-83.807,16.745],[-83.338,16.898],[-82.893,17.001],[-82.446,17.102],[-81.999,17.203],[-81.552,17.302],[-81.109,17.337],[-80.667,17.372],[-80.224,17.405],[-79.78,17.437]]}},{"type":"Feature","properties":{"boundary_type":"transform","feature_type":"gpml:Transform","polarity":null,"overriding_plate_id":null,"subducting_plate_id":null,"plate_ids":[201,224],"name":"TBD"},"geometry":{"type":"LineString","coordinates":[[-73.178,11.313],[-72.715,11.24],[-72.252,11.167],[-71.789,11.093],[-71.327,11.018],[-70.864,10.943],[-70.402,10.867],[-69.94,10.79],[-69.479,10.712],[-69.017,10.634],[-68.556,10.556],[-68.095,10.476],[-67.599,10.435],[-67.104,10.393],[-66.608,10.351],[-66.113,10.307],[-65.617,10.263],[-65.122,10.218],[-64.627,10.173],[-64.132,10.126],[-63.638,10.079],[-63.143,10.032],[-62.649,9.983],[-62.155,9.934],[-61.66,9.884],[-61.166,9.833],[-60.673,9.782],[-60.179,9.73],[-59.685,9.677],[-59.192,9.623],[-58.699,9.569],[-58.206,9.514],[-57.713,9.458],[-57.22,9.402],[-56.728,9.345]]}},{"type":"Feature","properties":{"boundary_type":"transform","feature_type":"gpml:Transform","polarity":null,"overriding_plate_id":null,"subducting_plate_id":null,"plate_ids":[101,224],"name":"FZ NORTH 2"},"geometry":{"type":"LineString","coordinates":[[-79.9,18.35],[-79.844,18.355],[-79.355,18.395],[-78.866,18.434],[-78.376,18.471],[-77.886,18.507],[-77.396,18.542],[-76.952,18.57],[-76.507,18.597],[-76.062,18.623],[-75.618,18.648],[-75.173,18.672],[-74.727,18.694],[-74.268,18.715],[-73.808,18.734],[-73.348,18.752],[-72.888,18.769],[-72.428,18.784],[-71.968,18.799],[-71.476,18.789],[-70.984,18.777],[-70.492,18.764],[-70.001,18.75],[-69.509,18.735],[-69.017,18.718],[-68.526,18.7],[-68.055,18.68],[-67.585,18.66],[-67.114,18.637],[-66.644,18.614],[-66.174,18.59],[-65.704,18.564],[-65.183,18.513],[-64.663,18.46],[-64.143,18.406],[-63.624,18.35],[-63.105,18.293],[-62.586,18.234],[-62.124,18.183],[-61.662,18.131],[-61.2,18.078],[-60.739,18.023],[-60.278,17.968],[-59.818,17.911],[-59.357,17.853]]}},{"type":"Feature","properties":{"boundary_type":"ridge","feature_type":"gpml:MidOceanRidge","polarity":null,"overriding_plate_id":null,"subducting_plate_id":null,"plate_ids":[802,904],"name":"Marie Byrd Land - Aluk ridge NW15"},"geometry":{"type":"LineString","coordinates":[[-68.734,-58.542],[-69.323,-58.795],[-69.725,-59.01],[-70.131,-59.223],[-69.644,-59.505],[-69.148,-59.785],[-69.867,-60.108],[-70.601,-60.426],[-71.349,-60.74],[-70.871,-61.126],[-70.381,-61.511],[-69.879,-61.893],[-69.364,-62.274],[-68.836,-62.652],[-68.294,-63.029],[-67.738,-63.404],[-68.388,-63.601],[-69.047,-63.795],[-68.533,-64.176]]}},{"type":"Feature","properties":{"boundary_type":"ridge","feature_type":"gpml:MidOceanRidge","polarity":null,"overriding_plate_id":null,"subducting_plate_id":null,"plate_ids":[901,969],"name":"Mathematician-Pacific MOR c5n2o NW15"},"geometry":{"type":"LineString","coordinates":[[-106.632,19.607],[-106.775,19.177],[-106.932,18.74],[-107.088,18.303],[-107.243,17.865],[-107.397,17.428],[-107.551,16.99],[-107.704,16.553],[-107.856,16.115],[-107.493,15.964],[-107.13,15.812],[-106.768,15.659],[-106.895,15.378]]}},{"type":"Feature","properties":{"boundary_type":"transform","feature_type":"gpml:Transform","polarity":null,"overriding_plate_id":null,"subducting_plate_id":null,"plate_ids":[901,969],"name":"West O'Gorman FZ NW15"},"geometry":{"type":"LineString","coordinates":[[-106.895,15.378],[-106.563,15.14],[-106.232,14.901],[-105.902,14.662],[-105.501,14.428],[-105.102,14.194],[-104.703,13.96],[-104.305,13.724],[-103.908,13.488],[-103.512,13.252],[-103.116,13.014],[-102.721,12.776],[-102.349,12.539],[-101.977,12.301]]}},{"type":"Feature","properties":{"boundary_type":"transform","feature_type":"gpml:Transform","polarity":null,"overriding_plate_id":null,"subducting_plate_id":null,"plate_ids":[901,969],"name":"Clarion FZ, Rivera-Mathematican boundary NW15"},"geometry":{"type":"LineString","coordinates":[[-106.632,19.607],[-106.538,19.589]]}},{"type":"Feature","properties":{"boundary_type":"transform","feature_type":"gpml:Transform","polarity":null,"overriding_plate_id":null,"subducting_plate_id":null,"plate_ids":[969,970],"name":"Clarion FZ, Rivera-Mathematican boundary NW15"},"geometry":{"type":"LineString","coordinates":[[-106.538,19.589],[-106.117,19.506],[-105.696,19.421],[-105.355,19.314],[-105.014,19.205],[-104.674,19.096],[-104.296,18.965],[-103.918,18.833],[-103.54,18.7],[-103.147,18.625],[-102.754,18.549],[-102.361,18.472],[-102.034,18.371],[-101.707,18.269]]}},{"type":"Feature","properties":{"boundary_type":"ridge","feature_type":"gpml:MidOceanRidge","polarity":null,"overriding_plate_id":null,"subducting_plate_id":null,"plate_ids":[901,970],"name":"Pacific-Rivera MOR c3n4c NW15"},"geometry":{"type":"LineString","coordinates":[[-104.897,23.135],[-104.997,22.789],[-105.096,22.443],[-105.271,22.089],[-105.463,21.745],[-105.653,21.4],[-105.843,21.055],[-106.032,20.71],[-106.218,20.284],[-106.404,19.857],[-106.538,19.589]]}},{"type":"Feature","properties":{"boundary_type":"ridge","feature_type":"gpml:MidOceanRidge","polarity":null,"overriding_plate_id":null,"subducting_plate_id":null,"plate_ids":[909,911],"name":"MOR Cocos-Nazca"},"geometry":{"type":"LineString","coordinates":[[-100.974,1.431],[-100.511,1.347],[-100.048,1.263],[-99.961,1.558],[-99.875,1.852],[-99.387,1.79],[-98.9,1.727],[-98.412,1.665],[-97.924,1.602],[-97.437,1.54],[-96.949,1.477],[-96.461,1.414],[-95.974,1.351],[-95.486,1.288],[-94.999,1.225],[-94.511,1.162],[-94.499,0.736],[-94.487,0.31],[-94.475,-0.116],[-94.007,-0.201],[-93.54,-0.285],[-93.072,-0.37],[-92.604,-0.454],[-92.136,-0.538],[-91.668,-0.622],[-91.201,-0.707],[-90.733,-0.791],[-90.641,-0.515],[-90.549,-0.239],[-90.065,-0.311],[-89.581,-0.384],[-89.466,0.089],[-89.352,0.562],[-88.987,0.502],[-88.622,0.442],[-88.52,0.928],[-88.418,1.414],[-87.939,1.342],[-87.46,1.27],[-86.981,1.198],[-86.919,1.624],[-86.857,2.05],[-86.794,2.476],[-86.732,2.902],[-86.669,3.329],[-86.607,3.755],[-86.286,3.728],[-86.222,4.153],[-86.158,4.578],[-86.094,5.003],[-85.661,4.969],[-85.229,4.934],[-84.797,4.9],[-84.364,4.865],[-83.932,4.829],[-83.846,5.293],[-83.759,5.756],[-83.672,6.22],[-83.585,6.684],[-83.498,7.147],[-83.41,7.611],[-83.323,8.074]]}},{"type":"Feature","properties":{"boundary_type":"ridge","feature_type":"gpml:MidOceanRidge","polarity":null,"overriding_plate_id":null,"subducting_plate_id":null,"plate_ids":[901,909],"name":"NAZ-PAC MOR"},"geometry":{"type":"LineString","coordinates":[[-100.891,1.708],[-100.937,1.661],[-100.974,1.431]]}},{"type":"Feature","properties":{"boundary_type":"ridge","feature_type":"gpml:MidOceanRidge","polarity":null,"overriding_plate_id":null,"subducting_plate_id":null,"plate_ids":[901,911],"name":"NAZ-PAC MOR"},"geometry":{"type":"LineString","coordinates":[[-100.974,1.431],[-101.05,0.959],[-101.126,0.486],[-101.202,0.014],[-101.277,-0.459],[-101.353,-0.931],[-101.429,-1.404],[-101.505,-1.876],[-101.581,-2.349],[-101.657,-2.821],[-101.734,-3.294],[-101.81,-3.766],[-102.181,-3.723],[-102.551,-3.68],[-102.922,-3.637],[-103.034,-4.109],[-103.147,-4.581],[-103.57,-4.493],[-103.993,-4.405],[-104.416,-4.317],[-104.838,-4.228],[-105.261,-4.139],[-105.683,-4.05],[-105.829,-4.519],[-105.974,-4.988],[-106.12,-5.457],[-106.266,-5.925],[-106.413,-6.394],[-106.559,-6.863],[-106.706,-7.331],[-106.853,-7.8],[-107.001,-8.268],[-107.149,-8.737],[-107.602,-8.62],[-108.056,-8.502],[-108.51,-8.384],[-108.963,-8.265],[-109.099,-8.744],[-109.237,-9.222],[-109.374,-9.701],[-109.512,-10.18],[-109.65,-10.658],[-109.789,-11.137],[-109.928,-11.615],[-110.068,-12.093],[-110.208,-12.572],[-110.348,-13.05],[-110.777,-12.945],[-111.205,-12.839],[-111.632,-12.732],[-111.73,-13.178],[-111.828,-13.624],[-111.926,-14.069],[-112.024,-14.515],[-112.123,-14.96],[-112.229,-15.438],[-112.335,-15.915],[-112.442,-16.393],[-112.549,-16.87],[-112.656,-17.347],[-112.765,-17.824],[-112.873,-18.301],[-112.983,-18.779],[-113.093,-19.256],[-113.203,-19.733],[-113.315,-20.209],[-113.427,-20.686],[-113.539,-21.163],[-113.653,-21.64],[-113.767,-22.116],[-113.882,-22.593],[-113.998,-23.069],[-114.114,-23.545],[-114.232,-24.022],[-114.35,-24.498],[-114.469,-24.974],[-114.59,-25.45],[-114.711,-25.926],[-114.321,-26.035],[-113.93,-26.144],[-113.506,-26.252],[-113.082,-26.359],[-112.658,-26.464],[-112.232,-26.568],[-112.338,-26.982],[-112.061,-27.042],[-111.784,-27.101],[-111.864,-27.574],[-111.944,-28.048],[-112.025,-28.521],[-112.107,-28.995],[-112.19,-29.468],[-112.273,-29.942],[-112.357,-30.415],[-112.442,-30.888],[-112.528,-31.361],[-112.615,-31.834],[-112.702,-32.308],[-112.791,-32.781],[-112.88,-33.253],[-112.97,-33.726],[-112.435,-33.822],[-111.899,-33.915],[-111.361,-34.006],[-110.823,-34.094],[-110.283,-34.18],[-109.742,-34.264],[-109.174,-34.349],[-108.606,-34.432]]}},{"type":"Feature","properties":{"boundary_type":"ridge","feature_type":"gpml:MidOceanRidge","polarity":null,"overriding_plate_id":null,"subducting_plate_id":null,"plate_ids":[901,903],"name":"Juan de Fuca-Pacific MOR from Bird 2003 (NW15)"},"geometry":{"type":"LineString","coordinates":[[-121.853,40.631],[-122.203,40.647],[-122.553,40.662],[-122.909,40.686],[-123.265,40.709],[-123.621,40.731],[-123.977,40.752],[-124.333,40.772],[-124.69,40.79],[-124.687,40.879],[-124.825,40.915],[-124.78,41.168],[-124.734,41.422],[-124.687,41.675],[-124.641,41.928],[-124.527,41.893],[-124.48,41.978],[-124.318,42.027],[-124.208,42.358],[-124.096,42.689],[-123.881,43.014],[-123.664,43.339],[-124.131,43.55],[-124.602,43.759],[-125.076,43.966],[-125.553,44.171],[-126.034,44.374],[-126.517,44.575],[-127.004,44.774],[-127.495,44.971],[-127.371,45.31],[-127.061,45.661],[-127.176,45.791],[-126.913,46.11],[-126.841,46.269],[-127.045,46.318],[-127.015,46.571],[-126.879,46.602],[-126.758,46.805],[-126.527,46.77],[-126.36,47.099],[-126.191,47.428],[-126.02,47.757],[-125.846,48.086],[-126.097,48.198],[-125.963,48.44],[-125.829,48.682],[-126.032,48.837],[-125.789,49.227],[-126.178,49.387],[-126.57,49.546],[-126.965,49.704],[-127.362,49.86],[-127.183,50.11],[-127.002,50.359],[-127.139,50.433],[-126.994,50.593],[-127.159,50.676],[-127.078,50.842],[-127.32,51.067],[-127.565,51.292],[-127.878,51.574],[-127.636,51.998],[-127.37,52.349],[-127.099,52.701],[-126.825,53.051]]}},{"type":"Feature","properties":{"boundary_type":"ridge","feature_type":"gpml:MidOceanRidge","polarity":null,"overriding_plate_id":null,"subducting_plate_id":null,"plate_ids":[909,970],"name":"COCO-PAC MOR"},"geometry":{"type":"LineString","coordinates":[[-101.433,18.731],[-101.638,18.399],[-101.707,18.269]]}},{"type":"Feature","properties":{"boundary_type":"ridge","feature_type":"gpml:MidOceanRidge","polarity":null,"overriding_plate_id":null,"subducting_plate_id":null,"plate_ids":[909,969],"name":"COCO-PAC MOR"},"geometry":{"type":"LineString","coordinates":[[-101.707,18.269],[-101.887,17.928],[-102.067,17.587],[-102.246,17.246],[-102.424,16.905],[-102.452,16.514],[-102.479,16.123],[-102.467,15.768],[-102.454,15.412],[-102.364,15.07],[-102.273,14.727],[-102.2,14.423],[-102.128,14.119],[-102.039,13.777],[-101.95,13.435],[-102.012,13.143],[-102.073,12.85],[-102.025,12.575],[-101.977,12.301]]}},{"type":"Feature","properties":{"boundary_type":"ridge","feature_type":"gpml:MidOceanRidge","polarity":null,"overriding_plate_id":null,"subducting_plate_id":null,"plate_ids":[901,909],"name":"COCO-PAC MOR"},"geometry":{"type":"LineString","coordinates":[[-101.977,12.301],[-101.968,12.246],[-101.892,11.999],[-101.815,11.751],[-101.738,11.299],[-101.725,11.0],[-101.711,10.702],[-101.715,10.424],[-101.719,10.145],[-101.708,9.81],[-101.996,9.758],[-102.284,9.707],[-102.335,9.302],[-102.386,8.897],[-102.617,8.841],[-102.552,8.483],[-102.487,8.124],[-102.056,8.029],[-101.625,7.932],[-101.195,7.836],[-101.168,7.351],[-101.142,6.867],[-101.115,6.383],[-101.089,5.899],[-101.062,5.415],[-101.036,4.93],[-101.009,4.446],[-100.983,3.962],[-100.957,3.478],[-100.931,2.993],[-100.904,2.509],[-100.878,2.025],[-100.891,1.715],[-100.891,1.708]]}},{"type":"Feature","properties":{"boundary_type":"ridge","feature_type":"gpml:MidOceanRidge","polarity":null,"overriding_plate_id":null,"subducting_plate_id":null,"plate_ids":[801,829],"name":"Woodlark MOR"},"geometry":{"type":"LineString","coordinates":[[154.339,-11.043],[154.469,-10.997],[154.857,-10.853],[155.245,-10.709],[155.632,-10.564],[156.019,-10.419],[156.158,-10.679],[156.53,-10.544],[156.902,-10.409],[157.273,-10.274],[157.645,-10.138],[157.75,-10.366],[158.194,-10.173],[158.638,-9.978],[159.082,-9.784],[159.525,-9.588],[159.729,-9.849],[160.144,-9.631],[160.558,-9.413],[160.972,-9.194],[161.386,-8.974],[161.799,-8.754],[161.97,-9.0],[162.314,-8.808],[162.658,-8.616]]}},{"type":"Feature","properties":{"boundary_type":"subduction","feature_type":"gpml:SubductionZone","polarity":"Right","overriding_plate_id":818,"subducting_plate_id":802,"plate_ids":[802,818],"name":"South America trench taken from COB file"},"geometry":{"type":"LineString","coordinates":[[-78.226,-52.081],[-78.197,-51.953]]}},{"type":"Feature","properties":{"boundary_type":"subduction","feature_type":"gpml:SubductionZone","polarity":"Right","overriding_plate_id":201,"subducting_plate_id":802,"plate_ids":[201,802],"name":"South America trench taken from COB file"},"geometry":{"type":"LineString","coordinates":[[-78.197,-51.953],[-78.128,-51.651],[-78.06,-51.349],[-78.13,-50.973],[-78.199,-50.597],[-78.321,-50.234],[-78.44,-49.87],[-78.287,-49.415],[-78.136,-48.959],[-77.719,-48.686],[-77.306,-48.411],[-76.667,-48.238],[-76.524,-47.797],[-76.362,-47.435],[-76.34,-47.372]]}},{"type":"Feature","properties":{"boundary_type":"subduction","feature_type":"gpml:SubductionZone","polarity":"Right","overriding_plate_id":201,"subducting_plate_id":911,"plate_ids":[201,911],"name":"South America trench taken from COB file"},"geometry":{"type":"LineString","coordinates":[[-76.34,-47.372],[-76.185,-46.913],[-76.139,-46.597],[-76.184,-46.378],[-76.272,-46.111],[-76.325,-45.864],[-76.398,-45.525],[-76.249,-45.186],[-76.126,-44.824],[-76.043,-44.597],[-75.891,-44.213],[-75.846,-43.995],[-75.779,-43.73],[-75.722,-43.485],[-75.642,-43.14],[-75.563,-42.795],[-75.484,-42.451],[-75.432,-42.124],[-75.365,-41.861],[-75.3,-41.599],[-75.231,-41.296],[-75.225,-41.028],[-75.219,-40.759],[-75.211,-40.528],[-75.091,-40.138],[-74.951,-39.732],[-74.86,-39.489],[-74.769,-39.247],[-74.717,-38.767],[-74.586,-38.331],[-74.437,-37.973],[-74.29,-37.615],[-74.144,-37.256],[-74.0,-36.897],[-73.784,-36.504],[-73.57,-36.109],[-73.358,-35.715],[-73.148,-35.32],[-72.94,-34.924],[-72.735,-34.529],[-72.531,-34.133],[-72.446,-33.654],[-72.363,-33.174],[-72.28,-32.695],[-72.198,-32.216],[-72.117,-31.736],[-72.037,-31.257],[-71.958,-30.777],[-71.88,-30.298],[-71.802,-29.818],[-71.661,-29.423],[-71.522,-29.029],[-71.383,-28.634],[-71.246,-28.239],[-71.11,-27.844],[-71.036,-27.384],[-70.964,-26.924],[-70.892,-26.465],[-70.82,-26.005],[-70.749,-25.546],[-70.679,-25.086],[-70.609,-24.626],[-70.54,-24.166],[-70.486,-23.756],[-70.432,-23.346],[-70.378,-22.936],[-70.457,-22.499],[-70.536,-22.062],[-70.533,-21.72],[-70.53,-21.378],[-70.681,-20.951],[-70.831,-20.524],[-71.107,-20.1],[-71.381,-19.676],[-71.708,-19.338],[-72.033,-19.0],[-72.357,-18.661],[-72.679,-18.322],[-73.001,-17.982],[-73.453,-17.755],[-73.905,-17.527],[-74.238,-17.185],[-74.57,-16.842],[-74.901,-16.499],[-75.23,-16.156],[-75.559,-15.812],[-75.886,-15.467],[-76.212,-15.122],[-76.537,-14.776],[-76.861,-14.431],[-77.099,-14.029],[-77.336,-13.628],[-77.572,-13.226],[-77.807,-12.824],[-78.042,-12.422],[-78.276,-12.02],[-78.509,-11.618],[-78.741,-11.215],[-78.973,-10.812],[-79.204,-10.409],[-79.435,-10.006],[-79.596,-9.55],[-79.757,-9.094],[-79.917,-8.638],[-80.077,-8.182],[-80.236,-7.726],[-80.395,-7.269],[-80.554,-6.813],[-80.713,-6.357],[-80.636,-5.87],[-80.56,-5.383],[-80.483,-4.896],[-80.407,-4.409],[-80.331,-3.923],[-80.255,-3.436],[-80.215,-3.154],[-80.185,-2.899],[-80.126,-2.618],[-80.064,-2.245],[-80.018,-2.037],[-79.988,-1.791],[-79.861,-1.403],[-79.754,-1.06],[-79.623,-0.782],[-79.421,-0.342],[-79.277,0.008],[-79.117,0.322],[-78.926,0.725],[-78.692,1.062],[-78.477,1.391],[-78.348,1.56]]}},{"type":"Feature","properties":{"boundary_type":"subduction","feature_type":"gpml:SubductionZone","polarity":"Right","overriding_plate_id":201,"subducting_plate_id":224,"plate_ids":[201,224],"name":"South America trench taken from COB file"},"geometry":{"type":"LineString","coordinates":[[-78.348,1.56],[-78.322,1.595],[-78.061,1.93],[-77.771,2.301],[-77.493,2.618],[-77.256,2.818],[-77.033,3.127],[-76.862,3.284],[-76.812,3.574],[-76.573,3.938],[-76.334,4.301],[-76.324,4.31],[-76.294,4.381],[-76.284,4.582],[-76.275,4.782],[-76.318,5.03],[-76.381,5.251],[-76.522,5.558],[-76.616,5.69],[-76.722,5.94],[-76.738,5.952]]}},{"type":"Feature","properties":{"boundary_type":"subduction","feature_type":"gpml:SubductionZone","polarity":"Right","overriding_plate_id":201,"subducting_plate_id":224,"plate_ids":[201,224],"name":"TBD"},"geometry":{"type":"LineString","coordinates":[[-76.738,5.952],[-76.726,6.356],[-76.714,6.759],[-76.702,7.162],[-76.438,7.491],[-76.174,7.819],[-75.908,8.147],[-75.643,8.475],[-75.377,8.81],[-75.111,9.146],[-74.844,9.481],[-74.577,9.816],[-74.31,10.151],[-74.041,10.486],[-73.754,10.762],[-73.466,11.037],[-73.178,11.313]]}},{"type":"Feature","properties":{"boundary_type":"other","feature_type":"gpml:Fault","polarity":null,"overriding_plate_id":null,"subducting_plate_id":null,"plate_ids":[101,901],"name":"PAC NAM 2 SAF MG 4-28-07"},"geometry":{"type":"LineString","coordinates":[[-119.873,38.476],[-119.773,38.245],[-119.635,37.973],[-119.499,37.7],[-119.283,37.399],[-119.07,37.099],[-118.582,36.867],[-118.097,36.633],[-117.866,36.452],[-117.635,36.272],[-117.305,35.994],[-116.976,35.716],[-116.508,35.412],[-116.043,35.106],[-115.676,34.843],[-115.417,34.688],[-115.159,34.532],[-114.964,34.313],[-114.771,34.093],[-114.491,33.906],[-114.213,33.717],[-113.887,33.503],[-113.563,33.287],[-113.006,33.129],[-112.452,32.969],[-112.161,32.599],[-111.872,32.229]]}},{"type":"Feature","properties":{"boundary_type":"subduction","feature_type":"gpml:SubductionZone","polarity":"Left","overriding_plate_id":101,"subducting_plate_id":901,"plate_ids":[101,901],"name":"NAM subduction COB"},"geometry":{"type":"LineString","coordinates":[[-127.048,53.242],[-126.825,53.051]]}},{"type":"Feature","properties":{"boundary_type":"subduction","feature_type":"gpml:SubductionZone","polarity":"Left","overriding_plate_id":101,"subducting_plate_id":903,"plate_ids":[101,903],"name":"NAM subduction COB"},"geometry":{"type":"LineString","coordinates":[[-126.825,53.051],[-126.412,52.695],[-126.22,52.556]]}},{"type":"Feature","properties":{"boundary_type":"subduction","feature_type":"gpml:SubductionZone","polarity":"Left","overriding_plate_id":101,"subducting_plate_id":903,"plate_ids":[101,903],"name":"NAM subduction COB"},"geometry":{"type":"LineString","coordinates":[[-126.22,52.556],[-125.841,52.278],[-125.463,52.017],[-125.088,51.754],[-124.718,51.491],[-124.358,51.13],[-124.004,50.768],[-123.697,50.431],[-123.395,50.094],[-123.007,49.723],[-122.625,49.351],[-122.518,49.001],[-122.414,48.651],[-122.31,48.302],[-122.199,47.898],[-122.089,47.495],[-121.981,47.092],[-122.007,46.66],[-122.032,46.228],[-122.113,45.863],[-122.192,45.498],[-122.271,45.133],[-122.254,44.659],[-122.238,44.184],[-122.222,43.71],[-122.134,43.249],[-122.048,42.788],[-121.963,42.328],[-121.967,41.935],[-121.972,41.542],[-121.976,41.15],[-121.98,40.757],[-121.853,40.631]]}},{"type":"Feature","properties":{"boundary_type":"subduction","feature_type":"gpml:SubductionZone","polarity":"Left","overriding_plate_id":101,"subducting_plate_id":901,"plate_ids":[101,901],"name":"NAM subduction COB"},"geometry":{"type":"LineString","coordinates":[[-121.853,40.631],[-121.495,40.272],[-121.141,39.912],[-120.79,39.551],[-120.482,39.194],[-120.176,38.835],[-119.873,38.476]]}},{"type":"Feature","properties":{"boundary_type":"ridge","feature_type":"gpml:MidOceanRidge","polarity":null,"overriding_plate_id":null,"subducting_plate_id":null,"plate_ids":[815,818],"name":"East Scotia Ridge"},"geometry":{"type":"LineString","coordinates":[[-32.72,-57.053],[-32.715,-57.123],[-32.826,-57.244],[-32.811,-57.418],[-32.794,-57.523],[-32.844,-57.601],[-33.372,-57.664],[-33.388,-57.774],[-33.401,-57.859],[-33.403,-57.962],[-33.4,-58.045],[-33.416,-58.2],[-33.47,-58.353],[-33.832,-58.354],[-33.841,-58.415],[-33.861,-58.474],[-33.875,-58.763],[-33.586,-58.759],[-33.504,-59.003],[-33.245,-59.008]]}},{"type":"Feature","properties":{"boundary_type":"ridge","feature_type":"gpml:MidOceanRidge","polarity":null,"overriding_plate_id":null,"subducting_plate_id":null,"plate_ids":[815,818],"name":"East Scotia Ridge"},"geometry":{"type":"LineString","coordinates":[[-33.245,-59.008],[-33.224,-59.26],[-33.202,-59.513],[-32.972,-59.514],[-32.985,-59.846],[-32.998,-60.178],[-33.171,-60.186],[-33.156,-60.453],[-33.14,-60.72],[-32.731,-60.736],[-32.745,-61.085],[-32.76,-61.433],[-33.346,-61.427],[-33.343,-61.449]]}},{"type":"Feature","properties":{"boundary_type":"ridge","feature_type":"gpml:MidOceanRidge","polarity":null,"overriding_plate_id":null,"subducting_plate_id":null,"plate_ids":[802,815],"name":"East Scotia Ridge"},"geometry":{"type":"LineString","coordinates":[[-33.343,-61.449],[-33.29,-61.85],[-33.144,-62.088],[-32.859,-62.353],[-31.881,-62.39],[-31.413,-62.4]]}},{"type":"Feature","properties":{"boundary_type":"ridge","feature_type":"gpml:MidOceanRidge","polarity":null,"overriding_plate_id":null,"subducting_plate_id":null,"plate_ids":[201,802],"name":"Ridge from iso A5 from Antarctica at 10.9Ma"},"geometry":{"type":"LineString","coordinates":[[-31.146,-62.286],[-30.772,-62.282],[-29.723,-62.321],[-28.672,-62.352],[-27.619,-62.375],[-26.564,-62.39],[-25.573,-62.551],[-24.571,-62.705],[-23.705,-62.74],[-22.836,-62.769],[-21.967,-62.793],[-21.225,-62.825],[-20.481,-62.853],[-19.736,-62.877],[-19.613,-62.617],[-19.492,-62.356],[-18.715,-62.324],[-18.586,-61.971],[-18.461,-61.617],[-18.132,-61.588],[-18.052,-61.233],[-17.605,-61.209],[-16.82,-61.186],[-16.292,-61.187],[-16.087,-60.858],[-15.843,-60.553],[-15.816,-60.533],[-15.001,-60.496],[-14.188,-60.454],[-13.376,-60.407],[-12.376,-60.366],[-11.378,-60.318],[-10.384,-60.262],[-9.587,-60.217],[-8.793,-60.167],[-8.002,-60.113],[-7.447,-60.084],[-6.894,-60.053],[-6.27,-59.996],[-6.269,-59.73],[-6.254,-59.442],[-5.768,-59.395],[-5.331,-59.365],[-5.292,-59.081],[-5.254,-58.797],[-4.598,-58.75],[-3.808,-58.715],[-3.79,-58.343],[-3.809,-57.931],[-3.065,-57.9],[-2.323,-57.864],[-1.583,-57.823],[-0.844,-57.779]]}},{"type":"Feature","properties":{"boundary_type":"transform","feature_type":"gpml:Transform","polarity":null,"overriding_plate_id":null,"subducting_plate_id":null,"plate_ids":[802,818],"name":"Shackleton Fracture Zone"},"geometry":{"type":"LineString","coordinates":[[-70.899,-57.52],[-70.369,-57.779],[-69.832,-58.036],[-69.287,-58.29],[-68.734,-58.542]]}},{"type":"Feature","properties":{"boundary_type":"transform","feature_type":"gpml:Transform","polarity":null,"overriding_plate_id":null,"subducting_plate_id":null,"plate_ids":[818,904],"name":"Shackleton Fracture Zone"},"geometry":{"type":"LineString","coordinates":[[-68.734,-58.542],[-68.316,-58.729],[-67.894,-58.914],[-67.24,-59.107],[-66.578,-59.297],[-65.908,-59.484],[-65.232,-59.666],[-64.461,-59.975],[-63.676,-60.279],[-62.876,-60.578],[-62.061,-60.872],[-61.322,-61.202],[-60.567,-61.529],[-59.797,-61.851],[-59.01,-62.168],[-58.899,-62.237]]}},{"type":"Feature","properties":{"boundary_type":"transform","feature_type":"gpml:Transform","polarity":null,"overriding_plate_id":null,"subducting_plate_id":null,"plate_ids":[802,818],"name":"Shackleton Fracture Zone"},"geometry":{"type":"LineString","coordinates":[[-58.899,-62.237],[-58.444,-62.517],[-57.979,-62.795]]}},{"type":"Feature","properties":{"boundary_type":"transform","feature_type":"gpml:Transform","polarity":null,"overriding_plate_id":null,"subducting_plate_id":null,"plate_ids":[802,818],"name":"SHACKLETON TRANSFORM FAULT, SCOTIA SEA"},"geometry":{"type":"LineString","coordinates":[[-78.226,-52.081],[-78.085,-52.473],[-77.941,-52.865],[-77.795,-53.257],[-77.646,-53.648],[-77.309,-54.093],[-76.965,-54.536],[-76.613,-54.978],[-75.988,-55.328],[-75.353,-55.674],[-74.706,-56.017],[-74.047,-56.356],[-73.433,-56.595],[-72.811,-56.831],[-72.182,-57.064],[-71.544,-57.294],[-70.899,-57.52]]}},{"type":"Feature","properties":{"boundary_type":"transform","feature_type":"gpml:Transform","polarity":null,"overriding_plate_id":null,"subducting_plate_id":null,"plate_ids":[201,818],"name":"NORTH SCOTIA RIDGE TRANSFORM FAULT"},"geometry":{"type":"LineString","coordinates":[[-34.006,-56.279],[-34.449,-56.178],[-34.889,-56.075],[-35.389,-55.731],[-35.88,-55.385],[-36.458,-55.284],[-37.033,-55.18],[-37.604,-55.073],[-38.423,-55.118],[-39.243,-55.156],[-39.805,-55.167],[-40.368,-55.174],[-40.946,-55.068],[-41.521,-54.959],[-42.092,-54.847],[-42.711,-54.835],[-43.33,-54.819],[-43.948,-54.8],[-44.526,-54.707],[-45.102,-54.61],[-45.675,-54.511],[-46.302,-54.432],[-46.927,-54.35],[-47.578,-54.328],[-48.229,-54.303],[-48.73,-54.356],[-49.232,-54.406],[-49.955,-54.331],[-50.674,-54.252],[-51.272,-54.266],[-51.87,-54.277],[-52.468,-54.286],[-53.192,-54.428],[-53.921,-54.567],[-54.655,-54.701],[-55.25,-54.849],[-55.849,-54.995],[-56.557,-55.007],[-57.265,-55.015],[-57.974,-55.02],[-58.607,-55.01],[-59.24,-54.998],[-59.873,-54.982],[-60.641,-54.967],[-61.409,-54.947],[-62.079,-54.973],[-62.75,-54.995],[-63.547,-55.172],[-64.35,-55.343],[-65.16,-55.508],[-65.991,-55.603],[-66.826,-55.693],[-67.61,-55.676],[-68.394,-55.655],[-69.176,-55.629],[-70.014,-55.525],[-70.846,-55.415],[-71.571,-55.222],[-72.289,-55.026],[-73.0,-54.825],[-73.606,-54.536],[-74.205,-54.245],[-74.794,-53.95],[-75.47,-53.678],[-76.137,-53.402],[-76.665,-53.043],[-77.184,-52.682],[-77.694,-52.318],[-78.197,-51.953]]}},{"type":"Feature","properties":{"boundary_type":"subduction","feature_type":"gpml:SubductionZone","polarity":"Right","overriding_plate_id":802,"subducting_plate_id":904,"plate_ids":[802,904],"name":"Ant-Aluk Subduction Zone"},"geometry":{"type":"LineString","coordinates":[[-62.717,-62.931],[-61.98,-62.784],[-61.251,-62.633],[-60.529,-62.478],[-59.711,-62.36],[-58.899,-62.237]]}},{"type":"Feature","properties":{"boundary_type":"transform","feature_type":"gpml:Transform","polarity":null,"overriding_plate_id":null,"subducting_plate_id":null,"plate_ids":[802,818],"name":"South Scotia Ridge Transform Fault"},"geometry":{"type":"LineString","coordinates":[[-57.979,-62.795],[-57.415,-62.794],[-56.747,-62.577],[-56.089,-62.357],[-55.513,-62.23],[-54.953,-62.104],[-53.943,-61.952],[-53.159,-61.912],[-52.377,-61.867],[-51.597,-61.818],[-50.88,-61.807],[-50.164,-61.791],[-49.449,-61.773],[-48.744,-61.777],[-47.836,-61.832],[-47.154,-61.902],[-46.469,-61.969],[-45.626,-62.096],[-45.031,-62.329],[-44.427,-62.558],[-43.753,-62.561],[-43.08,-62.56],[-42.433,-62.475],[-41.79,-62.387],[-41.142,-62.702],[-40.48,-63.015],[-39.803,-63.325],[-39.191,-63.233],[-38.583,-63.138],[-38.173,-63.091],[-37.772,-62.773],[-36.908,-62.551],[-36.056,-62.324],[-35.218,-62.091],[-35.045,-61.821],[-34.395,-61.613],[-33.755,-61.402],[-33.343,-61.449]]}},{"type":"Feature","properties":{"boundary_type":"subduction","feature_type":"gpml:SubductionZone","polarity":"Left","overriding_plate_id":815,"subducting_plate_id":802,"plate_ids":[802,815],"name":"Sandwich Trench"},"geometry":{"type":"LineString","coordinates":[[-31.413,-62.4],[-31.146,-62.286]]}},{"type":"Feature","properties":{"boundary_type":"subduction","feature_type":"gpml:SubductionZone","polarity":"Left","overriding_plate_id":815,"subducting_plate_id":201,"plate_ids":[201,815],"name":"Sandwich Trench"},"geometry":{"type":"LineString","coordinates":[[-31.146,-62.286],[-30.725,-62.104],[-30.31,-61.921],[-29.973,-61.629],[-29.643,-61.337],[-29.388,-61.107],[-29.137,-60.875],[-29.036,-60.513],[-28.938,-60.151],[-29.095,-59.765],[-29.249,-59.379],[-29.351,-59.127],[-29.592,-58.905],[-29.83,-58.684],[-30.065,-58.462],[-30.297,-58.239],[-30.595,-58.011],[-30.888,-57.783],[-31.25,-57.573],[-31.608,-57.362],[-32.214,-57.165],[-32.72,-57.053]]}},{"type":"Feature","properties":{"boundary_type":"subduction","feature_type":"gpml:SubductionZone","polarity":"Left","overriding_plate_id":818,"subducting_plate_id":201,"plate_ids":[201,818],"name":"Sandwich Trench"},"geometry":{"type":"LineString","coordinates":[[-32.72,-57.053],[-32.851,-57.023],[-33.157,-56.973],[-33.585,-56.627],[-34.006,-56.279]]}},{"type":"Feature","properties":{"boundary_type":"transform","feature_type":"gpml:Transform","polarity":null,"overriding_plate_id":null,"subducting_plate_id":null,"plate_ids":[829,849],"name":"Woodlark Rise boundary"},"geometry":{"type":"LineString","coordinates":[[160.257,-7.268],[159.888,-7.477],[159.518,-7.685],[159.147,-7.894],[158.776,-8.102],[158.37,-8.358],[157.963,-8.615],[157.556,-8.87],[157.222,-9.058],[156.888,-9.245],[156.553,-9.432],[156.128,-9.683],[155.701,-9.933],[155.274,-10.183],[154.846,-10.433],[154.418,-10.681],[153.989,-10.93]]}},{"type":"Feature","properties":{"boundary_type":"subduction","feature_type":"gpml:SubductionZone","polarity":"Left","overriding_plate_id":301,"subducting_plate_id":678,"plate_ids":[301,678],"name":"Okinawa Trough (Ryuku) from EarthByte cob MG 4-20-07"},"geometry":{"type":"LineString","coordinates":[[120.276,24.577],[120.558,24.593],[120.841,24.609],[121.331,24.688],[121.822,24.765],[122.313,24.841],[122.805,24.916]]}},{"type":"Feature","properties":{"boundary_type":"subduction","feature_type":"gpml:SubductionZone","polarity":"Left","overriding_plate_id":301,"subducting_plate_id":608,"plate_ids":[301,608],"name":"Okinawa Trough (Ryuku) from EarthByte cob MG 4-20-07"},"geometry":{"type":"LineString","coordinates":[[122.805,24.916],[123.169,24.969],[123.637,25.139],[124.107,25.307],[124.578,25.474],[125.05,25.639],[125.372,25.862],[125.696,26.084],[126.02,26.305],[126.317,26.674],[126.616,27.042],[126.917,27.41],[127.219,27.777],[127.524,28.143],[127.773,28.485],[128.023,28.826],[128.276,29.167],[128.529,29.507],[128.704,29.831],[128.879,30.156],[128.999,30.451],[129.119,30.746]]}},{"type":"Feature","properties":{"boundary_type":"other","feature_type":"gpml:Fault","polarity":null,"overriding_plate_id":null,"subducting_plate_id":null,"plate_ids":[334,701],"name":"DFZ"},"geometry":{"type":"LineString","coordinates":[[13.762,44.757],[13.959,44.351],[14.153,43.945],[14.345,43.538]]}},{"type":"Feature","properties":{"boundary_type":"other","feature_type":"gpml:Fault","polarity":null,"overriding_plate_id":null,"subducting_plate_id":null,"plate_ids":[337,701],"name":"DFZ"},"geometry":{"type":"LineString","coordinates":[[14.345,43.538],[14.95,43.343],[15.552,43.145],[16.15,42.943],[16.743,42.739],[17.333,42.531]]}},{"type":"Feature","properties":{"boundary_type":"other","feature_type":"gpml:Fault","polarity":null,"overriding_plate_id":null,"subducting_plate_id":null,"plate_ids":[340,701],"name":"DFZ"},"geometry":{"type":"LineString","coordinates":[[17.333,42.531],[17.762,42.307],[18.189,42.081],[18.612,41.853],[19.033,41.624]]}},{"type":"Feature","properties":{"boundary_type":"other","feature_type":"gpml:Fault","polarity":null,"overriding_plate_id":null,"subducting_plate_id":null,"plate_ids":[328,701],"name":"DFZ"},"geometry":{"type":"LineString","coordinates":[[19.033,41.624],[19.384,41.206],[19.73,40.787],[20.073,40.367],[20.411,39.946],[20.788,39.591],[21.161,39.235],[21.53,38.878],[21.896,38.519],[22.457,38.36],[23.017,38.199]]}},{"type":"Feature","properties":{"boundary_type":"other","feature_type":"gpml:Fault","polarity":null,"overriding_plate_id":null,"subducting_plate_id":null,"plate_ids":[334,337],"name":"Fault"},"geometry":{"type":"LineString","coordinates":[[14.345,43.538],[14.896,43.741],[15.451,43.941],[16.01,44.138],[16.572,44.332],[17.138,44.524],[17.708,44.713],[18.281,44.899],[18.788,45.161],[19.3,45.42],[19.817,45.678],[20.483,45.784],[21.152,45.886],[21.823,45.985],[22.497,46.079],[23.173,46.17]]}},{"type":"Feature","properties":{"boundary_type":"other","feature_type":"gpml:Fault","polarity":null,"overriding_plate_id":null,"subducting_plate_id":null,"plate_ids":[337,340],"name":"Fault"},"geometry":{"type":"LineString","coordinates":[[17.333,42.531],[17.87,42.756],[18.411,42.978],[18.955,43.198],[19.504,43.415],[20.057,43.63],[20.613,43.842],[21.083,44.074],[21.557,44.303],[22.034,44.531],[22.515,44.757],[22.903,45.154],[23.297,45.55]]}},{"type":"Feature","properties":{"boundary_type":"other","feature_type":"gpml:Fault","polarity":null,"overriding_plate_id":null,"subducting_plate_id":null,"plate_ids":[328,340],"name":"Fault"},"geometry":{"type":"LineString","coordinates":[[19.033,41.624],[19.512,41.902],[19.995,42.177],[20.483,42.451],[20.975,42.723],[21.471,42.992],[21.865,43.188],[22.261,43.383],[22.661,43.576],[23.123,43.664],[23.588,43.75],[24.053,43.834]]}},{"type":"Feature","properties":{"boundary_type":"subduction","feature_type":"gpml:SubductionZone","polarity":"Left","overriding_plate_id":301,"subducting_plate_id":328,"plate_ids":[301,328],"name":"Alpine Sub."},"geometry":{"type":"LineString","coordinates":[[24.053,43.834],[23.674,43.422],[23.301,43.01],[22.933,42.596],[22.569,42.181],[22.211,41.764],[21.856,41.347],[21.507,40.929],[21.513,40.55],[21.519,40.17],[21.526,39.791],[21.905,39.395],[22.28,38.998],[22.65,38.599],[23.017,38.199]]}},{"type":"Feature","properties":{"boundary_type":"subduction","feature_type":"gpml:SubductionZone","polarity":"Left","overriding_plate_id":301,"subducting_plate_id":701,"plate_ids":[301,701],"name":"Alpine Sub."},"geometry":{"type":"LineString","coordinates":[[23.017,38.199],[23.345,37.843],[23.67,37.486],[23.992,37.128],[24.31,36.769],[24.626,36.409],[24.939,36.049],[25.249,35.688],[24.998,35.332]]}},{"type":"Feature","properties":{"boundary_type":"subduction","feature_type":"gpml:SubductionZone","polarity":"Right","overriding_plate_id":301,"subducting_plate_id":701,"plate_ids":[301,701],"name":"Eastern Mediterranean Subduction"},"geometry":{"type":"LineString","coordinates":[[38.81,36.42],[38.266,36.367],[37.723,36.312],[37.18,36.254],[36.745,35.962],[36.313,35.669],[35.885,35.374],[35.48,35.093],[35.079,34.811],[34.68,34.528],[34.284,34.243],[33.891,33.958],[33.362,33.925],[32.834,33.89],[32.306,33.853],[31.779,33.814],[31.21,33.875],[30.641,33.933],[30.071,33.989],[29.486,34.11],[28.899,34.228],[28.311,34.343],[27.721,34.456],[27.13,34.566],[26.537,34.672],[25.943,34.776],[25.347,34.878],[24.75,34.976],[24.998,35.332]]}},{"type":"Feature","properties":{"boundary_type":"subduction","feature_type":"gpml:SubductionZone","polarity":"Right","overriding_plate_id":701,"subducting_plate_id":301,"plate_ids":[301,701],"name":"Alpine Subduction"},"geometry":{"type":"LineString","coordinates":[[9.42,40.751],[9.301,41.211],[9.181,41.67],[9.06,42.129],[8.936,42.588],[8.811,43.047],[8.684,43.506],[8.555,43.964],[8.424,44.423],[9.087,44.478],[9.752,44.53],[10.418,44.577],[11.085,44.621],[11.753,44.661],[12.422,44.696],[13.092,44.728],[13.762,44.757]]}},{"type":"Feature","properties":{"boundary_type":"subduction","feature_type":"gpml:SubductionZone","polarity":"Right","overriding_plate_id":334,"subducting_plate_id":301,"plate_ids":[301,334],"name":"Alpine Subduction"},"geometry":{"type":"LineString","coordinates":[[13.762,44.757],[14.177,45.003],[14.594,45.248],[15.016,45.492],[15.31,45.755],[15.608,46.017],[15.908,46.279],[16.454,46.494],[17.004,46.708],[17.644,46.864],[18.289,47.017],[18.937,47.166],[19.552,47.033],[20.163,46.897],[20.772,46.758],[21.377,46.616],[21.979,46.47],[22.577,46.322],[23.173,46.17]]}},{"type":"Feature","properties":{"boundary_type":"subduction","feature_type":"gpml:SubductionZone","polarity":"Right","overriding_plate_id":337,"subducting_plate_id":301,"plate_ids":[301,337],"name":"Alpine Subduction"},"geometry":{"type":"LineString","coordinates":[[23.173,46.17],[23.235,45.86],[23.297,45.55]]}},{"type":"Feature","properties":{"boundary_type":"subduction","feature_type":"gpml:SubductionZone","polarity":"Right","overriding_plate_id":340,"subducting_plate_id":301,"plate_ids":[301,340],"name":"Alpine Subduction"},"geometry":{"type":"LineString","coordinates":[[23.297,45.55],[23.49,45.122],[23.681,44.693],[23.868,44.263],[24.053,43.834]]}},{"type":"Feature","properties":{"boundary_type":"subduction","feature_type":"gpml:SubductionZone","polarity":"Right","overriding_plate_id":301,"subducting_plate_id":701,"plate_ids":[301,701],"name":"Ligurian Subduction"},"geometry":{"type":"LineString","coordinates":[[9.42,40.751],[9.837,40.435],[10.25,40.118],[10.659,39.799],[11.065,39.479],[11.466,39.157],[11.865,38.834],[12.259,38.509],[12.65,38.183],[13.038,37.856],[12.872,37.414],[12.707,36.971],[12.545,36.528],[12.101,36.231],[11.661,35.932],[11.224,35.632],[10.79,35.33],[10.359,35.027],[9.932,34.722],[9.372,34.649],[8.812,34.574],[8.254,34.496],[7.697,34.416],[7.141,34.333],[6.586,34.247],[6.032,34.159],[5.48,34.069],[4.928,33.976],[4.447,33.967],[3.966,33.957],[3.485,33.945],[3.019,33.884],[2.553,33.822]]}}]}