{"type":"FeatureCollection","meta":{"model":"Cao2024","reconstruction_time_ma":105.0,"anchor_plate_id":0,"pygplates_version":"1.0.0","tessellate_degrees":0.5,"polarity_convention":"gpml:subductionPolarity. 'Left'/'Right' names the side of the line, in vertex order, on which the OVERRIDING plate lies. Triangles are drawn on that side.","antimeridian":"Lines are NOT split at +/-180 deg. The renderer works in 3D unit vectors where the dateline is not special; splitting would only add spurious breaks. Do not treat this as RFC 7946 GIS-ready 2D data."},"features":[{"type":"Feature","properties":{"boundary_type":"other","feature_type":"gpml:ContinentalRift","polarity":null,"overriding_plate_id":null,"subducting_plate_id":null,"plate_ids":[802,806],"name":"Australia - Antarctica rift"},"geometry":{"type":"LineString","coordinates":[[-104.508,-71.359],[-104.832,-71.45],[-105.954,-71.734],[-107.109,-72.01],[-108.299,-72.28],[-109.523,-72.542],[-110.783,-72.796],[-112.08,-73.042],[-113.413,-73.28],[-114.594,-73.586],[-115.819,-73.885],[-117.088,-74.177],[-118.402,-74.462],[-119.764,-74.738],[-121.174,-75.005],[-122.412,-75.318],[-123.701,-75.624],[-125.045,-75.922],[-126.445,-76.213],[-127.35,-76.647],[-128.315,-77.078],[-129.344,-77.506],[-130.446,-77.929],[-131.638,-78.305],[-132.908,-78.675],[-134.262,-79.04],[-135.708,-79.398],[-137.252,-79.75],[-138.764,-80.135],[-140.395,-80.513],[-142.159,-80.882],[-144.07,-81.243],[-146.101,-81.457],[-148.233,-81.66],[-150.825,-81.813],[-153.511,-81.95],[-156.191,-82.015],[-158.909,-82.062],[-161.654,-82.092],[-164.434,-81.779],[-167.007,-81.449],[-169.386,-81.103],[-172.067,-80.911],[-174.632,-80.701],[-177.081,-80.473],[-179.412,-80.228],[178.372,-79.969],[176.27,-79.696],[174.278,-79.41],[172.392,-79.112],[170.607,-78.803],[168.918,-78.484]]}},{"type":"Feature","properties":{"boundary_type":"other","feature_type":"gpml:ContinentalRift","polarity":null,"overriding_plate_id":null,"subducting_plate_id":null,"plate_ids":[801,802],"name":"Australia - Antarctica rift"},"geometry":{"type":"LineString","coordinates":[[168.918,-78.484],[168.167,-78.333],[166.386,-78.076],[164.681,-77.808],[163.05,-77.531],[161.49,-77.243],[159.998,-76.948],[158.572,-76.644],[157.209,-76.332],[155.588,-76.106],[154.019,-75.87],[152.501,-75.624],[151.034,-75.369],[149.617,-75.105],[148.249,-74.832],[146.929,-74.552],[145.656,-74.264],[144.237,-74.015],[142.86,-73.757],[141.527,-73.49],[140.235,-73.215],[138.984,-72.932],[137.74,-72.657],[136.533,-72.375],[135.364,-72.085],[134.231,-71.789],[133.134,-71.486],[131.996,-71.314],[130.989,-71.125],[130.221,-70.995],[129.462,-70.862],[128.343,-70.701],[127.278,-70.551],[126.606,-70.475],[125.327,-70.342],[124.681,-70.232],[123.946,-70.173],[122.589,-70.065],[121.734,-69.998],[120.92,-69.91],[120.069,-69.784],[119.534,-69.644],[119.27,-69.524],[118.809,-69.319],[118.449,-69.068],[117.836,-68.792],[117.322,-68.63],[116.806,-68.504],[115.908,-68.392],[115.247,-68.332],[114.83,-68.281],[114.121,-68.204],[113.581,-68.128],[112.881,-68.048],[111.753,-67.889],[110.972,-67.816],[109.787,-67.732],[108.789,-67.652],[107.987,-67.627],[107.229,-67.62],[106.378,-67.621],[105.524,-67.642],[104.755,-67.641],[104.203,-67.592],[103.383,-67.45],[102.634,-67.395],[101.856,-67.26],[100.693,-67.068],[100.26,-66.963],[99.355,-66.858],[98.547,-66.791],[97.943,-66.729],[97.119,-66.693],[96.422,-66.656],[95.443,-66.581],[94.373,-66.496],[93.836,-66.434],[92.67,-66.259],[92.006,-66.101],[91.515,-65.898],[90.866,-65.722],[90.42,-65.619],[89.908,-65.438],[89.467,-65.238],[88.949,-65.025],[88.694,-64.897],[88.504,-64.82],[87.761,-64.58],[87.058,-64.375],[86.366,-64.167],[85.912,-63.832],[85.654,-63.592],[85.4,-63.352],[85.188,-63.037],[84.98,-62.722],[84.448,-62.372],[83.928,-62.019],[83.42,-61.665],[82.791,-61.355],[82.176,-61.043],[81.572,-60.728],[80.98,-60.41],[80.258,-60.102],[79.55,-59.791],[78.856,-59.477],[78.174,-59.158],[77.505,-58.836],[76.848,-58.511],[76.396,-58.116],[75.953,-57.72],[75.521,-57.322],[75.097,-56.922],[74.683,-56.522]]}},{"type":"Feature","properties":{"boundary_type":"transform","feature_type":"gpml:Transform","polarity":null,"overriding_plate_id":null,"subducting_plate_id":null,"plate_ids":[501,715],"name":"Proto Owen Fracture Zone - transform boundary"},"geometry":{"type":"LineString","coordinates":[[57.234,-11.813],[57.453,-11.411],[57.672,-11.01],[57.89,-10.608],[58.107,-10.207],[58.324,-9.805],[58.541,-9.403],[58.757,-9.0],[58.972,-8.598],[59.187,-8.196],[59.401,-7.793],[59.669,-7.408],[59.936,-7.023],[60.203,-6.637],[60.469,-6.251],[60.734,-5.866],[61.0,-5.48],[61.265,-5.094],[61.53,-4.708],[61.794,-4.321],[62.058,-3.935],[62.339,-3.552],[62.619,-3.169],[62.898,-2.786],[63.178,-2.403],[63.457,-2.02],[63.737,-1.637],[64.016,-1.254],[64.295,-0.871],[64.574,-0.488],[64.853,-0.105],[65.139,0.241],[65.425,0.587],[65.712,0.933],[65.998,1.279],[66.285,1.625],[66.571,1.971],[66.858,2.317]]}},{"type":"Feature","properties":{"boundary_type":"transform","feature_type":"gpml:Transform","polarity":null,"overriding_plate_id":null,"subducting_plate_id":null,"plate_ids":[529,715],"name":"Proto Owen Fracture Zone - transform boundary"},"geometry":{"type":"LineString","coordinates":[[66.858,2.317],[67.17,2.693],[67.482,3.069],[67.794,3.444],[68.106,3.82],[68.419,4.196],[68.732,4.571],[69.045,4.946],[69.359,5.321],[69.673,5.696],[69.988,6.071],[70.303,6.446],[70.618,6.82],[70.934,7.194],[71.25,7.568],[71.567,7.942],[71.885,8.316],[72.165,8.693],[72.446,9.07],[72.728,9.447],[73.01,9.824],[73.293,10.201],[73.576,10.577],[73.861,10.953],[74.146,11.329],[74.431,11.705],[74.718,12.08],[74.999,12.42],[75.281,12.76]]}},{"type":"Feature","properties":{"boundary_type":"transform","feature_type":"gpml:Transform","polarity":null,"overriding_plate_id":null,"subducting_plate_id":null,"plate_ids":[301,715],"name":"Proto Owen Fracture Zone - transform boundary"},"geometry":{"type":"LineString","coordinates":[[75.281,12.76],[75.588,13.129],[75.896,13.497],[76.205,13.865],[76.515,14.233],[76.826,14.6],[77.139,14.967],[77.452,15.334],[77.766,15.7],[78.081,16.065]]}},{"type":"Feature","properties":{"boundary_type":"other","feature_type":"gpml:InferredPaleoBoundary","polarity":null,"overriding_plate_id":null,"subducting_plate_id":null,"plate_ids":[714,715],"name":"Morocco"},"geometry":{"type":"LineString","coordinates":[[29.553,14.788],[29.926,14.533],[30.298,14.276],[30.631,13.975],[30.964,13.674],[31.296,13.372],[31.627,13.07],[31.957,12.767],[32.286,12.464],[32.615,12.16]]}},{"type":"Feature","properties":{"boundary_type":"other","feature_type":"gpml:InferredPaleoBoundary","polarity":null,"overriding_plate_id":null,"subducting_plate_id":null,"plate_ids":[101],"name":"NAM EUR 115 090 lom"},"geometry":{"type":"LineString","coordinates":[[19.718,70.14],[20.348,70.532],[21.003,70.922],[21.684,71.309],[22.393,71.694],[23.132,72.076]]}},{"type":"Feature","properties":{"boundary_type":"transform","feature_type":"gpml:Transform","polarity":null,"overriding_plate_id":null,"subducting_plate_id":null,"plate_ids":[501,701],"name":""},"geometry":{"type":"LineString","coordinates":[[50.933,-17.13],[50.827,-17.572],[50.721,-18.013],[50.614,-18.454],[50.506,-18.895],[50.398,-19.336],[50.29,-19.777],[50.18,-20.218],[50.07,-20.659],[49.96,-21.1],[49.84,-21.553],[49.72,-22.005],[49.599,-22.458],[49.478,-22.91],[49.355,-23.362],[49.232,-23.814],[49.108,-24.266],[48.982,-24.718],[48.877,-25.172],[48.771,-25.626],[48.664,-26.079],[48.556,-26.533],[48.447,-26.986],[48.338,-27.439],[48.227,-27.893],[48.091,-28.344],[47.953,-28.796],[47.814,-29.247],[47.674,-29.699],[47.532,-30.15],[47.39,-30.601],[47.246,-31.052],[47.1,-31.502],[46.953,-31.953],[46.805,-32.403],[46.655,-32.853],[46.504,-33.303],[46.395,-33.78],[46.285,-34.257],[46.173,-34.734],[46.06,-35.211],[45.946,-35.688],[45.831,-36.164],[45.714,-36.641],[45.596,-37.117],[45.476,-37.593],[45.354,-38.07],[45.231,-38.546],[45.107,-39.021],[44.825,-39.452],[44.539,-39.882],[44.25,-40.311],[43.957,-40.74],[43.66,-41.168],[43.36,-41.595],[43.055,-42.021],[42.747,-42.446],[42.434,-42.871],[42.117,-43.295],[41.795,-43.718],[41.469,-44.14],[41.138,-44.561],[40.802,-44.981],[40.461,-45.4],[40.116,-45.818],[39.765,-46.235],[39.408,-46.65],[39.046,-47.065],[38.679,-47.479],[38.305,-47.891],[37.926,-48.302],[37.541,-48.712],[37.149,-49.121],[36.523,-49.291],[35.893,-49.458],[35.258,-49.621],[34.62,-49.781],[33.977,-49.938],[33.33,-50.09]]}},{"type":"Feature","properties":{"boundary_type":"transform","feature_type":"gpml:Transform","polarity":null,"overriding_plate_id":null,"subducting_plate_id":null,"plate_ids":[701,802],"name":""},"geometry":{"type":"LineString","coordinates":[[33.33,-50.09],[32.643,-50.248],[31.952,-50.401],[31.256,-50.55],[30.557,-50.695],[29.852,-50.836],[29.144,-50.972],[28.431,-51.104],[28.403,-51.146]]}},{"type":"Feature","properties":{"boundary_type":"ridge","feature_type":"gpml:MidOceanRidge","polarity":null,"overriding_plate_id":null,"subducting_plate_id":null,"plate_ids":[701,802],"name":"Ridge from iso cg04 from Antarctica at 99.0Ma"},"geometry":{"type":"LineString","coordinates":[[3.189,-54.506],[3.722,-54.798],[4.264,-55.088],[4.813,-55.375],[5.37,-55.659],[5.936,-55.941],[6.533,-55.578],[7.12,-55.212],[7.695,-54.843],[8.261,-54.471],[8.816,-54.097],[9.41,-54.384],[10.013,-54.668],[10.624,-54.949],[11.244,-55.227],[11.873,-55.501],[12.51,-55.773],[12.958,-55.4],[13.397,-55.025],[13.827,-54.649],[14.25,-54.271],[14.716,-54.436],[15.186,-54.6],[15.536,-54.261],[15.881,-53.921],[16.219,-53.58],[16.926,-53.755],[17.638,-53.926],[17.943,-53.566],[18.243,-53.205],[18.538,-52.844],[18.829,-52.482],[19.114,-52.119],[19.797,-52.283],[20.485,-52.444],[21.178,-52.6],[21.876,-52.752],[22.168,-52.338],[22.455,-51.923],[22.736,-51.507],[23.013,-51.09],[23.284,-50.673],[23.551,-50.256],[24.232,-50.395],[24.918,-50.53],[25.608,-50.662],[26.301,-50.789],[26.998,-50.912],[27.699,-51.031],[28.403,-51.146]]}},{"type":"Feature","properties":{"boundary_type":"ridge","feature_type":"gpml:MidOceanRidge","polarity":null,"overriding_plate_id":null,"subducting_plate_id":null,"plate_ids":[501,801],"name":"Perth Abyssal Plain MOR"},"geometry":{"type":"LineString","coordinates":[[83.743,-46.448],[84.029,-46.907],[84.32,-47.366],[84.617,-47.823],[84.918,-48.28],[85.225,-48.736],[85.538,-49.191],[85.067,-49.336],[85.209,-49.616],[84.765,-49.743],[84.318,-49.869],[84.595,-50.279],[84.877,-50.688],[85.163,-51.096],[85.455,-51.504],[85.752,-51.91],[86.055,-52.317],[85.641,-52.433],[85.225,-52.547],[85.448,-52.864],[85.673,-53.181],[85.467,-53.237]]}},{"type":"Feature","properties":{"boundary_type":"ridge","feature_type":"gpml:MidOceanRidge","polarity":null,"overriding_plate_id":null,"subducting_plate_id":null,"plate_ids":[201,701],"name":"SAM - AFR"},"geometry":{"type":"LineString","coordinates":[[4.195,-48.998],[4.154,-49.392],[4.112,-49.786],[4.069,-50.18],[3.988,-50.568],[3.906,-50.956],[3.823,-51.344],[3.256,-51.384],[3.199,-51.815],[3.141,-52.246],[3.082,-52.677],[3.658,-52.641],[3.718,-53.117],[3.779,-53.594],[3.842,-54.07],[3.874,-54.293]]}},{"type":"Feature","properties":{"boundary_type":"subduction","feature_type":"gpml:SubductionZone","polarity":"Right","overriding_plate_id":802,"subducting_plate_id":919,"plate_ids":[802,919],"name":"ANT tr f Antarcticar COB MG-4-22-07"},"geometry":{"type":"LineString","coordinates":[[-71.657,-70.16],[-70.649,-69.996],[-69.58,-69.742],[-68.536,-69.482],[-67.517,-69.216],[-66.583,-68.903],[-65.674,-68.585],[-64.852,-68.222],[-64.055,-67.854],[-63.31,-67.642],[-62.578,-67.427],[-61.574,-67.139],[-60.594,-66.845],[-60.281,-66.551],[-59.976,-66.257],[-59.532,-65.815],[-59.103,-65.372],[-58.851,-65.009],[-58.604,-64.646],[-58.365,-64.282],[-57.872,-63.981],[-57.39,-63.679],[-56.918,-63.375],[-56.46,-62.995],[-56.013,-62.613],[-55.752,-62.292],[-55.496,-61.97],[-55.246,-61.648],[-54.939,-61.224],[-54.64,-60.798],[-54.348,-60.372],[-53.804,-60.086],[-53.27,-59.798],[-52.57,-59.545],[-51.881,-59.288],[-51.375,-58.927],[-50.879,-58.564],[-50.168,-58.244],[-49.47,-57.92],[-48.784,-57.592],[-48.302,-57.237],[-47.83,-56.881],[-47.366,-56.523],[-46.703,-56.579],[-46.037,-56.631],[-45.259,-56.676],[-44.48,-56.715],[-43.748,-56.488],[-43.025,-56.257],[-42.306,-55.976],[-41.596,-55.692],[-40.898,-55.403],[-40.209,-55.111]]}},{"type":"Feature","properties":{"boundary_type":"subduction","feature_type":"gpml:SubductionZone","polarity":"Right","overriding_plate_id":301,"subducting_plate_id":926,"plate_ids":[301,926],"name":"Japan sub zone fromEarthByte cob MG 4-20-07"},"geometry":{"type":"LineString","coordinates":[[157.532,59.368],[157.709,58.937],[157.88,58.506],[158.048,58.074],[158.212,57.642],[158.372,57.21],[158.528,56.777],[158.601,56.32],[158.673,55.862],[158.743,55.405],[158.812,54.947],[158.879,54.49],[158.868,54.049],[158.857,53.608],[158.846,53.167],[158.835,52.727],[158.824,52.286],[158.733,51.826],[158.644,51.366],[158.556,50.906],[158.579,50.469],[158.6,50.033],[158.622,49.596],[158.643,49.159],[158.663,48.722],[158.56,48.311],[158.459,47.9],[158.36,47.49],[158.262,47.079],[158.152,46.75],[158.044,46.421],[157.936,46.092],[157.701,45.702],[157.468,45.312],[157.238,44.921],[156.873,44.524],[156.513,44.126],[156.293,43.723],[156.076,43.32],[155.481,43.18],[154.889,43.036],[154.299,42.89],[153.712,42.741],[153.279,42.483],[152.849,42.224],[152.423,41.962],[152.0,41.7],[151.581,41.435],[151.092,41.149],[150.607,40.861],[150.126,40.571],[149.805,40.429],[149.485,40.286],[149.069,40.103],[148.655,39.919],[148.244,39.734],[147.822,39.465],[147.404,39.194],[147.031,38.903],[146.661,38.61],[146.294,38.317],[146.006,38.203],[145.719,38.088]]}},{"type":"Feature","properties":{"boundary_type":"subduction","feature_type":"gpml:SubductionZone","polarity":"Left","overriding_plate_id":301,"subducting_plate_id":926,"plate_ids":[301,926],"name":"Junction Subduction Zone"},"geometry":{"type":"LineString","coordinates":[[136.068,17.882],[136.129,18.373],[136.191,18.863],[136.252,19.354],[136.314,19.845],[136.595,20.227],[136.877,20.608],[137.161,20.989],[137.446,21.37],[137.733,21.75],[138.021,22.129],[138.31,22.508],[138.549,22.917],[138.789,23.326],[139.03,23.735],[139.274,24.143],[139.518,24.551],[139.764,24.958],[140.012,25.365],[140.262,25.772],[140.5,26.21],[140.739,26.647],[140.981,27.084],[141.224,27.521],[141.47,27.957],[141.717,28.392],[141.966,28.828],[142.218,29.262],[142.472,29.697],[142.727,30.131]]}},{"type":"Feature","properties":{"boundary_type":"subduction","feature_type":"gpml:SubductionZone","polarity":"Left","overriding_plate_id":301,"subducting_plate_id":715,"plate_ids":[301,715],"name":"Tethyan subduction after Afgan block accretion"},"geometry":{"type":"LineString","coordinates":[[59.746,30.692],[60.011,30.355],[60.274,30.019],[60.63,29.761],[60.984,29.503],[61.337,29.243],[61.692,28.974],[62.046,28.704],[62.397,28.433],[62.747,28.161],[63.143,27.953],[63.538,27.743],[63.931,27.533],[64.323,27.322],[64.766,27.136],[65.208,26.949],[65.649,26.761],[66.088,26.571],[66.525,26.38],[66.98,26.108],[67.432,25.835],[67.883,25.561],[68.331,25.285],[68.777,25.007],[69.221,24.729],[69.626,24.435],[70.029,24.14],[70.431,23.844],[70.83,23.547],[71.015,23.209],[71.199,22.871],[71.382,22.533],[71.564,22.194],[71.783,21.824],[72.001,21.453],[72.218,21.083],[72.434,20.711],[72.648,20.34],[73.02,20.0],[73.389,19.659],[73.757,19.317],[74.124,18.975],[74.489,18.632],[74.852,18.288],[75.258,17.988],[75.663,17.686],[76.066,17.383],[76.468,17.08],[76.868,16.776],[77.268,16.471],[77.666,16.166],[78.081,16.065]]}},{"type":"Feature","properties":{"boundary_type":"subduction","feature_type":"gpml:SubductionZone","polarity":"Right","overriding_plate_id":101,"subducting_plate_id":902,"plate_ids":[101,902],"name":"Western NAM subduction"},"geometry":{"type":"LineString","coordinates":[[-57.469,21.343],[-57.87,21.56],[-58.271,21.776],[-58.651,22.076],[-59.032,22.375],[-59.415,22.674],[-59.8,22.971],[-60.186,23.267],[-60.574,23.563],[-60.964,23.857],[-61.115,24.329],[-61.267,24.801],[-61.42,25.273],[-61.574,25.744],[-61.73,26.215],[-61.887,26.686],[-62.154,27.071],[-62.424,27.455],[-62.695,27.839],[-62.968,28.222],[-63.243,28.605],[-63.521,28.987],[-63.733,29.287],[-63.947,29.587],[-64.162,29.886],[-64.348,30.257],[-64.536,30.626],[-64.725,30.996],[-64.915,31.365],[-65.05,31.691],[-65.185,32.017],[-65.321,32.342],[-65.516,32.707],[-65.713,33.071],[-65.912,33.434],[-66.011,33.781],[-66.11,34.127],[-66.21,34.474],[-66.338,34.857],[-66.466,35.24],[-66.596,35.623],[-66.728,36.006],[-66.825,36.472],[-66.924,36.938],[-67.253,37.33],[-67.585,37.721],[-67.921,38.111],[-68.26,38.5],[-68.578,38.733],[-68.897,38.966],[-69.219,39.198],[-69.624,39.461],[-70.032,39.723],[-70.443,39.983],[-70.69,40.272],[-70.941,40.561],[-71.319,40.896],[-71.7,41.23],[-72.083,41.418],[-72.468,41.605],[-72.855,41.79],[-73.001,42.153],[-73.148,42.516],[-73.298,42.878],[-73.629,43.312],[-73.965,43.746],[-74.306,44.178],[-74.575,44.548],[-74.848,44.917],[-75.124,45.286],[-75.404,45.653],[-75.688,46.021],[-75.837,46.441],[-75.988,46.862],[-76.142,47.282],[-76.298,47.702],[-76.451,48.075],[-76.606,48.447],[-76.764,48.819],[-76.924,49.191],[-76.805,49.651],[-76.683,50.11],[-76.56,50.57],[-76.433,51.029],[-76.153,51.497],[-75.867,51.964],[-75.576,52.43],[-75.277,52.895],[-74.931,53.339],[-74.577,53.782],[-74.215,54.223],[-73.846,54.664],[-73.677,55.095],[-73.504,55.527],[-73.327,55.957],[-73.146,56.388],[-72.961,56.818],[-72.772,57.249],[-73.189,57.619],[-73.614,57.987],[-74.048,58.354],[-74.491,58.72],[-75.002,59.005],[-75.522,59.288],[-76.05,59.569],[-76.588,59.847],[-76.852,60.232],[-77.123,60.616],[-77.56,61.032],[-78.008,61.446],[-78.346,61.744],[-78.691,62.041],[-79.043,62.338],[-79.391,62.732],[-79.811,63.184],[-80.243,63.633],[-80.43,63.987],[-80.62,64.34],[-80.816,64.692],[-80.888,65.123],[-80.962,65.553],[-81.08,65.885],[-81.202,66.216],[-81.327,66.547],[-81.625,66.919],[-81.44,67.389],[-81.752,67.757],[-81.844,68.111],[-82.255,68.57],[-82.938,68.996],[-83.237,69.184],[-83.604,69.548],[-84.121,69.873],[-84.515,70.235],[-84.897,70.682],[-85.088,70.927],[-85.283,71.172],[-85.342,71.434],[-85.403,71.696],[-85.588,72.13],[-85.783,72.564]]}},{"type":"Feature","properties":{"boundary_type":"other","feature_type":"gpml:TerraneBoundary","polarity":null,"overriding_plate_id":null,"subducting_plate_id":null,"plate_ids":[701],"name":"Benue Trough-Northeast Africa"},"geometry":{"type":"LineString","coordinates":[[16.365,-6.241],[15.928,-6.022],[15.587,-5.797],[15.246,-5.572],[14.871,-5.361],[14.496,-5.15],[14.241,-4.929],[13.986,-4.708],[13.732,-4.487],[13.478,-4.265],[13.291,-3.955],[13.104,-3.645]]}},{"type":"Feature","properties":{"boundary_type":"other","feature_type":"gpml:TerraneBoundary","polarity":null,"overriding_plate_id":null,"subducting_plate_id":null,"plate_ids":[201,802],"name":"E/W ANT"},"geometry":{"type":"LineString","coordinates":[[-40.074,-58.525],[-39.743,-58.18],[-39.418,-57.834],[-39.071,-57.467],[-38.73,-57.1],[-38.397,-56.731],[-38.06,-56.473],[-37.729,-56.214]]}},{"type":"Feature","properties":{"boundary_type":"other","feature_type":"gpml:TerraneBoundary","polarity":null,"overriding_plate_id":null,"subducting_plate_id":null,"plate_ids":[101],"name":"North Greenland boundary"},"geometry":{"type":"LineString","coordinates":[[19.718,70.14],[19.743,70.138]]}},{"type":"Feature","properties":{"boundary_type":"other","feature_type":"gpml:TerraneBoundary","polarity":null,"overriding_plate_id":null,"subducting_plate_id":null,"plate_ids":[101,301],"name":"North Greenland boundary"},"geometry":{"type":"LineString","coordinates":[[19.743,70.138],[20.129,70.105],[20.95,70.063],[21.768,70.017],[22.724,69.716],[23.652,69.411],[24.714,69.105],[25.746,68.793],[26.513,68.497],[27.26,68.199],[27.729,67.849],[28.184,67.498],[28.626,67.146],[29.055,66.793],[29.444,66.346],[29.82,65.898],[30.182,65.449],[30.533,64.999],[30.872,64.549],[31.2,64.097],[31.222,64.075]]}},{"type":"Feature","properties":{"boundary_type":"other","feature_type":"gpml:TerraneBoundary","polarity":null,"overriding_plate_id":null,"subducting_plate_id":null,"plate_ids":[201,714],"name":"Northwest Africa-Benue Trough"},"geometry":{"type":"LineString","coordinates":[[2.656,-5.164],[2.75,-5.155],[3.178,-5.07],[3.605,-4.985],[4.033,-4.9],[4.46,-4.814],[4.887,-4.728]]}},{"type":"Feature","properties":{"boundary_type":"other","feature_type":"gpml:TerraneBoundary","polarity":null,"overriding_plate_id":null,"subducting_plate_id":null,"plate_ids":[701,714],"name":"Northwest Africa-Benue Trough"},"geometry":{"type":"LineString","coordinates":[[4.887,-4.728],[4.9,-4.726],[5.298,-4.634],[5.695,-4.543],[6.092,-4.451],[6.49,-4.359],[6.887,-4.267],[7.23,-4.187],[7.573,-4.108],[8.042,-4.025],[8.51,-3.942],[8.854,-3.9],[9.198,-3.857],[9.627,-3.794],[9.92,-3.69],[10.246,-3.652],[10.572,-3.613],[10.964,-3.578],[11.356,-3.543],[11.698,-3.553],[12.041,-3.563],[12.384,-3.574],[12.744,-3.61],[13.104,-3.645]]}},{"type":"Feature","properties":{"boundary_type":"other","feature_type":"gpml:TerraneBoundary","polarity":null,"overriding_plate_id":null,"subducting_plate_id":null,"plate_ids":[714,715],"name":"Northwest Africa-Benue Trough"},"geometry":{"type":"LineString","coordinates":[[13.104,-3.645],[13.414,-3.694],[13.725,-3.743],[14.106,-3.76],[14.487,-3.777],[14.869,-3.794]]}},{"type":"Feature","properties":{"boundary_type":"other","feature_type":"gpml:TerraneBoundary","polarity":null,"overriding_plate_id":null,"subducting_plate_id":null,"plate_ids":[201,701],"name":"Parana Basin-Patagonia"},"geometry":{"type":"LineString","coordinates":[[-9.676,-49.511],[-8.977,-49.529],[-8.278,-49.543],[-7.579,-49.553],[-6.879,-49.559],[-6.18,-49.56],[-5.48,-49.557],[-4.754,-49.527],[-4.029,-49.492],[-3.305,-49.452],[-2.582,-49.408],[-1.9,-49.357],[-1.219,-49.301],[-0.54,-49.242],[0.137,-49.179],[0.803,-49.145],[1.469,-49.108],[2.134,-49.068],[2.797,-49.023],[3.496,-49.013],[4.195,-48.998]]}},{"type":"Feature","properties":{"boundary_type":"subduction","feature_type":"gpml:SubductionZone","polarity":"Right","overriding_plate_id":806,"subducting_plate_id":919,"plate_ids":[806,919],"name":"Jarrod"},"geometry":{"type":"LineString","coordinates":[[-107.541,-71.434],[-106.022,-71.402],[-104.508,-71.359]]}},{"type":"Feature","properties":{"boundary_type":"subduction","feature_type":"gpml:SubductionZone","polarity":"Right","overriding_plate_id":802,"subducting_plate_id":919,"plate_ids":[802,919],"name":"Jarrod"},"geometry":{"type":"LineString","coordinates":[[-104.508,-71.359],[-103.167,-71.31],[-101.833,-71.251],[-100.507,-71.184],[-99.142,-71.212],[-97.773,-71.23],[-96.403,-71.239],[-95.032,-71.237],[-93.662,-71.226],[-92.294,-71.204],[-90.93,-71.173],[-89.491,-71.159],[-88.054,-71.135],[-86.622,-71.1],[-85.196,-71.054],[-83.677,-70.998],[-82.168,-70.929],[-80.67,-70.849],[-79.185,-70.756],[-77.714,-70.652],[-76.26,-70.536],[-75.094,-70.453],[-73.937,-70.363],[-72.791,-70.265],[-71.657,-70.16]]}},{"type":"Feature","properties":{"boundary_type":"ridge","feature_type":"gpml:MidOceanRidge","polarity":null,"overriding_plate_id":null,"subducting_plate_id":null,"plate_ids":[501,801],"name":"MOR AG 2012"},"geometry":{"type":"LineString","coordinates":[[83.743,-46.448],[83.823,-46.555],[84.484,-46.361],[85.139,-46.163],[85.79,-45.961],[86.436,-45.756],[87.078,-45.548],[87.714,-45.335],[87.462,-44.927],[87.213,-44.518],[86.967,-44.109],[86.725,-43.699],[86.486,-43.289],[87.024,-43.031],[87.557,-42.77],[88.086,-42.507],[88.61,-42.241],[89.13,-41.973],[89.645,-41.703],[90.156,-41.43],[90.663,-41.155],[90.443,-40.784],[90.225,-40.413],[90.01,-40.042],[90.531,-39.751],[91.048,-39.459],[91.561,-39.164],[92.069,-38.867],[92.573,-38.568],[93.073,-38.266],[93.568,-37.963],[94.06,-37.657],[94.547,-37.35],[95.031,-37.04],[95.511,-36.729],[95.986,-36.415],[96.458,-36.1],[96.926,-35.783],[97.391,-35.464],[97.851,-35.143],[98.235,-35.461],[98.621,-35.778],[99.01,-36.093],[99.54,-35.838],[100.065,-35.581],[100.588,-35.322],[101.107,-35.06],[101.623,-34.796],[102.135,-34.53],[102.644,-34.262],[103.15,-33.991],[103.653,-33.719],[104.153,-33.445],[104.649,-33.168],[105.142,-32.89],[105.632,-32.61],[106.119,-32.328],[106.603,-32.044],[107.084,-31.758],[107.562,-31.47],[108.037,-31.181],[108.51,-30.89],[108.979,-30.597],[109.446,-30.302],[109.909,-30.006],[110.37,-29.708],[110.828,-29.409],[111.284,-29.108],[111.737,-28.806],[112.187,-28.502],[112.635,-28.196],[113.08,-27.889],[113.522,-27.581],[113.962,-27.271],[114.4,-26.96],[114.835,-26.648],[115.268,-26.334],[115.698,-26.019],[116.126,-25.703],[116.552,-25.385],[116.855,-25.724],[117.16,-26.061],[117.466,-26.398],[117.774,-26.735],[118.084,-27.071],[118.396,-27.406],[118.817,-27.121],[119.236,-26.835],[119.652,-26.549],[120.067,-26.26],[120.479,-25.971],[120.89,-25.681],[121.298,-25.389],[121.705,-25.096],[122.109,-24.802],[122.512,-24.508],[122.913,-24.212],[123.311,-23.915],[123.708,-23.617],[124.025,-23.966],[124.344,-24.315],[124.664,-24.664],[125.012,-24.35],[125.358,-24.034],[125.702,-23.719],[126.045,-23.402],[126.386,-23.085],[126.725,-22.766],[127.063,-22.448]]}},{"type":"Feature","properties":{"boundary_type":"transform","feature_type":"gpml:Transform","polarity":null,"overriding_plate_id":null,"subducting_plate_id":null,"plate_ids":[801,806],"name":"Extend deforming zone"},"geometry":{"type":"LineString","coordinates":[[168.918,-78.484],[170.676,-78.147],[172.338,-77.799],[173.907,-77.442],[175.391,-77.077],[176.793,-76.704],[178.119,-76.323],[179.374,-75.936],[-179.437,-75.542],[-178.311,-75.143],[-177.242,-74.739],[-176.228,-74.33],[-175.264,-73.916],[-174.347,-73.499],[-173.475,-73.077],[-172.338,-72.883],[-171.226,-72.683],[-170.139,-72.477],[-169.076,-72.265],[-167.851,-72.2],[-166.635,-72.127],[-165.43,-72.047]]}},{"type":"Feature","properties":{"boundary_type":"other","feature_type":"gpml:InferredPaleoBoundary","polarity":null,"overriding_plate_id":null,"subducting_plate_id":null,"plate_ids":[301],"name":"NAM EUR 115 090 lom"},"geometry":{"type":"LineString","coordinates":[[19.743,70.138],[20.369,70.53],[21.019,70.92],[21.695,71.308],[22.399,71.693],[23.132,72.076]]}},{"type":"Feature","properties":{"boundary_type":"other","feature_type":"gpml:InferredPaleoBoundary","polarity":null,"overriding_plate_id":null,"subducting_plate_id":null,"plate_ids":[101,301],"name":"NAM EUR 115 090 lom"},"geometry":{"type":"LineString","coordinates":[[23.132,72.076],[24.207,72.45],[25.327,72.819],[26.494,73.181],[27.425,73.482],[28.389,73.778],[29.388,74.07],[30.423,74.358],[31.836,74.604],[33.294,74.841],[34.795,75.069],[35.746,75.355],[36.733,75.637],[37.758,75.915],[38.824,76.189],[40.134,76.569],[41.517,76.943],[42.981,77.309],[44.449,77.488],[45.958,77.659],[47.507,77.821],[49.405,77.993],[51.355,78.151],[53.355,78.295],[55.248,78.424],[57.181,78.541],[59.15,78.644],[60.924,78.87],[62.768,79.085],[64.684,79.289],[66.671,79.48],[68.933,79.559],[71.226,79.62],[73.543,79.666],[75.876,79.695],[78.103,79.794],[80.37,79.878],[82.672,79.946],[85.0,79.998],[87.777,79.971],[90.534,79.921],[93.257,79.849],[95.937,79.754],[98.562,79.638],[101.054,79.592],[103.519,79.526],[105.95,79.442],[107.931,79.179],[109.817,78.903],[111.611,78.617],[113.316,78.32],[114.937,78.014],[116.477,77.698]]}},{"type":"Feature","properties":{"boundary_type":"other","feature_type":"gpml:InferredPaleoBoundary","polarity":null,"overriding_plate_id":null,"subducting_plate_id":null,"plate_ids":[301,409],"name":"NAM EUR 115 090 lom"},"geometry":{"type":"LineString","coordinates":[[116.477,77.698],[117.329,77.513],[118.813,77.233],[120.234,76.946],[121.594,76.651],[122.895,76.348],[124.141,76.04],[125.333,75.725],[125.823,75.246],[126.283,74.765],[126.715,74.283],[127.122,73.801],[127.507,73.317],[127.87,72.834],[128.836,72.513],[129.769,72.188],[130.669,71.859],[131.538,71.525],[132.377,71.188],[133.187,70.848],[133.97,70.503],[135.364,70.341],[136.736,70.169],[138.084,69.986],[139.408,69.794],[140.708,69.591],[141.982,69.379],[143.311,69.341],[144.634,69.293],[145.95,69.235],[147.259,69.167],[148.559,69.089],[149.849,69.001],[151.129,68.903],[152.49,68.862],[153.846,68.809],[155.195,68.746],[156.536,68.672],[157.867,68.587],[159.187,68.492],[160.085,68.147],[160.955,67.797],[161.8,67.443],[162.62,67.085],[163.415,66.722],[164.188,66.356],[164.938,65.986],[165.667,65.612],[166.375,65.235],[166.866,64.914],[167.346,64.59],[167.815,64.266]]}},{"type":"Feature","properties":{"boundary_type":"subduction","feature_type":"gpml:SubductionZone","polarity":"Right","overriding_plate_id":101,"subducting_plate_id":902,"plate_ids":[101,902],"name":"Alaska Subduction GS"},"geometry":{"type":"LineString","coordinates":[[-85.783,72.564],[-87.317,72.506],[-88.84,72.437],[-90.351,72.357],[-91.874,72.401],[-93.404,72.434],[-94.937,72.455],[-96.474,72.464],[-98.011,72.461],[-99.546,72.446],[-101.078,72.42],[-102.605,72.382],[-104.124,72.332],[-105.634,72.27],[-107.133,72.197],[-108.622,72.274],[-110.123,72.339],[-111.633,72.393],[-113.152,72.436],[-114.676,72.467],[-115.988,72.658],[-117.327,72.84],[-118.693,73.013],[-120.086,73.178],[-121.504,73.332],[-122.948,73.477],[-124.415,73.611],[-125.544,73.812]]}},{"type":"Feature","properties":{"boundary_type":"subduction","feature_type":"gpml:SubductionZone","polarity":"Right","overriding_plate_id":409,"subducting_plate_id":902,"plate_ids":[409,902],"name":"Alaska Subduction GS"},"geometry":{"type":"LineString","coordinates":[[-125.544,73.812],[-126.992,74.054],[-128.482,74.286]]}},{"type":"Feature","properties":{"boundary_type":"subduction","feature_type":"gpml:SubductionZone","polarity":"Right","overriding_plate_id":409,"subducting_plate_id":926,"plate_ids":[409,926],"name":"Alaska Subduction GS"},"geometry":{"type":"LineString","coordinates":[[-128.482,74.286],[-130.025,74.51],[-131.611,74.722],[-133.24,74.923],[-134.91,75.111],[-136.71,75.301],[-138.554,75.475],[-140.44,75.636],[-142.366,75.781],[-144.328,75.91],[-146.209,75.96],[-148.1,75.996],[-150.0,76.018],[-151.903,76.024],[-153.806,76.016],[-155.704,75.992],[-157.492,75.868],[-159.246,75.731],[-160.967,75.581],[-162.652,75.419],[-164.299,75.245],[-165.907,75.059],[-167.476,74.863],[-169.004,74.656],[-170.492,74.439],[-171.981,74.289],[-173.441,74.129],[-174.872,73.96],[-176.273,73.781]]}},{"type":"Feature","properties":{"boundary_type":"other","feature_type":"gpml:Fault","polarity":null,"overriding_plate_id":null,"subducting_plate_id":null,"plate_ids":[101,409],"name":"Alaska"},"geometry":{"type":"LineString","coordinates":[[-125.544,73.812],[-125.772,74.288],[-126.014,74.763],[-126.272,75.238],[-126.546,75.713],[-126.839,76.188],[-127.152,76.662],[-127.487,77.136],[-129.052,77.475],[-130.702,77.806],[-132.44,78.126],[-134.272,78.434],[-136.2,78.731],[-138.23,79.015],[-140.362,79.284],[-142.255,79.484],[-144.218,79.673],[-146.25,79.849],[-148.351,80.012],[-150.519,80.162],[-153.237,80.275],[-156.012,80.365],[-158.833,80.434],[-161.687,80.479],[-164.561,80.5],[-167.441,80.498],[-170.313,80.473],[-172.981,80.455],[-175.634,80.417],[-178.26,80.359],[179.15,80.282],[176.606,80.185],[174.115,80.069],[171.686,79.936],[169.323,79.786],[166.714,79.79],[164.108,79.774],[161.515,79.737],[158.946,79.68],[156.409,79.603],[153.914,79.506],[151.469,79.39],[148.844,79.4],[146.219,79.388],[143.605,79.355],[141.013,79.3],[138.451,79.224],[135.93,79.127],[133.458,79.01],[131.041,78.874],[128.883,78.654],[126.809,78.419],[124.819,78.17],[122.912,77.908],[120.744,77.854],[118.597,77.785],[116.477,77.698]]}},{"type":"Feature","properties":{"boundary_type":"subduction","feature_type":"gpml:SubductionZone","polarity":"Left","overriding_plate_id":301,"subducting_plate_id":926,"plate_ids":[301,926],"name":"OCVB Subduction Zone GS (DNSC, Layer et al., 2001)"},"geometry":{"type":"LineString","coordinates":[[157.532,59.368],[158.16,59.694],[158.8,60.018],[159.452,60.337],[160.117,60.654],[160.796,60.968],[161.487,61.277],[162.193,61.584],[162.912,61.886],[163.646,62.185],[164.394,62.48],[165.045,62.843],[165.712,63.204],[166.395,63.561],[167.096,63.915],[167.815,64.266]]}},{"type":"Feature","properties":{"boundary_type":"subduction","feature_type":"gpml:SubductionZone","polarity":"Left","overriding_plate_id":409,"subducting_plate_id":926,"plate_ids":[409,926],"name":"OCVB Subduction Zone GS (DNSC, Layer et al., 2001)"},"geometry":{"type":"LineString","coordinates":[[167.815,64.266],[168.543,64.608],[169.289,64.947],[169.843,65.357],[170.415,65.764],[171.005,66.169],[171.614,66.572],[172.243,66.972],[172.893,67.37],[173.565,67.765],[174.259,68.157],[174.931,68.532],[175.626,68.904],[176.344,69.274],[177.086,69.64],[177.855,70.003],[178.651,70.362],[179.031,70.718],[179.424,71.073],[179.894,71.507],[-179.615,71.94],[-179.101,72.371],[-178.436,72.727],[-177.744,73.081],[-177.023,73.432],[-176.273,73.781]]}},{"type":"Feature","properties":{"boundary_type":"ridge","feature_type":"gpml:MidOceanRidge","polarity":null,"overriding_plate_id":null,"subducting_plate_id":null,"plate_ids":[901],"name":"IZA-PAC MOR"},"geometry":{"type":"LineString","coordinates":[[-167.775,5.07],[-168.221,4.941],[-168.667,4.812],[-169.113,4.683],[-169.558,4.553],[-170.004,4.424],[-170.449,4.294]]}},{"type":"Feature","properties":{"boundary_type":"ridge","feature_type":"gpml:MidOceanRidge","polarity":null,"overriding_plate_id":null,"subducting_plate_id":null,"plate_ids":[926],"name":"IZA-PAC MOR"},"geometry":{"type":"LineString","coordinates":[[-170.449,4.294],[-170.449,4.294]]}},{"type":"Feature","properties":{"boundary_type":"ridge","feature_type":"gpml:MidOceanRidge","polarity":null,"overriding_plate_id":null,"subducting_plate_id":null,"plate_ids":[901,926],"name":"IZA-PAC MOR"},"geometry":{"type":"LineString","coordinates":[[-170.449,4.294],[-170.897,4.16],[-171.345,4.027],[-171.793,3.893],[-172.241,3.759],[-172.689,3.625],[-172.57,3.2],[-172.452,2.774],[-172.334,2.349],[-172.215,1.924],[-172.677,1.787],[-173.139,1.65],[-173.6,1.513],[-174.062,1.375],[-174.523,1.238],[-174.985,1.101],[-175.446,0.963],[-175.908,0.825],[-176.369,0.688],[-176.83,0.55],[-177.291,0.412],[-177.303,0.413]]}},{"type":"Feature","properties":{"boundary_type":"ridge","feature_type":"gpml:MidOceanRidge","polarity":null,"overriding_plate_id":null,"subducting_plate_id":null,"plate_ids":[926],"name":"IZA-PAC MOR"},"geometry":{"type":"LineString","coordinates":[[-165.085,5.852],[-165.077,5.868],[-165.525,5.739],[-165.974,5.609],[-166.422,5.479],[-166.87,5.348],[-167.318,5.218],[-167.766,5.087],[-168.214,4.955],[-168.661,4.823],[-169.109,4.691],[-169.556,4.559],[-170.003,4.427],[-170.449,4.294],[-170.449,4.294]]}},{"type":"Feature","properties":{"boundary_type":"ridge","feature_type":"gpml:MidOceanRidge","polarity":null,"overriding_plate_id":null,"subducting_plate_id":null,"plate_ids":[901,926],"name":"IZA-PAC MOR"},"geometry":{"type":"LineString","coordinates":[[-156.186,20.93],[-156.192,20.937],[-156.674,20.807],[-157.156,20.675],[-157.636,20.542],[-158.116,20.408],[-158.595,20.272],[-159.073,20.135],[-159.551,19.997],[-160.027,19.858],[-160.503,19.717],[-160.978,19.575],[-161.452,19.432],[-161.297,18.969],[-161.143,18.506],[-160.99,18.043],[-160.837,17.58],[-160.686,17.117],[-160.535,16.653],[-160.385,16.19],[-160.236,15.726],[-160.087,15.262],[-159.939,14.798],[-159.792,14.334],[-159.645,13.87],[-159.499,13.406],[-159.353,12.942],[-159.208,12.478],[-159.064,12.013],[-158.92,11.549],[-158.776,11.085],[-158.633,10.62],[-159.109,10.473],[-159.586,10.325],[-160.061,10.176],[-160.537,10.027],[-161.011,9.876],[-161.486,9.726],[-161.96,9.574],[-161.839,9.132],[-161.718,8.69],[-161.598,8.248],[-161.477,7.806],[-161.358,7.363],[-161.238,6.921],[-161.721,6.787],[-162.203,6.653],[-162.686,6.517],[-163.168,6.382],[-163.65,6.246],[-164.132,6.11],[-164.613,5.973],[-165.094,5.835]]}},{"type":"Feature","properties":{"boundary_type":"ridge","feature_type":"gpml:MidOceanRidge","polarity":null,"overriding_plate_id":null,"subducting_plate_id":null,"plate_ids":[901],"name":"IZA-PAC MOR"},"geometry":{"type":"LineString","coordinates":[[-165.094,5.835],[-165.541,5.709],[-165.988,5.582],[-166.435,5.454],[-166.882,5.326],[-167.328,5.198],[-167.775,5.07]]}},{"type":"Feature","properties":{"boundary_type":"ridge","feature_type":"gpml:MidOceanRidge","polarity":null,"overriding_plate_id":null,"subducting_plate_id":null,"plate_ids":[926],"name":"IZA-PAC MOR"},"geometry":{"type":"LineString","coordinates":[[-165.094,5.835],[-165.085,5.852]]}},{"type":"Feature","properties":{"boundary_type":"ridge","feature_type":"gpml:MidOceanRidge","polarity":null,"overriding_plate_id":null,"subducting_plate_id":null,"plate_ids":[902,926],"name":"IZA-PAC MOR"},"geometry":{"type":"LineString","coordinates":[[-130.779,24.428],[-131.134,24.125],[-131.487,23.821],[-131.832,23.507],[-132.175,23.191],[-132.516,22.875],[-132.856,22.558],[-133.195,22.241]]}},{"type":"Feature","properties":{"boundary_type":"ridge","feature_type":"gpml:MidOceanRidge","polarity":null,"overriding_plate_id":null,"subducting_plate_id":null,"plate_ids":[901,926],"name":"IZA-PAC MOR"},"geometry":{"type":"LineString","coordinates":[[-133.195,22.241],[-133.569,21.887],[-133.942,21.532],[-134.395,21.415],[-134.847,21.297],[-135.299,21.178],[-135.75,21.057],[-136.2,20.935],[-136.649,20.813],[-137.097,20.689],[-137.562,20.561],[-138.026,20.431],[-138.49,20.301],[-138.952,20.169],[-139.414,20.036],[-139.875,19.902],[-140.335,19.766],[-140.794,19.63],[-141.253,19.492],[-141.711,19.353],[-141.926,19.742],[-142.143,20.132],[-142.36,20.521],[-142.579,20.909],[-143.035,20.777],[-143.489,20.643],[-143.943,20.509],[-144.397,20.373],[-144.889,20.229],[-145.38,20.083],[-145.871,19.936],[-146.36,19.787],[-146.849,19.637],[-147.336,19.486],[-147.808,19.306],[-148.279,19.126],[-148.749,18.944],[-149.218,18.761],[-149.686,18.576],[-150.045,18.462],[-150.403,18.347],[-150.762,18.231],[-150.853,18.609],[-150.945,18.987],[-151.038,19.365],[-151.131,19.743],[-151.256,20.203],[-151.382,20.663],[-151.508,21.123],[-151.635,21.583],[-151.763,22.043],[-152.257,21.925],[-152.751,21.804],[-153.243,21.683],[-153.735,21.56],[-154.226,21.435],[-154.716,21.309],[-155.205,21.182],[-155.694,21.053],[-156.181,20.923],[-156.186,20.93]]}},{"type":"Feature","properties":{"boundary_type":"ridge","feature_type":"gpml:MidOceanRidge","polarity":null,"overriding_plate_id":null,"subducting_plate_id":null,"plate_ids":[901,926],"name":"IZA-PAC MOR"},"geometry":{"type":"LineString","coordinates":[[177.687,-6.884],[177.678,-6.913],[177.195,-7.016],[176.712,-7.119],[176.229,-7.221],[175.745,-7.322],[175.262,-7.424],[174.778,-7.524],[174.294,-7.624],[173.81,-7.724],[173.325,-7.823],[172.84,-7.921],[172.355,-8.019],[171.87,-8.116],[171.385,-8.213],[170.899,-8.309],[170.413,-8.405],[169.927,-8.5],[169.44,-8.594],[168.954,-8.688],[168.467,-8.781],[167.98,-8.874],[168.071,-9.321],[168.163,-9.768],[168.255,-10.215],[168.347,-10.662],[168.44,-11.109],[168.533,-11.556],[168.626,-12.003],[168.719,-12.45],[168.813,-12.897],[168.823,-13.392],[168.832,-13.887],[168.842,-14.382],[168.851,-14.877],[168.861,-15.372],[168.871,-15.867],[168.88,-16.362],[168.89,-16.857],[168.9,-17.352],[168.91,-17.847],[168.92,-18.342],[168.93,-18.837],[168.94,-19.332],[168.95,-19.827],[168.96,-20.322],[168.97,-20.817],[168.98,-21.312],[168.986,-21.319]]}},{"type":"Feature","properties":{"boundary_type":"ridge","feature_type":"gpml:MidOceanRidge","polarity":null,"overriding_plate_id":null,"subducting_plate_id":null,"plate_ids":[901,926],"name":"IZA-PAC MOR"},"geometry":{"type":"LineString","coordinates":[[-177.303,0.413],[-177.315,0.414],[-177.761,0.277],[-178.208,0.139],[-178.654,0.001],[-179.101,-0.136],[-179.547,-0.274],[-179.993,-0.412],[179.56,-0.549],[179.114,-0.687],[178.667,-0.824],[178.221,-0.962],[177.774,-1.099],[177.327,-1.237],[176.881,-1.374],[176.434,-1.511],[176.54,-1.957],[176.647,-2.402],[176.753,-2.848],[176.859,-3.294],[176.966,-3.739],[177.073,-4.185],[177.176,-4.63],[177.28,-5.075],[177.384,-5.52],[177.488,-5.964],[177.592,-6.409],[177.697,-6.854],[177.687,-6.884]]}},{"type":"Feature","properties":{"boundary_type":"ridge","feature_type":"gpml:MidOceanRidge","polarity":null,"overriding_plate_id":null,"subducting_plate_id":null,"plate_ids":[901,926],"name":"IZA-PAC MOR"},"geometry":{"type":"LineString","coordinates":[[168.986,-21.319],[168.992,-21.326],[168.457,-21.32],[167.923,-21.313],[167.388,-21.304],[166.854,-21.293],[166.319,-21.281],[165.785,-21.267],[165.251,-21.252],[164.717,-21.234],[164.183,-21.215],[163.649,-21.194],[163.116,-21.172],[162.582,-21.148],[162.049,-21.122],[161.516,-21.095],[160.983,-21.066],[160.451,-21.035],[159.918,-21.003],[159.386,-20.969],[158.854,-20.933],[158.323,-20.896],[157.791,-20.857],[157.26,-20.816]]}},{"type":"Feature","properties":{"boundary_type":"ridge","feature_type":"gpml:MidOceanRidge","polarity":null,"overriding_plate_id":null,"subducting_plate_id":null,"plate_ids":[101,714],"name":"Ridge from iso M0 from NAM at 120.4Ma"},"geometry":{"type":"LineString","coordinates":[[1.953,32.686],[1.634,32.522],[1.316,32.358],[0.848,32.251],[0.382,32.142],[-0.084,32.032],[-0.289,32.282],[-0.703,32.078],[-1.115,31.872],[-1.525,31.665],[-1.934,31.457],[-2.34,31.247],[-2.508,31.395],[-3.001,31.172],[-3.49,30.948],[-3.978,30.721],[-4.463,30.493],[-4.946,30.264],[-5.427,30.032],[-5.905,29.799],[-5.995,29.87],[-6.46,29.754],[-6.925,29.636],[-7.388,29.516],[-7.532,29.656],[-7.899,29.505],[-8.265,29.352],[-8.631,29.199],[-8.936,29.494],[-9.354,29.221],[-9.771,28.945],[-9.884,29.054],[-10.273,28.787],[-10.659,28.519],[-10.804,28.666],[-11.133,28.426],[-11.461,28.185],[-11.455,28.176],[-11.746,27.932],[-12.035,27.688],[-12.323,27.443],[-12.558,27.666],[-12.794,27.889],[-13.118,27.687],[-13.441,27.483],[-13.762,27.279],[-13.961,27.469],[-14.334,27.188],[-14.705,26.907],[-15.074,26.625],[-15.441,26.342],[-15.806,26.058],[-16.169,25.773],[-15.906,25.495],[-16.257,25.184],[-16.606,24.872],[-16.953,24.56],[-16.831,24.431],[-17.089,24.226],[-17.347,24.02],[-17.182,23.845],[-17.373,23.462],[-17.562,23.079],[-17.75,22.696],[-17.938,22.313],[-17.819,22.177],[-18.135,21.832],[-18.449,21.486],[-18.762,21.14],[-18.553,20.952],[-18.881,20.635],[-19.208,20.318],[-19.534,20.0],[-19.386,19.864],[-19.633,19.588],[-19.879,19.311],[-20.124,19.034],[-20.028,18.953],[-20.3,18.658],[-20.571,18.362],[-20.841,18.066],[-20.617,17.819],[-20.952,17.498],[-20.822,17.389],[-21.114,17.094],[-21.405,16.799],[-21.073,16.446],[-20.743,16.093],[-20.414,15.74],[-20.718,15.402],[-21.02,15.064],[-21.321,14.726],[-21.598,14.4],[-21.874,14.073]]}},{"type":"Feature","properties":{"boundary_type":"subduction","feature_type":"gpml:SubductionZone","polarity":"Left","overriding_plate_id":789,"subducting_plate_id":926,"plate_ids":[789,926],"name":"Barito Sea Subduction"},"geometry":{"type":"LineString","coordinates":[[127.71,-3.399],[128.146,-3.519],[128.583,-3.639],[128.657,-3.662]]}},{"type":"Feature","properties":{"boundary_type":"subduction","feature_type":"gpml:SubductionZone","polarity":"Left","overriding_plate_id":301,"subducting_plate_id":926,"plate_ids":[301,926],"name":"Barito Sea Subduction"},"geometry":{"type":"LineString","coordinates":[[128.657,-3.662],[129.132,-3.803],[129.607,-3.945],[130.082,-4.086],[130.557,-4.227],[131.033,-4.368],[131.449,-4.244],[131.865,-4.121],[132.282,-3.997],[132.698,-3.873],[133.122,-3.711],[133.547,-3.55],[133.971,-3.388],[134.395,-3.226],[134.819,-3.064],[135.243,-2.902],[135.667,-2.74],[136.09,-2.577]]}},{"type":"Feature","properties":{"boundary_type":"subduction","feature_type":"gpml:SubductionZone","polarity":"Left","overriding_plate_id":301,"subducting_plate_id":926,"plate_ids":[301,926],"name":"North Borneo subduction"},"geometry":{"type":"LineString","coordinates":[[135.508,-0.13],[135.094,0.112],[134.681,0.354],[134.268,0.596],[134.055,1.046],[133.842,1.497],[133.628,1.947],[133.535,2.384],[133.442,2.821],[133.349,3.259],[133.353,3.617],[133.358,3.975],[133.301,4.457],[133.245,4.939],[133.188,5.42],[133.132,5.902],[132.976,6.339],[132.82,6.777],[132.664,7.214]]}},{"type":"Feature","properties":{"boundary_type":"subduction","feature_type":"gpml:SubductionZone","polarity":"Left","overriding_plate_id":301,"subducting_plate_id":926,"plate_ids":[301,926],"name":"Proto South China Sea opening"},"geometry":{"type":"LineString","coordinates":[[132.664,7.214],[132.867,7.618],[133.07,8.021],[133.273,8.425],[133.477,8.828],[133.681,9.231],[133.886,9.634],[134.092,10.037],[134.297,10.44],[134.376,10.855],[134.456,11.269],[134.535,11.683],[134.615,12.097],[134.695,12.512],[134.775,12.926],[134.889,13.394],[135.004,13.862],[135.119,14.33],[135.234,14.798],[135.351,15.266],[135.467,15.734],[135.559,16.198],[135.651,16.663],[135.743,17.127],[135.836,17.591],[136.068,17.882]]}},{"type":"Feature","properties":{"boundary_type":"subduction","feature_type":"gpml:SubductionZone","polarity":"Left","overriding_plate_id":787,"subducting_plate_id":501,"plate_ids":[501,787],"name":"Sunda Jurassic-Cretaceous subduction"},"geometry":{"type":"LineString","coordinates":[[100.188,0.877],[100.378,0.7],[100.569,0.523],[100.911,0.263],[101.254,0.004],[101.596,-0.256],[101.939,-0.515],[102.281,-0.775],[102.624,-1.034],[102.983,-1.346],[103.343,-1.658],[103.703,-1.97],[104.063,-2.282],[104.423,-2.594],[104.783,-2.905],[105.146,-3.191],[105.51,-3.477],[105.873,-3.762],[106.237,-4.048],[106.601,-4.333],[106.965,-4.618],[107.329,-4.903],[107.732,-5.13],[108.134,-5.358],[108.537,-5.585],[108.94,-5.812],[109.344,-6.038],[109.747,-6.264],[110.152,-6.49],[110.556,-6.716],[111.014,-6.857],[111.472,-6.997],[111.931,-7.137],[112.39,-7.276],[112.849,-7.415],[113.308,-7.553],[113.768,-7.691],[114.237,-7.854],[114.706,-8.016],[115.176,-8.177],[115.646,-8.338],[116.116,-8.498],[116.587,-8.658],[117.058,-8.817],[117.53,-8.976],[118.002,-9.134],[118.474,-9.291],[118.947,-9.448],[119.349,-9.742],[119.752,-10.035],[120.156,-10.328],[120.561,-10.621],[120.966,-10.913]]}},{"type":"Feature","properties":{"boundary_type":"subduction","feature_type":"gpml:SubductionZone","polarity":"Left","overriding_plate_id":926,"subducting_plate_id":501,"plate_ids":[501,926],"name":"Sunda Jurassic-Cretaceous subduction"},"geometry":{"type":"LineString","coordinates":[[120.966,-10.913],[121.284,-11.141],[121.602,-11.369],[122.04,-11.615],[122.478,-11.86],[122.918,-12.105],[123.358,-12.349],[123.799,-12.592],[124.241,-12.835],[124.683,-13.076],[125.127,-13.318],[125.571,-13.558],[125.978,-13.781],[126.386,-14.004],[126.794,-14.226],[127.203,-14.448],[127.613,-14.669],[128.024,-14.889],[128.435,-15.108],[128.848,-15.327],[129.329,-15.173],[129.811,-15.017],[130.291,-14.861]]}},{"type":"Feature","properties":{"boundary_type":"subduction","feature_type":"gpml:SubductionZone","polarity":"Left","overriding_plate_id":926,"subducting_plate_id":801,"plate_ids":[801,926],"name":"Sunda Jurassic-Cretaceous subduction"},"geometry":{"type":"LineString","coordinates":[[130.291,-14.861],[130.733,-14.716],[131.174,-14.571],[131.615,-14.424],[131.963,-14.098],[132.311,-13.772],[132.657,-13.445],[133.003,-13.117],[133.347,-12.789],[133.691,-12.461],[134.034,-12.132],[134.376,-11.803],[134.717,-11.473],[135.057,-11.143],[135.397,-10.813]]}},{"type":"Feature","properties":{"boundary_type":"transform","feature_type":"gpml:Transform","polarity":null,"overriding_plate_id":null,"subducting_plate_id":null,"plate_ids":[801,901],"name":"Proto Philippine transform"},"geometry":{"type":"LineString","coordinates":[[159.407,-35.137],[159.812,-34.806],[160.214,-34.473],[160.613,-34.139]]}},{"type":"Feature","properties":{"boundary_type":"transform","feature_type":"gpml:Transform","polarity":null,"overriding_plate_id":null,"subducting_plate_id":null,"plate_ids":[501,529],"name":"Proto Andaman transform"},"geometry":{"type":"LineString","coordinates":[[97.745,-3.003],[97.99,-2.615],[98.234,-2.227],[98.478,-1.839],[98.723,-1.451],[98.967,-1.063],[99.211,-0.675],[99.455,-0.287],[99.699,0.101],[99.943,0.489],[100.188,0.877]]}},{"type":"Feature","properties":{"boundary_type":"transform","feature_type":"gpml:Transform","polarity":null,"overriding_plate_id":null,"subducting_plate_id":null,"plate_ids":[529,787],"name":"Proto Andaman transform"},"geometry":{"type":"LineString","coordinates":[[100.188,0.877],[100.391,1.2],[100.636,1.593],[100.882,1.986],[101.128,2.379],[101.373,2.772],[101.62,3.166],[101.866,3.559],[102.112,3.951]]}},{"type":"Feature","properties":{"boundary_type":"transform","feature_type":"gpml:Transform","polarity":null,"overriding_plate_id":null,"subducting_plate_id":null,"plate_ids":[301,787],"name":"Proto Andaman transform"},"geometry":{"type":"LineString","coordinates":[[102.112,3.951],[102.355,4.339],[102.599,4.726],[102.842,5.113],[103.086,5.5],[103.324,5.922],[103.563,6.343],[103.801,6.763],[104.04,7.184],[104.28,7.605]]}},{"type":"Feature","properties":{"boundary_type":"transform","feature_type":"gpml:Transform","polarity":null,"overriding_plate_id":null,"subducting_plate_id":null,"plate_ids":[301,789],"name":"Proto Andaman transform"},"geometry":{"type":"LineString","coordinates":[[104.28,7.605],[104.52,8.027],[104.762,8.449],[105.003,8.87],[105.246,9.292],[105.489,9.713],[105.714,10.106],[105.94,10.499],[106.166,10.892],[106.393,11.284],[106.62,11.677],[106.849,12.069],[107.078,12.461],[107.307,12.853],[107.537,13.244],[107.768,13.636],[107.99,14.06],[108.213,14.484],[108.437,14.908],[108.661,15.331]]}},{"type":"Feature","properties":{"boundary_type":"subduction","feature_type":"gpml:SubductionZone","polarity":"Left","overriding_plate_id":801,"subducting_plate_id":901,"plate_ids":[801,901],"name":"Philippines Late Cretaceous back-arc"},"geometry":{"type":"LineString","coordinates":[[160.613,-34.139],[160.438,-33.678],[160.264,-33.217],[160.093,-32.756],[159.923,-32.294],[159.756,-31.833],[159.663,-31.422],[159.571,-31.011],[159.48,-30.6],[159.39,-30.189],[159.301,-29.778],[159.212,-29.367],[159.158,-28.883],[159.105,-28.399],[159.052,-27.915],[158.999,-27.431],[158.947,-26.947],[158.862,-26.522],[158.778,-26.098],[158.694,-25.674],[158.611,-25.25],[158.452,-24.779],[158.295,-24.308],[158.138,-23.837],[157.983,-23.366],[157.828,-22.895],[157.675,-22.424],[157.571,-22.022],[157.467,-21.62],[157.363,-21.218],[157.26,-20.816]]}},{"type":"Feature","properties":{"boundary_type":"subduction","feature_type":"gpml:SubductionZone","polarity":"Left","overriding_plate_id":801,"subducting_plate_id":926,"plate_ids":[801,926],"name":"Philippines Late Cretaceous back-arc"},"geometry":{"type":"LineString","coordinates":[[157.26,-20.816],[157.152,-20.394],[157.045,-19.971],[156.939,-19.548],[156.833,-19.126],[156.728,-18.703]]}},{"type":"Feature","properties":{"boundary_type":"ridge","feature_type":"gpml:MidOceanRidge","polarity":null,"overriding_plate_id":null,"subducting_plate_id":null,"plate_ids":[787,789],"name":"Proto Andaman Sea MOR"},"geometry":{"type":"LineString","coordinates":[[104.28,7.605],[104.716,7.525],[105.152,7.445],[105.588,7.364],[106.024,7.283],[106.522,7.293],[107.019,7.303],[107.516,7.312],[108.013,7.32],[108.511,7.328],[109.008,7.336],[109.033,6.943],[109.058,6.549],[109.083,6.156],[109.108,5.763],[109.534,5.765],[109.959,5.767],[109.987,5.343],[110.015,4.919],[110.043,4.495],[110.07,4.071],[110.43,4.074],[110.789,4.077],[111.148,4.08],[111.175,3.684],[111.201,3.287],[111.228,2.891],[111.72,2.906],[112.212,2.922],[112.25,2.51],[112.288,2.099],[112.326,1.688],[112.363,1.276],[112.76,1.302],[113.156,1.329],[113.552,1.355],[113.57,1.012],[113.588,0.669],[113.606,0.326],[114.056,0.368],[114.506,0.41],[114.955,0.452],[114.982,0.069],[115.008,-0.314],[115.034,-0.697],[115.06,-1.08],[115.463,-1.04],[115.866,-1.0],[116.269,-0.961],[116.672,-0.921],[117.075,-0.881]]}},{"type":"Feature","properties":{"boundary_type":"ridge","feature_type":"gpml:MidOceanRidge","polarity":null,"overriding_plate_id":null,"subducting_plate_id":null,"plate_ids":[787,789],"name":"Woyla Back-arc MOR"},"geometry":{"type":"LineString","coordinates":[[117.075,-0.881],[117.519,-1.098],[117.963,-1.316],[118.408,-1.533],[118.853,-1.751],[119.297,-1.968],[119.742,-2.185],[120.187,-2.402],[120.395,-1.996],[120.821,-2.192],[121.247,-2.387],[121.673,-2.582],[122.1,-2.776],[122.526,-2.971],[122.953,-3.165],[123.38,-3.36],[123.807,-3.554],[124.234,-3.748],[124.661,-3.942],[124.817,-3.63],[125.287,-3.791],[125.757,-3.952],[126.227,-4.113],[126.697,-4.273]]}},{"type":"Feature","properties":{"boundary_type":"subduction","feature_type":"gpml:SubductionZone","polarity":"Left","overriding_plate_id":529,"subducting_plate_id":501,"plate_ids":[501,529],"name":"Kohistan instra-oceanic subduction"},"geometry":{"type":"LineString","coordinates":[[66.858,2.317],[67.249,2.1],[67.641,1.883],[68.032,1.665],[68.423,1.448],[68.814,1.23],[69.205,1.013],[69.639,0.776],[70.073,0.538],[70.506,0.301],[70.94,0.064],[71.374,-0.173],[71.808,-0.41],[72.241,-0.647],[72.675,-0.884],[73.109,-1.122],[73.46,-1.344],[73.811,-1.566],[74.163,-1.788],[74.514,-2.01],[74.866,-2.232],[75.237,-2.446],[75.609,-2.66],[75.982,-2.873],[76.354,-3.087],[76.726,-3.3],[77.154,-3.502],[77.581,-3.703],[78.009,-3.905],[78.437,-4.106],[78.865,-4.307],[79.293,-4.508],[79.722,-4.708],[80.151,-4.909],[80.58,-5.109],[81.009,-5.308],[81.46,-5.412],[81.911,-5.515],[82.362,-5.618],[82.814,-5.72],[83.265,-5.823],[83.717,-5.924],[84.169,-6.026],[84.626,-6.098],[85.084,-6.169],[85.542,-6.24],[85.999,-6.31],[86.457,-6.38],[86.915,-6.45],[87.368,-6.4],[87.819,-6.349],[88.271,-6.298],[88.723,-6.247],[89.175,-6.195],[89.627,-6.112],[90.08,-6.029],[90.532,-5.945],[90.984,-5.861],[91.436,-5.777],[91.888,-5.692],[92.339,-5.607],[92.732,-5.453],[93.125,-5.299],[93.518,-5.144],[93.911,-4.99],[94.303,-4.835],[94.695,-4.68],[95.079,-4.485],[95.462,-4.29],[95.845,-4.095],[96.227,-3.9],[96.61,-3.705],[96.993,-3.509],[97.369,-3.256],[97.745,-3.003]]}},{"type":"Feature","properties":{"boundary_type":"ridge","feature_type":"gpml:MidOceanRidge","polarity":null,"overriding_plate_id":null,"subducting_plate_id":null,"plate_ids":[301,529],"name":"Kohistan back-arc MOR"},"geometry":{"type":"LineString","coordinates":[[75.281,12.76],[75.754,12.624],[76.226,12.487],[76.698,12.35],[77.174,12.215],[77.65,12.08],[78.125,11.944],[78.6,11.808],[79.074,11.67],[79.548,11.532],[80.022,11.393],[80.495,11.253],[80.967,11.112],[81.439,10.971],[81.358,10.624],[81.277,10.276],[81.197,9.929],[81.671,9.791],[82.145,9.651],[82.618,9.512],[83.091,9.371],[83.564,9.23],[84.036,9.088],[83.957,8.704],[83.878,8.32],[83.799,7.935],[84.198,7.842],[84.596,7.748],[84.994,7.653],[85.392,7.559],[85.309,7.15],[85.226,6.741],[85.658,6.631],[86.09,6.52],[86.522,6.41],[86.954,6.299],[86.884,5.975],[86.813,5.651],[87.264,5.549],[87.715,5.446],[88.166,5.343],[88.617,5.24],[89.068,5.137],[89.518,5.033],[89.969,4.929],[90.419,4.824],[90.869,4.719],[91.319,4.614],[91.769,4.509],[92.218,4.403],[92.567,4.336],[92.915,4.269]]}},{"type":"Feature","properties":{"boundary_type":"ridge","feature_type":"gpml:MidOceanRidge","polarity":null,"overriding_plate_id":null,"subducting_plate_id":null,"plate_ids":[301,529],"name":"Kohistan back-arc MOR"},"geometry":{"type":"LineString","coordinates":[[92.915,4.269],[93.012,4.741],[93.495,4.663],[93.978,4.585],[94.461,4.506],[94.944,4.428],[95.427,4.348],[95.909,4.269],[96.392,4.189],[96.874,4.109],[96.946,4.508],[97.018,4.907],[97.491,4.817],[97.964,4.726],[98.437,4.635],[98.91,4.543],[99.383,4.451],[99.855,4.359],[100.328,4.267],[100.774,4.188],[101.22,4.11],[101.666,4.031],[102.112,3.951]]}},{"type":"Feature","properties":{"boundary_type":"transform","feature_type":"gpml:Transform","polarity":null,"overriding_plate_id":null,"subducting_plate_id":null,"plate_ids":[801,926],"name":"Tethys-Izanagi Transform"},"geometry":{"type":"LineString","coordinates":[[151.159,-10.03],[151.404,-10.369],[151.649,-10.707],[151.894,-11.046],[152.158,-11.448],[152.423,-11.849],[152.689,-12.25],[152.955,-12.651],[153.223,-13.052],[153.491,-13.452],[153.76,-13.853],[154.03,-14.252],[154.301,-14.652],[154.572,-15.051],[154.808,-15.458],[155.044,-15.865],[155.282,-16.271],[155.52,-16.677],[155.76,-17.083],[156.0,-17.488],[156.241,-17.893],[156.484,-18.298],[156.728,-18.703]]}},{"type":"Feature","properties":{"boundary_type":"ridge","feature_type":"gpml:MidOceanRidge","polarity":null,"overriding_plate_id":null,"subducting_plate_id":null,"plate_ids":[501,801],"name":"MOR AG 2012"},"geometry":{"type":"LineString","coordinates":[[127.063,-22.448],[126.817,-22.154],[126.571,-21.86],[126.327,-21.565],[126.761,-21.286],[127.193,-21.005],[127.624,-20.724],[128.053,-20.442],[128.481,-20.158],[128.907,-19.873],[129.331,-19.588],[129.754,-19.301],[130.175,-19.014],[130.595,-18.725],[131.014,-18.436],[131.431,-18.146],[131.847,-17.854],[132.261,-17.562],[131.977,-17.178],[131.693,-16.792],[131.41,-16.407],[131.129,-16.021],[130.849,-15.635],[130.569,-15.248],[130.291,-14.861]]}},{"type":"Feature","properties":{"boundary_type":"subduction","feature_type":"gpml:SubductionZone","polarity":"Left","overriding_plate_id":301,"subducting_plate_id":789,"plate_ids":[301,789],"name":"Woyla and Proto Andaman Sea Subduction"},"geometry":{"type":"LineString","coordinates":[[108.661,15.331],[109.09,15.108],[109.518,14.885],[109.946,14.66],[110.223,14.277],[110.499,13.894],[110.774,13.51],[111.048,13.126],[111.321,12.742],[111.594,12.357],[111.865,11.972],[112.136,11.587],[112.406,11.202],[112.717,10.817],[113.027,10.433],[113.336,10.048],[113.644,9.663],[113.952,9.277],[114.259,8.891],[114.565,8.505],[114.871,8.119],[115.176,7.732],[115.413,7.365],[115.649,6.998],[116.042,6.704],[116.433,6.409],[116.825,6.114]]}},{"type":"Feature","properties":{"boundary_type":"subduction","feature_type":"gpml:SubductionZone","polarity":"Left","overriding_plate_id":301,"subducting_plate_id":789,"plate_ids":[301,789],"name":"Woyla and Proto Andaman Sea Subduction"},"geometry":{"type":"LineString","coordinates":[[116.825,6.114],[117.153,5.972],[117.482,5.83],[117.9,5.626],[118.317,5.421],[118.735,5.216],[119.152,5.011],[119.568,4.806],[119.985,4.6],[120.401,4.395],[120.736,4.173],[121.071,3.951],[121.406,3.729],[121.74,3.507],[122.074,3.284],[122.455,3.065],[122.836,2.846],[123.216,2.627],[123.596,2.408],[123.977,2.189],[124.357,1.969],[124.737,1.75],[125.116,1.53],[125.446,1.201],[125.775,0.873],[126.105,0.544],[126.434,0.215],[126.763,-0.114],[127.092,-0.443],[127.296,-0.821],[127.5,-1.199],[127.704,-1.577],[127.907,-1.955],[128.111,-2.333],[128.293,-2.776],[128.475,-3.219],[128.657,-3.662]]}},{"type":"Feature","properties":{"boundary_type":"ridge","feature_type":"gpml:MidOceanRidge","polarity":null,"overriding_plate_id":null,"subducting_plate_id":null,"plate_ids":[501,801],"name":"MOR Australia-India"},"geometry":{"type":"LineString","coordinates":[[85.467,-53.237],[85.763,-53.607],[86.065,-53.976],[85.31,-54.111],[84.551,-54.241],[83.787,-54.367],[83.019,-54.488],[82.245,-54.603],[81.468,-54.714],[80.707,-54.825],[79.942,-54.931],[79.318,-55.007],[78.692,-55.079]]}},{"type":"Feature","properties":{"boundary_type":"ridge","feature_type":"gpml:MidOceanRidge","polarity":null,"overriding_plate_id":null,"subducting_plate_id":null,"plate_ids":[801,802],"name":"MOR Australia-India"},"geometry":{"type":"LineString","coordinates":[[78.692,-55.079],[78.106,-55.144],[77.519,-55.206],[76.93,-55.265],[76.088,-55.348],[75.243,-55.425],[74.73,-55.477],[74.216,-55.526],[74.369,-55.858],[74.525,-56.19],[74.683,-56.522]]}},{"type":"Feature","properties":{"boundary_type":"ridge","feature_type":"gpml:MidOceanRidge","polarity":null,"overriding_plate_id":null,"subducting_plate_id":null,"plate_ids":[501,715],"name":"MOR Fracture (SS) between NE Africa and India"},"geometry":{"type":"LineString","coordinates":[[57.234,-11.813],[57.199,-11.84]]}},{"type":"Feature","properties":{"boundary_type":"ridge","feature_type":"gpml:MidOceanRidge","polarity":null,"overriding_plate_id":null,"subducting_plate_id":null,"plate_ids":[501,701],"name":"MOR Fracture (SS) between NE Africa and India"},"geometry":{"type":"LineString","coordinates":[[57.199,-11.84],[57.115,-11.906],[56.761,-12.179],[56.407,-12.452],[56.052,-12.725],[55.697,-12.997],[55.34,-13.269],[54.983,-13.54],[54.625,-13.811],[54.266,-14.081],[53.93,-14.407],[53.592,-14.733],[53.253,-15.058],[52.913,-15.383],[52.572,-15.707],[52.23,-16.031],[51.887,-16.354],[51.543,-16.676],[51.239,-16.904],[50.933,-17.13]]}},{"type":"Feature","properties":{"boundary_type":"ridge","feature_type":"gpml:MidOceanRidge","polarity":null,"overriding_plate_id":null,"subducting_plate_id":null,"plate_ids":[201,701],"name":"MOR Weddell Sea"},"geometry":{"type":"LineString","coordinates":[[3.874,-54.293],[3.189,-54.506]]}},{"type":"Feature","properties":{"boundary_type":"ridge","feature_type":"gpml:MidOceanRidge","polarity":null,"overriding_plate_id":null,"subducting_plate_id":null,"plate_ids":[201,802],"name":"MOR Weddell Sea"},"geometry":{"type":"LineString","coordinates":[[3.189,-54.506],[2.645,-54.671],[2.096,-54.834],[1.402,-55.078],[0.698,-55.319],[-0.014,-55.555],[-0.734,-55.788],[-1.463,-56.016],[-2.2,-56.239],[-2.946,-56.458],[-3.701,-56.673],[-4.464,-56.883],[-5.236,-57.089],[-6.016,-57.289],[-6.695,-57.477],[-7.381,-57.661],[-8.073,-57.841],[-8.773,-58.017],[-9.366,-58.185],[-9.965,-58.351],[-10.572,-58.463],[-11.182,-58.573],[-11.67,-58.694],[-12.027,-58.837],[-12.631,-58.999],[-13.3,-59.134],[-14.088,-59.308],[-14.883,-59.477],[-15.441,-59.573],[-16.002,-59.667],[-16.632,-59.77],[-17.552,-59.886],[-17.914,-59.951],[-18.494,-60.053],[-19.077,-60.152],[-19.613,-60.24],[-20.153,-60.326],[-20.797,-60.425],[-21.444,-60.521],[-21.988,-60.607],[-22.535,-60.691],[-23.241,-60.793],[-23.951,-60.891],[-24.582,-60.967],[-25.04,-61.019],[-25.605,-61.082],[-26.244,-61.149],[-26.693,-61.142],[-27.243,-61.16],[-28.248,-61.145],[-29.145,-61.115],[-29.803,-61.13],[-30.461,-61.143],[-30.99,-61.091],[-31.657,-61.063],[-32.323,-61.032],[-33.147,-60.936],[-33.753,-60.634],[-34.39,-60.487],[-34.916,-60.333],[-35.298,-60.156],[-35.856,-59.948],[-36.407,-59.737],[-37.162,-59.503],[-37.905,-59.265],[-38.639,-59.022],[-39.362,-58.775],[-40.074,-58.525]]}},{"type":"Feature","properties":{"boundary_type":"ridge","feature_type":"gpml:MidOceanRidge","polarity":null,"overriding_plate_id":null,"subducting_plate_id":null,"plate_ids":[501,802],"name":"MOR India-Elan"},"geometry":{"type":"LineString","coordinates":[[33.33,-50.09],[33.461,-50.554],[33.595,-51.017],[33.732,-51.48],[33.872,-51.942],[34.014,-52.405],[34.16,-52.867],[34.308,-53.329],[34.46,-53.791],[34.616,-54.253],[34.774,-54.715],[35.624,-54.651],[36.47,-54.582],[37.314,-54.506],[38.154,-54.425],[38.991,-54.338],[39.824,-54.245],[40.653,-54.147],[41.479,-54.042],[42.3,-53.933],[43.116,-53.817],[43.928,-53.696],[44.736,-53.57],[45.538,-53.438],[46.335,-53.301],[47.127,-53.159],[47.914,-53.011],[48.695,-52.858],[49.471,-52.701],[50.241,-52.538],[51.005,-52.37],[51.764,-52.197],[52.158,-52.454],[52.556,-52.71],[52.959,-52.965],[53.776,-52.941],[54.592,-52.912],[55.408,-52.877],[56.221,-52.837],[57.033,-52.791],[57.844,-52.74],[58.652,-52.683],[59.458,-52.62],[60.261,-52.553],[61.063,-52.479],[61.861,-52.401],[62.298,-52.823],[62.743,-53.244],[63.197,-53.662],[63.661,-54.08],[64.481,-54.005],[65.298,-53.926],[66.112,-53.84],[66.923,-53.75],[67.73,-53.653],[68.533,-53.552],[69.332,-53.445],[70.127,-53.332],[70.918,-53.215],[71.705,-53.092],[72.487,-52.964],[73.264,-52.831],[74.036,-52.693],[74.804,-52.55],[75.566,-52.402],[75.989,-52.789],[76.419,-53.175],[76.857,-53.559],[77.303,-53.942],[77.757,-54.323],[78.22,-54.702],[78.692,-55.079]]}},{"type":"Feature","properties":{"boundary_type":"ridge","feature_type":"gpml:MidOceanRidge","polarity":null,"overriding_plate_id":null,"subducting_plate_id":null,"plate_ids":[101,201],"name":"Ridge from iso A34 from Africa at 83.5Ma"},"geometry":{"type":"LineString","coordinates":[[-27.567,21.516],[-27.294,21.152],[-27.022,20.788],[-26.751,20.423],[-26.482,20.057],[-26.214,19.692],[-25.947,19.326],[-25.682,18.959],[-25.253,18.717],[-24.825,18.473],[-24.399,18.229],[-23.973,17.983],[-23.549,17.737],[-23.722,17.412],[-23.895,17.087],[-24.067,16.762],[-23.669,16.596],[-23.272,16.429],[-22.875,16.262],[-22.48,16.093],[-22.085,15.924],[-22.148,15.616],[-22.21,15.307],[-21.869,15.17],[-21.953,14.833],[-22.036,14.496],[-22.119,14.159],[-21.874,14.073]]}},{"type":"Feature","properties":{"boundary_type":"ridge","feature_type":"gpml:MidOceanRidge","polarity":null,"overriding_plate_id":null,"subducting_plate_id":null,"plate_ids":[201,714],"name":"Ridge from iso A34 from Africa at 83.5Ma"},"geometry":{"type":"LineString","coordinates":[[-21.874,14.073],[-21.467,13.929],[-21.06,13.784],[-20.654,13.639],[-20.248,13.494],[-19.842,13.347],[-19.438,13.2],[-19.531,12.85],[-19.625,12.5],[-19.42,12.437],[-19.487,12.153],[-19.554,11.87],[-19.365,11.81],[-19.429,11.535],[-19.493,11.259],[-19.013,11.108],[-19.073,10.817],[-19.134,10.526],[-18.673,10.394],[-18.213,10.263],[-17.753,10.13],[-17.293,9.997],[-17.383,9.567],[-16.946,9.463],[-16.51,9.359],[-16.074,9.254],[-16.123,8.995],[-15.744,8.897],[-15.365,8.799],[-15.448,8.392],[-15.114,8.305],[-14.78,8.217],[-14.861,7.832],[-14.439,7.728],[-14.019,7.624],[-13.598,7.519],[-13.177,7.413],[-13.274,6.936],[-13.195,6.922],[-13.237,6.669],[-13.279,6.416],[-12.79,6.332],[-12.859,5.939],[-12.929,5.547],[-12.998,5.155],[-13.067,4.763],[-12.607,4.649],[-12.146,4.535],[-11.686,4.421],[-11.226,4.307],[-11.298,3.832],[-11.369,3.357],[-11.441,2.883],[-11.512,2.408],[-11.583,1.933],[-11.239,1.855],[-10.894,1.777],[-10.936,1.355],[-10.978,0.933],[-10.491,0.867],[-10.004,0.801],[-9.516,0.736],[-9.029,0.67],[-8.542,0.604],[-8.055,0.538],[-7.568,0.472],[-7.554,0.13],[-7.54,-0.213],[-7.12,-0.277],[-6.7,-0.341],[-6.28,-0.406],[-6.279,-0.842],[-6.277,-1.278],[-6.275,-1.714],[-6.274,-2.15],[-6.272,-2.586],[-5.903,-2.609],[-5.534,-2.631],[-5.178,-2.635],[-4.823,-2.638],[-4.389,-2.644],[-3.955,-2.649],[-3.57,-2.653],[-3.184,-2.656],[-2.797,-2.63],[-2.41,-2.604],[-1.974,-2.583],[-1.538,-2.562],[-1.158,-2.551],[-0.778,-2.539],[-0.399,-2.528],[0.1,-2.499],[0.599,-2.471],[0.899,-2.449],[1.199,-2.426],[1.54,-2.396],[1.881,-2.365],[1.906,-2.779],[1.931,-3.193],[1.957,-3.606],[2.194,-3.626],[2.218,-3.952],[2.242,-4.278],[2.523,-4.283],[2.565,-4.583],[2.608,-4.884],[2.656,-5.164]]}},{"type":"Feature","properties":{"boundary_type":"subduction","feature_type":"gpml:SubductionZone","polarity":"Right","overriding_plate_id":801,"subducting_plate_id":901,"plate_ids":[801,901],"name":"Northern cont. of Eastern Gondwanaland Active Margin"},"geometry":{"type":"LineString","coordinates":[[159.407,-35.137],[159.484,-35.23],[159.808,-35.605],[160.136,-35.979],[160.467,-36.352],[160.802,-36.725],[161.139,-37.096],[161.48,-37.466],[161.824,-37.836],[162.051,-38.189],[162.28,-38.542],[162.511,-38.894],[162.744,-39.246],[162.982,-39.646],[163.222,-40.045],[163.466,-40.444],[163.712,-40.842],[163.961,-41.239],[164.169,-41.702],[164.38,-42.164],[164.595,-42.627],[164.812,-43.088],[165.033,-43.55],[165.192,-43.983],[165.353,-44.416],[165.517,-44.848],[165.684,-45.281]]}},{"type":"Feature","properties":{"boundary_type":"subduction","feature_type":"gpml:SubductionZone","polarity":"Right","overriding_plate_id":801,"subducting_plate_id":983,"plate_ids":[801,983],"name":"Northern cont. of Eastern Gondwanaland Active Margin"},"geometry":{"type":"LineString","coordinates":[[165.684,-45.281],[165.797,-45.572],[165.763,-46.054],[165.727,-46.537],[165.692,-47.019],[165.655,-47.502],[165.589,-47.923],[165.522,-48.343],[165.305,-48.569]]}},{"type":"Feature","properties":{"boundary_type":"subduction","feature_type":"gpml:SubductionZone","polarity":"Right","overriding_plate_id":806,"subducting_plate_id":983,"plate_ids":[806,983],"name":"Chatham Rise subduction KM"},"geometry":{"type":"LineString","coordinates":[[-147.169,-73.843],[-145.662,-73.811],[-144.462,-73.834],[-143.26,-73.85],[-142.056,-73.86],[-140.631,-73.924],[-139.195,-73.98],[-137.751,-74.025],[-136.093,-73.984],[-134.445,-73.931],[-132.809,-73.865],[-131.187,-73.786],[-129.582,-73.696],[-127.995,-73.593],[-127.083,-73.521]]}},{"type":"Feature","properties":{"boundary_type":"subduction","feature_type":"gpml:SubductionZone","polarity":"Right","overriding_plate_id":806,"subducting_plate_id":919,"plate_ids":[806,919],"name":"Chatham Rise subduction KM"},"geometry":{"type":"LineString","coordinates":[[-127.083,-73.521],[-125.707,-73.404],[-124.35,-73.278],[-123.014,-73.143],[-121.698,-72.999],[-120.305,-72.891],[-118.929,-72.773],[-117.572,-72.646],[-116.235,-72.511],[-114.725,-72.352],[-113.242,-72.183],[-111.786,-72.003],[-110.36,-71.812],[-108.962,-71.611],[-107.541,-71.434]]}},{"type":"Feature","properties":{"boundary_type":"transform","feature_type":"gpml:Transform","polarity":null,"overriding_plate_id":null,"subducting_plate_id":null,"plate_ids":[301,926],"name":"North Borneo transform"},"geometry":{"type":"LineString","coordinates":[[135.508,-0.13],[135.57,-0.469],[135.632,-0.807],[135.695,-1.146],[135.827,-1.623],[135.958,-2.1],[136.09,-2.577]]}},{"type":"Feature","properties":{"boundary_type":"subduction","feature_type":"gpml:SubductionZone","polarity":"Left","overriding_plate_id":787,"subducting_plate_id":926,"plate_ids":[787,926],"name":"Barito Sea Subduction"},"geometry":{"type":"LineString","coordinates":[[120.966,-10.913],[121.273,-10.649],[121.579,-10.384],[121.945,-10.08],[122.311,-9.776],[122.677,-9.471],[123.041,-9.165],[123.405,-8.86],[123.769,-8.553],[124.07,-8.292],[124.37,-8.031],[124.671,-7.769],[124.971,-7.507],[125.173,-7.085],[125.375,-6.662],[125.576,-6.239],[125.777,-5.816],[125.978,-5.393],[126.178,-4.971],[126.379,-4.548],[126.697,-4.273]]}},{"type":"Feature","properties":{"boundary_type":"subduction","feature_type":"gpml:SubductionZone","polarity":"Left","overriding_plate_id":789,"subducting_plate_id":926,"plate_ids":[789,926],"name":"Barito Sea Subduction"},"geometry":{"type":"LineString","coordinates":[[126.697,-4.273],[127.035,-3.982],[127.373,-3.69],[127.71,-3.399]]}},{"type":"Feature","properties":{"boundary_type":"transform","feature_type":"gpml:Transform","polarity":null,"overriding_plate_id":null,"subducting_plate_id":null,"plate_ids":[801,926],"name":"Pacific transform"},"geometry":{"type":"LineString","coordinates":[[135.397,-10.813],[135.812,-11.091],[136.228,-11.368],[136.645,-11.645],[137.062,-11.922],[137.48,-12.197],[137.9,-12.473],[138.32,-12.747],[138.741,-13.021],[139.163,-13.294],[139.586,-13.567],[140.01,-13.838],[140.435,-14.109],[140.861,-14.38],[141.251,-14.604],[141.642,-14.828],[142.033,-15.051],[142.426,-15.274],[142.819,-15.496],[143.214,-15.717],[143.609,-15.937],[143.897,-16.024],[144.185,-16.11]]}},{"type":"Feature","properties":{"boundary_type":"ridge","feature_type":"gpml:MidOceanRidge","polarity":null,"overriding_plate_id":null,"subducting_plate_id":null,"plate_ids":[801,926],"name":"Molucca Microplate MOR"},"geometry":{"type":"LineString","coordinates":[[144.185,-16.11],[144.586,-15.916],[144.987,-15.721],[145.387,-15.525],[145.323,-15.22],[145.258,-14.915],[145.647,-14.712],[146.035,-14.508],[146.423,-14.304],[146.335,-13.9],[146.246,-13.496],[146.672,-13.32],[147.096,-13.143],[147.52,-12.966],[147.391,-12.627],[147.261,-12.288],[147.697,-12.04],[148.133,-11.791],[148.567,-11.541],[149.001,-11.291],[149.434,-11.04],[149.867,-10.788],[150.298,-10.536],[150.729,-10.283],[151.159,-10.03]]}},{"type":"Feature","properties":{"boundary_type":"ridge","feature_type":"gpml:MidOceanRidge","polarity":null,"overriding_plate_id":null,"subducting_plate_id":null,"plate_ids":[101,201],"name":"TBD: Proto-Caribbean spreading"},"geometry":{"type":"LineString","coordinates":[[-47.37,10.706],[-46.962,10.988],[-46.554,11.269],[-46.146,11.55],[-45.736,11.83],[-45.325,12.109],[-44.914,12.388],[-44.502,12.666],[-44.089,12.944],[-43.674,13.22],[-43.259,13.497],[-42.843,13.772],[-42.426,14.047],[-42.009,14.321],[-41.59,14.595],[-41.17,14.867],[-40.748,15.139],[-40.326,15.41],[-39.903,15.681],[-39.479,15.95],[-39.053,16.219],[-38.626,16.487],[-38.199,16.754],[-37.769,17.02],[-37.339,17.285],[-36.908,17.549],[-36.642,17.208],[-36.378,16.866],[-36.115,16.524],[-35.852,16.181],[-35.437,16.461],[-35.02,16.74],[-34.602,17.018],[-34.183,17.295],[-33.762,17.571],[-33.341,17.847],[-32.918,18.121],[-32.493,18.394],[-32.068,18.667],[-31.641,18.939],[-31.212,19.209],[-30.782,19.479],[-30.351,19.747],[-29.957,20.003],[-29.562,20.257],[-29.166,20.511],[-28.768,20.764],[-28.369,21.015],[-27.968,21.266],[-27.567,21.516]]}},{"type":"Feature","properties":{"boundary_type":"subduction","feature_type":"gpml:SubductionZone","polarity":"Right","overriding_plate_id":224,"subducting_plate_id":902,"plate_ids":[224,902],"name":"TBD"},"geometry":{"type":"LineString","coordinates":[[-58.165,14.339],[-57.779,14.3],[-57.312,14.229],[-56.844,14.156],[-56.377,14.083],[-55.911,14.009],[-55.444,13.934]]}},{"type":"Feature","properties":{"boundary_type":"subduction","feature_type":"gpml:SubductionZone","polarity":"Right","overriding_plate_id":224,"subducting_plate_id":101,"plate_ids":[101,224],"name":"TBD"},"geometry":{"type":"LineString","coordinates":[[-55.444,13.934],[-54.969,13.856],[-54.537,13.726],[-54.104,13.595],[-53.673,13.463],[-53.242,13.33],[-52.811,13.197],[-52.381,13.063],[-51.951,12.928],[-51.506,12.736],[-51.062,12.544],[-50.619,12.351],[-50.176,12.157],[-49.733,11.963],[-49.292,11.768],[-48.851,11.572],[-48.411,11.375],[-48.063,11.153],[-47.716,10.93],[-47.37,10.706]]}},{"type":"Feature","properties":{"boundary_type":"subduction","feature_type":"gpml:SubductionZone","polarity":"Right","overriding_plate_id":224,"subducting_plate_id":201,"plate_ids":[201,224],"name":"TBD"},"geometry":{"type":"LineString","coordinates":[[-47.37,10.706],[-47.005,10.47],[-46.642,10.234],[-46.278,9.997],[-45.915,9.76],[-45.553,9.523],[-45.192,9.285],[-44.83,9.047],[-44.531,8.712],[-44.232,8.378],[-43.934,8.043],[-43.637,7.708],[-43.34,7.372],[-43.043,7.037],[-42.747,6.701],[-42.451,6.365],[-42.155,6.029],[-41.957,5.672],[-41.758,5.315],[-41.56,4.958],[-41.351,4.639],[-41.142,4.32],[-40.932,4.001],[-40.893,3.911]]}},{"type":"Feature","properties":{"boundary_type":"transform","feature_type":"gpml:Transform","polarity":null,"overriding_plate_id":null,"subducting_plate_id":null,"plate_ids":[224,902],"name":"TBD: Transform"},"geometry":{"type":"LineString","coordinates":[[-68.035,5.925],[-67.556,6.072],[-67.077,6.219],[-66.598,6.365],[-66.119,6.511],[-65.639,6.657],[-65.159,6.801],[-64.679,6.946],[-64.199,7.09],[-63.718,7.233],[-63.237,7.376],[-62.755,7.519],[-62.274,7.661],[-61.792,7.802],[-61.309,7.943],[-60.827,8.083],[-60.344,8.223],[-59.86,8.362],[-59.732,8.822],[-59.604,9.282],[-59.475,9.742],[-59.346,10.202],[-59.216,10.662],[-59.086,11.122],[-58.956,11.582],[-58.825,12.041],[-58.694,12.501],[-58.563,12.961],[-58.431,13.42],[-58.298,13.88],[-58.165,14.339]]}},{"type":"Feature","properties":{"boundary_type":"other","feature_type":"gpml:UnclassifiedFeature","polarity":null,"overriding_plate_id":null,"subducting_plate_id":null,"plate_ids":[224,902],"name":"TBD: Unknown Boundary"},"geometry":{"type":"LineString","coordinates":[[-56.331,-13.976],[-56.783,-13.773],[-57.234,-13.569],[-57.684,-13.364],[-58.133,-13.158],[-58.582,-12.952],[-59.03,-12.745],[-59.477,-12.537],[-59.923,-12.328],[-60.25,-11.982],[-60.576,-11.636],[-60.901,-11.29],[-61.225,-10.943],[-61.549,-10.596],[-61.872,-10.249],[-62.194,-9.901],[-62.515,-9.554],[-62.836,-9.205],[-63.156,-8.857],[-63.476,-8.508],[-63.795,-8.159],[-64.113,-7.81],[-64.431,-7.46],[-64.464,-6.996],[-64.497,-6.533],[-64.53,-6.069],[-64.563,-5.605],[-64.596,-5.141],[-64.629,-4.678],[-64.661,-4.214],[-64.694,-3.75],[-64.727,-3.286],[-64.759,-2.823],[-64.792,-2.359],[-64.824,-1.895],[-64.857,-1.432],[-65.066,-0.996],[-65.275,-0.56],[-65.485,-0.124],[-65.694,0.312],[-65.903,0.748],[-66.112,1.184],[-66.322,1.62],[-66.531,2.056],[-66.741,2.492],[-66.95,2.928],[-67.16,3.364],[-67.37,3.799],[-67.58,4.235],[-67.694,4.658],[-67.807,5.08],[-67.921,5.503],[-68.035,5.925]]}},{"type":"Feature","properties":{"boundary_type":"transform","feature_type":"gpml:Transform","polarity":null,"overriding_plate_id":null,"subducting_plate_id":null,"plate_ids":[224,902],"name":"TBD: Transform"},"geometry":{"type":"LineString","coordinates":[[-56.331,-13.976],[-55.942,-13.738],[-55.554,-13.5],[-55.166,-13.261],[-54.779,-13.021],[-54.393,-12.781],[-54.007,-12.54],[-53.622,-12.299],[-53.221,-12.06],[-52.82,-11.821],[-52.42,-11.581],[-52.02,-11.341],[-51.622,-11.1],[-51.224,-10.859],[-50.826,-10.617],[-50.429,-10.375],[-50.054,-10.06],[-49.679,-9.745],[-49.305,-9.429],[-48.932,-9.113],[-48.559,-8.796],[-48.187,-8.479],[-47.816,-8.162],[-47.445,-7.844],[-47.075,-7.526],[-46.819,-7.16],[-46.563,-6.794],[-46.308,-6.428],[-46.054,-6.062],[-45.799,-5.695],[-45.545,-5.329],[-45.291,-4.962],[-45.038,-4.595]]}},{"type":"Feature","properties":{"boundary_type":"transform","feature_type":"gpml:Transform","polarity":null,"overriding_plate_id":null,"subducting_plate_id":null,"plate_ids":[201,224],"name":"TBD: Transform"},"geometry":{"type":"LineString","coordinates":[[-45.038,-4.595],[-44.764,-4.198],[-44.49,-3.801],[-44.217,-3.404],[-43.943,-3.006],[-43.67,-2.609],[-43.425,-2.246],[-43.181,-1.884],[-42.936,-1.521],[-42.692,-1.158],[-42.447,-0.795],[-42.203,-0.432],[-42.072,0.002],[-41.941,0.436],[-41.81,0.871],[-41.679,1.305],[-41.548,1.739],[-41.417,2.174],[-41.286,2.608],[-41.155,3.042],[-41.024,3.477],[-40.893,3.911]]}},{"type":"Feature","properties":{"boundary_type":"subduction","feature_type":"gpml:SubductionZone","polarity":"Left","overriding_plate_id":101,"subducting_plate_id":902,"plate_ids":[101,902],"name":""},"geometry":{"type":"LineString","coordinates":[[-57.469,21.343],[-57.375,20.972],[-57.281,20.601],[-57.157,20.173],[-57.033,19.745],[-56.91,19.317],[-56.788,18.889],[-56.666,18.461],[-56.545,18.033],[-56.425,17.605],[-56.305,17.176],[-56.166,16.779],[-56.028,16.382],[-55.891,15.985],[-55.754,15.588],[-55.617,15.191],[-55.482,14.793],[-55.463,14.364],[-55.444,13.934]]}},{"type":"Feature","properties":{"boundary_type":"ridge","feature_type":"gpml:MidOceanRidge","polarity":null,"overriding_plate_id":null,"subducting_plate_id":null,"plate_ids":[902,908],"name":"MOR Chazca-Farallon"},"geometry":{"type":"LineString","coordinates":[[-82.862,-15.76],[-82.368,-15.687],[-81.875,-15.614],[-81.383,-15.539],[-80.891,-15.463],[-80.399,-15.387],[-79.907,-15.309],[-79.416,-15.23],[-78.925,-15.15],[-78.435,-15.069],[-78.366,-15.561],[-78.297,-16.054],[-78.227,-16.547],[-78.158,-17.04],[-78.087,-17.532],[-78.017,-18.025],[-77.946,-18.517],[-77.874,-19.01],[-77.802,-19.503],[-77.284,-19.472],[-76.767,-19.439],[-76.249,-19.405],[-75.732,-19.37],[-75.214,-19.333],[-74.697,-19.294],[-74.181,-19.255],[-73.664,-19.213],[-73.148,-19.171],[-72.632,-19.126],[-72.117,-19.081],[-71.601,-19.034],[-71.086,-18.985],[-70.571,-18.935],[-70.057,-18.884],[-69.543,-18.831],[-69.029,-18.777],[-68.516,-18.722],[-68.002,-18.665],[-67.49,-18.606],[-66.977,-18.547],[-66.465,-18.486],[-65.954,-18.423],[-65.442,-18.359],[-64.931,-18.294],[-64.421,-18.228],[-64.305,-18.671],[-64.189,-19.113],[-64.072,-19.556],[-63.955,-19.999],[-63.836,-20.441],[-63.718,-20.884],[-63.598,-21.326],[-63.478,-21.768],[-63.357,-22.211],[-62.829,-22.127],[-62.302,-22.041],[-61.776,-21.953],[-61.25,-21.864],[-60.725,-21.774],[-60.201,-21.681],[-59.678,-21.587],[-59.155,-21.491],[-58.632,-21.394],[-58.111,-21.295],[-57.59,-21.195],[-57.07,-21.092],[-56.551,-20.989],[-56.032,-20.883],[-55.514,-20.777],[-54.997,-20.668],[-54.48,-20.558],[-53.965,-20.447],[-53.45,-20.334],[-52.936,-20.219],[-52.422,-20.103],[-51.91,-19.986],[-51.72,-20.419],[-51.53,-20.851],[-51.339,-21.284],[-50.828,-21.164],[-50.318,-21.043],[-49.809,-20.921],[-49.3,-20.796],[-48.793,-20.671],[-48.286,-20.543],[-47.781,-20.415],[-47.276,-20.285],[-46.771,-20.153],[-46.268,-20.02],[-45.766,-19.886],[-45.264,-19.75],[-44.764,-19.613],[-44.264,-19.474],[-43.765,-19.334],[-43.267,-19.193],[-42.77,-19.05],[-42.273,-18.906],[-41.778,-18.761],[-41.283,-18.614],[-40.789,-18.466],[-40.296,-18.317],[-39.804,-18.167],[-39.313,-18.015],[-38.822,-17.862],[-38.333,-17.708],[-37.844,-17.553],[-37.356,-17.396]]}},{"type":"Feature","properties":{"boundary_type":"ridge","feature_type":"gpml:MidOceanRidge","polarity":null,"overriding_plate_id":null,"subducting_plate_id":null,"plate_ids":[901,908],"name":"MOR Pacific-Chazca"},"geometry":{"type":"LineString","coordinates":[[-106.218,-30.14],[-105.775,-29.989],[-105.334,-29.836],[-104.894,-29.682],[-104.455,-29.527],[-104.018,-29.37],[-104.057,-28.896],[-104.097,-28.421],[-104.136,-27.947],[-104.175,-27.472],[-104.213,-26.998],[-104.251,-26.523],[-104.289,-26.048],[-103.754,-25.911],[-103.221,-25.771],[-102.689,-25.63],[-102.158,-25.486],[-101.629,-25.341],[-101.1,-25.194],[-100.573,-25.045],[-100.048,-24.894],[-99.523,-24.741],[-99.0,-24.586],[-98.479,-24.43],[-97.958,-24.272],[-97.439,-24.112],[-96.921,-23.95],[-96.405,-23.787],[-95.889,-23.622],[-95.375,-23.455],[-94.863,-23.286],[-94.351,-23.116],[-94.477,-22.78],[-94.602,-22.443],[-94.726,-22.107],[-94.914,-21.696],[-95.1,-21.285],[-94.64,-21.105],[-94.18,-20.924],[-93.722,-20.741],[-93.265,-20.557],[-92.809,-20.372],[-92.354,-20.185],[-91.9,-19.998],[-91.447,-19.809],[-91.044,-19.623],[-90.643,-19.435],[-90.242,-19.247],[-89.843,-19.058],[-89.444,-18.868],[-89.071,-18.701],[-88.699,-18.533]]}},{"type":"Feature","properties":{"boundary_type":"ridge","feature_type":"gpml:MidOceanRidge","polarity":null,"overriding_plate_id":null,"subducting_plate_id":null,"plate_ids":[902,908],"name":"MOR Pacific-Chazca"},"geometry":{"type":"LineString","coordinates":[[-88.699,-18.533],[-88.244,-18.326],[-87.789,-18.117],[-87.336,-17.908],[-86.884,-17.698],[-86.433,-17.486],[-85.983,-17.274],[-85.534,-17.06],[-85.086,-16.846],[-84.639,-16.631],[-84.194,-16.414],[-83.749,-16.197],[-83.305,-15.979],[-82.862,-15.76]]}},{"type":"Feature","properties":{"boundary_type":"ridge","feature_type":"gpml:MidOceanRidge","polarity":null,"overriding_plate_id":null,"subducting_plate_id":null,"plate_ids":[901,902],"name":"MOR Pacific-Farallon"},"geometry":{"type":"LineString","coordinates":[[-133.195,22.241],[-132.913,21.822],[-132.634,21.403],[-132.356,20.983],[-132.079,20.563],[-131.804,20.143],[-131.48,19.78],[-131.156,19.417],[-130.835,19.054],[-130.514,18.69],[-130.195,18.325],[-129.878,17.96],[-129.561,17.594],[-129.246,17.228],[-128.933,16.861],[-128.62,16.494],[-128.309,16.126],[-127.998,15.758],[-127.689,15.389],[-127.381,15.02],[-127.067,14.626],[-126.754,14.231],[-126.443,13.836],[-126.132,13.441],[-125.822,13.045],[-125.514,12.649],[-125.206,12.253],[-124.899,11.856],[-124.594,11.459],[-124.289,11.061],[-123.984,10.664],[-123.681,10.266],[-123.378,9.867],[-123.077,9.469],[-122.775,9.07],[-122.475,8.671],[-122.175,8.271],[-121.876,7.872],[-121.577,7.472],[-121.279,7.072],[-120.981,6.672],[-120.684,6.272],[-120.388,5.871],[-120.091,5.47],[-119.755,5.697],[-119.419,5.924],[-119.082,6.15],[-118.745,6.376],[-118.408,6.602],[-118.088,6.257],[-117.768,5.912],[-117.448,5.567],[-117.129,5.221],[-116.81,4.876],[-116.492,4.53],[-116.173,4.184],[-115.856,3.838],[-115.538,3.492],[-115.22,3.146],[-114.903,2.8],[-114.586,2.454],[-114.269,2.107],[-113.953,1.761],[-113.636,1.414],[-113.319,1.067],[-113.711,0.788],[-114.102,0.509],[-114.493,0.229],[-114.884,-0.05],[-115.276,-0.329],[-114.968,-0.695],[-114.66,-1.06],[-114.352,-1.425],[-114.043,-1.79],[-113.735,-2.155],[-113.427,-2.521],[-113.118,-2.886],[-112.809,-3.25],[-112.5,-3.615],[-112.191,-3.98],[-111.881,-4.345],[-111.571,-4.709],[-111.261,-5.073],[-110.951,-5.438],[-110.64,-5.802],[-110.328,-6.166],[-110.013,-5.875],[-109.698,-5.584],[-109.384,-5.292],[-109.069,-5.001],[-108.755,-4.709],[-108.38,-5.018],[-108.005,-5.326],[-107.629,-5.634],[-107.252,-5.942],[-106.876,-6.249],[-106.498,-6.557],[-106.121,-6.864],[-105.743,-7.17],[-105.364,-7.477],[-104.985,-7.783],[-104.605,-8.089],[-104.225,-8.394],[-103.844,-8.699],[-103.463,-9.004],[-103.08,-9.308],[-102.698,-9.612],[-102.309,-9.296],[-101.92,-8.979],[-101.532,-8.663],[-101.154,-8.974],[-100.774,-9.284],[-100.394,-9.595],[-100.013,-9.904],[-99.632,-10.214],[-99.249,-10.523],[-98.866,-10.831],[-98.483,-11.139],[-98.098,-11.447],[-97.713,-11.754],[-97.326,-12.06],[-96.939,-12.366],[-96.551,-12.672],[-96.162,-12.976],[-95.772,-13.281],[-95.381,-13.584],[-94.989,-13.887],[-94.596,-14.19],[-94.202,-14.492],[-93.807,-14.793],[-93.411,-15.093],[-93.013,-15.393],[-92.615,-15.692],[-92.215,-15.99],[-91.814,-16.288],[-91.412,-16.585],[-91.009,-16.881],[-90.604,-17.176],[-90.198,-17.47],[-89.791,-17.764],[-89.428,-18.021],[-89.064,-18.277],[-88.699,-18.533]]}},{"type":"Feature","properties":{"boundary_type":"ridge","feature_type":"gpml:MidOceanRidge","polarity":null,"overriding_plate_id":null,"subducting_plate_id":null,"plate_ids":[901,982],"name":"Ontong Java-Manihiki Ellice Basin"},"geometry":{"type":"LineString","coordinates":[[-106.379,-28.291],[-106.905,-28.453],[-107.432,-28.613],[-107.961,-28.771],[-108.451,-28.984],[-108.944,-29.196],[-109.439,-29.405],[-109.936,-29.613],[-110.434,-29.818],[-110.935,-30.022],[-111.438,-30.224],[-111.943,-30.424],[-112.45,-30.623],[-112.959,-30.819],[-113.471,-31.013],[-113.984,-31.205],[-114.234,-31.612],[-114.486,-32.019],[-114.74,-32.425],[-114.997,-32.83],[-115.256,-33.235],[-115.518,-33.64],[-116.017,-33.911],[-116.519,-34.181],[-117.024,-34.448],[-117.532,-34.713],[-118.044,-34.977],[-118.559,-35.238],[-119.077,-35.496],[-119.562,-35.674],[-120.048,-35.85],[-120.537,-36.023],[-121.028,-36.195],[-121.521,-36.365],[-121.655,-36.687],[-121.789,-37.009],[-121.925,-37.331],[-122.51,-37.305],[-123.094,-37.275],[-123.678,-37.243],[-123.687,-37.589],[-123.697,-37.934],[-124.314,-37.918],[-124.931,-37.899],[-125.547,-37.877],[-125.567,-38.322],[-125.587,-38.768],[-126.128,-38.753],[-126.669,-38.736],[-127.21,-38.716],[-127.751,-38.694],[-127.772,-39.19],[-127.794,-39.685],[-127.816,-40.181],[-128.436,-40.177],[-129.055,-40.17],[-129.674,-40.159],[-129.702,-40.652],[-129.73,-41.145],[-129.759,-41.638],[-129.576,-41.976],[-129.392,-42.314],[-129.206,-42.652],[-129.25,-43.079],[-129.295,-43.507]]}},{"type":"Feature","properties":{"boundary_type":"ridge","feature_type":"gpml:MidOceanRidge","polarity":null,"overriding_plate_id":null,"subducting_plate_id":null,"plate_ids":[908],"name":"Northeast Manihiki-Southeast Manihiki"},"geometry":{"type":"LineString","coordinates":[[-105.629,-45.505],[-105.625,-45.505]]}},{"type":"Feature","properties":{"boundary_type":"ridge","feature_type":"gpml:MidOceanRidge","polarity":null,"overriding_plate_id":null,"subducting_plate_id":null,"plate_ids":[908,919],"name":"Northeast Manihiki-Southeast Manihiki"},"geometry":{"type":"LineString","coordinates":[[-105.625,-45.505],[-105.063,-45.559],[-104.5,-45.61],[-103.935,-45.658],[-103.369,-45.666],[-102.803,-45.671],[-102.108,-45.689],[-101.412,-45.703],[-100.717,-45.712],[-100.02,-45.717],[-99.324,-45.719],[-98.628,-45.716],[-97.932,-45.708],[-97.236,-45.697],[-96.541,-45.681],[-95.846,-45.661],[-95.152,-45.637],[-94.458,-45.608],[-93.765,-45.576],[-93.073,-45.539],[-92.381,-45.498],[-91.691,-45.453],[-91.002,-45.404],[-90.315,-45.35],[-89.628,-45.293],[-88.943,-45.231],[-88.26,-45.165],[-87.578,-45.096],[-86.898,-45.022],[-86.219,-44.944],[-85.543,-44.862],[-84.869,-44.776],[-84.196,-44.687],[-83.526,-44.593],[-82.858,-44.495],[-82.517,-44.931],[-82.171,-45.365],[-81.819,-45.799],[-81.462,-46.231],[-81.099,-46.663],[-80.731,-47.093],[-80.356,-47.522],[-79.694,-47.35],[-79.036,-47.175],[-78.383,-46.995],[-77.734,-46.812],[-77.089,-46.626],[-76.449,-46.435],[-75.814,-46.241],[-75.183,-46.044],[-74.556,-45.843],[-73.934,-45.639],[-73.317,-45.432],[-72.704,-45.221],[-72.096,-45.007],[-71.492,-44.79],[-70.893,-44.569],[-70.298,-44.346],[-69.708,-44.119],[-69.123,-43.89],[-68.679,-44.22],[-68.23,-44.549],[-67.777,-44.876],[-67.318,-45.202],[-66.854,-45.525],[-66.384,-45.847],[-65.909,-46.166],[-65.429,-46.484],[-64.943,-46.8],[-64.361,-46.532],[-63.786,-46.261],[-63.216,-45.988],[-62.652,-45.712],[-62.093,-45.433],[-61.54,-45.151],[-60.993,-44.867],[-60.451,-44.58],[-59.914,-44.29],[-59.382,-43.998],[-58.856,-43.704],[-58.335,-43.407],[-57.819,-43.108],[-57.308,-42.807],[-56.801,-42.503],[-56.3,-42.197],[-55.804,-41.889],[-55.313,-41.579],[-54.751,-41.768],[-54.187,-41.954],[-53.619,-42.138],[-53.048,-42.319],[-52.474,-42.496],[-51.897,-42.671],[-51.316,-42.844],[-50.732,-43.013],[-50.145,-43.179],[-49.555,-43.342],[-48.961,-43.502],[-48.332,-43.309],[-47.707,-43.114],[-47.086,-42.914],[-46.469,-42.712],[-45.856,-42.506],[-45.247,-42.297],[-44.642,-42.084],[-44.042,-41.869],[-43.445,-41.65],[-42.852,-41.428],[-42.264,-41.204],[-41.679,-40.976],[-41.099,-40.745],[-40.522,-40.512],[-39.95,-40.275],[-39.381,-40.036]]}},{"type":"Feature","properties":{"boundary_type":"ridge","feature_type":"gpml:MidOceanRidge","polarity":null,"overriding_plate_id":null,"subducting_plate_id":null,"plate_ids":[901,982],"name":"Northwest Manihiki MOR"},"geometry":{"type":"LineString","coordinates":[[-106.379,-28.291],[-106.339,-28.753],[-106.299,-29.215],[-106.259,-29.677],[-106.218,-30.14]]}},{"type":"Feature","properties":{"boundary_type":"ridge","feature_type":"gpml:MidOceanRidge","polarity":null,"overriding_plate_id":null,"subducting_plate_id":null,"plate_ids":[908,982],"name":"Northwest Manihiki MOR"},"geometry":{"type":"LineString","coordinates":[[-106.218,-30.14],[-106.179,-30.582],[-106.139,-31.023],[-106.054,-31.478],[-105.968,-31.932],[-105.881,-32.387],[-105.793,-32.841],[-105.704,-33.295],[-105.615,-33.749],[-105.524,-34.203],[-105.433,-34.657],[-105.862,-34.792],[-106.293,-34.926],[-106.726,-35.058],[-107.16,-35.188],[-106.938,-35.652],[-106.714,-36.115],[-106.487,-36.577],[-106.257,-37.039],[-106.506,-37.118],[-106.379,-37.447],[-106.25,-37.776],[-106.121,-38.105],[-106.355,-38.172],[-106.137,-38.635],[-105.915,-39.098],[-106.258,-39.199],[-106.108,-39.55],[-105.958,-39.901],[-105.805,-40.252],[-106.182,-40.365],[-105.971,-40.778],[-105.757,-41.191],[-106.262,-41.35],[-106.071,-41.692],[-105.878,-42.033],[-105.683,-42.374],[-106.185,-42.609],[-106.691,-42.843],[-106.521,-43.287],[-106.348,-43.731],[-106.172,-44.175],[-105.994,-44.619],[-105.813,-45.062],[-105.629,-45.505]]}},{"type":"Feature","properties":{"boundary_type":"ridge","feature_type":"gpml:MidOceanRidge","polarity":null,"overriding_plate_id":null,"subducting_plate_id":null,"plate_ids":[982],"name":"Northwest Manihiki MOR"},"geometry":{"type":"LineString","coordinates":[[-105.629,-45.505],[-105.627,-45.509]]}},{"type":"Feature","properties":{"boundary_type":"ridge","feature_type":"gpml:MidOceanRidge","polarity":null,"overriding_plate_id":null,"subducting_plate_id":null,"plate_ids":[901,983],"name":"Manihiki-Hikurangi"},"geometry":{"type":"LineString","coordinates":[[-130.108,-43.387],[-129.702,-43.448],[-129.295,-43.507]]}},{"type":"Feature","properties":{"boundary_type":"ridge","feature_type":"gpml:MidOceanRidge","polarity":null,"overriding_plate_id":null,"subducting_plate_id":null,"plate_ids":[982,983],"name":"Manihiki-Hikurangi"},"geometry":{"type":"LineString","coordinates":[[-129.295,-43.507],[-128.696,-43.591],[-128.066,-43.685],[-127.434,-43.776],[-126.801,-43.863],[-126.165,-43.946],[-126.32,-44.433],[-126.478,-44.92],[-126.639,-45.407],[-126.802,-45.893],[-126.104,-46.009],[-125.402,-46.121],[-124.698,-46.228],[-123.991,-46.331],[-123.282,-46.43],[-122.57,-46.524],[-121.856,-46.614],[-121.139,-46.699],[-121.271,-47.129],[-121.405,-47.559],[-121.541,-47.989],[-120.912,-48.077],[-120.281,-48.161],[-119.648,-48.242],[-119.013,-48.32],[-118.377,-48.394],[-117.738,-48.464],[-117.098,-48.531],[-117.019,-48.06],[-116.341,-48.118],[-115.661,-48.172],[-114.98,-48.222],[-114.297,-48.269],[-113.614,-48.311],[-112.929,-48.349],[-112.243,-48.383],[-111.557,-48.413],[-110.87,-48.439],[-110.182,-48.46],[-109.493,-48.478],[-109.465,-48.182],[-108.908,-48.204],[-108.35,-48.224]]}},{"type":"Feature","properties":{"boundary_type":"ridge","feature_type":"gpml:MidOceanRidge","polarity":null,"overriding_plate_id":null,"subducting_plate_id":null,"plate_ids":[919,983],"name":"MOR Manihiki"},"geometry":{"type":"LineString","coordinates":[[-117.489,-57.039],[-117.251,-56.654],[-117.017,-56.269],[-116.788,-55.884],[-116.564,-55.498],[-116.282,-55.085],[-116.006,-54.672],[-115.736,-54.259],[-115.112,-54.073],[-114.493,-53.883],[-113.879,-53.69],[-113.271,-53.494],[-112.669,-53.295],[-112.925,-53.008],[-113.178,-52.719],[-112.546,-52.511],[-111.921,-52.3],[-111.302,-52.085],[-110.688,-51.868],[-110.081,-51.647],[-110.373,-51.357],[-109.798,-51.156],[-109.228,-50.951],[-108.663,-50.744],[-108.103,-50.534],[-108.383,-50.215],[-107.993,-50.068],[-108.276,-49.778],[-108.556,-49.488],[-108.833,-49.197],[-108.297,-48.99],[-108.566,-48.703],[-108.832,-48.415],[-108.35,-48.224]]}},{"type":"Feature","properties":{"boundary_type":"ridge","feature_type":"gpml:MidOceanRidge","polarity":null,"overriding_plate_id":null,"subducting_plate_id":null,"plate_ids":[919,982],"name":"MOR Manihiki"},"geometry":{"type":"LineString","coordinates":[[-108.35,-48.224],[-107.806,-48.003],[-107.266,-47.78],[-106.983,-47.403],[-106.705,-47.026],[-106.43,-46.647],[-106.159,-46.268],[-105.891,-45.889],[-105.627,-45.509]]}},{"type":"Feature","properties":{"boundary_type":"ridge","feature_type":"gpml:MidOceanRidge","polarity":null,"overriding_plate_id":null,"subducting_plate_id":null,"plate_ids":[919],"name":"MOR Manihiki"},"geometry":{"type":"LineString","coordinates":[[-105.627,-45.509],[-105.625,-45.505]]}},{"type":"Feature","properties":{"boundary_type":"ridge","feature_type":"gpml:MidOceanRidge","polarity":null,"overriding_plate_id":null,"subducting_plate_id":null,"plate_ids":[901,983],"name":"Ontong-Java-Hikurangi"},"geometry":{"type":"LineString","coordinates":[[-130.108,-43.387],[-130.156,-43.402],[-130.748,-43.612],[-131.343,-43.819],[-131.943,-44.023],[-132.546,-44.224],[-133.154,-44.422],[-133.766,-44.616],[-134.382,-44.807],[-134.238,-45.258],[-134.093,-45.709],[-133.944,-46.16],[-133.794,-46.611],[-133.641,-47.061],[-133.561,-47.523],[-133.48,-47.984],[-133.398,-48.445],[-133.314,-48.906],[-133.229,-49.366],[-133.142,-49.827],[-133.054,-50.288]]}},{"type":"Feature","properties":{"boundary_type":"ridge","feature_type":"gpml:MidOceanRidge","polarity":null,"overriding_plate_id":null,"subducting_plate_id":null,"plate_ids":[901,983],"name":"Ontong-Java-Hikurangi"},"geometry":{"type":"LineString","coordinates":[[-133.054,-50.288],[-133.775,-50.343],[-134.498,-50.393],[-135.222,-50.439],[-135.948,-50.48],[-136.674,-50.516],[-137.402,-50.549],[-138.131,-50.576],[-138.861,-50.599],[-139.591,-50.618],[-140.321,-50.632],[-141.053,-50.641],[-141.784,-50.646],[-142.515,-50.646],[-142.484,-50.251],[-142.452,-49.857],[-142.422,-49.462],[-142.392,-49.067]]}},{"type":"Feature","properties":{"boundary_type":"ridge","feature_type":"gpml:MidOceanRidge","polarity":null,"overriding_plate_id":null,"subducting_plate_id":null,"plate_ids":[901,983],"name":"Ontong-Java-Hikurangi"},"geometry":{"type":"LineString","coordinates":[[-142.392,-49.067],[-143.144,-49.074],[-143.896,-49.076],[-144.648,-49.072],[-145.401,-49.064],[-146.152,-49.051],[-146.904,-49.033],[-147.655,-49.01],[-148.405,-48.983],[-149.154,-48.95],[-149.902,-48.913],[-150.648,-48.871],[-151.394,-48.824],[-152.138,-48.772],[-152.88,-48.715],[-153.621,-48.654],[-154.36,-48.588],[-154.563,-49.025],[-154.771,-49.462],[-154.981,-49.898],[-155.196,-50.334],[-155.415,-50.769],[-155.637,-51.204],[-156.377,-51.136],[-157.115,-51.064],[-157.851,-50.986],[-158.584,-50.904],[-159.314,-50.818],[-160.041,-50.727],[-160.766,-50.631],[-161.487,-50.531],[-162.206,-50.427],[-162.921,-50.318],[-163.633,-50.205],[-164.341,-50.087],[-165.046,-49.966],[-165.748,-49.84],[-166.445,-49.709],[-167.139,-49.575],[-167.857,-49.439],[-168.572,-49.298],[-169.282,-49.153],[-169.987,-49.004],[-170.689,-48.85],[-171.386,-48.692],[-172.079,-48.531],[-172.767,-48.364],[-173.451,-48.194],[-174.13,-48.02],[-174.805,-47.842],[-175.475,-47.66],[-176.14,-47.474],[-176.801,-47.284],[-177.456,-47.09],[-178.107,-46.893],[-178.753,-46.692],[-179.395,-46.487],[179.969,-46.279],[179.337,-46.068],[178.711,-45.853],[178.089,-45.634],[177.472,-45.412],[176.86,-45.187],[176.252,-44.959],[175.65,-44.727],[175.052,-44.493],[174.46,-44.255],[173.872,-44.014],[173.288,-43.77],[172.71,-43.523],[172.136,-43.274],[171.567,-43.021],[171.19,-43.417],[170.807,-43.812],[170.42,-44.205],[170.027,-44.597],[169.629,-44.988],[169.225,-45.377],[168.816,-45.765],[168.401,-46.152],[167.851,-45.983],[167.304,-45.811],[166.76,-45.637],[166.22,-45.46],[165.684,-45.281]]}},{"type":"Feature","properties":{"boundary_type":"ridge","feature_type":"gpml:MidOceanRidge","polarity":null,"overriding_plate_id":null,"subducting_plate_id":null,"plate_ids":[919,983],"name":"MOR South Pacific Triangle"},"geometry":{"type":"LineString","coordinates":[[-117.489,-57.039],[-116.679,-57.242],[-115.86,-57.44],[-115.032,-57.633],[-114.196,-57.82],[-113.371,-58.033],[-112.537,-58.241],[-111.692,-58.444],[-110.838,-58.641],[-109.975,-58.832],[-109.102,-59.017],[-108.22,-59.197],[-107.329,-59.37],[-106.428,-59.537],[-105.519,-59.698],[-105.919,-60.134],[-106.33,-60.568],[-106.753,-61.002],[-107.187,-61.433],[-107.633,-61.864],[-108.092,-62.293],[-108.564,-62.72],[-109.049,-63.146],[-109.55,-63.569],[-110.065,-63.992],[-110.596,-64.412],[-111.144,-64.83],[-111.709,-65.247],[-112.292,-65.661],[-112.894,-66.072],[-113.515,-66.482],[-112.887,-66.581],[-112.253,-66.678],[-112.884,-67.109],[-113.539,-67.537],[-114.217,-67.963],[-114.921,-68.386],[-115.651,-68.806],[-116.409,-69.223],[-117.197,-69.636],[-118.015,-70.045],[-118.867,-70.451],[-119.753,-70.852],[-120.675,-71.249],[-121.635,-71.642],[-122.636,-72.029],[-123.679,-72.411],[-124.766,-72.787],[-125.9,-73.157],[-127.083,-73.521]]}},{"type":"Feature","properties":{"boundary_type":"ridge","feature_type":"gpml:MidOceanRidge","polarity":null,"overriding_plate_id":null,"subducting_plate_id":null,"plate_ids":[902,926],"name":"MOR Farallon-Izanagi extended to COB"},"geometry":{"type":"LineString","coordinates":[[-130.779,24.428],[-130.574,24.893],[-130.369,25.356],[-130.161,25.82],[-129.952,26.283],[-129.742,26.746],[-129.529,27.209],[-129.315,27.671],[-129.099,28.133],[-128.881,28.594],[-128.662,29.056],[-128.44,29.516],[-128.216,29.977],[-127.99,30.437],[-127.762,30.897],[-127.532,31.356],[-127.3,31.815],[-127.065,32.274],[-126.828,32.732],[-126.588,33.189],[-126.346,33.646],[-126.101,34.103],[-125.854,34.559],[-125.604,35.015],[-125.994,35.385],[-126.387,35.754],[-126.784,36.121],[-127.185,36.488],[-127.59,36.853],[-127.999,37.216],[-128.411,37.578],[-128.828,37.939],[-129.248,38.298],[-129.673,38.655],[-130.102,39.012],[-130.536,39.366],[-130.973,39.719],[-131.416,40.07],[-131.862,40.42],[-132.314,40.767],[-132.605,41.193],[-132.901,41.617],[-133.2,42.041],[-133.503,42.464],[-133.81,42.887],[-134.121,43.308],[-134.437,43.729],[-134.757,44.149],[-135.082,44.567],[-135.412,44.985],[-135.746,45.402],[-136.086,45.818],[-136.43,46.233],[-136.78,46.647],[-137.135,47.06],[-137.495,47.471],[-136.912,47.682],[-136.325,47.889],[-135.732,48.094],[-135.135,48.295],[-134.534,48.494],[-133.927,48.689],[-133.316,48.881],[-132.7,49.07],[-132.08,49.255],[-132.23,49.704],[-132.384,50.153],[-132.54,50.602],[-132.699,51.051],[-132.862,51.499],[-133.027,51.948],[-133.196,52.395],[-133.368,52.843],[-133.544,53.291],[-133.724,53.738],[-133.908,54.185],[-133.934,54.681],[-133.961,55.176],[-133.989,55.672],[-134.017,56.168],[-134.046,56.663],[-134.076,57.159],[-134.107,57.655],[-134.139,58.151],[-134.171,58.646],[-134.205,59.142],[-134.239,59.638],[-134.275,60.133],[-134.311,60.629],[-133.359,60.6],[-132.409,60.565],[-131.461,60.523],[-131.276,60.998],[-131.086,61.473],[-130.889,61.947],[-130.686,62.421],[-130.477,62.895],[-130.261,63.368],[-130.038,63.841],[-129.285,63.773],[-128.537,63.7],[-127.792,63.623],[-127.414,63.97],[-127.026,64.316],[-126.628,64.661],[-126.221,65.005],[-125.709,65.448],[-125.18,65.89],[-124.632,66.329],[-124.064,66.767],[-123.477,67.203],[-122.867,67.636],[-122.235,68.067],[-121.579,68.496],[-120.898,68.921],[-120.189,69.344],[-119.453,69.764],[-118.687,70.181],[-117.889,70.595],[-117.059,71.004],[-116.193,71.41],[-117.312,71.704],[-118.465,71.992],[-119.655,72.272],[-120.881,72.544],[-122.144,72.81],[-123.445,73.066],[-124.784,73.315],[-126.162,73.555],[-127.578,73.785],[-129.034,74.006],[-128.482,74.286]]}},{"type":"Feature","properties":{"boundary_type":"ridge","feature_type":"gpml:MidOceanRidge","polarity":null,"overriding_plate_id":null,"subducting_plate_id":null,"plate_ids":[101,304],"name":"IB_NFLND_Exhumed_Mantle"},"geometry":{"type":"LineString","coordinates":[[2.316,32.477],[2.581,32.677],[2.848,32.876],[3.182,33.232],[3.536,33.574],[3.788,33.965],[4.016,34.268],[4.205,34.681],[4.429,35.095],[4.572,35.174],[4.746,35.417],[4.949,35.602],[5.216,35.799],[5.516,36.067],[5.928,36.332],[6.141,36.556],[6.217,36.613],[6.342,36.805],[6.422,36.925],[6.525,37.028],[6.737,37.223],[6.926,37.466],[7.055,37.557],[7.127,37.637],[7.297,37.747],[7.443,37.763],[7.576,37.894],[7.694,37.976],[7.901,38.223],[7.968,38.267]]}},{"type":"Feature","properties":{"boundary_type":"ridge","feature_type":"gpml:MidOceanRidge","polarity":null,"overriding_plate_id":null,"subducting_plate_id":null,"plate_ids":[101,301],"name":"PorucpineMOR"},"geometry":{"type":"LineString","coordinates":[[1.925,44.78],[1.953,44.721],[2.08,44.586],[2.19,44.428],[2.35,44.313],[2.538,44.196],[2.72,44.061],[2.986,43.975],[3.276,43.915],[3.481,43.835],[3.932,43.719],[4.324,43.487],[4.654,43.326],[5.058,43.104],[5.389,42.869],[5.655,42.617],[5.866,42.353],[6.062,42.031],[6.291,41.708],[6.487,41.436],[6.683,41.191],[6.826,41.043],[7.007,40.849],[7.114,40.663],[7.268,40.443],[7.374,40.149],[7.514,39.789],[7.548,39.506],[7.537,39.179],[7.589,38.927],[7.64,38.779],[7.69,38.63],[7.778,38.448],[7.968,38.267]]}},{"type":"Feature","properties":{"boundary_type":"ridge","feature_type":"gpml:MidOceanRidge","polarity":null,"overriding_plate_id":null,"subducting_plate_id":null,"plate_ids":[301,304],"name":"PorucpineMOR"},"geometry":{"type":"LineString","coordinates":[[7.968,38.267],[8.005,38.232],[8.128,37.966],[8.369,37.595]]}},{"type":"Feature","properties":{"boundary_type":"subduction","feature_type":"gpml:SubductionZone","polarity":"Right","overriding_plate_id":201,"subducting_plate_id":802,"plate_ids":[201,802],"name":"South America trench taken from COB file"},"geometry":{"type":"LineString","coordinates":[[-37.729,-56.214],[-37.823,-56.15],[-38.022,-56.031],[-38.367,-55.819],[-38.592,-55.683],[-38.831,-55.509],[-39.193,-55.39],[-39.784,-55.219],[-40.038,-55.166],[-40.209,-55.111]]}},{"type":"Feature","properties":{"boundary_type":"subduction","feature_type":"gpml:SubductionZone","polarity":"Right","overriding_plate_id":201,"subducting_plate_id":919,"plate_ids":[201,919],"name":"South America trench taken from COB file"},"geometry":{"type":"LineString","coordinates":[[-40.209,-55.111],[-40.513,-55.012],[-40.797,-54.788],[-41.077,-54.563],[-41.393,-54.111],[-41.702,-53.658],[-41.844,-53.379],[-41.984,-53.1],[-42.083,-52.83],[-42.181,-52.559],[-42.224,-52.275],[-42.267,-51.991],[-42.18,-51.574],[-42.096,-51.156],[-42.012,-50.739],[-42.089,-50.364],[-42.165,-49.988],[-42.293,-49.626],[-42.418,-49.264],[-42.276,-48.807],[-42.136,-48.35],[-41.729,-48.073],[-41.326,-47.795],[-40.698,-47.617],[-40.565,-47.175],[-40.411,-46.812],[-40.328,-46.55],[-40.245,-46.288],[-40.205,-45.972],[-40.254,-45.753],[-40.345,-45.487],[-40.401,-45.241],[-40.479,-44.902],[-40.337,-44.561],[-40.222,-44.199],[-40.143,-43.971],[-39.999,-43.585],[-39.957,-43.367],[-39.894,-43.102],[-39.842,-42.856],[-39.768,-42.511],[-39.695,-42.166],[-39.622,-41.821],[-39.575,-41.493],[-39.513,-41.23],[-39.452,-40.967],[-39.388,-40.664],[-39.385,-40.395],[-39.383,-40.127],[-39.381,-40.036]]}},{"type":"Feature","properties":{"boundary_type":"subduction","feature_type":"gpml:SubductionZone","polarity":"Right","overriding_plate_id":201,"subducting_plate_id":908,"plate_ids":[201,908],"name":"South America trench taken from COB file"},"geometry":{"type":"LineString","coordinates":[[-39.381,-40.036],[-39.379,-39.895],[-39.265,-39.504],[-39.132,-39.098],[-39.044,-38.854],[-38.958,-38.611],[-38.913,-38.131],[-38.788,-37.694],[-38.645,-37.335],[-38.504,-36.975],[-38.364,-36.616],[-38.225,-36.256],[-38.015,-35.86],[-37.807,-35.464],[-37.602,-35.068],[-37.398,-34.672],[-37.196,-34.275],[-36.997,-33.878],[-36.799,-33.48],[-36.72,-33.0],[-36.642,-32.52],[-36.565,-32.04],[-36.489,-31.561],[-36.413,-31.08],[-36.338,-30.6],[-36.265,-30.12],[-36.191,-29.64],[-36.119,-29.16],[-35.983,-28.764],[-35.848,-28.369],[-35.714,-27.973],[-35.581,-27.577],[-35.449,-27.181],[-35.381,-26.721],[-35.313,-26.261],[-35.245,-25.801],[-35.178,-25.34],[-35.111,-24.88],[-35.045,-24.42],[-34.98,-23.96],[-34.915,-23.5],[-34.864,-23.089],[-34.814,-22.678],[-34.764,-22.268],[-34.846,-21.831],[-34.928,-21.395],[-34.928,-21.053],[-34.928,-20.711],[-35.081,-20.285],[-35.234,-19.86],[-35.513,-19.438],[-35.79,-19.016],[-36.105,-18.693],[-36.42,-18.369],[-36.733,-18.045],[-37.045,-17.721],[-37.356,-17.396]]}},{"type":"Feature","properties":{"boundary_type":"subduction","feature_type":"gpml:SubductionZone","polarity":"Right","overriding_plate_id":201,"subducting_plate_id":902,"plate_ids":[201,902],"name":"South America trench taken from COB file"},"geometry":{"type":"LineString","coordinates":[[-37.356,-17.396],[-37.416,-17.333],[-37.87,-17.11],[-38.322,-16.885],[-38.657,-16.546],[-38.99,-16.206],[-39.323,-15.865],[-39.654,-15.525],[-39.984,-15.183],[-40.314,-14.841],[-40.642,-14.499],[-40.969,-14.156],[-41.295,-13.813],[-41.536,-13.413],[-41.776,-13.014],[-42.015,-12.614],[-42.253,-12.215],[-42.491,-11.815],[-42.728,-11.414],[-42.964,-11.014],[-43.2,-10.613],[-43.435,-10.212],[-43.669,-9.812],[-43.903,-9.41],[-44.068,-8.956],[-44.232,-8.501],[-44.396,-8.047],[-44.56,-7.592],[-44.723,-7.137],[-44.886,-6.682],[-45.049,-6.228],[-45.212,-5.773],[-45.154,-5.38],[-45.096,-4.988],[-45.038,-4.595]]}},{"type":"Feature","properties":{"boundary_type":"other","feature_type":"gpml:ContinentalRift","polarity":null,"overriding_plate_id":null,"subducting_plate_id":null,"plate_ids":[101,301],"name":"North America - Greenland rift"},"geometry":{"type":"LineString","coordinates":[[31.222,64.075],[31.077,63.997],[30.704,63.648],[30.34,63.298],[29.985,62.947],[29.638,62.595],[29.081,62.191],[28.539,61.784],[28.012,61.376],[27.497,60.966],[27.185,60.61],[26.879,60.254],[26.58,59.896],[26.288,59.539],[26.346,59.161],[26.402,58.782],[26.28,58.373],[26.161,57.963],[26.045,57.553],[25.797,57.217],[25.555,56.881],[25.316,56.544],[24.811,56.201],[24.315,55.855],[23.828,55.507],[23.231,55.275],[22.642,55.04],[22.06,54.803],[21.49,54.565],[20.927,54.325],[20.371,54.082],[19.821,53.836],[19.231,53.687],[18.646,53.535],[18.065,53.38],[17.488,53.222],[16.709,53.179],[15.932,53.132],[15.157,53.079],[14.383,53.022],[13.911,52.765],[13.444,52.507],[12.983,52.247],[12.527,51.985],[11.966,51.656],[11.412,51.325],[10.867,50.99],[10.33,50.654],[9.853,50.353],[9.382,50.05],[8.917,49.746],[8.458,49.44],[8.078,49.182],[7.703,48.923],[7.331,48.663],[6.982,48.33],[6.637,47.997],[6.137,47.71],[5.726,47.428],[5.319,47.145],[4.917,46.86],[4.519,46.574],[4.055,46.234],[3.596,45.893],[3.143,45.55],[2.733,45.295],[2.327,45.038],[1.925,44.78]]}},{"type":"Feature","properties":{"boundary_type":"transform","feature_type":"gpml:Transform","polarity":null,"overriding_plate_id":null,"subducting_plate_id":null,"plate_ids":[101],"name":"South Iberia 131Ma geom 304"},"geometry":{"type":"LineString","coordinates":[[1.953,32.686],[2.316,32.477]]}},{"type":"Feature","properties":{"boundary_type":"other","feature_type":"gpml:ExtendedContinentalCrust","polarity":null,"overriding_plate_id":null,"subducting_plate_id":null,"plate_ids":[714,715],"name":"North African Basins, Eastern Boundary"},"geometry":{"type":"LineString","coordinates":[[14.869,-3.794],[14.882,-3.646],[14.917,-3.223],[14.951,-2.801],[14.986,-2.378],[15.02,-1.955],[15.338,-1.821],[15.655,-1.687],[15.972,-1.552],[16.251,-1.368],[16.531,-1.184],[16.81,-0.999],[17.057,-0.732],[17.304,-0.464],[17.358,-0.134],[17.411,0.196],[17.465,0.526],[17.418,0.939],[17.371,1.351],[17.325,1.763],[17.27,2.13],[17.215,2.498],[17.16,2.866],[17.121,3.342],[17.082,3.819],[17.043,4.296],[17.242,4.704],[17.44,5.111],[17.348,5.394],[17.255,5.677],[17.292,6.075],[17.329,6.472],[17.366,6.87],[17.339,7.3],[17.312,7.73],[17.285,8.16],[17.731,8.251],[18.177,8.341],[18.624,8.431],[19.017,8.326],[19.411,8.222],[19.804,8.117],[20.188,8.176],[20.572,8.235],[20.955,8.293],[21.339,8.351],[21.838,8.273],[22.336,8.195],[22.804,8.037],[23.271,7.879],[23.738,7.72],[24.205,7.56],[24.591,7.633],[24.977,7.706],[25.363,7.778],[25.749,7.849],[26.14,7.752],[26.532,7.653],[26.978,7.738],[27.423,7.821],[27.869,7.904],[28.049,8.307],[28.229,8.71],[28.409,9.112],[28.59,9.515],[28.771,9.917],[28.573,10.222],[28.376,10.526],[28.178,10.83],[28.092,11.251],[28.007,11.673],[27.921,12.094],[28.091,12.502],[28.262,12.91],[28.434,13.318],[28.606,13.726],[28.779,14.133],[29.165,14.461],[29.553,14.788]]}},{"type":"Feature","properties":{"boundary_type":"other","feature_type":"gpml:ExtendedContinentalCrust","polarity":null,"overriding_plate_id":null,"subducting_plate_id":null,"plate_ids":[701,715],"name":"Central African Rifts, Southern Boundary"},"geometry":{"type":"LineString","coordinates":[[20.145,-7.171],[20.64,-7.207],[21.135,-7.243],[21.63,-7.279],[22.126,-7.313],[22.599,-7.28],[23.072,-7.246],[23.545,-7.211],[24.018,-7.176],[24.491,-7.14],[24.896,-7.281],[25.302,-7.421],[25.707,-7.561],[26.113,-7.701],[26.371,-8.076],[26.631,-8.451],[26.89,-8.826],[27.15,-9.201],[27.411,-9.576],[27.672,-9.95],[27.934,-10.324],[28.197,-10.698],[28.261,-11.039],[28.325,-11.38],[28.597,-11.589],[28.868,-11.797],[29.141,-12.004],[29.106,-12.464],[29.071,-12.923],[29.368,-13.29],[29.667,-13.657],[29.966,-14.023],[30.267,-14.389],[30.637,-14.569],[31.008,-14.748],[31.38,-14.927],[31.753,-15.105],[32.126,-15.283],[32.515,-15.493],[32.906,-15.703],[33.297,-15.912],[33.689,-16.12],[34.082,-16.327],[34.475,-16.534],[34.888,-16.471],[35.3,-16.407],[35.712,-16.342],[36.124,-16.277],[36.493,-15.983],[36.861,-15.689],[37.228,-15.394],[37.594,-15.099],[37.959,-14.803],[38.323,-14.507],[38.684,-14.305],[39.044,-14.102],[39.403,-13.9],[39.762,-13.696],[40.155,-13.484],[40.547,-13.271],[40.938,-13.057],[41.437,-13.029],[41.936,-12.999],[42.435,-12.969],[42.933,-12.938],[43.432,-12.905],[43.893,-12.901],[44.354,-12.895],[44.815,-12.889],[45.276,-12.882],[45.736,-12.874],[46.197,-12.865],[46.659,-12.838],[47.122,-12.81],[47.584,-12.781],[48.045,-12.752],[48.507,-12.721],[48.969,-12.69],[49.404,-12.63],[49.84,-12.569],[50.275,-12.507],[50.71,-12.444],[51.144,-12.381],[51.579,-12.317],[52.031,-12.285],[52.483,-12.253],[52.936,-12.219],[53.388,-12.185],[53.84,-12.151],[54.291,-12.115],[54.743,-12.079],[55.235,-12.033],[55.726,-11.986],[56.217,-11.938],[56.708,-11.889],[57.199,-11.84]]}},{"type":"Feature","properties":{"boundary_type":"other","feature_type":"gpml:TerraneBoundary","polarity":null,"overriding_plate_id":null,"subducting_plate_id":null,"plate_ids":[701,715],"name":"Northeast Africa-South Africa"},"geometry":{"type":"LineString","coordinates":[[20.145,-7.171],[20.06,-7.063],[19.801,-6.993],[19.541,-6.923],[19.262,-6.902],[18.984,-6.88],[18.51,-6.841],[18.037,-6.801],[17.702,-6.727],[17.366,-6.652],[17.031,-6.578],[16.767,-6.444],[16.504,-6.31],[16.365,-6.241]]}},{"type":"Feature","properties":{"boundary_type":"other","feature_type":"gpml:UnclassifiedFeature","polarity":null,"overriding_plate_id":null,"subducting_plate_id":null,"plate_ids":[301,304],"name":""},"geometry":{"type":"LineString","coordinates":[[8.369,37.595],[8.834,37.36],[9.295,37.123],[9.754,36.884],[10.21,36.643],[10.663,36.401],[10.929,36.183],[11.188,35.836],[11.537,35.654],[11.987,35.584],[12.322,35.626],[12.746,35.525],[12.955,35.474],[13.168,35.422],[13.65,35.425],[13.882,35.426],[14.203,35.371],[14.424,35.332],[14.805,35.261],[15.126,35.201],[15.511,35.111],[15.894,35.021],[16.274,34.954],[16.653,34.886],[17.082,34.691],[17.509,34.494],[17.574,34.442]]}},{"type":"Feature","properties":{"boundary_type":"other","feature_type":"gpml:UnclassifiedFeature","polarity":null,"overriding_plate_id":null,"subducting_plate_id":null,"plate_ids":[301,304],"name":"Boundary_Deform_BoB"},"geometry":{"type":"LineString","coordinates":[[18.339,34.97],[17.955,34.707],[17.574,34.442]]}},{"type":"Feature","properties":{"boundary_type":"ridge","feature_type":"gpml:MidOceanRidge","polarity":null,"overriding_plate_id":null,"subducting_plate_id":null,"plate_ids":[201,701],"name":"SAM MOR and boundary"},"geometry":{"type":"LineString","coordinates":[[4.887,-4.728],[4.867,-5.113],[4.847,-5.497],[4.826,-5.882],[4.806,-6.266],[4.961,-6.61],[5.116,-6.954],[5.271,-7.298],[5.427,-7.642],[5.437,-8.122],[5.446,-8.602],[5.334,-8.942],[5.221,-9.283],[5.107,-9.623],[4.804,-9.944],[4.499,-10.265],[4.194,-10.585],[3.888,-10.905],[3.582,-11.225],[3.275,-11.545],[3.074,-11.913],[2.871,-12.281],[2.669,-12.649],[2.465,-13.016],[2.261,-13.384],[2.065,-13.723],[1.868,-14.063],[1.67,-14.402],[1.472,-14.741],[1.553,-15.214],[1.634,-15.686],[1.716,-16.159],[1.761,-16.587],[1.807,-17.015],[1.852,-17.443],[1.898,-17.87],[1.834,-18.271],[1.769,-18.672],[1.704,-19.072],[1.639,-19.473],[1.574,-19.873],[1.475,-20.271],[1.376,-20.668],[1.277,-21.066],[1.177,-21.463],[1.107,-21.864],[1.036,-22.266],[0.965,-22.667],[0.894,-23.068],[0.822,-23.469],[0.529,-23.845],[0.233,-24.221],[-0.064,-24.597],[-0.363,-24.971],[-0.664,-25.345],[-1.015,-25.652],[-1.368,-25.959],[-1.723,-26.264],[-2.079,-26.569],[-2.438,-26.872],[-2.798,-27.175],[-3.161,-27.477],[-3.525,-27.777],[-3.776,-28.189],[-4.029,-28.6],[-4.284,-29.011],[-4.541,-29.421],[-4.811,-29.811],[-5.082,-30.201],[-5.356,-30.59],[-5.631,-30.978],[-5.909,-31.366],[-6.19,-31.753],[-6.472,-32.14],[-6.757,-32.526],[-7.045,-32.912],[-7.196,-33.354],[-7.349,-33.797],[-7.503,-34.239],[-7.659,-34.681],[-7.817,-35.123],[-7.976,-35.565],[-8.137,-36.006],[-8.3,-36.448],[-8.465,-36.889],[-8.632,-37.329],[-8.84,-37.71],[-9.05,-38.09],[-9.263,-38.47],[-9.478,-38.85],[-9.695,-39.229],[-9.927,-39.614],[-9.918,-40.105],[-9.908,-40.595],[-9.899,-41.086],[-9.889,-41.577],[-9.879,-42.067],[-9.869,-42.558],[-9.859,-43.048],[-9.848,-43.539],[-9.838,-44.03],[-9.827,-44.52],[-9.826,-44.998],[-9.824,-45.476],[-9.823,-45.954],[-9.822,-46.432],[-9.82,-46.91],[-9.819,-47.388],[-9.817,-47.866],[-9.783,-48.277],[-9.748,-48.688],[-9.712,-49.1],[-9.676,-49.511]]}},{"type":"Feature","properties":{"boundary_type":"subduction","feature_type":"gpml:SubductionZone","polarity":"Right","overriding_plate_id":801,"subducting_plate_id":983,"plate_ids":[801,983],"name":"East Gondwana active margin"},"geometry":{"type":"LineString","coordinates":[[165.305,-48.569],[165.674,-48.807],[166.046,-49.044],[166.369,-49.378],[166.696,-49.712],[166.832,-50.145],[166.971,-50.578],[166.788,-50.809],[166.604,-51.038],[166.331,-51.366],[166.055,-51.694],[165.774,-52.02],[166.141,-52.308],[166.512,-52.595],[166.454,-52.991],[166.395,-53.386],[166.834,-53.77],[167.371,-53.999],[167.913,-54.225],[168.526,-54.556],[169.149,-54.885],[169.782,-55.21],[170.425,-55.532],[171.079,-55.851],[171.403,-56.247],[171.734,-56.642],[171.832,-57.018],[171.932,-57.393],[172.035,-57.768],[172.317,-58.075],[172.605,-58.382],[172.898,-58.688],[173.218,-59.048],[173.544,-59.408],[174.004,-59.74],[174.472,-60.071],[174.964,-60.419],[175.466,-60.764],[175.921,-60.995],[176.383,-61.223],[176.63,-61.469],[176.882,-61.715],[176.785,-62.007],[176.788,-62.225],[176.614,-62.509],[176.487,-62.831],[176.358,-63.152],[176.0,-63.584],[175.631,-64.015],[175.457,-64.379],[175.278,-64.742],[175.155,-65.158],[175.028,-65.575],[174.892,-66.01],[174.289,-66.281],[173.672,-66.55],[173.042,-66.816],[173.259,-67.081],[173.5,-67.43],[173.749,-67.778],[174.414,-68.055],[175.096,-68.328],[175.37,-68.731],[175.425,-69.123],[175.483,-69.515],[175.63,-69.812],[175.782,-70.109],[176.314,-70.49],[176.628,-70.816],[176.952,-71.141],[178.263,-71.368],[179.605,-71.586],[-179.639,-71.69],[-178.875,-71.79],[-178.041,-71.844],[-177.203,-71.895],[-176.095,-71.995],[-174.976,-72.089],[-174.628,-72.175],[-173.629,-72.012],[-172.647,-71.844],[-171.08,-71.876],[-169.509,-71.896],[-168.362,-71.931],[-167.211,-71.96],[-166.322,-72.006],[-165.43,-72.047]]}},{"type":"Feature","properties":{"boundary_type":"subduction","feature_type":"gpml:SubductionZone","polarity":"Right","overriding_plate_id":806,"subducting_plate_id":983,"plate_ids":[806,983],"name":"East Gondwana active margin"},"geometry":{"type":"LineString","coordinates":[[-165.43,-72.047],[-165.045,-72.063],[-164.027,-72.219],[-162.992,-72.37],[-162.364,-72.541],[-161.724,-72.709],[-160.744,-72.902],[-159.742,-73.09],[-158.718,-73.273],[-157.231,-73.385],[-155.726,-73.487],[-154.464,-73.509],[-153.199,-73.524],[-151.933,-73.531],[-150.365,-73.647],[-148.776,-73.751],[-147.169,-73.843]]}},{"type":"Feature","properties":{"boundary_type":"subduction","feature_type":"gpml:SubductionZone","polarity":"Left","overriding_plate_id":301,"subducting_plate_id":926,"plate_ids":[301,926],"name":"Okinawa Trough (Ryuku) from EarthByte cob MG 4-20-07"},"geometry":{"type":"LineString","coordinates":[[142.727,30.131],[143.051,30.332],[143.312,30.62],[143.575,30.908],[143.839,31.195],[144.032,31.619],[144.226,32.043],[144.422,32.466],[144.62,32.889],[144.819,33.312],[144.969,33.698],[145.12,34.084],[145.273,34.47],[145.427,34.855],[145.504,35.208],[145.581,35.561],[145.622,36.001],[145.664,36.441],[145.628,36.879],[145.593,37.317],[145.656,37.703],[145.719,38.088]]}},{"type":"Feature","properties":{"boundary_type":"other","feature_type":"gpml:TerraneBoundary","polarity":null,"overriding_plate_id":null,"subducting_plate_id":null,"plate_ids":[715],"name":"Benue Trough-Northeast Africa"},"geometry":{"type":"LineString","coordinates":[[16.365,-6.241],[15.928,-6.022],[15.587,-5.797],[15.246,-5.572],[14.871,-5.361],[14.496,-5.15],[14.241,-4.929],[13.986,-4.708],[13.732,-4.487],[13.478,-4.265],[13.291,-3.955],[13.104,-3.645]]}},{"type":"Feature","properties":{"boundary_type":"subduction","feature_type":"gpml:SubductionZone","polarity":"Left","overriding_plate_id":301,"subducting_plate_id":715,"plate_ids":[301,715],"name":"Vardar Sea Subduction"},"geometry":{"type":"LineString","coordinates":[[39.689,35.457],[39.725,35.079],[39.76,34.701],[39.795,34.323],[40.178,33.946],[40.557,33.568],[40.933,33.189],[41.306,32.809],[41.657,32.482],[42.005,32.154],[42.35,31.826],[42.693,31.496],[43.113,31.371],[43.531,31.245],[43.949,31.117],[44.365,30.989],[44.803,30.982],[45.24,30.974],[45.78,30.977],[46.319,30.977],[46.859,30.975],[47.399,30.97],[47.399,30.97],[47.952,31.013],[48.506,31.054],[49.06,31.092],[49.614,31.128],[50.169,31.162],[50.725,31.193],[51.281,31.222],[51.837,31.248],[52.393,31.272],[52.95,31.294],[53.507,31.313],[54.064,31.33],[54.621,31.344],[55.122,31.371],[55.623,31.396],[56.124,31.419],[56.625,31.44],[57.149,31.321],[57.671,31.199],[58.192,31.075],[58.711,30.949],[59.229,30.822],[59.746,30.692]]}},{"type":"Feature","properties":{"boundary_type":"transform","feature_type":"gpml:Transform","polarity":null,"overriding_plate_id":null,"subducting_plate_id":null,"plate_ids":[714],"name":"South Iberia"},"geometry":{"type":"LineString","coordinates":[[1.953,32.686],[2.316,32.477]]}},{"type":"Feature","properties":{"boundary_type":"transform","feature_type":"gpml:Transform","polarity":null,"overriding_plate_id":null,"subducting_plate_id":null,"plate_ids":[304,714],"name":"South Iberia"},"geometry":{"type":"LineString","coordinates":[[2.316,32.477],[2.555,32.338],[3.0,32.045],[3.442,31.75],[3.881,31.453],[4.317,31.155],[4.751,30.855],[5.182,30.554],[5.61,30.252],[6.036,29.948],[6.459,29.643],[6.88,29.337],[7.298,29.029],[7.833,28.923],[8.368,28.815],[8.902,28.705],[9.434,28.593],[9.965,28.479],[10.496,28.363],[11.025,28.245],[11.553,28.125],[12.079,28.002],[12.605,27.878],[13.129,27.752],[13.652,27.624],[14.195,27.557],[14.737,27.489],[15.278,27.418],[15.819,27.345],[16.359,27.27],[16.875,27.416],[17.393,27.56],[17.912,27.702],[18.316,27.661],[18.72,27.62],[19.124,27.578]]}},{"type":"Feature","properties":{"boundary_type":"other","feature_type":"gpml:Fault","polarity":null,"overriding_plate_id":null,"subducting_plate_id":null,"plate_ids":[301,304],"name":"NPF"},"geometry":{"type":"LineString","coordinates":[[18.339,34.97],[18.791,34.843],[19.242,34.715],[19.691,34.586],[20.235,34.541],[20.778,34.495],[21.321,34.445],[21.736,34.414],[22.151,34.38],[22.566,34.346]]}},{"type":"Feature","properties":{"boundary_type":"transform","feature_type":"gpml:Transform","polarity":null,"overriding_plate_id":null,"subducting_plate_id":null,"plate_ids":[714,715],"name":"NWA-NEA Transform"},"geometry":{"type":"LineString","coordinates":[[24.201,28.143],[24.279,28.087],[24.577,27.681],[24.874,27.274],[25.162,26.957],[25.448,26.639],[25.732,26.32],[26.015,26.001],[26.319,25.671],[26.621,25.341],[26.921,25.01],[27.219,24.678],[27.516,24.346],[27.811,24.013],[28.099,23.619],[28.385,23.224],[28.67,22.828],[28.952,22.432],[29.233,22.036],[29.513,21.639],[29.774,21.22],[30.033,20.801],[30.291,20.381],[30.547,19.962],[30.803,19.541],[31.056,19.121],[31.309,18.7],[31.424,18.247],[31.538,17.795],[31.651,17.342],[31.764,16.89],[31.877,16.437],[31.989,15.984],[32.1,15.532],[32.211,15.079],[32.322,14.626],[32.432,14.173],[32.469,13.771],[32.506,13.368],[32.542,12.966],[32.579,12.563],[32.615,12.16]]}},{"type":"Feature","properties":{"boundary_type":"subduction","feature_type":"gpml:SubductionZone","polarity":"Right","overriding_plate_id":715,"subducting_plate_id":301,"plate_ids":[301,715],"name":"Alpine Subduction"},"geometry":{"type":"LineString","coordinates":[[25.751,32.891],[26.261,32.794],[26.77,32.696],[27.278,32.595],[27.784,32.493],[28.289,32.388],[28.793,32.282],[29.296,32.173],[29.845,32.215],[30.395,32.254],[30.945,32.291],[31.495,32.326],[32.046,32.358],[32.597,32.388],[33.148,32.415],[33.499,32.571],[33.85,32.726],[34.203,32.88],[34.688,33.124],[35.176,33.366],[35.666,33.607],[36.16,33.845],[36.655,34.082],[37.154,34.316],[37.656,34.548],[38.16,34.779],[38.667,35.007],[39.177,35.233],[39.689,35.457]]}},{"type":"Feature","properties":{"boundary_type":"subduction","feature_type":"gpml:SubductionZone","polarity":"Left","overriding_plate_id":304,"subducting_plate_id":714,"plate_ids":[304,714],"name":"Sub. East Ligurian Ocean"},"geometry":{"type":"LineString","coordinates":[[19.124,27.578],[19.564,27.703],[20.006,27.828],[20.449,27.95],[20.892,28.072],[21.337,28.192],[21.814,28.188],[22.292,28.182],[22.769,28.175],[23.246,28.166],[23.724,28.155],[24.201,28.143]]}},{"type":"Feature","properties":{"boundary_type":"subduction","feature_type":"gpml:SubductionZone","polarity":"Left","overriding_plate_id":304,"subducting_plate_id":715,"plate_ids":[304,715],"name":"Sub. East Ligurian Ocean"},"geometry":{"type":"LineString","coordinates":[[24.201,28.143],[24.499,28.134],[24.655,28.611],[24.813,29.089],[24.973,29.566],[25.134,30.043],[25.297,30.512],[25.461,30.981],[25.626,31.449],[25.794,31.918],[25.773,32.404],[25.751,32.891]]}},{"type":"Feature","properties":{"boundary_type":"subduction","feature_type":"gpml:SubductionZone","polarity":"Left","overriding_plate_id":304,"subducting_plate_id":301,"plate_ids":[301,304],"name":"Sub. East Ligurian Ocean"},"geometry":{"type":"LineString","coordinates":[[25.751,32.891],[25.303,33.103],[24.852,33.315],[24.399,33.524],[23.944,33.732],[23.487,33.938],[23.028,34.143],[22.566,34.346]]}}]}