{"type":"FeatureCollection","meta":{"model":"Cao2024","reconstruction_time_ma":90.0,"anchor_plate_id":0,"pygplates_version":"1.0.0","tessellate_degrees":0.5,"polarity_convention":"gpml:subductionPolarity. 'Left'/'Right' names the side of the line, in vertex order, on which the OVERRIDING plate lies. Triangles are drawn on that side.","antimeridian":"Lines are NOT split at +/-180 deg. The renderer works in 3D unit vectors where the dateline is not special; splitting would only add spurious breaks. Do not treat this as RFC 7946 GIS-ready 2D data."},"features":[{"type":"Feature","properties":{"boundary_type":"other","feature_type":"gpml:ContinentalRift","polarity":null,"overriding_plate_id":null,"subducting_plate_id":null,"plate_ids":[802,806],"name":"Australia - Antarctica rift"},"geometry":{"type":"LineString","coordinates":[[-113.519,-67.514],[-113.904,-67.681],[-114.943,-67.911],[-116.002,-68.135],[-117.082,-68.351],[-118.182,-68.561],[-119.319,-68.746],[-120.475,-68.924],[-121.649,-69.093],[-122.841,-69.255],[-124.05,-69.408],[-125.276,-69.552],[-126.519,-69.688],[-127.681,-69.902],[-128.867,-70.109],[-130.076,-70.308],[-131.308,-70.498],[-132.563,-70.68],[-133.84,-70.853],[-135.009,-71.083],[-136.206,-71.305],[-137.429,-71.52],[-138.68,-71.726],[-139.663,-72.101],[-140.687,-72.471],[-141.753,-72.836],[-142.864,-73.195],[-143.996,-73.505],[-145.17,-73.809],[-146.387,-74.106],[-147.648,-74.397],[-148.956,-74.679],[-150.254,-75.0],[-151.606,-75.313],[-153.016,-75.618],[-154.484,-75.914],[-155.887,-76.068],[-157.32,-76.213],[-158.971,-76.306],[-160.644,-76.388],[-162.255,-76.407],[-163.869,-76.415],[-165.484,-76.413],[-166.712,-76.149],[-167.895,-75.879],[-169.034,-75.604]]}},{"type":"Feature","properties":{"boundary_type":"other","feature_type":"gpml:ContinentalRift","polarity":null,"overriding_plate_id":null,"subducting_plate_id":null,"plate_ids":[801,802],"name":"Australia - Antarctica rift"},"geometry":{"type":"LineString","coordinates":[[-169.034,-75.604],[-169.932,-75.376],[-171.652,-75.172],[-173.324,-74.956],[-174.949,-74.728],[-176.526,-74.489],[-178.055,-74.239],[-179.537,-73.978],[179.029,-73.708],[177.641,-73.428],[176.298,-73.139],[175.0,-72.842],[173.677,-72.631],[172.387,-72.412],[171.127,-72.184],[169.899,-71.948],[168.702,-71.705],[167.536,-71.455],[166.4,-71.197],[165.109,-71.038],[163.839,-70.869],[162.591,-70.692],[161.365,-70.507],[160.162,-70.314],[158.982,-70.112],[157.825,-69.904],[156.692,-69.687],[155.46,-69.519],[154.247,-69.343],[153.055,-69.158],[151.883,-68.965],[150.732,-68.764],[149.584,-68.573],[148.455,-68.374],[147.347,-68.167],[146.258,-67.953],[145.19,-67.733],[144.158,-67.643],[143.22,-67.53],[142.509,-67.459],[141.803,-67.384],[140.778,-67.309],[139.799,-67.242],[139.19,-67.219],[138.035,-67.187],[137.423,-67.13],[136.765,-67.131],[135.545,-67.133],[134.774,-67.137],[134.023,-67.117],[133.215,-67.065],[132.668,-66.973],[132.367,-66.878],[131.844,-66.717],[131.381,-66.503],[130.685,-66.287],[130.141,-66.173],[129.615,-66.095],[128.76,-66.063],[128.141,-66.062],[127.742,-66.048],[127.068,-66.036],[126.543,-66.01],[125.873,-65.993],[124.772,-65.94],[124.027,-65.939],[122.91,-65.966],[121.96,-65.979],[121.217,-66.028],[120.523,-66.092],[119.747,-66.172],[118.978,-66.272],[118.272,-66.343],[117.735,-66.348],[116.891,-66.287],[116.164,-66.306],[115.358,-66.249],[114.156,-66.174],[113.687,-66.115],[112.774,-66.1],[111.973,-66.113],[111.364,-66.112],[110.562,-66.158],[109.877,-66.19],[108.898,-66.213],[107.823,-66.237],[107.269,-66.23],[106.038,-66.175],[105.3,-66.088],[104.702,-65.94],[103.966,-65.833],[103.47,-65.778],[102.864,-65.653],[102.316,-65.503],[101.686,-65.347],[101.362,-65.248],[101.133,-65.192],[100.265,-65.033],[99.457,-64.904],[98.657,-64.77],[98.027,-64.49],[97.644,-64.282],[97.267,-64.073],[96.896,-63.787],[96.532,-63.5],[95.829,-63.212],[95.14,-62.919],[94.464,-62.624],[93.689,-62.383],[92.927,-62.139],[92.177,-61.89],[91.439,-61.637],[90.575,-61.407],[89.724,-61.172],[88.886,-60.932],[88.06,-60.687],[87.247,-60.436],[86.446,-60.181],[85.833,-59.837],[85.233,-59.491],[84.645,-59.142],[84.068,-58.79],[83.504,-58.436],[82.951,-58.079],[82.408,-57.72],[81.877,-57.359],[81.355,-56.995],[80.844,-56.63],[80.343,-56.262],[79.687,-55.933],[79.042,-55.601],[78.408,-55.265],[77.785,-54.926],[77.172,-54.584],[76.569,-54.238],[75.976,-53.89],[75.394,-53.539],[74.821,-53.185],[74.257,-52.829],[73.702,-52.469],[73.157,-52.108],[72.62,-51.743],[72.092,-51.377],[71.736,-51.136],[71.384,-50.893]]}},{"type":"Feature","properties":{"boundary_type":"other","feature_type":"gpml:ContinentalRift","polarity":null,"overriding_plate_id":null,"subducting_plate_id":null,"plate_ids":[501,802],"name":"Australia - Antarctica rift"},"geometry":{"type":"LineString","coordinates":[[71.384,-50.893],[70.868,-50.531],[70.36,-50.168],[69.86,-49.802],[69.368,-49.433],[69.168,-49.294]]}},{"type":"Feature","properties":{"boundary_type":"transform","feature_type":"gpml:Transform","polarity":null,"overriding_plate_id":null,"subducting_plate_id":null,"plate_ids":[501,701],"name":"Proto Owen Fracture Zone - transform boundary"},"geometry":{"type":"LineString","coordinates":[[56.552,-8.703],[56.714,-8.32],[56.875,-7.937],[57.036,-7.554],[57.197,-7.171]]}},{"type":"Feature","properties":{"boundary_type":"transform","feature_type":"gpml:Transform","polarity":null,"overriding_plate_id":null,"subducting_plate_id":null,"plate_ids":[501,715],"name":"Proto Owen Fracture Zone - transform boundary"},"geometry":{"type":"LineString","coordinates":[[57.197,-7.171],[57.374,-6.749],[57.551,-6.326],[57.728,-5.903],[57.904,-5.48],[58.081,-5.057],[58.257,-4.634],[58.432,-4.21],[58.608,-3.787],[58.783,-3.364],[58.958,-2.941],[59.187,-2.533],[59.415,-2.124],[59.643,-1.716],[59.871,-1.308],[60.099,-0.899],[60.327,-0.491],[60.555,-0.083],[60.783,0.326],[61.011,0.734],[61.239,1.142],[61.453,1.499],[61.668,1.855],[61.882,2.212]]}},{"type":"Feature","properties":{"boundary_type":"transform","feature_type":"gpml:Transform","polarity":null,"overriding_plate_id":null,"subducting_plate_id":null,"plate_ids":[501,530],"name":"Proto Owen Fracture Zone - transform boundary"},"geometry":{"type":"LineString","coordinates":[[61.882,2.212],[62.113,2.594],[62.343,2.976],[62.574,3.357],[62.804,3.739],[63.035,4.121]]}},{"type":"Feature","properties":{"boundary_type":"transform","feature_type":"gpml:Transform","polarity":null,"overriding_plate_id":null,"subducting_plate_id":null,"plate_ids":[529,530],"name":"Proto Owen Fracture Zone - transform boundary"},"geometry":{"type":"LineString","coordinates":[[63.035,4.121],[63.253,4.481],[63.472,4.842],[63.69,5.202],[63.975,5.611],[64.261,6.02],[64.547,6.429],[64.833,6.838],[65.12,7.246],[65.407,7.655],[65.695,8.063],[65.983,8.471],[66.272,8.879],[66.562,9.286],[66.852,9.694],[67.143,10.101],[67.435,10.508],[67.727,10.914],[68.021,11.321],[68.315,11.727],[68.61,12.133],[68.906,12.538],[69.202,12.943],[69.5,13.348],[69.799,13.752],[70.099,14.156],[70.346,14.539],[70.594,14.922],[70.843,15.305],[71.093,15.687],[71.344,16.069],[71.596,16.451]]}},{"type":"Feature","properties":{"boundary_type":"transform","feature_type":"gpml:Transform","polarity":null,"overriding_plate_id":null,"subducting_plate_id":null,"plate_ids":[528,530],"name":"Proto Owen Fracture Zone - transform boundary"},"geometry":{"type":"LineString","coordinates":[[71.596,16.451],[71.872,16.868],[72.149,17.284],[72.427,17.699],[72.707,18.114],[73.008,18.524],[73.31,18.933],[73.613,19.342],[73.918,19.75],[74.225,20.157],[74.533,20.564],[74.843,20.971],[75.155,21.377],[75.468,21.782],[75.783,22.187]]}},{"type":"Feature","properties":{"boundary_type":"transform","feature_type":"gpml:Transform","polarity":null,"overriding_plate_id":null,"subducting_plate_id":null,"plate_ids":[301,528],"name":"Proto Owen Fracture Zone - transform boundary"},"geometry":{"type":"LineString","coordinates":[[75.783,22.187],[75.992,22.453],[76.201,22.719]]}},{"type":"Feature","properties":{"boundary_type":"other","feature_type":"gpml:InferredPaleoBoundary","polarity":null,"overriding_plate_id":null,"subducting_plate_id":null,"plate_ids":[714,715],"name":"Morocco"},"geometry":{"type":"LineString","coordinates":[[18.965,20.298],[19.413,20.049],[19.859,19.798],[20.303,19.546],[20.747,19.293],[21.188,19.038],[21.629,18.783],[22.068,18.527],[22.506,18.27],[22.942,18.012],[23.378,17.752],[23.812,17.492],[24.244,17.231],[24.676,16.969],[25.106,16.706],[25.535,16.443],[25.963,16.178],[26.39,15.912]]}},{"type":"Feature","properties":{"boundary_type":"other","feature_type":"gpml:InferredPaleoBoundary","polarity":null,"overriding_plate_id":null,"subducting_plate_id":null,"plate_ids":[101,301],"name":"NAM EUR 090 055"},"geometry":{"type":"LineString","coordinates":[[13.044,70.103],[13.139,70.17],[13.675,70.485],[14.228,70.799],[14.841,71.217],[15.48,71.633],[16.297,71.991],[17.146,72.346],[18.028,72.696],[18.945,73.043],[19.513,73.39],[20.104,73.734],[20.721,74.077],[22.343,74.308],[24.012,74.527],[25.726,74.733],[27.154,75.039],[28.64,75.335],[30.184,75.621],[31.175,75.899],[32.205,76.172],[33.276,76.441],[34.423,76.767],[35.627,77.087],[36.891,77.401],[38.678,77.55],[40.505,77.687],[42.407,77.771],[44.334,77.843],[46.28,77.9],[47.882,78.084],[49.531,78.258],[51.228,78.422],[52.972,78.576],[54.956,78.851],[57.037,79.113],[59.216,79.359],[61.715,79.474],[64.263,79.569],[66.853,79.644],[69.589,79.665],[72.329,79.662],[75.063,79.637],[77.435,79.664],[79.817,79.675],[82.199,79.668],[84.574,79.643],[86.933,79.601],[89.385,79.51],[91.791,79.401],[94.145,79.274],[96.44,79.129],[98.961,78.997],[101.419,78.845],[103.807,78.674],[106.121,78.484],[108.299,78.355],[110.427,78.211],[112.502,78.052],[114.52,77.877]]}},{"type":"Feature","properties":{"boundary_type":"other","feature_type":"gpml:InferredPaleoBoundary","polarity":null,"overriding_plate_id":null,"subducting_plate_id":null,"plate_ids":[301,409],"name":"NAM EUR 090 055"},"geometry":{"type":"LineString","coordinates":[[114.52,77.877],[116.207,77.716],[117.849,77.545],[119.446,77.364],[121.076,77.147],[122.651,76.92],[124.173,76.684],[125.641,76.44],[127.058,76.187],[128.8,75.937],[130.481,75.675],[132.102,75.401],[133.663,75.116],[135.166,74.822],[136.612,74.518],[138.003,74.204],[139.34,73.883],[140.626,73.553],[141.845,73.205],[143.015,72.849],[144.139,72.487],[145.218,72.12],[146.255,71.746],[147.049,71.401],[147.815,71.053],[148.555,70.701],[149.268,70.347],[149.958,69.99],[150.803,69.602],[151.618,69.21],[152.404,68.815],[153.163,68.415],[153.684,68.042],[154.189,67.667],[154.678,67.291],[155.152,66.913],[155.784,66.558],[156.399,66.2],[156.996,65.84],[157.577,65.478],[158.142,65.114],[158.692,64.748],[159.171,64.425],[159.638,64.1]]}},{"type":"Feature","properties":{"boundary_type":"other","feature_type":"gpml:InferredPaleoBoundary","polarity":null,"overriding_plate_id":null,"subducting_plate_id":null,"plate_ids":[806],"name":"SS ThroughSthNewZealand EmeraldFZ"},"geometry":{"type":"LineString","coordinates":[[-155.546,-65.197],[-155.242,-65.513],[-154.93,-65.827]]}},{"type":"Feature","properties":{"boundary_type":"other","feature_type":"gpml:InferredPaleoBoundary","polarity":null,"overriding_plate_id":null,"subducting_plate_id":null,"plate_ids":[801,806],"name":"SS ThroughSthNewZealand EmeraldFZ"},"geometry":{"type":"LineString","coordinates":[[-154.93,-65.827],[-154.478,-66.27],[-154.009,-66.711],[-153.523,-67.151],[-153.441,-67.637],[-153.355,-68.123],[-153.266,-68.609],[-153.172,-69.095],[-153.075,-69.581],[-152.972,-70.067],[-152.865,-70.553],[-152.753,-71.039],[-153.371,-71.347],[-154.009,-71.653],[-155.048,-71.973],[-156.123,-72.287],[-157.235,-72.595],[-158.385,-72.897],[-159.575,-73.192],[-160.836,-73.511],[-162.143,-73.822],[-163.501,-74.125],[-164.908,-74.419],[-165.844,-74.705],[-166.814,-74.987],[-167.821,-75.264],[-168.864,-75.537],[-169.034,-75.604]]}},{"type":"Feature","properties":{"boundary_type":"transform","feature_type":"gpml:Transform","polarity":null,"overriding_plate_id":null,"subducting_plate_id":null,"plate_ids":[501,701],"name":""},"geometry":{"type":"LineString","coordinates":[[51.321,-14.561],[51.264,-15.053],[51.207,-15.545],[51.149,-16.037],[51.091,-16.529],[51.032,-17.021],[50.974,-17.513],[50.915,-18.005],[50.855,-18.497],[50.796,-18.988],[50.736,-19.48],[50.675,-19.972],[50.614,-20.464],[50.553,-20.956],[50.501,-21.448],[50.448,-21.94],[50.395,-22.432],[50.342,-22.924],[50.288,-23.416],[50.234,-23.908],[50.179,-24.4],[50.124,-24.892],[50.035,-25.353],[49.945,-25.813],[49.855,-26.274],[49.764,-26.734],[49.672,-27.195],[49.579,-27.655],[49.485,-28.115],[49.391,-28.576],[49.296,-29.036],[49.272,-29.501],[49.248,-29.966],[49.224,-30.431],[49.199,-30.896],[49.174,-31.361],[49.149,-31.826],[49.124,-32.291],[49.098,-32.756],[49.072,-33.221],[49.046,-33.686],[49.02,-34.151],[48.993,-34.616],[48.966,-35.081],[48.786,-35.54],[48.603,-35.999],[48.419,-36.457],[48.232,-36.915],[48.043,-37.373],[47.852,-37.831],[47.658,-38.288],[47.462,-38.745],[47.263,-39.202],[47.062,-39.658],[46.858,-40.114],[46.651,-40.57],[46.442,-41.025],[46.229,-41.48],[45.964,-41.902],[45.696,-42.324],[45.424,-42.745],[45.148,-43.166],[44.868,-43.586],[44.584,-44.005],[44.297,-44.424],[44.005,-44.841],[43.709,-45.258],[43.409,-45.675],[43.104,-46.09],[42.794,-46.505],[42.48,-46.918],[42.161,-47.331],[41.615,-47.594],[41.065,-47.855],[40.509,-48.112],[39.947,-48.367],[39.379,-48.62],[38.806,-48.869],[38.228,-49.116],[37.643,-49.359],[37.053,-49.6]]}},{"type":"Feature","properties":{"boundary_type":"transform","feature_type":"gpml:Transform","polarity":null,"overriding_plate_id":null,"subducting_plate_id":null,"plate_ids":[701,802],"name":""},"geometry":{"type":"LineString","coordinates":[[37.053,-49.6],[36.458,-49.837],[35.857,-50.071],[35.251,-50.302],[35.115,-50.759],[34.976,-51.216],[34.834,-51.673],[34.69,-52.129],[34.543,-52.586],[34.392,-53.042]]}},{"type":"Feature","properties":{"boundary_type":"ridge","feature_type":"gpml:MidOceanRidge","polarity":null,"overriding_plate_id":null,"subducting_plate_id":null,"plate_ids":[101,714],"name":"Ridge from iso A25 from NorthAmerica 55.9Ma"},"geometry":{"type":"LineString","coordinates":[[-5.008,31.25],[-5.149,31.024],[-5.289,30.798],[-5.724,30.96],[-6.16,31.12],[-6.598,31.279],[-7.037,31.436],[-7.297,31.149],[-7.555,30.862],[-8.014,30.968],[-8.474,31.072],[-8.76,30.735],[-9.045,30.398],[-9.327,30.06],[-9.608,29.721],[-10.094,29.818],[-10.582,29.912],[-10.836,29.596],[-11.09,29.278],[-11.341,28.961],[-11.591,28.643],[-12.057,28.742],[-12.523,28.84],[-12.705,28.646],[-12.887,28.452],[-13.437,28.567],[-13.988,28.679],[-14.541,28.788],[-14.86,28.426],[-15.177,28.063],[-15.422,28.12],[-15.703,27.783],[-15.981,27.445],[-16.259,27.107],[-16.534,26.768],[-16.808,26.429],[-17.312,26.527],[-17.818,26.622],[-18.324,26.716],[-18.714,26.387],[-19.101,26.057],[-19.486,25.726],[-19.869,25.394],[-20.249,25.061],[-20.56,24.649],[-20.869,24.237],[-21.176,23.825],[-21.482,23.411],[-21.785,22.997],[-22.086,22.583],[-22.451,22.653],[-22.817,22.723],[-23.034,22.392],[-23.25,22.06],[-23.464,21.729],[-23.01,21.649],[-22.557,21.568],[-22.811,21.157],[-23.065,20.746],[-23.316,20.335],[-23.567,19.923],[-23.816,19.511],[-24.064,19.099],[-24.31,18.686],[-24.065,18.63],[-24.278,18.266],[-24.49,17.902],[-24.701,17.538],[-24.911,17.174],[-25.048,17.2],[-25.274,16.764],[-25.498,16.328],[-25.721,15.892],[-25.944,15.456],[-26.165,15.02],[-26.385,14.583],[-26.605,14.147],[-26.824,13.709],[-27.058,13.319],[-27.291,12.928],[-27.523,12.536]]}},{"type":"Feature","properties":{"boundary_type":"ridge","feature_type":"gpml:MidOceanRidge","polarity":null,"overriding_plate_id":null,"subducting_plate_id":null,"plate_ids":[701,802],"name":"Ridge from iso cg04 from Antarctica at 99.0Ma"},"geometry":{"type":"LineString","coordinates":[[4.398,-57.345],[5.085,-57.24],[5.768,-57.132],[6.406,-57.417],[7.054,-57.699],[7.712,-57.978],[8.381,-58.254],[9.059,-58.525],[9.748,-58.794],[10.448,-59.058],[11.159,-59.319],[11.736,-58.922],[12.299,-58.523],[12.85,-58.121],[13.389,-57.717],[13.916,-57.31],[14.614,-57.559],[15.322,-57.804],[16.039,-58.044],[16.766,-58.281],[17.503,-58.513],[18.25,-58.741],[18.648,-58.341],[19.037,-57.94],[19.418,-57.538],[19.79,-57.134],[20.323,-57.267],[20.86,-57.398],[21.161,-57.038],[21.456,-56.677],[21.745,-56.315],[22.532,-56.44],[23.324,-56.561],[23.572,-56.182],[23.814,-55.803],[24.052,-55.423],[24.285,-55.043],[24.514,-54.662],[25.266,-54.777],[26.023,-54.888],[26.784,-54.993],[27.549,-55.094],[27.77,-54.662],[27.986,-54.228],[28.197,-53.795],[28.404,-53.361],[28.607,-52.927],[28.806,-52.493],[29.595,-52.587],[30.388,-52.676],[31.183,-52.76],[31.981,-52.839],[32.782,-52.912],[33.586,-52.98],[34.392,-53.042]]}},{"type":"Feature","properties":{"boundary_type":"ridge","feature_type":"gpml:MidOceanRidge","polarity":null,"overriding_plate_id":null,"subducting_plate_id":null,"plate_ids":[201,701],"name":"Malvinas Ridge Jump"},"geometry":{"type":"LineString","coordinates":[[-8.344,-52.65],[-8.065,-53.094],[-7.779,-53.538],[-7.487,-53.98],[-7.189,-54.422],[-6.885,-54.864],[-6.573,-55.304],[-6.255,-55.744],[-6.037,-56.189],[-5.815,-56.634],[-5.587,-57.078],[-5.353,-57.522],[-5.436,-57.976],[-5.521,-58.43],[-5.608,-58.883],[-5.697,-59.337],[-5.73,-59.705],[-5.763,-60.074]]}},{"type":"Feature","properties":{"boundary_type":"subduction","feature_type":"gpml:SubductionZone","polarity":"Right","overriding_plate_id":802,"subducting_plate_id":985,"plate_ids":[802,985],"name":"ANT tr f Antarcticar COB MG-4-22-07"},"geometry":{"type":"LineString","coordinates":[[-81.352,-69.098],[-81.304,-69.091],[-80.171,-68.88],[-79.06,-68.661],[-78.001,-68.39],[-76.968,-68.113],[-76.093,-67.98],[-75.228,-67.843],[-74.045,-67.662],[-72.882,-67.472],[-72.382,-67.218],[-71.894,-66.962],[-71.182,-66.576],[-70.492,-66.187],[-70.031,-65.859],[-69.581,-65.529],[-69.143,-65.198],[-68.487,-64.953],[-67.843,-64.705],[-67.211,-64.454],[-66.557,-64.127],[-65.919,-63.797],[-65.502,-63.508],[-65.093,-63.218],[-64.692,-62.927],[-64.191,-62.541],[-63.703,-62.153],[-63.227,-61.763],[-62.553,-61.534],[-61.888,-61.302],[-61.069,-61.12],[-60.259,-60.934],[-59.599,-60.627],[-58.951,-60.317],[-58.098,-60.069],[-57.257,-59.816],[-56.43,-59.558],[-55.807,-59.253],[-55.195,-58.946],[-54.595,-58.636],[-53.919,-58.752],[-53.239,-58.865],[-52.436,-58.98],[-51.628,-59.09],[-50.784,-58.933],[-49.947,-58.769],[-49.209,-58.585],[-48.479,-58.397],[-47.757,-58.204],[-47.042,-58.007]]}},{"type":"Feature","properties":{"boundary_type":"subduction","feature_type":"gpml:SubductionZone","polarity":"Right","overriding_plate_id":301,"subducting_plate_id":926,"plate_ids":[301,926],"name":"Japan sub zone fromEarthByte cob MG 4-20-07"},"geometry":{"type":"LineString","coordinates":[[149.583,59.254],[149.762,58.823],[149.936,58.392],[150.106,57.96],[150.272,57.529],[150.434,57.097],[150.593,56.665],[150.669,56.207],[150.744,55.75],[150.816,55.293],[150.887,54.835],[150.957,54.378],[150.948,53.937],[150.939,53.496],[150.931,53.055],[150.922,52.614],[150.914,52.174],[150.826,51.714],[150.739,51.254],[150.654,50.794],[150.678,50.357],[150.702,49.92],[150.725,49.483],[150.748,49.046],[150.77,48.609],[150.669,48.198],[150.57,47.788],[150.473,47.377],[150.377,46.966],[150.269,46.637],[150.162,46.307],[150.056,45.978],[149.822,45.588],[149.591,45.197],[149.364,44.806],[149.001,44.408],[148.642,44.009],[148.425,43.606],[148.21,43.202],[147.616,43.061],[147.025,42.917],[146.437,42.77],[145.852,42.62],[145.421,42.361],[144.992,42.101],[144.568,41.839],[144.146,41.575],[143.729,41.31],[143.241,41.023],[142.758,40.734],[142.279,40.443],[141.959,40.301],[141.64,40.157],[141.226,39.974],[140.813,39.789],[140.403,39.603],[139.983,39.334],[139.566,39.063],[139.195,38.771],[138.826,38.478],[138.461,38.184],[138.173,38.069],[137.887,37.954]]}},{"type":"Feature","properties":{"boundary_type":"subduction","feature_type":"gpml:SubductionZone","polarity":"Left","overriding_plate_id":301,"subducting_plate_id":926,"plate_ids":[301,926],"name":"Junction Subduction Zone"},"geometry":{"type":"LineString","coordinates":[[128.281,17.736],[128.342,18.227],[128.402,18.718],[128.463,19.209],[128.525,19.7],[128.805,20.082],[129.086,20.463],[129.369,20.845],[129.653,21.225],[129.939,21.606],[130.227,21.985],[130.516,22.365],[130.753,22.774],[130.993,23.183],[131.233,23.592],[131.475,24.001],[131.719,24.409],[131.965,24.817],[132.212,25.224],[132.46,25.631],[132.697,26.069],[132.936,26.506],[133.176,26.944],[133.419,27.381],[133.663,27.817],[133.91,28.253],[134.158,28.689],[134.408,29.124],[134.661,29.558],[134.916,29.992]]}},{"type":"Feature","properties":{"boundary_type":"subduction","feature_type":"gpml:SubductionZone","polarity":"Right","overriding_plate_id":101,"subducting_plate_id":902,"plate_ids":[101,902],"name":"Western NAM subduction"},"geometry":{"type":"LineString","coordinates":[[-65.66,21.452],[-66.06,21.669],[-66.461,21.886],[-66.84,22.187],[-67.221,22.487],[-67.603,22.787],[-67.987,23.085],[-68.373,23.382],[-68.761,23.679],[-69.15,23.974],[-69.299,24.446],[-69.45,24.918],[-69.602,25.39],[-69.755,25.862],[-69.91,26.334],[-70.065,26.805],[-70.332,27.191],[-70.601,27.576],[-70.871,27.96],[-71.143,28.344],[-71.418,28.727],[-71.694,29.11],[-71.906,29.41],[-72.119,29.711],[-72.334,30.011],[-72.519,30.381],[-72.706,30.751],[-72.894,31.121],[-73.083,31.491],[-73.217,31.817],[-73.351,32.143],[-73.487,32.469],[-73.681,32.834],[-73.877,33.198],[-74.075,33.562],[-74.173,33.909],[-74.271,34.256],[-74.37,34.603],[-74.497,34.986],[-74.624,35.37],[-74.753,35.753],[-74.883,36.136],[-74.98,36.602],[-75.077,37.069],[-75.405,37.461],[-75.737,37.853],[-76.072,38.243],[-76.41,38.633],[-76.727,38.867],[-77.047,39.101],[-77.368,39.333],[-77.773,39.597],[-78.181,39.86],[-78.592,40.121],[-78.839,40.41],[-79.089,40.7],[-79.466,41.036],[-79.848,41.37],[-80.231,41.559],[-80.616,41.746],[-81.003,41.933],[-81.148,42.296],[-81.294,42.659],[-81.443,43.022],[-81.773,43.456],[-82.108,43.89],[-82.448,44.323],[-82.717,44.694],[-82.989,45.063],[-83.265,45.432],[-83.545,45.801],[-83.828,46.168],[-83.976,46.589],[-84.126,47.01],[-84.278,47.431],[-84.433,47.851],[-84.585,48.224],[-84.739,48.596],[-84.895,48.969],[-85.054,49.341],[-84.933,49.8],[-84.809,50.26],[-84.683,50.719],[-84.555,51.178],[-84.271,51.645],[-83.982,52.112],[-83.687,52.577],[-83.386,53.042],[-83.036,53.485],[-82.678,53.928],[-82.313,54.368],[-81.94,54.808],[-81.768,55.239],[-81.591,55.67],[-81.411,56.101],[-81.227,56.531],[-81.039,56.961],[-80.846,57.391],[-81.262,57.762],[-81.686,58.131],[-82.12,58.499],[-82.562,58.865],[-83.074,59.151],[-83.594,59.435],[-84.122,59.717],[-84.66,59.997],[-84.923,60.382],[-85.192,60.766],[-85.628,61.183],[-86.075,61.598],[-86.413,61.897],[-86.758,62.194],[-87.109,62.491],[-87.455,62.886],[-87.874,63.338],[-88.305,63.789],[-88.489,64.142],[-88.678,64.496],[-88.872,64.849],[-88.941,65.279],[-89.011,65.71],[-89.127,66.041],[-89.246,66.373],[-89.369,66.705],[-89.665,67.077],[-89.474,67.546],[-89.785,67.915],[-89.873,68.269],[-90.282,68.729],[-90.965,69.156],[-91.264,69.344],[-91.629,69.708],[-92.147,70.034],[-92.539,70.397],[-92.919,70.845],[-93.108,71.09],[-93.302,71.335],[-93.358,71.597],[-93.415,71.86],[-93.596,72.293],[-93.786,72.727]]}},{"type":"Feature","properties":{"boundary_type":"other","feature_type":"gpml:TerraneBoundary","polarity":null,"overriding_plate_id":null,"subducting_plate_id":null,"plate_ids":[201,802],"name":"E/W ANT"},"geometry":{"type":"LineString","coordinates":[[-47.434,-61.188],[-47.023,-60.917],[-46.619,-60.646],[-46.125,-60.314],[-45.642,-59.98],[-45.168,-59.645],[-44.771,-59.442],[-44.379,-59.237]]}},{"type":"Feature","properties":{"boundary_type":"other","feature_type":"gpml:TerraneBoundary","polarity":null,"overriding_plate_id":null,"subducting_plate_id":null,"plate_ids":[101,301],"name":"North Greenland boundary"},"geometry":{"type":"LineString","coordinates":[[1.107,69.392],[1.633,69.525],[3.033,69.614],[4.444,69.692],[5.865,69.759],[6.84,69.891],[7.828,70.016],[8.827,70.136],[9.613,70.278],[10.409,70.415],[11.348,70.239],[12.073,70.179],[12.793,70.116],[13.044,70.103]]}},{"type":"Feature","properties":{"boundary_type":"other","feature_type":"gpml:TerraneBoundary","polarity":null,"overriding_plate_id":null,"subducting_plate_id":null,"plate_ids":[201,714],"name":"Northwest Africa-Benue Trough"},"geometry":{"type":"LineString","coordinates":[[-0.338,-7.58],[0.133,-7.475],[0.603,-7.371],[1.073,-7.265],[1.543,-7.159]]}},{"type":"Feature","properties":{"boundary_type":"other","feature_type":"gpml:TerraneBoundary","polarity":null,"overriding_plate_id":null,"subducting_plate_id":null,"plate_ids":[701,714],"name":"Northwest Africa-Benue Trough"},"geometry":{"type":"LineString","coordinates":[[1.543,-7.159],[1.877,-7.084],[2.212,-7.008],[2.546,-6.932],[2.964,-6.795],[3.381,-6.657],[3.799,-6.52],[4.216,-6.381],[4.633,-6.243],[5.017,-6.104],[5.401,-5.964],[5.785,-5.824],[6.168,-5.683],[6.552,-5.543],[6.883,-5.422],[7.214,-5.3],[7.669,-5.16],[8.124,-5.019],[8.461,-4.935],[8.797,-4.85],[9.216,-4.734],[9.494,-4.595],[9.813,-4.516],[10.131,-4.437],[10.516,-4.353],[10.901,-4.269],[11.243,-4.236],[11.584,-4.204],[11.926,-4.171],[12.288,-4.162],[12.65,-4.152]]}},{"type":"Feature","properties":{"boundary_type":"other","feature_type":"gpml:TerraneBoundary","polarity":null,"overriding_plate_id":null,"subducting_plate_id":null,"plate_ids":[714,715],"name":"Northwest Africa-Benue Trough"},"geometry":{"type":"LineString","coordinates":[[12.65,-4.152],[12.964,-4.162],[13.278,-4.171],[13.659,-4.141],[14.04,-4.11],[14.42,-4.079]]}},{"type":"Feature","properties":{"boundary_type":"other","feature_type":"gpml:TerraneBoundary","polarity":null,"overriding_plate_id":null,"subducting_plate_id":null,"plate_ids":[201,701],"name":"Parana Basin-Patagonia"},"geometry":{"type":"LineString","coordinates":[[-11.659,-52.656],[-10.996,-52.663],[-10.333,-52.665],[-9.67,-52.664],[-9.007,-52.659],[-8.344,-52.65]]}},{"type":"Feature","properties":{"boundary_type":"transform","feature_type":"gpml:Transform","polarity":null,"overriding_plate_id":null,"subducting_plate_id":null,"plate_ids":[301,304],"name":"North Porcupine Transform"},"geometry":{"type":"LineString","coordinates":[[7.749,36.4],[8.105,35.993],[8.456,35.585]]}},{"type":"Feature","properties":{"boundary_type":"subduction","feature_type":"gpml:SubductionZone","polarity":"Left","overriding_plate_id":308,"subducting_plate_id":530,"plate_ids":[308,530],"name":"Tethyan Subduction after Afghan block Accretion AG 2012"},"geometry":{"type":"LineString","coordinates":[[51.889,30.632],[51.925,30.633]]}},{"type":"Feature","properties":{"boundary_type":"subduction","feature_type":"gpml:SubductionZone","polarity":"Left","overriding_plate_id":301,"subducting_plate_id":530,"plate_ids":[301,530],"name":"Tethyan Subduction after Afghan block Accretion AG 2012"},"geometry":{"type":"LineString","coordinates":[[51.925,30.633],[52.353,30.653],[52.897,30.586],[53.441,30.516],[53.984,30.444],[54.526,30.37],[54.876,30.154],[55.225,29.938],[55.571,29.722],[55.97,29.412],[56.366,29.102],[56.76,28.79],[57.218,28.661],[57.676,28.53],[58.132,28.398],[58.551,28.103],[58.968,27.807],[59.382,27.51],[59.792,27.337],[60.201,27.162],[60.592,26.939],[60.983,26.716],[61.245,26.465],[61.506,26.213],[61.767,25.961],[62.144,25.857],[62.52,25.753],[62.896,25.648],[63.275,25.287],[63.652,24.926],[63.927,24.629],[64.201,24.332],[64.474,24.035],[64.883,23.871],[65.37,23.958],[65.859,24.043],[66.122,23.88],[66.385,23.716],[66.523,23.351],[66.661,22.985],[66.798,22.62],[67.314,22.488],[67.83,22.354],[68.345,22.219],[68.859,22.082],[69.115,22.11]]}},{"type":"Feature","properties":{"boundary_type":"subduction","feature_type":"gpml:SubductionZone","polarity":"Left","overriding_plate_id":301,"subducting_plate_id":530,"plate_ids":[301,530],"name":"Subduction Zone - A Gibbons Phd 2012"},"geometry":{"type":"LineString","coordinates":[[69.115,22.11],[69.477,21.834],[69.838,21.558],[70.197,21.281],[70.693,21.365],[71.189,21.448],[71.686,21.529],[72.183,21.609],[72.681,21.688],[73.179,21.765],[73.678,21.84],[74.177,21.914],[74.677,21.986],[75.178,22.057],[75.679,22.127],[75.783,22.187]]}},{"type":"Feature","properties":{"boundary_type":"subduction","feature_type":"gpml:SubductionZone","polarity":"Right","overriding_plate_id":806,"subducting_plate_id":983,"plate_ids":[806,983],"name":"West Ant SZ"},"geometry":{"type":"LineString","coordinates":[[-119.781,-67.177],[-118.544,-67.264],[-117.298,-67.341],[-116.044,-67.408],[-114.784,-67.466],[-113.519,-67.514]]}},{"type":"Feature","properties":{"boundary_type":"subduction","feature_type":"gpml:SubductionZone","polarity":"Right","overriding_plate_id":802,"subducting_plate_id":983,"plate_ids":[802,983],"name":"West Ant SZ"},"geometry":{"type":"LineString","coordinates":[[-113.519,-67.514],[-112.415,-67.547],[-111.31,-67.68],[-110.194,-67.805],[-109.066,-67.922],[-107.927,-68.032],[-106.778,-68.133],[-105.618,-68.227],[-104.45,-68.312],[-103.226,-68.424],[-101.99,-68.526],[-100.743,-68.619],[-99.487,-68.703],[-98.258,-68.78],[-97.02,-68.849]]}},{"type":"Feature","properties":{"boundary_type":"subduction","feature_type":"gpml:SubductionZone","polarity":"Right","overriding_plate_id":802,"subducting_plate_id":985,"plate_ids":[802,985],"name":"West Ant SZ"},"geometry":{"type":"LineString","coordinates":[[-97.02,-68.849],[-95.878,-68.903],[-94.73,-68.951],[-93.577,-68.99],[-92.421,-69.022],[-91.261,-69.045],[-90.029,-69.083],[-88.793,-69.112],[-87.553,-69.132],[-86.313,-69.143],[-85.071,-69.145],[-83.83,-69.138],[-82.59,-69.123],[-81.352,-69.098]]}},{"type":"Feature","properties":{"boundary_type":"subduction","feature_type":"gpml:SubductionZone","polarity":"Right","overriding_plate_id":101,"subducting_plate_id":902,"plate_ids":[101,902],"name":"Alaska Subduction GS"},"geometry":{"type":"LineString","coordinates":[[-93.786,72.727],[-95.335,72.672],[-96.874,72.605],[-98.4,72.526],[-99.986,72.573],[-101.579,72.608],[-103.177,72.63],[-104.778,72.639],[-106.38,72.635],[-107.98,72.619]]}},{"type":"Feature","properties":{"boundary_type":"subduction","feature_type":"gpml:SubductionZone","polarity":"Right","overriding_plate_id":101,"subducting_plate_id":926,"plate_ids":[101,926],"name":"Alaska Subduction GS"},"geometry":{"type":"LineString","coordinates":[[-107.98,72.619],[-109.467,72.593],[-110.949,72.555],[-112.424,72.507],[-113.89,72.447],[-115.345,72.377],[-116.849,72.454],[-118.365,72.52],[-119.89,72.574],[-121.424,72.616],[-122.964,72.647],[-124.289,72.837],[-125.643,73.019],[-127.024,73.192],[-128.432,73.356],[-129.866,73.509],[-131.326,73.653],[-132.81,73.787],[-133.953,73.986]]}},{"type":"Feature","properties":{"boundary_type":"subduction","feature_type":"gpml:SubductionZone","polarity":"Right","overriding_plate_id":409,"subducting_plate_id":926,"plate_ids":[409,926],"name":"Alaska Subduction GS"},"geometry":{"type":"LineString","coordinates":[[-133.953,73.986],[-135.425,74.228],[-136.941,74.46],[-138.501,74.681],[-140.104,74.891],[-141.751,75.089],[-143.439,75.276],[-145.262,75.462],[-147.131,75.635],[-149.041,75.792],[-150.991,75.934],[-152.978,76.06],[-154.88,76.107],[-156.792,76.139],[-158.711,76.157],[-160.633,76.159],[-162.553,76.147],[-164.468,76.119],[-166.266,75.991],[-168.03,75.849],[-169.759,75.695],[-171.45,75.529],[-173.102,75.351],[-174.714,75.161],[-176.285,74.961],[-177.815,74.75],[-179.303,74.529],[179.124,74.366],[177.583,74.192],[176.076,74.007]]}},{"type":"Feature","properties":{"boundary_type":"other","feature_type":"gpml:Fault","polarity":null,"overriding_plate_id":null,"subducting_plate_id":null,"plate_ids":[101,409],"name":"Alaska"},"geometry":{"type":"LineString","coordinates":[[-133.953,73.986],[-134.189,74.462],[-134.439,74.937],[-134.706,75.412],[-134.99,75.887],[-135.293,76.361],[-135.618,76.835],[-135.967,77.308],[-137.56,77.646],[-139.239,77.975],[-141.011,78.293],[-142.877,78.599],[-144.844,78.894],[-146.914,79.174],[-149.089,79.44],[-151.019,79.637],[-153.02,79.823],[-155.093,79.995],[-157.234,80.154],[-159.443,80.3],[-162.207,80.407],[-165.026,80.491],[-167.888,80.553],[-170.781,80.591],[-173.69,80.605],[-176.6,80.596],[-179.497,80.563],[177.813,80.538],[175.143,80.492],[172.504,80.427],[169.906,80.341],[167.357,80.237],[164.867,80.114],[162.442,79.973],[160.087,79.815],[157.471,79.812],[154.863,79.787],[152.272,79.742],[149.708,79.677],[147.181,79.592],[144.699,79.487],[142.27,79.364],[139.652,79.366],[137.038,79.346],[134.439,79.304],[131.864,79.242],[129.324,79.158],[126.827,79.054],[124.381,78.93],[121.993,78.787],[120.017,78.578],[118.113,78.356],[116.281,78.122],[114.52,77.877]]}},{"type":"Feature","properties":{"boundary_type":"subduction","feature_type":"gpml:SubductionZone","polarity":"Left","overriding_plate_id":301,"subducting_plate_id":926,"plate_ids":[301,926],"name":"OCVB Subduction Zone GS (DNSC, Layer et al., 2001)"},"geometry":{"type":"LineString","coordinates":[[149.583,59.254],[150.206,59.581],[150.842,59.905],[151.489,60.226],[152.15,60.544],[152.823,60.859],[153.51,61.17],[154.21,61.478],[154.924,61.782],[155.653,62.082],[156.396,62.379],[157.014,62.729],[157.647,63.076],[158.295,63.42],[158.958,63.762],[159.638,64.1]]}},{"type":"Feature","properties":{"boundary_type":"subduction","feature_type":"gpml:SubductionZone","polarity":"Left","overriding_plate_id":409,"subducting_plate_id":926,"plate_ids":[409,926],"name":"OCVB Subduction Zone GS (DNSC, Layer et al., 2001)"},"geometry":{"type":"LineString","coordinates":[[159.638,64.1],[160.165,64.354],[160.701,64.606],[161.247,64.857],[161.794,65.267],[162.358,65.676],[162.94,66.082],[163.542,66.486],[164.163,66.888],[164.804,67.287],[165.468,67.684],[166.154,68.078],[166.816,68.454],[167.502,68.828],[168.21,69.199],[168.944,69.567],[169.702,69.932],[170.488,70.294],[170.858,70.651],[171.242,71.007],[171.7,71.442],[172.178,71.875],[172.68,72.308],[173.468,72.738],[174.295,73.165],[175.163,73.588],[176.076,74.007]]}},{"type":"Feature","properties":{"boundary_type":"ridge","feature_type":"gpml:MidOceanRidge","polarity":null,"overriding_plate_id":null,"subducting_plate_id":null,"plate_ids":[901,926],"name":"IZA-PAC MOR"},"geometry":{"type":"LineString","coordinates":[[161.783,-10.275],[161.771,-10.265],[161.277,-10.272],[160.783,-10.279],[160.289,-10.286],[159.795,-10.291],[159.301,-10.296],[158.807,-10.3],[158.313,-10.303],[157.818,-10.306],[157.324,-10.308],[156.83,-10.309],[156.336,-10.309],[155.842,-10.309],[155.348,-10.307]]}},{"type":"Feature","properties":{"boundary_type":"ridge","feature_type":"gpml:MidOceanRidge","polarity":null,"overriding_plate_id":null,"subducting_plate_id":null,"plate_ids":[901,926],"name":"IZA-PAC MOR"},"geometry":{"type":"LineString","coordinates":[[160.521,2.768],[160.511,2.756],[160.598,2.284],[160.685,1.811],[160.772,1.339],[160.859,0.866],[160.947,0.394],[161.034,-0.078],[161.121,-0.551],[161.208,-1.023],[161.295,-1.496],[161.382,-1.968],[161.469,-2.441],[161.489,-2.931],[161.509,-3.421],[161.53,-3.911],[161.55,-4.402],[161.57,-4.892],[161.59,-5.382],[161.61,-5.872],[161.631,-6.363],[161.651,-6.853],[161.671,-7.343],[161.692,-7.833],[161.712,-8.324],[161.732,-8.814],[161.753,-9.304],[161.774,-9.794],[161.794,-10.285],[161.783,-10.275]]}},{"type":"Feature","properties":{"boundary_type":"ridge","feature_type":"gpml:MidOceanRidge","polarity":null,"overriding_plate_id":null,"subducting_plate_id":null,"plate_ids":[901,926],"name":"IZA-PAC MOR"},"geometry":{"type":"LineString","coordinates":[[169.742,5.159],[169.751,5.155],[169.264,5.033],[168.778,4.91],[168.291,4.787],[167.805,4.664],[167.319,4.54],[166.833,4.416],[166.348,4.292],[165.862,4.168],[165.377,4.043],[164.892,3.917],[164.407,3.792],[163.922,3.666],[163.437,3.54],[162.952,3.414],[162.468,3.287],[161.983,3.161],[161.499,3.034],[161.015,2.906],[160.531,2.779],[160.521,2.768]]}},{"type":"Feature","properties":{"boundary_type":"ridge","feature_type":"gpml:MidOceanRidge","polarity":null,"overriding_plate_id":null,"subducting_plate_id":null,"plate_ids":[901,926],"name":"IZA-PAC MOR"},"geometry":{"type":"LineString","coordinates":[[174.121,12.571],[174.141,12.578],[173.684,12.429],[173.227,12.28],[172.771,12.131],[172.315,11.98],[171.86,11.829],[171.406,11.677],[170.952,11.524],[170.498,11.371],[170.045,11.216],[169.592,11.062],[169.14,10.906],[168.689,10.75],[168.238,10.593],[168.364,10.141],[168.49,9.689],[168.615,9.236],[168.741,8.784],[168.866,8.331],[168.99,7.879],[169.115,7.426],[169.239,6.974],[169.363,6.521],[169.487,6.068],[169.61,5.616],[169.733,5.163],[169.742,5.159]]}},{"type":"Feature","properties":{"boundary_type":"ridge","feature_type":"gpml:MidOceanRidge","polarity":null,"overriding_plate_id":null,"subducting_plate_id":null,"plate_ids":[901,926],"name":"IZA-PAC MOR"},"geometry":{"type":"LineString","coordinates":[[-178.873,16.398],[-178.882,16.402],[-179.33,16.275],[-179.777,16.146],[179.776,16.017],[179.33,15.887],[179.442,15.493],[179.553,15.099],[179.664,14.706],[179.775,14.312],[179.299,14.171],[178.824,14.029],[178.349,13.887],[177.875,13.743],[177.401,13.599],[176.928,13.454],[176.456,13.307],[175.984,13.16],[175.512,13.012],[175.042,12.864],[174.571,12.714],[174.102,12.564],[174.121,12.571]]}},{"type":"Feature","properties":{"boundary_type":"ridge","feature_type":"gpml:MidOceanRidge","polarity":null,"overriding_plate_id":null,"subducting_plate_id":null,"plate_ids":[901,926],"name":"IZA-PAC MOR"},"geometry":{"type":"LineString","coordinates":[[-173.861,17.719],[-174.365,17.592],[-174.868,17.464],[-175.37,17.335],[-175.871,17.204],[-176.371,17.072],[-176.871,16.939],[-177.371,16.804],[-177.869,16.669],[-178.367,16.532],[-178.864,16.394],[-178.873,16.398]]}},{"type":"Feature","properties":{"boundary_type":"ridge","feature_type":"gpml:MidOceanRidge","polarity":null,"overriding_plate_id":null,"subducting_plate_id":null,"plate_ids":[901,926],"name":"IZA-PAC MOR"},"geometry":{"type":"LineString","coordinates":[[-156.577,30.058],[-156.55,30.067],[-156.637,30.525],[-156.724,30.982],[-156.812,31.439],[-156.9,31.896],[-156.99,32.353],[-157.081,32.81],[-157.172,33.267],[-157.265,33.723],[-157.845,33.647],[-158.424,33.568],[-159.002,33.487],[-159.579,33.402],[-160.155,33.315],[-160.73,33.226],[-161.303,33.133],[-161.875,33.038],[-162.446,32.941],[-163.016,32.841],[-163.584,32.738],[-164.152,32.633],[-164.717,32.525],[-165.282,32.415],[-165.845,32.302],[-166.406,32.187],[-166.966,32.069],[-167.525,31.949],[-168.082,31.826],[-167.944,31.342],[-167.807,30.857],[-167.671,30.372],[-167.537,29.888],[-167.404,29.403],[-167.272,28.917],[-167.141,28.432],[-167.012,27.947],[-166.884,27.461],[-166.757,26.976],[-166.631,26.49],[-166.506,26.004],[-166.382,25.518],[-166.259,25.032],[-166.137,24.546],[-166.016,24.06],[-165.896,23.573],[-165.777,23.087],[-165.659,22.6],[-165.541,22.114],[-166.053,22.003],[-166.564,21.891],[-167.074,21.777],[-167.583,21.662],[-168.091,21.545],[-168.599,21.426],[-169.105,21.306],[-168.988,20.841],[-168.872,20.375],[-168.757,19.91],[-168.642,19.444],[-168.528,18.978],[-169.016,18.87],[-169.503,18.76],[-169.99,18.65],[-170.476,18.538],[-170.962,18.424],[-171.447,18.31],[-171.931,18.194],[-172.415,18.077],[-172.897,17.959],[-173.38,17.84],[-173.861,17.719]]}},{"type":"Feature","properties":{"boundary_type":"ridge","feature_type":"gpml:MidOceanRidge","polarity":null,"overriding_plate_id":null,"subducting_plate_id":null,"plate_ids":[901,926],"name":"IZA-PAC MOR"},"geometry":{"type":"LineString","coordinates":[[-140.139,31.201],[-140.515,31.187],[-140.89,31.171],[-141.456,31.164],[-142.022,31.155],[-142.587,31.143],[-143.153,31.128],[-143.718,31.111],[-144.283,31.092],[-144.848,31.07],[-145.413,31.046],[-145.977,31.019],[-146.541,30.989],[-147.105,30.958],[-147.668,30.923],[-148.231,30.887],[-148.793,30.848],[-149.355,30.806],[-149.916,30.762],[-150.477,30.716],[-151.037,30.667],[-151.597,30.616],[-152.156,30.563],[-152.715,30.507],[-153.273,30.449],[-153.83,30.388],[-154.386,30.325],[-154.942,30.26],[-155.497,30.192],[-156.051,30.122],[-156.605,30.049],[-156.577,30.058]]}},{"type":"Feature","properties":{"boundary_type":"ridge","feature_type":"gpml:MidOceanRidge","polarity":null,"overriding_plate_id":null,"subducting_plate_id":null,"plate_ids":[901,926],"name":"IZA-PAC MOR"},"geometry":{"type":"LineString","coordinates":[[-132.914,31.018],[-133.492,31.038],[-134.072,31.057],[-134.622,31.081],[-135.173,31.104],[-135.724,31.124],[-136.276,31.142],[-136.827,31.157],[-137.379,31.17],[-137.931,31.181],[-138.483,31.19],[-139.035,31.196],[-139.587,31.199],[-140.139,31.201]]}},{"type":"Feature","properties":{"boundary_type":"subduction","feature_type":"gpml:SubductionZone","polarity":"Left","overriding_plate_id":301,"subducting_plate_id":926,"plate_ids":[301,926],"name":"Barito Sea Subduction"},"geometry":{"type":"LineString","coordinates":[[120.891,-3.814],[121.366,-3.955],[121.841,-4.096],[122.316,-4.237],[122.792,-4.378],[123.268,-4.518],[123.684,-4.394],[124.1,-4.27],[124.517,-4.146],[124.933,-4.022],[125.355,-3.861],[125.777,-3.7],[126.2,-3.538],[126.622,-3.377],[127.043,-3.215],[127.465,-3.053],[127.887,-2.891],[128.308,-2.729],[128.729,-2.567],[129.206,-2.459],[129.682,-2.352],[130.158,-2.244],[130.634,-2.136],[131.109,-2.027],[131.585,-1.919],[132.061,-1.811],[132.537,-1.702],[133.012,-1.593]]}},{"type":"Feature","properties":{"boundary_type":"subduction","feature_type":"gpml:SubductionZone","polarity":"Left","overriding_plate_id":301,"subducting_plate_id":926,"plate_ids":[301,926],"name":"North Borneo subduction"},"geometry":{"type":"LineString","coordinates":[[132.678,-0.898],[132.189,-0.832],[131.7,-0.766],[131.263,-0.772],[130.827,-0.778],[130.39,-0.783],[129.954,-0.789],[129.517,-0.795],[129.081,-0.8],[128.644,-0.806],[128.215,-0.555],[127.786,-0.304],[127.357,-0.053],[126.928,0.198],[126.499,0.449],[126.285,0.899],[126.072,1.349],[125.858,1.799],[125.765,2.236],[125.671,2.673],[125.578,3.11],[125.582,3.469],[125.586,3.827],[125.529,4.309],[125.472,4.79],[125.415,5.272],[125.358,5.753],[125.202,6.191],[125.046,6.628],[124.889,7.065]]}},{"type":"Feature","properties":{"boundary_type":"subduction","feature_type":"gpml:SubductionZone","polarity":"Left","overriding_plate_id":301,"subducting_plate_id":926,"plate_ids":[301,926],"name":"Proto South China Sea opening"},"geometry":{"type":"LineString","coordinates":[[124.889,7.065],[125.091,7.469],[125.294,7.873],[125.497,8.276],[125.7,8.679],[125.904,9.083],[126.109,9.486],[126.313,9.889],[126.519,10.292],[126.597,10.706],[126.676,11.121],[126.755,11.535],[126.834,11.949],[126.914,12.364],[126.993,12.778],[127.107,13.246],[127.221,13.715],[127.336,14.183],[127.451,14.651],[127.566,15.119],[127.682,15.587],[127.773,16.051],[127.865,16.516],[127.957,16.98],[128.049,17.444],[128.281,17.736]]}},{"type":"Feature","properties":{"boundary_type":"subduction","feature_type":"gpml:SubductionZone","polarity":"Left","overriding_plate_id":787,"subducting_plate_id":501,"plate_ids":[501,787],"name":"Sunda Jurassic-Cretaceous subduction"},"geometry":{"type":"LineString","coordinates":[[94.163,1.859],[94.465,1.666],[94.768,1.472],[95.071,1.278],[95.454,0.995],[95.837,0.712],[96.22,0.429],[96.602,0.146],[96.985,-0.137],[97.368,-0.419],[97.751,-0.677],[98.135,-0.934],[98.518,-1.191],[98.902,-1.448],[99.286,-1.705],[99.669,-1.962],[100.053,-2.218],[100.47,-2.415],[100.887,-2.612],[101.304,-2.809],[101.722,-3.006],[102.139,-3.202],[102.557,-3.398],[102.975,-3.594],[103.393,-3.79],[103.858,-3.898],[104.322,-4.005],[104.787,-4.112],[105.253,-4.219],[105.718,-4.325],[106.183,-4.432],[106.649,-4.538],[107.125,-4.667],[107.602,-4.797],[108.078,-4.926],[108.555,-5.055],[109.032,-5.184],[109.509,-5.312],[109.987,-5.44],[110.464,-5.567],[110.942,-5.695],[111.42,-5.821],[111.898,-5.948],[112.289,-6.199],[112.681,-6.45],[113.073,-6.701],[113.465,-6.951],[113.858,-7.201],[114.251,-7.451],[114.645,-7.7],[115.048,-7.897],[115.451,-8.094],[115.855,-8.291],[116.259,-8.487]]}},{"type":"Feature","properties":{"boundary_type":"subduction","feature_type":"gpml:SubductionZone","polarity":"Left","overriding_plate_id":926,"subducting_plate_id":501,"plate_ids":[501,926],"name":"Sunda Jurassic-Cretaceous subduction"},"geometry":{"type":"LineString","coordinates":[[116.259,-8.487],[116.663,-8.683],[117.067,-8.878],[117.472,-9.073],[117.878,-9.267],[118.284,-9.461],[118.69,-9.655],[119.103,-9.855],[119.517,-10.055],[119.931,-10.255],[120.346,-10.454],[120.762,-10.652],[121.178,-10.85],[121.594,-11.048],[122.011,-11.245],[122.457,-11.073],[122.903,-10.901],[123.349,-10.728],[123.794,-10.554],[124.238,-10.38],[124.682,-10.205],[124.979,-9.893],[125.276,-9.58],[125.573,-9.267],[125.869,-8.954]]}},{"type":"Feature","properties":{"boundary_type":"transform","feature_type":"gpml:Transform","polarity":null,"overriding_plate_id":null,"subducting_plate_id":null,"plate_ids":[501,787],"name":"Proto Andaman transform"},"geometry":{"type":"LineString","coordinates":[[94.163,1.859],[94.402,2.295],[94.642,2.731]]}},{"type":"Feature","properties":{"boundary_type":"transform","feature_type":"gpml:Transform","polarity":null,"overriding_plate_id":null,"subducting_plate_id":null,"plate_ids":[529,787],"name":"Proto Andaman transform"},"geometry":{"type":"LineString","coordinates":[[94.642,2.731],[94.676,2.792],[94.897,3.197],[95.118,3.602],[95.34,4.007],[95.562,4.412],[95.784,4.816],[96.006,5.221],[96.228,5.625],[96.451,6.03],[96.674,6.434],[96.898,6.838],[97.122,7.242],[97.308,7.621],[97.495,7.999],[97.682,8.377],[97.869,8.755],[98.057,9.133]]}},{"type":"Feature","properties":{"boundary_type":"transform","feature_type":"gpml:Transform","polarity":null,"overriding_plate_id":null,"subducting_plate_id":null,"plate_ids":[528,787],"name":"Proto Andaman transform"},"geometry":{"type":"LineString","coordinates":[[98.057,9.133],[98.26,9.542],[98.465,9.951],[98.669,10.359],[98.874,10.768],[99.08,11.177],[99.287,11.585],[99.447,11.904],[99.608,12.224],[99.769,12.543]]}},{"type":"Feature","properties":{"boundary_type":"transform","feature_type":"gpml:Transform","polarity":null,"overriding_plate_id":null,"subducting_plate_id":null,"plate_ids":[301,787],"name":"Proto Andaman transform"},"geometry":{"type":"LineString","coordinates":[[99.769,12.543],[99.984,12.968],[100.199,13.392],[100.415,13.815],[100.632,14.239],[100.85,14.662],[101.069,15.086]]}},{"type":"Feature","properties":{"boundary_type":"subduction","feature_type":"gpml:SubductionZone","polarity":"Left","overriding_plate_id":801,"subducting_plate_id":901,"plate_ids":[801,901],"name":"Philippines Late Cretaceous back-arc"},"geometry":{"type":"LineString","coordinates":[[161.51,-28.508],[161.327,-28.053],[161.145,-27.597],[160.965,-27.141],[160.786,-26.685],[160.609,-26.229],[160.505,-25.821],[160.401,-25.413],[160.299,-25.005],[160.197,-24.598],[160.095,-24.19],[159.995,-23.781],[159.924,-23.3],[159.854,-22.818],[159.785,-22.336],[159.716,-21.854],[159.647,-21.372],[159.549,-20.95],[159.452,-20.529],[159.356,-20.108],[159.259,-19.687],[159.089,-19.222],[158.919,-18.756],[158.75,-18.291],[158.582,-17.826],[158.415,-17.36],[158.249,-16.894],[158.114,-16.434],[157.979,-15.974],[157.845,-15.513],[157.712,-15.053],[157.579,-14.592],[157.447,-14.131],[157.316,-13.671],[157.185,-13.21]]}},{"type":"Feature","properties":{"boundary_type":"subduction","feature_type":"gpml:SubductionZone","polarity":"Left","overriding_plate_id":529,"subducting_plate_id":501,"plate_ids":[501,529],"name":"Kohistan instra-oceanic subduction"},"geometry":{"type":"LineString","coordinates":[[63.035,4.121],[63.442,3.93],[63.849,3.739],[64.299,3.531],[64.748,3.323],[65.197,3.115],[65.646,2.907],[66.095,2.699],[66.544,2.49],[66.992,2.282],[67.441,2.073],[67.889,1.864],[68.254,1.664],[68.618,1.465],[68.983,1.265],[69.347,1.065],[69.711,0.865],[70.096,0.675],[70.48,0.485],[70.864,0.294],[71.248,0.104],[71.632,-0.087],[72.07,-0.263],[72.508,-0.438],[72.946,-0.614],[73.383,-0.79],[73.821,-0.966],[74.259,-1.142],[74.698,-1.317],[75.136,-1.493],[75.574,-1.669],[76.012,-1.844],[76.467,-1.922],[76.921,-2.001],[77.375,-2.079],[77.83,-2.157],[78.284,-2.235],[78.739,-2.313],[79.193,-2.39],[79.652,-2.438],[80.11,-2.486],[80.569,-2.533],[81.027,-2.581],[81.486,-2.628],[81.944,-2.675],[82.391,-2.603],[82.837,-2.53],[83.284,-2.458],[83.73,-2.385],[84.177,-2.313],[84.623,-2.209],[85.069,-2.105],[85.514,-2.001],[85.96,-1.897],[86.406,-1.793],[86.851,-1.689],[87.297,-1.584],[87.682,-1.414],[88.066,-1.243],[88.45,-1.073],[88.835,-0.902],[89.219,-0.731],[89.603,-0.561],[89.978,-0.351],[90.352,-0.141],[90.726,0.068],[91.1,0.278],[91.474,0.488],[91.848,0.697],[92.247,0.988],[92.646,1.279],[93.045,1.569],[93.444,1.86],[93.843,2.15],[94.242,2.44],[94.642,2.731]]}},{"type":"Feature","properties":{"boundary_type":"ridge","feature_type":"gpml:MidOceanRidge","polarity":null,"overriding_plate_id":null,"subducting_plate_id":null,"plate_ids":[528,529],"name":"Kohistan back-arc MOR"},"geometry":{"type":"LineString","coordinates":[[71.596,16.451],[72.061,16.35],[72.525,16.248],[72.99,16.145],[73.453,16.042],[73.916,15.937],[74.379,15.831],[74.841,15.724],[75.303,15.616],[75.764,15.507],[75.702,15.156],[75.64,14.805],[75.578,14.453],[76.067,14.341],[76.556,14.227],[77.045,14.113],[77.533,13.997],[78.02,13.881],[78.507,13.763],[78.447,13.375],[78.387,12.988],[78.328,12.6],[78.737,12.526],[79.145,12.453],[79.553,12.378],[79.961,12.303],[79.898,11.89],[79.834,11.478],[80.277,11.389],[80.72,11.299],[81.162,11.209],[81.605,11.118],[81.549,10.791],[81.493,10.465],[81.954,10.383],[82.414,10.301],[82.875,10.219],[83.335,10.135],[83.795,10.051],[84.255,9.967],[84.714,9.882],[85.174,9.796],[85.633,9.709],[86.091,9.622],[86.55,9.535],[87.008,9.446],[87.363,9.393],[87.717,9.338]]}},{"type":"Feature","properties":{"boundary_type":"ridge","feature_type":"gpml:MidOceanRidge","polarity":null,"overriding_plate_id":null,"subducting_plate_id":null,"plate_ids":[528,529],"name":"Kohistan back-arc MOR"},"geometry":{"type":"LineString","coordinates":[[87.717,9.338],[87.798,9.814],[88.289,9.753],[88.78,9.692],[89.27,9.631],[89.761,9.569],[90.251,9.506],[90.742,9.442],[91.232,9.378],[91.721,9.313],[91.782,9.714],[91.842,10.115],[92.323,10.039],[92.805,9.962],[93.286,9.884],[93.766,9.806],[94.247,9.727],[94.727,9.647],[95.207,9.567],[95.683,9.496],[96.158,9.425],[96.633,9.353],[97.108,9.28],[97.582,9.207],[98.057,9.133]]}},{"type":"Feature","properties":{"boundary_type":"transform","feature_type":"gpml:Transform","polarity":null,"overriding_plate_id":null,"subducting_plate_id":null,"plate_ids":[801,926],"name":"Tethys-Izanagi Transform"},"geometry":{"type":"LineString","coordinates":[[151.802,-5.342],[151.965,-5.549],[152.127,-5.755],[152.406,-6.145],[152.685,-6.534],[152.964,-6.923],[153.244,-7.313],[153.524,-7.702],[153.805,-8.09],[154.086,-8.479],[154.368,-8.867],[154.65,-9.255],[154.933,-9.643],[155.14,-9.975],[155.348,-10.307]]}},{"type":"Feature","properties":{"boundary_type":"transform","feature_type":"gpml:Transform","polarity":null,"overriding_plate_id":null,"subducting_plate_id":null,"plate_ids":[801,901],"name":"Tethys-Izanagi Transform"},"geometry":{"type":"LineString","coordinates":[[155.348,-10.307],[155.608,-10.723],[155.869,-11.138],[156.13,-11.553],[156.393,-11.967],[156.656,-12.382],[156.92,-12.796],[157.185,-13.21]]}},{"type":"Feature","properties":{"boundary_type":"subduction","feature_type":"gpml:SubductionZone","polarity":"Right","overriding_plate_id":301,"subducting_plate_id":528,"plate_ids":[301,528],"name":"Subduction zone to close the Tethyan/Lhasa back-arc basin, southward jump after accretion"},"geometry":{"type":"LineString","coordinates":[[99.769,12.543],[99.419,12.671],[99.032,12.885],[98.644,13.098],[98.255,13.31],[97.866,13.522],[97.476,13.733],[97.085,13.944],[96.807,14.153],[96.529,14.361],[96.169,14.455],[95.809,14.549],[95.379,14.511],[94.948,14.471],[94.518,14.431],[94.088,14.39],[93.658,14.348],[93.228,14.306],[92.773,14.312],[92.318,14.317],[91.862,14.321],[91.407,14.324],[90.952,14.326],[90.496,14.327],[90.014,14.473],[89.531,14.617],[89.048,14.76],[88.563,14.903],[88.079,15.044],[87.593,15.184],[87.107,15.324],[86.62,15.462],[86.219,15.705],[85.817,15.948],[85.414,16.19],[85.01,16.431],[84.605,16.671],[84.199,16.911],[83.792,17.15],[83.384,17.388],[82.975,17.625],[82.565,17.861],[82.295,18.205],[82.025,18.547],[81.754,18.89],[81.481,19.232],[81.208,19.574],[80.799,19.835],[80.39,20.095],[79.979,20.354],[79.566,20.612],[79.152,20.869],[78.737,21.125],[78.32,21.38],[77.902,21.634],[77.482,21.887],[77.057,22.166],[76.63,22.443],[76.201,22.719]]}},{"type":"Feature","properties":{"boundary_type":"ridge","feature_type":"gpml:MidOceanRidge","polarity":null,"overriding_plate_id":null,"subducting_plate_id":null,"plate_ids":[501,801],"name":"Indian Ocean MOR"},"geometry":{"type":"LineString","coordinates":[[80.027,-47.622],[80.125,-47.436],[80.745,-47.549],[81.368,-47.659],[81.993,-47.765],[82.622,-47.868],[83.252,-47.967],[83.506,-47.499],[83.755,-47.031],[84.0,-46.562],[84.24,-46.093],[84.477,-45.623],[84.709,-45.153],[84.938,-44.682],[85.163,-44.211],[85.385,-43.74],[85.603,-43.268],[85.818,-42.795],[86.029,-42.322],[86.238,-41.849],[86.443,-41.376],[86.645,-40.902],[86.845,-40.427],[87.041,-39.953],[87.235,-39.478],[87.426,-39.003],[87.615,-38.527],[87.801,-38.051],[87.985,-37.575],[88.542,-37.66],[89.101,-37.743],[89.66,-37.823],[90.221,-37.901],[90.783,-37.976],[91.346,-38.048],[91.911,-38.118],[92.048,-37.675],[92.184,-37.233],[92.318,-36.79],[92.45,-36.347],[92.581,-35.904],[92.711,-35.461],[92.839,-35.017],[92.966,-34.574],[93.091,-34.13],[93.215,-33.687],[93.338,-33.243],[93.901,-33.306],[94.464,-33.366],[95.028,-33.424],[95.593,-33.479],[96.158,-33.532],[96.724,-33.582],[97.291,-33.63],[97.859,-33.675],[98.427,-33.717],[98.995,-33.757],[99.564,-33.794],[100.134,-33.829],[100.704,-33.861],[100.784,-33.404],[100.863,-32.947],[100.942,-32.489],[101.02,-32.032],[101.097,-31.575],[101.173,-31.118],[101.249,-30.66],[101.323,-30.203],[101.398,-29.746],[101.471,-29.288],[101.544,-28.831],[101.616,-28.373],[102.153,-28.386],[102.691,-28.396],[103.229,-28.405],[103.766,-28.411],[104.304,-28.415],[104.842,-28.417],[105.38,-28.417],[105.917,-28.415],[106.455,-28.411],[106.993,-28.405],[107.53,-28.396],[108.068,-28.386],[108.605,-28.373],[109.143,-28.358],[109.68,-28.341],[110.217,-28.322],[110.258,-27.842],[110.299,-27.363],[110.34,-26.883],[110.381,-26.403],[110.421,-25.923],[110.46,-25.443],[110.5,-24.963],[110.539,-24.483],[110.578,-24.003],[110.617,-23.523],[110.655,-23.043],[110.693,-22.563],[110.731,-22.083],[110.768,-21.603],[110.805,-21.123],[111.315,-21.098],[111.824,-21.071],[112.333,-21.043],[112.842,-21.013],[113.35,-20.982],[113.859,-20.949],[114.367,-20.914],[114.875,-20.879],[115.382,-20.841],[115.89,-20.802],[116.397,-20.762],[116.904,-20.72],[117.41,-20.677],[117.917,-20.632],[118.423,-20.586],[118.928,-20.538],[118.949,-20.135],[118.969,-19.732],[118.989,-19.329],[119.009,-18.925],[119.529,-18.883],[120.049,-18.839],[120.568,-18.794],[121.087,-18.747],[121.606,-18.699],[122.125,-18.65],[122.643,-18.599],[123.161,-18.546],[123.679,-18.493],[124.196,-18.437],[124.163,-18.016],[124.129,-17.594],[124.096,-17.173],[124.063,-16.751],[124.03,-16.329],[124.492,-16.286],[124.953,-16.241],[125.415,-16.195],[125.876,-16.149],[126.337,-16.101],[126.798,-16.052],[127.259,-16.003],[127.719,-15.952],[128.18,-15.9],[128.143,-15.431],[128.106,-14.961],[128.069,-14.491],[128.033,-14.022],[127.997,-13.552],[127.961,-13.083],[127.925,-12.613],[127.889,-12.143],[127.853,-11.674],[127.817,-11.204],[128.271,-11.147],[128.725,-11.089],[129.179,-11.031],[129.633,-10.971],[130.086,-10.911],[130.539,-10.851],[130.49,-10.364],[130.441,-9.877],[130.392,-9.39],[130.343,-8.904]]}},{"type":"Feature","properties":{"boundary_type":"subduction","feature_type":"gpml:SubductionZone","polarity":"Left","overriding_plate_id":801,"subducting_plate_id":901,"plate_ids":[801,901],"name":"Proto Philippine transform"},"geometry":{"type":"LineString","coordinates":[[160.412,-29.548],[160.781,-29.202],[161.147,-28.856],[161.51,-28.508]]}},{"type":"Feature","properties":{"boundary_type":"subduction","feature_type":"gpml:SubductionZone","polarity":"Left","overriding_plate_id":301,"subducting_plate_id":787,"plate_ids":[301,787],"name":"Woyla and Proto Andaman Sea Subduction"},"geometry":{"type":"LineString","coordinates":[[101.069,15.086],[101.44,14.892],[101.811,14.698],[102.18,14.504],[102.457,14.121],[102.733,13.737],[103.008,13.353],[103.281,12.969],[103.555,12.585],[103.827,12.2],[104.098,11.816],[104.369,11.43],[104.639,11.045],[104.949,10.661],[105.259,10.276],[105.568,9.891],[105.876,9.506],[106.184,9.12],[106.491,8.734],[106.797,8.348],[107.102,7.962],[107.407,7.575],[107.644,7.208],[107.88,6.841],[108.272,6.547],[108.664,6.252],[109.056,5.957]]}},{"type":"Feature","properties":{"boundary_type":"subduction","feature_type":"gpml:SubductionZone","polarity":"Left","overriding_plate_id":301,"subducting_plate_id":787,"plate_ids":[301,787],"name":"Woyla and Proto Andaman Sea Subduction"},"geometry":{"type":"LineString","coordinates":[[109.056,5.957],[109.384,5.815],[109.713,5.673],[110.13,5.469],[110.548,5.265],[110.965,5.06],[111.382,4.855],[111.799,4.65],[112.215,4.444],[112.631,4.239],[112.966,4.017],[113.301,3.795],[113.636,3.573],[113.97,3.351],[114.305,3.129],[114.685,2.91],[115.066,2.691],[115.446,2.472],[115.827,2.253],[116.207,2.034],[116.587,1.815],[116.967,1.595],[117.347,1.376],[117.677,1.047],[118.006,0.719],[118.336,0.39],[118.665,0.061],[118.995,-0.267],[119.324,-0.596],[119.528,-0.974],[119.732,-1.352],[119.936,-1.73],[120.14,-2.108],[120.344,-2.485],[120.476,-2.807],[120.609,-3.128]]}},{"type":"Feature","properties":{"boundary_type":"subduction","feature_type":"gpml:SubductionZone","polarity":"Left","overriding_plate_id":301,"subducting_plate_id":926,"plate_ids":[301,926],"name":"Woyla and Proto Andaman Sea Subduction"},"geometry":{"type":"LineString","coordinates":[[120.609,-3.128],[120.75,-3.471],[120.891,-3.814]]}},{"type":"Feature","properties":{"boundary_type":"ridge","feature_type":"gpml:MidOceanRidge","polarity":null,"overriding_plate_id":null,"subducting_plate_id":null,"plate_ids":[501,701],"name":"MOR Fracture (SS) between NE Africa and India"},"geometry":{"type":"LineString","coordinates":[[56.552,-8.703],[56.232,-9.028],[55.911,-9.352],[55.59,-9.676],[55.268,-10.0],[54.945,-10.324],[54.622,-10.647],[54.298,-10.97],[54.012,-11.336],[53.726,-11.703],[53.439,-12.069],[53.151,-12.435],[52.862,-12.8],[52.573,-13.165],[52.282,-13.53],[51.991,-13.895],[51.657,-14.228],[51.321,-14.561]]}},{"type":"Feature","properties":{"boundary_type":"ridge","feature_type":"gpml:MidOceanRidge","polarity":null,"overriding_plate_id":null,"subducting_plate_id":null,"plate_ids":[701,802],"name":"MOR Weddell Sea"},"geometry":{"type":"LineString","coordinates":[[4.398,-57.345],[3.683,-57.533],[2.961,-57.717],[2.232,-57.896],[1.517,-58.101],[0.794,-58.301],[0.063,-58.497],[-0.677,-58.689],[-1.424,-58.876],[-2.126,-59.086],[-2.836,-59.291],[-3.555,-59.493],[-4.283,-59.691],[-5.019,-59.884],[-5.763,-60.074]]}},{"type":"Feature","properties":{"boundary_type":"ridge","feature_type":"gpml:MidOceanRidge","polarity":null,"overriding_plate_id":null,"subducting_plate_id":null,"plate_ids":[201,802],"name":"MOR Weddell Sea"},"geometry":{"type":"LineString","coordinates":[[-5.763,-60.074],[-6.557,-60.268],[-7.359,-60.458],[-8.171,-60.644],[-8.992,-60.824],[-9.822,-60.999],[-10.662,-61.169],[-11.44,-61.339],[-12.227,-61.504],[-13.023,-61.665],[-13.826,-61.821],[-14.511,-61.971],[-15.202,-62.118],[-15.895,-62.211],[-16.593,-62.302],[-17.155,-62.406],[-17.575,-62.538],[-18.275,-62.679],[-19.044,-62.79],[-19.951,-62.936],[-20.868,-63.076],[-21.508,-63.151],[-22.151,-63.223],[-22.872,-63.302],[-23.92,-63.381],[-24.336,-63.431],[-25.001,-63.509],[-25.67,-63.583],[-26.284,-63.648],[-26.902,-63.71],[-27.638,-63.781],[-28.378,-63.848],[-29.001,-63.909],[-29.626,-63.968],[-30.431,-64.037],[-31.241,-64.101],[-31.957,-64.146],[-32.476,-64.176],[-33.116,-64.211],[-33.838,-64.247],[-34.332,-64.216],[-34.942,-64.207],[-36.046,-64.141],[-37.024,-64.064],[-37.749,-64.045],[-38.474,-64.022],[-39.04,-63.942],[-39.761,-63.878],[-40.48,-63.81],[-41.352,-63.668],[-41.932,-63.334],[-42.585,-63.152],[-43.115,-62.969],[-43.483,-62.771],[-44.033,-62.532],[-44.574,-62.291],[-45.308,-62.021],[-46.03,-61.747],[-46.738,-61.469],[-47.434,-61.188]]}},{"type":"Feature","properties":{"boundary_type":"ridge","feature_type":"gpml:MidOceanRidge","polarity":null,"overriding_plate_id":null,"subducting_plate_id":null,"plate_ids":[501,801],"name":"MOR Cuvvee Antarctica-India"},"geometry":{"type":"LineString","coordinates":[[80.027,-47.622],[79.379,-47.498],[78.735,-47.371],[78.094,-47.241],[77.456,-47.106],[76.822,-46.969],[76.19,-46.827],[75.563,-46.683],[75.211,-47.072],[74.854,-47.459],[74.491,-47.846],[74.123,-48.231],[73.75,-48.615],[73.371,-48.998],[72.986,-49.38],[72.595,-49.76],[72.198,-50.139],[71.794,-50.517],[71.384,-50.893]]}},{"type":"Feature","properties":{"boundary_type":"ridge","feature_type":"gpml:MidOceanRidge","polarity":null,"overriding_plate_id":null,"subducting_plate_id":null,"plate_ids":[101,301],"name":"Ridge from iso A25 from NAM 55.9Ma"},"geometry":{"type":"LineString","coordinates":[[1.107,69.392],[-0.307,69.437],[-1.726,69.471],[-3.148,69.492],[-4.573,69.503],[-5.998,69.501],[-6.178,69.069],[-6.35,68.637],[-6.516,68.204],[-6.676,67.772],[-6.83,67.339],[-6.978,66.906],[-6.989,66.411],[-6.999,65.916],[-7.008,65.421],[-6.78,64.956],[-6.56,64.49],[-6.347,64.025],[-6.141,63.559],[-6.247,63.161],[-6.35,62.764],[-6.45,62.366],[-6.548,61.969],[-6.644,61.571],[-6.704,61.115],[-6.762,60.658],[-6.819,60.202],[-6.874,59.745],[-7.137,59.357],[-7.395,58.967],[-7.646,58.578],[-7.893,58.187],[-8.004,57.83],[-8.113,57.472],[-8.22,57.114],[-8.647,56.783],[-9.067,56.451],[-9.48,56.117],[-9.74,55.751],[-9.996,55.384],[-10.247,55.016],[-10.297,54.621],[-10.346,54.225],[-10.394,53.829],[-10.27,53.535],[-10.148,53.241],[-10.213,52.797],[-10.277,52.353],[-10.24,51.929],[-10.203,51.505],[-10.167,51.082],[-9.939,50.633],[-9.716,50.185],[-9.542,49.703],[-9.372,49.221],[-9.348,48.824],[-9.324,48.428],[-8.945,48.133],[-8.658,47.774],[-8.143,47.621],[-7.632,47.467],[-7.124,47.31],[-6.603,46.997]]}},{"type":"Feature","properties":{"boundary_type":"ridge","feature_type":"gpml:MidOceanRidge","polarity":null,"overriding_plate_id":null,"subducting_plate_id":null,"plate_ids":[101,201],"name":"Ridge from iso A34 from Africa at 83.5Ma"},"geometry":{"type":"LineString","coordinates":[[-33.964,20.367],[-33.643,19.975],[-33.323,19.583],[-33.005,19.19],[-32.689,18.797],[-32.374,18.403],[-32.06,18.008],[-31.748,17.614],[-31.437,17.218],[-31.127,16.822],[-30.819,16.426],[-30.512,16.029],[-30.206,15.632],[-29.902,15.234],[-29.598,14.836],[-29.17,14.608],[-28.743,14.379],[-28.316,14.149],[-27.891,13.919],[-27.466,13.687],[-27.623,13.357],[-27.78,13.026],[-27.936,12.695],[-27.523,12.536]]}},{"type":"Feature","properties":{"boundary_type":"ridge","feature_type":"gpml:MidOceanRidge","polarity":null,"overriding_plate_id":null,"subducting_plate_id":null,"plate_ids":[201,714],"name":"Ridge from iso A34 from Africa at 83.5Ma"},"geometry":{"type":"LineString","coordinates":[[-27.523,12.536],[-27.131,12.385],[-26.74,12.234],[-26.35,12.082],[-25.959,11.929],[-26.009,11.618],[-26.058,11.308],[-25.717,11.183],[-25.786,10.843],[-25.855,10.503],[-25.924,10.163],[-25.476,10.022],[-25.029,9.881],[-24.582,9.739],[-24.136,9.596],[-23.689,9.453],[-23.244,9.309],[-23.321,8.956],[-23.399,8.602],[-23.194,8.547],[-23.248,8.262],[-23.302,7.976],[-23.114,7.924],[-23.166,7.646],[-23.217,7.368],[-22.737,7.236],[-22.784,6.943],[-22.831,6.65],[-22.37,6.537],[-21.909,6.425],[-21.448,6.312],[-20.988,6.198],[-21.057,5.765],[-20.621,5.68],[-20.184,5.595],[-19.748,5.51],[-19.785,5.248],[-19.405,5.168],[-19.024,5.087],[-19.088,4.676],[-18.752,4.604],[-18.417,4.532],[-18.479,4.144],[-18.057,4.06],[-17.634,3.975],[-17.212,3.89],[-16.789,3.805],[-16.863,3.323],[-16.783,3.313],[-16.812,3.058],[-16.842,2.804],[-16.352,2.743],[-16.402,2.348],[-16.452,1.952],[-16.502,1.557],[-16.552,1.162],[-16.088,1.071],[-15.624,0.98],[-15.16,0.889],[-14.696,0.797],[-14.744,0.32],[-14.791,-0.158],[-14.839,-0.636],[-14.886,-1.113],[-14.933,-1.591],[-14.585,-1.652],[-14.238,-1.712],[-14.258,-2.136],[-14.279,-2.56],[-13.788,-2.601],[-13.298,-2.642],[-12.808,-2.682],[-12.317,-2.722],[-11.827,-2.763],[-11.336,-2.803],[-10.846,-2.842],[-10.813,-3.183],[-10.781,-3.524],[-10.357,-3.566],[-9.934,-3.607],[-9.51,-3.648],[-9.484,-4.083],[-9.458,-4.519],[-9.432,-4.954],[-9.406,-5.389],[-9.38,-5.825],[-9.009,-5.827],[-8.638,-5.828],[-8.281,-5.812],[-7.924,-5.795],[-7.489,-5.776],[-7.054,-5.756],[-6.667,-5.737],[-6.28,-5.718],[-5.894,-5.67],[-5.508,-5.621],[-5.072,-5.574],[-4.636,-5.527],[-4.257,-5.493],[-3.877,-5.459],[-3.498,-5.424],[-3.0,-5.365],[-2.502,-5.306],[-2.203,-5.265],[-1.904,-5.224],[-1.565,-5.173],[-1.225,-5.121],[-1.174,-5.532],[-1.122,-5.943],[-1.071,-6.354],[-0.832,-6.359],[-0.787,-6.683],[-0.742,-7.007],[-0.46,-6.993],[-0.399,-7.287],[-0.338,-7.58]]}},{"type":"Feature","properties":{"boundary_type":"ridge","feature_type":"gpml:MidOceanRidge","polarity":null,"overriding_plate_id":null,"subducting_plate_id":null,"plate_ids":[501,802],"name":"MOR India-Elan"},"geometry":{"type":"LineString","coordinates":[[37.053,-49.6],[37.455,-50.016],[37.864,-50.43],[38.281,-50.842],[38.705,-51.254],[39.136,-51.663],[39.576,-52.071],[40.023,-52.478],[40.479,-52.882],[40.944,-53.285],[41.417,-53.686],[41.899,-54.085],[42.391,-54.482],[42.892,-54.878],[43.706,-54.756],[44.516,-54.629],[45.32,-54.497],[46.119,-54.359],[46.912,-54.216],[47.7,-54.068],[48.482,-53.915],[49.258,-53.757],[50.029,-53.594],[50.793,-53.426],[51.552,-53.253],[52.304,-53.075],[53.05,-52.893],[53.789,-52.706],[54.522,-52.514],[55.249,-52.318],[55.969,-52.118],[56.683,-51.913],[57.39,-51.704],[58.091,-51.49],[58.785,-51.273],[59.472,-51.052],[60.153,-50.826],[60.827,-50.597],[61.495,-50.363],[62.156,-50.126],[62.722,-50.366],[63.294,-50.603],[63.871,-50.837],[64.518,-50.687],[65.16,-50.534],[65.798,-50.377],[66.431,-50.216],[67.061,-50.052],[67.686,-49.885],[68.184,-49.69],[68.678,-49.493],[69.168,-49.294]]}},{"type":"Feature","properties":{"boundary_type":"subduction","feature_type":"gpml:SubductionZone","polarity":"Right","overriding_plate_id":801,"subducting_plate_id":901,"plate_ids":[801,901],"name":"Northern cont. of Eastern Gondwanaland Active Margin"},"geometry":{"type":"LineString","coordinates":[[160.412,-29.548],[160.551,-29.712],[160.874,-30.076],[161.199,-30.439],[161.527,-30.801],[161.857,-31.163],[162.19,-31.523],[162.525,-31.883],[162.863,-32.242],[163.09,-32.588],[163.319,-32.934],[163.55,-33.279],[163.782,-33.625],[164.021,-34.017],[164.261,-34.409],[164.504,-34.801],[164.749,-35.192],[164.996,-35.583],[165.208,-36.04],[165.423,-36.497],[165.64,-36.953],[165.859,-37.409],[166.082,-37.865],[166.235,-38.266],[166.39,-38.667],[166.547,-39.067],[166.706,-39.468],[166.867,-39.868],[166.859,-40.229],[166.851,-40.59],[166.843,-40.951]]}},{"type":"Feature","properties":{"boundary_type":"subduction","feature_type":"gpml:SubductionZone","polarity":"Right","overriding_plate_id":null,"subducting_plate_id":null,"plate_ids":[806],"name":"Chatham Rise subduction KM"},"geometry":{"type":"LineString","coordinates":[[-155.546,-65.197],[-154.974,-65.455],[-154.39,-65.711],[-153.795,-65.964]]}},{"type":"Feature","properties":{"boundary_type":"subduction","feature_type":"gpml:SubductionZone","polarity":"Right","overriding_plate_id":806,"subducting_plate_id":983,"plate_ids":[806,983],"name":"Chatham Rise subduction KM"},"geometry":{"type":"LineString","coordinates":[[-153.795,-65.964],[-153.197,-66.212],[-152.487,-66.461],[-151.762,-66.707],[-151.023,-66.949],[-150.409,-67.093],[-149.787,-67.234],[-149.185,-67.346],[-148.578,-67.456],[-147.908,-67.6],[-147.231,-67.74],[-146.286,-67.853],[-145.333,-67.96],[-144.151,-67.963],[-142.97,-67.958],[-141.79,-67.944],[-140.601,-67.983],[-139.408,-68.013],[-138.213,-68.035],[-137.016,-68.048],[-135.818,-68.053],[-134.619,-68.048],[-133.359,-67.987],[-132.106,-67.915],[-130.86,-67.834],[-129.624,-67.744],[-128.513,-67.707],[-127.406,-67.662],[-126.304,-67.61],[-125.206,-67.55],[-124.108,-67.49],[-123.016,-67.423],[-121.931,-67.348],[-120.852,-67.266],[-119.781,-67.177]]}},{"type":"Feature","properties":{"boundary_type":"transform","feature_type":"gpml:Transform","polarity":null,"overriding_plate_id":null,"subducting_plate_id":null,"plate_ids":[301,926],"name":"Borneo transform"},"geometry":{"type":"LineString","coordinates":[[132.678,-0.898],[132.845,-1.246],[133.012,-1.593]]}},{"type":"Feature","properties":{"boundary_type":"subduction","feature_type":"gpml:SubductionZone","polarity":"Left","overriding_plate_id":787,"subducting_plate_id":926,"plate_ids":[787,926],"name":"Barito Sea Subduction"},"geometry":{"type":"LineString","coordinates":[[116.259,-8.487],[116.575,-8.212],[116.891,-7.937],[117.206,-7.661],[117.408,-7.239],[117.61,-6.816],[117.811,-6.393],[118.012,-5.97],[118.212,-5.547],[118.413,-5.124],[118.613,-4.701],[118.929,-4.428],[119.246,-4.155],[119.562,-3.882],[119.878,-3.608],[120.194,-3.335],[120.609,-3.128]]}},{"type":"Feature","properties":{"boundary_type":"ridge","feature_type":"gpml:MidOceanRidge","polarity":null,"overriding_plate_id":null,"subducting_plate_id":null,"plate_ids":[801,926],"name":"Tethys-Izanagi MOR"},"geometry":{"type":"LineString","coordinates":[[143.119,-8.414],[143.568,-8.206],[144.017,-7.997],[144.466,-7.788],[144.914,-7.579],[145.362,-7.369],[145.809,-7.159],[146.256,-6.948],[146.702,-6.737],[147.148,-6.525],[147.594,-6.313],[148.039,-6.101],[148.353,-6.446],[148.667,-6.791],[149.116,-6.585],[149.564,-6.379],[150.013,-6.172],[150.46,-5.965],[150.908,-5.758],[151.355,-5.55],[151.802,-5.342]]}},{"type":"Feature","properties":{"boundary_type":"transform","feature_type":"gpml:Transform","polarity":null,"overriding_plate_id":null,"subducting_plate_id":null,"plate_ids":[501,926],"name":"Java Transform"},"geometry":{"type":"LineString","coordinates":[[125.869,-8.954],[126.278,-9.081],[126.732,-9.07],[127.187,-9.058],[127.642,-9.046],[128.096,-9.033],[128.546,-9.009],[128.995,-8.983],[129.445,-8.957],[129.894,-8.931],[130.343,-8.904]]}},{"type":"Feature","properties":{"boundary_type":"transform","feature_type":"gpml:Transform","polarity":null,"overriding_plate_id":null,"subducting_plate_id":null,"plate_ids":[801,926],"name":"Java Transform"},"geometry":{"type":"LineString","coordinates":[[130.343,-8.904],[130.834,-8.873],[131.325,-8.842],[131.816,-8.811],[132.307,-8.779],[132.798,-8.746],[133.288,-8.713],[133.771,-8.694],[134.253,-8.674],[134.735,-8.654],[135.217,-8.634],[135.699,-8.612],[136.181,-8.59],[136.663,-8.568],[137.145,-8.545],[137.627,-8.521],[138.103,-8.514],[138.578,-8.506],[139.054,-8.498],[139.529,-8.49],[140.004,-8.48],[140.48,-8.47],[140.955,-8.46],[141.43,-8.449],[141.906,-8.437],[142.381,-8.425],[142.75,-8.419],[143.119,-8.414]]}},{"type":"Feature","properties":{"boundary_type":"ridge","feature_type":"gpml:MidOceanRidge","polarity":null,"overriding_plate_id":null,"subducting_plate_id":null,"plate_ids":[101,201],"name":"TBD: Proto-Caribbean spreading"},"geometry":{"type":"LineString","coordinates":[[-50.913,11.84],[-50.488,12.114],[-50.061,12.388],[-49.634,12.661],[-49.205,12.933],[-48.776,13.204],[-48.346,13.475],[-47.914,13.745],[-47.482,14.014],[-47.049,14.282],[-46.615,14.55],[-46.179,14.817],[-45.743,15.083],[-45.306,15.348],[-44.867,15.612],[-44.427,15.875],[-43.986,16.138],[-43.544,16.4],[-43.287,16.054],[-43.031,15.707],[-42.775,15.361],[-42.521,15.014],[-42.102,15.287],[-41.683,15.559],[-41.263,15.83],[-40.842,16.1],[-40.419,16.369],[-39.995,16.638],[-39.57,16.906],[-39.144,17.173],[-38.717,17.438],[-38.288,17.703],[-37.858,17.968],[-37.427,18.231],[-36.995,18.493],[-36.566,18.764],[-36.136,19.033],[-35.704,19.302],[-35.271,19.57],[-34.837,19.837],[-34.401,20.102],[-33.964,20.367]]}},{"type":"Feature","properties":{"boundary_type":"subduction","feature_type":"gpml:SubductionZone","polarity":"Right","overriding_plate_id":224,"subducting_plate_id":902,"plate_ids":[224,902],"name":"TBD"},"geometry":{"type":"LineString","coordinates":[[-64.103,14.542],[-63.716,14.565],[-63.676,14.566]]}},{"type":"Feature","properties":{"boundary_type":"subduction","feature_type":"gpml:SubductionZone","polarity":"Right","overriding_plate_id":224,"subducting_plate_id":101,"plate_ids":[101,224],"name":"TBD"},"geometry":{"type":"LineString","coordinates":[[-63.676,14.566],[-63.207,14.57],[-62.738,14.573],[-62.269,14.576],[-61.8,14.577],[-61.332,14.577],[-60.863,14.577],[-60.412,14.517],[-59.962,14.457],[-59.513,14.396],[-59.063,14.334],[-58.614,14.271],[-58.165,14.207],[-57.716,14.142],[-57.243,14.024],[-56.77,13.905],[-56.297,13.784],[-55.825,13.663],[-55.354,13.542],[-54.883,13.419],[-54.412,13.295],[-53.942,13.171],[-53.508,12.983],[-53.074,12.794],[-52.64,12.605],[-52.208,12.415],[-51.776,12.224],[-51.344,12.032],[-50.913,11.84]]}},{"type":"Feature","properties":{"boundary_type":"subduction","feature_type":"gpml:SubductionZone","polarity":"Right","overriding_plate_id":224,"subducting_plate_id":201,"plate_ids":[201,224],"name":"TBD"},"geometry":{"type":"LineString","coordinates":[[-50.913,11.84],[-50.458,11.636],[-50.003,11.432],[-49.652,11.148],[-49.302,10.863],[-48.952,10.578],[-48.602,10.293],[-48.254,10.008],[-47.906,9.722],[-47.559,9.435],[-47.212,9.149],[-46.866,8.862],[-46.613,8.539],[-46.36,8.217],[-46.108,7.894],[-45.851,7.611],[-45.594,7.328],[-45.337,7.044],[-45.284,6.961]]}},{"type":"Feature","properties":{"boundary_type":"transform","feature_type":"gpml:Transform","polarity":null,"overriding_plate_id":null,"subducting_plate_id":null,"plate_ids":[224,902],"name":"TBD: Transform"},"geometry":{"type":"LineString","coordinates":[[-72.445,4.666],[-71.997,4.887],[-71.548,5.107],[-71.1,5.328],[-70.651,5.548],[-70.202,5.768],[-69.752,5.987],[-69.302,6.206],[-68.852,6.425],[-68.401,6.643],[-67.95,6.861],[-67.499,7.079],[-67.047,7.296],[-66.594,7.512],[-66.142,7.728],[-65.688,7.944],[-65.235,8.159],[-64.78,8.374],[-64.729,8.848],[-64.678,9.323],[-64.627,9.797],[-64.575,10.272],[-64.523,10.746],[-64.471,11.221],[-64.419,11.695],[-64.367,12.17],[-64.315,12.644],[-64.262,13.119],[-64.21,13.593],[-64.157,14.068],[-64.103,14.542]]}},{"type":"Feature","properties":{"boundary_type":"other","feature_type":"gpml:UnclassifiedFeature","polarity":null,"overriding_plate_id":null,"subducting_plate_id":null,"plate_ids":[224,902],"name":"TBD: Unknown Boundary"},"geometry":{"type":"LineString","coordinates":[[-57.681,-13.11],[-58.159,-12.981],[-58.637,-12.851],[-59.114,-12.721],[-59.591,-12.59],[-60.067,-12.458],[-60.543,-12.325],[-61.018,-12.191],[-61.493,-12.057],[-61.873,-11.768],[-62.252,-11.479],[-62.63,-11.189],[-63.007,-10.899],[-63.384,-10.608],[-63.76,-10.317],[-64.136,-10.026],[-64.51,-9.734],[-64.884,-9.442],[-65.258,-9.149],[-65.63,-8.856],[-66.003,-8.562],[-66.374,-8.268],[-66.745,-7.974],[-66.853,-7.522],[-66.961,-7.07],[-67.069,-6.617],[-67.176,-6.165],[-67.283,-5.712],[-67.391,-5.26],[-67.497,-4.807],[-67.604,-4.355],[-67.711,-3.902],[-67.817,-3.45],[-67.924,-2.997],[-68.03,-2.544],[-68.136,-2.092],[-68.413,-1.695],[-68.689,-1.298],[-68.965,-0.901],[-69.241,-0.504],[-69.517,-0.107],[-69.793,0.29],[-70.069,0.687],[-70.345,1.084],[-70.621,1.481],[-70.898,1.878],[-71.174,2.275],[-71.451,2.672],[-71.727,3.069],[-71.906,3.468],[-72.086,3.867],[-72.265,4.267],[-72.445,4.666]]}},{"type":"Feature","properties":{"boundary_type":"transform","feature_type":"gpml:Transform","polarity":null,"overriding_plate_id":null,"subducting_plate_id":null,"plate_ids":[224,902],"name":"TBD: Transform"},"geometry":{"type":"LineString","coordinates":[[-57.681,-13.11],[-57.338,-12.813],[-56.996,-12.516],[-56.655,-12.219],[-56.315,-11.921],[-55.975,-11.622],[-55.637,-11.324],[-55.298,-11.025],[-54.943,-10.726],[-54.589,-10.427],[-54.235,-10.127],[-53.882,-9.827],[-53.53,-9.527],[-53.178,-9.226],[-52.827,-8.925],[-52.476,-8.623],[-52.158,-8.254],[-51.841,-7.884],[-51.524,-7.514],[-51.208,-7.144],[-50.892,-6.774]]}},{"type":"Feature","properties":{"boundary_type":"transform","feature_type":"gpml:Transform","polarity":null,"overriding_plate_id":null,"subducting_plate_id":null,"plate_ids":[201,224],"name":"TBD: Transform"},"geometry":{"type":"LineString","coordinates":[[-50.892,-6.774],[-50.576,-6.402],[-50.261,-6.031],[-49.946,-5.66],[-49.632,-5.288],[-49.415,-4.84],[-49.198,-4.391],[-48.981,-3.943],[-48.765,-3.494],[-48.549,-3.046],[-48.333,-2.597],[-48.117,-2.149],[-47.901,-1.7],[-47.686,-1.252],[-47.47,-0.803],[-47.255,-0.354],[-47.039,0.094],[-46.853,0.49],[-46.667,0.886],[-46.48,1.282],[-46.294,1.678],[-46.107,2.074],[-45.921,2.469],[-45.858,2.919],[-45.794,3.368],[-45.731,3.817],[-45.667,4.266],[-45.604,4.715],[-45.54,5.165],[-45.476,5.614],[-45.412,6.063],[-45.348,6.512],[-45.284,6.961]]}},{"type":"Feature","properties":{"boundary_type":"subduction","feature_type":"gpml:SubductionZone","polarity":"Left","overriding_plate_id":101,"subducting_plate_id":902,"plate_ids":[101,902],"name":""},"geometry":{"type":"LineString","coordinates":[[-65.66,21.452],[-65.567,21.08],[-65.474,20.708],[-65.351,20.28],[-65.228,19.852],[-65.106,19.424],[-64.985,18.996],[-64.865,18.567],[-64.745,18.139],[-64.625,17.71],[-64.507,17.282],[-64.369,16.884],[-64.232,16.487],[-64.095,16.089],[-63.96,15.692],[-63.824,15.294],[-63.689,14.896],[-63.676,14.566]]}},{"type":"Feature","properties":{"boundary_type":"ridge","feature_type":"gpml:MidOceanRidge","polarity":null,"overriding_plate_id":null,"subducting_plate_id":null,"plate_ids":[908,985],"name":"Northeast Manihiki-Southeast Manihiki"},"geometry":{"type":"LineString","coordinates":[[-93.745,-49.321],[-93.305,-49.607],[-92.86,-49.89],[-92.409,-50.173],[-91.953,-50.453],[-91.492,-50.732],[-90.908,-50.414],[-90.332,-50.094],[-89.763,-49.771],[-89.202,-49.446],[-88.648,-49.117],[-88.102,-48.786],[-87.562,-48.453],[-87.03,-48.117],[-86.505,-47.779],[-85.986,-47.438],[-85.475,-47.095],[-84.97,-46.749],[-84.471,-46.402],[-83.977,-46.719],[-83.477,-47.034],[-82.971,-47.346],[-82.459,-47.657],[-81.941,-47.965],[-81.417,-48.271],[-80.886,-48.574],[-80.349,-48.875],[-79.806,-49.173],[-79.256,-49.469],[-78.7,-49.762],[-78.136,-50.053],[-77.566,-50.34],[-76.989,-50.625],[-76.563,-50.252],[-76.143,-49.877],[-75.73,-49.501],[-75.322,-49.123],[-74.922,-48.744],[-74.527,-48.364],[-74.138,-47.982],[-73.755,-47.599],[-73.377,-47.215],[-73.005,-46.829],[-72.638,-46.442],[-72.276,-46.054],[-71.623,-46.267],[-70.966,-46.476],[-70.303,-46.682],[-69.636,-46.883],[-68.963,-47.08],[-68.286,-47.274],[-67.603,-47.463],[-66.916,-47.649],[-66.224,-47.83],[-65.527,-48.007],[-64.825,-48.18],[-64.119,-48.348],[-63.408,-48.513],[-62.693,-48.672],[-61.973,-48.828],[-61.248,-48.979],[-60.519,-49.125],[-59.786,-49.266],[-59.049,-49.403],[-58.308,-49.536],[-58.225,-49.089],[-58.143,-48.642],[-58.062,-48.195],[-57.984,-47.749],[-57.906,-47.302],[-57.83,-46.855],[-57.755,-46.408],[-57.681,-45.961],[-57.0,-45.966],[-56.318,-45.968],[-55.637,-45.966],[-54.956,-45.959],[-54.275,-45.949],[-53.595,-45.935],[-52.915,-45.916],[-52.235,-45.894],[-51.556,-45.867],[-50.877,-45.837],[-50.2,-45.802],[-49.523,-45.763],[-48.847,-45.721],[-48.173,-45.674],[-47.499,-45.624]]}},{"type":"Feature","properties":{"boundary_type":"ridge","feature_type":"gpml:MidOceanRidge","polarity":null,"overriding_plate_id":null,"subducting_plate_id":null,"plate_ids":[982,985],"name":"Manihiki-Southeast Manihiki MOR"},"geometry":{"type":"LineString","coordinates":[[-100.011,-51.973],[-99.469,-51.759],[-98.932,-51.543],[-98.313,-51.294],[-97.701,-51.041],[-97.096,-50.785],[-96.497,-50.527],[-95.905,-50.265],[-95.319,-50.0],[-94.74,-49.732],[-94.253,-49.533]]}},{"type":"Feature","properties":{"boundary_type":"ridge","feature_type":"gpml:MidOceanRidge","polarity":null,"overriding_plate_id":null,"subducting_plate_id":null,"plate_ids":[908,985],"name":"Manihiki-Southeast Manihiki MOR"},"geometry":{"type":"LineString","coordinates":[[-94.253,-49.533],[-93.745,-49.321]]}},{"type":"Feature","properties":{"boundary_type":"ridge","feature_type":"gpml:MidOceanRidge","polarity":null,"overriding_plate_id":null,"subducting_plate_id":null,"plate_ids":[901,983],"name":"Manihiki MOR"},"geometry":{"type":"LineString","coordinates":[[-139.496,-44.697],[-139.068,-44.773],[-138.639,-44.848]]}},{"type":"Feature","properties":{"boundary_type":"ridge","feature_type":"gpml:MidOceanRidge","polarity":null,"overriding_plate_id":null,"subducting_plate_id":null,"plate_ids":[982,983],"name":"Manihiki MOR"},"geometry":{"type":"LineString","coordinates":[[-138.639,-44.848],[-137.981,-44.958],[-137.321,-45.065],[-136.664,-45.172],[-136.005,-45.274],[-135.343,-45.373],[-134.68,-45.468],[-134.014,-45.559],[-133.346,-45.646],[-132.676,-45.729],[-132.004,-45.809],[-131.33,-45.884],[-130.655,-45.955],[-129.977,-46.023],[-129.299,-46.086],[-128.618,-46.146],[-127.936,-46.201],[-127.253,-46.252],[-126.569,-46.3],[-125.883,-46.343],[-125.877,-46.813],[-125.871,-47.284],[-125.865,-47.754],[-125.859,-48.225],[-125.853,-48.695],[-125.846,-49.166],[-125.84,-49.636],[-125.833,-50.107],[-125.826,-50.577],[-125.042,-50.602],[-124.257,-50.622],[-123.471,-50.636],[-122.685,-50.645],[-121.899,-50.649],[-121.112,-50.647],[-120.326,-50.64],[-119.54,-50.628],[-119.467,-51.062],[-119.393,-51.495],[-119.317,-51.929],[-119.239,-52.362],[-119.16,-52.795],[-119.08,-53.229],[-118.997,-53.662],[-118.26,-53.623],[-117.525,-53.579],[-116.791,-53.532],[-116.059,-53.479],[-115.329,-53.422],[-114.572,-53.366],[-113.817,-53.305],[-113.064,-53.239],[-112.313,-53.169],[-111.565,-53.093],[-111.463,-53.428],[-111.36,-53.763],[-110.609,-53.688],[-109.862,-53.609],[-109.117,-53.525],[-108.376,-53.436],[-107.637,-53.343],[-106.902,-53.245],[-106.17,-53.142],[-105.442,-53.036],[-104.652,-52.929],[-103.865,-52.818],[-103.083,-52.701],[-102.305,-52.579],[-101.532,-52.452],[-100.763,-52.32],[-99.999,-52.183]]}},{"type":"Feature","properties":{"boundary_type":"ridge","feature_type":"gpml:MidOceanRidge","polarity":null,"overriding_plate_id":null,"subducting_plate_id":null,"plate_ids":[982,985],"name":"South Pacific Triangle"},"geometry":{"type":"LineString","coordinates":[[-100.011,-51.973],[-99.999,-52.183]]}},{"type":"Feature","properties":{"boundary_type":"ridge","feature_type":"gpml:MidOceanRidge","polarity":null,"overriding_plate_id":null,"subducting_plate_id":null,"plate_ids":[983,985],"name":"South Pacific Triangle"},"geometry":{"type":"LineString","coordinates":[[-99.999,-52.183],[-99.974,-52.584],[-99.949,-52.986],[-99.924,-53.387],[-99.898,-53.788],[-99.872,-54.189],[-99.817,-54.666],[-99.76,-55.142],[-99.702,-55.619],[-99.642,-56.096],[-99.581,-56.572],[-99.519,-57.049],[-99.454,-57.526],[-99.388,-58.002],[-99.321,-58.479],[-99.251,-58.955],[-99.18,-59.431],[-98.497,-59.362],[-97.818,-59.29],[-97.141,-59.214],[-97.045,-59.657],[-96.946,-60.1],[-96.844,-60.543],[-96.739,-60.986],[-96.631,-61.428],[-96.52,-61.871],[-96.406,-62.314],[-96.289,-62.756],[-96.168,-63.199],[-96.971,-63.29],[-97.78,-63.377],[-97.709,-63.819],[-97.636,-64.261],[-97.56,-64.704],[-97.482,-65.146],[-97.402,-65.588],[-97.318,-66.031],[-97.232,-66.473],[-97.142,-66.915],[-97.114,-67.398],[-97.084,-67.882],[-97.053,-68.365],[-97.02,-68.849]]}},{"type":"Feature","properties":{"boundary_type":"ridge","feature_type":"gpml:MidOceanRidge","polarity":null,"overriding_plate_id":null,"subducting_plate_id":null,"plate_ids":[901,926],"name":"MOR Pacific-Farallon"},"geometry":{"type":"LineString","coordinates":[[-132.914,31.018],[-132.685,30.732],[-132.458,30.446]]}},{"type":"Feature","properties":{"boundary_type":"ridge","feature_type":"gpml:MidOceanRidge","polarity":null,"overriding_plate_id":null,"subducting_plate_id":null,"plate_ids":[901,902],"name":"MOR Pacific-Farallon"},"geometry":{"type":"LineString","coordinates":[[-132.458,30.446],[-132.157,30.063],[-131.858,29.679],[-131.561,29.294],[-131.266,28.909],[-130.973,28.523],[-130.683,28.136],[-130.358,27.733],[-130.035,27.33],[-129.715,26.925],[-129.396,26.52],[-129.081,26.114],[-128.767,25.708],[-128.455,25.301],[-128.146,24.893],[-127.839,24.485],[-127.533,24.076],[-127.23,23.666],[-126.928,23.256],[-126.629,22.845],[-126.331,22.434],[-126.034,22.022],[-125.74,21.61],[-125.447,21.197],[-125.156,20.784],[-124.867,20.37],[-124.579,19.955],[-124.292,19.541],[-124.007,19.125],[-123.724,18.71],[-123.441,18.294],[-123.161,17.877],[-122.881,17.46],[-122.603,17.043],[-122.326,16.625],[-122.05,16.207],[-121.776,15.789],[-121.502,15.37],[-121.23,14.951],[-120.958,14.531],[-120.688,14.112],[-120.419,13.692],[-120.15,13.271],[-119.883,12.851],[-119.616,12.43],[-119.351,12.009],[-119.086,11.587],[-118.822,11.166],[-118.559,10.744],[-118.296,10.322],[-118.034,9.899],[-117.773,9.477],[-117.34,9.699],[-116.906,9.92],[-116.471,10.14],[-116.036,10.36],[-115.6,10.579],[-115.381,10.135],[-115.162,9.691],[-114.943,9.247],[-114.725,8.803],[-114.508,8.358],[-114.291,7.914],[-114.074,7.469],[-113.858,7.024],[-113.642,6.579],[-113.427,6.134],[-113.212,5.689],[-112.998,5.244],[-112.783,4.799],[-112.569,4.353],[-112.971,4.138],[-113.373,3.923],[-113.774,3.708],[-114.176,3.492],[-114.577,3.276],[-114.978,3.06],[-114.721,2.649],[-114.465,2.237],[-114.21,1.826],[-113.954,1.414],[-113.698,1.003],[-113.442,0.591],[-113.187,0.179],[-112.931,-0.232],[-112.676,-0.644],[-112.42,-1.056],[-112.164,-1.467],[-111.909,-1.879],[-111.653,-2.29],[-111.397,-2.702],[-111.14,-3.113],[-110.884,-3.525],[-110.444,-3.311],[-110.005,-3.097],[-109.566,-2.883],[-109.126,-2.669],[-108.687,-2.455],[-108.249,-2.241],[-107.81,-2.026],[-107.371,-1.812],[-107.134,-2.213],[-106.897,-2.615],[-106.66,-3.017],[-106.423,-3.419],[-106.185,-3.82],[-105.948,-4.222],[-105.71,-4.623],[-105.471,-5.025],[-105.233,-5.426],[-104.994,-5.827],[-104.755,-6.228],[-104.515,-6.629],[-104.275,-7.03],[-103.865,-6.866],[-103.455,-6.702],[-103.046,-6.537],[-102.637,-6.373],[-102.228,-6.207],[-101.819,-6.042],[-101.41,-5.876],[-101.151,-6.294],[-100.892,-6.711],[-100.632,-7.128],[-100.371,-7.545],[-100.11,-7.962],[-99.849,-8.379],[-99.587,-8.796],[-99.324,-9.212],[-99.061,-9.628],[-98.797,-10.044],[-98.533,-10.46],[-98.268,-10.876],[-98.002,-11.291],[-97.735,-11.706],[-97.467,-12.121],[-97.199,-12.536],[-96.791,-12.364],[-96.384,-12.191],[-95.978,-12.018],[-95.572,-11.844],[-95.407,-12.295],[-95.242,-12.745],[-95.077,-13.195],[-94.911,-13.645],[-94.744,-14.094],[-94.577,-14.544],[-94.408,-14.994],[-94.24,-15.443],[-94.07,-15.893],[-93.9,-16.342],[-93.729,-16.791],[-93.557,-17.24],[-93.384,-17.689],[-93.21,-18.137],[-93.036,-18.586],[-92.861,-19.034],[-92.712,-19.437],[-92.563,-19.839]]}},{"type":"Feature","properties":{"boundary_type":"ridge","feature_type":"gpml:MidOceanRidge","polarity":null,"overriding_plate_id":null,"subducting_plate_id":null,"plate_ids":[901,983],"name":"MOR Ontong Java-Hikurangi"},"geometry":{"type":"LineString","coordinates":[[-139.496,-44.697],[-139.47,-44.786],[-139.418,-45.266],[-139.364,-45.746],[-139.309,-46.227],[-139.254,-46.707],[-139.197,-47.187],[-139.14,-47.667],[-139.081,-48.147],[-139.021,-48.627],[-138.96,-49.107],[-138.898,-49.587],[-138.835,-50.067],[-138.77,-50.547],[-138.704,-51.027],[-139.458,-51.075],[-140.213,-51.119],[-140.969,-51.158],[-141.727,-51.192],[-142.486,-51.222],[-142.596,-51.668],[-142.708,-52.114],[-142.823,-52.559],[-142.94,-53.005],[-143.06,-53.451],[-143.871,-53.422],[-144.681,-53.388],[-145.489,-53.349],[-146.296,-53.304],[-147.101,-53.253],[-147.904,-53.197],[-148.705,-53.136],[-149.504,-53.07],[-150.3,-52.998],[-151.093,-52.921],[-151.883,-52.838],[-151.708,-52.446],[-151.535,-52.054],[-151.366,-51.662],[-151.199,-51.269],[-151.974,-51.223],[-152.748,-51.173],[-153.519,-51.117],[-154.289,-51.056],[-155.056,-50.991],[-155.822,-50.92],[-156.585,-50.844],[-157.345,-50.763],[-158.103,-50.678],[-158.857,-50.587],[-159.609,-50.492],[-160.358,-50.391],[-161.103,-50.286],[-161.845,-50.177],[-162.584,-50.062],[-163.319,-49.943],[-163.746,-50.34],[-164.18,-50.735],[-164.621,-51.129],[-165.07,-51.521],[-165.526,-51.911],[-165.991,-52.3],[-166.709,-52.066],[-167.419,-51.828],[-168.122,-51.586],[-168.817,-51.34],[-169.505,-51.09],[-170.185,-50.835],[-170.858,-50.577],[-171.524,-50.315],[-172.182,-50.049],[-172.833,-49.78],[-173.476,-49.507],[-174.113,-49.23],[-174.742,-48.95],[-175.377,-48.678],[-176.005,-48.403],[-176.627,-48.124],[-177.242,-47.842],[-177.85,-47.557],[-178.451,-47.268],[-179.046,-46.977],[-179.635,-46.682],[179.783,-46.385],[179.207,-46.084],[178.598,-46.32],[177.984,-46.552],[177.364,-46.78],[176.739,-47.006],[176.109,-47.227],[175.474,-47.446],[174.833,-47.661],[174.187,-47.872],[173.536,-48.08]]}},{"type":"Feature","properties":{"boundary_type":"ridge","feature_type":"gpml:MidOceanRidge","polarity":null,"overriding_plate_id":null,"subducting_plate_id":null,"plate_ids":[901,982],"name":"Ontong Java-Manihiki Ellice Basin"},"geometry":{"type":"LineString","coordinates":[[-98.836,-33.28],[-99.308,-33.246],[-99.78,-33.21],[-100.252,-33.172],[-100.723,-33.132],[-101.255,-33.07],[-101.787,-33.005],[-102.318,-32.937],[-102.848,-32.868],[-103.377,-32.796],[-103.906,-32.722],[-104.433,-32.646],[-104.96,-32.568],[-105.486,-32.487],[-106.01,-32.404],[-106.547,-32.315],[-107.083,-32.224],[-107.618,-32.13],[-108.152,-32.035],[-108.685,-31.937],[-109.216,-31.836],[-109.747,-31.734],[-110.276,-31.629],[-110.804,-31.523],[-111.331,-31.414],[-111.856,-31.303],[-112.381,-31.189],[-112.904,-31.074],[-113.031,-31.44],[-113.159,-31.806],[-113.288,-32.172],[-113.418,-32.537],[-113.981,-32.664],[-114.545,-32.787],[-115.111,-32.908],[-115.678,-33.027],[-116.247,-33.143],[-116.817,-33.256],[-117.388,-33.367],[-117.961,-33.475],[-118.536,-33.58],[-119.112,-33.683],[-119.683,-33.767],[-120.255,-33.848],[-120.829,-33.927],[-121.403,-34.003],[-121.979,-34.076],[-122.555,-34.146],[-123.133,-34.214],[-123.711,-34.279],[-124.29,-34.342],[-124.87,-34.402],[-125.451,-34.458],[-126.033,-34.513],[-125.996,-34.835],[-126.409,-34.888],[-126.823,-34.939],[-127.237,-34.988],[-127.163,-35.378],[-127.089,-35.767],[-127.013,-36.156],[-126.937,-36.545],[-127.456,-36.612],[-127.976,-36.677],[-128.497,-36.74],[-129.019,-36.8],[-129.541,-36.858],[-130.065,-36.914],[-130.028,-37.222],[-129.992,-37.53],[-130.613,-37.574],[-131.235,-37.615],[-131.857,-37.653],[-132.48,-37.687],[-132.437,-38.078],[-132.393,-38.469],[-132.348,-38.86],[-132.303,-39.25],[-132.903,-39.293],[-133.504,-39.332],[-134.105,-39.368],[-134.707,-39.401],[-134.703,-39.84],[-134.698,-40.278],[-134.693,-40.716],[-135.216,-40.746],[-135.74,-40.773],[-136.264,-40.799],[-136.788,-40.821],[-136.786,-41.278],[-136.784,-41.735],[-136.782,-42.192],[-136.78,-42.648],[-136.777,-43.105],[-136.775,-43.562],[-137.197,-43.794],[-137.621,-44.026],[-138.049,-44.255],[-138.481,-44.483],[-138.639,-44.848]]}},{"type":"Feature","properties":{"boundary_type":"ridge","feature_type":"gpml:MidOceanRidge","polarity":null,"overriding_plate_id":null,"subducting_plate_id":null,"plate_ids":[901,908],"name":"MOR Pacific-Chazca"},"geometry":{"type":"LineString","coordinates":[[-99.229,-23.313],[-98.729,-23.221],[-98.23,-23.127],[-97.732,-23.032],[-97.234,-22.935],[-96.737,-22.836],[-96.24,-22.737],[-95.745,-22.635],[-95.25,-22.532],[-94.756,-22.428],[-94.262,-22.322],[-93.77,-22.214],[-93.851,-21.867],[-93.933,-21.519],[-94.014,-21.172],[-94.149,-20.744],[-94.283,-20.316],[-93.852,-20.198],[-93.422,-20.08],[-92.992,-19.96],[-92.563,-19.839]]}},{"type":"Feature","properties":{"boundary_type":"ridge","feature_type":"gpml:MidOceanRidge","polarity":null,"overriding_plate_id":null,"subducting_plate_id":null,"plate_ids":[902,908],"name":"MOR Pacific-Chazca"},"geometry":{"type":"LineString","coordinates":[[-92.563,-19.839],[-92.148,-19.721],[-91.733,-19.602],[-91.319,-19.482],[-90.905,-19.361],[-90.492,-19.239],[-90.071,-19.097],[-89.651,-18.955],[-89.232,-18.811],[-88.813,-18.666],[-88.395,-18.52],[-87.91,-18.363],[-87.427,-18.205],[-86.944,-18.046],[-86.463,-17.885],[-85.982,-17.724],[-85.502,-17.561],[-85.023,-17.397],[-84.545,-17.231],[-84.067,-17.065],[-83.591,-16.898],[-83.115,-16.729],[-82.641,-16.56],[-82.167,-16.389],[-81.693,-16.217],[-81.221,-16.044],[-80.75,-15.871],[-80.279,-15.696],[-79.828,-15.495],[-79.379,-15.294],[-78.93,-15.092],[-78.482,-14.889],[-78.034,-14.685],[-77.588,-14.481],[-77.142,-14.275],[-76.698,-14.069],[-76.254,-13.861],[-75.811,-13.653],[-75.368,-13.445],[-74.927,-13.235],[-74.486,-13.025],[-74.046,-12.814],[-73.606,-12.602],[-73.168,-12.389],[-72.73,-12.176]]}},{"type":"Feature","properties":{"boundary_type":"ridge","feature_type":"gpml:MidOceanRidge","polarity":null,"overriding_plate_id":null,"subducting_plate_id":null,"plate_ids":[901,908],"name":"Northwest Manihiki MOR"},"geometry":{"type":"LineString","coordinates":[[-99.229,-23.313],[-99.126,-23.744],[-99.023,-24.175],[-98.918,-24.606],[-98.813,-25.037],[-98.707,-25.467],[-98.601,-25.898],[-98.494,-26.329],[-98.385,-26.759],[-98.328,-27.135],[-98.27,-27.511],[-98.212,-27.887],[-98.129,-28.381],[-98.045,-28.874],[-97.96,-29.367],[-97.875,-29.86],[-97.789,-30.353],[-97.702,-30.845],[-97.614,-31.338],[-97.525,-31.831],[-97.947,-31.944],[-98.37,-32.055],[-98.795,-32.166],[-99.22,-32.274],[-99.093,-32.61],[-98.965,-32.945],[-98.836,-33.28]]}},{"type":"Feature","properties":{"boundary_type":"ridge","feature_type":"gpml:MidOceanRidge","polarity":null,"overriding_plate_id":null,"subducting_plate_id":null,"plate_ids":[908,982],"name":"Northwest Manihiki MOR"},"geometry":{"type":"LineString","coordinates":[[-98.836,-33.28],[-98.671,-33.703],[-98.505,-34.126],[-98.964,-34.239],[-99.425,-34.351],[-99.252,-34.8],[-99.076,-35.248],[-98.899,-35.697],[-98.72,-36.145],[-98.538,-36.593],[-98.355,-37.041],[-98.169,-37.488],[-97.981,-37.936],[-98.482,-38.09],[-98.986,-38.243],[-98.756,-38.707],[-98.523,-39.17],[-98.287,-39.633],[-98.048,-40.096],[-97.805,-40.558],[-97.559,-41.019],[-97.31,-41.48],[-97.057,-41.94],[-96.8,-42.4],[-96.54,-42.859],[-96.276,-43.318],[-96.808,-43.489],[-97.344,-43.658],[-97.882,-43.825],[-98.423,-43.989],[-98.149,-44.436],[-97.871,-44.883],[-97.588,-45.329],[-97.301,-45.775],[-97.009,-46.219],[-96.713,-46.663],[-96.378,-47.077],[-96.038,-47.489],[-95.692,-47.9],[-95.341,-48.31],[-94.984,-48.719],[-94.622,-49.127],[-94.253,-49.533]]}},{"type":"Feature","properties":{"boundary_type":"ridge","feature_type":"gpml:MidOceanRidge","polarity":null,"overriding_plate_id":null,"subducting_plate_id":null,"plate_ids":[902,926],"name":"MOR Farallon-Izanagi"},"geometry":{"type":"LineString","coordinates":[[-132.458,30.446],[-132.095,30.796],[-131.73,31.145],[-131.361,31.492],[-130.99,31.839],[-130.616,32.185],[-130.24,32.529],[-129.86,32.872],[-129.478,33.215],[-129.092,33.556],[-128.703,33.895],[-128.312,34.234],[-127.961,34.618],[-127.606,35.0],[-127.249,35.382],[-126.888,35.762],[-126.523,36.141],[-126.155,36.52],[-125.784,36.897],[-125.408,37.273],[-125.029,37.647],[-124.646,38.021],[-124.259,38.393],[-123.869,38.764],[-123.474,39.134],[-123.818,39.502],[-124.166,39.869],[-124.518,40.235],[-124.874,40.6],[-125.233,40.964],[-124.837,41.338],[-124.436,41.711],[-124.031,42.082],[-123.621,42.451],[-123.206,42.819],[-122.786,43.186],[-122.361,43.551],[-121.93,43.914],[-121.495,44.276],[-121.054,44.636],[-120.608,44.995],[-120.156,45.351],[-119.698,45.706],[-120.079,46.02],[-120.464,46.333],[-120.853,46.644],[-121.247,46.954],[-121.645,47.262],[-121.504,47.736],[-121.361,48.21],[-121.214,48.683],[-121.065,49.156],[-120.913,49.63],[-120.758,50.102],[-120.6,50.575],[-120.438,51.048],[-120.274,51.52],[-120.106,51.992],[-119.934,52.463],[-119.759,52.935],[-119.579,53.406],[-119.396,53.877],[-119.209,54.348],[-119.017,54.818],[-118.82,55.288],[-118.619,55.758],[-118.413,56.227],[-119.192,56.378],[-119.977,56.524],[-120.767,56.664],[-121.564,56.8],[-122.366,56.93],[-123.174,57.056],[-123.987,57.176],[-124.805,57.291],[-124.555,57.754],[-124.299,58.217],[-124.036,58.679],[-123.766,59.141],[-123.489,59.602],[-123.204,60.063],[-122.911,60.522],[-122.61,60.982],[-122.299,61.44],[-121.98,61.898],[-121.651,62.355],[-121.311,62.811],[-120.961,63.267],[-120.6,63.721],[-120.227,64.175],[-119.841,64.628],[-119.442,65.079],[-119.03,65.53],[-118.603,65.979],[-118.161,66.427],[-117.703,66.874],[-117.228,67.319],[-116.735,67.763],[-116.223,68.206],[-115.69,68.646],[-115.137,69.085],[-114.46,69.491],[-113.757,69.893],[-113.027,70.293],[-112.267,70.69],[-111.478,71.083],[-110.656,71.473],[-109.8,71.859],[-108.909,72.241],[-107.98,72.619]]}},{"type":"Feature","properties":{"boundary_type":"ridge","feature_type":"gpml:MidOceanRidge","polarity":null,"overriding_plate_id":null,"subducting_plate_id":null,"plate_ids":[101,304],"name":"IB_NFLND_Exhumed_Mantle"},"geometry":{"type":"LineString","coordinates":[[-4.771,31.15],[-4.391,31.48],[-4.007,31.809],[-3.704,32.182],[-3.381,32.543],[-3.161,32.946],[-2.96,33.261],[-2.806,33.683],[-2.617,34.108],[-2.483,34.195],[-2.331,34.446],[-2.145,34.642],[-1.897,34.853],[-1.623,35.136],[-1.238,35.423],[-1.047,35.658],[-0.976,35.719],[-0.87,35.917],[-0.8,36.042],[-0.707,36.15],[-0.515,36.355],[-0.349,36.608],[-0.229,36.706],[-0.165,36.79],[-0.007,36.909],[0.136,36.932],[0.256,37.07],[0.366,37.158],[0.548,37.416],[0.57,37.432]]}},{"type":"Feature","properties":{"boundary_type":"ridge","feature_type":"gpml:MidOceanRidge","polarity":null,"overriding_plate_id":null,"subducting_plate_id":null,"plate_ids":[301,304],"name":"BayoFBiscay"},"geometry":{"type":"LineString","coordinates":[[0.455,37.611],[0.689,37.595],[1.039,37.528],[1.388,37.46],[1.825,37.439],[2.261,37.417],[2.664,37.452],[3.068,37.486],[3.444,37.415],[3.82,37.342],[4.174,37.285],[4.527,37.226],[4.828,37.151],[5.128,37.075],[5.677,36.924],[5.903,36.882],[6.325,36.925],[6.642,36.87],[6.946,36.853],[7.22,36.734],[7.312,36.667],[7.39,36.556],[7.749,36.4]]}},{"type":"Feature","properties":{"boundary_type":"ridge","feature_type":"gpml:MidOceanRidge","polarity":null,"overriding_plate_id":null,"subducting_plate_id":null,"plate_ids":[101,301],"name":"PorucpineMOR"},"geometry":{"type":"LineString","coordinates":[[-6.603,46.997],[-6.61,46.911],[-6.636,46.83],[-6.672,46.753],[-6.701,46.678],[-6.681,46.609],[-6.664,46.551],[-6.637,46.459],[-6.566,46.285],[-6.496,46.09],[-6.383,45.855],[-6.344,45.66],[-6.169,45.358],[-6.101,45.227],[-6.028,45.044],[-5.973,44.865],[-5.9,44.716],[-5.774,44.58],[-5.665,44.422],[-5.506,44.306],[-5.318,44.19],[-5.137,44.054],[-4.872,43.968],[-4.582,43.906],[-4.378,43.826],[-3.927,43.709],[-3.537,43.476],[-3.208,43.313],[-2.804,43.09],[-2.475,42.855],[-2.21,42.602],[-2.001,42.337],[-1.806,42.015],[-1.579,41.691],[-1.384,41.419],[-1.189,41.173],[-1.047,41.025],[-0.867,40.83],[-0.761,40.644],[-0.608,40.424],[-0.503,40.129],[-0.365,39.769],[-0.333,39.486],[-0.345,39.159],[-0.294,38.907],[-0.244,38.758],[-0.195,38.61],[-0.107,38.427],[0.119,38.211],[0.241,37.944],[0.455,37.611]]}},{"type":"Feature","properties":{"boundary_type":"ridge","feature_type":"gpml:MidOceanRidge","polarity":null,"overriding_plate_id":null,"subducting_plate_id":null,"plate_ids":[101,304],"name":"PorucpineMOR"},"geometry":{"type":"LineString","coordinates":[[0.455,37.611],[0.57,37.432]]}},{"type":"Feature","properties":{"boundary_type":"subduction","feature_type":"gpml:SubductionZone","polarity":"Right","overriding_plate_id":201,"subducting_plate_id":802,"plate_ids":[201,802],"name":"South America trench taken from COB file"},"geometry":{"type":"LineString","coordinates":[[-44.379,-59.237],[-44.928,-59.073],[-45.434,-58.888],[-45.935,-58.701],[-45.92,-58.677],[-45.983,-58.652],[-46.249,-58.528],[-46.376,-58.438],[-46.573,-58.312],[-46.915,-58.089],[-47.042,-58.007]]}},{"type":"Feature","properties":{"boundary_type":"subduction","feature_type":"gpml:SubductionZone","polarity":"Right","overriding_plate_id":201,"subducting_plate_id":985,"plate_ids":[201,985],"name":"South America trench taken from COB file"},"geometry":{"type":"LineString","coordinates":[[-47.042,-58.007],[-47.138,-57.945],[-47.371,-57.764],[-47.742,-57.632],[-48.348,-57.44],[-48.61,-57.379],[-49.095,-57.208],[-49.369,-56.974],[-49.639,-56.74],[-49.922,-56.277],[-50.198,-55.814],[-50.317,-55.53],[-50.434,-55.246],[-50.51,-54.973],[-50.585,-54.7],[-50.6,-54.415],[-50.616,-54.129],[-50.483,-53.716],[-50.354,-53.303],[-50.227,-52.889],[-50.272,-52.512],[-50.316,-52.134],[-50.416,-51.768],[-50.515,-51.402],[-50.326,-50.951],[-50.14,-50.499],[-49.692,-50.238],[-49.248,-49.974],[-48.578,-49.819],[-48.404,-49.382],[-48.215,-49.025],[-48.108,-48.766],[-48.002,-48.507],[-47.936,-48.193],[-47.971,-47.973],[-48.046,-47.704],[-48.086,-47.456],[-48.142,-47.115],[-47.971,-46.78],[-47.825,-46.421],[-47.727,-46.197],[-47.551,-45.817],[-47.499,-45.624]]}},{"type":"Feature","properties":{"boundary_type":"subduction","feature_type":"gpml:SubductionZone","polarity":"Right","overriding_plate_id":201,"subducting_plate_id":908,"plate_ids":[201,908],"name":"South America trench taken from COB file"},"geometry":{"type":"LineString","coordinates":[[-47.499,-45.624],[-47.493,-45.6],[-47.41,-45.338],[-47.34,-45.094],[-47.24,-44.751],[-47.141,-44.409],[-47.044,-44.067],[-46.974,-43.741],[-46.893,-43.481],[-46.813,-43.22],[-46.729,-42.919],[-46.71,-42.651],[-46.692,-42.383],[-46.673,-42.151],[-46.532,-41.765],[-46.371,-41.363],[-46.267,-41.123],[-46.163,-40.883],[-46.09,-40.405],[-45.937,-39.973],[-45.77,-39.618],[-45.604,-39.264],[-45.441,-38.909],[-45.279,-38.554],[-45.042,-38.166],[-44.808,-37.777],[-44.576,-37.388],[-44.347,-36.998],[-44.12,-36.608],[-43.896,-36.218],[-43.673,-35.827],[-43.57,-35.35],[-43.468,-34.873],[-43.367,-34.396],[-43.267,-33.918],[-43.168,-33.441],[-43.07,-32.964],[-42.974,-32.486],[-42.878,-32.009],[-42.784,-31.531],[-42.628,-31.14],[-42.474,-30.749],[-42.321,-30.357],[-42.169,-29.966],[-42.018,-29.574],[-41.93,-29.116],[-41.842,-28.658],[-41.756,-28.201],[-41.67,-27.743],[-41.584,-27.285],[-41.5,-26.827],[-41.416,-26.369],[-41.332,-25.911],[-41.266,-25.502],[-41.2,-25.093],[-41.134,-24.684],[-41.203,-24.246],[-41.271,-23.807],[-41.258,-23.465],[-41.246,-23.124],[-41.387,-22.693],[-41.528,-22.263],[-41.796,-21.833],[-42.062,-21.403],[-42.383,-21.057],[-42.703,-20.711],[-43.021,-20.365],[-43.337,-20.018],[-43.653,-19.67],[-44.028,-19.473],[-44.402,-19.274]]}},{"type":"Feature","properties":{"boundary_type":"subduction","feature_type":"gpml:SubductionZone","polarity":"Right","overriding_plate_id":201,"subducting_plate_id":902,"plate_ids":[201,902],"name":"South America trench taken from COB file"},"geometry":{"type":"LineString","coordinates":[[-44.402,-19.274],[-44.554,-19.194],[-44.88,-18.843],[-45.206,-18.493],[-45.53,-18.141],[-45.853,-17.79],[-46.174,-17.437],[-46.494,-17.085],[-46.813,-16.731],[-47.131,-16.377],[-47.448,-16.023],[-47.676,-15.616],[-47.904,-15.208],[-48.13,-14.801],[-48.356,-14.393],[-48.58,-13.985],[-48.804,-13.576],[-49.028,-13.168],[-49.25,-12.759],[-49.472,-12.35],[-49.693,-11.941],[-49.913,-11.532],[-50.062,-11.072],[-50.21,-10.611],[-50.358,-10.151],[-50.506,-9.691],[-50.653,-9.23],[-50.8,-8.77],[-50.946,-8.309],[-51.092,-7.849],[-51.026,-7.49],[-50.959,-7.132],[-50.892,-6.774]]}},{"type":"Feature","properties":{"boundary_type":"other","feature_type":"gpml:ExtendedContinentalCrust","polarity":null,"overriding_plate_id":null,"subducting_plate_id":null,"plate_ids":[714,715],"name":"North African Basins, Eastern Boundary"},"geometry":{"type":"LineString","coordinates":[[14.42,-4.079],[14.415,-3.93],[14.396,-3.506],[14.377,-3.083],[14.358,-2.659],[14.339,-2.235],[14.637,-2.063],[14.935,-1.889],[15.233,-1.716],[15.487,-1.498],[15.741,-1.28],[15.995,-1.062],[16.207,-0.766],[16.418,-0.469],[16.43,-0.135],[16.442,0.199],[16.453,0.533],[16.355,0.936],[16.257,1.339],[16.159,1.742],[16.058,2.1],[15.958,2.458],[15.857,2.816],[15.759,3.284],[15.66,3.752],[15.561,4.22],[15.707,4.65],[15.852,5.079],[15.724,5.348],[15.596,5.617],[15.583,6.016],[15.569,6.415],[15.556,6.814],[15.474,7.237],[15.392,7.66],[15.31,8.083],[15.741,8.229],[16.172,8.375],[16.603,8.52],[17.008,8.466],[17.411,8.412],[17.815,8.357],[18.188,8.464],[18.562,8.57],[18.935,8.676],[19.309,8.782],[19.814,8.767],[20.319,8.752],[20.804,8.654],[21.289,8.555],[21.773,8.456],[22.257,8.356],[22.632,8.476],[23.006,8.596],[23.38,8.716],[23.755,8.835],[24.157,8.787],[24.56,8.738],[24.992,8.877],[25.425,9.015],[25.859,9.153],[25.986,9.575],[26.114,9.996],[26.242,10.418],[26.371,10.84],[26.5,11.261],[26.265,11.539],[26.028,11.816],[25.792,12.093],[25.652,12.501],[25.513,12.908],[25.372,13.316],[25.489,13.742],[25.606,14.167],[25.724,14.593],[25.842,15.019],[25.96,15.444],[26.175,15.678],[26.39,15.912]]}},{"type":"Feature","properties":{"boundary_type":"other","feature_type":"gpml:ExtendedContinentalCrust","polarity":null,"overriding_plate_id":null,"subducting_plate_id":null,"plate_ids":[701,715],"name":"Central African Rifts, Southern Boundary"},"geometry":{"type":"LineString","coordinates":[[20.081,-6.767],[20.576,-6.741],[21.072,-6.715],[21.567,-6.688],[22.062,-6.661],[22.526,-6.568],[22.991,-6.475],[23.455,-6.382],[23.919,-6.288],[24.383,-6.194],[24.802,-6.283],[25.22,-6.372],[25.639,-6.461],[26.059,-6.549],[26.362,-6.89],[26.665,-7.23],[26.969,-7.57],[27.274,-7.91],[27.579,-8.249],[27.884,-8.588],[28.191,-8.928],[28.497,-9.266],[28.604,-9.597],[28.71,-9.927],[29.005,-10.101],[29.299,-10.274],[29.595,-10.447],[29.619,-10.907],[29.643,-11.367],[29.983,-11.694],[30.324,-12.022],[30.666,-12.349],[31.009,-12.675],[31.397,-12.809],[31.786,-12.942],[32.175,-13.074],[32.564,-13.206],[32.954,-13.338],[33.364,-13.5],[33.775,-13.661],[34.186,-13.821],[34.598,-13.981],[35.01,-14.14],[35.423,-14.298],[35.82,-14.186],[36.217,-14.074],[36.613,-13.962],[37.009,-13.848],[37.334,-13.514],[37.658,-13.179],[37.982,-12.843],[38.304,-12.507],[38.626,-12.171],[38.947,-11.835],[39.277,-11.593],[39.606,-11.35],[39.934,-11.107],[40.262,-10.864],[40.623,-10.608],[40.982,-10.352],[41.342,-10.095],[41.828,-10.01],[42.315,-9.924],[42.802,-9.838],[43.288,-9.751],[43.774,-9.663],[44.226,-9.607],[44.678,-9.551],[45.13,-9.494],[45.582,-9.436],[46.033,-9.378],[46.485,-9.319],[46.935,-9.242],[47.386,-9.164],[47.836,-9.086],[48.286,-9.007],[48.736,-8.928],[49.186,-8.848],[49.607,-8.742],[50.028,-8.636],[50.448,-8.529],[50.868,-8.422],[51.288,-8.314],[51.708,-8.206],[52.148,-8.128],[52.589,-8.05],[53.029,-7.971],[53.47,-7.892],[53.91,-7.812],[54.349,-7.732],[54.789,-7.651],[55.271,-7.556],[55.753,-7.461],[56.235,-7.365],[56.716,-7.268],[57.197,-7.171]]}},{"type":"Feature","properties":{"boundary_type":"other","feature_type":"gpml:TerraneBoundary","polarity":null,"overriding_plate_id":null,"subducting_plate_id":null,"plate_ids":[701,715],"name":"Northeast Africa-South Africa"},"geometry":{"type":"LineString","coordinates":[[20.081,-6.767],[19.984,-6.67],[19.717,-6.633],[19.451,-6.596],[19.172,-6.61],[18.893,-6.624],[18.418,-6.644],[17.944,-6.664],[17.602,-6.632],[17.26,-6.601],[16.918,-6.569],[16.639,-6.469],[16.361,-6.37],[16.214,-6.318]]}},{"type":"Feature","properties":{"boundary_type":"ridge","feature_type":"gpml:MidOceanRidge","polarity":null,"overriding_plate_id":null,"subducting_plate_id":null,"plate_ids":[201,701],"name":"SAM MOR and boundary"},"geometry":{"type":"LineString","coordinates":[[-11.659,-52.656],[-11.592,-52.182],[-11.526,-51.708],[-11.462,-51.234],[-11.398,-50.76],[-11.337,-50.285],[-11.276,-49.811],[-11.216,-49.337],[-11.158,-48.862],[-11.101,-48.388],[-11.045,-47.914],[-10.99,-47.439],[-10.935,-46.965],[-10.882,-46.49],[-10.83,-46.016],[-10.779,-45.541],[-10.728,-45.067],[-10.678,-44.592],[-10.629,-44.117],[-10.581,-43.643],[-10.534,-43.168],[-10.393,-42.74],[-10.254,-42.311],[-10.117,-41.882],[-9.981,-41.454],[-9.848,-41.025],[-9.698,-40.609],[-9.55,-40.194],[-9.404,-39.779],[-9.259,-39.363],[-9.117,-38.947],[-8.976,-38.531],[-8.836,-38.115],[-8.362,-37.823],[-7.892,-37.529],[-7.425,-37.233],[-6.962,-36.935],[-6.503,-36.636],[-6.186,-36.223],[-5.872,-35.81],[-5.562,-35.396],[-5.255,-34.982],[-5.013,-34.627],[-4.774,-34.273],[-4.536,-33.917],[-4.301,-33.562],[-4.067,-33.206],[-4.519,-33.083],[-4.969,-32.958],[-5.418,-32.831],[-5.334,-32.495],[-5.25,-32.159],[-4.887,-31.854],[-4.527,-31.548],[-4.169,-31.241],[-3.813,-30.933],[-3.459,-30.623],[-3.124,-30.219],[-2.792,-29.814],[-2.462,-29.408],[-2.135,-29.001],[-1.81,-28.594],[-1.488,-28.185],[-1.169,-27.776],[-0.852,-27.367],[-0.861,-26.913],[-0.87,-26.458],[-0.878,-26.004],[-0.887,-25.55],[-0.896,-25.096],[-0.904,-24.642],[-0.913,-24.188],[-0.921,-23.734],[-0.93,-23.28],[-0.915,-22.82],[-0.9,-22.361],[-0.886,-21.902],[-0.871,-21.443],[-0.857,-20.984],[-0.843,-20.524],[-0.828,-20.065],[-0.814,-19.606],[-0.8,-19.147],[-1.132,-18.8],[-1.462,-18.452],[-1.791,-18.104],[-1.566,-17.693],[-1.342,-17.282],[-1.12,-16.871],[-0.898,-16.46],[-0.677,-16.048],[-0.457,-15.637],[-0.238,-15.225],[-0.019,-14.812],[0.198,-14.4],[0.415,-13.987],[0.871,-13.769],[1.326,-13.551],[1.78,-13.331],[2.233,-13.11],[2.187,-12.631],[2.14,-12.152],[2.094,-11.672],[2.048,-11.193],[2.002,-10.713],[1.957,-10.234],[2.016,-9.774],[2.076,-9.314],[2.135,-8.853],[2.194,-8.393],[1.977,-7.982],[1.76,-7.571],[1.543,-7.159]]}},{"type":"Feature","properties":{"boundary_type":"subduction","feature_type":"gpml:SubductionZone","polarity":"Left","overriding_plate_id":801,"subducting_plate_id":983,"plate_ids":[801,983],"name":"boundary LHR"},"geometry":{"type":"LineString","coordinates":[[-169.421,-64.214],[-170.251,-64.413],[-171.093,-64.607],[-171.968,-64.473],[-172.834,-64.333],[-173.696,-64.23],[-174.552,-64.121],[-175.401,-64.008],[-176.242,-63.889],[-176.938,-63.66],[-177.623,-63.427],[-177.964,-62.995],[-178.295,-62.561],[-178.617,-62.127],[-178.754,-61.703],[-178.887,-61.278],[-179.506,-60.911],[179.889,-60.542],[179.367,-60.218],[178.855,-59.892],[179.278,-59.556],[179.693,-59.218],[-179.901,-58.88],[-179.83,-58.437],[-179.76,-57.995],[-179.915,-57.734],[179.931,-57.473],[-179.875,-57.012],[-179.686,-56.55],[-179.502,-56.088],[-179.367,-55.708],[-179.235,-55.329],[-179.106,-54.949],[-178.979,-54.568]]}},{"type":"Feature","properties":{"boundary_type":"subduction","feature_type":"gpml:SubductionZone","polarity":"Left","overriding_plate_id":801,"subducting_plate_id":983,"plate_ids":[801,983],"name":"boundary LHR"},"geometry":{"type":"LineString","coordinates":[[-178.979,-54.568],[-179.209,-54.294],[-179.436,-54.019],[-179.855,-53.819],[179.73,-53.618],[179.267,-53.344],[178.809,-53.068],[178.286,-52.707],[177.77,-52.344],[177.446,-51.985],[177.127,-51.625],[176.709,-51.206],[176.299,-50.785],[176.153,-50.418],[176.009,-50.051],[175.868,-49.683],[175.5,-49.297],[175.137,-48.91],[174.733,-48.708],[174.332,-48.505],[173.932,-48.293],[173.536,-48.08]]}},{"type":"Feature","properties":{"boundary_type":"subduction","feature_type":"gpml:SubductionZone","polarity":"Left","overriding_plate_id":801,"subducting_plate_id":901,"plate_ids":[801,901],"name":"boundary LHR"},"geometry":{"type":"LineString","coordinates":[[173.536,-48.08],[173.427,-48.021],[172.853,-47.764],[172.284,-47.505],[171.774,-47.305],[171.268,-47.103],[170.843,-46.751],[170.836,-46.393],[170.828,-46.034],[170.429,-45.742],[170.034,-45.45],[170.204,-45.168],[170.373,-44.887],[170.558,-44.552],[170.742,-44.216],[170.923,-43.88],[170.746,-43.468],[170.572,-43.056],[170.195,-42.713],[169.822,-42.369],[169.347,-42.144],[168.875,-41.917],[168.407,-41.688],[167.942,-41.457],[167.39,-41.205],[166.843,-40.951]]}},{"type":"Feature","properties":{"boundary_type":"ridge","feature_type":"gpml:MidOceanRidge","polarity":null,"overriding_plate_id":null,"subducting_plate_id":null,"plate_ids":[902,908],"name":"MOR Chazca-Farallon"},"geometry":{"type":"LineString","coordinates":[[-72.73,-12.176],[-72.22,-12.139],[-71.711,-12.101],[-71.202,-12.062],[-70.692,-12.022],[-70.183,-11.981],[-69.675,-11.939],[-69.166,-11.896],[-68.658,-11.852],[-68.149,-11.808],[-68.122,-12.304],[-68.095,-12.801],[-68.068,-13.297],[-68.04,-13.794],[-68.013,-14.29],[-67.985,-14.787],[-67.957,-15.283],[-67.929,-15.78],[-67.901,-16.276],[-67.392,-16.286],[-66.882,-16.294],[-66.372,-16.301],[-65.862,-16.307],[-65.352,-16.312],[-64.842,-16.315],[-64.333,-16.317],[-63.823,-16.318],[-63.313,-16.318],[-62.803,-16.317],[-62.293,-16.314],[-61.783,-16.31],[-61.273,-16.305],[-60.763,-16.298],[-60.254,-16.291],[-59.744,-16.282],[-59.234,-16.272],[-58.725,-16.261],[-58.215,-16.248],[-57.705,-16.234],[-57.196,-16.22],[-56.687,-16.203],[-56.177,-16.186],[-55.668,-16.168],[-55.159,-16.148],[-54.65,-16.127],[-54.58,-16.578],[-54.509,-17.029],[-54.437,-17.48],[-54.366,-17.932],[-54.294,-18.383],[-54.222,-18.834],[-54.149,-19.285],[-54.076,-19.736],[-54.002,-20.187],[-53.494,-20.152],[-52.987,-20.115],[-52.479,-20.077],[-51.972,-20.038],[-51.466,-19.997],[-50.959,-19.954],[-50.453,-19.91],[-49.947,-19.865],[-49.441,-19.819],[-48.936,-19.77],[-48.43,-19.721],[-47.926,-19.67],[-47.421,-19.618],[-46.917,-19.564],[-46.413,-19.509],[-45.91,-19.452],[-45.407,-19.394],[-44.904,-19.335],[-44.402,-19.274]]}},{"type":"Feature","properties":{"boundary_type":"subduction","feature_type":"gpml:SubductionZone","polarity":"Left","overriding_plate_id":301,"subducting_plate_id":926,"plate_ids":[301,926],"name":"Okinawa Trough (Ryuku) from EarthByte cob MG 4-20-07"},"geometry":{"type":"LineString","coordinates":[[134.916,29.992],[135.239,30.194],[135.499,30.483],[135.761,30.771],[136.024,31.059],[136.215,31.483],[136.408,31.907],[136.603,32.33],[136.8,32.754],[136.999,33.177],[137.148,33.563],[137.298,33.949],[137.449,34.335],[137.602,34.721],[137.678,35.074],[137.755,35.426],[137.795,35.867],[137.835,36.307],[137.799,36.745],[137.763,37.182],[137.825,37.568],[137.887,37.954]]}},{"type":"Feature","properties":{"boundary_type":"subduction","feature_type":"gpml:SubductionZone","polarity":"Right","overriding_plate_id":801,"subducting_plate_id":983,"plate_ids":[801,983],"name":"Challenger Plateau NE margin"},"geometry":{"type":"LineString","coordinates":[[-169.421,-64.214],[-168.297,-64.216],[-167.173,-64.209],[-166.352,-64.228],[-165.529,-64.243],[-164.756,-64.285],[-163.981,-64.324],[-163.25,-64.473],[-162.512,-64.618],[-162.064,-64.786],[-161.61,-64.952],[-160.921,-65.144],[-160.221,-65.332],[-159.512,-65.517],[-158.484,-65.635],[-157.447,-65.746],[-156.61,-65.777],[-155.771,-65.805],[-154.93,-65.827]]}},{"type":"Feature","properties":{"boundary_type":"subduction","feature_type":"gpml:SubductionZone","polarity":"Right","overriding_plate_id":null,"subducting_plate_id":null,"plate_ids":[983],"name":"Challenger Plateau NE margin"},"geometry":{"type":"LineString","coordinates":[[-154.93,-65.827],[-154.828,-65.83],[-153.795,-65.964]]}},{"type":"Feature","properties":{"boundary_type":"other","feature_type":"gpml:TerraneBoundary","polarity":null,"overriding_plate_id":null,"subducting_plate_id":null,"plate_ids":[701,715],"name":"Benue Trough-Northeast Africa"},"geometry":{"type":"LineString","coordinates":[[16.214,-6.318],[15.753,-6.156],[15.386,-5.976],[15.019,-5.796],[14.62,-5.633],[14.221,-5.471],[13.94,-5.284],[13.659,-5.096],[13.379,-4.908],[13.099,-4.721],[12.874,-4.436],[12.65,-4.152]]}},{"type":"Feature","properties":{"boundary_type":"subduction","feature_type":"gpml:SubductionZone","polarity":"Left","overriding_plate_id":301,"subducting_plate_id":308,"plate_ids":[301,308],"name":"Vardar Sea Subduction"},"geometry":{"type":"LineString","coordinates":[[32.029,35.416],[32.063,35.038],[32.097,34.659],[32.13,34.281],[32.511,33.903],[32.889,33.525],[33.263,33.144],[33.634,32.763],[33.983,32.435],[34.33,32.107],[34.674,31.777],[35.016,31.446],[35.435,31.32],[35.853,31.193],[36.27,31.065],[36.685,30.935],[37.123,30.927],[37.56,30.918],[38.099,30.919],[38.638,30.918],[39.177,30.915],[39.717,30.909],[39.717,30.909],[40.27,30.951],[40.823,30.99],[41.377,31.027],[41.931,31.061],[42.486,31.093],[43.041,31.123],[43.597,31.151],[44.152,31.176],[44.709,31.198],[45.265,31.218],[45.821,31.236],[46.378,31.252],[46.935,31.265],[47.435,31.291],[47.936,31.314],[48.437,31.336],[48.938,31.356],[49.439,31.241],[49.939,31.123],[50.437,31.003],[50.934,30.882],[51.431,30.759],[51.925,30.633]]}},{"type":"Feature","properties":{"boundary_type":"subduction","feature_type":"gpml:SubductionZone","polarity":"Left","overriding_plate_id":308,"subducting_plate_id":307,"plate_ids":[307,308],"name":"Dinaride Sub. Eo Alpine"},"geometry":{"type":"LineString","coordinates":[[22.928,33.536],[23.196,33.187],[23.462,32.838],[23.726,32.488],[23.989,32.137],[24.249,31.786],[24.792,31.64],[25.334,31.492],[25.743,31.487],[26.151,31.481],[26.56,31.474],[26.886,31.236],[27.211,30.998],[27.534,30.758],[27.836,30.402],[28.135,30.046],[28.433,29.688],[28.62,29.327],[28.806,28.967],[28.991,28.605],[29.175,28.244],[29.461,27.822],[29.746,27.399],[30.027,26.975],[30.297,26.583],[30.565,26.19],[30.832,25.797],[31.041,25.36],[31.25,24.923],[31.541,24.519],[31.83,24.114],[32.023,23.717],[32.214,23.32],[32.405,22.923],[32.493,22.435],[32.58,21.948],[32.667,21.461],[32.753,20.974],[32.838,20.486],[32.923,19.999],[33.007,19.511],[33.091,19.024]]}},{"type":"Feature","properties":{"boundary_type":"transform","feature_type":"gpml:Transform","polarity":null,"overriding_plate_id":null,"subducting_plate_id":null,"plate_ids":[307,715],"name":"South DFZ"},"geometry":{"type":"LineString","coordinates":[[22.427,25.238],[22.97,25.206],[23.512,25.172],[24.054,25.136],[24.596,25.098],[25.138,25.058],[25.679,25.016],[26.22,24.972],[26.76,24.926],[27.3,24.878],[27.84,24.828],[28.245,24.72],[28.65,24.61],[29.054,24.5],[29.377,24.178],[29.697,23.856],[30.016,23.533],[30.334,23.209],[30.373,22.804],[30.411,22.398],[30.45,21.993],[30.599,21.551],[30.747,21.108],[30.894,20.666],[31.041,20.223],[31.187,19.78],[31.664,19.593],[32.141,19.405],[32.617,19.215],[33.091,19.024]]}},{"type":"Feature","properties":{"boundary_type":"transform","feature_type":"gpml:Transform","polarity":null,"overriding_plate_id":null,"subducting_plate_id":null,"plate_ids":[308,715],"name":"South DFZ"},"geometry":{"type":"LineString","coordinates":[[33.091,19.024],[33.524,18.838],[33.956,18.652]]}},{"type":"Feature","properties":{"boundary_type":"other","feature_type":"gpml:Fault","polarity":null,"overriding_plate_id":null,"subducting_plate_id":null,"plate_ids":[301,304],"name":"NPF"},"geometry":{"type":"LineString","coordinates":[[8.456,35.585],[8.972,35.45],[9.486,35.314],[9.999,35.175],[10.509,35.034],[11.018,34.891],[11.525,34.746],[12.031,34.598],[12.574,34.552],[13.117,34.504],[13.66,34.454],[14.075,34.421],[14.49,34.386],[14.904,34.35]]}},{"type":"Feature","properties":{"boundary_type":"transform","feature_type":"gpml:Transform","polarity":null,"overriding_plate_id":null,"subducting_plate_id":null,"plate_ids":[101,714],"name":"South Iberia"},"geometry":{"type":"LineString","coordinates":[[-5.008,31.25],[-4.771,31.15]]}},{"type":"Feature","properties":{"boundary_type":"transform","feature_type":"gpml:Transform","polarity":null,"overriding_plate_id":null,"subducting_plate_id":null,"plate_ids":[304,714],"name":"South Iberia"},"geometry":{"type":"LineString","coordinates":[[-4.771,31.15],[-4.292,30.946],[-3.814,30.741],[-3.338,30.534],[-2.865,30.325],[-2.389,30.082],[-1.916,29.837],[-1.445,29.591],[-0.977,29.343],[-0.51,29.093],[-0.046,28.842],[0.415,28.589],[0.875,28.335],[1.332,28.079],[1.787,27.822],[2.24,27.563],[2.78,27.518],[3.319,27.471],[3.858,27.421],[4.396,27.37],[4.933,27.316],[5.471,27.261],[6.007,27.203],[6.543,27.144],[7.078,27.082],[7.613,27.018],[8.147,26.953],[8.681,26.885],[9.225,26.881],[9.77,26.875],[10.314,26.866],[10.859,26.856],[11.403,26.843],[11.839,26.855],[12.275,26.865],[12.711,26.874]]}},{"type":"Feature","properties":{"boundary_type":"transform","feature_type":"gpml:Transform","polarity":null,"overriding_plate_id":null,"subducting_plate_id":null,"plate_ids":[307,714],"name":"South Iberia"},"geometry":{"type":"LineString","coordinates":[[12.711,26.874],[13.221,26.871],[13.731,26.867],[14.241,26.861],[14.751,26.853],[15.261,26.844],[15.771,26.832],[16.28,26.819],[16.817,26.693],[17.353,26.565],[17.887,26.435],[18.421,26.303],[18.953,26.169],[19.483,26.033],[20.013,25.895],[20.541,25.755],[21.068,25.614]]}},{"type":"Feature","properties":{"boundary_type":"transform","feature_type":"gpml:Transform","polarity":null,"overriding_plate_id":null,"subducting_plate_id":null,"plate_ids":[307,715],"name":"South Iberia"},"geometry":{"type":"LineString","coordinates":[[21.068,25.614],[21.522,25.49],[21.975,25.365],[22.427,25.238]]}},{"type":"Feature","properties":{"boundary_type":"ridge","feature_type":"gpml:MidOceanRidge","polarity":null,"overriding_plate_id":null,"subducting_plate_id":null,"plate_ids":[308,715],"name":"Mendere-Tores MOR"},"geometry":{"type":"LineString","coordinates":[[33.956,18.652],[34.376,18.756],[34.796,18.859],[35.218,18.962],[35.566,18.787],[35.913,18.611],[36.24,18.432],[36.566,18.252],[36.889,18.09],[37.21,17.928],[37.494,17.807],[37.777,17.687],[38.189,17.742],[38.601,17.796],[39.014,17.85],[39.433,17.947],[39.853,18.044],[40.273,18.14],[40.661,18.217],[41.05,18.292],[41.439,18.367],[41.828,18.441],[41.885,18.179],[42.38,18.26],[42.876,18.34],[43.372,18.418],[43.761,18.489],[44.151,18.559],[44.542,18.628],[44.64,18.38],[45.048,18.448],[45.456,18.515]]}},{"type":"Feature","properties":{"boundary_type":"transform","feature_type":"gpml:Transform","polarity":null,"overriding_plate_id":null,"subducting_plate_id":null,"plate_ids":[308,715],"name":"Neotethys transform 100Ma"},"geometry":{"type":"LineString","coordinates":[[45.456,18.515],[45.269,18.807],[45.082,19.1],[44.894,19.392],[44.788,19.834],[44.682,20.276],[44.576,20.717],[44.765,21.121],[44.955,21.525],[45.147,21.928],[45.339,22.331],[45.533,22.734]]}},{"type":"Feature","properties":{"boundary_type":"transform","feature_type":"gpml:Transform","polarity":null,"overriding_plate_id":null,"subducting_plate_id":null,"plate_ids":[308,530],"name":"Neotethys transform 100Ma"},"geometry":{"type":"LineString","coordinates":[[45.533,22.734],[45.538,22.745],[45.877,23.069],[46.217,23.392],[46.559,23.715],[46.903,24.037],[47.249,24.358],[47.596,24.679],[47.945,24.998],[48.269,25.377],[48.595,25.756],[48.923,26.133],[49.253,26.51],[49.585,26.886],[49.919,27.261],[50.256,27.636],[50.484,28.065],[50.713,28.494],[50.944,28.922],[51.178,29.35],[51.413,29.778],[51.65,30.205],[51.889,30.632]]}},{"type":"Feature","properties":{"boundary_type":"other","feature_type":"gpml:InferredPaleoBoundary","polarity":null,"overriding_plate_id":null,"subducting_plate_id":null,"plate_ids":[714,715],"name":""},"geometry":{"type":"LineString","coordinates":[[21.068,25.614],[21.007,25.361],[20.946,25.107],[20.83,24.623],[20.714,24.138],[20.599,23.653],[20.39,23.235],[20.183,22.816],[19.977,22.397],[19.772,21.978],[19.569,21.558],[19.367,21.139],[19.165,20.719],[18.965,20.298]]}},{"type":"Feature","properties":{"boundary_type":"subduction","feature_type":"gpml:SubductionZone","polarity":"Right","overriding_plate_id":307,"subducting_plate_id":301,"plate_ids":[301,307],"name":"Alpine Subduction"},"geometry":{"type":"LineString","coordinates":[[19.858,33.492],[20.369,33.505],[20.881,33.515],[21.392,33.524],[21.904,33.53],[22.416,33.534],[22.928,33.536]]}},{"type":"Feature","properties":{"boundary_type":"subduction","feature_type":"gpml:SubductionZone","polarity":"Right","overriding_plate_id":308,"subducting_plate_id":301,"plate_ids":[301,308],"name":"Alpine Subduction"},"geometry":{"type":"LineString","coordinates":[[22.928,33.536],[23.466,33.664],[24.007,33.788],[24.548,33.911],[25.092,34.031],[25.637,34.149],[26.183,34.264],[26.731,34.377],[27.049,34.584],[27.368,34.791],[27.689,34.997],[28.229,35.058],[28.77,35.116],[29.311,35.172],[29.853,35.226],[30.396,35.277],[30.94,35.326],[31.484,35.372],[32.029,35.416]]}},{"type":"Feature","properties":{"boundary_type":"subduction","feature_type":"gpml:SubductionZone","polarity":"Left","overriding_plate_id":304,"subducting_plate_id":307,"plate_ids":[304,307],"name":"Sub. East Ligurian Ocean"},"geometry":{"type":"LineString","coordinates":[[12.711,26.874],[13.101,27.023],[13.493,27.172],[13.885,27.32],[14.278,27.467],[14.755,27.685],[15.234,27.901],[15.715,28.115],[16.197,28.328],[16.722,28.384],[17.246,28.438],[17.772,28.49],[18.297,28.54],[18.823,28.588],[19.35,28.634],[19.435,29.125],[19.521,29.617],[19.607,30.108],[19.695,30.599],[19.784,31.083],[19.875,31.566],[19.966,32.05],[20.058,32.533],[19.959,33.013],[19.858,33.492]]}},{"type":"Feature","properties":{"boundary_type":"subduction","feature_type":"gpml:SubductionZone","polarity":"Left","overriding_plate_id":304,"subducting_plate_id":301,"plate_ids":[301,304],"name":"Sub. East Ligurian Ocean"},"geometry":{"type":"LineString","coordinates":[[19.858,33.492],[19.313,33.597],[18.766,33.7],[18.218,33.8],[17.669,33.898],[17.118,33.993],[16.567,34.086],[16.014,34.177],[15.46,34.265],[14.904,34.35]]}},{"type":"Feature","properties":{"boundary_type":"subduction","feature_type":"gpml:SubductionZone","polarity":"Right","overriding_plate_id":530,"subducting_plate_id":715,"plate_ids":[530,715],"name":"MesoTethys subduction zone from 150 Ma"},"geometry":{"type":"LineString","coordinates":[[61.882,2.212],[61.687,2.6],[61.491,2.987],[61.296,3.375],[61.1,3.763],[60.904,4.151],[60.708,4.539],[60.41,4.905],[60.112,5.271],[59.813,5.637],[59.514,6.003],[59.215,6.369],[58.915,6.734],[58.615,7.099],[58.314,7.464],[58.024,7.863],[57.734,8.262],[57.442,8.66],[57.151,9.058],[56.858,9.456],[56.565,9.854],[56.271,10.251],[55.977,10.648],[55.663,11.027],[55.348,11.406],[55.032,11.784],[54.716,12.162],[54.398,12.54],[54.08,12.917],[53.761,13.294],[53.441,13.671],[53.119,14.047],[52.797,14.422],[52.473,14.798],[52.149,15.173],[51.823,15.547],[51.496,15.921],[51.168,16.294],[50.839,16.667],[50.508,17.039],[50.176,17.411],[49.843,17.782],[49.508,18.153],[49.172,18.523],[48.835,18.892],[48.495,19.261],[48.173,19.65],[47.849,20.037],[47.523,20.425],[47.196,20.811],[46.867,21.197],[46.536,21.582],[46.203,21.967],[45.869,22.351],[45.533,22.734]]}}]}