{"type":"FeatureCollection","meta":{"model":"Cao2024","reconstruction_time_ma":30.0,"anchor_plate_id":0,"pygplates_version":"1.0.0","tessellate_degrees":0.5,"polarity_convention":"gpml:subductionPolarity. 'Left'/'Right' names the side of the line, in vertex order, on which the OVERRIDING plate lies. Triangles are drawn on that side.","antimeridian":"Lines are NOT split at +/-180 deg. The renderer works in 3D unit vectors where the dateline is not special; splitting would only add spurious breaks. Do not treat this as RFC 7946 GIS-ready 2D data."},"features":[{"type":"Feature","properties":{"boundary_type":"other","feature_type":"gpml:ContinentalRift","polarity":null,"overriding_plate_id":null,"subducting_plate_id":null,"plate_ids":[701,709],"name":"Arabia - Somalia (Torsvik 2010)"},"geometry":{"type":"LineString","coordinates":[[39.53,2.229],[39.991,2.393],[40.452,2.557],[40.873,2.713],[41.293,2.869],[41.714,3.025],[42.135,3.181],[42.556,3.336],[42.977,3.491],[43.431,3.647],[43.886,3.803],[44.341,3.959],[44.796,4.114],[45.252,4.27],[45.707,4.425],[46.163,4.579],[46.62,4.736],[47.077,4.893],[47.534,5.05],[47.992,5.206],[48.449,5.362],[48.907,5.517],[49.366,5.673],[49.824,5.827],[50.29,5.94],[50.755,6.051],[51.221,6.163],[51.687,6.273],[52.154,6.384],[52.62,6.494],[53.087,6.604],[53.554,6.713],[54.007,6.852],[54.46,6.99],[54.913,7.128],[55.367,7.265],[55.82,7.402],[56.295,7.529],[56.771,7.656],[57.246,7.782],[57.722,7.907],[58.198,8.032]]}},{"type":"Feature","properties":{"boundary_type":"other","feature_type":"gpml:ContinentalRift","polarity":null,"overriding_plate_id":null,"subducting_plate_id":null,"plate_ids":[701,709],"name":"Somalia Africa boundary from PB03 GS"},"geometry":{"type":"LineString","coordinates":[[39.53,2.229],[39.263,1.894],[38.996,1.558],[38.729,1.223],[38.472,0.845],[38.216,0.467],[37.959,0.089],[37.703,-0.289],[37.446,-0.668],[37.311,-1.002],[37.176,-1.337],[37.041,-1.671],[36.71,-1.695],[36.378,-1.719],[36.19,-2.039],[36.001,-2.36],[35.812,-2.68],[35.354,-2.636],[34.896,-2.591],[34.439,-2.546],[33.981,-2.501],[33.523,-2.455],[33.066,-2.41],[32.608,-2.364],[32.151,-2.319],[31.693,-2.273],[31.485,-2.591],[31.276,-2.91],[31.067,-3.228],[30.858,-3.547],[30.479,-3.696],[30.1,-3.844],[30.105,-4.306],[30.11,-4.769],[30.115,-5.231],[30.486,-5.308],[30.857,-5.386],[31.228,-5.463],[31.297,-5.49],[30.977,-5.867],[30.657,-6.243],[30.336,-6.619],[30.171,-6.968],[30.005,-7.316],[29.839,-7.665],[29.672,-8.014],[29.533,-8.48],[29.394,-8.946],[29.254,-9.412],[29.094,-9.756],[28.933,-10.101],[28.771,-10.446],[28.813,-10.855],[28.854,-11.264],[28.896,-11.673],[28.938,-12.083],[29.177,-12.45],[29.417,-12.816],[29.658,-13.183],[29.681,-13.672],[29.704,-14.16],[29.952,-14.501],[30.202,-14.842],[30.452,-15.182],[30.704,-15.522],[31.092,-15.598],[31.48,-15.673],[31.868,-15.748],[32.234,-15.985],[32.6,-16.221],[32.967,-16.457],[33.45,-16.531],[33.934,-16.605],[34.092,-17.019],[34.251,-17.433],[34.411,-17.847],[34.572,-18.261],[34.92,-18.541],[35.268,-18.821],[35.116,-19.288],[34.963,-19.754],[34.809,-20.221],[34.782,-20.608],[34.755,-20.995],[34.981,-21.324],[35.207,-21.652],[35.434,-21.981],[35.662,-22.309],[35.609,-22.749],[35.556,-23.188],[35.502,-23.628],[35.731,-23.947],[35.96,-24.266],[36.191,-24.584],[36.224,-24.959],[36.257,-25.333],[36.29,-25.707],[35.981,-25.924],[35.671,-26.141],[35.354,-26.49],[35.034,-26.839],[34.713,-27.186],[34.389,-27.533],[34.373,-27.948],[34.356,-28.364],[34.339,-28.779],[34.321,-29.194],[33.83,-29.372],[33.336,-29.549],[32.841,-29.724],[32.344,-29.897],[31.845,-30.068],[31.345,-30.237],[30.843,-30.405],[30.339,-30.57],[30.041,-30.906],[29.74,-31.242],[29.438,-31.577],[29.133,-31.911],[28.826,-32.244],[28.517,-32.576],[28.655,-33.015],[28.795,-33.454],[28.936,-33.892],[29.079,-34.33],[28.62,-34.546],[28.159,-34.76],[27.695,-34.972],[27.723,-35.434],[27.752,-35.896],[27.78,-36.357],[28.224,-36.641],[28.672,-36.922],[29.122,-37.202],[29.461,-37.579],[29.804,-37.955],[30.15,-38.33],[30.499,-38.704],[30.97,-39.014],[31.445,-39.322],[31.924,-39.628],[32.407,-39.932],[32.895,-40.234],[33.387,-40.534],[33.883,-40.832],[34.384,-41.128],[34.89,-41.422],[35.4,-41.713],[35.914,-42.002],[36.434,-42.289],[36.958,-42.574],[37.487,-42.856],[38.02,-43.135],[38.559,-43.412],[39.102,-43.687],[39.651,-43.959],[40.204,-44.228],[40.763,-44.494],[40.588,-44.972],[40.41,-45.449],[40.229,-45.926],[40.045,-46.403],[39.858,-46.879],[39.667,-47.355],[39.473,-47.831],[39.276,-48.307],[39.074,-48.782],[38.869,-49.257],[38.66,-49.731],[38.447,-50.205],[38.229,-50.678],[38.007,-51.152],[37.781,-51.624],[37.549,-52.097],[37.313,-52.569],[37.071,-53.04],[36.825,-53.511],[36.572,-53.981],[37.288,-54.136]]}},{"type":"Feature","properties":{"boundary_type":"other","feature_type":"gpml:Fault","polarity":null,"overriding_plate_id":null,"subducting_plate_id":null,"plate_ids":[101,406],"name":"Kamchatka"},"geometry":{"type":"LineString","coordinates":[[161.299,69.229],[160.293,69.102],[159.299,68.969],[158.317,68.831],[157.269,68.672],[156.237,68.506],[155.343,68.263],[154.469,68.015],[153.614,67.762],[152.746,67.486],[151.898,67.206],[151.07,66.922],[150.261,66.633],[149.844,66.202],[149.442,65.77],[149.053,65.337],[148.677,64.903],[148.487,64.509],[148.302,64.115],[148.123,63.721],[147.948,63.327],[147.778,62.933],[147.687,62.495],[147.598,62.058],[147.513,61.62],[147.429,61.182],[147.307,60.75],[147.189,60.318],[147.073,59.886]]}},{"type":"Feature","properties":{"boundary_type":"other","feature_type":"gpml:Fault","polarity":null,"overriding_plate_id":null,"subducting_plate_id":null,"plate_ids":[101,903],"name":"PAC-NAM SS bndy MG-5-5-07"},"geometry":{"type":"LineString","coordinates":[[-108.772,52.553],[-109.236,52.765],[-109.679,53.049],[-110.128,53.332],[-110.497,53.708],[-110.873,54.083],[-111.371,54.328],[-111.876,54.571],[-112.294,54.893],[-112.72,55.213],[-113.152,55.532],[-113.538,55.919],[-113.933,56.304],[-114.369,56.705]]}},{"type":"Feature","properties":{"boundary_type":"other","feature_type":"gpml:Fault","polarity":null,"overriding_plate_id":null,"subducting_plate_id":null,"plate_ids":[101,901],"name":"PAC-NAM SS bndy MG-5-5-07"},"geometry":{"type":"LineString","coordinates":[[-114.369,56.705],[-114.646,56.955],[-114.927,57.205],[-115.104,57.598],[-115.284,57.991],[-115.469,58.384],[-115.59,58.771],[-115.714,59.158],[-115.841,59.545],[-115.966,59.971],[-116.096,60.396],[-116.228,60.822],[-116.45,61.257],[-116.679,61.692],[-116.914,62.126],[-116.835,62.483],[-117.098,62.892],[-117.451,63.351],[-117.742,63.717],[-118.052,64.039],[-118.756,64.424],[-118.976,64.784],[-119.333,65.018],[-119.452,65.417],[-119.787,65.824],[-120.003,66.243]]}},{"type":"Feature","properties":{"boundary_type":"other","feature_type":"gpml:FractureZone","polarity":null,"overriding_plate_id":null,"subducting_plate_id":null,"plate_ids":[709,801],"name":"Owen FZ from NUVEL file, DB 04-2007"},"geometry":{"type":"LineString","coordinates":[[55.371,0.724],[55.543,1.185],[55.714,1.645],[55.886,2.105],[56.058,2.566],[56.231,3.026],[56.403,3.486],[56.575,3.947],[56.748,4.407],[56.921,4.867],[57.103,5.32],[57.284,5.772],[57.466,6.224],[57.649,6.676],[57.831,7.128],[58.015,7.58],[58.198,8.032]]}},{"type":"Feature","properties":{"boundary_type":"other","feature_type":"gpml:FractureZone","polarity":null,"overriding_plate_id":null,"subducting_plate_id":null,"plate_ids":[701,801],"name":"Owen FZ from NUVEL file, DB 04-2007"},"geometry":{"type":"LineString","coordinates":[[58.198,8.032],[58.364,8.441],[58.531,8.849],[58.698,9.258],[58.865,9.666],[59.042,10.082],[59.219,10.498],[59.396,10.914],[59.574,11.33],[59.753,11.746],[59.932,12.162],[60.111,12.577],[60.292,12.993],[60.483,13.456],[60.675,13.918],[60.867,14.381],[61.061,14.844],[61.255,15.306],[61.45,15.768],[61.646,16.23],[61.843,16.692],[62.041,17.154],[62.207,17.586],[62.373,18.018],[62.539,18.45],[62.707,18.882],[62.875,19.314],[63.045,19.746],[63.215,20.177],[63.386,20.608],[63.569,21.055],[63.752,21.502],[63.936,21.948],[64.122,22.394],[64.309,22.84],[64.497,23.286],[64.686,23.731],[64.877,24.177],[64.935,24.338]]}},{"type":"Feature","properties":{"boundary_type":"other","feature_type":"gpml:FractureZone","polarity":null,"overriding_plate_id":null,"subducting_plate_id":null,"plate_ids":[301,801],"name":"Owen FZ from NUVEL file, DB 04-2007"},"geometry":{"type":"LineString","coordinates":[[64.935,24.338],[65.1,24.794],[65.266,25.25],[65.417,25.632],[65.568,26.013],[65.721,26.395]]}},{"type":"Feature","properties":{"boundary_type":"other","feature_type":"gpml:InferredPaleoBoundary","polarity":null,"overriding_plate_id":null,"subducting_plate_id":null,"plate_ids":[688,689],"name":"Central WE Caroline Separation DiCaprio"},"geometry":{"type":"LineString","coordinates":[[154.697,2.076],[154.715,2.014],[154.873,1.58],[155.031,1.147],[155.19,0.714],[155.348,0.28],[155.506,-0.153],[155.664,-0.587],[155.822,-1.02],[155.981,-1.454],[156.139,-1.887],[156.297,-2.32],[156.39,-2.758],[156.482,-3.196]]}},{"type":"Feature","properties":{"boundary_type":"transform","feature_type":"gpml:Transform","polarity":null,"overriding_plate_id":null,"subducting_plate_id":null,"plate_ids":[673,801],"name":"Kalimantan (Bornea) - mg"},"geometry":{"type":"LineString","coordinates":[[121.153,-5.148],[121.321,-4.952],[121.507,-4.537],[121.694,-4.121],[121.853,-3.695],[122.013,-3.269]]}},{"type":"Feature","properties":{"boundary_type":"transform","feature_type":"gpml:Transform","polarity":null,"overriding_plate_id":null,"subducting_plate_id":null,"plate_ids":[645,673],"name":"Kalimantan (Bornea) - mg"},"geometry":{"type":"LineString","coordinates":[[122.013,-3.269],[122.161,-2.875],[122.309,-2.48],[122.457,-2.086],[122.68,-1.692],[122.903,-1.299],[123.126,-0.905],[123.349,-0.511],[123.572,-0.118],[123.795,0.276],[124.018,0.67]]}},{"type":"Feature","properties":{"boundary_type":"other","feature_type":"gpml:InferredPaleoBoundary","polarity":null,"overriding_plate_id":null,"subducting_plate_id":null,"plate_ids":[301,701],"name":"Morocco"},"geometry":{"type":"LineString","coordinates":[[-26.61,28.898],[-26.164,28.882],[-25.719,28.864],[-25.273,28.845],[-24.755,28.827],[-24.237,28.806],[-23.72,28.784],[-23.202,28.76],[-22.685,28.734],[-22.168,28.706],[-21.607,28.699],[-21.046,28.689],[-20.485,28.678],[-19.924,28.664],[-19.363,28.647],[-18.834,28.64],[-18.305,28.631],[-17.777,28.62],[-17.248,28.606],[-16.72,28.591],[-16.191,28.573],[-15.693,28.579],[-15.195,28.583],[-14.696,28.586],[-14.198,28.586],[-13.7,28.585],[-13.201,28.582],[-12.692,28.626],[-12.183,28.668],[-11.673,28.708],[-11.163,28.746],[-10.653,28.782],[-10.142,28.817],[-9.631,28.849],[-9.12,28.88],[-8.715,28.882],[-8.31,28.882],[-7.905,28.881],[-7.405,28.773],[-6.905,28.663],[-6.407,28.551]]}},{"type":"Feature","properties":{"boundary_type":"other","feature_type":"gpml:InferredPaleoBoundary","polarity":null,"overriding_plate_id":null,"subducting_plate_id":null,"plate_ids":[861,861],"name":"NewCal Obd Oph"},"geometry":{"type":"LineString","coordinates":[[164.132,-25.481],[164.299,-25.812],[164.439,-26.06],[164.579,-26.308]]}},{"type":"Feature","properties":{"boundary_type":"other","feature_type":"gpml:InferredPaleoBoundary","polarity":null,"overriding_plate_id":null,"subducting_plate_id":null,"plate_ids":[801,861],"name":"NewCal Obd Oph"},"geometry":{"type":"LineString","coordinates":[[164.579,-26.308],[164.823,-26.734],[165.044,-27.009],[165.267,-27.284],[165.444,-27.622],[165.622,-27.96],[165.922,-28.274],[166.224,-28.587],[166.632,-28.821],[167.042,-29.055],[167.415,-29.278],[167.789,-29.501],[168.165,-29.723],[168.536,-29.876],[168.909,-30.028],[169.282,-30.179],[169.659,-30.312],[170.037,-30.445],[170.416,-30.576],[170.811,-30.765],[171.207,-30.954],[171.422,-31.059]]}},{"type":"Feature","properties":{"boundary_type":"other","feature_type":"gpml:InferredPaleoBoundary","polarity":null,"overriding_plate_id":null,"subducting_plate_id":null,"plate_ids":[801,901],"name":"NZ AlpineFault SthrnExtension DiCaprio"},"geometry":{"type":"LineString","coordinates":[[-174.45,-41.968],[-174.544,-42.285],[-174.593,-42.583],[-174.642,-42.882],[-174.684,-43.32],[-174.728,-43.759],[-174.739,-44.162],[-174.751,-44.565],[-174.868,-45.011],[-174.987,-45.457],[-175.152,-45.734],[-175.319,-46.01],[-175.552,-46.344],[-175.787,-46.678],[-176.204,-46.97],[-176.626,-47.26],[-176.953,-47.512],[-177.283,-47.764],[-177.425,-48.011],[-177.569,-48.257],[-177.898,-48.58],[-178.232,-48.901],[-178.36,-49.243],[-178.491,-49.586],[-178.623,-49.928],[-178.679,-50.376],[-178.736,-50.824],[-178.794,-51.272],[-178.853,-51.72],[-178.913,-52.169]]}},{"type":"Feature","properties":{"boundary_type":"other","feature_type":"gpml:InferredPaleoBoundary","polarity":null,"overriding_plate_id":null,"subducting_plate_id":null,"plate_ids":[801,901],"name":"PB North NZ"},"geometry":{"type":"LineString","coordinates":[[-174.45,-41.968],[-175.01,-41.832],[-175.568,-41.694],[-176.123,-41.553],[-176.675,-41.41],[-177.226,-41.264],[-177.773,-41.115]]}},{"type":"Feature","properties":{"boundary_type":"other","feature_type":"gpml:InferredPaleoBoundary","polarity":null,"overriding_plate_id":null,"subducting_plate_id":null,"plate_ids":[653,659],"name":"PSP bndy-MG-5-19-07"},"geometry":{"type":"LineString","coordinates":[[151.878,11.085],[151.667,10.749],[151.457,10.414]]}},{"type":"Feature","properties":{"boundary_type":"other","feature_type":"gpml:InferredPaleoBoundary","polarity":null,"overriding_plate_id":null,"subducting_plate_id":null,"plate_ids":[608,653],"name":"PSP bndy-MG-5-19-07"},"geometry":{"type":"LineString","coordinates":[[151.457,10.414],[151.455,10.411],[151.275,10.027],[151.096,9.644],[150.918,9.26],[150.739,8.877],[150.562,8.493],[150.384,8.11],[150.126,7.79],[149.869,7.47],[149.612,7.151],[149.401,6.827],[149.191,6.503],[148.98,6.179],[148.771,5.855],[148.569,5.626],[148.367,5.398],[148.255,5.309]]}},{"type":"Feature","properties":{"boundary_type":"other","feature_type":"gpml:InferredPaleoBoundary","polarity":null,"overriding_plate_id":null,"subducting_plate_id":null,"plate_ids":[608,653],"name":"WestCaroline DiCaprio"},"geometry":{"type":"LineString","coordinates":[[148.255,5.309],[148.303,5.043],[148.35,4.776],[148.393,4.371],[148.436,3.965],[148.479,3.56],[148.311,3.122],[148.144,2.684],[147.976,2.246],[147.769,1.914],[147.562,1.581],[147.355,1.249],[147.318,1.066]]}},{"type":"Feature","properties":{"boundary_type":"other","feature_type":"gpml:InferredPaleoBoundary","polarity":null,"overriding_plate_id":null,"subducting_plate_id":null,"plate_ids":[608,688],"name":"WestCaroline DiCaprio"},"geometry":{"type":"LineString","coordinates":[[147.318,1.066],[147.239,0.685],[147.161,0.304],[147.082,-0.078],[147.004,-0.459],[147.015,-0.879],[147.026,-1.299],[147.037,-1.718],[147.048,-2.138],[147.059,-2.557],[147.069,-2.977],[147.028,-3.375],[146.987,-3.774],[146.946,-4.173],[146.905,-4.571]]}},{"type":"Feature","properties":{"boundary_type":"other","feature_type":"gpml:InferredPaleoBoundary","polarity":null,"overriding_plate_id":null,"subducting_plate_id":null,"plate_ids":[608,853],"name":"WestCaroline DiCaprio"},"geometry":{"type":"LineString","coordinates":[[146.905,-4.571],[146.877,-4.837],[146.85,-5.103],[146.823,-5.48],[146.795,-5.857],[146.767,-6.234],[146.726,-6.496]]}},{"type":"Feature","properties":{"boundary_type":"ridge","feature_type":"gpml:MidOceanRidge","polarity":null,"overriding_plate_id":null,"subducting_plate_id":null,"plate_ids":[709,801],"name":"Ridge f iso 33.1Ma on AUS"},"geometry":{"type":"LineString","coordinates":[[67.091,-29.811],[67.202,-30.047],[67.315,-30.282]]}},{"type":"Feature","properties":{"boundary_type":"ridge","feature_type":"gpml:MidOceanRidge","polarity":null,"overriding_plate_id":null,"subducting_plate_id":null,"plate_ids":[801,802],"name":"Ridge f iso 33.1Ma on AUS"},"geometry":{"type":"LineString","coordinates":[[67.315,-30.282],[67.361,-30.38],[67.703,-30.69],[68.047,-30.999],[68.393,-31.307],[68.742,-31.615],[69.092,-31.921],[69.445,-32.226],[69.044,-32.535],[68.639,-32.842],[68.897,-33.114],[69.157,-33.386],[69.419,-33.658],[69.786,-33.383],[70.151,-33.108],[70.517,-33.435],[70.886,-33.762],[71.258,-34.087],[71.633,-34.411],[72.01,-34.734],[71.829,-34.877],[72.172,-35.179],[72.517,-35.481],[72.864,-35.781],[72.522,-36.085],[72.177,-36.388],[71.829,-36.69],[72.23,-37.011],[72.634,-37.33],[73.041,-37.648],[73.452,-37.964],[73.314,-38.134],[73.671,-38.426],[74.031,-38.718],[74.394,-39.008],[74.76,-39.298],[75.129,-39.586],[74.843,-39.834],[74.555,-40.08],[74.947,-40.388],[75.343,-40.695],[75.742,-41.001],[76.145,-41.305],[75.881,-41.534],[76.255,-41.88],[76.633,-42.225],[76.239,-42.553],[75.841,-42.879],[75.439,-43.203],[75.756,-43.447],[76.076,-43.69],[75.649,-44.044],[75.216,-44.396],[74.779,-44.746],[74.336,-45.094],[74.844,-45.438],[75.359,-45.779],[75.88,-46.118],[76.407,-46.454],[76.941,-46.788],[77.482,-47.119],[78.029,-47.448],[78.511,-47.086],[78.986,-46.721],[79.455,-46.355],[79.961,-46.603],[80.47,-46.849],[81.088,-46.923],[81.708,-46.994],[82.329,-47.061],[82.951,-47.125],[83.596,-47.313],[84.246,-47.497],[84.899,-47.677],[85.558,-47.854],[86.22,-48.027],[86.871,-48.192],[87.525,-48.353],[88.183,-48.511],[88.846,-48.664],[89.468,-48.837],[90.093,-49.007],[90.724,-49.174],[91.358,-49.337],[92.001,-49.521],[92.649,-49.702],[93.302,-49.879],[93.088,-50.171],[92.872,-50.463],[93.474,-50.694],[94.081,-50.921],[94.695,-51.144],[95.315,-51.365],[95.94,-51.582],[95.772,-51.831],[95.602,-52.08],[96.239,-52.321],[96.882,-52.559],[97.533,-52.793],[98.191,-53.023],[98.855,-53.25],[99.527,-53.473],[100.232,-53.738],[100.946,-53.999],[101.668,-54.256],[102.4,-54.509],[103.141,-54.756],[103.297,-54.469],[103.451,-54.181],[104.215,-54.345],[104.985,-54.504],[105.762,-54.658],[106.544,-54.806],[107.331,-54.95],[107.515,-54.529],[107.695,-54.108],[108.492,-54.255],[109.296,-54.396],[110.104,-54.532],[110.918,-54.662],[111.738,-54.787],[112.562,-54.906],[113.391,-55.02],[114.224,-55.128],[115.062,-55.23],[115.904,-55.327],[116.086,-55.128],[116.721,-55.181],[117.358,-55.232],[117.997,-55.278],[118.022,-54.998],[118.607,-55.03],[119.193,-55.059],[119.78,-55.085],[119.892,-54.746],[120.609,-54.788],[121.328,-54.825],[122.047,-54.858],[122.768,-54.888],[122.873,-54.574],[122.977,-54.259],[123.75,-54.283],[124.523,-54.303],[125.297,-54.317],[126.131,-54.313],[126.964,-54.303],[127.797,-54.288],[128.563,-54.271],[129.329,-54.25],[130.094,-54.224],[130.827,-54.203],[131.558,-54.178],[132.289,-54.149],[132.969,-54.117],[133.648,-54.082],[134.326,-54.042],[134.961,-54.028],[135.595,-54.011],[136.229,-53.99],[136.797,-53.968],[137.364,-53.944],[137.931,-53.917],[138.745,-53.861],[139.558,-53.8],[140.368,-53.734],[141.175,-53.662],[141.98,-53.584],[142.675,-53.529],[143.368,-53.469],[144.058,-53.405],[144.276,-53.883],[144.498,-54.36],[144.726,-54.837],[144.959,-55.313],[145.4,-55.261],[145.838,-55.208],[146.067,-55.562],[146.299,-55.916],[146.535,-56.27],[146.776,-56.623],[147.515,-56.516],[148.25,-56.405],[148.98,-56.29],[149.259,-56.657],[149.543,-57.024],[150.185,-56.917],[150.823,-56.807],[151.114,-57.178],[151.411,-57.548],[151.714,-57.918],[152.024,-58.287],[152.34,-58.655],[153.028,-58.541],[153.476,-58.942],[153.935,-59.341],[154.404,-59.739],[154.885,-60.135],[155.196,-60.085],[155.563,-60.355],[155.764,-60.33],[155.976,-60.475],[156.178,-60.449],[156.474,-60.655],[156.746,-60.606],[156.898,-60.703],[157.154,-60.652],[157.644,-61.029],[158.145,-61.403],[158.658,-61.283],[159.166,-61.161],[159.67,-61.527],[160.186,-61.891],[160.714,-62.253],[161.256,-62.613],[161.929,-62.452],[162.594,-62.288],[163.253,-62.121],[163.8,-62.486],[164.361,-62.849],[164.936,-63.209],[165.525,-63.568],[166.13,-63.923]]}},{"type":"Feature","properties":{"boundary_type":"ridge","feature_type":"gpml:MidOceanRidge","polarity":null,"overriding_plate_id":null,"subducting_plate_id":null,"plate_ids":[802,901],"name":"Ridge f iso 33.1Ma on AUS"},"geometry":{"type":"LineString","coordinates":[[166.13,-63.923],[166.556,-64.167],[167.284,-63.969],[168.003,-63.768],[168.711,-63.563],[169.409,-63.355]]}},{"type":"Feature","properties":{"boundary_type":"ridge","feature_type":"gpml:MidOceanRidge","polarity":null,"overriding_plate_id":null,"subducting_plate_id":null,"plate_ids":[709,801],"name":"Ridge f iso A6 on IND-AUS at 33.1Ma"},"geometry":{"type":"LineString","coordinates":[[67.091,-29.811],[66.833,-29.442],[66.578,-29.072],[66.324,-28.702],[66.072,-28.331],[65.822,-27.96],[65.344,-28.058],[65.169,-27.688],[64.996,-27.318],[64.613,-27.431],[64.23,-27.543],[64.035,-27.216],[63.841,-26.889],[63.649,-26.561],[63.7,-26.144],[63.751,-25.727],[63.802,-25.31],[64.164,-25.08],[64.524,-24.85],[64.883,-24.619],[64.821,-24.166],[64.759,-23.714],[64.698,-23.261],[64.637,-22.809],[64.576,-22.356],[64.516,-21.904],[64.456,-21.451],[64.397,-20.999],[64.338,-20.546],[64.28,-20.094],[64.221,-19.641],[64.169,-19.307],[64.117,-18.972],[64.454,-18.896],[64.791,-18.82],[64.753,-18.44],[64.716,-18.06],[64.679,-17.68],[65.053,-17.601],[65.427,-17.522],[65.377,-17.158],[65.326,-16.794],[65.682,-16.651],[66.038,-16.507],[65.963,-16.103],[65.887,-15.699],[66.249,-15.522],[66.61,-15.345],[66.461,-15.019],[66.312,-14.692],[66.397,-14.636]]}},{"type":"Feature","properties":{"boundary_type":"ridge","feature_type":"gpml:MidOceanRidge","polarity":null,"overriding_plate_id":null,"subducting_plate_id":null,"plate_ids":[101,301],"name":"Arctic"},"geometry":{"type":"LineString","coordinates":[[-5.209,75.347],[-4.298,75.63],[-3.742,75.81],[-2.576,76.132],[-1.973,76.38],[-1.349,76.626],[-1.025,76.916],[-0.053,77.228],[0.516,77.476],[1.259,77.805],[2.36,78.115],[3.67,78.354],[5.014,78.521],[6.427,78.787],[6.835,79.009],[7.489,79.207],[7.878,79.394],[8.369,79.702],[8.474,79.948],[8.726,80.19],[9.255,80.452],[9.814,80.714],[12.769,80.826],[15.395,80.936],[17.714,81.146],[19.635,81.318],[21.947,81.493],[24.358,81.731],[25.683,81.905],[27.065,82.075],[28.795,82.269],[30.613,82.455],[33.421,82.797],[36.247,83.026],[38.694,83.156],[41.578,83.353],[44.628,83.532],[47.086,83.544],[49.548,83.544],[52.51,83.564],[55.482,83.567],[58.264,83.493],[60.977,83.405],[63.224,83.364],[65.441,83.314],[69.649,83.284],[72.531,83.185],[74.81,83.159],[77.069,83.122],[79.158,83.065],[81.348,82.976],[83.16,82.884],[84.672,82.73],[87.062,82.492],[88.518,82.301],[89.904,82.105],[90.899,81.962]]}},{"type":"Feature","properties":{"boundary_type":"ridge","feature_type":"gpml:MidOceanRidge","polarity":null,"overriding_plate_id":null,"subducting_plate_id":null,"plate_ids":[901,902],"name":"BELLINGHAUSEN SEA, MARIE BYRD LAND-PACIFIC"},"geometry":{"type":"LineString","coordinates":[[-100.791,-47.65],[-101.089,-47.921],[-101.39,-48.192],[-101.695,-48.461]]}},{"type":"Feature","properties":{"boundary_type":"ridge","feature_type":"gpml:MidOceanRidge","polarity":null,"overriding_plate_id":null,"subducting_plate_id":null,"plate_ids":[804,901],"name":"BELLINGHAUSEN SEA, MARIE BYRD LAND-PACIFIC"},"geometry":{"type":"LineString","coordinates":[[-101.695,-48.461],[-102.013,-48.739],[-102.359,-49.154],[-102.71,-49.568],[-103.067,-49.981],[-103.43,-50.392],[-103.8,-50.803],[-104.177,-51.212],[-104.56,-51.62],[-104.95,-52.027],[-105.347,-52.432],[-105.891,-52.224],[-106.429,-52.013],[-106.963,-51.8],[-107.385,-52.177],[-107.814,-52.552],[-108.251,-52.927],[-108.695,-53.299],[-109.147,-53.67],[-109.607,-54.039],[-110.075,-54.406],[-109.558,-54.64],[-109.035,-54.871],[-109.46,-55.236],[-109.892,-55.601],[-110.333,-55.963],[-110.782,-56.324],[-111.239,-56.683],[-111.811,-56.475],[-112.377,-56.264],[-112.825,-56.608],[-113.28,-56.951],[-113.744,-57.291],[-114.216,-57.631],[-114.698,-57.968],[-115.188,-58.303],[-115.946,-58.067],[-116.695,-57.826],[-117.433,-57.581],[-118.162,-57.332],[-118.88,-57.079],[-119.589,-56.821],[-120.288,-56.56],[-120.977,-56.294],[-121.371,-56.556],[-121.769,-56.816],[-122.174,-57.075],[-122.945,-56.805],[-123.705,-56.531],[-124.454,-56.252],[-125.193,-55.969],[-125.92,-55.681],[-126.637,-55.389],[-127.343,-55.093],[-127.954,-55.416],[-128.575,-55.737],[-129.207,-56.055],[-129.849,-56.369],[-130.502,-56.68],[-131.165,-56.988],[-131.839,-57.292],[-132.525,-57.592],[-133.222,-57.888],[-133.93,-58.181],[-134.664,-57.916],[-135.387,-57.646],[-136.099,-57.372],[-136.8,-57.095],[-137.491,-56.813],[-138.172,-56.528],[-138.789,-56.881],[-139.418,-57.231],[-140.059,-57.578],[-140.713,-57.921],[-141.379,-58.262],[-142.057,-58.598],[-142.749,-58.931],[-143.454,-59.26],[-144.173,-59.585],[-144.906,-59.906],[-145.385,-59.695],[-145.859,-59.482],[-146.522,-59.829],[-147.198,-60.174],[-146.524,-60.534],[-145.835,-60.891],[-146.621,-61.183],[-147.423,-61.471],[-148.239,-61.754],[-149.07,-62.032],[-149.916,-62.305],[-150.778,-62.573],[-151.655,-62.836],[-152.548,-63.093],[-153.22,-62.714],[-153.875,-62.332],[-154.514,-61.946],[-155.282,-62.195],[-156.062,-62.439],[-156.68,-62.133],[-157.448,-62.377],[-158.228,-62.617],[-159.02,-62.853],[-159.653,-62.53],[-160.273,-62.205],[-161.08,-62.466],[-161.901,-62.722],[-162.736,-62.973],[-163.585,-63.22],[-164.449,-63.461],[-165.328,-63.697],[-165.84,-63.414],[-166.734,-63.618],[-167.64,-63.817],[-168.559,-64.009],[-168.251,-64.258],[-168.971,-64.479],[-169.703,-64.696],[-170.447,-64.91],[-170.732,-64.745],[-171.812,-64.912],[-172.904,-65.071],[-173.968,-65.28],[-175.049,-65.481],[-176.146,-65.675],[-177.259,-65.86],[-178.388,-66.038],[-179.533,-66.207],[179.308,-66.367],[178.133,-66.519],[176.945,-66.662],[175.744,-66.795]]}},{"type":"Feature","properties":{"boundary_type":"ridge","feature_type":"gpml:MidOceanRidge","polarity":null,"overriding_plate_id":null,"subducting_plate_id":null,"plate_ids":[101,301],"name":"Greenland - Eurasia"},"geometry":{"type":"LineString","coordinates":[[-12.548,58.519],[-12.776,58.306],[-13.039,58.091],[-13.3,57.875],[-13.792,57.528],[-14.274,57.178],[-14.903,56.857],[-15.521,56.534],[-15.969,56.227],[-16.41,55.918],[-16.844,55.608],[-17.113,55.323],[-17.378,55.037],[-17.818,54.726],[-18.355,54.46],[-18.773,54.2],[-19.186,53.938],[-19.593,53.675],[-19.719,53.692],[-19.963,53.422],[-20.204,53.151],[-20.458,53.136],[-20.7,52.875],[-20.881,52.922],[-21.178,52.554],[-21.469,52.185],[-21.661,52.25],[-22.069,51.848],[-22.47,51.445],[-22.69,51.499],[-22.86,51.246],[-23.028,50.994],[-23.186,51.064],[-23.564,50.681],[-23.752,50.741],[-23.97,50.494],[-24.185,50.247],[-24.603,50.327],[-25.004,49.95],[-25.219,49.998],[-25.528,49.646],[-25.833,49.293],[-26.133,48.94],[-26.366,48.954]]}},{"type":"Feature","properties":{"boundary_type":"ridge","feature_type":"gpml:MidOceanRidge","polarity":null,"overriding_plate_id":null,"subducting_plate_id":null,"plate_ids":[101,301],"name":"Greenland - Eurasia"},"geometry":{"type":"LineString","coordinates":[[-5.209,75.347],[-4.302,74.924],[-3.48,74.486],[-2.702,74.046],[-1.965,73.602],[-1.267,73.157],[-0.603,72.709],[0.028,72.259],[0.629,71.807],[1.202,71.354],[1.748,70.898],[2.27,70.441],[2.829,70.259],[3.564,69.985],[3.835,69.77],[4.266,69.476],[4.12,69.35],[4.354,69.27],[4.517,68.998],[4.677,68.726],[4.442,68.41],[4.213,68.094],[4.546,67.849],[4.872,67.603],[5.439,67.293],[5.992,66.98],[6.531,66.666],[7.056,66.35],[7.223,66.167],[6.696,65.95],[6.828,65.817],[5.841,65.552],[5.186,65.364],[4.425,65.169],[3.785,64.998],[3.138,64.775],[2.35,64.579],[1.676,64.421],[0.951,64.269],[0.29,64.116],[-0.482,63.902],[-0.998,63.703],[-1.557,63.56],[-2.137,63.413],[-2.496,63.407],[-2.869,63.124],[-3.431,62.804],[-3.758,62.696]]}},{"type":"Feature","properties":{"boundary_type":"ridge","feature_type":"gpml:MidOceanRidge","polarity":null,"overriding_plate_id":null,"subducting_plate_id":null,"plate_ids":[101,301],"name":"Jan Mayen MOR"},"geometry":{"type":"LineString","coordinates":[[-3.758,62.696],[-3.472,62.29],[-3.195,61.884],[-2.924,61.478],[-2.661,61.071],[-2.404,60.663],[-3.121,60.57],[-3.452,60.526],[-3.943,60.466],[-4.0,60.459]]}},{"type":"Feature","properties":{"boundary_type":"ridge","feature_type":"gpml:MidOceanRidge","polarity":null,"overriding_plate_id":null,"subducting_plate_id":null,"plate_ids":[101,301],"name":"Jan Mayen MOR"},"geometry":{"type":"LineString","coordinates":[[-4.0,60.459],[-4.011,60.424],[-4.041,60.229],[-4.111,60.072],[-4.138,59.846],[-4.194,59.676],[-4.284,59.48],[-4.417,59.207],[-4.696,58.946],[-5.113,58.642],[-5.547,58.291],[-5.883,58.057],[-6.366,57.827],[-6.894,57.618],[-7.426,57.523],[-7.849,57.461],[-8.42,57.4],[-9.185,57.345],[-9.947,57.286],[-10.707,57.221],[-11.155,57.548],[-11.611,57.873],[-12.075,58.197],[-12.548,58.519]]}},{"type":"Feature","properties":{"boundary_type":"ridge","feature_type":"gpml:MidOceanRidge","polarity":null,"overriding_plate_id":null,"subducting_plate_id":null,"plate_ids":[101,301],"name":"Porcupine MOR"},"geometry":{"type":"LineString","coordinates":[[-22.94,44.644],[-22.94,44.163],[-22.94,43.682],[-22.845,43.301],[-22.751,42.92],[-22.658,42.538],[-22.27,42.495],[-21.967,42.136],[-21.668,41.777],[-21.372,41.417],[-21.079,41.057],[-21.108,40.704],[-21.136,40.351],[-20.813,40.328],[-20.836,40.068],[-20.858,39.808],[-20.984,39.357],[-21.049,39.012],[-20.748,38.605],[-20.931,38.15],[-21.111,37.694],[-21.289,37.239],[-21.465,36.783],[-21.885,36.815]]}},{"type":"Feature","properties":{"boundary_type":"ridge","feature_type":"gpml:MidOceanRidge","polarity":null,"overriding_plate_id":null,"subducting_plate_id":null,"plate_ids":[301],"name":"Porcupine MOR"},"geometry":{"type":"LineString","coordinates":[[-21.885,36.815],[-21.911,36.817],[-21.955,36.819]]}},{"type":"Feature","properties":{"boundary_type":"ridge","feature_type":"gpml:MidOceanRidge","polarity":null,"overriding_plate_id":null,"subducting_plate_id":null,"plate_ids":[701,802],"name":"Ridge from iso A13 from Antarctica at 33.1Ma"},"geometry":{"type":"LineString","coordinates":[[5.994,-61.473],[6.958,-61.592],[7.587,-61.893],[8.228,-62.191],[8.977,-61.846],[9.709,-61.498],[10.425,-61.145],[11.125,-60.789],[11.809,-60.43],[12.479,-60.066],[13.133,-59.7],[13.774,-59.33],[14.401,-58.958],[15.014,-58.582],[15.664,-58.724],[16.074,-58.467],[16.478,-58.209],[17.303,-58.368],[18.137,-58.522],[18.977,-58.67],[19.825,-58.813],[20.679,-58.95],[20.951,-58.75],[21.835,-58.898],[22.726,-59.041],[23.625,-59.177],[24.53,-59.307],[25.442,-59.431],[26.361,-59.548],[27.286,-59.659],[27.644,-59.374],[28.359,-59.524],[28.811,-59.132],[29.251,-58.738],[29.817,-58.839],[30.386,-58.937],[30.664,-58.567],[31.292,-58.667],[31.924,-58.764],[32.173,-58.55],[32.418,-58.335],[33.11,-58.428],[33.806,-58.516],[34.192,-58.083],[34.569,-57.648],[34.936,-57.213],[35.296,-56.776],[35.647,-56.338],[35.99,-55.9],[36.325,-55.46],[36.653,-55.02],[36.974,-54.578],[37.288,-54.136]]}},{"type":"Feature","properties":{"boundary_type":"ridge","feature_type":"gpml:MidOceanRidge","polarity":null,"overriding_plate_id":null,"subducting_plate_id":null,"plate_ids":[709,802],"name":"Ridge from iso A13 from Antarctica at 33.1Ma"},"geometry":{"type":"LineString","coordinates":[[37.288,-54.136],[37.599,-53.687],[37.904,-53.237],[38.202,-52.787],[38.495,-52.336],[38.781,-51.884],[39.062,-51.431],[39.632,-51.531],[39.916,-51.121],[40.194,-50.71],[40.467,-50.299],[41.192,-50.188],[41.914,-50.072],[42.632,-49.952],[43.347,-49.827],[44.058,-49.698],[44.32,-49.306],[45.083,-49.289],[45.846,-49.266],[46.607,-49.238],[46.738,-48.777],[46.867,-48.316],[46.993,-47.855],[47.117,-47.394],[47.239,-46.933],[47.359,-46.471],[47.477,-46.01],[47.593,-45.548],[47.707,-45.086],[48.315,-44.938],[48.92,-44.787],[49.522,-44.633],[50.12,-44.475],[50.716,-44.314],[50.9,-43.833],[51.371,-43.72],[51.841,-43.605],[51.91,-43.265],[51.979,-42.926],[52.605,-42.765],[53.228,-42.6],[53.847,-42.432],[54.463,-42.26],[55.076,-42.085],[55.686,-41.907],[56.292,-41.726],[56.894,-41.542],[56.963,-41.121],[57.031,-40.7],[57.553,-40.522],[58.073,-40.341],[58.108,-39.893],[58.142,-39.445],[58.622,-39.119],[59.098,-38.79],[59.569,-38.46],[60.036,-38.127],[60.499,-37.793],[60.957,-37.457],[61.411,-37.119],[61.439,-36.778],[61.467,-36.436],[61.494,-36.094],[61.938,-35.799],[62.379,-35.502],[62.817,-35.204],[63.251,-34.904],[63.682,-34.602],[64.11,-34.299],[64.126,-33.995],[64.141,-33.69],[64.469,-33.488],[64.796,-33.284],[65.121,-33.08],[65.178,-32.712],[65.234,-32.344],[65.648,-32.081],[66.059,-31.817],[66.019,-31.502],[65.98,-31.188],[66.293,-30.995],[66.604,-30.802],[66.96,-30.543],[67.315,-30.282]]}},{"type":"Feature","properties":{"boundary_type":"ridge","feature_type":"gpml:MidOceanRidge","polarity":null,"overriding_plate_id":null,"subducting_plate_id":null,"plate_ids":[201,701],"name":"Ridge from iso A13 from SouthAmerica at 33.1Ma"},"geometry":{"type":"LineString","coordinates":[[-7.07,-10.163],[-7.124,-10.199],[-7.263,-10.261],[-7.13,-10.699],[-6.997,-11.137],[-6.863,-11.575],[-6.729,-12.013],[-6.595,-12.451],[-6.46,-12.889],[-6.325,-13.326],[-6.189,-13.764],[-6.614,-13.829],[-7.039,-13.893],[-7.464,-13.956],[-7.89,-14.019],[-8.316,-14.081],[-8.742,-14.142],[-8.697,-14.639],[-8.651,-15.136],[-8.605,-15.633],[-8.559,-16.13],[-8.513,-16.628],[-8.467,-17.125],[-8.42,-17.622],[-8.373,-18.119],[-8.326,-18.616],[-8.8,-18.663],[-9.275,-18.71],[-9.749,-18.756],[-10.224,-18.8],[-10.183,-19.219],[-10.141,-19.639],[-10.099,-20.058],[-10.37,-20.081],[-10.642,-20.103],[-10.621,-20.593],[-10.6,-21.082],[-10.578,-21.572],[-10.184,-21.535],[-9.79,-21.498],[-9.397,-21.459],[-9.362,-21.872],[-9.327,-22.285],[-9.293,-22.697],[-9.257,-23.11],[-9.194,-23.493],[-9.131,-23.876],[-9.067,-24.259],[-9.003,-24.641],[-8.705,-24.651],[-8.407,-24.66],[-8.269,-25.14],[-8.131,-25.62],[-7.991,-26.1],[-7.85,-26.58],[-7.708,-27.06],[-7.565,-27.54],[-7.225,-27.515],[-6.885,-27.489],[-6.843,-27.899],[-6.8,-28.309],[-6.757,-28.719],[-6.714,-29.129],[-7.087,-29.152],[-7.46,-29.175],[-7.487,-29.434],[-7.514,-29.694],[-8.005,-29.735],[-8.496,-29.775],[-8.988,-29.813],[-8.982,-30.167],[-8.977,-30.521],[-8.971,-30.874],[-9.32,-30.939],[-9.264,-31.426],[-9.206,-31.913],[-9.49,-31.927],[-9.456,-32.351],[-9.423,-32.776],[-9.389,-33.2],[-9.354,-33.625],[-8.951,-33.585],[-8.548,-33.544],[-8.145,-33.502],[-8.092,-33.913],[-8.039,-34.323],[-7.985,-34.734],[-7.931,-35.145],[-7.609,-35.128],[-7.586,-35.506],[-7.563,-35.885],[-7.98,-35.951],[-8.398,-36.017],[-8.341,-36.469],[-8.283,-36.921],[-8.225,-37.373],[-8.165,-37.824],[-8.106,-38.276],[-8.045,-38.728],[-8.639,-38.779],[-9.233,-38.827],[-9.829,-38.871],[-9.781,-39.246],[-9.732,-39.622],[-9.683,-39.997],[-9.633,-40.372],[-10.072,-40.392],[-10.511,-40.411],[-10.951,-40.428],[-10.909,-40.806],[-10.868,-41.183],[-11.274,-41.205],[-11.682,-41.225],[-11.65,-41.613],[-11.618,-42.0],[-11.586,-42.388],[-12.217,-42.415],[-12.848,-42.439],[-12.828,-42.875],[-12.809,-43.311],[-12.789,-43.746],[-12.769,-44.182],[-12.749,-44.617],[-12.728,-45.053],[-12.707,-45.488],[-12.333,-45.477],[-11.959,-45.465],[-11.969,-45.925],[-11.979,-46.385],[-11.99,-46.845],[-12.0,-47.304],[-12.677,-47.321],[-13.355,-47.334],[-13.337,-47.757],[-13.319,-48.179],[-13.301,-48.602],[-13.283,-49.025],[-13.264,-49.447],[-12.777,-49.447],[-12.289,-49.446],[-12.278,-49.911],[-12.267,-50.376],[-12.256,-50.841],[-12.245,-51.306],[-12.234,-51.771],[-12.222,-52.237],[-11.534,-52.217],[-10.847,-52.194],[-10.16,-52.167],[-10.132,-52.594],[-10.103,-53.021],[-10.073,-53.449],[-10.043,-53.876],[-10.012,-54.303],[-9.276,-54.277],[-8.542,-54.247],[-7.808,-54.212],[-7.076,-54.173],[-6.345,-54.13],[-5.616,-54.082],[-5.533,-54.483],[-5.449,-54.885],[-5.363,-55.286],[-4.915,-55.251],[-4.468,-55.214],[-4.372,-55.568],[-4.275,-55.922],[-3.425,-55.819],[-2.58,-55.711],[-2.46,-56.109],[-2.339,-56.507],[-2.214,-56.905],[-2.087,-57.303],[-1.267,-57.197],[-1.116,-57.653],[-0.962,-58.108],[-0.803,-58.564],[-0.224,-58.506],[-0.061,-58.866],[0.105,-59.226],[0.274,-59.585],[0.843,-59.545],[0.95,-59.838],[1.058,-60.131],[1.939,-60.028],[2.815,-59.92],[3.685,-59.805],[3.851,-60.173],[4.02,-60.539],[4.621,-60.465],[5.219,-60.388],[5.472,-60.75],[5.73,-61.112],[5.994,-61.473]]}},{"type":"Feature","properties":{"boundary_type":"ridge","feature_type":"gpml:MidOceanRidge","polarity":null,"overriding_plate_id":null,"subducting_plate_id":null,"plate_ids":[201,802],"name":"Ridge from iso A13 from SouthAmerica at 33.1Ma"},"geometry":{"type":"LineString","coordinates":[[5.994,-61.473],[6.034,-61.527],[6.183,-61.779]]}},{"type":"Feature","properties":{"boundary_type":"ridge","feature_type":"gpml:MidOceanRidge","polarity":null,"overriding_plate_id":null,"subducting_plate_id":null,"plate_ids":[201,701],"name":"Ridge from iso A13 from SouthAmerica at 33.1Ma"},"geometry":{"type":"LineString","coordinates":[[-40.86,9.585],[-40.481,9.498],[-40.103,9.41],[-39.724,9.322],[-39.346,9.234],[-39.354,8.772],[-39.361,8.31],[-39.368,7.849],[-39.375,7.387],[-39.383,6.925],[-39.01,6.806],[-38.638,6.686],[-38.697,6.315],[-38.319,6.201],[-38.361,5.761],[-38.403,5.32],[-37.943,5.199],[-37.483,5.077],[-37.024,4.954],[-36.565,4.832],[-36.106,4.709],[-35.647,4.586],[-35.661,4.278],[-35.675,3.971],[-35.456,3.921],[-35.481,3.663],[-35.506,3.405],[-35.295,3.348],[-35.295,3.089],[-35.296,2.829],[-35.046,2.769],[-34.796,2.709],[-34.84,2.267],[-34.37,2.16],[-33.901,2.052],[-33.432,1.944],[-32.962,1.836],[-32.958,1.618],[-32.529,1.545],[-32.099,1.472],[-31.67,1.399],[-31.673,1.299],[-31.259,1.216],[-30.845,1.134],[-30.835,0.782],[-30.5,0.741],[-30.164,0.7],[-30.16,0.487],[-29.733,0.413],[-29.307,0.34],[-28.881,0.267],[-28.454,0.194],[-28.457,-0.206],[-28.46,-0.605],[-28.154,-0.643],[-27.847,-0.682],[-27.83,-1.074],[-27.812,-1.466],[-27.794,-1.857],[-27.777,-2.249],[-27.306,-2.31],[-26.835,-2.371],[-26.363,-2.431],[-25.892,-2.492],[-25.866,-2.941],[-25.839,-3.39],[-25.813,-3.839],[-25.786,-4.288],[-25.76,-4.737],[-25.413,-4.762],[-25.067,-4.787],[-25.031,-5.072],[-24.994,-5.357],[-24.546,-5.393],[-24.098,-5.429],[-23.65,-5.464],[-23.202,-5.499],[-22.754,-5.534],[-22.306,-5.568],[-21.858,-5.602],[-21.41,-5.636],[-21.317,-6.009],[-20.89,-6.03],[-20.462,-6.051],[-20.035,-6.072],[-19.935,-6.507],[-19.835,-6.942],[-19.734,-7.376],[-19.239,-7.356],[-18.744,-7.335],[-18.249,-7.313],[-17.755,-7.291],[-17.26,-7.268],[-16.765,-7.244],[-16.27,-7.22],[-15.776,-7.196],[-15.281,-7.171],[-14.787,-7.146],[-14.292,-7.12],[-13.798,-7.093],[-13.304,-7.066],[-12.809,-7.038],[-12.315,-7.01],[-11.821,-6.982],[-11.327,-6.953],[-11.259,-7.197],[-11.041,-7.185],[-10.937,-7.476],[-10.833,-7.767],[-10.522,-7.736],[-10.446,-7.986],[-9.965,-7.943],[-9.484,-7.899],[-9.003,-7.855],[-8.522,-7.81],[-8.042,-7.764],[-7.884,-8.159],[-7.726,-8.555],[-7.568,-8.95],[-7.409,-9.345],[-7.25,-9.74],[-7.09,-10.135],[-7.07,-10.163]]}},{"type":"Feature","properties":{"boundary_type":"ridge","feature_type":"gpml:MidOceanRidge","polarity":null,"overriding_plate_id":null,"subducting_plate_id":null,"plate_ids":[101,201],"name":"SouthAmerica North America BOUNDARY from BIRD 2002 model"},"geometry":{"type":"LineString","coordinates":[[-40.853,9.605],[-41.166,9.646],[-41.635,9.813],[-42.103,9.98],[-42.572,10.147],[-43.042,10.313],[-43.494,10.52],[-43.947,10.727],[-44.4,10.933],[-44.854,11.139],[-45.309,11.343],[-45.764,11.548],[-46.169,11.751],[-46.575,11.954],[-46.981,12.157],[-47.388,12.359],[-47.796,12.56],[-48.264,12.686],[-48.732,12.811],[-49.201,12.936],[-49.67,13.059],[-50.14,13.182],[-50.65,13.143],[-51.159,13.102],[-51.669,13.061],[-52.178,13.019],[-52.687,12.975],[-53.196,12.931],[-53.495,12.927],[-53.794,12.922]]}},{"type":"Feature","properties":{"boundary_type":"ridge","feature_type":"gpml:MidOceanRidge","polarity":null,"overriding_plate_id":null,"subducting_plate_id":null,"plate_ids":[301,604],"name":"South China MOR"},"geometry":{"type":"LineString","coordinates":[[108.492,19.61],[108.824,19.803],[109.157,19.995],[109.606,20.263],[110.056,20.529],[110.507,20.794],[110.96,21.058],[111.415,21.32],[111.872,21.582],[112.33,21.842],[112.789,22.101],[113.251,22.358],[113.714,22.615],[114.114,22.882],[113.976,23.068],[114.308,23.297],[114.641,23.525],[114.993,23.481],[115.345,23.436],[115.437,23.419],[115.909,23.578],[116.382,23.736],[116.857,23.892],[117.332,24.046],[117.809,24.2],[118.287,24.351],[118.766,24.501],[119.246,24.65],[119.727,24.797],[120.21,24.943],[120.693,25.087],[121.178,25.229],[121.699,25.372],[122.222,25.514]]}},{"type":"Feature","properties":{"boundary_type":"subduction","feature_type":"gpml:SubductionZone","polarity":"Right","overriding_plate_id":101,"subducting_plate_id":901,"plate_ids":[101,901],"name":"Aleutian and Bering Sea Masking Polygon"},"geometry":{"type":"LineString","coordinates":[[-120.003,66.243],[-121.067,66.097],[-122.118,65.944],[-123.156,65.784],[-124.181,65.617],[-125.193,65.443],[-126.191,65.263],[-127.176,65.076],[-128.146,64.882],[-129.102,64.682],[-130.045,64.477],[-130.921,64.259],[-131.784,64.036],[-132.633,63.808],[-133.469,63.575],[-134.29,63.337],[-135.098,63.094],[-135.893,62.848],[-136.479,62.676],[-137.059,62.501],[-137.54,62.348],[-138.017,62.194],[-138.684,62.096],[-139.346,61.996],[-140.198,61.806],[-140.708,61.683],[-141.215,61.558],[-141.789,61.437],[-142.358,61.314],[-143.208,61.159],[-144.109,61.066],[-145.003,60.967],[-145.892,60.862],[-146.776,60.751],[-147.652,60.634],[-148.523,60.512],[-149.474,60.425],[-150.419,60.332],[-151.359,60.232],[-152.294,60.126],[-153.222,60.013],[-154.143,59.894],[-155.058,59.768],[-156.002,59.681],[-156.941,59.587],[-157.875,59.486],[-158.803,59.379],[-159.725,59.265],[-160.64,59.145],[-161.572,59.144],[-162.504,59.138],[-163.436,59.124],[-164.366,59.104],[-165.296,59.077],[-166.223,59.043],[-167.149,59.003],[-168.072,58.957],[-168.85,59.031],[-169.631,59.101],[-170.416,59.167],[-171.203,59.227],[-172.119,59.348],[-173.042,59.462],[-173.971,59.57],[-174.905,59.671],[-175.695,59.888],[-176.496,60.1],[-177.306,60.307],[-178.127,60.509],[-178.958,60.706],[-179.799,60.898],[179.426,61.156],[178.638,61.409],[177.837,61.658],[177.023,61.901],[176.196,62.14],[175.357,62.374],[174.504,62.603],[173.739,62.871],[172.959,63.134],[172.166,63.394],[171.358,63.648],[170.536,63.898]]}},{"type":"Feature","properties":{"boundary_type":"subduction","feature_type":"gpml:SubductionZone","polarity":"Right","overriding_plate_id":null,"subducting_plate_id":null,"plate_ids":[901],"name":"Aleutian and Bering Sea Masking Polygon"},"geometry":{"type":"LineString","coordinates":[[170.536,63.898],[169.669,64.152],[168.786,64.401],[168.491,64.484]]}},{"type":"Feature","properties":{"boundary_type":"subduction","feature_type":"gpml:SubductionZone","polarity":"Right","overriding_plate_id":802,"subducting_plate_id":804,"plate_ids":[802,804],"name":"ANT NAZ 060 015 TF"},"geometry":{"type":"LineString","coordinates":[[-98.438,-71.17],[-97.363,-71.123],[-95.902,-70.984],[-94.538,-70.986]]}},{"type":"Feature","properties":{"boundary_type":"subduction","feature_type":"gpml:SubductionZone","polarity":"Right","overriding_plate_id":802,"subducting_plate_id":904,"plate_ids":[802,904],"name":"ANT NAZ 060 015 TF"},"geometry":{"type":"LineString","coordinates":[[-94.538,-70.986],[-93.426,-70.98],[-92.454,-70.996],[-91.481,-71.007],[-90.634,-70.84],[-89.802,-70.669],[-88.611,-70.374],[-87.454,-70.07],[-86.331,-69.76],[-85.275,-69.544],[-84.24,-69.322],[-83.227,-69.094],[-82.071,-68.828],[-80.942,-68.553],[-80.14,-68.305],[-79.356,-68.054],[-78.39,-67.749],[-77.45,-67.439],[-76.52,-67.107],[-75.616,-66.769],[-74.737,-66.614],[-73.869,-66.453],[-72.842,-66.355],[-71.823,-66.251],[-70.813,-66.14],[-70.155,-66.016],[-69.504,-65.89],[-68.688,-65.774],[-67.879,-65.654],[-67.078,-65.53],[-66.285,-65.401],[-65.553,-65.174],[-64.835,-64.944],[-64.047,-64.776]]}},{"type":"Feature","properties":{"boundary_type":"subduction","feature_type":"gpml:SubductionZone","polarity":"Right","overriding_plate_id":101,"subducting_plate_id":902,"plate_ids":[101,902],"name":"COCOS - NORTH AMERICA TRENCH 1"},"geometry":{"type":"LineString","coordinates":[[-87.335,14.785],[-87.764,14.981],[-87.866,15.239],[-87.968,15.496],[-88.238,15.69],[-88.51,15.884],[-88.74,16.021],[-88.97,16.158],[-89.34,16.367],[-89.71,16.576],[-90.03,16.778],[-90.351,16.979],[-90.671,17.18],[-90.992,17.382],[-91.354,17.64],[-91.716,17.899],[-91.995,18.137],[-92.274,18.374],[-92.524,18.636],[-92.775,18.897],[-93.056,19.11],[-93.338,19.322],[-93.705,19.674],[-93.97,20.016],[-94.061,20.313],[-94.153,20.61],[-94.128,21.024],[-94.102,21.439],[-94.004,21.82],[-93.905,22.201],[-93.931,22.535],[-93.957,22.868],[-93.983,23.202],[-93.957,23.62]]}},{"type":"Feature","properties":{"boundary_type":"subduction","feature_type":"gpml:SubductionZone","polarity":"Left","overriding_plate_id":607,"subducting_plate_id":801,"plate_ids":[607,801],"name":"Indonesian bndy w AUS-mg"},"geometry":{"type":"LineString","coordinates":[[92.352,9.627],[92.674,9.315],[92.994,9.003],[93.314,8.691],[93.634,8.379],[93.977,8.04],[94.319,7.7],[94.66,7.36],[95.001,7.019],[95.342,6.679],[95.682,6.338],[96.022,5.997],[96.205,5.704],[96.389,5.412],[96.572,5.119]]}},{"type":"Feature","properties":{"boundary_type":"subduction","feature_type":"gpml:SubductionZone","polarity":"Left","overriding_plate_id":686,"subducting_plate_id":801,"plate_ids":[686,801],"name":"Indonesian bndy w AUS-mg"},"geometry":{"type":"LineString","coordinates":[[96.572,5.119],[96.704,4.908],[97.094,4.638],[97.484,4.367],[97.874,4.096],[98.264,3.824],[98.653,3.553],[99.104,3.42],[99.556,3.286],[100.007,3.152],[100.458,3.018],[100.909,2.884],[101.308,2.704],[101.707,2.525],[102.105,2.346],[102.504,2.166],[102.902,1.986],[103.282,1.764],[103.662,1.542],[104.042,1.32],[104.486,1.108],[104.931,0.896],[105.375,0.684],[105.819,0.473],[106.263,0.261],[106.707,0.049],[107.151,-0.164],[107.595,-0.376],[108.039,-0.587],[108.484,-0.799]]}},{"type":"Feature","properties":{"boundary_type":"subduction","feature_type":"gpml:SubductionZone","polarity":"Left","overriding_plate_id":659,"subducting_plate_id":901,"plate_ids":[659,901],"name":"Izu Bonin Mariana Trench"},"geometry":{"type":"LineString","coordinates":[[153.635,17.956],[153.44,18.288],[153.245,18.619],[153.066,18.998],[152.887,19.377],[152.707,19.756],[152.524,20.041],[152.341,20.327],[152.156,20.612],[151.957,20.912],[151.756,21.212],[151.555,21.511],[151.385,21.818],[151.215,22.124],[151.044,22.43],[150.942,22.614]]}},{"type":"Feature","properties":{"boundary_type":"subduction","feature_type":"gpml:SubductionZone","polarity":"Left","overriding_plate_id":608,"subducting_plate_id":901,"plate_ids":[608,901],"name":"Izu Bonin Mariana Trench"},"geometry":{"type":"LineString","coordinates":[[150.942,22.614],[150.737,22.981],[150.531,23.349],[150.399,23.731],[150.267,24.114],[150.133,24.497],[149.999,24.879],[149.864,25.261],[149.74,25.749],[149.615,26.236],[149.489,26.723],[149.362,27.21],[149.205,27.602],[149.046,27.994],[148.887,28.386],[148.726,28.777],[148.601,29.148],[148.474,29.519],[148.347,29.89],[148.224,30.276],[148.1,30.661],[147.975,31.047],[147.849,31.432],[147.723,31.843],[147.597,32.255],[147.469,32.666],[147.34,33.077],[147.18,33.455],[147.017,33.833],[146.853,34.21],[146.688,34.587],[146.522,34.964],[146.426,35.414],[146.329,35.864],[146.232,36.314],[146.133,36.763],[146.033,37.213],[145.862,37.675],[145.689,38.136],[145.514,38.598],[145.337,39.059],[145.158,39.52],[144.976,39.981],[144.791,40.441],[144.606,40.895],[144.418,41.348],[144.228,41.802],[144.034,42.255],[143.839,42.707],[143.582,43.108],[143.321,43.509],[143.058,43.909],[142.791,44.309],[142.52,44.707],[142.245,45.105],[141.966,45.503],[141.547,45.908],[141.121,46.311]]}},{"type":"Feature","properties":{"boundary_type":"subduction","feature_type":"gpml:SubductionZone","polarity":"Right","overriding_plate_id":301,"subducting_plate_id":901,"plate_ids":[301,901],"name":"Japan sub zone fromEarthByte cob MG 4-20-07"},"geometry":{"type":"LineString","coordinates":[[142.444,56.239],[142.464,55.812],[142.484,55.384],[142.503,54.957],[142.521,54.53],[142.54,54.102],[142.484,53.663],[142.43,53.223],[142.377,52.783],[142.325,52.344],[142.274,51.904],[142.142,51.448],[142.013,50.992],[141.887,50.536],[141.872,50.099],[141.857,49.662],[141.842,49.225],[141.827,48.788],[141.813,48.351],[141.679,47.944],[141.547,47.538],[141.418,47.131],[141.29,46.724],[141.121,46.311]]}},{"type":"Feature","properties":{"boundary_type":"subduction","feature_type":"gpml:SubductionZone","polarity":"Right","overriding_plate_id":301,"subducting_plate_id":608,"plate_ids":[301,608],"name":"Japan sub zone fromEarthByte cob MG 4-20-07"},"geometry":{"type":"LineString","coordinates":[[141.121,46.311],[141.008,46.03],[140.895,45.75],[140.633,45.368],[140.375,44.986],[140.12,44.604],[139.73,44.22],[139.345,43.835],[139.1,43.44],[138.858,43.045],[138.257,42.926],[137.658,42.803],[137.062,42.678],[136.468,42.55],[136.02,42.307],[135.575,42.063],[135.133,41.817],[134.695,41.569],[134.261,41.32],[133.755,41.051],[133.254,40.78],[132.756,40.507],[132.427,40.377],[132.099,40.245],[131.673,40.077],[131.249,39.908],[130.827,39.737],[130.39,39.484],[129.956,39.228],[129.566,38.95],[129.179,38.671],[128.796,38.39],[128.501,38.287],[128.207,38.183]]}},{"type":"Feature","properties":{"boundary_type":"subduction","feature_type":"gpml:SubductionZone","polarity":"Right","overriding_plate_id":406,"subducting_plate_id":901,"plate_ids":[406,901],"name":"Kamchatka SZ from EarthByte COB at 0Ma -- MG 4/20/07"},"geometry":{"type":"LineString","coordinates":[[158.019,62.307],[157.362,62.045],[156.716,61.781],[156.081,61.513],[155.458,61.242],[154.845,60.969],[154.321,60.729],[153.805,60.488],[153.297,60.245],[152.755,60.042],[152.22,59.837],[151.692,59.63],[150.873,59.403],[150.066,59.171],[149.269,58.935],[148.483,58.693]]}},{"type":"Feature","properties":{"boundary_type":"subduction","feature_type":"gpml:SubductionZone","polarity":"Right","overriding_plate_id":301,"subducting_plate_id":901,"plate_ids":[301,901],"name":"Kamchatka SZ from EarthByte COB at 0Ma -- MG 4/20/07"},"geometry":{"type":"LineString","coordinates":[[148.483,58.693],[147.841,58.49],[147.205,58.283],[146.507,57.983],[145.819,57.679],[145.144,57.371],[144.608,57.09],[144.081,56.807],[143.53,56.62],[142.984,56.431],[142.444,56.239]]}},{"type":"Feature","properties":{"boundary_type":"subduction","feature_type":"gpml:SubductionZone","polarity":"Right","overriding_plate_id":839,"subducting_plate_id":901,"plate_ids":[839,901],"name":"Kermadec Trench DiCaprio"},"geometry":{"type":"LineString","coordinates":[[-178.727,-33.248],[-178.755,-33.641],[-178.783,-34.033],[-178.854,-34.469],[-178.925,-34.904],[-178.998,-35.34],[-179.071,-35.775],[-179.144,-36.21],[-179.219,-36.645],[-179.294,-37.081],[-179.371,-37.516],[-179.374,-37.968],[-179.377,-38.42],[-179.381,-38.872],[-179.384,-39.325],[-179.3,-39.696],[-179.214,-40.068],[-179.128,-40.439],[-179.318,-40.899],[-179.511,-41.358]]}},{"type":"Feature","properties":{"boundary_type":"subduction","feature_type":"gpml:SubductionZone","polarity":"Left","overriding_plate_id":301,"subducting_plate_id":522,"plate_ids":[301,522],"name":"Mediterranean Subduction, DB 04-2007"},"geometry":{"type":"LineString","coordinates":[[35.824,33.376],[36.188,33.471],[36.553,33.565],[36.992,33.611],[37.432,33.654],[37.872,33.696],[38.38,33.765]]}},{"type":"Feature","properties":{"boundary_type":"subduction","feature_type":"gpml:SubductionZone","polarity":"Left","overriding_plate_id":301,"subducting_plate_id":701,"plate_ids":[301,701],"name":"Mediterranean Subduction, DB 04-2007"},"geometry":{"type":"LineString","coordinates":[[38.38,33.765],[38.838,33.825],[39.297,33.883],[39.721,33.834],[40.144,33.783],[40.567,33.73],[41.104,33.676],[41.641,33.62],[42.177,33.561],[42.448,33.386],[42.719,33.21],[43.022,33.009],[43.323,32.807],[43.658,32.613],[43.991,32.419],[44.322,32.223],[44.774,31.967],[45.224,31.709],[45.671,31.45],[46.162,31.206],[46.651,30.96],[47.138,30.712],[47.622,30.462],[48.103,30.211],[48.589,29.955],[49.073,29.698],[49.554,29.439],[50.033,29.178],[50.509,28.915],[50.983,28.651],[51.419,28.37],[51.854,28.088],[52.286,27.805],[52.716,27.52],[53.143,27.234],[53.549,26.964],[53.953,26.693],[54.355,26.42],[54.755,26.147],[55.153,25.872],[55.549,25.597],[55.992,25.465],[56.435,25.333],[56.876,25.199],[57.316,25.063],[57.755,24.927],[58.194,24.789],[58.661,24.655],[59.127,24.519],[59.592,24.383],[60.056,24.244],[60.533,24.177],[61.009,24.108],[61.484,24.037],[61.959,23.965],[62.434,23.892],[62.888,23.978],[63.343,24.063],[63.799,24.146],[64.255,24.228],[64.712,24.309],[64.935,24.338]]}},{"type":"Feature","properties":{"boundary_type":"subduction","feature_type":"gpml:SubductionZone","polarity":"Right","overriding_plate_id":922,"subducting_plate_id":901,"plate_ids":[901,922],"name":"MelanesiaVityaz DiCaprio"},"geometry":{"type":"LineString","coordinates":[[160.248,-0.929],[160.561,-1.084],[160.902,-1.366],[161.243,-1.649],[161.584,-1.931],[161.926,-2.213],[162.267,-2.496],[162.59,-2.768],[162.912,-3.041],[163.235,-3.313],[163.558,-3.585],[163.881,-3.857],[164.13,-4.213],[164.379,-4.569],[164.629,-4.924],[164.87,-5.218],[165.111,-5.511],[165.353,-5.804],[165.7,-5.961],[166.047,-6.118],[166.394,-6.274],[166.883,-6.344],[167.373,-6.413],[167.863,-6.482],[168.197,-6.681],[168.532,-6.88],[168.867,-7.079],[169.202,-7.278],[169.578,-7.408],[169.954,-7.538],[170.33,-7.667],[170.561,-7.901],[170.792,-8.135],[171.145,-8.234],[171.497,-8.333],[171.85,-8.431],[172.152,-8.599],[172.454,-8.766],[172.693,-9.093],[172.933,-9.419],[173.173,-9.745],[173.414,-10.071],[173.667,-10.35],[173.921,-10.628],[174.175,-10.906],[174.28,-11.232],[174.384,-11.558],[174.489,-11.884],[174.75,-12.292],[175.012,-12.699],[175.274,-13.106],[175.507,-13.48],[175.74,-13.854],[175.974,-14.228],[176.099,-14.612],[176.225,-14.997],[176.351,-15.382],[176.477,-15.766],[176.604,-16.151],[176.709,-16.613],[176.815,-17.076],[176.921,-17.538],[177.042,-17.875],[177.164,-18.212],[177.286,-18.549],[177.354,-18.864]]}},{"type":"Feature","properties":{"boundary_type":"subduction","feature_type":"gpml:SubductionZone","polarity":"Right","overriding_plate_id":861,"subducting_plate_id":901,"plate_ids":[861,901],"name":"MelanesiaVityaz DiCaprio"},"geometry":{"type":"LineString","coordinates":[[177.354,-18.864],[177.411,-19.126]]}},{"type":"Feature","properties":{"boundary_type":"subduction","feature_type":"gpml:SubductionZone","polarity":"Right","overriding_plate_id":861,"subducting_plate_id":901,"plate_ids":[861,901],"name":"MelanesiaVityaz DiCaprio"},"geometry":{"type":"LineString","coordinates":[[177.411,-19.126],[177.437,-19.243],[177.628,-19.655],[177.821,-20.067],[177.888,-20.525],[177.956,-20.984],[178.024,-21.443],[178.044,-21.803],[178.065,-22.163],[178.085,-22.523]]}},{"type":"Feature","properties":{"boundary_type":"subduction","feature_type":"gpml:SubductionZone","polarity":"Left","overriding_plate_id":645,"subducting_plate_id":801,"plate_ids":[645,801],"name":"SulawesiTrench"},"geometry":{"type":"LineString","coordinates":[[122.013,-3.269],[122.286,-3.232],[122.532,-3.161],[122.778,-3.091],[123.167,-2.887],[123.533,-3.167],[123.824,-3.293],[124.114,-3.418],[124.338,-3.531],[124.561,-3.643],[124.879,-3.808],[125.198,-3.973],[125.408,-4.152],[125.619,-4.331],[125.999,-4.541],[126.378,-4.751],[126.79,-4.793],[127.202,-4.834],[127.581,-4.671],[127.96,-4.508],[128.339,-4.344],[128.767,-4.108],[129.193,-3.871],[129.455,-3.646],[129.716,-3.422],[129.977,-3.197],[130.292,-3.075],[130.606,-2.952],[131.051,-2.835],[131.496,-2.717],[131.94,-2.599],[132.335,-2.486],[132.729,-2.373],[132.984,-2.346]]}},{"type":"Feature","properties":{"boundary_type":"subduction","feature_type":"gpml:SubductionZone","polarity":"Left","overriding_plate_id":861,"subducting_plate_id":801,"plate_ids":[801,861],"name":"TKR Loyalty"},"geometry":{"type":"LineString","coordinates":[[171.422,-31.059],[171.435,-31.113],[171.647,-31.403],[171.86,-31.693],[171.879,-31.709]]}},{"type":"Feature","properties":{"boundary_type":"subduction","feature_type":"gpml:SubductionZone","polarity":"Left","overriding_plate_id":835,"subducting_plate_id":801,"plate_ids":[801,835],"name":"TKR Loyalty"},"geometry":{"type":"LineString","coordinates":[[171.879,-31.709],[172.275,-32.026],[172.674,-32.342],[172.878,-32.69],[173.084,-33.038],[173.286,-33.386],[173.49,-33.734],[173.703,-33.99],[173.919,-34.246],[174.09,-34.498],[174.262,-34.75],[174.474,-35.007],[174.686,-35.263],[174.848,-35.561],[175.011,-35.86],[175.041,-36.191],[175.071,-36.523],[175.189,-36.818],[175.308,-37.112],[175.546,-37.419],[175.786,-37.726],[176.022,-38.034],[176.26,-38.342],[176.361,-38.698],[176.462,-39.054],[176.565,-39.41],[176.585,-39.741],[176.606,-40.073],[176.598,-40.542],[176.59,-41.012],[176.793,-41.471]]}},{"type":"Feature","properties":{"boundary_type":"subduction","feature_type":"gpml:SubductionZone","polarity":"Left","overriding_plate_id":839,"subducting_plate_id":801,"plate_ids":[801,839],"name":"TKR Loyalty"},"geometry":{"type":"LineString","coordinates":[[176.793,-41.471],[176.987,-41.904],[177.008,-41.937]]}},{"type":"Feature","properties":{"boundary_type":"subduction","feature_type":"gpml:SubductionZone","polarity":"Right","overriding_plate_id":861,"subducting_plate_id":901,"plate_ids":[861,901],"name":"Tonga Trench DiCaprio"},"geometry":{"type":"LineString","coordinates":[[178.085,-22.523],[178.203,-22.821]]}},{"type":"Feature","properties":{"boundary_type":"subduction","feature_type":"gpml:SubductionZone","polarity":"Right","overriding_plate_id":839,"subducting_plate_id":901,"plate_ids":[839,901],"name":"Tonga Trench DiCaprio"},"geometry":{"type":"LineString","coordinates":[[178.203,-22.821],[178.328,-23.133],[178.453,-23.446],[178.65,-23.891],[178.849,-24.335],[179.048,-24.78],[179.249,-25.224],[179.452,-25.668],[179.519,-26.163],[179.587,-26.657],[179.655,-27.152],[179.724,-27.646],[179.794,-28.141],[179.864,-28.635],[179.932,-29.01],[180.0,-29.385],[-179.932,-29.76],[-179.863,-30.135],[-179.735,-30.607],[-179.607,-31.078],[-179.477,-31.55],[-179.346,-32.022],[-179.141,-32.431],[-178.935,-32.84],[-178.727,-33.248]]}},{"type":"Feature","properties":{"boundary_type":"subduction","feature_type":"gpml:SubductionZone","polarity":"Right","overriding_plate_id":101,"subducting_plate_id":902,"plate_ids":[101,902],"name":"Trench Baja California COB MG 4-30-07"},"geometry":{"type":"LineString","coordinates":[[-93.957,23.62],[-94.068,23.713],[-94.127,23.76],[-94.262,23.955],[-94.398,24.141],[-94.502,24.283],[-94.702,24.557],[-94.884,24.822],[-95.036,25.025],[-95.15,25.241],[-95.264,25.465],[-95.417,25.75],[-95.529,25.899],[-95.636,26.105],[-95.878,26.301],[-96.122,26.497],[-96.247,26.696],[-96.401,26.872],[-96.553,26.99],[-96.731,27.2],[-96.901,27.401],[-97.064,27.666],[-97.074,27.74],[-97.125,27.866],[-97.207,28.161],[-97.327,28.321],[-97.5,28.517],[-97.672,28.712],[-97.755,28.927],[-97.787,29.107],[-98.006,29.367],[-98.174,29.591],[-98.298,29.723],[-98.426,29.825],[-98.606,29.963],[-98.64,30.114],[-98.736,30.242],[-98.78,30.381]]}},{"type":"Feature","properties":{"boundary_type":"subduction","feature_type":"gpml:SubductionZone","polarity":"Right","overriding_plate_id":101,"subducting_plate_id":902,"plate_ids":[101,902],"name":"Western NAM subduction"},"geometry":{"type":"LineString","coordinates":[[-98.78,30.381],[-99.186,30.713],[-99.595,31.043],[-100.007,31.373],[-100.422,31.701],[-100.84,32.027],[-101.061,32.387],[-101.284,32.746],[-101.509,33.105],[-101.735,33.463],[-101.909,33.784],[-102.084,34.105]]}},{"type":"Feature","properties":{"boundary_type":"other","feature_type":"gpml:TerraneBoundary","polarity":null,"overriding_plate_id":null,"subducting_plate_id":null,"plate_ids":[802,901],"name":"E/W ANT"},"geometry":{"type":"LineString","coordinates":[[169.409,-63.355],[169.58,-63.462],[170.018,-63.748],[170.465,-64.033],[170.921,-64.316],[171.591,-64.646],[172.278,-64.973],[172.982,-65.297],[173.61,-65.602],[174.253,-65.905],[174.911,-66.205],[175.322,-66.501],[175.744,-66.795]]}},{"type":"Feature","properties":{"boundary_type":"other","feature_type":"gpml:TerraneBoundary","polarity":null,"overriding_plate_id":null,"subducting_plate_id":null,"plate_ids":[802,804],"name":"E/W ANT"},"geometry":{"type":"LineString","coordinates":[[175.744,-66.795],[175.762,-66.808],[176.372,-67.101],[176.764,-67.261],[177.064,-67.472],[176.806,-67.809],[176.488,-68.079],[176.094,-68.372],[175.728,-68.637],[175.236,-68.914],[174.776,-69.182],[174.176,-69.492],[173.783,-69.672],[173.456,-69.974],[173.231,-70.235],[172.99,-70.528],[172.555,-70.736],[172.132,-71.054],[171.756,-71.39],[171.382,-71.638],[170.941,-72.007],[170.569,-72.391],[170.563,-72.82],[170.91,-73.136],[171.238,-73.39],[171.575,-73.643],[171.992,-73.888],[172.422,-74.132],[173.125,-74.436],[173.855,-74.738],[174.76,-75.02],[175.7,-75.299],[176.75,-75.564],[177.837,-75.824],[179.129,-76.153],[-179.519,-76.474],[-178.368,-76.847],[-177.152,-77.216],[-176.216,-77.512],[-175.236,-77.805],[-174.209,-78.094],[-173.024,-78.432],[-171.768,-78.765],[-170.438,-79.093],[-168.792,-79.432],[-167.04,-79.763],[-165.302,-80.01],[-163.479,-80.247],[-161.569,-80.475],[-159.112,-80.735],[-156.521,-80.977],[-153.793,-81.2],[-150.732,-81.33],[-147.588,-81.436],[-145.055,-81.466],[-142.51,-81.48],[-139.961,-81.477],[-137.746,-81.416],[-135.566,-81.342],[-133.425,-81.256],[-130.73,-81.05],[-128.159,-80.826],[-125.715,-80.585],[-123.489,-80.36],[-121.367,-80.122],[-119.577,-79.857],[-117.878,-79.583],[-116.267,-79.301],[-114.64,-79.003],[-113.098,-78.697],[-111.638,-78.384],[-109.974,-78.087],[-108.391,-77.781],[-106.885,-77.466],[-105.515,-77.069],[-104.226,-76.665],[-103.364,-76.383],[-102.536,-76.097],[-101.741,-75.809],[-100.917,-75.356],[-100.142,-74.901],[-99.636,-74.539],[-99.153,-74.176],[-98.758,-73.733],[-98.384,-73.291],[-98.366,-72.956],[-98.348,-72.621],[-98.331,-72.287],[-98.354,-71.801],[-98.376,-71.315],[-98.438,-71.17]]}},{"type":"Feature","properties":{"boundary_type":"transform","feature_type":"gpml:Transform","polarity":null,"overriding_plate_id":null,"subducting_plate_id":null,"plate_ids":[607,801],"name":"Inferred transform"},"geometry":{"type":"LineString","coordinates":[[92.352,9.627],[92.228,10.102],[92.104,10.577],[91.979,11.052],[91.854,11.526],[91.728,12.001],[91.602,12.476],[91.475,12.95],[91.366,13.391],[91.256,13.83],[91.146,14.27],[91.036,14.71],[90.925,15.15],[90.813,15.59],[90.701,16.03],[90.589,16.469],[90.476,16.909],[90.401,17.353],[90.326,17.797],[90.251,18.242],[90.175,18.686],[90.099,19.13],[90.023,19.575],[89.946,20.019],[89.868,20.463],[89.84,20.908],[89.812,21.353],[89.784,21.799],[89.755,22.244],[89.727,22.689],[89.698,23.134],[89.669,23.579],[89.64,24.025],[89.682,24.507],[89.725,24.989],[89.768,25.471]]}},{"type":"Feature","properties":{"boundary_type":"transform","feature_type":"gpml:Transform","polarity":null,"overriding_plate_id":null,"subducting_plate_id":null,"plate_ids":[301,607],"name":"Inferred transform"},"geometry":{"type":"LineString","coordinates":[[89.768,25.471],[89.796,25.789],[89.825,26.106],[89.922,26.569],[90.019,27.032],[90.117,27.495],[90.216,27.958],[90.316,28.421],[90.417,28.883],[90.519,29.346]]}},{"type":"Feature","properties":{"boundary_type":"transform","feature_type":"gpml:Transform","polarity":null,"overriding_plate_id":null,"subducting_plate_id":null,"plate_ids":[101],"name":"King's Trough"},"geometry":{"type":"LineString","coordinates":[[-21.948,36.829],[-21.885,36.815]]}},{"type":"Feature","properties":{"boundary_type":"transform","feature_type":"gpml:Transform","polarity":null,"overriding_plate_id":null,"subducting_plate_id":null,"plate_ids":[101,301],"name":"North Porcupine Transform"},"geometry":{"type":"LineString","coordinates":[[-27.189,44.851],[-26.882,44.804],[-26.378,44.79],[-25.875,44.775],[-25.372,44.757],[-24.812,44.737],[-24.253,44.715],[-23.694,44.69],[-23.135,44.662],[-22.94,44.644]]}},{"type":"Feature","properties":{"boundary_type":"transform","feature_type":"gpml:Transform","polarity":null,"overriding_plate_id":null,"subducting_plate_id":null,"plate_ids":[301,603],"name":"Red River Fault"},"geometry":{"type":"LineString","coordinates":[[89.267,30.885],[89.808,31.045],[90.352,31.202],[90.897,31.357],[91.444,31.509],[91.992,31.659],[92.436,31.784],[92.88,31.906],[93.326,32.028],[93.856,31.975],[94.386,31.919],[94.915,31.862],[95.333,31.534],[95.748,31.206],[96.161,30.876],[96.57,30.544],[96.977,30.212],[97.328,29.87],[97.676,29.527]]}},{"type":"Feature","properties":{"boundary_type":"transform","feature_type":"gpml:Transform","polarity":null,"overriding_plate_id":null,"subducting_plate_id":null,"plate_ids":[301,604],"name":"Red River Fault"},"geometry":{"type":"LineString","coordinates":[[97.676,29.527],[98.029,29.177],[98.379,28.826],[98.727,28.474],[99.074,28.202],[99.419,27.93],[99.763,27.657],[100.105,27.383],[100.556,27.159],[101.005,26.933],[101.453,26.705],[101.898,26.476],[102.291,26.265],[102.682,26.052],[103.072,25.838],[103.46,25.624],[103.847,25.408],[104.24,25.12],[104.63,24.831],[105.02,24.541],[105.407,24.25],[105.792,23.958],[106.176,23.665],[106.558,23.371],[106.846,23.166],[107.132,22.96],[107.418,22.753]]}},{"type":"Feature","properties":{"boundary_type":"transform","feature_type":"gpml:Transform","polarity":null,"overriding_plate_id":null,"subducting_plate_id":null,"plate_ids":[603,604],"name":"Three Pagodas Fault (inferred extent)"},"geometry":{"type":"LineString","coordinates":[[97.676,29.527],[97.727,29.097],[97.778,28.666],[97.828,28.236],[97.878,27.805],[97.927,27.375],[97.993,26.966],[98.058,26.558],[98.123,26.15],[98.187,25.742],[98.158,25.369],[98.129,24.996],[98.101,24.622],[98.022,24.144],[97.944,23.665],[97.866,23.187],[97.921,22.712],[97.975,22.237],[98.029,21.763],[98.083,21.288],[98.187,20.877],[98.29,20.466],[98.393,20.055],[98.495,19.644],[98.596,19.232],[98.698,18.821],[98.974,18.407],[99.249,17.993],[99.522,17.579],[99.795,17.164],[100.066,16.749],[100.247,16.611]]}},{"type":"Feature","properties":{"boundary_type":"transform","feature_type":"gpml:Transform","polarity":null,"overriding_plate_id":null,"subducting_plate_id":null,"plate_ids":[604,673],"name":"Three Pagodas Fault (inferred extent)"},"geometry":{"type":"LineString","coordinates":[[100.247,16.611],[100.62,16.326],[100.992,16.04],[101.362,15.754],[101.732,15.467],[102.101,15.179],[102.468,14.891],[102.835,14.602],[103.201,14.313],[103.565,14.023],[103.929,13.733],[104.352,13.566],[104.774,13.398],[105.196,13.229],[105.617,13.059],[106.037,12.889],[106.457,12.719],[106.877,12.547],[107.295,12.375],[107.742,12.382],[108.19,12.388],[108.637,12.393],[109.084,12.398],[109.531,12.402],[109.978,12.405],[110.434,12.418],[110.889,12.43],[111.344,12.441],[111.8,12.452],[112.255,12.462],[112.711,12.471],[112.981,12.62]]}},{"type":"Feature","properties":{"boundary_type":"other","feature_type":"gpml:UnclassifiedFeature","polarity":null,"overriding_plate_id":null,"subducting_plate_id":null,"plate_ids":[406],"name":"NE SIberia"},"geometry":{"type":"LineString","coordinates":[[170.536,63.898],[170.536,63.898]]}},{"type":"Feature","properties":{"boundary_type":"other","feature_type":"gpml:UnclassifiedFeature","polarity":null,"overriding_plate_id":null,"subducting_plate_id":null,"plate_ids":[101,406],"name":"NE SIberia"},"geometry":{"type":"LineString","coordinates":[[170.536,63.898],[170.06,64.239],[169.572,64.579],[169.142,64.951],[168.699,65.323],[168.243,65.693],[167.515,66.091],[166.763,66.486],[165.987,66.876],[165.186,67.263],[164.581,67.599],[163.958,67.932],[163.318,68.263],[162.659,68.592],[161.981,68.917],[161.299,69.229]]}},{"type":"Feature","properties":{"boundary_type":"transform","feature_type":"gpml:Transform","polarity":null,"overriding_plate_id":null,"subducting_plate_id":null,"plate_ids":[801,839],"name":"Extend deforming zone"},"geometry":{"type":"LineString","coordinates":[[177.008,-41.937],[177.481,-41.714],[178.085,-41.649],[178.688,-41.581],[179.289,-41.51],[179.89,-41.436],[-179.511,-41.358]]}},{"type":"Feature","properties":{"boundary_type":"transform","feature_type":"gpml:Transform","polarity":null,"overriding_plate_id":null,"subducting_plate_id":null,"plate_ids":[801,901],"name":"Extend deforming zone"},"geometry":{"type":"LineString","coordinates":[[-179.511,-41.358],[-178.931,-41.28],[-178.351,-41.199],[-177.773,-41.115]]}},{"type":"Feature","properties":{"boundary_type":"subduction","feature_type":"gpml:SubductionZone","polarity":"Right","overriding_plate_id":null,"subducting_plate_id":null,"plate_ids":[406],"name":"Aleutian and Bering Sea Masking Polygon"},"geometry":{"type":"LineString","coordinates":[[170.536,63.898],[169.669,64.152],[168.786,64.401],[168.491,64.484]]}},{"type":"Feature","properties":{"boundary_type":"subduction","feature_type":"gpml:SubductionZone","polarity":"Right","overriding_plate_id":null,"subducting_plate_id":null,"plate_ids":[901],"name":"Shirshov Ridge Subduction"},"geometry":{"type":"LineString","coordinates":[[168.491,64.484],[168.491,64.484]]}},{"type":"Feature","properties":{"boundary_type":"subduction","feature_type":"gpml:SubductionZone","polarity":"Right","overriding_plate_id":406,"subducting_plate_id":901,"plate_ids":[406,901],"name":"Shirshov Ridge Subduction"},"geometry":{"type":"LineString","coordinates":[[168.491,64.484],[167.921,64.161],[167.363,63.836],[166.848,63.587],[166.342,63.336],[165.845,63.084],[165.566,62.701],[165.294,62.317],[165.029,61.933],[164.385,61.622],[163.606,61.477],[162.584,61.374],[161.972,61.455],[161.356,61.533],[160.62,61.686],[159.876,61.835],[159.401,61.979],[158.922,62.12],[158.019,62.307]]}},{"type":"Feature","properties":{"boundary_type":"ridge","feature_type":"gpml:MidOceanRidge","polarity":null,"overriding_plate_id":null,"subducting_plate_id":null,"plate_ids":[101],"name":"Ridge from iso A13 from NorthAmerica at 33.1Ma"},"geometry":{"type":"LineString","coordinates":[[-21.948,36.829],[-21.955,36.819]]}},{"type":"Feature","properties":{"boundary_type":"ridge","feature_type":"gpml:MidOceanRidge","polarity":null,"overriding_plate_id":null,"subducting_plate_id":null,"plate_ids":[101,301],"name":"Ridge from iso A13 from NorthAmerica at 33.1Ma"},"geometry":{"type":"LineString","coordinates":[[-21.955,36.819],[-21.982,36.782],[-22.08,36.399],[-22.245,35.983],[-22.321,35.66],[-22.397,35.336],[-22.638,34.914],[-22.795,34.58],[-22.845,34.377],[-22.832,34.03],[-22.82,33.682],[-22.829,33.303],[-22.851,33.013],[-22.872,32.722],[-22.952,32.472],[-23.026,32.272],[-23.136,32.106],[-23.27,31.951],[-23.386,31.833],[-23.645,31.88],[-23.852,31.432],[-24.056,30.983],[-24.258,30.535],[-24.458,30.086],[-24.892,30.165],[-25.327,30.243],[-25.762,30.32],[-25.804,29.899],[-25.847,29.479],[-25.796,29.472],[-25.923,29.202],[-26.05,28.932],[-26.525,29.047],[-26.61,28.898]]}},{"type":"Feature","properties":{"boundary_type":"ridge","feature_type":"gpml:MidOceanRidge","polarity":null,"overriding_plate_id":null,"subducting_plate_id":null,"plate_ids":[101,701],"name":"Ridge from iso A13 from NorthAmerica at 33.1Ma"},"geometry":{"type":"LineString","coordinates":[[-26.61,28.898],[-26.843,28.484],[-27.17,28.52],[-27.332,28.245],[-27.493,27.969],[-27.916,28.051],[-28.34,28.133],[-28.764,28.213],[-28.861,27.961],[-28.957,27.709],[-29.288,27.748],[-29.571,27.364],[-29.852,26.979],[-30.132,26.593],[-30.548,26.69],[-30.964,26.786],[-31.381,26.88],[-31.799,26.973],[-32.04,26.536],[-32.279,26.099],[-32.516,25.661],[-32.751,25.681],[-32.953,25.307],[-33.154,24.932],[-33.355,24.558],[-33.63,24.618],[-33.906,24.678],[-34.123,24.303],[-34.339,23.928],[-34.544,23.977],[-34.68,23.737],[-34.815,23.497],[-35.143,23.599],[-35.471,23.701],[-35.638,23.432],[-35.805,23.163],[-35.948,23.156],[-36.097,22.823],[-36.245,22.49],[-36.331,22.495],[-36.574,22.124],[-36.816,21.752],[-37.057,21.381],[-37.297,21.008],[-37.536,20.636],[-37.773,20.263],[-38.009,19.89],[-37.986,19.877],[-38.212,19.492],[-38.436,19.107],[-38.587,19.139],[-38.81,18.845],[-39.032,18.55],[-39.141,18.567],[-39.305,18.228],[-39.468,17.89],[-39.137,17.801],[-38.806,17.711],[-38.923,17.25],[-39.038,16.789],[-39.153,16.328],[-39.268,15.866],[-39.05,15.831],[-39.163,15.414],[-39.276,14.997],[-39.388,14.579],[-39.297,14.555],[-39.415,14.163],[-39.532,13.772],[-39.64,13.793],[-39.759,13.402],[-39.878,13.011],[-39.949,13.008],[-40.089,12.576],[-40.23,12.144],[-40.369,11.712],[-40.477,11.718],[-40.608,11.236],[-40.739,10.753],[-40.566,10.703],[-40.662,10.337],[-40.757,9.971],[-40.853,9.605]]}},{"type":"Feature","properties":{"boundary_type":"ridge","feature_type":"gpml:MidOceanRidge","polarity":null,"overriding_plate_id":null,"subducting_plate_id":null,"plate_ids":[201,701],"name":"Ridge from iso A13 from NorthAmerica at 33.1Ma"},"geometry":{"type":"LineString","coordinates":[[-40.853,9.605],[-40.855,9.597],[-40.86,9.585]]}},{"type":"Feature","properties":{"boundary_type":"ridge","feature_type":"gpml:MidOceanRidge","polarity":null,"overriding_plate_id":null,"subducting_plate_id":null,"plate_ids":[709,801],"name":"Ridge f iso A18 on IND at 40.1Ma"},"geometry":{"type":"LineString","coordinates":[[66.373,-14.52],[66.336,-14.341],[66.244,-13.894],[66.152,-13.448],[66.061,-13.001],[66.406,-12.884],[66.308,-12.457],[66.21,-12.029],[66.448,-11.931],[66.283,-11.554],[66.117,-11.177],[65.953,-10.8],[65.788,-10.424],[65.624,-10.047],[65.469,-9.621],[65.314,-9.195],[65.16,-8.769],[65.006,-8.343],[64.852,-7.918],[64.738,-7.576],[64.624,-7.235],[64.511,-6.894],[64.399,-6.499],[64.288,-6.103],[64.176,-5.708],[64.065,-5.313],[63.954,-4.917],[63.61,-4.753],[63.266,-4.588],[62.922,-4.423],[62.578,-4.258],[62.246,-4.072],[61.915,-3.887],[61.584,-3.701],[61.254,-3.515],[60.906,-3.204],[60.559,-2.894],[60.212,-2.583],[59.865,-2.273],[59.518,-1.962],[59.171,-1.651],[58.825,-1.34],[58.478,-1.029],[58.107,-0.812],[57.735,-0.596],[57.363,-0.379],[56.991,-0.163],[56.619,0.054],[56.248,0.271],[55.809,0.497],[55.371,0.724]]}},{"type":"Feature","properties":{"boundary_type":"ridge","feature_type":"gpml:MidOceanRidge","polarity":null,"overriding_plate_id":null,"subducting_plate_id":null,"plate_ids":[709,801],"name":"Ridge f iso A18 on IND at 40.1Ma (extended for closure)"},"geometry":{"type":"LineString","coordinates":[[66.373,-14.52],[66.41,-14.699],[66.397,-14.636]]}},{"type":"Feature","properties":{"boundary_type":"ridge","feature_type":"gpml:MidOceanRidge","polarity":null,"overriding_plate_id":null,"subducting_plate_id":null,"plate_ids":[101,301],"name":"Ridge from iso A13 from NorthAmerica 33.1Ma"},"geometry":{"type":"LineString","coordinates":[[-26.366,48.954],[-26.59,48.716],[-26.741,48.446],[-26.838,48.267],[-26.92,48.107],[-26.962,47.811],[-27.002,47.515],[-27.042,47.199],[-27.082,46.883],[-27.105,46.563],[-27.127,46.243],[-27.15,45.861],[-27.173,45.48],[-27.181,45.166],[-27.189,44.851]]}},{"type":"Feature","properties":{"boundary_type":"ridge","feature_type":"gpml:MidOceanRidge","polarity":null,"overriding_plate_id":null,"subducting_plate_id":null,"plate_ids":[901,903],"name":"VAN-PAC MOR"},"geometry":{"type":"LineString","coordinates":[[-114.369,56.705],[-114.48,56.289],[-114.589,55.873],[-114.695,55.457],[-114.799,55.04],[-114.901,54.624],[-115.001,54.207],[-115.0,54.196]]}},{"type":"Feature","properties":{"boundary_type":"ridge","feature_type":"gpml:MidOceanRidge","polarity":null,"overriding_plate_id":null,"subducting_plate_id":null,"plate_ids":[901,903],"name":"VAN-PAC MOR"},"geometry":{"type":"LineString","coordinates":[[-115.0,54.196],[-114.955,53.731],[-114.911,53.266],[-114.868,52.801],[-115.423,52.702],[-115.791,52.451],[-116.155,52.198],[-116.515,51.945],[-116.587,51.507],[-116.657,51.068],[-116.726,50.629],[-117.494,50.657],[-118.262,50.68],[-119.031,50.697],[-119.099,50.226],[-119.166,49.754],[-119.231,49.283],[-119.295,48.811],[-119.358,48.34],[-119.42,47.868],[-119.48,47.397],[-119.54,46.925],[-118.847,46.893],[-118.156,46.857],[-117.465,46.817],[-117.485,46.361],[-117.504,45.904],[-117.523,45.448],[-117.542,44.991],[-117.56,44.535],[-117.578,44.078],[-117.596,43.622],[-117.614,43.166],[-117.631,42.709],[-116.967,42.713],[-116.303,42.713],[-115.639,42.709],[-114.975,42.701],[-114.988,42.238],[-115.001,41.774],[-115.013,41.31],[-115.026,40.847],[-115.038,40.383],[-115.05,39.919],[-115.42,39.91],[-115.827,39.545],[-116.229,39.178],[-116.627,38.81],[-117.02,38.44],[-117.052,38.007],[-117.082,37.574],[-117.113,37.14],[-117.143,36.707],[-117.172,36.274],[-117.202,35.841],[-117.231,35.407]]}},{"type":"Feature","properties":{"boundary_type":"subduction","feature_type":"gpml:SubductionZone","polarity":"Left","overriding_plate_id":608,"subducting_plate_id":801,"plate_ids":[608,801],"name":"East Philippine Isl Nthward Subduction DiCaprio"},"geometry":{"type":"LineString","coordinates":[[130.583,6.334],[130.856,6.09],[131.128,5.846],[131.399,5.602],[131.746,5.295],[132.093,4.988],[132.439,4.68],[132.786,4.373],[133.131,4.065],[133.477,3.757],[133.819,3.494],[134.161,3.231],[134.503,2.968],[134.845,2.705],[135.187,2.442],[135.577,2.157],[135.966,1.871],[136.356,1.586],[136.745,1.3],[137.038,0.97],[137.33,0.64],[137.623,0.31],[137.879,-0.007],[138.135,-0.325],[138.392,-0.642],[138.545,-0.957],[138.698,-1.273],[138.851,-1.588],[138.919,-2.034],[138.987,-2.48],[139.056,-2.926],[139.124,-3.372],[139.28,-3.746],[139.436,-4.119],[139.592,-4.493],[139.749,-4.866],[140.148,-5.08],[140.547,-5.294],[140.946,-5.507],[141.346,-5.72],[141.746,-5.933],[142.147,-6.146],[142.543,-6.33],[142.939,-6.514],[143.335,-6.698],[143.732,-6.881],[144.129,-7.064],[144.414,-7.146],[144.699,-7.227]]}},{"type":"Feature","properties":{"boundary_type":"subduction","feature_type":"gpml:SubductionZone","polarity":"Left","overriding_plate_id":688,"subducting_plate_id":853,"plate_ids":[688,853],"name":"Proto Caroline arc"},"geometry":{"type":"LineString","coordinates":[[146.905,-4.571],[147.161,-4.565],[147.608,-4.516],[148.055,-4.467],[148.502,-4.417]]}},{"type":"Feature","properties":{"boundary_type":"subduction","feature_type":"gpml:SubductionZone","polarity":"Left","overriding_plate_id":688,"subducting_plate_id":922,"plate_ids":[688,922],"name":"Proto Caroline arc"},"geometry":{"type":"LineString","coordinates":[[148.502,-4.417],[148.932,-4.369],[149.362,-4.321],[149.792,-4.273],[150.221,-4.224],[150.651,-4.175],[151.091,-4.146],[151.532,-4.116],[151.972,-4.086],[152.412,-4.056],[152.853,-4.025],[153.293,-3.995],[153.733,-3.964],[154.192,-3.836],[154.65,-3.708],[155.108,-3.581],[155.566,-3.452],[156.024,-3.324],[156.482,-3.196]]}},{"type":"Feature","properties":{"boundary_type":"subduction","feature_type":"gpml:SubductionZone","polarity":"Left","overriding_plate_id":689,"subducting_plate_id":922,"plate_ids":[689,922],"name":"Proto Caroline arc"},"geometry":{"type":"LineString","coordinates":[[156.482,-3.196],[156.622,-3.156],[157.036,-2.914],[157.449,-2.672],[157.862,-2.43],[158.275,-2.187],[158.688,-1.945],[159.078,-1.691],[159.468,-1.437],[159.858,-1.183],[160.248,-0.929]]}},{"type":"Feature","properties":{"boundary_type":"subduction","feature_type":"gpml:SubductionZone","polarity":"Left","overriding_plate_id":689,"subducting_plate_id":901,"plate_ids":[689,901],"name":"Proto Caroline arc"},"geometry":{"type":"LineString","coordinates":[[160.248,-0.929],[160.606,-0.695],[160.965,-0.462],[161.323,-0.228],[161.682,0.006],[161.972,0.357],[162.263,0.709],[162.553,1.06],[162.844,1.412],[163.135,1.763],[163.426,2.115],[163.519,2.265]]}},{"type":"Feature","properties":{"boundary_type":"transform","feature_type":"gpml:Transform","polarity":null,"overriding_plate_id":null,"subducting_plate_id":null,"plate_ids":[301,604],"name":"Continuation of RRF"},"geometry":{"type":"LineString","coordinates":[[107.418,22.753],[107.542,22.541],[107.691,22.114],[107.838,21.688],[107.985,21.261],[108.13,20.834],[108.275,20.407],[108.419,19.979],[108.492,19.61]]}},{"type":"Feature","properties":{"boundary_type":"transform","feature_type":"gpml:Transform","polarity":null,"overriding_plate_id":null,"subducting_plate_id":null,"plate_ids":[603,673],"name":"Three Pagodas and Sumatra Fault Zone"},"geometry":{"type":"LineString","coordinates":[[100.247,16.611],[100.18,16.149],[100.113,15.688],[100.046,15.226],[99.98,14.764],[99.914,14.302],[99.848,13.841],[99.882,13.369],[99.916,12.898],[99.949,12.426],[99.983,11.955],[100.016,11.483],[100.05,11.012],[100.083,10.54],[100.116,10.069],[100.268,9.632],[100.42,9.196]]}},{"type":"Feature","properties":{"boundary_type":"transform","feature_type":"gpml:Transform","polarity":null,"overriding_plate_id":null,"subducting_plate_id":null,"plate_ids":[673,686],"name":"Three Pagodas and Sumatra Fault Zone"},"geometry":{"type":"LineString","coordinates":[[100.42,9.196],[100.548,8.827],[100.676,8.459],[100.803,8.09],[100.93,7.721],[101.276,7.436],[101.621,7.151],[101.966,6.865],[102.311,6.579],[102.655,6.293],[102.999,6.007],[103.408,5.766],[103.818,5.526],[104.226,5.285],[104.635,5.044],[105.043,4.803],[105.45,4.562],[105.858,4.32],[106.265,4.078],[106.672,3.836],[107.079,3.594],[107.53,3.383],[107.981,3.171],[108.431,2.96],[108.882,2.748],[109.262,2.466],[109.643,2.184],[110.024,1.902],[110.202,1.541],[110.38,1.181],[110.559,0.82],[110.652,0.448],[110.745,0.077],[110.838,-0.295],[110.997,-0.731],[111.157,-1.168],[111.199,-1.336]]}},{"type":"Feature","properties":{"boundary_type":"subduction","feature_type":"gpml:SubductionZone","polarity":"Left","overriding_plate_id":698,"subducting_plate_id":801,"plate_ids":[698,801],"name":"Sepik Subduction"},"geometry":{"type":"LineString","coordinates":[[134.184,-15.798],[134.681,-15.784],[135.177,-15.769],[135.674,-15.752],[136.17,-15.735],[136.688,-15.755],[137.206,-15.774],[137.724,-15.792],[138.242,-15.809],[138.76,-15.824],[139.278,-15.838],[139.796,-15.851],[140.315,-15.863],[140.77,-15.968],[141.227,-16.073],[141.684,-16.176],[142.141,-16.279],[142.599,-16.381],[143.057,-16.481],[143.516,-16.581],[143.975,-16.679],[144.435,-16.777],[144.832,-17.026],[145.229,-17.274],[145.628,-17.521],[146.028,-17.767],[146.429,-18.013],[146.832,-18.257],[147.235,-18.501],[147.565,-18.826],[147.897,-19.15],[148.23,-19.473],[148.564,-19.796]]}},{"type":"Feature","properties":{"boundary_type":"transform","feature_type":"gpml:Transform","polarity":null,"overriding_plate_id":null,"subducting_plate_id":null,"plate_ids":[698,801],"name":"Torricelli Arc transform"},"geometry":{"type":"LineString","coordinates":[[134.184,-15.798],[134.427,-15.44],[134.669,-15.083],[134.91,-14.725],[135.151,-14.367],[135.391,-14.008],[135.63,-13.65],[135.873,-13.236],[136.115,-12.822],[136.356,-12.407],[136.596,-11.993],[136.692,-11.897]]}},{"type":"Feature","properties":{"boundary_type":"transform","feature_type":"gpml:Transform","polarity":null,"overriding_plate_id":null,"subducting_plate_id":null,"plate_ids":[801,853],"name":"Torricelli Arc transform"},"geometry":{"type":"LineString","coordinates":[[136.692,-11.897],[137.036,-11.55],[137.38,-11.203],[137.723,-10.855],[138.065,-10.507],[138.406,-10.159],[138.809,-9.91],[139.212,-9.66],[139.614,-9.41],[140.016,-9.159],[140.426,-8.986],[140.835,-8.811],[141.244,-8.637],[141.617,-8.503],[141.991,-8.37],[142.364,-8.236],[142.73,-8.082],[143.096,-7.929],[143.462,-7.775],[143.828,-7.621],[144.264,-7.424],[144.699,-7.227]]}},{"type":"Feature","properties":{"boundary_type":"transform","feature_type":"gpml:Transform","polarity":null,"overriding_plate_id":null,"subducting_plate_id":null,"plate_ids":[608,853],"name":"Torricelli Arc transform"},"geometry":{"type":"LineString","coordinates":[[144.699,-7.227],[144.999,-7.091],[145.299,-6.955],[145.775,-6.802],[146.251,-6.65],[146.726,-6.496]]}},{"type":"Feature","properties":{"boundary_type":"subduction","feature_type":"gpml:SubductionZone","polarity":"Right","overriding_plate_id":659,"subducting_plate_id":901,"plate_ids":[659,901],"name":"Proto Mariana Arc"},"geometry":{"type":"LineString","coordinates":[[153.635,17.956],[153.436,17.603],[153.238,17.25],[153.041,16.897],[152.969,16.51],[152.897,16.124]]}},{"type":"Feature","properties":{"boundary_type":"subduction","feature_type":"gpml:SubductionZone","polarity":"Right","overriding_plate_id":659,"subducting_plate_id":653,"plate_ids":[653,659],"name":"Proto Mariana Arc"},"geometry":{"type":"LineString","coordinates":[[152.897,16.124],[152.808,15.648],[152.72,15.173],[152.633,14.697],[152.546,14.221],[152.459,13.745],[152.361,13.302],[152.264,12.859],[152.167,12.415],[152.07,11.972],[151.974,11.529],[151.878,11.085]]}},{"type":"Feature","properties":{"boundary_type":"subduction","feature_type":"gpml:SubductionZone","polarity":"Right","overriding_plate_id":301,"subducting_plate_id":801,"plate_ids":[301,801],"name":"Subduction of Greater India"},"geometry":{"type":"LineString","coordinates":[[89.768,25.471],[89.267,25.301],[88.767,25.129],[88.269,24.956],[87.772,24.781],[87.302,24.669],[86.833,24.555],[86.365,24.44],[85.898,24.323],[85.432,24.205],[84.966,24.086],[84.431,24.097],[83.895,24.106],[83.359,24.114],[82.823,24.119],[82.287,24.123],[81.751,24.124],[81.215,24.124],[80.679,24.122],[80.196,24.244],[79.713,24.365],[79.229,24.483],[78.744,24.601],[78.258,24.716],[77.771,24.831],[77.283,24.943],[76.794,25.054],[76.305,25.164],[75.814,25.271],[75.429,25.521],[75.043,25.77],[74.654,26.018],[74.265,26.264],[73.873,26.51],[73.374,26.639],[72.874,26.767],[72.373,26.893],[71.87,27.017],[71.367,27.139],[70.862,27.259],[70.356,27.378],[69.85,27.495],[69.342,27.61],[68.831,27.463],[68.322,27.315],[67.815,27.165],[67.309,27.013],[66.804,26.86],[66.3,26.704],[66.01,26.55],[65.721,26.395]]}},{"type":"Feature","properties":{"boundary_type":"subduction","feature_type":"gpml:SubductionZone","polarity":"Right","overriding_plate_id":673,"subducting_plate_id":604,"plate_ids":[604,673],"name":"Palawan Trench"},"geometry":{"type":"LineString","coordinates":[[112.981,12.62],[113.285,12.268],[113.588,11.916],[113.89,11.563],[114.191,11.211],[114.492,10.858],[114.792,10.504],[115.091,10.151],[115.39,9.797],[115.688,9.443],[115.952,9.161],[116.217,8.879],[116.48,8.596],[116.743,8.314],[117.047,8.069],[117.351,7.823],[117.654,7.578],[117.962,7.349],[118.269,7.12],[118.576,6.891],[118.883,6.662],[119.335,6.608],[119.786,6.554],[120.238,6.5],[120.593,6.741],[120.948,6.983]]}},{"type":"Feature","properties":{"boundary_type":"subduction","feature_type":"gpml:SubductionZone","polarity":"Right","overriding_plate_id":645,"subducting_plate_id":604,"plate_ids":[604,645],"name":"Palawan Trench"},"geometry":{"type":"LineString","coordinates":[[120.948,6.983],[121.211,7.161],[121.548,7.479],[121.886,7.796],[122.224,8.114],[122.563,8.431],[122.902,8.748],[123.242,9.064],[123.525,9.424],[123.808,9.784],[124.093,10.143],[124.377,10.502],[124.663,10.861],[124.949,11.22],[125.327,11.435],[125.706,11.65],[126.085,11.865],[126.465,12.079],[126.846,12.292],[127.22,12.517],[127.595,12.741],[127.97,12.964],[128.347,13.187],[128.724,13.409]]}},{"type":"Feature","properties":{"boundary_type":"transform","feature_type":"gpml:Transform","polarity":null,"overriding_plate_id":null,"subducting_plate_id":null,"plate_ids":[653,901],"name":"Caroline Transform east"},"geometry":{"type":"LineString","coordinates":[[152.897,16.124],[153.282,15.79],[153.666,15.455],[154.049,15.119],[154.431,14.783],[154.811,14.446],[155.19,14.109],[155.569,13.771],[155.946,13.432],[156.322,13.093],[156.697,12.753],[157.071,12.413],[157.444,12.072],[157.816,11.731],[158.187,11.39],[158.423,10.985],[158.659,10.58],[158.894,10.175],[159.129,9.769],[159.363,9.364],[159.597,8.958],[159.83,8.552],[160.062,8.146],[160.294,7.74],[160.526,7.334],[160.757,6.928],[160.988,6.521]]}},{"type":"Feature","properties":{"boundary_type":"transform","feature_type":"gpml:Transform","polarity":null,"overriding_plate_id":null,"subducting_plate_id":null,"plate_ids":[689,901],"name":"Caroline Transform east"},"geometry":{"type":"LineString","coordinates":[[160.988,6.521],[161.213,6.123],[161.471,5.695],[161.728,5.267],[161.985,4.838],[162.241,4.41],[162.497,3.981],[162.753,3.552],[163.008,3.123],[163.264,2.694],[163.519,2.265]]}},{"type":"Feature","properties":{"boundary_type":"transform","feature_type":"gpml:Transform","polarity":null,"overriding_plate_id":null,"subducting_plate_id":null,"plate_ids":[301,603],"name":"Burma transform"},"geometry":{"type":"LineString","coordinates":[[89.267,30.885],[89.584,30.502],[89.898,30.117],[90.209,29.732],[90.519,29.346]]}},{"type":"Feature","properties":{"boundary_type":"transform","feature_type":"gpml:Transform","polarity":null,"overriding_plate_id":null,"subducting_plate_id":null,"plate_ids":[603,607],"name":"Burma transform"},"geometry":{"type":"LineString","coordinates":[[90.519,29.346],[90.786,29.009],[91.052,28.671],[91.164,28.219],[91.275,27.767],[91.385,27.315],[91.495,26.863],[91.603,26.41],[91.711,25.958],[91.817,25.505],[91.923,25.053],[92.154,24.62],[92.383,24.187],[92.611,23.754],[92.838,23.32],[93.062,22.887],[93.373,22.477],[93.682,22.067],[93.989,21.657],[94.294,21.245],[94.598,20.834],[94.899,20.422],[95.173,19.995],[95.445,19.568],[95.716,19.14],[95.986,18.712],[96.254,18.284],[96.52,17.856],[96.786,17.427]]}},{"type":"Feature","properties":{"boundary_type":"transform","feature_type":"gpml:Transform","polarity":null,"overriding_plate_id":null,"subducting_plate_id":null,"plate_ids":[603,607],"name":"Burma transform"},"geometry":{"type":"LineString","coordinates":[[96.786,17.427],[96.74,17.005],[96.789,16.562],[96.838,16.119],[96.887,15.676],[96.935,15.232],[97.1,14.81],[97.265,14.388],[97.429,13.965],[97.592,13.542],[97.755,13.119],[97.951,12.745],[98.147,12.37],[98.342,11.995],[98.536,11.62],[98.731,11.244],[98.924,10.869],[99.202,10.513],[99.479,10.156],[99.755,9.799]]}},{"type":"Feature","properties":{"boundary_type":"transform","feature_type":"gpml:Transform","polarity":null,"overriding_plate_id":null,"subducting_plate_id":null,"plate_ids":[603,686],"name":"Burma transform"},"geometry":{"type":"LineString","coordinates":[[99.755,9.799],[99.953,9.543],[100.151,9.286],[100.42,9.196]]}},{"type":"Feature","properties":{"boundary_type":"other","feature_type":"gpml:ContinentalRift","polarity":null,"overriding_plate_id":null,"subducting_plate_id":null,"plate_ids":[607,686],"name":"Proto Andaman Sea rifting"},"geometry":{"type":"LineString","coordinates":[[96.572,5.119],[96.885,5.351],[97.198,5.581],[97.512,5.812],[97.826,6.043],[97.555,6.423],[97.284,6.803],[97.012,7.182],[96.74,7.562],[97.115,7.843],[97.49,8.124],[97.866,8.404],[98.243,8.684],[98.62,8.963],[98.998,9.242],[99.376,9.521],[99.755,9.799]]}},{"type":"Feature","properties":{"boundary_type":"ridge","feature_type":"gpml:MidOceanRidge","polarity":null,"overriding_plate_id":null,"subducting_plate_id":null,"plate_ids":[301,406],"name":"MOR NAM-Eurasia from iso A13 from NAM 33.1Ma"},"geometry":{"type":"LineString","coordinates":[[148.483,58.693],[148.024,59.092],[147.554,59.49],[147.073,59.886]]}},{"type":"Feature","properties":{"boundary_type":"ridge","feature_type":"gpml:MidOceanRidge","polarity":null,"overriding_plate_id":null,"subducting_plate_id":null,"plate_ids":[101,301],"name":"MOR NAM-Eurasia from iso A13 from NAM 33.1Ma"},"geometry":{"type":"LineString","coordinates":[[147.073,59.886],[146.872,60.048],[146.442,60.327],[146.004,60.605],[145.559,60.881],[145.085,61.316],[144.598,61.749],[144.097,62.18],[143.582,62.609],[143.274,63.085],[142.956,63.561],[142.627,64.036],[142.286,64.51],[141.934,64.983],[141.569,65.456],[141.19,65.927],[140.798,66.398],[140.39,66.867],[139.967,67.336],[139.526,67.803],[139.068,68.269],[138.59,68.734],[138.092,69.197],[137.573,69.659],[137.03,70.119],[136.463,70.578],[135.87,71.035],[135.248,71.489],[134.597,71.942],[133.913,72.392],[133.194,72.84],[132.438,73.285],[131.643,73.728],[130.804,74.167],[129.919,74.602],[128.983,75.034],[127.994,75.462],[126.946,75.886],[125.835,76.305],[124.656,76.718],[123.403,77.126],[122.071,77.528],[120.651,77.922],[119.139,78.309],[117.525,78.687],[115.803,79.056],[113.964,79.415],[111.999,79.762],[109.901,80.097],[107.66,80.418],[105.27,80.723],[102.723,81.012],[100.014,81.282],[97.14,81.532],[94.1,81.759],[90.899,81.962]]}},{"type":"Feature","properties":{"boundary_type":"other","feature_type":"gpml:InferredPaleoBoundary","polarity":null,"overriding_plate_id":null,"subducting_plate_id":null,"plate_ids":[835,861],"name":"South Fiji Basin EW Spreading"},"geometry":{"type":"LineString","coordinates":[[174.415,-31.627],[173.897,-31.668],[173.379,-31.706],[172.879,-31.709],[172.379,-31.71],[171.879,-31.709]]}},{"type":"Feature","properties":{"boundary_type":"ridge","feature_type":"gpml:MidOceanRidge","polarity":null,"overriding_plate_id":null,"subducting_plate_id":null,"plate_ids":[688,689],"name":"MOR f iso on Caroline at 30.1Ma"},"geometry":{"type":"LineString","coordinates":[[154.697,2.076],[154.566,2.331],[154.435,2.587]]}},{"type":"Feature","properties":{"boundary_type":"ridge","feature_type":"gpml:MidOceanRidge","polarity":null,"overriding_plate_id":null,"subducting_plate_id":null,"plate_ids":[653,688],"name":"MOR f iso on Caroline at 30.1Ma"},"geometry":{"type":"LineString","coordinates":[[154.435,2.587],[154.278,2.891],[154.099,3.246],[153.879,3.53],[153.658,3.814],[153.438,4.099],[153.007,3.868],[153.137,3.575],[152.772,3.379],[152.407,3.183],[152.073,3.013],[151.74,2.843],[151.406,2.673],[151.477,2.543],[151.034,2.312],[150.59,2.081],[150.147,1.85],[149.704,1.618],[149.536,1.904],[149.368,2.189],[149.053,2.02],[148.738,1.851],[148.424,1.681],[148.113,1.502],[147.802,1.323],[147.492,1.144],[147.318,1.066]]}},{"type":"Feature","properties":{"boundary_type":"ridge","feature_type":"gpml:MidOceanRidge","polarity":null,"overriding_plate_id":null,"subducting_plate_id":null,"plate_ids":[801,901],"name":"MOR Marie Byrd Land Australia-Pacific"},"geometry":{"type":"LineString","coordinates":[[-178.913,-52.169],[-179.301,-52.606],[-179.695,-53.043],[-179.429,-53.12],[-179.818,-53.425],[179.788,-53.73],[179.387,-54.033],[178.981,-54.334],[178.707,-54.259],[178.324,-54.515],[177.936,-54.77],[177.544,-55.023],[177.107,-54.846],[176.639,-55.149],[176.164,-55.45],[175.682,-55.749],[175.933,-55.87],[175.434,-56.213],[175.824,-56.424],[175.284,-56.771],[175.062,-56.943],[175.164,-57.006],[174.763,-57.293],[175.144,-57.447],[174.882,-57.652],[174.557,-57.875],[174.459,-57.815],[174.232,-57.968],[173.805,-58.209],[173.372,-58.447],[173.669,-58.58],[173.057,-58.945],[173.338,-59.096],[172.866,-59.403],[173.303,-59.606],[173.746,-59.809],[173.359,-60.011],[172.806,-60.296],[172.244,-60.58],[171.671,-60.861],[171.173,-61.231],[170.662,-61.6],[170.14,-61.966],[169.605,-62.331],[169.056,-62.694],[168.494,-63.054],[167.906,-63.19],[167.313,-63.323],[166.728,-63.625],[166.13,-63.923]]}},{"type":"Feature","properties":{"boundary_type":"ridge","feature_type":"gpml:MidOceanRidge","polarity":null,"overriding_plate_id":null,"subducting_plate_id":null,"plate_ids":[101,224],"name":"MOR NAM-Caribbean from iso on CAR at 34Ma"},"geometry":{"type":"LineString","coordinates":[[-73.439,14.778],[-73.419,15.195],[-73.399,15.612],[-73.395,15.694]]}},{"type":"Feature","properties":{"boundary_type":"ridge","feature_type":"gpml:MidOceanRidge","polarity":null,"overriding_plate_id":null,"subducting_plate_id":null,"plate_ids":[608,659],"name":"MOR f iso on EPV at 25.2Ma"},"geometry":{"type":"LineString","coordinates":[[151.989,14.91],[151.997,14.616],[152.005,14.323],[151.89,14.322],[151.92,13.823],[151.93,13.438],[151.741,13.436],[151.737,13.079],[151.733,12.722],[151.728,12.365],[151.724,12.031],[151.719,11.696],[151.468,11.673],[151.47,11.221],[151.472,10.769],[151.457,10.414]]}},{"type":"Feature","properties":{"boundary_type":"ridge","feature_type":"gpml:MidOceanRidge","polarity":null,"overriding_plate_id":null,"subducting_plate_id":null,"plate_ids":[608,659],"name":"MOR f iso on EPV at 25.2Ma"},"geometry":{"type":"LineString","coordinates":[[151.989,14.91],[151.914,15.399],[151.838,15.888],[151.762,16.377],[151.665,16.83],[151.568,17.284],[151.47,17.737],[151.371,18.191],[151.285,18.604],[151.197,19.017],[151.11,19.431],[151.021,19.844],[150.933,20.257],[150.844,20.67],[150.737,21.124],[150.629,21.578],[150.521,22.032],[150.412,22.486],[150.677,22.55],[150.942,22.614]]}},{"type":"Feature","properties":{"boundary_type":"ridge","feature_type":"gpml:MidOceanRidge","polarity":null,"overriding_plate_id":null,"subducting_plate_id":null,"plate_ids":[839,861],"name":"MOR South Fiji Basin"},"geometry":{"type":"LineString","coordinates":[[178.203,-22.821],[177.919,-23.179],[177.634,-23.536],[177.398,-23.917],[177.16,-24.298],[176.922,-24.678],[176.681,-25.058],[176.44,-25.438],[176.285,-25.825],[176.13,-26.213],[175.973,-26.6],[175.816,-26.987],[175.657,-27.373],[175.585,-27.653],[175.513,-27.932],[175.781,-27.979],[175.573,-28.384],[175.363,-28.788],[175.152,-29.192],[175.02,-29.55],[174.887,-29.908],[174.753,-30.265],[174.618,-30.623],[174.485,-31.018],[174.351,-31.414],[174.415,-31.627]]}},{"type":"Feature","properties":{"boundary_type":"ridge","feature_type":"gpml:MidOceanRidge","polarity":null,"overriding_plate_id":null,"subducting_plate_id":null,"plate_ids":[835,839],"name":"MOR South Fiji Basin"},"geometry":{"type":"LineString","coordinates":[[174.415,-31.627],[174.529,-32.0],[174.644,-32.374],[174.759,-32.747],[174.865,-33.114],[174.972,-33.481],[175.08,-33.848],[175.432,-34.253],[175.787,-34.657],[176.145,-35.06],[176.508,-35.463],[176.874,-35.863],[177.204,-36.267],[177.538,-36.669],[177.875,-37.07],[178.216,-37.47],[178.46,-37.673]]}},{"type":"Feature","properties":{"boundary_type":"ridge","feature_type":"gpml:MidOceanRidge","polarity":null,"overriding_plate_id":null,"subducting_plate_id":null,"plate_ids":[835,839],"name":"MOR Southern South Fiji Basin"},"geometry":{"type":"LineString","coordinates":[[178.46,-37.673],[178.33,-38.042],[178.199,-38.41],[178.048,-38.76],[177.896,-39.11],[177.743,-39.46],[177.607,-39.852],[177.471,-40.245],[177.356,-40.49],[177.241,-40.735],[177.018,-41.103],[176.793,-41.471]]}},{"type":"Feature","properties":{"boundary_type":"ridge","feature_type":"gpml:MidOceanRidge","polarity":null,"overriding_plate_id":null,"subducting_plate_id":null,"plate_ids":[653,689],"name":"East Caroline Basin MOR"},"geometry":{"type":"LineString","coordinates":[[160.988,6.521],[160.632,6.321],[160.277,6.121],[159.922,5.921],[159.517,5.675],[159.113,5.428],[158.708,5.182],[158.305,4.935],[157.901,4.687],[157.498,4.44],[157.095,4.192],[156.692,3.944],[156.29,3.696],[155.919,3.475],[155.547,3.253],[155.176,3.031],[154.805,2.809],[154.435,2.587]]}},{"type":"Feature","properties":{"boundary_type":"subduction","feature_type":"gpml:SubductionZone","polarity":"Left","overriding_plate_id":686,"subducting_plate_id":801,"plate_ids":[686,801],"name":"Java SZ"},"geometry":{"type":"LineString","coordinates":[[108.484,-0.799],[108.803,-0.859],[109.123,-0.919],[109.549,-1.003],[109.975,-1.087],[110.401,-1.171],[110.826,-1.255],[111.199,-1.336]]}},{"type":"Feature","properties":{"boundary_type":"subduction","feature_type":"gpml:SubductionZone","polarity":"Left","overriding_plate_id":673,"subducting_plate_id":801,"plate_ids":[673,801],"name":"Java SZ"},"geometry":{"type":"LineString","coordinates":[[111.199,-1.336],[111.575,-1.418],[111.951,-1.499],[112.327,-1.581],[112.703,-1.663],[113.104,-1.831],[113.505,-1.999],[113.906,-2.166],[114.307,-2.334],[114.708,-2.502],[115.109,-2.669],[115.524,-2.795],[115.938,-2.921],[116.353,-3.046],[116.768,-3.171],[117.182,-3.296],[117.586,-3.482],[117.99,-3.668],[118.394,-3.853],[118.798,-4.039],[119.203,-4.224],[119.649,-4.439],[120.096,-4.655],[120.543,-4.87],[120.99,-5.084],[121.153,-5.148]]}},{"type":"Feature","properties":{"boundary_type":"transform","feature_type":"gpml:Transform","polarity":null,"overriding_plate_id":null,"subducting_plate_id":null,"plate_ids":[645,673],"name":"Sunda Transform near Sulawesi"},"geometry":{"type":"LineString","coordinates":[[124.018,0.67],[123.863,1.117],[123.708,1.565],[123.553,2.013],[123.397,2.46],[123.242,2.908],[123.086,3.356],[122.85,3.759],[122.613,4.162],[122.376,4.565],[122.139,4.969],[121.902,5.372],[121.664,5.774],[121.426,6.177],[121.187,6.58],[120.948,6.983]]}},{"type":"Feature","properties":{"boundary_type":"transform","feature_type":"gpml:Transform","polarity":null,"overriding_plate_id":null,"subducting_plate_id":null,"plate_ids":[645,801],"name":"PSCS transform"},"geometry":{"type":"LineString","coordinates":[[132.984,-2.346],[132.858,-1.889],[132.732,-1.433],[132.606,-0.976],[132.48,-0.519],[132.354,-0.062],[132.228,0.395],[132.102,0.852],[131.976,1.309],[131.85,1.766],[131.724,2.222],[131.598,2.679],[131.471,3.136],[131.345,3.593],[131.218,4.05],[131.092,4.507],[130.965,4.963],[130.838,5.42],[130.711,5.877],[130.583,6.334]]}},{"type":"Feature","properties":{"boundary_type":"transform","feature_type":"gpml:Transform","polarity":null,"overriding_plate_id":null,"subducting_plate_id":null,"plate_ids":[608,645],"name":"PSCS transform"},"geometry":{"type":"LineString","coordinates":[[130.583,6.334],[130.486,6.684],[130.388,7.034],[130.289,7.384],[130.171,7.848],[130.052,8.312],[129.933,8.775],[129.814,9.239],[129.694,9.702],[129.574,10.166],[129.454,10.629],[129.333,11.093],[129.212,11.556],[129.091,12.019],[128.969,12.483],[128.846,12.946],[128.724,13.409]]}},{"type":"Feature","properties":{"boundary_type":"transform","feature_type":"gpml:Transform","polarity":null,"overriding_plate_id":null,"subducting_plate_id":null,"plate_ids":[604,608],"name":"PSCS transform"},"geometry":{"type":"LineString","coordinates":[[128.724,13.409],[128.648,13.692],[128.411,14.13],[128.173,14.568],[127.934,15.005],[127.694,15.442],[127.454,15.879],[127.212,16.316],[126.969,16.752],[126.724,17.188],[126.479,17.624],[126.233,18.06],[125.996,18.461],[125.759,18.863],[125.52,19.264],[125.28,19.665],[125.039,20.065],[124.797,20.465],[124.554,20.865],[124.309,21.264],[124.063,21.663],[123.861,22.079],[123.658,22.494],[123.454,22.909],[123.248,23.324],[123.042,23.739],[122.834,24.153],[122.624,24.567],[122.413,24.981],[122.318,25.247],[122.222,25.514]]}},{"type":"Feature","properties":{"boundary_type":"transform","feature_type":"gpml:Transform","polarity":null,"overriding_plate_id":null,"subducting_plate_id":null,"plate_ids":[301,608],"name":"PSCS transform"},"geometry":{"type":"LineString","coordinates":[[122.222,25.514],[122.057,25.968],[121.891,26.422],[121.723,26.876],[121.554,27.33],[121.384,27.783],[121.212,28.237],[121.039,28.69]]}},{"type":"Feature","properties":{"boundary_type":"subduction","feature_type":"gpml:SubductionZone","polarity":"Left","overriding_plate_id":101,"subducting_plate_id":902,"plate_ids":[101,902],"name":""},"geometry":{"type":"LineString","coordinates":[[-87.335,14.785],[-87.106,14.477],[-86.879,14.169],[-86.836,14.115]]}},{"type":"Feature","properties":{"boundary_type":"subduction","feature_type":"gpml:SubductionZone","polarity":"Left","overriding_plate_id":224,"subducting_plate_id":902,"plate_ids":[224,902],"name":""},"geometry":{"type":"LineString","coordinates":[[-86.836,14.115],[-86.524,13.721],[-86.213,13.327],[-85.903,12.932],[-85.594,12.537],[-85.286,12.141],[-84.979,11.745],[-84.673,11.349],[-84.395,11.031],[-84.118,10.713],[-83.841,10.395],[-83.565,10.077],[-83.29,9.758],[-83.015,9.439],[-82.82,9.017],[-82.625,8.594],[-82.431,8.172],[-82.238,7.749],[-81.981,7.345],[-81.724,6.94],[-81.468,6.535],[-81.213,6.13],[-80.957,5.725],[-80.667,5.319],[-80.377,4.914],[-80.087,4.508],[-79.798,4.102],[-79.509,3.696],[-79.22,3.29],[-78.932,2.884]]}},{"type":"Feature","properties":{"boundary_type":"subduction","feature_type":"gpml:SubductionZone","polarity":"Left","overriding_plate_id":224,"subducting_plate_id":902,"plate_ids":[224,902],"name":""},"geometry":{"type":"LineString","coordinates":[[-78.932,2.884],[-78.565,2.675],[-78.198,2.466],[-77.831,2.256],[-77.465,2.047],[-77.044,1.898],[-76.623,1.749],[-76.202,1.6],[-75.781,1.45],[-75.36,1.301],[-74.939,1.152],[-74.519,1.002],[-74.038,0.946],[-73.558,0.891]]}},{"type":"Feature","properties":{"boundary_type":"subduction","feature_type":"gpml:SubductionZone","polarity":"Left","overriding_plate_id":null,"subducting_plate_id":null,"plate_ids":[224,902],"name":""},"geometry":{"type":"LineString","coordinates":[[-73.558,0.891],[-73.257,0.607],[-72.956,0.324],[-72.656,0.041],[-72.465,-0.28],[-72.274,-0.601],[-72.083,-0.921],[-71.942,-1.326],[-71.801,-1.73],[-71.66,-2.135],[-71.38,-2.497],[-71.099,-2.859],[-70.818,-3.221],[-70.537,-3.584]]}},{"type":"Feature","properties":{"boundary_type":"subduction","feature_type":"gpml:SubductionZone","polarity":"Right","overriding_plate_id":224,"subducting_plate_id":101,"plate_ids":[101,224],"name":""},"geometry":{"type":"LineString","coordinates":[[-54.975,14.207],[-54.678,13.887],[-54.383,13.565],[-54.088,13.244],[-53.794,12.922]]}},{"type":"Feature","properties":{"boundary_type":"subduction","feature_type":"gpml:SubductionZone","polarity":"Right","overriding_plate_id":224,"subducting_plate_id":201,"plate_ids":[201,224],"name":""},"geometry":{"type":"LineString","coordinates":[[-53.794,12.922],[-53.654,12.769],[-53.474,12.305],[-53.294,11.842],[-53.115,11.378],[-52.937,10.914],[-52.725,10.595],[-52.513,10.276],[-52.302,9.956],[-52.235,9.488],[-52.169,9.021],[-52.102,8.554],[-52.036,8.086],[-52.148,7.629],[-52.26,7.172],[-52.371,6.715],[-52.483,6.258],[-52.644,5.787],[-52.805,5.316],[-52.966,4.844]]}},{"type":"Feature","properties":{"boundary_type":"transform","feature_type":"gpml:Transform","polarity":null,"overriding_plate_id":null,"subducting_plate_id":null,"plate_ids":[101,224],"name":"FZ NORTH 1"},"geometry":{"type":"LineString","coordinates":[[-86.836,14.115],[-86.331,14.088],[-85.826,14.06],[-85.322,14.031],[-84.817,14.001],[-84.312,13.969],[-83.808,13.937],[-83.304,13.904],[-82.8,13.869],[-82.296,13.834],[-81.792,13.797],[-81.386,13.796],[-80.979,13.793],[-80.573,13.79],[-80.166,13.787],[-79.759,13.852],[-79.352,13.917],[-78.944,13.98],[-78.536,14.044],[-78.063,14.162],[-77.589,14.28],[-77.115,14.397],[-76.641,14.513],[-76.193,14.58],[-75.745,14.646],[-75.297,14.712],[-74.848,14.777],[-74.379,14.778],[-73.909,14.779],[-73.439,14.778]]}},{"type":"Feature","properties":{"boundary_type":"transform","feature_type":"gpml:Transform","polarity":null,"overriding_plate_id":null,"subducting_plate_id":null,"plate_ids":[201,224],"name":"TBD"},"geometry":{"type":"LineString","coordinates":[[-64.911,6.434],[-64.455,6.354],[-64.0,6.273],[-63.544,6.192],[-63.089,6.11],[-62.633,6.028],[-62.178,5.946],[-61.723,5.863],[-61.268,5.78],[-60.813,5.697],[-60.359,5.613],[-59.904,5.529],[-59.408,5.483],[-58.912,5.436],[-58.416,5.389],[-57.921,5.341],[-57.425,5.293],[-56.929,5.245],[-56.433,5.196],[-55.938,5.147],[-55.442,5.097],[-54.947,5.048],[-54.452,4.997],[-53.957,4.947],[-53.461,4.896],[-52.966,4.844]]}},{"type":"Feature","properties":{"boundary_type":"transform","feature_type":"gpml:Transform","polarity":null,"overriding_plate_id":null,"subducting_plate_id":null,"plate_ids":[101,224],"name":"FZ NORTH 2"},"geometry":{"type":"LineString","coordinates":[[-73.395,15.694],[-73.081,15.697],[-72.597,15.7],[-72.113,15.702],[-71.629,15.703],[-71.145,15.703],[-70.661,15.702],[-70.223,15.697],[-69.784,15.692],[-69.346,15.685],[-68.907,15.678],[-68.469,15.67],[-68.03,15.661],[-67.578,15.649],[-67.125,15.636],[-66.673,15.622],[-66.22,15.606],[-65.768,15.59],[-65.316,15.574],[-64.835,15.53],[-64.353,15.485],[-63.873,15.439],[-63.392,15.393],[-62.911,15.345],[-62.431,15.296],[-61.951,15.246],[-61.491,15.196],[-61.032,15.145],[-60.573,15.093],[-60.114,15.041],[-59.655,14.987],[-59.196,14.932],[-58.69,14.849],[-58.185,14.765],[-57.679,14.679],[-57.175,14.592],[-56.67,14.505],[-56.166,14.416],[-55.769,14.347],[-55.372,14.277],[-54.975,14.207]]}},{"type":"Feature","properties":{"boundary_type":"ridge","feature_type":"gpml:MidOceanRidge","polarity":null,"overriding_plate_id":null,"subducting_plate_id":null,"plate_ids":[804,904],"name":"Marie Byrd Land-Aluk MOR NW15"},"geometry":{"type":"LineString","coordinates":[[-80.256,-60.868],[-80.814,-61.12],[-81.382,-61.371],[-80.767,-61.72],[-80.139,-62.067],[-80.642,-62.31],[-81.153,-62.551],[-80.622,-62.801],[-80.082,-63.049],[-80.874,-63.381],[-80.302,-63.691],[-79.717,-63.998],[-80.521,-64.347],[-81.346,-64.692],[-82.193,-65.032],[-83.061,-65.367],[-83.951,-65.697],[-84.518,-65.467],[-85.24,-65.758],[-85.978,-66.045],[-86.734,-66.328],[-86.048,-66.608],[-86.941,-66.948],[-87.859,-67.282],[-87.198,-67.574],[-86.521,-67.864],[-85.827,-68.151],[-85.115,-68.435],[-86.053,-68.742],[-87.016,-69.044],[-88.006,-69.34],[-89.023,-69.63],[-90.069,-69.915],[-91.142,-70.193],[-92.245,-70.464],[-93.376,-70.729],[-94.538,-70.986]]}},{"type":"Feature","properties":{"boundary_type":"ridge","feature_type":"gpml:MidOceanRidge","polarity":null,"overriding_plate_id":null,"subducting_plate_id":null,"plate_ids":[902,904],"name":"Aluk-Farallon MOR NW15"},"geometry":{"type":"LineString","coordinates":[[-81.454,-60.423],[-80.685,-60.368],[-79.919,-60.308],[-79.155,-60.245],[-78.212,-60.15],[-77.274,-60.05],[-76.342,-59.942],[-75.416,-59.828],[-74.497,-59.708],[-73.585,-59.581],[-72.679,-59.448],[-71.781,-59.309]]}},{"type":"Feature","properties":{"boundary_type":"ridge","feature_type":"gpml:MidOceanRidge","polarity":null,"overriding_plate_id":null,"subducting_plate_id":null,"plate_ids":[819,904],"name":"Aluk-Farallon MOR NW15"},"geometry":{"type":"LineString","coordinates":[[-71.781,-59.309],[-71.582,-59.277]]}},{"type":"Feature","properties":{"boundary_type":"ridge","feature_type":"gpml:MidOceanRidge","polarity":null,"overriding_plate_id":null,"subducting_plate_id":null,"plate_ids":[901,902],"name":"Pacific-Farallon MOR NW15"},"geometry":{"type":"LineString","coordinates":[[-99.392,13.511],[-99.856,13.451],[-100.319,13.389],[-100.782,13.327],[-101.245,13.264],[-101.708,13.2],[-102.171,13.135],[-102.633,13.07],[-103.095,13.003],[-103.037,12.51],[-102.979,12.016],[-102.922,11.522],[-102.865,11.028],[-102.807,10.534],[-102.751,10.04],[-102.694,9.547],[-102.637,9.053],[-102.581,8.559],[-102.525,8.065],[-102.468,7.571],[-102.413,7.077],[-102.357,6.583],[-102.301,6.089],[-102.245,5.596],[-102.19,5.102],[-102.134,4.608],[-102.079,4.114],[-102.023,3.62],[-101.968,3.126],[-102.434,3.05],[-102.901,2.973],[-103.367,2.896],[-103.833,2.819],[-104.299,2.742],[-104.765,2.665],[-105.231,2.587],[-105.697,2.509],[-106.162,2.431],[-106.053,1.952],[-105.943,1.472],[-105.833,0.992],[-105.723,0.512],[-105.614,0.032],[-105.504,-0.448],[-105.394,-0.928],[-105.285,-1.408],[-105.175,-1.888],[-105.065,-2.368],[-104.955,-2.848],[-104.845,-3.328],[-104.735,-3.808],[-104.625,-4.288],[-104.515,-4.768],[-104.11,-4.707],[-103.706,-4.647],[-103.302,-4.586],[-103.214,-5.011],[-103.126,-5.436],[-103.037,-5.86]]}},{"type":"Feature","properties":{"boundary_type":"ridge","feature_type":"gpml:MidOceanRidge","polarity":null,"overriding_plate_id":null,"subducting_plate_id":null,"plate_ids":[901],"name":"MOR Pacific-Farallon GS for closure"},"geometry":{"type":"LineString","coordinates":[[-101.247,32.271],[-101.222,31.79],[-101.198,31.31],[-101.338,30.964],[-101.499,30.634],[-101.556,30.215],[-101.613,29.795],[-101.67,29.376],[-101.704,29.076],[-101.739,28.777],[-102.291,28.734],[-102.843,28.689],[-103.394,28.641],[-103.945,28.592],[-103.88,28.137],[-103.815,27.683],[-103.75,27.228],[-103.686,26.773],[-103.623,26.319],[-103.56,25.864],[-103.498,25.409],[-103.957,25.382],[-104.416,25.353],[-104.452,24.902],[-104.487,24.451],[-104.522,24.0],[-104.557,23.549],[-104.592,23.098],[-104.626,22.647],[-104.661,22.196],[-104.695,21.745],[-104.728,21.294],[-104.694,20.852],[-104.66,20.411],[-104.133,20.421],[-103.606,20.43],[-103.078,20.436],[-102.551,20.441],[-102.023,20.445],[-101.496,20.447],[-101.332,20.089],[-101.169,19.731],[-101.007,19.373],[-100.795,18.952],[-100.584,18.53],[-100.503,18.188],[-100.422,17.845],[-100.342,17.503],[-100.068,17.491],[-99.795,17.479],[-99.744,16.983],[-99.693,16.487],[-99.642,15.991],[-99.592,15.495],[-99.541,14.999],[-99.491,14.503],[-99.442,14.007],[-99.392,13.511]]}},{"type":"Feature","properties":{"boundary_type":"ridge","feature_type":"gpml:MidOceanRidge","polarity":null,"overriding_plate_id":null,"subducting_plate_id":null,"plate_ids":[101,901],"name":"MOR Pacific-Farallon GS"},"geometry":{"type":"LineString","coordinates":[[-101.995,34.398],[-102.084,34.105]]}},{"type":"Feature","properties":{"boundary_type":"ridge","feature_type":"gpml:MidOceanRidge","polarity":null,"overriding_plate_id":null,"subducting_plate_id":null,"plate_ids":[901,902],"name":"MOR Pacific-Farallon GS"},"geometry":{"type":"LineString","coordinates":[[-102.084,34.105],[-102.159,33.859],[-102.118,33.476],[-102.078,33.092],[-102.038,32.708],[-101.928,32.346],[-101.83,32.144],[-101.665,31.886],[-101.457,32.079],[-101.247,32.271]]}},{"type":"Feature","properties":{"boundary_type":"ridge","feature_type":"gpml:MidOceanRidge","polarity":null,"overriding_plate_id":null,"subducting_plate_id":null,"plate_ids":[902],"name":"MOR Pacific-Farallon GS"},"geometry":{"type":"LineString","coordinates":[[-101.247,32.271],[-101.222,31.79],[-101.198,31.31],[-101.338,30.964],[-101.499,30.634],[-101.556,30.215],[-101.613,29.795],[-101.67,29.376],[-101.704,29.076],[-101.739,28.777],[-102.291,28.734],[-102.843,28.689],[-103.394,28.641],[-103.945,28.592],[-103.88,28.137],[-103.815,27.683],[-103.75,27.228],[-103.686,26.773],[-103.623,26.319],[-103.56,25.864],[-103.498,25.409],[-103.957,25.382],[-104.416,25.353],[-104.452,24.902],[-104.487,24.451],[-104.522,24.0],[-104.557,23.549],[-104.592,23.098],[-104.626,22.647],[-104.661,22.196],[-104.695,21.745],[-104.728,21.294],[-104.694,20.852],[-104.66,20.411],[-104.133,20.421],[-103.606,20.43],[-103.078,20.436],[-102.551,20.441],[-102.023,20.445],[-101.496,20.447],[-101.332,20.089],[-101.169,19.731],[-101.007,19.373],[-100.795,18.952],[-100.584,18.53],[-100.503,18.188],[-100.422,17.845],[-100.342,17.503],[-100.068,17.491],[-99.795,17.479],[-99.744,16.983],[-99.693,16.487],[-99.642,15.991],[-99.592,15.495],[-99.541,14.999],[-99.491,14.503],[-99.442,14.007],[-99.392,13.511]]}},{"type":"Feature","properties":{"boundary_type":"ridge","feature_type":"gpml:MidOceanRidge","polarity":null,"overriding_plate_id":null,"subducting_plate_id":null,"plate_ids":[901,902],"name":"MOR Pacific-Farallon NW"},"geometry":{"type":"LineString","coordinates":[[-103.037,-5.86],[-102.979,-6.211],[-102.92,-6.562],[-102.861,-6.913],[-102.83,-7.4],[-102.799,-7.888],[-102.767,-8.375],[-102.736,-8.862],[-102.704,-9.35],[-102.672,-9.837],[-102.64,-10.324],[-102.609,-10.812],[-102.577,-11.299],[-102.544,-11.786],[-102.512,-12.274],[-102.48,-12.761],[-102.447,-13.248],[-102.415,-13.735],[-102.382,-14.223],[-102.349,-14.71],[-102.316,-15.197],[-102.798,-15.24],[-103.281,-15.282],[-103.763,-15.323],[-104.246,-15.363],[-104.729,-15.402],[-105.212,-15.44],[-105.695,-15.477],[-106.178,-15.512],[-106.662,-15.547],[-107.146,-15.581],[-107.629,-15.613],[-108.113,-15.645],[-108.598,-15.675],[-109.082,-15.704],[-109.566,-15.733],[-109.503,-16.223],[-109.439,-16.714],[-109.375,-17.205],[-109.311,-17.695],[-109.246,-18.186],[-109.181,-18.677],[-109.115,-19.167],[-109.049,-19.658],[-108.983,-20.148],[-108.916,-20.639],[-108.849,-21.13],[-108.782,-21.62],[-108.714,-22.11],[-108.645,-22.601],[-108.576,-23.091],[-108.507,-23.582],[-108.437,-24.072],[-108.366,-24.562],[-108.295,-25.052],[-108.785,-25.124],[-109.275,-25.193],[-109.766,-25.261],[-110.258,-25.327],[-110.75,-25.392],[-111.243,-25.455],[-111.736,-25.516],[-112.23,-25.576],[-112.724,-25.634],[-112.692,-26.119],[-112.66,-26.605],[-112.627,-27.09],[-112.595,-27.575],[-112.561,-28.061],[-112.528,-28.546],[-112.937,-28.604],[-113.347,-28.66],[-113.261,-29.137],[-113.175,-29.614],[-113.087,-30.091],[-112.999,-30.568],[-112.909,-31.045],[-112.819,-31.522],[-112.728,-31.999],[-112.636,-32.475],[-112.543,-32.952],[-112.449,-33.429],[-112.354,-33.905],[-112.257,-34.381],[-112.16,-34.858],[-112.062,-35.334],[-111.962,-35.81],[-111.861,-36.286],[-111.759,-36.762],[-111.656,-37.238],[-111.551,-37.714],[-111.074,-37.622],[-110.598,-37.528],[-110.124,-37.432],[-110.015,-37.9],[-109.905,-38.367],[-109.794,-38.835],[-109.681,-39.302],[-109.566,-39.769],[-109.45,-40.236],[-109.333,-40.702],[-109.214,-41.169],[-109.093,-41.636],[-108.97,-42.102],[-108.846,-42.568],[-108.719,-43.035],[-108.591,-43.501],[-108.461,-43.967],[-107.777,-43.908],[-107.095,-43.846],[-106.414,-43.78],[-105.734,-43.709],[-105.057,-43.635],[-104.381,-43.557],[-103.707,-43.474],[-103.035,-43.388],[-102.364,-43.298],[-102.201,-43.782],[-102.035,-44.267],[-101.866,-44.751],[-101.695,-45.235],[-101.52,-45.718],[-101.343,-46.201],[-101.162,-46.684],[-100.978,-47.167],[-100.791,-47.65]]}},{"type":"Feature","properties":{"boundary_type":"ridge","feature_type":"gpml:MidOceanRidge","polarity":null,"overriding_plate_id":null,"subducting_plate_id":null,"plate_ids":[804,902],"name":"Marie Byrd Land-Farallon/Nazca MOR NW15"},"geometry":{"type":"LineString","coordinates":[[-101.695,-48.461],[-101.226,-48.77],[-100.751,-49.077],[-100.27,-49.382],[-99.698,-49.63],[-99.119,-49.874],[-98.535,-50.116],[-97.945,-50.355],[-97.348,-50.591],[-96.746,-50.824],[-96.138,-51.053],[-96.445,-51.339],[-96.756,-51.624],[-96.22,-51.929],[-95.677,-52.232],[-95.127,-52.533],[-94.569,-52.831],[-94.004,-53.126],[-93.478,-53.366],[-92.947,-53.604],[-92.608,-53.332],[-92.274,-53.059],[-91.69,-53.366],[-91.097,-53.67],[-90.496,-53.972],[-89.886,-54.27],[-89.267,-54.565],[-89.755,-54.927],[-90.253,-55.286],[-89.561,-55.591],[-88.859,-55.891],[-89.078,-56.144],[-89.301,-56.396],[-88.858,-56.608],[-88.41,-56.819],[-88.761,-57.177],[-89.119,-57.534],[-88.499,-57.832],[-87.869,-58.127],[-87.228,-58.42],[-86.577,-58.708],[-85.914,-58.994],[-85.241,-59.276],[-84.557,-59.555],[-84.233,-59.292],[-83.556,-59.581],[-82.867,-59.865],[-82.167,-60.146],[-81.454,-60.423]]}},{"type":"Feature","properties":{"boundary_type":"ridge","feature_type":"gpml:MidOceanRidge","polarity":null,"overriding_plate_id":null,"subducting_plate_id":null,"plate_ids":[804,904],"name":"Marie Byrd Land-Farallon/Nazca MOR NW15"},"geometry":{"type":"LineString","coordinates":[[-81.454,-60.423],[-80.898,-60.634],[-80.334,-60.842],[-80.256,-60.868]]}},{"type":"Feature","properties":{"boundary_type":"subduction","feature_type":"gpml:SubductionZone","polarity":"Left","overriding_plate_id":861,"subducting_plate_id":861,"plate_ids":[861,861],"name":"SE/NE dipping subduction along d'Entrecasteaux"},"geometry":{"type":"LineString","coordinates":[[177.411,-19.126],[177.008,-19.336],[176.605,-19.546],[176.098,-19.686],[175.59,-19.825],[175.082,-19.963],[174.687,-20.051],[174.292,-20.139],[173.897,-20.226],[173.501,-20.312],[172.996,-20.457],[172.618,-20.567],[172.24,-20.677],[171.926,-20.848],[171.612,-21.02],[171.307,-21.14],[171.001,-21.261],[170.713,-21.437],[170.424,-21.612],[169.973,-21.77],[169.521,-21.926],[169.131,-22.061],[168.74,-22.195],[168.349,-22.329],[167.887,-22.565],[167.424,-22.8],[167.019,-22.947],[166.613,-23.094],[166.342,-23.208],[166.07,-23.323],[165.799,-23.438],[165.527,-23.553],[165.246,-23.763],[164.963,-23.973],[164.726,-24.301],[164.488,-24.627],[164.249,-24.954],[164.19,-25.217],[164.132,-25.481]]}},{"type":"Feature","properties":{"boundary_type":"ridge","feature_type":"gpml:MidOceanRidge","polarity":null,"overriding_plate_id":null,"subducting_plate_id":null,"plate_ids":[853,922],"name":"MOR Late K South Loyalty Basin"},"geometry":{"type":"LineString","coordinates":[[148.502,-4.417],[148.832,-4.77],[149.162,-5.122],[149.492,-5.475],[149.822,-5.827],[150.153,-6.179],[150.485,-6.53],[150.816,-6.882],[151.149,-7.233],[151.482,-7.584],[151.815,-7.935],[152.149,-8.285],[152.484,-8.636],[152.819,-8.986],[153.155,-9.335],[153.491,-9.684],[153.828,-10.033],[154.108,-9.724],[154.388,-9.415],[154.666,-9.105],[154.945,-8.796],[155.317,-9.122],[155.69,-9.448],[156.064,-9.774],[156.439,-10.099],[156.814,-10.424],[157.19,-10.748],[157.567,-11.072],[157.945,-11.396],[158.323,-11.719],[158.703,-12.041],[159.083,-12.363],[159.464,-12.685],[159.847,-13.005],[160.23,-13.326],[160.614,-13.646],[160.914,-13.356],[161.212,-13.066],[161.51,-12.776],[161.808,-12.486],[162.104,-12.195],[162.492,-12.513],[162.88,-12.83],[163.27,-13.146],[163.66,-13.462],[164.052,-13.777],[164.405,-14.093],[164.759,-14.409],[165.114,-14.725],[165.47,-15.039],[165.827,-15.354],[166.186,-15.667],[166.535,-15.971],[166.885,-16.274],[167.237,-16.576],[167.589,-16.878]]}},{"type":"Feature","properties":{"boundary_type":"ridge","feature_type":"gpml:MidOceanRidge","polarity":null,"overriding_plate_id":null,"subducting_plate_id":null,"plate_ids":[861,922],"name":"MOR Late K South Loyalty Basin"},"geometry":{"type":"LineString","coordinates":[[167.589,-16.878],[167.876,-17.122],[168.164,-17.366],[168.452,-17.61]]}},{"type":"Feature","properties":{"boundary_type":"ridge","feature_type":"gpml:MidOceanRidge","polarity":null,"overriding_plate_id":null,"subducting_plate_id":null,"plate_ids":[801,861],"name":"Laperouse East/Laperouse West MOR"},"geometry":{"type":"LineString","coordinates":[[159.371,-28.856],[159.423,-28.406],[159.475,-27.955],[159.526,-27.504],[159.577,-27.053],[159.628,-26.602],[159.678,-26.152],[159.728,-25.701],[159.904,-25.281],[160.078,-24.86],[160.252,-24.44],[160.424,-24.019],[160.595,-23.599],[160.765,-23.178],[160.934,-22.756],[161.102,-22.335],[161.322,-22.525],[161.543,-22.714],[161.732,-22.35],[161.92,-21.986],[162.108,-21.621],[162.294,-21.257]]}},{"type":"Feature","properties":{"boundary_type":"ridge","feature_type":"gpml:MidOceanRidge","polarity":null,"overriding_plate_id":null,"subducting_plate_id":null,"plate_ids":[853,861],"name":"Laperouse East/Laperouse West MOR"},"geometry":{"type":"LineString","coordinates":[[162.294,-21.257],[162.353,-21.142],[162.793,-21.351],[163.004,-20.994],[163.214,-20.636],[163.423,-20.278],[163.631,-19.92],[163.838,-19.562],[164.047,-19.852],[164.257,-20.143],[164.537,-19.725],[164.816,-19.307],[165.093,-18.889],[165.369,-18.47],[165.643,-18.051],[165.917,-17.631],[166.189,-17.211],[166.459,-16.791],[166.806,-17.074],[167.155,-17.357],[167.372,-17.117],[167.589,-16.878]]}},{"type":"Feature","properties":{"boundary_type":"ridge","feature_type":"gpml:MidOceanRidge","polarity":null,"overriding_plate_id":null,"subducting_plate_id":null,"plate_ids":[861,922],"name":"Melanesian Basin MOR"},"geometry":{"type":"LineString","coordinates":[[177.354,-18.864],[176.856,-18.806],[176.359,-18.746],[175.862,-18.684],[175.365,-18.621],[174.869,-18.557],[174.373,-18.492],[173.877,-18.426],[173.382,-18.358],[172.887,-18.289],[172.392,-18.218],[171.898,-18.146],[171.405,-18.074],[170.912,-17.999],[170.419,-17.924],[169.926,-17.847],[169.435,-17.769],[168.943,-17.69],[168.452,-17.61]]}},{"type":"Feature","properties":{"boundary_type":"transform","feature_type":"gpml:Transform","polarity":null,"overriding_plate_id":null,"subducting_plate_id":null,"plate_ids":[801,861],"name":"New Caledonian Transform"},"geometry":{"type":"LineString","coordinates":[[164.579,-26.308],[164.116,-26.547],[163.65,-26.785],[163.183,-27.022],[162.713,-27.257],[162.242,-27.49],[161.768,-27.722],[161.293,-27.952],[160.815,-28.181],[160.336,-28.408],[159.854,-28.633],[159.371,-28.856]]}},{"type":"Feature","properties":{"boundary_type":"transform","feature_type":"gpml:Transform","polarity":null,"overriding_plate_id":null,"subducting_plate_id":null,"plate_ids":[801,853],"name":"Sepik Transform"},"geometry":{"type":"LineString","coordinates":[[162.294,-21.257],[161.951,-20.925],[161.61,-20.592],[161.27,-20.259],[160.931,-19.925],[160.594,-19.59],[160.258,-19.255],[159.924,-18.919],[159.591,-18.583],[159.259,-18.246],[158.929,-17.909],[158.6,-17.57],[158.164,-17.833],[157.728,-18.095],[157.29,-18.356],[156.851,-18.616],[156.41,-18.875],[155.968,-19.132]]}},{"type":"Feature","properties":{"boundary_type":"transform","feature_type":"gpml:Transform","polarity":null,"overriding_plate_id":null,"subducting_plate_id":null,"plate_ids":[698,801],"name":"Sepik Transform"},"geometry":{"type":"LineString","coordinates":[[155.968,-19.132],[155.537,-19.382],[155.104,-19.631],[154.67,-19.879],[154.235,-20.125],[153.799,-20.371],[153.361,-20.615],[152.921,-20.859],[152.48,-21.101],[152.038,-21.342],[151.58,-21.11],[151.124,-20.878],[150.669,-20.644],[150.216,-20.409],[149.763,-20.172],[149.313,-19.935],[148.863,-19.696],[148.564,-19.796]]}},{"type":"Feature","properties":{"boundary_type":"ridge","feature_type":"gpml:MidOceanRidge","polarity":null,"overriding_plate_id":null,"subducting_plate_id":null,"plate_ids":[698,853],"name":"West Soloman Sea MOR"},"geometry":{"type":"LineString","coordinates":[[155.968,-19.132],[155.895,-19.083],[155.539,-18.823],[155.184,-18.563],[154.83,-18.302],[154.478,-18.04],[154.126,-17.777],[153.775,-17.514],[153.559,-17.854],[153.342,-18.194],[152.899,-17.945],[152.458,-17.695],[152.018,-17.444],[151.58,-17.192],[151.142,-16.94],[150.706,-16.686],[150.27,-16.431],[150.362,-15.989],[149.962,-15.798],[149.562,-15.607],[149.163,-15.415],[148.765,-15.222],[148.367,-15.028],[148.407,-14.543],[148.448,-14.057],[148.488,-13.572],[148.044,-13.391],[147.601,-13.21],[147.159,-13.028],[146.717,-12.845],[146.276,-12.661],[146.198,-12.953],[146.118,-13.244],[145.673,-12.999],[145.229,-12.752],[144.785,-12.505],[144.343,-12.258],[144.12,-12.676],[143.896,-13.094],[143.671,-13.512],[143.314,-13.309],[142.957,-13.106],[142.601,-12.902],[142.245,-12.697],[141.89,-12.493],[141.626,-12.705],[141.361,-12.917],[141.096,-13.128],[140.77,-12.898],[140.444,-12.668],[140.119,-12.437],[139.723,-12.736],[139.326,-13.034],[138.885,-12.846],[138.445,-12.658],[138.006,-12.469],[137.567,-12.279],[137.129,-12.088],[136.692,-11.897]]}},{"type":"Feature","properties":{"boundary_type":"subduction","feature_type":"gpml:SubductionZone","polarity":"Right","overriding_plate_id":819,"subducting_plate_id":902,"plate_ids":[819,902],"name":"South America trench taken from COB file"},"geometry":{"type":"LineString","coordinates":[[-71.781,-59.309],[-71.966,-59.022],[-72.096,-58.739],[-72.223,-58.455],[-72.305,-58.182],[-72.386,-57.909],[-72.402,-57.623],[-72.419,-57.338],[-72.306,-57.018],[-72.196,-56.697]]}},{"type":"Feature","properties":{"boundary_type":"subduction","feature_type":"gpml:SubductionZone","polarity":"Right","overriding_plate_id":201,"subducting_plate_id":902,"plate_ids":[201,902],"name":"South America trench taken from COB file"},"geometry":{"type":"LineString","coordinates":[[-72.196,-56.697],[-72.095,-56.397],[-71.995,-56.098],[-72.044,-55.72],[-72.091,-55.342],[-72.199,-54.976],[-72.305,-54.61],[-72.1,-54.159],[-71.901,-53.708],[-71.419,-53.446],[-70.943,-53.182],[-70.225,-53.027],[-70.04,-52.589],[-69.839,-52.231],[-69.726,-51.973],[-69.614,-51.714],[-69.545,-51.399],[-69.583,-51.179],[-69.665,-50.911],[-69.709,-50.663],[-69.77,-50.321],[-69.589,-49.986],[-69.435,-49.627],[-69.332,-49.402],[-69.147,-49.022],[-69.087,-48.806],[-69.0,-48.543],[-68.927,-48.298],[-68.823,-47.956],[-68.721,-47.613],[-68.62,-47.271],[-68.548,-46.945],[-68.464,-46.684],[-68.381,-46.423],[-68.294,-46.122],[-68.276,-45.854],[-68.258,-45.586],[-68.24,-45.354],[-68.094,-44.967],[-67.927,-44.565],[-67.819,-44.324],[-67.712,-44.084],[-67.638,-43.605],[-67.48,-43.173],[-67.307,-42.818],[-67.137,-42.462],[-66.968,-42.107],[-66.801,-41.751],[-66.556,-41.362],[-66.315,-40.972],[-66.076,-40.581],[-65.839,-40.19],[-65.606,-39.799],[-65.375,-39.407],[-65.147,-39.015],[-65.044,-38.537],[-64.943,-38.06],[-64.842,-37.582],[-64.743,-37.104],[-64.646,-36.626],[-64.549,-36.148],[-64.454,-35.67],[-64.359,-35.192],[-64.266,-34.713],[-64.109,-34.321],[-63.953,-33.929],[-63.799,-33.536],[-63.646,-33.143],[-63.495,-32.75],[-63.408,-32.292],[-63.323,-31.833],[-63.238,-31.375],[-63.155,-30.916],[-63.072,-30.458],[-62.99,-29.999],[-62.908,-29.541],[-62.828,-29.082],[-62.764,-28.672],[-62.7,-28.263],[-62.637,-27.853],[-62.712,-27.415],[-62.787,-26.977],[-62.778,-26.636],[-62.769,-26.294],[-62.918,-25.865],[-63.067,-25.436],[-63.345,-25.008],[-63.622,-24.58],[-63.954,-24.237],[-64.284,-23.893],[-64.612,-23.549],[-64.939,-23.204],[-65.264,-22.859],[-65.726,-22.624],[-66.187,-22.387],[-66.523,-22.039],[-66.857,-21.69],[-67.19,-21.34],[-67.521,-20.99],[-67.85,-20.639],[-68.178,-20.287],[-68.504,-19.935],[-68.829,-19.582],[-69.153,-19.228],[-69.386,-18.822],[-69.618,-18.415],[-69.85,-18.008],[-70.08,-17.6],[-70.309,-17.192],[-70.537,-16.784],[-70.764,-16.376],[-70.99,-15.967],[-71.215,-15.559],[-71.439,-15.15],[-71.663,-14.74],[-71.813,-14.28],[-71.964,-13.82],[-72.113,-13.36],[-72.262,-12.899],[-72.411,-12.439],[-72.559,-11.978],[-72.706,-11.517],[-72.853,-11.057],[-72.762,-10.572],[-72.67,-10.088],[-72.579,-9.603],[-72.488,-9.119],[-72.397,-8.634],[-72.307,-8.15],[-72.258,-7.869],[-72.221,-7.615],[-72.154,-7.336],[-72.08,-6.965],[-72.028,-6.758],[-71.992,-6.513],[-71.853,-6.129],[-71.736,-5.789],[-71.597,-5.515],[-71.382,-5.081],[-71.229,-4.734],[-71.06,-4.425],[-70.857,-4.027],[-70.614,-3.696],[-70.537,-3.584]]}},{"type":"Feature","properties":{"boundary_type":"subduction","feature_type":"gpml:SubductionZone","polarity":"Right","overriding_plate_id":201,"subducting_plate_id":224,"plate_ids":[201,224],"name":"South America trench taken from COB file"},"geometry":{"type":"LineString","coordinates":[[-70.537,-3.584],[-70.39,-3.372],[-70.23,-3.173],[-69.961,-2.844],[-69.662,-2.48],[-69.376,-2.17],[-69.135,-1.976],[-68.904,-1.672],[-68.73,-1.519],[-68.674,-1.23],[-68.427,-0.872],[-68.18,-0.514],[-68.171,-0.505],[-68.139,-0.435],[-68.125,-0.235],[-68.112,-0.035],[-68.149,0.214],[-68.207,0.437],[-68.34,0.747],[-68.43,0.881],[-68.53,1.134],[-68.546,1.146]]}},{"type":"Feature","properties":{"boundary_type":"subduction","feature_type":"gpml:SubductionZone","polarity":"Right","overriding_plate_id":201,"subducting_plate_id":224,"plate_ids":[201,224],"name":"TBD"},"geometry":{"type":"LineString","coordinates":[[-68.546,1.146],[-68.525,1.549],[-68.504,1.952],[-68.483,2.355],[-68.213,2.677],[-67.943,2.999],[-67.674,3.322],[-67.403,3.644],[-67.133,3.974],[-66.863,4.304],[-66.592,4.634],[-66.321,4.964],[-66.05,5.294],[-65.778,5.623],[-65.489,5.894],[-65.2,6.164],[-64.911,6.434]]}},{"type":"Feature","properties":{"boundary_type":"transform","feature_type":"gpml:Transform","polarity":null,"overriding_plate_id":null,"subducting_plate_id":null,"plate_ids":[901,903],"name":"Vancouver-Farallon transform NW15"},"geometry":{"type":"LineString","coordinates":[[-117.231,35.407],[-116.746,35.394],[-116.262,35.379],[-115.778,35.362],[-115.343,35.354],[-114.908,35.344],[-114.337,35.35],[-113.765,35.353],[-113.193,35.353],[-112.621,35.351],[-112.05,35.346],[-111.478,35.338],[-110.907,35.328],[-110.335,35.315],[-109.764,35.299],[-109.194,35.28],[-108.623,35.259],[-108.051,35.291],[-107.479,35.32],[-106.906,35.347],[-106.333,35.371],[-105.759,35.392],[-105.186,35.41],[-104.612,35.426],[-104.038,35.439],[-103.463,35.449],[-102.889,35.456]]}},{"type":"Feature","properties":{"boundary_type":"transform","feature_type":"gpml:Transform","polarity":null,"overriding_plate_id":null,"subducting_plate_id":null,"plate_ids":[819,904],"name":"SHACKLETON TRANSFORM FAULT, SCOTIA SEA"},"geometry":{"type":"LineString","coordinates":[[-71.582,-59.277],[-71.41,-59.666],[-71.234,-60.055],[-70.831,-60.499],[-70.417,-60.941],[-69.991,-61.383],[-69.236,-61.729],[-68.465,-62.072],[-67.676,-62.41],[-66.869,-62.744],[-66.057,-62.994],[-65.231,-63.24],[-64.391,-63.482],[-63.537,-63.718],[-62.668,-63.949],[-61.786,-64.175],[-61.283,-64.269]]}},{"type":"Feature","properties":{"boundary_type":"transform","feature_type":"gpml:Transform","polarity":null,"overriding_plate_id":null,"subducting_plate_id":null,"plate_ids":[802,819],"name":"SHACKLETON TRANSFORM FAULT, SCOTIA SEA"},"geometry":{"type":"LineString","coordinates":[[-61.283,-64.269],[-60.858,-64.346]]}},{"type":"Feature","properties":{"boundary_type":"transform","feature_type":"gpml:Transform","polarity":null,"overriding_plate_id":null,"subducting_plate_id":null,"plate_ids":[802,818],"name":"SHACKLETON TRANSFORM FAULT, SCOTIA SEA"},"geometry":{"type":"LineString","coordinates":[[-60.858,-64.346],[-60.271,-64.451],[-59.679,-64.553],[-58.927,-64.691],[-58.168,-64.825],[-57.401,-64.955]]}},{"type":"Feature","properties":{"boundary_type":"ridge","feature_type":"gpml:MidOceanRidge","polarity":null,"overriding_plate_id":null,"subducting_plate_id":null,"plate_ids":[802],"name":"MOR"},"geometry":{"type":"LineString","coordinates":[[-57.401,-64.955],[-57.7,-64.96],[-57.786,-65.275],[-57.874,-65.59],[-58.017,-66.016],[-57.977,-66.411],[-57.534,-66.697],[-57.081,-66.981],[-56.407,-67.187],[-55.72,-67.39],[-55.014,-67.513],[-54.3,-67.633]]}},{"type":"Feature","properties":{"boundary_type":"ridge","feature_type":"gpml:MidOceanRidge","polarity":null,"overriding_plate_id":null,"subducting_plate_id":null,"plate_ids":[818],"name":"MOR"},"geometry":{"type":"LineString","coordinates":[[-57.401,-64.955],[-57.7,-64.96],[-57.786,-65.275],[-57.874,-65.59],[-58.017,-66.016],[-57.977,-66.411],[-57.534,-66.697],[-57.081,-66.981],[-56.407,-67.187],[-55.72,-67.39],[-55.014,-67.513],[-54.3,-67.633]]}},{"type":"Feature","properties":{"boundary_type":"subduction","feature_type":"gpml:SubductionZone","polarity":"Right","overriding_plate_id":802,"subducting_plate_id":904,"plate_ids":[802,904],"name":"Antarctic-Aluk subduction zone"},"geometry":{"type":"LineString","coordinates":[[-64.047,-64.776],[-63.841,-64.711],[-62.979,-64.568],[-62.127,-64.421],[-61.283,-64.269]]}},{"type":"Feature","properties":{"boundary_type":"transform","feature_type":"gpml:Transform","polarity":null,"overriding_plate_id":null,"subducting_plate_id":null,"plate_ids":[818,819],"name":"Burdwood transform duplicate for closure"},"geometry":{"type":"LineString","coordinates":[[-65.495,-59.969],[-65.324,-60.084],[-64.529,-60.27],[-63.725,-60.452],[-62.912,-60.628],[-62.09,-60.799],[-61.26,-60.966],[-60.377,-61.123],[-59.486,-61.274],[-58.586,-61.42],[-57.677,-61.559],[-56.948,-61.722],[-56.211,-61.881],[-55.467,-62.036]]}},{"type":"Feature","properties":{"boundary_type":"transform","feature_type":"gpml:Transform","polarity":null,"overriding_plate_id":null,"subducting_plate_id":null,"plate_ids":[201,818],"name":"NORTH SCOTIA RIDGE TRANSFORM FAULT"},"geometry":{"type":"LineString","coordinates":[[-40.696,-59.157],[-41.034,-59.129],[-41.713,-59.154],[-42.393,-59.176],[-43.074,-59.194],[-43.892,-59.347],[-44.718,-59.496],[-45.551,-59.639],[-46.226,-59.794],[-46.906,-59.946],[-47.717,-59.965],[-48.528,-59.979],[-49.34,-59.988],[-50.066,-59.982],[-50.792,-59.973],[-51.517,-59.959],[-52.398,-59.945],[-53.278,-59.926],[-54.046,-59.952],[-54.816,-59.973],[-55.731,-60.147],[-56.655,-60.315],[-57.589,-60.476],[-58.546,-60.565],[-59.509,-60.648],[-60.41,-60.624],[-61.309,-60.594],[-62.207,-60.558],[-63.163,-60.442],[-64.111,-60.319],[-64.807,-60.146],[-65.495,-59.969]]}},{"type":"Feature","properties":{"boundary_type":"transform","feature_type":"gpml:Transform","polarity":null,"overriding_plate_id":null,"subducting_plate_id":null,"plate_ids":[201,819],"name":"NORTH SCOTIA RIDGE TRANSFORM FAULT"},"geometry":{"type":"LineString","coordinates":[[-65.495,-59.969],[-66.018,-59.831],[-66.536,-59.691],[-67.208,-59.39],[-67.868,-59.086],[-68.516,-58.779],[-69.262,-58.491],[-69.995,-58.199],[-70.562,-57.827],[-71.118,-57.453],[-71.663,-57.076],[-72.196,-56.697]]}},{"type":"Feature","properties":{"boundary_type":"ridge","feature_type":"gpml:MidOceanRidge","polarity":null,"overriding_plate_id":null,"subducting_plate_id":null,"plate_ids":[201,802],"name":"South America-Antarctica ridge based on c13y"},"geometry":{"type":"LineString","coordinates":[[6.183,-61.779],[5.299,-61.856],[4.41,-61.927],[3.517,-61.992],[2.62,-62.051],[1.72,-62.104],[0.878,-62.122],[0.035,-62.134],[-0.808,-62.142],[-0.825,-62.49],[-0.843,-62.839],[-1.712,-62.829],[-2.581,-62.814],[-3.448,-62.793],[-3.602,-63.219],[-3.76,-63.645],[-4.706,-63.572],[-5.646,-63.493],[-5.765,-63.789],[-6.517,-63.722],[-7.266,-63.651],[-8.011,-63.576],[-8.224,-63.903],[-8.442,-64.231],[-8.665,-64.558],[-9.496,-64.483],[-10.322,-64.404],[-10.598,-64.828],[-10.884,-65.252],[-11.178,-65.676],[-11.768,-65.626],[-12.109,-66.028],[-13.127,-65.911],[-14.134,-65.789],[-15.132,-65.659],[-15.432,-66.118],[-16.279,-66.028],[-17.12,-65.935],[-17.368,-66.323],[-18.383,-66.235],[-19.391,-66.141],[-20.392,-66.04],[-21.384,-65.933],[-21.84,-66.307],[-22.596,-66.22],[-23.347,-66.13],[-23.783,-66.45],[-24.231,-66.768],[-24.69,-67.085],[-25.377,-66.928],[-25.903,-67.278],[-26.446,-67.627],[-27.004,-67.974],[-28.181,-67.792],[-29.339,-67.601],[-30.479,-67.402],[-31.048,-67.696],[-31.631,-67.987],[-32.23,-68.277],[-32.894,-68.162],[-33.551,-68.044],[-34.234,-68.318],[-35.013,-68.236],[-35.786,-68.151],[-36.346,-68.438],[-37.019,-68.365],[-37.688,-68.289],[-38.251,-68.563],[-38.868,-68.422],[-39.611,-68.688],[-40.348,-68.597],[-41.236,-68.837],[-41.873,-68.736],[-42.503,-68.634],[-43.69,-68.657],[-44.878,-68.672],[-46.067,-68.679],[-47.257,-68.678],[-48.446,-68.668],[-49.634,-68.65],[-50.819,-68.623],[-51.57,-68.423],[-52.308,-68.219]]}},{"type":"Feature","properties":{"boundary_type":"ridge","feature_type":"gpml:MidOceanRidge","polarity":null,"overriding_plate_id":null,"subducting_plate_id":null,"plate_ids":[802,818],"name":"South America-Antarctica ridge based on c13y"},"geometry":{"type":"LineString","coordinates":[[-52.308,-68.219],[-53.316,-67.929],[-54.3,-67.633]]}},{"type":"Feature","properties":{"boundary_type":"subduction","feature_type":"gpml:SubductionZone","polarity":"Left","overriding_plate_id":818,"subducting_plate_id":201,"plate_ids":[201,818],"name":"South Sandwich trench"},"geometry":{"type":"LineString","coordinates":[[-52.308,-68.219],[-51.611,-68.134],[-50.92,-68.046],[-49.838,-67.857],[-48.773,-67.661],[-47.83,-67.456],[-46.903,-67.245],[-45.763,-67.072],[-44.639,-66.891],[-43.534,-66.755],[-42.442,-66.612],[-41.658,-66.467],[-40.882,-66.319],[-40.116,-66.168],[-39.403,-65.93],[-38.703,-65.689],[-38.134,-65.317],[-37.582,-64.944],[-37.356,-64.541],[-37.136,-64.137],[-36.923,-63.733],[-36.819,-63.255],[-36.719,-62.776],[-36.741,-62.31],[-36.763,-61.845],[-36.784,-61.38],[-37.009,-61.064],[-37.231,-60.748],[-37.448,-60.432],[-38.104,-60.142],[-38.75,-59.848],[-39.383,-59.551],[-40.006,-59.251],[-40.696,-59.157]]}},{"type":"Feature","properties":{"boundary_type":"ridge","feature_type":"gpml:MidOceanRidge","polarity":null,"overriding_plate_id":null,"subducting_plate_id":null,"plate_ids":[818,819],"name":"West Scotia Ridge"},"geometry":{"type":"LineString","coordinates":[[-60.858,-64.346],[-60.315,-63.931],[-59.787,-63.514],[-59.275,-63.094],[-58.777,-62.673],[-57.915,-62.646],[-57.055,-62.613],[-56.198,-62.575],[-55.829,-62.306],[-55.467,-62.036]]}},{"type":"Feature","properties":{"boundary_type":"other","feature_type":"gpml:FractureZone","polarity":null,"overriding_plate_id":null,"subducting_plate_id":null,"plate_ids":[101,903],"name":"Continental def as ridge merges w california MG 5-5 07"},"geometry":{"type":"LineString","coordinates":[[-105.466,37.045],[-105.204,36.738],[-104.945,36.43],[-104.428,36.229],[-103.913,36.025],[-103.505,35.857],[-103.099,35.687],[-102.889,35.456]]}},{"type":"Feature","properties":{"boundary_type":"other","feature_type":"gpml:FractureZone","polarity":null,"overriding_plate_id":null,"subducting_plate_id":null,"plate_ids":[101,901],"name":"Continental def as ridge merges w california MG 5-5 07"},"geometry":{"type":"LineString","coordinates":[[-102.889,35.456],[-102.699,35.245],[-102.51,35.034],[-102.285,34.745],[-102.061,34.455],[-101.995,34.398]]}},{"type":"Feature","properties":{"boundary_type":"subduction","feature_type":"gpml:SubductionZone","polarity":"Right","overriding_plate_id":101,"subducting_plate_id":903,"plate_ids":[101,903],"name":"Western NAM subduction"},"geometry":{"type":"LineString","coordinates":[[-105.466,37.045],[-105.855,37.212],[-106.246,37.378],[-106.541,37.769],[-106.839,38.159],[-107.048,38.498],[-107.258,38.836],[-107.471,39.174],[-107.686,39.511],[-108.009,39.944],[-108.336,40.376],[-108.668,40.807],[-109.004,41.237],[-109.235,41.685],[-109.47,42.133],[-109.708,42.58],[-109.949,43.026],[-109.999,43.475],[-110.05,43.925],[-110.102,44.374],[-110.154,44.823],[-110.207,45.273],[-110.261,45.722],[-110.005,46.098],[-109.746,46.473],[-109.483,46.848],[-109.216,47.223],[-108.946,47.596],[-108.827,48.062],[-108.705,48.528],[-108.582,48.993],[-108.456,49.459],[-108.496,49.932],[-108.536,50.405],[-108.578,50.877],[-108.62,51.35],[-108.67,51.751],[-108.72,52.152],[-108.772,52.553]]}},{"type":"Feature","properties":{"boundary_type":"subduction","feature_type":"gpml:SubductionZone","polarity":"Left","overriding_plate_id":301,"subducting_plate_id":608,"plate_ids":[301,608],"name":"Okinawa Trough (Ryuku) from EarthByte cob MG 4-20-07"},"geometry":{"type":"LineString","coordinates":[[121.039,28.69],[121.107,28.707],[121.559,28.871],[122.012,29.033],[122.468,29.194],[122.924,29.353],[123.382,29.511],[123.817,29.767],[124.255,30.022],[124.694,30.275],[125.136,30.526],[125.412,30.806],[125.688,31.084],[125.967,31.362],[126.18,31.779],[126.395,32.195],[126.612,32.611],[126.831,33.027],[127.052,33.442],[127.221,33.823],[127.392,34.203],[127.565,34.583],[127.739,34.963],[127.834,35.312],[127.93,35.662],[127.995,36.1],[128.06,36.539],[128.049,36.977],[128.038,37.416],[128.122,37.799],[128.207,38.183]]}},{"type":"Feature","properties":{"boundary_type":"subduction","feature_type":"gpml:SubductionZone","polarity":"Right","overriding_plate_id":306,"subducting_plate_id":701,"plate_ids":[306,701],"name":"Ligurian Subduction"},"geometry":{"type":"LineString","coordinates":[[7.338,38.048],[7.586,37.744],[7.833,37.44],[8.078,37.136],[8.143,36.712],[8.208,36.288],[8.272,35.864],[8.335,35.44],[8.491,35.029],[8.645,34.619],[8.798,34.207],[8.949,33.796],[9.099,33.385],[8.669,33.2],[8.241,33.014],[7.814,32.826],[7.39,32.637]]}},{"type":"Feature","properties":{"boundary_type":"subduction","feature_type":"gpml:SubductionZone","polarity":"Right","overriding_plate_id":708,"subducting_plate_id":701,"plate_ids":[701,708],"name":"Ligurian Subduction"},"geometry":{"type":"LineString","coordinates":[[7.39,32.637],[6.981,32.453],[6.574,32.268],[6.169,32.081],[5.714,31.877],[5.262,31.671],[4.812,31.464],[4.363,31.255],[3.917,31.045],[3.539,30.85],[3.163,30.654],[2.789,30.457],[2.416,30.259],[1.985,30.135],[1.555,30.008],[1.126,29.881],[0.698,29.751],[0.246,29.652],[-0.205,29.55],[-0.656,29.447],[-1.105,29.343],[-1.553,29.237],[-2.041,29.119],[-2.528,28.999],[-3.014,28.878]]}},{"type":"Feature","properties":{"boundary_type":"subduction","feature_type":"gpml:SubductionZone","polarity":"Right","overriding_plate_id":301,"subducting_plate_id":701,"plate_ids":[301,701],"name":"Ligurian Subduction"},"geometry":{"type":"LineString","coordinates":[[-3.014,28.878],[-3.363,28.79],[-3.711,28.7],[-4.103,28.748],[-4.495,28.794],[-4.887,28.84],[-5.395,28.745],[-5.901,28.649],[-6.407,28.551]]}},{"type":"Feature","properties":{"boundary_type":"subduction","feature_type":"gpml:SubductionZone","polarity":"Left","overriding_plate_id":301,"subducting_plate_id":701,"plate_ids":[301,701],"name":"Vardar Sea Sub."},"geometry":{"type":"LineString","coordinates":[[19.648,39.159],[19.762,38.708],[19.874,38.257],[19.984,37.806],[20.094,37.355],[20.137,36.977],[20.18,36.6],[20.223,36.222],[20.621,35.85],[21.016,35.477],[21.407,35.102],[21.794,34.726],[22.158,34.403],[22.518,34.079],[22.876,33.753],[23.231,33.427],[23.762,33.278],[24.291,33.127]]}},{"type":"Feature","properties":{"boundary_type":"subduction","feature_type":"gpml:SubductionZone","polarity":"Left","overriding_plate_id":301,"subducting_plate_id":522,"plate_ids":[301,522],"name":"Vardar Sea Sub."},"geometry":{"type":"LineString","coordinates":[[24.291,33.127],[24.619,33.032],[24.947,32.936],[25.394,32.934],[25.841,32.93],[26.392,32.937],[26.943,32.941],[27.494,32.944],[28.045,32.943],[28.61,32.99],[29.176,33.035],[29.742,33.077],[30.308,33.116],[30.875,33.153],[31.443,33.187],[32.01,33.218],[32.579,33.247],[33.147,33.274],[33.716,33.298],[34.286,33.319],[34.855,33.338],[35.425,33.354],[35.824,33.376]]}},{"type":"Feature","properties":{"boundary_type":"other","feature_type":"gpml:ContinentalRift","polarity":null,"overriding_plate_id":null,"subducting_plate_id":null,"plate_ids":[301,306],"name":"Ligoro-Provincal Rift"},"geometry":{"type":"LineString","coordinates":[[7.338,38.048],[6.856,37.826],[6.378,37.602],[5.902,37.375],[5.429,37.147],[5.187,36.859],[4.946,36.57],[4.708,36.28]]}},{"type":"Feature","properties":{"boundary_type":"other","feature_type":"gpml:ContinentalRift","polarity":null,"overriding_plate_id":null,"subducting_plate_id":null,"plate_ids":[708,3201],"name":"Ligoro-Provincal Rift"},"geometry":{"type":"LineString","coordinates":[[4.225,33.771],[3.897,33.448],[3.572,33.124]]}},{"type":"Feature","properties":{"boundary_type":"other","feature_type":"gpml:ContinentalRift","polarity":null,"overriding_plate_id":null,"subducting_plate_id":null,"plate_ids":[306,3201],"name":"Ligoro-Provincal Rift"},"geometry":{"type":"LineString","coordinates":[[3.119,35.155],[3.399,34.81],[3.677,34.464],[3.952,34.118],[4.225,33.771]]}},{"type":"Feature","properties":{"boundary_type":"other","feature_type":"gpml:ContinentalRift","polarity":null,"overriding_plate_id":null,"subducting_plate_id":null,"plate_ids":[301,306],"name":"Ligoro-Provincal Rift"},"geometry":{"type":"LineString","coordinates":[[4.708,36.28],[4.176,36.039],[3.648,35.795],[3.383,35.475],[3.119,35.155]]}},{"type":"Feature","properties":{"boundary_type":"other","feature_type":"gpml:ContinentalRift","polarity":null,"overriding_plate_id":null,"subducting_plate_id":null,"plate_ids":[306,708],"name":"Ligoro-Provincal Rift"},"geometry":{"type":"LineString","coordinates":[[4.225,33.771],[4.388,33.638],[4.758,33.525],[5.128,33.411],[5.584,33.26],[6.038,33.107],[6.49,32.952],[6.941,32.795],[7.39,32.637]]}},{"type":"Feature","properties":{"boundary_type":"other","feature_type":"gpml:ContinentalRift","polarity":null,"overriding_plate_id":null,"subducting_plate_id":null,"plate_ids":[301,708],"name":"Liguro-Provincal Rift"},"geometry":{"type":"LineString","coordinates":[[-3.014,28.878],[-2.558,29.145],[-2.099,29.411],[-1.638,29.675],[-1.174,29.938],[-0.708,30.199],[-0.24,30.458],[0.231,30.716]]}},{"type":"Feature","properties":{"boundary_type":"other","feature_type":"gpml:ContinentalRift","polarity":null,"overriding_plate_id":null,"subducting_plate_id":null,"plate_ids":[708,3201],"name":"Liguro-Provincal Rift"},"geometry":{"type":"LineString","coordinates":[[0.231,30.716],[0.621,30.942],[1.013,31.168],[1.407,31.392],[1.803,31.615],[2.116,31.801],[2.431,31.986],[2.808,32.366],[3.188,32.745],[3.572,33.124]]}},{"type":"Feature","properties":{"boundary_type":"other","feature_type":"gpml:ContinentalRift","polarity":null,"overriding_plate_id":null,"subducting_plate_id":null,"plate_ids":[301,3201],"name":"Malorca Rift"},"geometry":{"type":"LineString","coordinates":[[3.119,35.155],[2.713,34.858],[2.31,34.56],[1.909,34.261],[1.512,33.96],[1.311,33.525],[1.112,33.091],[0.915,32.656],[0.72,32.221],[0.596,31.845],[0.474,31.469],[0.352,31.092],[0.231,30.716]]}},{"type":"Feature","properties":{"boundary_type":"subduction","feature_type":"gpml:SubductionZone","polarity":"Right","overriding_plate_id":522,"subducting_plate_id":701,"plate_ids":[522,701],"name":"Eastern Mediterranean Subduction"},"geometry":{"type":"LineString","coordinates":[[38.845,32.53],[38.482,32.334],[37.985,32.246],[37.49,32.155],[36.996,32.063],[36.503,31.969],[36.01,31.873],[35.519,31.775],[35.029,31.675],[34.654,31.349],[34.281,31.022],[33.911,30.694],[33.562,30.382],[33.215,30.069],[32.87,29.755],[32.527,29.441],[32.187,29.125],[31.691,29.051],[31.195,28.976],[30.701,28.898],[30.207,28.819],[29.664,28.837],[29.12,28.853],[28.577,28.867],[28.026,28.944],[27.475,29.02],[26.923,29.093],[26.371,29.164],[25.817,29.233],[25.263,29.299],[24.708,29.363]]}},{"type":"Feature","properties":{"boundary_type":"subduction","feature_type":"gpml:SubductionZone","polarity":"Right","overriding_plate_id":701,"subducting_plate_id":301,"plate_ids":[301,701],"name":"Alpine Subduction"},"geometry":{"type":"LineString","coordinates":[[7.338,38.048],[7.872,38.218],[8.409,38.386],[8.949,38.552],[9.489,38.745],[10.031,38.936],[10.577,39.125],[11.126,39.311],[11.474,39.584],[11.824,39.856],[12.178,40.127],[12.412,40.41],[12.649,40.691],[12.888,40.973],[13.355,41.226],[13.827,41.477],[14.388,41.678],[14.953,41.877],[15.521,42.073],[16.084,41.879],[16.643,41.683],[17.199,41.484],[17.752,41.282],[18.229,41.044],[18.702,40.805],[18.943,40.394],[19.181,39.983],[19.416,39.571],[19.648,39.159]]}},{"type":"Feature","properties":{"boundary_type":"transform","feature_type":"gpml:Transform","polarity":null,"overriding_plate_id":null,"subducting_plate_id":null,"plate_ids":[522,701],"name":"Neotethys transform 40Ma"},"geometry":{"type":"LineString","coordinates":[[38.845,32.53],[38.607,32.932],[38.366,33.335],[38.38,33.765]]}},{"type":"Feature","properties":{"boundary_type":"other","feature_type":"gpml:InferredPaleoBoundary","polarity":null,"overriding_plate_id":null,"subducting_plate_id":null,"plate_ids":[522,701],"name":""},"geometry":{"type":"LineString","coordinates":[[24.291,33.127],[24.345,32.657],[24.399,32.186],[24.452,31.716],[24.504,31.245],[24.556,30.775],[24.607,30.304],[24.658,29.834],[24.708,29.363]]}}]}