{"type":"FeatureCollection","meta":{"model":"Cao2024","reconstruction_time_ma":130.0,"anchor_plate_id":0,"pygplates_version":"1.0.0","tessellate_degrees":0.5,"polarity_convention":"gpml:subductionPolarity. 'Left'/'Right' names the side of the line, in vertex order, on which the OVERRIDING plate lies. Triangles are drawn on that side.","antimeridian":"Lines are NOT split at +/-180 deg. The renderer works in 3D unit vectors where the dateline is not special; splitting would only add spurious breaks. Do not treat this as RFC 7946 GIS-ready 2D data."},"features":[{"type":"Feature","properties":{"boundary_type":"other","feature_type":"gpml:ContinentalRift","polarity":null,"overriding_plate_id":null,"subducting_plate_id":null,"plate_ids":[802,806],"name":"Australia - Antarctica rift"},"geometry":{"type":"LineString","coordinates":[[-77.905,-75.124],[-78.581,-75.538],[-79.297,-75.951],[-80.055,-76.361],[-80.859,-76.769],[-81.714,-77.174],[-82.622,-77.577],[-83.59,-77.976],[-84.209,-78.413],[-84.876,-78.848],[-85.596,-79.282],[-86.376,-79.715],[-87.224,-80.145],[-88.148,-80.573],[-88.666,-81.01],[-89.236,-81.447],[-89.868,-81.882],[-90.57,-82.317],[-89.807,-82.79],[-88.937,-83.262],[-87.937,-83.732],[-86.776,-84.2],[-85.768,-84.638],[-84.581,-85.075],[-83.165,-85.508],[-81.448,-85.939],[-79.327,-86.364],[-75.795,-86.781],[-71.239,-87.182],[-65.227,-87.559],[-57.149,-87.9],[-50.557,-88.198],[-41.528,-88.464],[-29.384,-88.739],[-11.8,-88.93],[8.865,-89.038],[31.09,-89.002],[49.321,-88.837],[73.398,-88.781],[92.434,-88.545],[105.177,-88.197],[108.904,-87.749],[111.386,-87.293],[113.151,-86.834],[114.469,-86.373],[115.49,-85.911],[116.303,-85.447],[116.966,-84.983],[117.517,-84.518],[117.982,-84.053]]}},{"type":"Feature","properties":{"boundary_type":"other","feature_type":"gpml:ContinentalRift","polarity":null,"overriding_plate_id":null,"subducting_plate_id":null,"plate_ids":[801,802],"name":"Australia - Antarctica rift"},"geometry":{"type":"LineString","coordinates":[[117.982,-84.053],[118.249,-83.748],[118.492,-83.443],[118.106,-82.999],[117.765,-82.556],[117.463,-82.112],[117.193,-81.668],[116.95,-81.224],[116.73,-80.78],[116.531,-80.336],[115.671,-79.913],[114.881,-79.489],[114.151,-79.063],[113.476,-78.635],[112.848,-78.206],[112.265,-77.775],[111.72,-77.344],[111.211,-76.911],[110.437,-76.486],[109.71,-76.058],[109.025,-75.628],[108.379,-75.197],[107.769,-74.764],[107.131,-74.337],[106.525,-73.908],[105.95,-73.478],[105.404,-73.047],[104.884,-72.614],[104.105,-72.288],[103.47,-71.967],[102.962,-71.735],[102.466,-71.501],[101.68,-71.187],[100.926,-70.891],[100.425,-70.721],[99.457,-70.409],[99.026,-70.212],[98.447,-70.049],[97.383,-69.747],[96.712,-69.56],[96.107,-69.358],[95.514,-69.118],[95.215,-68.912],[95.125,-68.764],[94.961,-68.51],[94.93,-68.228],[94.698,-67.886],[94.423,-67.662],[94.104,-67.47],[93.436,-67.235],[92.922,-67.083],[92.612,-66.974],[92.075,-66.8],[91.682,-66.652],[91.156,-66.476],[90.337,-66.167],[89.735,-65.986],[88.797,-65.739],[88.019,-65.523],[87.361,-65.385],[86.724,-65.272],[86.005,-65.154],[85.268,-65.054],[84.624,-64.947],[84.205,-64.825],[83.64,-64.58],[83.06,-64.427],[82.522,-64.195],[81.709,-63.857],[81.43,-63.701],[80.761,-63.481],[80.143,-63.311],[79.69,-63.172],[79.036,-63.031],[78.49,-62.905],[77.74,-62.707],[76.923,-62.491],[76.525,-62.364],[75.692,-62.05],[75.253,-61.817],[74.983,-61.563],[74.565,-61.314],[74.265,-61.161],[73.958,-60.925],[73.717,-60.68],[73.419,-60.413],[73.285,-60.259],[73.173,-60.162],[72.7,-59.842],[72.237,-59.561],[71.782,-59.278],[71.696,-59.114]]}},{"type":"Feature","properties":{"boundary_type":"other","feature_type":"gpml:ContinentalRift","polarity":null,"overriding_plate_id":null,"subducting_plate_id":null,"plate_ids":[501,801],"name":"Australia - Antarctica rift"},"geometry":{"type":"LineString","coordinates":[[71.696,-59.114],[71.585,-58.902],[71.497,-58.641],[71.409,-58.379],[71.391,-58.05],[71.372,-57.721],[71.12,-57.352],[70.873,-56.983]]}},{"type":"Feature","properties":{"boundary_type":"other","feature_type":"gpml:Fault","polarity":null,"overriding_plate_id":null,"subducting_plate_id":null,"plate_ids":[101,902],"name":"TRANSFORM"},"geometry":{"type":"LineString","coordinates":[[-62.561,70.583],[-61.92,70.697],[-60.599,70.928],[-59.248,71.15],[-58.775,71.43],[-58.288,71.709],[-58.115,72.053],[-57.935,72.396],[-57.748,72.74],[-57.156,73.089],[-56.326,73.259],[-55.481,73.425],[-54.334,73.552],[-53.17,73.673],[-51.99,73.787],[-50.817,73.858],[-49.634,73.923],[-48.442,73.981],[-48.309,73.985]]}},{"type":"Feature","properties":{"boundary_type":"other","feature_type":"gpml:Fault","polarity":null,"overriding_plate_id":null,"subducting_plate_id":null,"plate_ids":[101,18150],"name":"TRANSFORM"},"geometry":{"type":"LineString","coordinates":[[-48.309,73.985],[-46.96,74.019],[-45.606,74.044],[-43.875,74.041],[-42.146,74.023],[-40.421,73.992],[-39.236,73.903],[-38.064,73.808]]}},{"type":"Feature","properties":{"boundary_type":"other","feature_type":"gpml:FractureZone","polarity":null,"overriding_plate_id":null,"subducting_plate_id":null,"plate_ids":[501,801],"name":"Fracture Zone Ind-Aus AT"},"geometry":{"type":"LineString","coordinates":[[92.956,-40.335],[92.378,-40.368],[91.8,-40.399],[91.222,-40.427],[90.643,-40.453],[90.16,-40.739],[89.673,-41.023],[89.182,-41.304],[88.687,-41.584],[88.187,-41.862],[87.683,-42.137],[87.174,-42.411],[86.662,-42.682],[86.144,-42.95]]}},{"type":"Feature","properties":{"boundary_type":"transform","feature_type":"gpml:Transform","polarity":null,"overriding_plate_id":null,"subducting_plate_id":null,"plate_ids":[715,53401],"name":"Proto Owen Fracture Zone - transform boundary"},"geometry":{"type":"LineString","coordinates":[[69.93,-4.116],[70.266,-3.767],[70.601,-3.418],[70.936,-3.069],[71.271,-2.72],[71.606,-2.37],[71.941,-2.021],[72.275,-1.671],[72.61,-1.322],[72.944,-0.972],[73.244,-0.613],[73.545,-0.254],[73.845,0.106],[74.145,0.465],[74.446,0.825],[74.746,1.184],[75.047,1.544],[75.347,1.903],[75.648,2.262],[75.949,2.621],[76.266,2.973],[76.584,3.324],[76.902,3.675],[77.22,4.026],[77.538,4.377],[77.857,4.727],[78.175,5.078],[78.495,5.428],[78.814,5.779]]}},{"type":"Feature","properties":{"boundary_type":"transform","feature_type":"gpml:Transform","polarity":null,"overriding_plate_id":null,"subducting_plate_id":null,"plate_ids":[529,715],"name":"Proto Owen Fracture Zone - transform boundary"},"geometry":{"type":"LineString","coordinates":[[78.814,5.779],[79.139,6.134],[79.464,6.489],[79.789,6.843],[80.115,7.198],[80.442,7.552],[80.769,7.906],[81.097,8.26],[81.425,8.613],[81.754,8.966],[82.083,9.319],[82.413,9.672],[82.744,10.024],[83.011,10.404],[83.279,10.784],[83.548,11.164],[83.818,11.543],[84.088,11.922],[84.359,12.301],[84.631,12.68]]}},{"type":"Feature","properties":{"boundary_type":"transform","feature_type":"gpml:Transform","polarity":null,"overriding_plate_id":null,"subducting_plate_id":null,"plate_ids":[528,715],"name":"Proto Owen Fracture Zone - transform boundary"},"geometry":{"type":"LineString","coordinates":[[84.631,12.68],[84.882,13.029],[85.134,13.377],[85.386,13.725],[85.639,14.072],[85.893,14.42]]}},{"type":"Feature","properties":{"boundary_type":"transform","feature_type":"gpml:Transform","polarity":null,"overriding_plate_id":null,"subducting_plate_id":null,"plate_ids":[528,530],"name":"Proto Owen Fracture Zone - transform boundary"},"geometry":{"type":"LineString","coordinates":[[85.893,14.42],[86.165,14.791],[86.438,15.161],[86.713,15.532],[86.988,15.902],[87.264,16.271]]}},{"type":"Feature","properties":{"boundary_type":"transform","feature_type":"gpml:Transform","polarity":null,"overriding_plate_id":null,"subducting_plate_id":null,"plate_ids":[301,528],"name":"Proto Owen Fracture Zone - transform boundary"},"geometry":{"type":"LineString","coordinates":[[87.264,16.271],[87.559,16.664],[87.855,17.057],[88.152,17.449],[88.451,17.841],[88.751,18.232],[89.053,18.623],[89.356,19.013],[89.66,19.403],[89.966,19.792],[90.273,20.181],[90.582,20.569],[90.892,20.957],[90.987,21.084]]}},{"type":"Feature","properties":{"boundary_type":"other","feature_type":"gpml:InferredPaleoBoundary","polarity":null,"overriding_plate_id":null,"subducting_plate_id":null,"plate_ids":[714,715],"name":"Morocco"},"geometry":{"type":"LineString","coordinates":[[32.163,10.427],[32.359,10.253],[32.555,10.079],[32.8,9.797],[33.044,9.515],[33.288,9.233]]}},{"type":"Feature","properties":{"boundary_type":"other","feature_type":"gpml:InferredPaleoBoundary","polarity":null,"overriding_plate_id":null,"subducting_plate_id":null,"plate_ids":[101,301],"name":"NAM EUR 140 115 lom"},"geometry":{"type":"LineString","coordinates":[[20.051,65.954],[20.378,66.132],[20.971,66.557],[21.586,66.979],[22.221,67.399],[22.88,67.816],[23.562,68.231],[24.27,68.643],[25.004,69.051],[25.765,69.456],[26.556,69.858],[27.377,70.257],[28.231,70.651],[29.119,71.041],[29.969,71.425],[30.854,71.806],[31.776,72.182],[32.735,72.553],[33.735,72.92],[34.777,73.282],[35.677,73.594],[36.611,73.902],[37.581,74.206]]}},{"type":"Feature","properties":{"boundary_type":"other","feature_type":"gpml:InferredPaleoBoundary","polarity":null,"overriding_plate_id":null,"subducting_plate_id":null,"plate_ids":[301,42150],"name":"NAM EUR 140 115 lom"},"geometry":{"type":"LineString","coordinates":[[37.581,74.206],[38.813,74.571],[40.103,74.929],[41.454,75.279],[42.868,75.621],[44.349,75.954],[45.899,76.278],[47.222,76.601],[48.609,76.917],[50.063,77.225],[51.586,77.524],[53.181,77.815],[54.852,78.096],[56.602,78.366],[58.431,78.626],[60.363,78.852],[62.371,79.065],[64.456,79.265],[66.616,79.45],[68.849,79.62],[71.152,79.774],[73.52,79.911],[75.949,80.031],[77.566,80.345],[79.288,80.65],[81.124,80.946],[83.08,81.233],[85.166,81.509],[85.609,81.821],[86.087,82.133]]}},{"type":"Feature","properties":{"boundary_type":"other","feature_type":"gpml:InferredPaleoBoundary","polarity":null,"overriding_plate_id":null,"subducting_plate_id":null,"plate_ids":[409,42150],"name":"NAM EUR 140 115 lom"},"geometry":{"type":"LineString","coordinates":[[86.087,82.133],[86.818,82.565],[87.639,82.997],[88.567,83.426],[89.624,83.854]]}},{"type":"Feature","properties":{"boundary_type":"ridge","feature_type":"gpml:MidOceanRidge","polarity":null,"overriding_plate_id":null,"subducting_plate_id":null,"plate_ids":[715,53401],"name":"Ridge from iso at 126.7Ma on Madagascar Plate"},"geometry":{"type":"LineString","coordinates":[[69.93,-4.116],[69.779,-4.574],[69.628,-5.032],[69.476,-5.491],[69.325,-5.949],[69.173,-6.407],[69.021,-6.865],[68.869,-7.323],[68.716,-7.781],[68.535,-8.237],[68.354,-8.694],[68.172,-9.15],[67.99,-9.606],[67.807,-10.063],[67.624,-10.519],[67.44,-10.975],[67.255,-11.431],[67.07,-11.886],[66.885,-12.342],[66.699,-12.797],[66.512,-13.253],[66.324,-13.708],[66.136,-14.163],[65.947,-14.618],[65.757,-15.073],[65.566,-15.527],[65.374,-15.982],[65.182,-16.436],[64.989,-16.89]]}},{"type":"Feature","properties":{"boundary_type":"ridge","feature_type":"gpml:MidOceanRidge","polarity":null,"overriding_plate_id":null,"subducting_plate_id":null,"plate_ids":[501,715],"name":"Ridge from iso at 126.7Ma on Madagascar Plate"},"geometry":{"type":"LineString","coordinates":[[64.989,-16.89],[64.804,-17.321],[64.619,-17.752],[64.433,-18.182],[63.978,-18.049],[63.523,-17.914],[63.069,-17.779],[62.616,-17.642],[62.163,-17.504],[62.048,-17.942],[61.933,-18.38],[61.817,-18.818],[61.7,-19.256],[61.583,-19.694],[61.465,-20.132]]}},{"type":"Feature","properties":{"boundary_type":"ridge","feature_type":"gpml:MidOceanRidge","polarity":null,"overriding_plate_id":null,"subducting_plate_id":null,"plate_ids":[501,701],"name":"Ridge from iso at 126.7Ma on Madagascar Plate"},"geometry":{"type":"LineString","coordinates":[[61.465,-20.132],[61.354,-20.543],[61.242,-20.954],[61.13,-21.365],[61.016,-21.775],[60.903,-22.186],[60.443,-22.121],[59.983,-22.054],[59.524,-21.986],[59.066,-21.917],[58.608,-21.846],[58.15,-21.774],[57.693,-21.701],[57.487,-22.124],[57.281,-22.547],[57.073,-22.969],[56.864,-23.391],[56.653,-23.813],[56.148,-23.97],[55.642,-24.126],[55.134,-24.28],[54.625,-24.432],[54.115,-24.583],[53.604,-24.732],[53.091,-24.879],[52.578,-25.024],[52.384,-25.464],[52.188,-25.905],[51.991,-26.344],[51.793,-26.784],[51.593,-27.223],[51.088,-27.098],[50.584,-26.972],[50.081,-26.843],[49.579,-26.713],[49.079,-26.581],[48.579,-26.447],[48.394,-26.905],[48.208,-27.362],[48.02,-27.819],[47.83,-28.276],[47.639,-28.733],[47.446,-29.189],[47.251,-29.645],[46.986,-29.573]]}},{"type":"Feature","properties":{"boundary_type":"ridge","feature_type":"gpml:MidOceanRidge","polarity":null,"overriding_plate_id":null,"subducting_plate_id":null,"plate_ids":[701,702],"name":"Ridge from iso at 126.7Ma on Madagascar Plate"},"geometry":{"type":"LineString","coordinates":[[46.986,-29.573],[46.5,-29.441],[46.016,-29.306],[45.533,-29.169],[45.051,-29.031]]}},{"type":"Feature","properties":{"boundary_type":"ridge","feature_type":"gpml:MidOceanRidge","polarity":null,"overriding_plate_id":null,"subducting_plate_id":null,"plate_ids":[702],"name":"Ridge from iso at 126.7Ma on Madagascar Plate"},"geometry":{"type":"LineString","coordinates":[[45.051,-29.031],[45.041,-29.028]]}},{"type":"Feature","properties":{"boundary_type":"ridge","feature_type":"gpml:MidOceanRidge","polarity":null,"overriding_plate_id":null,"subducting_plate_id":null,"plate_ids":[702],"name":"Ridge from iso at 126.7Ma on Madagascar Plate"},"geometry":{"type":"LineString","coordinates":[[45.041,-29.028],[44.85,-29.476],[44.658,-29.924],[44.465,-30.371],[44.269,-30.818],[44.072,-31.264],[43.873,-31.711],[43.671,-32.157],[43.468,-32.602],[43.263,-33.047],[43.056,-33.492],[42.847,-33.937],[42.635,-34.381],[42.089,-34.255],[41.545,-34.127],[41.003,-33.996],[40.463,-33.862],[39.924,-33.727],[39.386,-33.589],[38.851,-33.448],[38.317,-33.306],[37.785,-33.161],[37.656,-33.407],[37.526,-33.652],[37.179,-33.53],[36.832,-33.407],[36.657,-33.811],[36.481,-34.215],[36.302,-34.618],[36.122,-35.021],[35.941,-35.424],[35.413,-35.205],[34.888,-34.983],[34.366,-34.76],[33.846,-34.534],[33.33,-34.306],[33.067,-34.741],[32.802,-35.175],[32.533,-35.609],[32.262,-36.043],[31.987,-36.475],[31.71,-36.908],[31.429,-37.339],[31.145,-37.77],[30.858,-38.2],[30.567,-38.629],[30.273,-39.058],[29.975,-39.486],[29.674,-39.913],[29.369,-40.339],[29.06,-40.765],[28.747,-41.19],[28.429,-41.614],[28.108,-42.037],[27.782,-42.459],[27.452,-42.88],[27.136,-43.292],[26.814,-43.702],[26.489,-44.112],[26.158,-44.521],[25.823,-44.929],[25.484,-45.336],[25.139,-45.742],[24.79,-46.147],[24.435,-46.551],[24.075,-46.954],[23.709,-47.355],[23.338,-47.756],[22.961,-48.155],[22.578,-48.553]]}},{"type":"Feature","properties":{"boundary_type":"ridge","feature_type":"gpml:MidOceanRidge","polarity":null,"overriding_plate_id":null,"subducting_plate_id":null,"plate_ids":[702,802],"name":"Ridge from iso at 126.7Ma on Madagascar Plate"},"geometry":{"type":"LineString","coordinates":[[22.578,-48.553],[22.188,-48.951],[21.792,-49.347],[21.389,-49.742],[20.98,-50.136]]}},{"type":"Feature","properties":{"boundary_type":"ridge","feature_type":"gpml:MidOceanRidge","polarity":null,"overriding_plate_id":null,"subducting_plate_id":null,"plate_ids":[701],"name":"Ridge"},"geometry":{"type":"LineString","coordinates":[[22.576,-48.552],[22.905,-48.213],[23.229,-47.873],[23.618,-47.454],[24.002,-47.035],[24.379,-46.614],[24.736,-46.21],[25.087,-45.806],[25.433,-45.401],[25.774,-44.995],[26.085,-44.617],[26.391,-44.238],[26.694,-43.858],[26.993,-43.477],[27.242,-43.162],[27.488,-42.846],[27.731,-42.529],[28.036,-42.135],[28.337,-41.74],[28.634,-41.344],[28.953,-40.914],[29.267,-40.483],[29.577,-40.052],[29.884,-39.619],[30.168,-39.211],[30.449,-38.803],[30.726,-38.393],[31.001,-37.984],[31.275,-37.572],[31.545,-37.16],[31.813,-36.747],[32.078,-36.333],[32.34,-35.919],[32.599,-35.505],[32.845,-35.106],[33.088,-34.706],[33.33,-34.307],[33.846,-34.535],[34.365,-34.76],[34.887,-34.984],[35.411,-35.205],[35.939,-35.424],[36.122,-35.02],[36.302,-34.616],[36.481,-34.212],[36.658,-33.808],[36.834,-33.403],[37.18,-33.528],[37.527,-33.652],[37.655,-33.404],[37.781,-33.157],[38.314,-33.302],[38.848,-33.445],[39.383,-33.586],[39.921,-33.724],[40.46,-33.86],[41.001,-33.994],[41.544,-34.126],[42.088,-34.254],[42.634,-34.381],[42.828,-33.973],[43.02,-33.565],[43.211,-33.156],[43.4,-32.748],[43.587,-32.339],[43.772,-31.929],[43.956,-31.52],[44.142,-31.106],[44.327,-30.691],[44.51,-30.277],[44.692,-29.862],[44.872,-29.447],[45.051,-29.031]]}},{"type":"Feature","properties":{"boundary_type":"ridge","feature_type":"gpml:MidOceanRidge","polarity":null,"overriding_plate_id":null,"subducting_plate_id":null,"plate_ids":[101,18150],"name":"Arctic Canada Basin Ridge"},"geometry":{"type":"LineString","coordinates":[[-38.064,73.808],[-37.177,74.168],[-36.25,74.525],[-35.377,74.842],[-34.469,75.155],[-33.522,75.465],[-32.535,75.771],[-33.527,76.082],[-32.5,76.31],[-31.44,76.534],[-30.536,76.751],[-29.603,76.964],[-29.948,77.439],[-28.189,77.746],[-26.738,77.976],[-25.232,78.198],[-23.67,78.413],[-22.052,78.618],[-19.85,78.771],[-17.591,78.908],[-15.281,79.027],[-12.923,79.129],[-11.312,79.238],[-9.669,79.339]]}},{"type":"Feature","properties":{"boundary_type":"ridge","feature_type":"gpml:MidOceanRidge","polarity":null,"overriding_plate_id":null,"subducting_plate_id":null,"plate_ids":[501,801],"name":"Cuvier Abyssal Plain MOR"},"geometry":{"type":"LineString","coordinates":[[86.144,-42.95],[86.066,-43.403],[85.986,-43.856],[85.905,-44.309],[85.823,-44.762],[85.739,-45.215],[85.655,-45.668],[85.568,-46.121],[85.481,-46.574],[85.392,-47.026],[85.301,-47.479],[85.209,-47.931],[84.532,-48.026],[84.529,-48.073],[84.134,-48.115],[83.737,-48.156],[83.754,-48.293],[83.16,-48.348],[83.164,-48.407],[82.716,-48.462],[82.266,-48.515],[82.161,-48.962],[81.453,-49.046],[80.742,-49.126],[80.452,-49.509],[80.159,-49.892],[79.86,-50.274],[79.557,-50.655],[79.248,-51.035],[78.935,-51.415]]}},{"type":"Feature","properties":{"boundary_type":"ridge","feature_type":"gpml:MidOceanRidge","polarity":null,"overriding_plate_id":null,"subducting_plate_id":null,"plate_ids":[501,801],"name":"Perth Abyssal Plain MOR"},"geometry":{"type":"LineString","coordinates":[[78.935,-51.415],[79.03,-51.898],[79.127,-52.381],[79.226,-52.864],[79.328,-53.347],[79.432,-53.83],[79.538,-54.313],[79.647,-54.796],[79.758,-55.278],[79.872,-55.761],[79.01,-55.867],[79.184,-56.221],[79.256,-56.65],[78.58,-56.715],[78.616,-57.035],[77.988,-57.075],[77.995,-57.199],[77.29,-57.229],[76.583,-57.255],[76.577,-57.223],[75.973,-57.236],[75.369,-57.247],[75.304,-56.956]]}},{"type":"Feature","properties":{"boundary_type":"subduction","feature_type":"gpml:SubductionZone","polarity":"Right","overriding_plate_id":802,"subducting_plate_id":919,"plate_ids":[802,919],"name":"ANT tr f Antarcticar COB MG-4-22-07"},"geometry":{"type":"LineString","coordinates":[[-48.62,-69.291],[-47.942,-68.996],[-47.309,-68.612],[-46.698,-68.226],[-46.106,-67.838],[-45.628,-67.418],[-45.166,-66.996],[-44.81,-66.545],[-44.467,-66.092],[-44.017,-65.791],[-43.578,-65.488],[-42.962,-65.079],[-42.365,-64.668],[-42.334,-64.35],[-42.304,-64.031],[-42.262,-63.554],[-42.221,-63.078],[-42.264,-62.7],[-42.305,-62.322],[-42.346,-61.945],[-42.117,-61.592],[-41.892,-61.238],[-41.673,-60.884],[-41.508,-60.459],[-41.348,-60.033],[-41.308,-59.691],[-41.269,-59.348],[-41.231,-59.006],[-41.195,-58.557],[-41.159,-58.108],[-41.125,-57.659],[-40.788,-57.309],[-40.459,-56.958],[-39.962,-56.62],[-39.475,-56.279],[-39.196,-55.862],[-38.923,-55.445],[-38.435,-55.04],[-37.957,-54.633],[-37.488,-54.224],[-37.209,-53.817],[-36.935,-53.408],[-36.667,-52.999],[-36.055,-52.967],[-35.444,-52.931],[-35.428,-52.93]]}},{"type":"Feature","properties":{"boundary_type":"subduction","feature_type":"gpml:SubductionZone","polarity":"Right","overriding_plate_id":301,"subducting_plate_id":926,"plate_ids":[301,926],"name":"Japan sub zone fromEarthByte cob MG 4-20-07"},"geometry":{"type":"LineString","coordinates":[[163.617,71.104],[163.91,70.631],[164.19,70.158],[164.457,69.684],[164.713,69.209],[164.075,68.81],[163.459,68.408],[163.805,67.935],[164.136,67.46],[164.455,66.985],[164.761,66.51],[165.056,66.034],[165.34,65.557],[165.614,65.08],[165.878,64.602],[166.133,64.124],[166.379,63.645],[166.618,63.167],[166.848,62.687],[167.071,62.207],[167.287,61.727],[167.385,61.27],[167.481,60.814],[167.573,60.357],[167.663,59.899],[167.751,59.442],[167.748,59.001],[167.745,58.561],[167.742,58.12],[167.74,57.679],[167.737,57.238],[167.644,56.778],[167.553,56.317],[167.464,55.857],[167.498,55.42],[167.531,54.984],[167.563,54.547],[167.594,54.11],[167.625,53.673],[167.518,53.262],[167.414,52.851],[167.311,52.439],[167.21,52.027],[167.094,51.698],[166.981,51.368],[166.869,51.038],[166.616,50.646],[166.368,50.254],[166.123,49.861],[165.731,49.461],[165.344,49.059],[165.113,48.654],[164.885,48.248],[164.239,48.101],[163.596,47.95],[162.957,47.796],[162.321,47.639],[161.857,47.374],[161.398,47.108],[160.943,46.839],[160.493,46.569],[160.047,46.298],[159.527,46.002],[159.012,45.705],[158.503,45.405],[158.161,45.256],[157.821,45.107],[157.38,44.915],[156.941,44.722],[156.505,44.527],[156.062,44.248],[155.624,43.967],[155.236,43.667],[154.852,43.365],[154.471,43.062],[154.167,42.94],[153.865,42.818]]}},{"type":"Feature","properties":{"boundary_type":"subduction","feature_type":"gpml:SubductionZone","polarity":"Left","overriding_plate_id":301,"subducting_plate_id":926,"plate_ids":[301,926],"name":"Junction Subduction Zone"},"geometry":{"type":"LineString","coordinates":[[144.677,22.3],[144.717,22.792],[144.758,23.285],[144.799,23.778],[144.84,24.271],[145.112,24.664],[145.385,25.056],[145.661,25.447],[145.938,25.838],[146.217,26.229],[146.498,26.619],[146.78,27.009],[147.009,27.427],[147.24,27.844],[147.472,28.261],[147.706,28.678],[147.942,29.094],[148.18,29.51],[148.42,29.925],[148.662,30.34],[148.89,30.786],[149.121,31.231],[149.354,31.676],[149.589,32.12],[149.827,32.564],[150.067,33.008],[150.309,33.451],[150.554,33.893],[150.801,34.336],[151.051,34.777]]}},{"type":"Feature","properties":{"boundary_type":"subduction","feature_type":"gpml:SubductionZone","polarity":"Left","overriding_plate_id":301,"subducting_plate_id":530,"plate_ids":[301,530],"name":"Tethyan subduction after Afgan block accretion"},"geometry":{"type":"LineString","coordinates":[[64.45,30.544],[64.854,30.364],[65.256,30.183],[65.737,29.912],[66.215,29.64],[66.476,29.368],[66.735,29.095],[66.994,28.821],[67.372,28.594],[67.749,28.367],[68.125,28.138],[68.504,27.9],[68.882,27.661],[69.258,27.421],[69.632,27.179],[70.046,27.006],[70.458,26.831],[70.869,26.655],[71.278,26.478],[71.736,26.331],[72.193,26.182],[72.649,26.032],[73.103,25.881],[73.556,25.728],[74.035,25.497],[74.512,25.263],[74.987,25.029],[75.461,24.792],[75.932,24.555],[76.402,24.316],[76.834,24.058],[77.265,23.799],[77.694,23.539],[78.121,23.278],[78.34,22.958],[78.557,22.637],[78.773,22.316],[78.988,21.995],[79.243,21.645],[79.497,21.295],[79.75,20.944],[80.001,20.593],[80.251,20.242],[80.654,19.936],[81.055,19.628],[81.455,19.32],[81.853,19.011],[82.25,18.701],[82.645,18.39],[83.078,18.125],[83.51,17.86],[83.941,17.594],[84.371,17.327],[84.799,17.058],[85.226,16.789],[85.652,16.52],[86.055,16.459],[86.458,16.397],[86.861,16.334],[87.264,16.271]]}},{"type":"Feature","properties":{"boundary_type":"subduction","feature_type":"gpml:SubductionZone","polarity":"Right","overriding_plate_id":101,"subducting_plate_id":902,"plate_ids":[101,902],"name":"Western NAM subduction"},"geometry":{"type":"LineString","coordinates":[[-47.729,18.643],[-48.06,18.94],[-48.392,19.236],[-48.725,19.531],[-49.059,19.825],[-49.395,20.12],[-49.511,20.599],[-49.628,21.078],[-49.745,21.558],[-49.864,22.037],[-49.983,22.516],[-50.103,22.995],[-50.335,23.394],[-50.569,23.793],[-50.805,24.191],[-51.042,24.589],[-51.281,24.987],[-51.521,25.384],[-51.704,25.696],[-51.888,26.007],[-52.073,26.318],[-52.225,26.699],[-52.378,27.078],[-52.531,27.458],[-52.686,27.838],[-52.79,28.171],[-52.894,28.504],[-52.999,28.837],[-53.158,29.212],[-53.317,29.587],[-53.478,29.961],[-53.544,30.313],[-53.61,30.664],[-53.677,31.016],[-53.766,31.406],[-53.857,31.796],[-53.948,32.186],[-54.04,32.575],[-54.092,33.046],[-54.144,33.517],[-54.422,33.927],[-54.703,34.337],[-54.987,34.747],[-55.273,35.155],[-55.554,35.408],[-55.835,35.66],[-56.119,35.911],[-56.479,36.199],[-56.841,36.485],[-57.206,36.771],[-57.412,37.075],[-57.62,37.379],[-57.944,37.737],[-58.271,38.094],[-58.615,38.307],[-58.96,38.518],[-59.308,38.728],[-59.405,39.099],[-59.504,39.47],[-59.603,39.841],[-59.866,40.295],[-60.133,40.749],[-60.403,41.202],[-60.613,41.589],[-60.825,41.975],[-61.039,42.36],[-61.257,42.745],[-61.476,43.13],[-61.561,43.559],[-61.646,43.987],[-61.732,44.416],[-61.82,44.845],[-61.911,45.226],[-62.003,45.607],[-62.096,45.987],[-62.19,46.368],[-62.008,46.817],[-61.822,47.266],[-61.633,47.714],[-61.441,48.162],[-61.103,48.608],[-60.758,49.053],[-60.407,49.497],[-60.05,49.94],[-59.651,50.358],[-59.244,50.774],[-58.83,51.189],[-58.409,51.603],[-58.174,52.021],[-57.934,52.438],[-57.69,52.855],[-57.441,53.271],[-57.187,53.686],[-56.928,54.101],[-57.234,54.495],[-57.547,54.888],[-57.866,55.281],[-58.191,55.672],[-58.594,55.988],[-59.004,56.303],[-59.42,56.616],[-59.844,56.928],[-59.991,57.327],[-60.141,57.725],[-60.43,58.167],[-60.727,58.607],[-60.954,58.925],[-61.184,59.242],[-61.418,59.559],[-61.618,59.973],[-61.861,60.448],[-62.112,60.922],[-62.166,61.284],[-62.222,61.646],[-62.278,62.007],[-62.193,62.437],[-62.106,62.866],[-62.09,63.201],[-62.073,63.536],[-62.056,63.871],[-62.174,64.258],[-61.818,64.708],[-61.939,65.091],[-61.865,65.446],[-62.021,65.925],[-62.422,66.39],[-62.593,66.595],[-62.734,66.977],[-63.02,67.331],[-63.171,67.713],[-63.256,68.177],[-63.282,68.43],[-63.308,68.683],[-63.201,68.943],[-63.092,69.203],[-62.994,69.573],[-62.893,69.943],[-62.787,70.313],[-62.561,70.583]]}},{"type":"Feature","properties":{"boundary_type":"other","feature_type":"gpml:TerraneBoundary","polarity":null,"overriding_plate_id":null,"subducting_plate_id":null,"plate_ids":[701,715],"name":"Benue Trough-Northeast Africa"},"geometry":{"type":"LineString","coordinates":[[15.939,-8.41],[15.545,-8.12],[15.246,-7.841],[14.947,-7.561],[14.612,-7.29],[14.278,-7.018],[14.064,-6.757],[13.85,-6.496],[13.637,-6.234],[13.424,-5.973],[13.293,-5.635],[13.161,-5.298]]}},{"type":"Feature","properties":{"boundary_type":"other","feature_type":"gpml:TerraneBoundary","polarity":null,"overriding_plate_id":null,"subducting_plate_id":null,"plate_ids":[101,301],"name":"North Greenland boundary"},"geometry":{"type":"LineString","coordinates":[[20.051,65.954],[20.695,66.137],[21.526,66.007],[22.144,65.981],[22.761,65.953],[23.455,65.949],[24.149,65.943],[25.046,65.691],[25.926,65.433],[26.921,65.184],[27.898,64.929],[28.647,64.677],[29.382,64.421],[29.899,64.101],[30.404,63.779],[30.898,63.455],[31.38,63.129],[31.857,62.709],[32.32,62.287],[32.771,61.863],[33.209,61.438],[33.635,61.012],[34.05,60.585],[34.052,60.583]]}},{"type":"Feature","properties":{"boundary_type":"other","feature_type":"gpml:TerraneBoundary","polarity":null,"overriding_plate_id":null,"subducting_plate_id":null,"plate_ids":[201,714],"name":"Northwest Africa-Benue Trough"},"geometry":{"type":"LineString","coordinates":[[5.916,-4.896],[6.251,-4.878],[6.586,-4.86],[6.921,-4.841],[7.273,-4.822],[7.625,-4.803],[7.958,-4.803]]}},{"type":"Feature","properties":{"boundary_type":"other","feature_type":"gpml:TerraneBoundary","polarity":null,"overriding_plate_id":null,"subducting_plate_id":null,"plate_ids":[701,714],"name":"Northwest Africa-Benue Trough"},"geometry":{"type":"LineString","coordinates":[[7.958,-4.803],[8.268,-4.802],[8.577,-4.801],[8.924,-4.819],[9.27,-4.837],[9.704,-4.848],[10.012,-4.797],[10.339,-4.815],[10.667,-4.833],[11.06,-4.865],[11.453,-4.897],[11.79,-4.967],[12.126,-5.035],[12.463,-5.104],[12.812,-5.201],[13.161,-5.298]]}},{"type":"Feature","properties":{"boundary_type":"other","feature_type":"gpml:TerraneBoundary","polarity":null,"overriding_plate_id":null,"subducting_plate_id":null,"plate_ids":[714,715],"name":"Northwest Africa-Benue Trough"},"geometry":{"type":"LineString","coordinates":[[13.161,-5.298],[13.46,-5.399],[13.758,-5.5],[14.229,-5.603],[14.701,-5.706]]}},{"type":"Feature","properties":{"boundary_type":"other","feature_type":"gpml:TerraneBoundary","polarity":null,"overriding_plate_id":null,"subducting_plate_id":null,"plate_ids":[201,701],"name":"Parana Basin-Patagonia"},"geometry":{"type":"LineString","coordinates":[[-11.745,-47.544],[-11.224,-47.59],[-10.703,-47.633],[-10.181,-47.674],[-9.542,-47.754],[-8.901,-47.83],[-8.259,-47.903],[-7.615,-47.972],[-6.937,-48.082],[-6.257,-48.189],[-5.574,-48.291],[-4.888,-48.389],[-4.199,-48.483],[-3.559,-48.546],[-2.917,-48.606],[-2.274,-48.662],[-1.629,-48.715],[-0.983,-48.764],[-0.335,-48.809],[0.36,-48.758],[1.054,-48.703],[1.747,-48.643],[2.438,-48.579],[3.127,-48.511]]}},{"type":"Feature","properties":{"boundary_type":"other","feature_type":"gpml:TerraneBoundary","polarity":null,"overriding_plate_id":null,"subducting_plate_id":null,"plate_ids":[701,28900],"name":"Parana Basin-Patagonia"},"geometry":{"type":"LineString","coordinates":[[3.127,-48.511],[3.678,-48.454]]}},{"type":"Feature","properties":{"boundary_type":"transform","feature_type":"gpml:Transform","polarity":null,"overriding_plate_id":null,"subducting_plate_id":null,"plate_ids":[101,18150],"name":"TRANSFORM"},"geometry":{"type":"LineString","coordinates":[[-9.669,79.339],[-8.642,78.973]]}},{"type":"Feature","properties":{"boundary_type":"transform","feature_type":"gpml:Transform","polarity":null,"overriding_plate_id":null,"subducting_plate_id":null,"plate_ids":[702,802],"name":"Transform IND-MAD"},"geometry":{"type":"LineString","coordinates":[[20.98,-50.136],[21.17,-50.202],[21.918,-50.345],[22.671,-50.483],[23.255,-50.529],[23.84,-50.572],[24.478,-50.534],[25.116,-50.492],[25.886,-50.447],[26.655,-50.397],[27.214,-50.278],[27.771,-50.156],[28.483,-49.998],[29.19,-49.836],[29.751,-49.592],[30.307,-49.346],[30.602,-49.09]]}},{"type":"Feature","properties":{"boundary_type":"transform","feature_type":"gpml:Transform","polarity":null,"overriding_plate_id":null,"subducting_plate_id":null,"plate_ids":[501,702],"name":"Transform IND-MAD"},"geometry":{"type":"LineString","coordinates":[[30.602,-49.09],[30.962,-48.773],[31.319,-48.454],[31.67,-48.135],[32.125,-47.857],[32.575,-47.577],[33.02,-47.296],[33.46,-47.012],[33.957,-46.744],[34.449,-46.474],[34.937,-46.202],[35.43,-45.883],[35.918,-45.561],[36.4,-45.238],[36.805,-44.906],[37.205,-44.572],[37.6,-44.237],[37.98,-43.906],[38.356,-43.574],[38.727,-43.24],[39.074,-42.934],[39.417,-42.627],[39.757,-42.319],[40.093,-42.01],[40.373,-41.743],[40.65,-41.476],[40.832,-41.147],[41.012,-40.818],[41.19,-40.488],[41.374,-40.144],[41.555,-39.799],[41.735,-39.455],[41.953,-39.033],[42.168,-38.611],[42.381,-38.188],[42.591,-37.765],[42.802,-37.335],[43.01,-36.904],[43.216,-36.472],[43.42,-36.041],[43.657,-35.645],[43.891,-35.248],[44.123,-34.851],[44.349,-34.452],[44.572,-34.054],[44.793,-33.654],[45.013,-33.255],[45.23,-32.855],[45.445,-32.455],[45.694,-32.007],[45.94,-31.56],[46.185,-31.112],[46.426,-30.663],[46.666,-30.214],[46.904,-29.764],[46.986,-29.573]]}},{"type":"Feature","properties":{"boundary_type":"subduction","feature_type":"gpml:SubductionZone","polarity":"Right","overriding_plate_id":806,"subducting_plate_id":919,"plate_ids":[806,919],"name":"Jarrod"},"geometry":{"type":"LineString","coordinates":[[-83.004,-75.912],[-81.244,-75.661],[-79.544,-75.398],[-77.905,-75.124]]}},{"type":"Feature","properties":{"boundary_type":"subduction","feature_type":"gpml:SubductionZone","polarity":"Right","overriding_plate_id":802,"subducting_plate_id":919,"plate_ids":[802,919],"name":"Jarrod"},"geometry":{"type":"LineString","coordinates":[[-77.905,-75.124],[-76.799,-74.926],[-75.721,-74.723],[-74.672,-74.515],[-73.172,-74.335],[-71.706,-74.146],[-70.274,-73.947],[-68.878,-73.738],[-67.516,-73.521],[-66.19,-73.295],[-64.899,-73.061],[-63.52,-72.832],[-62.177,-72.594],[-60.87,-72.346],[-59.598,-72.091],[-58.268,-71.813],[-56.977,-71.527],[-55.724,-71.232],[-54.509,-70.929],[-53.331,-70.618],[-52.19,-70.3],[-51.265,-70.054],[-50.363,-69.804],[-49.481,-69.549],[-48.62,-69.291]]}},{"type":"Feature","properties":{"boundary_type":"ridge","feature_type":"gpml:MidOceanRidge","polarity":null,"overriding_plate_id":null,"subducting_plate_id":null,"plate_ids":[801,53401],"name":"MOR AG 2012"},"geometry":{"type":"LineString","coordinates":[[93.521,-41.176],[93.796,-41.142],[94.284,-41.063],[94.77,-40.981],[95.362,-40.957],[95.952,-40.93],[96.542,-40.9],[97.132,-40.867],[97.739,-40.881],[98.345,-40.893],[98.953,-40.901],[99.56,-40.906],[99.618,-40.453],[99.676,-40.0],[99.733,-39.547],[99.789,-39.093],[99.844,-38.64],[99.899,-38.187],[99.953,-37.733],[100.544,-37.665],[101.134,-37.593],[101.722,-37.519],[102.309,-37.441],[102.895,-37.361],[103.48,-37.278],[104.064,-37.191],[104.646,-37.102],[105.226,-37.011],[105.806,-36.916],[106.384,-36.819],[106.96,-36.718],[107.535,-36.615],[108.108,-36.51],[108.682,-36.387],[109.254,-36.262],[109.824,-36.134],[110.393,-36.003],[110.959,-35.869],[111.523,-35.733],[112.086,-35.594],[112.647,-35.453],[113.205,-35.309],[113.762,-35.163],[114.316,-35.014],[114.869,-34.862],[115.419,-34.708]]}},{"type":"Feature","properties":{"boundary_type":"ridge","feature_type":"gpml:MidOceanRidge","polarity":null,"overriding_plate_id":null,"subducting_plate_id":null,"plate_ids":[501,53401],"name":"MOR AG 2012"},"geometry":{"type":"LineString","coordinates":[[64.989,-16.89],[65.249,-17.299],[65.511,-17.706],[65.774,-18.114],[66.038,-18.521],[66.303,-18.928],[66.57,-19.334],[66.838,-19.74],[67.107,-20.146],[67.378,-20.551],[67.65,-20.955],[67.924,-21.36],[68.199,-21.764],[68.476,-22.167],[68.754,-22.57],[69.034,-22.972],[69.316,-23.374],[69.599,-23.776],[69.884,-24.177],[70.171,-24.577],[70.46,-24.977],[70.75,-25.376],[71.043,-25.775],[71.489,-25.627],[71.935,-25.478],[72.379,-25.328],[72.823,-25.177],[73.043,-25.607],[73.264,-26.037],[73.487,-26.466],[73.712,-26.896],[73.939,-27.324],[74.167,-27.753],[74.397,-28.181],[74.629,-28.609],[74.863,-29.036],[75.098,-29.463],[75.336,-29.89],[75.576,-30.316],[75.818,-30.741],[76.062,-31.167],[76.308,-31.591],[76.621,-32.008],[76.937,-32.424],[77.255,-32.84],[77.577,-33.254],[77.902,-33.668],[78.23,-34.081],[78.561,-34.493],[78.895,-34.904],[79.233,-35.314],[79.574,-35.723],[79.919,-36.132],[80.267,-36.539],[80.619,-36.945],[80.975,-37.35],[81.334,-37.754],[81.698,-38.157],[82.066,-38.559],[82.437,-38.96],[82.813,-39.359],[83.194,-39.758],[83.76,-39.546],[84.323,-39.331],[84.883,-39.114],[85.439,-38.895],[85.992,-38.672],[86.541,-38.447],[87.087,-38.22],[87.629,-37.99],[88.168,-37.757],[88.704,-37.522],[89.236,-37.285],[89.765,-37.045],[90.291,-36.803],[90.813,-36.559],[91.04,-36.98],[91.27,-37.401],[91.503,-37.822],[91.738,-38.242],[91.976,-38.661],[92.216,-39.08],[92.46,-39.499],[92.706,-39.917],[92.956,-40.335]]}},{"type":"Feature","properties":{"boundary_type":"ridge","feature_type":"gpml:MidOceanRidge","polarity":null,"overriding_plate_id":null,"subducting_plate_id":null,"plate_ids":[801,53401],"name":"MOR AG 2012"},"geometry":{"type":"LineString","coordinates":[[92.956,-40.335],[93.135,-40.63],[93.327,-40.903],[93.521,-41.176]]}},{"type":"Feature","properties":{"boundary_type":"subduction","feature_type":"gpml:SubductionZone","polarity":"Left","overriding_plate_id":529,"subducting_plate_id":53401,"plate_ids":[529,53401],"name":"Lhasa subduction zone 180-100Ma according to Ana's model MS12"},"geometry":{"type":"LineString","coordinates":[[78.814,5.779],[79.176,5.458],[79.537,5.138],[79.897,4.817],[80.257,4.497],[80.617,4.176],[80.977,3.855],[81.336,3.533],[81.696,3.212],[82.116,2.944],[82.537,2.675],[82.957,2.406],[83.377,2.138],[83.797,1.869],[84.217,1.6],[84.637,1.331],[85.059,1.149],[85.481,0.967],[85.903,0.785],[86.325,0.603],[86.748,0.421],[87.17,0.239],[87.592,0.057],[88.014,-0.125],[88.419,-0.285],[88.824,-0.445],[89.229,-0.605],[89.634,-0.765],[90.039,-0.924],[90.444,-1.084],[90.849,-1.244],[91.259,-1.403],[91.669,-1.562],[92.079,-1.72],[92.489,-1.879],[92.898,-2.038],[93.309,-2.196],[93.719,-2.355],[94.129,-2.513],[94.6,-2.603],[95.071,-2.693],[95.543,-2.783],[96.014,-2.873],[96.486,-2.963],[96.957,-3.052],[97.429,-3.142],[97.901,-3.231],[98.342,-3.242],[98.784,-3.253],[99.226,-3.264],[99.668,-3.274],[100.11,-3.285],[100.551,-3.295],[100.993,-3.305],[101.435,-3.315],[101.908,-3.265],[102.38,-3.215],[102.852,-3.165],[103.324,-3.114],[103.797,-3.064],[104.269,-3.013],[104.741,-2.962],[105.229,-2.934],[105.717,-2.907],[106.205,-2.879],[106.694,-2.851],[107.182,-2.823],[107.67,-2.794],[108.008,-2.665]]}},{"type":"Feature","properties":{"boundary_type":"ridge","feature_type":"gpml:MidOceanRidge","polarity":null,"overriding_plate_id":null,"subducting_plate_id":null,"plate_ids":[301,528],"name":"Back-arc ridge between South Tibet and Eurasia based on Ana's model MS12"},"geometry":{"type":"LineString","coordinates":[[115.379,12.941],[114.998,13.087],[114.616,13.234],[114.159,13.409],[113.701,13.584],[113.243,13.757],[112.784,13.93],[112.325,14.102],[111.864,14.274],[111.403,14.444],[110.942,14.613],[110.479,14.782],[110.016,14.949],[109.552,15.116],[109.088,15.282],[108.622,15.446],[108.34,15.237],[108.059,15.027],[107.778,14.816],[107.355,15.022],[106.931,15.227],[106.506,15.432],[106.081,15.635],[105.654,15.838],[105.227,16.04],[104.946,15.769],[104.666,15.498],[104.387,15.226],[104.109,14.955],[103.663,15.174],[103.216,15.393],[102.769,15.611],[102.32,15.829],[101.87,16.045],[101.42,16.26],[100.968,16.474],[100.516,16.688],[100.062,16.9],[99.607,17.111],[99.152,17.322],[98.695,17.531],[98.237,17.739],[97.768,17.961],[97.297,18.181],[96.825,18.401],[96.351,18.619],[95.877,18.836],[95.401,19.052],[94.924,19.267],[94.446,19.48],[94.036,19.65],[93.626,19.819],[93.215,19.987],[92.803,20.155],[92.39,20.321],[91.976,20.486],[91.647,20.686],[91.318,20.886],[90.987,21.084]]}},{"type":"Feature","properties":{"boundary_type":"transform","feature_type":"gpml:Transform","polarity":null,"overriding_plate_id":null,"subducting_plate_id":null,"plate_ids":[801,806],"name":"Extend deforming zone"},"geometry":{"type":"LineString","coordinates":[[117.982,-84.053],[122.623,-84.103],[127.313,-84.114],[131.99,-84.087],[136.593,-84.02],[141.068,-83.917],[145.368,-83.777],[149.46,-83.605],[153.319,-83.402],[156.934,-83.171],[160.301,-82.915],[163.425,-82.637],[166.315,-82.339],[168.983,-82.022],[171.444,-81.69],[173.989,-81.583],[176.466,-81.461],[178.87,-81.323],[-178.806,-81.17],[-176.335,-81.163],[-173.873,-81.139],[-171.428,-81.099]]}},{"type":"Feature","properties":{"boundary_type":"subduction","feature_type":"gpml:SubductionZone","polarity":"Right","overriding_plate_id":18150,"subducting_plate_id":902,"plate_ids":[902,18150],"name":"Koyukuk and Nutesyn Subduction Zone GS"},"geometry":{"type":"LineString","coordinates":[[-48.309,73.985],[-49.61,74.289],[-50.961,74.584],[-52.362,74.872],[-53.816,75.15],[-55.323,75.419],[-56.884,75.678],[-58.5,75.927],[-59.992,76.097],[-61.519,76.258],[-63.081,76.41],[-64.676,76.551],[-66.651,76.529],[-68.617,76.492],[-70.571,76.439],[-72.507,76.371],[-74.323,76.566],[-76.189,76.747],[-78.103,76.914],[-80.065,77.067],[-82.07,77.205],[-83.618,77.447],[-85.224,77.681],[-86.891,77.904],[-88.618,78.117],[-90.405,78.32],[-92.253,78.51]]}},{"type":"Feature","properties":{"boundary_type":"other","feature_type":"gpml:UnclassifiedFeature","polarity":null,"overriding_plate_id":null,"subducting_plate_id":null,"plate_ids":[301,409],"name":"Boundary SIB-NAM test"},"geometry":{"type":"LineString","coordinates":[[86.087,82.133],[89.356,81.952],[92.473,81.748],[95.432,81.52],[98.231,81.271],[100.869,81.003],[103.352,80.717],[105.683,80.415],[107.723,80.108],[109.639,79.79],[111.438,79.461],[113.129,79.122],[114.717,78.775],[116.21,78.42],[117.615,78.058],[118.937,77.69],[120.736,77.413],[122.458,77.125],[124.104,76.826],[125.677,76.517],[127.18,76.199],[128.615,75.872],[130.234,75.677],[131.809,75.471],[133.339,75.255],[134.826,75.029],[136.268,74.794],[137.667,74.55],[139.023,74.297],[140.336,74.036],[142.112,74.061],[143.891,74.07],[145.672,74.065],[147.449,74.046],[149.053,74.009],[150.648,73.96],[152.233,73.899],[153.805,73.827],[155.363,73.743],[156.903,73.648],[158.426,73.542],[159.442,73.151],[160.414,72.756],[161.343,72.356],[162.231,71.952],[163.082,71.544],[163.898,71.132]]}},{"type":"Feature","properties":{"boundary_type":"subduction","feature_type":"gpml:SubductionZone","polarity":"Left","overriding_plate_id":301,"subducting_plate_id":926,"plate_ids":[301,926],"name":"Uda-Murgal Subduction Zone GS"},"geometry":{"type":"LineString","coordinates":[[163.617,71.104],[163.898,71.132]]}},{"type":"Feature","properties":{"boundary_type":"subduction","feature_type":"gpml:SubductionZone","polarity":"Left","overriding_plate_id":409,"subducting_plate_id":926,"plate_ids":[409,926],"name":"Uda-Murgal Subduction Zone GS"},"geometry":{"type":"LineString","coordinates":[[163.898,71.132],[165.103,71.247],[166.322,71.354],[167.555,71.453],[168.799,71.544],[170.055,71.627],[171.464,71.85],[172.905,72.063],[174.379,72.264],[175.884,72.455],[177.421,72.634],[178.987,72.8],[-179.417,72.955],[-177.795,73.097],[-176.147,73.226],[-174.81,73.52],[-173.426,73.805],[-171.994,74.081],[-170.515,74.347],[-168.986,74.603],[-167.408,74.849],[-165.78,75.082],[-164.103,75.305],[-162.377,75.514],[-160.845,75.799],[-159.253,76.073],[-157.599,76.337],[-155.882,76.59],[-154.103,76.83],[-152.26,77.058],[-150.354,77.272],[-148.386,77.472],[-146.358,77.658],[-144.272,77.828],[-142.529,78.081],[-140.713,78.322],[-138.824,78.552],[-136.861,78.769]]}},{"type":"Feature","properties":{"boundary_type":"subduction","feature_type":"gpml:SubductionZone","polarity":"Right","overriding_plate_id":null,"subducting_plate_id":null,"plate_ids":[926],"name":"Koyukuk and Nutesyn Subduction Zone GS"},"geometry":{"type":"LineString","coordinates":[[-96.539,79.771],[-95.227,79.384],[-94.006,78.993],[-92.869,78.597],[-91.807,78.198],[-90.814,77.794],[-89.884,77.387],[-90.626,77.764],[-91.414,78.138],[-92.253,78.51]]}},{"type":"Feature","properties":{"boundary_type":"subduction","feature_type":"gpml:SubductionZone","polarity":"Right","overriding_plate_id":null,"subducting_plate_id":null,"plate_ids":[902,926,18150],"name":"Koyukuk and Nutesyn Subduction Zone GS"},"geometry":{"type":"LineString","coordinates":[[-92.253,78.51],[-93.1,78.861],[-94.001,79.21],[-94.961,79.555],[-95.947,79.944],[-97.011,80.33],[-98.163,80.712],[-99.412,81.09],[-100.782,81.525],[-102.299,81.955],[-103.985,82.378],[-105.866,82.794],[-107.51,83.19],[-109.354,83.579],[-111.433,83.961],[-113.787,84.334],[-116.467,84.696],[-119.531,85.045],[-123.047,85.378]]}},{"type":"Feature","properties":{"boundary_type":"subduction","feature_type":"gpml:SubductionZone","polarity":"Right","overriding_plate_id":null,"subducting_plate_id":null,"plate_ids":[902],"name":"Koyukuk and Nutesyn Subduction Zone GS"},"geometry":{"type":"LineString","coordinates":[[-123.047,85.378],[-127.643,85.729],[-124.102,85.393],[-121.051,85.042],[-118.409,84.679],[-116.107,84.306],[-114.091,83.925]]}},{"type":"Feature","properties":{"boundary_type":"subduction","feature_type":"gpml:SubductionZone","polarity":"Left","overriding_plate_id":42150,"subducting_plate_id":926,"plate_ids":[926,42150],"name":"Koyukuk and Nutesyn Arc Subduction Zone Test GS"},"geometry":{"type":"LineString","coordinates":[[118.271,83.351],[119.801,83.627],[121.467,83.897],[122.993,84.176],[126.333,84.53],[130.118,84.862],[134.403,85.169],[139.237,85.446],[144.651,85.686],[150.642,85.884],[157.158,86.033],[163.209,86.251],[169.924,86.423],[177.206,86.542],[-175.128,86.602],[-167.333,86.599],[-159.689,86.535],[-151.972,86.458],[-144.705,86.321],[-138.057,86.13],[-132.107,85.891],[-126.857,85.614]]}},{"type":"Feature","properties":{"boundary_type":"subduction","feature_type":"gpml:SubductionZone","polarity":"Left","overriding_plate_id":18150,"subducting_plate_id":926,"plate_ids":[926,18150],"name":"Koyukuk and Nutesyn Arc Subduction Zone Test GS"},"geometry":{"type":"LineString","coordinates":[[-126.857,85.614],[-125.382,85.522],[-123.047,85.378]]}},{"type":"Feature","properties":{"boundary_type":"transform","feature_type":"gpml:Transform","polarity":null,"overriding_plate_id":null,"subducting_plate_id":null,"plate_ids":[18150,42150],"name":"AACM 2-plate transform GS12"},"geometry":{"type":"LineString","coordinates":[[-6.024,78.969],[-6.466,79.353],[-6.94,79.736],[-7.451,80.118],[-8.002,80.499],[-8.801,80.952],[-9.683,81.403],[-10.662,81.852],[-11.753,82.298],[-12.978,82.741],[-14.36,83.181],[-15.931,83.616],[-17.812,84.023],[-19.964,84.423],[-22.444,84.814],[-25.321,85.194],[-28.68,85.56],[-32.624,85.907],[-37.273,86.232],[-42.574,86.506],[-48.712,86.745],[-55.725,86.941],[-63.56,87.085],[-72.035,87.17],[-80.83,87.19],[-89.546,87.145],[-98.055,87.006],[-105.661,86.808],[-112.279,86.56],[-117.945,86.274],[-122.764,85.956],[-126.857,85.614]]}},{"type":"Feature","properties":{"boundary_type":"other","feature_type":"gpml:InferredPaleoBoundary","polarity":null,"overriding_plate_id":null,"subducting_plate_id":null,"plate_ids":[409,926],"name":"KOST NE Siberia boundary GS"},"geometry":{"type":"LineString","coordinates":[[134.384,82.335],[135.521,82.554],[136.726,82.77],[139.374,82.988],[142.185,83.19],[145.159,83.376],[148.295,83.542],[152.462,83.623],[156.711,83.67],[161.0,83.681],[165.281,83.658],[169.507,83.599],[173.163,83.495],[176.69,83.364],[-179.93,83.21],[-176.71,83.034],[-173.033,82.907],[-169.499,82.752],[-166.124,82.571],[-162.919,82.366],[-159.89,82.138],[-156.96,81.98],[-154.149,81.803],[-151.463,81.607],[-149.466,81.258],[-147.623,80.899],[-145.92,80.532],[-144.345,80.157],[-142.287,79.827],[-140.359,79.485],[-138.553,79.132],[-136.861,78.769]]}},{"type":"Feature","properties":{"boundary_type":"ridge","feature_type":"gpml:MidOceanRidge","polarity":null,"overriding_plate_id":null,"subducting_plate_id":null,"plate_ids":[101,18150],"name":"Arctic Mendeleev Ridge"},"geometry":{"type":"LineString","coordinates":[[-8.642,78.973],[-8.317,78.977],[-6.024,78.969]]}},{"type":"Feature","properties":{"boundary_type":"ridge","feature_type":"gpml:MidOceanRidge","polarity":null,"overriding_plate_id":null,"subducting_plate_id":null,"plate_ids":[101,42150],"name":"Arctic Mendeleev Ridge"},"geometry":{"type":"LineString","coordinates":[[-6.024,78.969],[-4.012,78.948],[-2.01,78.914],[-0.022,78.867],[1.947,78.807],[4.082,78.737],[6.189,78.652],[8.263,78.553],[10.298,78.439],[12.407,78.266],[14.453,78.078],[16.434,77.875],[18.349,77.659],[20.197,77.431],[21.978,77.19],[23.693,76.937],[25.411,76.692],[27.067,76.435],[28.661,76.168],[30.195,75.891],[31.67,75.605],[33.088,75.31],[34.451,75.006],[35.76,74.695],[36.684,74.453],[37.581,74.206]]}},{"type":"Feature","properties":{"boundary_type":"ridge","feature_type":"gpml:MidOceanRidge","polarity":null,"overriding_plate_id":null,"subducting_plate_id":null,"plate_ids":[901,926],"name":"IZA-PAC MOR"},"geometry":{"type":"LineString","coordinates":[[-143.388,0.975],[-143.404,0.936],[-143.839,0.841],[-144.274,0.746],[-144.709,0.652],[-145.144,0.557],[-145.58,0.462],[-146.015,0.367],[-146.45,0.273],[-146.351,-0.158],[-146.251,-0.589],[-146.152,-1.02],[-146.053,-1.451],[-145.912,-1.848],[-145.77,-2.245],[-145.628,-2.642],[-145.487,-3.039],[-145.345,-3.436],[-145.192,-3.785],[-145.04,-4.133],[-144.887,-4.482],[-145.305,-4.624],[-145.724,-4.766],[-146.142,-4.908],[-146.561,-5.049],[-146.963,-5.18],[-147.365,-5.31],[-147.767,-5.44],[-148.179,-5.501]]}},{"type":"Feature","properties":{"boundary_type":"ridge","feature_type":"gpml:MidOceanRidge","polarity":null,"overriding_plate_id":null,"subducting_plate_id":null,"plate_ids":[901,926],"name":"IZA-PAC MOR"},"geometry":{"type":"LineString","coordinates":[[-144.57,5.853],[-144.465,5.84],[-144.41,5.51],[-144.355,5.18],[-144.3,4.85],[-144.156,4.437],[-144.012,4.024],[-143.868,3.612],[-143.823,3.256],[-143.778,2.901],[-143.733,2.545],[-143.643,2.163],[-143.552,1.78],[-143.462,1.398],[-143.372,1.015],[-143.388,0.975]]}},{"type":"Feature","properties":{"boundary_type":"ridge","feature_type":"gpml:MidOceanRidge","polarity":null,"overriding_plate_id":null,"subducting_plate_id":null,"plate_ids":[926],"name":"IZA-PAC MOR"},"geometry":{"type":"LineString","coordinates":[[-127.159,6.775],[-127.193,6.77]]}},{"type":"Feature","properties":{"boundary_type":"ridge","feature_type":"gpml:MidOceanRidge","polarity":null,"overriding_plate_id":null,"subducting_plate_id":null,"plate_ids":[901,926],"name":"IZA-PAC MOR"},"geometry":{"type":"LineString","coordinates":[[-127.193,6.77],[-127.222,6.765],[-127.5,6.86],[-127.761,7.245],[-128.195,7.088],[-128.629,6.931],[-128.702,7.06],[-129.094,6.935],[-129.487,6.809],[-129.879,6.683],[-130.271,6.556],[-130.649,6.44],[-131.026,6.324],[-131.418,6.215],[-131.809,6.107],[-132.2,5.998],[-132.614,5.862],[-133.028,5.725],[-133.442,5.587],[-133.83,5.475],[-134.217,5.362],[-134.603,5.249],[-134.99,5.135],[-135.377,5.022],[-135.439,5.304],[-135.501,5.587],[-135.761,5.5],[-136.021,5.413],[-136.417,5.374],[-136.753,5.246],[-137.089,5.118],[-137.424,4.99],[-137.571,5.379],[-137.756,5.402],[-137.893,5.708],[-138.031,6.015],[-138.168,6.321],[-138.29,6.79],[-138.412,7.259],[-138.534,7.728],[-138.896,7.632],[-139.257,7.535],[-139.618,7.437],[-139.737,7.442],[-140.182,7.295],[-140.235,7.319],[-140.665,7.223],[-141.094,7.127],[-141.524,7.03],[-141.614,6.997],[-141.69,6.946],[-141.75,6.905],[-141.861,6.799],[-142.181,6.664],[-142.192,6.594],[-142.402,6.496],[-142.538,6.462],[-142.897,6.317],[-143.342,6.205],[-143.787,6.092],[-144.231,5.979],[-144.676,5.866],[-144.57,5.853]]}},{"type":"Feature","properties":{"boundary_type":"ridge","feature_type":"gpml:MidOceanRidge","polarity":null,"overriding_plate_id":null,"subducting_plate_id":null,"plate_ids":[101,714],"name":"Ridge from iso M0 from NAM at 120.4Ma"},"geometry":{"type":"LineString","coordinates":[[8.678,30.551],[8.218,30.388],[7.76,30.224],[7.304,30.058],[6.849,29.89],[6.385,29.661],[5.923,29.43],[5.57,29.267],[5.218,29.104],[4.866,28.939],[4.621,29.087],[4.161,28.891],[3.702,28.694],[3.246,28.496],[2.791,28.296],[2.337,28.094],[1.886,27.892],[1.436,27.687],[0.988,27.481],[0.531,27.446],[0.074,27.409],[-0.383,27.371],[-0.839,27.331],[-1.295,27.29],[-1.543,27.455],[-1.791,27.619],[-2.279,27.394],[-2.765,27.168],[-2.72,27.115],[-3.165,26.911],[-3.608,26.705],[-4.05,26.498],[-4.49,26.29],[-4.928,26.081],[-5.365,25.87],[-5.621,26.033],[-5.877,26.196],[-6.296,25.898],[-6.712,25.598],[-6.886,25.717],[-7.262,25.544],[-7.636,25.369],[-7.739,25.441],[-8.085,25.121],[-8.429,24.8],[-8.772,24.478],[-9.112,24.155],[-9.046,24.104],[-9.369,23.746],[-9.69,23.387],[-10.009,23.027],[-9.916,22.943],[-10.2,22.582],[-10.481,22.22],[-10.762,21.858],[-11.041,21.495],[-11.319,21.132],[-11.282,21.047],[-11.456,20.823],[-11.629,20.599],[-11.562,20.527],[-11.834,20.167],[-12.104,19.808],[-12.374,19.448],[-12.642,19.088],[-12.909,18.727],[-12.862,18.65],[-13.139,18.256],[-13.414,17.862],[-13.688,17.467],[-13.961,17.072],[-14.233,16.676],[-14.095,16.54],[-14.363,16.236],[-14.629,15.931],[-14.894,15.625],[-14.625,15.253],[-14.356,14.88],[-14.088,14.507],[-14.391,14.223],[-14.693,13.938],[-14.994,13.653],[-15.286,13.247],[-15.577,12.842],[-15.868,12.436],[-16.157,12.03],[-16.446,11.624]]}},{"type":"Feature","properties":{"boundary_type":"ridge","feature_type":"gpml:MidOceanRidge","polarity":null,"overriding_plate_id":null,"subducting_plate_id":null,"plate_ids":[780,53401],"name":"Junction MOR"},"geometry":{"type":"LineString","coordinates":[[134.171,-2.763],[134.048,-3.222],[133.924,-3.681],[133.8,-4.14],[133.676,-4.599],[133.552,-5.058],[133.428,-5.517],[133.303,-5.976],[133.178,-6.435],[133.053,-6.894],[132.928,-7.353],[132.803,-7.811],[132.677,-8.27],[132.551,-8.729],[132.425,-9.187],[132.298,-9.646],[131.887,-9.829],[131.477,-10.011],[131.391,-10.483],[131.305,-10.956],[131.219,-11.429],[131.132,-11.901],[131.045,-12.374],[130.958,-12.846],[130.871,-13.319],[130.783,-13.791],[130.695,-14.264],[130.606,-14.736],[130.517,-15.209],[130.428,-15.681],[130.338,-16.153],[130.248,-16.626],[129.758,-16.684],[129.268,-16.741],[129.143,-17.215],[129.018,-17.688],[128.893,-18.162],[128.766,-18.635],[128.639,-19.109],[128.511,-19.582],[128.382,-20.055],[128.253,-20.528],[128.123,-21.001],[127.992,-21.474],[127.86,-21.947],[127.727,-22.42],[127.593,-22.893],[127.459,-23.365],[127.323,-23.838],[127.187,-24.31],[127.049,-24.782],[126.911,-25.254],[126.771,-25.726],[126.63,-26.198],[126.488,-26.669],[126.345,-27.141],[126.2,-27.612],[126.055,-28.083],[125.908,-28.554]]}},{"type":"Feature","properties":{"boundary_type":"ridge","feature_type":"gpml:MidOceanRidge","polarity":null,"overriding_plate_id":null,"subducting_plate_id":null,"plate_ids":[780,801],"name":"Junction MOR"},"geometry":{"type":"LineString","coordinates":[[125.908,-28.554],[125.767,-29.001],[125.626,-29.447],[125.483,-29.893],[125.338,-30.339],[125.193,-30.785],[125.046,-31.231]]}},{"type":"Feature","properties":{"boundary_type":"subduction","feature_type":"gpml:SubductionZone","polarity":"Left","overriding_plate_id":301,"subducting_plate_id":926,"plate_ids":[301,926],"name":"Barito Sea Subduction"},"geometry":{"type":"LineString","coordinates":[[137.374,0.63],[137.737,0.548],[138.1,0.467],[138.513,0.365],[138.925,0.263],[139.338,0.161],[139.75,0.059],[140.163,-0.043],[140.576,-0.145],[140.985,-0.003],[141.394,0.139],[141.804,0.281],[142.213,0.424],[142.629,0.603],[143.045,0.783],[143.462,0.962],[143.878,1.141],[144.294,1.32],[144.711,1.5],[145.127,1.679],[145.544,1.858]]}},{"type":"Feature","properties":{"boundary_type":"subduction","feature_type":"gpml:SubductionZone","polarity":"Left","overriding_plate_id":301,"subducting_plate_id":926,"plate_ids":[301,926],"name":"North Borneo subduction"},"geometry":{"type":"LineString","coordinates":[[144.865,4.28],[144.441,4.505],[144.017,4.73],[143.592,4.955],[143.36,5.396],[143.127,5.837],[142.893,6.278],[142.781,6.711],[142.669,7.144],[142.556,7.576],[142.545,7.935],[142.533,8.293],[142.456,8.772],[142.378,9.25],[142.3,9.729],[142.221,10.208],[142.044,10.638],[141.867,11.068],[141.689,11.498]]}},{"type":"Feature","properties":{"boundary_type":"subduction","feature_type":"gpml:SubductionZone","polarity":"Left","overriding_plate_id":301,"subducting_plate_id":926,"plate_ids":[301,926],"name":"Proto South China Sea opening"},"geometry":{"type":"LineString","coordinates":[[141.689,11.498],[141.876,11.91],[142.064,12.323],[142.252,12.735],[142.44,13.147],[142.63,13.558],[142.82,13.97],[143.01,14.381],[143.202,14.793],[143.264,15.21],[143.326,15.627],[143.388,16.045],[143.451,16.462],[143.514,16.879],[143.577,17.296],[143.673,17.769],[143.769,18.241],[143.865,18.713],[143.963,19.186],[144.06,19.658],[144.159,20.13],[144.231,20.598],[144.305,21.066],[144.378,21.533],[144.452,22.001],[144.677,22.3]]}},{"type":"Feature","properties":{"boundary_type":"subduction","feature_type":"gpml:SubductionZone","polarity":"Left","overriding_plate_id":787,"subducting_plate_id":53401,"plate_ids":[787,53401],"name":"Sunda Jurassic-Cretaceous subduction"},"geometry":{"type":"LineString","coordinates":[[114.711,11.374],[115.047,11.078],[115.382,10.781],[115.717,10.484],[116.05,10.186],[116.383,9.889],[116.718,9.546],[117.053,9.202],[117.386,8.859],[117.719,8.515],[118.052,8.171],[118.384,7.826],[118.72,7.507],[119.056,7.187],[119.391,6.867],[119.726,6.547],[120.06,6.227],[120.394,5.906],[120.728,5.586],[121.105,5.318],[121.481,5.049],[121.857,4.781],[122.232,4.512],[122.608,4.243],[122.983,3.974],[123.357,3.705],[123.732,3.435],[124.169,3.243],[124.605,3.052],[125.041,2.86],[125.477,2.667],[125.913,2.475],[126.349,2.283],[126.785,2.09],[127.226,1.871],[127.667,1.653],[128.108,1.434],[128.549,1.215],[128.99,0.996],[129.431,0.777],[129.871,0.558],[130.312,0.339],[130.753,0.12],[131.194,-0.1],[131.634,-0.319],[131.965,-0.643],[132.295,-0.967],[132.626,-1.292],[132.956,-1.616],[133.287,-1.94],[133.618,-2.265],[133.949,-2.589],[134.171,-2.763]]}},{"type":"Feature","properties":{"boundary_type":"subduction","feature_type":"gpml:SubductionZone","polarity":"Left","overriding_plate_id":787,"subducting_plate_id":780,"plate_ids":[780,787],"name":"Sunda Jurassic-Cretaceous subduction"},"geometry":{"type":"LineString","coordinates":[[134.171,-2.763],[134.528,-3.044],[134.885,-3.324]]}},{"type":"Feature","properties":{"boundary_type":"subduction","feature_type":"gpml:SubductionZone","polarity":"Left","overriding_plate_id":926,"subducting_plate_id":780,"plate_ids":[780,926],"name":"Sunda Jurassic-Cretaceous subduction"},"geometry":{"type":"LineString","coordinates":[[134.885,-3.324],[135.252,-3.611],[135.62,-3.899],[135.987,-4.187],[136.355,-4.474],[136.723,-4.761],[137.092,-5.048],[137.461,-5.335],[137.85,-5.643],[138.24,-5.95],[138.63,-6.258],[139.021,-6.565],[139.413,-6.872],[139.804,-7.178],[140.197,-7.485]]}},{"type":"Feature","properties":{"boundary_type":"ridge","feature_type":"gpml:MidOceanRidge","polarity":null,"overriding_plate_id":null,"subducting_plate_id":null,"plate_ids":[609,801],"name":"Cretaceous back-arc"},"geometry":{"type":"LineString","coordinates":[[141.55,-41.544],[141.944,-41.867],[142.342,-42.188],[142.744,-42.508],[143.15,-42.827],[143.56,-43.144],[143.975,-43.46],[144.394,-43.774],[144.099,-44.152],[143.8,-44.529],[143.498,-44.905],[143.191,-45.28],[143.63,-45.591],[144.073,-45.9],[144.521,-46.208],[144.219,-46.525],[143.914,-46.841],[143.605,-47.157],[144.065,-47.417],[144.529,-47.675],[144.999,-47.932],[144.666,-48.324],[144.328,-48.714],[143.984,-49.104],[143.636,-49.493],[143.281,-49.881],[142.921,-50.267],[142.556,-50.653],[143.117,-50.938],[143.686,-51.221],[144.261,-51.501],[144.844,-51.778],[145.433,-52.052],[146.03,-52.323],[146.634,-52.591],[147.246,-52.856],[146.914,-53.279],[146.575,-53.702],[146.229,-54.124],[145.876,-54.545],[145.516,-54.965],[145.148,-55.384],[145.708,-55.607]]}},{"type":"Feature","properties":{"boundary_type":"transform","feature_type":"gpml:Transform","polarity":null,"overriding_plate_id":null,"subducting_plate_id":null,"plate_ids":[609,801],"name":"Proto Philippine transform"},"geometry":{"type":"LineString","coordinates":[[145.708,-55.607],[146.102,-55.466],[146.494,-55.323],[147.191,-55.036],[147.879,-54.744],[148.557,-54.449],[149.224,-54.15],[149.883,-53.847],[150.531,-53.541],[151.171,-53.231],[151.801,-52.918],[152.422,-52.601],[153.014,-52.306],[153.598,-52.009],[154.175,-51.708],[154.743,-51.404],[155.305,-51.098],[155.859,-50.789],[156.287,-50.482],[156.71,-50.173],[157.128,-49.862],[157.541,-49.55],[157.948,-49.237]]}},{"type":"Feature","properties":{"boundary_type":"transform","feature_type":"gpml:Transform","polarity":null,"overriding_plate_id":null,"subducting_plate_id":null,"plate_ids":[609,919],"name":"Proto Philippine transform"},"geometry":{"type":"LineString","coordinates":[[157.948,-49.237],[158.039,-49.165]]}},{"type":"Feature","properties":{"boundary_type":"transform","feature_type":"gpml:Transform","polarity":null,"overriding_plate_id":null,"subducting_plate_id":null,"plate_ids":[529,53401],"name":"Proto Andaman transform"},"geometry":{"type":"LineString","coordinates":[[108.008,-2.665],[108.213,-2.266],[108.417,-1.867],[108.621,-1.469],[108.825,-1.07],[109.033,-0.658],[109.242,-0.247],[109.45,0.164],[109.658,0.576],[109.867,0.987],[110.075,1.399],[110.284,1.81],[110.492,2.221],[110.701,2.633],[110.91,3.044],[111.119,3.455],[111.256,3.761],[111.393,4.067],[111.531,4.373]]}},{"type":"Feature","properties":{"boundary_type":"transform","feature_type":"gpml:Transform","polarity":null,"overriding_plate_id":null,"subducting_plate_id":null,"plate_ids":[528,53401],"name":"Proto Andaman transform"},"geometry":{"type":"LineString","coordinates":[[111.531,4.373],[111.728,4.81],[111.924,5.248],[112.122,5.685],[112.319,6.122],[112.517,6.559],[112.715,6.996],[112.914,7.433],[113.113,7.869],[113.311,8.308],[113.509,8.746],[113.708,9.184],[113.908,9.623],[114.108,10.061],[114.309,10.498],[114.51,10.936],[114.711,11.374]]}},{"type":"Feature","properties":{"boundary_type":"transform","feature_type":"gpml:Transform","polarity":null,"overriding_plate_id":null,"subducting_plate_id":null,"plate_ids":[528,787],"name":"Proto Andaman transform"},"geometry":{"type":"LineString","coordinates":[[114.711,11.374],[114.853,11.679],[114.994,11.984],[115.122,12.303],[115.251,12.622],[115.379,12.941]]}},{"type":"Feature","properties":{"boundary_type":"transform","feature_type":"gpml:Transform","polarity":null,"overriding_plate_id":null,"subducting_plate_id":null,"plate_ids":[301,787],"name":"Proto Andaman transform"},"geometry":{"type":"LineString","coordinates":[[115.379,12.941],[115.561,13.389],[115.743,13.837],[115.926,14.285]]}},{"type":"Feature","properties":{"boundary_type":"subduction","feature_type":"gpml:SubductionZone","polarity":"Left","overriding_plate_id":926,"subducting_plate_id":780,"plate_ids":[780,926],"name":"Proto Molucca subduction"},"geometry":{"type":"LineString","coordinates":[[140.197,-7.485],[140.455,-7.912],[140.713,-8.339],[141.065,-8.678],[141.417,-9.016],[141.771,-9.354],[142.125,-9.691],[142.479,-10.029],[142.834,-10.366],[143.19,-10.702],[143.547,-11.038],[143.905,-11.374],[144.264,-11.709],[144.623,-12.044],[144.983,-12.378],[145.345,-12.712],[145.707,-13.045],[146.07,-13.378],[146.434,-13.71],[146.789,-14.049],[147.145,-14.388],[147.503,-14.726],[147.861,-15.063],[148.221,-15.4],[148.581,-15.737],[148.943,-16.072],[149.306,-16.407],[149.671,-16.742],[150.037,-17.076],[150.404,-17.409],[150.772,-17.741],[151.142,-18.073],[151.513,-18.404],[151.885,-18.735]]}},{"type":"Feature","properties":{"boundary_type":"subduction","feature_type":"gpml:SubductionZone","polarity":"Left","overriding_plate_id":609,"subducting_plate_id":919,"plate_ids":[609,919],"name":"Philippines Late Cretaceous back-arc"},"geometry":{"type":"LineString","coordinates":[[158.039,-49.165],[157.765,-48.717],[157.495,-48.268],[157.229,-47.819],[156.969,-47.369],[156.712,-46.918],[156.557,-46.514],[156.403,-46.109],[156.252,-45.704],[156.103,-45.299],[155.956,-44.894],[155.811,-44.488],[155.703,-44.008],[155.597,-43.528],[155.493,-43.048],[155.39,-42.568],[155.288,-42.087],[155.154,-41.668],[155.02,-41.249],[154.889,-40.83],[154.759,-40.41],[154.537,-39.948],[154.318,-39.486],[154.102,-39.023],[153.889,-38.56],[153.679,-38.096],[153.471,-37.632],[153.304,-37.176],[153.138,-36.721],[152.975,-36.264],[152.814,-35.808],[152.654,-35.351],[152.496,-34.895],[152.34,-34.438],[152.186,-33.98],[152.033,-33.523],[151.882,-33.065],[151.732,-32.608],[151.584,-32.15],[151.437,-31.692],[151.251,-31.239],[151.067,-30.785],[150.884,-30.332],[150.703,-29.878]]}},{"type":"Feature","properties":{"boundary_type":"subduction","feature_type":"gpml:SubductionZone","polarity":"Left","overriding_plate_id":609,"subducting_plate_id":926,"plate_ids":[609,926],"name":"Philippines Late Cretaceous back-arc"},"geometry":{"type":"LineString","coordinates":[[150.703,-29.878],[150.562,-29.521],[150.422,-29.165],[150.283,-28.808],[150.144,-28.451],[150.219,-27.968],[150.292,-27.485],[150.365,-27.002],[150.438,-26.519],[150.509,-26.036],[150.581,-25.553],[150.651,-25.07],[150.721,-24.587],[150.791,-24.103],[150.862,-23.78],[150.933,-23.456]]}},{"type":"Feature","properties":{"boundary_type":"subduction","feature_type":"gpml:SubductionZone","polarity":"Left","overriding_plate_id":780,"subducting_plate_id":926,"plate_ids":[780,926],"name":"Philippines Late Cretaceous back-arc"},"geometry":{"type":"LineString","coordinates":[[150.933,-23.456],[151.037,-22.978],[151.141,-22.5],[151.244,-22.022],[151.346,-21.544],[151.437,-21.076],[151.528,-20.607],[151.618,-20.139],[151.707,-19.671],[151.797,-19.203],[151.885,-18.735]]}},{"type":"Feature","properties":{"boundary_type":"ridge","feature_type":"gpml:MidOceanRidge","polarity":null,"overriding_plate_id":null,"subducting_plate_id":null,"plate_ids":[301,787],"name":"Proto Andaman Sea MOR"},"geometry":{"type":"LineString","coordinates":[[115.926,14.285],[116.045,14.263],[116.554,14.272],[117.063,14.279],[117.572,14.285],[118.081,14.291],[118.59,14.295],[119.099,14.298],[119.121,13.904],[119.143,13.511],[119.165,13.117],[119.187,12.724],[119.62,12.722],[120.054,12.72],[120.078,12.295],[120.101,11.871],[120.124,11.447],[120.148,11.022],[120.513,11.021],[120.878,11.02],[121.243,11.018],[121.264,10.621],[121.286,10.224],[121.307,9.827],[121.806,9.836],[122.305,9.843],[122.337,9.431],[122.368,9.019],[122.4,8.607],[122.431,8.195],[122.832,8.215],[123.232,8.234],[123.633,8.253],[123.645,7.91],[123.656,7.567],[123.668,7.224],[124.122,7.257],[124.576,7.289],[125.03,7.321],[125.048,6.938],[125.066,6.555],[125.084,6.171],[125.102,5.788],[125.508,5.819],[125.913,5.849],[126.319,5.879],[126.725,5.909],[127.131,5.939]]}},{"type":"Feature","properties":{"boundary_type":"ridge","feature_type":"gpml:MidOceanRidge","polarity":null,"overriding_plate_id":null,"subducting_plate_id":null,"plate_ids":[301,787],"name":"Woyla Back-arc MOR"},"geometry":{"type":"LineString","coordinates":[[127.131,5.939],[127.571,5.709],[128.012,5.48],[128.452,5.25],[128.891,5.019],[129.331,4.789],[129.77,4.558],[130.208,4.326],[130.43,4.725],[130.85,4.516],[131.27,4.306],[131.69,4.097],[132.11,3.886],[132.529,3.676],[132.948,3.466],[133.367,3.255],[133.786,3.044],[134.205,2.834],[134.624,2.622],[134.792,2.927],[135.24,2.752],[135.688,2.576],[136.136,2.4],[136.584,2.224],[137.032,2.048],[137.479,1.872],[137.927,1.696]]}},{"type":"Feature","properties":{"boundary_type":"ridge","feature_type":"gpml:MidOceanRidge","polarity":null,"overriding_plate_id":null,"subducting_plate_id":null,"plate_ids":[609,801],"name":"Cretaceous back-arc"},"geometry":{"type":"LineString","coordinates":[[141.168,-40.28],[141.649,-40.581],[142.134,-40.88],[141.843,-41.213],[141.55,-41.544]]}},{"type":"Feature","properties":{"boundary_type":"ridge","feature_type":"gpml:MidOceanRidge","polarity":null,"overriding_plate_id":null,"subducting_plate_id":null,"plate_ids":[780,801],"name":"Molucca Cretaceous Spreading"},"geometry":{"type":"LineString","coordinates":[[125.046,-31.231],[125.571,-31.284],[126.097,-31.335],[126.119,-31.77],[126.597,-31.794],[127.076,-31.815],[127.07,-32.083],[127.065,-32.351],[127.507,-32.36],[127.948,-32.368],[127.956,-32.802],[127.965,-33.237],[127.973,-33.672],[127.981,-34.106],[128.393,-34.111],[128.806,-34.113],[129.218,-34.114],[129.286,-34.578],[129.832,-34.598],[130.379,-34.616],[130.925,-34.631],[130.941,-34.939],[130.956,-35.246],[131.502,-35.223],[132.047,-35.197],[132.12,-35.584],[132.193,-35.97],[132.657,-35.961],[133.122,-35.949],[133.587,-35.936],[133.68,-36.35],[133.774,-36.764],[133.87,-37.177],[133.966,-37.59],[134.479,-37.536],[134.99,-37.479],[135.501,-37.42],[136.011,-37.359],[136.12,-37.774],[136.23,-38.188],[136.342,-38.602],[136.918,-38.506],[137.493,-38.407],[138.066,-38.305],[138.242,-38.749],[138.421,-39.193],[138.602,-39.636],[138.785,-40.08],[138.971,-40.523],[139.522,-40.466],[140.072,-40.407],[140.62,-40.345],[141.168,-40.28]]}},{"type":"Feature","properties":{"boundary_type":"ridge","feature_type":"gpml:MidOceanRidge","polarity":null,"overriding_plate_id":null,"subducting_plate_id":null,"plate_ids":[609,780],"name":"Molucca Cretaceous Spreading"},"geometry":{"type":"LineString","coordinates":[[141.168,-40.28],[141.708,-40.214],[142.246,-40.146],[142.784,-40.074],[143.32,-40.001],[143.855,-39.925],[143.899,-40.409],[143.944,-40.892],[144.131,-40.88]]}},{"type":"Feature","properties":{"boundary_type":"ridge","feature_type":"gpml:MidOceanRidge","polarity":null,"overriding_plate_id":null,"subducting_plate_id":null,"plate_ids":[609,780],"name":"Cretaceous back-arc MOR north"},"geometry":{"type":"LineString","coordinates":[[150.933,-23.456],[150.401,-23.497],[149.868,-23.536],[149.335,-23.574],[148.802,-23.609],[148.743,-24.016],[148.682,-24.423],[148.622,-24.83],[148.561,-25.237],[148.499,-25.644],[148.118,-25.654],[147.737,-25.663],[147.356,-25.671],[147.331,-26.157],[147.306,-26.643],[147.281,-27.129],[147.256,-27.615],[147.23,-28.101],[147.204,-28.587],[147.178,-29.073],[147.152,-29.558],[147.126,-30.044],[147.099,-30.53],[147.072,-31.016],[147.044,-31.502],[147.017,-31.988],[146.989,-32.474],[146.96,-32.96],[146.504,-32.965],[146.048,-32.968],[145.592,-32.97],[145.651,-33.46],[145.709,-33.951],[145.769,-34.442],[145.829,-34.933],[145.246,-35.061],[144.662,-35.187],[144.713,-35.672],[144.765,-36.157],[144.818,-36.642],[144.871,-37.127],[144.925,-37.612],[144.98,-38.096],[145.035,-38.581],[145.091,-39.066],[145.148,-39.551],[145.206,-40.036],[144.622,-40.164],[144.036,-40.29],[144.083,-40.585],[144.131,-40.88]]}},{"type":"Feature","properties":{"boundary_type":"ridge","feature_type":"gpml:MidOceanRidge","polarity":null,"overriding_plate_id":null,"subducting_plate_id":null,"plate_ids":[701,28900],"name":"MOR Southern SAM-Colorado Subplate"},"geometry":{"type":"LineString","coordinates":[[3.678,-48.454],[3.548,-48.783],[3.417,-49.112],[3.283,-49.441],[3.146,-49.863],[3.007,-50.285],[2.865,-50.707],[2.741,-51.161],[2.614,-51.614]]}},{"type":"Feature","properties":{"boundary_type":"ridge","feature_type":"gpml:MidOceanRidge","polarity":null,"overriding_plate_id":null,"subducting_plate_id":null,"plate_ids":[802,28900],"name":"MOR Southern SAM-Colorado Subplate"},"geometry":{"type":"LineString","coordinates":[[2.614,-51.614],[2.488,-52.057]]}},{"type":"Feature","properties":{"boundary_type":"ridge","feature_type":"gpml:MidOceanRidge","polarity":null,"overriding_plate_id":null,"subducting_plate_id":null,"plate_ids":[802,28900],"name":"MOR Weddell Sea"},"geometry":{"type":"LineString","coordinates":[[2.488,-52.057],[2.023,-52.261],[1.553,-52.464],[0.942,-52.673],[0.325,-52.878],[-0.298,-53.08],[-0.927,-53.279],[-1.561,-53.474],[-1.965,-53.605],[-2.372,-53.734],[-2.781,-53.82],[-3.191,-53.904],[-3.676,-53.986],[-4.162,-54.066],[-4.578,-54.16],[-4.995,-54.252],[-5.602,-54.394],[-6.213,-54.533],[-6.828,-54.668],[-7.447,-54.801],[-8.046,-54.976],[-8.43,-55.124],[-8.824,-55.244],[-9.22,-55.363],[-9.415,-55.416],[-10.026,-55.483],[-10.64,-55.548],[-11.179,-55.618],[-11.721,-55.686],[-12.011,-55.795],[-12.481,-55.982],[-12.875,-56.093],[-13.453,-56.281],[-13.888,-56.387],[-14.325,-56.491],[-15.091,-56.615],[-15.462,-56.673],[-15.918,-56.755],[-16.376,-56.835],[-16.993,-56.935],[-17.466,-56.94],[-17.939,-56.943],[-18.494,-56.977],[-19.051,-57.009],[-19.44,-57.037],[-19.904,-57.113],[-20.415,-57.103],[-21.138,-57.07],[-21.86,-57.032],[-22.724,-56.873],[-23.581,-56.707],[-24.43,-56.536],[-25.172,-56.394],[-25.752,-56.286],[-26.329,-56.174],[-27.077,-56.062],[-27.821,-55.945],[-28.56,-55.824],[-29.295,-55.699],[-30.025,-55.569],[-30.75,-55.434],[-31.47,-55.296]]}},{"type":"Feature","properties":{"boundary_type":"ridge","feature_type":"gpml:MidOceanRidge","polarity":null,"overriding_plate_id":null,"subducting_plate_id":null,"plate_ids":[802],"name":"MOR Antarctica-Africa"},"geometry":{"type":"LineString","coordinates":[[22.578,-48.553],[22.576,-48.552]]}},{"type":"Feature","properties":{"boundary_type":"ridge","feature_type":"gpml:MidOceanRidge","polarity":null,"overriding_plate_id":null,"subducting_plate_id":null,"plate_ids":[701,802],"name":"MOR Antarctica-Africa"},"geometry":{"type":"LineString","coordinates":[[22.576,-48.552],[21.999,-48.364],[21.426,-48.172],[20.857,-47.978],[20.292,-47.78],[20.015,-48.089],[19.733,-48.396],[19.449,-48.703],[18.925,-48.516],[18.405,-48.328],[17.889,-48.137],[17.551,-48.487],[17.209,-48.835],[16.861,-49.183],[16.298,-48.911],[15.741,-48.637],[15.19,-48.36],[14.762,-48.728],[14.328,-49.095],[13.887,-49.46],[13.44,-49.823],[12.986,-50.184],[12.525,-50.544],[12.057,-50.902],[11.403,-50.654],[10.756,-50.402],[10.116,-50.146],[9.483,-49.887],[8.857,-49.625],[8.19,-49.862],[7.516,-50.095],[6.835,-50.325],[6.148,-50.55],[5.454,-50.771],[4.754,-50.988],[4.047,-51.201],[3.334,-51.41],[2.614,-51.614]]}},{"type":"Feature","properties":{"boundary_type":"ridge","feature_type":"gpml:MidOceanRidge","polarity":null,"overriding_plate_id":null,"subducting_plate_id":null,"plate_ids":[501,802],"name":"MOR Antarctica-India"},"geometry":{"type":"LineString","coordinates":[[71.696,-59.114],[70.947,-58.999],[70.203,-58.879],[69.465,-58.756],[68.732,-58.628],[68.52,-58.987],[68.304,-59.347],[67.502,-59.282],[66.703,-59.213],[65.908,-59.139],[65.559,-59.577],[64.644,-59.423],[63.737,-59.264],[62.839,-59.098],[61.95,-58.926],[61.07,-58.747],[60.199,-58.563],[59.337,-58.373],[59.352,-57.997],[58.982,-57.903],[58.977,-57.627],[58.972,-57.351],[58.093,-57.209],[57.221,-57.06],[56.357,-56.904],[55.499,-56.744],[54.649,-56.577],[54.463,-56.172],[54.28,-55.767],[53.752,-55.756],[53.223,-55.743],[53.244,-55.325],[52.435,-55.264],[51.628,-55.198],[50.824,-55.126],[50.841,-54.774],[50.858,-54.423],[50.328,-54.286],[49.801,-54.146],[49.889,-53.858],[49.977,-53.57],[49.159,-53.519],[48.343,-53.464],[47.529,-53.402],[46.718,-53.336],[45.91,-53.263],[45.104,-53.186],[44.302,-53.102],[44.114,-52.876],[43.928,-52.649],[43.155,-52.628],[42.383,-52.602],[41.612,-52.572],[40.842,-52.536],[40.073,-52.495],[39.306,-52.45],[38.541,-52.399],[37.777,-52.343],[37.261,-52.089],[36.752,-51.833],[36.247,-51.575],[35.749,-51.314],[35.256,-51.052],[34.66,-50.836],[34.07,-50.617],[33.485,-50.394],[32.906,-50.169],[32.332,-49.941],[31.763,-49.711],[31.179,-49.402],[30.602,-49.09]]}},{"type":"Feature","properties":{"boundary_type":"ridge","feature_type":"gpml:MidOceanRidge","polarity":null,"overriding_plate_id":null,"subducting_plate_id":null,"plate_ids":[501,801],"name":"MOR Australia-India"},"geometry":{"type":"LineString","coordinates":[[75.304,-56.956],[74.521,-56.972],[73.737,-56.982],[72.953,-56.988],[72.169,-56.988],[71.385,-56.984],[70.873,-56.983]]}},{"type":"Feature","properties":{"boundary_type":"ridge","feature_type":"gpml:MidOceanRidge","polarity":null,"overriding_plate_id":null,"subducting_plate_id":null,"plate_ids":[201,714],"name":"Ridge from iso A34 from Africa at 83.5Ma"},"geometry":{"type":"LineString","coordinates":[[-9.062,8.353],[-9.115,8.161],[-9.036,8.142],[-9.096,7.893],[-9.156,7.644],[-8.672,7.525],[-8.769,7.139],[-8.865,6.752],[-8.962,6.366],[-9.058,5.979],[-8.606,5.834],[-8.154,5.689],[-7.702,5.544],[-7.25,5.398],[-7.355,4.929],[-7.459,4.46],[-7.563,3.992],[-7.667,3.523],[-7.771,3.054],[-7.433,2.953],[-7.094,2.851],[-7.165,2.433],[-7.236,2.015],[-6.755,1.915],[-6.273,1.816],[-5.791,1.716],[-5.31,1.617],[-4.828,1.517],[-4.347,1.417],[-3.866,1.317],[-3.876,0.975],[-3.886,0.632],[-3.472,0.539],[-3.057,0.445],[-2.643,0.351],[-2.672,-0.084],[-2.701,-0.519],[-2.73,-0.954],[-2.759,-1.389],[-2.788,-1.824],[-2.422,-1.873],[-2.055,-1.921],[-1.701,-1.95],[-1.347,-1.978],[-0.915,-2.015],[-0.483,-2.051],[-0.098,-2.082],[0.286,-2.112],[0.674,-2.114],[1.061,-2.115],[1.498,-2.126],[1.934,-2.136],[2.314,-2.152],[2.693,-2.167],[3.072,-2.183],[3.572,-2.19],[4.072,-2.197],[4.372,-2.197],[4.673,-2.196],[5.015,-2.19],[5.357,-2.184],[5.353,-2.598],[5.348,-3.013],[5.344,-3.427],[5.579,-3.464],[5.579,-3.79],[5.58,-4.117],[5.86,-4.142],[5.881,-4.445],[5.901,-4.748],[5.916,-4.896]]}},{"type":"Feature","properties":{"boundary_type":"subduction","feature_type":"gpml:SubductionZone","polarity":"Right","overriding_plate_id":806,"subducting_plate_id":919,"plate_ids":[806,919],"name":"Chatham Rise subduction KM"},"geometry":{"type":"LineString","coordinates":[[-135.735,-82.503],[-132.062,-82.38],[-129.886,-82.332],[-127.74,-82.274],[-124.358,-82.128],[-121.11,-81.955],[-118.006,-81.759],[-115.425,-81.561],[-112.966,-81.346],[-110.629,-81.117],[-108.412,-80.875],[-106.312,-80.619],[-104.325,-80.352],[-102.216,-80.039],[-100.236,-79.715],[-98.378,-79.379],[-96.635,-79.033],[-94.987,-78.753],[-93.42,-78.465],[-91.928,-78.169],[-90.51,-77.866],[-88.947,-77.517],[-87.468,-77.16],[-86.069,-76.794],[-84.745,-76.422],[-83.491,-76.043],[-83.004,-75.912]]}},{"type":"Feature","properties":{"boundary_type":"subduction","feature_type":"gpml:SubductionZone","polarity":"Right","overriding_plate_id":801,"subducting_plate_id":919,"plate_ids":[801,919],"name":"Northern cont. of Eastern Gondwanaland Active Margin"},"geometry":{"type":"LineString","coordinates":[[157.948,-49.237],[158.058,-49.618],[158.171,-49.999],[158.285,-50.381],[158.401,-50.762],[158.477,-51.178],[158.555,-51.594],[158.634,-52.01],[158.714,-52.425],[158.796,-52.841],[158.637,-53.315],[158.474,-53.788],[158.308,-54.262],[158.138,-54.735],[157.947,-55.143],[157.752,-55.552],[157.436,-55.752]]}},{"type":"Feature","properties":{"boundary_type":"transform","feature_type":"gpml:Transform","polarity":null,"overriding_plate_id":null,"subducting_plate_id":null,"plate_ids":[787,926],"name":"East Woyla transform"},"geometry":{"type":"LineString","coordinates":[[134.885,-3.324],[135.138,-2.942],[135.392,-2.559],[135.645,-2.177],[135.898,-1.795],[136.151,-1.413],[136.403,-1.031],[136.656,-0.648],[136.909,-0.266],[137.064,0.033],[137.219,0.331],[137.374,0.63]]}},{"type":"Feature","properties":{"boundary_type":"transform","feature_type":"gpml:Transform","polarity":null,"overriding_plate_id":null,"subducting_plate_id":null,"plate_ids":[301,787],"name":"East Woyla transform"},"geometry":{"type":"LineString","coordinates":[[137.374,0.63],[137.558,0.985],[137.742,1.34],[137.927,1.696]]}},{"type":"Feature","properties":{"boundary_type":"transform","feature_type":"gpml:Transform","polarity":null,"overriding_plate_id":null,"subducting_plate_id":null,"plate_ids":[301,926],"name":"North Borneo transform"},"geometry":{"type":"LineString","coordinates":[[144.865,4.28],[144.941,3.944],[145.017,3.608],[145.093,3.273],[145.243,2.801],[145.394,2.329],[145.544,1.858]]}},{"type":"Feature","properties":{"boundary_type":"transform","feature_type":"gpml:Transform","polarity":null,"overriding_plate_id":null,"subducting_plate_id":null,"plate_ids":[301,715],"name":"MezoTethys transform from 180Ma"},"geometry":{"type":"LineString","coordinates":[[48.053,12.535],[48.451,12.784],[48.85,13.033],[49.25,13.281],[49.651,13.529],[50.053,13.775],[50.455,14.022],[50.858,14.267],[51.263,14.512],[51.668,14.756],[52.074,15.0],[52.481,15.243],[52.888,15.485],[53.297,15.726],[53.593,16.129],[53.891,16.532],[54.189,16.935],[54.489,17.337],[54.79,17.738],[55.092,18.139],[55.396,18.54],[55.701,18.94],[56.008,19.34],[56.316,19.739],[56.626,20.138],[56.937,20.536],[57.25,20.933],[57.565,21.33],[57.881,21.726],[58.199,22.122],[58.519,22.517],[58.841,22.912],[59.124,23.327],[59.409,23.741],[59.696,24.155],[59.985,24.569],[60.275,24.982],[60.568,25.394],[60.862,25.806],[61.159,26.217],[61.457,26.627],[61.758,27.037]]}},{"type":"Feature","properties":{"boundary_type":"transform","feature_type":"gpml:Transform","polarity":null,"overriding_plate_id":null,"subducting_plate_id":null,"plate_ids":[301,530],"name":"MezoTethys transform from 180Ma"},"geometry":{"type":"LineString","coordinates":[[61.758,27.037],[62.049,27.429],[62.341,27.821],[62.636,28.212],[62.932,28.602],[63.231,28.992],[63.532,29.381],[63.836,29.769],[64.142,30.157],[64.45,30.544]]}},{"type":"Feature","properties":{"boundary_type":"ridge","feature_type":"gpml:MidOceanRidge","polarity":null,"overriding_plate_id":null,"subducting_plate_id":null,"plate_ids":[530,715],"name":"Vardar Ocean"},"geometry":{"type":"LineString","coordinates":[[61.758,27.037],[62.193,26.824],[62.625,26.61],[63.056,26.395],[63.513,26.156],[63.968,25.915],[64.422,25.674],[64.873,25.431],[65.323,25.186],[65.77,24.94],[66.216,24.693],[66.66,24.444],[67.103,24.195],[67.544,23.943],[67.982,23.691],[68.42,23.438],[68.855,23.183],[69.289,22.927],[69.722,22.67],[69.971,23.001],[70.222,23.332],[70.474,23.663],[70.727,23.993],[71.182,23.74],[71.636,23.487],[72.088,23.232],[72.538,22.975],[72.986,22.718],[73.433,22.459],[73.878,22.199],[74.321,21.938],[74.763,21.675],[75.203,21.411],[75.642,21.147],[76.079,20.881],[76.514,20.614],[76.948,20.346],[77.381,20.077],[77.811,19.806],[78.241,19.535],[78.669,19.263],[79.096,18.99],[79.521,18.716],[79.945,18.44],[80.367,18.164],[80.788,17.887],[81.208,17.609],[81.626,17.331],[82.044,17.051],[82.46,16.77],[82.874,16.489],[83.288,16.207],[83.7,15.924],[84.112,15.64],[84.522,15.356],[84.866,15.123],[85.209,14.889],[85.551,14.655],[85.893,14.42]]}},{"type":"Feature","properties":{"boundary_type":"transform","feature_type":"gpml:Transform","polarity":null,"overriding_plate_id":null,"subducting_plate_id":null,"plate_ids":[409,926],"name":"Arctic-Siberian transform"},"geometry":{"type":"LineString","coordinates":[[134.384,82.335],[131.574,82.566],[128.593,82.779],[125.441,82.97],[122.123,83.14],[118.271,83.351]]}},{"type":"Feature","properties":{"boundary_type":"transform","feature_type":"gpml:Transform","polarity":null,"overriding_plate_id":null,"subducting_plate_id":null,"plate_ids":[409,42150],"name":"Arctic-Siberian transform"},"geometry":{"type":"LineString","coordinates":[[118.271,83.351],[114.682,83.511],[110.928,83.644],[107.032,83.749],[103.022,83.825],[98.933,83.869],[94.805,83.883],[90.681,83.865],[90.062,83.858],[89.624,83.854]]}},{"type":"Feature","properties":{"boundary_type":"transform","feature_type":"gpml:Transform","polarity":null,"overriding_plate_id":null,"subducting_plate_id":null,"plate_ids":[101,2035],"name":"TBD: Transform"},"geometry":{"type":"LineString","coordinates":[[-47.85,19.465],[-47.696,19.337],[-47.404,19.022],[-47.112,18.707],[-46.821,18.391],[-46.532,18.075],[-46.244,17.758],[-45.956,17.442],[-45.522,17.233],[-45.088,17.024],[-44.656,16.814],[-44.225,16.603],[-43.794,16.391],[-43.365,16.178],[-42.936,15.965],[-42.508,15.75],[-42.081,15.535],[-41.613,15.399],[-41.146,15.262],[-40.679,15.125],[-40.213,14.986],[-39.747,14.846],[-39.282,14.706],[-38.833,14.583],[-38.384,14.46],[-37.936,14.336],[-37.488,14.211],[-37.04,14.085],[-36.594,13.958],[-36.286,14.006]]}},{"type":"Feature","properties":{"boundary_type":"transform","feature_type":"gpml:Transform","polarity":null,"overriding_plate_id":null,"subducting_plate_id":null,"plate_ids":[101,2035],"name":""},"geometry":{"type":"LineString","coordinates":[[-33.952,12.126],[-34.276,12.27],[-34.6,12.413],[-34.925,12.556],[-35.264,12.919],[-35.603,13.282],[-35.944,13.645],[-36.286,14.006]]}},{"type":"Feature","properties":{"boundary_type":"ridge","feature_type":"gpml:MidOceanRidge","polarity":null,"overriding_plate_id":null,"subducting_plate_id":null,"plate_ids":[201,2035],"name":"TBD: Proto-Caribbean spreading"},"geometry":{"type":"LineString","coordinates":[[-41.419,7.18],[-41.066,7.421],[-40.713,7.663],[-40.36,7.904],[-40.006,8.145],[-39.652,8.386],[-39.249,8.656],[-38.845,8.926],[-38.441,9.195],[-38.037,9.464],[-37.631,9.733],[-37.225,10.001],[-36.819,10.268],[-36.412,10.535],[-36.004,10.802],[-35.595,11.068],[-35.185,11.333],[-34.775,11.598],[-34.364,11.862],[-33.952,12.126]]}},{"type":"Feature","properties":{"boundary_type":"ridge","feature_type":"gpml:MidOceanRidge","polarity":null,"overriding_plate_id":null,"subducting_plate_id":null,"plate_ids":[101,201],"name":"TBD: Proto-Caribbean spreading"},"geometry":{"type":"LineString","coordinates":[[-33.952,12.126],[-33.536,12.391],[-33.118,12.656],[-32.7,12.92],[-32.281,13.184],[-31.861,13.447],[-31.44,13.709],[-31.018,13.971],[-30.595,14.231],[-30.172,14.491],[-29.747,14.75],[-29.321,15.009],[-28.894,15.267],[-28.466,15.523],[-28.208,15.179],[-27.951,14.834],[-27.695,14.488],[-27.44,14.143],[-27.038,14.409],[-26.635,14.674],[-26.231,14.938],[-25.826,15.202],[-25.42,15.465],[-25.013,15.728],[-24.606,15.989],[-24.196,16.25],[-23.786,16.51],[-23.375,16.769],[-22.963,17.028]]}},{"type":"Feature","properties":{"boundary_type":"subduction","feature_type":"gpml:SubductionZone","polarity":"Right","overriding_plate_id":224,"subducting_plate_id":902,"plate_ids":[224,902],"name":"TBD"},"geometry":{"type":"LineString","coordinates":[[-52.141,12.51],[-51.766,12.424],[-51.313,12.296],[-50.861,12.168],[-50.41,12.038],[-49.958,11.908],[-49.507,11.777],[-49.057,11.645],[-48.629,11.456],[-48.202,11.266],[-47.775,11.075],[-47.349,10.884],[-46.924,10.693],[-46.499,10.5]]}},{"type":"Feature","properties":{"boundary_type":"subduction","feature_type":"gpml:SubductionZone","polarity":"Right","overriding_plate_id":224,"subducting_plate_id":2035,"plate_ids":[224,2035],"name":"TBD"},"geometry":{"type":"LineString","coordinates":[[-46.499,10.5],[-46.204,10.366],[-45.789,10.124],[-45.376,9.881],[-44.963,9.638],[-44.551,9.394],[-44.139,9.149],[-43.728,8.905],[-43.317,8.66],[-42.907,8.414],[-42.534,8.106],[-42.162,7.797],[-41.79,7.489],[-41.419,7.18]]}},{"type":"Feature","properties":{"boundary_type":"subduction","feature_type":"gpml:SubductionZone","polarity":"Right","overriding_plate_id":224,"subducting_plate_id":201,"plate_ids":[201,224],"name":"TBD"},"geometry":{"type":"LineString","coordinates":[[-41.419,7.18],[-41.064,6.883],[-40.71,6.587],[-40.356,6.29],[-40.002,5.993],[-39.649,5.696],[-39.392,5.331],[-39.135,4.965],[-38.878,4.599],[-38.622,4.233],[-38.366,3.867],[-38.11,3.501],[-37.854,3.135],[-37.599,2.768],[-37.343,2.402],[-37.186,2.026],[-37.029,1.649],[-36.872,1.273],[-36.699,0.933],[-36.526,0.594],[-36.353,0.254],[-36.323,0.16]]}},{"type":"Feature","properties":{"boundary_type":"transform","feature_type":"gpml:Transform","polarity":null,"overriding_plate_id":null,"subducting_plate_id":null,"plate_ids":[224,902],"name":"TBD: Transform"},"geometry":{"type":"LineString","coordinates":[[-62.969,5.387],[-62.477,5.472],[-61.984,5.558],[-61.49,5.643],[-60.997,5.727],[-60.504,5.811],[-60.01,5.895],[-59.516,5.978],[-59.022,6.061],[-58.528,6.144],[-58.034,6.226],[-57.54,6.307],[-57.045,6.388],[-56.55,6.469],[-56.055,6.549],[-55.56,6.628],[-55.065,6.708],[-54.57,6.786],[-54.386,7.227],[-54.201,7.668],[-54.016,8.108],[-53.831,8.549],[-53.645,8.989],[-53.459,9.43],[-53.272,9.87],[-53.085,10.31],[-52.897,10.75],[-52.709,11.19],[-52.52,11.63],[-52.331,12.07],[-52.141,12.51]]}},{"type":"Feature","properties":{"boundary_type":"other","feature_type":"gpml:UnclassifiedFeature","polarity":null,"overriding_plate_id":null,"subducting_plate_id":null,"plate_ids":[224,902],"name":"TBD: Unknown Boundary"},"geometry":{"type":"LineString","coordinates":[[-53.849,-15.813],[-54.274,-15.556],[-54.698,-15.299],[-55.121,-15.04],[-55.543,-14.781],[-55.964,-14.521],[-56.384,-14.26],[-56.803,-13.998],[-57.221,-13.736],[-57.502,-13.352],[-57.782,-12.969],[-58.061,-12.585],[-58.339,-12.201],[-58.616,-11.816],[-58.893,-11.431],[-59.169,-11.046],[-59.444,-10.661],[-59.719,-10.276],[-59.992,-9.89],[-60.266,-9.504],[-60.538,-9.118],[-60.81,-8.731],[-61.082,-8.345],[-61.055,-7.881],[-61.029,-7.416],[-61.003,-6.952],[-60.977,-6.488],[-60.951,-6.024],[-60.925,-5.56],[-60.899,-5.096],[-60.873,-4.632],[-60.847,-4.167],[-60.821,-3.703],[-60.795,-3.239],[-60.769,-2.775],[-60.743,-2.311],[-60.896,-1.852],[-61.049,-1.393],[-61.202,-0.935],[-61.355,-0.476],[-61.508,-0.017],[-61.661,0.442],[-61.814,0.9],[-61.967,1.359],[-62.12,1.818],[-62.273,2.277],[-62.426,2.735],[-62.579,3.194],[-62.733,3.653],[-62.792,4.086],[-62.851,4.52],[-62.91,4.953],[-62.969,5.387]]}},{"type":"Feature","properties":{"boundary_type":"transform","feature_type":"gpml:Transform","polarity":null,"overriding_plate_id":null,"subducting_plate_id":null,"plate_ids":[224,902],"name":"TBD: Transform"},"geometry":{"type":"LineString","coordinates":[[-53.849,-15.813],[-53.428,-15.625],[-53.008,-15.436],[-52.589,-15.246],[-52.171,-15.055],[-51.753,-14.864],[-51.336,-14.671],[-50.92,-14.478],[-50.487,-14.29],[-50.056,-14.101],[-49.625,-13.911],[-49.194,-13.721],[-48.765,-13.529],[-48.336,-13.337],[-47.907,-13.145],[-47.48,-12.951],[-47.065,-12.683],[-46.651,-12.414],[-46.237,-12.144],[-45.825,-11.874],[-45.413,-11.603],[-45.003,-11.332],[-44.593,-11.06],[-44.183,-10.788],[-43.775,-10.515],[-43.44,-10.142],[-43.106,-9.768],[-42.773,-9.394],[-42.441,-9.02],[-42.109,-8.645],[-41.778,-8.27],[-41.448,-7.895],[-41.118,-7.52],[-40.789,-7.144],[-40.46,-6.768],[-40.132,-6.392],[-39.804,-6.016],[-39.541,-5.708],[-39.278,-5.4],[-39.015,-5.092]]}},{"type":"Feature","properties":{"boundary_type":"transform","feature_type":"gpml:Transform","polarity":null,"overriding_plate_id":null,"subducting_plate_id":null,"plate_ids":[201,224],"name":"TBD: Transform"},"geometry":{"type":"LineString","coordinates":[[-39.015,-5.092],[-38.709,-4.733],[-38.404,-4.374],[-38.098,-4.015],[-37.92,-3.598],[-37.743,-3.18],[-37.565,-2.763],[-37.387,-2.345],[-37.21,-1.928],[-37.032,-1.51],[-36.855,-1.093],[-36.678,-0.675],[-36.5,-0.257],[-36.323,0.16]]}},{"type":"Feature","properties":{"boundary_type":"subduction","feature_type":"gpml:SubductionZone","polarity":"Left","overriding_plate_id":2035,"subducting_plate_id":101,"plate_ids":[101,2035],"name":""},"geometry":{"type":"LineString","coordinates":[[-47.85,19.465],[-47.789,19.054],[-47.729,18.643]]}},{"type":"Feature","properties":{"boundary_type":"subduction","feature_type":"gpml:SubductionZone","polarity":"Left","overriding_plate_id":2035,"subducting_plate_id":902,"plate_ids":[902,2035],"name":""},"geometry":{"type":"LineString","coordinates":[[-47.729,18.643],[-47.685,18.341],[-47.64,18.038],[-47.56,17.602],[-47.481,17.165],[-47.402,16.728],[-47.323,16.291],[-47.244,15.854],[-47.166,15.417],[-47.088,14.98],[-47.011,14.543],[-46.912,14.136],[-46.813,13.729],[-46.715,13.321],[-46.617,12.914],[-46.519,12.506],[-46.421,12.099],[-46.441,11.699],[-46.46,11.299],[-46.479,10.9],[-46.499,10.5]]}},{"type":"Feature","properties":{"boundary_type":"ridge","feature_type":"gpml:MidOceanRidge","polarity":null,"overriding_plate_id":null,"subducting_plate_id":null,"plate_ids":[901,919],"name":"PHX-IZA"},"geometry":{"type":"LineString","coordinates":[[179.145,-30.48],[178.57,-30.428],[177.995,-30.373],[177.42,-30.316]]}},{"type":"Feature","properties":{"boundary_type":"ridge","feature_type":"gpml:MidOceanRidge","polarity":null,"overriding_plate_id":null,"subducting_plate_id":null,"plate_ids":[919,926],"name":"PHX-IZA"},"geometry":{"type":"LineString","coordinates":[[177.42,-30.316],[177.282,-30.301],[176.767,-30.3],[176.251,-30.296],[175.736,-30.29],[175.221,-30.282],[174.707,-30.272],[174.192,-30.26],[173.677,-30.246],[173.163,-30.23],[172.648,-30.212],[172.483,-30.67],[172.316,-31.129],[172.148,-31.586],[171.977,-32.044],[171.805,-32.502],[171.632,-32.959],[171.456,-33.416],[171.279,-33.873],[171.1,-34.329],[170.515,-34.291],[169.93,-34.25],[169.346,-34.206],[168.763,-34.16],[168.18,-34.11],[167.598,-34.058],[167.017,-34.004],[166.437,-33.946],[165.857,-33.886],[165.278,-33.823],[164.7,-33.757],[164.123,-33.689],[163.547,-33.618],[162.972,-33.544],[162.398,-33.468],[161.825,-33.389],[161.253,-33.307],[160.682,-33.223],[160.112,-33.136],[159.543,-33.046],[158.976,-32.954],[158.409,-32.86],[157.844,-32.763],[157.28,-32.663],[156.718,-32.561],[156.156,-32.456],[156.421,-32.107],[156.684,-31.757],[156.945,-31.406],[157.204,-31.055],[157.46,-30.703],[156.893,-30.648],[156.327,-30.59],[155.761,-30.53],[155.196,-30.467],[154.631,-30.402],[154.067,-30.334],[153.504,-30.264],[152.942,-30.192],[152.381,-30.117],[151.821,-30.04],[151.261,-29.96],[150.703,-29.878]]}},{"type":"Feature","properties":{"boundary_type":"ridge","feature_type":"gpml:MidOceanRidge","polarity":null,"overriding_plate_id":null,"subducting_plate_id":null,"plate_ids":[902,919],"name":"MOR Pacific-Phoenix"},"geometry":{"type":"LineString","coordinates":[[-93.347,-22.309],[-93.564,-22.394]]}},{"type":"Feature","properties":{"boundary_type":"ridge","feature_type":"gpml:MidOceanRidge","polarity":null,"overriding_plate_id":null,"subducting_plate_id":null,"plate_ids":[901,919],"name":"MOR Pacific-Phoenix"},"geometry":{"type":"LineString","coordinates":[[-93.564,-22.394],[-93.954,-22.545],[-94.344,-22.695],[-94.822,-22.906],[-95.301,-23.115],[-95.782,-23.323],[-96.265,-23.529],[-96.749,-23.734],[-97.234,-23.938],[-97.721,-24.14],[-98.21,-24.34],[-98.7,-24.539],[-99.191,-24.736],[-99.685,-24.932],[-100.179,-25.126],[-100.676,-25.318],[-101.177,-25.48],[-101.679,-25.639],[-102.183,-25.797],[-102.688,-25.954],[-103.195,-26.108],[-103.703,-26.261],[-104.212,-26.412],[-104.722,-26.561],[-105.234,-26.708],[-105.747,-26.854],[-106.262,-26.998],[-106.778,-27.139],[-107.295,-27.279],[-107.813,-27.417],[-108.333,-27.553],[-108.854,-27.687],[-108.629,-28.12],[-108.403,-28.553],[-108.174,-28.986],[-108.622,-29.189],[-109.071,-29.391],[-109.522,-29.592],[-109.974,-29.791],[-110.429,-29.989],[-110.885,-30.184],[-111.343,-30.379],[-111.803,-30.572],[-111.566,-30.99],[-111.328,-31.409],[-111.087,-31.826],[-110.844,-32.244],[-110.599,-32.661],[-110.352,-33.077],[-110.102,-33.493],[-109.85,-33.909],[-110.372,-34.143],[-110.897,-34.375],[-111.425,-34.604],[-111.956,-34.831],[-112.49,-35.056],[-113.026,-35.279],[-112.79,-35.688],[-112.551,-36.097],[-112.309,-36.505],[-112.758,-36.695],[-113.209,-36.884],[-113.662,-37.072],[-114.117,-37.257],[-113.897,-37.628],[-113.675,-37.998],[-113.451,-38.368],[-113.921,-38.554],[-114.394,-38.739],[-114.869,-38.923],[-115.346,-39.104],[-115.826,-39.283],[-116.081,-38.83],[-116.333,-38.376],[-116.582,-37.922],[-116.828,-37.467],[-117.071,-37.012],[-117.311,-36.556],[-117.86,-36.768],[-118.413,-36.977],[-118.969,-37.184],[-119.527,-37.388],[-120.089,-37.589],[-120.654,-37.788],[-121.222,-37.984],[-121.793,-38.177],[-122.366,-38.368],[-122.943,-38.555],[-123.523,-38.74],[-124.106,-38.922],[-124.692,-39.101],[-125.28,-39.277],[-125.872,-39.451],[-126.467,-39.621],[-127.064,-39.788],[-127.665,-39.952],[-128.268,-40.113],[-128.874,-40.27],[-129.483,-40.425],[-130.095,-40.576],[-130.709,-40.724],[-131.326,-40.869],[-131.946,-41.011],[-132.569,-41.149],[-133.194,-41.284],[-133.821,-41.415],[-133.907,-41.05],[-133.992,-40.684],[-134.076,-40.319],[-134.704,-40.425],[-135.334,-40.529],[-135.967,-40.628],[-136.601,-40.725],[-137.237,-40.817],[-137.874,-40.907],[-138.514,-40.993],[-139.155,-41.075],[-139.797,-41.153],[-140.441,-41.229],[-141.087,-41.3],[-141.734,-41.368],[-142.382,-41.432],[-143.031,-41.493],[-143.682,-41.55],[-144.334,-41.603],[-144.986,-41.653],[-145.64,-41.699],[-146.295,-41.741],[-146.95,-41.779],[-147.606,-41.814],[-148.263,-41.845],[-148.921,-41.872],[-149.579,-41.896],[-150.237,-41.916],[-150.896,-41.932],[-150.902,-42.362],[-150.909,-42.793],[-150.915,-43.224],[-151.585,-43.246],[-152.254,-43.265],[-152.925,-43.279],[-153.595,-43.29],[-154.266,-43.297],[-154.937,-43.299],[-155.607,-43.298],[-156.278,-43.293],[-156.949,-43.284],[-157.619,-43.271],[-158.289,-43.255],[-158.958,-43.234],[-159.627,-43.209],[-160.296,-43.181],[-160.964,-43.149],[-161.631,-43.112],[-162.297,-43.072],[-162.962,-43.028],[-163.627,-42.98],[-164.29,-42.929],[-164.952,-42.873],[-165.613,-42.814],[-166.273,-42.751],[-166.931,-42.684],[-167.588,-42.613],[-168.243,-42.539],[-168.896,-42.461],[-169.548,-42.379],[-170.199,-42.294],[-170.847,-42.204],[-171.494,-42.112],[-172.138,-42.015],[-172.781,-41.915],[-173.421,-41.812],[-174.06,-41.705],[-174.696,-41.594],[-175.33,-41.48],[-175.962,-41.362],[-176.592,-41.241],[-177.219,-41.117],[-177.844,-40.989],[-177.648,-40.569],[-177.455,-40.149],[-177.265,-39.728],[-177.889,-39.605],[-178.511,-39.478],[-179.131,-39.348],[-179.748,-39.215],[179.637,-39.079],[179.024,-38.939],[178.414,-38.796],[177.807,-38.65],[177.201,-38.501],[176.599,-38.349],[176.763,-37.888],[176.925,-37.426],[177.085,-36.964],[177.243,-36.503],[177.399,-36.04],[177.554,-35.578],[177.706,-35.115],[177.857,-34.653],[178.006,-34.19],[178.154,-33.727],[178.3,-33.263],[178.445,-32.8],[178.588,-32.336],[178.729,-31.873],[178.869,-31.409],[179.008,-30.945],[179.145,-30.48]]}},{"type":"Feature","properties":{"boundary_type":"ridge","feature_type":"gpml:MidOceanRidge","polarity":null,"overriding_plate_id":null,"subducting_plate_id":null,"plate_ids":[902,919],"name":"MOR Farallon-Phoenix"},"geometry":{"type":"LineString","coordinates":[[-93.347,-22.309],[-92.833,-22.253],[-92.32,-22.196],[-91.807,-22.137],[-91.294,-22.077],[-90.782,-22.015],[-90.27,-21.952],[-89.759,-21.887],[-89.248,-21.82],[-88.738,-21.752],[-88.229,-21.682],[-87.719,-21.611],[-87.211,-21.538],[-86.702,-21.463],[-86.62,-21.898],[-86.537,-22.333],[-86.454,-22.768],[-86.37,-23.203],[-86.285,-23.637],[-86.2,-24.072],[-86.114,-24.507],[-86.028,-24.941],[-85.504,-24.827],[-84.982,-24.711],[-84.46,-24.593],[-83.939,-24.473],[-83.419,-24.352],[-82.9,-24.228],[-82.383,-24.103],[-81.866,-23.977],[-81.35,-23.848],[-80.835,-23.718],[-80.322,-23.586],[-79.809,-23.452],[-79.298,-23.317],[-78.787,-23.18],[-78.278,-23.042],[-77.769,-22.901],[-77.262,-22.76],[-76.755,-22.616],[-76.25,-22.471],[-75.746,-22.325],[-75.243,-22.177],[-74.741,-22.027],[-74.24,-21.876],[-73.74,-21.723],[-73.241,-21.569],[-72.743,-21.413],[-72.576,-21.851],[-72.407,-22.288],[-72.237,-22.725],[-72.067,-23.162],[-71.895,-23.599],[-71.722,-24.036],[-71.548,-24.472],[-71.373,-24.908],[-70.877,-24.725],[-70.382,-24.541],[-69.889,-24.354],[-69.397,-24.167],[-68.907,-23.977],[-68.418,-23.786],[-67.931,-23.594],[-67.445,-23.4],[-66.961,-23.204],[-66.477,-23.007],[-65.996,-22.808],[-65.516,-22.609],[-65.037,-22.407],[-64.559,-22.204],[-64.083,-22.0],[-63.609,-21.795],[-63.135,-21.588],[-62.663,-21.38],[-62.193,-21.17],[-61.724,-20.959],[-61.256,-20.747],[-60.789,-20.534],[-60.324,-20.319],[-59.86,-20.104],[-59.397,-19.886],[-59.106,-20.281],[-58.815,-20.674],[-58.521,-21.067],[-58.226,-21.46],[-57.93,-21.852],[-57.632,-22.244],[-57.332,-22.635],[-56.87,-22.375],[-56.409,-22.114],[-55.951,-21.851],[-55.494,-21.587],[-55.038,-21.322],[-54.585,-21.056],[-54.133,-20.788],[-53.682,-20.52],[-53.234,-20.25],[-52.786,-19.979],[-52.341,-19.707],[-51.896,-19.434],[-51.454,-19.16],[-51.012,-18.884],[-50.572,-18.608],[-50.134,-18.331],[-49.697,-18.052],[-49.262,-17.773],[-48.827,-17.493],[-48.394,-17.211],[-47.963,-16.929],[-47.533,-16.646],[-47.19,-17.02],[-46.847,-17.393],[-46.502,-17.765],[-46.156,-18.137],[-45.808,-18.508],[-45.458,-18.878],[-45.108,-19.248],[-44.661,-18.995],[-44.215,-18.74],[-43.771,-18.485],[-43.328,-18.228],[-42.886,-17.971],[-42.445,-17.712],[-42.006,-17.453],[-41.568,-17.192],[-41.132,-16.931],[-40.696,-16.669],[-40.262,-16.405],[-39.829,-16.141],[-39.397,-15.876],[-38.966,-15.61],[-38.537,-15.344],[-38.108,-15.076],[-37.681,-14.808],[-37.254,-14.539],[-36.829,-14.269],[-36.404,-13.998],[-35.981,-13.727],[-35.559,-13.455],[-35.315,-13.851],[-35.071,-14.246],[-34.825,-14.642],[-34.579,-15.037],[-34.332,-15.432],[-34.084,-15.826],[-33.834,-16.221],[-33.505,-15.987],[-33.177,-15.752],[-32.849,-15.517]]}},{"type":"Feature","properties":{"boundary_type":"ridge","feature_type":"gpml:MidOceanRidge","polarity":null,"overriding_plate_id":null,"subducting_plate_id":null,"plate_ids":[901,902],"name":"MOR Pacific-Farallon"},"geometry":{"type":"LineString","coordinates":[[-93.564,-22.394],[-93.98,-22.205],[-94.394,-22.015],[-94.856,-21.798],[-95.316,-21.581],[-95.775,-21.362],[-96.232,-21.142],[-96.688,-20.92],[-97.143,-20.698],[-97.597,-20.474],[-98.049,-20.249],[-98.5,-20.023],[-98.949,-19.796],[-99.397,-19.568],[-99.844,-19.338],[-100.29,-19.108],[-100.735,-18.876],[-101.178,-18.644],[-101.62,-18.41],[-101.341,-18.006],[-101.064,-17.601],[-101.442,-17.41],[-101.82,-17.218],[-102.005,-17.491],[-102.413,-17.288],[-102.821,-17.085],[-102.904,-17.219],[-103.329,-17.029],[-103.753,-16.837],[-104.177,-16.645],[-104.599,-16.452],[-105.021,-16.258],[-105.442,-16.063],[-105.862,-15.867],[-106.281,-15.671],[-106.7,-15.474],[-107.101,-15.585],[-107.502,-15.696],[-107.817,-15.893],[-108.132,-16.089],[-108.453,-16.287],[-108.775,-16.485],[-109.16,-16.802],[-109.545,-17.119],[-109.932,-17.434],[-110.321,-17.132],[-110.709,-16.83],[-111.096,-16.527],[-111.481,-16.223],[-111.866,-15.918],[-112.249,-15.613],[-112.631,-15.307],[-113.011,-15.001],[-112.766,-14.812],[-112.521,-14.624],[-112.886,-14.347],[-113.251,-14.07],[-113.615,-13.792],[-113.978,-13.514],[-113.765,-13.357],[-113.552,-13.199],[-113.891,-12.893],[-114.229,-12.586],[-114.565,-12.279],[-114.902,-11.972],[-115.237,-11.664],[-114.96,-11.37],[-114.683,-11.076],[-114.407,-10.781],[-114.131,-10.486],[-113.745,-10.191],[-113.36,-9.896],[-112.975,-9.6],[-112.591,-9.304],[-112.207,-9.007],[-111.825,-8.71]]}},{"type":"Feature","properties":{"boundary_type":"ridge","feature_type":"gpml:MidOceanRidge","polarity":null,"overriding_plate_id":null,"subducting_plate_id":null,"plate_ids":[901,902],"name":"MOR Pacific-Farallon"},"geometry":{"type":"LineString","coordinates":[[-111.825,-8.71],[-112.01,-8.432],[-112.195,-8.154],[-111.898,-7.927],[-112.218,-7.617],[-112.538,-7.308],[-112.857,-6.998],[-113.176,-6.687],[-113.495,-6.377],[-113.813,-6.066],[-114.13,-5.756],[-114.452,-5.604],[-114.774,-5.452],[-115.096,-5.301],[-115.373,-4.997],[-115.649,-4.692],[-115.926,-4.388],[-116.202,-4.084],[-116.483,-3.717],[-116.763,-3.35],[-117.043,-2.982],[-117.323,-2.615],[-117.435,-2.536],[-117.645,-2.711],[-117.856,-2.885],[-118.106,-2.733],[-118.401,-2.476],[-118.696,-2.219],[-119.049,-2.527],[-119.403,-2.835],[-119.758,-3.143],[-119.916,-3.21],[-120.166,-3.389],[-120.417,-3.567],[-120.638,-3.913],[-120.943,-3.62],[-121.247,-3.327],[-121.552,-3.034],[-121.856,-2.741],[-122.16,-2.447],[-122.272,-2.535],[-122.613,-2.219],[-122.827,-2.083],[-123.04,-1.946],[-123.285,-1.65],[-123.531,-1.355],[-123.809,-1.068],[-124.087,-0.781],[-124.356,-0.364],[-124.625,-0.154],[-124.894,0.055],[-125.162,0.265],[-125.349,0.456],[-125.537,0.647],[-125.707,0.834],[-125.877,1.021],[-125.598,1.211],[-125.319,1.402],[-125.512,1.643],[-125.705,1.884],[-126.001,2.132],[-126.023,2.33],[-126.199,2.526],[-126.375,2.722],[-126.077,2.916],[-126.303,3.143],[-126.529,3.37],[-126.54,3.439],[-126.805,3.647],[-126.93,3.673],[-127.036,3.908],[-127.142,4.143],[-126.723,4.41],[-126.303,4.676],[-125.884,4.942],[-125.464,5.208],[-125.707,5.532],[-125.952,5.856],[-126.196,6.18],[-126.472,6.093],[-126.692,6.392],[-126.801,6.318],[-127.015,6.58],[-127.114,6.629],[-127.178,6.743]]}},{"type":"Feature","properties":{"boundary_type":"ridge","feature_type":"gpml:MidOceanRidge","polarity":null,"overriding_plate_id":null,"subducting_plate_id":null,"plate_ids":[901],"name":"MOR Pacific-Farallon"},"geometry":{"type":"LineString","coordinates":[[-127.178,6.743],[-127.193,6.77]]}},{"type":"Feature","properties":{"boundary_type":"ridge","feature_type":"gpml:MidOceanRidge","polarity":null,"overriding_plate_id":null,"subducting_plate_id":null,"plate_ids":[901,926],"name":"IZA-PAC MOR"},"geometry":{"type":"LineString","coordinates":[[-148.179,-5.501],[-148.591,-5.562],[-148.474,-6.035],[-148.357,-6.509],[-148.24,-6.982],[-148.122,-7.456],[-148.005,-7.929],[-147.887,-8.403],[-147.769,-8.876],[-147.65,-9.35],[-148.122,-9.469],[-148.595,-9.588],[-149.068,-9.707],[-149.541,-9.824],[-150.015,-9.941],[-150.489,-10.058],[-150.963,-10.173],[-151.438,-10.288],[-151.913,-10.403],[-152.388,-10.516],[-152.864,-10.629],[-153.34,-10.742],[-153.817,-10.853],[-154.293,-10.964],[-154.771,-11.074],[-155.248,-11.183],[-155.726,-11.292],[-156.204,-11.399],[-156.683,-11.506],[-157.162,-11.612],[-157.641,-11.718],[-158.121,-11.822],[-158.601,-11.926],[-159.081,-12.029],[-159.562,-12.131],[-159.48,-12.571],[-159.398,-13.01],[-159.315,-13.45],[-159.233,-13.889],[-159.719,-13.991],[-160.207,-14.093],[-160.694,-14.193],[-161.182,-14.293],[-161.671,-14.391],[-162.16,-14.488],[-162.649,-14.585],[-163.139,-14.68],[-163.629,-14.774],[-164.119,-14.867],[-164.61,-14.96],[-165.102,-15.051],[-165.594,-15.141],[-166.086,-15.23],[-166.579,-15.318],[-167.072,-15.405],[-167.565,-15.491],[-168.059,-15.575],[-168.553,-15.659],[-169.048,-15.742],[-169.543,-15.823],[-170.039,-15.903],[-170.535,-15.982],[-171.031,-16.06],[-171.528,-16.137],[-171.479,-16.625],[-171.429,-17.112],[-171.38,-17.6],[-171.33,-18.088],[-171.28,-18.575],[-171.229,-19.063],[-171.179,-19.55],[-171.128,-20.038],[-171.076,-20.525],[-171.602,-20.588],[-172.128,-20.648],[-172.654,-20.708],[-173.181,-20.765],[-173.708,-20.821],[-174.235,-20.876],[-174.763,-20.929],[-175.291,-20.98],[-175.82,-21.029],[-176.349,-21.077],[-176.878,-21.123],[-177.408,-21.168],[-177.937,-21.211],[-178.468,-21.252],[-178.998,-21.292],[-179.529,-21.33],[179.94,-21.366],[179.409,-21.401],[178.877,-21.434],[178.345,-21.465],[177.813,-21.495],[177.793,-21.985],[177.772,-22.475],[177.752,-22.965],[177.731,-23.455],[177.71,-23.945],[177.689,-24.435],[177.667,-24.925],[177.646,-25.416],[177.624,-25.906],[177.602,-26.396],[177.58,-26.886],[177.558,-27.376],[177.536,-27.866],[177.513,-28.356],[177.49,-28.846],[177.467,-29.336],[177.444,-29.826],[177.42,-30.316]]}},{"type":"Feature","properties":{"boundary_type":"ridge","feature_type":"gpml:MidOceanRidge","polarity":null,"overriding_plate_id":null,"subducting_plate_id":null,"plate_ids":[902],"name":"MOR Farallon-Izanagi"},"geometry":{"type":"LineString","coordinates":[[-127.178,6.743],[-127.159,6.775]]}},{"type":"Feature","properties":{"boundary_type":"ridge","feature_type":"gpml:MidOceanRidge","polarity":null,"overriding_plate_id":null,"subducting_plate_id":null,"plate_ids":[902,926],"name":"MOR Farallon-Izanagi"},"geometry":{"type":"LineString","coordinates":[[-127.159,6.775],[-126.952,7.13],[-126.745,7.525],[-126.538,7.919],[-126.331,8.313],[-126.123,8.707],[-125.915,9.101],[-125.707,9.495],[-126.137,9.725],[-126.568,9.956],[-127.0,10.185],[-127.433,10.414],[-127.865,10.643],[-128.299,10.87],[-128.733,11.098],[-129.168,11.324],[-129.604,11.55],[-130.04,11.775],[-130.477,12.0],[-130.915,12.224],[-131.354,12.447],[-131.793,12.67],[-132.233,12.892],[-132.674,13.113],[-133.116,13.333],[-133.558,13.553],[-134.001,13.771],[-134.445,13.989],[-134.89,14.207],[-135.336,14.423],[-135.783,14.639],[-136.23,14.853],[-136.679,15.067],[-137.128,15.28],[-136.949,15.672],[-136.77,16.064],[-136.59,16.456],[-136.41,16.848],[-136.228,17.239],[-136.046,17.63],[-136.463,17.861],[-136.88,18.091],[-137.299,18.319],[-137.719,18.547],[-138.14,18.774],[-138.562,19.0],[-138.986,19.225],[-139.41,19.449],[-139.836,19.672],[-140.263,19.894],[-140.121,20.361],[-139.977,20.828],[-139.833,21.295],[-139.688,21.762],[-139.542,22.229],[-139.395,22.695],[-139.247,23.162],[-139.098,23.628],[-138.948,24.094],[-138.797,24.56],[-138.645,25.026],[-138.491,25.492],[-138.337,25.957],[-138.181,26.422],[-138.024,26.888],[-137.865,27.353],[-137.706,27.817],[-137.544,28.282],[-137.382,28.746],[-137.218,29.211],[-137.052,29.675],[-136.885,30.139],[-136.717,30.602],[-136.546,31.066],[-136.375,31.529],[-136.201,31.992],[-136.026,32.454],[-135.848,32.917],[-135.669,33.379],[-135.488,33.841],[-135.306,34.303],[-134.857,34.069],[-134.41,33.834],[-133.967,33.597],[-133.525,33.358],[-133.086,33.118],[-132.867,33.563],[-132.647,34.008],[-132.423,34.453],[-132.198,34.897],[-131.97,35.341],[-131.739,35.784],[-131.506,36.227],[-131.27,36.669],[-131.032,37.111],[-130.79,37.552],[-130.546,37.993],[-130.299,38.433],[-130.049,38.873],[-129.795,39.312],[-129.539,39.751],[-129.279,40.189],[-129.016,40.627],[-128.749,41.064],[-128.479,41.5],[-128.205,41.936],[-127.928,42.371],[-128.461,42.659],[-128.999,42.944],[-129.542,43.227],[-130.09,43.507],[-130.643,43.784],[-131.202,44.059],[-131.765,44.331],[-132.334,44.6],[-132.141,45.063],[-131.945,45.526],[-131.745,45.989],[-131.542,46.451],[-131.336,46.912],[-131.126,47.374],[-130.913,47.835],[-130.695,48.295],[-130.474,48.755],[-130.249,49.215],[-130.019,49.674],[-129.785,50.133],[-130.328,50.457],[-130.878,50.778],[-131.436,51.096],[-132.002,51.412],[-132.575,51.725],[-132.472,52.204],[-132.366,52.684],[-132.258,53.163],[-132.147,53.642],[-132.034,54.122],[-131.918,54.601],[-131.8,55.08],[-131.678,55.559],[-131.554,56.037],[-131.426,56.516],[-131.295,56.995],[-131.161,57.473],[-131.023,57.951],[-130.882,58.429],[-130.737,58.907],[-130.587,59.385],[-130.433,59.862],[-130.275,60.34],[-130.112,60.817],[-129.944,61.294],[-129.771,61.771],[-129.593,62.247],[-129.409,62.724],[-128.722,62.542],[-128.044,62.357],[-127.845,62.845],[-127.638,63.332],[-127.425,63.819],[-127.204,64.305],[-126.976,64.791],[-126.739,65.277],[-126.493,65.762],[-126.237,66.247],[-125.972,66.732],[-125.696,67.216],[-125.408,67.699],[-125.109,68.182],[-124.797,68.665],[-124.471,69.147],[-124.13,69.628],[-123.773,70.108],[-123.4,70.588],[-123.008,71.067],[-122.597,71.545],[-122.165,72.023],[-121.71,72.499],[-121.358,72.983],[-120.987,73.468],[-120.593,73.951],[-120.176,74.434],[-119.733,74.916],[-119.261,75.396],[-118.758,75.876],[-118.221,76.355],[-117.645,76.833],[-117.026,77.309],[-116.361,77.783],[-115.642,78.256],[-114.864,78.727],[-114.02,79.196],[-113.1,79.662],[-112.094,80.126],[-110.991,80.586],[-109.775,81.042],[-108.432,81.494],[-106.939,81.941]]}},{"type":"Feature","properties":{"boundary_type":"ridge","feature_type":"gpml:MidOceanRidge","polarity":null,"overriding_plate_id":null,"subducting_plate_id":null,"plate_ids":[902],"name":"MOR Farallon-Izanagi"},"geometry":{"type":"LineString","coordinates":[[-106.939,81.941],[-108.073,82.346],[-109.332,82.747],[-110.737,83.145],[-112.313,83.538],[-114.091,83.925]]}},{"type":"Feature","properties":{"boundary_type":"ridge","feature_type":"gpml:MidOceanRidge","polarity":null,"overriding_plate_id":null,"subducting_plate_id":null,"plate_ids":[926],"name":"MOR Farallon-Izanagi"},"geometry":{"type":"LineString","coordinates":[[-106.939,81.941],[-104.842,81.601],[-102.909,81.251],[-101.125,80.892],[-99.478,80.525],[-97.953,80.151],[-96.539,79.771]]}},{"type":"Feature","properties":{"boundary_type":"ridge","feature_type":"gpml:MidOceanRidge","polarity":null,"overriding_plate_id":null,"subducting_plate_id":null,"plate_ids":[101,304],"name":"IB_NFLND_Exhumed_Mantle"},"geometry":{"type":"LineString","coordinates":[[9.52,29.685],[9.775,29.833],[10.03,29.981],[10.323,30.376],[10.615,30.735],[10.794,30.934],[10.973,31.132],[11.099,31.494],[11.18,31.93],[11.56,32.222],[11.841,32.327],[12.102,32.386],[12.315,32.557],[12.591,32.736],[12.895,33.013],[13.182,33.327],[13.228,33.568],[13.409,33.823],[13.858,34.104],[14.185,34.121],[14.419,34.256],[14.561,34.453],[14.664,34.573],[14.799,34.636],[15.182,34.449],[15.564,34.262],[15.932,34.586]]}},{"type":"Feature","properties":{"boundary_type":"ridge","feature_type":"gpml:MidOceanRidge","polarity":null,"overriding_plate_id":null,"subducting_plate_id":null,"plate_ids":[101,301],"name":"IB_NFLND_Exhumed_Mantle"},"geometry":{"type":"LineString","coordinates":[[15.932,34.586],[16.317,34.921],[16.705,35.254],[17.096,35.587]]}},{"type":"Feature","properties":{"boundary_type":"subduction","feature_type":"gpml:SubductionZone","polarity":"Right","overriding_plate_id":802,"subducting_plate_id":919,"plate_ids":[802,919],"name":"South America trench taken from COB file"},"geometry":{"type":"LineString","coordinates":[[-35.428,-52.93],[-35.608,-52.572]]}},{"type":"Feature","properties":{"boundary_type":"subduction","feature_type":"gpml:SubductionZone","polarity":"Right","overriding_plate_id":201,"subducting_plate_id":919,"plate_ids":[201,919],"name":"South America trench taken from COB file"},"geometry":{"type":"LineString","coordinates":[[-35.608,-52.572],[-35.657,-52.473],[-35.756,-52.204],[-35.854,-51.934],[-35.898,-51.649],[-35.941,-51.365],[-35.858,-50.948],[-35.777,-50.53],[-35.697,-50.113],[-35.775,-49.738],[-35.852,-49.362],[-35.979,-49.001],[-36.105,-48.639],[-35.967,-48.182],[-35.831,-47.724],[-35.429,-47.446],[-35.033,-47.167],[-34.413,-46.989],[-34.283,-46.546],[-34.132,-46.183],[-34.051,-45.921],[-33.97,-45.658],[-33.931,-45.342],[-33.98,-45.124],[-34.072,-44.858],[-34.128,-44.612],[-34.206,-44.273],[-34.067,-43.932],[-33.954,-43.569],[-33.877,-43.341],[-33.735,-42.956],[-33.695,-42.738],[-33.634,-42.473],[-33.583,-42.226],[-33.51,-41.881],[-33.439,-41.536],[-33.368,-41.19],[-33.322,-40.863],[-33.261,-40.6],[-33.201,-40.336],[-33.139,-40.033],[-33.137,-39.765],[-33.136,-39.496],[-33.132,-39.264],[-33.02,-38.873],[-32.889,-38.466],[-32.803,-38.223],[-32.718,-37.98],[-32.674,-37.5],[-32.552,-37.063],[-32.411,-36.703],[-32.271,-36.343],[-32.133,-35.983],[-31.996,-35.623],[-31.789,-35.228],[-31.584,-34.832],[-31.38,-34.435],[-31.179,-34.038],[-30.979,-33.641],[-30.782,-33.244],[-30.586,-32.846],[-30.508,-32.366],[-30.432,-31.886],[-30.356,-31.406],[-30.281,-30.926],[-30.206,-30.446],[-30.133,-29.966],[-30.06,-29.486],[-29.988,-29.006],[-29.916,-28.525],[-29.782,-28.13],[-29.648,-27.734],[-29.515,-27.338],[-29.384,-26.942],[-29.253,-26.545],[-29.185,-26.085],[-29.118,-25.625],[-29.051,-25.165],[-28.985,-24.705],[-28.919,-24.245],[-28.854,-23.784],[-28.789,-23.324],[-28.724,-22.864],[-28.675,-22.453],[-28.625,-22.043],[-28.575,-21.632],[-28.658,-21.196],[-28.74,-20.759],[-28.74,-20.417],[-28.74,-20.075],[-28.893,-19.65],[-29.046,-19.224],[-29.323,-18.802],[-29.6,-18.38],[-29.927,-18.045],[-30.252,-17.71],[-30.577,-17.374],[-30.9,-17.037],[-31.223,-16.7],[-31.675,-16.477],[-32.125,-16.253],[-32.367,-16.008],[-32.608,-15.763],[-32.849,-15.517]]}},{"type":"Feature","properties":{"boundary_type":"subduction","feature_type":"gpml:SubductionZone","polarity":"Right","overriding_plate_id":201,"subducting_plate_id":902,"plate_ids":[201,902],"name":"South America trench taken from COB file"},"geometry":{"type":"LineString","coordinates":[[-32.849,-15.517],[-33.173,-15.186],[-33.496,-14.853],[-33.817,-14.521],[-34.138,-14.187],[-34.458,-13.854],[-34.777,-13.52],[-35.095,-13.185],[-35.336,-12.787],[-35.576,-12.388],[-35.816,-11.989],[-36.054,-11.589],[-36.292,-11.19],[-36.53,-10.79],[-36.766,-10.39],[-37.003,-9.99],[-37.238,-9.59],[-37.473,-9.189],[-37.707,-8.789],[-37.873,-8.335],[-38.039,-7.88],[-38.204,-7.426],[-38.368,-6.972],[-38.533,-6.518],[-38.697,-6.063],[-38.86,-5.609],[-39.024,-5.154],[-39.015,-5.092]]}},{"type":"Feature","properties":{"boundary_type":"other","feature_type":"gpml:ContinentalRift","polarity":null,"overriding_plate_id":null,"subducting_plate_id":null,"plate_ids":[101,301],"name":"North America - Greenland rift"},"geometry":{"type":"LineString","coordinates":[[34.052,60.583],[33.922,60.479],[33.686,60.111],[33.455,59.743],[33.229,59.374],[33.007,59.005],[32.609,58.573],[32.221,58.139],[31.842,57.703],[31.472,57.267],[31.268,56.896],[31.068,56.525],[30.871,56.154],[30.678,55.782],[30.802,55.409],[30.923,55.037],[30.888,54.623],[30.854,54.208],[30.821,53.794],[30.655,53.447],[30.491,53.099],[30.33,52.751],[29.927,52.381],[29.531,52.011],[29.141,51.639],[28.634,51.376],[28.132,51.112],[27.637,50.846],[27.151,50.58],[26.672,50.312],[26.197,50.043],[25.728,49.771],[25.21,49.594],[24.696,49.415],[24.186,49.233],[23.679,49.049],[22.975,48.971],[22.273,48.889],[21.573,48.803],[20.876,48.712],[20.473,48.437],[20.075,48.16],[19.681,47.882],[19.291,47.602],[18.81,47.251],[18.336,46.899],[17.868,46.544],[17.406,46.188],[16.996,45.87],[16.59,45.55],[16.188,45.23],[15.791,44.907],[15.463,44.637],[15.137,44.365],[14.814,44.093],[14.517,43.749],[14.224,43.404],[13.782,43.101],[13.422,42.806],[13.066,42.51],[12.712,42.213],[12.362,41.915],[11.954,41.562],[11.549,41.208],[11.149,40.852],[10.703,40.526],[10.26,40.197],[9.822,39.868],[9.388,39.536]]}},{"type":"Feature","properties":{"boundary_type":"transform","feature_type":"gpml:Transform","polarity":null,"overriding_plate_id":null,"subducting_plate_id":null,"plate_ids":[101,201],"name":"Marathon Transform, N Margin of Eq Atlantic"},"geometry":{"type":"LineString","coordinates":[[-22.963,17.028],[-22.71,16.802],[-22.458,16.576],[-22.077,16.241],[-21.697,15.906],[-21.319,15.57],[-20.942,15.233],[-20.566,14.896],[-20.191,14.558],[-19.818,14.219],[-19.445,13.88],[-19.074,13.541],[-18.704,13.2],[-18.325,12.939],[-17.948,12.677],[-17.571,12.414],[-17.195,12.151],[-16.82,11.888],[-16.446,11.624]]}},{"type":"Feature","properties":{"boundary_type":"transform","feature_type":"gpml:Transform","polarity":null,"overriding_plate_id":null,"subducting_plate_id":null,"plate_ids":[201,714],"name":"Marathon Transform, N Margin of Eq Atlantic"},"geometry":{"type":"LineString","coordinates":[[-16.446,11.624],[-16.089,11.371],[-15.732,11.118],[-15.376,10.864],[-14.947,10.668],[-14.518,10.471],[-14.09,10.273],[-13.662,10.075],[-13.235,9.876],[-12.808,9.677],[-12.382,9.478],[-11.956,9.277],[-11.531,9.076],[-11.119,8.957],[-10.707,8.837],[-10.295,8.717],[-9.884,8.596],[-9.472,8.475],[-9.062,8.353]]}},{"type":"Feature","properties":{"boundary_type":"subduction","feature_type":"gpml:SubductionZone","polarity":"Left","overriding_plate_id":null,"subducting_plate_id":null,"plate_ids":[301],"name":"Vadar Sea subduction 170Ma geom"},"geometry":{"type":"LineString","coordinates":[[43.399,29.655],[43.091,29.272],[42.785,28.888],[42.482,28.503],[42.181,28.118],[41.882,27.732],[41.585,27.346],[41.299,27.013],[41.013,26.68],[40.73,26.346],[40.448,26.012],[40.408,25.55],[40.368,25.088],[40.328,24.626],[40.289,24.164],[40.335,23.718],[40.381,23.271],[40.426,22.825],[40.471,22.379],[40.519,21.969],[40.566,21.559],[40.613,21.15],[40.66,20.74],[40.783,20.262],[40.906,19.784],[41.028,19.306],[41.153,18.901],[41.278,18.496],[41.403,18.091],[41.526,17.686],[41.65,17.281],[41.772,16.875],[42.135,16.584],[42.496,16.292],[42.857,15.999],[43.216,15.705],[43.64,15.449],[44.063,15.192],[44.484,14.935],[44.905,14.676],[45.302,14.411],[45.698,14.145],[46.092,13.878],[46.486,13.61],[46.879,13.342],[47.271,13.074],[47.662,12.804],[48.053,12.535]]}},{"type":"Feature","properties":{"boundary_type":"other","feature_type":"gpml:ExtendedContinentalCrust","polarity":null,"overriding_plate_id":null,"subducting_plate_id":null,"plate_ids":[201,28900],"name":"Southern Margin of Southern South America deforming region"},"geometry":{"type":"LineString","coordinates":[[-6.513,-52.933],[-5.964,-52.882],[-5.415,-52.83],[-4.72,-52.799],[-4.026,-52.765],[-3.333,-52.727],[-2.641,-52.684],[-2.046,-52.556],[-1.456,-52.425],[-0.868,-52.291],[-0.284,-52.154],[0.325,-51.888],[0.927,-51.62],[1.522,-51.348],[1.851,-50.969],[2.175,-50.588],[2.494,-50.207],[2.639,-49.877],[2.782,-49.547],[2.923,-49.217],[3.026,-48.864],[3.127,-48.511]]}},{"type":"Feature","properties":{"boundary_type":"other","feature_type":"gpml:ExtendedContinentalCrust","polarity":null,"overriding_plate_id":null,"subducting_plate_id":null,"plate_ids":[201,802],"name":"Southern Margin of Southern South America deforming region"},"geometry":{"type":"LineString","coordinates":[[-35.608,-52.572],[-34.97,-52.804],[-34.326,-53.032],[-33.675,-53.257]]}},{"type":"Feature","properties":{"boundary_type":"other","feature_type":"gpml:ExtendedContinentalCrust","polarity":null,"overriding_plate_id":null,"subducting_plate_id":null,"plate_ids":[201,28900],"name":"Southern Margin of Southern South America deforming region"},"geometry":{"type":"LineString","coordinates":[[-33.675,-53.257],[-33.123,-53.444],[-32.566,-53.627],[-31.934,-53.835],[-31.296,-54.04],[-30.652,-54.241],[-30.001,-54.439],[-29.345,-54.633],[-28.682,-54.823],[-28.025,-54.907],[-27.365,-54.987],[-26.703,-55.063],[-26.039,-55.136],[-25.402,-55.129],[-24.766,-55.119],[-24.13,-55.105],[-23.445,-55.071],[-22.76,-55.034],[-22.076,-54.992],[-21.259,-54.905],[-20.445,-54.812],[-19.635,-54.713],[-18.829,-54.61],[-18.13,-54.609],[-17.43,-54.605],[-16.731,-54.597],[-16.032,-54.585],[-15.26,-54.607],[-14.486,-54.625],[-13.712,-54.637],[-13.025,-54.535],[-12.342,-54.43],[-11.662,-54.32],[-11.005,-54.25],[-10.349,-54.177],[-9.697,-54.1],[-9.046,-54.019],[-8.534,-53.843],[-8.027,-53.664],[-7.523,-53.484],[-7.015,-53.209],[-6.513,-52.933]]}},{"type":"Feature","properties":{"boundary_type":"subduction","feature_type":"gpml:SubductionZone","polarity":"Right","overriding_plate_id":28900,"subducting_plate_id":802,"plate_ids":[802,28900],"name":"South America trench taken from COB file and RUM"},"geometry":{"type":"LineString","coordinates":[[-31.47,-55.296],[-31.481,-55.291],[-31.657,-55.189],[-32.126,-54.947],[-32.435,-54.761],[-32.741,-54.575],[-33.094,-54.352],[-33.416,-53.991],[-33.453,-53.927],[-33.601,-53.56],[-33.675,-53.257]]}},{"type":"Feature","properties":{"boundary_type":"transform","feature_type":"gpml:Transform","polarity":null,"overriding_plate_id":null,"subducting_plate_id":null,"plate_ids":[101,714],"name":"South Iberia 131Ma geom 304"},"geometry":{"type":"LineString","coordinates":[[8.678,30.551],[8.96,30.263],[9.241,29.974],[9.52,29.685]]}},{"type":"Feature","properties":{"boundary_type":"transform","feature_type":"gpml:Transform","polarity":null,"overriding_plate_id":null,"subducting_plate_id":null,"plate_ids":[714],"name":"South Iberia 131Ma geom 304"},"geometry":{"type":"LineString","coordinates":[[9.52,29.685],[9.837,29.353],[10.153,29.021],[10.466,28.688],[10.777,28.354],[11.086,28.02],[11.394,27.685],[11.699,27.349],[12.194,27.157],[12.688,26.962],[13.18,26.766],[13.67,26.569],[14.158,26.369],[14.645,26.168],[15.13,25.966],[15.614,25.762],[16.095,25.556],[16.575,25.348],[17.054,25.14],[17.531,24.929],[18.039,24.776],[18.546,24.622],[19.051,24.466],[19.555,24.308],[20.058,24.149],[20.582,24.21],[21.105,24.27],[21.63,24.328],[21.955,24.239],[22.281,24.15]]}},{"type":"Feature","properties":{"boundary_type":"other","feature_type":"gpml:ExtendedContinentalCrust","polarity":null,"overriding_plate_id":null,"subducting_plate_id":null,"plate_ids":[714,715],"name":"North African Basins, Eastern Boundary"},"geometry":{"type":"LineString","coordinates":[[14.701,-5.706],[14.794,-5.324],[14.887,-4.942],[14.98,-4.56],[15.073,-4.178],[15.407,-4.094],[15.742,-4.011],[16.077,-3.927],[16.382,-3.788],[16.687,-3.649],[16.992,-3.51],[17.278,-3.283],[17.564,-3.057],[17.667,-2.739],[17.771,-2.421],[17.875,-2.103],[17.892,-1.688],[17.909,-1.274],[17.925,-0.86],[17.928,-0.488],[17.93,-0.116],[17.932,0.255],[17.967,0.733],[18.002,1.21],[18.036,1.687],[18.295,2.059],[18.553,2.432],[18.505,2.725],[18.457,3.019],[18.554,3.406],[18.652,3.794],[18.75,4.181],[18.79,4.61],[18.829,5.039],[18.869,5.468],[19.321,5.49],[19.774,5.511],[20.226,5.532],[20.597,5.37],[20.967,5.207],[21.338,5.044],[21.723,5.045],[22.109,5.046],[22.495,5.046],[22.881,5.046],[23.358,4.896],[23.836,4.744],[24.272,4.519],[24.707,4.294],[25.143,4.068],[25.578,3.843],[25.968,3.858],[26.357,3.874],[26.747,3.89],[27.137,3.905],[27.508,3.752],[27.878,3.599],[28.328,3.618],[28.778,3.638],[29.228,3.657],[29.462,4.03],[29.696,4.404],[29.93,4.777],[30.165,5.15],[30.4,5.523],[30.25,5.852],[30.1,6.18],[29.949,6.509],[29.927,6.938],[29.904,7.367],[29.881,7.797],[30.107,8.177],[30.333,8.556],[30.559,8.936],[30.786,9.315],[31.014,9.695],[31.396,9.939],[31.779,10.183],[32.163,10.427]]}},{"type":"Feature","properties":{"boundary_type":"transform","feature_type":"gpml:Transform","polarity":null,"overriding_plate_id":null,"subducting_plate_id":null,"plate_ids":[714],"name":"NWA-NEA Transform"},"geometry":{"type":"LineString","coordinates":[[27.652,23.856],[27.77,23.732],[27.979,23.288],[28.187,22.843],[28.404,22.487],[28.619,22.131],[28.833,21.775],[29.046,21.418],[29.277,21.048],[29.507,20.678],[29.736,20.307],[29.964,19.936],[30.191,19.565],[30.416,19.194],[30.625,18.762],[30.833,18.331],[31.04,17.899],[31.245,17.467],[31.45,17.035],[31.654,16.603],[31.837,16.152],[32.019,15.701],[32.2,15.249],[32.38,14.798],[32.56,14.346],[32.739,13.895],[32.918,13.443],[32.959,12.975],[33.001,12.507],[33.042,12.04],[33.084,11.572],[33.125,11.104],[33.166,10.636],[33.207,10.169],[33.248,9.701],[33.288,9.233]]}},{"type":"Feature","properties":{"boundary_type":"other","feature_type":"gpml:ExtendedContinentalCrust","polarity":null,"overriding_plate_id":null,"subducting_plate_id":null,"plate_ids":[701,715],"name":"Central African Rifts, Southern Boundary"},"geometry":{"type":"LineString","coordinates":[[19.529,-9.961],[20.014,-10.08],[20.5,-10.197],[20.986,-10.314],[21.473,-10.43],[21.949,-10.475],[22.426,-10.519],[22.902,-10.562],[23.379,-10.605],[23.856,-10.647],[24.236,-10.851],[24.617,-11.056],[24.998,-11.259],[25.379,-11.463],[25.575,-11.875],[25.772,-12.286],[25.969,-12.698],[26.166,-13.11],[26.365,-13.521],[26.564,-13.932],[26.764,-14.343],[26.964,-14.754],[26.971,-15.101],[26.978,-15.447],[27.216,-15.696],[27.454,-15.945],[27.692,-16.193],[27.579,-16.641],[27.466,-17.088],[27.703,-17.497],[27.941,-17.906],[28.18,-18.315],[28.421,-18.723],[28.764,-18.959],[29.108,-19.195],[29.453,-19.429],[29.799,-19.663],[30.146,-19.897],[30.505,-20.165],[30.865,-20.432],[31.226,-20.698],[31.588,-20.964],[31.952,-21.228],[32.317,-21.492],[32.748,-21.493],[33.178,-21.492],[33.609,-21.491],[34.039,-21.488],[34.464,-21.253],[34.888,-21.017],[35.311,-20.78],[35.732,-20.542],[36.151,-20.303],[36.57,-20.064],[36.97,-19.916],[37.369,-19.768],[37.767,-19.62],[38.165,-19.47],[38.598,-19.316],[39.031,-19.161],[39.463,-19.005],[39.976,-19.047],[40.489,-19.087],[41.003,-19.126],[41.517,-19.164],[42.031,-19.2],[42.503,-19.258],[42.975,-19.315],[43.448,-19.37],[43.92,-19.425],[44.394,-19.478],[44.867,-19.53],[45.345,-19.563],[45.823,-19.595],[46.301,-19.626],[46.779,-19.655],[47.258,-19.684],[47.736,-19.711],[48.192,-19.705],[48.648,-19.698],[49.104,-19.69],[49.559,-19.681],[50.015,-19.671],[50.471,-19.659],[50.941,-19.681],[51.411,-19.702],[51.881,-19.722],[52.352,-19.74],[52.822,-19.757],[53.293,-19.773],[53.763,-19.788],[54.291,-19.797],[54.818,-19.805],[55.346,-19.811],[55.873,-19.815],[56.401,-19.818],[56.928,-19.819],[57.456,-19.819],[57.967,-19.867],[58.479,-19.914],[58.991,-19.96],[59.485,-19.997],[59.98,-20.033],[60.475,-20.067],[60.97,-20.1],[61.465,-20.132]]}},{"type":"Feature","properties":{"boundary_type":"ridge","feature_type":"gpml:MidOceanRidge","polarity":null,"overriding_plate_id":null,"subducting_plate_id":null,"plate_ids":[528,529],"name":"Kohistan back-arc MOR"},"geometry":{"type":"LineString","coordinates":[[84.631,12.68],[84.994,12.476],[85.469,12.325],[85.943,12.173],[86.417,12.019],[86.891,11.866],[87.364,11.711],[87.837,11.555],[88.308,11.399],[88.78,11.242],[89.251,11.085],[89.721,10.926],[90.191,10.767],[90.127,10.416],[90.064,10.066],[90.0,9.715],[90.48,9.599],[90.96,9.482],[91.439,9.365],[91.918,9.247],[92.397,9.128],[92.875,9.009],[92.815,8.621],[92.755,8.233],[92.695,7.846],[93.097,7.771],[93.5,7.696],[93.902,7.621],[94.304,7.545],[94.24,7.133],[94.177,6.72],[94.614,6.631],[95.051,6.541],[95.488,6.45],[95.924,6.36],[95.869,6.033],[95.814,5.706],[96.27,5.626],[96.725,5.544],[97.181,5.463],[97.636,5.381],[98.091,5.299],[98.546,5.216],[99.001,5.133],[99.456,5.05],[99.911,4.967],[100.366,4.883],[100.82,4.799],[101.274,4.714],[101.502,4.682]]}},{"type":"Feature","properties":{"boundary_type":"ridge","feature_type":"gpml:MidOceanRidge","polarity":null,"overriding_plate_id":null,"subducting_plate_id":null,"plate_ids":[528,529],"name":"Kohistan back-arc MOR"},"geometry":{"type":"LineString","coordinates":[[101.502,4.682],[101.652,5.052],[101.803,5.421],[102.274,5.323],[102.745,5.225],[103.216,5.126],[103.686,5.027],[104.157,4.927],[104.627,4.827],[105.098,4.727],[105.568,4.626],[106.038,4.526],[106.508,4.424],[106.614,4.911],[106.72,5.397],[107.188,5.288],[107.656,5.179],[108.124,5.07],[108.591,4.96],[109.059,4.85],[109.526,4.74],[109.927,4.667],[110.328,4.594],[110.729,4.521],[111.13,4.447],[111.531,4.373]]}},{"type":"Feature","properties":{"boundary_type":"other","feature_type":"gpml:TerraneBoundary","polarity":null,"overriding_plate_id":null,"subducting_plate_id":null,"plate_ids":[701,715],"name":"Northeast Africa-South Africa"},"geometry":{"type":"LineString","coordinates":[[19.529,-9.961],[19.463,-9.841],[19.217,-9.728],[18.972,-9.616],[18.698,-9.548],[18.425,-9.481],[17.963,-9.362],[17.5,-9.243],[17.181,-9.114],[16.861,-8.984],[16.542,-8.854],[16.303,-8.678],[16.065,-8.502],[15.939,-8.41]]}},{"type":"Feature","properties":{"boundary_type":"other","feature_type":"gpml:UnclassifiedFeature","polarity":null,"overriding_plate_id":null,"subducting_plate_id":null,"plate_ids":[301,304],"name":""},"geometry":{"type":"LineString","coordinates":[[15.932,34.586],[16.269,34.307],[16.603,34.028],[16.803,33.771],[16.966,33.39],[17.255,33.154],[17.666,33.013],[17.994,33.0],[18.373,32.833],[18.56,32.75],[18.75,32.665],[19.208,32.591],[19.428,32.555],[19.72,32.449],[19.921,32.376],[20.265,32.247],[20.555,32.136],[20.899,31.988],[21.241,31.839],[21.585,31.713],[21.928,31.587],[22.29,31.328],[22.65,31.069],[22.97,30.678],[23.288,30.285],[23.657,30.036],[24.024,29.786],[24.357,29.514]]}},{"type":"Feature","properties":{"boundary_type":"other","feature_type":"gpml:UnclassifiedFeature","polarity":null,"overriding_plate_id":null,"subducting_plate_id":null,"plate_ids":[301,304],"name":"Boundary_Deform_BoB"},"geometry":{"type":"LineString","coordinates":[[25.818,30.77],[25.424,30.45],[25.033,30.13],[24.644,29.808],[24.357,29.514]]}},{"type":"Feature","properties":{"boundary_type":"subduction","feature_type":"gpml:SubductionZone","polarity":"Right","overriding_plate_id":801,"subducting_plate_id":919,"plate_ids":[801,919],"name":"East Gondwana active margin"},"geometry":{"type":"LineString","coordinates":[[157.436,-55.752],[157.797,-56.026],[158.163,-56.298],[158.442,-56.662],[158.727,-57.026],[158.758,-57.467],[158.79,-57.909],[158.504,-58.117],[158.214,-58.325],[157.787,-58.619],[157.353,-58.912],[156.911,-59.204],[157.247,-59.527],[157.589,-59.849],[157.38,-60.232],[157.167,-60.615],[157.552,-61.04],[158.113,-61.321],[158.684,-61.6],[159.303,-61.989],[159.938,-62.376],[160.589,-62.76],[161.257,-63.141],[161.943,-63.518],[162.191,-63.94],[162.447,-64.361],[162.418,-64.74],[162.387,-65.118],[162.356,-65.497],[162.581,-65.827],[162.811,-66.156],[163.047,-66.485],[163.292,-66.869],[163.545,-67.253],[163.983,-67.622],[164.435,-67.99],[164.909,-68.377],[165.401,-68.762],[165.889,-69.028],[166.39,-69.293],[166.596,-69.557],[166.807,-69.82],[166.521,-70.099],[166.406,-70.313],[166.01,-70.577],[165.65,-70.882],[165.279,-71.186],[164.515,-71.576],[163.719,-71.964],[163.224,-72.303],[162.71,-72.64],[162.22,-73.034],[161.707,-73.427],[161.146,-73.837],[160.049,-74.039],[158.926,-74.236],[157.775,-74.427],[157.814,-74.705],[157.793,-75.066],[157.771,-75.427],[158.427,-75.762],[159.114,-76.096],[159.043,-76.51],[158.636,-76.891],[158.205,-77.272],[158.018,-77.571],[157.821,-77.869],[158.07,-78.287],[158.047,-78.629],[158.022,-78.971],[159.753,-79.322],[161.599,-79.662],[162.696,-79.833],[163.829,-80.001],[165.179,-80.129],[166.563,-80.251],[168.372,-80.441],[170.252,-80.62],[170.756,-80.731],[172.842,-80.646],[174.887,-80.549],[177.778,-80.679],[-179.257,-80.784],[-177.085,-80.874],[-174.872,-80.952],[-173.164,-81.03],[-171.428,-81.099]]}},{"type":"Feature","properties":{"boundary_type":"subduction","feature_type":"gpml:SubductionZone","polarity":"Right","overriding_plate_id":806,"subducting_plate_id":919,"plate_ids":[806,919],"name":"East Gondwana active margin"},"geometry":{"type":"LineString","coordinates":[[-171.428,-81.099],[-170.674,-81.127],[-168.721,-81.308],[-166.688,-81.479],[-165.457,-81.659],[-164.174,-81.835],[-162.142,-82.035],[-160.009,-82.224],[-157.773,-82.402],[-154.493,-82.497],[-151.142,-82.566],[-148.371,-82.551],[-145.618,-82.518],[-142.894,-82.469],[-139.323,-82.501],[-135.735,-82.503]]}},{"type":"Feature","properties":{"boundary_type":"ridge","feature_type":"gpml:MidOceanRidge","polarity":null,"overriding_plate_id":null,"subducting_plate_id":null,"plate_ids":[201,701],"name":"SAM MOR and boundary"},"geometry":{"type":"LineString","coordinates":[[7.958,-4.803],[7.888,-5.289],[7.818,-5.776],[7.748,-6.262],[7.871,-6.619],[7.994,-6.976],[8.117,-7.332],[8.241,-7.689],[8.206,-8.167],[8.172,-8.646],[8.028,-8.975],[7.884,-9.304],[7.74,-9.633],[7.408,-9.925],[7.075,-10.217],[6.742,-10.509],[6.408,-10.8],[6.073,-11.091],[5.738,-11.381],[5.503,-11.73],[5.267,-12.078],[5.031,-12.426],[4.794,-12.774],[4.556,-13.122],[4.329,-13.442],[4.1,-13.762],[3.871,-14.082],[3.642,-14.402],[3.677,-14.88],[3.713,-15.358],[3.748,-15.837],[3.752,-16.266],[3.755,-16.696],[3.758,-17.126],[3.761,-17.556],[3.658,-17.95],[3.554,-18.343],[3.45,-18.735],[3.345,-19.128],[3.24,-19.521],[3.101,-19.908],[2.963,-20.295],[2.823,-20.682],[2.683,-21.068],[2.572,-21.461],[2.461,-21.854],[2.348,-22.247],[2.235,-22.64],[2.122,-23.033],[1.791,-23.381],[1.458,-23.729],[1.123,-24.076],[0.786,-24.422],[0.448,-24.768],[0.067,-25.042],[-0.316,-25.315],[-0.701,-25.588],[-1.087,-25.859],[-1.475,-26.129],[-1.865,-26.399],[-2.257,-26.667],[-2.65,-26.934],[-2.944,-27.321],[-3.24,-27.708],[-3.539,-28.094],[-3.839,-28.48],[-4.149,-28.844],[-4.462,-29.208],[-4.777,-29.571],[-5.094,-29.933],[-5.413,-30.295],[-5.735,-30.656],[-6.059,-31.016],[-6.385,-31.375],[-6.714,-31.733],[-6.917,-32.161],[-7.121,-32.587],[-7.328,-33.014],[-7.536,-33.44],[-7.747,-33.866],[-7.959,-34.291],[-8.174,-34.716],[-8.391,-35.141],[-8.61,-35.565],[-8.832,-35.989],[-9.086,-36.35],[-9.343,-36.71],[-9.602,-37.069],[-9.864,-37.428],[-10.128,-37.787],[-10.408,-38.15],[-10.468,-38.638],[-10.529,-39.126],[-10.592,-39.615],[-10.654,-40.103],[-10.718,-40.591],[-10.783,-41.079],[-10.849,-41.568],[-10.916,-42.056],[-10.984,-42.544],[-11.052,-43.032],[-11.13,-43.506],[-11.208,-43.981],[-11.288,-44.455],[-11.369,-44.93],[-11.451,-45.404],[-11.535,-45.879],[-11.62,-46.353],[-11.661,-46.75],[-11.702,-47.147],[-11.745,-47.544]]}},{"type":"Feature","properties":{"boundary_type":"ridge","feature_type":"gpml:MidOceanRidge","polarity":null,"overriding_plate_id":null,"subducting_plate_id":null,"plate_ids":[801,53401],"name":"MOR NeoTethys-E Gondwana"},"geometry":{"type":"LineString","coordinates":[[115.419,-34.708],[115.372,-34.214],[115.3,-33.722],[115.229,-33.23],[115.159,-32.738],[115.09,-32.246],[115.021,-31.754],[114.954,-31.261],[114.887,-30.769],[114.82,-30.277],[114.754,-29.784],[114.689,-29.292],[114.625,-28.8],[114.561,-28.307],[114.498,-27.815],[114.435,-27.322],[114.373,-26.83],[114.784,-26.798],[115.196,-26.766],[115.606,-26.731],[115.675,-27.083],[115.745,-27.435],[116.195,-27.408],[116.645,-27.379],[117.095,-27.348],[117.21,-27.791],[117.326,-28.234],[117.857,-28.207],[118.388,-28.179],[118.919,-28.149],[119.45,-28.116],[119.98,-28.082],[120.51,-28.046],[121.039,-28.007],[121.568,-27.967],[122.097,-27.924],[122.638,-28.021],[123.181,-28.115],[123.725,-28.207],[124.269,-28.297],[124.814,-28.385],[125.361,-28.471],[125.908,-28.554]]}},{"type":"Feature","properties":{"boundary_type":"subduction","feature_type":"gpml:SubductionZone","polarity":"Left","overriding_plate_id":301,"subducting_plate_id":926,"plate_ids":[301,926],"name":"Okinawa Trough (Ryuku) from EarthByte cob MG 4-20-07"},"geometry":{"type":"LineString","coordinates":[[151.051,34.777],[151.383,34.988],[151.645,35.284],[151.909,35.58],[152.176,35.875],[152.361,36.305],[152.548,36.734],[152.737,37.163],[152.928,37.591],[153.121,38.019],[153.263,38.409],[153.407,38.799],[153.553,39.189],[153.699,39.579],[153.766,39.933],[153.833,40.288],[153.857,40.729],[153.882,41.17],[153.824,41.607],[153.766,42.043],[153.815,42.431],[153.865,42.818]]}},{"type":"Feature","properties":{"boundary_type":"subduction","feature_type":"gpml:SubductionZone","polarity":"Right","overriding_plate_id":715,"subducting_plate_id":301,"plate_ids":[301,715],"name":"Alpine Subduction"},"geometry":{"type":"LineString","coordinates":[[30.003,29.603],[30.328,29.348],[30.652,29.091],[30.929,28.699],[31.204,28.306],[31.478,27.913],[31.749,27.519],[32.018,27.124],[32.286,26.729],[32.804,26.915],[33.323,27.099],[33.844,27.282],[34.367,27.462],[34.892,27.43],[35.416,27.396],[35.939,27.36],[36.463,27.322],[36.986,27.282],[37.508,27.24],[38.03,27.196],[38.386,27.305],[38.742,27.413],[39.098,27.521],[39.567,27.765],[40.039,28.007],[40.512,28.247],[40.988,28.486],[41.466,28.723],[41.946,28.959],[42.428,29.192],[42.912,29.424],[43.399,29.655]]}},{"type":"Feature","properties":{"boundary_type":"subduction","feature_type":"gpml:SubductionZone","polarity":"Left","overriding_plate_id":304,"subducting_plate_id":714,"plate_ids":[304,714],"name":"Sub. East Ligurian Ocean"},"geometry":{"type":"LineString","coordinates":[[22.281,24.15],[22.823,24.18],[23.365,24.208],[23.907,24.234],[24.449,24.258],[24.992,24.28],[25.495,24.332],[25.998,24.382],[26.413,24.252],[26.826,24.121],[27.24,23.989],[27.652,23.856]]}},{"type":"Feature","properties":{"boundary_type":"subduction","feature_type":"gpml:SubductionZone","polarity":"Left","overriding_plate_id":304,"subducting_plate_id":715,"plate_ids":[304,715],"name":"Sub. East Ligurian Ocean"},"geometry":{"type":"LineString","coordinates":[[27.652,23.856],[27.988,23.746],[28.225,24.193],[28.463,24.64],[28.703,25.087],[28.946,25.533],[29.188,25.971],[29.432,26.409],[29.678,26.847],[29.926,27.284],[29.941,27.748],[29.956,28.212],[29.972,28.675],[29.987,29.139],[30.003,29.603]]}},{"type":"Feature","properties":{"boundary_type":"subduction","feature_type":"gpml:SubductionZone","polarity":"Left","overriding_plate_id":304,"subducting_plate_id":301,"plate_ids":[301,304],"name":"Sub. East Ligurian Ocean"},"geometry":{"type":"LineString","coordinates":[[30.003,29.603],[30.019,30.07]]}},{"type":"Feature","properties":{"boundary_type":"subduction","feature_type":"gpml:SubductionZone","polarity":"Left","overriding_plate_id":null,"subducting_plate_id":null,"plate_ids":[715],"name":"Vardar Sea Subduction"},"geometry":{"type":"LineString","coordinates":[[43.399,29.655],[43.091,29.272],[42.785,28.888],[42.482,28.503],[42.181,28.118],[41.882,27.732],[41.585,27.346],[41.299,27.013],[41.013,26.68],[40.73,26.346],[40.448,26.012],[40.408,25.55],[40.368,25.088],[40.328,24.626],[40.289,24.164],[40.335,23.718],[40.381,23.271],[40.426,22.825],[40.471,22.379],[40.519,21.969],[40.566,21.559],[40.613,21.15],[40.66,20.74],[40.783,20.262],[40.906,19.784],[41.028,19.306],[41.153,18.901],[41.278,18.496],[41.403,18.091],[41.526,17.686],[41.65,17.281],[41.772,16.875],[42.135,16.584],[42.496,16.292],[42.857,15.999],[43.216,15.705],[43.64,15.449],[44.063,15.192],[44.484,14.935],[44.905,14.676],[45.302,14.411],[45.698,14.145],[46.092,13.878],[46.486,13.61],[46.879,13.342],[47.271,13.074],[47.662,12.804],[48.053,12.535]]}},{"type":"Feature","properties":{"boundary_type":"transform","feature_type":"gpml:Transform","polarity":null,"overriding_plate_id":null,"subducting_plate_id":null,"plate_ids":[304],"name":"South Iberia"},"geometry":{"type":"LineString","coordinates":[[9.52,29.685],[9.837,29.353],[10.153,29.021],[10.466,28.688],[10.777,28.354],[11.086,28.02],[11.394,27.685],[11.699,27.349],[12.194,27.157],[12.688,26.962],[13.18,26.766],[13.67,26.569],[14.158,26.369],[14.645,26.168],[15.13,25.966],[15.614,25.762],[16.095,25.556],[16.575,25.348],[17.054,25.14],[17.531,24.929],[18.039,24.776],[18.546,24.622],[19.051,24.466],[19.555,24.308],[20.058,24.149],[20.582,24.21],[21.105,24.27],[21.63,24.328],[21.955,24.239],[22.281,24.15]]}},{"type":"Feature","properties":{"boundary_type":"transform","feature_type":"gpml:Transform","polarity":null,"overriding_plate_id":null,"subducting_plate_id":null,"plate_ids":[715],"name":"NWA-NEA Transform"},"geometry":{"type":"LineString","coordinates":[[27.652,23.856],[27.77,23.732],[27.979,23.288],[28.187,22.843],[28.404,22.487],[28.619,22.131],[28.833,21.775],[29.046,21.418],[29.277,21.048],[29.507,20.678],[29.736,20.307],[29.964,19.936],[30.191,19.565],[30.416,19.194],[30.625,18.762],[30.833,18.331],[31.04,17.899],[31.245,17.467],[31.45,17.035],[31.654,16.603],[31.837,16.152],[32.019,15.701],[32.2,15.249],[32.38,14.798],[32.56,14.346],[32.739,13.895],[32.918,13.443],[32.959,12.975],[33.001,12.507],[33.042,12.04],[33.084,11.572],[33.125,11.104],[33.166,10.636],[33.207,10.169],[33.248,9.701],[33.288,9.233]]}},{"type":"Feature","properties":{"boundary_type":"other","feature_type":"gpml:Fault","polarity":null,"overriding_plate_id":null,"subducting_plate_id":null,"plate_ids":[101,301],"name":"North Pyrenean Fault"},"geometry":{"type":"LineString","coordinates":[[9.388,39.536],[9.424,39.522],[9.961,39.276],[10.495,39.027],[11.024,38.776],[11.55,38.522],[12.072,38.266],[12.591,38.008],[13.105,37.748],[13.617,37.485],[14.124,37.22],[14.628,36.953],[15.129,36.684],[15.626,36.413],[16.119,36.139],[16.609,35.864],[17.096,35.587]]}},{"type":"Feature","properties":{"boundary_type":"other","feature_type":"gpml:Fault","polarity":null,"overriding_plate_id":null,"subducting_plate_id":null,"plate_ids":[301,304],"name":"North Pyrenean Fault"},"geometry":{"type":"LineString","coordinates":[[25.818,30.77],[26.175,30.631],[26.531,30.492],[27.089,30.431],[27.647,30.368],[28.204,30.303],[28.761,30.235],[29.317,30.165],[29.871,30.092],[30.019,30.07]]}}]}